legacy_ocms_code,synthetic_project_code,surviving_project_code,reviewed_by,rationale
N18000337,ocms:N18000337,400005,,ocms:N18000337 was minted by the truncated-read run of load-mospi-historical; 400005 is the MoSPI project_code that already carried legacy_ocms_code N18000337
N22000514,ocms:N22000514,400019,,ocms:N22000514 was minted by the truncated-read run of load-mospi-historical; 400019 is the MoSPI project_code that already carried legacy_ocms_code N22000514
N22000558,ocms:N22000558,400023,,ocms:N22000558 was minted by the truncated-read run of load-mospi-historical; 400023 is the MoSPI project_code that already carried legacy_ocms_code N22000558
N06000254,ocms:N06000254,400033,,ocms:N06000254 was minted by the truncated-read run of load-mospi-historical; 400033 is the MoSPI project_code that already carried legacy_ocms_code N06000254
N16000213,ocms:N16000213,400119,,ocms:N16000213 was minted by the truncated-read run of load-mospi-historical; 400119 is the MoSPI project_code that already carried legacy_ocms_code N16000213
N16000247,ocms:N16000247,400120,,ocms:N16000247 was minted by the truncated-read run of load-mospi-historical; 400120 is the MoSPI project_code that already carried legacy_ocms_code N16000247
N06000237,ocms:N06000237,400139,,ocms:N06000237 was minted by the truncated-read run of load-mospi-historical; 400139 is the MoSPI project_code that already carried legacy_ocms_code N06000237
N10000010,ocms:N10000010,400141,,ocms:N10000010 was minted by the truncated-read run of load-mospi-historical; 400141 is the MoSPI project_code that already carried legacy_ocms_code N10000010
N06000193,ocms:N06000193,400142,,ocms:N06000193 was minted by the truncated-read run of load-mospi-historical; 400142 is the MoSPI project_code that already carried legacy_ocms_code N06000193
N06000197,ocms:N06000197,400149,,ocms:N06000197 was minted by the truncated-read run of load-mospi-historical; 400149 is the MoSPI project_code that already carried legacy_ocms_code N06000197
N06000216,ocms:N06000216,400150,,ocms:N06000216 was minted by the truncated-read run of load-mospi-historical; 400150 is the MoSPI project_code that already carried legacy_ocms_code N06000216
N06000218,ocms:N06000218,400151,,ocms:N06000218 was minted by the truncated-read run of load-mospi-historical; 400151 is the MoSPI project_code that already carried legacy_ocms_code N06000218
N06000243,ocms:N06000243,400153,,ocms:N06000243 was minted by the truncated-read run of load-mospi-historical; 400153 is the MoSPI project_code that already carried legacy_ocms_code N06000243
N06000242,ocms:N06000242,400154,,ocms:N06000242 was minted by the truncated-read run of load-mospi-historical; 400154 is the MoSPI project_code that already carried legacy_ocms_code N06000242
N06000247,ocms:N06000247,400155,,ocms:N06000247 was minted by the truncated-read run of load-mospi-historical; 400155 is the MoSPI project_code that already carried legacy_ocms_code N06000247
N06000217,ocms:N06000217,400156,,ocms:N06000217 was minted by the truncated-read run of load-mospi-historical; 400156 is the MoSPI project_code that already carried legacy_ocms_code N06000217
N06000087,ocms:N06000087,400160,,ocms:N06000087 was minted by the truncated-read run of load-mospi-historical; 400160 is the MoSPI project_code that already carried legacy_ocms_code N06000087
N06000113,ocms:N06000113,400166,,ocms:N06000113 was minted by the truncated-read run of load-mospi-historical; 400166 is the MoSPI project_code that already carried legacy_ocms_code N06000113
N16000279,ocms:N16000279,400167,,ocms:N16000279 was minted by the truncated-read run of load-mospi-historical; 400167 is the MoSPI project_code that already carried legacy_ocms_code N16000279
N16000402,ocms:N16000402,400171,,ocms:N16000402 was minted by the truncated-read run of load-mospi-historical; 400171 is the MoSPI project_code that already carried legacy_ocms_code N16000402
N06000169,ocms:N06000169,400172,,ocms:N06000169 was minted by the truncated-read run of load-mospi-historical; 400172 is the MoSPI project_code that already carried legacy_ocms_code N06000169
N12000095,ocms:N12000095,400174,,ocms:N12000095 was minted by the truncated-read run of load-mospi-historical; 400174 is the MoSPI project_code that already carried legacy_ocms_code N12000095
N06000132,ocms:N06000132,400177,,ocms:N06000132 was minted by the truncated-read run of load-mospi-historical; 400177 is the MoSPI project_code that already carried legacy_ocms_code N06000132
N06000222,ocms:N06000222,400178,,ocms:N06000222 was minted by the truncated-read run of load-mospi-historical; 400178 is the MoSPI project_code that already carried legacy_ocms_code N06000222
N06000170,ocms:N06000170,400181,,ocms:N06000170 was minted by the truncated-read run of load-mospi-historical; 400181 is the MoSPI project_code that already carried legacy_ocms_code N06000170
N06000165,ocms:N06000165,400182,,ocms:N06000165 was minted by the truncated-read run of load-mospi-historical; 400182 is the MoSPI project_code that already carried legacy_ocms_code N06000165
N22000569,ocms:N22000569,400204,,ocms:N22000569 was minted by the truncated-read run of load-mospi-historical; 400204 is the MoSPI project_code that already carried legacy_ocms_code N22000569
N22000565,ocms:N22000565,400205,,ocms:N22000565 was minted by the truncated-read run of load-mospi-historical; 400205 is the MoSPI project_code that already carried legacy_ocms_code N22000565
N22000626,ocms:N22000626,400223,,ocms:N22000626 was minted by the truncated-read run of load-mospi-historical; 400223 is the MoSPI project_code that already carried legacy_ocms_code N22000626
N06000152,ocms:N06000152,400259,,ocms:N06000152 was minted by the truncated-read run of load-mospi-historical; 400259 is the MoSPI project_code that already carried legacy_ocms_code N06000152
N22000231,ocms:N22000231,400271,,ocms:N22000231 was minted by the truncated-read run of load-mospi-historical; 400271 is the MoSPI project_code that already carried legacy_ocms_code N22000231
220100272,ocms:220100272,400273,,ocms:220100272 was minted by the truncated-read run of load-mospi-historical; 400273 is the MoSPI project_code that already carried legacy_ocms_code 220100272
N22000085,ocms:N22000085,400275,,ocms:N22000085 was minted by the truncated-read run of load-mospi-historical; 400275 is the MoSPI project_code that already carried legacy_ocms_code N22000085
N22000110,ocms:N22000110,400277,,ocms:N22000110 was minted by the truncated-read run of load-mospi-historical; 400277 is the MoSPI project_code that already carried legacy_ocms_code N22000110
N22000028,ocms:N22000028,400280,,ocms:N22000028 was minted by the truncated-read run of load-mospi-historical; 400280 is the MoSPI project_code that already carried legacy_ocms_code N22000028
N22000318,ocms:N22000318,400291,,ocms:N22000318 was minted by the truncated-read run of load-mospi-historical; 400291 is the MoSPI project_code that already carried legacy_ocms_code N22000318
N22000286,ocms:N22000286,400298,,ocms:N22000286 was minted by the truncated-read run of load-mospi-historical; 400298 is the MoSPI project_code that already carried legacy_ocms_code N22000286
N16000234,ocms:N16000234,400301,,ocms:N16000234 was minted by the truncated-read run of load-mospi-historical; 400301 is the MoSPI project_code that already carried legacy_ocms_code N16000234
N06000240,ocms:N06000240,400352,,ocms:N06000240 was minted by the truncated-read run of load-mospi-historical; 400352 is the MoSPI project_code that already carried legacy_ocms_code N06000240
N06000171,ocms:N06000171,400392,,ocms:N06000171 was minted by the truncated-read run of load-mospi-historical; 400392 is the MoSPI project_code that already carried legacy_ocms_code N06000171
N06000098,ocms:N06000098,400425,,ocms:N06000098 was minted by the truncated-read run of load-mospi-historical; 400425 is the MoSPI project_code that already carried legacy_ocms_code N06000098
180100221,ocms:180100221,602096,,ocms:180100221 was minted by the truncated-read run of load-mospi-historical; 602096 is the MoSPI project_code that already carried legacy_ocms_code 180100221
N42000008,ocms:N42000008,602099,,ocms:N42000008 was minted by the truncated-read run of load-mospi-historical; 602099 is the MoSPI project_code that already carried legacy_ocms_code N42000008
N18000325,ocms:N18000325,602181,,ocms:N18000325 was minted by the truncated-read run of load-mospi-historical; 602181 is the MoSPI project_code that already carried legacy_ocms_code N18000325
N18000014,ocms:N18000014,602185,,ocms:N18000014 was minted by the truncated-read run of load-mospi-historical; 602185 is the MoSPI project_code that already carried legacy_ocms_code N18000014
N18000042,ocms:N18000042,602195,,ocms:N18000042 was minted by the truncated-read run of load-mospi-historical; 602195 is the MoSPI project_code that already carried legacy_ocms_code N18000042
N18000249,ocms:N18000249,602223,,ocms:N18000249 was minted by the truncated-read run of load-mospi-historical; 602223 is the MoSPI project_code that already carried legacy_ocms_code N18000249
N18000172,ocms:N18000172,602525,,ocms:N18000172 was minted by the truncated-read run of load-mospi-historical; 602525 is the MoSPI project_code that already carried legacy_ocms_code N18000172
N18000194,ocms:N18000194,602579,,ocms:N18000194 was minted by the truncated-read run of load-mospi-historical; 602579 is the MoSPI project_code that already carried legacy_ocms_code N18000194
N18000279,ocms:N18000279,602593,,ocms:N18000279 was minted by the truncated-read run of load-mospi-historical; 602593 is the MoSPI project_code that already carried legacy_ocms_code N18000279
N16000506,ocms:N16000506,604852,,ocms:N16000506 was minted by the truncated-read run of load-mospi-historical; 604852 is the MoSPI project_code that already carried legacy_ocms_code N16000506
N16000375,ocms:N16000375,604853,,ocms:N16000375 was minted by the truncated-read run of load-mospi-historical; 604853 is the MoSPI project_code that already carried legacy_ocms_code N16000375
N16000396,ocms:N16000396,604859,,ocms:N16000396 was minted by the truncated-read run of load-mospi-historical; 604859 is the MoSPI project_code that already carried legacy_ocms_code N16000396
N16000331,ocms:N16000331,604863,,ocms:N16000331 was minted by the truncated-read run of load-mospi-historical; 604863 is the MoSPI project_code that already carried legacy_ocms_code N16000331
N18000326,ocms:N18000326,605156,,ocms:N18000326 was minted by the truncated-read run of load-mospi-historical; 605156 is the MoSPI project_code that already carried legacy_ocms_code N18000326
N28000142,ocms:N28000142,605292,,ocms:N28000142 was minted by the truncated-read run of load-mospi-historical; 605292 is the MoSPI project_code that already carried legacy_ocms_code N28000142
N28000140,ocms:N28000140,606431,,ocms:N28000140 was minted by the truncated-read run of load-mospi-historical; 606431 is the MoSPI project_code that already carried legacy_ocms_code N28000140
N16000414,ocms:N16000414,607701,,ocms:N16000414 was minted by the truncated-read run of load-mospi-historical; 607701 is the MoSPI project_code that already carried legacy_ocms_code N16000414
N18000250,ocms:N18000250,607709,,ocms:N18000250 was minted by the truncated-read run of load-mospi-historical; 607709 is the MoSPI project_code that already carried legacy_ocms_code N18000250
N28000146,ocms:N28000146,609019,,ocms:N28000146 was minted by the truncated-read run of load-mospi-historical; 609019 is the MoSPI project_code that already carried legacy_ocms_code N28000146
N28000126,ocms:N28000126,610315,,ocms:N28000126 was minted by the truncated-read run of load-mospi-historical; 610315 is the MoSPI project_code that already carried legacy_ocms_code N28000126
N16000445,ocms:N16000445,610984,,ocms:N16000445 was minted by the truncated-read run of load-mospi-historical; 610984 is the MoSPI project_code that already carried legacy_ocms_code N16000445
N06000195,ocms:N06000195,611016,,ocms:N06000195 was minted by the truncated-read run of load-mospi-historical; 611016 is the MoSPI project_code that already carried legacy_ocms_code N06000195
N06000194,ocms:N06000194,611017,,ocms:N06000194 was minted by the truncated-read run of load-mospi-historical; 611017 is the MoSPI project_code that already carried legacy_ocms_code N06000194
N04000107,ocms:N04000107,611047,,ocms:N04000107 was minted by the truncated-read run of load-mospi-historical; 611047 is the MoSPI project_code that already carried legacy_ocms_code N04000107
N18000378,ocms:N18000378,611735,,ocms:N18000378 was minted by the truncated-read run of load-mospi-historical; 611735 is the MoSPI project_code that already carried legacy_ocms_code N18000378
N16000458,ocms:N16000458,611917,,ocms:N16000458 was minted by the truncated-read run of load-mospi-historical; 611917 is the MoSPI project_code that already carried legacy_ocms_code N16000458
N22000550,ocms:N22000550,611943,,ocms:N22000550 was minted by the truncated-read run of load-mospi-historical; 611943 is the MoSPI project_code that already carried legacy_ocms_code N22000550
N22000538,ocms:N22000538,611945,,ocms:N22000538 was minted by the truncated-read run of load-mospi-historical; 611945 is the MoSPI project_code that already carried legacy_ocms_code N22000538
N18000379,ocms:N18000379,611947,,ocms:N18000379 was minted by the truncated-read run of load-mospi-historical; 611947 is the MoSPI project_code that already carried legacy_ocms_code N18000379
N18000374,ocms:N18000374,611948,,ocms:N18000374 was minted by the truncated-read run of load-mospi-historical; 611948 is the MoSPI project_code that already carried legacy_ocms_code N18000374
N22000540,ocms:N22000540,611970,,ocms:N22000540 was minted by the truncated-read run of load-mospi-historical; 611970 is the MoSPI project_code that already carried legacy_ocms_code N22000540
N22000541,ocms:N22000541,611971,,ocms:N22000541 was minted by the truncated-read run of load-mospi-historical; 611971 is the MoSPI project_code that already carried legacy_ocms_code N22000541
N22000532,ocms:N22000532,612072,,ocms:N22000532 was minted by the truncated-read run of load-mospi-historical; 612072 is the MoSPI project_code that already carried legacy_ocms_code N22000532
N18000385,ocms:N18000385,612140,,ocms:N18000385 was minted by the truncated-read run of load-mospi-historical; 612140 is the MoSPI project_code that already carried legacy_ocms_code N18000385
N04000112,ocms:N04000112,612194,,ocms:N04000112 was minted by the truncated-read run of load-mospi-historical; 612194 is the MoSPI project_code that already carried legacy_ocms_code N04000112
N04000106,ocms:N04000106,612786,,ocms:N04000106 was minted by the truncated-read run of load-mospi-historical; 612786 is the MoSPI project_code that already carried legacy_ocms_code N04000106
N04000108,ocms:N04000108,612787,,ocms:N04000108 was minted by the truncated-read run of load-mospi-historical; 612787 is the MoSPI project_code that already carried legacy_ocms_code N04000108
N04000111,ocms:N04000111,612789,,ocms:N04000111 was minted by the truncated-read run of load-mospi-historical; 612789 is the MoSPI project_code that already carried legacy_ocms_code N04000111
N04000109,ocms:N04000109,612791,,ocms:N04000109 was minted by the truncated-read run of load-mospi-historical; 612791 is the MoSPI project_code that already carried legacy_ocms_code N04000109
N04000110,ocms:N04000110,612793,,ocms:N04000110 was minted by the truncated-read run of load-mospi-historical; 612793 is the MoSPI project_code that already carried legacy_ocms_code N04000110
N06000269,ocms:N06000269,612819,,ocms:N06000269 was minted by the truncated-read run of load-mospi-historical; 612819 is the MoSPI project_code that already carried legacy_ocms_code N06000269
N42000001,ocms:N42000001,612885,,ocms:N42000001 was minted by the truncated-read run of load-mospi-historical; 612885 is the MoSPI project_code that already carried legacy_ocms_code N42000001
N06000123,ocms:N06000123,613798,,ocms:N06000123 was minted by the truncated-read run of load-mospi-historical; 613798 is the MoSPI project_code that already carried legacy_ocms_code N06000123
N06000135,ocms:N06000135,613799,,ocms:N06000135 was minted by the truncated-read run of load-mospi-historical; 613799 is the MoSPI project_code that already carried legacy_ocms_code N06000135
N06000125,ocms:N06000125,613802,,ocms:N06000125 was minted by the truncated-read run of load-mospi-historical; 613802 is the MoSPI project_code that already carried legacy_ocms_code N06000125
N06000250,ocms:N06000250,613804,,ocms:N06000250 was minted by the truncated-read run of load-mospi-historical; 613804 is the MoSPI project_code that already carried legacy_ocms_code N06000250
N06000096,ocms:N06000096,613808,,ocms:N06000096 was minted by the truncated-read run of load-mospi-historical; 613808 is the MoSPI project_code that already carried legacy_ocms_code N06000096
N06000251,ocms:N06000251,615184,,ocms:N06000251 was minted by the truncated-read run of load-mospi-historical; 615184 is the MoSPI project_code that already carried legacy_ocms_code N06000251
N06000257,ocms:N06000257,615185,,ocms:N06000257 was minted by the truncated-read run of load-mospi-historical; 615185 is the MoSPI project_code that already carried legacy_ocms_code N06000257
N06000255,ocms:N06000255,615188,,ocms:N06000255 was minted by the truncated-read run of load-mospi-historical; 615188 is the MoSPI project_code that already carried legacy_ocms_code N06000255
N06000253,ocms:N06000253,615189,,ocms:N06000253 was minted by the truncated-read run of load-mospi-historical; 615189 is the MoSPI project_code that already carried legacy_ocms_code N06000253
N06000252,ocms:N06000252,615190,,ocms:N06000252 was minted by the truncated-read run of load-mospi-historical; 615190 is the MoSPI project_code that already carried legacy_ocms_code N06000252
N06000112,ocms:N06000112,615193,,ocms:N06000112 was minted by the truncated-read run of load-mospi-historical; 615193 is the MoSPI project_code that already carried legacy_ocms_code N06000112
N06000203,ocms:N06000203,615857,,ocms:N06000203 was minted by the truncated-read run of load-mospi-historical; 615857 is the MoSPI project_code that already carried legacy_ocms_code N06000203
N06000213,ocms:N06000213,615858,,ocms:N06000213 was minted by the truncated-read run of load-mospi-historical; 615858 is the MoSPI project_code that already carried legacy_ocms_code N06000213
N06000202,ocms:N06000202,615860,,ocms:N06000202 was minted by the truncated-read run of load-mospi-historical; 615860 is the MoSPI project_code that already carried legacy_ocms_code N06000202
N06000211,ocms:N06000211,615861,,ocms:N06000211 was minted by the truncated-read run of load-mospi-historical; 615861 is the MoSPI project_code that already carried legacy_ocms_code N06000211
N06000204,ocms:N06000204,615863,,ocms:N06000204 was minted by the truncated-read run of load-mospi-historical; 615863 is the MoSPI project_code that already carried legacy_ocms_code N06000204
N06000214,ocms:N06000214,615865,,ocms:N06000214 was minted by the truncated-read run of load-mospi-historical; 615865 is the MoSPI project_code that already carried legacy_ocms_code N06000214
N06000205,ocms:N06000205,615914,,ocms:N06000205 was minted by the truncated-read run of load-mospi-historical; 615914 is the MoSPI project_code that already carried legacy_ocms_code N06000205
N06000256,ocms:N06000256,615918,,ocms:N06000256 was minted by the truncated-read run of load-mospi-historical; 615918 is the MoSPI project_code that already carried legacy_ocms_code N06000256
N06000226,ocms:N06000226,616050,,ocms:N06000226 was minted by the truncated-read run of load-mospi-historical; 616050 is the MoSPI project_code that already carried legacy_ocms_code N06000226
N06000219,ocms:N06000219,616223,,ocms:N06000219 was minted by the truncated-read run of load-mospi-historical; 616223 is the MoSPI project_code that already carried legacy_ocms_code N06000219
N30000027,ocms:N30000027,616600,,ocms:N30000027 was minted by the truncated-read run of load-mospi-historical; 616600 is the MoSPI project_code that already carried legacy_ocms_code N30000027
N30000042,ocms:N30000042,616604,,ocms:N30000042 was minted by the truncated-read run of load-mospi-historical; 616604 is the MoSPI project_code that already carried legacy_ocms_code N30000042
N30000051,ocms:N30000051,616611,,ocms:N30000051 was minted by the truncated-read run of load-mospi-historical; 616611 is the MoSPI project_code that already carried legacy_ocms_code N30000051
N30000050,ocms:N30000050,616612,,ocms:N30000050 was minted by the truncated-read run of load-mospi-historical; 616612 is the MoSPI project_code that already carried legacy_ocms_code N30000050
N30000026,ocms:N30000026,616615,,ocms:N30000026 was minted by the truncated-read run of load-mospi-historical; 616615 is the MoSPI project_code that already carried legacy_ocms_code N30000026
N30000035,ocms:N30000035,616616,,ocms:N30000035 was minted by the truncated-read run of load-mospi-historical; 616616 is the MoSPI project_code that already carried legacy_ocms_code N30000035
N12000129,ocms:N12000129,617253,,ocms:N12000129 was minted by the truncated-read run of load-mospi-historical; 617253 is the MoSPI project_code that already carried legacy_ocms_code N12000129
N12000134,ocms:N12000134,617254,,ocms:N12000134 was minted by the truncated-read run of load-mospi-historical; 617254 is the MoSPI project_code that already carried legacy_ocms_code N12000134
N12000131,ocms:N12000131,617255,,ocms:N12000131 was minted by the truncated-read run of load-mospi-historical; 617255 is the MoSPI project_code that already carried legacy_ocms_code N12000131
N16000275,ocms:N16000275,617302,,ocms:N16000275 was minted by the truncated-read run of load-mospi-historical; 617302 is the MoSPI project_code that already carried legacy_ocms_code N16000275
N24001441,ocms:N24001441,617885,,ocms:N24001441 was minted by the truncated-read run of load-mospi-historical; 617885 is the MoSPI project_code that already carried legacy_ocms_code N24001441
N24001465,ocms:N24001465,617886,,ocms:N24001465 was minted by the truncated-read run of load-mospi-historical; 617886 is the MoSPI project_code that already carried legacy_ocms_code N24001465
N24001411,ocms:N24001411,617887,,ocms:N24001411 was minted by the truncated-read run of load-mospi-historical; 617887 is the MoSPI project_code that already carried legacy_ocms_code N24001411
N24001866,ocms:N24001866,617891,,ocms:N24001866 was minted by the truncated-read run of load-mospi-historical; 617891 is the MoSPI project_code that already carried legacy_ocms_code N24001866
N24001297,ocms:N24001297,617892,,ocms:N24001297 was minted by the truncated-read run of load-mospi-historical; 617892 is the MoSPI project_code that already carried legacy_ocms_code N24001297
N24002136,ocms:N24002136,617899,,ocms:N24002136 was minted by the truncated-read run of load-mospi-historical; 617899 is the MoSPI project_code that already carried legacy_ocms_code N24002136
N24001530,ocms:N24001530,617900,,ocms:N24001530 was minted by the truncated-read run of load-mospi-historical; 617900 is the MoSPI project_code that already carried legacy_ocms_code N24001530
N24001528,ocms:N24001528,617901,,ocms:N24001528 was minted by the truncated-read run of load-mospi-historical; 617901 is the MoSPI project_code that already carried legacy_ocms_code N24001528
N24001862,ocms:N24001862,617904,,ocms:N24001862 was minted by the truncated-read run of load-mospi-historical; 617904 is the MoSPI project_code that already carried legacy_ocms_code N24001862
N24001865,ocms:N24001865,617905,,ocms:N24001865 was minted by the truncated-read run of load-mospi-historical; 617905 is the MoSPI project_code that already carried legacy_ocms_code N24001865
N24001953,ocms:N24001953,617907,,ocms:N24001953 was minted by the truncated-read run of load-mospi-historical; 617907 is the MoSPI project_code that already carried legacy_ocms_code N24001953
N24000513,ocms:N24000513,617911,,ocms:N24000513 was minted by the truncated-read run of load-mospi-historical; 617911 is the MoSPI project_code that already carried legacy_ocms_code N24000513
N24000987,ocms:N24000987,617913,,ocms:N24000987 was minted by the truncated-read run of load-mospi-historical; 617913 is the MoSPI project_code that already carried legacy_ocms_code N24000987
N24002019,ocms:N24002019,617915,,ocms:N24002019 was minted by the truncated-read run of load-mospi-historical; 617915 is the MoSPI project_code that already carried legacy_ocms_code N24002019
N24001883,ocms:N24001883,617917,,ocms:N24001883 was minted by the truncated-read run of load-mospi-historical; 617917 is the MoSPI project_code that already carried legacy_ocms_code N24001883
N24001227,ocms:N24001227,617919,,ocms:N24001227 was minted by the truncated-read run of load-mospi-historical; 617919 is the MoSPI project_code that already carried legacy_ocms_code N24001227
N24001858,ocms:N24001858,617921,,ocms:N24001858 was minted by the truncated-read run of load-mospi-historical; 617921 is the MoSPI project_code that already carried legacy_ocms_code N24001858
N24001860,ocms:N24001860,617924,,ocms:N24001860 was minted by the truncated-read run of load-mospi-historical; 617924 is the MoSPI project_code that already carried legacy_ocms_code N24001860
N24001861,ocms:N24001861,617925,,ocms:N24001861 was minted by the truncated-read run of load-mospi-historical; 617925 is the MoSPI project_code that already carried legacy_ocms_code N24001861
N24000781,ocms:N24000781,617929,,ocms:N24000781 was minted by the truncated-read run of load-mospi-historical; 617929 is the MoSPI project_code that already carried legacy_ocms_code N24000781
N24001859,ocms:N24001859,617930,,ocms:N24001859 was minted by the truncated-read run of load-mospi-historical; 617930 is the MoSPI project_code that already carried legacy_ocms_code N24001859
N24001882,ocms:N24001882,617932,,ocms:N24001882 was minted by the truncated-read run of load-mospi-historical; 617932 is the MoSPI project_code that already carried legacy_ocms_code N24001882
N24002174,ocms:N24002174,617933,,ocms:N24002174 was minted by the truncated-read run of load-mospi-historical; 617933 is the MoSPI project_code that already carried legacy_ocms_code N24002174
N24001112,ocms:N24001112,617934,,ocms:N24001112 was minted by the truncated-read run of load-mospi-historical; 617934 is the MoSPI project_code that already carried legacy_ocms_code N24001112
N24001938,ocms:N24001938,617935,,ocms:N24001938 was minted by the truncated-read run of load-mospi-historical; 617935 is the MoSPI project_code that already carried legacy_ocms_code N24001938
N24000981,ocms:N24000981,617936,,ocms:N24000981 was minted by the truncated-read run of load-mospi-historical; 617936 is the MoSPI project_code that already carried legacy_ocms_code N24000981
N24002004,ocms:N24002004,617940,,ocms:N24002004 was minted by the truncated-read run of load-mospi-historical; 617940 is the MoSPI project_code that already carried legacy_ocms_code N24002004
N24001132,ocms:N24001132,617944,,ocms:N24001132 was minted by the truncated-read run of load-mospi-historical; 617944 is the MoSPI project_code that already carried legacy_ocms_code N24001132
N24000584,ocms:N24000584,617946,,ocms:N24000584 was minted by the truncated-read run of load-mospi-historical; 617946 is the MoSPI project_code that already carried legacy_ocms_code N24000584
N24000585,ocms:N24000585,617947,,ocms:N24000585 was minted by the truncated-read run of load-mospi-historical; 617947 is the MoSPI project_code that already carried legacy_ocms_code N24000585
N24001134,ocms:N24001134,617948,,ocms:N24001134 was minted by the truncated-read run of load-mospi-historical; 617948 is the MoSPI project_code that already carried legacy_ocms_code N24001134
N24001937,ocms:N24001937,617954,,ocms:N24001937 was minted by the truncated-read run of load-mospi-historical; 617954 is the MoSPI project_code that already carried legacy_ocms_code N24001937
N24002012,ocms:N24002012,617955,,ocms:N24002012 was minted by the truncated-read run of load-mospi-historical; 617955 is the MoSPI project_code that already carried legacy_ocms_code N24002012
N24002120,ocms:N24002120,617957,,ocms:N24002120 was minted by the truncated-read run of load-mospi-historical; 617957 is the MoSPI project_code that already carried legacy_ocms_code N24002120
N24000874,ocms:N24000874,617960,,ocms:N24000874 was minted by the truncated-read run of load-mospi-historical; 617960 is the MoSPI project_code that already carried legacy_ocms_code N24000874
N24002165,ocms:N24002165,617962,,ocms:N24002165 was minted by the truncated-read run of load-mospi-historical; 617962 is the MoSPI project_code that already carried legacy_ocms_code N24002165
N24001904,ocms:N24001904,617965,,ocms:N24001904 was minted by the truncated-read run of load-mospi-historical; 617965 is the MoSPI project_code that already carried legacy_ocms_code N24001904
N24000382,ocms:N24000382,617966,,ocms:N24000382 was minted by the truncated-read run of load-mospi-historical; 617966 is the MoSPI project_code that already carried legacy_ocms_code N24000382
N24000779,ocms:N24000779,617968,,ocms:N24000779 was minted by the truncated-read run of load-mospi-historical; 617968 is the MoSPI project_code that already carried legacy_ocms_code N24000779
N24000775,ocms:N24000775,617970,,ocms:N24000775 was minted by the truncated-read run of load-mospi-historical; 617970 is the MoSPI project_code that already carried legacy_ocms_code N24000775
N24001228,ocms:N24001228,617973,,ocms:N24001228 was minted by the truncated-read run of load-mospi-historical; 617973 is the MoSPI project_code that already carried legacy_ocms_code N24001228
N24000820,ocms:N24000820,617975,,ocms:N24000820 was minted by the truncated-read run of load-mospi-historical; 617975 is the MoSPI project_code that already carried legacy_ocms_code N24000820
N24000994,ocms:N24000994,617980,,ocms:N24000994 was minted by the truncated-read run of load-mospi-historical; 617980 is the MoSPI project_code that already carried legacy_ocms_code N24000994
N24000988,ocms:N24000988,617982,,ocms:N24000988 was minted by the truncated-read run of load-mospi-historical; 617982 is the MoSPI project_code that already carried legacy_ocms_code N24000988
N24000331,ocms:N24000331,618009,,ocms:N24000331 was minted by the truncated-read run of load-mospi-historical; 618009 is the MoSPI project_code that already carried legacy_ocms_code N24000331
N24001527,ocms:N24001527,618011,,ocms:N24001527 was minted by the truncated-read run of load-mospi-historical; 618011 is the MoSPI project_code that already carried legacy_ocms_code N24001527
N24002135,ocms:N24002135,618012,,ocms:N24002135 was minted by the truncated-read run of load-mospi-historical; 618012 is the MoSPI project_code that already carried legacy_ocms_code N24002135
N24001964,ocms:N24001964,618019,,ocms:N24001964 was minted by the truncated-read run of load-mospi-historical; 618019 is the MoSPI project_code that already carried legacy_ocms_code N24001964
N24001965,ocms:N24001965,618020,,ocms:N24001965 was minted by the truncated-read run of load-mospi-historical; 618020 is the MoSPI project_code that already carried legacy_ocms_code N24001965
N24001961,ocms:N24001961,618023,,ocms:N24001961 was minted by the truncated-read run of load-mospi-historical; 618023 is the MoSPI project_code that already carried legacy_ocms_code N24001961
N24001960,ocms:N24001960,618024,,ocms:N24001960 was minted by the truncated-read run of load-mospi-historical; 618024 is the MoSPI project_code that already carried legacy_ocms_code N24001960
N24000997,ocms:N24000997,618025,,ocms:N24000997 was minted by the truncated-read run of load-mospi-historical; 618025 is the MoSPI project_code that already carried legacy_ocms_code N24000997
N24000996,ocms:N24000996,618026,,ocms:N24000996 was minted by the truncated-read run of load-mospi-historical; 618026 is the MoSPI project_code that already carried legacy_ocms_code N24000996
N24001941,ocms:N24001941,618029,,ocms:N24001941 was minted by the truncated-read run of load-mospi-historical; 618029 is the MoSPI project_code that already carried legacy_ocms_code N24001941
N24001940,ocms:N24001940,618030,,ocms:N24001940 was minted by the truncated-read run of load-mospi-historical; 618030 is the MoSPI project_code that already carried legacy_ocms_code N24001940
N24002011,ocms:N24002011,618031,,ocms:N24002011 was minted by the truncated-read run of load-mospi-historical; 618031 is the MoSPI project_code that already carried legacy_ocms_code N24002011
N24001375,ocms:N24001375,618033,,ocms:N24001375 was minted by the truncated-read run of load-mospi-historical; 618033 is the MoSPI project_code that already carried legacy_ocms_code N24001375
N24002170,ocms:N24002170,618042,,ocms:N24002170 was minted by the truncated-read run of load-mospi-historical; 618042 is the MoSPI project_code that already carried legacy_ocms_code N24002170
N24001962,ocms:N24001962,618045,,ocms:N24001962 was minted by the truncated-read run of load-mospi-historical; 618045 is the MoSPI project_code that already carried legacy_ocms_code N24001962
N24001902,ocms:N24001902,618046,,ocms:N24001902 was minted by the truncated-read run of load-mospi-historical; 618046 is the MoSPI project_code that already carried legacy_ocms_code N24001902
N24001422,ocms:N24001422,618050,,ocms:N24001422 was minted by the truncated-read run of load-mospi-historical; 618050 is the MoSPI project_code that already carried legacy_ocms_code N24001422
N24002150,ocms:N24002150,618054,,ocms:N24002150 was minted by the truncated-read run of load-mospi-historical; 618054 is the MoSPI project_code that already carried legacy_ocms_code N24002150
N24002016,ocms:N24002016,618055,,ocms:N24002016 was minted by the truncated-read run of load-mospi-historical; 618055 is the MoSPI project_code that already carried legacy_ocms_code N24002016
N24002121,ocms:N24002121,618056,,ocms:N24002121 was minted by the truncated-read run of load-mospi-historical; 618056 is the MoSPI project_code that already carried legacy_ocms_code N24002121
N24001997,ocms:N24001997,618057,,ocms:N24001997 was minted by the truncated-read run of load-mospi-historical; 618057 is the MoSPI project_code that already carried legacy_ocms_code N24001997
N24002175,ocms:N24002175,618059,,ocms:N24002175 was minted by the truncated-read run of load-mospi-historical; 618059 is the MoSPI project_code that already carried legacy_ocms_code N24002175
N24001923,ocms:N24001923,618060,,ocms:N24001923 was minted by the truncated-read run of load-mospi-historical; 618060 is the MoSPI project_code that already carried legacy_ocms_code N24001923
N24001587,ocms:N24001587,618063,,ocms:N24001587 was minted by the truncated-read run of load-mospi-historical; 618063 is the MoSPI project_code that already carried legacy_ocms_code N24001587
N24001917,ocms:N24001917,618064,,ocms:N24001917 was minted by the truncated-read run of load-mospi-historical; 618064 is the MoSPI project_code that already carried legacy_ocms_code N24001917
N24002169,ocms:N24002169,618065,,ocms:N24002169 was minted by the truncated-read run of load-mospi-historical; 618065 is the MoSPI project_code that already carried legacy_ocms_code N24002169
N24002020,ocms:N24002020,618068,,ocms:N24002020 was minted by the truncated-read run of load-mospi-historical; 618068 is the MoSPI project_code that already carried legacy_ocms_code N24002020
N24002167,ocms:N24002167,618069,,ocms:N24002167 was minted by the truncated-read run of load-mospi-historical; 618069 is the MoSPI project_code that already carried legacy_ocms_code N24002167
N24001369,ocms:N24001369,618070,,ocms:N24001369 was minted by the truncated-read run of load-mospi-historical; 618070 is the MoSPI project_code that already carried legacy_ocms_code N24001369
N24001442,ocms:N24001442,618071,,ocms:N24001442 was minted by the truncated-read run of load-mospi-historical; 618071 is the MoSPI project_code that already carried legacy_ocms_code N24001442
N24001466,ocms:N24001466,618072,,ocms:N24001466 was minted by the truncated-read run of load-mospi-historical; 618072 is the MoSPI project_code that already carried legacy_ocms_code N24001466
N24002031,ocms:N24002031,618075,,ocms:N24002031 was minted by the truncated-read run of load-mospi-historical; 618075 is the MoSPI project_code that already carried legacy_ocms_code N24002031
N24001919,ocms:N24001919,618078,,ocms:N24001919 was minted by the truncated-read run of load-mospi-historical; 618078 is the MoSPI project_code that already carried legacy_ocms_code N24001919
N24002115,ocms:N24002115,618081,,ocms:N24002115 was minted by the truncated-read run of load-mospi-historical; 618081 is the MoSPI project_code that already carried legacy_ocms_code N24002115
N24001479,ocms:N24001479,618082,,ocms:N24001479 was minted by the truncated-read run of load-mospi-historical; 618082 is the MoSPI project_code that already carried legacy_ocms_code N24001479
N24001922,ocms:N24001922,618084,,ocms:N24001922 was minted by the truncated-read run of load-mospi-historical; 618084 is the MoSPI project_code that already carried legacy_ocms_code N24001922
N24001963,ocms:N24001963,618085,,ocms:N24001963 was minted by the truncated-read run of load-mospi-historical; 618085 is the MoSPI project_code that already carried legacy_ocms_code N24001963
N24001944,ocms:N24001944,618087,,ocms:N24001944 was minted by the truncated-read run of load-mospi-historical; 618087 is the MoSPI project_code that already carried legacy_ocms_code N24001944
N24001903,ocms:N24001903,618089,,ocms:N24001903 was minted by the truncated-read run of load-mospi-historical; 618089 is the MoSPI project_code that already carried legacy_ocms_code N24001903
N24001002,ocms:N24001002,618090,,ocms:N24001002 was minted by the truncated-read run of load-mospi-historical; 618090 is the MoSPI project_code that already carried legacy_ocms_code N24001002
N24002168,ocms:N24002168,618092,,ocms:N24002168 was minted by the truncated-read run of load-mospi-historical; 618092 is the MoSPI project_code that already carried legacy_ocms_code N24002168
N24001927,ocms:N24001927,618093,,ocms:N24001927 was minted by the truncated-read run of load-mospi-historical; 618093 is the MoSPI project_code that already carried legacy_ocms_code N24001927
N24001106,ocms:N24001106,618094,,ocms:N24001106 was minted by the truncated-read run of load-mospi-historical; 618094 is the MoSPI project_code that already carried legacy_ocms_code N24001106
N24001057,ocms:N24001057,618097,,ocms:N24001057 was minted by the truncated-read run of load-mospi-historical; 618097 is the MoSPI project_code that already carried legacy_ocms_code N24001057
N24001908,ocms:N24001908,618098,,ocms:N24001908 was minted by the truncated-read run of load-mospi-historical; 618098 is the MoSPI project_code that already carried legacy_ocms_code N24001908
N24002007,ocms:N24002007,618104,,ocms:N24002007 was minted by the truncated-read run of load-mospi-historical; 618104 is the MoSPI project_code that already carried legacy_ocms_code N24002007
N24002010,ocms:N24002010,618105,,ocms:N24002010 was minted by the truncated-read run of load-mospi-historical; 618105 is the MoSPI project_code that already carried legacy_ocms_code N24002010
N24002009,ocms:N24002009,618106,,ocms:N24002009 was minted by the truncated-read run of load-mospi-historical; 618106 is the MoSPI project_code that already carried legacy_ocms_code N24002009
N24002014,ocms:N24002014,618108,,ocms:N24002014 was minted by the truncated-read run of load-mospi-historical; 618108 is the MoSPI project_code that already carried legacy_ocms_code N24002014
N24001948,ocms:N24001948,618109,,ocms:N24001948 was minted by the truncated-read run of load-mospi-historical; 618109 is the MoSPI project_code that already carried legacy_ocms_code N24001948
N24001469,ocms:N24001469,618110,,ocms:N24001469 was minted by the truncated-read run of load-mospi-historical; 618110 is the MoSPI project_code that already carried legacy_ocms_code N24001469
N24002015,ocms:N24002015,618111,,ocms:N24002015 was minted by the truncated-read run of load-mospi-historical; 618111 is the MoSPI project_code that already carried legacy_ocms_code N24002015
N24001867,ocms:N24001867,618118,,ocms:N24001867 was minted by the truncated-read run of load-mospi-historical; 618118 is the MoSPI project_code that already carried legacy_ocms_code N24001867
N24001122,ocms:N24001122,618172,,ocms:N24001122 was minted by the truncated-read run of load-mospi-historical; 618172 is the MoSPI project_code that already carried legacy_ocms_code N24001122
N24001123,ocms:N24001123,618173,,ocms:N24001123 was minted by the truncated-read run of load-mospi-historical; 618173 is the MoSPI project_code that already carried legacy_ocms_code N24001123
N24001884,ocms:N24001884,618175,,ocms:N24001884 was minted by the truncated-read run of load-mospi-historical; 618175 is the MoSPI project_code that already carried legacy_ocms_code N24001884
N24001060,ocms:N24001060,618177,,ocms:N24001060 was minted by the truncated-read run of load-mospi-historical; 618177 is the MoSPI project_code that already carried legacy_ocms_code N24001060
N24001082,ocms:N24001082,618180,,ocms:N24001082 was minted by the truncated-read run of load-mospi-historical; 618180 is the MoSPI project_code that already carried legacy_ocms_code N24001082
N24002177,ocms:N24002177,618181,,ocms:N24002177 was minted by the truncated-read run of load-mospi-historical; 618181 is the MoSPI project_code that already carried legacy_ocms_code N24002177
N24002003,ocms:N24002003,618186,,ocms:N24002003 was minted by the truncated-read run of load-mospi-historical; 618186 is the MoSPI project_code that already carried legacy_ocms_code N24002003
N24002173,ocms:N24002173,618188,,ocms:N24002173 was minted by the truncated-read run of load-mospi-historical; 618188 is the MoSPI project_code that already carried legacy_ocms_code N24002173
N24002005,ocms:N24002005,618190,,ocms:N24002005 was minted by the truncated-read run of load-mospi-historical; 618190 is the MoSPI project_code that already carried legacy_ocms_code N24002005
N24001942,ocms:N24001942,618192,,ocms:N24001942 was minted by the truncated-read run of load-mospi-historical; 618192 is the MoSPI project_code that already carried legacy_ocms_code N24001942
N24000937,ocms:N24000937,618194,,ocms:N24000937 was minted by the truncated-read run of load-mospi-historical; 618194 is the MoSPI project_code that already carried legacy_ocms_code N24000937
N24002008,ocms:N24002008,618196,,ocms:N24002008 was minted by the truncated-read run of load-mospi-historical; 618196 is the MoSPI project_code that already carried legacy_ocms_code N24002008
N24002001,ocms:N24002001,618197,,ocms:N24002001 was minted by the truncated-read run of load-mospi-historical; 618197 is the MoSPI project_code that already carried legacy_ocms_code N24002001
N24001107,ocms:N24001107,618198,,ocms:N24001107 was minted by the truncated-read run of load-mospi-historical; 618198 is the MoSPI project_code that already carried legacy_ocms_code N24001107
N24002178,ocms:N24002178,618199,,ocms:N24002178 was minted by the truncated-read run of load-mospi-historical; 618199 is the MoSPI project_code that already carried legacy_ocms_code N24002178
N24001928,ocms:N24001928,618200,,ocms:N24001928 was minted by the truncated-read run of load-mospi-historical; 618200 is the MoSPI project_code that already carried legacy_ocms_code N24001928
N24001999,ocms:N24001999,618204,,ocms:N24001999 was minted by the truncated-read run of load-mospi-historical; 618204 is the MoSPI project_code that already carried legacy_ocms_code N24001999
N24001998,ocms:N24001998,618205,,ocms:N24001998 was minted by the truncated-read run of load-mospi-historical; 618205 is the MoSPI project_code that already carried legacy_ocms_code N24001998
N24001915,ocms:N24001915,618216,,ocms:N24001915 was minted by the truncated-read run of load-mospi-historical; 618216 is the MoSPI project_code that already carried legacy_ocms_code N24001915
N24001916,ocms:N24001916,618217,,ocms:N24001916 was minted by the truncated-read run of load-mospi-historical; 618217 is the MoSPI project_code that already carried legacy_ocms_code N24001916
N24001897,ocms:N24001897,618220,,ocms:N24001897 was minted by the truncated-read run of load-mospi-historical; 618220 is the MoSPI project_code that already carried legacy_ocms_code N24001897
N24002180,ocms:N24002180,618221,,ocms:N24002180 was minted by the truncated-read run of load-mospi-historical; 618221 is the MoSPI project_code that already carried legacy_ocms_code N24002180
N24002119,ocms:N24002119,618222,,ocms:N24002119 was minted by the truncated-read run of load-mospi-historical; 618222 is the MoSPI project_code that already carried legacy_ocms_code N24002119
N24001899,ocms:N24001899,618225,,ocms:N24001899 was minted by the truncated-read run of load-mospi-historical; 618225 is the MoSPI project_code that already carried legacy_ocms_code N24001899
N24001898,ocms:N24001898,618226,,ocms:N24001898 was minted by the truncated-read run of load-mospi-historical; 618226 is the MoSPI project_code that already carried legacy_ocms_code N24001898
N24001850,ocms:N24001850,618227,,ocms:N24001850 was minted by the truncated-read run of load-mospi-historical; 618227 is the MoSPI project_code that already carried legacy_ocms_code N24001850
N24001201,ocms:N24001201,618228,,ocms:N24001201 was minted by the truncated-read run of load-mospi-historical; 618228 is the MoSPI project_code that already carried legacy_ocms_code N24001201
N24001470,ocms:N24001470,618230,,ocms:N24001470 was minted by the truncated-read run of load-mospi-historical; 618230 is the MoSPI project_code that already carried legacy_ocms_code N24001470
N24001447,ocms:N24001447,618231,,ocms:N24001447 was minted by the truncated-read run of load-mospi-historical; 618231 is the MoSPI project_code that already carried legacy_ocms_code N24001447
N24000943,ocms:N24000943,618234,,ocms:N24000943 was minted by the truncated-read run of load-mospi-historical; 618234 is the MoSPI project_code that already carried legacy_ocms_code N24000943
N24000969,ocms:N24000969,618237,,ocms:N24000969 was minted by the truncated-read run of load-mospi-historical; 618237 is the MoSPI project_code that already carried legacy_ocms_code N24000969
N24000964,ocms:N24000964,618238,,ocms:N24000964 was minted by the truncated-read run of load-mospi-historical; 618238 is the MoSPI project_code that already carried legacy_ocms_code N24000964
N24001958,ocms:N24001958,618256,,ocms:N24001958 was minted by the truncated-read run of load-mospi-historical; 618256 is the MoSPI project_code that already carried legacy_ocms_code N24001958
N24001471,ocms:N24001471,618266,,ocms:N24001471 was minted by the truncated-read run of load-mospi-historical; 618266 is the MoSPI project_code that already carried legacy_ocms_code N24001471
N24002023,ocms:N24002023,618282,,ocms:N24002023 was minted by the truncated-read run of load-mospi-historical; 618282 is the MoSPI project_code that already carried legacy_ocms_code N24002023
N24001368,ocms:N24001368,618285,,ocms:N24001368 was minted by the truncated-read run of load-mospi-historical; 618285 is the MoSPI project_code that already carried legacy_ocms_code N24001368
N24001246,ocms:N24001246,618289,,ocms:N24001246 was minted by the truncated-read run of load-mospi-historical; 618289 is the MoSPI project_code that already carried legacy_ocms_code N24001246
N24001258,ocms:N24001258,618290,,ocms:N24001258 was minted by the truncated-read run of load-mospi-historical; 618290 is the MoSPI project_code that already carried legacy_ocms_code N24001258
N24001257,ocms:N24001257,618291,,ocms:N24001257 was minted by the truncated-read run of load-mospi-historical; 618291 is the MoSPI project_code that already carried legacy_ocms_code N24001257
N24001255,ocms:N24001255,618292,,ocms:N24001255 was minted by the truncated-read run of load-mospi-historical; 618292 is the MoSPI project_code that already carried legacy_ocms_code N24001255
N24001288,ocms:N24001288,618293,,ocms:N24001288 was minted by the truncated-read run of load-mospi-historical; 618293 is the MoSPI project_code that already carried legacy_ocms_code N24001288
N24001287,ocms:N24001287,618296,,ocms:N24001287 was minted by the truncated-read run of load-mospi-historical; 618296 is the MoSPI project_code that already carried legacy_ocms_code N24001287
N24001282,ocms:N24001282,618297,,ocms:N24001282 was minted by the truncated-read run of load-mospi-historical; 618297 is the MoSPI project_code that already carried legacy_ocms_code N24001282
N24001400,ocms:N24001400,618298,,ocms:N24001400 was minted by the truncated-read run of load-mospi-historical; 618298 is the MoSPI project_code that already carried legacy_ocms_code N24001400
N24001274,ocms:N24001274,618300,,ocms:N24001274 was minted by the truncated-read run of load-mospi-historical; 618300 is the MoSPI project_code that already carried legacy_ocms_code N24001274
N24001332,ocms:N24001332,618302,,ocms:N24001332 was minted by the truncated-read run of load-mospi-historical; 618302 is the MoSPI project_code that already carried legacy_ocms_code N24001332
N24001331,ocms:N24001331,618303,,ocms:N24001331 was minted by the truncated-read run of load-mospi-historical; 618303 is the MoSPI project_code that already carried legacy_ocms_code N24001331
N24002128,ocms:N24002128,618314,,ocms:N24002128 was minted by the truncated-read run of load-mospi-historical; 618314 is the MoSPI project_code that already carried legacy_ocms_code N24002128
N24001270,ocms:N24001270,618346,,ocms:N24001270 was minted by the truncated-read run of load-mospi-historical; 618346 is the MoSPI project_code that already carried legacy_ocms_code N24001270
N24001269,ocms:N24001269,618347,,ocms:N24001269 was minted by the truncated-read run of load-mospi-historical; 618347 is the MoSPI project_code that already carried legacy_ocms_code N24001269
N24001970,ocms:N24001970,618352,,ocms:N24001970 was minted by the truncated-read run of load-mospi-historical; 618352 is the MoSPI project_code that already carried legacy_ocms_code N24001970
N24002130,ocms:N24002130,618354,,ocms:N24002130 was minted by the truncated-read run of load-mospi-historical; 618354 is the MoSPI project_code that already carried legacy_ocms_code N24002130
N24001403,ocms:N24001403,618355,,ocms:N24001403 was minted by the truncated-read run of load-mospi-historical; 618355 is the MoSPI project_code that already carried legacy_ocms_code N24001403
N24001354,ocms:N24001354,618356,,ocms:N24001354 was minted by the truncated-read run of load-mospi-historical; 618356 is the MoSPI project_code that already carried legacy_ocms_code N24001354
N24001436,ocms:N24001436,618357,,ocms:N24001436 was minted by the truncated-read run of load-mospi-historical; 618357 is the MoSPI project_code that already carried legacy_ocms_code N24001436
N24001437,ocms:N24001437,618358,,ocms:N24001437 was minted by the truncated-read run of load-mospi-historical; 618358 is the MoSPI project_code that already carried legacy_ocms_code N24001437
N24002155,ocms:N24002155,618359,,ocms:N24002155 was minted by the truncated-read run of load-mospi-historical; 618359 is the MoSPI project_code that already carried legacy_ocms_code N24002155
N24001358,ocms:N24001358,618362,,ocms:N24001358 was minted by the truncated-read run of load-mospi-historical; 618362 is the MoSPI project_code that already carried legacy_ocms_code N24001358
N24001359,ocms:N24001359,618363,,ocms:N24001359 was minted by the truncated-read run of load-mospi-historical; 618363 is the MoSPI project_code that already carried legacy_ocms_code N24001359
N24001976,ocms:N24001976,618364,,ocms:N24001976 was minted by the truncated-read run of load-mospi-historical; 618364 is the MoSPI project_code that already carried legacy_ocms_code N24001976
N24001978,ocms:N24001978,618365,,ocms:N24001978 was minted by the truncated-read run of load-mospi-historical; 618365 is the MoSPI project_code that already carried legacy_ocms_code N24001978
N24001977,ocms:N24001977,618366,,ocms:N24001977 was minted by the truncated-read run of load-mospi-historical; 618366 is the MoSPI project_code that already carried legacy_ocms_code N24001977
N24002162,ocms:N24002162,618368,,ocms:N24002162 was minted by the truncated-read run of load-mospi-historical; 618368 is the MoSPI project_code that already carried legacy_ocms_code N24002162
N24002161,ocms:N24002161,618369,,ocms:N24002161 was minted by the truncated-read run of load-mospi-historical; 618369 is the MoSPI project_code that already carried legacy_ocms_code N24002161
N24002160,ocms:N24002160,618370,,ocms:N24002160 was minted by the truncated-read run of load-mospi-historical; 618370 is the MoSPI project_code that already carried legacy_ocms_code N24002160
N24001335,ocms:N24001335,618374,,ocms:N24001335 was minted by the truncated-read run of load-mospi-historical; 618374 is the MoSPI project_code that already carried legacy_ocms_code N24001335
N24001334,ocms:N24001334,618375,,ocms:N24001334 was minted by the truncated-read run of load-mospi-historical; 618375 is the MoSPI project_code that already carried legacy_ocms_code N24001334
N24001314,ocms:N24001314,618376,,ocms:N24001314 was minted by the truncated-read run of load-mospi-historical; 618376 is the MoSPI project_code that already carried legacy_ocms_code N24001314
N24001313,ocms:N24001313,618377,,ocms:N24001313 was minted by the truncated-read run of load-mospi-historical; 618377 is the MoSPI project_code that already carried legacy_ocms_code N24001313
N24000861,ocms:N24000861,618379,,ocms:N24000861 was minted by the truncated-read run of load-mospi-historical; 618379 is the MoSPI project_code that already carried legacy_ocms_code N24000861
N24000857,ocms:N24000857,618380,,ocms:N24000857 was minted by the truncated-read run of load-mospi-historical; 618380 is the MoSPI project_code that already carried legacy_ocms_code N24000857
N24000863,ocms:N24000863,618381,,ocms:N24000863 was minted by the truncated-read run of load-mospi-historical; 618381 is the MoSPI project_code that already carried legacy_ocms_code N24000863
N24000864,ocms:N24000864,618382,,ocms:N24000864 was minted by the truncated-read run of load-mospi-historical; 618382 is the MoSPI project_code that already carried legacy_ocms_code N24000864
N24000865,ocms:N24000865,618383,,ocms:N24000865 was minted by the truncated-read run of load-mospi-historical; 618383 is the MoSPI project_code that already carried legacy_ocms_code N24000865
N24000862,ocms:N24000862,618384,,ocms:N24000862 was minted by the truncated-read run of load-mospi-historical; 618384 is the MoSPI project_code that already carried legacy_ocms_code N24000862
N24002159,ocms:N24002159,618385,,ocms:N24002159 was minted by the truncated-read run of load-mospi-historical; 618385 is the MoSPI project_code that already carried legacy_ocms_code N24002159
N24002131,ocms:N24002131,618387,,ocms:N24002131 was minted by the truncated-read run of load-mospi-historical; 618387 is the MoSPI project_code that already carried legacy_ocms_code N24002131
N24001974,ocms:N24001974,618388,,ocms:N24001974 was minted by the truncated-read run of load-mospi-historical; 618388 is the MoSPI project_code that already carried legacy_ocms_code N24001974
N24001473,ocms:N24001473,618389,,ocms:N24001473 was minted by the truncated-read run of load-mospi-historical; 618389 is the MoSPI project_code that already carried legacy_ocms_code N24001473
N24000855,ocms:N24000855,618390,,ocms:N24000855 was minted by the truncated-read run of load-mospi-historical; 618390 is the MoSPI project_code that already carried legacy_ocms_code N24000855
N24002164,ocms:N24002164,618391,,ocms:N24002164 was minted by the truncated-read run of load-mospi-historical; 618391 is the MoSPI project_code that already carried legacy_ocms_code N24002164
N24002163,ocms:N24002163,618393,,ocms:N24002163 was minted by the truncated-read run of load-mospi-historical; 618393 is the MoSPI project_code that already carried legacy_ocms_code N24002163
N24001264,ocms:N24001264,618394,,ocms:N24001264 was minted by the truncated-read run of load-mospi-historical; 618394 is the MoSPI project_code that already carried legacy_ocms_code N24001264
N24001394,ocms:N24001394,618395,,ocms:N24001394 was minted by the truncated-read run of load-mospi-historical; 618395 is the MoSPI project_code that already carried legacy_ocms_code N24001394
N24001266,ocms:N24001266,618398,,ocms:N24001266 was minted by the truncated-read run of load-mospi-historical; 618398 is the MoSPI project_code that already carried legacy_ocms_code N24001266
N24001395,ocms:N24001395,618399,,ocms:N24001395 was minted by the truncated-read run of load-mospi-historical; 618399 is the MoSPI project_code that already carried legacy_ocms_code N24001395
N24001341,ocms:N24001341,618400,,ocms:N24001341 was minted by the truncated-read run of load-mospi-historical; 618400 is the MoSPI project_code that already carried legacy_ocms_code N24001341
N24000868,ocms:N24000868,618406,,ocms:N24000868 was minted by the truncated-read run of load-mospi-historical; 618406 is the MoSPI project_code that already carried legacy_ocms_code N24000868
N24001543,ocms:N24001543,618407,,ocms:N24001543 was minted by the truncated-read run of load-mospi-historical; 618407 is the MoSPI project_code that already carried legacy_ocms_code N24001543
N24001348,ocms:N24001348,618408,,ocms:N24001348 was minted by the truncated-read run of load-mospi-historical; 618408 is the MoSPI project_code that already carried legacy_ocms_code N24001348
N24001345,ocms:N24001345,618409,,ocms:N24001345 was minted by the truncated-read run of load-mospi-historical; 618409 is the MoSPI project_code that already carried legacy_ocms_code N24001345
N24001344,ocms:N24001344,618410,,ocms:N24001344 was minted by the truncated-read run of load-mospi-historical; 618410 is the MoSPI project_code that already carried legacy_ocms_code N24001344
N24001914,ocms:N24001914,618411,,ocms:N24001914 was minted by the truncated-read run of load-mospi-historical; 618411 is the MoSPI project_code that already carried legacy_ocms_code N24001914
N24001256,ocms:N24001256,618412,,ocms:N24001256 was minted by the truncated-read run of load-mospi-historical; 618412 is the MoSPI project_code that already carried legacy_ocms_code N24001256
N24001912,ocms:N24001912,618413,,ocms:N24001912 was minted by the truncated-read run of load-mospi-historical; 618413 is the MoSPI project_code that already carried legacy_ocms_code N24001912
N24001406,ocms:N24001406,618414,,ocms:N24001406 was minted by the truncated-read run of load-mospi-historical; 618414 is the MoSPI project_code that already carried legacy_ocms_code N24001406
N24001350,ocms:N24001350,618415,,ocms:N24001350 was minted by the truncated-read run of load-mospi-historical; 618415 is the MoSPI project_code that already carried legacy_ocms_code N24001350
N24001349,ocms:N24001349,618416,,ocms:N24001349 was minted by the truncated-read run of load-mospi-historical; 618416 is the MoSPI project_code that already carried legacy_ocms_code N24001349
N24001474,ocms:N24001474,618418,,ocms:N24001474 was minted by the truncated-read run of load-mospi-historical; 618418 is the MoSPI project_code that already carried legacy_ocms_code N24001474
N24002158,ocms:N24002158,618419,,ocms:N24002158 was minted by the truncated-read run of load-mospi-historical; 618419 is the MoSPI project_code that already carried legacy_ocms_code N24002158
N24002157,ocms:N24002157,618420,,ocms:N24002157 was minted by the truncated-read run of load-mospi-historical; 618420 is the MoSPI project_code that already carried legacy_ocms_code N24002157
N24002156,ocms:N24002156,618421,,ocms:N24002156 was minted by the truncated-read run of load-mospi-historical; 618421 is the MoSPI project_code that already carried legacy_ocms_code N24002156
N24001438,ocms:N24001438,618422,,ocms:N24001438 was minted by the truncated-read run of load-mospi-historical; 618422 is the MoSPI project_code that already carried legacy_ocms_code N24001438
N24000763,ocms:N24000763,618423,,ocms:N24000763 was minted by the truncated-read run of load-mospi-historical; 618423 is the MoSPI project_code that already carried legacy_ocms_code N24000763
N24001261,ocms:N24001261,618427,,ocms:N24001261 was minted by the truncated-read run of load-mospi-historical; 618427 is the MoSPI project_code that already carried legacy_ocms_code N24001261
N24001262,ocms:N24001262,618429,,ocms:N24001262 was minted by the truncated-read run of load-mospi-historical; 618429 is the MoSPI project_code that already carried legacy_ocms_code N24001262
N24001251,ocms:N24001251,618430,,ocms:N24001251 was minted by the truncated-read run of load-mospi-historical; 618430 is the MoSPI project_code that already carried legacy_ocms_code N24001251
N24001252,ocms:N24001252,618431,,ocms:N24001252 was minted by the truncated-read run of load-mospi-historical; 618431 is the MoSPI project_code that already carried legacy_ocms_code N24001252
N24001393,ocms:N24001393,618433,,ocms:N24001393 was minted by the truncated-read run of load-mospi-historical; 618433 is the MoSPI project_code that already carried legacy_ocms_code N24001393
N24000946,ocms:N24000946,618434,,ocms:N24000946 was minted by the truncated-read run of load-mospi-historical; 618434 is the MoSPI project_code that already carried legacy_ocms_code N24000946
N24000431,ocms:N24000431,618436,,ocms:N24000431 was minted by the truncated-read run of load-mospi-historical; 618436 is the MoSPI project_code that already carried legacy_ocms_code N24000431
N24000583,ocms:N24000583,618437,,ocms:N24000583 was minted by the truncated-read run of load-mospi-historical; 618437 is the MoSPI project_code that already carried legacy_ocms_code N24000583
N24001337,ocms:N24001337,618446,,ocms:N24001337 was minted by the truncated-read run of load-mospi-historical; 618446 is the MoSPI project_code that already carried legacy_ocms_code N24001337
N24001362,ocms:N24001362,618447,,ocms:N24001362 was minted by the truncated-read run of load-mospi-historical; 618447 is the MoSPI project_code that already carried legacy_ocms_code N24001362
N24001338,ocms:N24001338,618448,,ocms:N24001338 was minted by the truncated-read run of load-mospi-historical; 618448 is the MoSPI project_code that already carried legacy_ocms_code N24001338
N24001336,ocms:N24001336,618449,,ocms:N24001336 was minted by the truncated-read run of load-mospi-historical; 618449 is the MoSPI project_code that already carried legacy_ocms_code N24001336
N24001327,ocms:N24001327,618450,,ocms:N24001327 was minted by the truncated-read run of load-mospi-historical; 618450 is the MoSPI project_code that already carried legacy_ocms_code N24001327
N24001568,ocms:N24001568,618456,,ocms:N24001568 was minted by the truncated-read run of load-mospi-historical; 618456 is the MoSPI project_code that already carried legacy_ocms_code N24001568
N24001567,ocms:N24001567,618457,,ocms:N24001567 was minted by the truncated-read run of load-mospi-historical; 618457 is the MoSPI project_code that already carried legacy_ocms_code N24001567
N24001612,ocms:N24001612,618458,,ocms:N24001612 was minted by the truncated-read run of load-mospi-historical; 618458 is the MoSPI project_code that already carried legacy_ocms_code N24001612
N24001515,ocms:N24001515,618459,,ocms:N24001515 was minted by the truncated-read run of load-mospi-historical; 618459 is the MoSPI project_code that already carried legacy_ocms_code N24001515
N24001519,ocms:N24001519,618460,,ocms:N24001519 was minted by the truncated-read run of load-mospi-historical; 618460 is the MoSPI project_code that already carried legacy_ocms_code N24001519
N24001520,ocms:N24001520,618462,,ocms:N24001520 was minted by the truncated-read run of load-mospi-historical; 618462 is the MoSPI project_code that already carried legacy_ocms_code N24001520
N24000834,ocms:N24000834,618463,,ocms:N24000834 was minted by the truncated-read run of load-mospi-historical; 618463 is the MoSPI project_code that already carried legacy_ocms_code N24000834
N24001789,ocms:N24001789,618465,,ocms:N24001789 was minted by the truncated-read run of load-mospi-historical; 618465 is the MoSPI project_code that already carried legacy_ocms_code N24001789
N24001504,ocms:N24001504,618468,,ocms:N24001504 was minted by the truncated-read run of load-mospi-historical; 618468 is the MoSPI project_code that already carried legacy_ocms_code N24001504
N24001506,ocms:N24001506,618469,,ocms:N24001506 was minted by the truncated-read run of load-mospi-historical; 618469 is the MoSPI project_code that already carried legacy_ocms_code N24001506
N24001507,ocms:N24001507,618470,,ocms:N24001507 was minted by the truncated-read run of load-mospi-historical; 618470 is the MoSPI project_code that already carried legacy_ocms_code N24001507
N24001521,ocms:N24001521,618471,,ocms:N24001521 was minted by the truncated-read run of load-mospi-historical; 618471 is the MoSPI project_code that already carried legacy_ocms_code N24001521
N24001508,ocms:N24001508,618472,,ocms:N24001508 was minted by the truncated-read run of load-mospi-historical; 618472 is the MoSPI project_code that already carried legacy_ocms_code N24001508
N24001608,ocms:N24001608,618473,,ocms:N24001608 was minted by the truncated-read run of load-mospi-historical; 618473 is the MoSPI project_code that already carried legacy_ocms_code N24001608
N24001720,ocms:N24001720,618477,,ocms:N24001720 was minted by the truncated-read run of load-mospi-historical; 618477 is the MoSPI project_code that already carried legacy_ocms_code N24001720
N24001718,ocms:N24001718,618478,,ocms:N24001718 was minted by the truncated-read run of load-mospi-historical; 618478 is the MoSPI project_code that already carried legacy_ocms_code N24001718
N24001717,ocms:N24001717,618479,,ocms:N24001717 was minted by the truncated-read run of load-mospi-historical; 618479 is the MoSPI project_code that already carried legacy_ocms_code N24001717
N24001719,ocms:N24001719,618481,,ocms:N24001719 was minted by the truncated-read run of load-mospi-historical; 618481 is the MoSPI project_code that already carried legacy_ocms_code N24001719
N24001633,ocms:N24001633,618484,,ocms:N24001633 was minted by the truncated-read run of load-mospi-historical; 618484 is the MoSPI project_code that already carried legacy_ocms_code N24001633
N24001634,ocms:N24001634,618485,,ocms:N24001634 was minted by the truncated-read run of load-mospi-historical; 618485 is the MoSPI project_code that already carried legacy_ocms_code N24001634
N24001632,ocms:N24001632,618486,,ocms:N24001632 was minted by the truncated-read run of load-mospi-historical; 618486 is the MoSPI project_code that already carried legacy_ocms_code N24001632
N24001415,ocms:N24001415,618487,,ocms:N24001415 was minted by the truncated-read run of load-mospi-historical; 618487 is the MoSPI project_code that already carried legacy_ocms_code N24001415
N24001417,ocms:N24001417,618489,,ocms:N24001417 was minted by the truncated-read run of load-mospi-historical; 618489 is the MoSPI project_code that already carried legacy_ocms_code N24001417
N24001420,ocms:N24001420,618492,,ocms:N24001420 was minted by the truncated-read run of load-mospi-historical; 618492 is the MoSPI project_code that already carried legacy_ocms_code N24001420
N24002102,ocms:N24002102,618493,,ocms:N24002102 was minted by the truncated-read run of load-mospi-historical; 618493 is the MoSPI project_code that already carried legacy_ocms_code N24002102
N24001552,ocms:N24001552,618494,,ocms:N24001552 was minted by the truncated-read run of load-mospi-historical; 618494 is the MoSPI project_code that already carried legacy_ocms_code N24001552
N24002061,ocms:N24002061,618495,,ocms:N24002061 was minted by the truncated-read run of load-mospi-historical; 618495 is the MoSPI project_code that already carried legacy_ocms_code N24002061
N24001550,ocms:N24001550,618496,,ocms:N24001550 was minted by the truncated-read run of load-mospi-historical; 618496 is the MoSPI project_code that already carried legacy_ocms_code N24001550
N24002060,ocms:N24002060,618497,,ocms:N24002060 was minted by the truncated-read run of load-mospi-historical; 618497 is the MoSPI project_code that already carried legacy_ocms_code N24002060
N24001731,ocms:N24001731,618498,,ocms:N24001731 was minted by the truncated-read run of load-mospi-historical; 618498 is the MoSPI project_code that already carried legacy_ocms_code N24001731
N24001745,ocms:N24001745,618499,,ocms:N24001745 was minted by the truncated-read run of load-mospi-historical; 618499 is the MoSPI project_code that already carried legacy_ocms_code N24001745
N24001443,ocms:N24001443,618501,,ocms:N24001443 was minted by the truncated-read run of load-mospi-historical; 618501 is the MoSPI project_code that already carried legacy_ocms_code N24001443
N24001444,ocms:N24001444,618502,,ocms:N24001444 was minted by the truncated-read run of load-mospi-historical; 618502 is the MoSPI project_code that already carried legacy_ocms_code N24001444
N24001445,ocms:N24001445,618503,,ocms:N24001445 was minted by the truncated-read run of load-mospi-historical; 618503 is the MoSPI project_code that already carried legacy_ocms_code N24001445
N24001446,ocms:N24001446,618504,,ocms:N24001446 was minted by the truncated-read run of load-mospi-historical; 618504 is the MoSPI project_code that already carried legacy_ocms_code N24001446
N24002058,ocms:N24002058,618505,,ocms:N24002058 was minted by the truncated-read run of load-mospi-historical; 618505 is the MoSPI project_code that already carried legacy_ocms_code N24002058
N24001777,ocms:N24001777,618509,,ocms:N24001777 was minted by the truncated-read run of load-mospi-historical; 618509 is the MoSPI project_code that already carried legacy_ocms_code N24001777
N24001486,ocms:N24001486,618512,,ocms:N24001486 was minted by the truncated-read run of load-mospi-historical; 618512 is the MoSPI project_code that already carried legacy_ocms_code N24001486
N24001546,ocms:N24001546,618513,,ocms:N24001546 was minted by the truncated-read run of load-mospi-historical; 618513 is the MoSPI project_code that already carried legacy_ocms_code N24001546
N24001493,ocms:N24001493,618514,,ocms:N24001493 was minted by the truncated-read run of load-mospi-historical; 618514 is the MoSPI project_code that already carried legacy_ocms_code N24001493
N24001679,ocms:N24001679,618515,,ocms:N24001679 was minted by the truncated-read run of load-mospi-historical; 618515 is the MoSPI project_code that already carried legacy_ocms_code N24001679
N24001598,ocms:N24001598,618516,,ocms:N24001598 was minted by the truncated-read run of load-mospi-historical; 618516 is the MoSPI project_code that already carried legacy_ocms_code N24001598
N24001994,ocms:N24001994,618517,,ocms:N24001994 was minted by the truncated-read run of load-mospi-historical; 618517 is the MoSPI project_code that already carried legacy_ocms_code N24001994
N24001968,ocms:N24001968,618519,,ocms:N24001968 was minted by the truncated-read run of load-mospi-historical; 618519 is the MoSPI project_code that already carried legacy_ocms_code N24001968
N24001723,ocms:N24001723,618521,,ocms:N24001723 was minted by the truncated-read run of load-mospi-historical; 618521 is the MoSPI project_code that already carried legacy_ocms_code N24001723
N24000738,ocms:N24000738,618523,,ocms:N24000738 was minted by the truncated-read run of load-mospi-historical; 618523 is the MoSPI project_code that already carried legacy_ocms_code N24000738
N24000182,ocms:N24000182,618530,,ocms:N24000182 was minted by the truncated-read run of load-mospi-historical; 618530 is the MoSPI project_code that already carried legacy_ocms_code N24000182
N24001703,ocms:N24001703,618531,,ocms:N24001703 was minted by the truncated-read run of load-mospi-historical; 618531 is the MoSPI project_code that already carried legacy_ocms_code N24001703
N24001700,ocms:N24001700,618532,,ocms:N24001700 was minted by the truncated-read run of load-mospi-historical; 618532 is the MoSPI project_code that already carried legacy_ocms_code N24001700
N24000515,ocms:N24000515,618533,,ocms:N24000515 was minted by the truncated-read run of load-mospi-historical; 618533 is the MoSPI project_code that already carried legacy_ocms_code N24000515
N24001511,ocms:N24001511,618541,,ocms:N24001511 was minted by the truncated-read run of load-mospi-historical; 618541 is the MoSPI project_code that already carried legacy_ocms_code N24001511
N24001627,ocms:N24001627,618543,,ocms:N24001627 was minted by the truncated-read run of load-mospi-historical; 618543 is the MoSPI project_code that already carried legacy_ocms_code N24001627
N24001622,ocms:N24001622,618544,,ocms:N24001622 was minted by the truncated-read run of load-mospi-historical; 618544 is the MoSPI project_code that already carried legacy_ocms_code N24001622
N24001621,ocms:N24001621,618545,,ocms:N24001621 was minted by the truncated-read run of load-mospi-historical; 618545 is the MoSPI project_code that already carried legacy_ocms_code N24001621
N24002059,ocms:N24002059,618547,,ocms:N24002059 was minted by the truncated-read run of load-mospi-historical; 618547 is the MoSPI project_code that already carried legacy_ocms_code N24002059
N24001926,ocms:N24001926,618549,,ocms:N24001926 was minted by the truncated-read run of load-mospi-historical; 618549 is the MoSPI project_code that already carried legacy_ocms_code N24001926
N24001619,ocms:N24001619,618550,,ocms:N24001619 was minted by the truncated-read run of load-mospi-historical; 618550 is the MoSPI project_code that already carried legacy_ocms_code N24001619
N24001637,ocms:N24001637,618552,,ocms:N24001637 was minted by the truncated-read run of load-mospi-historical; 618552 is the MoSPI project_code that already carried legacy_ocms_code N24001637
N24001852,ocms:N24001852,618553,,ocms:N24001852 was minted by the truncated-read run of load-mospi-historical; 618553 is the MoSPI project_code that already carried legacy_ocms_code N24001852
N24001853,ocms:N24001853,618554,,ocms:N24001853 was minted by the truncated-read run of load-mospi-historical; 618554 is the MoSPI project_code that already carried legacy_ocms_code N24001853
N24000442,ocms:N24000442,618555,,ocms:N24000442 was minted by the truncated-read run of load-mospi-historical; 618555 is the MoSPI project_code that already carried legacy_ocms_code N24000442
N24002071,ocms:N24002071,618557,,ocms:N24002071 was minted by the truncated-read run of load-mospi-historical; 618557 is the MoSPI project_code that already carried legacy_ocms_code N24002071
N24001555,ocms:N24001555,618558,,ocms:N24001555 was minted by the truncated-read run of load-mospi-historical; 618558 is the MoSPI project_code that already carried legacy_ocms_code N24001555
N24001556,ocms:N24001556,618559,,ocms:N24001556 was minted by the truncated-read run of load-mospi-historical; 618559 is the MoSPI project_code that already carried legacy_ocms_code N24001556
N24002082,ocms:N24002082,618560,,ocms:N24002082 was minted by the truncated-read run of load-mospi-historical; 618560 is the MoSPI project_code that already carried legacy_ocms_code N24002082
N24001606,ocms:N24001606,618563,,ocms:N24001606 was minted by the truncated-read run of load-mospi-historical; 618563 is the MoSPI project_code that already carried legacy_ocms_code N24001606
N24002097,ocms:N24002097,618565,,ocms:N24002097 was minted by the truncated-read run of load-mospi-historical; 618565 is the MoSPI project_code that already carried legacy_ocms_code N24002097
N24002096,ocms:N24002096,618566,,ocms:N24002096 was minted by the truncated-read run of load-mospi-historical; 618566 is the MoSPI project_code that already carried legacy_ocms_code N24002096
N24001773,ocms:N24001773,618578,,ocms:N24001773 was minted by the truncated-read run of load-mospi-historical; 618578 is the MoSPI project_code that already carried legacy_ocms_code N24001773
N24001535,ocms:N24001535,618580,,ocms:N24001535 was minted by the truncated-read run of load-mospi-historical; 618580 is the MoSPI project_code that already carried legacy_ocms_code N24001535
N24001693,ocms:N24001693,618581,,ocms:N24001693 was minted by the truncated-read run of load-mospi-historical; 618581 is the MoSPI project_code that already carried legacy_ocms_code N24001693
N24001798,ocms:N24001798,618588,,ocms:N24001798 was minted by the truncated-read run of load-mospi-historical; 618588 is the MoSPI project_code that already carried legacy_ocms_code N24001798
N24002045,ocms:N24002045,618589,,ocms:N24002045 was minted by the truncated-read run of load-mospi-historical; 618589 is the MoSPI project_code that already carried legacy_ocms_code N24002045
N24002046,ocms:N24002046,618590,,ocms:N24002046 was minted by the truncated-read run of load-mospi-historical; 618590 is the MoSPI project_code that already carried legacy_ocms_code N24002046
N24001609,ocms:N24001609,618594,,ocms:N24001609 was minted by the truncated-read run of load-mospi-historical; 618594 is the MoSPI project_code that already carried legacy_ocms_code N24001609
N24001664,ocms:N24001664,618595,,ocms:N24001664 was minted by the truncated-read run of load-mospi-historical; 618595 is the MoSPI project_code that already carried legacy_ocms_code N24001664
N24001660,ocms:N24001660,618596,,ocms:N24001660 was minted by the truncated-read run of load-mospi-historical; 618596 is the MoSPI project_code that already carried legacy_ocms_code N24001660
N24001661,ocms:N24001661,618597,,ocms:N24001661 was minted by the truncated-read run of load-mospi-historical; 618597 is the MoSPI project_code that already carried legacy_ocms_code N24001661
N24001652,ocms:N24001652,618598,,ocms:N24001652 was minted by the truncated-read run of load-mospi-historical; 618598 is the MoSPI project_code that already carried legacy_ocms_code N24001652
N24001658,ocms:N24001658,618599,,ocms:N24001658 was minted by the truncated-read run of load-mospi-historical; 618599 is the MoSPI project_code that already carried legacy_ocms_code N24001658
N24001659,ocms:N24001659,618600,,ocms:N24001659 was minted by the truncated-read run of load-mospi-historical; 618600 is the MoSPI project_code that already carried legacy_ocms_code N24001659
N24001655,ocms:N24001655,618601,,ocms:N24001655 was minted by the truncated-read run of load-mospi-historical; 618601 is the MoSPI project_code that already carried legacy_ocms_code N24001655
N24001656,ocms:N24001656,618602,,ocms:N24001656 was minted by the truncated-read run of load-mospi-historical; 618602 is the MoSPI project_code that already carried legacy_ocms_code N24001656
N24001653,ocms:N24001653,618603,,ocms:N24001653 was minted by the truncated-read run of load-mospi-historical; 618603 is the MoSPI project_code that already carried legacy_ocms_code N24001653
N24001648,ocms:N24001648,618604,,ocms:N24001648 was minted by the truncated-read run of load-mospi-historical; 618604 is the MoSPI project_code that already carried legacy_ocms_code N24001648
N24001651,ocms:N24001651,618605,,ocms:N24001651 was minted by the truncated-read run of load-mospi-historical; 618605 is the MoSPI project_code that already carried legacy_ocms_code N24001651
N24001649,ocms:N24001649,618606,,ocms:N24001649 was minted by the truncated-read run of load-mospi-historical; 618606 is the MoSPI project_code that already carried legacy_ocms_code N24001649
N24001657,ocms:N24001657,618607,,ocms:N24001657 was minted by the truncated-read run of load-mospi-historical; 618607 is the MoSPI project_code that already carried legacy_ocms_code N24001657
N24002113,ocms:N24002113,618608,,ocms:N24002113 was minted by the truncated-read run of load-mospi-historical; 618608 is the MoSPI project_code that already carried legacy_ocms_code N24002113
N24002075,ocms:N24002075,618610,,ocms:N24002075 was minted by the truncated-read run of load-mospi-historical; 618610 is the MoSPI project_code that already carried legacy_ocms_code N24002075
N24001563,ocms:N24001563,618612,,ocms:N24001563 was minted by the truncated-read run of load-mospi-historical; 618612 is the MoSPI project_code that already carried legacy_ocms_code N24001563
N24001564,ocms:N24001564,618613,,ocms:N24001564 was minted by the truncated-read run of load-mospi-historical; 618613 is the MoSPI project_code that already carried legacy_ocms_code N24001564
N24001790,ocms:N24001790,618614,,ocms:N24001790 was minted by the truncated-read run of load-mospi-historical; 618614 is the MoSPI project_code that already carried legacy_ocms_code N24001790
N24001794,ocms:N24001794,618615,,ocms:N24001794 was minted by the truncated-read run of load-mospi-historical; 618615 is the MoSPI project_code that already carried legacy_ocms_code N24001794
N24001640,ocms:N24001640,618617,,ocms:N24001640 was minted by the truncated-read run of load-mospi-historical; 618617 is the MoSPI project_code that already carried legacy_ocms_code N24001640
N24002076,ocms:N24002076,618618,,ocms:N24002076 was minted by the truncated-read run of load-mospi-historical; 618618 is the MoSPI project_code that already carried legacy_ocms_code N24002076
N24002070,ocms:N24002070,618621,,ocms:N24002070 was minted by the truncated-read run of load-mospi-historical; 618621 is the MoSPI project_code that already carried legacy_ocms_code N24002070
N24001767,ocms:N24001767,618622,,ocms:N24001767 was minted by the truncated-read run of load-mospi-historical; 618622 is the MoSPI project_code that already carried legacy_ocms_code N24001767
N24001676,ocms:N24001676,618630,,ocms:N24001676 was minted by the truncated-read run of load-mospi-historical; 618630 is the MoSPI project_code that already carried legacy_ocms_code N24001676
N24001626,ocms:N24001626,618632,,ocms:N24001626 was minted by the truncated-read run of load-mospi-historical; 618632 is the MoSPI project_code that already carried legacy_ocms_code N24001626
N24001819,ocms:N24001819,618634,,ocms:N24001819 was minted by the truncated-read run of load-mospi-historical; 618634 is the MoSPI project_code that already carried legacy_ocms_code N24001819
N24001818,ocms:N24001818,618635,,ocms:N24001818 was minted by the truncated-read run of load-mospi-historical; 618635 is the MoSPI project_code that already carried legacy_ocms_code N24001818
N24001804,ocms:N24001804,618637,,ocms:N24001804 was minted by the truncated-read run of load-mospi-historical; 618637 is the MoSPI project_code that already carried legacy_ocms_code N24001804
N24001611,ocms:N24001611,618639,,ocms:N24001611 was minted by the truncated-read run of load-mospi-historical; 618639 is the MoSPI project_code that already carried legacy_ocms_code N24001611
N24001595,ocms:N24001595,618642,,ocms:N24001595 was minted by the truncated-read run of load-mospi-historical; 618642 is the MoSPI project_code that already carried legacy_ocms_code N24001595
N24001854,ocms:N24001854,618644,,ocms:N24001854 was minted by the truncated-read run of load-mospi-historical; 618644 is the MoSPI project_code that already carried legacy_ocms_code N24001854
N24002056,ocms:N24002056,618645,,ocms:N24002056 was minted by the truncated-read run of load-mospi-historical; 618645 is the MoSPI project_code that already carried legacy_ocms_code N24002056
N24002091,ocms:N24002091,618647,,ocms:N24002091 was minted by the truncated-read run of load-mospi-historical; 618647 is the MoSPI project_code that already carried legacy_ocms_code N24002091
N24001967,ocms:N24001967,618654,,ocms:N24001967 was minted by the truncated-read run of load-mospi-historical; 618654 is the MoSPI project_code that already carried legacy_ocms_code N24001967
N24002077,ocms:N24002077,618663,,ocms:N24002077 was minted by the truncated-read run of load-mospi-historical; 618663 is the MoSPI project_code that already carried legacy_ocms_code N24002077
N24001614,ocms:N24001614,618664,,ocms:N24001614 was minted by the truncated-read run of load-mospi-historical; 618664 is the MoSPI project_code that already carried legacy_ocms_code N24001614
N24001615,ocms:N24001615,618665,,ocms:N24001615 was minted by the truncated-read run of load-mospi-historical; 618665 is the MoSPI project_code that already carried legacy_ocms_code N24001615
N24001593,ocms:N24001593,618673,,ocms:N24001593 was minted by the truncated-read run of load-mospi-historical; 618673 is the MoSPI project_code that already carried legacy_ocms_code N24001593
N24001588,ocms:N24001588,618674,,ocms:N24001588 was minted by the truncated-read run of load-mospi-historical; 618674 is the MoSPI project_code that already carried legacy_ocms_code N24001588
N24002017,ocms:N24002017,618675,,ocms:N24002017 was minted by the truncated-read run of load-mospi-historical; 618675 is the MoSPI project_code that already carried legacy_ocms_code N24002017
N24001669,ocms:N24001669,618676,,ocms:N24001669 was minted by the truncated-read run of load-mospi-historical; 618676 is the MoSPI project_code that already carried legacy_ocms_code N24001669
N24001667,ocms:N24001667,618677,,ocms:N24001667 was minted by the truncated-read run of load-mospi-historical; 618677 is the MoSPI project_code that already carried legacy_ocms_code N24001667
N24001678,ocms:N24001678,618678,,ocms:N24001678 was minted by the truncated-read run of load-mospi-historical; 618678 is the MoSPI project_code that already carried legacy_ocms_code N24001678
N24001665,ocms:N24001665,618680,,ocms:N24001665 was minted by the truncated-read run of load-mospi-historical; 618680 is the MoSPI project_code that already carried legacy_ocms_code N24001665
N24001838,ocms:N24001838,618681,,ocms:N24001838 was minted by the truncated-read run of load-mospi-historical; 618681 is the MoSPI project_code that already carried legacy_ocms_code N24001838
N24002068,ocms:N24002068,618687,,ocms:N24002068 was minted by the truncated-read run of load-mospi-historical; 618687 is the MoSPI project_code that already carried legacy_ocms_code N24002068
N24000656,ocms:N24000656,618693,,ocms:N24000656 was minted by the truncated-read run of load-mospi-historical; 618693 is the MoSPI project_code that already carried legacy_ocms_code N24000656
N24001766,ocms:N24001766,618694,,ocms:N24001766 was minted by the truncated-read run of load-mospi-historical; 618694 is the MoSPI project_code that already carried legacy_ocms_code N24001766
N24001762,ocms:N24001762,618695,,ocms:N24001762 was minted by the truncated-read run of load-mospi-historical; 618695 is the MoSPI project_code that already carried legacy_ocms_code N24001762
N24002067,ocms:N24002067,618701,,ocms:N24002067 was minted by the truncated-read run of load-mospi-historical; 618701 is the MoSPI project_code that already carried legacy_ocms_code N24002067
N24001425,ocms:N24001425,618702,,ocms:N24001425 was minted by the truncated-read run of load-mospi-historical; 618702 is the MoSPI project_code that already carried legacy_ocms_code N24001425
N24002074,ocms:N24002074,618708,,ocms:N24002074 was minted by the truncated-read run of load-mospi-historical; 618708 is the MoSPI project_code that already carried legacy_ocms_code N24002074
N24001989,ocms:N24001989,618709,,ocms:N24001989 was minted by the truncated-read run of load-mospi-historical; 618709 is the MoSPI project_code that already carried legacy_ocms_code N24001989
N24001830,ocms:N24001830,618710,,ocms:N24001830 was minted by the truncated-read run of load-mospi-historical; 618710 is the MoSPI project_code that already carried legacy_ocms_code N24001830
N24001629,ocms:N24001629,618711,,ocms:N24001629 was minted by the truncated-read run of load-mospi-historical; 618711 is the MoSPI project_code that already carried legacy_ocms_code N24001629
N24001841,ocms:N24001841,618712,,ocms:N24001841 was minted by the truncated-read run of load-mospi-historical; 618712 is the MoSPI project_code that already carried legacy_ocms_code N24001841
N24001846,ocms:N24001846,618713,,ocms:N24001846 was minted by the truncated-read run of load-mospi-historical; 618713 is the MoSPI project_code that already carried legacy_ocms_code N24001846
N24001845,ocms:N24001845,618714,,ocms:N24001845 was minted by the truncated-read run of load-mospi-historical; 618714 is the MoSPI project_code that already carried legacy_ocms_code N24001845
N24001844,ocms:N24001844,618715,,ocms:N24001844 was minted by the truncated-read run of load-mospi-historical; 618715 is the MoSPI project_code that already carried legacy_ocms_code N24001844
N24001847,ocms:N24001847,618720,,ocms:N24001847 was minted by the truncated-read run of load-mospi-historical; 618720 is the MoSPI project_code that already carried legacy_ocms_code N24001847
N24002036,ocms:N24002036,618722,,ocms:N24002036 was minted by the truncated-read run of load-mospi-historical; 618722 is the MoSPI project_code that already carried legacy_ocms_code N24002036
N24002040,ocms:N24002040,618723,,ocms:N24002040 was minted by the truncated-read run of load-mospi-historical; 618723 is the MoSPI project_code that already carried legacy_ocms_code N24002040
N24001759,ocms:N24001759,618735,,ocms:N24001759 was minted by the truncated-read run of load-mospi-historical; 618735 is the MoSPI project_code that already carried legacy_ocms_code N24001759
N24002084,ocms:N24002084,618744,,ocms:N24002084 was minted by the truncated-read run of load-mospi-historical; 618744 is the MoSPI project_code that already carried legacy_ocms_code N24002084
N24002114,ocms:N24002114,618745,,ocms:N24002114 was minted by the truncated-read run of load-mospi-historical; 618745 is the MoSPI project_code that already carried legacy_ocms_code N24002114
N24001482,ocms:N24001482,618746,,ocms:N24001482 was minted by the truncated-read run of load-mospi-historical; 618746 is the MoSPI project_code that already carried legacy_ocms_code N24001482
N24001484,ocms:N24001484,618747,,ocms:N24001484 was minted by the truncated-read run of load-mospi-historical; 618747 is the MoSPI project_code that already carried legacy_ocms_code N24001484
N24001477,ocms:N24001477,618749,,ocms:N24001477 was minted by the truncated-read run of load-mospi-historical; 618749 is the MoSPI project_code that already carried legacy_ocms_code N24001477
N24001921,ocms:N24001921,618751,,ocms:N24001921 was minted by the truncated-read run of load-mospi-historical; 618751 is the MoSPI project_code that already carried legacy_ocms_code N24001921
N24001605,ocms:N24001605,618756,,ocms:N24001605 was minted by the truncated-read run of load-mospi-historical; 618756 is the MoSPI project_code that already carried legacy_ocms_code N24001605
N24001638,ocms:N24001638,618760,,ocms:N24001638 was minted by the truncated-read run of load-mospi-historical; 618760 is the MoSPI project_code that already carried legacy_ocms_code N24001638
N24001754,ocms:N24001754,618761,,ocms:N24001754 was minted by the truncated-read run of load-mospi-historical; 618761 is the MoSPI project_code that already carried legacy_ocms_code N24001754
N24001639,ocms:N24001639,618764,,ocms:N24001639 was minted by the truncated-read run of load-mospi-historical; 618764 is the MoSPI project_code that already carried legacy_ocms_code N24001639
N24002083,ocms:N24002083,618765,,ocms:N24002083 was minted by the truncated-read run of load-mospi-historical; 618765 is the MoSPI project_code that already carried legacy_ocms_code N24002083
N24001729,ocms:N24001729,618770,,ocms:N24001729 was minted by the truncated-read run of load-mospi-historical; 618770 is the MoSPI project_code that already carried legacy_ocms_code N24001729
N24001820,ocms:N24001820,618771,,ocms:N24001820 was minted by the truncated-read run of load-mospi-historical; 618771 is the MoSPI project_code that already carried legacy_ocms_code N24001820
N24001988,ocms:N24001988,618772,,ocms:N24001988 was minted by the truncated-read run of load-mospi-historical; 618772 is the MoSPI project_code that already carried legacy_ocms_code N24001988
N24001630,ocms:N24001630,618785,,ocms:N24001630 was minted by the truncated-read run of load-mospi-historical; 618785 is the MoSPI project_code that already carried legacy_ocms_code N24001630
N24001785,ocms:N24001785,618787,,ocms:N24001785 was minted by the truncated-read run of load-mospi-historical; 618787 is the MoSPI project_code that already carried legacy_ocms_code N24001785
N24002043,ocms:N24002043,618788,,ocms:N24002043 was minted by the truncated-read run of load-mospi-historical; 618788 is the MoSPI project_code that already carried legacy_ocms_code N24002043
N24002042,ocms:N24002042,618792,,ocms:N24002042 was minted by the truncated-read run of load-mospi-historical; 618792 is the MoSPI project_code that already carried legacy_ocms_code N24002042
N24001644,ocms:N24001644,618794,,ocms:N24001644 was minted by the truncated-read run of load-mospi-historical; 618794 is the MoSPI project_code that already carried legacy_ocms_code N24001644
N24001642,ocms:N24001642,618795,,ocms:N24001642 was minted by the truncated-read run of load-mospi-historical; 618795 is the MoSPI project_code that already carried legacy_ocms_code N24001642
N24000795,ocms:N24000795,618796,,ocms:N24000795 was minted by the truncated-read run of load-mospi-historical; 618796 is the MoSPI project_code that already carried legacy_ocms_code N24000795
N24002095,ocms:N24002095,618798,,ocms:N24002095 was minted by the truncated-read run of load-mospi-historical; 618798 is the MoSPI project_code that already carried legacy_ocms_code N24002095
N24001599,ocms:N24001599,618799,,ocms:N24001599 was minted by the truncated-read run of load-mospi-historical; 618799 is the MoSPI project_code that already carried legacy_ocms_code N24001599
N24002109,ocms:N24002109,618800,,ocms:N24002109 was minted by the truncated-read run of load-mospi-historical; 618800 is the MoSPI project_code that already carried legacy_ocms_code N24002109
N24002110,ocms:N24002110,618801,,ocms:N24002110 was minted by the truncated-read run of load-mospi-historical; 618801 is the MoSPI project_code that already carried legacy_ocms_code N24002110
N24001856,ocms:N24001856,618803,,ocms:N24001856 was minted by the truncated-read run of load-mospi-historical; 618803 is the MoSPI project_code that already carried legacy_ocms_code N24001856
N24000811,ocms:N24000811,618804,,ocms:N24000811 was minted by the truncated-read run of load-mospi-historical; 618804 is the MoSPI project_code that already carried legacy_ocms_code N24000811
N24002101,ocms:N24002101,618809,,ocms:N24002101 was minted by the truncated-read run of load-mospi-historical; 618809 is the MoSPI project_code that already carried legacy_ocms_code N24002101
N24002100,ocms:N24002100,618810,,ocms:N24002100 was minted by the truncated-read run of load-mospi-historical; 618810 is the MoSPI project_code that already carried legacy_ocms_code N24002100
N24002079,ocms:N24002079,618820,,ocms:N24002079 was minted by the truncated-read run of load-mospi-historical; 618820 is the MoSPI project_code that already carried legacy_ocms_code N24002079
N24002080,ocms:N24002080,618821,,ocms:N24002080 was minted by the truncated-read run of load-mospi-historical; 618821 is the MoSPI project_code that already carried legacy_ocms_code N24002080
N24001750,ocms:N24001750,618825,,ocms:N24001750 was minted by the truncated-read run of load-mospi-historical; 618825 is the MoSPI project_code that already carried legacy_ocms_code N24001750
N24001980,ocms:N24001980,618826,,ocms:N24001980 was minted by the truncated-read run of load-mospi-historical; 618826 is the MoSPI project_code that already carried legacy_ocms_code N24001980
N24002053,ocms:N24002053,618828,,ocms:N24002053 was minted by the truncated-read run of load-mospi-historical; 618828 is the MoSPI project_code that already carried legacy_ocms_code N24002053
N24002054,ocms:N24002054,618830,,ocms:N24002054 was minted by the truncated-read run of load-mospi-historical; 618830 is the MoSPI project_code that already carried legacy_ocms_code N24002054
N24000592,ocms:N24000592,618833,,ocms:N24000592 was minted by the truncated-read run of load-mospi-historical; 618833 is the MoSPI project_code that already carried legacy_ocms_code N24000592
N24001827,ocms:N24001827,618834,,ocms:N24001827 was minted by the truncated-read run of load-mospi-historical; 618834 is the MoSPI project_code that already carried legacy_ocms_code N24001827
N24001834,ocms:N24001834,618836,,ocms:N24001834 was minted by the truncated-read run of load-mospi-historical; 618836 is the MoSPI project_code that already carried legacy_ocms_code N24001834
N24001835,ocms:N24001835,618837,,ocms:N24001835 was minted by the truncated-read run of load-mospi-historical; 618837 is the MoSPI project_code that already carried legacy_ocms_code N24001835
N24001558,ocms:N24001558,618838,,ocms:N24001558 was minted by the truncated-read run of load-mospi-historical; 618838 is the MoSPI project_code that already carried legacy_ocms_code N24001558
N24000480,ocms:N24000480,618840,,ocms:N24000480 was minted by the truncated-read run of load-mospi-historical; 618840 is the MoSPI project_code that already carried legacy_ocms_code N24000480
N24001699,ocms:N24001699,618841,,ocms:N24001699 was minted by the truncated-read run of load-mospi-historical; 618841 is the MoSPI project_code that already carried legacy_ocms_code N24001699
N24001429,ocms:N24001429,618845,,ocms:N24001429 was minted by the truncated-read run of load-mospi-historical; 618845 is the MoSPI project_code that already carried legacy_ocms_code N24001429
N24001431,ocms:N24001431,618847,,ocms:N24001431 was minted by the truncated-read run of load-mospi-historical; 618847 is the MoSPI project_code that already carried legacy_ocms_code N24001431
N24001809,ocms:N24001809,618849,,ocms:N24001809 was minted by the truncated-read run of load-mospi-historical; 618849 is the MoSPI project_code that already carried legacy_ocms_code N24001809
N24000613,ocms:N24000613,618850,,ocms:N24000613 was minted by the truncated-read run of load-mospi-historical; 618850 is the MoSPI project_code that already carried legacy_ocms_code N24000613
N24001810,ocms:N24001810,618852,,ocms:N24001810 was minted by the truncated-read run of load-mospi-historical; 618852 is the MoSPI project_code that already carried legacy_ocms_code N24001810
N24001306,ocms:N24001306,618854,,ocms:N24001306 was minted by the truncated-read run of load-mospi-historical; 618854 is the MoSPI project_code that already carried legacy_ocms_code N24001306
N24001727,ocms:N24001727,618855,,ocms:N24001727 was minted by the truncated-read run of load-mospi-historical; 618855 is the MoSPI project_code that already carried legacy_ocms_code N24001727
N24002094,ocms:N24002094,618856,,ocms:N24002094 was minted by the truncated-read run of load-mospi-historical; 618856 is the MoSPI project_code that already carried legacy_ocms_code N24002094
N24001732,ocms:N24001732,618859,,ocms:N24001732 was minted by the truncated-read run of load-mospi-historical; 618859 is the MoSPI project_code that already carried legacy_ocms_code N24001732
N24001851,ocms:N24001851,618864,,ocms:N24001851 was minted by the truncated-read run of load-mospi-historical; 618864 is the MoSPI project_code that already carried legacy_ocms_code N24001851
N24002050,ocms:N24002050,618878,,ocms:N24002050 was minted by the truncated-read run of load-mospi-historical; 618878 is the MoSPI project_code that already carried legacy_ocms_code N24002050
N24002086,ocms:N24002086,618883,,ocms:N24002086 was minted by the truncated-read run of load-mospi-historical; 618883 is the MoSPI project_code that already carried legacy_ocms_code N24002086
N24002087,ocms:N24002087,618884,,ocms:N24002087 was minted by the truncated-read run of load-mospi-historical; 618884 is the MoSPI project_code that already carried legacy_ocms_code N24002087
N24002089,ocms:N24002089,618885,,ocms:N24002089 was minted by the truncated-read run of load-mospi-historical; 618885 is the MoSPI project_code that already carried legacy_ocms_code N24002089
N24001687,ocms:N24001687,618887,,ocms:N24001687 was minted by the truncated-read run of load-mospi-historical; 618887 is the MoSPI project_code that already carried legacy_ocms_code N24001687
N24002052,ocms:N24002052,618888,,ocms:N24002052 was minted by the truncated-read run of load-mospi-historical; 618888 is the MoSPI project_code that already carried legacy_ocms_code N24002052
N24001808,ocms:N24001808,618889,,ocms:N24001808 was minted by the truncated-read run of load-mospi-historical; 618889 is the MoSPI project_code that already carried legacy_ocms_code N24001808
N24002051,ocms:N24002051,618890,,ocms:N24002051 was minted by the truncated-read run of load-mospi-historical; 618890 is the MoSPI project_code that already carried legacy_ocms_code N24002051
N24001602,ocms:N24001602,618894,,ocms:N24001602 was minted by the truncated-read run of load-mospi-historical; 618894 is the MoSPI project_code that already carried legacy_ocms_code N24001602
N24001601,ocms:N24001601,618895,,ocms:N24001601 was minted by the truncated-read run of load-mospi-historical; 618895 is the MoSPI project_code that already carried legacy_ocms_code N24001601
N24001680,ocms:N24001680,618896,,ocms:N24001680 was minted by the truncated-read run of load-mospi-historical; 618896 is the MoSPI project_code that already carried legacy_ocms_code N24001680
N24000708,ocms:N24000708,618897,,ocms:N24000708 was minted by the truncated-read run of load-mospi-historical; 618897 is the MoSPI project_code that already carried legacy_ocms_code N24000708
N24000723,ocms:N24000723,618902,,ocms:N24000723 was minted by the truncated-read run of load-mospi-historical; 618902 is the MoSPI project_code that already carried legacy_ocms_code N24000723
N24000187,ocms:N24000187,618904,,ocms:N24000187 was minted by the truncated-read run of load-mospi-historical; 618904 is the MoSPI project_code that already carried legacy_ocms_code N24000187
N24001643,ocms:N24001643,618906,,ocms:N24001643 was minted by the truncated-read run of load-mospi-historical; 618906 is the MoSPI project_code that already carried legacy_ocms_code N24001643
N24002081,ocms:N24002081,618908,,ocms:N24002081 was minted by the truncated-read run of load-mospi-historical; 618908 is the MoSPI project_code that already carried legacy_ocms_code N24002081
N24000788,ocms:N24000788,618909,,ocms:N24000788 was minted by the truncated-read run of load-mospi-historical; 618909 is the MoSPI project_code that already carried legacy_ocms_code N24000788
N24001749,ocms:N24001749,618910,,ocms:N24001749 was minted by the truncated-read run of load-mospi-historical; 618910 is the MoSPI project_code that already carried legacy_ocms_code N24001749
N24002090,ocms:N24002090,618911,,ocms:N24002090 was minted by the truncated-read run of load-mospi-historical; 618911 is the MoSPI project_code that already carried legacy_ocms_code N24002090
N24000739,ocms:N24000739,618913,,ocms:N24000739 was minted by the truncated-read run of load-mospi-historical; 618913 is the MoSPI project_code that already carried legacy_ocms_code N24000739
N24001304,ocms:N24001304,618915,,ocms:N24001304 was minted by the truncated-read run of load-mospi-historical; 618915 is the MoSPI project_code that already carried legacy_ocms_code N24001304
N24001305,ocms:N24001305,618916,,ocms:N24001305 was minted by the truncated-read run of load-mospi-historical; 618916 is the MoSPI project_code that already carried legacy_ocms_code N24001305
N24001984,ocms:N24001984,618919,,ocms:N24001984 was minted by the truncated-read run of load-mospi-historical; 618919 is the MoSPI project_code that already carried legacy_ocms_code N24001984
N24002049,ocms:N24002049,618921,,ocms:N24002049 was minted by the truncated-read run of load-mospi-historical; 618921 is the MoSPI project_code that already carried legacy_ocms_code N24002049
N24001738,ocms:N24001738,618925,,ocms:N24001738 was minted by the truncated-read run of load-mospi-historical; 618925 is the MoSPI project_code that already carried legacy_ocms_code N24001738
N24002093,ocms:N24002093,618928,,ocms:N24002093 was minted by the truncated-read run of load-mospi-historical; 618928 is the MoSPI project_code that already carried legacy_ocms_code N24002093
N24002044,ocms:N24002044,618935,,ocms:N24002044 was minted by the truncated-read run of load-mospi-historical; 618935 is the MoSPI project_code that already carried legacy_ocms_code N24002044
N24001635,ocms:N24001635,618936,,ocms:N24001635 was minted by the truncated-read run of load-mospi-historical; 618936 is the MoSPI project_code that already carried legacy_ocms_code N24001635
N24001799,ocms:N24001799,618937,,ocms:N24001799 was minted by the truncated-read run of load-mospi-historical; 618937 is the MoSPI project_code that already carried legacy_ocms_code N24001799
N24001796,ocms:N24001796,618938,,ocms:N24001796 was minted by the truncated-read run of load-mospi-historical; 618938 is the MoSPI project_code that already carried legacy_ocms_code N24001796
N24001677,ocms:N24001677,618942,,ocms:N24001677 was minted by the truncated-read run of load-mospi-historical; 618942 is the MoSPI project_code that already carried legacy_ocms_code N24001677
N24001522,ocms:N24001522,618945,,ocms:N24001522 was minted by the truncated-read run of load-mospi-historical; 618945 is the MoSPI project_code that already carried legacy_ocms_code N24001522
N24002057,ocms:N24002057,618946,,ocms:N24002057 was minted by the truncated-read run of load-mospi-historical; 618946 is the MoSPI project_code that already carried legacy_ocms_code N24002057
N24001596,ocms:N24001596,618947,,ocms:N24001596 was minted by the truncated-read run of load-mospi-historical; 618947 is the MoSPI project_code that already carried legacy_ocms_code N24001596
N24002055,ocms:N24002055,618949,,ocms:N24002055 was minted by the truncated-read run of load-mospi-historical; 618949 is the MoSPI project_code that already carried legacy_ocms_code N24002055
N24001589,ocms:N24001589,618951,,ocms:N24001589 was minted by the truncated-read run of load-mospi-historical; 618951 is the MoSPI project_code that already carried legacy_ocms_code N24001589
N24000714,ocms:N24000714,618952,,ocms:N24000714 was minted by the truncated-read run of load-mospi-historical; 618952 is the MoSPI project_code that already carried legacy_ocms_code N24000714
N24001371,ocms:N24001371,618953,,ocms:N24001371 was minted by the truncated-read run of load-mospi-historical; 618953 is the MoSPI project_code that already carried legacy_ocms_code N24001371
N24000813,ocms:N24000813,618955,,ocms:N24000813 was minted by the truncated-read run of load-mospi-historical; 618955 is the MoSPI project_code that already carried legacy_ocms_code N24000813
N24002106,ocms:N24002106,618959,,ocms:N24002106 was minted by the truncated-read run of load-mospi-historical; 618959 is the MoSPI project_code that already carried legacy_ocms_code N24002106
N24002105,ocms:N24002105,618960,,ocms:N24002105 was minted by the truncated-read run of load-mospi-historical; 618960 is the MoSPI project_code that already carried legacy_ocms_code N24002105
N24001735,ocms:N24001735,618968,,ocms:N24001735 was minted by the truncated-read run of load-mospi-historical; 618968 is the MoSPI project_code that already carried legacy_ocms_code N24001735
N24001628,ocms:N24001628,618969,,ocms:N24001628 was minted by the truncated-read run of load-mospi-historical; 618969 is the MoSPI project_code that already carried legacy_ocms_code N24001628
N24001734,ocms:N24001734,618970,,ocms:N24001734 was minted by the truncated-read run of load-mospi-historical; 618970 is the MoSPI project_code that already carried legacy_ocms_code N24001734
N24000852,ocms:N24000852,619003,,ocms:N24000852 was minted by the truncated-read run of load-mospi-historical; 619003 is the MoSPI project_code that already carried legacy_ocms_code N24000852
N24002027,ocms:N24002027,619010,,ocms:N24002027 was minted by the truncated-read run of load-mospi-historical; 619010 is the MoSPI project_code that already carried legacy_ocms_code N24002027
N24001396,ocms:N24001396,619038,,ocms:N24001396 was minted by the truncated-read run of load-mospi-historical; 619038 is the MoSPI project_code that already carried legacy_ocms_code N24001396
N24001907,ocms:N24001907,619042,,ocms:N24001907 was minted by the truncated-read run of load-mospi-historical; 619042 is the MoSPI project_code that already carried legacy_ocms_code N24001907
N24000765,ocms:N24000765,619059,,ocms:N24000765 was minted by the truncated-read run of load-mospi-historical; 619059 is the MoSPI project_code that already carried legacy_ocms_code N24000765
N24001557,ocms:N24001557,619063,,ocms:N24001557 was minted by the truncated-read run of load-mospi-historical; 619063 is the MoSPI project_code that already carried legacy_ocms_code N24001557
N24001786,ocms:N24001786,619064,,ocms:N24001786 was minted by the truncated-read run of load-mospi-historical; 619064 is the MoSPI project_code that already carried legacy_ocms_code N24001786
N24001551,ocms:N24001551,619066,,ocms:N24001551 was minted by the truncated-read run of load-mospi-historical; 619066 is the MoSPI project_code that already carried legacy_ocms_code N24001551
N24002048,ocms:N24002048,619068,,ocms:N24002048 was minted by the truncated-read run of load-mospi-historical; 619068 is the MoSPI project_code that already carried legacy_ocms_code N24002048
N24001681,ocms:N24001681,619071,,ocms:N24001681 was minted by the truncated-read run of load-mospi-historical; 619071 is the MoSPI project_code that already carried legacy_ocms_code N24001681
N24001674,ocms:N24001674,619072,,ocms:N24001674 was minted by the truncated-read run of load-mospi-historical; 619072 is the MoSPI project_code that already carried legacy_ocms_code N24001674
N24000726,ocms:N24000726,619078,,ocms:N24000726 was minted by the truncated-read run of load-mospi-historical; 619078 is the MoSPI project_code that already carried legacy_ocms_code N24000726
N24002035,ocms:N24002035,619087,,ocms:N24002035 was minted by the truncated-read run of load-mospi-historical; 619087 is the MoSPI project_code that already carried legacy_ocms_code N24002035
N24001781,ocms:N24001781,619090,,ocms:N24001781 was minted by the truncated-read run of load-mospi-historical; 619090 is the MoSPI project_code that already carried legacy_ocms_code N24001781
N24001694,ocms:N24001694,619094,,ocms:N24001694 was minted by the truncated-read run of load-mospi-historical; 619094 is the MoSPI project_code that already carried legacy_ocms_code N24001694
N24001607,ocms:N24001607,619095,,ocms:N24001607 was minted by the truncated-read run of load-mospi-historical; 619095 is the MoSPI project_code that already carried legacy_ocms_code N24001607
N24000462,ocms:N24000462,619096,,ocms:N24000462 was minted by the truncated-read run of load-mospi-historical; 619096 is the MoSPI project_code that already carried legacy_ocms_code N24000462
N24000784,ocms:N24000784,619098,,ocms:N24000784 was minted by the truncated-read run of load-mospi-historical; 619098 is the MoSPI project_code that already carried legacy_ocms_code N24000784
N24001668,ocms:N24001668,619109,,ocms:N24001668 was minted by the truncated-read run of load-mospi-historical; 619109 is the MoSPI project_code that already carried legacy_ocms_code N24001668
N24000619,ocms:N24000619,619118,,ocms:N24000619 was minted by the truncated-read run of load-mospi-historical; 619118 is the MoSPI project_code that already carried legacy_ocms_code N24000619
N24000715,ocms:N24000715,619119,,ocms:N24000715 was minted by the truncated-read run of load-mospi-historical; 619119 is the MoSPI project_code that already carried legacy_ocms_code N24000715
N24001771,ocms:N24001771,619122,,ocms:N24001771 was minted by the truncated-read run of load-mospi-historical; 619122 is the MoSPI project_code that already carried legacy_ocms_code N24001771
N24002122,ocms:N24002122,619123,,ocms:N24002122 was minted by the truncated-read run of load-mospi-historical; 619123 is the MoSPI project_code that already carried legacy_ocms_code N24002122
N24002124,ocms:N24002124,619124,,ocms:N24002124 was minted by the truncated-read run of load-mospi-historical; 619124 is the MoSPI project_code that already carried legacy_ocms_code N24002124
N24002125,ocms:N24002125,619126,,ocms:N24002125 was minted by the truncated-read run of load-mospi-historical; 619126 is the MoSPI project_code that already carried legacy_ocms_code N24002125
N24001483,ocms:N24001483,619128,,ocms:N24001483 was minted by the truncated-read run of load-mospi-historical; 619128 is the MoSPI project_code that already carried legacy_ocms_code N24001483
N24001721,ocms:N24001721,619129,,ocms:N24001721 was minted by the truncated-read run of load-mospi-historical; 619129 is the MoSPI project_code that already carried legacy_ocms_code N24001721
N24002111,ocms:N24002111,619130,,ocms:N24002111 was minted by the truncated-read run of load-mospi-historical; 619130 is the MoSPI project_code that already carried legacy_ocms_code N24002111
N24000826,ocms:N24000826,619131,,ocms:N24000826 was minted by the truncated-read run of load-mospi-historical; 619131 is the MoSPI project_code that already carried legacy_ocms_code N24000826
N24001774,ocms:N24001774,619132,,ocms:N24001774 was minted by the truncated-read run of load-mospi-historical; 619132 is the MoSPI project_code that already carried legacy_ocms_code N24001774
N24002098,ocms:N24002098,619134,,ocms:N24002098 was minted by the truncated-read run of load-mospi-historical; 619134 is the MoSPI project_code that already carried legacy_ocms_code N24002098
N24001682,ocms:N24001682,619138,,ocms:N24001682 was minted by the truncated-read run of load-mospi-historical; 619138 is the MoSPI project_code that already carried legacy_ocms_code N24001682
N24002033,ocms:N24002033,619141,,ocms:N24002033 was minted by the truncated-read run of load-mospi-historical; 619141 is the MoSPI project_code that already carried legacy_ocms_code N24002033
N24000569,ocms:N24000569,619146,,ocms:N24000569 was minted by the truncated-read run of load-mospi-historical; 619146 is the MoSPI project_code that already carried legacy_ocms_code N24000569
N24001793,ocms:N24001793,619147,,ocms:N24001793 was minted by the truncated-read run of load-mospi-historical; 619147 is the MoSPI project_code that already carried legacy_ocms_code N24001793
N24001495,ocms:N24001495,619149,,ocms:N24001495 was minted by the truncated-read run of load-mospi-historical; 619149 is the MoSPI project_code that already carried legacy_ocms_code N24001495
N24000507,ocms:N24000507,619152,,ocms:N24000507 was minted by the truncated-read run of load-mospi-historical; 619152 is the MoSPI project_code that already carried legacy_ocms_code N24000507
N24001812,ocms:N24001812,619153,,ocms:N24001812 was minted by the truncated-read run of load-mospi-historical; 619153 is the MoSPI project_code that already carried legacy_ocms_code N24001812
N24001526,ocms:N24001526,619155,,ocms:N24001526 was minted by the truncated-read run of load-mospi-historical; 619155 is the MoSPI project_code that already carried legacy_ocms_code N24001526
N24000734,ocms:N24000734,619157,,ocms:N24000734 was minted by the truncated-read run of load-mospi-historical; 619157 is the MoSPI project_code that already carried legacy_ocms_code N24000734
N24000733,ocms:N24000733,619158,,ocms:N24000733 was minted by the truncated-read run of load-mospi-historical; 619158 is the MoSPI project_code that already carried legacy_ocms_code N24000733
N24001753,ocms:N24001753,619162,,ocms:N24001753 was minted by the truncated-read run of load-mospi-historical; 619162 is the MoSPI project_code that already carried legacy_ocms_code N24001753
N24001502,ocms:N24001502,619163,,ocms:N24001502 was minted by the truncated-read run of load-mospi-historical; 619163 is the MoSPI project_code that already carried legacy_ocms_code N24001502
N24001733,ocms:N24001733,619168,,ocms:N24001733 was minted by the truncated-read run of load-mospi-historical; 619168 is the MoSPI project_code that already carried legacy_ocms_code N24001733
N04000082,ocms:N04000082,701101,,ocms:N04000082 was minted by the truncated-read run of load-mospi-historical; 701101 is the MoSPI project_code that already carried legacy_ocms_code N04000082
N04000095,ocms:N04000095,701105,,ocms:N04000095 was minted by the truncated-read run of load-mospi-historical; 701105 is the MoSPI project_code that already carried legacy_ocms_code N04000095
N04000091,ocms:N04000091,701107,,ocms:N04000091 was minted by the truncated-read run of load-mospi-historical; 701107 is the MoSPI project_code that already carried legacy_ocms_code N04000091
N04000103,ocms:N04000103,701121,,ocms:N04000103 was minted by the truncated-read run of load-mospi-historical; 701121 is the MoSPI project_code that already carried legacy_ocms_code N04000103
N04000099,ocms:N04000099,701126,,ocms:N04000099 was minted by the truncated-read run of load-mospi-historical; 701126 is the MoSPI project_code that already carried legacy_ocms_code N04000099
N28000150,ocms:N28000150,701167,,ocms:N28000150 was minted by the truncated-read run of load-mospi-historical; 701167 is the MoSPI project_code that already carried legacy_ocms_code N28000150
N21000031,ocms:N21000031,701171,,ocms:N21000031 was minted by the truncated-read run of load-mospi-historical; 701171 is the MoSPI project_code that already carried legacy_ocms_code N21000031
N21000032,ocms:N21000032,701173,,ocms:N21000032 was minted by the truncated-read run of load-mospi-historical; 701173 is the MoSPI project_code that already carried legacy_ocms_code N21000032
N16000285,ocms:N16000285,701228,,ocms:N16000285 was minted by the truncated-read run of load-mospi-historical; 701228 is the MoSPI project_code that already carried legacy_ocms_code N16000285
N16000386,ocms:N16000386,701324,,ocms:N16000386 was minted by the truncated-read run of load-mospi-historical; 701324 is the MoSPI project_code that already carried legacy_ocms_code N16000386
N16000409,ocms:N16000409,701329,,ocms:N16000409 was minted by the truncated-read run of load-mospi-historical; 701329 is the MoSPI project_code that already carried legacy_ocms_code N16000409
N16000439,ocms:N16000439,701346,,ocms:N16000439 was minted by the truncated-read run of load-mospi-historical; 701346 is the MoSPI project_code that already carried legacy_ocms_code N16000439
N16000394,ocms:N16000394,701349,,ocms:N16000394 was minted by the truncated-read run of load-mospi-historical; 701349 is the MoSPI project_code that already carried legacy_ocms_code N16000394
N16000398,ocms:N16000398,701354,,ocms:N16000398 was minted by the truncated-read run of load-mospi-historical; 701354 is the MoSPI project_code that already carried legacy_ocms_code N16000398
N30000002,ocms:N30000002,701415,,ocms:N30000002 was minted by the truncated-read run of load-mospi-historical; 701415 is the MoSPI project_code that already carried legacy_ocms_code N30000002
N25000072,ocms:N25000072,701565,,ocms:N25000072 was minted by the truncated-read run of load-mospi-historical; 701565 is the MoSPI project_code that already carried legacy_ocms_code N25000072
N28000124,ocms:N28000124,702625,,ocms:N28000124 was minted by the truncated-read run of load-mospi-historical; 702625 is the MoSPI project_code that already carried legacy_ocms_code N28000124
N28000125,ocms:N28000125,702626,,ocms:N28000125 was minted by the truncated-read run of load-mospi-historical; 702626 is the MoSPI project_code that already carried legacy_ocms_code N28000125
N28000145,ocms:N28000145,702629,,ocms:N28000145 was minted by the truncated-read run of load-mospi-historical; 702629 is the MoSPI project_code that already carried legacy_ocms_code N28000145
N28000138,ocms:N28000138,702630,,ocms:N28000138 was minted by the truncated-read run of load-mospi-historical; 702630 is the MoSPI project_code that already carried legacy_ocms_code N28000138
N28000135,ocms:N28000135,702632,,ocms:N28000135 was minted by the truncated-read run of load-mospi-historical; 702632 is the MoSPI project_code that already carried legacy_ocms_code N28000135
N28000058,ocms:N28000058,702635,,ocms:N28000058 was minted by the truncated-read run of load-mospi-historical; 702635 is the MoSPI project_code that already carried legacy_ocms_code N28000058
N28000086,ocms:N28000086,702637,,ocms:N28000086 was minted by the truncated-read run of load-mospi-historical; 702637 is the MoSPI project_code that already carried legacy_ocms_code N28000086
N28000122,ocms:N28000122,702639,,ocms:N28000122 was minted by the truncated-read run of load-mospi-historical; 702639 is the MoSPI project_code that already carried legacy_ocms_code N28000122
220100181,ocms:220100181,705356,,ocms:220100181 was minted by the truncated-read run of load-mospi-historical; 705356 is the MoSPI project_code that already carried legacy_ocms_code 220100181
220100284,ocms:220100284,705358,,ocms:220100284 was minted by the truncated-read run of load-mospi-historical; 705358 is the MoSPI project_code that already carried legacy_ocms_code 220100284
220100328,ocms:220100328,705359,,ocms:220100328 was minted by the truncated-read run of load-mospi-historical; 705359 is the MoSPI project_code that already carried legacy_ocms_code 220100328
220100257,ocms:220100257,705364,,ocms:220100257 was minted by the truncated-read run of load-mospi-historical; 705364 is the MoSPI project_code that already carried legacy_ocms_code 220100257
220100303,ocms:220100303,705366,,ocms:220100303 was minted by the truncated-read run of load-mospi-historical; 705366 is the MoSPI project_code that already carried legacy_ocms_code 220100303
N22000177,ocms:N22000177,705368,,ocms:N22000177 was minted by the truncated-read run of load-mospi-historical; 705368 is the MoSPI project_code that already carried legacy_ocms_code N22000177
N22000476,ocms:N22000476,705373,,ocms:N22000476 was minted by the truncated-read run of load-mospi-historical; 705373 is the MoSPI project_code that already carried legacy_ocms_code N22000476
220100305,ocms:220100305,705375,,ocms:220100305 was minted by the truncated-read run of load-mospi-historical; 705375 is the MoSPI project_code that already carried legacy_ocms_code 220100305
N22000219,ocms:N22000219,705385,,ocms:N22000219 was minted by the truncated-read run of load-mospi-historical; 705385 is the MoSPI project_code that already carried legacy_ocms_code N22000219
220100288,ocms:220100288,705391,,ocms:220100288 was minted by the truncated-read run of load-mospi-historical; 705391 is the MoSPI project_code that already carried legacy_ocms_code 220100288
N22000208,ocms:N22000208,705401,,ocms:N22000208 was minted by the truncated-read run of load-mospi-historical; 705401 is the MoSPI project_code that already carried legacy_ocms_code N22000208
220100188,ocms:220100188,705410,,ocms:220100188 was minted by the truncated-read run of load-mospi-historical; 705410 is the MoSPI project_code that already carried legacy_ocms_code 220100188
N22000148,ocms:N22000148,705419,,ocms:N22000148 was minted by the truncated-read run of load-mospi-historical; 705419 is the MoSPI project_code that already carried legacy_ocms_code N22000148
N22000102,ocms:N22000102,705432,,ocms:N22000102 was minted by the truncated-read run of load-mospi-historical; 705432 is the MoSPI project_code that already carried legacy_ocms_code N22000102
220100265,ocms:220100265,705436,,ocms:220100265 was minted by the truncated-read run of load-mospi-historical; 705436 is the MoSPI project_code that already carried legacy_ocms_code 220100265
N22000032,ocms:N22000032,705437,,ocms:N22000032 was minted by the truncated-read run of load-mospi-historical; 705437 is the MoSPI project_code that already carried legacy_ocms_code N22000032
N22000207,ocms:N22000207,705450,,ocms:N22000207 was minted by the truncated-read run of load-mospi-historical; 705450 is the MoSPI project_code that already carried legacy_ocms_code N22000207
N22000139,ocms:N22000139,705453,,ocms:N22000139 was minted by the truncated-read run of load-mospi-historical; 705453 is the MoSPI project_code that already carried legacy_ocms_code N22000139
N22000138,ocms:N22000138,705454,,ocms:N22000138 was minted by the truncated-read run of load-mospi-historical; 705454 is the MoSPI project_code that already carried legacy_ocms_code N22000138
N22000142,ocms:N22000142,705458,,ocms:N22000142 was minted by the truncated-read run of load-mospi-historical; 705458 is the MoSPI project_code that already carried legacy_ocms_code N22000142
220100232,ocms:220100232,705480,,ocms:220100232 was minted by the truncated-read run of load-mospi-historical; 705480 is the MoSPI project_code that already carried legacy_ocms_code 220100232
220100314,ocms:220100314,705481,,ocms:220100314 was minted by the truncated-read run of load-mospi-historical; 705481 is the MoSPI project_code that already carried legacy_ocms_code 220100314
N22000299,ocms:N22000299,705490,,ocms:N22000299 was minted by the truncated-read run of load-mospi-historical; 705490 is the MoSPI project_code that already carried legacy_ocms_code N22000299
N22000308,ocms:N22000308,705491,,ocms:N22000308 was minted by the truncated-read run of load-mospi-historical; 705491 is the MoSPI project_code that already carried legacy_ocms_code N22000308
N22000279,ocms:N22000279,705494,,ocms:N22000279 was minted by the truncated-read run of load-mospi-historical; 705494 is the MoSPI project_code that already carried legacy_ocms_code N22000279
N22000258,ocms:N22000258,705495,,ocms:N22000258 was minted by the truncated-read run of load-mospi-historical; 705495 is the MoSPI project_code that already carried legacy_ocms_code N22000258
N22000256,ocms:N22000256,705496,,ocms:N22000256 was minted by the truncated-read run of load-mospi-historical; 705496 is the MoSPI project_code that already carried legacy_ocms_code N22000256
N22000233,ocms:N22000233,705498,,ocms:N22000233 was minted by the truncated-read run of load-mospi-historical; 705498 is the MoSPI project_code that already carried legacy_ocms_code N22000233
N22000250,ocms:N22000250,705500,,ocms:N22000250 was minted by the truncated-read run of load-mospi-historical; 705500 is the MoSPI project_code that already carried legacy_ocms_code N22000250
N22000376,ocms:N22000376,705511,,ocms:N22000376 was minted by the truncated-read run of load-mospi-historical; 705511 is the MoSPI project_code that already carried legacy_ocms_code N22000376
N22000377,ocms:N22000377,705512,,ocms:N22000377 was minted by the truncated-read run of load-mospi-historical; 705512 is the MoSPI project_code that already carried legacy_ocms_code N22000377
N22000379,ocms:N22000379,705513,,ocms:N22000379 was minted by the truncated-read run of load-mospi-historical; 705513 is the MoSPI project_code that already carried legacy_ocms_code N22000379
N22000380,ocms:N22000380,705514,,ocms:N22000380 was minted by the truncated-read run of load-mospi-historical; 705514 is the MoSPI project_code that already carried legacy_ocms_code N22000380
N22000381,ocms:N22000381,705515,,ocms:N22000381 was minted by the truncated-read run of load-mospi-historical; 705515 is the MoSPI project_code that already carried legacy_ocms_code N22000381
N22000281,ocms:N22000281,705583,,ocms:N22000281 was minted by the truncated-read run of load-mospi-historical; 705583 is the MoSPI project_code that already carried legacy_ocms_code N22000281
N22000583,ocms:N22000583,705588,,ocms:N22000583 was minted by the truncated-read run of load-mospi-historical; 705588 is the MoSPI project_code that already carried legacy_ocms_code N22000583
N22000496,ocms:N22000496,705598,,ocms:N22000496 was minted by the truncated-read run of load-mospi-historical; 705598 is the MoSPI project_code that already carried legacy_ocms_code N22000496
N22000396,ocms:N22000396,705628,,ocms:N22000396 was minted by the truncated-read run of load-mospi-historical; 705628 is the MoSPI project_code that already carried legacy_ocms_code N22000396
N22000619,ocms:N22000619,705639,,ocms:N22000619 was minted by the truncated-read run of load-mospi-historical; 705639 is the MoSPI project_code that already carried legacy_ocms_code N22000619
N22000297,ocms:N22000297,705650,,ocms:N22000297 was minted by the truncated-read run of load-mospi-historical; 705650 is the MoSPI project_code that already carried legacy_ocms_code N22000297
N22000351,ocms:N22000351,705660,,ocms:N22000351 was minted by the truncated-read run of load-mospi-historical; 705660 is the MoSPI project_code that already carried legacy_ocms_code N22000351
N22000416,ocms:N22000416,705661,,ocms:N22000416 was minted by the truncated-read run of load-mospi-historical; 705661 is the MoSPI project_code that already carried legacy_ocms_code N22000416
N22000111,ocms:N22000111,705730,,ocms:N22000111 was minted by the truncated-read run of load-mospi-historical; 705730 is the MoSPI project_code that already carried legacy_ocms_code N22000111
N22000516,ocms:N22000516,705742,,ocms:N22000516 was minted by the truncated-read run of load-mospi-historical; 705742 is the MoSPI project_code that already carried legacy_ocms_code N22000516
N22000601,ocms:N22000601,705763,,ocms:N22000601 was minted by the truncated-read run of load-mospi-historical; 705763 is the MoSPI project_code that already carried legacy_ocms_code N22000601
N22000546,ocms:N22000546,705766,,ocms:N22000546 was minted by the truncated-read run of load-mospi-historical; 705766 is the MoSPI project_code that already carried legacy_ocms_code N22000546
N22000562,ocms:N22000562,705774,,ocms:N22000562 was minted by the truncated-read run of load-mospi-historical; 705774 is the MoSPI project_code that already carried legacy_ocms_code N22000562
N22000564,ocms:N22000564,705777,,ocms:N22000564 was minted by the truncated-read run of load-mospi-historical; 705777 is the MoSPI project_code that already carried legacy_ocms_code N22000564
N22000598,ocms:N22000598,705780,,ocms:N22000598 was minted by the truncated-read run of load-mospi-historical; 705780 is the MoSPI project_code that already carried legacy_ocms_code N22000598
N22000590,ocms:N22000590,705782,,ocms:N22000590 was minted by the truncated-read run of load-mospi-historical; 705782 is the MoSPI project_code that already carried legacy_ocms_code N22000590
N22000584,ocms:N22000584,705783,,ocms:N22000584 was minted by the truncated-read run of load-mospi-historical; 705783 is the MoSPI project_code that already carried legacy_ocms_code N22000584
N22000508,ocms:N22000508,705785,,ocms:N22000508 was minted by the truncated-read run of load-mospi-historical; 705785 is the MoSPI project_code that already carried legacy_ocms_code N22000508
N22000536,ocms:N22000536,705933,,ocms:N22000536 was minted by the truncated-read run of load-mospi-historical; 705933 is the MoSPI project_code that already carried legacy_ocms_code N22000536
N04000083,ocms:N04000083,706724,,ocms:N04000083 was minted by the truncated-read run of load-mospi-historical; 706724 is the MoSPI project_code that already carried legacy_ocms_code N04000083
N22000535,ocms:N22000535,706763,,ocms:N22000535 was minted by the truncated-read run of load-mospi-historical; 706763 is the MoSPI project_code that already carried legacy_ocms_code N22000535
N22000108,ocms:N22000108,706776,,ocms:N22000108 was minted by the truncated-read run of load-mospi-historical; 706776 is the MoSPI project_code that already carried legacy_ocms_code N22000108
N22000092,ocms:N22000092,706779,,ocms:N22000092 was minted by the truncated-read run of load-mospi-historical; 706779 is the MoSPI project_code that already carried legacy_ocms_code N22000092
N22000529,ocms:N22000529,706837,,ocms:N22000529 was minted by the truncated-read run of load-mospi-historical; 706837 is the MoSPI project_code that already carried legacy_ocms_code N22000529
N16000497,ocms:N16000497,709757,,ocms:N16000497 was minted by the truncated-read run of load-mospi-historical; 709757 is the MoSPI project_code that already carried legacy_ocms_code N16000497
N16000498,ocms:N16000498,709758,,ocms:N16000498 was minted by the truncated-read run of load-mospi-historical; 709758 is the MoSPI project_code that already carried legacy_ocms_code N16000498
N16000534,ocms:N16000534,709760,,ocms:N16000534 was minted by the truncated-read run of load-mospi-historical; 709760 is the MoSPI project_code that already carried legacy_ocms_code N16000534
N16000487,ocms:N16000487,709771,,ocms:N16000487 was minted by the truncated-read run of load-mospi-historical; 709771 is the MoSPI project_code that already carried legacy_ocms_code N16000487
N16000453,ocms:N16000453,709777,,ocms:N16000453 was minted by the truncated-read run of load-mospi-historical; 709777 is the MoSPI project_code that already carried legacy_ocms_code N16000453
N16000454,ocms:N16000454,709778,,ocms:N16000454 was minted by the truncated-read run of load-mospi-historical; 709778 is the MoSPI project_code that already carried legacy_ocms_code N16000454
N16000457,ocms:N16000457,709779,,ocms:N16000457 was minted by the truncated-read run of load-mospi-historical; 709779 is the MoSPI project_code that already carried legacy_ocms_code N16000457
N16000504,ocms:N16000504,709780,,ocms:N16000504 was minted by the truncated-read run of load-mospi-historical; 709780 is the MoSPI project_code that already carried legacy_ocms_code N16000504
N16000456,ocms:N16000456,709782,,ocms:N16000456 was minted by the truncated-read run of load-mospi-historical; 709782 is the MoSPI project_code that already carried legacy_ocms_code N16000456
N16000519,ocms:N16000519,709797,,ocms:N16000519 was minted by the truncated-read run of load-mospi-historical; 709797 is the MoSPI project_code that already carried legacy_ocms_code N16000519
N22000520,ocms:N22000520,709811,,ocms:N22000520 was minted by the truncated-read run of load-mospi-historical; 709811 is the MoSPI project_code that already carried legacy_ocms_code N22000520
N22000539,ocms:N22000539,709812,,ocms:N22000539 was minted by the truncated-read run of load-mospi-historical; 709812 is the MoSPI project_code that already carried legacy_ocms_code N22000539
N10000013,ocms:N10000013,709831,,ocms:N10000013 was minted by the truncated-read run of load-mospi-historical; 709831 is the MoSPI project_code that already carried legacy_ocms_code N10000013
N10000014,ocms:N10000014,709832,,ocms:N10000014 was minted by the truncated-read run of load-mospi-historical; 709832 is the MoSPI project_code that already carried legacy_ocms_code N10000014
N16000444,ocms:N16000444,709838,,ocms:N16000444 was minted by the truncated-read run of load-mospi-historical; 709838 is the MoSPI project_code that already carried legacy_ocms_code N16000444
N16000526,ocms:N16000526,709848,,ocms:N16000526 was minted by the truncated-read run of load-mospi-historical; 709848 is the MoSPI project_code that already carried legacy_ocms_code N16000526
N26000116,ocms:N26000116,709856,,ocms:N26000116 was minted by the truncated-read run of load-mospi-historical; 709856 is the MoSPI project_code that already carried legacy_ocms_code N26000116
N26000117,ocms:N26000117,709857,,ocms:N26000117 was minted by the truncated-read run of load-mospi-historical; 709857 is the MoSPI project_code that already carried legacy_ocms_code N26000117
N28000115,ocms:N28000115,709859,,ocms:N28000115 was minted by the truncated-read run of load-mospi-historical; 709859 is the MoSPI project_code that already carried legacy_ocms_code N28000115
N18000352,ocms:N18000352,900808,,ocms:N18000352 was minted by the truncated-read run of load-mospi-historical; 900808 is the MoSPI project_code that already carried legacy_ocms_code N18000352
