report_month,ocms_code,sl_no,project_name,sector,agency,state_raw,approval_month,original_doc_month,revised_doc_month,original_cost_cr,revised_cost_cr,cumulative_expenditure_cr,physical_progress_pct,latest_approved_cost_cr,approved_revised_doc_month,delay_months_reported,milestones,annexure,source_page
2011-10-01,020100044,1,"PROTOTYPE FAST BREEDER REACTOR (BHAVINI, 500 MWE)",Atomic Energy,BHAVNI,Tamil Nadu,2003-09-01,2010-09-01,2012-01-01,3492,5677,3281.47,,,,16(O),5/80,consolidated,39
2011-10-01,N02000007,2,URANIUM ORE MINE AND PROCESSING PLANT AT TUMMALAPA,Atomic Energy,UCIL,Andhra Pradesh,2007-09-01,2011-04-01,2012-04-01,1106.29,1106.29,1000.7,,,,12(R3),0/1,consolidated,39
2011-10-01,020100040,3,KUDANKULAM APP (NPCIL),Atomic Energy,NPCIL,Tamil Nadu,2001-12-01,2008-12-01,2012-12-01,13171,15824,14122,,,,48(O),60/119,consolidated,39
2011-10-01,N02000010,4,KAKRAPAR ATOMIC POWER PROJECT - 3&4,Atomic Energy,NPCIL,Gujarat,2009-10-01,2015-12-01,2016-11-01,11459,11459,1059,,,2016-05-01,6(R1),0/70,consolidated,39
2011-10-01,N04000038,5,D/O KAMARAJ DOMESTIC TER-PH-II And EXP. ANNA INT.,Civil Aviation,AAI,Tamil Nadu,2008-08-01,2011-01-01,2011-12-01,1808,2015,1552.74,,2015,,11(O),0/0,consolidated,39
2011-10-01,N04000037,6,C/O INTEGRATED PASSENGER TER. BULD. NSCBI AIRPORT,Civil Aviation,AAI,West Bengal,2008-08-01,2011-05-01,2012-03-01,1942.51,2325,1530.56,,,,10(O),0/0,consolidated,39
2011-10-01,N04000050,7,C/o new Airport at Pakyong(Sikkim) Airport,Civil Aviation,AAI,Sikkim,2009-01-01,2011-01-01,2012-06-01,309.46,309.45,153.41,,,,17(O),0/0,consolidated,39
2011-10-01,N04000069,8,Construction of New International Terminal Building,Civil Aviation,AAI,Goa,2010-05-01,2012-05-01,2012-08-01,335.61,335.61,52.75,,,,3(O),0/0,consolidated,39
2011-10-01,N04000065,9,GAGAN PROJECT,Civil Aviation,AAI,Multi State,2008-09-01,2013-06-01,2013-06-01,626,626,324.99,,,,0(O),0/0,consolidated,39
2011-10-01,060100089,10,BARSINGSAR TPS (2X125MW) (NLC),Coal,NLC,Rajasthan,2004-12-01,2009-06-01,2011-12-01,1114.18,1626.09,1669.83,,1626.09,,30(O),24/26,consolidated,39
2011-10-01,060100092,11,KULDA OCP (MAHANADI COALFIELDS LTD.),Coal,MCL,Orissa,2005-01-01,2010-03-01,2012-03-01,302.96,302.96,86.63,,,,24(O),9/11,consolidated,39
2011-10-01,N06000033,12,"NIGAHI OC EXPANSION PROJECT 10 MTY TO 15 MTY, SINGRAULI",Coal,NCL,Madhya pradesh,2007-10-01,2012-03-01,2012-03-01,259.4,259.4,1.51,,,,0(O),0/1,consolidated,39
2011-10-01,N06000044,13,"BALRAM OCP EXTENSION, MCL (8.00 Mty)",Coal,MCL,Orissa,2007-12-01,,2012-03-01,172.08,172.08,95.91,,19,,,4/4,consolidated,39
2011-10-01,N06000067,14,ANANTA OC EXPANSION PH-III (15.0 Mty),Coal,MCL,Orissa,2008-08-01,,2012-03-01,207.28,207.28,68.1,,,,,5/7,consolidated,40
2011-10-01,N06000078,15,RAMAGUNDAM OC-II EXTENSION,Coal,SCCL,Andhra Pradesh,2009-12-01,2012-03-01,2012-03-01,418.97,418.97,78.21,,,,0(O),21/27,consolidated,40
2011-10-01,N06000080,16,MANUGURU OC-II EXTENSION PHASE-II,Coal,SCCL,Andhra Pradesh,2010-03-01,2012-03-01,2012-03-01,181.19,181.19,21.2,,,2012-03-01,0(R3),8/34,consolidated,40
2011-10-01,060100087,17,TPS-II EXPANSION (1470MW TO 1970MW) (NLC),Coal,NLC,Tamil Nadu,2004-10-01,2009-06-01,2012-07-01,2030.78,2453.57,2291.1,,2453.57,,37(O),19/24,consolidated,40
2011-10-01,N06000047,18,TUTICORIN THERMAL POWER PROJECT,Coal,NLC,Tamil Nadu,2008-05-01,,2013-02-01,4904.54,4909.54,2225.93,,4909.54,,,0/23,consolidated,40
2011-10-01,060100096,19,ASHOK EXPN.OCP -CCL (10 MTY),Coal,CCL,Jharkhandd,2006-04-01,2011-03-01,2013-03-01,471.66,341.63,101.43,,341.63,2012-03-01,12(R3),0/2,consolidated,40
2011-10-01,N06000007,20,KRISHNASHILA (NCL) (4MTY),Coal,NCL,Madhya pradesh,2006-05-01,2010-03-01,2013-03-01,789.88,741.62,288.78,,,,36(O),2/2,consolidated,40
2011-10-01,N06000008,21,KUSMUNDA EXPN.OCP(SECL)(10- 15MTY),Coal,SECL,Chhatisgarh,2006-06-01,,2013-03-01,737.65,1188.31,569.86,,,,,0/8,consolidated,40
2011-10-01,N06000035,22,"KANIHA OCP, MCL, (10.0 Mty)",Coal,MCL,Orissa,2007-12-01,,2013-03-01,457.77,457.77,110.21,,,,,6/11,consolidated,40
2011-10-01,N06000068,23,HINGULA OC-II EXP. PH-III (15 MTY),Coal,MCL,Orissa,2008-11-01,,2013-03-01,475.93,479.63,76.95,,,,,5/7,consolidated,40
2011-10-01,N06000085,24,Purnadih OCP,Coal,CCL,Jharkhandd,2008-07-01,2013-03-01,2013-03-01,210.98,210.98,24.25,,,,0(O),0/2,consolidated,40
2011-10-01,N06000019,25,BINA EXTN. PROJ(6.0 Mtpa),Coal,NCL,Multi State,2006-11-01,2014-03-01,2013-11-01,168.97,168.97,37.71,,,,-4(O),1/2,consolidated,40
2011-10-01,N06000016,26,ADRIYALA SHAFT PROJECT,Coal,SCCL,Andhra Pradesh,2006-09-01,2013-03-01,2013-12-01,212.34,779.26,201.3,,779.26,2012-09-01,15(R3),5/22,consolidated,40
2011-10-01,060100093,27,GEVRA EXPANSION OCP (SECL) (25 MTY),Coal,SECL,Chhatisgarh,2005-07-01,2010-03-01,2014-03-01,1667.55,2675.67,1279.57,,,,48(O),0/15,consolidated,40
2011-10-01,060100094,28,DIPKA EXPANSION OCP (SECL) (20- 25 MTY),Coal,SECL,Chhatisgarh,2005-07-01,2010-03-01,2014-03-01,1268.53,1943.66,1109.47,,,,48(O),0/13,consolidated,40
2011-10-01,N06000046,29,CHURCHA RO UG (1.35MTY),Coal,SECL,Chhatisgarh,2008-06-01,,2014-03-01,462.35,462.35,257.3,,,,,0/4,consolidated,40
2011-10-01,N06000056,30,RAJMAHAL OC EXP.,Coal,ECL,Multi State,2006-02-01,2011-03-01,2014-03-01,50.08,153.82,19.74,,153.82,,36(O),0/3,consolidated,40
2011-10-01,N06000076,31,KARTALI (EAST) OCP(2.50 MTY),Coal,SECL,Chhatisgarh,2008-07-01,2014-03-01,2014-03-01,178.44,178.44,,,,,0(O),0/1,consolidated,40
2011-10-01,N06000081,32,MANIKPUR OC EXPANTION (3.50 MTY),Coal,SECL,Chhatisgarh,2009-11-01,,2014-03-01,321.42,321.5,203.23,,,,,0/5,consolidated,40
2011-10-01,N06000083,33,Churi Benti UG,Coal,CCL,Jharkhandd,2007-06-01,2011-03-01,2014-03-01,163.51,163.51,33.57,,,2012-03-01,24(R3),1/2,consolidated,40
2011-10-01,N06000084,34,North Urimari OCP,Coal,CCL,Jharkhandd,2007-12-01,2012-03-01,2014-03-01,179.87,179.87,66.45,,,2012-03-01,24(R3),0/2,consolidated,40
2011-10-01,N06000086,35,Tapin OCP,Coal,CCL,Jharkhandd,2008-08-01,2012-03-01,2014-03-01,264.68,264.68,76.05,,,2013-03-01,12(R3),0/2,consolidated,40
2011-10-01,N06000088,36,KARMA OCP,Coal,CCL,Jharkhandd,2009-06-01,2014-03-01,2014-03-01,162.46,162.46,26.36,,,,0(O),0/0,consolidated,41
2011-10-01,N06000066,37,PENGANGA OC,Coal,WCL,Orissa,2008-10-01,,2014-10-01,339.77,339.77,0.65,,,,,0/1,consolidated,41
2011-10-01,N06000009,38,BLOCK-B OCP NCL (3.5 MTY),Coal,NCL,Madhya pradesh,2006-06-01,2012-03-01,2015-03-01,746.04,535.1,140.21,,,,36(O),2/2,consolidated,41
2011-10-01,N06000020,39,JHANJRA R-VI SEAM PSLW,Coal,ECL,West Bengal,2006-11-01,2011-03-01,2015-03-01,287.18,287.17,,,,,48(O),1/5,consolidated,41
2011-10-01,N06000042,40,GOPAL PRASAD OCP,Coal,MCL,Orissa,2008-02-01,,2015-03-01,395.87,395.87,58.8,,,,,2/12,consolidated,41
2011-10-01,N06000045,41,PELMA OCP(10.00MTY),Coal,SECL,Chhatisgarh,2008-07-01,2015-03-01,2015-03-01,448.32,448.32,,,,,0(O),0/1,consolidated,41
2011-10-01,N06000048,42,KAKATIYA LAONGWALL,Coal,SCCL,Multi State,2008-12-01,2012-12-01,2015-03-01,453.63,453.63,69.64,,,,27(O),7/44,consolidated,41
2011-10-01,N06000049,43,Batura OCP (2.0 MTY),Coal,SECL,Madhya pradesh,2008-09-01,2015-03-01,2015-03-01,203.82,203.82,,,,,0(O),0/1,consolidated,41
2011-10-01,N06000075,44,JAGANNATHPUR OCP(3.00 MTY),Coal,SECL,Chhatisgarh,2008-09-01,2015-03-01,2015-03-01,152.43,152.43,,,,,0(O),1/1,consolidated,41
2011-10-01,N06000079,45,RKP OCP PHASE-I,Coal,SCCL,Uttaranchal,2010-03-01,2015-03-01,2015-03-01,209.78,209.78,18.88,,,2015-03-01,0(R3),4/31,consolidated,41
2011-10-01,N06000089,46,Kistaram OCP,Coal,SCCL,Andhra Pradesh,2010-11-01,2015-03-01,2015-03-01,242.29,242.29,,,,,0(O),0/28,consolidated,41
2011-10-01,N06000093,47,RCE OF INDARAM OCP(1.20 MTPA),Coal,SCCL,Andhra Pradesh,2011-07-01,2015-03-01,2015-03-01,162.76,162.76,1.14,,,,0(O),0/0,consolidated,41
2011-10-01,N06000094,48,JALAGAM VENGALA RAO OCP,Coal,SCCL,Andhra Pradesh,2011-07-01,2015-03-01,2015-03-01,447.06,447.06,,,,2015-03-01,0(R3),0/0,consolidated,41
2011-10-01,N06000010,49,AMLOHRI EPR (NCL) (6 MTY),Coal,NCL,Madhya pradesh,2006-05-01,2014-03-01,2016-03-01,1352.04,1143.54,225,,,,24(O),2/2,consolidated,41
2011-10-01,N06000015,50,MAGADH OC (CCL),Coal,CCL,Jharkhandd,2006-07-01,2012-07-01,2016-03-01,469.78,706.4,16.21,,706.4,2014-03-01,24(R3),1/2,consolidated,41
2011-10-01,N06000043,51,TALABIRA OCP,Coal,MCL,Orissa,2008-03-01,,2016-03-01,447.72,447.72,35.2,,,,,1/12,consolidated,41
2011-10-01,N06000082,52,AMLAI OC EXPANSION SECTOR 'B' (1.50 MTY),Coal,SECL,Chhatisgarh,2009-11-01,2016-03-01,2016-03-01,198.59,198.59,90.98,,,,0(O),0/1,consolidated,41
2011-10-01,N06000087,53,Rajrappa RCE OCP,Coal,CCL,Jharkhandd,2009-12-01,2016-03-01,2016-03-01,510.85,510.85,290.44,,,,0(O),1/2,consolidated,41
2011-10-01,N06000034,54,"BHUBANESWARI OCP, MCL (20.0 Mty)",Coal,MCL,Orissa,2007-12-01,,2017-03-01,490,490.1,99.19,,,,,6/12,consolidated,41
2011-10-01,N06000091,55,"KHADIA EXPANSION OPENCAST PROJECT(4 TO 10 MTPA,6MT",Coal,NCL,Uttar Pradesh,2011-06-01,2018-03-01,2018-03-01,1131.28,1131.28,,,1131.28,,0(O),0/0,consolidated,41
2011-10-01,N06000017,56,SHANTIKHANI LONGWALL PROJ- SCCL,Coal,SCCL,Andhra Pradesh,2006-10-01,2012-03-01,,249.03,249.03,40.95,,,2012-03-01,,11/42,consolidated,41
2011-10-01,N06000025,57,JALLARAM SHAFT PROJECT,Coal,SCCL,Andhra Pradesh,2013-03-01,2013-03-01,,467.78,467.78,12.31,,,2013-03-01,,3/83,consolidated,41
2011-10-01,N08000003,58,THAL AMMONIA REVAMP PROJECT,Fertilisers,RCF,Haryana,2009-01-01,2011-11-01,2011-11-01,488.75,488.75,195.63,,,,0(R3),6/22,consolidated,42
2011-10-01,N08000007,59,CAPACITY ENHANCEMENT OF VIJAIPUR-I PLANTS,Fertilisers,NFL,Madhya pradesh,2008-09-01,2011-07-01,2011-11-01,325,325,84.31,,,,4(O),0/0,consolidated,42
2011-10-01,N08000008,60,CAPACITY ENHANCEMENT OF AMMONIA AND UREA PLANT VIJ,Fertilisers,NFL,Madhya pradesh,2008-09-01,2011-07-01,2012-03-01,438,438,105.79,,,,8(O),0/0,consolidated,42
2011-10-01,N08000004,61,PANIPAT - AMMONIA PLANT FEEDSTOCK CHANGEOVER PROJE,Fertilisers,NFL,Haryana,2010-01-01,2013-01-01,2013-01-01,1292.84,1292.84,175.88,,,,0(O),0/5,consolidated,42
2011-10-01,N08000005,62,BATHINDA - AMMONIA PLANT FEEDSTOCK CHANGEOVER PROJ,Fertilisers,NFL,Punjab,2010-01-01,2013-01-01,2013-01-01,1294.19,1294.19,177.02,,,,0(O),0/5,consolidated,42
2011-10-01,N08000006,63,NANGAL - AMMONIA PLANT FEEDSTOCK PROJECT,Fertilisers,NFL,Punjab,2010-01-01,2012-12-01,2013-01-01,1478.63,1478.63,223.57,,,,1(O),8/8,consolidated,42
2011-10-01,100100054,64,"SECOND PHASE EXPANSION OF CAPTIVE ALUMINIUM,SMELTER AND POWE",Mines,NALCO,Orissa,2004-10-01,2008-12-01,2011-06-01,4091.51,4401.76,4183,,4401.76,2011-01-01,5(R3),98/110,consolidated,42
2011-10-01,N12000023,65,"700TPD ARI SEPARATION UNIT-4 AT OXYGEN PLANT-II, BHILLAI",Steel,SAIL,Chhatisgarh,2007-07-01,2011-05-01,2011-10-01,232.93,232.93,168.44,,232.93,,5(O),1/1,consolidated,42
2011-10-01,N12000055,66,EXPANSION OF BOKARO STEEL PLANT,Steel,SAIL,Jharkhandd,2008-01-01,2011-12-01,2011-12-01,6325,6325,2192.3,,6325,2011-12-01,0(R3),8/11,consolidated,42
2011-10-01,N12000033,67,Rebuilding of coke oven battery No.1 and 2 (Bokar,Steel,SAIL,,2007-10-01,,2012-01-01,500.9,500.9,326.23,,,,,3/3,consolidated,42
2011-10-01,N12000068,68,67.5 MW TG-5 AUX. S'TEM EMERGENCY POWER REQUIREM,Steel,RINL,Andhra Pradesh,2007-07-01,2011-02-01,2012-01-01,230,343.58,235.4,,,,11(R3),2/3,consolidated,42
2011-10-01,N12000069,69,330 TPH BOILER-6 AND AUXILIARY SYSTEM,Steel,RINL,Andhra Pradesh,2007-07-01,2010-08-01,2012-01-01,260,350,223.06,,,,17(R3),1/2,consolidated,42
2011-10-01,N12000018,70,Bailadila Iron Ore Deposit- IIB(NMDC),Steel,NMDC,Chhatisgarh,2007-01-01,2011-12-01,2012-03-01,295.89,607.17,311.45,,607.17,,3(R3),15/21,consolidated,42
2011-10-01,N12000053,71,Augmentation of Iron Ore Storage in RMHP,Steel,RINL,Multi State,2008-05-01,2012-05-01,2012-05-01,480,460,144.07,,,,0(R3),1/2,consolidated,42
2011-10-01,N12000051,72,EXPANSION OF IISCO STEEL PLANT,Steel,SAIL,West Bengal,2008-02-01,2011-12-01,2012-06-01,14443,16408,11870.83,,16408,2011-12-01,6(R3),12/14,consolidated,42
2011-10-01,120100067,73,EXPANSION OF RINL/VSP FROM 3 MTPY-6.3 MTPY OF LIQUID STEEL,Steel,RINL,Andhra Pradesh,2005-10-01,2009-10-01,2012-10-01,8692,12291,8911.27,,12291,2012-10-01,0(R3),54/59,consolidated,43
2011-10-01,N12000038,74,COKE OVEN BATTERY NO. 4 PHASE- II,Steel,RINL,Andhra Pradesh,2007-08-01,2012-10-01,2012-10-01,108,216.68,50.87,,,,0(R3),3/4,consolidated,43
2011-10-01,N12000074,75,EXPANSION OF DURGAPUR STEEL PLANT,Steel,SAIL,,2009-06-01,2012-12-01,2012-12-01,2875,2875,323.94,,,,0(O),3/6,consolidated,43
2011-10-01,N12000056,76,EXPENSION OF ROURKELA STEEL PLANT,Steel,SAIL,,2008-09-01,2013-03-01,2013-03-01,11812,11812,5551.34,,,,0(O),1/8,consolidated,43
2011-10-01,N12000057,77,EXPANSION OF BHILAI STEEL PLANT,Steel,SAIL,Chhatisgarh,2008-09-01,2013-03-01,2013-03-01,17265,17265,3788.27,,17265,2013-03-01,0(R3),14/20,consolidated,43
2011-10-01,N12000072,78,1.2 MTPA PELLET PLANT DONIMALAI,Steel,NMDC,Karnataka,2011-04-01,2013-04-01,2013-04-01,572,572,,,,,0(O),0/0,consolidated,43
2011-10-01,N12000073,79,7.0 MTPA KUMARASWAMY IRON ORE MINE,Steel,NMDC,Karnataka,2011-02-01,2013-05-01,2013-05-01,898.55,898.55,,,,,0(O),0/0,consolidated,43
2011-10-01,N16000106,80,ASSAM GAS CRACKER PROJECT,Petrochemicals,BCPL,Assam,2006-04-01,2013-12-01,2012-04-01,5460.61,8920,3145.56,,8920,,-20(R3),0/30,consolidated,43
2011-10-01,N16000083,81,REFRIGERATED LPG STORAGE AT JNPT,Petroleum,BPCL,Maharashtra,2008-06-01,2010-06-01,2011-09-01,304.4,304.4,,,,,15(O),0/0,consolidated,43
2011-10-01,N16000096,82,North Tapti Gas Field Development,Petroleum,ONGC,Multi State,2008-07-01,2011-03-01,2011-06-01,589.7,755.76,528.92,,755.76,2011-05-01,1(R3),0/0,consolidated,43
2011-10-01,N16000102,83,"Integrated Sugar, Ethanol, Cogen Power Plant at Sugauli",Petroleum,HPCL,Bihar,2009-06-01,2010-12-01,2011-06-01,613.54,727.88,671.52,,,,6(O),0/0,consolidated,43
2011-10-01,N16000009,84,"DIESEL HYDRO TREATMENT PROJECT,BRPL DHALIGAON",Petroleum,BRPL,Assam,2006-06-01,2009-09-01,2011-08-01,1431.91,1690.13,1596.8,,1646.39,,23(O),0/0,consolidated,43
2011-10-01,N16000066,85,CONSTRUCTION OF NEW TERMINAL AT ENNORE CHENNAI,Petroleum,HPCL,Tamil Nadu,2008-01-01,2011-02-01,2011-08-01,224,299,258.42,,299,2011-08-01,0(R3),0/0,consolidated,43
2011-10-01,N16000052,86,DAHEJ-VIJAYPUR PIPE LINE PROJECT(PHASE-II),Petroleum,GAIL,Multi State,2007-11-01,2010-10-01,2011-09-01,4429.38,2340,2273.78,,,2011-09-01,0(R2),0/0,consolidated,43
2011-10-01,N16000069,87,DIESEL HYDROTREATOR PROJECT AT MUMBAI REFINERY,Petroleum,HPCL,Maharashtra,2009-03-01,2011-09-01,2011-09-01,3284,3284,,,,,0(O),0/0,consolidated,43
2011-10-01,N16000024,88,HEERA AND SOUTH HEERA RE- DEVELOPMENT PROJECT,Petroleum,ONGC,Maharashtra,2006-09-01,2010-06-01,2011-10-01,2305.3,3005.3,2416.96,,700,2010-06-01,16(R3),0/0,consolidated,43
2011-10-01,N16000023,89,DEVELOPMENT OF C-SERIES FIELDS,Petroleum,ONGC,Maharashtra,2006-08-01,2008-12-01,2011-11-01,3195.16,2800,2520.91,,,2008-12-01,35(R3),0/0,consolidated,43
2011-10-01,N16000050,90,BAWANA NANGAL PIPE LINE PROJECT,Petroleum,GAIL,Multi State,2007-11-01,2010-10-01,2011-12-01,1816.07,1385,998.86,,,2011-12-01,0(R3),0/1,consolidated,44
2011-10-01,N16000054,91,COMPRESSOR STATIONS (KAILARAS AND CHAINSA),Petroleum,GAIL,Multi State,2007-11-01,2011-04-01,2011-12-01,1167,798,647.7,,,2011-12-01,0(R3),2/2,consolidated,44
2011-10-01,N16000059,92,BRANCH PIPELINE FROM KSPL VIRAMGAON TO KANDLA,Petroleum,IOCL,Gujarat,2009-02-01,2013-03-01,2011-12-01,250,250,207.27,,349,2013-03-01,-15(R1),0/0,consolidated,44
2011-10-01,N16000062,93,HEERA RECONSTRUCTION,Petroleum,ONGC,Maharashtra,2008-05-01,2010-04-01,2011-12-01,706.7,706.7,648.52,,,,20(O),0/0,consolidated,44
2011-10-01,N16000063,94,NEELAM RECONSTRUCTION,Petroleum,ONGC,Maharashtra,2008-05-01,2011-04-01,2011-12-01,305.08,305.08,261.78,,,,8(O),0/0,consolidated,44
2011-10-01,N16000109,95,EURO-IV DHDT,Petroleum,CPCL,Tamil Nadu,2008-09-01,,2011-12-01,2615.69,2615.69,1710.9,,,,,0/116,consolidated,44
2011-10-01,N16000115,96,CONSTRUCTION OF TANKS AND BLENDING FACILITY AT VAD,Petroleum,IOCL,Gujarat,2009-02-01,2012-09-01,2011-12-01,267,267,181.3,,,,-9(O),0/0,consolidated,44
2011-10-01,N16000070,97,KARANPUR MORADABAD-KASHIPUR- RUDRAPUR PIPELINE PROJECT PHASE-,Petroleum,GAIL,Multi State,2009-07-01,2012-01-01,2012-01-01,238.68,204,142.75,,,,0(O),3/8,consolidated,44
2011-10-01,N16000114,98,MRPL Phase-III Expansion,Petroleum,Mangalore Refin,Karnataka,2008-08-01,2012-01-01,2012-01-01,12412,12160.26,7080.12,,12160.26,,0(O),0/0,consolidated,44
2011-10-01,N16000045,99,MNW-NF BRIDGE PROJECT,Petroleum,ONGC,Maharashtra,2008-05-01,2009-03-01,2012-02-01,175.21,162.12,71.6,,,2012-02-01,0(R3),0/0,consolidated,44
2011-10-01,N16000031,100,OFFSHORE GRID INTERCONNECTIVITY PROJECT IN MUMBAI HIGH,Petroleum,ONGC,Maharashtra,2007-01-01,2010-03-01,2012-03-01,740.02,740.02,412.78,,,2012-03-01,0(R1),0/0,consolidated,44
2011-10-01,N16000032,101,DEVELOPMENT OF B-22 CLUSTER FIELDS,Petroleum,ONGC,Maharashtra,2007-01-01,2010-09-01,2012-03-01,2323.4,2920.82,1173.84,,2920.82,2012-03-01,0(R3),0/0,consolidated,44
2011-10-01,N16000071,102,KOCHI-KOOTANAD BANGALORE- MANGALORE PIPELINE PROJEC,Petroleum,GAIL,Multi State,2009-06-01,2012-03-01,2012-03-01,348,261,173.4,,,2012-08-01,-5(R3),1/12,consolidated,44
2011-10-01,N16000072,103,JAGDISHPUR-HALDIA PIPELINE PROJECT PHASE-I,Petroleum,GAIL,Multi State,2009-07-01,2013-01-01,2012-03-01,7596.18,6652.22,0.26,,,,-10(O),0/0,consolidated,44
2011-10-01,N16000093,104,VKPL UPGRADATION AND LAYING OF SPURLINE (TO BHILWARA AND CHI,Petroleum,GAIL,Multi State,2009-12-01,2011-06-01,2012-03-01,463.32,330.47,160.47,,,2012-03-01,0(R3),9/9,consolidated,44
2011-10-01,N16000126,105,SETTING UP 100 MW COMMERCIAL WIND ENERGY GENERATION,Petroleum,GAIL,Multi State,2011-05-01,2012-03-01,2012-03-01,616,616,,,,,0(O),0/0,consolidated,44
2011-10-01,160100231,106,INTEGRATED DEV OF G1 and GS-15 (ONGCL),Petroleum,ONGC,Multi State,2003-04-01,2006-04-01,2012-05-01,429.82,2218.01,1237.61,,2218.01,2011-05-01,12(R3),0/0,consolidated,44
2011-10-01,N16000030,107,CONSTRUCTION OF NEW PROCESS COMPLEX MHN,Petroleum,ONGC,Maharashtra,2007-01-01,2010-05-01,2012-05-01,2853.29,6326.4,3771,,6326.4,2012-05-01,0(R3),0/0,consolidated,44
2011-10-01,N16000044,108,REVAMPING OF WIN PLATFORM AT MH ASSET,Petroleum,ONGC,Maharashtra,2008-05-01,2010-05-01,2012-05-01,333.4,656.51,49.2,,837.54,2012-04-01,1(R3),0/0,consolidated,45
2011-10-01,N16000046,109,DEVELOPMENT OF B-46 CLUSTER FIELD,Petroleum,ONGC,Maharashtra,2007-06-01,2010-07-01,2012-05-01,1436.21,1436.21,233.77,,1456.96,2012-05-01,0(R3),0/0,consolidated,45
2011-10-01,N16000110,110,CDU/VDU-II,Petroleum,CPCL,Tamil Nadu,2010-03-01,2012-05-01,2012-05-01,333.99,333.99,66.17,,,,0(O),18/36,consolidated,45
2011-10-01,N16000033,111,DEVELOPMENT OF B-193 CLUSTER FIELDS,Petroleum,ONGC,Maharashtra,2007-06-01,2010-08-01,2012-06-01,3248.78,5633.44,1802.2,,5633.44,2012-03-01,3(R3),0/0,consolidated,45
2011-10-01,N16000086,112,ADDITIONAL DEV. OF D-1 FIELD,Petroleum,ONGC,Multi State,2010-01-01,2012-06-01,2012-06-01,2163.64,2163.64,554.69,,,,0(O),0/0,consolidated,45
2011-10-01,N16000090,113,INTEGRATED OFFSHORE CRUDE OIL HANDLING FACILITIES,Petroleum,IOCL,Orissa,2009-12-01,2012-06-01,2012-06-01,1492.33,1492.33,701.91,,,,0(O),6/9,consolidated,45
2011-10-01,N16000119,114,Wind Power Project,Petroleum,ONGC,Rajasthan,2010-07-01,2012-06-01,2012-06-01,1106,1106,,,,,0(O),0/0,consolidated,45
2011-10-01,N16000065,115,ADDITIONAL GAS PROCESSING FACILITI AT HAZIRA,Petroleum,ONGC,Gujarat,2008-02-01,2011-04-01,2012-07-01,370.11,370.11,82.78,,,,15(O),0/0,consolidated,45
2011-10-01,N16000094,116,BNPL SPURLINE (UTTRANCHAL AND PUNJAB),Petroleum,GAIL,Multi State,2009-12-01,2011-06-01,2012-07-01,540.92,460.7,164.83,,,2012-07-01,0(R2),9/9,consolidated,45
2011-10-01,N16000113,117,Polypropylene unit,Petroleum,Mangalore Refin,Karnataka,2009-05-01,2012-07-01,2012-07-01,1803.78,1803.78,433.7,,,,0(O),0/0,consolidated,45
2011-10-01,N16000073,118,DABHOL-BANGALORE PIPELINE PROJECT PHASE-I,Petroleum,GAIL,Multi State,2009-06-01,2012-03-01,2012-08-01,4543.43,2300,1335.32,,4508.38,2012-08-01,0(R3),0/10,consolidated,45
2011-10-01,N16000098,119,Up-gradation of Konaban GGS and Pipeline Grid Project,Petroleum,ONGC,Tripura,2008-07-01,2012-08-01,2012-08-01,288.04,288.04,122.65,,288.04,,0(O),0/0,consolidated,45
2011-10-01,N16000060,120,MUMBAI HIGH NORTH DEVELOPMENT PHASE-II,Petroleum,ONGC,Maharashtra,2009-01-01,2012-09-01,2012-09-01,7133.39,6855.93,2442.94,,,,0(O),0/0,consolidated,45
2011-10-01,N16000088,121,PARADIP-RAIPUR-SAMBALPUR- RANCHI PIPELINE,Petroleum,IOCL,Multi State,2009-08-01,2012-09-01,2012-09-01,1793,1793,479.65,,,,0(O),0/15,consolidated,45
2011-10-01,N16000117,122,Construction of 6 ETPs,Petroleum,ONGC,Gujarat,2009-03-01,2012-09-01,2012-09-01,302.26,302.26,21.14,,,,0(O),0/0,consolidated,45
2011-10-01,N16000084,123,CONSTRUCTION OF 12 OFFSHORE SUPPLY VESSELS(OSV),Petroleum,ONGC,Multi State,2007-06-01,2011-09-01,2012-12-01,736.65,736.65,210.53,,,,15(O),0/0,consolidated,45
2011-10-01,N16000064,124,ADDITIONAL GAS PROCESSING UNITS AT URAN,Petroleum,ONGC,Maharashtra,2008-10-01,2011-12-01,2013-01-01,1797.35,977,84.18,,,,13(O),0/0,consolidated,45
2011-10-01,N16000107,125,Fluidized catalytic cracking unit(FCCU) revamp,Petroleum,IOCL,Uttar Pradesh,2010-07-01,2013-01-01,2013-01-01,1000,1000,33.56,,,,0(O),12/18,consolidated,45
2011-10-01,N16000116,126,Development of SB-14 field,Petroleum,ONGC,Multi State,2011-01-01,2012-11-01,2013-01-01,410.44,410.44,,,,,2(O),0/0,consolidated,45
2011-10-01,N16000108,127,BUTADIENE EXTRACTION UNIT (BDEU) AT PANIPAT,Petroleum,IOCL,Haryana,2009-11-01,2013-02-01,2013-02-01,341.5,341.5,24.86,,,,0(O),18/42,consolidated,46
2011-10-01,160100217,128,"IOR, RUDRASAGAR (ONGCL)",Petroleum,ONGC,Assam,2001-09-01,2006-03-01,2013-03-01,113.9,438.85,231.94,,438.85,2013-03-01,0(R3),6/6,consolidated,46
2011-10-01,N16000039,129,MUMBAI HIGH SOUTH REDEVELOPMENT PH-2,Petroleum,ONGC,Maharashtra,2007-10-01,2010-05-01,2013-03-01,5713.03,8813.41,6767.62,,8813.41,2013-03-01,0(R3),0/0,consolidated,46
2011-10-01,N16000061,130,ASSAM RENEWAL PROJECT FOR GROUP A,Petroleum,ONGC,Assam,2009-03-01,2013-03-01,2013-03-01,2465.15,2378.86,398.22,,,,0(O),0/0,consolidated,46
2011-10-01,N16000103,131,Construction of one Multipurpose Support Vessel,Petroleum,ONGC,Multi State,2010-01-01,2013-03-01,2013-03-01,723.64,723.64,,,,,0(O),0/0,consolidated,46
2011-10-01,N16000104,132,Development of Cluster-7 Fields,Petroleum,ONGC,Multi State,2010-03-01,2013-03-01,2013-03-01,3241.03,3241.03,1.5,,,,0(O),0/0,consolidated,46
2011-10-01,N16000118,133,Development of BHE and BH-35 Area.,Petroleum,ONGC,Multi State,2010-08-01,2013-03-01,2013-03-01,372.11,372.11,,,,,0(O),0/0,consolidated,46
2011-10-01,N16000129,134,KOCHI KOOTTANAD BANGLORE MANGLORE PIPELINE PH-II,Petroleum,GAIL,Multi State,2009-06-01,2012-10-01,2013-03-01,2915,2915,,,,,5(O),0/0,consolidated,46
2011-10-01,N16000081,135,HYDROCRACKER REVAMP SETTING UP A NEW CCR AT MUMB,Petroleum,BPCL,Maharashtra,2008-04-01,2011-12-01,2013-04-01,825,1827,,,1827,2013-04-01,0(R3),202/203,consolidated,46
2011-10-01,N16000128,136,CONVERSION OF RIG SAGAR SAMRAT TO MOBILE OFFSHORE,Petroleum,ONGC,Maharashtra,2011-03-01,2013-05-01,2013-05-01,861.79,861.79,,,,,0(O),0/0,consolidated,46
2011-10-01,N16000058,137,PARADIP REFINERY PROJECT,Petroleum,IOCL,Orissa,2009-02-01,2012-11-01,2013-06-01,29777,30426,10597.63,,,,7(O),0/100,consolidated,46
2011-10-01,N16000123,138,Construction of 23 Immediate Supply Vessels (ISV),Petroleum,ONGC,Multi State,2010-11-01,2013-08-01,2013-08-01,331.2,331.2,,,,,0(O),0/0,consolidated,46
2011-10-01,N16000101,139,Wax Project,Petroleum,NRL,Assam,2010-06-01,2013-12-01,2013-12-01,576.6,576.6,13.77,,,2013-12-01,0(R3),0/0,consolidated,46
2011-10-01,N16000105,140,Development of WO-16 Cluster Fields,Petroleum,ONGC,Multi State,2010-06-01,2014-01-01,2014-01-01,2523,2523,,,,,0(O),0/0,consolidated,46
2011-10-01,N16000127,141,CONSTRUCTION OF ONE ETP AND THREE ETPS CUM WATER,Petroleum,ONGC,Assam,2010-06-01,2014-01-01,2014-01-01,202.94,202.94,,,,,0(O),0/0,consolidated,46
2011-10-01,N16000112,142,PETROCHEMICAL COMPLEX-II AT VIJAYPUR AND PATA,Petroleum,GAIL,Multi State,2010-08-01,2014-02-01,2014-02-01,8140,8140,254.69,,,,0(O),0/0,consolidated,46
2011-10-01,160100215,143,IOR LAKWA - LAKHMANI (ONGCL),Petroleum,ONGC,Assam,2001-09-01,2007-03-01,2014-03-01,345.1,663.69,592.78,,663.69,2014-03-01,0(R3),3/3,consolidated,46
2011-10-01,N16000120,144,Ahmedabad Redevelopment,Petroleum,ONGC,Gujarat,2010-11-01,2014-12-01,2014-12-01,1916.1,1916.1,,,,,0(O),0/0,consolidated,46
2011-10-01,N16000122,145,Ankleswar Redevelopment,Petroleum,ONGC,Gujarat,2010-11-01,2014-12-01,2014-12-01,2189.63,2189.63,,,,,0(O),0/0,consolidated,46
2011-10-01,N16000121,146,Mehesana Redevelopment,Petroleum,ONGC,Gujarat,2010-11-01,2015-04-01,2015-04-01,3823,3823,,,,,0(O),0/0,consolidated,46
2011-10-01,160100216,147,IOR GELEKI (ONGCL),Petroleum,ONGC,Assam,2001-09-01,2007-03-01,2017-03-01,390.09,1674.11,1375.28,,1674.11,2017-03-01,0(R3),6/6,consolidated,46
2011-10-01,N16000051,148,JHAJJAR HISSAR PIPE LINE PROJECT,Petroleum,GAIL,Haryana,2007-11-01,2010-10-01,,281.07,281.07,3.29,,,,,0/0,consolidated,47
2011-10-01,N16000057,149,RESITEMENT OF MARKETING INSTALATION AT VISAKHAPATT,Petroleum,HPCL,Andhra Pradesh,2009-01-01,2011-09-01,2011-12-01,756,898,748.06,,898,2012-03-01,-3(R3),0/0,consolidated,47
2011-10-01,N16000068,150,DIESEL HYDROTREATOR PROJECT AT VISAKH REFINERY,Petroleum,HPCL,Andhra Pradesh,2009-03-01,2011-09-01,,3597,2730,696.82,,2730,2012-03-01,,0/0,consolidated,47
2011-10-01,N16000089,151,DE-BOTTLENECKING OF SMPL (Salaya-Mathura crude pip,Petroleum,IOCL,Maharashtra,2009-12-01,,,1584,1584,5.76,,,,,0/0,consolidated,47
2011-10-01,N18000023,152,TRANSMISSION SYSTEM ASSOCIATEDWITH URI-II,Power,PGCIL,J & K,2006-10-01,2011-05-01,2011-11-01,238.25,227.03,213.52,,,2011-05-01,6(R3),0/0,consolidated,47
2011-10-01,N18000022,153,WESTERN REGION STRENGTHENING SCHEME-II,Power,PGCIL,Rajasthan,2006-07-01,2010-07-01,2011-12-01,5221.23,4978.56,2987.9,,,,17(O),20/20,consolidated,47
2011-10-01,N18000033,154,EASTERN REGION STRENGTHENING SCHEME-II,Power,PGCIL,Multi State,2007-12-01,2010-06-01,2011-12-01,227.52,227.52,136.1,,,,18(O),0/0,consolidated,47
2011-10-01,N18000064,155,TR. SYSTEM ASSOCIATED WITH CHAMERA III HEP,Power,PGCIL,Multi State,2008-04-01,2011-07-01,2011-12-01,297.37,297.37,300.13,,,,5(O),0/0,consolidated,47
2011-10-01,180100241,156,"CHAMERA,STAGE-III (NHPC)",Power,NHPC,Himachal Pr.,2005-08-01,2010-08-01,2012-02-01,1405.63,1405.63,1694.56,,,,18(O),0/0,consolidated,47
2011-10-01,180100251,157,URI H.E.P STAGE -II (NHPC),Power,NHPC,J & K,2005-08-01,2009-11-01,2012-02-01,1724.79,1724.79,1575.98,,,,27(O),0/0,consolidated,47
2011-10-01,N18000049,158,WESTERN REGION STRENGHTENING SCHEME-X,Power,PGCIL,Multi State,2009-02-01,2012-02-01,2012-02-01,664.96,664.96,304.39,,,,0(O),0/0,consolidated,47
2011-10-01,N18000051,159,WESTERN REGION SYSTEM STRENGHTENING SCHEME-XI,Power,PGCIL,Multi State,2009-02-01,2012-02-01,2012-02-01,409.5,409.5,60.03,,,,0(O),0/0,consolidated,47
2011-10-01,N18000058,160,NORTHERN REGION SYSTEM STRENGHTENING SCHEME-XVII,Power,PGCIL,Rajasthan,2009-02-01,2011-08-01,2012-02-01,210.79,210.79,165.1,,,,6(O),0/0,consolidated,47
2011-10-01,N18000062,161,TR. SYSTEM ASSOCIATED WITH TUTICORIN JV TPS,Power,PGCIL,Multi State,2009-02-01,2010-07-01,2012-02-01,353.57,353.57,213.4,,,2012-02-01,0(R3),0/0,consolidated,47
2011-10-01,N18000067,162,SYSTEM STRENGHTENING -XI IN SOUTHERN REGION,Power,PGCIL,Multi State,2009-03-01,2011-07-01,2012-02-01,196.1,196.1,86.6,,,,7(O),0/0,consolidated,47
2011-10-01,N18000068,163,765 KV SYSTEM FOR CENTRAL PART OF NORTHERN GRID PA,Power,PGCIL,Multi State,2009-02-01,2012-02-01,2012-02-01,1347.32,1347.32,888.2,,,,0(O),0/0,consolidated,47
2011-10-01,180100184,164,KOTESHWAR HEP(THDC),Power,THDCL,Uttaranchal,2000-04-01,2005-04-01,2012-03-01,1301.56,2283.69,2524.97,,2283.69,2012-03-01,0(R3),5/11,consolidated,47
2011-10-01,180100229,165,SIPAT STPP STAGE - I (NTPC),Power,NTPC,Chhatisgarh,2003-12-01,2009-12-01,2012-03-01,8323.39,8323.39,7431,,,,27(O),50/60,consolidated,48
2011-10-01,180100250,166,PARBATI H.E.P. STAGE -III (NHPC),Power,NHPC,Himachal Pr.,2005-10-01,2010-10-01,2012-03-01,2304.52,2304.52,1590.26,,,,17(O),0/0,consolidated,48
2011-10-01,180100260,167,TRANSMISSION SY. ASSOCIATED WITH BARH GENER. PROJECT(P.GR.),Power,PGCIL,Bihar,2005-12-01,2009-09-01,2012-03-01,3779.46,3725.13,3483.3,,,,30(O),11/30,consolidated,48
2011-10-01,N18000004,168,EASTERN REGION STRENGTHENING SCHEME-I,Power,PGCIL,Multi State,2006-10-01,2009-10-01,2012-03-01,975.96,894.26,710,,,,29(O),20/20,consolidated,48
2011-10-01,N18000007,169,CHUTAK HYDRO-ELECTRIC PROJECT (NHPC),Power,NHPC,J & K,2006-08-01,2011-02-01,2012-03-01,621.28,621.28,703.42,,,,13(O),1/1,consolidated,48
2011-10-01,N18000018,170,TRANSMISSION SYSTEM ASSOCIATED WITH PARBATI-III HEP,Power,PGCIL,Himachal Pr.,2006-07-01,2010-01-01,2012-03-01,557.24,639.52,486.4,,,,26(O),0/22,consolidated,48
2011-10-01,N18000032,171,SIMHADRI STPP STAGE -II,Power,NTPC,Andhra Pradesh,2007-08-01,2011-05-01,2012-03-01,5103.39,5038.83,4162,,,,10(R3),0/6,consolidated,48
2011-10-01,N18000054,172,NORTHERN REGION SYSTEM STRENGHTENING SCHEME-XIII,Power,PGCIL,Multi State,2009-02-01,2011-11-01,2012-03-01,317.69,317.69,62.3,,,,4(O),0/0,consolidated,48
2011-10-01,N18000086,173,System Strengthening -X of SR,Power,PGCIL,Multi State,2009-12-01,2012-04-01,2012-04-01,276.61,276.61,101.3,,,,0(O),0/0,consolidated,48
2011-10-01,180100222,174,TEESTA LOW DAM STAGE III HYDROELECTRIC POWER PROJE,Power,NHPC,West Bengal,2003-10-01,2007-03-01,2012-05-01,768.92,768.92,1385.57,,,,62(O),25/25,consolidated,48
2011-10-01,N18000079,175,765KV SYSTEM FOR CENTRAL PART OF NORTHERN GRID PAR,Power,PGCIL,Multi State,2009-11-01,2012-05-01,2012-05-01,1075.12,1075.12,351.8,,,,0(O),0/0,consolidated,48
2011-10-01,N18000078,176,765KV SYSTEM FOR CENTRAL PART OF NORTHERN REGION G,Power,PGCIL,Multi State,2009-07-01,2012-06-01,2012-06-01,1736.36,1736.36,414.3,,,,0(O),0/0,consolidated,48
2011-10-01,N18000082,177,IMMEDIATE EVACUATION SYSTEM FOR NABINAGAR TPS,Power,PGCIL,Bihar,2010-02-01,2012-06-01,2012-06-01,215.86,215.86,121.3,,,,0(O),0/0,consolidated,48
2011-10-01,N18000085,178,System Strengthening -XII of SR,Power,PGCIL,Multi State,2010-02-01,2012-06-01,2012-06-01,232.34,232.34,10.88,,,,0(O),0/0,consolidated,48
2011-10-01,N18000065,179,SUPPLEMENTRY TRANSMISSION ASSOCIATED WITH DVC AND,Power,PGCIL,Multi State,2008-08-01,2012-08-01,2012-08-01,2360.95,2360.95,1722.7,,,,0(O),0/0,consolidated,48
2011-10-01,N18000069,180,765 KV POOLING STATION AND NETWORK WITH DVC AND MA,Power,PGCIL,Multi State,2008-08-01,2012-08-01,2012-08-01,7075.33,7075.33,4226.7,,,,0(O),0/0,consolidated,48
2011-10-01,N18000081,181,System Strengthening in NR for SASAN & MUNDRA (UMPP),Power,PGCIL,Multi State,2009-12-01,2012-08-01,2012-08-01,1216.83,1216.83,451.1,,,,0(O),0/0,consolidated,48
2011-10-01,N18000061,182,TR. SYSTEM ASSOCIATED WITH MUNDRA ULTRA MEGA POWER PROJECT,Power,PGCIL,Multi State,2008-10-01,2012-10-01,2012-10-01,4824.12,4824.12,2148,,,,0(O),0/0,consolidated,48
2011-10-01,N18000084,183,MAUDA TRANSMISSION SYSTEM,Power,PGCIL,Maharashtra,2010-02-01,2012-10-01,2012-10-01,469.38,469.38,197.7,,28,,0(O),0/0,consolidated,48
2011-10-01,N18000089,184,INTERCONNECTION BETWEEN ELECTTRICAL GRIDS OF INDIA AND B,Power,PGCIL,Multi State,2010-10-01,2012-10-01,2012-10-01,160.32,160.32,13.7,,,,0(O),0/0,consolidated,49
2011-10-01,N18000006,185,NIMOO BAZGO HYDROELECTRIC PROJECT,Power,NHPC,J & K,2006-08-01,2010-08-01,2012-11-01,611.02,611.02,683.53,,,,27(O),0/0,consolidated,49
2011-10-01,N18000076,186,TRANSMISSION SYSTEM OF VINDHYACHAL-IV AND RIHAND-I,Power,PGCIL,Multi State,2010-03-01,2012-11-01,2012-11-01,4672.99,4672.99,353.1,,,,0(O),0/0,consolidated,49
2011-10-01,N18000083,187,NORTHERN REGION TRANSMISSION STRENGTHENING SCHEME,Power,PGCIL,Multi State,2010-03-01,2012-11-01,2012-11-01,965.58,965.58,267.2,,,,0(O),0/0,consolidated,49
2011-10-01,N18000100,188,EASTERN REGION TRANSMISSION SYSTEM-III,Power,PGCIL,Multi State,2010-07-01,2012-11-01,2012-11-01,1272.8,1272.8,124,,,,0(O),0/0,consolidated,49
2011-10-01,180100243,189,"TEESTA LOW DAM HEP, STAGE-IV (NHPC)",Power,NHPC,West Bengal,2005-09-01,2009-09-01,2012-12-01,1061.38,1061.38,1027.42,,,,39(O),0/0,consolidated,49
2011-10-01,180100258,190,KUDANKULAM-APP TRANS. SYSTEM (PGCIL),Power,PGCIL,Tamil Nadu,2005-05-01,2008-11-01,2012-12-01,1779.29,1946.85,1745.38,,,,49(O),20/38,consolidated,49
2011-10-01,N18000005,191,LOHARINAG-PAL HEP(4X150MW),Power,NTPC,Uttaranchal,2006-06-01,2011-11-01,2012-12-01,2895.1,2895.1,685,,,,13(O),6/34,consolidated,49
2011-10-01,N18000046,192,TRANSMISSION SYSTEM ASSOCIATED WITH SASAN ULTRA ME,Power,PGCIL,Multi State,2008-12-01,2012-12-01,2012-12-01,7031.88,7031.88,2687,,,,0(O),0/0,consolidated,49
2011-10-01,N18000052,193,NORTHERN REGION SYSTEM STRENGHTENING SCHEME-XV,Power,PGCIL,Multi State,2009-02-01,2011-11-01,2012-12-01,520.48,520.48,266.43,,,,13(O),0/0,consolidated,49
2011-10-01,N18000053,194,NORTHERN REGION SYSTEM STRENGHTENING SCHEME-XVIII,Power,PGCIL,Multi State,2009-02-01,2011-11-01,2012-12-01,509.66,509.66,266.6,,,,13(O),0/0,consolidated,49
2011-10-01,N18000056,195,NORTHERN REGION SYSTEM STRENGHTENING SCHEME-XIX,Power,PGCIL,Multi State,2009-02-01,2012-02-01,2012-12-01,410.29,410.29,144.5,,,,10(O),0/0,consolidated,49
2011-10-01,N18000072,196,VINDHYACHAL STTP STAGE-IV (NTPC),Power,NTPC,Madhya pradesh,2009-01-01,2012-10-01,2012-12-01,5915,5915,2329,,,,2(O),2/15,consolidated,49
2011-10-01,N18000073,197,RIHAND STTP STAGE-III (2X500MW) (NTPC),Power,NTPC,Uttar Pradesh,2009-01-01,2012-10-01,2012-12-01,6230.81,6230.81,2152,,,,2(O),2/16,consolidated,49
2011-10-01,N18000080,198,Trans. System associated with PALLATANA GBPP & BPT,Power,PGCIL,Multi State,2010-02-01,2012-12-01,2012-12-01,2144,2144,412,,,,0(O),0/0,consolidated,49
2011-10-01,N18000048,199,MOUDA STPP (NTPC),Power,NTPC,Maharashtra,2008-11-01,2012-08-01,2013-01-01,5459.28,6010.89,2988,,,,5(O),3/16,consolidated,49
2011-10-01,N18000088,200,NORTHERN REGION SYSTEM STRENGHTENING SCHEME-XX,Power,PGCIL,Multi State,2010-10-01,2013-01-01,2013-01-01,182.68,182.68,25.54,,,,0(O),0/0,consolidated,49
2011-10-01,N18000098,201,Transmission system for transfer of power from Gen.,Power,PGCIL,Multi State,2010-05-01,2013-01-01,2013-01-01,250.03,250.03,22.9,,,,0(O),0/0,consolidated,49
2011-10-01,180100211,202,KOLDAM HEP (NTPC),Power,NTPC,Himachal Pr.,2002-10-01,2009-04-01,2013-03-01,4527.15,4527.15,3884,,,,47(O),0/9,consolidated,50
2011-10-01,180100246,203,KAIGA 3&4 TRANSMISSION SYSTEM (PGCIL),Power,PGCIL,Karnataka,2005-03-01,2007-12-01,2013-03-01,596.45,947.96,831.16,,1007.16,2009-12-01,39(R3),0/18,consolidated,50
2011-10-01,N18000035,204,WESTERN REGION STRENGTHENING SCHEME-V,Power,PGCIL,Maharashtra,2007-12-01,2010-09-01,2013-03-01,477.69,477.69,381.9,,,,30(O),0/0,consolidated,50
2011-10-01,N18000087,205,TRANSMISSION SYSTEM FOR PHASE-I GEN PROJECT IN ORI,Power,PGCIL,Orissa,2010-09-01,2013-03-01,2013-03-01,2074.86,2074.86,171.6,,,,0(O),0/0,consolidated,50
2011-10-01,N18000095,206,NORTHERN REGION SYSTEM STRENGTHENING SCHEME- XXI,Power,PGCIL,Multi State,2010-08-01,2013-04-01,2013-04-01,1677.57,1677.57,107,,,,0(O),0/0,consolidated,50
2011-10-01,N18000097,207,SUPPLEMENTARY TRANSMISSION ASSOCIATED WITH VAALLUR,Power,PGCIL,Multi State,2010-08-01,2013-04-01,2013-04-01,170.36,170.36,8.71,,,,0(O),0/0,consolidated,50
2011-10-01,N18000071,208,TRIPURA GAS BASED POWER PROJECT,Power,NEEPCO,Tripura,2009-07-01,2012-01-01,2013-07-01,421.01,623.44,74.52,,623.44,2013-07-01,0(R3),0/0,consolidated,50
2011-10-01,N18000094,209,NORTHERN REGION SYSTEM STRENGTHENING SCHEME XVI,Power,PGCIL,Multi State,2010-07-01,2013-07-01,2013-07-01,752.64,752.64,83.3,,,,0(O),0/0,consolidated,50
2011-10-01,N18000102,210,TRANSMISSION SYSTEM FOR ESTABLISHMENT OF 400/220 K,Power,PGCIL,Maharashtra,2011-07-01,2013-07-01,2013-07-01,181.93,181.93,,,,,0(O),0/0,consolidated,50
2011-10-01,N18000108,211,TR SYSTEM FOR ESTABLISHMENT OF 400/220 KV GIS SUBSTATION AT,Power,PGCIL,Madhya pradesh,2011-07-01,2013-07-01,2013-07-01,181.93,181.93,,,,,0(O),0/0,consolidated,50
2011-10-01,N18000045,212,PARE HYDRO ELECTRIC PROJECT(110 MW),Power,NEEPCO,Arunachal Pr.,2008-12-01,2013-08-01,2013-08-01,573.99,573.99,232.22,,573.99,2013-08-01,0(R3),7/17,consolidated,50
2011-10-01,N18000090,213,TRANSMISSION SYSTEM ASSOCIATED WITH KRISHNAPATNAM,Power,PGCIL,Andhra Pradesh,2010-12-01,2013-08-01,2013-08-01,779.21,779.21,116,,,,0(O),0/0,consolidated,50
2011-10-01,N18000091,214,NORTHERN REGION SYSTEM STRENGTHENING SCHEME-XXII,Power,PGCIL,Multi State,2010-12-01,2013-08-01,2013-08-01,209.78,209.78,18.55,,,,0(O),0/0,consolidated,50
2011-10-01,N18000092,215,Establishment of pooling stations at Rajgarh,Power,PGCIL,Chhatisgarh,2010-12-01,2013-08-01,2013-08-01,1719.52,1719.52,135.8,,,,0(O),0/0,consolidated,50
2011-10-01,N18000024,216,RAMPUR HEP(412 MW),Power,SJVNL,Himachal Pr.,2007-01-01,2012-01-01,2013-09-01,2047.03,2047.03,1399.75,,,,20(O),2/10,consolidated,50
2011-10-01,N18000063,217,TRANSMISSION SYSTEM ASSOCIATED WITH RAMPUR HEP,Power,PGCIL,Multi State,2009-02-01,2011-11-01,2013-09-01,184.19,184.19,132.8,,,,22(O),0/0,consolidated,50
2011-10-01,N18000041,218,BONGAIGAON THERMAL POWER PROJECT,Power,NTPC,Assam,2008-01-01,2011-06-01,2013-10-01,4375.35,4375.35,2447,,,,28(O),0/29,consolidated,50
2011-10-01,N18000047,219,BARH STPP STAGE -II,Power,NTPC,Bihar,2008-02-01,2013-08-01,2013-10-01,7341.04,7341.04,3026,,,,2(R3),2/18,consolidated,50
2011-10-01,N18000106,220,TRANSMISSION SYSTEM FOR CONNECTIVITY OF MB POWER LIMITED,Power,PGCIL,Madhya pradesh,2011-08-01,2013-10-01,2013-10-01,425.51,425.51,,,,,0(O),0/0,consolidated,51
2011-10-01,N18000099,221,Transmission system for transfer of power from Gen-PART B,Power,PGCIL,Multi State,2011-03-01,2013-11-01,2013-11-01,1585.12,1585.12,66.4,,,,0(O),0/0,consolidated,51
2011-10-01,N18000104,222,TRANSMISSION SYSTEM FOR PHASE-1 GENERATION PROJECTS IN JHARK,Power,PGCIL,Jharkhandd,2011-10-01,2013-11-01,2013-11-01,558.26,558.26,,,,,0(O),0/0,consolidated,51
2011-10-01,N18000110,223,INTEGRATION OF POOLING STATION IN CHATTISGARH WITH CENTRAL P,Power,PGCIL,Multi State,2011-08-01,2013-11-01,2013-11-01,1391.97,1391.97,,,,,0(O),0/0,consolidated,51
2011-10-01,N18000093,224,TRANSMISSION SYSTEM FOR PHASE-I GEN. PROJECT IN OR,Power,PGCIL,Orissa,2010-12-01,2013-12-01,2013-12-01,2743.19,2743.19,216.21,,,,0(O),0/0,consolidated,51
2011-10-01,N18000105,225,TRANSMISSION SYSTEM FOR IPP GENERATION PROJECTS IN MP AND CH,Power,PGCIL,Multi State,2011-09-01,2013-12-01,2013-12-01,1366.34,1366.34,,,,,0(O),0/0,consolidated,51
2011-10-01,N18000107,226,INTEGRATION OF POOLING STATION IN CHATTISGARH WITH CENTRAL P,Power,PGCIL,Chhatisgarh,2011-08-01,2013-12-01,2013-12-01,1391.97,1391.97,,,,,0(O),0/0,consolidated,51
2011-10-01,180100165,227,TUIRIAL HE PROJECT(NEEPCO),Power,NEEPCO,Mizoram,1998-07-01,2006-07-01,2014-01-01,368.72,913.63,268.89,,913.63,2014-01-01,0(R3),5/5,consolidated,51
2011-10-01,N18000096,228,TRANS SYSTEM FOR PHASE-I GEN PROJECT IN ORISSA-C,Power,PGCIL,Multi State,2011-03-01,2014-03-01,2014-03-01,2569.25,2569.25,52.5,,,,0(O),0/0,consolidated,51
2011-10-01,N18000101,229,ESTABLISHMENT OF POOLING STATIONS AT CHAMPA,Power,PGCIL,Chhatisgarh,2011-05-01,2014-05-01,2014-05-01,1961.87,1961.87,31,,,,0(O),0/0,consolidated,51
2011-10-01,N18000014,230,TAPOVAN-VISHNUGAD HEP (4x130MW) (NTPC),Power,NTPC,Uttaranchal,2006-11-01,2013-03-01,2014-06-01,2978.48,2978.48,1187,,,,15(O),1/13,consolidated,51
2011-10-01,N18000109,231,SYTEM STRENGTHENING XIII OF SR GRID,Power,PGCIL,Multi State,2011-10-01,2014-06-01,2014-06-01,487.49,487.49,,,,,0(O),0/0,consolidated,51
2011-10-01,180100221,232,SUBANSIRI LOWER H.E.P (NHPC),Power,NHPC,Arunachal Pr.,2003-09-01,2010-09-01,2014-08-01,6285.33,6285.33,5184.46,,,,47(O),11/11,consolidated,51
2011-10-01,N18000111,233,COMMON SYSTEM ASSOCIATED WITH ISGS PROJECTS IN KRISHNAPATTNA,Power,PGCIL,Andhra Pradesh,2011-08-01,2014-08-01,2014-08-01,1637.34,1637.34,,,,,0(O),0/0,consolidated,51
2011-10-01,180100242,234,BARH STPP STAGE I (3X660MW) NTPC,Power,NTPC,Bihar,2003-12-01,2009-12-01,2014-09-01,8692.97,8693,6195,,,,57(O),45/70,consolidated,51
2011-10-01,N18000066,235,NORTH- EAST NORTH WESTERN INTERCONNECTOR I PROJECT,Power,PGCIL,Multi State,2009-02-01,2013-08-01,2014-09-01,11130.19,11130.19,3073.6,,,,13(O),0/0,consolidated,51
2011-10-01,N18000103,236,Common System Associated with Coastal Energen Priv,Power,PGCIL,Tamil Nadu,2011-09-01,2014-09-01,2014-09-01,1940.13,1940.13,,,,,0(O),0/0,consolidated,51
2011-10-01,180100210,237,PARBATI HEP (NHPC) II,Power,NHPC,Himachal Pr.,2002-09-01,2009-09-01,2014-12-01,3919.59,3919.59,3356.79,,31,,63(O),1/20,consolidated,51
2011-10-01,N18000077,238,TRANS SYSTEM FOR DEVELOPMENT OF POOLING STN IN NR,Power,PGCIL,West Bengal,2010-04-01,2015-01-01,2015-01-01,4404.57,4404.57,,,,,0(O),0/0,consolidated,52
2011-10-01,N18000031,239,KISHANGANGA HEP,Power,NHPC,J & K,2007-07-01,2014-07-01,2016-01-01,2238.67,3642.04,999.75,,3642.04,2016-01-01,0(R3),0/0,consolidated,52
2011-10-01,N18000010,240,TEHRI PUMPED STORAGE PLANT(1000MW),Power,THDCL,,2006-07-01,2010-07-01,2016-02-01,1657,2978.86,277.54,,2978.86,2016-02-01,0(R3),0/10,consolidated,52
2011-10-01,180100239,241,KAMENG HYDROELECTRIC PROJECT (NEEPCO),Power,NEEPCO,Arunachal Pr.,2004-12-01,2013-05-01,2016-06-01,2496.9,2496.9,1626.7,,,2016-06-01,0(R3),2/22,consolidated,52
2011-10-01,N18000042,242,VISHNUGAD PIPALKOTI HYDRO ELECTRIC PROJECT,Power,THDCL,Uttaranchal,2008-08-01,2014-07-01,2016-07-01,2491.58,3422.44,179.49,,3422.44,,24(O),4/7,consolidated,52
2011-10-01,N18000050,243,WESTERN REGION STRENGHTENING SCHEME-IX,Power,PGCIL,Multi State,2008-04-01,2011-01-01,,230.89,230.89,96.4,,,,,0/1,consolidated,52
2011-10-01,220100286,244,"RAJATGARH-BARANG(LD),ECOR",Railways,RVNL,Orissa,1999-04-01,2009-02-01,2010-12-01,166.16,243.4,,,,,22(R1),0/0,consolidated,52
2011-10-01,220100327,245,KHURDA ROAD - BARANG 3RD LINE (DL) (ECOR),Railways,RVNL,Orissa,2000-04-01,2009-03-01,2010-12-01,133.41,211.9,188.18,,207,,21(R1),0/0,consolidated,52
2011-10-01,220100329,246,RAICHUR-GUNTAKAL(DL)(SCR),Railways,RVNL,Andhra Pradesh,2003-04-01,2007-12-01,2010-12-01,136.62,221.9,161.07,,,2010-03-01,9(R1),0/0,consolidated,52
2011-10-01,N22000034,247,ALIGARH-GAZIABAD 3RD LINE DOUBLING (RVNL),Railways,RVNL,Uttar Pradesh,2003-04-01,2009-03-01,2010-12-01,230.73,399.5,295.24,,399.73,2008-12-01,24(R1),0/0,consolidated,52
2011-10-01,N22000081,248,BHARUCH-SAMNI-DAHEJ GAUGE CONVERSIN,Railways,RVNL,Gujarat,2005-09-01,,2010-12-01,200.8,200.8,269.02,,,,,0/0,consolidated,52
2011-10-01,220100321,249,BILASPUR-URKURA (DL),Railways,RVNL,Chhatisgarh,1997-04-01,2009-03-01,2011-03-01,151.52,273,,,,,24(R1),0/0,consolidated,52
2011-10-01,N22000027,250,PALWAL-BHUTESWAR 3RD LINE DOUBLING(NCR)(RVNL),Railways,RVNL,Multi State,2005-04-01,2009-03-01,2011-03-01,240,329.7,267.79,,,2009-12-01,15(R1),0/0,consolidated,52
2011-10-01,N22000093,251,"MUMBAI URBAN TRANSPORT PROJECT PHASE-I, MTP",Railways,MRTP,Maharashtra,2003-04-01,2010-12-01,2011-06-01,3125.2,4501.8,4273.68,,4501.8,,6(R3),1/1,consolidated,52
2011-10-01,N22000076,252,PANSPURA-KHARAGPUR 3D LINE,Railways,RVNL,West Bengal,2007-09-01,2010-02-01,2011-11-01,252.5,252.5,,,,,21(O),0/0,consolidated,52
2011-10-01,220100007,253,"GUNA-ETAWAH(NCR), NL",Railways,NCR,Multi State,1985-04-01,1994-03-01,2011-12-01,158.77,540.96,558.07,,432.46,,213(O),0/0,consolidated,52
2011-10-01,220100148,254,LANJHIGARH-JUNAGARH NL(ECOR),Railways,ECOR,Orissa,1993-04-01,2002-03-01,2011-12-01,100,208.68,187.44,,142.9,,117(O),0/0,consolidated,52
2011-10-01,220100192,255,"NANDYAL-YERRAGUNTLA(NL),SCR",Railways,SCR,Andhra Pradesh,1996-03-01,2009-02-01,2011-12-01,155.74,843.91,492.29,,164.36,,34(O),0/0,consolidated,52
2011-10-01,220100284,256,KHURDA ROAD-BOLANGIR(NL)ECOR,Railways,ECOR,Orissa,1994-04-01,,2011-12-01,355.38,1100,176.85,,470.21,,,0/0,consolidated,52
2011-10-01,220100285,257,HARIDASPUR-PARADEEP(NL),Railways,RVNL,Orissa,1996-04-01,2009-09-01,2011-12-01,301.64,735.1,,,,,27(R1),0/0,consolidated,53
2011-10-01,N22000107,258,Ramanagram-Mysore doubling with electrification of,Railways,SWR,Karnataka,2007-04-01,2013-03-01,2011-12-01,482,482.7,250.13,,,,-15(O),0/0,consolidated,53
2011-10-01,220100197,259,"KANPUR-KASGANJ- MATHURA(GC),NER",Railways,NER,Uttar Pradesh,1997-03-01,,2012-02-01,395,1577.46,1190.6,,1062.36,,,0/0,consolidated,53
2011-10-01,220100272,260,"TARAKESWAR - BISHNUPUR NEW BG LINE (NL), ER",Railways,ER,West Bengal,2000-04-01,2009-12-01,2012-02-01,157.96,762.33,424.94,,762.33,,26(R1),0/0,consolidated,53
2011-10-01,N22000116,261,Dakshin-barasat-lakshmikantapur (ER),Railways,ER,West Bengal,2009-04-01,2011-12-01,2012-02-01,259.51,259.51,66.31,,,,2(O),0/0,consolidated,53
2011-10-01,220100009,262,FREIGHT OPERATIONS INFORMATION SYSTEM (FOIS),Railways,FOIS,Multi State,1984-03-01,1995-03-01,2012-03-01,520,634.13,542.82,,637.46,,204(O),0/0,consolidated,53
2011-10-01,220100106,263,PEDAPALLI-KARIMNAGAR- NIZAMABAD NL(SCR),Railways,SCR,Andhra Pradesh,1994-12-01,,2012-03-01,124.43,725.9,512.65,,407.78,,,0/0,consolidated,53
2011-10-01,220100168,264,"MANDARHILL-DUMKA-RAMPURHAT (NL),ER",Railways,ER,Jharkhandd,1995-04-01,2011-12-01,2012-03-01,184,675,466.87,,254.07,,3(R3),0/0,consolidated,53
2011-10-01,220100190,265,"KADUR-CHIKMAGALUR- SAKLESHPUR (NL),(SWR)",Railways,SWR,Karnataka,1996-04-01,2012-03-01,2012-03-01,157,262.82,208.83,,262.82,,0(R3),0/0,consolidated,53
2011-10-01,220100194,266,"MUZAFFARPUR-SITAMARHI(NL),ECR",Railways,ECR,Bihar,1997-04-01,,2012-03-01,100,411.22,422.17,,322.29,,,0/0,consolidated,53
2011-10-01,220100240,267,"JAYNAGAR-DARBHANGA-NARKATIA GANJ(GC),ECR",Railways,ECR,Bihar,1997-04-01,,2012-03-01,233,903.56,565.87,,335.77,,,0/0,consolidated,53
2011-10-01,N22000002,268,MANSI-PURNIA (EXTENSION OF MANSI-SAHARSA) GAN ECR,Railways,ECR,Bihar,1996-04-01,2011-03-01,2012-03-01,114.01,427.89,340.51,,283.95,,12(R3),0/0,consolidated,53
2011-10-01,N22000052,269,HARNOUT -SET.UP OF W/S TO UND. POH OF UP TO50 COAC,Railways,WS&PU,Bihar,2003-04-01,,2012-03-01,98.74,337.3,195.66,,224.51,,,0/0,consolidated,53
2011-10-01,N22000053,270,CHHAPRA-SETTING UP OF WHEEL MANUFACTURING PLANT,Railways,WS&PU,Bihar,2005-03-01,,2012-03-01,470.09,1417.97,933.24,,1417.97,,,0/0,consolidated,53
2011-10-01,N22000075,271,SALKA ROAD -ANUPNAGAR LINE DOUBLING,Railways,RVNL,Chhatisgarh,2006-09-01,2010-03-01,2012-03-01,324.9,324.9,188.15,,,,24(O),0/0,consolidated,53
2011-10-01,N22000083,272,CONSTRUCTION OF NEW LINE FROM HARMATI-ITANAGAR/NAR,Railways,NEFR,Arunachal Pr.,1996-09-01,,2012-03-01,156,254.29,202.04,,,,,0/0,consolidated,53
2011-10-01,N22000094,273,ELECTRIFICATION OF KHURJA- MEERUT-SAHARANPUR & G'BA,Railways,RE,Uttar Pradesh,2008-02-01,2012-03-01,2012-03-01,171.1,171.1,137.47,,,,0(O),0/0,consolidated,53
2011-10-01,N22000095,274,ELECTRIFICATION OF MORADABAD- ROZA,Railways,RE,Uttar Pradesh,2004-12-01,2011-03-01,2012-03-01,129.17,220,218.15,,,,12(O),0/0,consolidated,53
2011-10-01,N22000097,275,"TAMLUK DIGHA,LINE DOUBLING (SER)",Railways,SER,West Bengal,1984-03-01,2005-06-01,2012-03-01,293.97,723.27,383.13,,,2011-07-01,8(R3),0/0,consolidated,53
2011-10-01,N22000115,276,Tinpahar - Sahibganj (ER),Railways,ER,Jharkhandd,2008-04-01,2012-03-01,2012-03-01,167.73,167.73,36.32,,,,0(O),0/0,consolidated,54
2011-10-01,220100208,277,HOWRAH-AMTA-CHAMPADANGA NL (SER),Railways,SER,West Bengal,1974-04-01,2007-03-01,2012-06-01,31.42,499.16,146.26,,154.3,2007-03-01,63(R1),0/0,consolidated,54
2011-10-01,220100188,278,"NANGALDAM-TALWARA(NL),NR",Railways,(NR),Multi State,1981-03-01,2012-07-01,2012-07-01,37.68,730,326.92,,450,,0(R3),0/0,consolidated,54
2011-10-01,220100233,279,"CONV.OF 1500V DC TRACTION TO 25 KV AC,WR",Railways,RE,Maharashtra,1996-07-01,,2012-12-01,273.67,1302.12,579.88,,1160.52,,,0/0,consolidated,54
2011-10-01,220100241,280,"CHANDIGARH-LUDHIANA(NEW BG LINE),NR",Railways,(NR),Punjab,1998-07-01,2012-12-01,2012-12-01,248.44,1104.4,789.49,,576.27,,0(O),0/0,consolidated,54
2011-10-01,220100277,281,BANKURA - DAMODAR (GC) (SER),Railways,SER,West Bengal,1998-03-01,2005-03-01,2012-12-01,111.9,1211.22,396.24,,,2008-12-01,48(R1),0/0,consolidated,54
2011-10-01,220100280,282,"JIND-SONEPAT (NL),NR",Railways,(NR),Haryana,2004-01-01,2012-03-01,2012-12-01,190.81,401.83,338.99,,238.56,,9(R3),0/0,consolidated,54
2011-10-01,220100304,283,"KOSI BRIDGE (NL), ECR",Railways,ECR,Bihar,2002-04-01,,2012-12-01,323.41,341.41,241.91,,,,,0/0,consolidated,54
2011-10-01,220100307,284,"RAIL-CUM-ROAD BRIDGE AT MUNGER (NL), ECR",Railways,ECR,Bihar,2002-04-01,2009-03-01,2012-12-01,921,981,556.03,,,,45(O),0/0,consolidated,54
2011-10-01,220100308,285,"PATNA GANGA BRIDGE (NL), ECR",Railways,ECR,Bihar,2001-04-01,2007-10-01,2012-12-01,624.47,1389.98,1013.11,,,,62(O),0/0,consolidated,54
2011-10-01,N22000077,286,BHOPAL BINA 3D LINE DOUBLING,Railways,RVNL,Madhya pradesh,2007-09-01,2010-03-01,2012-12-01,687.2,687.2,400.42,,,,33(O),0/0,consolidated,54
2011-10-01,N22000119,287,Bandel-Naihati new rail bridge in replacement of j,Railways,ER,West Bengal,1999-04-01,2012-12-01,2012-12-01,207.52,207.52,105.98,,,,0(O),0/0,consolidated,54
2011-10-01,220100184,288,"DAUSA-GANGAPUR CITY(NL),NWR",Railways,NWR,Rajasthan,1997-02-01,,2013-03-01,151.84,410.08,152.76,,410.08,,,0/0,consolidated,54
2011-10-01,220100263,289,QUILON-TIRUNELVELI-TENKASI- VIRUDHUNAGAR(SR)(GC),Railways,SR,Multi State,1998-03-01,,2013-03-01,280,1029,697.02,,,,,0/0,consolidated,54
2011-10-01,N22000120,290,Ratlam-Mhow-Khandwa-Akola (GC),Railways,WR,Madhya pradesh,2008-04-01,2012-03-01,2013-03-01,603.04,603.04,48.1,,,,12(O),0/0,consolidated,54
2011-10-01,N22000121,291,Ahmedabad-Himmatnagar-Udaipur (WR),Railways,WR,Gujarat,2008-04-01,2013-03-01,2013-03-01,394.13,394.14,0.49,,,,0(O),0/0,consolidated,54
2011-10-01,N22000028,292,"EXT. OF MRTS FROM VELACHERY TO STN. THOMAS, MTP",Railways,MRTP,Tamil Nadu,2006-04-01,2013-06-01,2013-06-01,495.74,495.74,135.28,,495.74,,0(R3),0/0,consolidated,54
2011-10-01,N22000117,293,Ghutiasharif-Canning (ER),Railways,ER,West Bengal,2009-04-01,2011-12-01,2013-11-01,189.97,189.97,64.1,,,,23(O),0/0,consolidated,54
2011-10-01,220100324,294,CHHINDWARA - NAGPUR (GC)(SECR),Railways,SECR,Madhya pradesh,2005-04-01,,2013-12-01,383.79,585.93,180.24,,,,,0/0,consolidated,54
2011-10-01,N22000126,295,Katakhal to Bhairabi,Railways,NEFR,Assam,1998-04-01,2012-12-01,2013-12-01,227.9,223.01,83.63,,,,12(O),0/0,consolidated,54
2011-10-01,N22000127,296,"Lumding-SILCHAR Jiribam, Badarpur- Baraigram Kumarg",Railways,NEFR,Assam,1996-04-01,2009-03-01,2013-12-01,1676.31,4091.33,2820.12,,,,57(O),0/0,consolidated,54
2011-10-01,220100266,297,NEW MAYNAGURI TO JOGIGHOPA VIA CHANGRABANDHA (NL),Railways,NEFR,Multi State,2000-04-01,2008-12-01,2014-03-01,733,1655.8,834.94,,34,,63(O),0/0,consolidated,54
2011-10-01,220100315,298,"RANGIA-MURKONGSELEK, (GC) ALONG WITH LINKED FINGER",Railways,NEFR,Multi State,2004-01-01,,2014-03-01,915.7,1717.29,771.94,,,,,0/0,consolidated,55
2011-10-01,N22000099,299,"AGARTALA SABROOM, NL, NEFR",Railways,NEFR,Tripura,2008-04-01,2014-03-01,2014-03-01,813.34,1141.75,217.04,,,,0(O),0/0,consolidated,55
2011-10-01,N22000100,300,"BHAIRABI SAIRONG, NL, NEFR",Railways,NEFR,Mizoram,2008-04-01,2014-04-01,2014-03-01,619.34,2393.49,3.61,,,,-1(O),0/0,consolidated,55
2011-10-01,N22000113,301,Jaipur - Ringus - Churu and Sikar - Loharu Guage C,Railways,NWR,Rajasthan,2008-04-01,2014-03-01,2014-03-01,653.19,653.19,9.5,,,,0(O),0/0,consolidated,55
2011-10-01,N22000114,302,Suratpura - Hanumangarh - Sriganganagar Guage Conv,Railways,NWR,Rajasthan,2008-04-01,2014-03-01,2014-03-01,516.23,516.23,80.97,,,,0(O),0/0,consolidated,55
2011-10-01,N22000122,303,Udhna-Jalgaon with electrification(doubling) (WR),Railways,WR,Gujarat,2008-04-01,2014-03-01,2014-03-01,1389.62,1389.62,195.64,,,,0(O),0/0,consolidated,55
2011-10-01,N22000088,304,"UTRATIA-ZAFRABAD, NR (LINE DOUBLING)",Railways,(NR),Uttar Pradesh,2006-04-01,2010-03-01,2014-06-01,325,369.9,107.6,,,2014-06-01,0(R3),0/0,consolidated,55
2011-10-01,220100201,305,RAIL-CUM-ROAD BRIDGE OVER RIVER BRAHAMAPUTRA BRIDG,Railways,NEFR,Assam,1997-09-01,2008-04-01,2014-12-01,1000,3230.01,2240.65,,1500,2014-03-01,9(R3),0/0,consolidated,55
2011-10-01,220100303,306,"HAJIPUR-SUGAULI VIA VAISHALI (NL), ECR",Railways,ECR,Bihar,2003-04-01,,2015-03-01,324.66,324.66,168.07,,,,,0/0,consolidated,55
2011-10-01,N22000092,307,"MUMBAI URBAN TRANSPORT PROJECT PHASE-II, MTP",Railways,MRTP,Maharashtra,2008-04-01,2014-03-01,2015-03-01,5300,5300,315.09,,,,12(O),0/0,consolidated,55
2011-10-01,N22000112,308,Himmatnagar - Udaipur Gauge Canvession (NWR),Railways,NWR,Rajasthan,2008-04-01,2015-03-01,2015-03-01,829.74,829.74,,,,,0(O),0/0,consolidated,55
2011-10-01,N22000124,309,New Line from Dimapur to Zubza(Kohima) national pr,Railways,NEFR,Nagaland,2006-04-01,2015-03-01,2015-03-01,850,850,8.44,,,,0(O),0/0,consolidated,55
2011-10-01,N22000102,310,"SEVOK RANGPO, NEFR",Railways,NEFR,Sikkim,2008-04-01,2015-12-01,2015-12-01,1339.48,3380.57,52.63,,,,0(O),0/0,consolidated,55
2011-10-01,220100288,311,JIRIBAM TO IMPHAL (TUPUI)(NL)(NEFR),Railways,NEFR,Manipur,2003-04-01,2011-03-01,2016-03-01,727.56,3056.85,493.47,,727.53,2014-03-01,24(R3),0/0,consolidated,55
2011-10-01,N22000109,312,New Work for Construction of Metro railway from Ba,Railways,RVNL,West Bengal,2010-04-01,2014-03-01,2016-03-01,2069.6,2069.6,,,,,24(O),0/0,consolidated,55
2011-10-01,N22000110,313,New Work for Construction of Metro railway from NS,Railways,RVNL,West Bengal,2010-04-01,2016-03-01,2016-03-01,3951.98,3951.98,,,,,0(O),0/0,consolidated,55
2011-10-01,N22000111,314,New Work for Construction of Metro railway,Railways,RVNL,West Bengal,2010-04-01,2016-03-01,2016-03-01,2619.02,2619.02,,,,,0(O),0/0,consolidated,55
2011-10-01,N22000108,315,New Work for Construction of Metro railway from No,Railways,RVNL,West Bengal,2010-04-01,2016-03-01,2016-06-01,2397.72,2397.72,0.02,,,,3(O),0/0,consolidated,55
2011-10-01,220100133,316,"UDHAMPUR-SRINAGAR-BARAMULLA (NL),NR",Railways,(NR),J & K,1995-03-01,2001-03-01,2017-12-01,2500,20000,7326.12,,8000,,201(O),0/0,consolidated,55
2011-10-01,220100062,317,"VIRAMGAM-BHILDI(WR),GC",Railways,WR,Multi State,1990-04-01,2010-03-01,,155.66,356.87,149.7,,,,,0/0,consolidated,56
2011-10-01,220100135,318,New BG line Rly line from Eklakhi- Balurghat includ,Railways,NEFR,West Bengal,1983-04-01,,,36.8,415.23,234.7,,274.41,,,0/0,consolidated,56
2011-10-01,220100149,319,DALLI-RAJHARA - RAOGHAT(PART OF DALLI-RAJHARA-JAGD,Railways,RVNL,Chhatisgarh,1995-04-01,2012-12-01,,304,968.6,87.11,,,,,0/0,consolidated,56
2011-10-01,220100151,320,CALICUT-MANGALORE (DL) (SR),Railways,SR,Multi State,1996-02-01,,,240,579.37,595.36,,,,,0/0,consolidated,56
2011-10-01,220100181,321,AHMEDNAGAR-PARLI VAIJNATH(NL) CR,Railways,CR,Maharashtra,1997-02-01,,,353.08,1010,99.45,,462.67,,,0/0,consolidated,56
2011-10-01,220100183,322,"HASSAN-BANGALORE VIA SHRAVANA-BELGOLA(NL),SWR",Railways,SWR,Karnataka,1997-02-01,,,295,944.55,478.17,,,,,0/0,consolidated,56
2011-10-01,220100186,323,"GONDIA-JABALPUR(GC),(SECR)",Railways,SECR,Multi State,1997-02-01,1998-03-01,,386.3,1038,570.21,,,,,0/0,consolidated,56
2011-10-01,220100191,324,"KARUR-SALEM(NL),SR",Railways,SR,Tamil Nadu,1997-02-01,,,155.55,945.73,622.93,,,,,0/0,consolidated,56
2011-10-01,220100193,325,"HUBLI-ANKOLA(NL),SWR",Railways,SWR,Karnataka,1995-04-01,,,227,997.58,65.16,,,,,0/0,consolidated,56
2011-10-01,220100205,326,"MUNEERABAD- MAHABOOBNAGAR(NL),SCR",Railways,SCR,Multi State,1997-04-01,,,218.24,537.47,93.8,,377.32,,,0/0,consolidated,56
2011-10-01,220100220,327,MACHERLA-NALGONDA(NL)(SCR),Railways,SCR,Andhra Pradesh,1998-07-01,2008-07-01,,125,363.26,0.27,,,,,0/0,consolidated,56
2011-10-01,220100222,328,"KODERMA-RANCHI VIA BARKAKANA (NL),ECR",Railways,ECR,Jharkhandd,1999-03-01,2005-07-01,,491.19,1099.2,1113.09,,1099.2,,,0/0,consolidated,56
2011-10-01,220100252,329,ANGAMALI-SABARIMALA (N.L.)(SR),Railways,SR,Kerala,1998-10-01,,,550,1214,70.88,,,,,0/0,consolidated,56
2011-10-01,220100254,330,"GULBARGA-BIDAR,SCR(NL)",Railways,SCR,Karnataka,1998-02-01,2009-05-01,,242.42,776,269,,369.7,,,0/0,consolidated,56
2011-10-01,220100257,331,KHAGARIA-KUSHESHWAR ASTHAN (NL) (ECR),Railways,ECR,Bihar,1997-04-01,,,78.23,162.87,87.26,,,,,0/0,consolidated,56
2011-10-01,220100258,332,"JALANDHAR-PATHANKOT-JAMMU- TAWI (LD),NR",Railways,(NR),Multi State,2002-03-01,2007-06-01,,409,847.76,815.43,,625.3,,,0/0,consolidated,56
2011-10-01,220100260,333,REINGUNTA-GUNTAKAL(RE),Railways,RVNL,Andhra Pradesh,2000-06-01,2003-04-01,,168.34,296.2,307.08,,,2010-03-01,,0/0,consolidated,56
2011-10-01,220100262,334,TIRUCHIRAPPALI-NAGORE- KARAIKKAL(SR)(GC),Railways,SR,Tamil Nadu,1995-09-01,,,100,548.96,476.32,,,,,0/0,consolidated,56
2011-10-01,220100265,335,KOTLPALLI-NARASAPUR (NL) (SCR),Railways,SCR,Andhra Pradesh,2001-12-01,,,330,695,9.44,,,,,0/0,consolidated,56
2011-10-01,220100273,336,"DEOGHAR - SULTANGANJ (INL), ER",Railways,ER,Multi State,2000-04-01,2012-12-01,,138,607.09,338.76,,519.67,,,0/0,consolidated,56
2011-10-01,220100274,337,BANGLORE - SATYAMANGALAM (NL)(SWR),Railways,SWR,Karnataka,1999-02-01,,,138,901.62,0.29,,,,,0/0,consolidated,56
2011-10-01,220100305,338,"KODERMA-TILAIYA (NL), ECR",Railways,ECR,Jharkhandd,2002-04-01,,,459.91,418.17,77.24,,,,,0/0,consolidated,57
2011-10-01,220100314,339,"RAMGANJMUNDI-BHOPAL (NL),WCR",Railways,WCR,Madhya pradesh,2001-04-01,,,727.13,1225,210.9,,727.13,,,0/0,consolidated,57
2011-10-01,220100322,340,PRATAPNAGAR-CHOTA UDAIPUR (GC) (WR),Railways,WR,Gujarat,2005-04-01,2008-03-01,,148.61,227.52,258.96,,,2009-03-01,,0/0,consolidated,57
2011-10-01,220100323,341,RUPSA-BANGRIPOSI (GC)(SER),Railways,SER,Orissa,1996-02-01,1998-03-01,,57.94,173.49,176.57,,,2005-08-01,,0/0,consolidated,57
2011-10-01,220100325,342,SUKINDA ROAD - ANGUL (NL)(ECOR),Railways,RVNL,Orissa,1998-04-01,2015-02-01,,183.23,638,,,,,,0/0,consolidated,57
2011-10-01,N22000032,343,MANOHARABAD-KOTHPALL NEW LINE(SCR),Railways,SCR,Andhra Pradesh,2006-04-01,,,378.56,791.6,0.76,,671.82,,,0/0,consolidated,57
2011-10-01,N22000045,344,"GOELKERA-MANOHARPUR,(LD)(SER)",Railways,SER,Jharkhandd,1997-03-01,2006-02-01,,186.92,261.7,24.65,,,,,0/0,consolidated,57
2011-10-01,N22000049,345,OBULAVARIPALLE- KRISHNAPATNAM(RVNL),Railways,RVNL,Andhra Pradesh,2006-07-01,2008-03-01,,743,732.8,315.49,,,2008-06-01,,0/0,consolidated,57
2011-10-01,N22000079,346,MAYLADUTHURAI-THIRUVARUR- KARAIKUDI-THIRU 'PONDI'-A,Railways,SR,Tamil Nadu,2007-09-01,,,404.19,900,211.41,,,,,0/0,consolidated,57
2011-10-01,N22000080,347,DINDIGUL-POLLACHI-PALGHAT- POLLACHI AND COIMBATORE,Railways,SR,Tamil Nadu,2006-09-01,,,343.17,900,443.75,,,,,0/0,consolidated,57
2011-10-01,N22000084,348,TINDIVANAM-GINGEE- TIRUVANNAMALAI (NL),Railways,SR,Tamil Nadu,2006-09-01,,,125,227.4,22.66,,,,,0/0,consolidated,57
2011-10-01,N22000085,349,TIDIVANAM-NAGARI (NL),Railways,SR,Tamil Nadu,2006-09-01,,,456,582.83,89.12,,,,,0/0,consolidated,57
2011-10-01,N22000087,350,NEW B.G. LINE FROM ARARIA TO GALGALIA (THAKURGUNG),Railways,NEFR,Bihar,2006-09-01,,,300,529.88,35.45,,300,,,0/0,consolidated,57
2011-10-01,N22000096,351,"RAJPIPLA-ANKELASHWAR, WR (GC)",Railways,WR,Gujarat,2006-04-01,2011-03-01,,196.97,196.97,178.19,,,,,0/0,consolidated,57
2011-10-01,N22000101,352,"KISHANGANJ JALALGARH, NL, NEFR",Railways,NEFR,Bihar,2008-04-01,,,282.92,359.86,0.71,,,,,0/0,consolidated,57
2011-10-01,N22000125,353,Bhavnagar-workshop facilities for 50 BG coaches PO,Railways,WR,Gujarat,2006-04-01,2011-03-01,,117.36,196.95,171.36,,196.95,,,0/0,consolidated,57
2011-10-01,220100118,354,AMRAVATI-NARKHER NL(CR),Railways,CR,Maharashtra,1994-06-01,1999-06-01,,120.9,548.95,466.6,,284.27,2011-03-01,,0/0,consolidated,57
2011-10-01,220100164,355,BELAPUR-SEAWOOD-URAN ELECTRIF-IED DOUBLE LINE(MTP),Railways,MRTP,Maharashtra,1996-03-01,2004-03-01,,401.81,495.44,167.16,,495.44,,,0/0,consolidated,57
2011-10-01,220100212,356,"KOTTUR-HARIHAR(NL),(SWR)",Railways,SWR,Karnataka,1995-04-01,2011-03-01,,65.94,302.23,329.27,,281.2,,,0/0,consolidated,57
2011-10-01,220100214,357,"RANCHI-LOHARDAGA(GC),SER",Railways,SER,Jharkhandd,1997-04-01,2004-06-01,,194.07,456.45,289.43,,,2005-04-01,,0/0,consolidated,57
2011-10-01,220100232,358,"LALITPUR-SATNA-REWA-SINGRULI NL, (NCR)",Railways,NCR,Multi State,1998-09-01,2008-05-01,,925,925,504.78,,,2011-03-01,,0/0,consolidated,57
2011-10-01,220100243,359,AGRA-ETAWAH VIA FATEHABAD AND BAH (NL) NCR,Railways,NCR,Uttar Pradesh,1999-04-01,2009-12-01,,108,227.42,250.82,,214.09,2011-03-01,,0/0,consolidated,58
2011-10-01,220100247,360,KATIHAR - JOGBANI (GC)(NEFR),Railways,NEFR,Bihar,2001-09-01,2010-12-01,,100,1015.84,720.94,,492.98,,,0/0,consolidated,58
2011-10-01,220100255,361,GONDA-GORAKHPUR LOOP WITH ANAND NAGAR-NAUTANWA GC (NER),Railways,NER,Uttar Pradesh,2002-03-01,,,381.17,863.23,436.49,,863.23,,,0/0,consolidated,58
2011-10-01,220100256,362,KAPTANGANJ-THAWE-SIWAN- CHHAPRA GC (NER),Railways,NER,Multi State,1999-04-01,,,323.4,522.56,451.09,,,,,1/1,consolidated,58
2011-10-01,220100268,363,TOLLYGANJ-GARIA with extension to Dum Dum-Noapara,Railways,MRTP,West Bengal,2000-03-01,2006-12-01,,907.69,3176.1,3076.13,,1032.76,2010-08-01,,0/0,consolidated,58
2011-10-01,220100270,364,"GADWAL - RAICHUR (NL), SCR",Railways,SCR,Multi State,1998-04-01,2011-02-01,,92.63,270,236.09,,108.91,,,0/0,consolidated,58
2011-10-01,220100279,365,"REWARI-ROHTAK (NL),NR",Railways,(NR),Haryana,2004-01-01,2010-02-01,,149.38,475.28,471.11,,330.23,2011-02-01,,0/0,consolidated,58
2011-10-01,220100306,366,"KODERMA GIRIDH (NL), ECR",Railways,ECR,Jharkhandd,1996-04-01,,,371.36,452.35,375.49,,,,,0/0,consolidated,58
2011-10-01,220100313,367,"SRIGANGANAGAR-SARUPSAR (GC), NWR",Railways,NWR,Rajasthan,2001-04-01,2011-03-01,,143.92,258.6,236.84,,258.6,,,0/0,consolidated,58
2011-10-01,220100316,368,MAHARAJGANJ-MASRAKH (NL) - NER,Railways,NER,Bihar,2003-04-01,,,218.19,218.19,134.12,,,,,0/0,consolidated,58
2011-10-01,220100319,369,HATHUA-BHATNI (N L) (NER),Railways,NER,Multi State,2005-04-01,,,230.03,230.03,134.9,,,,,0/0,consolidated,58
2011-10-01,220100328,370,TALCHER-BIMALAGARH(NL)(ECOR),Railways,ECOR,Orissa,2005-04-01,,,726.96,810.78,85.45,,810.78,,,0/0,consolidated,58
2011-10-01,N22000082,371,"ALUABARI ROAD SILIGURI JUNCTION VIA GALGALIA, NEFR",Railways,NEFR,Multi State,2006-12-01,2011-03-01,,170,435.87,365.15,,170,,,0/0,consolidated,58
2011-10-01,N22000086,372,NEW B.G. LINE FROM TETELIA TO BYRNIHAT (NATIONAL P,Railways,NEFR,Assam,2006-09-01,,,200,384.04,76.9,,,,,0/0,consolidated,58
2011-10-01,N22000091,373,"BARDHAMAN-KATWA, ER (GC)",Railways,ER,West Bengal,2007-04-01,2010-12-01,,245.15,245.15,167.66,,,2011-03-01,,0/0,consolidated,58
2011-10-01,N22000118,374,Pandabeswar-Chinpai doubling (ER),Railways,ER,West Bengal,2004-04-01,2010-12-01,,225.68,225.68,130.29,,,,,0/0,consolidated,58
2011-10-01,N22000123,375,Bhuj-Naliya(GC) with extension from naliyate vayor,Railways,WR,Gujarat,2008-04-01,2012-03-01,,318.24,468.62,2.29,,,,,0/0,consolidated,58
2011-10-01,N24000129,376,Chennai-Tada(Six lane),Road Transport & Highways,NHAI,Tamil Nadu,2009-04-01,2011-10-01,2011-10-01,353.37,353.37,200.4,,,,0(O),0/0,consolidated,58
2011-10-01,240106276,377,"MADURAI-ARUPKOTTAI-TUTICORIN, KM.138.8 TO KM.264.5, NH-45 B",Road Transport & Highways,NHAI,Tamil Nadu,2005-03-01,2010-11-01,2011-11-01,629,629,910,,,,12(O),0/0,consolidated,58
2011-10-01,240106300,378,"LALITPUR TO SAGAR KM 132 TO KM 187, NH-26 (NHAI)",Road Transport & Highways,NHAI,Madhya pradesh,2003-12-01,2008-10-01,2011-11-01,225,225,257.5,,,,37(O),0/0,consolidated,59
2011-10-01,N24000030,379,RINGBUNDS TO JHAJHANPUR (BR-6),Road Transport & Highways,NHAI,Bihar,2003-12-01,2008-06-01,2011-11-01,340,340,570,,,,41(O),0/0,consolidated,59
2011-10-01,N24000037,380,THRISSUR TO ANGAMALI (NH-47),Road Transport & Highways,NHAI,Kerala,2003-12-01,2009-03-01,2011-11-01,312.5,312.5,604.4,,,,32(O),0/0,consolidated,59
2011-10-01,N24000097,381,"JHANSI TO LALITPUR, NH-26",Road Transport & Highways,NHAI,Uttar Pradesh,2003-12-01,2009-09-01,2011-11-01,276.09,276.09,295.3,,,,26(O),0/0,consolidated,59
2011-10-01,N24000099,382,TRICHY - DINDIGUAL NH-45,Road Transport & Highways,NHAI,Tamil Nadu,2005-03-01,2010-07-01,2011-11-01,576,576,658.9,,,,16(O),0/0,consolidated,59
2011-10-01,N24000100,383,PONDICHERY - TINDIVANAU NH-66,Road Transport & Highways,NHAI,Tamil Nadu,2005-03-01,2010-07-01,2011-11-01,285,285,359.3,,,,16(O),0/0,consolidated,59
2011-10-01,240101132,384,HAVERI-HARIHAR (GQ) KM.340- KM.284 (NH-4),Road Transport & Highways,NHAI,Karnataka,2000-04-01,2004-08-01,2011-12-01,241,196.65,159.45,,,2010-07-01,17(R3),0/0,consolidated,59
2011-10-01,240101133,385,HARIHAR-CHITRADURGA (GQ) KM.284-KM.207 (NH-4),Road Transport & Highways,NHAI,Karnataka,2000-04-01,2004-08-01,2011-12-01,318,207.56,167.7,,,,88(O),0/0,consolidated,59
2011-10-01,240101153,386,SUNAKHALA-GANJAM (GQ) KM.338- KM.284 (NH-5),Road Transport & Highways,NHAI,Orissa,2000-04-01,2004-04-01,2011-12-01,225,241.53,82.01,,,,92(O),0/0,consolidated,59
2011-10-01,240101173,387,AGRA-SHIKOHABAD (GQ) KM.199.66- KM.250.50 (NH-2),Road Transport & Highways,NHAI,Uttar Pradesh,2000-04-01,2005-03-01,2011-12-01,367.49,367.49,453.68,,,,81(O),0/0,consolidated,59
2011-10-01,240104196,388,HALDIA PORT (PORT CONNECTIVITY) (NH-41),Road Transport & Highways,NHAI,West Bengal,2000-04-01,2005-03-01,2011-12-01,273,522,475.6,,,,81(O),0/0,consolidated,59
2011-10-01,240106204,389,"GARHMUKTESHWAR-MURADABAD (NHAI) OTHERS KM.93-149.25, NH-24",Road Transport & Highways,NHAI,Uttar Pradesh,2003-12-01,2007-09-01,2011-12-01,275,275,298.7,,,,51(O),0/0,consolidated,59
2011-10-01,240106205,390,"HAPUR-GARHMUKTESWAR (OTHERS) KM.58-93, NH-24",Road Transport & Highways,NHAI,Uttar Pradesh,2005-03-01,2007-09-01,2011-12-01,220,220,252,,,,51(O),0/0,consolidated,59
2011-10-01,240106216,391,"GAGODHAR-GARAMORE(PK-IV,NH15) KM 245 TO 281.3 AND 308 TO 254",Road Transport & Highways,NHAI,Gujarat,2003-12-01,2007-11-01,2011-12-01,412.78,479.54,436.9,,,,49(O),0/0,consolidated,59
2011-10-01,240106226,392,"BIJNI TO ASSAM/WB BORDER PH.II, KM.30.00 TO 0.00, NH-31 C",Road Transport & Highways,NHAI,Assam,2003-12-01,2005-06-01,2011-12-01,230,230,207.8,,,,78(O),0/0,consolidated,59
2011-10-01,240106235,393,VIJAYAPUR TO PATHANKOT (J&K) NH-1A KM.16.35 TO KM.50.00,Road Transport & Highways,NHAI,J & K,2003-12-01,2008-03-01,2011-12-01,193.09,166.3,183.9,,,,45(O),0/0,consolidated,59
2011-10-01,240106236,394,VIJAYAPUR TO PATHANKOT (NS- 35/J&K) NH-1A KM.50 TO KM.80,Road Transport & Highways,NHAI,J & K,2003-12-01,2008-03-01,2011-12-01,166.27,193.1,153.7,,,,45(O),0/0,consolidated,59
2011-10-01,240106246,395,"GORAKHPUR-AYODHYA (LMNHP- 5),NH-28, KM.208.00 TO KM.164.00",Road Transport & Highways,NHAI,Uttar Pradesh,2003-12-01,2008-10-01,2011-12-01,227,227,403.5,,,,38(O),0/0,consolidated,59
2011-10-01,240106260,396,"AURANG-RAIPUR, NH-6, KM.232 TO KM.281",Road Transport & Highways,NHAI,Chhatisgarh,2005-03-01,2009-01-01,2011-12-01,190,190,227,,,,35(O),0/0,consolidated,59
2011-10-01,240106277,397,"HARANGAJO TO MAIBANG (AS-23), KM.126.450 TO KM.140.700",Road Transport & Highways,NHAI,Assam,2003-12-01,2009-02-01,2011-12-01,280,280,228.9,,,,34(O),0/0,consolidated,60
2011-10-01,240106281,398,"MAIBANG TO LUNDING (AS-27), KM.40.000 TO KM.60.500",Road Transport & Highways,NHAI,Assam,2003-12-01,2009-04-01,2011-12-01,200,200,82.02,,,,32(O),0/0,consolidated,60
2011-10-01,240106290,399,BIJNI TO ASSAM WB BORDER (NH- 31.C)(1)(NHAI),Road Transport & Highways,NHAI,Assam,2003-12-01,2008-06-01,2011-12-01,195,195,174.8,,,,42(O),0/0,consolidated,60
2011-10-01,240106291,400,KASIA TO GORAKHPUR (NH- 28)(NHAI),Road Transport & Highways,NHAI,Uttar Pradesh,2003-12-01,2008-12-01,2011-12-01,242,242,427.2,,,,36(O),0/0,consolidated,60
2011-10-01,240106292,401,UP/BIHAR BORDER TO KASIA (NH- 28)(NHAI),Road Transport & Highways,NHAI,Uttar Pradesh,2003-12-01,2008-12-01,2011-12-01,227,227,369.1,,,,36(O),0/0,consolidated,60
2011-10-01,240106293,402,BIJNI TO ASSAM /WB.BORDER (NH- 31.C)(2)(NHAI),Road Transport & Highways,NHAI,Assam,2003-12-01,2008-06-01,2011-12-01,237.8,237.8,204.7,,,,42(O),0/0,consolidated,60
2011-10-01,240106297,403,"KOTA BYPASS,RJ-4, NH-76 (NHAI)",Road Transport & Highways,NHAI,Rajasthan,2003-12-01,2008-10-01,2011-12-01,275,250.39,277.4,,,,38(O),0/0,consolidated,60
2011-10-01,240106299,404,"LALITPUR TO SAGAR, NH-26 (NHAI)",Road Transport & Highways,NHAI,Madhya pradesh,2003-12-01,2008-11-01,2011-12-01,198,198,187.3,,,,37(O),0/0,consolidated,60
2011-10-01,240106301,405,"SAGAR BY PASS,KM 187 TO KM 211 , NH-26 (NHAI)",Road Transport & Highways,NHAI,Uttar Pradesh,2003-12-01,2008-10-01,2011-12-01,151.3,151.3,174,,,,38(O),0/0,consolidated,60
2011-10-01,240106304,406,"RAJMARG CHORAHA TO LAKHNANDON,KM 297 TO KM 351, NH-26 (NHAI)",Road Transport & Highways,NHAI,Madhya pradesh,2003-12-01,2008-10-01,2011-12-01,251.03,251.03,283.2,,,,38(O),0/0,consolidated,60
2011-10-01,240106305,407,"RAJMARG CHORAHA TO LAKHNANDON,KM 351 TO KM 405.7, NH-26 (NHA",Road Transport & Highways,NHAI,Madhya pradesh,2003-12-01,2008-10-01,2011-12-01,229.91,229.91,226.8,,,,38(O),0/0,consolidated,60
2011-10-01,N24000031,408,JHAJHARPUR TO DARBANGA (BR-7),Road Transport & Highways,NHAI,Bihar,2003-12-01,2008-09-01,2011-12-01,340,340,447.7,,,,39(O),0/0,consolidated,60
2011-10-01,N24000035,409,NALBARI TO BIJNI (AS-8),Road Transport & Highways,NHAI,Assam,2003-12-01,2008-06-01,2011-12-01,200,200,257.9,,,,42(O),0/0,consolidated,60
2011-10-01,N24000036,410,SITAPUR-LUCKNOW,Road Transport & Highways,NHAI,Uttar Pradesh,2005-03-01,2009-06-01,2011-12-01,322,322,553.7,,,,30(O),0/0,consolidated,60
2011-10-01,N24000040,411,NEW MANGALORE PORT NH-17 AND 48,Road Transport & Highways,NHAI,Karnataka,2000-04-01,2008-06-01,2011-12-01,196.5,196.5,236.6,,,,42(O),0/0,consolidated,60
2011-10-01,N24000042,412,NAGAON TO DHARAMTUL (AS-2),Road Transport & Highways,NHAI,Assam,2003-12-01,2008-06-01,2011-12-01,264.72,264.72,255.1,,,,42(O),0/0,consolidated,60
2011-10-01,N24000044,413,SONAPUR TO GUWAHTI (AS-3),Road Transport & Highways,NHAI,Assam,2003-12-01,2008-03-01,2011-12-01,245,245,486.2,,,,45(O),0/0,consolidated,60
2011-10-01,N24000047,414,NALBARI TO BIJNI (AS-6),Road Transport & Highways,NHAI,Assam,2003-12-01,2008-06-01,2011-12-01,225,225,173.8,,,,42(O),0/0,consolidated,60
2011-10-01,N24000048,415,NALBARI T BIJNI (AS-7),Road Transport & Highways,NHAI,Assam,2003-12-01,2008-04-01,2011-12-01,208,208,212.8,,,,44(O),0/0,consolidated,60
2011-10-01,N24000049,416,"DHARAMTUL TO SONAPUR,KM 205- 183 (AS-20)",Road Transport & Highways,NHAI,Assam,2003-12-01,2008-05-01,2011-12-01,160,160,126.2,,40,,43(O),0/0,consolidated,60
2011-10-01,N24000051,417,DHARAMTUL TO SONAPUR (AS-19),Road Transport & Highways,NHAI,Assam,2003-12-01,2008-06-01,2011-12-01,200,200,195.6,,,,42(O),0/0,consolidated,61
2011-10-01,N24000056,418,"THANJAUR-TRICHY,NH-67(NHAI)",Road Transport & Highways,NHAI,Tamil Nadu,2005-03-01,2009-06-01,2011-12-01,280,280,580.7,,,,30(O),0/0,consolidated,61
2011-10-01,N24000085,419,"GORAKHPUR BYPASS, NH-28, PHASE-II EAST-WEST CORRID",Road Transport & Highways,NHAI,Uttar Pradesh,2003-12-01,2009-10-01,2011-12-01,600.24,600.24,707.1,,,,26(O),0/0,consolidated,61
2011-10-01,N24000090,420,KOSI BRIDGE INCLUDING APPROACHES AND GUIDE BOND AN,Road Transport & Highways,NHAI,Bihar,2003-12-01,2010-03-01,2011-12-01,418.04,418.04,328.7,,,,21(O),0/0,consolidated,61
2011-10-01,N24000102,421,SALEM - U / UNDRUPET(BOT -1/TN- 06) NH -68,Road Transport & Highways,NHAI,Tamil Nadu,2005-03-01,2011-01-01,2011-12-01,941,941,1901,,,,11(O),0/0,consolidated,61
2011-10-01,N24000103,422,NEELAMANGALAR JUNCTION ON NH- 4 SMITH NH-48 TO DEVI,Road Transport & Highways,NHAI,Karnataka,2005-03-01,2010-07-01,2011-12-01,441,441,929,,,,17(O),0/0,consolidated,61
2011-10-01,N24000115,423,PATHANKOT BHOGPUR NH-1A,Road Transport & Highways,NHAI,Punjab,2003-12-01,2010-05-01,2011-12-01,229,284,344.8,,,,19(O),0/0,consolidated,61
2011-10-01,N24000116,424,BALASORE BHADRAK (REVIVED) KM 136.5 - 199.14 NH-5,Road Transport & Highways,NHAI,Orissa,2000-04-01,2004-02-01,2011-12-01,228.7,228.7,173.06,,,,94(O),0/0,consolidated,61
2011-10-01,N24000117,425,ZIRAKPUR(HARYANA) - PARWANOO(HIMACHAL PRADESH),Road Transport & Highways,NHAI,Multi State,2008-02-01,2010-08-01,2011-12-01,295,295,624.3,,,,16(O),0/0,consolidated,61
2011-10-01,N24000118,426,END OF DURG BYPASS- CHHATISGARH/MAHARASHTRA BORDER,Road Transport & Highways,NHAI,Chhatisgarh,2008-01-01,2011-01-01,2011-12-01,464,464,420,,,,11(O),0/0,consolidated,61
2011-10-01,N24000122,427,DELHI/ HARYANA BORDER TO ROHTAK,Road Transport & Highways,NHAI,Haryana,2007-04-01,2010-05-01,2011-12-01,486,486,558.6,,,,19(O),0/0,consolidated,61
2011-10-01,N24000131,428,Surat- Dahisar(Six Lane) Km 263 to Km 502,Road Transport & Highways,NHAI,Multi State,2009-02-01,2011-08-01,2011-12-01,1693.75,1693.75,2603,,,,4(O),0/0,consolidated,61
2011-10-01,N24000045,429,ASSAM/WB BORDER TO GAIRKATTA (WB-1),Road Transport & Highways,NHAI,West Bengal,2003-12-01,2008-11-01,2012-01-01,221.82,221.82,250.3,,,,38(O),0/0,consolidated,61
2011-10-01,N24000055,430,"NAGPUR-KONDHALI,NH-6(NHAI)",Road Transport & Highways,NHAI,Maharashtra,2005-03-01,2008-12-01,2012-01-01,168,168,385.3,,,,37(O),0/0,consolidated,61
2011-10-01,N24000096,431,"JHANSI TO LALITPUR, NH-25,26",Road Transport & Highways,NHAI,Uttar Pradesh,2003-12-01,2009-09-01,2012-02-01,355.06,355.06,294.7,,,,29(O),0/0,consolidated,61
2011-10-01,N24000143,432,Armur to kadloor yellareddy,Road Transport & Highways,NHAI,Andhra Pradesh,2010-02-01,2012-02-01,2012-02-01,390.56,390.56,511.4,,,,0(O),0/0,consolidated,61
2011-10-01,240100207,433,"SILCHAR-UDARBAND (PH.II) HN-54, KM.309 TO KM.275",Road Transport & Highways,NHAI,Assam,2003-12-01,2007-09-01,2012-03-01,157.47,154.57,180.4,,,,54(O),0/0,consolidated,61
2011-10-01,240106243,434,"KOTWA TO DEWAPUR(10 LMNHP),NH-28 PHASE-II, KM.440 TO KM.402",Road Transport & Highways,NHAI,Bihar,2003-12-01,2008-10-01,2012-03-01,240,240,274.9,,,,41(O),0/0,consolidated,61
2011-10-01,240106250,435,"ORAI TO JHANSI (UP-5),NH-25, KM.220.0 TO KM.170.0",Road Transport & Highways,NHAI,Uttar Pradesh,2003-12-01,2008-03-01,2012-03-01,340.68,340.68,357.7,,,,48(O),0/0,consolidated,61
2011-10-01,240106288,436,DAKOBA TO NAGAON (NH-36)(NHAI),Road Transport & Highways,NHAI,Assam,2003-12-01,2008-06-01,2012-03-01,225,225,257.6,,41,,45(O),0/0,consolidated,61
2011-10-01,240106294,437,FORBESGANJ TO SIMRAHI (NH- 57)(NHAI),Road Transport & Highways,NHAI,Bihar,2003-12-01,2008-09-01,2012-03-01,332.94,332.94,297.3,,,,42(O),0/0,consolidated,62
2011-10-01,240106303,438,"SAGAR - RAJMARG CHORAHA,KM 211 TO KM 255, NH-26 (NHAI)",Road Transport & Highways,NHAI,Madhya pradesh,2003-12-01,2008-10-01,2012-03-01,203.43,203.43,208.2,,,,41(O),0/0,consolidated,62
2011-10-01,N24000038,439,GUWHATI TO NALBARI (AS-4),Road Transport & Highways,NHAI,Assam,2003-12-01,2008-04-01,2012-03-01,175.96,175.96,120.7,,,,47(O),0/0,consolidated,62
2011-10-01,N24000046,440,GUWAHATI TO NALBARI (AS-5),Road Transport & Highways,NHAI,Assam,2003-12-01,2008-04-01,2012-03-01,198.16,198.16,180.2,,,,47(O),0/0,consolidated,62
2011-10-01,N24000063,441,"BRAHMPUTRA BRIDGE,NH NO-31",Road Transport & Highways,NHAI,Assam,2003-12-01,2010-04-01,2012-03-01,217.61,217.61,154,,,,23(O),0/0,consolidated,62
2011-10-01,N24000101,442,TRICHY - KORUR NH-67,Road Transport & Highways,NHAI,Tamil Nadu,2005-03-01,2010-07-01,2012-05-01,516,516,594.2,,,,22(O),0/0,consolidated,62
2011-10-01,N24000107,443,NH CONNECTIVITY TO ICTT VALLARPADAEU NH - SH,Road Transport & Highways,NHAI,Kerala,2005-03-01,2010-02-01,2012-05-01,557,557,930.9,,,,27(O),0/0,consolidated,62
2011-10-01,N24000127,444,"Pune-sholapur,pkg1",Road Transport & Highways,NHAI,Maharashtra,2009-11-01,2012-05-01,2012-05-01,1110,1110,1802,,,,0(O),0/0,consolidated,62
2011-10-01,N24000128,445,Kishangarh-Ajmer-Beawer,Road Transport & Highways,NHAI,Rajasthan,2009-11-01,2012-05-01,2012-05-01,795,795,804.3,,,,0(O),0/0,consolidated,62
2011-10-01,N24000142,446,Hyderabad-yadgiri N.H no-202,Road Transport & Highways,NHAI,Andhra Pradesh,2010-08-01,2012-05-01,2012-05-01,388,388,372.3,,,,0(O),0/0,consolidated,62
2011-10-01,240106221,447,"GANGA BRIDGE TO RAMDEVI CROSSING PH.II NH-25, KM.75-80.06",Road Transport & Highways,NHAI,Uttar Pradesh,2003-12-01,2008-09-01,2012-06-01,155,201.66,90.44,,,,45(O),0/0,consolidated,62
2011-10-01,240106244,448,"DEEWAPUR TO UP/BIHAR BORDER (LMNHP-9)-NH-28, KM.402-360.915",Road Transport & Highways,NHAI,Bihar,2003-12-01,2008-10-01,2012-06-01,300,300,170.1,,,,44(O),0/0,consolidated,62
2011-10-01,N24000088,449,"GWALIOR BYPSS, NH-75,3",Road Transport & Highways,NHAI,Madhya pradesh,2003-12-01,2009-10-01,2012-06-01,300.93,300.93,294.1,,,,32(O),0/0,consolidated,62
2011-10-01,N24000089,450,"GWALIOR-JHANSI, NH-75",Road Transport & Highways,NHAI,Multi State,2003-12-01,2009-12-01,2012-06-01,604,604,412.7,,,,30(O),0/0,consolidated,62
2011-10-01,N24000108,451,DHOLPUR - MORENA SECTION (INCLUDING CHAMBOL BRIDGE,Road Transport & Highways,NHAI,Multi State,2003-12-01,2010-09-01,2012-06-01,232.45,232.45,168.2,,,,21(O),0/0,consolidated,62
2011-10-01,N24000126,452,MP/Maharashtra Border-Dhula,Road Transport & Highways,NHAI,Maharashtra,2009-12-01,2012-06-01,2012-06-01,835,835,396.7,,,,0(O),0/0,consolidated,62
2011-10-01,N24000130,453,Gurgaon-Kotputli Km 42.70 to 54.4 Km,Road Transport & Highways,NHAI,Multi State,2009-04-01,2011-10-01,2012-06-01,1673.7,1673.7,1527,,,,8(O),0/0,consolidated,62
2011-10-01,N24000133,454,Panipat-Jalandhar 6 lane(Km 96 to 387.1 km),Road Transport & Highways,NHAI,Haryana,2009-05-01,2011-11-01,2012-06-01,1108,2288,2691,,,,7(O),0/0,consolidated,62
2011-10-01,N24000123,455,"PIMPALGAON-NASIK-GONDE, NH-3 (NHDP-PHASE-III)",Road Transport & Highways,NHAI,Maharashtra,2005-03-01,2012-07-01,2012-07-01,940,940,328.2,,,,0(O),0/0,consolidated,62
2011-10-01,240106237,456,"PATHANKOT- BHOGPUR, KM.26- KM.70, NH-1A",Road Transport & Highways,NHAI,Punjab,2003-12-01,2008-05-01,2012-08-01,284,359,132.2,,,,51(O),0/0,consolidated,62
2011-10-01,N24000132,457,Chilkaluripet-Vijaywada 6 lane (km 355 to Km 434.1),Road Transport & Highways,NHAI,Andhra Pradesh,2009-05-01,2011-10-01,2012-08-01,572.3,572.3,510.5,,,,10(O),0/0,consolidated,62
2011-10-01,N24000125,458,Gujarat/Maharashtra BorderSurat-Hazira Port Section,Road Transport & Highways,NHAI,Gujarat,2010-03-01,2012-09-01,2012-09-01,1509.1,1509.1,827.3,,,,0(O),0/0,consolidated,63
2011-10-01,N24000094,459,"LAKHNAADON TO MP/MH BORDER,KM 596.75-653 (NS- 1/BOT/MP-2),NH7",Road Transport & Highways,NHAI,Madhya pradesh,2003-12-01,2010-06-01,2012-10-01,407.6,407.6,184.6,,,,28(O),0/0,consolidated,63
2011-10-01,N24000095,460,"LAKHNADON TO MP/MH BORDER (NS-1/BOT/MP-2), NH-7",Road Transport & Highways,NHAI,Madhya pradesh,2003-12-01,2009-09-01,2012-10-01,263.17,263.17,233.4,,,,37(O),0/0,consolidated,63
2011-10-01,N24000124,461,Four Lanning from MP/Maharashtra Border to nagpur,Road Transport & Highways,NHAI,Maharashtra,2010-04-01,2011-06-01,2012-10-01,1170.52,1170.52,4.41,,,,16(O),0/0,consolidated,63
2011-10-01,N24000134,462,Hyderabad-Vijaywada Km. 40 to 221.50 Km,Road Transport & Highways,NHAI,Andhra Pradesh,2010-04-01,2012-10-01,2012-10-01,1740,1740,1060,,,,0(O),0/0,consolidated,63
2011-10-01,N24000150,463,WADNER-DEVDHARI(NS-60/MH)(KM 94-123 KM),Road Transport & Highways,NHAI,Maharashtra,2011-02-01,2012-11-01,2012-11-01,193.45,193.45,29.04,,,,0(O),0/0,consolidated,63
2011-10-01,N24000160,464,UGRADATION OF HYDERABAD- BANGALORE SECTION,Road Transport & Highways,NHAI,Karnataka,2010-11-01,2012-11-01,2012-11-01,680,680,,,,,0(O),0/0,consolidated,63
2011-10-01,N24000028,465,SILIGURI TO ISLAMPUR (WB-7),Road Transport & Highways,NHAI,West Bengal,2003-12-01,2008-07-01,2012-12-01,225,225,177.4,,,,53(O),0/0,consolidated,63
2011-10-01,N24000057,466,"GANJAM-ICCHAPURUM,NH-5(NHAI)",Road Transport & Highways,NHAI,Orissa,2000-04-01,2004-02-01,2012-12-01,263.27,263.27,254.69,,,,106(O),0/0,consolidated,63
2011-10-01,N24000135,467,Jaipur-Tonk-Deoli,Road Transport & Highways,NHAI,Rajasthan,2010-06-01,2012-12-01,2012-12-01,792.06,792.06,390.2,,,,0(O),0/0,consolidated,63
2011-10-01,N24000141,468,Hazaribagh-Ranchi,Road Transport & Highways,NHAI,Jharkhandd,2010-08-01,2013-01-01,2013-01-01,625.07,625.07,666,,,,0(O),0/0,consolidated,63
2011-10-01,N24000165,469,PATNA-MUZZAFFARPUR,Road Transport & Highways,NHAI,Bihar,2010-08-01,2013-02-01,2013-02-01,671.3,671.3,116.9,,,,0(O),0/0,consolidated,63
2011-10-01,N24000137,470,Bijapur-Hungund Section,Road Transport & Highways,NHAI,Karnataka,2010-09-01,2010-09-01,2013-03-01,748,748,1114,,,,30(O),0/0,consolidated,63
2011-10-01,N24000138,471,Hungund-Surathkal and Mangalore- Knt/Kerala Border,Road Transport & Highways,NHAI,Karnataka,2010-09-01,2013-03-01,2013-03-01,946,946,778.5,,,,0(O),0/0,consolidated,63
2011-10-01,N24000144,472,CHENGAPALLI TO COIMBATORE BYPASS KM-102.035-144.740 KM,Road Transport & Highways,NHAI,Tamil Nadu,2010-09-01,2013-03-01,2013-03-01,852,852,354,,,,0(O),0/0,consolidated,63
2011-10-01,N24000146,473,KUNDUPUR-SURATHKAL & MANGLORE,Road Transport & Highways,NHAI,Karnataka,2010-09-01,2013-03-01,2013-03-01,671,671,173.2,,,,0(O),0/0,consolidated,63
2011-10-01,N24000156,474,PUNE-SATARA(NH-4),Road Transport & Highways,NHAI,Maharashtra,2010-10-01,2013-03-01,2013-03-01,1724.55,1724.55,107.6,,,,0(O),0/0,consolidated,63
2011-10-01,N24000179,475,SAMAIKHIALI - GANDHIDHAM,Road Transport & Highways,NHAI,Gujarat,2010-09-01,2013-03-01,2013-03-01,805.39,805.39,7.75,,,,0(O),0/0,consolidated,63
2011-10-01,N24000136,476,Indore-Jhabua-Gujrat/MP,Road Transport & Highways,NHAI,Madhya pradesh,2010-10-01,2013-04-01,2013-04-01,1175,1175,138.7,,,,0(O),0/0,consolidated,63
2011-10-01,N24000145,477,CUDDAPAH-MYDUKUR-KURNOOL KM-167.750-356.502 KM,Road Transport & Highways,NHAI,Andhra Pradesh,2010-11-01,2013-05-01,2013-05-01,1585,1585,251.9,,,,0(O),0/0,consolidated,63
2011-10-01,N24000152,478,DEVIHALLI-HASSAN,Road Transport & Highways,NHAI,Karnataka,2010-12-01,2013-05-01,2013-05-01,453,453,140.6,,,,0(O),0/0,consolidated,64
2011-10-01,N24000159,479,INDORE-DEWAS(NH-3),Road Transport & Highways,NHAI,Madhya pradesh,2010-11-01,2013-05-01,2013-05-01,325,325,138.7,,,,0(O),0/0,consolidated,64
2011-10-01,N24000166,480,2 LANNING OF MOKAMA-MUNGER,Road Transport & Highways,NHAI,Bihar,2011-05-01,2013-05-01,2013-05-01,351.54,351.54,3.12,,,,0(O),0/0,consolidated,64
2011-10-01,N24000176,481,Trichy Bypass,Road Transport & Highways,NHAI,Tamil Nadu,2010-05-01,2013-05-01,2013-05-01,374,374,21.49,,,,0(O),0/0,consolidated,64
2011-10-01,N24000098,482,"AGRA-BYPASS(NS-1/UP-1),KM 176.8- 13.03 NH-2,3",Road Transport & Highways,NHAI,Uttar Pradesh,2003-12-01,2007-09-01,2013-06-01,348.16,348.16,118,,,,69(O),0/0,consolidated,64
2011-10-01,N24000147,483,AMRITSAR-PATHANKOT,Road Transport & Highways,NHAI,Punjab,2010-05-01,2012-11-01,2013-06-01,705,705,846.5,,,,7(O),0/0,consolidated,64
2011-10-01,N24000154,484,MURADABAD-BAREILY,Road Transport & Highways,NHAI,Uttar Pradesh,2010-04-01,2013-06-01,2013-06-01,1267,1267,,,,,0(O),0/0,consolidated,64
2011-10-01,N24000158,485,BELGAUM-DHARWAD(NH-4),Road Transport & Highways,NHAI,Karnataka,2010-12-01,2013-06-01,2013-06-01,480,480,,,,,0(O),0/0,consolidated,64
2011-10-01,N24000167,486,4 LANNING OF AHMEDABAD TO GODHARA,Road Transport & Highways,NHAI,Gujarat,2010-12-01,2013-06-01,2013-06-01,1008.5,1008.5,596.9,,,,0(O),0/0,consolidated,64
2011-10-01,N24000173,487,DEVELOPMENT OF ADIQUATE ROAD CONNECTIVITY TO CHENN,Road Transport & Highways,NHAI,Tamil Nadu,2011-06-01,2013-06-01,2013-06-01,600,600,72.15,,,,0(O),0/0,consolidated,64
2011-10-01,240106278,488,"MAIBANG TO LUNDING (AS-25), KM.83.400 TO KM.111.000",Road Transport & Highways,NHAI,Assam,2003-12-01,2009-04-01,2013-07-01,199.81,385.13,31.92,,,,51(O),0/0,consolidated,64
2011-10-01,240106280,489,"MAIBANG TO LUNDING (AS-24), KM.111.000 TO KM.126.450",Road Transport & Highways,NHAI,Assam,2003-12-01,2008-11-01,2013-07-01,155.04,280.13,39.26,,,,56(O),0/0,consolidated,64
2011-10-01,N24000068,490,"CHAMBAL BRIDGE, NH-76 (RJ-5)",Road Transport & Highways,NHAI,Rajasthan,2003-12-01,2010-02-01,2013-07-01,275,281.31,179.2,,,,41(O),0/0,consolidated,64
2011-10-01,N24000148,491,DEOLI-KOTA,Road Transport & Highways,NHAI,Rajasthan,2011-01-01,2013-07-01,2013-07-01,953,593,71.18,,,,0(O),0/0,consolidated,64
2011-10-01,N24000163,492,JAMMU-UDHAMPUR KM.27.5 TO KM.67.00,Road Transport & Highways,NHAI,J & K,2010-07-01,2013-07-01,2013-07-01,1813.76,1813.76,,,,,0(O),0/0,consolidated,64
2011-10-01,N24000175,493,kandla - Mundra port,Road Transport & Highways,NHAI,Gujarat,2011-01-01,2013-07-01,2013-07-01,953.88,953.88,23.41,,,,0(O),0/0,consolidated,64
2011-10-01,N24000157,494,CHITRADURGA-TUMKUR(NH-4),Road Transport & Highways,NHAI,Karnataka,2011-03-01,2013-08-01,2013-08-01,839,839,,,,,0(O),0/0,consolidated,64
2011-10-01,N24000168,495,4 LANNING OF GODHARA TO GUJARAT/MP BORDER,Road Transport & Highways,NHAI,Gujarat,2011-03-01,2013-08-01,2013-08-01,785.5,785.5,335,,,,0(O),0/0,consolidated,64
2011-10-01,N24000170,496,GHAZIABAD-ALIGARH NH-91,Road Transport & Highways,NHAI,Uttar Pradesh,2011-02-01,2013-08-01,2013-08-01,1141,1141,182.5,,,,0(O),0/0,consolidated,64
2011-10-01,N24000177,497,Dindigul - Kumli,Road Transport & Highways,NHAI,Tamil Nadu,2011-09-01,2013-08-01,2013-08-01,485,485,,,,,0(O),0/0,consolidated,64
2011-10-01,N24000139,498,New 4 Lane elevated road from chennai airport,Road Transport & Highways,NHAI,Tamil Nadu,2010-09-01,2013-09-01,2013-09-01,1655,1655,4.71,,,,0(O),0/0,consolidated,64
2011-10-01,N24000153,499,4 LANNING OF BELGUM-KHANPUR SECTION AND 2 LANING,Road Transport & Highways,NHAI,Karnataka,2011-03-01,2013-09-01,2013-09-01,359,359,12.4,,,,0(O),0/0,consolidated,64
2011-10-01,N24000149,500,SIX LANNING OF VADAKKANCHERRY THRISSURESECTION,Road Transport & Highways,NHAI,Kerala,2010-02-01,2012-08-01,2013-10-01,617,617,154.5,,,,14(O),0/0,consolidated,65
2011-10-01,N24000178,501,Tirupati - Chennai,Road Transport & Highways,NHAI,Tamil Nadu,2011-04-01,2013-10-01,2013-10-01,571,571,,,,,0(O),0/0,consolidated,65
2011-10-01,N24000140,502,Talegaon-amravati,Road Transport & Highways,NHAI,Maharashtra,2009-11-01,2013-11-01,2013-11-01,567,567,179.6,,,,0(O),0/0,consolidated,65
2011-10-01,N24000169,503,ROHTAK-BAWAL,Road Transport & Highways,NHAI,Haryana,2011-05-01,2013-11-01,2013-11-01,650,650,,,,,0(O),0/0,consolidated,65
2011-10-01,N24000174,504,Muzafarpur - Sonbarsa,Road Transport & Highways,NHAI,Bihar,2011-05-01,2013-11-01,2013-11-01,511.54,511.54,40.39,,,,0(O),0/0,consolidated,65
2011-10-01,240106279,505,"MAIBANG TO LUNDING (AS-26), KM.60.500 TO KM.83.400, NH-54",Road Transport & Highways,NHAI,Assam,2003-12-01,2008-11-01,2013-12-01,167.64,167.64,40.71,,,,61(O),0/0,consolidated,65
2011-10-01,N24000171,506,SIX LANNING OF HOSUR- KRISHNAGRI NH-7 KM.33.130 TO,Road Transport & Highways,NHAI,Tamil Nadu,2011-06-01,2013-12-01,2013-12-01,535,535,,,,,0(O),0/0,consolidated,65
2011-10-01,N24000172,507,SIX LANNING OF KRISHNAGIRI- WALAJHAPET SECTION KM.,Road Transport & Highways,NHAI,Tamil Nadu,2011-09-01,2013-12-01,2013-12-01,1250,1250,,,,,0(O),0/0,consolidated,65
2011-10-01,N24000061,508,"HARANGAJO TO MAIBANG,km 164.08- 190.587 NH-54",Road Transport & Highways,NHAI,Assam,2003-12-01,2007-09-01,2014-04-01,212,386.1,1.76,,,,79(O),0/0,consolidated,65
2011-10-01,N24000062,509,"HARANGAJO TO MAIBANG, NH-54",Road Transport & Highways,NHAI,Assam,2003-12-01,2009-07-01,2014-04-01,196,363.74,0.34,,,,57(O),0/0,consolidated,65
2011-10-01,N24000155,510,4 LANING OF NAGPUR-BETUL,Road Transport & Highways,NHAI,Multi State,2011-02-01,2014-08-01,2014-08-01,2498.76,2498.76,,,,,0(O),0/0,consolidated,65
2011-10-01,N24000151,511,PANIPAT-ROHTAK,Road Transport & Highways,NHAI,Haryana,2011-04-01,2014-10-01,2014-10-01,807,807,455.7,,,,0(O),0/0,consolidated,65
2011-10-01,N24000162,512,NASHRI CHANANI,Road Transport & Highways,NHAI,J & K,2010-06-01,2015-06-01,2015-06-01,2159,2159,,,,,0(O),0/0,consolidated,65
2011-10-01,N24000161,513,QUAZIGUND-BANIHAL KM.220.00 TO KM.188.00,Road Transport & Highways,NHAI,J & K,2010-07-01,2015-07-01,2015-07-01,1987,1987,,,,,0(O),0/0,consolidated,65
2011-10-01,N25000059,514,RAIL CONNECTIVITY TO ICTT AT VALLARPADAM AT COCHIN PORT TRUS,Shipping & Ports,RVNL,Kerala,2007-03-01,2009-04-01,2011-02-01,245.67,298.17,294.09,,,,22(O),0/0,consolidated,65
2011-10-01,N25000038,515,"Construction & License out the OPERATION, MANAG. &",Shipping & Ports,PORT TRUST,Karnataka,2006-06-01,2010-12-01,2011-06-01,230,272.5,219,,,,6(O),0/0,consolidated,65
2011-10-01,N25000054,516,MARINE LIQUID TERMINALS,Shipping & Ports,ENNORE TANK,Tamil Nadu,2004-10-01,2006-06-01,2011-09-01,196.25,196.25,,,,2011-09-01,0(R2),0/0,consolidated,65
2011-10-01,N25000058,517,ACQUISITION OF TWO NOS OF 120 B.P (AH03TYPE) AHTS,Shipping & Ports,SHIPP.,Kerala,2010-12-01,2011-09-01,2011-09-01,241.5,241.5,48.1,,,,0(O),0/0,consolidated,65
2011-10-01,250100112,518,ESTABLISHMENT OF VESSEL TRAFFIC SERVICES IN GULF OF KUTCH,Shipping & Ports,SHIPP.,Gujarat,2002-01-01,2005-12-01,2011-10-01,165,165,124.37,,165,2008-01-01,45(R3),0/0,consolidated,66
2011-10-01,N25000014,519,ACQUISITION OF 4 NO. OF ANCHOR HANDLING CUM SUPPLY,Shipping & Ports,SHIPP.,Maharashtra,2007-10-01,2011-04-01,2011-11-01,359.44,359.44,358.79,,,2011-06-01,5(R3),0/0,consolidated,66
2011-10-01,N25000042,520,Acquisition of two nos. of 120 B.P,Shipping & Ports,SHIPP.,Maharashtra,2009-04-01,2011-06-01,2012-01-01,290.85,305,86.46,,305,2012-01-01,0(R3),0/0,consolidated,66
2011-10-01,N25000033,521,ACQUISITION OF 6 NOS. OF 57000 DWT HANDYMAX BULK C,Shipping & Ports,SHIPP.,Maharashtra,2007-11-01,2012-03-01,2012-03-01,1061.96,1082.06,680.53,,1077.6,,0(O),0/0,consolidated,66
2011-10-01,N25000048,522,SETTING UP OF LNG REGASIFICATION TERMINAL AT PUTHU,Shipping & Ports,PORT TRUST,Kerala,2009-03-01,2012-01-01,2012-03-01,3500,3500,,,,,2(O),0/0,consolidated,66
2011-10-01,N25000050,523,Modification & Strengthening of Existing Berth No. 1 to 6,Shipping & Ports,PORT TRUST,Gujarat,2010-06-01,2012-03-01,2012-03-01,277,277,0.04,,,,0(O),0/0,consolidated,66
2011-10-01,N25000043,524,Acquisition of Two nos. of 3060 DWT,Shipping & Ports,PORT TRUST,Maharashtra,2009-04-01,2011-12-01,2012-05-01,277.03,277.03,81.4,,280,2012-05-01,0(R3),0/0,consolidated,66
2011-10-01,N25000016,525,CONST. & DEV. OF 2 OFFSHORE CONTAINER BERTHS & TER,Shipping & Ports,MUMBAI PORT TRU,Maharashtra,2007-11-01,2010-12-01,2012-09-01,1228,1460,610,,,,21(O),0/0,consolidated,66
2011-10-01,N25000031,526,ACQUISITION OF 4 NOS. OF 80655 DWT PANAMAX BULK CA,Shipping & Ports,SHIPP.,Maharashtra,2008-08-01,2012-09-01,2012-09-01,1066.91,968.35,222.91,,,,0(O),0/0,consolidated,66
2011-10-01,N25000049,527,Mechanization of coal handling facilities to 200,Shipping & Ports,PORT TRUST,Andhra Pradesh,2010-02-01,2010-06-01,2012-11-01,444.1,444.1,,,,,29(O),0/0,consolidated,66
2011-10-01,N25000051,528,Acquisition of 4 nos of 82000 DWT kamsavmax Bulk carriers,Shipping & Ports,SHIPP.,Maharashtra,2010-08-01,2012-12-01,2012-12-01,612.72,627.64,83.51,,627.64,,0(O),0/0,consolidated,66
2011-10-01,N25000037,529,C/O Berthing and Allied Facilities off tekra near,Shipping & Ports,PORT TRUST,Gujarat,2005-04-01,2011-02-01,2013-03-01,882,1060,0.16,,,,25(O),0/0,consolidated,66
2011-10-01,N25000039,530,CONSTRUCTION OF 13 & 14 CARGO BERTH AT KANDLA,Shipping & Ports,PORT TRUST,Gujarat,2005-12-01,2011-03-01,2013-03-01,702,755.5,219,,,,24(O),0/0,consolidated,66
2011-10-01,N25000047,531,SETTING UP OF AN INTERNATIONAL CRUISE TERMINAL AT,Shipping & Ports,PORT TRUST,Kerala,2008-03-01,2009-01-01,2013-05-01,375,272.5,,,272.5,,52(O),0/0,consolidated,66
2011-10-01,N25000035,532,"ENNORE MANALI EXPRESS WAY,F/O SPECIAL PURPOSE VEHI",Shipping & Ports,SHIPP.,Tamil Nadu,2002-10-01,2006-03-01,2013-12-01,150,600,67,,600,,93(O),0/0,consolidated,66
2011-10-01,N25000052,533,Acquistion of three(3) nos of 6500TEU Cellular container,Shipping & Ports,SHIPP.,Maharashtra,2010-10-01,2013-12-01,2013-12-01,1028.1,1028.1,202.04,,1012.23,,0(O),0/0,consolidated,66
2011-10-01,N25000053,534,Acquisition of two(2) Nos. of 317000 DWT very large crude,Shipping & Ports,SHIPP.,Maharashtra,2010-10-01,2014-02-01,2014-02-01,966.46,994.82,189.92,,,,0(O),0/0,consolidated,66
2011-10-01,N25000003,535,DEEPENING AND WIDENING OF MUMBAI HARBOUR CHANNEL A,Shipping & Ports,PORT TRUST,Maharashtra,2005-10-01,2008-10-01,,800,800,5.75,,,,,0/0,consolidated,67
2011-10-01,N25000004,536,DEEPENING OF CHANNEL AT PARADIP PORT,Shipping & Ports,PORT TRUST,Orissa,2005-12-01,2007-12-01,,154.84,253.36,,,,2009-01-01,,0/0,consolidated,67
2011-10-01,N25000056,537,DEVELOPMENT OF IRON ORE TERMINAL,Shipping & Ports,ENNORE PORT LTD,Tamil Nadu,2006-09-01,2010-08-01,,370,370,,,,,,0/0,consolidated,67
2011-10-01,250100175,538,SETHUSAMUDRAM SHIP CHANNEL PROJECT,Shipping & Ports,PORT TRUST,Tamil Nadu,2005-06-01,2008-10-01,,2427.4,2427.4,821.48,,,,,0/0,consolidated,67
2011-10-01,N26000043,539,GSM EQUIPMENT OF 3125K LINES(2G) AND 625K LINES(3,Telecommunications,BSNL,Maharashtra,2008-09-01,2009-09-01,2010-02-01,1799.94,1799.94,299.77,,,,5(O),0/0,consolidated,67
2011-10-01,N26000072,540,"Implementation of FTTH, the state of the art access ,gpon eq",Telecommunications,BSNL,Multi State,2007-12-01,2010-03-01,2010-10-01,952.88,952.88,,,,,7(O),0/0,consolidated,67
2011-10-01,N26000040,541,GSM EQUIPMENT OF 216650 LINES(2G) PH-5.1,Telecommunications,BSNL,Haryana,2008-01-01,2009-03-01,2011-02-01,192.48,192.48,119.45,,,,23(O),0/0,consolidated,67
2011-10-01,N26000041,542,GSM EQUIPMENT OF 390K LINES(2G) AND 130K LINES(3G),Telecommunications,BSNL,Punjab,2008-02-01,2008-12-01,2011-02-01,373.94,373.94,209.79,,,,26(O),0/0,consolidated,67
2011-10-01,N26000046,543,GSM EQUIPMENT OF 700K LINES(2G) AND 150K LINES(3G),Telecommunications,BSNL,Orissa,2007-11-01,2009-03-01,2011-02-01,277.34,377.54,308.13,,,,23(O),0/0,consolidated,67
2011-10-01,N26000058,544,UTTARANCHAL TELECOM CIRCLE PHASE-VI (2G & 3G),Telecommunications,BSNL,Uttaranchal,2009-01-01,2009-06-01,2011-02-01,149.15,158.72,76.55,,158.72,,20(O),0/0,consolidated,67
2011-10-01,N26000062,545,"Assam Telecom Circle, Phase-V.I, 2G & 3G",Telecommunications,BSNL,Assam,2007-06-01,2009-01-01,2011-02-01,336.81,336.81,155.71,,,,25(O),0/0,consolidated,67
2011-10-01,N26000086,546,GSM equipment of 945000Lines (2G) 225000lines 3(G),Telecommunications,BSNL,Bihar,2007-10-01,2008-10-01,2011-02-01,366,366,227.39,,,,28(O),0/0,consolidated,67
2011-10-01,N26000091,547,GSM equipment of 1900000Lines (2G) 401700 lines 3(,Telecommunications,BSNL,Tamil Nadu,2009-01-01,2011-03-01,2011-02-01,760.2,1100,815,,,,-1(R3),0/1,consolidated,67
2011-10-01,N26000093,548,GSM equipment of 1500000Lines (2G) 264700lines 3(G,Telecommunications,BSNL,Andhra Pradesh,2009-01-01,2010-01-01,2011-02-01,922.91,922.91,346.9,,,,13(O),0/0,consolidated,67
2011-10-01,N26000094,549,GSM equipment of 1900000Lines (2G) 335500lines 3(G,Telecommunications,BSNL,Kerala,2009-01-01,2010-01-01,2011-02-01,848.7,848.7,712.86,,,,13(O),0/0,consolidated,67
2011-10-01,N26000095,550,GSM equipment of 614000Lines (2G) 150000lines 3(G),Telecommunications,BSNL,Tamil Nadu,2009-01-01,2010-01-01,2011-02-01,315.19,315.19,142.07,,,,13(O),0/0,consolidated,67
2011-10-01,N26000039,551,GSM EQUIPMENT OF 900K LINES(2G) AND 300K LINES(3G),Telecommunications,BSNL,Rajasthan,2007-06-01,2008-12-01,2011-03-01,601.49,601.49,496.2,,,,27(O),0/0,consolidated,68
2011-10-01,N26000050,552,GSM EQUIPMENT-480K LINES(2G) & 220K LINES(3G) IN,Telecommunications,BSNL,Uttar Pradesh,2007-05-01,2009-03-01,2011-03-01,335.91,335.91,182.45,,,,24(O),0/0,consolidated,68
2011-10-01,N26000081,553,GSM equipment of 900000Lines (2G) PunjabPhase V.2,Telecommunications,BSNL,Punjab,2008-09-01,2009-09-01,2011-03-01,241.49,241.49,123.76,,,,18(O),0/0,consolidated,68
2011-10-01,N26000082,554,GSM equipment of 200000Lines (2G) UP(West)Phase V.,Telecommunications,BSNL,Uttar Pradesh,2008-10-01,2009-10-01,2011-03-01,336.84,336.84,35.75,,,,17(O),0/0,consolidated,68
2011-10-01,N26000087,555,GSM equipment of 849862Lines (2G) 150138 lines 3(G,Telecommunications,BSNL,West Bengal,2008-02-01,2009-02-01,2011-03-01,584.33,584.33,403.71,,,,25(O),0/0,consolidated,68
2011-10-01,N26000089,556,GSM equipment of 1867000Lines (2G) 383000 lines 3(,Telecommunications,BSNL,Gujarat,2008-08-01,2009-08-01,2011-03-01,868,868,362.62,,,,19(O),0/0,consolidated,68
2011-10-01,N26000090,557,GSM equipment of 1625000Lines (2G) 325000 lines 3(,Telecommunications,BSNL,Madhya pradesh,2009-11-01,2010-11-01,2011-03-01,916.7,916.7,280.72,,,,4(O),0/0,consolidated,68
2011-10-01,N26000092,558,GSM equipment of 1700000Lines (2G) 234100 lines 3(,Telecommunications,BSNL,Karnataka,2008-10-01,2009-10-01,2011-03-01,677.75,719.9,461.56,,719.9,,17(O),0/0,consolidated,68
2011-10-01,N26000011,559,CONVERGENT BILLING AND CRM- MTNL(DELHI),Telecommunications,MTNL,Delhi,2005-12-01,2007-02-01,2011-08-01,249,229.41,66.2,,229.41,,54(O),0/0,consolidated,68
2011-10-01,N26000016,560,CONVERGENT BILLING AND CRM(MUMBAI),Telecommunications,MTNL,Maharashtra,2006-01-01,2007-02-01,2011-08-01,247,247,75.89,,,,54(O),0/0,consolidated,68
2011-10-01,N26000078,561,FTTH BO-3474 /08-09 in Mumbai,Telecommunications,MTNL,Maharashtra,2010-04-01,2011-09-01,2011-09-01,389.86,389.86,3.06,,,,0(O),0/0,consolidated,68
2011-10-01,260100099,562,PROJ.III OF NIB-II OF MESSAGING STORAGE,Telecommunications,BSNL,Multi State,2003-11-01,2005-12-01,2011-12-01,250,425.51,141.31,,,,72(O),0/0,consolidated,68
2011-10-01,N26000096,563,ERP implementation in BSNL on Turnkey basis,Telecommunications,BSNL,Multi State,2009-10-01,2010-10-01,2012-03-01,384,384,23.3,,,,17(O),0/0,consolidated,68
2011-10-01,N26000029,564,EXPANSION OF EXISTING 750K GSM NETWORK PE NO. 992,Telecommunications,BSNL,Maharashtra,2006-06-01,2007-10-01,,231.38,168.3,,,,,,0/0,consolidated,68
2011-10-01,N26000063,565,MANAGED LEASED LINE NETWORK PH-VI,Telecommunications,BSNL,Multi State,2008-11-01,,,350,350,,,,,,0/0,consolidated,68
2011-10-01,N26000065,566,Execution of telecom network requirement of defence,Telecommunications,BSNL,Multi State,2006-05-01,2009-03-01,,1077,1077,,,,,,0/0,consolidated,68
2011-10-01,N26000066,567,Procurement of 2.5G DWDM equipment,Telecommunications,BSNL,Multi State,2006-08-01,2009-03-01,,424,424,,,,,,0/0,consolidated,68
2011-10-01,N26000067,568,Procurement of 10G (40 chl) DWDM equipment,Telecommunications,BSNL,Multi State,2006-08-01,2009-03-01,,590.1,590.1,,,,,,0/0,consolidated,68
2011-10-01,N26000068,569,Procurement of 10G 40 CHL (12 chi equipped) DWDM,Telecommunications,BSNL,Multi State,2007-12-01,2010-03-01,,545.5,545.5,,,,,,0/0,consolidated,69
2011-10-01,N26000069,570,Procurement of STM-1 SDH equipment,Telecommunications,BSNL,Multi State,2007-02-01,2010-03-01,,154.03,154.03,,,,,,0/0,consolidated,69
2011-10-01,N26000070,571,Procurement of STM-16 MADM equipment,Telecommunications,BSNL,Multi State,2008-03-01,2010-03-01,,355.92,355.92,,,,,,0/0,consolidated,69
2011-10-01,N26000071,572,Procurement of STM-16 ADM equipment,Telecommunications,BSNL,Multi State,2007-02-01,2010-03-01,,477,477,,,,,,0/0,consolidated,69
2011-10-01,N26000073,573,"Implementation of FTTH, the state of the art Acces",Telecommunications,BSNL,Multi State,2007-12-01,2010-03-01,,152.65,152.65,,,,,,0/0,consolidated,69
2011-10-01,N26000074,574,Procurement of DXC equipment,Telecommunications,BSNL,Multi State,2008-02-01,2010-03-01,,229,229,,,,,,0/0,consolidated,69
2011-10-01,N26000083,575,GSM equipment of 975000Lines (2G) 325000 lines 3(G,Telecommunications,BSNL,Uttar Pradesh,2009-02-01,2010-02-01,,625.53,625.53,,,,,,0/0,consolidated,69
2011-10-01,N26000084,576,GSM equipment of 1100000Lines (2G) UP East Phase,Telecommunications,BSNL,Uttar Pradesh,2009-09-01,2010-09-01,,624.75,624.75,,,,,,0/0,consolidated,69
2011-10-01,N26000085,577,GSM equipment of 375000Lines (2G) 75000lines 3(G),Telecommunications,BSNL,West Bengal,2008-06-01,2009-06-01,,170.23,170.23,,,,,,0/0,consolidated,69
2011-10-01,N26000088,578,GSM equipment of 799000Lines (2G) 101000 lines 3(G,Telecommunications,BSNL,Jharkhandd,2008-03-01,2009-03-01,,328.13,328.12,164.58,,,,,0/0,consolidated,69
2011-10-01,N28000008,579,BANGALORE METRO RAIL PROJECT,Urban Development,MRTP,Karnataka,2006-05-01,2011-12-01,2013-12-01,6395,11609,2267.57,,,,24(O),6/6,consolidated,69
2011-10-01,N28000057,580,FARIDABAD EXTENSION,Urban Development,DMRC,Delhi,2011-09-01,2014-09-01,2014-09-01,2494,2494,,,,,0(O),0/0,consolidated,69
2011-10-01,N28000056,581,DELHI MRTS PHASE-III,Urban Development,DMRC,Delhi,2011-09-01,2016-03-01,2016-03-01,35242,35242,42.15,,,,0(O),0/0,consolidated,69
2011-10-01,N28000048,582,C/o office building for IDBI at bandra Kurla Compl,Urban Development,CPWD,Maharashtra,2006-11-01,2009-04-01,,114.18,173.08,,,173.08,,,0/0,consolidated,69
2011-10-01,300100001,583,PAGLADIYA DAM PROJECT,Water Resources,MoWR,Assam,2001-01-01,2007-12-01,2012-12-01,542.9,1187,35.49,,,,60(O),0/0,consolidated,69
