report_month,ocms_code,sl_no,project_name,sector,agency,state_raw,approval_month,original_doc_month,revised_doc_month,original_cost_cr,revised_cost_cr,cumulative_expenditure_cr,physical_progress_pct,latest_approved_cost_cr,approved_revised_doc_month,delay_months_reported,milestones,annexure,source_page
2015-10-01,N02000010,1,KAKRAPAR ATOMIC POWER PROJECT - 3 AND 4,ATOMIC ENERGY,NPCIL,GUJARAT,2009-10-01,2015-12-01,2017-10-01,11459,11459,6555,,,,22(O),7/70,consolidated,55
2015-10-01,020100040,2,KUDANKULAM APP (NPCIL),ATOMIC ENERGY,NPCIL,TAMIL NADU,2001-12-01,2008-12-01,,13171,17270,,,,,,42/102,consolidated,55
2015-10-01,020100044,3,"PROTOTYPE FAST BREEDER REACTOR (BHAVINI, 500 MWE)",ATOMIC ENERGY,BHAVNI,TAMIL NADU,2003-09-01,2010-09-01,2016-09-01,3492,5677,5071.96,,5677,2016-09-01,72(O),12/88,consolidated,55
2015-10-01,N02000027,4,RAJASTHAN ATOMIC POWER PROJECT -7 AND 8 (2X700 MW),ATOMIC ENERGY,NPCIL,RAJASTHAN,2009-10-01,2016-12-01,2018-05-01,12320,12320,5171,,,,17(O),4/69,consolidated,55
2015-10-01,N04000050,5,CONSTRUCTION OF NEW AIRPORT AT PAKYONG(SIKKIM) AIRPORT,CIVIL AVIATION,AAI,SIKKIM,2009-01-01,2011-01-01,2017-09-01,309.46,309.46,402.44,,,2016-06-01,80(O),0/0,consolidated,55
2015-10-01,N04000073,6,"CONSTRUCTION OF NEW INTEGRATED TERMINAL BUILDING AT VSI AIRPORT, PORTBLAIR",CIVIL AVIATION,AAI,ANDAMAN & NICOBAR ISLANDS,2013-10-01,,2018-09-01,314.61,314.61,18.02,,,,,0/0,consolidated,55
2015-10-01,N04000069,7,CONSTRUCTION OF NEW INTERNATIONAL TERMINAL BUILDING(GOA),CIVIL AVIATION,AAI,GOA,2010-05-01,2012-05-01,2015-03-01,335.61,318,305.01,,,,,0/0,consolidated,55
2015-10-01,N04000072,8,ESTABLISHMENT OF AIRPORT OPERATIONS CONTROL CENTRES AT 10 AIRPORTS,CIVIL AVIATION,AAI,MULTI STATE,2010-02-01,2014-03-01,2015-05-01,344.28,344.28,80.6,,,,,0/0,consolidated,55
2015-10-01,N04000071,9,SUPPLY OF 56 NOS AIRFIELD FIRE TENDERS AT VARIOUS AIRPORTS,CIVIL AVIATION,AAI,MULTI STATE,2012-10-01,2015-03-01,2015-09-01,217.6,244.1,30.67,,,,,0/0,consolidated,55
2015-10-01,N06000133,10,ADASA UG TO OC,COAL,WCL,MAHARASHTRA,2015-08-01,2023-03-01,2023-03-01,288.9,288.9,,,,,0(O),2/15,consolidated,55
2015-10-01,N06000016,11,ADRIYALA SHAFT PROJECT,COAL,SCCL,TELANGANA,2009-12-01,2013-03-01,2016-03-01,212.34,1228.39,861.82,,1228.39,2012-09-01,36(O),21/22,consolidated,55
2015-10-01,N06000131,12,AMALGAMATED PAUNI-II III OC MINE,COAL,WCL,MAHARASHTRA,2015-06-01,2021-03-01,2021-03-01,483.69,483.69,1.57,,,,0(O),3/14,consolidated,55
2015-10-01,N06000132,13,AMALGAMATED YEKONA-I YEKONA-II,COAL,WCL,MAHARASHTRA,2015-08-01,2025-03-01,2025-03-01,727.28,727.28,40.01,,,,0(O),2/20,consolidated,55
2015-10-01,N06000123,14,AMERA OC RCE,COAL,SECL,CHHATISGARH,2015-02-01,2018-03-01,2018-03-01,335.97,335.97,30.44,,,,0(O),0/4,consolidated,55
2015-10-01,N06000135,15,AMGAON OPENCAST PROJECT RCE,COAL,SECL,CHHATISGARH,2015-07-01,2020-03-01,2020-03-01,316.1,316.1,15.78,,,,0(O),0/0,consolidated,55
2015-10-01,N06000082,16,AMLAI OC EXPANSION SECTOR B (1.50 MTY),COAL,SECL,CHHATISGARH,2009-11-01,2016-03-01,2016-03-01,150.59,198.59,122.22,,,,0(O),3/7,consolidated,55
2015-10-01,N06000010,17,"AMLOHRI EPR (NCL) (6 MTY , INCR.)",COAL,NCL,MADHYA PRADESH,2009-12-01,2016-03-01,2016-03-01,1352.04,1143.54,807.25,,1143.54,,0(O),4/4,consolidated,55
2015-10-01,N06000103,18,AMRAPALI OC(12MTY),COAL,CCL,JHARKHAND,2012-02-01,2020-03-01,2020-03-01,858.11,858.11,108.18,,,,0(O),3/4,consolidated,55
2015-10-01,N06000122,19,AMRITDHARA OC PROJECT,COAL,SECL,MADHYA PRADESH,2015-02-01,2023-03-01,2023-03-01,481.6,481.6,,,,,0(O),0/7,consolidated,56
2015-10-01,N06000067,20,ANANTA OC EXPANSION PH-III (15.0 MTY),COAL,MCL,ODISHA,2008-08-01,2012-03-01,2017-03-01,207.28,207.28,205.71,,,,60(O),4/5,consolidated,56
2015-10-01,060100096,21,ASHOK EXPN OCP CCL (10 MTY),COAL,CCL,JHARKHAND,2007-12-01,2011-03-01,2017-03-01,341.63,341.63,126.41,,,,72(O),2/5,consolidated,56
2015-10-01,N06000044,22,"BALRAM OCP EXTENSION,MCL 8.00 MTY",COAL,MCL,ODISHA,2007-12-01,2010-03-01,2017-03-01,172.08,172.08,149.9,,,,84(O),2/4,consolidated,56
2015-10-01,N06000099,23,BAROUD OC EXPANSION (RCE)- 3MTY,COAL,SECL,CHHATISGARH,2012-04-01,2016-03-01,2018-03-01,258.56,258.56,96.1,,,,24(O),3/6,consolidated,56
2015-10-01,N06000112,24,BASUNDHARA (WEST) OC EXTN(7.00 MTY),COAL,MCL,ODISHA,2014-05-01,2019-03-01,2019-03-01,479.15,479.15,10.15,,,,0(O),1/9,consolidated,56
2015-10-01,N06000134,25,BATURA HIGHWALL PROJECT,COAL,SECL,MADHYA PRADESH,2015-07-01,2022-03-01,2022-03-01,231.92,231.92,,,,,0(O),0/0,consolidated,56
2015-10-01,N06000121,26,BHANEGAON OC,COAL,WCL,MAHARASHTRA,2015-02-01,2023-03-01,2023-03-01,187.94,187.94,44.14,,,,0(O),5/21,consolidated,56
2015-10-01,N06000034,27,"BHUBANESWARI OCP, MCL (20.0 MTY)",COAL,MCL,ODISHA,2007-12-01,2017-03-01,2017-03-01,490.1,490.1,203.37,,,,0(O),11/11,consolidated,56
2015-10-01,N06000111,28,BIJARI OC RCE (1.50 MTY),COAL,SECL,CHHATISGARH,2014-05-01,2020-03-01,2020-03-01,164.49,164.49,76.43,,,,0(O),2/6,consolidated,56
2015-10-01,N06000009,29,BLOCK-B OCP NCL (3.5 MTY),COAL,NCL,MADHYA PRADESH,2011-06-01,2015-03-01,2016-03-01,746.04,535.1,412.91,,535.1,,12(O),3/3,consolidated,56
2015-10-01,N06000104,30,CHHAL OC SEAM -III (6.00 MTY),COAL,SECL,CHHATISGARH,2013-12-01,2022-03-01,2022-03-01,610.63,610.33,,,,,0(O),1/7,consolidated,56
2015-10-01,N06000046,31,CHURCHA ROUG(1.35MTY),COAL,SECL,CHHATISGARH,2008-06-01,2014-03-01,2016-03-01,462.35,462.35,298.87,,,,24(O),7/9,consolidated,56
2015-10-01,N06000083,32,CHURI BENTI UG (0.81 MTY),COAL,CCL,JHARKHAND,2007-08-01,2011-03-01,2016-03-01,163.51,163.51,35.95,,,,60(O),0/3,consolidated,56
2015-10-01,N06000118,33,DINESH OCP,COAL,WCL,MAHARASHTRA,2014-11-01,2020-03-01,2020-03-01,611.16,611.16,55.75,,,,0(O),3/15,consolidated,56
2015-10-01,060100094,34,DIPKA EXPANSION OCP (SECL) (20-25) MTY,COAL,SECL,CHHATISGARH,2009-12-01,2014-03-01,2016-03-01,1943.66,1943.66,1701.52,,,,24(O),11/13,consolidated,56
2015-10-01,N06000136,35,DURGAPUR OPENCAST PROJECT,COAL,SECL,CHHATISGARH,2015-02-01,2023-03-01,2023-03-01,916.24,916.24,,,,,0(O),0/0,consolidated,56
2015-10-01,N06000117,36,GARJANBAHAL OCP,COAL,MCL,ODISHA,2014-11-01,2021-03-01,2021-03-01,1375.38,1375.38,158.42,,,,0(O),1/9,consolidated,56
2015-10-01,060100093,37,GEVRA EXPANSION OCP (SECL) (25-35) MTY,COAL,SECL,CHHATISGARH,2010-06-01,2014-03-01,2016-03-01,2675.67,2675.67,1908.13,,,,24(O),11/16,consolidated,56
2015-10-01,N06000120,38,GOKUL,COAL,WCL,MAHARASHTRA,2014-11-01,2018-03-01,2018-03-01,267.67,267.67,171.62,,,,0(O),2/18,consolidated,56
2015-10-01,N06000042,39,GOPAL PRASAD OCP (15MTY),COAL,MCL,ODISHA,2008-02-01,2015-03-01,2021-03-01,395.87,395.87,76.74,,,,72(O),2/13,consolidated,56
2015-10-01,N06000068,40,HINGULA OC-II EXP. PH-III (15 MTY),COAL,MCL,ODISHA,2008-11-01,2013-03-01,2017-03-01,479.53,479.53,175.15,,,,48(O),4/8,consolidated,56
2015-10-01,N06000114,41,JAGANNATH RE-ORGANISATION OC.(6.00 MTY),COAL,MCL,ODISHA,2014-05-01,2019-03-01,2019-03-01,337.66,337.66,0.24,,,,0(O),2/6,consolidated,56
2015-10-01,N06000075,42,JAGANNATHPOR OCP(3.00MTY),COAL,SECL,CHHATISGARH,2008-09-01,2015-03-01,2020-03-01,152.43,152.43,24.72,,,,60(O),1/7,consolidated,56
2015-10-01,N06000094,43,JALAGAM VENGALA RAO OCP-II,COAL,SCCL,TELANGANA,2011-07-01,2015-03-01,2018-03-01,447.06,447.06,29.03,,,,36(O),4/13,consolidated,56
2015-10-01,N06000025,44,JALLARAM SHAFT PROJECT,COAL,SCCL,TELANGANA,2007-09-01,2013-03-01,,467.78,467.78,2.85,,,,,6/83,consolidated,56
2015-10-01,N06000020,45,JHANJRA R-VI SEAM PSLW,COAL,ECL,WEST BENGAL,2006-11-01,2011-03-01,2017-03-01,287.18,287.18,226.26,,,,72(O),8/15,consolidated,57
2015-10-01,N06000048,46,KAKATIYA LONGWALL,COAL,SCCL,TELANGANA,2008-12-01,2012-12-01,2017-03-01,453.63,453.63,101.64,,,,51(O),11/44,consolidated,57
2015-10-01,N06000129,47,KAKATIYAKHANI OPENCAST-2 PROJECT,COAL,SCCL,TELANGANA,2015-05-01,2019-03-01,2019-03-01,397.09,397.09,,,,,0(O),3/18,consolidated,57
2015-10-01,N06000101,48,KALYANIKHANI OPENCAST PROJECT,COAL,SCCL,TELANGANA,2012-07-01,2016-07-01,2017-03-01,417.33,417.33,14.05,,,,8(O),6/28,consolidated,57
2015-10-01,N06000125,49,KANCHAN OC EXPANSION,COAL,SECL,MADHYA PRADESH,2014-12-01,2021-03-01,2021-03-01,371.04,371.04,28.71,,,,0(O),0/6,consolidated,57
2015-10-01,N06000035,50,"KANIHA OCP, MCL, (10.0 MTY)",COAL,MCL,ODISHA,2007-12-01,2013-03-01,2017-03-01,457.77,457.77,206.37,,,,48(O),8/9,consolidated,57
2015-10-01,N06000108,51,KAPURIA UG(PSLW),COAL,BCCL,JHARKHAND,2011-08-01,2017-04-01,2017-04-01,988.35,988.35,45.15,,,,0(O),0/2,consolidated,57
2015-10-01,N06000088,52,KARMA OCP (1.0MTY),COAL,CCL,JHARKHAND,2009-06-01,2014-03-01,2017-03-01,162.46,162.46,69.53,,,,36(O),3/4,consolidated,57
2015-10-01,N06000076,53,KARTALI (EAST) OCP (2.50 MTY),COAL,SECL,CHHATISGARH,2008-07-01,2014-03-01,2020-03-01,178.44,178.44,0.3,,,,72(O),1/7,consolidated,57
2015-10-01,N06000091,54,"KHADIA EXPANSION OPENCAST PROJECT(4 TO 10 MTPA,6MTPA INCREMENTAL)",COAL,NCL,UTTAR PRADESH,2011-06-01,2018-03-01,2018-03-01,1131.28,1131.28,112.8,,1131.28,,0(O),4/4,consolidated,57
2015-10-01,N06000089,55,KISTARAM OCP,COAL,SCCL,TELANGANA,2010-11-01,2015-03-01,2018-03-01,242.29,242.29,0.03,,,,36(O),0/5,consolidated,57
2015-10-01,N06000007,56,KRISHNASHILA (NCL) (4MTY),COAL,NCL,UTTAR PRADESH,2011-06-01,2013-03-01,2016-03-01,789.88,741.62,491.68,,741.62,,36(O),2/2,consolidated,57
2015-10-01,N06000115,57,KULDA EXPN OC. (5.00 MTY),COAL,MCL,ODISHA,2014-06-01,2018-03-01,2018-03-01,289.03,289.03,,,,,0(O),1/5,consolidated,57
2015-10-01,060100092,58,KULDA OCP (MAHANADI COALFIELDS LTD),COAL,MCL,ODISHA,2005-01-01,2010-03-01,2016-03-01,302.96,302.96,295.22,,,,72(O),8/10,consolidated,57
2015-10-01,N06000008,59,KUSMUNDA EXPN.OCP(SECL)(15-50)MTY,COAL,SECL,CHHATISGARH,2013-08-01,2023-03-01,2023-03-01,7612.33,7612.33,779.15,,7612.33,2023-03-01,0(O),1/17,consolidated,57
2015-10-01,N06000126,60,MADHUBAND NLW WASHERY,COAL,BCCL,JHARKHAND,2010-08-01,2014-05-01,2016-10-01,289.45,289.45,98.72,,,,29(O),0/8,consolidated,57
2015-10-01,N06000015,61,MAGADH OC 20 MTY (CCL),COAL,CCL,JHARKHAND,2008-08-01,2012-07-01,2021-03-01,706.4,706.4,77.72,,,,104(O),1/3,consolidated,57
2015-10-01,N06000119,62,MAKARDHOKRA I OC,COAL,WCL,MAHARASHTRA,2014-09-01,2021-03-01,2021-03-01,266.23,266.23,90.33,,,,0(O),3/22,consolidated,57
2015-10-01,N06000081,63,MANIKPUR OC EXPANSION (3.5 MTY),COAL,SECL,CHHATISGARH,2009-12-01,2014-03-01,2018-03-01,321.5,321.5,207.52,,,,48(O),4/7,consolidated,57
2015-10-01,N06000080,64,MANUGURU OC-II EXTENSION PHASE-II,COAL,SCCL,TELANGANA,2010-03-01,2012-03-01,2016-03-01,181.19,181.19,64.24,,,,48(O),4/6,consolidated,57
2015-10-01,N06000098,65,MOONIDIH XV SEAM UG,COAL,BCCL,JHARKHAND,2011-08-01,2015-04-01,2019-04-01,1230.27,1230.27,46.34,,,2019-04-01,48(O),2/11,consolidated,57
2015-10-01,N06000096,66,MURAIDIH UG TURN-KEY PROJECT,COAL,BCCL,JHARKHAND,2011-02-01,2014-04-01,2016-03-01,339.88,339.88,12.06,,,,23(O),4/7,consolidated,57
2015-10-01,N06000128,67,NEW MAJRI UG TO OC,COAL,WCL,MAHARASHTRA,2015-05-01,2019-03-01,2019-03-01,295.56,295.56,79.02,,,,0(O),4/20,consolidated,57
2015-10-01,N06000095,68,NEYVELI NEW THERMAL POWER PROJECT(2X500 MW),COAL,NLC,TAMIL NADU,2011-06-01,2015-12-01,2018-04-01,5907.11,5907.11,1151.22,,,2018-04-01,28(O),11/35,consolidated,57
2015-10-01,N06000033,69,"NIGAHI OC EXPANSION PROJECT 10 MTY TO 15 MTY, SINGRAULI",COAL,NCL,MADHYA PRADESH,2007-10-01,2012-03-01,2017-03-01,259.4,259.4,40.22,,259.4,,60(O),2/2,consolidated,57
2015-10-01,N06000106,70,NORTH TISRA AND SOUTH TISRA EXPANSION OCP (6MTY),COAL,BCCL,JHARKHAND,2014-02-01,2021-03-01,2017-03-01,555.52,555.52,3.52,,,,-48(O),0/2,consolidated,58
2015-10-01,N06000084,71,NORTH URIMARI OCP (3.0 MTY),COAL,CCL,JHARKHAND,2007-12-01,2012-03-01,2017-03-01,179.87,179.87,91.69,,,,60(O),2/3,consolidated,58
2015-10-01,N06000127,72,PATHERDIH NLW WASHERY,COAL,BCCL,JHARKHAND,2012-10-01,2014-04-01,2016-11-01,269.82,269.82,54.53,,,,31(O),0/10,consolidated,58
2015-10-01,N06000045,73,PELMA OCP(15.00MTY),COAL,SECL,CHHATISGARH,2014-11-01,2023-03-01,2023-03-01,1624.59,1624.59,5.43,,1624.59,2023-03-01,0(O),1/10,consolidated,58
2015-10-01,N06000066,74,PENGANGA OCP(REVISED),COAL,WCL,MAHARASHTRA,2014-09-01,2020-03-01,2020-03-01,441.82,441.82,126.51,,,,0(O),5/27,consolidated,58
2015-10-01,N06000085,75,PURNADIH OCP (3.0 MTY),COAL,CCL,JHARKHAND,2008-07-01,2013-03-01,2017-03-01,210.98,210.98,150.78,,,,48(O),4/4,consolidated,58
2015-10-01,N06000056,76,RAJMAHAL OC EXP.,COAL,ECL,JHARKHAND,2009-09-01,2014-03-01,2016-03-01,153.82,153.82,65.85,,,,24(O),3/9,consolidated,58
2015-10-01,N06000124,77,RAJNAGAR OCP RPR (1.70 MTY),COAL,SECL,MADHYA PRADESH,2014-12-01,2021-03-01,2021-03-01,357.8,357.8,108.44,,,,0(O),0/7,consolidated,58
2015-10-01,N06000087,78,RAJRAPPA RCE OCP ( 3.0 MTY),COAL,CCL,JHARKHAND,2009-12-01,2016-03-01,2016-03-01,510.85,510.85,223.38,,,,0(O),2/4,consolidated,58
2015-10-01,N06000078,79,RAMAGUNDAM OC-II EXTENSION,COAL,SCCL,TELANGANA,2009-12-01,2012-03-01,2017-03-01,418.97,418.97,365.11,,,,60(O),0/2,consolidated,58
2015-10-01,N06000049,80,RAMPUR BATURA OCP (4.0 MTY),COAL,SECL,MADHYA PRADESH,2015-08-01,2023-03-01,2023-03-01,1186.64,1186.64,1.33,,,,0(O),1/6,consolidated,58
2015-10-01,N06000093,81,RCE OF INDARAM OCP(1.20 MTPA),COAL,SCCL,TELANGANA,2011-07-01,2015-03-01,2018-03-01,162.76,162.76,1.31,,,,36(O),4/29,consolidated,58
2015-10-01,N06000102,82,RFR OF MANUGURU OC PROJECT,COAL,SCCL,TELANGANA,2012-11-01,2016-03-01,2018-03-01,430.45,486.27,93.51,,486.27,,24(O),7/39,consolidated,58
2015-10-01,N06000100,83,RG OC -III EXTENSION (PHASE -II) PROJECT,COAL,SCCL,TELANGANA,2012-06-01,2015-06-01,2017-03-01,365.01,365.01,6.56,,,,21(O),18/51,consolidated,58
2015-10-01,N06000079,84,RKP OCP PHASE-I,COAL,SCCL,TELANGANA,2010-03-01,2015-03-01,2016-03-01,209.78,209.78,73.19,,,,12(O),8/31,consolidated,58
2015-10-01,N06000017,85,SHANTIKHANI LONGWALL PROJ-SCCL,COAL,SCCL,TELANGANA,2006-10-01,2012-03-01,2018-03-01,249.03,249.03,76.31,,,,72(O),27/42,consolidated,58
2015-10-01,N06000113,86,SIARMAL OCP (40.00MTY),COAL,MCL,ODISHA,2014-05-01,2026-03-01,2026-03-01,3756.36,3756.36,620.37,,,,0(O),3/15,consolidated,58
2015-10-01,N06000109,87,SONEPUR BAZARI (COMB) OCP (8.0 MTY),COAL,ECL,WEST BENGAL,2012-08-01,2018-03-01,2018-03-01,1055.05,1055.05,186.36,,,,0(O),1/10,consolidated,58
2015-10-01,N06000043,88,TALABIRA OCP,COAL,MCL,ODISHA,2008-03-01,2016-03-01,2020-03-01,447.72,447.72,52.36,,,,48(O),2/11,consolidated,58
2015-10-01,N06000086,89,TAPIN OCP (2.5 MTY),COAL,CCL,JHARKHAND,2008-08-01,2012-03-01,2016-03-01,264.68,264.68,146.02,,,,48(O),2/4,consolidated,58
2015-10-01,N06000110,90,"WIND POWER PROJECT,KAZHUNEERKULAM,TAMILNADU",COAL,NLC,TAMIL NADU,2012-04-01,2014-10-01,2015-11-01,364.75,364.75,182.79,,,,13(O),8/10,consolidated,58
2015-10-01,N08000009,91,"NEW SEWAGE TREATMENT PLANT PACKAGE, RCF TROMBAY",FERTILISERS,RCF,MAHARASHTRA,2014-10-01,2016-11-01,2016-11-01,197.79,197.79,35.36,,197.79,,0(O),0/0,consolidated,58
2015-10-01,N10000007,92,EXPANSION OF MALANJKHAND MINE- DEVELOPMENT OF UNDERGROUND MINE UNDER EXISTING OPEN CAST MINE OF CAPAC,MINES,HCL,MADHYA PRADESH,2011-09-01,2017-09-01,2017-09-01,1856,1856,,,,,0(O),0/0,consolidated,59
2015-10-01,N12000072,93,"1.2 MTPA PELLET PLANT PROJECT ,DONIMALAI (NMDC)",STEEL,NMDC,KARNATAKA,2011-04-01,2013-04-01,2015-06-01,572,572,480.07,,,2014-09-01,,18/19,consolidated,59
2015-10-01,N12000083,94,REBUILDING OF COB-7 AT BSL,STEEL,SAIL,JHARKHAND,2013-10-01,2016-05-01,2016-05-01,245.67,245.67,68.15,,,,0(O),1/3,consolidated,59
2015-10-01,N12000088,95,3RD CONVERTER AND 4TH CASTER,STEEL,RINL,ANDHRA PRADESH,2011-07-01,2016-07-01,2016-07-01,974.76,974.76,167.01,,,,0(O),1/2,consolidated,59
2015-10-01,N12000073,96,7.0 MTPA KUMARASWAMY IRON ORE MINE PROJECT (NMDC),STEEL,NMDC,KARNATAKA,2011-02-01,2013-05-01,2015-08-01,898.55,898.55,403.81,,,2015-01-01,,19/20,consolidated,59
2015-10-01,N12000093,97,ALTERNATE GAS NETWORK AT BSL,STEEL,SAIL,JHARKHAND,2015-03-01,2018-03-01,2018-03-01,255.19,255.19,22.05,,,,0(O),0/0,consolidated,59
2015-10-01,N12000089,98,BLAST FURNACE-2 CATEGORY-1 CAPITAL REPAIRS,STEEL,RINL,ANDHRA PRADESH,2011-07-01,2015-07-01,2016-06-01,877.73,877.73,310.34,,,,11(O),2/2,consolidated,59
2015-10-01,N12000078,99,"COLD REPAIR OF COKE OVEN BATTERY-9 AT BSP, BHILAI, CHATTISGARH",STEEL,SAIL,CHHATISGARH,2012-07-01,2014-08-01,2015-11-01,332.65,332.65,221.03,,,,15(O),4/5,consolidated,59
2015-10-01,N12000085,100,DEVELOPMENT OF PERMANENT BARRACKS AT 21 LOCATIONS AT ROWGHAT DEPOSIT,STEEL,SAIL,CHHATISGARH,2014-04-01,2015-04-01,,188.93,188.93,51.77,,,,,1/4,consolidated,59
2015-10-01,N12000057,101,EXPANSION OF BHILAI STEEL PLANT,STEEL,SAIL,CHHATISGARH,2010-08-01,2013-03-01,2016-03-01,17265,17265,15174.9,,,,36(O),31/35,consolidated,59
2015-10-01,N12000097,102,EXPANSION OF GUA ORE MINES WITH BENEFICIATION FACILITIES AND INSTALLATION OF PELLET PLANT,STEEL,SAIL,JHARKHAND,2014-02-01,2017-09-01,2017-09-01,4749,4749,1.29,,,,0(O),0/0,consolidated,59
2015-10-01,N12000076,103,INSTALLATION OF 45MVA SAF T WITH OTHER ASSOCIATED FACILITIES,STEEL,SAIL,MAHARASHTRA,2011-12-01,2013-10-01,2016-03-01,187.33,187.33,166.79,,,,29(O),2/6,consolidated,59
2015-10-01,N12000082,104,INSTALLATION OF ADDITIONAL HEAT TREATMENT FACILITIES IN SPP AT RSP,STEEL,SAIL,ODISHA,2012-10-01,2014-09-01,2015-12-01,160.48,160.48,140.12,,,,15(O),2/3,consolidated,59
2015-10-01,N12000094,105,INSTALLATION OF NEW HOT STRIP MILL AT RSP,STEEL,SAIL,ODISHA,2015-04-01,2018-04-01,2018-04-01,3127.3,3127.3,152.19,,,,0(O),0/0,consolidated,59
2015-10-01,N12000096,106,MODERNISATION OF STEEL MELTING SHOP NO.1 AT BOKARO STEEL PLANT,STEEL,SAIL,JHARKHAND,2015-05-01,2017-12-01,2017-12-01,1154.18,1154.18,6.31,,,,0(O),0/0,consolidated,59
2015-10-01,N12000095,107,NEW SINTER PLANT AT BOKARO STEEL PLANT,STEEL,SAIL,JHARKHAND,2015-03-01,2017-10-01,2017-10-01,1034.01,1034.01,,,,,0(O),0/0,consolidated,59
2015-10-01,N12000086,108,NMDC INTEGRATED STEEL PLANT,STEEL,NMDC,CHHATISGARH,2010-01-01,2015-05-01,2016-12-01,15525,15525,8029.63,,,2016-12-01,19(O),18/81,consolidated,59
2015-10-01,N12000080,109,REBUILDING OF BATTERY BLOCK 5A AND RE- CONSTRUCTION OF BATTERY BLOCK 5B,STEEL,SAIL,WEST BENGAL,2012-11-01,2015-06-01,2015-12-01,313.05,313.05,298.09,,,,6(O),3/4,consolidated,59
2015-10-01,N12000079,110,"REBUILDING OF COKE OVEN BATTERY-3 AT RSP, ROURKELA, ODDISHA",STEEL,SAIL,ODISHA,2012-06-01,2014-12-01,2015-12-01,237.09,237.09,214.32,,,,12(O),2/3,consolidated,60
2015-10-01,N12000091,111,REVAMPING OF SINTER MACHINES - 1 AND 2,STEEL,RINL,ANDHRA PRADESH,2009-12-01,2016-10-01,2016-10-01,343,488.4,31.61,,,,0(O),0/0,consolidated,60
2015-10-01,N12000090,112,SMS-1 CONVERTERS REVAMPING,STEEL,RINL,ANDHRA PRADESH,2012-05-01,2015-07-01,2017-03-01,404.16,404.16,231.83,,,,20(O),0/1,consolidated,60
2015-10-01,N12000092,113,TURBO BLOWER - 5,STEEL,RINL,ANDHRA PRADESH,2009-12-01,2016-09-01,2016-09-01,280,280,15.77,,,,0(O),1/1,consolidated,60
2015-10-01,N12000084,114,UPGRADATION OF BLAST FURNACE-1 AT RSP,STEEL,SAIL,ODISHA,2014-06-01,2016-04-01,2016-08-01,708.91,708.91,228.54,,,,4(O),2/2,consolidated,60
2015-10-01,N16000106,115,ASSAM GAS CRACKER PROJECT,PETROCHEMICALS,BCPL,ASSAM,2006-04-01,2012-04-01,2015-12-01,5460.61,9965,8959.59,,8920,2013-12-01,44(O),21/26,consolidated,60
2015-10-01,N16000183,116,ADDITIONAL DEVELOPMENT OF VASAI EAST FIELD,PETROLEUM,ONGC,MULTI STATE,,2018-12-01,2018-12-01,2476.82,2476.82,368.95,,,,0(O),3/9,consolidated,60
2015-10-01,N16000061,117,ASSAM RENEWAL PROJECT FOR GROUP A,PETROLEUM,ONGC,ASSAM,2009-03-01,2013-03-01,2017-03-01,2465.15,2378.89,1786,,2378.89,2016-03-01,48(O),5/15,consolidated,60
2015-10-01,N16000149,118,AUGMENTATION OF PARADIP HALDIA BARAUNI PIPELINE,PETROLEUM,IOCL,MULTI STATE,2011-08-01,2015-08-01,2015-12-01,586,586,370.79,,,,4(O),0/12,consolidated,60
2015-10-01,N16000193,119,AUGMENTATION OF PARADIP-HALDIA-DURGAPUR LPG PIPELINE AND ITS EXTENSION UPTO PATNA AND MUZAFFARPUR,PETROLEUM,IOCL,MULTI STATE,2015-01-01,,,1823,1823,0.86,,,,,0/0,consolidated,60
2015-10-01,N16000190,120,CHINCHINNADA KAKINADA JUNCTION POINT PIPE LINE,PETROLEUM,GAIL,ANDHRA PRADESH,2014-07-01,2017-01-01,2016-06-01,419.04,419.04,197.55,,,,-7(O),11/16,consolidated,60
2015-10-01,N16000084,121,CONSTRUCTION OF 12 OFFSHORE SUPPLY VESSELS(OSV),PETROLEUM,ONGC,MULTI STATE,2007-06-01,2011-09-01,2016-06-01,736.65,736.65,498.95,,,2015-12-01,57(O),0/0,consolidated,60
2015-10-01,N16000117,122,CONSTRUCTION OF 6 ETPS,PETROLEUM,ONGC,GUJARAT,2009-03-01,2012-09-01,2015-12-01,317.64,240.95,117.98,,,2015-12-01,39(O),0/5,consolidated,60
2015-10-01,N16000127,123,CONSTRUCTION OF ONE ETP AND THREE ETPS CUM WATER INJECTION PLANTS(WIP),PETROLEUM,ONGC,ASSAM,2010-06-01,2014-01-01,,202.94,202.94,2.95,,,,,0/2,consolidated,60
2015-10-01,N16000128,124,CONVERSION OF RIG SAGAR SAMRAT TO MOBILE OFFSHORE PRODUCTION UNIT(MOPS),PETROLEUM,ONGC,MAHARASHTRA,2011-03-01,2013-05-01,2015-12-01,861.79,1256.72,979.16,,1256.72,2015-12-01,31(O),1/5,consolidated,60
2015-10-01,N16000200,125,CRU TO ISOMERIZATION (ISOM),PETROLEUM,BPCL,MULTI STATE,2011-10-01,2016-11-01,2016-12-01,725,725,66.17,,,,1(O),0/14,consolidated,60
2015-10-01,N16000198,126,DAMAN DEVELOPMENT PROJECT,PETROLEUM,ONGC,D & N HAVELI,2014-08-01,2019-05-01,2020-03-01,6086.08,6086.08,296.04,,,2020-03-01,10(O),0/0,consolidated,60
2015-10-01,N16000089,127,DE-BOTTLENECKING OF SMPL,PETROLEUM,IOCL,MAHARASHTRA,2009-12-01,2015-08-01,2016-03-01,1584,1584,1336.61,,,,7(O),0/12,consolidated,60
2015-10-01,N16000133,128,DEVELOPMENT OF C-26 CLUSTER FIELDS,PETROLEUM,ONGC,MAHARASHTRA,2012-03-01,2014-05-01,2016-05-01,2592.17,2592.17,669.71,,2592.17,2016-05-01,24(O),0/21,consolidated,60
2015-10-01,N16000173,129,DEVELOPMENT OF SHALLOW WATER WELLS IN EASTERN OFFSHORE,PETROLEUM,ONGC,MULTI STATE,2013-04-01,2015-04-01,2017-05-01,284.82,284.82,,,,2017-05-01,25(O),0/5,consolidated,61
2015-10-01,N16000136,130,DEVELOPMENT OF WESTERN PERIPHERY OF MH SOUTH FIELD,PETROLEUM,ONGC,MULTI STATE,2012-04-01,2014-12-01,2016-05-01,600.17,600.17,375.14,,600.17,2015-05-01,17(O),0/8,consolidated,61
2015-10-01,N16000105,131,DEVELOPMENT OF WO-16 CLUSTER FIELDS,PETROLEUM,ONGC,MULTI STATE,2010-06-01,2014-01-01,2015-12-01,2523,2523,1564.62,,2523,2015-12-01,23(O),0/13,consolidated,61
2015-10-01,N16000182,132,DEVELOPMENT PLAN FOR LOWER PAYS IN NBP-14 BLOCK OF NBP FIELD (D-1),PETROLEUM,ONGC,MULTI STATE,2013-10-01,2014-10-01,2015-11-01,429.06,429.06,439.02,,429,2015-10-01,13(O),0/0,consolidated,61
2015-10-01,N16000175,133,DISTILLATE YIELD IMPROVEMENT PROJECT (COKER) AT HALDIA REFINERY,PETROLEUM,IOCL,WEST BENGAL,2014-03-01,2017-09-01,2017-12-01,3076,3076,101.41,,,,3(O),0/0,consolidated,61
2015-10-01,N16000162,134,ENNORE-TRICHY-MADURAI LPG PIPELINE,PETROLEUM,IOCL,TAMIL NADU,2013-05-01,,,711,711,,,,,,0/0,consolidated,61
2015-10-01,N16000202,135,GAMJI REDEVELOPMENT PROJECT,PETROLEUM,ONGC,GUJARAT,2015-05-01,2019-11-01,2019-11-01,1671.22,1881.22,,,1881.22,,0(O),0/0,consolidated,61
2015-10-01,N16000180,136,INSTALLATION OF DEMONSTRATION UNIT OF INDA DEPT AT GUWAHATI REFINERY,PETROLEUM,IOCL,ASSAM,2014-02-01,2016-07-01,2016-07-01,163.88,163.88,41.39,,,,0(O),4/6,consolidated,61
2015-10-01,N16000131,137,INTEGRATED DEVELOPMENT OF B-127 FIELDS,PETROLEUM,ONGC,MAHARASHTRA,2011-12-01,2015-03-01,2016-05-01,2059.63,2665.65,1224.14,,2665.65,2016-05-01,14(O),0/17,consolidated,61
2015-10-01,N16000160,138,INTEGRATED DEVELOPMENT OF BASSEIN FIELD,PETROLEUM,ONGC,MAHARASHTRA,2012-12-01,2016-02-01,2017-12-01,3513.07,4619.94,625.17,,4619.94,2017-12-01,22(O),0/0,consolidated,61
2015-10-01,N16000172,139,INTEGRATED DEVELOPMENT OF VASHISTA AND S-1 FIELDS,PETROLEUM,ONGC,MULTI STATE,2013-05-01,2016-04-01,2017-12-01,4124.35,4941.49,75.24,,4941.49,2017-12-01,20(O),0/6,consolidated,61
2015-10-01,N16000143,140,INTEGRATED REFINERY EXPANSION PROJECT,PETROLEUM,BPCL,KERALA,2012-03-01,2016-05-01,2016-05-01,14225,16504,8385.93,,,,0(O),0/30,consolidated,61
2015-10-01,N16000140,141,IOR OF B-173A FIELD,PETROLEUM,ONGC,MULTI STATE,2012-01-01,2014-03-01,2016-05-01,352.49,352.49,131.19,,,2016-05-01,26(O),0/3,consolidated,61
2015-10-01,N16000195,142,JAIPUR-PANIPAT NAPTHA PIPELINE ALONG WITH AUGMENTATION OF KOYALI-SANGANER PRODUCT PIPELINE,PETROLEUM,IOCL,MULTI STATE,2015-02-01,,,890,890,,,,,,0/0,consolidated,61
2015-10-01,N16000129,143,KOCHI-KOOTANAD BANGALORE MANGALORE PIPELINE PROJECT,PETROLEUM,GAIL,MULTI STATE,2009-06-01,2012-12-01,2015-06-01,2915,2915,1377.7,,,,,7/14,consolidated,61
2015-10-01,N16000171,144,LPG TERMINAL AT KOCHI,PETROLEUM,IOCL,KERALA,2015-10-01,2017-10-01,2017-10-01,607.06,714.25,59.42,,714.25,2017-10-01,0(O),21/48,consolidated,61
2015-10-01,N16000146,145,MANGALORE HASSAN MYSORE SOLUR LPG PIPELINE (MHMSLPL),PETROLEUM,HPCL,KARNATAKA,2012-02-01,2015-11-01,2016-11-01,666,838.08,539.69,,838.08,2016-11-01,12(O),25/29,consolidated,61
2015-10-01,N16000168,146,MARKETING TERMINAL AT PARADEEP,PETROLEUM,IOCL,ODISHA,2009-07-01,2013-07-01,2015-10-01,199.75,239.73,203.44,,,2015-11-01,27(O),0/1,consolidated,61
2015-10-01,N16000186,147,MARKETING TOP AT KORBA,PETROLEUM,IOCL,CHHATISGARH,2011-01-01,2016-09-01,2015-12-01,141.86,232,155.16,,,,-9(O),0/12,consolidated,61
2015-10-01,N16000188,148,MH NORTH REDEVELOPMENT PHASE III,PETROLEUM,ONGC,MAHARASHTRA,2014-06-01,2017-05-01,2017-05-01,5706.47,5813.25,2189.06,,5813.25,2017-05-01,0(O),6/16,consolidated,61
2015-10-01,N16000154,149,MOUNDED BULLET PROJECT AT CPCL,PETROLEUM,CPCL,TAMIL NADU,2012-12-01,2014-12-01,2015-11-01,279,279,180.89,,,,11(O),57/58,consolidated,61
2015-10-01,N16000197,150,MUMBAI HIGH SOUTH (MHS) REDEVELOPMENT PHASE-III,PETROLEUM,ONGC,MAHARASHTRA,2014-11-01,2019-04-01,2019-03-01,6068.8,6068.8,403.22,,,,-1(O),0/0,consolidated,61
2015-10-01,N16000204,151,NEELAM REDEVELOPMENT PLAN FOR EXPLOITATION OF BASSEIN AND MUKTA PAY,PETROLEUM,ONGC,MAHARASHTRA,2015-08-01,2019-03-01,2019-03-01,2818.88,2818.88,,,,,0(O),0/0,consolidated,61
2015-10-01,N16000199,152,NEW CRUDE OIL PIPELINE PROJECT FROM CHENNAI PORT TO MANALI REFINERY,PETROLEUM,CPCL,TAMIL NADU,2015-05-01,2016-11-01,2016-11-01,257.87,257.87,33.94,,,,0(O),6/22,consolidated,62
2015-10-01,N16000178,153,NEW MARKETING TERMINAL AT ENNORE,PETROLEUM,IOCL,TAMIL NADU,2006-11-01,,,171.83,171.83,,,,,,0/0,consolidated,62
2015-10-01,N16000148,154,PARADIP HALDIA DURGAPUR LPG PIPELINE,PETROLEUM,IOCL,MULTI STATE,2011-02-01,2015-08-01,2016-06-01,913,913,441.19,,,,10(O),0/0,consolidated,62
2015-10-01,N16000194,155,PARADIP HYDERABAD PIPLEINE,PETROLEUM,IOCL,MULTI STATE,2015-01-01,,,2321,2321,1.5,,,,,0/0,consolidated,62
2015-10-01,N16000196,156,PARADIP LPG IMPORT FACILITY,PETROLEUM,IOCL,MULTI STATE,2015-01-01,2018-07-01,2018-07-01,690,690,,,,,0(O),1/31,consolidated,62
2015-10-01,N16000058,157,PARADIP REFINERY PROJECT,PETROLEUM,IOCL,ODISHA,2009-02-01,2012-11-01,2015-11-01,29777,34555,30310.61,,34555,2013-11-01,36(O),91/100,consolidated,62
2015-10-01,N16000088,158,PARADIP-RAIPUR- RANCHI PIPELINE,PETROLEUM,IOCL,MULTI STATE,2009-08-01,2012-09-01,2016-03-01,1793,1793,1231.66,,,,42(O),6/7,consolidated,62
2015-10-01,N16000201,159,PETCOKE EVACUATION PROJECT AT PARADIP REFINERY,PETROLEUM,IOCL,ODISHA,2014-03-01,2017-03-01,2017-03-01,238.5,238.5,1.07,,,,0(O),0/0,consolidated,62
2015-10-01,N16000072,160,PHUPLUR-HALDIA PIPELINE PROJECT PHASE-I,PETROLEUM,GAIL,MULTI STATE,2009-07-01,2013-01-01,2018-12-01,3957,3561,24.17,,3561,,71(O),7/38,consolidated,62
2015-10-01,N16000203,161,PIPELINE REPLACEMENT PROJECT -4,PETROLEUM,ONGC,MAHARASHTRA,2015-02-01,2017-05-01,2017-05-01,2899.93,2899.93,384.1,,,,0(O),0/0,consolidated,62
2015-10-01,N16000159,162,"PIPELINE REPLACEMENT PROJECT, AHMEDABAD",PETROLEUM,ONGC,GUJARAT,2011-09-01,2016-07-01,2016-07-01,202.25,160.16,60.76,,,,0(O),5/12,consolidated,62
2015-10-01,N16000179,163,POLYPROPYLENE PLANT AT PARADIP REFINERY,PETROLEUM,IOCL,ODISHA,2014-03-01,2017-09-01,2017-09-01,3150,3150,108.32,,,,0(O),0/0,consolidated,62
2015-10-01,N16000165,164,PURCHASE OF 2 NOS. OF 2000 HP DRILLING RIG,PETROLEUM,OIL,MULTI STATE,2010-04-01,2012-06-01,2016-01-01,270,215.66,,,,2015-11-01,43(O),0/0,consolidated,62
2015-10-01,N16000161,165,RECONSTRUCTION OF BPA AND BPB PLATFORMS,PETROLEUM,ONGC,MAHARASHTRA,2013-03-01,2015-04-01,2016-05-01,1138.5,686.58,538.54,,686.58,2015-04-01,13(O),0/0,consolidated,62
2015-10-01,N16000142,166,REPLACEMENT OF CDU/VDU AT MUMBAI REFINERY,PETROLEUM,BPCL,MAHARASHTRA,2012-03-01,2014-12-01,2015-11-01,1419,1419,1264.58,,,,11(O),0/20,consolidated,62
2015-10-01,N16000177,167,REPLACEMENT OF COKE CHAMBERS IN COKER A AT BARAUNI REFINERY,PETROLEUM,IOCL,BIHAR,2013-04-01,2016-02-01,2016-07-01,480,480,73.63,,,,5(O),2/6,consolidated,62
2015-10-01,N16000184,168,RESID UPGRADATION PROJECT,PETROLEUM,CPCL,TAMIL NADU,2011-02-01,2015-11-01,2016-07-01,3110.36,3110.36,1117.33,,,2016-07-01,8(O),42/52,consolidated,62
2015-10-01,N16000187,169,RESITEMENT OF TATA NAGAR AND RACHI DEPOTS TO KHUNTI (JHARKHAND),PETROLEUM,IOCL,JHARKHAND,2011-04-01,2015-05-01,2015-12-01,191.96,191.96,96.98,,,,7(O),0/12,consolidated,62
2015-10-01,N16000191,170,REVERSE OSMOSIS PLANT FOR ETP AT GUJARAT REFINERY,PETROLEUM,IOCL,GUJARAT,2011-12-01,2016-02-01,2016-02-01,160,160,27.56,,,2016-02-01,0(O),0/0,consolidated,62
2015-10-01,N16000145,171,REWARI KANPUR PIPELINE PROJECT,PETROLEUM,HPCL,MULTI STATE,2012-02-01,2015-11-01,2015-11-01,1210.64,1446.34,1216.84,,1446.34,,0(O),23/24,consolidated,62
2015-10-01,N16000167,172,SECONDARY TANK FARM WITH DEHYDRATION FACILITY AND EFFLUENT TREATMENT PLANT AT MADHUBAN,PETROLEUM,OIL,MULTI STATE,2011-07-01,2017-03-01,2017-03-01,352.56,450.55,10.6,,,,0(O),0/0,consolidated,62
2015-10-01,N16000157,173,STRATEGIC CRUDE OIL STORAGE PROJECT AT MANGALORE,PETROLEUM,ISPRL,KARNATAKA,2006-01-01,2011-10-01,2016-03-01,732,1227,1013.66,,1227,,53(O),0/0,consolidated,62
2015-10-01,N16000169,174,STRATEGIC CRUDE OIL STORAGE PROJECT AT PADUR,PETROLEUM,ISPRL,KERALA,2006-01-01,2012-01-01,2016-03-01,993,1693,1437.73,,1693,,50(O),0/0,consolidated,62
2015-10-01,N16000192,175,TWENTY NOS. FEEDER GAS LINES,PETROLEUM,OIL,ASSAM,2009-03-01,2016-12-01,2016-12-01,228.64,214.19,134.65,,,,0(O),0/0,consolidated,62
2015-10-01,N18000148,176,UPGRADATION OF CRUDE OIL PUMP STATIONS OF NAHARKATIYA-BARAUNI CRUDE OIL TRUNK PIPELINE,PETROLEUM,OIL,ASSAM,2012-09-01,2015-03-01,2016-06-01,871.35,1200,407.82,,,2015-11-01,15(O),0/5,consolidated,63
2015-10-01,N16000155,177,URAN CHAKAN/SHIKRAPUR LPG PIPELINE,PETROLEUM,HPCL,MULTI STATE,2009-12-01,2014-10-01,2016-10-01,309.81,462.79,250.14,,,2016-10-01,24(O),28/40,consolidated,63
2015-10-01,N16000093,178,VKPL UPGRADATION AND LAYING OF SPURLINE (TO BHILWARA AND CHITTORGARH),PETROLEUM,GAIL,MULTI STATE,2009-12-01,2011-06-01,2016-03-01,463.32,463.32,297.97,,,2012-03-01,57(O),13/20,consolidated,63
2015-10-01,N18000165,179,AUGMENTATION OF TRANSFORMERS IN NORTHERN REGION - PART B,POWER,PGCIL,MULTI STATE,2014-03-01,2016-03-01,2016-03-01,155.57,155.57,1,,,,0(O),0/6,consolidated,63
2015-10-01,180100242,180,BARH STPP(3X660MW) NTPC,POWER,NTPC,BIHAR,2005-02-01,2011-01-01,2018-03-01,8692.97,15095.67,10969,,15095.67,2014-10-01,86(O),27/48,consolidated,63
2015-10-01,N18000199,181,BOKARO THERMAL POWER STATION-A,POWER,DVC,JHARKHAND,2006-08-01,2011-12-01,2016-03-01,2313,4237.67,3088,,4139,,51(O),0/0,consolidated,63
2015-10-01,N18000041,182,BONGAIGAON THERMAL POWER PROJECT,POWER,NTPC,ASSAM,2008-01-01,2011-09-01,2017-03-01,4375.35,6749.18,5542,,6749.18,,66(O),17/37,consolidated,63
2015-10-01,N18000190,183,BRBCL-NABINAGAR TPP- JV (4X250 MW),POWER,NTPC,BIHAR,2007-01-01,2014-05-01,2017-06-01,5353,5353,5101.32,,,,37(O),0/0,consolidated,63
2015-10-01,N18000144,184,COMMON SYS. ASSOCIATED WITH EAST COAST ENERGY PVT LTD AND NCC POWER PROJECTS LTD LTOA GEN PART- B,POWER,PGCIL,MULTI STATE,2013-03-01,2015-12-01,2016-06-01,2514.88,2514.88,1019.95,,,,6(O),15/18,consolidated,63
2015-10-01,N18000103,185,COMMON SYSTEM ASSOCIATED WITH COASTAL ENERGEN PRIVATE LIMITED AND IND-BARATH POWER(MADRAS) LIMITED L,POWER,PGCIL,TAMIL NADU,2011-09-01,2014-09-01,2016-06-01,1940.13,1940.13,1864.76,,,,21(O),8/13,consolidated,63
2015-10-01,N18000145,186,COMMON SYSTEM ASSOCIATED WITH EAST COAST ENERGY PVT. LTD. AND NCC POWER PROJECTS LTD. LTOA GENERATI,POWER,PGCIL,MULTI STATE,2012-06-01,2015-06-01,2016-08-01,1909.24,1909.24,908.73,,,,14(O),3/5,consolidated,63
2015-10-01,N18000126,187,COMMON SYSTEM ASSOCIATED WITH ISGS PROJECTS IN VEMAGIRI AREA OF ANDHRA PRADESH PART-A1,POWER,PGCIL,ANDHRA PRADESH,2012-03-01,2014-06-01,,206.44,206.44,43.97,,,,,11/20,consolidated,63
2015-10-01,N18000143,188,COMMON TR. SYS. ASSOCIATED WITH EAST COAST AND NCC POWER PROJECTS IN SRIKAKULAM AREA A.P. PART- C,POWER,PGCIL,MULTI STATE,2013-03-01,2015-06-01,2016-08-01,514.2,514.2,263.5,,,,14(O),7/10,consolidated,63
2015-10-01,N18000188,189,CREATION OF 400/220 KV SUBSTATIONS IN NCT OF DELHI DURING 12TH PLAN PERIOD (PART-A),POWER,PGCIL,DELHI,2015-03-01,2017-05-01,2017-05-01,1394.52,1394.52,,,,,0(O),0/9,consolidated,63
2015-10-01,N18000195,190,CREATION OF 400/220KV SUBSTATIONS IN NCT OF DELHI DURING 12TH PLAN PERIOD (PART-B1),POWER,PGCIL,DELHI,2015-05-01,2017-07-01,2017-07-01,780.33,780.33,,,,,0(O),0/0,consolidated,63
2015-10-01,N18000176,191,DARLIPALLI STPP STAGE-I (2X800 MW),POWER,NTPC,ODISHA,2014-02-01,2018-08-01,2018-08-01,12532.44,12532.44,2069,,,,0(O),16/16,consolidated,63
2015-10-01,N18000189,192,DHUKWAN SMALL HYDRO PROJECT,POWER,THDCIL,UTTAR PRADESH,2011-05-01,2014-02-01,2017-09-01,195.42,195.42,35.69,,,,43(O),1/1,consolidated,63
2015-10-01,N18000171,193,EASTERN REGION STRENGTHENING SCHEME -IX,POWER,PGCIL,MULTI STATE,2014-02-01,2016-02-01,2016-06-01,196.58,196.58,4.4,,,,4(O),5/17,consolidated,63
2015-10-01,N18000100,194,EASTERN REGION STRENGTHENING SCHEME-III,POWER,PGCIL,MULTI STATE,2010-07-01,2012-11-01,2016-12-01,1272.8,1272.8,1178.73,,,,49(O),8/13,consolidated,64
2015-10-01,N18000155,195,EASTERN REGION STRENGTHENING SCHEME-V,POWER,PGCIL,MULTI STATE,2013-10-01,2016-04-01,2016-04-01,1364.52,1364.52,391.04,,,,0(O),8/12,consolidated,64
2015-10-01,N18000164,196,EASTERN REGION STRENGTHENING SCHEME-XII,POWER,PGCIL,MULTI STATE,2014-05-01,2016-11-01,2016-11-01,522.29,522.29,47.2,,,,0(O),0/12,consolidated,64
2015-10-01,N18000123,197,ESTABLISHMENT OF FIBER OPTIC COMMUNICATION SYSTEM IN NORTHERN REGION,POWER,PGCIL,MULTI STATE,2012-03-01,2014-09-01,2016-06-01,198.63,198.63,86.33,,,,21(O),0/0,consolidated,64
2015-10-01,N18000184,198,ESTABLISHMENT OF FIBER OPTIC COMMUNICATION SYSTEM IN NR UNDER FIBER OPTIC EXPANSION PROJECT (ADDITIO,POWER,PGCIL,MULTI STATE,2015-03-01,2018-03-01,2018-03-01,197.4,197.4,,,,,0(O),0/0,consolidated,64
2015-10-01,N18000101,199,ESTABLISHMENT OF POOLING STATIONS AT CHAMPA AND RAIGARH FOR IPP GENERATION PROJECT IN CHHATTISGARH,POWER,PGCIL,CHHATISGARH,2011-05-01,2014-05-01,2016-06-01,1961.87,1961.87,1751.25,,,,25(O),8/12,consolidated,64
2015-10-01,N18000174,200,"FGUTPP, UNCHAHAR STAGE-IV (1X500 MW)",POWER,NTPC,UTTAR PRADESH,2013-07-01,2016-12-01,2016-12-01,3363.12,3363.12,838,,,,0(O),14/17,consolidated,64
2015-10-01,N18000151,201,GADARWARA SUPER THERMAL POWER PROJECT STAGE-I,POWER,NTPC,MADHYA PRADESH,2013-03-01,2017-09-01,2017-09-01,11638.55,11638.55,4364,,,,0(O),16/40,consolidated,64
2015-10-01,N18000197,202,GREEN ENERGY CORRIDORS INTER-STATE TRANSMISSION SCHEME (ISTS) - PART A,POWER,PGCIL,MULTI STATE,2015-04-01,2017-04-01,2017-04-01,1479.3,1479.3,43.2,,,,0(O),0/8,consolidated,64
2015-10-01,N18000196,203,GREEN ENERGY CORRIDORS INTER-STATE TRANSMISSION SCHEME -PART B,POWER,PGCIL,MULTI STATE,2015-04-01,2018-04-01,2018-04-01,3705.61,3705.61,104.7,,,,0(O),4/9,consolidated,64
2015-10-01,N18000200,204,GREEN ENERGY CORRIDORS: INTER-STATE TRANSMISSION SCHEME (ISTS) - PART C,POWER,PGCIL,MULTI STATE,2015-07-01,2018-07-01,2018-07-01,2247.37,2247.37,15.1,,,,0(O),0/0,consolidated,64
2015-10-01,N18000163,205,INSTALLATION OF BUS RECTOR AND ICT IN WESTERN REGION,POWER,PGCIL,MULTI STATE,2014-05-01,2016-07-01,2016-07-01,303.07,303.07,16.2,,,,0(O),2/9,consolidated,64
2015-10-01,N18000185,206,INSTALLATION OF STATCOMS IN WESTERN REGION,POWER,PGCIL,MULTI STATE,2015-03-01,2017-09-01,2017-09-01,1071.24,1071.24,,,,,0(O),0/0,consolidated,64
2015-10-01,N18000179,207,INTER-REGIONAL SYSTEM STRENGTHENING SCHEME IN WR AND NR (PART-B),POWER,PGCIL,MULTI STATE,2014-12-01,2018-04-01,2018-04-01,6517.36,6517.36,209.6,,,,0(O),3/12,consolidated,64
2015-10-01,180100239,208,KAMENG HYDROELECTRIC PROJECT (NEEPCO),POWER,NEEPCO,ARUNACHAL PRADESH,2004-12-01,2009-12-01,2016-06-01,2496.9,6476.34,4219.75,,6476.34,2016-06-01,78(O),16/27,consolidated,64
2015-10-01,N18000191,209,KBUNL-MUZAFFARPUR TPP STAGE-II- SUBSIDIARY (2X195 MW),POWER,NTPC,BIHAR,2010-03-01,2013-01-01,2016-03-01,3984.03,3984.03,3078.77,,,,38(O),0/1,consolidated,64
2015-10-01,N18000031,210,KISHANGANGA HEP (3X110 MW),POWER,NHPC,JAMMU AND KASHMIR,2009-01-01,2016-01-01,2016-11-01,3642.04,5497.72,4218.24,,,,10(O),6/9,consolidated,64
2015-10-01,N18000131,211,KUDGI STPP STAGE 1,POWER,NTPC,KARNATAKA,2012-01-01,2017-01-01,2017-01-01,15166.19,15166.19,9452,,,,0(O),28/34,consolidated,64
2015-10-01,180100258,212,KUNADANKULAM APP TRANS SYSTEM (PGCIL),POWER,PGCIL,TAMIL NADU,2005-05-01,2008-11-01,2016-12-01,1779.29,2159.07,1897.65,,2159.07,2012-03-01,97(O),20/22,consolidated,64
2015-10-01,N18000140,213,LARA SUPER THERMAL POWER PROJECT STAGE-I (2 X 800 MW),POWER,NTPC,CHHATISGARH,2012-12-01,2017-06-01,2017-06-01,11846,11846,5016,,,,0(O),20/40,consolidated,64
2015-10-01,N18000142,214,LATA-TAPOVAN HYDRO ELECTRIC POWER PROJECT 3X57 MW,POWER,NTPC,UTTARAKHAND,2012-07-01,2017-08-01,,1527,1527,142,,,,,0/9,consolidated,64
2015-10-01,N18000132,215,MOUDA STPP STAGE 2,POWER,NTPC,MAHARASHTRA,2012-03-01,2016-09-01,2016-09-01,7921.47,7921.47,4627,,,,0(O),26/30,consolidated,65
2015-10-01,N18000193,216,MUNPL-MEJA TPP - JV (2X660 MW),POWER,NTPC,UTTAR PRADESH,2012-04-01,2016-12-01,2017-09-01,9750.89,9750.89,4127.41,,,,9(O),24/28,consolidated,65
2015-10-01,N18000177,217,NORTH KARANPURA STPP (3X660 MW),POWER,NTPC,JHARKHAND,2014-02-01,2019-02-01,2019-02-01,14366.58,14366.58,2214,,,,0(O),9/10,consolidated,65
2015-10-01,N18000066,218,NORTH- EAST NORTH WESTERN INTERCONNECTOR I PROJECT,POWER,PGCIL,MULTI STATE,2009-02-01,2013-08-01,2016-12-01,11130.19,11130.19,11184.1,,,,40(O),16/26,consolidated,65
2015-10-01,N18000159,219,NORTHERN REGION SYSTEM STRENGHENING SCHEME - XXXII,POWER,PGCIL,MULTI STATE,2014-02-01,2016-06-01,2016-06-01,908.08,908.08,108.9,,,,0(O),9/18,consolidated,65
2015-10-01,N18000094,220,NORTHERN REGION SYSTEM STRENGHENING SCHEME XVI,POWER,PGCIL,MULTI STATE,2010-07-01,2013-07-01,2016-06-01,752.64,689.03,510.62,,689.03,2015-11-01,35(O),7/9,consolidated,65
2015-10-01,N18000056,221,NORTHERN REGION SYSTEM STRENGHTENING SCHEME-XIX,POWER,PGCIL,MULTI STATE,2009-02-01,2012-02-01,2016-03-01,410.29,410.29,340.27,,,,49(O),7/10,consolidated,65
2015-10-01,N18000053,222,NORTHERN REGION SYSTEM STRENGHTENING SCHEME-XVIII,POWER,PGCIL,MULTI STATE,2009-02-01,2011-11-01,2016-06-01,509.66,509.66,488.56,,,,55(O),8/11,consolidated,65
2015-10-01,N18000158,223,NORTHERN REGION SYSTEM STRENGTHENING SCHEME - XXX,POWER,PGCIL,MULTI STATE,2014-02-01,2016-06-01,2016-06-01,539.82,539.82,91.3,,,,0(O),8/11,consolidated,65
2015-10-01,N18000095,224,NORTHERN REGION SYSTEM STRENGTHENING SCHEME-XXI,POWER,PGCIL,MULTI STATE,2010-08-01,2013-04-01,2015-12-01,1677.57,1677.57,1409.02,,,,32(O),8/11,consolidated,65
2015-10-01,N18000128,225,NORTHERN REGION SYSTEM STRENGTHENING SCHEME-XXIV,POWER,PGCIL,MULTI STATE,2011-11-01,2014-11-01,2016-06-01,723.63,723.63,548.92,,,,19(O),7/10,consolidated,65
2015-10-01,N18000152,226,NORTHERN REGION SYSTEM STRENGTHENING SCHEME-XXV,POWER,PGCIL,MULTI STATE,2013-09-01,2016-03-01,2016-03-01,680.69,680.69,390.79,,,,0(O),10/12,consolidated,65
2015-10-01,N18000135,227,NORTHERN REGION SYSTEM STRENGTHENING SCHEME-XXVIII,POWER,PGCIL,MULTI STATE,2012-09-01,2015-05-01,2015-12-01,524.4,524.4,210.92,,,,7(O),8/12,consolidated,65
2015-10-01,N18000083,228,NORTHERN REGION TRANSMISSION STRENGTHENING SCHEME,POWER,PGCIL,MULTI STATE,2010-03-01,2012-11-01,2015-12-01,965.58,965.58,753.44,,,,37(O),7/10,consolidated,65
2015-10-01,N18000192,229,NPGCPL-NABINAGAR STPP - JV (3X660 MW),POWER,NTPC,BIHAR,2013-01-01,2018-01-01,2018-01-01,12964.6,12964.6,4469.94,,,,0(O),21/24,consolidated,65
2015-10-01,N18000172,230,PAKAL DUL HYDRO ELECTRIC PROJECT (1000 MW),POWER,NHPC,JAMMU AND KASHMIR,2014-10-01,2020-04-01,2020-04-01,8112.12,8112.12,,,,,0(O),0/0,consolidated,65
2015-10-01,180100210,231,PARBATI HEP (4X200 MW) (NHPC) II,POWER,NHPC,HIMACHAL PRADESH,2002-09-01,2009-09-01,2018-12-01,3919.59,7818.68,5264.21,,,,111(O),8/14,consolidated,65
2015-10-01,N18000045,232,PARE HYDRO ELECTRIC PROJECT,POWER,NEEPCO,ARUNACHAL PRADESH,2008-12-01,2013-08-01,2016-03-01,573.99,1487.49,1067.74,,1487.49,2016-03-01,31(O),28/38,consolidated,65
2015-10-01,N18000202,233,RAGHUNATHPUR THERMAL POWER STATION PHASE-I,POWER,DVC,WEST BENGAL,2007-04-01,2011-02-01,2017-01-01,4122,9606.82,1353.36,,8781,,71(O),0/0,consolidated,65
2015-10-01,N18000178,234,RAMMAM-III HEPP (3X40 MW),POWER,NTPC,WEST BENGAL,2014-09-01,2019-09-01,2019-09-01,1381.84,1381.84,133,,,,0(O),3/3,consolidated,65
2015-10-01,N18000133,235,SOLAPUR STPP,POWER,NTPC,MAHARASHTRA,2012-03-01,2016-11-01,2017-08-01,9395.18,9395.18,5510,,,,9(O),24/26,consolidated,65
2015-10-01,N18000162,236,STATIC VAR COMPENSATORS (SVCS) IN NORTHERN REGION,POWER,PGCIL,MULTI STATE,2014-05-01,2016-08-01,2016-08-01,829.98,829.98,44.6,,,,0(O),0/4,consolidated,65
2015-10-01,N18000161,237,SUB-STATION EXT. WORKS ASSOCIATED WITH TRANS. SYSTEM REQUIRED FOR EVACUATION OF POWER FROM KUDGI TPS,POWER,PGCIL,KARNATAKA,2014-02-01,2015-12-01,2015-12-01,167.4,167.4,75.7,,,,0(O),5/8,consolidated,65
2015-10-01,N18000173,238,SUB-STATION WORKS ASSOCIATED WITH SYSTEM STRENGTHENING IN SOUTHERN REGION FOR IMPORT OF POWER FROM E,POWER,PGCIL,MULTI STATE,2014-11-01,2017-11-01,2017-11-01,972.42,972.42,,,,,0(O),0/3,consolidated,66
2015-10-01,180100221,239,SUBANSIRI LOWER H.E.P (8X250 MW) (NHPC),POWER,NHPC,ARUNACHAL PRADESH,2003-09-01,2010-09-01,,6285.33,16885,7856.86,,,,,0/0,consolidated,66
2015-10-01,N18000186,240,SUBSTATION WORKS ASSOCIATED WITH HYDERABAD (MAHESHWARAM) POOLING STATION,POWER,PGCIL,ANDHRA PRADESH,2015-03-01,2018-03-01,2018-03-01,550.06,550.06,1.6,,,,0(O),0/3,consolidated,66
2015-10-01,N16000144,241,SYSTEM STRENGTHENING - XVII IN SOUTHERN REGIONAL GRID,POWER,PGCIL,MULTI STATE,2012-06-01,2015-03-01,2015-11-01,1508.74,1508.74,1141.18,,,,8(O),15/21,consolidated,66
2015-10-01,N18000169,242,SYSTEM STRENGTHENING - XX IN SOUTHERN REGIONAL GRID,POWER,PGCIL,MULTI STATE,2014-08-01,2017-02-01,2017-02-01,288.49,288.49,43.1,,,,0(O),0/12,consolidated,66
2015-10-01,N18000116,243,SYSTEM STRENGTHENING IN NORTH/WEST PART OF WR FOR IPP PROJECTS IN CHATTISGARH,POWER,PGCIL,CHHATISGARH,2011-12-01,2014-08-01,2016-09-01,1746.65,2228.71,1419.83,,2228.71,2015-12-01,25(O),7/11,consolidated,66
2015-10-01,N18000081,244,SYSTEM STRENGTHENING IN NR FOR SASAN AND MUNDRA (UMPP),POWER,PGCIL,MULTI STATE,2009-12-01,2012-08-01,2016-03-01,1216.83,1216.83,1058.99,,,,43(O),3/5,consolidated,66
2015-10-01,N18000160,245,SYSTEM STRENGTHENING IN SOUTHERN REGION - XXII,POWER,PGCIL,MULTI STATE,2014-02-01,2016-08-01,2016-03-01,243.53,243.53,180.2,,,,-5(O),8/10,consolidated,66
2015-10-01,N18000182,246,SYSTEM STRENGTHENING IN SOUTHERN REGION - XXIII,POWER,PGCIL,MULTI STATE,2015-01-01,2017-07-01,2017-07-01,203.28,203.28,14.6,,,,0(O),0/5,consolidated,66
2015-10-01,N18000085,247,SYSTEM STRENGTHENING XII OF SR,POWER,PGCIL,MULTI STATE,2010-02-01,2012-06-01,,232.34,232.34,198.79,,,,,1/4,consolidated,66
2015-10-01,N18000117,248,SYSTEM STRENTHENING IN RAIPUR WARDHA CORRIDOR FOR IPP PROJECTS IN CHHATTISGARH,POWER,PGCIL,CHHATISGARH,2012-01-01,2015-01-01,2016-06-01,1422.85,1422.85,1320.42,,,,17(O),9/11,consolidated,66
2015-10-01,N18000115,249,SYTEM STRENGTHENING OF SOUTHERN REGION - XIV,POWER,PGCIL,MULTI STATE,2011-12-01,2014-08-01,2015-12-01,297.33,346.79,288.97,,346.79,2015-06-01,16(O),8/10,consolidated,66
2015-10-01,N18000109,250,SYTEM STRENGTHENING XIII OF SR GRID,POWER,PGCIL,MULTI STATE,2011-10-01,2014-06-01,2015-11-01,487.49,487.49,398.02,,,,17(O),8/12,consolidated,66
2015-10-01,N18000175,251,TANDA TPP STAGE-II (2X660 MW),POWER,NTPC,UTTAR PRADESH,2014-09-01,2019-03-01,2019-03-01,9188.98,9188.98,873,,,,0(O),9/13,consolidated,66
2015-10-01,N18000014,252,TAPOVAN-VISHNUGAD HEP (4X130MW),POWER,NTPC,UTTARAKHAND,2006-11-01,2013-03-01,2018-12-01,2978.48,3846.3,2606,,3846.3,,69(O),2/15,consolidated,66
2015-10-01,180100243,253,"TEESTA LOW DAM HEP, STAGE-IV (4X40 MW) (NHPC)",POWER,NHPC,WEST BENGAL,2005-09-01,2009-09-01,2016-06-01,1061.38,1929.15,1886.25,,,,81(O),2/6,consolidated,66
2015-10-01,N18000010,254,TEHRI PUMPED STORAGE PLANT(1000MW),POWER,THDCIL,UTTARAKHAND,2006-07-01,2010-07-01,2018-05-01,1657,2978.86,1446.72,,2978.86,2016-02-01,94(O),6/21,consolidated,66
2015-10-01,N18000113,255,TR SYSTEM FOR PHASE-I GENERATION PROJECTS IN JHARKHAND AND WEST BENGAL-PART-A2,POWER,PGCIL,MULTI STATE,2011-12-01,2014-08-01,2015-12-01,2422.66,2422.66,2248.86,,,,16(O),8/14,consolidated,66
2015-10-01,N18000129,256,TR. SYS. FOR PHASE-I PROJ. IN JHARKHAN AND WEST BENGAL PART-B,POWER,PGCIL,MULTI STATE,2012-02-01,2014-10-01,2016-06-01,3201.44,3201.44,2719.71,,,,20(O),8/17,consolidated,66
2015-10-01,N18000061,257,TR. SYSTEM ASSOCIATED WITH MUNDRA ULTRA MEGA POWER PROJECT,POWER,PGCIL,MULTI STATE,2008-10-01,2012-10-01,2016-12-01,4824.12,4824.12,4170.28,,,,50(O),7/11,consolidated,66
2015-10-01,N18000166,258,TRANSMISSION SYSTEM ASSOCIATED WITH KAKRAPAR ATOMIC POWER PROJECT - 3 AND 4,POWER,PGCIL,GUJARAT,2014-02-01,2016-10-01,2016-10-01,378.71,378.71,102.3,,,,0(O),8/11,consolidated,66
2015-10-01,N18000180,259,TRANSMISSION SYSTEM ASSOCIATED WITH KISHENGANAGA HEP,POWER,PGCIL,MULTI STATE,2015-01-01,2018-03-01,2018-03-01,268.8,268.8,18.8,,,,0(O),0/3,consolidated,67
2015-10-01,N18000122,260,TRANSMISSION SYSTEM ASSOCIATED WITH KRISHNAPATNAM UMPP-PART B,POWER,PGCIL,MULTI STATE,2012-02-01,2014-10-01,2015-12-01,1927.16,1927.16,1552.17,,,,14(O),11/15,consolidated,67
2015-10-01,N18000167,261,TRANSMISSION SYSTEM ASSOCIATED WITH LARA STPS-I (2X800) GEN. PROJECT OF NTPC,POWER,PGCIL,MULTI STATE,2014-06-01,2017-04-01,2017-04-01,400.47,400.47,25.1,,,,0(O),0/3,consolidated,67
2015-10-01,N18000153,262,TRANSMISSION SYSTEM ASSOCIATED WITH MAUDA STAGE-II,POWER,PGCIL,MULTI STATE,2013-09-01,2016-05-01,2016-05-01,1575.3,1575.3,579.7,,,,0(O),8/13,consolidated,67
2015-10-01,N18000080,263,TRANSMISSION SYSTEM ASSOCIATED WITH PALLATANA GBPP and BPTS.,POWER,PGCIL,MULTI STATE,2010-02-01,2012-12-01,2016-06-01,2144,2144,2206.1,,,,42(O),11/23,consolidated,67
2015-10-01,N18000201,264,TRANSMISSION SYSTEM ASSOCIATED WITH RAPP 7 and 8 - PART B,POWER,PGCIL,RAJASTHAN,2015-07-01,2017-11-01,2017-11-01,307.18,307.18,0.8,,,,0(O),0/0,consolidated,67
2015-10-01,N18000181,265,TRANSMISSION SYSTEM ASSOICATED WITH TEHRI PUMP STORAGE PLANT (PSP),POWER,PGCIL,MULTI STATE,2015-01-01,2017-10-01,2017-10-01,871.62,871.62,1.9,,,,0(O),0/5,consolidated,67
2015-10-01,N18000170,266,TRANSMISSION SYSTEM FOR CONNECTIVITY FOR NCC POWER PROJECTS LTD.,POWER,PGCIL,ANDHRA PRADESH,2014-08-01,2017-02-01,2016-03-01,188.75,188.75,55.2,,,,-11(O),0/2,consolidated,67
2015-10-01,N18000114,267,TRANSMISSION SYSTEM FOR CONNECTIVITY OF ESSAR POWER GUJARAT LIMITED,POWER,PGCIL,GUJARAT,2011-12-01,2014-02-01,2015-12-01,552.44,552.44,544.6,,,,22(O),8/10,consolidated,67
2015-10-01,N18000077,268,TRANSMISSION SYSTEM FOR DEVELOPMENT OF POOLING STN. IN NR PART OF WEST BENGAL AND TRANSFER OF POWER,POWER,PGCIL,WEST BENGAL,2010-04-01,2015-01-01,2016-12-01,4404.57,4404.57,2320.85,,,,23(O),8/16,consolidated,67
2015-10-01,N18000104,269,TRANSMISSION SYSTEM FOR PHASE-1 GENERATION PROJECTS IN JHARKHAND AND WEST BENGAL-PART-A1,POWER,PGCIL,JHARKHAND,2011-10-01,2013-11-01,2016-02-01,558.26,558.26,485.41,,,,27(O),8/12,consolidated,67
2015-10-01,N18000087,270,TRANSMISSION SYSTEM FOR PHASE-I GEN PROJECT IN ORISSA - PART-A,POWER,PGCIL,ODISHA,2010-09-01,2013-03-01,2015-12-01,2074.86,2348.37,1910.24,,2348.37,2015-06-01,33(O),8/11,consolidated,67
2015-10-01,N18000098,271,TRANSMISSION SYSTEM FOR TRANSFER OF POWER FROM GEN.PROJ IN SIKKIM TO NR/WR PART-A,POWER,PGCIL,MULTI STATE,2010-05-01,2013-01-01,2016-01-01,250.03,250.03,172.4,,,,36(O),10/15,consolidated,67
2015-10-01,N18000099,272,TRANSMISSION SYSTEM FOR TRANSFER OF POWER FROM GEN.PROJ IN SIKKIM TO NR/WR PART-B,POWER,PGCIL,MULTI STATE,2011-03-01,2013-11-01,2016-01-01,1585.12,1585.12,1527.06,,,,26(O),8/12,consolidated,67
2015-10-01,N18000198,273,"TRANSMISSION SYSTEM FOR ULTRA MEGA SOLAR PARK IN ANANTPUR DISTRICT, ANDHRA PRADESH- PART A (PHASE-I)",POWER,PGCIL,ANDHRA PRADESH,2015-05-01,2016-05-01,2016-05-01,312.94,312.94,0.5,,,,0(O),0/0,consolidated,67
2015-10-01,N18000112,274,TRANSMISSION SYSTEM STRENGTHENING IN WESTERN PART OF WR FOR IPPS GENERATION PROJECTS IN CHATTISGARH,POWER,PGCIL,CHHATISGARH,2011-11-01,2014-07-01,2016-06-01,2127.51,2127.51,2275.23,,,,23(O),6/8,consolidated,67
2015-10-01,N18000168,275,TRANSMISSION SYSTEM STRENGTHENING IN WR- NR TRANSMISSION CORRIDOR FOR IPPS IN CHHATTISGARH,POWER,PGCIL,MULTI STATE,2014-06-01,2018-03-01,2018-03-01,5151.37,5151.37,610.7,,,,0(O),8/12,consolidated,67
2015-10-01,N18000071,276,TRIPURA GAS BASED POWER PROJECT,POWER,NEEPCO,TRIPURA,2009-07-01,2013-07-01,2015-11-01,421.01,1007.68,941.66,,1007.68,,28(O),25/26,consolidated,67
2015-10-01,N18000119,277,TUIRIAL HYDRO ELECTRIC PROJECT (60MW),POWER,NEEPCO,MIZORAM,1998-07-01,2006-07-01,2016-10-01,368.72,1381.71,897.76,,1381.71,2016-10-01,123(O),5/13,consolidated,68
2015-10-01,N18000157,278,UNIFIED REAL TIME DYNAMIC STATE MEASUREMENT PHASE-I,POWER,PGCIL,MULTI STATE,2014-01-01,2016-04-01,2016-11-01,374.63,374.63,,,,,7(O),0/0,consolidated,68
2015-10-01,N18000042,279,VISHNUGAD PIPALKOTI HYDRO ELECTRIC PROJECT,POWER,THDCIL,UTTARAKHAND,2008-08-01,2013-06-01,2019-12-01,2491.58,2491.58,745.42,,,,78(O),3/8,consolidated,68
2015-10-01,N18000183,280,WARDHA-HYDERABAD 765 KV LINK,POWER,PGCIL,MULTI STATE,2015-01-01,2018-05-01,2018-05-01,3662.02,3662.02,259.9,,,,0(O),0/5,consolidated,68
2015-10-01,N18000035,281,WESTERN REGION STRENGTHENING SCHEME-V,POWER,PGCIL,MAHARASHTRA,2007-12-01,2010-09-01,2016-06-01,477.69,721.81,526.79,,721.81,2013-06-01,69(O),4/8,consolidated,68
2015-10-01,N18000125,282,WR-NR HVDC INTERCONNECTOR FOR IPP PROJECTS IN CHHATTISGARH,POWER,PGCIL,CHHATISGARH,2012-03-01,2015-06-01,2016-06-01,9569.76,9569.76,5203.29,,,,12(O),20/30,consolidated,68
2015-10-01,N20000001,283,NATIONAL AUTOMOTIVE TESTING AND RD INFRASTRUCTURE PROJECT (NATRIP),HEAVY INDUSTRY,HIPE,MULTI STATE,2011-04-01,2011-09-01,2017-12-01,1718,3827.3,,,,,75(O),0/0,consolidated,68
2015-10-01,N21000006,284,AIIMS-RAEBARELI-HOUSING,HEALTH AND FAMILY WELFARE,HSCC,UTTAR PRADESH,2013-10-01,2013-11-01,2015-09-01,159.5,159.5,92.88,,,,,0/0,consolidated,68
2015-10-01,N21000007,285,"LGBRIMH-TEZPUR, ASSAM",HEALTH AND FAMILY WELFARE,HSCC,ASSAM,2012-07-01,2014-12-01,2016-03-01,175.57,175.57,89.92,,,,15(O),0/0,consolidated,68
2015-10-01,N21000003,286,LHMC NEW DELHI-RE-DEVELOPMENT,HEALTH AND FAMILY WELFARE,HSCC,DELHI,2013-02-01,2013-11-01,2014-11-01,414.11,414.11,208.71,,,,,0/0,consolidated,68
2015-10-01,N21000004,287,SAFDARJUNG HOSPITAL RE-DEVELOPMENT AND OTHERS -SUPER SPECIALITY BLOCK,HEALTH AND FAMILY WELFARE,HSCC,DELHI,2013-09-01,2015-12-01,2015-12-01,444.7,444.7,228.19,,,,0(O),0/0,consolidated,68
2015-10-01,N21000005,288,"SAFDARJUNG HOSPITAL, NEW DELHI- REDEVELOPMENT & OTHERS-EMERGENCY BLOCK",HEALTH AND FAMILY WELFARE,HSCC,DELHI,2013-11-01,2016-01-01,2016-01-01,196.7,196.7,,,,,0(O),0/0,consolidated,68
2015-10-01,N22000213,289,MULTI MODAL TRANSPORT SYSTEM(MMTS) PHASE- II HYDERABAD,RAILWAYS,MRTP,TELANGANA,2012-04-01,2016-03-01,2016-03-01,632.68,816.55,48,,,,0(O),0/0,consolidated,68
2015-10-01,N22000247,290,3RD LINE BETWEEN BHUSAWAL-JALGAON,RAILWAYS,CR,MAHARASHTRA,2011-04-01,,,184.06,184.06,15.23,,,,,0/0,consolidated,68
2015-10-01,N22000099,291,"AGARTALA SABROOM, NL, NEFR",RAILWAYS,NFR,TRIPURA,2008-04-01,2014-03-01,2018-03-01,813.34,2876,823.83,,813.34,,48(O),0/0,consolidated,68
2015-10-01,N22000195,292,AGARTALA-AKHAURA NL,RAILWAYS,NFR,TRIPURA,2012-04-01,,2018-03-01,252,886.65,,,,,,0/0,consolidated,68
2015-10-01,220100243,293,AGRA-ETAWAH VIA FATEHABAD AND BAH (NL) NCR,RAILWAYS,NCR,UTTAR PRADESH,1999-04-01,2009-12-01,2015-06-01,108,432.72,436.85,,427.21,2011-03-01,,0/0,consolidated,68
2015-10-01,N22000140,294,AHMEDABAD-BOTAD (GC),RAILWAYS,WR,GUJARAT,2012-04-01,,,567.18,567.18,31.99,,,,,0/0,consolidated,69
2015-10-01,N22000121,295,AHMEDABAD-HIMMATNAGAR-UDAIPUR (WR),RAILWAYS,WR,GUJARAT,2008-04-01,2013-03-01,,394.14,385.6,83.5,,,,,0/0,consolidated,69
2015-10-01,220100181,296,AHMEDNAGAR-PARLI VAIJNATH(NL) CR,RAILWAYS,CR,MAHARASHTRA,1997-02-01,,,514.68,2820,329.67,,,,,0/0,consolidated,69
2015-10-01,N22000330,297,AJMER(NASIRABAD)- SAWAI MADHOPUR (CHAUTH KA BARWARA) VIS TONK NL,RAILWAYS,NWR,RAJASTHAN,2015-05-01,,,873.71,873.71,,,,,,0/0,consolidated,69
2015-10-01,N22000155,298,AJMER-BANGURGRAM,RAILWAYS,NWR,RAJASTHAN,2011-04-01,,,213.39,218.39,23.63,,,,,0/0,consolidated,69
2015-10-01,N22000150,299,AJMER-KOTA (NASIRABAD-JAUNDRI),RAILWAYS,NWR,RAJASTHAN,2013-04-01,,,822,822,,,,,,0/0,consolidated,69
2015-10-01,N22000263,300,AKOLA-KHANDWA GC AKOLA-AKOT,RAILWAYS,SCR,MULTI STATE,2008-04-01,,,184.26,2000,17.32,,,,,0/0,consolidated,69
2015-10-01,N22000082,301,"ALUABARI ROAD SILIGURI JUNCTION VIA GALGALIA, NEFR",RAILWAYS,NFR,MULTI STATE,2006-12-01,2011-03-01,,170,485,417.7,,,,,0/0,consolidated,69
2015-10-01,N22000157,302,ALWAR-BANDIKUI DOUBLING,RAILWAYS,NWR,RAJASTHAN,2013-04-01,,,242.09,242.09,0.39,,,,,0/0,consolidated,69
2015-10-01,N22000290,303,AMBALA CANTT-DHAPPER PH-1 WITH NEW MM OF DHAPPER-CHANDIGARH,RAILWAYS,NR,MULTI STATE,2010-04-01,,,338.54,338.54,129.14,,,,,0/0,consolidated,69
2015-10-01,N22000210,304,AMBARI FALAKATA TO NEW MAYNAGURI,RAILWAYS,NFR,ASSAM,2011-04-01,,2018-03-01,312.12,453.1,134.79,,257.93,,,0/0,consolidated,69
2015-10-01,220100118,305,AMRAVATI-NARKHER NL(CR),RAILWAYS,CR,MAHARASHTRA,1994-06-01,1999-06-01,2012-07-01,663.01,725,586.75,,663.01,,,0/0,consolidated,69
2015-10-01,N22000281,306,ANAND VIHAR-TILAK BRIDGE 3RD AND 4TH LINE,RAILWAYS,NR,DELHI,2012-04-01,,,295.68,295.68,0.86,,,,,0/0,consolidated,69
2015-10-01,N22000130,307,ANANDNAGAR GHUGHALI VIA MAHRAJGANJ UP,RAILWAYS,NER,UTTAR PRADESH,2013-03-01,,,307,307,,,,,,0/0,consolidated,69
2015-10-01,220100252,308,ANGAMALI-SABARIMALA (N.L.)(SR),RAILWAYS,SR,KERALA,1998-10-01,,,550,1566,137.4,,517.7,,,0/0,consolidated,69
2015-10-01,N22000166,309,ARA-BHABHUA ROAD (NL),RAILWAYS,SER,BIHAR,2008-04-01,,,490.8,490.8,0.39,,,,,0/0,consolidated,69
2015-10-01,N22000177,310,ARARIA-SUPAUL (NL),RAILWAYS,ECR,BIHAR,2008-04-01,,,304.41,304.41,0.19,,,,,0/0,consolidated,69
2015-10-01,N22000332,311,ARSIKERE-TUMKUR,RAILWAYS,SWR,KARNATAKA,2015-03-01,,,960,960,,,,,,0/0,consolidated,69
2015-10-01,N22000184,312,ATTIPPATTU-PUTTUR,RAILWAYS,SR,TAMIL NADU,2008-04-01,,,446.87,528,2.96,,,,,0/0,consolidated,69
2015-10-01,N22000133,313,AUNRIHAR MANDUADIH GAZIPUR VARANASI UP,RAILWAYS,NER,UTTAR PRADESH,2012-03-01,,,199.75,199.75,76.08,,,,,0/0,consolidated,69
2015-10-01,N22000258,314,BAGALKOT-KUDACHI NL,RAILWAYS,SWR,KARNATAKA,2010-04-01,,,377.93,986.3,100.76,,,,,0/0,consolidated,69
2015-10-01,N22000221,315,BANDEL-BOINCHI 3RD LINE,RAILWAYS,ER,MULTI STATE,2011-04-01,,,288.35,288.35,9.6,,,,,0/0,consolidated,69
2015-10-01,N22000119,316,BANDEL-NAIHATI NEW RAIL BRIDGE IN REPLACEMENT OF JUBILEE BRIDGE NO.8 (ER),RAILWAYS,ER,WEST BENGAL,1999-04-01,2012-12-01,2015-09-01,207.52,207.52,223.44,,,,,0/0,consolidated,69
2015-10-01,220100274,317,BANGLORE - SATYAMANGALAM (NL)(SWR),RAILWAYS,SWR,KARNATAKA,1996-04-01,,,138,1382.78,2.81,,,,,0/0,consolidated,69
2015-10-01,N22000137,318,BANGURGRAM-GURIYA PATCH DOUBLING,RAILWAYS,NWR,RAJASTHAN,2012-04-01,,,246.08,246.08,4.2,,,,,0/0,consolidated,70
2015-10-01,220100277,319,BANKURA - DAMODAR (GC) (SER),RAILWAYS,SER,WEST BENGAL,1998-03-01,2005-03-01,2019-12-01,111.9,2371.85,486.25,,1039.29,2008-12-01,177(O),0/0,consolidated,70
2015-10-01,N22000091,320,BARDHAMAN-KATWA (GC),RAILWAYS,ER,WEST BENGAL,2007-04-01,2010-12-01,,1106.62,1106.62,244.99,,,,,0/0,consolidated,70
2015-10-01,N22000234,321,"BARIARPIUR-MANANPURVIA KHARAGPUER, LACHIMPUR-BARAHAT",RAILWAYS,ER,MULTI STATE,2007-04-01,,,450.55,450.55,13.53,,,,,0/0,consolidated,70
2015-10-01,N22000302,322,BAZAR SAU -AZIMGANJ JN. DOUBLING,RAILWAYS,ER,WEST BENGAL,2012-04-01,,,255.64,255.64,,,,,,0/0,consolidated,70
2015-10-01,220100164,323,BELAPUR-SEAWOOD-URAN ELECTRIFIED DOUBLE LINE(MTP),RAILWAYS,MRTP,MAHARASHTRA,1996-03-01,2004-03-01,2016-03-01,495.44,1781.98,440.08,,495.44,2010-12-01,144(O),0/0,consolidated,70
2015-10-01,N22000287,324,BHADRACHALAM ROAD-SATTUPALLI,RAILWAYS,SCR,MULTI STATE,2010-04-01,,,337.49,337.5,0.21,,,,,0/0,consolidated,70
2015-10-01,N22000264,325,BHADRACHALAM-KOVVUR,RAILWAYS,SCR,MULTI STATE,2012-04-01,,,923.23,923.23,1.01,,,,,0/0,consolidated,70
2015-10-01,N22000316,326,BHADRAK - NERGUNDI 3RD LINE,RAILWAYS,ECOR,ODISHA,2013-03-01,,,858.67,837.33,1.15,,,,,0/0,consolidated,70
2015-10-01,N22000161,327,BHADUTOLA-JHARGRAM VIA LALGARH (NL),RAILWAYS,SER,WEST BENGAL,2011-04-01,,,289.64,760,0.09,,,,,0/0,consolidated,70
2015-10-01,N22000100,328,"BHAIRABI SAIRONG, NL, NEFR",RAILWAYS,NFR,MIZORAM,2008-04-01,2014-04-01,2018-03-01,619.34,2820.25,199.31,,619.34,2015-03-01,47(O),0/0,consolidated,70
2015-10-01,N22000273,329,BHANUPALI-BILASPUR BERI NL,RAILWAYS,NR,HIMACHAL PRADESH,2008-04-01,,,1046.88,2966.99,40.8,,,,,0/0,consolidated,70
2015-10-01,N22000125,330,BHAVNAGAR-WORKSHOP FACILITIES FOR 50 BG COACHES POH PER MONTH (WR),RAILWAYS,WR,GUJARAT,2006-04-01,2011-03-01,,117.36,196.95,198.83,,196.95,,,0/0,consolidated,70
2015-10-01,N22000132,331,BHOJIPUR TANAKPUR VIA PILIBHIT,RAILWAYS,NER,UTTAR PRADESH,2008-03-01,,,195.64,195.64,94.11,,,,,0/0,consolidated,70
2015-10-01,N22000077,332,BHOPAL BINA 3D LINE DOUBLING,RAILWAYS,RVNL,MADHYA PRADESH,2007-09-01,2010-03-01,2015-12-01,687.2,800,793.71,,,,69(O),0/0,consolidated,70
2015-10-01,N22000123,333,BHUJ-NALIYA(GC) WITH EXTENSION FROM NALIYA TO VAYOR (WR),RAILWAYS,WR,GUJARAT,2008-04-01,2012-03-01,,318.24,321.62,2.91,,,,,0/0,consolidated,70
2015-10-01,N22000170,334,BIHTA-AURANGABAD (NL),RAILWAYS,ECOR,BIHAR,2008-04-01,,,326.2,326.2,1.68,,,,,0/0,consolidated,70
2015-10-01,N22000238,335,BOINCHI-SHAKTIGARH 3RD LINE,RAILWAYS,ER,MULTI STATE,2011-04-01,,,175.8,175.8,1.46,,,,,0/0,consolidated,70
2015-10-01,N22000159,336,BOWAICHANDI-ARAMBAGH,RAILWAYS,SER,WEST BENGAL,2010-04-01,,,267.37,434,35.9,,,,,0/0,consolidated,70
2015-10-01,220100201,337,BPUTRA BRIDGE AT BOGIBIL AND LINK LINES NEFR,RAILWAYS,NFR,ASSAM,1997-09-01,2008-04-01,2017-06-01,1500,4996.19,3410.06,,1000,2014-03-01,110(O),0/0,consolidated,70
2015-10-01,220100151,338,CALICUT-MANGALORE (DL) (SR),RAILWAYS,SR,MULTI STATE,1996-02-01,,2012-02-01,240,579.37,599.4,,,,,0/0,consolidated,70
2015-10-01,N22000162,339,CHAMPAJHARAN-BIMALGARH DOUBLING EXTENSION,RAILWAYS,SER,ODISHA,2010-04-01,2015-03-01,2016-12-01,149.9,230,68.67,,,,21(O),0/0,consolidated,70
2015-10-01,N22000296,340,CHANDIGARH-BADDI NL,RAILWAYS,NR,MULTI STATE,2007-04-01,,,328.14,328.14,0.31,,,,,0/0,consolidated,70
2015-10-01,N22000242,341,CHANDPARA-BANGAON DOUBLING WITH EXENSION TO CHANDBAZAR AND NEW MM FOR BONGAON- PORAMAHESHTALA & CHAND,RAILWAYS,ER,MULTI STATE,2003-04-01,,,337.96,337.96,61.36,,,,,0/0,consolidated,70
2015-10-01,N22000202,342,CHENGALPATTU-VILLUPURAM DOUBLING WITH NEW MM FOR TAMBARAM-CHENGALPATTU 3RD LINE GC ALONWITH ELECTRIF,RAILWAYS,SR,TAMIL NADU,2007-04-01,,2015-03-01,247,951.24,619.87,,,,,0/0,consolidated,71
2015-10-01,N22000203,343,CHENGANNUR-CHINGAVANAM,RAILWAYS,SR,KERALA,2006-04-01,,,191.72,222.95,112.4,,,,,0/0,consolidated,71
2015-10-01,N22000188,344,CHENNAI BEACH-TAMBARAM-CHENGALPATTU SUBURBAN GC,RAILWAYS,SR,TAMIL NADU,1998-04-01,,,271.24,520,462.69,,,,,0/0,consolidated,71
2015-10-01,N22000185,345,CHENNAI-CUDDALORE VIA MAMALLAPURAM,RAILWAYS,SR,MULTI STATE,2008-04-01,,,523.52,1200,2.07,,,,,0/0,consolidated,71
2015-10-01,N22000134,346,CHHAPRA-BALLIA UP,RAILWAYS,NER,MULTI STATE,2013-03-01,,,295,494.92,4.22,,,,,0/0,consolidated,71
2015-10-01,N22000172,347,CHHAPRA-MUZAFFARPUR (NL),RAILWAYS,ECOR,BIHAR,2006-04-01,,,285.07,378.56,111.87,,,,,0/0,consolidated,71
2015-10-01,220100324,348,CHHINDWARA - NAGPUR (GC)(SECR),RAILWAYS,SECR,MADHYA PRADESH,2005-04-01,,2017-03-01,383.79,1101.16,194.91,,663.67,,,0/0,consolidated,71
2015-10-01,N22000131,349,CHHITAUNI TAMKUHI ROAD KUSHINAGAR GOPALGANJ UP,RAILWAYS,NER,MULTI STATE,2007-03-01,,,243.78,243.78,30.05,,,,,0/0,consolidated,71
2015-10-01,N22000300,350,CHIKBALLA-PUR-GOWRIBIDANUR NL,RAILWAYS,SWR,KARNATAKA,2013-04-01,,,327.25,367.77,,,,,,0/0,consolidated,71
2015-10-01,N22000276,351,CHIKBALLA-PUR-PUTTTAPARTHY-SRI SATYA SAI NILAYAM NL,RAILWAYS,SWR,KARNATAKA,2013-04-01,,,558,692.43,,,,,,0/0,consolidated,71
2015-10-01,N22000225,352,"CHINPAI-SAINTHIA DOUBLING, MM FOR PRANTI- SURI, CHOWRIGACHA-SAINTHIA VIA KANDI NL",RAILWAYS,ER,MULTI STATE,2005-04-01,,,595.91,595.91,89.6,,,,,0/0,consolidated,71
2015-10-01,N22000138,353,CHOTTAUDEPUR-DHAR(NL),RAILWAYS,WR,MULTI STATE,2007-04-01,,,1347.26,1347.26,164.55,,,,,0/0,consolidated,71
2015-10-01,N22000212,354,CIRCULAR RAILWAY INCLUDING REMOUNT ROAD TO SANTOSHPUR,RAILWAYS,MRTP,WEST BENGAL,2009-04-01,,,573.78,573.78,166.89,,,,,0/0,consolidated,71
2015-10-01,N22000194,355,CONSTRUCTION OF NL FROM KUMARGHAT- AGARTALA,RAILWAYS,NFR,TRIPURA,1999-04-01,2007-03-01,2016-03-01,895,1242.25,1005.81,,575,,108(O),0/0,consolidated,71
2015-10-01,N22000187,356,CUDDALORE-SALEM VIA VRIDDHACHALAM GC,RAILWAYS,SR,TAMIL NADU,1999-04-01,,,198.68,556.64,268.56,,,,,0/0,consolidated,71
2015-10-01,N22000282,357,CUMBUM-PRODDATUR,RAILWAYS,SCR,ANDHRA PRADESH,2013-04-01,,,829,829,,,,,,0/0,consolidated,71
2015-10-01,220100326,358,CUTTACK - BARANG (LD),RAILWAYS,RVNL,ODISHA,1995-04-01,2014-10-01,2014-10-01,127.13,225,193.37,,,,,0/0,consolidated,71
2015-10-01,N22000139,359,"DAHOD-INDORE VIA SARDARPUR, JHABUA AND DHAR (NL)",RAILWAYS,WR,MULTI STATE,2007-04-01,,,1640.04,1640.04,187.84,,,,,0/0,consolidated,71
2015-10-01,N22000116,360,DAKSHIN-BARASAL-LAKSHMIKANTAPUR,RAILWAYS,ER,WEST BENGAL,2009-04-01,2011-12-01,,533.38,533.38,114.38,,,,,0/0,consolidated,71
2015-10-01,220100149,361,"DALLI-RAJHARA - RAOGHAT(PART OF DALLI- RAJHARA-JAGDALPUR),NL,RVNL",RAILWAYS,RVNL,CHHATISGARH,1995-04-01,2012-12-01,,304,968.6,180.86,,,,,0/0,consolidated,71
2015-10-01,N22000164,362,DANGOAPOSI-RAJKHARSWAN 3RD LINE DOUBLING,RAILWAYS,SER,JHARKHAND,2010-04-01,2015-12-01,2016-03-01,309.44,583,144.66,,388.67,,3(O),0/0,consolidated,71
2015-10-01,220100311,363,"DANIAWAN-BIHARSARIF (NL), ECR",RAILWAYS,ECR,BIHAR,2001-04-01,,,406.92,339,204.83,,,,,0/0,consolidated,71
2015-10-01,N22000229,364,"DANKUNI-CHANDANPUR 4TH LINE, 1ST PHASE OF DANKUNI-SHAKTIGARH 4TH LINE WITH MM BARUIPARA FURFURA NL",RAILWAYS,ER,MULTI STATE,2010-04-01,,,296.44,296.44,4.55,,,,,0/0,consolidated,71
2015-10-01,N22000173,365,DARBANGHA-KUSHESHWARSTHAN (NL),RAILWAYS,ECR,BIHAR,2005-04-01,,,205,205,5.21,,,,,0/0,consolidated,72
2015-10-01,220100184,366,"DAUSA-GANGAPUR CITY(NL),NWR",RAILWAYS,NWR,RAJASTHAN,1997-02-01,,,410.08,410.08,297.58,,,,,0/0,consolidated,72
2015-10-01,N22000320,367,DELANG-PURI DOUBLING,RAILWAYS,ECOR,ODISHA,2011-03-01,2015-03-01,2015-03-01,165.16,234.71,137.01,,,,,0/0,consolidated,72
2015-10-01,N22000271,368,DELHI-SOHNA-NUH-FIROZPUR-JHIRKA-ALWAR,RAILWAYS,NR,MULTI STATE,2013-04-01,,,1239,1239,,,,,,0/0,consolidated,72
2015-10-01,N22000274,369,DEOBAND (MUZAFFARNAGAR)- ROORKEE NL,RAILWAYS,NR,MULTI STATE,2007-04-01,,,336.91,336.91,144.25,,,,,0/0,consolidated,72
2015-10-01,220100273,370,"DEOGHAR - SULTANGANJ (INL), ER",RAILWAYS,ER,MULTI STATE,2000-04-01,2012-12-01,,607.09,607.09,561.14,,,2012-12-01,,0/0,consolidated,72
2015-10-01,N22000141,371,DHASA-JETALSAR (GC),RAILWAYS,WR,GUJARAT,2012-04-01,,,376.59,376.59,4.58,,,,,0/0,consolidated,72
2015-10-01,N22000158,372,DHOLPUR-SIRMUTTRA WITH EXTENSION TO GANGAPURCITY AND MOHARI-TANTPUR & TANPUR- BANSI PAHARPUR,RAILWAYS,NCR,MULTI STATE,2010-04-01,2019-02-01,2019-02-01,622.41,2030.5,3.61,,2030.5,,0(O),0/0,consolidated,72
2015-10-01,N22000160,373,DIGHA-JALESWAR INCLUDING MM FOR DIGHA-EGRA,RAILWAYS,SER,MULTI STATE,2010-04-01,,2019-12-01,553.63,1009,7.5,,651.17,,,0/0,consolidated,72
2015-10-01,N22000196,374,DIMAPUR-TIZIT NL,RAILWAYS,NFR,NAGALAND,2013-04-01,,2020-03-01,4274,4487.7,,,,,,0/0,consolidated,72
2015-10-01,N22000080,375,DINDIGUL-POLLACHI-PALGHAT-POLLACHI AND COIMBATORE,RAILWAYS,SR,TAMIL NADU,2006-09-01,,2016-03-01,343.17,914.98,846.18,,,,,0/0,consolidated,72
2015-10-01,N22000135,376,EAST WEST METRO CORRIDOR FROM HOWRAH MAIDAN TO SALT LAKE,RAILWAYS,MRTP,WEST BENGAL,2013-03-01,2016-03-01,2018-06-01,4874.58,4874.58,1911.65,,,,27(O),0/0,consolidated,72
2015-10-01,N22000094,377,ELECTRIFICATION OF KHURJA-MEERUT- SAHARANPUR AND G'BAD-MEERUT,RAILWAYS,RE,UTTAR PRADESH,2008-02-01,2012-03-01,2016-03-01,171.1,275.08,141.55,,236.37,2013-12-01,48(O),0/0,consolidated,72
2015-10-01,N22000204,378,ERNAKULAM-KUMBALAM,RAILWAYS,SR,KERALA,2010-04-01,,,189.24,189.24,1.52,,,,,0/0,consolidated,72
2015-10-01,N22000199,379,ERODE-PALANI,RAILWAYS,SR,TAMIL NADU,2008-04-01,,,288.57,603.22,1.64,,,,,0/0,consolidated,72
2015-10-01,220100318,380,"ETAWAH-MAINPURI (NL),NCR",RAILWAYS,NCR,UTTAR PRADESH,1997-04-01,2008-12-01,2015-10-01,120,245.39,249.33,,245.39,,82(O),0/0,consolidated,72
2015-10-01,N22000028,381,"EXTENSION OF MRTS FROM VELACHERY TO STN. THOMAS, MTP",RAILWAYS,MRTP,TAMIL NADU,2006-04-01,2013-06-01,2013-06-01,495.74,495.74,315.66,,,2013-06-01,,0/0,consolidated,72
2015-10-01,N22000270,382,"FAIZABAD-LALGANJ VIA AKBARGANJ, MAHARAJGANJ AND RAEBARELI",RAILWAYS,NR,UTTAR PRADESH,2013-04-01,,,654,654,,,,,,0/0,consolidated,72
2015-10-01,N22000299,383,GADAG-WADI NL,RAILWAYS,SWR,KARNATAKA,2013-04-01,,,1117,1922,1.89,,,,,0/0,consolidated,72
2015-10-01,220100270,384,"GADWAL - RAICHUR (NL), SCR",RAILWAYS,SCR,MULTI STATE,1998-04-01,2011-02-01,,92.63,270,301.84,,,2011-02-01,,0/0,consolidated,72
2015-10-01,N22000169,385,GAYA-CHATRA (NL),RAILWAYS,ECOR,MULTI STATE,2008-04-01,,,415.67,415.67,14,,,,,0/0,consolidated,72
2015-10-01,N22000168,386,GAYA-DALTONGANJ VIA RAFIGANJ (NL),RAILWAYS,ECOR,BIHAR,2008-04-01,,,445.25,445.25,1.14,,,,,0/0,consolidated,72
2015-10-01,N22000321,387,GHAZIPUR - AUNRIHAR (40 KM),RAILWAYS,NER,UTTAR PRADESH,2014-04-01,,,182.92,197.73,,,,,,0/0,consolidated,72
2015-10-01,N22000117,388,GHUTIASHARIF-CANNING (ER),RAILWAYS,ER,WEST BENGAL,2009-04-01,2011-12-01,2013-11-01,611.03,611.03,140.48,,,2013-11-01,,0/0,consolidated,72
2015-10-01,N22000045,389,"GOELKERA-MANOHARPUR,(LD)(SER)",RAILWAYS,SER,JHARKHAND,1997-03-01,2006-02-01,,261.7,280,195.94,,,,,0/0,consolidated,73
2015-10-01,220100186,390,"GONDIA-JABALPUR(GC),(SECR)",RAILWAYS,SECR,MULTI STATE,1997-02-01,1998-03-01,2019-12-01,386.3,1544.4,590.26,,1157.54,,261(O),0/0,consolidated,73
2015-10-01,N22000269,391,GRADE SEPERATOR AT DAYABASTI,RAILWAYS,NR,DELHI,1999-04-01,,,156.65,156.65,53,,,,,0/0,consolidated,73
2015-10-01,N22000265,392,GUDUR-DURGARAJAPATNAM,RAILWAYS,SCR,ANDHRA PRADESH,2011-04-01,,,283.54,283.54,0.31,,,,,0/0,consolidated,73
2015-10-01,220100254,393,"GULBARGA-BIDAR,SCR(NL)",RAILWAYS,SCR,KARNATAKA,1998-02-01,2009-05-01,2015-03-01,242.42,844,798.87,,369.7,,,0/0,consolidated,73
2015-10-01,220100007,394,"GUNA-ETAWAH VIA SHIVPURI-GWALIOR -BHIND NL, (NCR)",RAILWAYS,NCR,MULTI STATE,1986-04-01,1994-03-01,2015-03-01,158.77,608.02,602.1,,608.02,,,0/0,consolidated,73
2015-10-01,N22000154,395,GURIYA-MARWAR AND KARJODA-PALANPUR,RAILWAYS,NWR,RAJASTHAN,2011-04-01,,,239.73,179.32,75.76,,,,,0/0,consolidated,73
2015-10-01,N22000148,396,GWALIOR-SEOPURKALA WITH EXTENSION TO KOTA (GC),RAILWAYS,NCR,MULTI STATE,2011-04-01,2020-02-01,2020-02-01,1176.09,3845.6,2.33,,3845.6,,0(O),0/0,consolidated,73
2015-10-01,N22000223,397,"HABRA-CHANDPARA, MM FOR MACHALANDPUR- SWARUPNAGAR NL",RAILWAYS,ER,MULTI STATE,2000-04-01,,,157.17,157.17,76.9,,,,,0/0,consolidated,73
2015-10-01,N22000334,398,HAJIPUR - BACHAWARA,RAILWAYS,ECR,MULTI STATE,2015-05-01,,,720,720,,,,,,0/0,consolidated,73
2015-10-01,N22000182,399,HAJIPUR-RAMDAYALUNAGAR DOUBLING,RAILWAYS,ECR,BIHAR,2013-04-01,,,213.01,367.17,17.19,,,,,0/0,consolidated,73
2015-10-01,220100303,400,"HAJIPUR-SUGAULI VIA VAISHALI (NL), ECR",RAILWAYS,ECR,BIHAR,2003-04-01,,,528.65,324.66,227.03,,,,,0/0,consolidated,73
2015-10-01,N22000236,401,HANSDIHA-GODDA NL,RAILWAYS,ER,MULTI STATE,2011-04-01,,,267.09,267.09,1.5,,,,,0/0,consolidated,73
2015-10-01,N22000218,402,HANSNABAD-HINGALGANJ NEW BG LINE,RAILWAYS,ER,MULTI STATE,2010-04-01,,,172.03,172.03,5.86,,,,,0/0,consolidated,73
2015-10-01,220100285,403,HARIDASPUR-PARADEEP(NL),RAILWAYS,RVNL,ODISHA,1996-04-01,2009-09-01,,301.64,1185.64,442.82,,,,,0/0,consolidated,73
2015-10-01,N22000289,404,HARIDWAR-LAKSAR,RAILWAYS,NR,UTTARAKHAND,2012-04-01,,,219.83,329.97,2.38,,,,,0/0,consolidated,73
2015-10-01,220100183,405,"HASSAN-BANGALORE VIA SHRAVANA- BELGOLA(NL),SWR",RAILWAYS,SWR,KARNATAKA,1997-02-01,,,295,1289.92,1092.98,,,,,0/0,consolidated,73
2015-10-01,220100319,406,HATHUA-BHATNI (N L) (NER),RAILWAYS,NER,MULTI STATE,2005-04-01,,,230.03,230.03,172.58,,,,,0/0,consolidated,73
2015-10-01,N22000112,407,HIMMATNAGAR - UDAIPUR GAUGE CANVESSION (NWR),RAILWAYS,NWR,RAJASTHAN,2008-04-01,2015-03-01,2015-03-01,829.74,829.74,96.76,,,,,0/0,consolidated,73
2015-10-01,N22000292,408,HISSAR-SIRSA VIA AGROHA AND FATEHABAD,RAILWAYS,NR,HARYANA,2013-04-01,,,400,400,,,,,,0/0,consolidated,73
2015-10-01,N22000324,409,HOSADURGA - CHICKJAJUR (28.89 KM),RAILWAYS,SWR,KARNATAKA,2010-04-01,,2015-09-01,203.4,203.4,153.29,,,,,0/0,consolidated,73
2015-10-01,N22000297,410,HOSPET-HUBLI-LONDA-VASCODAGAMA DL,RAILWAYS,SWR,KARNATAKA,2010-04-01,,,2127,2127,325,,,,,0/0,consolidated,73
2015-10-01,N22000333,411,HOTGI-KUDGI-GADAG,RAILWAYS,SWR,MULTI STATE,2015-03-01,,,1618,1618,,,,,,0/0,consolidated,73
2015-10-01,N22000230,412,HOWRAH DIVISION- PLATFORM SHELTER (40 C CATEGORY STATIONS),RAILWAYS,ER,MULTI STATE,2010-04-01,,,157.94,157.94,43.34,,,,,0/0,consolidated,73
2015-10-01,220100208,413,HOWRAH-AMTA-CHAMPADANGA NL (SER),RAILWAYS,SER,WEST BENGAL,1974-04-01,2007-03-01,2015-03-01,393.46,1026,181.48,,393.46,2007-03-01,,0/0,consolidated,73
2015-10-01,N22000249,414,HOWRAH-DEVELOPMENT OF STATION INCLUDING SEGRAGATION OF AARIVAL/DEPARTURE AND OTHER AMENITIES,RAILWAYS,ER,MULTI STATE,2011-04-01,,,166.89,166.89,0.02,,,,,0/0,consolidated,74
2015-10-01,N22000325,415,HUBLI- CHIKJAJUR,RAILWAYS,SWR,KARNATAKA,2015-03-01,,,1900,1900,,,,,,0/0,consolidated,74
2015-10-01,220100193,416,"HUBLI-ANKOLA(NL),SWR",RAILWAYS,SWR,KARNATAKA,1997-04-01,,,227,2135,117.24,,997.58,,,0/0,consolidated,74
2015-10-01,N22000304,417,JAGGAYYAPET - MELLACHERUVU,RAILWAYS,SCR,MULTI STATE,2007-04-01,1999-01-01,,313.24,313.24,230.62,,,,,0/0,consolidated,74
2015-10-01,N22000113,418,JAIPUR - RINGUS - CHURU AND SIKAR - LOHARU GUAGE CONVERSION (NWR),RAILWAYS,NWR,RAJASTHAN,2008-04-01,2014-03-01,,653.19,653.55,258.78,,,,,0/0,consolidated,74
2015-10-01,N22000291,419,JAKHAL-MANSA DOUBLING ON SPR SECTION,RAILWAYS,NR,MULTI STATE,2008-04-01,,,162.96,162.96,143.62,,,,,0/0,consolidated,74
2015-10-01,220100258,420,"JALANDHAR-PATHANKOT-JAMMU-TAWI (LD),NR",RAILWAYS,NR,MULTI STATE,2002-03-01,2007-06-01,,625.3,847.75,835.14,,408.76,,,0/0,consolidated,74
2015-10-01,220100240,421,"JAYANAGAR-DARBHANGA-NARKATIA GANJ(GC),ECR",RAILWAYS,ECR,BIHAR,1997-04-01,2012-03-01,,501.69,1043.56,819.19,,501.69,,,0/0,consolidated,74
2015-10-01,N22000181,422,JAYNAGAR-BIJALPURA INCLUDING EXTENSION BIJALPURA-BARDIBAS(NEPAL) GC,RAILWAYS,ECR,BIHAR,2009-04-01,,,470,470,40,,,,,0/0,consolidated,74
2015-10-01,N22000317,423,JHARSUGUDA-RENGALI DOUBLING,RAILWAYS,ECOR,ODISHA,2006-03-01,,,201,230,218.67,,,,,0/0,consolidated,74
2015-10-01,220100280,424,"JIND-SONEPAT (NL),NR",RAILWAYS,NR,HARYANA,2004-01-01,2012-03-01,2012-12-01,238.56,740,639.77,,,2012-03-01,,0/0,consolidated,74
2015-10-01,220100288,425,JIRIBAM TO IMPHAL (TUPUI)(NL)(NEFR),RAILWAYS,NFR,MANIPUR,2003-04-01,2011-03-01,2019-03-01,727.56,6570.75,2787.99,,727.56,2014-03-01,96(O),0/0,consolidated,74
2015-10-01,N22000288,426,"KADAPA-BANGALORE (NL), KADAPA-PENDLIMARRI PH-I",RAILWAYS,SCR,MULTI STATE,2008-04-01,,,2050,2050,194.45,,,,,0/0,consolidated,74
2015-10-01,N22000224,427,KALINARAYANPUR-KRISHNANAGAR DOUBLING ALONGWITH KRISHNANAGAR - CHAPRA NEW LINE AND NAIHATI-RANAGHAT 3,RAILWAYS,ER,MULTI STATE,2001-04-01,,,923.52,923.52,208.1,,,,,0/0,consolidated,74
2015-10-01,N22000227,428,KALINARAYANPUR-SHANTIPUR DOUBLING WITH NEW MM FOR RANAGHAT-DUTTAPHULIA NEW LINE,RAILWAYS,ER,MULTI STATE,2010-04-01,,,174.56,174.56,63.08,,,,,0/0,consolidated,74
2015-10-01,N22000233,429,KALYAN-KASARA 3RD LINE,RAILWAYS,CR,MAHARASHTRA,2011-04-01,,,277.7,279.7,4.73,,,,,0/0,consolidated,74
2015-10-01,220100197,430,"KANPUR-KASGANJ-MATHURA(GC),NER",RAILWAYS,NER,UTTAR PRADESH,1997-03-01,,2018-03-01,677.97,1651.54,1621.4,,1062.36,,,0/0,consolidated,74
2015-10-01,N22000136,431,KAPILVASTU-BASTI VIA BANSI SIDHARTHNAGAR BASTI NAUGARH UP,RAILWAYS,NER,UTTAR PRADESH,2013-03-01,,,643,643,,,,,,0/0,consolidated,74
2015-10-01,220100256,432,KAPTANGANJ-THAWE-SIWAN-CHHAPRA GC (NER),RAILWAYS,NER,MULTI STATE,1999-04-01,,2016-03-01,744.71,744.71,576.86,,,,,1/1,consolidated,74
2015-10-01,220100191,433,"KARUR-SALEM(NL),SR",RAILWAYS,SR,TAMIL NADU,1997-02-01,,,155.55,800,800.7,,,,,0/0,consolidated,74
2015-10-01,N22000126,434,KATAKHAL TO BHAIRABI,RAILWAYS,NFR,ASSAM,1998-04-01,2012-12-01,2016-03-01,227.9,331.4,182.22,,200,,39(O),0/0,consolidated,74
2015-10-01,220100247,435,KATIHAR - JOGBANI (GC)(NEFR),RAILWAYS,NFR,BIHAR,2001-09-01,2010-12-01,2018-03-01,492.98,1727.27,743.74,,,,87(O),0/0,consolidated,74
2015-10-01,N22000245,436,KATWA-PATULI DOUBLING WITH NEW MM FOR AHMEDPUR-KATWA GC,RAILWAYS,ER,MULTI STATE,2010-04-01,2017-03-01,2017-03-01,423.66,423.66,163.59,,,,0(O),0/0,consolidated,75
2015-10-01,N22000261,437,KAZIPET-VIJAYAWADA 3RD LINE WITH ELECTRIFICATION,RAILWAYS,SCR,MULTI STATE,2012-04-01,,,1054.35,1054.35,8.06,,,,,0/0,consolidated,75
2015-10-01,220100257,438,KHAGARIA-KUSHESHWAR ASTHAN (NL) (ECR),RAILWAYS,ECR,BIHAR,1997-04-01,,,162.87,541,158.58,,,,,0/0,consolidated,75
2015-10-01,220100327,439,KHURDA ROAD - BARANG 3RD LINE (DL) (ECOR),RAILWAYS,RVNL,ODISHA,2000-04-01,2009-03-01,2014-08-01,133.41,276,277.33,,207,2009-03-01,,0/0,consolidated,75
2015-10-01,220100284,440,KHURDA ROAD-BOLANGIR(NL)ECOR,RAILWAYS,ECOR,ODISHA,1994-04-01,,,470.21,1995.25,355.02,,,,,0/0,consolidated,75
2015-10-01,N22000318,441,KIRANDUL - JAGDALPUR DOUBLING,RAILWAYS,ECOR,CHHATISGARH,2012-12-01,,2018-03-01,826.57,1143.6,189.12,,,,,0/0,consolidated,75
2015-10-01,N22000101,442,"KISHANGANJ JALALGARH, NL, NEFR",RAILWAYS,NFR,BIHAR,2008-04-01,2014-03-01,2018-03-01,282.92,565.13,2.8,,282.92,,48(R),0/0,consolidated,75
2015-10-01,220100306,443,"KODERMA GIRIDH (NL), ECR",RAILWAYS,ECR,JHARKHAND,1996-04-01,2010-03-01,2010-03-01,768.87,768.87,682.31,,,,,0/0,consolidated,75
2015-10-01,220100222,444,"KODERMA-RANCHI VIA BARKAKANA (NL),ECR",RAILWAYS,ECR,JHARKHAND,1999-03-01,2005-07-01,,2957.21,2957.21,1966.9,,,,,0/0,consolidated,75
2015-10-01,220100305,445,"KODERMA-TILAIYA (NL), ECR",RAILWAYS,ECR,JHARKHAND,2002-04-01,,,459.91,418.17,260.67,,,,,0/0,consolidated,75
2015-10-01,N22000260,446,KONDAPALLI-PENUBALLI,RAILWAYS,SCR,MULTI STATE,2013-04-01,,,723,723,,,,,,0/0,consolidated,75
2015-10-01,220100304,447,"KOSI BRIDGE (NL), ECR",RAILWAYS,ECR,BIHAR,2002-04-01,2012-03-01,,322.95,341.41,325.36,,,,,0/0,consolidated,75
2015-10-01,220100265,448,KOTLPALLI-NARASAPUR (NL) (SCR),RAILWAYS,SCR,ANDHRA PRADESH,2001-12-01,,,330,1047,1.29,,,,,0/0,consolidated,75
2015-10-01,N22000191,449,KUMBALAM-TURAVUR,RAILWAYS,SR,KERALA,2011-04-01,,,252.96,252.96,1.48,,,,,0/0,consolidated,75
2015-10-01,N22000178,450,KURSELA-BIHARIGANJ (NL),RAILWAYS,ECR,BIHAR,2008-04-01,,,192.56,192.56,0.38,,,,,0/0,consolidated,75
2015-10-01,N22000190,451,KURUPPANTHARA-CHINGAVANAM,RAILWAYS,SR,MULTI STATE,2007-04-01,,,270.14,346.15,14.61,,,,,0/0,consolidated,75
2015-10-01,N22000216,452,"LAKSHMIKANTAPUR-NAMKHANA SUBSEQUENTLY MM FOR NAMKHANA-CHANDRANAGAR, KAKDWIP- BUDAKHALI AND CHANDRANAG",RAILWAYS,ER,MULTI STATE,1987-04-01,,,406.99,406.99,141.55,,,,,0/0,consolidated,75
2015-10-01,220100232,453,"LALITPUR-SATNA-REWA-SINGRULI NL, (NCR)",RAILWAYS,WCR,MULTI STATE,1998-09-01,2008-05-01,,247.66,1630.97,488.76,,,,,0/0,consolidated,75
2015-10-01,N22000244,454,"LILUAH-DANKUNI 3RD LINE, MM FOR DANKUNI- JONGALPARA-FURFURA SHARIF NL",RAILWAYS,ER,MULTI STATE,2009-04-01,2014-03-01,2014-03-01,257.42,257.42,67.97,,,,,0/0,consolidated,75
2015-10-01,N22000211,455,LUMDING-HOJAI PATCH DOUBLING PROJECT,RAILWAYS,NFR,ASSAM,2012-04-01,,2019-03-01,246.07,364.06,0.3,,246.07,,,0/0,consolidated,75
2015-10-01,N22000127,456,"LUMDING-SILCHAR JIRIBAM, BADARPUR- BARAIGRAM KUMARGHAT NATIONAL PROJECT",RAILWAYS,NFR,ASSAM,1996-04-01,2009-03-01,2016-03-01,1676.31,5500,4734.45,,,,84(O),0/0,consolidated,75
2015-10-01,220100220,457,MACHERLA-NALGONDA(NL)(SCR),RAILWAYS,SCR,TELANGANA,1998-07-01,2008-07-01,2008-07-01,125,480,3.51,,,,,0/0,consolidated,75
2015-10-01,N22000201,458,MADURAI-BODINAYAKKANUR,RAILWAYS,SR,TAMIL NADU,2008-04-01,,,164.41,450,16.97,,,,,0/0,consolidated,75
2015-10-01,N22000215,459,MADURAI-TUTICORIN VIA ARUPPUKKOTTAI,RAILWAYS,SR,MULTI STATE,2011-04-01,,,601.43,800,0.69,,,,,0/0,consolidated,76
2015-10-01,N22000243,460,MAGRAHAT-DIAMOND HARBOUR WITH MM SANGRAMPUR-KRISHANCHANDPUR AND DIAMOND HATBOUR - BAHRAHAT-KULPI NL,RAILWAYS,ER,MULTI STATE,2009-04-01,,,493.96,493.96,121.27,,,,,0/0,consolidated,76
2015-10-01,220100316,461,MAHARAJGANJ-MASRAKH (NL) - NER,RAILWAYS,NER,BIHAR,2003-04-01,,,218.19,343,216.17,,,,,0/0,consolidated,76
2015-10-01,220100168,462,"MANDARHILL-DUMKA-RAMPURHAT (NL),ER",RAILWAYS,ER,JHARKHAND,1995-04-01,2011-12-01,,900.05,900.05,853.83,,,2010-12-01,,0/0,consolidated,76
2015-10-01,N22000032,463,MANOHARABAD-KOTHPALL NEW LINE(SCR),RAILWAYS,SCR,TELANGANA,2006-04-01,,,378.56,791.59,5.41,,,,,0/0,consolidated,76
2015-10-01,N22000165,464,MANOHARPUR-BONDAMUNDA 3RD LINE DOUBLING,RAILWAYS,SER,JHARKHAND,2012-04-01,,2017-12-01,258.2,365,2.52,,315.13,,,0/0,consolidated,76
2015-10-01,N22000268,465,MANSA-BHATINDA PH-1 INCLUDING MM FOR RAMA MANDI(RAMAN)-MAUR MANDI VIA TALWANDI SABOO NL,RAILWAYS,NR,PUNJAB,2009-04-01,,,396.04,369,188.93,,,,,0/0,consolidated,76
2015-10-01,N22000002,466,MANSI-PURNIA (EXTENSION OF MANSI-SAHARSA) GAN ECR,RAILWAYS,ECR,BIHAR,1996-04-01,2012-03-01,,332.92,477.88,498.37,,332.92,,,0/0,consolidated,76
2015-10-01,N22000259,467,MANUGURU-RAMAGUNDAM,RAILWAYS,SCR,TELANGANA,2013-04-01,,,1112,1112,,,,,,0/0,consolidated,76
2015-10-01,N22000308,468,MARIKUPPAM - KUPPAM,RAILWAYS,SWR,KARNATAKA,2012-04-01,1999-01-01,,285.57,279.54,1.38,,,,,0/0,consolidated,76
2015-10-01,N22000152,469,"MAVLI JUNCTION-BARI SADRI, MM OF AJMER- CHITTSURGARH-UDAIPUR",RAILWAYS,NWR,RAJASTHAN,2013-04-01,,,456,855.16,557.82,,,,,0/0,consolidated,76
2015-10-01,N22000079,470,MAYLADUTHURAI-THIRUVARUR-KARAIKUDI-THIRU 'PONDI'-AGASTIYAMPALLI,RAILWAYS,SR,TAMIL NADU,2007-09-01,,,404.19,1383.45,457.88,,,,,0/0,consolidated,76
2015-10-01,N22000267,471,MEERUT-MUZAFARNAGAR PATCH DL,RAILWAYS,NR,UTTAR PRADESH,2012-04-01,,,377.44,377.44,7.5,,,,,0/0,consolidated,76
2015-10-01,N22000327,472,MIRAJ-LONDA,RAILWAYS,SWR,MULTI STATE,2015-03-01,,,1830,1830,,,,,,0/0,consolidated,76
2015-10-01,N22000142,473,MIYAGAM-KARJAN-DABHOI-SAMLAYA (GC),RAILWAYS,WR,GUJARAT,2011-04-01,,,439.88,439.88,0.78,,,,,0/0,consolidated,76
2015-10-01,N22000305,474,MM FROM BURAMARA-CHAKULIA,RAILWAYS,SER,MULTI STATE,2008-04-01,1999-01-01,,466.48,800,0.83,,,,,0/0,consolidated,76
2015-10-01,N22000309,475,MM FROM PANSKURA-GHATAL NL,RAILWAYS,SER,WEST BENGAL,2011-04-01,1999-01-01,,276.69,426,,,,,,0/0,consolidated,76
2015-10-01,N22000301,476,MONIGRAM- NIMTITA,RAILWAYS,ER,MULTI STATE,2012-04-01,,,250.93,250.93,0.14,,,,,0/0,consolidated,76
2015-10-01,N22000174,477,MOTIHARI-SITAMARHI (NL),RAILWAYS,ECR,BIHAR,2006-04-01,,,211,926.09,4.41,,,,,0/0,consolidated,76
2015-10-01,N22000283,478,MUDKHED-PARBHANI,RAILWAYS,SCR,MAHARASHTRA,2011-04-01,,,390.6,390.6,4.69,,,,,0/0,consolidated,76
2015-10-01,N22000092,479,MUMBAI URBAN TRANSPORT PROJECT PHASE-II,RAILWAYS,MRTP,MAHARASHTRA,2008-04-01,2014-03-01,2019-03-01,5300,7986.04,2443.62,,6821.29,2019-03-01,60(O),0/0,consolidated,76
2015-10-01,220100205,480,"MUNEERABAD-MAHABOOBNAGAR(NL),SCR",RAILWAYS,SCR,MULTI STATE,1997-04-01,,2015-03-01,218.24,645,309.19,,236.41,,,0/0,consolidated,76
2015-10-01,N22000257,481,MUNIRABAD (GINGERA) -RAICHUR NL,RAILWAYS,SWR,KARNATAKA,2007-04-01,,,179.65,1350.91,380.62,,,,,0/0,consolidated,76
2015-10-01,N22000208,482,MURKONGSELEK-PASIGHAT NL,RAILWAYS,NFR,MULTI STATE,2011-04-01,,2018-03-01,165.82,435.58,0.56,,165.82,,,0/0,consolidated,77
2015-10-01,N22000179,483,MUZAFFARPUR-DARBANGHA (NL),RAILWAYS,ECR,BIHAR,2008-04-01,,,281.3,281.3,0.58,,,,,0/0,consolidated,77
2015-10-01,N22000176,484,MUZAFFARPUR-KATRA-ORAI-JANAKPUR ROAD (NL),RAILWAYS,ECR,BIHAR,2008-04-01,,,228.05,228.05,1.52,,,,,0/0,consolidated,77
2015-10-01,N22000286,485,NADIKUDE-SRI KALAHASTI,RAILWAYS,SCR,ANDHRA PRADESH,2011-04-01,,,1313.48,1313.48,5.13,,,,,0/0,consolidated,77
2015-10-01,220100192,486,"NANDYAL-YERRAGUNTLA(NL),SCR",RAILWAYS,SCR,ANDHRA PRADESH,1996-03-01,2009-02-01,2015-03-01,155.74,883,755.5,,164.36,,,0/0,consolidated,77
2015-10-01,220100188,487,"NANGALDAM-TALWARA(NL),NR",RAILWAYS,NR,MULTI STATE,1981-03-01,2012-07-01,,450,2100,391.95,,,,,0/0,consolidated,77
2015-10-01,N22000167,488,NAWADA-LAXMIPUR (NL),RAILWAYS,ECR,BIHAR,2008-04-01,,,620.57,620.57,,,,,,0/0,consolidated,77
2015-10-01,N22000240,489,"NEW ALIPUR TO AKRA, MM FOR BUDGE BUDGE- PUJALI NL, PUJALI-ULUBERIA(BIRSHIVPUR) AND PUJALI-BAHRAHAT NL",RAILWAYS,ER,MULTI STATE,2010-04-01,,,494.54,494.54,31.2,,,,,0/0,consolidated,77
2015-10-01,N22000087,490,"NEW B.G. LINE FROM ARARIA TO GALGALIA (THAKURGUNG), NEFR",RAILWAYS,NFR,BIHAR,2006-09-01,,2019-03-01,300,827.73,53.52,,300,,,0/0,consolidated,77
2015-10-01,N22000086,491,"NEW B.G. LINE FROM TETELIA TO BYRNIHAT (NATIONAL PROJECT), NEFR",RAILWAYS,NFR,ASSAM,2006-09-01,,2017-03-01,200,496.24,213.72,,200,,,0/0,consolidated,77
2015-10-01,N22000206,492,NEW BG LINE FROM BALURGHAT TO HILLY NFR,RAILWAYS,NFR,MULTI STATE,2010-04-01,,2018-03-01,242.22,679.57,40.41,,171,,,0/0,consolidated,77
2015-10-01,N22000205,493,NEW BG LINE FROM BYRNIHAT TO SHILLONG,RAILWAYS,NFR,MEGHALAYA,2010-04-01,2016-03-01,2020-03-01,4083.02,5307.9,7.79,,,,48(R),0/0,consolidated,77
2015-10-01,N22000207,494,NEW BG LINE FROM JAGBANI TO BIRATNAGAR,RAILWAYS,NFR,MULTI STATE,2010-04-01,,2017-03-01,241.52,394.28,233.46,,210,,,0/0,consolidated,77
2015-10-01,N22000193,495,NEW BG LINE FROM KALIYAGANJ TO BUNIADPUR,RAILWAYS,NFR,WEST BENGAL,2010-04-01,,2019-03-01,221.42,563.13,22.39,,205.31,,,0/0,consolidated,77
2015-10-01,220100135,496,"NEW BG RLY LINE FROM EKLAKHI-BALURGHAT INCLUDING GAZOLE-ITAHAR(NL),NEFR",RAILWAYS,NFR,WEST BENGAL,1983-04-01,,2019-03-01,36.8,1336.57,255.55,,36.38,,,0/0,consolidated,77
2015-10-01,N22000183,497,NEW BONGAIGAON-RANGIA-KAMAKGHYA DOUBLING,RAILWAYS,NFR,MULTI STATE,2013-04-01,,2019-03-01,1798,1887.9,,,1798,,,0/0,consolidated,77
2015-10-01,N22000197,498,NEW COOCHBEHAR TO SAMUKTALA,RAILWAYS,NFR,WEST BENGAL,2011-04-01,,2018-03-01,209.77,441.45,85.78,,190.39,,,0/0,consolidated,77
2015-10-01,N22000198,499,NEW COOCHBEHAR-GUMANIHAT PATCH DOUBLING PROJECT,RAILWAYS,NFR,WEST BENGAL,2012-04-01,,2018-03-01,283.55,288.81,11.74,,278.21,,,0/0,consolidated,77
2015-10-01,N22000209,500,NEW JALPAIGURI-SILIGURI-NEW BONGAIGAON INCLUDING BR. LINE AND MM FOR CHALSA-NAXAL& RAJABHATKHOWA-JAI,RAILWAYS,NFR,MULTI STATE,1999-04-01,,2018-03-01,523.17,1653.55,1040.11,,380.6,,,0/0,consolidated,77
2015-10-01,N22000124,501,NEW LINE FROM DIMAPUR TO ZUBZA(KOHIMA) NATIONAL PROJECT (NEFR),RAILWAYS,NFR,NAGALAND,2006-04-01,2015-03-01,2020-03-01,850,2973.42,10.44,,,2020-03-01,60(O),0/0,consolidated,77
2015-10-01,220100266,502,"NEW MAYNAGURI TO JOGIGHOPA VIA CHANGRABANDHA (NL),NEFR",RAILWAYS,NFR,MULTI STATE,2000-04-01,2008-12-01,2018-03-01,733,2531.34,1732.43,,733,,111(O),0/0,consolidated,77
2015-10-01,N22000109,503,NEW WORK FOR CONSTRUCTION OF METRO RAILWAY FROM BARANAGAR TO BARRACKPORE AND DAKSHINESHWAR (MTP),RAILWAYS,RVNL,WEST BENGAL,2010-04-01,2014-03-01,,2298.42,2069.6,35.4,,,,,0/0,consolidated,77
2015-10-01,N22000111,504,NEW WORK FOR CONSTRUCTION OF METRO RAILWAY FROM JOKA TO BINOY BADAL DINESH BAGH.,RAILWAYS,RVNL,WEST BENGAL,2010-04-01,2016-03-01,2016-03-01,2913.51,2619.02,545.87,,,,0(O),0/0,consolidated,78
2015-10-01,N22000108,505,NEW WORK FOR CONSTRUCTION OF METRO RAILWAY FROM NOAPARA-BARASAI VIA BIMANBANDER (MTP),RAILWAYS,RVNL,WEST BENGAL,2010-04-01,2016-03-01,2016-06-01,2397.72,2397.72,204.56,,,,3(O),0/0,consolidated,78
2015-10-01,N22000110,506,NEW WORK FOR CONSTRUCTION OF METRO RAILWAY FROM NSCB AIRPORT TO NEW GARIA VIA RAJARHAT (MTP),RAILWAYS,RVNL,WEST BENGAL,2010-04-01,2016-03-01,2016-03-01,3951.98,3951.98,664.51,,,,0(O),0/0,consolidated,78
2015-10-01,N22000049,507,OBULAVARIPALLE-KRISHNAPATNAM(RVNL),RAILWAYS,RVNL,ANDHRA PRADESH,2006-07-01,2008-03-01,,743,1117.11,562.07,,,2008-06-01,,0/0,consolidated,78
2015-10-01,N22000144,508,PALANPUR-SAMAKHAYALI (DL),RAILWAYS,WR,GUJARAT,2013-04-01,,,1266.89,1266.89,,,,,,0/0,consolidated,78
2015-10-01,N22000118,509,PANDABESWAR-CHINPAI DOUBLING (ER),RAILWAYS,ER,WEST BENGAL,2004-04-01,2010-12-01,,293.74,293.74,140.08,,,,,0/0,consolidated,78
2015-10-01,N22000255,510,PANVEL PEN DOUBLING,RAILWAYS,CR,MULTI STATE,2006-04-01,,2015-01-01,96.16,260.16,240.21,,,,,0/0,consolidated,78
2015-10-01,220100308,511,"PATNA GANGA BRIDGE (NL), ECR",RAILWAYS,ECR,BIHAR,2001-04-01,2007-10-01,2015-12-01,624.47,2921,2521.72,,,2012-12-01,98(O),0/0,consolidated,78
2015-10-01,220100106,512,PEDAPALLI-KARIMNAGAR-NIZAMABAD NL(SCR),RAILWAYS,SCR,TELANGANA,1994-12-01,,2014-02-01,124.43,925.3,712.02,,,,,0/0,consolidated,78
2015-10-01,N22000254,513,PEN ROHA DOUBLING,RAILWAYS,CR,MULTI STATE,2007-04-01,,2015-03-01,98.74,203,227.84,,,,,0/0,consolidated,78
2015-10-01,N22000326,514,PHULERA - DIGANA DOUBLING,RAILWAYS,NWR,MULTI STATE,2015-05-01,,,600,600,,,,,,0/0,consolidated,78
2015-10-01,N22000222,515,PIRPAINTI-BHAGALPUR,RAILWAYS,ER,MULTI STATE,2011-04-01,,,261.38,261.38,21.21,,,,,0/0,consolidated,78
2015-10-01,N22000219,516,PIRPAINTI-JASIDIH,RAILWAYS,ER,MULTI STATE,2013-04-01,,,915.98,915.98,0.09,,,,,0/0,consolidated,78
2015-10-01,N22000220,517,PLASSEY-JIAGANJ DOUBLING,RAILWAYS,ER,MULTI STATE,2011-04-01,2015-03-01,2015-03-01,248.07,248.07,29.1,,,,,0/0,consolidated,78
2015-10-01,N22000239,518,PRINCEPGHAT-MAJERHAT DOUBLING OF CIRCULAR RAILWAY,RAILWAYS,ER,MULTI STATE,2011-04-01,2017-03-01,2017-03-01,299.6,299.6,1.1,,,,0(O),0/0,consolidated,78
2015-10-01,N22000151,519,PUSHKAR-MERTA,RAILWAYS,NWR,RAJASTHAN,2013-04-01,,,323,323,,,,,,0/0,consolidated,78
2015-10-01,N22000295,520,QADIAN-BEAS,RAILWAYS,NR,PUNJAB,2011-04-01,,,205.22,205.22,1.54,,,,,0/0,consolidated,78
2015-10-01,N22000303,521,"QUILON-TIRUNELVELI - TRICHENDUR, TENKASI",RAILWAYS,SR,TAMIL NADU,1999-04-01,1999-01-01,,460.94,1030,800.9,,,,,0/0,consolidated,78
2015-10-01,220100263,522,QUILON-TIRUNELVELI-TENKASI- VIRUDHUNAGAR(SR)(GC),RAILWAYS,SR,MULTI STATE,1998-03-01,,,280,1122,889.95,,,,,0/6,consolidated,78
2015-10-01,220100329,523,RAICHUR-GUNTAKAL(DL)(SCR),RAILWAYS,RVNL,ANDHRA PRADESH,2003-04-01,2007-12-01,,136.62,289.93,325.5,,,2010-03-01,,0/0,consolidated,78
2015-10-01,220100307,524,"RAIL-CUM-ROAD BRIDGE AT MUNGER (NL), ECR",RAILWAYS,ECR,BIHAR,2002-04-01,2009-03-01,2015-10-01,921,2363,1691.12,,,2012-12-01,79(O),0/0,consolidated,78
2015-10-01,220100286,525,"RAJATGARH-BARANG(LD),ECOR",RAILWAYS,RVNL,ODISHA,1999-04-01,2009-02-01,2014-08-01,166.16,288,305.47,,,2009-02-01,,0/0,consolidated,78
2015-10-01,N22000323,526,RAJKHARSWAN- CHAKRADHARPUR 3RD LINE (20 KM) JHARKHAND,RAILWAYS,SER,JHARKHAND,2012-04-01,2016-12-01,2016-12-01,148.77,209,2.64,,,,0(O),0/0,consolidated,78
2015-10-01,N22000143,527,"RAJKOT-VERAVAL,WANSJALIA TO JATALSAR WITH NEW MM FOR SHAPUR-SARADIYA AND SOMNATH- KODINAR (GC)",RAILWAYS,WR,GUJARAT,1994-04-01,,,320.66,913.48,457.67,,913.48,,,0/0,consolidated,79
2015-10-01,N22000107,528,RAMANAGRAM-MYSORE DOUBLING WITH ELECTRIFICATION OF KENGESII- MUSORE (SWR),RAILWAYS,SWR,KARNATAKA,2007-04-01,2013-03-01,2015-09-01,482,874.57,730.11,,,,,0/0,consolidated,79
2015-10-01,220100314,529,"RAMGANJMUNDI-BHOPAL (NL),WCR",RAILWAYS,WCR,MADHYA PRADESH,2001-04-01,,2017-03-01,470.92,1225.9,257.59,,727.13,,,0/0,consolidated,79
2015-10-01,220100214,530,"RANCHI-LOHARDAGA(GC),SER",RAILWAYS,SER,JHARKHAND,1997-04-01,2004-06-01,2015-12-01,194.07,335,230.67,,,,138(O),0/0,consolidated,79
2015-10-01,N22000156,531,RANI-MARWAR JN. PATCH DOUBLING,RAILWAYS,NWR,RAJASTHAN,2012-04-01,,,288.97,288.97,1.09,,,,,0/0,consolidated,79
2015-10-01,N22000153,532,RATANGARH-SARDARSAHAR (MM OF SADULPUR- BIKANER AND RATANGARH-DEGANA GC),RAILWAYS,NWR,RAJASTHAN,2010-04-01,,,739.65,872.22,794.11,,,,,0/0,consolidated,79
2015-10-01,N22000147,533,RATLAM-DUNGARPUR VIA BANSWARA (NL),RAILWAYS,NWR,MULTI STATE,2011-04-01,,,2082.75,3500,54.23,,,,,0/0,consolidated,79
2015-10-01,N22000120,534,RATLAM-MHOW-KHANDWA-AKOLA (GC),RAILWAYS,WR,MADHYA PRADESH,2008-04-01,2012-03-01,,603.04,1421.25,420.33,,,,,0/0,consolidated,79
2015-10-01,N22000279,535,RAYADURGA-TUMKUR NL,RAILWAYS,SWR,MULTI STATE,2007-04-01,,,970.34,1743,359.06,,,,,0/0,consolidated,79
2015-10-01,N22000331,536,ROHTAK - BHIWANI DOUBLING,RAILWAYS,NWR,HARYANA,2015-05-01,,,400,400,,,,,,0/0,consolidated,79
2015-10-01,N22000272,537,ROHTAK-MEHAM HANSI,RAILWAYS,NR,HARYANA,2012-04-01,,,287,576.18,3.4,,,,,0/0,consolidated,79
2015-10-01,N22000214,538,RUNNING OF 12 CAR TRAINS ON HARBOUR LINE,RAILWAYS,MRTP,MAHARASHTRA,2012-04-01,2016-04-01,2017-03-01,714.1,714.1,65.93,,,,11(O),0/0,consolidated,79
2015-10-01,N22000237,539,SAINTHIA-TARAPITH 3RD LINE,RAILWAYS,ER,MULTI STATE,2011-04-01,,,193.44,193.44,53.01,,,,,0/0,consolidated,79
2015-10-01,N22000171,540,SAKRI-HASANPUR ROAD (NL),RAILWAYS,ECOR,BIHAR,1999-04-01,,,175.69,325,258.31,,,,,0/0,consolidated,79
2015-10-01,N22000180,541,SAKRI-NIRMALI AND JHANJHARPUR- LAUKAHABAZAR AND SAHARSA-FORBESGANJ (GC),RAILWAYS,ECR,BIHAR,2004-04-01,,,372.14,355.81,294.07,,,,,0/0,consolidated,79
2015-10-01,N22000075,542,SALKA ROAD -ANUPNAGAR LINE DOUBLING,RAILWAYS,RVNL,CHHATISGARH,2006-09-01,2010-03-01,,324.9,385.54,251.24,,,,,0/0,consolidated,79
2015-10-01,N22000329,543,SAMASTIPUR-DARBANGHA,RAILWAYS,ECR,BIHAR,2015-05-01,,,380,380,,,,,,0/0,consolidated,79
2015-10-01,N22000319,544,SAMBALPUR - ANGUL RLY. ELECTRIFICATION,RAILWAYS,ECOR,ODISHA,2012-03-01,,2016-12-01,155.81,155.81,18.25,,,,,0/0,consolidated,79
2015-10-01,N22000315,545,SAMBALPUR-TALCHER DOUBLING,RAILWAYS,ECOR,ODISHA,2011-03-01,,,679.27,1111.99,60.31,,,,,0/0,consolidated,79
2015-10-01,N22000248,546,SANTOSHPUR-REMOUNT ROAD VIA GARDEN REACH- METIABRUZE,RAILWAYS,ER,MULTI STATE,2010-04-01,,,268.52,268.52,78.81,,,,,0/0,consolidated,79
2015-10-01,N22000102,547,"SEVOK RANGPO, NEFR",RAILWAYS,NFR,SIKKIM,2008-04-01,2015-12-01,2020-03-01,1339.48,4190,88.56,,1339.48,,51(O),0/0,consolidated,79
2015-10-01,N22000278,548,SHIMOGA-HARIHAR NL,RAILWAYS,SWR,KARNATAKA,2011-04-01,,,562.74,832.47,0.94,,,,,0/0,consolidated,79
2015-10-01,N22000175,549,SITAMARHI-JAYNAGAR-NIRMALI VIA SURSAND (NL),RAILWAYS,ECR,BIHAR,2008-04-01,,,678.62,239.32,17.17,,,,,0/0,consolidated,79
2015-10-01,N22000241,550,SONARPUR-CANNING WITH NEW MM FOR KALIKAPUR-MINAKHAN VIA GHATAKPUR NL,RAILWAYS,ER,MULTI STATE,2000-04-01,,,297.47,297.47,51.82,,,,,0/0,consolidated,80
2015-10-01,N22000228,551,SONDALIA-CHAMPAPUKUR DOUBLING WITH NEW MM FOR BIRA-CHAKIA NL,RAILWAYS,ER,MULTI STATE,2010-04-01,,,277.28,277.28,67.82,,,,,0/0,consolidated,80
2015-10-01,N22000277,552,SRINIVASA-PURA-MADANAPALLI NL,RAILWAYS,SWR,MULTI STATE,2013-04-01,,,296,466.65,,,,,,0/0,consolidated,80
2015-10-01,N22000186,553,SRIPERUMBUDUR-GUDUVANCHERY WITH SPUR TO IRUNGATTUKKOTTAI-AVADI-SRIPERUMBUDUR,RAILWAYS,SR,TAMIL NADU,2013-04-01,,,839,1500,0.01,,,,,0/0,consolidated,80
2015-10-01,220100325,554,SUKINDA ROAD - ANGUL (NL)(ECOR),RAILWAYS,RVNL,ODISHA,1998-04-01,2015-02-01,,183.23,818.29,153.92,,,,,0/0,consolidated,80
2015-10-01,N22000217,555,"SULTANGANJ-KATURIA VIA ASARGANJ, TARAPUR AND BELHAR",RAILWAYS,ER,MULTI STATE,2007-04-01,,,450,450,7.91,,,,,0/0,consolidated,80
2015-10-01,N22000114,556,SURATPURA - HANUMANGARH - SRIGANGANAGAR GUAGE CONVERSION (NWR),RAILWAYS,NWR,RAJASTHAN,2008-04-01,2014-03-01,,516.23,516.23,597.72,,732.06,,,0/0,consolidated,80
2015-10-01,220100328,557,TALCHER-BIMALAGARH(NL)(ECOR),RAILWAYS,ECOR,ODISHA,2005-04-01,,,810.78,810.8,160.8,,,,,0/0,consolidated,80
2015-10-01,N22000097,558,"TAMLUK DIGHA,LINE DOUBLING (SER)",RAILWAYS,SER,WEST BENGAL,1984-03-01,2005-06-01,2019-12-01,293.97,1428,466.36,,1013.74,2011-07-01,174(O),0/0,consolidated,80
2015-10-01,N22000163,559,TAMLUK-BASULYA-SUTAHATA DOUBLING,RAILWAYS,SER,WEST BENGAL,2010-04-01,2013-06-01,2015-01-01,171.02,171,166.84,,,,,0/0,consolidated,80
2015-10-01,N22000235,560,TARAKESHWAR-MAGRA NEW BG LINE,RAILWAYS,ER,MULTI STATE,2010-04-01,,,365.17,365.17,1.35,,,,,0/0,consolidated,80
2015-10-01,220100272,561,"TARAKESWAR - BISHNUPUR NEW BG LINE (NL), ER",RAILWAYS,ER,WEST BENGAL,2000-04-01,2009-12-01,,1188.91,1188.91,687.63,,,,,0/0,consolidated,80
2015-10-01,N22000322,562,THANJAVUR - PONMALAI DOUBLING (46.96 KM) WITH BYE-PASS LINE BEFORE PONMALAI (1.13 KM),RAILWAYS,SR,TAMIL NADU,2011-04-01,,,190.1,190.1,33.19,,,,,0/0,consolidated,80
2015-10-01,N22000149,563,THIYAT HAMIRA-SANU,RAILWAYS,NWR,RAJASTHAN,2013-04-01,,,236.93,262,0.41,,,,,0/0,consolidated,80
2015-10-01,N22000085,564,TIDIVANAM-NAGARI (NL),RAILWAYS,SR,TAMIL NADU,2006-09-01,,,456,1080,194.61,,,,,0/0,consolidated,80
2015-10-01,N22000084,565,TINDIVANAM-GINGEE-TIRUVANNAMALAI (NL),RAILWAYS,SR,TAMIL NADU,2006-09-01,,,125,490,67.57,,,,,0/0,consolidated,80
2015-10-01,N22000115,566,TINPAHAR - SAHIBGANJ (ER),RAILWAYS,ER,JHARKHAND,2008-04-01,2012-03-01,,167.73,167.73,124.14,,,,,0/0,consolidated,80
2015-10-01,220100262,567,TIRUCHIRAPPALI-NAGORE-KARAIKKAL(SR)(GC),RAILWAYS,SR,TAMIL NADU,1995-09-01,,,100,980,596.66,,,,,0/0,consolidated,80
2015-10-01,220100268,568,TOLLYGANJ-GARIA WITH EXTENSION TO DUM DUM- NOAPARA AND NOAPARA-NSCB AIRPORT(MTP),RAILWAYS,MRTP,WEST BENGAL,2000-03-01,2006-12-01,,1049.69,3404.92,3551.53,,3385.14,,,0/0,consolidated,80
2015-10-01,N22000298,569,TORANAGALLU-RANJITPURA DL,RAILWAYS,SWR,KARNATAKA,2011-04-01,,,146.75,167.5,0.32,,,,,0/0,consolidated,80
2015-10-01,N22000256,570,TUMKUR-CHITRADURGA-DAVENGERE NL,RAILWAYS,SWR,KARNATAKA,2011-04-01,,,913,1801.01,1.47,,,,,0/0,consolidated,80
2015-10-01,220100133,571,"UDHAMPUR-SRINAGAR-BARAMULLA (NL),NR",RAILWAYS,NR,JAMMU AND KASHMIR,1995-03-01,2002-11-01,2018-12-01,2500,19565,10658.34,,3000,,193(O),0/0,consolidated,80
2015-10-01,N22000122,572,UDHNA-JALGAON WITH ELECTRIFICATION(DOUBLING) (WR),RAILWAYS,WR,GUJARAT,2008-04-01,2014-03-01,,1389.62,1389.62,1055.8,,,,,0/0,consolidated,80
2015-10-01,N22000294,573,UNCHAHAR-AMETHI,RAILWAYS,NR,UTTAR PRADESH,2012-04-01,,,380,380,1.38,,,,,0/0,consolidated,81
2015-10-01,N22000088,574,"UTRATIA-ZAFRABAD, NR (LINE DOUBLING)",RAILWAYS,NR,UTTAR PRADESH,2006-04-01,2010-03-01,2017-03-01,325,1564.54,420.71,,,2017-03-01,84(O),0/0,consolidated,81
2015-10-01,N22000313,575,VIJAYWADA-GUDUGOLANU-BHIMAVARAM- NARSAPUR DL (221 KM),RAILWAYS,RVNL,ANDHRA PRADESH,2012-03-01,,,1503.71,1503.71,138.86,,,,,0/0,consolidated,81
2015-10-01,N22000189,576,VILLUPURAM-DINDIGUL WITH ELECTRIFICATION,RAILWAYS,SR,MULTI STATE,2008-04-01,,,822.39,1280.83,1031.83,,,,,0/0,consolidated,81
2015-10-01,220100062,577,"VIRAMGAM-BHILDI(WR),GC",RAILWAYS,WR,MULTI STATE,1990-04-01,2010-03-01,,155.66,548.01,201.26,,,,,0/0,consolidated,81
2015-10-01,N22000145,578,VIRAMGAM-SAMAKHIALI (DL),RAILWAYS,WR,GUJARAT,2011-04-01,,,446,685.17,206.59,,,,,0/0,consolidated,81
2015-10-01,N22000146,579,VIRAMGAM-SURENDRANAGAR (DL),RAILWAYS,WR,GUJARAT,2010-04-01,,,279.4,279.4,249.02,,,,,0/0,consolidated,81
2015-10-01,N22000231,580,WARDHA-NANDED MAHARASHTRA,RAILWAYS,CR,MAHARASHTRA,2008-04-01,,,499.3,2501.05,84.11,,,,,0/0,consolidated,81
2015-10-01,N22000250,581,WARDHA-SEWAGRAM NGP 3RD LINE,RAILWAYS,CR,MAHARASHTRA,2012-04-01,,,297.85,297.85,7.17,,,,,0/0,consolidated,81
2015-10-01,N22000280,582,WHITE FIELD-KOLAR NL,RAILWAYS,SWR,KARNATAKA,2011-04-01,,,341.05,348.85,0.34,,,,,0/0,consolidated,81
2015-10-01,N22000293,583,YAMUNANAGAR-CHANDIGARH VIA SADHAURA NARAYANGARH,RAILWAYS,NR,MULTI STATE,2013-04-01,,,876,876,,,,,,0/0,consolidated,81
2015-10-01,N22000328,584,YELAHANKA-PENUKONDA,RAILWAYS,SWR,MULTI STATE,2015-05-01,,,860.43,860.43,,,,,,0/0,consolidated,81
2015-10-01,N24000244,585,REHABILITATION AND UPGRADATION OF NH -765 FROM KM 23.00 TO 108.00 (HYDERABAD TO DINDI SECTION) TO T,ROAD TRANSPORT AND HIGHWAYS,PWD,TELANGANA,2014-01-01,2016-03-01,2016-03-01,340,340,,,,,0(O),0/0,consolidated,81
2015-10-01,N24000177,586,2 LANING OF DINDIGUL - PERIGULAM THENI- KUMILI,ROAD TRANSPORT AND HIGHWAYS,NHAI,TAMIL NADU,2011-09-01,2013-08-01,,485,485,303.4,,,,,0/0,consolidated,81
2015-10-01,N24000220,587,2 LANING WITH PS AGRA ALIGARH,ROAD TRANSPORT AND HIGHWAYS,NHAI,UTTAR PRADESH,2012-10-01,2014-10-01,,250.5,250.5,65.26,,,,,0/0,consolidated,81
2015-10-01,N24000221,588,2 LANING WITH PS KANPUR KABRAI,ROAD TRANSPORT AND HIGHWAYS,NHAI,UTTAR PRADESH,2013-01-01,2014-07-01,,373.47,373.47,28.51,,,,,0/0,consolidated,81
2015-10-01,N24000166,589,2 LANNING OF MOKAMA-MUNGER,ROAD TRANSPORT AND HIGHWAYS,NHAI,BIHAR,2011-05-01,2013-05-01,,351.54,351.54,392,,,,,0/0,consolidated,81
2015-10-01,N24000188,590,2 LANNING OF MUZAFFARPUR - SONBARSA,ROAD TRANSPORT AND HIGHWAYS,NHAI,BIHAR,2011-05-01,2013-11-01,,511.54,511.54,579.5,,,,,0/0,consolidated,81
2015-10-01,N24000213,591,2-LANING OF KRISHNAGIRI-TINDIVANAM (APPROVED LENHTH 170 KM),ROAD TRANSPORT AND HIGHWAYS,NHAI,MULTI STATE,2012-04-01,2014-04-01,,624,624,333.72,,,,,0/0,consolidated,81
2015-10-01,N24000211,592,2-LANING WITH PAVED SHOULDER OF MUZAFFARPUR-BARAUNI,ROAD TRANSPORT AND HIGHWAYS,NHAI,BIHAR,2012-07-01,2014-07-01,,356.4,356.4,,,,,,0/0,consolidated,81
2015-10-01,N24000240,593,2-LANING WITH PS BHILWARA-LODPURA SECTION,ROAD TRANSPORT AND HIGHWAYS,NHAI,RAJASTHAN,2014-03-01,2016-03-01,2016-03-01,240.1,240.1,,,,,0(O),0/0,consolidated,81
2015-10-01,N24000238,594,2-LANING WITH PS LAMBIA-JAITRAN-RAIPUR,ROAD TRANSPORT AND HIGHWAYS,NHAI,RAJASTHAN,2014-01-01,2015-12-01,2015-12-01,158.04,158.04,2.67,,,,0(O),0/0,consolidated,81
2015-10-01,N24000237,595,2-LANING WITH PS OF JHALAWAR-RAJASTHAN-MP. BORDER,ROAD TRANSPORT AND HIGHWAYS,NHAI,RAJASTHAN,2014-01-01,2016-01-01,2016-01-01,177.32,177.32,86.65,,,,0(O),0/0,consolidated,82
2015-10-01,N24000208,596,2-LANING WITH PS RAIBAREILI TO ALLAHABAD,ROAD TRANSPORT AND HIGHWAYS,NHAI,UTTAR PRADESH,2012-07-01,2014-01-01,,291.36,291.36,52.86,,,,,0/0,consolidated,82
2015-10-01,N24000181,597,2-LANNING OF SHILONG BYPASS,ROAD TRANSPORT AND HIGHWAYS,NHAI,MEGHALAYA,2011-02-01,2014-02-01,2014-02-01,226,226,282.3,,,,,0/0,consolidated,82
2015-10-01,N24000184,598,2-LANNING WITH PS KHAGARIA-PURNEA,ROAD TRANSPORT AND HIGHWAYS,NHAI,BIHAR,2011-05-01,2014-02-01,,664,664,400.5,,,,,0/0,consolidated,82
2015-10-01,N24000186,599,2-LANNING WITH PS MOTIHARI-RAXAUL,ROAD TRANSPORT AND HIGHWAYS,NHAI,BIHAR,2011-10-01,2014-04-01,,375.09,375.09,124.4,,,,,0/0,consolidated,82
2015-10-01,N24000190,600,2LANING WITH PS GOPALGANJ-CHAPPRA,ROAD TRANSPORT AND HIGHWAYS,NHAI,BIHAR,2011-12-01,2014-05-01,,325,325,160.2,,,,,0/0,consolidated,82
2015-10-01,N24000236,601,4 - LANING OF RAJSAMAND-GANGAPUR-BHILWARA,ROAD TRANSPORT AND HIGHWAYS,NHAI,RAJASTHAN,2013-10-01,2016-04-01,2016-04-01,677.79,677.79,59.09,,,,0(O),0/0,consolidated,82
2015-10-01,N24000225,602,4 LANING OF JETPUR SOMNATH SECTION OF NH 8D LENGTH KM 127.6,ROAD TRANSPORT AND HIGHWAYS,NHAI,GUJARAT,2012-03-01,2014-09-01,,828,828,52.01,,,,,0/3,consolidated,82
2015-10-01,N24000155,603,4 LANING OF NAGPUR-BETUL,ROAD TRANSPORT AND HIGHWAYS,NHAI,MULTI STATE,2011-02-01,2014-08-01,,2498.76,2498.76,,,,,,0/0,consolidated,82
2015-10-01,N24000167,604,4 LANNING OF AHMEDABAD TO GODHARA,ROAD TRANSPORT AND HIGHWAYS,NHAI,GUJARAT,2010-12-01,2013-06-01,,1008.5,1008.5,1151,,,,,0/3,consolidated,82
2015-10-01,N24000153,605,4 LANNING OF BELGUM-KHANPUR SECTION AND 2 LANING OF KHANPUR-KNT/GOA BORDER,ROAD TRANSPORT AND HIGHWAYS,NHAI,KARNATAKA,2011-03-01,2013-09-01,,359,359,38.3,,,,,0/0,consolidated,82
2015-10-01,N24000168,606,4 LANNING OF GODHARA TO GUJARAT/MP BORDER,ROAD TRANSPORT AND HIGHWAYS,NHAI,GUJARAT,2011-03-01,2013-08-01,,785.5,785.5,745.8,,,,,0/3,consolidated,82
2015-10-01,N24000233,607,4 LANNING OF MH-KNT BORDER SANGAREDDY SECTION OF NH-9,ROAD TRANSPORT AND HIGHWAYS,NHAI,TELANGANA,2014-04-01,2016-09-01,2016-09-01,1266.6,1266.6,,,,,0(O),0/0,consolidated,82
2015-10-01,N24000191,608,4-LANING OF BARHI-HAZARIBAGH,ROAD TRANSPORT AND HIGHWAYS,NHAI,JHARKHAND,2012-02-01,2014-02-01,2015-09-01,398,398,344.4,,,,,0/0,consolidated,82
2015-10-01,N24000203,609,4-LANING OF BRAHAMPORE-FARAKA,ROAD TRANSPORT AND HIGHWAYS,NHAI,MULTI STATE,2011-02-01,2013-08-01,,998.79,998.79,805.5,,,,,0/0,consolidated,82
2015-10-01,N24000202,610,4-LANING OF FARAKA-RAIGANJ,ROAD TRANSPORT AND HIGHWAYS,NHAI,MULTI STATE,2011-02-01,2013-08-01,,1078.84,1078.84,967.1,,,,,0/0,consolidated,82
2015-10-01,N24000204,611,4-LANING OF RAIGANJ-DALKOLA,ROAD TRANSPORT AND HIGHWAYS,NHAI,MULTI STATE,2011-02-01,2013-08-01,,580.43,580.43,218.5,,,,,0/0,consolidated,82
2015-10-01,N24000231,612,4-LANING OF ROHATAK JIND(LENGTH 45 KM),ROAD TRANSPORT AND HIGHWAYS,NHAI,HARYANA,2013-10-01,2015-10-01,2015-10-01,283.25,283.25,,,,,0(O),0/0,consolidated,82
2015-10-01,N24000187,613,4-LANNING OF CHAPRA-HAJIPUR,ROAD TRANSPORT AND HIGHWAYS,NHAI,BIHAR,2011-01-01,2013-07-01,,575,575,712.7,,,,,0/0,consolidated,82
2015-10-01,N24000206,614,6-LANING OF DHANKUNI-KHARAGPUR SECTION,ROAD TRANSPORT AND HIGHWAYS,NHAI,WEST BENGAL,2012-04-01,2014-09-01,,1396.18,1396.18,636.2,,,,,0/0,consolidated,82
2015-10-01,N24000098,615,"AGRA-BYPASS(NS-1/UP-1), NH-2,3",ROAD TRANSPORT AND HIGHWAYS,NHAI,UTTAR PRADESH,2003-12-01,2007-09-01,,348.16,348.16,269.4,,,,,0/0,consolidated,82
2015-10-01,N24000222,616,AHMEDABAD TO VADODARA SECTION,ROAD TRANSPORT AND HIGHWAYS,NHAI,GUJARAT,2013-01-01,2015-12-01,2015-12-01,2125.24,2125.24,163.3,,,,0(O),0/3,consolidated,82
2015-10-01,N24000143,617,ARMUR TO KADLOOR YELLAREDDY,ROAD TRANSPORT AND HIGHWAYS,NHAI,TELANGANA,2010-02-01,2012-02-01,2013-06-01,390.56,390.56,631.7,,,,,0/0,consolidated,82
2015-10-01,N24000200,618,BAREILY-SITAPUR (NH-24),ROAD TRANSPORT AND HIGHWAYS,NHAI,UTTAR PRADESH,2011-03-01,2013-09-01,,1046,1046,291,,,,,0/0,consolidated,82
2015-10-01,N24000229,619,BARSAT-KRISHNANAGAR,ROAD TRANSPORT AND HIGHWAYS,NHAI,WEST BENGAL,2012-08-01,2015-02-01,,867,867,429.1,,,,,0/0,consolidated,82
2015-10-01,N24000199,620,BEAWAR-PALI-PINDWARA,ROAD TRANSPORT AND HIGHWAYS,NHAI,RAJASTHAN,2011-12-01,2014-06-01,2015-11-01,2388,2388,2301,,,,17(O),0/0,consolidated,83
2015-10-01,N24000158,621,BELGAUM-DHARWAD(NH-4),ROAD TRANSPORT AND HIGHWAYS,NHAI,KARNATAKA,2010-12-01,,,480,480,438,,,,,2/2,consolidated,83
2015-10-01,N24000192,622,BHOPAL-SANCHI,ROAD TRANSPORT AND HIGHWAYS,NHAI,MADHYA PRADESH,2011-10-01,2013-01-01,2015-12-01,209,209,11.28,,,,35(O),0/0,consolidated,83
2015-10-01,N24000195,623,BHUBANESWAR TO PURI,ROAD TRANSPORT AND HIGHWAYS,NHAI,ODISHA,2011-03-01,2013-08-01,,500.29,500.29,450.9,,,,,0/0,consolidated,83
2015-10-01,240106293,624,BIJNI TO ASSAM /WB.BORDER (NH-31.C)(NHAI),ROAD TRANSPORT AND HIGHWAYS,NHAI,ASSAM,2003-12-01,2008-06-01,,237.8,237.8,275,,,,,0/0,consolidated,83
2015-10-01,240106290,625,BIJNI TO ASSAM WB BORDER (NH-31.C)(1)(NHAI),ROAD TRANSPORT AND HIGHWAYS,NHAI,ASSAM,2003-12-01,2008-06-01,,195,195,231.2,,,,,0/0,consolidated,83
2015-10-01,240106226,626,"BIJNI TO ASSAM/WB BORDER PH.II, KM.30.00 TO 0.00, NH-31 C",ROAD TRANSPORT AND HIGHWAYS,NHAI,ASSAM,2003-12-01,2005-06-01,,230,230,233,,,,,0/0,consolidated,83
2015-10-01,N24000063,627,"BRAHMPUTRA BRIDGE,NH NO-31",ROAD TRANSPORT AND HIGHWAYS,NHAI,ASSAM,2003-12-01,2010-04-01,2016-02-01,217.61,309.56,258.4,,309.56,2016-02-01,70(O),0/0,consolidated,83
2015-10-01,N24000068,628,"CHAMBAL BRIDGE, NH-76 (RJ-5)",ROAD TRANSPORT AND HIGHWAYS,NHAI,RAJASTHAN,2003-12-01,2010-02-01,,275,281.31,179.2,,,,,0/0,consolidated,83
2015-10-01,N24000144,629,CHENGAPALLI TO COIMBATORE BYPASS KM- 102.035-144.740 KM,ROAD TRANSPORT AND HIGHWAYS,NHAI,TAMIL NADU,2010-09-01,2013-03-01,,852,852,790.9,,,,,0/0,consolidated,83
2015-10-01,N24000129,630,CHENNAI-TADA(SIX LANE),ROAD TRANSPORT AND HIGHWAYS,NHAI,TAMIL NADU,2009-04-01,2011-10-01,,353.37,353.37,395.1,,,,,0/0,consolidated,83
2015-10-01,N24000132,631,CHILKALURIPET-VIJAYWADA 6 LANE (KM 355 TO KM 434.15),ROAD TRANSPORT AND HIGHWAYS,NHAI,ANDHRA PRADESH,2009-05-01,2011-10-01,,572.3,572.3,761.4,,,,,0/0,consolidated,83
2015-10-01,N24000259,632,CONST. OF CANACONA BYPASS FROM KM.68/00 (CH.00/00) TO KM. 85/740 (CH. 7/740 ON PANAJI - MANGALORE SE,ROAD TRANSPORT AND HIGHWAYS,DORTH,GOA,2015-03-01,,,280.16,280.16,,,,,,0/0,consolidated,83
2015-10-01,N24000258,633,CONST. OF MISSING LINK BETWEEN KM. 11/680 TO KM. 14/020 AND WIDENING OF EXISTING TWO LANE ROAD TO FO,ROAD TRANSPORT AND HIGHWAYS,DORTH,GOA,2015-03-01,,,184.05,184.05,,,,,,0/0,consolidated,83
2015-10-01,N24000261,634,CONSTRUCTION OF 13.0 KM 2 LANE WITH PAVED SHOULDERS KOLLAM BYPASS ON NH47 (NEW NH 66) FROM KM 486/50,ROAD TRANSPORT AND HIGHWAYS,PWD,KERALA,2014-01-01,2017-11-01,2017-11-01,267.16,352.05,2.79,,352,,0(O),0/0,consolidated,83
2015-10-01,N24000260,635,CONSTRUCTION OF 6.80 KM 2 LANE WITH PAVED SHOULDERS ALAPPUZHA BYPASS ON NH47 NEW NH 66 FROM KM 408.1,ROAD TRANSPORT AND HIGHWAYS,PWD,KERALA,2014-01-01,2017-09-01,2017-09-01,255.75,348.43,13.79,,348,,0(O),0/0,consolidated,83
2015-10-01,N24000249,636,CONSTRUCTION OF GODAVARI RIVER BRIDGE NEAR VENKATPURAM INCLUDING APPROACH ROAD ON NH-202 UNDER LWE S,ROAD TRANSPORT AND HIGHWAYS,PWD,TELANGANA,2011-03-01,2015-12-01,2015-12-01,218.31,339.82,,,,,0(O),0/0,consolidated,83
2015-10-01,N24000252,637,CONSTRUCTION OF MAJOR BRIDGE WITH APPROACHES ACROSS PRANHITA RIVER AT KM 57.300 ON NH-63(16),ROAD TRANSPORT AND HIGHWAYS,NHDP,MAHARASHTRA,2015-03-01,,2017-10-01,168.3,168.3,,,,,,0/0,consolidated,83
2015-10-01,N24000253,638,CONSTRUCTION OF MAJOR/MINOR BRIDGE & ROB IN 4 LANNING OF NH-66(17) MUMBAI-GOA ROAD FROM KM 161 TO 45,ROAD TRANSPORT AND HIGHWAYS,NHDP,MAHARASHTRA,2014-08-01,2016-07-01,2016-07-01,187.79,187.79,,,,,0(O),0/0,consolidated,83
2015-10-01,N24000257,639,CONSTRUCTION OF MARGOA WESTERN BYPASS FOR NH-17 (NEW NH-66 ) FROM KM. 26 /200 ( CHAINAGE 00/00) TO K,ROAD TRANSPORT AND HIGHWAYS,DORTH,GOA,2015-03-01,,,298.33,298.33,,,,,,0/0,consolidated,83
2015-10-01,N24000145,640,CUDDAPAH-MYDUKUR-KURNOOL KM-167.750- 356.502 KM,ROAD TRANSPORT AND HIGHWAYS,NHAI,ANDHRA PRADESH,2010-11-01,2013-05-01,,1585,1585,957.8,,,,,0/0,consolidated,83
2015-10-01,240106244,641,"DEEWAPUR TO UP/BIHAR BORDER (LMNHP-9)-NH- 28, KM.402-360.915",ROAD TRANSPORT AND HIGHWAYS,NHAI,BIHAR,2003-12-01,2008-10-01,,300,300,176.8,,,,,0/0,consolidated,84
2015-10-01,N24000224,642,DELHI AGRA APPROVED LENGTH 180.0 KM,ROAD TRANSPORT AND HIGHWAYS,NHAI,MULTI STATE,2012-10-01,2015-04-01,,1928.22,1928.22,255.3,,,,,0/0,consolidated,84
2015-10-01,N24000122,643,DELHI/ HARYANA BORDER TO ROHTAK,ROAD TRANSPORT AND HIGHWAYS,NHAI,HARYANA,2007-04-01,2010-05-01,,486,486,638,,,,,0/0,consolidated,84
2015-10-01,N24000148,644,DEOLI-KOTA,ROAD TRANSPORT AND HIGHWAYS,NHAI,RAJASTHAN,2011-01-01,2013-07-01,,593,593,485.7,,,,,0/0,consolidated,84
2015-10-01,N24000173,645,DEVELOPMENT OF ADIQUATE ROAD CONNECTIVITY TO CHENNAI- ENNORE PORT CONNECTIVITY,ROAD TRANSPORT AND HIGHWAYS,NHAI,TAMIL NADU,2011-06-01,2013-06-01,,600,600,75.85,,,,,0/0,consolidated,84
2015-10-01,N24000152,646,DEVIHALLI-HASSAN,ROAD TRANSPORT AND HIGHWAYS,NHAI,KARNATAKA,2010-12-01,,,453,453,487.9,,,,,1/1,consolidated,84
2015-10-01,N24000051,647,DHARAMTUL TO SONAPUR (AS-19),ROAD TRANSPORT AND HIGHWAYS,NHAI,ASSAM,2003-12-01,2008-06-01,2015-05-01,200,200,289.5,,,,,0/0,consolidated,84
2015-10-01,N24000049,648,"DHARAMTUL TO SONAPUR,KM 205-183 (AS-20)",ROAD TRANSPORT AND HIGHWAYS,NHAI,ASSAM,2003-12-01,2008-05-01,2015-12-01,160,160,197.6,,,2015-12-01,91(O),0/0,consolidated,84
2015-10-01,N24000108,649,DHOLPUR - MORENA SECTION (INCLUDING CHAMBOL BRIDGE) NH-3,ROAD TRANSPORT AND HIGHWAYS,NHAI,MULTI STATE,2003-12-01,2010-09-01,,232.45,232.45,295.4,,,,,0/0,consolidated,84
2015-10-01,N24000248,650,EPC- CORRIDOR APPROACH WORKS - NH (O): WIDENING EXISTING 2 LANE TO 2 LANE WITH PAVED SHOULDERS IN KM,ROAD TRANSPORT AND HIGHWAYS,PWD,TELANGANA,2015-03-01,2017-01-01,2017-01-01,153.21,153.21,,,,,0(O),0/0,consolidated,84
2015-10-01,N24000219,651,ETAWAH CHAKERI,ROAD TRANSPORT AND HIGHWAYS,NHAI,UTTAR PRADESH,2013-03-01,2015-09-01,2015-09-01,1573,1573,13.39,,,,,0/0,consolidated,84
2015-10-01,240106294,652,FORBESGANJ TO SIMRAHI (NH-57)(NHAI),ROAD TRANSPORT AND HIGHWAYS,NHAI,BIHAR,2003-12-01,2008-09-01,,332.94,332.94,441.5,,,,,0/0,consolidated,84
2015-10-01,N24000232,653,FOUR LANING OF KIRATPUR NEAR CHOUK SECTION (73.20 KM TO186.50 KM),ROAD TRANSPORT AND HIGHWAYS,NHAI,HIMACHAL PRADESH,2013-11-01,2016-11-01,2016-11-01,1916.79,1916.79,,,,,0(O),0/0,consolidated,84
2015-10-01,N24000218,654,FOUR LANING OF ORISSA CHATTISHGARH BORDER,ROAD TRANSPORT AND HIGHWAYS,NHAI,MULTI STATE,2013-02-01,2015-08-01,2016-02-01,1232,1232,590.9,,,,6(O),0/0,consolidated,84
2015-10-01,N24000251,655,FOUR LANNING OF NH-4A(NH-748) FROM KM 118 TO 125 INCL.FOUR LANE KHNDEAPAR BRIDGE,ROAD TRANSPORT AND HIGHWAYS,NHDP,GOA,2015-03-01,,2017-10-01,297,297,,,,,,0/0,consolidated,84
2015-10-01,N24000214,656,FOUR LANNING OF WALAYAR-VADAKKANCHERRY SECTION,ROAD TRANSPORT AND HIGHWAYS,NHAI,KERALA,2011-04-01,2013-10-01,,682,682,34.81,,,,,0/0,consolidated,84
2015-10-01,240106221,657,"GANGA BRIDGE TO RAMDEVI CROSSING PH.II NH- 25, KM.75-80.06",ROAD TRANSPORT AND HIGHWAYS,NHAI,UTTAR PRADESH,2003-12-01,2008-09-01,,155,201.66,142.6,,,,,0/0,consolidated,84
2015-10-01,N24000170,658,GHAZIABAD-ALIGARH NH-91,ROAD TRANSPORT AND HIGHWAYS,NHAI,UTTAR PRADESH,2011-02-01,2013-08-01,,1141,1141,1200,,,,,0/0,consolidated,84
2015-10-01,N24000125,659,GUJARAT/MAHARASHTRA BORDERSURAT-HAZIRA PORT SECTION,ROAD TRANSPORT AND HIGHWAYS,NHAI,GUJARAT,2010-03-01,2012-09-01,,1509.1,1509.1,1675,,,,,2/3,consolidated,84
2015-10-01,N24000046,660,GUWAHATI TO NALBARI (AS-5),ROAD TRANSPORT AND HIGHWAYS,NHAI,ASSAM,2003-12-01,2008-04-01,2015-12-01,198.16,198.16,242.4,,,2015-12-01,92(O),0/0,consolidated,84
2015-10-01,N24000038,661,GUWHATI TO NALBARI (AS-4),ROAD TRANSPORT AND HIGHWAYS,NHAI,ASSAM,2003-12-01,2008-04-01,2015-12-01,175.96,175.96,182.5,,,2015-12-01,92(O),0/0,consolidated,84
2015-10-01,N24000089,662,"GWALIOR-JHANSI, NH-75",ROAD TRANSPORT AND HIGHWAYS,NHAI,MULTI STATE,2003-12-01,2009-12-01,,604,604,495.4,,,,,0/0,consolidated,84
2015-10-01,240106277,663,"HARANGAJO TO MAIBANG (AS-23), KM.126.450 TO KM.140.700",ROAD TRANSPORT AND HIGHWAYS,NHAI,ASSAM,2003-12-01,2009-02-01,,280,361,301.8,,,,,0/0,consolidated,84
2015-10-01,N24000062,664,"HARANGAJO TO MAIBANG, NH-54",ROAD TRANSPORT AND HIGHWAYS,NHAI,ASSAM,2003-12-01,2009-07-01,,196,331.23,131.3,,,,,0/0,consolidated,85
2015-10-01,N24000061,665,"HARANGAJO TO MAIBANG,KM 164.08-190.587 NH-54",ROAD TRANSPORT AND HIGHWAYS,NHAI,ASSAM,2003-12-01,2007-09-01,,212,212,59.89,,,,,0/0,consolidated,85
2015-10-01,N24000212,666,HARIDWAR-DEHRADUN (APPROVED LENGTH 69),ROAD TRANSPORT AND HIGHWAYS,NHAI,UTTARAKHAND,2011-11-01,2013-10-01,,478,478,245.2,,,,,0/0,consolidated,85
2015-10-01,N24000141,667,HAZARIBAGH-RANCHI,ROAD TRANSPORT AND HIGHWAYS,NHAI,JHARKHAND,2010-08-01,2013-01-01,2015-05-01,625.07,625.07,995.9,,,,,0/0,consolidated,85
2015-10-01,N24000138,668,HUNGUND-SURATHKAL AND MANGALORE- KNT/KERALA BORDER,ROAD TRANSPORT AND HIGHWAYS,NHAI,KARNATAKA,2010-09-01,,,946,946,737.5,,,,,3/3,consolidated,85
2015-10-01,N24000159,669,INDORE-DEWAS(NH-3),ROAD TRANSPORT AND HIGHWAYS,NHAI,MADHYA PRADESH,2010-11-01,2013-05-01,,325,325,447.5,,,,,0/0,consolidated,85
2015-10-01,N24000136,670,INDORE-JHABUA-GUJRAT/MP,ROAD TRANSPORT AND HIGHWAYS,NHAI,MADHYA PRADESH,2010-10-01,2013-04-01,,1175,1175,138.7,,,,,0/0,consolidated,85
2015-10-01,N24000198,671,JAIPUR-REENGUS,ROAD TRANSPORT AND HIGHWAYS,NHAI,RAJASTHAN,2010-08-01,2013-02-01,,267.81,267.81,564.5,,,,,0/0,consolidated,85
2015-10-01,N24000135,672,JAIPUR-TONK-DEOLI,ROAD TRANSPORT AND HIGHWAYS,NHAI,RAJASTHAN,2010-06-01,2012-12-01,,792.06,792.06,1649,,,,,0/0,consolidated,85
2015-10-01,N24000163,673,JAMMU-UDHAMPUR KM.27.5 TO KM.67.00,ROAD TRANSPORT AND HIGHWAYS,NHAI,JAMMU AND KASHMIR,2010-07-01,2013-07-01,,1813.76,1813.76,,,,,,0/0,consolidated,85
2015-10-01,N24000180,674,JORBAT - BARAPANI,ROAD TRANSPORT AND HIGHWAYS,NHAI,MEGHALAYA,2011-01-01,2014-01-01,,536,536,450.5,,,,,0/0,consolidated,85
2015-10-01,N24000175,675,KANDLA - MUNDRA PORT,ROAD TRANSPORT AND HIGHWAYS,NHAI,GUJARAT,2011-01-01,2013-07-01,,953.88,953.88,560.1,,,,,0/0,consolidated,85
2015-10-01,N24000128,676,KISHANGARH-AJMER-BEAWER,ROAD TRANSPORT AND HIGHWAYS,NHAI,RAJASTHAN,2009-11-01,2012-05-01,,795,795,1056,,,,,0/0,consolidated,85
2015-10-01,240106297,677,"KOTA BYPASS,RJ-4, NH-76 (NHAI)",ROAD TRANSPORT AND HIGHWAYS,NHAI,RAJASTHAN,2003-12-01,2008-10-01,,275,250.39,279.8,,,,,0/0,consolidated,85
2015-10-01,N24000209,678,KRISHNANAGAR-BERHAMPUR,ROAD TRANSPORT AND HIGHWAYS,NHAI,WEST BENGAL,2012-02-01,2014-07-01,,702.16,702.16,398.2,,,,,0/0,consolidated,85
2015-10-01,N24000146,679,KUNDUPUR-SURATHKAL & MANGLORE,ROAD TRANSPORT AND HIGHWAYS,NHAI,KARNATAKA,2010-09-01,,2015-12-01,671,671,1273,,,,,2/3,consolidated,85
2015-10-01,N24000207,680,LUCKNOW-RAIBAREILI,ROAD TRANSPORT AND HIGHWAYS,NHAI,UTTAR PRADESH,1999-07-01,2012-07-01,,635.9,635.9,,,,,,0/0,consolidated,85
2015-10-01,240106280,681,"MAIBANG TO LUMDING (AS-24), KM.111.000 TO KM.126.450",ROAD TRANSPORT AND HIGHWAYS,NHAI,ASSAM,2003-12-01,2008-11-01,,155.04,280.13,114.8,,,,,0/0,consolidated,85
2015-10-01,240106278,682,"MAIBANG TO LUMDING (AS-25), KM.83.400 TO KM.111.000",ROAD TRANSPORT AND HIGHWAYS,NHAI,ASSAM,2003-12-01,2009-04-01,,199.81,385.13,83.98,,,,,0/0,consolidated,85
2015-10-01,240106279,683,"MAIBANG TO LUMDING (AS-26), KM.60.500 TO KM.83.400, NH-54",ROAD TRANSPORT AND HIGHWAYS,NHAI,ASSAM,2003-12-01,2008-11-01,,167.64,167.64,45.43,,,,,0/0,consolidated,85
2015-10-01,240106281,684,"MAIBANG TO LUMDING (AS-27), KM.40.000 TO KM.60.500",ROAD TRANSPORT AND HIGHWAYS,NHAI,ASSAM,2003-12-01,2009-04-01,,200,200,141.8,,,,,0/0,consolidated,85
2015-10-01,N24000154,685,MURADABAD-BAREILY,ROAD TRANSPORT AND HIGHWAYS,NHAI,UTTAR PRADESH,2010-04-01,2013-06-01,,1267,1267,1313,,,,,0/0,consolidated,85
2015-10-01,N24000201,686,MUZAFFARNAGAR-HARIDWAR,ROAD TRANSPORT AND HIGHWAYS,NHAI,MULTI STATE,2011-09-01,2013-03-01,,754,754,511,,,,,0/0,consolidated,85
2015-10-01,N24000042,687,NAGAON TO DHARAMTUL (AS-2),ROAD TRANSPORT AND HIGHWAYS,NHAI,ASSAM,2003-12-01,2008-06-01,,264.72,264.72,299.2,,,,,0/0,consolidated,85
2015-10-01,N24000210,688,NAGPUR-WAINGANGA BRIDGE,ROAD TRANSPORT AND HIGHWAYS,NHAI,MAHARASHTRA,2012-04-01,2014-10-01,2016-03-01,484.19,484.19,285.5,,,,17(O),0/0,consolidated,85
2015-10-01,N24000048,689,NALBARI T BIJNI (AS-7),ROAD TRANSPORT AND HIGHWAYS,NHAI,ASSAM,2003-12-01,2008-04-01,2017-01-01,208,208,290.6,,230,2017-01-01,105(O),0/0,consolidated,86
2015-10-01,N24000047,690,NALBARI TO BIJNI (AS-6),ROAD TRANSPORT AND HIGHWAYS,NHAI,ASSAM,2003-12-01,2008-06-01,2016-04-01,225,225,258.4,,,2016-04-01,94(O),0/0,consolidated,86
2015-10-01,N24000035,691,NALBARI TO BIJNI (AS-8),ROAD TRANSPORT AND HIGHWAYS,NHAI,ASSAM,2003-12-01,2008-06-01,,200,200,281.6,,,,,0/0,consolidated,86
2015-10-01,N24000162,692,NASHRI- CHANANI,ROAD TRANSPORT AND HIGHWAYS,NHAI,JAMMU AND KASHMIR,2011-05-01,2015-06-01,,2159,2159,,,,,,0/0,consolidated,86
2015-10-01,N24000139,693,NEW 4 LANE ELEVATED ROAD FROM CHENNAI AIRPORT-MADURAVOYAL NH NO.4,ROAD TRANSPORT AND HIGHWAYS,NHAI,TAMIL NADU,2010-09-01,2013-09-01,,1655,1655,494.7,,,,,0/0,consolidated,86
2015-10-01,N24000107,694,NH CONNECTIVITY TO ICTT VALLARPADAEU NH - SH,ROAD TRANSPORT AND HIGHWAYS,NHAI,KERALA,2005-03-01,2010-02-01,,557,557,932.3,,,,,0/0,consolidated,86
2015-10-01,N24000194,695,NIROLI-ROXY-RAJAMUNDA,ROAD TRANSPORT AND HIGHWAYS,NHAI,ODISHA,2011-07-01,2014-01-01,2016-12-01,586,586,237.6,,,,35(O),0/0,consolidated,86
2015-10-01,N24000197,696,PANIKHOLI-RIMOLI,ROAD TRANSPORT AND HIGHWAYS,NHAI,ODISHA,2012-03-01,2014-09-01,2016-06-01,1410,1410,929.6,,,,21(O),0/0,consolidated,86
2015-10-01,N24000133,697,PANIPAT-JALANDHAR 6 LANE(KM 96 TO 387.1 KM),ROAD TRANSPORT AND HIGHWAYS,NHAI,HARYANA,2009-05-01,2011-11-01,,1108,2288,3466,,,,,0/0,consolidated,86
2015-10-01,N24000151,698,PANIPAT-ROHTAK,ROAD TRANSPORT AND HIGHWAYS,NHAI,HARYANA,2011-04-01,2014-10-01,2014-10-01,807,807,1209.43,,,,,0/0,consolidated,86
2015-10-01,N24000216,699,PANVEL-INDAPUR,ROAD TRANSPORT AND HIGHWAYS,NHAI,MULTI STATE,2011-12-01,2014-06-01,,942.69,942.69,128.5,,,,,0/0,consolidated,86
2015-10-01,N24000185,700,PATNA-BAKTZARPUR KM.181.3 TO KM.231.95,ROAD TRANSPORT AND HIGHWAYS,NHAI,BIHAR,2011-09-01,2014-03-01,,574,574,536,,,,,0/0,consolidated,86
2015-10-01,N24000165,701,PATNA-MUZZAFFARPUR,ROAD TRANSPORT AND HIGHWAYS,NHAI,BIHAR,2010-08-01,2013-02-01,,671.3,671.3,602.6,,,,,0/0,consolidated,86
2015-10-01,N24000123,702,"PIMPALGAON-NASIK-GONDE, NH-3 (NHDP-PHASE-III)",ROAD TRANSPORT AND HIGHWAYS,NHAI,MAHARASHTRA,2005-03-01,2012-07-01,,940,940,1293,,,,,0/0,consolidated,86
2015-10-01,N24000156,703,PUNE-SATARA(NH-4),ROAD TRANSPORT AND HIGHWAYS,NHAI,MAHARASHTRA,2010-10-01,2013-03-01,,1724.55,1724.55,1127,,,,,0/0,consolidated,86
2015-10-01,N24000193,704,"PUNE-SHOLAPUR,PKG-II",ROAD TRANSPORT AND HIGHWAYS,NHAI,MAHARASHTRA,2011-09-01,2014-01-01,,835,835,122.7,,,,,0/0,consolidated,86
2015-10-01,N24000161,705,QUAZIGUND-BANIHAL KM.220.00 TO KM.188.00,ROAD TRANSPORT AND HIGHWAYS,NHAI,JAMMU AND KASHMIR,2010-07-01,2015-07-01,,1987,1987,764.6,,,,,0/0,consolidated,86
2015-10-01,240106304,706,"RAJMARG CHORAHA TO LAKHNANDON,KM 297 TO KM 351, NH-26 (NHAI)",ROAD TRANSPORT AND HIGHWAYS,NHAI,MADHYA PRADESH,2003-12-01,2008-10-01,2015-01-01,251.03,251.03,326.3,,,,,0/0,consolidated,86
2015-10-01,N24000215,707,RANCHI-RARGA-JAMSETHPUR,ROAD TRANSPORT AND HIGHWAYS,NHAI,MULTI STATE,2012-12-01,2015-06-01,,1479,1479,162.7,,,,,0/0,consolidated,86
2015-10-01,N24000227,708,REENGUS SIKAR,ROAD TRANSPORT AND HIGHWAYS,NHAI,RAJASTHAN,2012-03-01,2014-09-01,,333.51,333.51,152.5,,,,,0/0,consolidated,86
2015-10-01,N24000255,709,REHABILATION & UPGRADATION OF NH-222(61) FOM KM 161.570 TO 211.00,ROAD TRANSPORT AND HIGHWAYS,NHDP,MAHARASHTRA,2013-12-01,2016-11-01,2016-11-01,220.72,220.72,,,,,0(O),0/0,consolidated,86
2015-10-01,N24000250,710,REHABILATION & UPGRADATION OF NH-222(61) FOM KM 284 TO 337,ROAD TRANSPORT AND HIGHWAYS,NHDP,MAHARASHTRA,2014-06-01,2016-11-01,2016-11-01,260.39,260.39,,,,,0(O),0/0,consolidated,86
2015-10-01,N24000254,711,REHABILATION & UPGRADATION OF NH-222(61) FOM KM 342.00 TO 444.00,ROAD TRANSPORT AND HIGHWAYS,NHDP,MAHARASHTRA,2014-01-01,,2017-06-01,446.77,446.77,,,,,,0/0,consolidated,86
2015-10-01,N24000265,712,REHABILITATION & UPGRADATION OF NH-67 FROM KM 695.000 TO KM 741.950 (ATMAKUR – NELLORE SECTION) IN T,ROAD TRANSPORT AND HIGHWAYS,PWD,ANDHRA PRADESH,2014-11-01,2017-02-01,2017-02-01,297.78,330,15.47,,330,,0(O),0/0,consolidated,87
2015-10-01,N24000262,713,REHABILITATION AND UP-GRADATION OF NH-221 (NEW NH-30) FROM KM 32.735 TO KM 71.200 (CHANDRAGUDEM TO A,ROAD TRANSPORT AND HIGHWAYS,DORTH,ANDHRA PRADESH,2014-12-01,2015-02-01,,201.12,201.12,,,201,,,0/0,consolidated,87
2015-10-01,N24000242,714,REHABILITATION AND UPGRADATION OF NH -365 FROM KM 154.00 TO 187.00 (MANGALWARPET TO MALLAPLLY SECTIO,ROAD TRANSPORT AND HIGHWAYS,PWD,TELANGANA,2013-12-01,2016-03-01,2016-03-01,158.65,158.65,,,,,0(O),0/3,consolidated,87
2015-10-01,N24000241,715,REHABILITATION AND UPGRADATION OF NH -365 FROM KM 72.600 TO 121.00 (THANAMCHERLA TO JAMANDLAPALLY S,ROAD TRANSPORT AND HIGHWAYS,PWD,TELANGANA,2013-12-01,2016-03-01,2016-03-01,177.18,177.18,,,,,0(O),0/3,consolidated,87
2015-10-01,N24000245,716,REHABILITATION AND UPGRADATION OF NH -565 FROM KM 1.00 TO 86.057 (NAKREKAL TO NAGARJUNSAGAR DAM SECT,ROAD TRANSPORT AND HIGHWAYS,PWD,TELANGANA,2014-01-01,2016-03-01,2016-03-01,270,270,,,,,0(O),0/0,consolidated,87
2015-10-01,N24000263,717,REHABILITATION AND UPGRADATION OF NH -67 FROM KM 589/0 TO 641/0 (MYDUKUR TO DORNALA T-JUNCTION ),ROAD TRANSPORT AND HIGHWAYS,PWD,ANDHRA PRADESH,2015-02-01,2017-02-01,2017-02-01,241.61,241.61,23.83,,,,0(O),0/0,consolidated,87
2015-10-01,N24000247,718,REHABILITATION AND UPGRADATION OF NH-221 FROM KM 121/0 TO 165/00 (OF VIJAYAWADA- JAGDALPUR RUDRAMPUR,ROAD TRANSPORT AND HIGHWAYS,PWD,TELANGANA,2014-10-01,2017-02-01,2017-02-01,295.47,313.27,,,,,0(O),0/0,consolidated,87
2015-10-01,N24000246,719,REHABILITATION AND UPGRADATION OF NH-221 FROM KM 71/2 TO 121/0 (OF VIJAYAWADA- JAGDALPUR AP BORDER TO,ROAD TRANSPORT AND HIGHWAYS,PWD,TELANGANA,2014-10-01,2016-12-01,2016-12-01,244.3,244.3,,,,,0(O),0/0,consolidated,87
2015-10-01,N24000169,720,ROHTAK-BAWAL,ROAD TRANSPORT AND HIGHWAYS,NHAI,HARYANA,2011-05-01,2013-11-01,,650,650,928.7,,,,,0/0,consolidated,87
2015-10-01,N24000179,721,SAMAIKHIALI - GANDHIDHAM,ROAD TRANSPORT AND HIGHWAYS,NHAI,GUJARAT,2010-09-01,2013-03-01,,805.39,805.39,543.7,,,,,0/0,consolidated,87
2015-10-01,N24000196,722,SAMBALPUR-BARGARH-CHHATISGARH/ORISSA BORDER,ROAD TRANSPORT AND HIGHWAYS,NHAI,ODISHA,2011-11-01,2014-05-01,2015-07-01,909,909,982.9,,,,,0/0,consolidated,87
2015-10-01,240100207,723,"SILCHAR-UDARBAND (PH.II) HN-54, KM.309 TO KM.275",ROAD TRANSPORT AND HIGHWAYS,NHAI,ASSAM,2003-12-01,2007-09-01,2015-03-01,157.47,154.57,228.3,,157.47,2014-03-01,,0/0,consolidated,87
2015-10-01,N24000028,724,SILIGURI TO ISLAMPUR (WB-7),ROAD TRANSPORT AND HIGHWAYS,NHAI,WEST BENGAL,2003-12-01,2008-07-01,,225,225,191,,,,,0/0,consolidated,87
2015-10-01,N24000205,725,SIX LANING OF CHANDIKHOL-JAGATPUR- BHUBANESWAR,ROAD TRANSPORT AND HIGHWAYS,NHAI,MULTI STATE,2011-12-01,2014-06-01,2016-03-01,1047,1047,295.7,,,,21(O),0/0,consolidated,87
2015-10-01,N24000171,726,SIX LANNING OF HOSUR- KRISHNAGRI NH-7 KM.33.130 TO KM.93.00,ROAD TRANSPORT AND HIGHWAYS,NHAI,TAMIL NADU,2011-06-01,2013-12-01,,535,535,,,,,,0/0,consolidated,87
2015-10-01,N24000172,727,SIX LANNING OF KRISHNAGIRI- WALAJHAPET SECTION KM.0.00 TO KM.148.3 NH-46,ROAD TRANSPORT AND HIGHWAYS,NHAI,TAMIL NADU,2011-09-01,2013-12-01,,1250,1250,14.58,,,,,0/0,consolidated,87
2015-10-01,N24000183,728,SIX LANNING OF NELLORE-CHILKALURIPET KM.1182.802 TO KM.1366.547,ROAD TRANSPORT AND HIGHWAYS,NHAI,ANDHRA PRADESH,2011-11-01,2014-05-01,,1535,1535,823,,,,,0/0,consolidated,87
2015-10-01,N24000149,729,SIX LANNING OF VADAKKANCHERRY THRISSURESECTION(KM 240-270KM),ROAD TRANSPORT AND HIGHWAYS,NHAI,KERALA,2010-02-01,2012-08-01,,617,617,154.5,,,,,0/0,consolidated,87
2015-10-01,N24000044,730,SONAPUR TO GUWAHTI (AS-3),ROAD TRANSPORT AND HIGHWAYS,NHAI,ASSAM,2003-12-01,2008-03-01,2016-01-01,245,245,491.2,,,2016-01-01,94(O),0/0,consolidated,87
2015-10-01,N24000189,731,SRINAGAR TO BANIHAL,ROAD TRANSPORT AND HIGHWAYS,NHAI,JAMMU AND KASHMIR,2011-06-01,2014-06-01,,1100.7,1100.7,,,,,,0/0,consolidated,88
2015-10-01,N24000131,732,SURAT- DAHISAR(SIX LANE) KM 263 TO KM 502,ROAD TRANSPORT AND HIGHWAYS,NHAI,MULTI STATE,2009-02-01,2011-08-01,2016-09-01,1693.75,1693.75,2762,,,,61(O),2/2,consolidated,88
2015-10-01,N24000140,733,TALEGAON-AMRAVATI,ROAD TRANSPORT AND HIGHWAYS,NHAI,MAHARASHTRA,2009-11-01,2013-11-01,,567,567,891.1,,,,,0/0,consolidated,88
2015-10-01,N24000178,734,TIRUPATI - TIRUTHANI - CHENNAI,ROAD TRANSPORT AND HIGHWAYS,NHAI,ANDHRA PRADESH,2011-04-01,2013-10-01,,571,571,,,,,,0/0,consolidated,88
2015-10-01,N24000176,735,TWO LANING OF TRICHY - KARAIKUDI AND TRYCHI BYPASS,ROAD TRANSPORT AND HIGHWAYS,NHAI,TAMIL NADU,2010-05-01,2013-05-01,,374,374,101.3,,,,,0/0,consolidated,88
2015-10-01,N24000160,736,UGRADATION OF HYDERABAD-BANGALORE SECTION,ROAD TRANSPORT AND HIGHWAYS,NHAI,KARNATAKA,2010-11-01,,2014-07-01,680,680,188.4,,,,,2/2,consolidated,88
2015-10-01,N24000182,737,VARANASI-AURANGABAD KM.786 TO KM.978.40,ROAD TRANSPORT AND HIGHWAYS,NHAI,MULTI STATE,2011-09-01,2014-03-01,2017-04-01,2848,2848,1138,,,,37(O),0/0,consolidated,88
2015-10-01,N24000234,738,VIJAYAWADA MACHILIPATNAM OF NH-9 ON BOT(TOOL) UNDER NHDP-III,ROAD TRANSPORT AND HIGHWAYS,NHAI,ANDHRA PRADESH,2013-09-01,,,606,606,,,,,,0/0,consolidated,88
2015-10-01,N24000150,739,WADNER-DEVDHARI(NS-60/MH)(KM 94-123 KM),ROAD TRANSPORT AND HIGHWAYS,NHAI,MAHARASHTRA,2011-02-01,2012-11-01,,193.45,193.45,47.41,,,,,0/0,consolidated,88
2015-10-01,N24000228,740,WALAJAPET POONAMALEE KM 106.8 TO KM 13.8,ROAD TRANSPORT AND HIGHWAYS,NHAI,TAMIL NADU,2013-06-01,2015-11-01,2015-11-01,1287.95,1287.95,,,,,0(O),0/0,consolidated,88
2015-10-01,N24000239,741,WIDENING AND STRENGTHENING TO 2-LANE WITH PS OF NIMBI JODHA-DEGANA-MERTA CITY SECTION,ROAD TRANSPORT AND HIGHWAYS,NHAI,RAJASTHAN,2014-01-01,2016-01-01,2016-01-01,368.15,368.15,27.32,,,,0(O),0/0,consolidated,88
2015-10-01,N24000230,742,WIDENING OF KHED-SINNAR STRETCH OF PUNE NASHIK SECTION OF NH-50,ROAD TRANSPORT AND HIGHWAYS,NHAI,MAHARASHTRA,2013-05-01,2014-02-01,,1348.2,1348.2,,,,,,0/0,consolidated,88
2015-10-01,N24000235,743,YADGIRI-WARANGAL OF NH 202(NEW NH 163) UNDER NHDP-IV,ROAD TRANSPORT AND HIGHWAYS,NHAI,TELANGANA,2014-04-01,,,1123.17,1123.17,,,,,,0/0,consolidated,88
2015-10-01,N24000243,744,YAN TO NIRMAL SEREHABILITATION AND UPGRADATION OF NH -222 FROM KM 615.00 TO 668.60 (KALCTION) TO TW,ROAD TRANSPORT AND HIGHWAYS,PWD,TELANGANA,2013-12-01,2016-03-01,2016-03-01,244.08,244.08,,,,,0(O),0/0,consolidated,88
2015-10-01,N25000064,745,"ACQUISITION OF TWO (2) NOS OF 317000 DWT VLCC'S FROM JIANGSU RONGSHENG HEAVY INDUSTRIES CO.LTD.,CHIN",SHIPPING AND PORTS,SHIPP.,MAHARASHTRA,2010-10-01,2013-11-01,2013-11-01,994.82,402.24,427.54,,,,,0/0,consolidated,88
2015-10-01,N25000016,746,CONSTRUCTION AND DEVELOPMENT OF 2 OFFSHORE CONTAINER BERTHS AND TERMINAL,SHIPPING AND PORTS,MUMBAI PORT TRU,MAHARASHTRA,2007-11-01,2010-12-01,2017-09-01,1228,1460,1038,,,,81(O),0/0,consolidated,88
2015-10-01,N25000063,747,CONSTRUCTION OF OFFSHORE CONTAINER BERTHS AND DEVELOPMENT OF CONTAINER TERMINAL ON BOT BASIS IN MUMB,SHIPPING AND PORTS,MUMBAI PORT TRU,MAHARASHTRA,2007-01-01,2010-12-01,2016-01-01,366.39,669.46,411.12,,669.46,,61(O),0/0,consolidated,88
2015-10-01,N25000035,748,"ENNORE MANALI EXPRESS WAY,F/O SPECIAL PURPOSE VEHICLE (SPV)",SHIPPING AND PORTS,PORT TRUST,TAMIL NADU,2002-10-01,2006-03-01,2015-12-01,150,600,139.8,,,,117(O),0/0,consolidated,88
2015-10-01,N25000059,749,RAIL CONNECTIVITY TO ICTT AT VALLARPADAM AT COCHIN PORT TRUST,SHIPPING AND PORTS,RVNL,KERALA,2007-03-01,2009-04-01,,245.67,409.83,351.18,,,,,0/0,consolidated,88
2015-10-01,250100175,750,SETHUSAMUDRAM SHIP CHANNEL PROJECT,SHIPPING AND PORTS,PORT TRUST,TAMIL NADU,2005-06-01,2008-10-01,,2427.4,2427.4,837.9,,,,,0/0,consolidated,89
2015-10-01,N26000096,751,ERP IMPLEMENTATION IN BSNL ON TURNKEY BASIS,TELECOMMUNICATIONS,BSNL,MULTI STATE,2009-10-01,2010-10-01,2015-11-01,384,384,74.74,,,2015-08-01,61(O),0/0,consolidated,89
2015-10-01,N26000101,752,NETWORK FOR SPECTRUM,TELECOMMUNICATIONS,DOT,MULTI STATE,2012-03-01,2015-07-01,,13334,13334,,,,,,0/0,consolidated,89
2015-10-01,N28000067,753,2000 BOYS HOSTEL(1000 DOUNLE BEDDED ROOM) AT ISM DHANBAD,URBAN DEVELOPMENT,CPWD,JHARKHAND,2012-09-01,2016-03-01,2016-05-01,171.86,171.86,8.64,,171.86,,2(O),0/6,consolidated,89
2015-10-01,N28000061,754,ACADEMIC CUM RESIDENTIAL CAMPUS AT HARINGHANTA KALYANI WB FOR IISER KOLKATA,URBAN DEVELOPMENT,CPWD,WEST BENGAL,2009-01-01,2012-06-01,2015-12-01,225.81,225.81,136.53,,,2015-12-01,42(O),0/0,consolidated,89
2015-10-01,N28000008,755,BANGALORE METRO RAIL PROJECT,URBAN DEVELOPMENT,MRTP,KARNATAKA,2006-05-01,2011-06-01,,6395,11609,2267.57,,,,,3/3,consolidated,89
2015-10-01,N28000058,756,BANGALORE METRO RAIL PROJECT PHASE-2,URBAN DEVELOPMENT,BMRCL,KARNATAKA,2014-02-01,2019-02-01,2019-02-01,26405.14,26405.14,,,,,0(O),0/0,consolidated,89
2015-10-01,N28000084,757,CHENNAI METRO RAIL LTD (PHASE 1),URBAN DEVELOPMENT,CMRL,TAMIL NADU,2009-02-01,2015-12-01,2016-08-01,14600,14600,11215.72,,14600,,8(O),1/24,consolidated,89
2015-10-01,N28000079,758,CONSTRUCTION OD ADDITIONAL COMPLEX FOR THE SUPREM COURT OF INDIA AT LAND ADJOINING PRAGATI MAIDAN,URBAN DEVELOPMENT,CPWD,DELHI,2012-07-01,2014-08-01,2017-06-01,884.3,884.3,,,,,34(O),0/0,consolidated,89
2015-10-01,N28000059,759,CONSTRUCTION OF CENTRAL ACADEMY FOR POLICE TRAINING (CAPT) BHOPAL,URBAN DEVELOPMENT,CPWD,MADHYA PRADESH,2012-12-01,2014-12-01,2016-12-01,188.87,188.87,5.79,,,,24(O),0/0,consolidated,89
2015-10-01,N28000088,760,"CONSTRUCTION OF DIFFERENT BUILDINGS UNDER PHASE-I FOR IIT ROPAR AT ROPAR, PUNJAB",URBAN DEVELOPMENT,CPWD,PUNJAB,2014-02-01,2015-01-01,2015-01-01,388,388,,,,,,0/0,consolidated,89
2015-10-01,N28000069,761,CONSTRUCTION OF EXTENSION BUILDING TO PARLIAMENT HOUSE ANNEXE PARLIAMENT HOUSE COMPLEX NEW DELHI,URBAN DEVELOPMENT,CPWD,DELHI,2009-05-01,2013-05-01,2016-06-01,261.85,261.85,150.77,,,2015-10-01,37(O),0/0,consolidated,89
2015-10-01,N28000077,762,CONSTRUCTION OF HEAD OFFICE BUILDING OF PNB ON PLAT NO-4 SECTOR 10 DWARKA NEW DELHI,URBAN DEVELOPMENT,CPWD,DELHI,2012-05-01,2014-12-01,2016-04-01,405.01,405.01,,,,,16(O),0/0,consolidated,89
2015-10-01,N28000066,763,CONSTRUCTION OF MAIN BUILDING SCHOOL OF INFRASTRUCTURE INCLUDING TWI NOS LAB,URBAN DEVELOPMENT,CPWD,ODISHA,2012-11-01,2015-02-01,2015-08-01,238.43,238.43,,,,,,0/0,consolidated,89
2015-10-01,N28000070,764,CONSTRUCTION OF MARRIED ACCOMODATION AT MILITARY MOD STATION MAMUN PUNJAB,URBAN DEVELOPMENT,CPWD,PUNJAB,2005-08-01,2007-08-01,2015-03-01,191.24,191.24,,,,,,0/0,consolidated,89
2015-10-01,N28000075,765,CONSTRUCTION OF MEGA HOSTEL II FOR NIT CALICUT KERALA,URBAN DEVELOPMENT,CPWD,KERALA,2010-01-01,2012-10-01,,165.23,165.23,,,,,,0/0,consolidated,89
2015-10-01,N28000074,766,CONSTRUCTION OF NISM CAMPUS AT PATALGANGA RASAYANI DISTT RAIGADH MAHARASTRA,URBAN DEVELOPMENT,CPWD,MAHARASHTRA,2012-12-01,2015-06-01,,315,315,,,,,,0/0,consolidated,89
2015-10-01,N28000062,767,CONSTRUCTION OF PERMANENT CAMPUS OF IISER KOLKATA AT HARINGHANTA KALYANI NADIA,URBAN DEVELOPMENT,CPWD,WEST BENGAL,2014-02-01,2015-09-01,2016-12-01,156.57,156.57,18.65,,,2016-07-01,15(O),0/0,consolidated,90
2015-10-01,N28000076,768,CONSTRUCTION OF SOUTHERN REGIONAL CENTER FOR NSG AT IBRAHIMPATNAM HYDERABAD,URBAN DEVELOPMENT,CPWD,ANDHRA PRADESH,2014-06-01,2017-03-01,2017-03-01,157.84,157.84,,,,,0(O),0/0,consolidated,90
2015-10-01,N28000056,769,DELHI MRTS PHASE-III,URBAN DEVELOPMENT,DMRCL,DELHI,2011-09-01,2016-03-01,2016-12-01,38585,38585,18168.36,,,,9(O),0/0,consolidated,90
2015-10-01,N28000078,770,DEVELOPMENT OF STATE HIGHWAYS IN THE STATE OF BIHAR UNDER RSVY PATNA,URBAN DEVELOPMENT,CPWD,BIHAR,2006-11-01,2010-03-01,2014-10-01,2727.89,2727.89,,,,,,0/0,consolidated,90
2015-10-01,N28000065,771,DIFFERENT BUILDINGS UNDER PHASE 1 NORTH FOR IIT MANDI AT KAMAND,URBAN DEVELOPMENT,CPWD,HIMACHAL PRADESH,2012-11-01,2014-11-01,2016-03-01,270.83,270.83,57.69,,,,16(O),0/0,consolidated,90
2015-10-01,N28000071,772,ESTABLISHMENT OF CENTRAL ARMED POLICE FORCE INSTITUTE OF MEDICAL SCIENCES(CAPFIMS) AT NEW DELHI,URBAN DEVELOPMENT,CPWD,DELHI,2013-10-01,2017-07-01,2017-07-01,1219.21,1219.21,,,,,0(O),0/0,consolidated,90
2015-10-01,N28000081,773,KOCHI METRO RAIL PROJECT,URBAN DEVELOPMENT,KMRCL,KERALA,2012-07-01,2017-07-01,2017-07-01,5181.79,5181.79,,,,,0(O),0/0,consolidated,90
2015-10-01,N28000064,774,LECTURE THEATER AND LAB COMPLEX AT IIT HAUZKHAS NEW DELHI,URBAN DEVELOPMENT,CPWD,DELHI,2010-01-01,2012-07-01,2014-06-01,162.9,162.9,,,,,,0/0,consolidated,90
2015-10-01,N28000086,775,MUMBAI METRO LINE 3 (COLABA-BANDRA-SEEPZ),URBAN DEVELOPMENT,MMRCL,MAHARASHTRA,2013-07-01,2015-01-01,2015-12-01,23136,23136,,,,,11(O),0/0,consolidated,90
2015-10-01,N28000085,776,NAGPUR METRO RAIL,URBAN DEVELOPMENT,NMRCL,MAHARASHTRA,2014-08-01,2018-03-01,2018-03-01,8680,8680,,,,,0(O),0/0,consolidated,90
2015-10-01,N28000068,777,OFFICE BUILDING FOR INCOME TAX DEPARTMENT ON PLOT NO C- 41-43 G BLOCK BANDRA,URBAN DEVELOPMENT,CPWD,MAHARASHTRA,2011-02-01,2014-11-01,2014-12-01,241.33,241.33,1.75,,,,,0/0,consolidated,90
2015-10-01,N28000080,778,REDEVELOPMENT OF EAST KIDWAI NAGAR,URBAN DEVELOPMENT,NBCC,DELHI,2012-06-01,2019-11-01,2019-11-01,4264,4264,759.17,,,,0(O),0/7,consolidated,90
2015-10-01,N28000082,779,REHABILITATION AND STRENGTHENING OF SEWEWRAGE SYSTEM IN OLD CITY AREA ON SOUTH OF MUSI(IN ZONE 2 IN,URBAN DEVELOPMENT,JnNURM,ANDHRA PRADESH,2007-08-01,,,246.9,246.9,,,,,,0/0,consolidated,90
2015-10-01,N28000063,780,RESIDENTIAL AND OTHER COMPLEXES FOR THE CAMPUS OF IIT PATNA AT BIHTA,URBAN DEVELOPMENT,CPWD,BIHAR,2012-02-01,2014-09-01,,171.1,171.1,,,,,,0/0,consolidated,90
2015-10-01,N28000060,781,STAGE I OF PHASE C/O PERMANENT CAMPUS FOR IIM,URBAN DEVELOPMENT,CPWD,TAMIL NADU,2014-04-01,2016-09-01,2017-01-01,332.72,332.72,58.72,,,2017-01-01,4(O),0/0,consolidated,90
2015-10-01,N28000073,782,UPGRADATION OF NATIONAL FIRE SERVICES COLLEGE AT NAGPUR MAHARASTRA,URBAN DEVELOPMENT,CPWD,MAHARASHTRA,2010-06-01,2012-03-01,2015-04-01,205,205,,,,,,0/0,consolidated,90
