report_month,ocms_code,sl_no,project_name,sector,agency,state_raw,approval_month,original_doc_month,revised_doc_month,original_cost_cr,revised_cost_cr,cumulative_expenditure_cr,physical_progress_pct,latest_approved_cost_cr,approved_revised_doc_month,delay_months_reported,milestones,annexure,source_page
2016-04-01,020100040,1,KUDANKULAM APP (NPCIL),ATOMIC ENERGY,NPCIL,"TAMIL NADU, .",2001-12-01,2008-12-01,2016-05-01,13171,22462,21600,,17270,2013-10-01,89(O),55/102,consolidated,81
2016-04-01,020100044,2,"PROTOTYPE FAST BREEDER REACTOR (BHAVINI, 500 MWE)",ATOMIC ENERGY,BHAVNI,"TAMIL NADU, .",2003-09-01,2010-09-01,2016-09-01,3492,5677,4933.84,,,2016-09-01,72(O),12/88,consolidated,81
2016-04-01,N02000010,3,KAKRAPAR ATOMIC POWER PROJECT - 3 AND 4,ATOMIC ENERGY,NPCIL,"GUJARAT, .",2009-10-01,2015-12-01,2018-11-01,11459,11459,8362,,,2016-11-01,35(O),42/70,consolidated,81
2016-04-01,N02000027,4,RAJASTHAN ATOMIC POWER PROJECT -7 AND 8 (2X700 MW),ATOMIC ENERGY,NPCIL,"RAJASTHAN, .",2009-10-01,2016-12-01,2019-12-01,12320,12320,6196,,,2017-03-01,36(O),29/69,consolidated,81
2016-04-01,N04000069,5,CONSTRUCTION OF NEW INTERNATIONAL TERMINAL BUILDING(GOA),CIVIL AVIATION,AAI,"GOA, .",2010-05-01,2012-05-01,2015-03-01,335.61,318,301.13,,,,,0/0,consolidated,81
2016-04-01,N04000050,6,CONSTRUCTION OF NEW AIRPORT AT PAKYONG(SIKKIM) AIRPORT,CIVIL AVIATION,AAI,"SIKKIM, .",2009-01-01,2011-01-01,2017-09-01,309.46,309.46,338.57,,,2016-06-01,80(O),0/0,consolidated,81
2016-04-01,N04000071,7,SUPPLY OF 56 NOS AIRFIELD FIRE TENDERS AT VARIOUS AIRPORTS,CIVIL AVIATION,AAI,"MULTI STATE, .",2012-10-01,2015-03-01,2015-09-01,217.6,244.1,0.04,,,,,0/0,consolidated,81
2016-04-01,N04000073,8,"CONSTRUCTION OF NEW INTEGRATED TERMINAL BUILDING AT VSI AIRPORT, PORTBLAIR",CIVIL AVIATION,AAI,"ANDAMAN & NICOBAR ISLANDS, .",2013-10-01,2018-09-01,2018-09-01,314.61,314.61,17.82,,,,0(O),0/0,consolidated,81
2016-04-01,N06000025,9,JALLARAM SHAFT PROJECT,COAL,SCCL,"TELANGANA, .",2007-09-01,2013-03-01,,467.78,467.78,2.85,,,,,6/83,consolidated,81
2016-04-01,060100092,10,KULDA OCP (MAHANADI COALFIELDS LTD),COAL,MCL,"ODISHA, .",2005-01-01,2010-03-01,2016-03-01,302.96,302.96,318.74,,,,,8/10,consolidated,81
2016-04-01,060100093,11,GEVRA EXPANSION OCP (SECL) (25-35) MTY,COAL,SECL,"CHHATISGARH, .",2010-06-01,2014-03-01,2016-03-01,2675.67,2675.67,1808.74,,,,,11/16,consolidated,81
2016-04-01,060100096,12,ASHOK EXPN OCP CCL (10 MTY),COAL,CCL,"JHARKHAND, .",2007-12-01,2011-03-01,2017-03-01,341.63,341.63,121.94,,,,72(O),2/5,consolidated,81
2016-04-01,N06000008,13,KUSMUNDA EXPN.OCP(SECL)(15-50)MTY,COAL,SECL,"CHHATISGARH, .",2013-08-01,2023-03-01,2023-03-01,7612.33,7612.33,813.94,,7612.33,2023-03-01,0(O),2/17,consolidated,81
2016-04-01,N06000015,14,MAGADH OC 20 MTY (CCL),COAL,CCL,"JHARKHAND, .",2008-08-01,2012-07-01,2021-03-01,706.4,706.4,79.49,,,2017-03-01,104(O),1/1,consolidated,81
2016-04-01,N06000016,15,ADRIYALA SHAFT PROJECT,COAL,SCCL,"TELANGANA, .",2009-12-01,2013-03-01,2016-03-01,212.34,1228.39,877.24,,,,,21/22,consolidated,81
2016-04-01,N06000017,16,SHANTIKHANI LONGWALL PROJ-SCCL,COAL,SCCL,"TELANGANA, .",2006-10-01,2012-03-01,2018-03-01,249.03,249.03,119.06,,,,72(O),30/42,consolidated,81
2016-04-01,N06000020,17,JHANJRA COMBINED PR(3.50 MTY),COAL,ECL,"WEST BENGAL, .",2015-11-01,2022-03-01,2022-03-01,602.86,602.86,188.76,,,,0(O),2/7,consolidated,81
2016-04-01,N06000033,18,"NIGAHI OC EXPANSION PROJECT 10 MTY TO 15 MTY, SINGRAULI",COAL,NCL,"MADHYA PRADESH, .",2007-10-01,2012-03-01,2017-03-01,259.4,486.57,157.68,,486.57,2018-03-01,60(O),1/1,consolidated,81
2016-04-01,N06000034,19,"BHUBANESWARI OCP, MCL (20.0 MTY)",COAL,MCL,"ODISHA, .",2007-12-01,2017-03-01,2017-03-01,490.1,490.1,206.03,,,,0(O),11/11,consolidated,82
2016-04-01,N06000035,20,"KANIHA OCP, MCL, (10.0 MTY)",COAL,MCL,"ODISHA, .",2007-12-01,2013-03-01,2017-03-01,457.77,457.77,229.44,,,,48(O),8/9,consolidated,82
2016-04-01,N06000042,21,GOPAL PRASAD OCP (15MTY),COAL,MCL,"ODISHA, .",2008-02-01,2015-03-01,2021-03-01,395.87,395.87,76.74,,,,72(O),2/13,consolidated,82
2016-04-01,N06000043,22,TALABIRA OCP,COAL,MCL,"ODISHA, .",2008-03-01,2016-03-01,2020-03-01,447.72,447.72,52.36,,,,48(O),2/11,consolidated,82
2016-04-01,N06000044,23,"BALRAM OCP EXTENSION,MCL 8.00 MTY",COAL,MCL,"ODISHA, .",2007-12-01,2010-03-01,2017-03-01,172.08,172.08,182.26,,,,84(O),2/4,consolidated,82
2016-04-01,N06000045,24,PELMA OCP(15.00MTY),COAL,SECL,"CHHATISGARH, .",2014-11-01,2023-03-01,2023-03-01,1624.59,1624.59,5.43,,1624.59,2023-03-01,0(O),1/10,consolidated,82
2016-04-01,N06000048,25,KAKATIYA LONGWALL,COAL,SCCL,"TELANGANA, .",2008-12-01,2012-12-01,2017-03-01,453.63,453.63,120.2,,,,51(O),11/44,consolidated,82
2016-04-01,N06000049,26,RAMPUR BATURA OCP (4.0 MTY),COAL,SECL,"MADHYA PRADESH, .",2015-08-01,2023-03-01,2023-03-01,1186.64,1186.64,1.33,,,,0(O),1/9,consolidated,82
2016-04-01,N06000066,27,PENGANGA OCP(REVISED),COAL,WCL,"MAHARASHTRA, .",2014-09-01,2020-03-01,2020-03-01,441.82,441.82,149.74,,,,0(O),5/13,consolidated,82
2016-04-01,N06000067,28,ANANTA OC EXPANSION PH-III (15.0 MTY),COAL,MCL,"ODISHA, .",2008-08-01,2012-03-01,2017-03-01,207.28,207.28,198.11,,,,60(O),4/5,consolidated,82
2016-04-01,N06000068,29,HINGULA OC-II EXP. PH-III (15 MTY),COAL,MCL,"ODISHA, .",2008-11-01,2013-03-01,2017-03-01,479.53,479.53,187.33,,,,48(O),4/8,consolidated,82
2016-04-01,N06000075,30,JAGANNATHPOR OCP(3.00MTY),COAL,SECL,"CHHATISGARH, .",2008-09-01,2015-03-01,2020-03-01,152.43,152.43,24.72,,,,60(O),1/6,consolidated,82
2016-04-01,N06000076,31,KARTALI (EAST) OCP (2.50 MTY),COAL,SECL,"CHHATISGARH, .",2008-07-01,2014-03-01,2020-03-01,178.44,178.44,0.3,,,,72(O),1/7,consolidated,82
2016-04-01,N06000078,32,RAMAGUNDAM OC-II EXTENSION,COAL,SCCL,"TELANGANA, .",2009-12-01,2012-03-01,2023-03-01,418.97,489.62,475.38,,,,132(O),0/2,consolidated,82
2016-04-01,N06000079,33,RKP OCP PHASE-I,COAL,SCCL,"TELANGANA, .",2010-03-01,2015-03-01,2017-03-01,209.78,209.78,86.57,,,,24(O),8/31,consolidated,82
2016-04-01,N06000080,34,MANUGURU OC-II EXTENSION PHASE-II,COAL,SCCL,"TELANGANA, .",2010-03-01,2012-03-01,2017-03-01,181.19,181.19,83.51,,,,60(O),5/6,consolidated,82
2016-04-01,N06000081,35,MANIKPUR OC EXPANSION (3.5 MTY),COAL,SECL,"CHHATISGARH, .",2009-12-01,2014-03-01,2018-03-01,321.5,321.5,211.06,,,,48(O),4/7,consolidated,82
2016-04-01,N06000082,36,AMLAI OC EXPANSION SECTOR B (1.50 MTY),COAL,SECL,"CHHATISGARH, .",2009-11-01,2016-03-01,2016-03-01,198.59,198.59,125.13,,,,,4/7,consolidated,82
2016-04-01,N06000083,37,CHURI BENTI UG (0.81 MTY),COAL,CCL,"JHARKHAND, .",2007-08-01,2011-03-01,2016-03-01,163.51,163.51,36.17,,,,,1/1,consolidated,82
2016-04-01,N06000084,38,NORTH URIMARI OCP (3.0 MTY),COAL,CCL,"JHARKHAND, .",2007-12-01,2012-03-01,2017-03-01,179.87,179.87,95.94,,,,60(O),1/1,consolidated,82
2016-04-01,N06000085,39,PURNADIH OCP (3.0 MTY),COAL,CCL,"JHARKHAND, .",2008-07-01,2013-03-01,2016-03-01,210.98,210.98,151.89,,,,,2/2,consolidated,82
2016-04-01,N06000086,40,TAPIN OCP (2.5 MTY),COAL,CCL,"JHARKHAND, .",2008-08-01,2012-03-01,2016-03-01,264.68,264.68,146.05,,,,,2/3,consolidated,82
2016-04-01,N06000087,41,RAJRAPPA RCE OCP ( 3.0 MTY),COAL,CCL,"JHARKHAND, .",2009-12-01,2016-03-01,2016-03-01,510.85,510.85,224.7,,,,,2/3,consolidated,82
2016-04-01,N06000088,42,KARMA OCP (1.0MTY),COAL,CCL,"JHARKHAND, .",2009-06-01,2014-03-01,2017-03-01,162.46,162.46,71.83,,,,36(O),2/3,consolidated,82
2016-04-01,N06000089,43,KISTARAM OCP,COAL,SCCL,"TELANGANA, .",2010-11-01,2015-03-01,2018-03-01,242.29,242.29,8.03,,78,,36(O),0/5,consolidated,82
2016-04-01,N06000091,44,"KHADIA EXPANSION OPENCAST PROJECT(4 TO 10 MTPA,6MTPA INCREMENTAL)",COAL,NCL,"UTTAR PRADESH, .",2011-06-01,2018-03-01,2018-03-01,1131.28,1131.28,236.61,,1131.28,,0(O),6/9,consolidated,83
2016-04-01,N06000093,45,RCE OF INDARAM OCP(1.20 MTPA),COAL,SCCL,"TELANGANA, .",2011-07-01,2015-03-01,2018-03-01,162.76,162.76,1.31,,,,36(O),4/29,consolidated,83
2016-04-01,N06000094,46,JALAGAM VENGALA RAO OCP-II,COAL,SCCL,"TELANGANA, .",2011-07-01,2015-03-01,2018-03-01,447.06,447.06,77.44,,,,36(O),4/13,consolidated,83
2016-04-01,N06000099,47,BAROUD OC EXPANSION (RCE)- 3MTY,COAL,SECL,"CHHATISGARH, .",2012-04-01,2016-03-01,2018-03-01,258.56,258.56,120.11,,,,24(O),3/6,consolidated,83
2016-04-01,N06000100,48,RG OC -III EXTENSION (PHASE -II) PROJECT,COAL,SCCL,"TELANGANA, .",2012-06-01,2015-06-01,2017-03-01,365.01,365.01,39.49,,,,21(O),15/36,consolidated,83
2016-04-01,N06000101,49,KALYANIKHANI OPENCAST PROJECT,COAL,SCCL,"TELANGANA, .",2012-07-01,2016-07-01,2019-03-01,417.33,417.33,28.03,,,,32(O),6/28,consolidated,83
2016-04-01,N06000102,50,RFR OF MANUGURU OC PROJECT,COAL,SCCL,"TELANGANA, .",2012-11-01,2016-03-01,2018-03-01,430.45,486.27,93.52,,,,24(O),7/39,consolidated,83
2016-04-01,N06000103,51,AMRAPALI OC(12MTY),COAL,CCL,"JHARKHAND, .",2012-02-01,2020-03-01,2020-03-01,858.11,858.11,110.1,,,,0(O),3/3,consolidated,83
2016-04-01,N06000104,52,CHHAL OC SEAM -III (6.00 MTY),COAL,SECL,"CHHATISGARH, .",2013-12-01,2022-03-01,2022-03-01,610.63,610.33,,,,,0(O),1/7,consolidated,83
2016-04-01,N06000106,53,NORTH TISRA AND SOUTH TISRA EXPANSION OCP (6MTY),COAL,BCCL,"JHARKHAND, .",2014-02-01,2021-03-01,2017-03-01,555.52,555.52,3.52,,,,-48(O),0/2,consolidated,83
2016-04-01,N06000111,54,BIJARI OC RCE (1.50 MTY),COAL,SECL,"CHHATISGARH, .",2014-05-01,2020-03-01,2020-03-01,164.49,164.49,76.43,,,,0(O),3/6,consolidated,83
2016-04-01,N06000112,55,BASUNDHARA (WEST) OC EXTN(7.00 MTY),COAL,MCL,"ODISHA, .",2014-05-01,2019-03-01,2019-03-01,479.15,479.15,14.11,,,,0(O),1/9,consolidated,83
2016-04-01,N06000113,56,SIARMAL OCP (40.00MTY),COAL,MCL,"ODISHA, .",2014-05-01,2026-03-01,2026-03-01,3756.36,3756.36,621.5,,,,0(O),3/15,consolidated,83
2016-04-01,N06000114,57,JAGANNATH RE-ORGANISATION OC.(6.00 MTY),COAL,MCL,"ODISHA, .",2014-05-01,2019-03-01,2019-03-01,337.66,337.66,0.88,,,,0(O),2/6,consolidated,83
2016-04-01,N06000115,58,KULDA EXPN OC. (5.00 MTY),COAL,MCL,"ODISHA, .",2014-06-01,2018-03-01,2018-03-01,289.03,289.03,,,,,0(O),1/5,consolidated,83
2016-04-01,N06000117,59,GARJANBAHAL OCP,COAL,MCL,"ODISHA, .",2014-11-01,2021-03-01,2021-03-01,1375.38,1375.38,180.21,,,,0(O),1/9,consolidated,83
2016-04-01,N06000118,60,DINESH OCP,COAL,WCL,"MAHARASHTRA, .",2014-11-01,2020-03-01,2020-03-01,611.16,611.16,239.56,,,,0(O),3/9,consolidated,83
2016-04-01,N06000119,61,MAKARDHOKRA I OC,COAL,WCL,"MAHARASHTRA, .",2014-09-01,2021-03-01,2021-03-01,266.23,266.23,108.65,,,,0(O),4/12,consolidated,83
2016-04-01,N06000120,62,GOKUL,COAL,WCL,"MAHARASHTRA, .",2014-11-01,2018-03-01,2018-03-01,267.67,267.67,176.34,,,,0(O),3/8,consolidated,83
2016-04-01,N06000121,63,BHANEGAON OC,COAL,WCL,"MAHARASHTRA, .",2015-02-01,2023-03-01,2023-03-01,187.94,187.94,39.9,,,,0(O),5/10,consolidated,83
2016-04-01,N06000122,64,AMRITDHARA OC PROJECT,COAL,SECL,"MADHYA PRADESH, .",2015-02-01,2023-03-01,2023-03-01,481.6,481.6,,,,,0(O),0/7,consolidated,83
2016-04-01,N06000123,65,AMERA OC RCE,COAL,SECL,"CHHATISGARH, .",2015-02-01,2018-03-01,2018-03-01,335.97,335.97,34.09,,,,0(O),1/4,consolidated,83
2016-04-01,N06000124,66,RAJNAGAR OCP RPR (1.70 MTY),COAL,SECL,"MADHYA PRADESH, .",2014-12-01,2021-03-01,2021-03-01,357.8,357.8,113,,,,0(O),0/7,consolidated,83
2016-04-01,N06000125,67,KANCHAN OC EXPANSION,COAL,SECL,"MADHYA PRADESH, .",2014-12-01,2021-03-01,2021-03-01,371.04,371.04,26.13,,,,0(O),0/6,consolidated,83
2016-04-01,N06000128,68,NEW MAJRI UG TO OC,COAL,WCL,"MAHARASHTRA, .",2015-05-01,2019-03-01,2019-03-01,295.56,295.56,79.99,,79,,0(O),6/14,consolidated,83
2016-04-01,N06000129,69,KAKATIYAKHANI OPENCAST-2 PROJECT,COAL,SCCL,"TELANGANA, .",2015-05-01,2019-03-01,2019-03-01,397.09,397.09,0.73,,,,0(O),5/18,consolidated,84
2016-04-01,N06000130,70,SINGHORI OC MINE,COAL,WCL,"MAHARASHTRA, .",2015-06-01,2020-03-01,2020-03-01,205.49,205.49,1.37,,,,0(O),4/13,consolidated,84
2016-04-01,N06000131,71,AMALGAMATED PAUNI-II III OC MINE,COAL,WCL,"MAHARASHTRA, .",2015-06-01,2021-03-01,2021-03-01,483.69,483.69,52.98,,,,0(O),3/8,consolidated,84
2016-04-01,N06000132,72,AMALGAMATED YEKONA-I YEKONA-II,COAL,WCL,"MAHARASHTRA, .",2015-08-01,2025-03-01,2025-03-01,727.28,727.28,68.42,,,,0(O),3/13,consolidated,84
2016-04-01,N06000133,73,ADASA UG TO OC,COAL,WCL,"MAHARASHTRA, .",2015-08-01,2023-03-01,2023-03-01,288.9,288.9,,,,,0(O),3/11,consolidated,84
2016-04-01,N06000134,74,BATURA HIGHWALL PROJECT,COAL,SECL,"MADHYA PRADESH, .",2015-07-01,2022-03-01,2022-03-01,231.92,231.92,,,,,0(O),0/6,consolidated,84
2016-04-01,N06000135,75,AMGAON OPENCAST PROJECT RCE,COAL,SECL,"CHHATISGARH, .",2015-07-01,2020-03-01,2020-03-01,316.1,316.1,16.87,,,,0(O),0/5,consolidated,84
2016-04-01,N06000136,76,DURGAPUR OPENCAST PROJECT,COAL,SECL,"CHHATISGARH, .",2015-02-01,2023-03-01,2023-03-01,916.24,916.24,,,,,0(O),1/8,consolidated,84
2016-04-01,N06000139,77,MALACHUA OPENCAST PROJECT,COAL,SECL,"MADHYA PRADESH, .",2015-10-01,2023-03-01,2023-03-01,488.33,488.33,,,,,0(O),0/8,consolidated,84
2016-04-01,N06000140,78,MADANNAGAR OPENCAST PROJECT,COAL,SECL,"CHHATISGARH, .",2015-10-01,2024-03-01,2024-03-01,1875.32,1875.32,,,,,0(O),0/0,consolidated,84
2016-04-01,N06000141,79,KAMPTEE DEEP OC MINE,COAL,WCL,"MAHARASHTRA, .",2015-11-01,2021-03-01,2021-03-01,277.65,277.65,,,,,0(O),2/8,consolidated,84
2016-04-01,N06000142,80,MUNGOLI NIORGUDA EXTENSION (DEEP) OC MINE,COAL,WCL,"MAHARASHTRA, .",2015-11-01,2020-03-01,2020-03-01,498.42,498.42,,,,,0(O),1/9,consolidated,84
2016-04-01,N06000143,81,HURA - C OC (3 MTY),COAL,ECL,"JHARKHAND, .",2015-10-01,2022-03-01,2022-03-01,359.69,359.69,6.49,,,,0(O),0/24,consolidated,84
2016-04-01,N06000146,82,KOYAGUDEM OPENCAST PROJECT,COAL,SCCL,"TELANGANA, Central Sector Projects",2015-10-01,2018-03-01,2018-03-01,426.79,426.79,,,,,0(O),0/11,consolidated,84
2016-04-01,N06000147,83,KALYANIKHANI 6 INCLINE PROJECT,COAL,SCCL,"TELANGANA, .",2015-12-01,2020-03-01,2020-03-01,477.65,477.65,,,,,0(O),0/0,consolidated,84
2016-04-01,N06000095,84,NEYVELI NEW THERMAL POWER PROJECT(2X500 MW),COAL,NLC,"TAMIL NADU, .",2011-06-01,2015-12-01,2018-04-01,5907.11,5907.11,1888.53,,,2018-04-01,28(O),13/35,consolidated,84
2016-04-01,N06000098,85,MOONIDIH XV SEAM UG,COAL,BCCL,"JHARKHAND, .",2011-08-01,2015-04-01,2019-04-01,1230.27,1230.27,49.04,,,2019-04-01,48(O),1/6,consolidated,84
2016-04-01,N06000108,86,KAPURIA UG(PSLW),COAL,BCCL,"JHARKHAND, .",2011-08-01,2017-04-01,2017-04-01,988.35,988.35,45.26,,,,0(O),0/3,consolidated,84
2016-04-01,N06000096,87,MURAIDIH UG TURN-KEY PROJECT,COAL,BCCL,"JHARKHAND, .",2011-02-01,2014-04-01,2017-06-01,339.88,339.88,12.08,,,,38(O),4/7,consolidated,84
2016-04-01,N06000110,88,"WIND POWER PROJECT,KAZHUNEERKULAM,TAMILNADU",COAL,NLC,"TAMIL NADU, .",2012-04-01,2014-10-01,2016-06-01,364.75,364.75,198.08,,,,20(O),8/10,consolidated,84
2016-04-01,N06000109,89,SONEPUR BAZARI (COMB) OCP (8.0 MTY),COAL,ECL,"WEST BENGAL, .",2012-08-01,2018-03-01,2018-07-01,1055.05,1055.05,225.81,,,,4(O),5/15,consolidated,84
2016-04-01,N06000138,90,EXPANSION OF MINE-I (LEASE AREA) AND MINE-I A (3.0 TO 7.0 MTPA),COAL,NLC,"TAMIL NADU, .",2013-04-01,2015-06-01,2019-08-01,1458.17,1458.17,38.32,,,2019-08-01,50(O),1/7,consolidated,84
2016-04-01,N06000056,91,RAJMAHAL OC EXP.,COAL,ECL,"JHARKHAND, .",2009-09-01,2014-03-01,2016-09-01,153.82,153.82,81.59,,,,30(O),6/9,consolidated,84
2016-04-01,N06000144,92,HADLA LIGNITE MINE PROJECT(1.90 MTPA),COAL,NLC,"RAJASTHAN, Central Sector Projects",2015-03-01,2019-09-01,2019-09-01,522.45,522.45,2.56,,,,0(O),0/0,consolidated,84
2016-04-01,N06000126,93,MADHUBAND NLW WASHERY,COAL,BCCL,"JHARKHAND, .",2010-08-01,2014-05-01,2016-10-01,289.45,289.45,122.07,,80,,29(O),0/8,consolidated,84
2016-04-01,N06000127,94,PATHERDIH NLW WASHERY,COAL,BCCL,"JHARKHAND, .",2012-10-01,2014-04-01,2016-11-01,269.82,269.82,77.35,,,,31(O),0/10,consolidated,85
2016-04-01,N06000145,95,BITHNOK LIGNITE MINE PROJECT (2.25 MTPA),COAL,NLC,"RAJASTHAN, Central Sector Projects",2015-03-01,2019-12-01,2019-12-01,513.63,513.63,67.25,,,,0(O),0/0,consolidated,85
2016-04-01,N08000009,96,"NEW SEWAGE TREATMENT PLANT PACKAGE, RCF TROMBAY",FERTILISERS,RCF,"MAHARASHTRA, .",2014-10-01,2016-11-01,2016-11-01,197.79,209.44,63.57,,209.44,,0(O),0/0,consolidated,85
2016-04-01,N10000007,97,EXPANSION OF MALANJKHAND MINE- DEVELOPMENT OF UNDERGROUND MINE UNDER EXISTING OPEN CAST MINE OF CAPAC,MINES,HCL,"MADHYA PRADESH, .",2011-09-01,2017-09-01,2020-04-01,1856,1176,9.97,,,,31(O),0/0,consolidated,85
2016-04-01,N10000008,98,IMPLEMENTATION OF 50.4 MW WIND POWER PROJECT AT YELLAPUR,MINES,NALCO,"MAHARASHTRA, Private",2015-12-01,2016-11-01,2016-11-01,355.13,355.13,94.67,,355.13,2016-11-01,0(O),0/6,consolidated,85
2016-04-01,N10000009,99,IMPLEMENTATION OF 50 MW WIND POWER PROJECT AT DEVIKOT,MINES,NALCO,"RAJASTHAN, PPP (ANNUITY)",2015-12-01,2016-11-01,2016-11-01,344.5,344.5,120.21,,344.5,2016-11-01,0(O),0/0,consolidated,85
2016-04-01,N12000104,100,CONSTRUCTION OF 123 BLOCKS IN TELENGANA AND 167 BLOCKS IN A.P. FOR INDOOR SPORTS HALL UNDER RAJIV GA,STEEL,HSCL,"ANDHRA PRADESH, .",2014-07-01,1999-01-01,,232,232,,,,,,0/0,consolidated,85
2016-04-01,N12000093,101,ALTERNATE GAS NETWORK AT BSL,STEEL,SAIL,"JHARKHAND, .",2015-03-01,2018-03-01,2018-03-01,255.19,255.19,31.75,,,,0(O),0/0,consolidated,85
2016-04-01,N12000098,102,CONSTRUCTION AND MAINTEINANCE OF RURAL ROAD UNDER PMGSY PHASE V,STEEL,HSCL,"TRIPURA, .",2007-03-01,2015-12-01,2017-03-01,149.73,175.94,178.52,,173,,15(O),0/0,consolidated,85
2016-04-01,N12000101,103,CONSTRUCTION OF MEDICAL COLLEGE AND HOSPITAL AT GULBARGA,STEEL,HSCL,"KARNATAKA, .",2005-05-01,2014-02-01,2016-03-01,768.88,1070.97,1070.97,,1070.97,,,0/0,consolidated,85
2016-04-01,N12000107,104,CONSTRUCTION OF MEDICAL COLLEGE CAMPUS FOR 100 MBBS ADMISSION ANNUALLY AND UP- GRADATION OF GOVT. DIS,STEEL,HSCL,"RAJASTHAN, .",2015-05-01,2017-03-01,2017-03-01,189,189,,,,,0(O),0/0,consolidated,85
2016-04-01,N12000108,105,IRRIGATION WORK OF BAGMATI,STEEL,HSCL,"BIHAR, .",2005-10-01,2015-03-01,2017-03-01,956,956,649.75,,,,24(O),0/0,consolidated,85
2016-04-01,N12000110,106,"CONSTRUCTION OF ROAD AND BRIDGE IN GIRIDHI, KODERMA, HAZARIBAG, RAMGARH AND CHATRA DISTRICT",STEEL,HSCL,"JHARKHAND, .",2007-12-01,2018-03-01,2018-03-01,200,200,133.15,,81,,0(O),0/0,consolidated,85
2016-04-01,N12000114,107,CONSTRUCTION OF WORKSHOPS AND BUILDINGS FOR 24 NOS NEW INDUSTRIAL TRAINING INSTITUTES(ITI) IN DIFFER,STEEL,HSCL,"WEST BENGAL, Central Sector Projects",2012-08-01,2016-03-01,2016-03-01,185.37,185.37,178.3,,,,,0/0,consolidated,86
2016-04-01,N12000094,108,INSTALLATION OF NEW HOT STRIP MILL AT RSP,STEEL,SAIL,"ODISHA, .",2015-04-01,2018-04-01,2018-04-01,3127.3,3127.3,317.97,,,,0(O),0/0,consolidated,86
2016-04-01,N12000102,109,CONSTRUCTION OF PARAMEDICAL AND ALLIED HEALTH INSTITUTE AT GULBARGA,STEEL,HSCL,"KARNATAKA, .",2011-07-01,2015-12-01,2016-04-01,324.87,324.87,263.57,,324.87,,4(O),0/0,consolidated,86
2016-04-01,N12000112,110,CONSTRUCTION OF ROAD AND BRIDGE UNDER PMGSY,STEEL,HSCL,"JHARKHAND, .",2013-04-01,2018-04-01,2018-04-01,170,170,89.91,,,,0(O),0/0,consolidated,86
2016-04-01,N12000072,111,"1.2 MTPA PELLET PLANT PROJECT ,DONIMALAI (NMDC)",STEEL,NMDC,"KARNATAKA, .",2011-04-01,2013-04-01,2015-06-01,572,572,451.58,,,2014-09-01,,18/19,consolidated,86
2016-04-01,N12000076,112,INSTALLATION OF 45MVA SAF T WITH OTHER ASSOCIATED FACILITIES,STEEL,SAIL,"MAHARASHTRA, .",2011-12-01,2013-10-01,2016-06-01,187.33,187.33,175.6,,,,32(O),2/5,consolidated,86
2016-04-01,N12000090,113,SMS-1 CONVERTERS REVAMPING,STEEL,RINL,"ANDHRA PRADESH, .",2012-05-01,2015-07-01,2017-06-01,404.16,404.16,307.7,,,,23(O),0/1,consolidated,86
2016-04-01,N12000091,114,REVAMPING OF SINTER MACHINES - 1 AND 2,STEEL,RINL,"ANDHRA PRADESH, .",2009-12-01,2016-10-01,2017-06-01,343,488.4,54.99,,,,8(O),0/0,consolidated,86
2016-04-01,N12000109,115,CONSTRUCTION OF RURAL ROADS WITH FIVE YEAR MAINTEINANCE UNDER PMGSY-JHARKHAND,STEEL,HSCL,"JHARKHAND, .",2007-12-01,2016-06-01,2016-06-01,253.92,253.92,194.22,,253.92,,0(O),0/0,consolidated,86
2016-04-01,N12000100,116,CONSTRUCTION AND MAINTEINANCE OF RURAL ROAD UNDER PMGSY PHASE VIII,STEEL,HSCL,"TRIPURA, .",2011-10-01,2016-12-01,2017-07-01,175.49,206.71,141.17,,206.71,,7(O),0/0,consolidated,86
2016-04-01,N12000073,117,7.0 MTPA KUMARASWAMY IRON ORE MINE PROJECT (NMDC),STEEL,NMDC,"KARNATAKA, .",2011-02-01,2013-05-01,2015-08-01,898.55,898.55,379.57,,,2015-01-01,,19/20,consolidated,86
2016-04-01,N12000084,118,UPGRADATION OF BLAST FURNACE-1 AT RSP,STEEL,SAIL,"ODISHA, .",2014-06-01,2016-04-01,2016-09-01,708.91,708.91,403.85,,,,5(O),2/2,consolidated,86
2016-04-01,N12000092,119,TURBO BLOWER - 5,STEEL,RINL,"ANDHRA PRADESH, .",2009-12-01,2016-09-01,2016-09-01,280,280,49.55,,,,0(O),1/1,consolidated,86
2016-04-01,N12000097,120,EXPANSION OF GUA ORE MINES WITH BENEFICIATION FACILITIES AND INSTALLATION OF PELLET PLANT,STEEL,SAIL,"JHARKHAND, .",2014-02-01,2017-09-01,2017-09-01,4749,4749,13.76,,,,0(O),0/0,consolidated,86
2016-04-01,N12000103,121,"CONSTRUCTION OF INTERNATIONAL CENTRE FOR PERFORMING ARTS AND CULTURE, SHILONG IN MEGALAYA UNDER NLCP",STEEL,HSCL,"MEGHALAYA, .",2014-04-01,2017-09-01,2017-09-01,151.33,151.33,7.43,,,,0(O),0/0,consolidated,86
2016-04-01,N12000089,122,BLAST FURNACE-2 CATEGORY-1 CAPITAL REPAIRS,STEEL,RINL,"ANDHRA PRADESH, .",2011-07-01,2015-07-01,2016-10-01,877.73,877.73,497.61,,,,15(O),2/2,consolidated,86
2016-04-01,N12000095,123,NEW SINTER PLANT AT BOKARO STEEL PLANT,STEEL,SAIL,"JHARKHAND, .",2015-03-01,2017-10-01,2017-10-01,1034.01,1034.01,57.49,,,,0(O),0/0,consolidated,86
2016-04-01,N12000057,124,EXPANSION OF BHILAI STEEL PLANT,STEEL,SAIL,"CHHATISGARH, .",2010-08-01,2013-03-01,2016-11-01,17265,17265,15973.65,,,,44(O),32/35,consolidated,86
2016-04-01,N12000083,125,REBUILDING OF COB-7 AT BSL,STEEL,SAIL,"JHARKHAND, .",2013-10-01,2016-05-01,2016-12-01,245.67,245.67,115.64,,,,7(O),1/3,consolidated,86
2016-04-01,N12000085,126,DEVELOPMENT OF PERMANENT BARRACKS AT 21 LOCATIONS AT ROWGHAT DEPOSIT,STEEL,SAIL,"CHHATISGARH, .",2014-04-01,2015-04-01,2016-12-01,188.93,188.93,63.74,,,,20(O),2/3,consolidated,86
2016-04-01,N12000086,127,NMDC INTEGRATED STEEL PLANT,STEEL,NMDC,"CHHATISGARH, .",2010-01-01,2015-05-01,2016-12-01,15525,15525,9218.01,,82,2016-12-01,19(O),36/81,consolidated,86
2016-04-01,N12000088,128,3RD CONVERTER AND 4TH CASTER,STEEL,RINL,"ANDHRA PRADESH, .",2011-07-01,2016-07-01,2016-12-01,974.76,974.76,311.96,,,,5(O),1/1,consolidated,87
2016-04-01,N12000096,129,MODERNISATION OF STEEL MELTING SHOP NO.1 AT BOKARO STEEL PLANT,STEEL,SAIL,"JHARKHAND, .",2015-05-01,2017-12-01,2017-12-01,1154.18,1154.18,103.44,,,,0(O),0/0,consolidated,87
2016-04-01,N12000099,130,CONSTRUCTION AND MAINTEINANCE OF RURAL ROAD UNDER PMGSY PHASE VI,STEEL,HSCL,"TRIPURA, .",2007-12-01,2016-12-01,2016-12-01,202.61,227,199.89,,227,,0(O),0/0,consolidated,87
2016-04-01,N12000106,131,CONSTRUCTION OF CAMPUS AND BUILDING FOR NATIONAL INSTITUTE OF PHARMACEUTICAL EDUCATION AND RESEARCH(,STEEL,HSCL,"GUJARAT, .",2013-01-01,,2017-12-01,175,175,,,,,,0/0,consolidated,87
2016-04-01,N12000111,132,CONSTRUCTION OF RURAL ROAD DEVELOPMENT AUTHORITY UNDER PHASE-XII,STEEL,HSCL,"JHARKHAND, .",2014-02-01,2016-12-01,2016-12-01,787.29,787.29,298.73,,,,0(O),0/0,consolidated,87
2016-04-01,N16000106,133,ASSAM GAS CRACKER PROJECT,PETROCHEMICALS,BCPL,"ASSAM, .",2006-04-01,2012-04-01,2015-12-01,5460.61,9965,9895.57,,8920,2013-12-01,,23/26,consolidated,87
2016-04-01,N16000162,134,ENNORE-TRICHY-MADURAI LPG PIPELINE,PETROLEUM,IOCL,"TAMIL NADU, .",2013-05-01,,,711,711,4.8,,,,,0/0,consolidated,87
2016-04-01,N16000165,135,PURCHASE OF 2 NOS. OF 2000 HP DRILLING RIG,PETROLEUM,OIL,"MULTI STATE, .",2010-04-01,2012-06-01,,270,251.66,172.53,,,,,0/0,consolidated,87
2016-04-01,N16000178,136,NEW MARKETING TERMINAL AT ENNORE,PETROLEUM,IOCL,"TAMIL NADU, .",2006-11-01,,,171.83,171.83,,,,,,0/0,consolidated,87
2016-04-01,N16000193,137,AUGMENTATION OF PARADIP-HALDIA-DURGAPUR LPG PIPELINE AND ITS EXTENSION UPTO PATNA AND MUZAFFARPUR,PETROLEUM,IOCL,"MULTI STATE, .",2015-01-01,,,1823,1823,,,,,,0/0,consolidated,87
2016-04-01,N16000194,138,PARADIP HYDERABAD PIPLEINE,PETROLEUM,IOCL,"MULTI STATE, .",2015-01-01,,,2321,2321,0.3,,,,,0/0,consolidated,87
2016-04-01,N16000195,139,JAIPUR-PANIPAT NAPTHA PIPELINE ALONG WITH AUGMENTATION OF KOYALI-SANGANER PRODUCT PIPELINE,PETROLEUM,IOCL,"MULTI STATE, .",2015-02-01,,,890,890,,,,,,0/0,consolidated,87
2016-04-01,N16000207,140,DIESEL HYDROTREATOR,PETROLEUM,NRL,"ASSAM, Central Sector Projects",2015-07-01,2018-01-01,2018-01-01,1031.37,1031.37,43.73,,,,0(O),26/61,consolidated,87
2016-04-01,N16000214,141,SIX PIPELINE REPLACEMENT PROJECT,PETROLEUM,ONGC,"MADHYA PRADESH, Central Sector Projects",2009-03-01,2017-01-01,2017-01-01,181.02,173.28,94.48,,,,0(O),0/0,consolidated,87
2016-04-01,N16000217,142,RESITING OF TINSUKIA TERMINAL PROJECT (DIGBOI MARKETING TERMINAL PROJECT),PETROLEUM,IOCL,"ASSAM, .",2012-06-01,2014-07-01,2017-01-01,150,150,140.02,,,,30(O),0/12,consolidated,87
2016-04-01,N16000129,143,KOCHI-KOOTANAD BANGALORE MANGALORE PIPELINE PROJECT,PETROLEUM,GAIL,"MULTI STATE, .",2009-06-01,2012-12-01,2019-02-01,2915,2915,1381.75,,,,74(O),7/14,consolidated,87
2016-04-01,N16000171,144,LPG TERMINAL AT KOCHI,PETROLEUM,IOCL,"KERALA, .",2015-10-01,2017-10-01,2018-02-01,607.06,714.25,57.8,,714.25,2018-02-01,4(O),21/52,consolidated,87
2016-04-01,N16000210,145,GAIL GAS LTD BENGALURU CGD PROJECT,PETROLEUM,GAIL,"KARNATAKA, Central Sector Projects",2015-02-01,2020-02-01,2020-02-01,749,749,,,,,0(O),0/0,consolidated,88
2016-04-01,N16000216,146,RAZE REBUILD AND REVAMP OF MARKETING DEPOT AT DOIMUKH,PETROLEUM,IOCL,"ARUNACHAL PRADESH, .",2016-01-01,2019-02-01,2019-02-01,247.52,247.52,0.18,,,,0(O),1/10,consolidated,88
2016-04-01,N16000061,147,ASSAM RENEWAL PROJECT FOR GROUP A,PETROLEUM,ONGC,"ASSAM, .",2009-03-01,2013-03-01,2017-03-01,2465.15,2378.89,1803,,2378.89,2016-03-01,48(O),5/15,consolidated,88
2016-04-01,N16000133,148,DEVELOPMENT OF C-26 CLUSTER FIELDS,PETROLEUM,ONGC,"MAHARASHTRA, .",2012-03-01,2014-05-01,2017-03-01,2592.17,2592.17,1251.65,,2592.17,2017-03-01,34(O),0/21,consolidated,88
2016-04-01,N16000148,149,PARADIP HALDIA DURGAPUR LPG PIPELINE,PETROLEUM,IOCL,"MULTI STATE, .",2011-02-01,2015-08-01,2017-03-01,913,913,379.89,,,,19(O),0/0,consolidated,88
2016-04-01,N16000154,150,MOUNDED BULLET PROJECT AT CPCL,PETROLEUM,CPCL,"TAMIL NADU, .",2012-12-01,2014-12-01,2016-03-01,279,279,142.28,,,,,58/58,consolidated,88
2016-04-01,N16000155,151,URAN CHAKAN SHIKRAPUR LPG PIPELINE,PETROLEUM,HPCL,"MULTI STATE, .",2009-12-01,2014-10-01,2017-03-01,309.81,462.79,282.12,,462.79,2017-03-01,29(O),28/40,consolidated,88
2016-04-01,N16000167,152,SECONDARY TANK FARM WITH DEHYDRATION FACILITY AND EFFLUENT TREATMENT PLANT AT MADHUBAN,PETROLEUM,OIL,"MULTI STATE, .",2011-07-01,2017-03-01,2018-03-01,352.56,450.55,10.6,,,2017-03-01,12(O),0/0,consolidated,88
2016-04-01,N16000175,153,DISTILLATE YIELD IMPROVEMENT PROJECT (COKER) AT HALDIA REFINERY,PETROLEUM,IOCL,"WEST BENGAL, .",2014-03-01,2017-09-01,2018-03-01,3076,3076,293.14,,,2018-03-01,6(O),1/7,consolidated,88
2016-04-01,N16000197,154,MUMBAI HIGH SOUTH (MHS) REDEVELOPMENT PHASE-III,PETROLEUM,ONGC,"MAHARASHTRA, .",2014-11-01,2019-04-01,2019-03-01,6068.8,6068.8,805.88,,,,-1(O),0/0,consolidated,88
2016-04-01,N16000198,155,DAMAN DEVELOPMENT PROJECT,PETROLEUM,ONGC,"D & N HAVELI, .",2014-08-01,2019-05-01,2020-03-01,6086.08,6086.08,878.52,,,2020-03-01,10(O),0/0,consolidated,88
2016-04-01,N16000204,156,NEELAM REDEVELOPMENT PLAN FOR EXPLOITATION OF BASSEIN AND MUKTA PAY,PETROLEUM,ONGC,"MAHARASHTRA, .",2015-08-01,2019-03-01,2019-03-01,2818.88,2818.88,,,,,0(O),0/0,consolidated,88
2016-04-01,N16000208,157,50 MW 10 PERSENT WIND ENERGY POWER PROJECT,PETROLEUM,OIL,"GUJARAT, Central Sector Projects",2015-11-01,2017-03-01,2017-03-01,500,500,,,,,0(O),0/0,consolidated,88
2016-04-01,N16000157,158,STRATEGIC CRUDE OIL STORAGE PROJECT AT MANGALORE,PETROLEUM,ISPRL,"KARNATAKA, .",2006-01-01,2011-10-01,2016-04-01,732,1227,944.84,,1227,,54(O),0/0,consolidated,88
2016-04-01,N16000159,159,"PIPELINE REPLACEMENT PROJECT, AHMEDABAD",PETROLEUM,ONGC,"GUJARAT, .",2011-09-01,2016-07-01,2017-04-01,202.25,160.16,78.03,,,,9(O),5/12,consolidated,88
2016-04-01,N16000199,160,NEW CRUDE OIL PIPELINE PROJECT FROM CHENNAI PORT TO MANALI REFINERY,PETROLEUM,CPCL,"TAMIL NADU, .",2015-05-01,2016-11-01,2017-04-01,257.87,257.87,35.76,,,,5(O),11/22,consolidated,88
2016-04-01,N16000213,161,LIFE EXTENSION OF WALL PLATFORMS OF MUMBAI HIGH AND HEERA FIELDS,PETROLEUM,ONGC,"MAHARASHTRA, Central Sector Projects",2015-12-01,2018-04-01,2018-04-01,3190.69,3190.69,71.26,,,,0(O),0/0,consolidated,88
2016-04-01,N16000218,162,DHDS REVAMP FOR MEETING BS-IV DIESEL QUALITY,PETROLEUM,CPCL,"TAMIL NADU, Central Sector Projects",2016-02-01,2017-04-01,2017-04-01,367.11,367.11,,,,,0(O),0/0,consolidated,88
2016-04-01,N16000219,163,CONSTRUCTION OF COASTAL POL TERMINAL AT ENNORE,PETROLEUM,BPCL,"MAHARASHTRA, .",2014-08-01,2018-04-01,2018-04-01,393,393,,,,,0(O),0/0,consolidated,88
2016-04-01,N16000140,164,IOR OF B-173A FIELD,PETROLEUM,ONGC,"MULTI STATE, .",2012-01-01,2014-03-01,2016-05-01,352.49,352.49,181.37,,,2016-05-01,26(O),0/3,consolidated,88
2016-04-01,N16000143,165,INTEGRATED REFINERY EXPANSION PROJECT,PETROLEUM,BPCL,"KERALA, .",2012-03-01,2016-05-01,2016-05-01,14225,16504,5969.01,,,,0(O),0/16,consolidated,88
2016-04-01,N16000169,166,STRATEGIC CRUDE OIL STORAGE PROJECT AT PADUR,PETROLEUM,ISPRL,"KERALA, .",2006-01-01,2012-01-01,2016-05-01,993,1693,1398.5,,1693,,52(O),0/0,consolidated,88
2016-04-01,N16000173,167,DEVELOPMENT OF SHALLOW WATER WELLS IN EASTERN OFFSHORE,PETROLEUM,ONGC,"MULTI STATE, .",2013-04-01,2015-04-01,2017-05-01,284.82,284.82,,,,2017-05-01,25(O),0/5,consolidated,89
2016-04-01,N16000188,168,MH NORTH REDEVELOPMENT PHASE III,PETROLEUM,ONGC,"MAHARASHTRA, .",2014-06-01,2017-05-01,2017-05-01,5706.47,5813.25,3709.29,,5813.25,2017-05-01,0(O),6/16,consolidated,89
2016-04-01,N16000203,169,PIPELINE REPLACEMENT PROJECT -4,PETROLEUM,ONGC,"MAHARASHTRA, .",2015-02-01,2017-05-01,2017-05-01,2899.93,2098.43,1017.27,,2098.43,,0(O),0/0,consolidated,89
2016-04-01,N16000088,170,PARADIP-RAIPUR- RANCHI PIPELINE,PETROLEUM,IOCL,"MULTI STATE, .",2009-08-01,2012-09-01,2016-06-01,1793,1793,1087.7,,,,45(O),6/7,consolidated,89
2016-04-01,N16000089,171,DE-BOTTLENECKING OF SMPL,PETROLEUM,IOCL,"MAHARASHTRA, .",2009-12-01,2015-08-01,2016-06-01,1584,1584,1193.37,,,,10(O),3/12,consolidated,89
2016-04-01,N16000117,172,CONSTRUCTION OF 6 ETPS,PETROLEUM,ONGC,"GUJARAT, .",2009-03-01,2012-09-01,2016-06-01,317.64,240.95,127.28,,,2016-06-01,45(O),0/5,consolidated,89
2016-04-01,N16000131,173,INTEGRATED DEVELOPMENT OF B-127 FIELDS,PETROLEUM,ONGC,"MAHARASHTRA, .",2011-12-01,2015-03-01,2017-06-01,2059.63,2665.65,1351.65,,2665.65,2017-06-01,27(O),0/17,consolidated,89
2016-04-01,N16000136,174,DEVELOPMENT OF WESTERN PERIPHERY OF MH SOUTH FIELD,PETROLEUM,ONGC,"MULTI STATE, .",2012-04-01,2014-12-01,2017-06-01,600.17,600.17,375.14,,600.17,2015-05-01,30(O),0/8,consolidated,89
2016-04-01,N16000149,175,AUGMENTATION OF PARADIP HALDIA BARAUNI PIPELINE,PETROLEUM,IOCL,"MULTI STATE, .",2011-08-01,2015-08-01,2016-06-01,586,586,295.67,,,,10(O),3/12,consolidated,89
2016-04-01,N16000190,176,CHINCHINNADA KAKINADA JUNCTION POINT PIPE LINE,PETROLEUM,GAIL,"ANDHRA PRADESH, .",2014-07-01,2017-01-01,2016-06-01,419.04,419.04,360,,,,-7(O),13/16,consolidated,89
2016-04-01,N16000191,177,REVERSE OSMOSIS PLANT FOR ETP AT GUJARAT REFINERY,PETROLEUM,IOCL,"GUJARAT, .",2011-12-01,2016-02-01,2016-07-01,160,160,76.89,,,2016-07-01,5(O),3/4,consolidated,89
2016-04-01,N16000201,178,PETCOKE EVACUATION PROJECT AT PARADIP REFINERY,PETROLEUM,IOCL,"ODISHA, .",2014-03-01,2017-03-01,2017-07-01,238.5,238.5,24.42,,,,4(O),2/6,consolidated,89
2016-04-01,N16000215,179,"CONSTRUCTION OF POL DEPOT AT IMPHAL, MANIPUR",PETROLEUM,IOCL,"MANIPUR, Central Sector Projects",2010-08-01,2016-07-01,2016-07-01,103.02,171,114.42,,,,0(O),5/10,consolidated,89
2016-04-01,N18000148,180,UPGRADATION OF CRUDE OIL PUMP STATIONS OF NAHARKATIYA-BARAUNI CRUDE OIL TRUNK PIPELINE,PETROLEUM,OIL,"ASSAM, .",2012-09-01,2015-03-01,2016-08-01,871.35,1200,590.28,,,,17(O),0/5,consolidated,89
2016-04-01,N16000186,181,MARKETING TOP AT KORBA,PETROLEUM,IOCL,"CHHATISGARH, .",2011-01-01,2016-09-01,2016-09-01,141.86,232,126.06,,,,0(O),0/12,consolidated,89
2016-04-01,N16000211,182,NAWAGAM-KOYALI PIPELINE PROJECT,PETROLEUM,ONGC,"GUJARAT, Central Sector Projects",2014-11-01,2018-09-01,2018-09-01,195.63,195.63,24.6,,,,0(O),0/0,consolidated,89
2016-04-01,N16000084,183,CONSTRUCTION OF 12 OFFSHORE SUPPLY VESSELS(OSV),PETROLEUM,ONGC,"MULTI STATE, .",2007-06-01,2011-09-01,2016-10-01,736.65,736.65,514.71,,,2016-10-01,61(O),0/0,consolidated,89
2016-04-01,N16000093,184,VKPL UPGRADATION AND LAYING OF SPURLINE (TO BHILWARA AND CHITTORGARH),PETROLEUM,GAIL,"MULTI STATE, .",2009-12-01,2011-06-01,2016-10-01,463.32,463.32,342.64,,,2012-03-01,64(O),13/20,consolidated,89
2016-04-01,N16000177,185,REPLACEMENT OF COKE CHAMBERS,PETROLEUM,IOCL,"BIHAR, .",2013-04-01,2016-02-01,2016-10-01,480,422,259.51,,,,8(O),5/6,consolidated,89
2016-04-01,N16000209,186,50 MW CAPACITY WIND POWER PROJECT UNDER PHASE II,PETROLEUM,HPCL,"RAJASTHAN, .",2011-11-01,2013-03-01,2016-10-01,310,370,17.76,,370,2016-10-01,43(O),0/27,consolidated,89
2016-04-01,N16000221,187,"LPG IMPORT TERMINAL AT HALDIA, WEST BENGAL",PETROLEUM,BPCL,"MAHARASHTRA, .",1991-01-01,2018-10-01,2018-10-01,694,694,57.19,,,,0(O),0/0,consolidated,89
2016-04-01,N16000146,188,MANGALORE HASSAN MYSORE SOLUR LPG PIPELINE (MHMSLPL),PETROLEUM,HPCL,"KARNATAKA, .",2012-02-01,2015-11-01,2016-11-01,666,838.08,606.93,,838.08,2016-11-01,12(O),26/29,consolidated,89
2016-04-01,N16000184,189,RESID UPGRADATION PROJECT,PETROLEUM,CPCL,"TAMIL NADU, .",2013-03-01,2015-11-01,2016-11-01,3110.36,3110.36,1716.4,,85,2016-11-01,12(O),47/52,consolidated,89
2016-04-01,N16000202,190,GAMJI REDEVELOPMENT PROJECT,PETROLEUM,ONGC,"GUJARAT, .",2015-05-01,2019-11-01,2019-11-01,1671.22,1881.22,,,,,0(O),0/0,consolidated,90
2016-04-01,N16000072,191,PHUPLUR-HALDIA PIPELINE PROJECT PHASE-I,PETROLEUM,GAIL,"MULTI STATE, .",2009-07-01,2013-01-01,2018-12-01,3957,3561,115.39,,3561,2018-12-01,71(O),13/38,consolidated,90
2016-04-01,N16000128,192,CONVERSION OF RIG SAGAR SAMRAT TO MOBILE OFFSHORE PRODUCTION UNIT(MOPS),PETROLEUM,ONGC,"MAHARASHTRA, .",2011-03-01,2013-05-01,2016-12-01,861.79,1256.72,1055.35,,1256.72,2016-04-01,43(O),1/5,consolidated,90
2016-04-01,N16000161,193,RECONSTRUCTION OF BPA AND BPB PLATFORMS,PETROLEUM,ONGC,"MAHARASHTRA, .",2013-03-01,2015-04-01,2016-12-01,1138.5,686.58,613.79,,686.58,2016-05-01,20(O),0/0,consolidated,90
2016-04-01,N16000172,194,INTEGRATED DEVELOPMENT OF VASHISTA AND S-1 FIELDS,PETROLEUM,ONGC,"MULTI STATE, .",2013-05-01,2016-04-01,2017-12-01,4124.35,4124.35,716.6,,4124.35,2017-12-01,20(O),0/3,consolidated,90
2016-04-01,N16000179,195,POLYPROPYLENE PLANT AT PARADIP REFINERY,PETROLEUM,IOCL,"ODISHA, .",2014-03-01,2017-09-01,2017-12-01,3150,3150,238.97,,,,3(O),1/6,consolidated,90
2016-04-01,N16000183,196,ADDITIONAL DEVELOPMENT OF VASAI EAST FIELD,PETROLEUM,ONGC,"MULTI STATE, .",2014-03-01,2018-12-01,2018-12-01,2476.82,2476.82,850.99,,,,0(O),3/8,consolidated,90
2016-04-01,N16000187,197,RESITEMENT OF TATA NAGAR AND RACHI DEPOTS TO KHUNTI (JHARKHAND),PETROLEUM,IOCL,"JHARKHAND, .",2011-04-01,2015-05-01,2016-12-01,191.96,191.96,77.8,,,,19(O),0/12,consolidated,90
2016-04-01,N16000192,198,TWENTY NOS. FEEDER GAS LINES,PETROLEUM,OIL,"ASSAM, .",2009-03-01,2016-12-01,2016-12-01,228.64,214.19,147.72,,,,0(O),0/0,consolidated,90
2016-04-01,N16000196,199,PARADIP LPG IMPORT FACILITY,PETROLEUM,IOCL,"MULTI STATE, .",2015-01-01,2018-07-01,2018-12-01,690,690,,,,,5(O),1/39,consolidated,90
2016-04-01,N16000200,200,CRU TO ISOMERIZATION (ISOM),PETROLEUM,BPCL,"MULTI STATE, .",2011-10-01,2016-11-01,2016-12-01,725,725,216.8,,,,1(O),0/8,consolidated,90
2016-04-01,N16000205,201,INSTALLATION OF DIESEL HYDROTREATMENT UNIT (DHT) AND ASSOCIATED FACILITIES,PETROLEUM,BPCL,"MAHARASHTRA, .",2015-05-01,2017-12-01,2017-12-01,2443,2443,164.22,,,,0(O),0/0,consolidated,90
2016-04-01,N16000212,202,"ENHANCED RECOVERY FROM BASSEIN FIELD THROUGH INTEGRATED DEVELOPMENT OF MUKTA, BASSEIN AND PANNA FORM",PETROLEUM,ONGC,"MAHARASHTRA, Central Sector Projects",2015-01-01,2017-12-01,2017-12-01,4619.94,4619.94,1003.65,,,,0(O),0/0,consolidated,90
2016-04-01,N16000220,203,"LPG STORAGE TERMINAL AT PALAKKAD, KERALA",PETROLEUM,BPCL,"MAHARASHTRA, .",2015-02-01,2017-12-01,2017-12-01,184,184,12.44,,,,0(O),0/0,consolidated,90
2016-04-01,N16000127,204,CONSTRUCTION OF ONE ETP AND THREE ETPS CUM WATER INJECTION PLANTS(WIP),PETROLEUM,ONGC,"ASSAM, .",2010-06-01,2014-01-01,,202.94,202.94,2.95,,,,,0/2,consolidated,90
2016-04-01,N18000071,205,TRIPURA GAS BASED POWER PROJECT,POWER,NEEPCO,"TRIPURA, .",2009-07-01,2013-07-01,2016-01-01,421.01,1007.57,986.62,,1007.57,,,25/26,consolidated,90
2016-04-01,N18000126,206,COMMON SYSTEM ASSOCIATED WITH ISGS PROJECTS IN VEMAGIRI AREA OF ANDHRA PRADESH PART-A1,POWER,PGCIL,"ANDHRA PRADESH, .",2012-03-01,2014-06-01,,206.44,206.44,,,,,,11/20,consolidated,90
2016-04-01,N18000192,207,NPGCPL-NABINAGAR STPP - JV (3X660 MW),POWER,NTPC,"BIHAR, .",2013-01-01,2018-01-01,2018-01-01,12964.6,12964.6,6055.44,,,,0(O),23/31,consolidated,90
2016-04-01,N18000169,208,SYSTEM STRENGTHENING - XX IN SOUTHERN REGIONAL GRID,POWER,PGCIL,"MULTI STATE, .",2014-08-01,2017-02-01,2017-02-01,288.49,288.49,88.5,,,,0(O),1/12,consolidated,90
2016-04-01,N18000177,209,NORTH KARANPURA STPP (3X660 MW),POWER,NTPC,"JHARKHAND, .",2014-02-01,2019-02-01,2019-02-01,14366.58,14366.58,2717,,86,,0(O),12/13,consolidated,90
2016-04-01,N18000189,210,DHUKWAN SMALL HYDRO PROJECT,POWER,THDCIL,"UTTAR PRADESH, .",2011-05-01,2014-02-01,2018-02-01,195.42,195.42,64.44,,,,48(O),1/1,consolidated,91
2016-04-01,180100239,211,KAMENG HYDROELECTRIC PROJECT (NEEPCO),POWER,NEEPCO,"ARUNACHAL PRADESH, .",2004-12-01,2009-12-01,2017-03-01,2496.9,6179.96,4610.16,,6179.96,2017-03-01,87(O),16/30,consolidated,91
2016-04-01,N18000035,212,WESTERN REGION STRENGTHENING SCHEME-V,POWER,PGCIL,"MAHARASHTRA, .",2007-12-01,2010-09-01,2017-03-01,477.69,738.48,603.59,,738.48,2016-01-01,78(O),4/8,consolidated,91
2016-04-01,N18000041,213,BONGAIGAON THERMAL POWER PROJECT,POWER,NTPC,"ASSAM, .",2008-01-01,2011-09-01,2017-03-01,4375.35,6749.18,5989,,6749.18,,66(O),21/37,consolidated,91
2016-04-01,N18000061,214,TR. SYSTEM ASSOCIATED WITH MUNDRA ULTRA MEGA POWER PROJECT,POWER,PGCIL,"MULTI STATE, .",2008-10-01,2012-10-01,2017-03-01,4824.12,4824.12,4299.28,,,,53(O),7/11,consolidated,91
2016-04-01,N18000077,215,TRANSMISSION SYSTEM FOR DEVELOPMENT OF POOLING STN. IN NR PART OF WEST BENGAL AND TRANSFER OF POWER,POWER,PGCIL,"WEST BENGAL, .",2010-04-01,2015-01-01,2017-03-01,4404.57,4404.57,2682.95,,,,26(O),8/16,consolidated,91
2016-04-01,N18000085,216,SYSTEM STRENGTHENING XII OF SR,POWER,PGCIL,"MULTI STATE, .",2010-02-01,2012-06-01,2017-03-01,232.34,232.34,219.29,,,,57(O),1/4,consolidated,91
2016-04-01,N18000099,217,TRANSMISSION SYSTEM FOR TRANSFER OF POWER FROM GEN.PROJ IN SIKKIM TO NR/WR PART-B,POWER,PGCIL,"MULTI STATE, .",2011-03-01,2013-11-01,2016-03-01,1585.12,1585.12,1452.46,,,,,11/12,consolidated,91
2016-04-01,N18000114,218,TRANSMISSION SYSTEM FOR CONNECTIVITY OF ESSAR POWER GUJARAT LIMITED,POWER,PGCIL,"GUJARAT, .",2011-12-01,2014-02-01,2016-03-01,552.44,609.44,501.6,,609.44,2016-03-01,,10/10,consolidated,91
2016-04-01,N18000116,219,SYSTEM STRENGTHENING IN NORTH/WEST PART OF WR FOR IPP PROJECTS IN CHATTISGARH,POWER,PGCIL,"CHHATISGARH, .",2011-12-01,2014-08-01,2017-03-01,1746.65,2228.71,1528.73,,2228.71,2015-12-01,31(O),7/11,consolidated,91
2016-04-01,N18000119,220,TUIRIAL HYDRO ELECTRIC PROJECT (60MW),POWER,NEEPCO,"MIZORAM, .",1998-07-01,2006-07-01,2017-03-01,368.72,1441.52,1017.49,,1441.52,2017-03-01,128(O),5/13,consolidated,91
2016-04-01,N18000131,221,KUDGI STPP STAGE 1,POWER,NTPC,"KARNATAKA, .",2012-01-01,2017-01-01,2017-03-01,15166.19,15166.19,10871,,,,2(O),31/41,consolidated,91
2016-04-01,N18000157,222,UNIFIED REAL TIME DYNAMIC STATE MEASUREMENT PHASE-I,POWER,PGCIL,"MULTI STATE, .",2014-01-01,2016-04-01,2017-03-01,374.63,374.63,21.5,,,,11(O),0/0,consolidated,91
2016-04-01,N18000158,223,NORTHERN REGION SYSTEM STRENGTHENING SCHEME - XXX,POWER,PGCIL,"MULTI STATE, .",2014-02-01,2016-06-01,2017-03-01,539.82,539.82,145.2,,,,9(O),8/11,consolidated,91
2016-04-01,N18000159,224,NORTHERN REGION SYSTEM STRENGHENING SCHEME - XXXII,POWER,PGCIL,"MULTI STATE, .",2014-02-01,2016-06-01,2017-03-01,908.08,908.08,320.5,,,,9(O),10/18,consolidated,91
2016-04-01,N18000168,225,TRANSMISSION SYSTEM STRENGTHENING IN WR- NR TRANSMISSION CORRIDOR FOR IPPS IN CHHATTISGARH,POWER,PGCIL,"MULTI STATE, .",2014-06-01,2018-03-01,2018-03-01,5151.37,5151.37,831.1,,,,0(O),8/12,consolidated,91
2016-04-01,N18000170,226,TRANSMISSION SYSTEM FOR CONNECTIVITY FOR NCC POWER PROJECTS LTD.,POWER,PGCIL,"ANDHRA PRADESH, .",2014-08-01,2017-02-01,2016-03-01,188.75,188.75,,,,,,2/2,consolidated,91
2016-04-01,N18000172,227,PAKAL DUL HYDRO ELECTRIC PROJECT (1000 MW),POWER,CVPPPL,"JAMMU AND KASHMIR, .",2014-10-01,2020-04-01,2022-03-01,8112.12,8112.12,141.8,,,,23(O),0/0,consolidated,91
2016-04-01,N18000175,228,TANDA TPP STAGE-II (2X660 MW),POWER,NTPC,"UTTAR PRADESH, .",2014-09-01,2019-03-01,2019-03-01,9188.98,9188.98,1340,,,,0(O),16/16,consolidated,91
2016-04-01,N18000180,229,TRANSMISSION SYSTEM ASSOCIATED WITH KISHENGANAGA HEP,POWER,PGCIL,"MULTI STATE, .",2015-01-01,2018-03-01,2018-03-01,268.8,268.8,27.8,,87,,0(O),0/3,consolidated,91
2016-04-01,N18000184,230,ESTABLISHMENT OF FIBER OPTIC COMMUNICATION SYSTEM IN NR UNDER FIBER OPTIC EXPANSION PROJECT (ADDITIO,POWER,PGCIL,"MULTI STATE, .",2015-03-01,2018-03-01,2018-03-01,197.4,197.4,,,,,0(O),0/0,consolidated,92
2016-04-01,N18000186,231,SUBSTATION WORKS ASSOCIATED WITH HYDERABAD (MAHESHWARAM) POOLING STATION,POWER,PGCIL,"ANDHRA PRADESH, .",2015-03-01,2018-03-01,2018-03-01,550.06,550.06,26.3,,,,0(O),0/3,consolidated,92
2016-04-01,N18000191,232,KBUNL-MUZAFFARPUR TPP STAGE-II- SUBSIDIARY (2X195 MW),POWER,NTPC,"BIHAR, .",2010-03-01,2013-01-01,2016-03-01,3984.03,3984.03,3329.07,,,,,1/1,consolidated,92
2016-04-01,N18000202,233,RAGHUNATHPUR THERMAL POWER STATION PHASE-I,POWER,DVC,"WEST BENGAL, .",2007-04-01,2011-02-01,2016-03-01,4122,9606.82,8438.57,,8781.3,,,26/26,consolidated,92
2016-04-01,N18000206,234,TRANSMISSION SYSTEM FOR ULTRA MEGA SOLAR PARK (750 MW),POWER,PGCIL,"MADHYA PRADESH, .",2016-01-01,2017-03-01,2017-03-01,305.04,305.04,9.3,,,,0(O),0/0,consolidated,92
2016-04-01,N18000122,235,TRANSMISSION SYSTEM ASSOCIATED WITH KRISHNAPATNAM UMPP-PART B,POWER,PGCIL,"MULTI STATE, .",2012-02-01,2014-10-01,2016-04-01,1927.16,1940.58,1619.27,,1940.58,2016-03-01,18(O),7/7,consolidated,92
2016-04-01,N18000167,236,TRANSMISSION SYSTEM ASSOCIATED WITH LARA STPS-I (2X800) GEN. PROJECT OF NTPC,POWER,PGCIL,"MULTI STATE, .",2014-06-01,2017-04-01,2017-04-01,400.47,400.47,81.1,,,,0(O),1/3,consolidated,92
2016-04-01,N18000179,237,INTER-REGIONAL SYSTEM STRENGTHENING SCHEME IN WR AND NR (PART-B),POWER,PGCIL,"MULTI STATE, .",2014-12-01,2018-04-01,2018-04-01,6517.36,6517.36,515.8,,,,0(O),3/12,consolidated,92
2016-04-01,N18000196,238,GREEN ENERGY CORRIDORS INTER-STATE TRANSMISSION SCHEME -PART B,POWER,PGCIL,"MULTI STATE, .",2015-04-01,2018-04-01,2018-04-01,3705.61,3705.61,440.1,,,,0(O),4/9,consolidated,92
2016-04-01,N18000197,239,GREEN ENERGY CORRIDORS INTER-STATE TRANSMISSION SCHEME (ISTS) - PART A,POWER,PGCIL,"MULTI STATE, .",2015-04-01,2017-04-01,2017-04-01,1479.3,1479.3,128,,,,0(O),2/8,consolidated,92
2016-04-01,180100242,240,BARH STPP(3X660MW) NTPC,POWER,NTPC,"BIHAR, .",2005-02-01,2011-01-01,2018-05-01,8692.97,15095.67,11723,,15095.67,2018-05-01,88(O),27/48,consolidated,92
2016-04-01,N18000056,241,NORTHERN REGION SYSTEM STRENGHTENING SCHEME-XIX,POWER,PGCIL,"MULTI STATE, .",2009-02-01,2012-02-01,2016-05-01,410.29,410.29,374.67,,,,51(O),7/10,consolidated,92
2016-04-01,N18000083,242,NORTHERN REGION TRANSMISSION STRENGTHENING SCHEME,POWER,PGCIL,"MULTI STATE, .",2010-03-01,2012-11-01,2016-05-01,965.58,965.58,787.94,,,,42(O),7/10,consolidated,92
2016-04-01,N18000095,243,NORTHERN REGION SYSTEM STRENGTHENING SCHEME-XXI,POWER,PGCIL,"MULTI STATE, .",2010-08-01,2013-04-01,2016-05-01,1677.57,1677.57,1475.22,,,,37(O),9/11,consolidated,92
2016-04-01,N18000113,244,TR SYSTEM FOR PHASE-I GENERATION PROJECTS IN JHARKHAND AND WEST BENGAL-PART-A2,POWER,PGCIL,"MULTI STATE, .",2011-12-01,2014-08-01,2016-05-01,2422.66,2422.66,2471.86,,,,21(O),13/14,consolidated,92
2016-04-01,N18000183,245,WARDHA-HYDERABAD 765 KV LINK,POWER,PGCIL,"MULTI STATE, .",2015-01-01,2018-05-01,2018-05-01,3662.02,3662.02,505.4,,,,0(O),0/5,consolidated,92
2016-04-01,N18000188,246,CREATION OF 400/220 KV SUBSTATIONS IN NCT OF DELHI DURING 12TH PLAN PERIOD (PART-A),POWER,PGCIL,"DELHI, .",2015-03-01,2017-05-01,2017-05-01,1394.52,1394.52,1.7,,,,0(O),0/9,consolidated,92
2016-04-01,N18000198,247,"TRANSMISSION SYSTEM FOR ULTRA MEGA SOLAR PARK IN ANANTPUR DISTRICT, ANDHRA PRADESH- PART A (PHASE-I)",POWER,PGCIL,"ANDHRA PRADESH, .",2015-05-01,2016-05-01,2016-05-01,312.94,312.94,47.7,,,,0(O),0/0,consolidated,92
2016-04-01,N18000203,248,WIND POWER PROJECT AT LAKHMANA IN JAISALMER (RAJASTHAN) 50MW,POWER,NHPC,"RAJASTHAN, .",2015-02-01,2016-02-01,2016-05-01,302.49,302.49,273.44,,302,,3(O),0/1,consolidated,92
2016-04-01,N18000209,249,CONNECTIVITY FOR KUDANKULAM 3 AND 4 (2000MW) WITH INTERSTATE TRANSMISSION SYSTEM,POWER,PGCIL,"TAMIL NADU, .",2016-01-01,2018-05-01,2018-05-01,162.11,162.11,,,,,0(O),0/0,consolidated,93
2016-04-01,180100258,250,KUNADANKULAM APP TRANS SYSTEM (PGCIL),POWER,PGCIL,"TAMIL NADU, .",2005-05-01,2008-11-01,2017-06-01,1779.29,2187.32,1907.75,,2187.32,2016-01-01,103(O),20/22,consolidated,93
2016-04-01,N18000014,251,TAPOVAN-VISHNUGAD HEP (4X130MW),POWER,NTPC,"UTTARAKHAND, .",2006-11-01,2013-03-01,2019-06-01,2978.48,3846.3,2815,,3846.3,,75(O),3/15,consolidated,93
2016-04-01,N18000080,252,TRANSMISSION SYSTEM ASSOCIATED WITH PALLATANA GBPP and BPTS.,POWER,PGCIL,"MULTI STATE, .",2010-02-01,2012-12-01,2017-06-01,2144,2932.88,2317.2,,2932.88,2016-12-01,54(O),11/23,consolidated,93
2016-04-01,N18000081,253,SYSTEM STRENGTHENING IN NR FOR SASAN AND MUNDRA (UMPP),POWER,PGCIL,"MULTI STATE, .",2009-12-01,2012-08-01,2016-06-01,1216.83,1216.83,1074.89,,,,46(O),3/5,consolidated,93
2016-04-01,N18000098,254,TRANSMISSION SYSTEM FOR TRANSFER OF POWER FROM GEN.PROJ IN SIKKIM TO NR/WR PART-A,POWER,PGCIL,"MULTI STATE, .",2010-05-01,2013-01-01,2016-06-01,250.03,390.51,253.2,,390.51,2016-03-01,41(O),13/15,consolidated,93
2016-04-01,N18000100,255,EASTERN REGION STRENGTHENING SCHEME-III,POWER,PGCIL,"MULTI STATE, .",2010-07-01,2012-11-01,2017-06-01,1272.8,1731.1,1285.43,,1731.1,2016-03-01,55(O),8/13,consolidated,93
2016-04-01,N18000104,256,TRANSMISSION SYSTEM FOR PHASE-1 GENERATION PROJECTS IN JHARKHAND AND WEST BENGAL-PART-A1,POWER,PGCIL,"JHARKHAND, .",2011-10-01,2013-11-01,2016-06-01,558.26,558.26,562.61,,,,31(O),8/12,consolidated,93
2016-04-01,N18000129,257,TR. SYS. FOR PHASE-I PROJ. IN JHARKHAN AND WEST BENGAL PART-B,POWER,PGCIL,"MULTI STATE, .",2012-02-01,2014-10-01,2016-06-01,3201.44,3201.44,3273.71,,,,20(O),9/17,consolidated,93
2016-04-01,N18000135,258,NORTHERN REGION SYSTEM STRENGTHENING SCHEME-XXVIII,POWER,PGCIL,"MULTI STATE, .",2012-09-01,2015-05-01,2016-06-01,524.4,524.4,351.02,,,,13(O),10/12,consolidated,93
2016-04-01,N18000140,259,LARA SUPER THERMAL POWER PROJECT STAGE-I (2 X 800 MW),POWER,NTPC,"CHHATISGARH, .",2012-12-01,2017-06-01,2017-06-01,11846,11846,6263,,,,0(O),24/40,consolidated,93
2016-04-01,N18000144,260,COMMON SYS. ASSOCIATED WITH EAST COAST ENERGY PVT LTD AND NCC POWER PROJECTS LTD LTOA GEN PART- B,POWER,PGCIL,"MULTI STATE, .",2013-03-01,2015-12-01,2017-06-01,2514.88,2514.88,1101.55,,,,18(O),15/18,consolidated,93
2016-04-01,N18000161,261,SUB-STATION EXT. WORKS ASSOCIATED WITH TRANS. SYSTEM REQUIRED FOR EVACUATION OF POWER FROM KUDGI TPS,POWER,PGCIL,"KARNATAKA, .",2014-02-01,2015-12-01,2016-06-01,167.4,167.4,90.8,,,,6(O),6/8,consolidated,93
2016-04-01,N18000199,262,BOKARO THERMAL POWER STATION-A,POWER,DVC,"JHARKHAND, .",2006-08-01,2011-12-01,2016-06-01,2313,4237.67,3485.19,,4138.41,2016-03-01,54(O),13/14,consolidated,93
2016-04-01,N18000211,263,TRANSMISSION SYSTEM ASSOCIATED WITH DARLIPALLI TPS,POWER,PGCIL,"ODISHA, .",2016-01-01,2018-06-01,2018-06-01,187.04,187.04,,,,,0(O),0/0,consolidated,93
2016-04-01,N18000101,264,ESTABLISHMENT OF POOLING STATIONS AT CHAMPA AND RAIGARH FOR IPP GENERATION PROJECT IN CHHATTISGARH,POWER,PGCIL,"CHHATISGARH, .",2011-05-01,2014-05-01,2016-07-01,1961.87,2310.58,1817.05,,2310.58,2016-06-01,26(O),8/12,consolidated,93
2016-04-01,N18000109,265,SYTEM STRENGTHENING XIII OF SR GRID,POWER,PGCIL,"MULTI STATE, .",2011-10-01,2014-06-01,2017-07-01,487.49,639.46,448.22,,639.46,2016-03-01,37(O),10/12,consolidated,93
2016-04-01,N18000182,266,SYSTEM STRENGTHENING IN SOUTHERN REGION - XXIII,POWER,PGCIL,"MULTI STATE, .",2015-01-01,2017-07-01,2017-07-01,203.28,203.28,18.5,,,,0(O),0/5,consolidated,93
2016-04-01,N18000185,267,INSTALLATION OF STATCOMS IN WESTERN REGION,POWER,PGCIL,"MULTI STATE, .",2015-03-01,2017-09-01,2018-07-01,1071.24,1071.24,0.7,,,,10(O),0/0,consolidated,93
2016-04-01,N18000195,268,CREATION OF 400/220KV SUBSTATIONS IN NCT OF DELHI DURING 12TH PLAN PERIOD (PART-B1),POWER,PGCIL,"DELHI, .",2015-05-01,2017-07-01,2017-07-01,780.33,780.33,0.9,,89,,0(O),0/0,consolidated,93
2016-04-01,N18000200,269,GREEN ENERGY CORRIDORS: INTER-STATE TRANSMISSION SCHEME (ISTS) - PART C,POWER,PGCIL,"MULTI STATE, .",2015-07-01,2018-07-01,2018-07-01,2247.37,2247.37,16.5,,,,0(O),0/0,consolidated,94
2016-04-01,N18000207,270,TRANSMISSION SYSTEM STRENTHENING ASSOCIATED WITH MUNDRA UMPP (PART-A),POWER,PGCIL,"GUJARAT, .",2016-01-01,2018-07-01,2018-07-01,244.19,244.19,,,,,0(O),0/0,consolidated,94
2016-04-01,N18000208,271,SYSTEM STRENGTHENING XXIV IN SOUTHERN REGION,POWER,PGCIL,"MULTI STATE, .",2016-01-01,2018-07-01,2018-07-01,1455.47,1455.47,9.9,,,,0(O),0/0,consolidated,94
2016-04-01,N18000210,272,REMOVAL OF CONSTRAINTS IN 400KV BAYS EXTENSIONS AT 400KV VEMAGIRI SS,POWER,PGCIL,"ANDHRA PRADESH, .",2016-01-01,2018-07-01,2018-07-01,207.88,207.88,,,,,0(O),0/0,consolidated,94
2016-04-01,N18000212,273,TELANGANA SUPER THERMAL POWER PROJECT PHASE I,POWER,NTPC,"TELANGANA, .",2016-01-01,2020-07-01,2020-07-01,10598.98,10598.98,,,,,0(O),0/0,consolidated,94
2016-04-01,N18000133,274,SOLAPUR STPP,POWER,NTPC,"MAHARASHTRA, .",2012-03-01,2016-11-01,2017-08-01,9395.18,9395.18,6359,,,,9(O),27/32,consolidated,94
2016-04-01,N18000142,275,LATA-TAPOVAN HYDRO ELECTRIC POWER PROJECT 3X57 MW,POWER,NTPC,"UTTARAKHAND, .",2012-07-01,2017-08-01,2017-08-01,1527,1527,144,,,,0(O),0/9,consolidated,94
2016-04-01,N18000143,276,COMMON TR. SYS. ASSOCIATED WITH EAST COAST AND NCC POWER PROJECTS IN SRIKAKULAM AREA A.P. PART- C,POWER,PGCIL,"MULTI STATE, .",2013-03-01,2015-06-01,2016-08-01,514.2,514.2,371.4,,,,14(O),7/10,consolidated,94
2016-04-01,N18000145,277,COMMON SYSTEM ASSOCIATED WITH EAST COAST ENERGY PVT. LTD. AND NCC POWER PROJECTS LTD. LTOA GENERATI,POWER,PGCIL,"MULTI STATE, .",2012-06-01,2015-06-01,2016-08-01,1909.24,1909.24,1093.03,,,,14(O),3/5,consolidated,94
2016-04-01,N18000162,278,STATIC VAR COMPENSATORS (SVCS) IN NORTHERN REGION,POWER,PGCIL,"MULTI STATE, .",2014-05-01,2016-08-01,2016-08-01,829.98,829.98,180.2,,,,0(O),1/4,consolidated,94
2016-04-01,N18000176,279,DARLIPALLI STPP STAGE-I (2X800 MW),POWER,NTPC,"ODISHA, .",2014-02-01,2018-08-01,2018-08-01,12532.44,12532.44,3231,,,,0(O),19/19,consolidated,94
2016-04-01,180100243,280,"TEESTA LOW DAM HEP, STAGE-IV (4X40 MW) (NHPC)",POWER,NHPC,"WEST BENGAL, .",2005-09-01,2009-09-01,2016-09-01,1061.38,2336.74,2013.23,,,,84(O),3/6,consolidated,94
2016-04-01,N18000010,281,TEHRI PUMPED STORAGE PLANT(1000MW),POWER,THDCIL,"UTTARAKHAND, .",2006-07-01,2016-02-01,2019-09-01,1657,2978.86,1733.67,,2978.86,2019-09-01,43(O),12/21,consolidated,94
2016-04-01,N18000053,282,NORTHERN REGION SYSTEM STRENGHTENING SCHEME-XVIII,POWER,PGCIL,"MULTI STATE, .",2009-02-01,2011-11-01,2016-09-01,509.66,509.66,566.26,,,,58(O),8/11,consolidated,94
2016-04-01,N18000094,283,NORTHERN REGION SYSTEM STRENGHENING SCHEME XVI,POWER,PGCIL,"MULTI STATE, .",2010-07-01,2013-07-01,2016-09-01,752.64,689.03,564.42,,689.03,2015-11-01,38(O),7/9,consolidated,94
2016-04-01,N18000115,284,SYTEM STRENGTHENING OF SOUTHERN REGION - XIV,POWER,PGCIL,"MULTI STATE, .",2011-12-01,2014-08-01,2016-09-01,297.33,346.79,312.87,,346.79,2015-06-01,25(O),8/10,consolidated,94
2016-04-01,N18000123,285,ESTABLISHMENT OF FIBER OPTIC COMMUNICATION SYSTEM IN NORTHERN REGION,POWER,PGCIL,"MULTI STATE, .",2012-03-01,2014-09-01,2016-09-01,198.63,198.63,105.23,,,,24(O),0/0,consolidated,94
2016-04-01,N18000128,286,NORTHERN REGION SYSTEM STRENGTHENING SCHEME-XXIV,POWER,PGCIL,"MULTI STATE, .",2011-11-01,2014-11-01,2016-09-01,723.63,723.63,614.72,,,,22(O),7/10,consolidated,94
2016-04-01,N18000151,287,GADARWARA SUPER THERMAL POWER PROJECT STAGE-I,POWER,NTPC,"MADHYA PRADESH, .",2013-03-01,2017-09-01,2017-09-01,11638.55,11638.55,5579,,,,0(O),21/41,consolidated,94
2016-04-01,N18000152,288,NORTHERN REGION SYSTEM STRENGTHENING SCHEME-XXV,POWER,PGCIL,"MULTI STATE, .",2013-09-01,2016-03-01,2016-09-01,680.69,680.69,499.49,,,,6(O),10/12,consolidated,94
2016-04-01,N18000153,289,TRANSMISSION SYSTEM ASSOCIATED WITH MAUDA STAGE-II,POWER,PGCIL,"MULTI STATE, .",2013-09-01,2016-05-01,2016-09-01,1575.3,1575.3,905.6,,,,4(O),8/13,consolidated,94
2016-04-01,N18000165,290,AUGMENTATION OF TRANSFORMERS IN NORTHERN REGION - PART B,POWER,PGCIL,"MULTI STATE, .",2014-03-01,2016-03-01,2016-09-01,155.57,155.57,24.8,,90,,6(O),2/6,consolidated,94
2016-04-01,N18000178,291,RAMMAM-III HEPP (3X40 MW),POWER,NTPC,"WEST BENGAL, .",2014-09-01,2019-09-01,2019-09-01,1381.84,1381.84,192,,,,0(O),4/6,consolidated,95
2016-04-01,N18000190,292,BRBCL-NABINAGAR TPP- JV (4X250 MW),POWER,NTPC,"BIHAR, .",2007-01-01,2014-05-01,2017-09-01,5353,5353,5566.47,,,,40(O),1/4,consolidated,95
2016-04-01,N18000193,293,MUNPL-MEJA TPP - JV (2X660 MW),POWER,NTPC,"UTTAR PRADESH, .",2012-04-01,2016-12-01,2017-09-01,9750.89,9750.89,5138.05,,,,9(O),26/32,consolidated,95
2016-04-01,N18000205,294,KHARGONE STPP STAGE I (1320 MW),POWER,NTPC,"MADHYA PRADESH, .",2015-03-01,2019-09-01,2019-09-01,9870.51,9870.51,1557,,,,0(O),11/11,consolidated,95
2016-04-01,N18000117,295,SYSTEM STRENTHENING IN RAIPUR WARDHA CORRIDOR FOR IPP PROJECTS IN CHHATTISGARH,POWER,PGCIL,"CHHATISGARH, .",2012-01-01,2015-01-01,2016-10-01,1422.85,1422.85,1490.42,,,,21(O),9/11,consolidated,95
2016-04-01,N18000166,296,TRANSMISSION SYSTEM ASSOCIATED WITH KAKRAPAR ATOMIC POWER PROJECT - 3 AND 4,POWER,PGCIL,"GUJARAT, .",2014-02-01,2016-10-01,2016-10-01,378.71,378.71,130.7,,,,0(O),8/11,consolidated,95
2016-04-01,N18000181,297,TRANSMISSION SYSTEM ASSOICATED WITH TEHRI PUMP STORAGE PLANT (PSP),POWER,PGCIL,"MULTI STATE, .",2015-01-01,2017-10-01,2017-10-01,871.62,871.62,45,,,,0(O),0/5,consolidated,95
2016-04-01,N18000204,298,"PATAN WIND FARM SITE, GUJARAT 50 MW",POWER,THDCIL,"GUJARAT, .",2015-10-01,2016-10-01,2016-10-01,315,315,46.31,,,,0(O),0/0,consolidated,95
2016-04-01,N18000031,299,KISHANGANGA HEP (3X110 MW),POWER,NHPC,"JAMMU AND KASHMIR, .",2009-01-01,2016-01-01,2016-11-01,3642.04,5783.17,4515.44,,,,10(O),3/4,consolidated,95
2016-04-01,N18000164,300,EASTERN REGION STRENGTHENING SCHEME-XII,POWER,PGCIL,"MULTI STATE, .",2014-05-01,2016-11-01,2016-11-01,522.29,522.29,153.2,,,,0(O),2/12,consolidated,95
2016-04-01,N18000173,301,SUB-STATION WORKS ASSOCIATED WITH SYSTEM STRENGTHENING IN SOUTHERN REGION FOR IMPORT OF POWER FROM E,POWER,PGCIL,"MULTI STATE, .",2014-11-01,2017-11-01,2017-11-01,972.42,972.42,92.2,,,,0(O),0/3,consolidated,95
2016-04-01,N18000201,302,TRANSMISSION SYSTEM ASSOCIATED WITH RAPP 7 and 8 - PART B,POWER,PGCIL,"RAJASTHAN, .",2015-07-01,2017-11-01,2017-11-01,307.18,307.18,12.7,,,,0(O),0/0,consolidated,95
2016-04-01,180100210,303,PARBATI HEP (4X200 MW) (NHPC) II,POWER,NHPC,"HIMACHAL PRADESH, .",2002-09-01,2009-09-01,2018-12-01,3919.59,8398.75,5630.75,,,,111(O),2/3,consolidated,95
2016-04-01,N18000042,304,VISHNUGAD PIPALKOTI HYDRO ELECTRIC PROJECT,POWER,THDCIL,"UTTARAKHAND, .",2008-08-01,2013-06-01,2019-12-01,2491.58,2491.58,831.87,,,,78(O),7/8,consolidated,95
2016-04-01,N18000045,305,PARE HYDRO ELECTRIC PROJECT,POWER,NEEPCO,"ARUNACHAL PRADESH, .",2008-12-01,2013-08-01,2016-12-01,573.99,1581.04,1170.93,,1580.04,2016-12-01,40(O),29/38,consolidated,95
2016-04-01,N18000066,306,NORTH- EAST NORTH WESTERN INTERCONNECTOR I PROJECT,POWER,PGCIL,"MULTI STATE, .",2009-02-01,2013-08-01,2017-12-01,11130.19,13762.8,11726.3,,13762.8,2017-12-01,52(O),17/26,consolidated,95
2016-04-01,N18000103,307,COMMON SYSTEM ASSOCIATED WITH COASTAL ENERGEN PRIVATE LIMITED AND IND-BARATH POWER(MADRAS) LIMITED L,POWER,PGCIL,"TAMIL NADU, .",2011-09-01,2014-09-01,2016-12-01,1940.13,1940.13,2009.96,,,,27(O),8/13,consolidated,95
2016-04-01,N18000112,308,TRANSMISSION SYSTEM STRENGTHENING IN WESTERN PART OF WR FOR IPPS GENERATION PROJECTS IN CHATTISGARH,POWER,PGCIL,"CHHATISGARH, .",2011-11-01,2014-07-01,2016-12-01,2127.51,2127.51,2363.23,,,,29(O),6/8,consolidated,95
2016-04-01,N18000125,309,WR-NR HVDC INTERCONNECTOR FOR IPP PROJECTS IN CHHATTISGARH,POWER,PGCIL,"CHHATISGARH, .",2012-03-01,2015-06-01,2016-12-01,9569.76,9569.76,6135.79,,,,18(O),21/30,consolidated,95
2016-04-01,N18000132,310,MOUDA STPP STAGE 2,POWER,NTPC,"MAHARASHTRA, .",2012-03-01,2016-09-01,2016-12-01,7921.47,7921.47,5429,,,,3(O),33/37,consolidated,95
2016-04-01,N18000155,311,EASTERN REGION STRENGTHENING SCHEME-V,POWER,PGCIL,"MULTI STATE, .",2013-10-01,2016-04-01,2016-12-01,1364.52,1364.52,626.14,,91,,8(O),8/12,consolidated,95
2016-04-01,N18000163,312,INSTALLATION OF BUS RECTOR AND ICT IN WESTERN REGION,POWER,PGCIL,"MULTI STATE, .",2014-05-01,2016-07-01,2016-12-01,303.07,303.07,48.5,,,,5(O),3/9,consolidated,96
2016-04-01,N18000171,313,EASTERN REGION STRENGTHENING SCHEME -IX,POWER,PGCIL,"MULTI STATE, .",2014-02-01,2016-02-01,2016-12-01,196.58,196.58,33.2,,,,10(O),7/17,consolidated,96
2016-04-01,N18000174,314,"FGUTPP, UNCHAHAR STAGE-IV (1X500 MW)",POWER,NTPC,"UTTAR PRADESH, .",2013-07-01,2016-12-01,2016-12-01,3363.12,3363.12,1330,,,,0(O),19/20,consolidated,96
2016-04-01,N18000194,315,PRE-CONSTRUCTION ACTIVITIES OF 1320 MW BUXAR THERMAL POWER PLANT,POWER,SJVNL,"BIHAR, .",2015-05-01,2016-12-01,2016-12-01,436.68,436.68,440.22,,,,0(O),0/1,consolidated,96
2016-04-01,180100221,316,SUBANSIRI LOWER H.E.P (8X250 MW) (NHPC),POWER,NHPC,"ARUNACHAL PRADESH, .",2003-09-01,2010-09-01,,6285.33,17435.15,8455.28,,,,,0/0,consolidated,96
2016-04-01,N20000001,317,NATIONAL AUTOMOTIVE TESTING AND RD INFRASTRUCTURE PROJECT (NATRIP),HEAVY INDUSTRY,NATIS,"MULTI STATE, .",2011-04-01,2011-09-01,2017-12-01,1718,3827.3,,,,,75(O),0/0,consolidated,96
2016-04-01,N21000007,318,"LGBRIMH-TEZPUR, ASSAM",HEALTH AND FAMILY WELFARE,HSCC,"ASSAM, .",2012-07-01,2014-12-01,2016-03-01,175.57,175.57,,,,,,0/0,consolidated,96
2016-04-01,N21000011,319,CONSTRUCTION OF HOSPITAL AND OPD BLOCK NCI JHAJJAR,HEALTH AND FAMILY WELFARE,HSCC,"HARYANA, .",2014-09-01,2018-03-01,2018-03-01,505.58,505.58,,,,,0(O),0/0,consolidated,96
2016-04-01,N21000005,320,"SAFDARJUNG HOSPITAL, NEW DELHI- REDEVELOPMENT and OTHERS-EMERGENCY BLOCK",HEALTH AND FAMILY WELFARE,HSCC,"DELHI, .",2013-11-01,2016-01-01,2016-04-01,196.7,196.7,,,,,3(O),0/0,consolidated,96
2016-04-01,N21000008,321,AIIMS - MOTHER AND CHILD BLOCK,HEALTH AND FAMILY WELFARE,HSCC,"DELHI, .",2013-12-01,2017-05-01,2017-05-01,204.44,204.44,43.6,,,,0(O),0/0,consolidated,96
2016-04-01,N21000009,322,AIIMS - OPD(NEW),HEALTH AND FAMILY WELFARE,HSCC,"DELHI, .",2014-08-01,2017-05-01,2017-05-01,293.65,293.65,80.38,,,,0(O),0/0,consolidated,96
2016-04-01,N21000010,323,"CONSTRUCTION OF HOSPITAL BLOCK, IIT, KHARAGPUR",HEALTH AND FAMILY WELFARE,HSCC,"WEST BENGAL, .",2014-12-01,2017-05-01,2017-05-01,168.9,168.9,11.7,,,,0(O),0/0,consolidated,96
2016-04-01,N21000004,324,SAFDARJUNG HOSPITAL RE-DEVELOPMENT AND OTHERS -SUPER SPECIALITY BLOCK,HEALTH AND FAMILY WELFARE,HSCC,"DELHI, .",2013-09-01,2015-12-01,2016-06-01,444.7,444.7,356.3,,,,6(O),0/0,consolidated,96
2016-04-01,N21000006,325,AIIMS-RAEBARELI-HOUSING,HEALTH AND FAMILY WELFARE,HSCC,"UTTAR PRADESH, .",2013-10-01,2013-11-01,2016-06-01,159.5,159.5,123,,,,31(O),0/0,consolidated,96
2016-04-01,N21000003,326,LHMC NEW DELHI-RE-DEVELOPMENT,HEALTH AND FAMILY WELFARE,HSCC,"DELHI, .",2013-02-01,2013-11-01,2014-11-01,414.11,414.11,,,,,,0/0,consolidated,96
2016-04-01,220100007,327,"GUNA-ETAWAH VIA SHIVPURI-GWALIOR -BHIND NL, (NCR)",RAILWAYS,NCR,"MULTI STATE, .",1986-04-01,1994-03-01,,158.77,608.02,,,274.56,,,0/0,consolidated,96
2016-04-01,220100062,328,"VIRAMGAM-BHILDI(WR),GC",RAILWAYS,WR,"MULTI STATE, .",1990-04-01,2010-03-01,,155.66,548.01,,,92,,dk;kZUo;u,0/0,consolidated,96
2016-04-01,220100118,329,AMRAVATI-NARKHER NL(CR),RAILWAYS,CR,"MAHARASHTRA, .",1994-06-01,1999-06-01,,663.01,725,,,175.3,,,0/0,consolidated,97
2016-04-01,220100151,330,CALICUT-MANGALORE (DL) (SR),RAILWAYS,SR,"MULTI STATE, .",1996-02-01,,,240,579.37,,,,,,0/0,consolidated,97
2016-04-01,220100164,331,BELAPUR-SEAWOOD-URAN ELECTRIFIED DOUBLE LINE(MTP),RAILWAYS,MRTP,"MAHARASHTRA, .",1996-03-01,2004-03-01,,495.44,1781.98,,,,,,0/0,consolidated,97
2016-04-01,220100168,332,"MANDARHILL-DUMKA-RAMPURHAT (NL),ER",RAILWAYS,ER,"JHARKHAND, .",1995-04-01,2011-12-01,,900.05,900.05,,,,2010-12-01,,0/0,consolidated,97
2016-04-01,220100181,333,AHMEDNAGAR-PARLI VAIJNATH(NL) CR,RAILWAYS,CR,"MAHARASHTRA, .",1997-02-01,,,514.68,2820,,,,,,0/0,consolidated,97
2016-04-01,220100183,334,"HASSAN-BANGALORE VIA SHRAVANA- BELGOLA(NL),SWR",RAILWAYS,SWR,"KARNATAKA, .",1997-02-01,,,295,1289.92,,,,,,0/0,consolidated,97
2016-04-01,220100184,335,"DAUSA-GANGAPUR CITY(NL),NWR",RAILWAYS,NWR,"RAJASTHAN, .",1997-02-01,,,410.08,410.08,,,,,,0/0,consolidated,97
2016-04-01,220100188,336,"NANGALDAM-TALWARA(NL),NR",RAILWAYS,NR,"MULTI STATE, .",1981-03-01,2012-07-01,,450,2100,,,,,,0/0,consolidated,97
2016-04-01,220100191,337,"KARUR-SALEM(NL),SR",RAILWAYS,SR,"TAMIL NADU, .",1997-02-01,,,155.55,800,,,,,,0/0,consolidated,97
2016-04-01,220100192,338,"NANDYAL-YERRAGUNTLA(NL),SCR",RAILWAYS,SCR,"ANDHRA PRADESH, .",1996-03-01,2009-02-01,,155.74,883,,,164.36,,,0/0,consolidated,97
2016-04-01,220100193,339,"HUBLI-ANKOLA(NL),SWR",RAILWAYS,SWR,"KARNATAKA, .",1997-04-01,,,227,2135,,,,,,0/0,consolidated,97
2016-04-01,220100205,340,"MUNEERABAD-MAHABOOBNAGAR(NL),SCR",RAILWAYS,SCR,"MULTI STATE, .",1997-04-01,,,218.24,645,,,236.41,,,0/0,consolidated,97
2016-04-01,220100220,341,MACHERLA-NALGONDA(NL)(SCR),RAILWAYS,SCR,"TELANGANA, .",1998-07-01,2008-07-01,,125,480,,,,,,0/0,consolidated,97
2016-04-01,220100222,342,"KODERMA-RANCHI VIA BARKAKANA (NL),ECR",RAILWAYS,ECR,"JHARKHAND, .",1999-03-01,2005-07-01,,2957.21,2957.21,,,,,,0/0,consolidated,97
2016-04-01,220100232,343,"LALITPUR-SATNA-REWA-SINGRULI NL, (NCR)",RAILWAYS,WCR,"MULTI STATE, .",1998-09-01,2008-05-01,,247.66,3500,,,,,,0/0,consolidated,97
2016-04-01,220100240,344,"JAYANAGAR-DARBHANGA-NARKATIA GANJ(GC),ECR",RAILWAYS,ECR,"BIHAR, .",1997-04-01,2012-03-01,,501.69,1043.56,,,335.77,,,0/0,consolidated,97
2016-04-01,220100243,345,AGRA-ETAWAH VIA FATEHABAD AND BAH (NL) NCR,RAILWAYS,NCR,"UTTAR PRADESH, .",1999-04-01,2009-12-01,,108,432.72,,,,,,0/0,consolidated,97
2016-04-01,220100272,346,"TARAKESWAR - BISHNUPUR NEW BG LINE (NL), ER",RAILWAYS,ER,"WEST BENGAL, .",2000-04-01,2009-12-01,,1188.91,1188.91,671.52,,,,,0/0,consolidated,97
2016-04-01,220100285,347,HARIDASPUR-PARADEEP(NL),RAILWAYS,RVNL,"ODISHA, .",1996-04-01,2009-09-01,,301.64,1185.64,436.77,,,,,0/0,consolidated,97
2016-04-01,220100305,348,"KODERMA-TILAIYA (NL), ECR",RAILWAYS,ECR,"JHARKHAND, .",2002-04-01,,,459.91,418.17,252.86,,,,,0/0,consolidated,97
2016-04-01,220100307,349,"RAIL-CUM-ROAD BRIDGE AT MUNGER (NL), ECR",RAILWAYS,ECR,"BIHAR, .",2002-04-01,2009-03-01,,921,2363,1649.05,,,,,0/0,consolidated,97
2016-04-01,220100308,350,"PATNA GANGA BRIDGE (NL), ECR",RAILWAYS,ECR,"BIHAR, .",2001-04-01,2007-10-01,,624.47,2921,2463.56,,,,,0/0,consolidated,97
2016-04-01,220100325,351,SUKINDA ROAD - ANGUL (NL)(ECOR),RAILWAYS,RVNL,"ODISHA, .",1998-04-01,2015-02-01,,183.23,1202.7,152.5,,,,,0/0,consolidated,97
2016-04-01,N22000122,352,UDHNA-JALGAON WITH ELECTRIFICATION(DOUBLING) (WR),RAILWAYS,WR,"GUJARAT, .",2008-04-01,2014-03-01,,1389.62,1389.62,,,,,,0/0,consolidated,97
2016-04-01,N22000144,353,PALANPUR-SAMAKHAYALI (DL),RAILWAYS,WR,"GUJARAT, .",2013-04-01,,,1266.89,1266.89,,,93,,dk;kZUo;u,0/0,consolidated,97
2016-04-01,N22000174,354,MOTIHARI-SITAMARHI (NL),RAILWAYS,ECR,"BIHAR, .",2006-04-01,,,211,926.09,4.41,,,,,0/0,consolidated,98
2016-04-01,N22000176,355,MUZAFFARPUR-KATRA-ORAI-JANAKPUR ROAD (NL),RAILWAYS,ECR,"BIHAR, .",2008-04-01,,,228.05,228.05,1.52,,,,,0/0,consolidated,98
2016-04-01,N22000189,356,VILLUPURAM-DINDIGUL WITH ELECTRIFICATION,RAILWAYS,SR,"MULTI STATE, .",2008-04-01,,,822.39,1280.83,819.6,,,,,0/0,consolidated,98
2016-04-01,N22000258,357,BAGALKOT-KUDACHI NL,RAILWAYS,SWR,"KARNATAKA, .",2010-04-01,,,377.93,986.3,95.16,,,,,0/0,consolidated,98
2016-04-01,N22000261,358,KAZIPET-VIJAYAWADA 3RD LINE WITH ELECTRIFICATION,RAILWAYS,SCR,"MULTI STATE, .",2012-04-01,,,1054.35,2200,0.42,,2200,,,0/0,consolidated,98
2016-04-01,N22000297,359,HOSPET-HUBLI-LONDA-VASCODAGAMA DL,RAILWAYS,SWR,"KARNATAKA, .",2010-04-01,,,2127,2127,282.11,,,,,0/0,consolidated,98
2016-04-01,N22000315,360,SAMBALPUR-TALCHER DOUBLING,RAILWAYS,ECOR,"ODISHA, .",2011-03-01,,,679.27,1111.99,12.45,,,,,0/0,consolidated,98
2016-04-01,N22000345,361,GONDA GORAKHPUR LOOP WITH ANAND NAGAR NAUTANWA GC (260 KM),RAILWAYS,WCR,"UTTAR PRADESH, .",1997-04-01,,,836.26,1072.51,,,,,,0/0,consolidated,98
2016-04-01,N22000346,362,DEDICATED FREIGHT CORRIDOR PROJECT,RAILWAYS,DFCC,"MULTI STATE, Central Sector Projects",2006-10-01,,,81459,28181,,,,,,0/0,consolidated,98
2016-04-01,N22000163,363,TAMLUK-BASULYA-SUTAHATA DOUBLING,RAILWAYS,SER,"WEST BENGAL, .",2010-04-01,2013-06-01,2015-01-01,171.02,171,139.69,,,,,0/0,consolidated,98
2016-04-01,N22000255,364,PANVEL PEN DOUBLING,RAILWAYS,CR,"MULTI STATE, .",2006-04-01,,2015-01-01,96.16,260.16,218.04,,,,,0/0,consolidated,98
2016-04-01,220100106,365,PEDAPALLI-KARIMNAGAR-NIZAMABAD NL(SCR),RAILWAYS,SCR,"TELANGANA, .",1994-12-01,,2014-02-01,124.43,925.3,682.18,,,,,0/0,consolidated,98
2016-04-01,N22000148,366,GWALIOR-SEOPURKALA WITH EXTENSION TO KOTA (GC),RAILWAYS,NCR,"MULTI STATE, .",2011-04-01,2020-02-01,2020-02-01,1176.09,3845.6,1.52,,3845.6,,0(O),0/0,consolidated,98
2016-04-01,N22000158,367,DHOLPUR-SIRMUTTRA WITH EXTENSION TO GANGAPURCITY AND MOHARI-TANTPUR & TANPUR- BANSI PAHARPUR,RAILWAYS,NCR,"MULTI STATE, .",2010-04-01,2019-02-01,2019-02-01,622.41,2030.5,1.2,,2030.5,,0(O),0/0,consolidated,98
2016-04-01,220100135,368,"NEW BG RLY LINE FROM EKLAKHI-BALURGHAT INCLUDING GAZOLE-ITAHAR(NL),NEFR",RAILWAYS,NFR,"WEST BENGAL, .",1983-04-01,,2019-03-01,36.8,1336.57,,,274.41,,,0/0,consolidated,98
2016-04-01,220100197,369,KANPUR KASGANJ MATHURA(GC) NER,RAILWAYS,NER,"UTTAR PRADESH, .",1997-03-01,,2018-03-01,677.97,1651.54,,,1062.36,,,0/0,consolidated,98
2016-04-01,220100247,370,KATIHAR - JOGBANI (GC)(NEFR),RAILWAYS,NFR,"BIHAR, .",2001-09-01,2010-12-01,2018-03-01,492.98,1727.27,742.05,,,,87(O),0/0,consolidated,98
2016-04-01,220100254,371,"GULBARGA-BIDAR,SCR(NL)",RAILWAYS,SCR,"KARNATAKA, .",1998-02-01,2009-05-01,2015-03-01,242.42,844,527.87,,369.7,,,0/0,consolidated,98
2016-04-01,220100256,372,KAPTANGANJ-THAWE-SIWAN-CHHAPRA GC (NER),RAILWAYS,NER,"MULTI STATE, .",1999-04-01,,2016-03-01,744.71,744.71,519.5,,,,,1/1,consolidated,98
2016-04-01,220100266,373,"NEW MAYNAGURI TO JOGIGHOPA VIA CHANGRABANDHA (NL),NEFR",RAILWAYS,NFR,"MULTI STATE, .",2000-04-01,2008-12-01,2018-03-01,733,2531.34,1552.33,,733,,111(O),0/0,consolidated,98
2016-04-01,220100288,374,JIRIBAM TO IMPHAL (TUPUI)(NL)(NEFR),RAILWAYS,NFR,"MANIPUR, .",2003-04-01,2011-03-01,2019-03-01,727.56,6570.75,2023.82,,727.56,2014-03-01,96(O),0/0,consolidated,98
2016-04-01,220100306,375,"KODERMA GIRIDH (NL), ECR",RAILWAYS,ECR,"JHARKHAND, .",1996-04-01,2010-03-01,2010-03-01,768.87,768.87,595.54,,,,,0/0,consolidated,98
2016-04-01,220100314,376,"RAMGANJMUNDI-BHOPAL (NL),WCR",RAILWAYS,WCR,"MADHYA PRADESH, .",2001-04-01,,2017-03-01,470.92,1225.9,238.69,,727.13,,dk;kZUo;u,0/0,consolidated,98
2016-04-01,220100324,377,CHHINDWARA - NAGPUR (GC)(SECR),RAILWAYS,SECR,"MADHYA PRADESH, .",2005-04-01,,2017-03-01,383.79,1101.16,194.91,,663.67,,,0/0,consolidated,99
2016-04-01,N22000080,378,DINDIGUL-POLLACHI-PALGHAT-POLLACHI AND COIMBATORE,RAILWAYS,SR,"TAMIL NADU, .",2006-09-01,,2016-03-01,343.17,914.98,748.44,,,,,0/0,consolidated,99
2016-04-01,N22000086,379,"NEW B.G. LINE FROM TETELIA TO BYRNIHAT (NATIONAL PROJECT), NEFR",RAILWAYS,NFR,"ASSAM, .",2006-09-01,,2017-03-01,200,496.24,181.19,,200,,,0/0,consolidated,99
2016-04-01,N22000087,380,"NEW B.G. LINE FROM ARARIA TO GALGALIA (THAKURGUNG), NEFR",RAILWAYS,NFR,"BIHAR, .",2006-09-01,,2019-03-01,300,827.73,43.87,,300,,,0/0,consolidated,99
2016-04-01,N22000088,381,"UTRATIA-ZAFRABAD, NR (LINE DOUBLING)",RAILWAYS,NR,"UTTAR PRADESH, .",2006-04-01,2010-03-01,2017-03-01,325,2434,274.91,,2434,,84(O),0/0,consolidated,99
2016-04-01,N22000092,382,MUMBAI URBAN TRANSPORT PROJECT PHASE-II,RAILWAYS,MRTP,"MAHARASHTRA, .",2008-04-01,2014-03-01,2019-03-01,5300,7986.04,2423.55,,6821.29,2019-03-01,60(O),0/0,consolidated,99
2016-04-01,N22000094,383,ELECTRIFICATION OF KHURJA-MEERUT- SAHARANPUR AND G'BAD-MEERUT,RAILWAYS,RE,"UTTAR PRADESH, .",2008-02-01,2012-03-01,2016-03-01,171.1,275.08,141.55,,236.37,2013-12-01,,0/0,consolidated,99
2016-04-01,N22000099,384,"AGARTALA SABROOM, NL, NEFR",RAILWAYS,NFR,"TRIPURA, .",2008-04-01,2014-03-01,2018-03-01,813.34,2876,546.61,,813.34,,48(O),0/0,consolidated,99
2016-04-01,N22000100,385,"BHAIRABI SAIRONG, NL, NEFR",RAILWAYS,NFR,"MIZORAM, .",2008-04-01,2014-04-01,2018-03-01,619.34,2820.25,171.5,,619.34,2015-03-01,47(O),0/0,consolidated,99
2016-04-01,N22000101,386,"KISHANGANJ JALALGARH, NL, NEFR",RAILWAYS,NFR,"BIHAR, .",2008-04-01,2014-03-01,2018-03-01,282.92,565.13,2.22,,282.92,,48(R),0/0,consolidated,99
2016-04-01,N22000102,387,"SEVOK RANGPO, NEFR",RAILWAYS,NFR,"SIKKIM, .",2008-04-01,2015-12-01,2020-03-01,1339.48,4190,82.8,,1339.48,,51(O),0/0,consolidated,99
2016-04-01,N22000112,388,HIMMATNAGAR - UDAIPUR GAUGE CANVESSION (NWR),RAILWAYS,NWR,"RAJASTHAN, .",2008-04-01,2015-03-01,2015-03-01,829.74,829.74,93.08,,,,,0/0,consolidated,99
2016-04-01,N22000124,389,NEW LINE FROM DIMAPUR TO ZUBZA(KOHIMA) NATIONAL PROJECT (NEFR),RAILWAYS,NFR,"NAGALAND, .",2006-04-01,2015-03-01,2020-03-01,850,2973.42,9.23,,,2020-03-01,60(O),0/0,consolidated,99
2016-04-01,N22000126,390,KATAKHAL TO BHAIRABI,RAILWAYS,NFR,"ASSAM, .",1998-04-01,2012-12-01,2016-03-01,227.9,331.4,133.65,,200,,,0/0,consolidated,99
2016-04-01,N22000127,391,"LUMDING-SILCHAR JIRIBAM, BADARPUR- BARAIGRAM KUMARGHAT NATIONAL PROJECT",RAILWAYS,NFR,"ASSAM, .",1996-04-01,2009-03-01,2016-03-01,1676.31,5500,4061.8,,,,,0/0,consolidated,99
2016-04-01,N22000164,392,DANGOAPOSI-RAJKHARSWAN 3RD LINE DOUBLING,RAILWAYS,SER,"JHARKHAND, .",2010-04-01,2015-12-01,2016-03-01,309.44,583,74.85,,388.67,,,0/0,consolidated,99
2016-04-01,N22000183,393,NEW BONGAIGAON-RANGIA-KAMAKGHYA DOUBLING,RAILWAYS,NFR,"MULTI STATE, .",2013-04-01,,2019-03-01,1798,1887.9,,,1798,,,0/0,consolidated,99
2016-04-01,N22000193,394,NEW BG LINE FROM KALIYAGANJ TO BUNIADPUR,RAILWAYS,NFR,"WEST BENGAL, .",2010-04-01,,2019-03-01,221.42,563.13,21.43,,205.31,,,0/0,consolidated,99
2016-04-01,N22000194,395,CONSTRUCTION OF NL FROM KUMARGHAT- AGARTALA,RAILWAYS,NFR,"TRIPURA, .",1999-04-01,2007-03-01,2016-03-01,895,1242.25,955.94,,,,,0/0,consolidated,99
2016-04-01,N22000195,396,AGARTALA-AKHAURA NL,RAILWAYS,NFR,"TRIPURA, .",2012-04-01,,2018-03-01,252,886.65,,,,,,0/0,consolidated,99
2016-04-01,N22000196,397,DIMAPUR-TIZIT NL,RAILWAYS,NFR,"NAGALAND, .",2013-04-01,,2020-03-01,4274,4487.7,,,,,,0/0,consolidated,99
2016-04-01,N22000197,398,NEW COOCHBEHAR TO SAMUKTALA,RAILWAYS,NFR,"WEST BENGAL, .",2011-04-01,,2018-03-01,209.77,441.45,34.34,,190.39,,,0/0,consolidated,99
2016-04-01,N22000198,399,NEW COOCHBEHAR-GUMANIHAT PATCH DOUBLING PROJECT,RAILWAYS,NFR,"WEST BENGAL, .",2012-04-01,,2018-03-01,283.55,288.81,1.1,,278.21,,dk;kZUo;u,0/0,consolidated,99
2016-04-01,N22000202,400,CHENGALPATTU-VILLUPURAM DOUBLING WITH NEW MM FOR TAMBARAM-CHENGALPATTU 3RD LINE GC ALONWITH ELECTRIF,RAILWAYS,SR,"TAMIL NADU, .",2007-04-01,,2015-03-01,247,951.24,544.59,,,,,0/0,consolidated,100
2016-04-01,N22000205,401,NEW BG LINE FROM BYRNIHAT TO SHILLONG,RAILWAYS,NFR,"MEGHALAYA, .",2010-04-01,2016-03-01,2020-03-01,4083.02,5307.9,3.37,,,,48(R),0/0,consolidated,100
2016-04-01,N22000206,402,NEW BG LINE FROM BALURGHAT TO HILLY NFR,RAILWAYS,NFR,"MULTI STATE, .",2010-04-01,,2018-03-01,242.22,679.57,39.6,,171,,,0/0,consolidated,100
2016-04-01,N22000207,403,NEW BG LINE FROM JAGBANI TO BIRATNAGAR,RAILWAYS,NFR,"MULTI STATE, .",2010-04-01,,2017-03-01,241.52,394.28,148.33,,210,,,0/0,consolidated,100
2016-04-01,N22000208,404,MURKONGSELEK-PASIGHAT NL,RAILWAYS,NFR,"MULTI STATE, .",2011-04-01,,2018-03-01,165.82,435.58,0.46,,165.82,,,0/0,consolidated,100
2016-04-01,N22000209,405,NEW JALPAIGURI-SILIGURI-NEW BONGAIGAON INCLUDING BR. LINE AND MM FOR CHALSA-NAXAL& RAJABHATKHOWA-JAI,RAILWAYS,NFR,"MULTI STATE, .",1999-04-01,,2018-03-01,523.17,1653.55,1038.26,,380.6,,,0/0,consolidated,100
2016-04-01,N22000210,406,AMBARI FALAKATA TO NEW MAYNAGURI,RAILWAYS,NFR,"ASSAM, .",2011-04-01,,2018-03-01,312.12,453.1,76.78,,257.93,,,0/0,consolidated,100
2016-04-01,N22000211,407,LUMDING-HOJAI PATCH DOUBLING PROJECT,RAILWAYS,NFR,"ASSAM, .",2012-04-01,,2019-03-01,246.07,364.06,0.11,,246.07,,,0/0,consolidated,100
2016-04-01,N22000214,408,RUNNING OF 12 CAR TRAINS ON HARBOUR LINE,RAILWAYS,MRTP,"MAHARASHTRA, .",2012-04-01,2016-04-01,2017-03-01,714.1,714.1,65.2,,,,11(O),0/0,consolidated,100
2016-04-01,N22000220,409,PLASSEY-JIAGANJ DOUBLING,RAILWAYS,ER,"MULTI STATE, .",2011-04-01,2015-03-01,2015-03-01,248.07,248.07,12.88,,,,,0/0,consolidated,100
2016-04-01,N22000239,410,PRINCEPGHAT-MAJERHAT DOUBLING OF CIRCULAR RAILWAY,RAILWAYS,ER,"MULTI STATE, .",2011-04-01,2017-03-01,2017-03-01,299.6,299.6,,,,,0(O),0/0,consolidated,100
2016-04-01,N22000244,411,"LILUAH-DANKUNI 3RD LINE, MM FOR DANKUNI- JONGALPARA-FURFURA SHARIF NL",RAILWAYS,ER,"MULTI STATE, .",2009-04-01,2014-03-01,2014-03-01,257.42,257.42,67.47,,,,,0/0,consolidated,100
2016-04-01,N22000245,412,KATWA-PATULI DOUBLING WITH NEW MM FOR AHMEDPUR-KATWA GC,RAILWAYS,ER,"MULTI STATE, .",2010-04-01,2017-03-01,2017-03-01,423.66,423.66,163.59,,,,0(O),0/0,consolidated,100
2016-04-01,N22000254,413,PEN ROHA DOUBLING,RAILWAYS,CR,"MULTI STATE, .",2007-04-01,,2015-03-01,98.74,203,196.74,,,,,0/0,consolidated,100
2016-04-01,N22000313,414,VIJAYWADA-GUDUGOLANU-BHIMAVARAM- NARSAPUR DL (221 KM),RAILWAYS,RVNL,ANDHRA PRADESH .,2012-03-01,,2020-03-01,1503.71,1503.71,138.6,,,,,0/0,consolidated,100
2016-04-01,N22000318,415,KIRANDUL - JAGDALPUR DOUBLING,RAILWAYS,ECOR,"CHHATISGARH, .",2012-12-01,,2018-03-01,826.57,1143.6,,,,,,0/0,consolidated,100
2016-04-01,220100286,416,"RAJATGARH-BARANG(LD),ECOR",RAILWAYS,RVNL,"ODISHA, .",1999-04-01,2009-02-01,2016-04-01,166.16,325.5,331.99,,,2009-02-01,86(O),0/0,consolidated,100
2016-04-01,220100201,417,BPUTRA BRIDGE AT BOGIBIL AND LINK LINES NEFR,RAILWAYS,NFR,"ASSAM, .",1997-09-01,2008-04-01,2017-06-01,1500,4996.19,3689.32,,,2011-12-01,110(O),0/0,consolidated,100
2016-04-01,N22000028,418,"EXTENSION OF MRTS FROM VELACHERY TO STN. THOMAS, MTP",RAILWAYS,MRTP,"TAMIL NADU, .",2006-04-01,2013-06-01,2013-06-01,495.74,495.74,309.13,,,2013-06-01,,0/0,consolidated,100
2016-04-01,N22000077,419,BHOPAL BINA 3D LINE DOUBLING,RAILWAYS,RVNL,"MADHYA PRADESH, .",2007-09-01,2010-03-01,2017-06-01,687.2,950,859.42,,,,87(O),0/0,consolidated,100
2016-04-01,N22000108,420,NEW WORK FOR CONSTRUCTION OF METRO RAILWAY FROM NOAPARA-BARASAI VIA BIMANBANDER (MTP),RAILWAYS,RVNL,"WEST BENGAL, .",2010-04-01,2016-03-01,2016-06-01,2397.72,2397.72,197.2,,96,,3(O),0/0,consolidated,100
2016-04-01,N22000135,421,EAST WEST METRO CORRIDOR FROM HOWRAH MAIDAN TO SALT LAKE,RAILWAYS,MRTP,"WEST BENGAL, .",2013-03-01,2016-03-01,2018-06-01,4874.58,4874.58,1881.65,,,,27(O),0/0,consolidated,101
2016-04-01,N22000107,422,RAMANAGRAM-MYSORE DOUBLING WITH ELECTRIFICATION OF KENGESII- MUSORE (SWR),RAILWAYS,SWR,"KARNATAKA, .",2007-04-01,2013-03-01,2015-09-01,482,874.57,706.59,,,,,0/0,consolidated,101
2016-04-01,N22000119,423,BANDEL-NAIHATI NEW RAIL BRIDGE IN REPLACEMENT OF JUBILEE BRIDGE NO.8 (ER),RAILWAYS,ER,"WEST BENGAL, .",1999-04-01,2012-12-01,2015-09-01,207.52,207.52,191.41,,,,,0/0,consolidated,101
2016-04-01,N22000324,424,HOSADURGA - CHICKJAJUR (28.89 KM),RAILWAYS,SWR,"KARNATAKA, .",2010-04-01,,2015-09-01,203.4,203.4,143.28,,,,,0/0,consolidated,101
2016-04-01,220100318,425,"ETAWAH-MAINPURI (NL),NCR",RAILWAYS,NCR,"UTTAR PRADESH, .",1997-04-01,2008-12-01,2015-10-01,120,245.39,210.67,,245.39,,,0/0,consolidated,101
2016-04-01,220100326,426,CUTTACK - BARANG (LD),RAILWAYS,RVNL,"ODISHA, .",1995-04-01,2014-10-01,2014-10-01,127.13,225,193.37,,,,,0/0,consolidated,101
2016-04-01,220100327,427,KHURDA ROAD - BARANG 3RD LINE (DL) (ECOR),RAILWAYS,RVNL,"ODISHA, .",2000-04-01,2009-03-01,2016-10-01,133.41,318.33,305.8,,207,2009-03-01,91(O),0/0,consolidated,101
2016-04-01,N22000117,428,GHUTIASHARIF-CANNING (ER),RAILWAYS,ER,"WEST BENGAL, .",2009-04-01,2011-12-01,2013-11-01,611.03,611.03,135.48,,,2013-11-01,,0/0,consolidated,101
2016-04-01,220100133,429,"UDHAMPUR-SRINAGAR-BARAMULLA (NL),NR",RAILWAYS,NR,"JAMMU AND KASHMIR, .",1995-03-01,2002-11-01,2018-12-01,2500,19565,,,,,193(O),0/0,consolidated,101
2016-04-01,220100186,430,"GONDIA-JABALPUR(GC),(SECR)",RAILWAYS,SECR,"MULTI STATE, .",1997-02-01,1998-03-01,2019-12-01,386.3,1544.4,,,,,261(O),0/0,consolidated,101
2016-04-01,220100214,431,"RANCHI-LOHARDAGA(GC),SER",RAILWAYS,SER,"JHARKHAND, .",1997-04-01,2004-06-01,2015-12-01,194.07,335,226.39,,,,,0/0,consolidated,101
2016-04-01,220100277,432,BANKURA - DAMODAR (GC) (SER),RAILWAYS,SER,"WEST BENGAL, .",1998-03-01,2005-03-01,2019-12-01,111.9,2371.85,479.9,,1039.29,2008-12-01,177(O),0/0,consolidated,101
2016-04-01,220100280,433,"JIND-SONEPAT (NL),NR",RAILWAYS,NR,"HARYANA, .",2004-01-01,2012-03-01,2012-12-01,238.56,740,541.83,,,2012-03-01,,0/0,consolidated,101
2016-04-01,N22000075,434,SALKA ROAD -ANUPNAGAR LINE DOUBLING,RAILWAYS,RVNL,"CHHATISGARH, .",2006-09-01,2010-03-01,2017-12-01,324.9,385.54,239.37,,,,93(O),0/0,consolidated,101
2016-04-01,N22000097,435,"TAMLUK DIGHA,LINE DOUBLING (SER)",RAILWAYS,SER,"WEST BENGAL, .",1984-03-01,2005-06-01,2019-12-01,293.97,1428,456.82,,1013.74,2011-07-01,174(O),0/0,consolidated,101
2016-04-01,N22000110,436,NEW WORK FOR CONSTRUCTION OF METRO RAILWAY FROM NSCB AIRPORT TO NEW GARIA VIA RAJARHAT (MTP),RAILWAYS,RVNL,"WEST BENGAL, .",2010-04-01,2016-03-01,2020-12-01,3951.98,3161.58,,,,,57(O),0/0,consolidated,101
2016-04-01,N22000111,437,NEW WORK FOR CONSTRUCTION OF METRO RAILWAY FROM JOKA TO BINOY BADAL DINESH BAGH.,RAILWAYS,RVNL,"WEST BENGAL, .",2010-04-01,2016-03-01,2018-12-01,2913.51,2095.2,536.64,,,,33(O),0/0,consolidated,101
2016-04-01,N22000160,438,DIGHA-JALESWAR INCLUDING MM FOR DIGHA-EGRA,RAILWAYS,SER,"MULTI STATE, .",2010-04-01,,2019-12-01,553.63,1009,7.08,,651.17,,,0/0,consolidated,101
2016-04-01,N22000162,439,CHAMPAJHARAN-BIMALGARH DOUBLING EXTENSION,RAILWAYS,SER,"ODISHA, .",2010-04-01,2015-03-01,2016-12-01,149.9,230,54.96,,,,21(O),0/0,consolidated,101
2016-04-01,N22000165,440,MANOHARPUR-BONDAMUNDA 3RD LINE DOUBLING,RAILWAYS,SER,"JHARKHAND, .",2012-04-01,,2017-12-01,258.2,365,1.19,,315.13,,,0/0,consolidated,101
2016-04-01,N22000213,441,MULTI MODAL TRANSPORT SYSTEM(MMTS) PHASE- II HYDERABAD,RAILWAYS,MRTP,"TELANGANA, .",2012-04-01,2016-03-01,2017-12-01,632.68,816.55,44.13,,,,21(O),0/0,consolidated,101
2016-04-01,N22000319,442,SAMBALPUR - ANGUL RLY. ELECTRIFICATION,RAILWAYS,ECOR,"ODISHA, .",2012-03-01,,2016-12-01,155.81,155.81,14,,,,,0/0,consolidated,101
2016-04-01,N22000323,443,RAJKHARSWAN- CHAKRADHARPUR 3RD LINE (20 KM) JHARKHAND,RAILWAYS,SER,"JHARKHAND, .",2012-04-01,2016-12-01,2016-12-01,148.77,209,0.36,,97,,0(O),0/0,consolidated,101
2016-04-01,220100252,444,ANGAMALI-SABARIMALA (N.L.)(SR),RAILWAYS,SR,"KERALA, .",1998-10-01,,,550,1566,137.4,,517.7,,,0/0,consolidated,102
2016-04-01,220100257,445,KHAGARIA-KUSHESHWAR ASTHAN (NL) (ECR),RAILWAYS,ECR,"BIHAR, .",1997-04-01,,,162.87,541,147.39,,,,,0/0,consolidated,102
2016-04-01,220100258,446,"JALANDHAR-PATHANKOT-JAMMU-TAWI (LD),NR",RAILWAYS,NR,"MULTI STATE, .",2002-03-01,2007-06-01,,625.3,847.75,830.17,,408.76,,,0/0,consolidated,102
2016-04-01,220100262,447,TIRUCHIRAPPALI-NAGORE-KARAIKKAL(SR)(GC),RAILWAYS,SR,"TAMIL NADU, .",1995-09-01,,,100,980,576.17,,,,,0/0,consolidated,102
2016-04-01,220100263,448,QUILON-TIRUNELVELI-TENKASI- VIRUDHUNAGAR(SR)(GC),RAILWAYS,SR,"MULTI STATE, .",1998-03-01,,,280,1122,834.61,,,,,0/6,consolidated,102
2016-04-01,220100265,449,KOTLPALLI-NARASAPUR (NL) (SCR),RAILWAYS,SCR,"ANDHRA PRADESH, .",2001-12-01,,,330,1047,0.03,,,,,0/0,consolidated,102
2016-04-01,220100268,450,TOLLYGANJ-GARIA WITH EXTENSION TO DUM DUM- NOAPARA AND NOAPARA-NSCB AIRPORT(MTP),RAILWAYS,MRTP,"WEST BENGAL, .",2000-03-01,2006-12-01,,1049.69,3404.92,3544.3,,3385.14,,,0/0,consolidated,102
2016-04-01,220100270,451,"GADWAL - RAICHUR (NL), SCR",RAILWAYS,SCR,"MULTI STATE, .",1998-04-01,2011-02-01,,92.63,270,293.59,,,2011-02-01,,0/0,consolidated,102
2016-04-01,220100273,452,"DEOGHAR - SULTANGANJ (INL), ER",RAILWAYS,ER,"MULTI STATE, .",2000-04-01,2012-12-01,,607.09,607.09,544.25,,,2012-12-01,,0/0,consolidated,102
2016-04-01,220100274,453,BANGLORE - SATYAMANGALAM (NL)(SWR),RAILWAYS,SWR,"KARNATAKA, .",1996-04-01,,,138,1382.78,2.77,,,,,0/0,consolidated,102
2016-04-01,220100284,454,KHURDA ROAD-BOLANGIR(NL)ECOR,RAILWAYS,ECOR,"ODISHA, .",1994-04-01,,,470.21,1995.25,295.9,,,,,0/0,consolidated,102
2016-04-01,220100303,455,"HAJIPUR-SUGAULI VIA VAISHALI (NL), ECR",RAILWAYS,ECR,"BIHAR, .",2003-04-01,,,528.65,324.66,221.71,,,,,0/0,consolidated,102
2016-04-01,220100304,456,"KOSI BRIDGE (NL), ECR",RAILWAYS,ECR,"BIHAR, .",2002-04-01,2012-03-01,,322.95,341.41,320.39,,,,,0/0,consolidated,102
2016-04-01,220100311,457,"DANIAWAN-BIHARSARIF (NL), ECR",RAILWAYS,ECR,"BIHAR, .",2001-04-01,,,406.92,339,200,,,,,0/0,consolidated,102
2016-04-01,220100316,458,MAHARAJGANJ-MASRAKH (NL) - NER,RAILWAYS,NER,"BIHAR, .",2003-04-01,,,218.19,343,191.82,,,,,0/0,consolidated,102
2016-04-01,220100319,459,HATHUA-BHATNI (N L) (NER),RAILWAYS,NER,"MULTI STATE, .",2005-04-01,,,230.03,230.03,151.26,,,,,0/0,consolidated,102
2016-04-01,220100328,460,TALCHER-BIMALAGARH(NL)(ECOR),RAILWAYS,ECOR,"ODISHA, .",2005-04-01,,,810.78,810.8,133.24,,,,,0/0,consolidated,102
2016-04-01,220100329,461,RAICHUR-GUNTAKAL(DL)(SCR),RAILWAYS,RVNL,"ANDHRA PRADESH, .",2003-04-01,2007-12-01,,136.62,360,325.6,,,2010-03-01,,0/0,consolidated,102
2016-04-01,N22000002,462,MANSI-PURNIA (EXTENSION OF MANSI-SAHARSA) GAN ECR,RAILWAYS,ECR,"BIHAR, .",1996-04-01,2012-03-01,,332.92,477.88,495.4,,332.92,,,0/0,consolidated,102
2016-04-01,N22000032,463,MANOHARABAD-KOTHPALL NEW LINE(SCR),RAILWAYS,SCR,"TELANGANA, .",2006-04-01,,,378.56,791.59,0.76,,,,,0/0,consolidated,102
2016-04-01,N22000045,464,"GOELKERA-MANOHARPUR,(LD)(SER)",RAILWAYS,SER,"JHARKHAND, .",1997-03-01,2006-02-01,,261.7,360,192.41,,,,,0/0,consolidated,102
2016-04-01,N22000049,465,OBULAVARIPALLE-KRISHNAPATNAM(RVNL),RAILWAYS,RVNL,"ANDHRA PRADESH, .",2006-07-01,2008-03-01,,743,732.81,539.93,,,2008-06-01,,0/0,consolidated,102
2016-04-01,N22000079,466,MAYLADUTHURAI-THIRUVARUR-KARAIKUDI-THIRU 'PONDI'-AGASTIYAMPALLI,RAILWAYS,SR,"TAMIL NADU, .",2007-09-01,,,404.19,1383.45,401.6,,,,,0/0,consolidated,102
2016-04-01,N22000082,467,"ALUABARI ROAD SILIGURI JUNCTION VIA GALGALIA, NEFR",RAILWAYS,NFR,"MULTI STATE, .",2006-12-01,2011-03-01,,170,485,417.14,,98,,dk;kZUo;u,0/0,consolidated,102
2016-04-01,N22000084,468,TINDIVANAM-GINGEE-TIRUVANNAMALAI (NL),RAILWAYS,SR,"TAMIL NADU, .",2006-09-01,,,125,490,61.41,,,,,0/0,consolidated,103
2016-04-01,N22000085,469,TIDIVANAM-NAGARI (NL),RAILWAYS,SR,"TAMIL NADU, .",2006-09-01,,,456,1080,183.05,,,,,0/0,consolidated,103
2016-04-01,N22000091,470,BARDHAMAN-KATWA (GC),RAILWAYS,ER,"WEST BENGAL, .",2007-04-01,2010-12-01,,1106.62,1106.62,234.57,,,,,0/0,consolidated,103
2016-04-01,N22000109,471,NEW WORK FOR CONSTRUCTION OF METRO RAILWAY FROM BARANAGAR TO BARRACKPORE AND DAKSHINESHWAR (MTP),RAILWAYS,RVNL,"WEST BENGAL, .",2010-04-01,2014-03-01,,2298.42,1655.68,35.44,,,,,0/0,consolidated,103
2016-04-01,N22000113,472,JAIPUR - RINGUS - CHURU AND SIKAR - LOHARU GUAGE CONVERSION (NWR),RAILWAYS,NWR,RAJASTHAN .,2008-04-01,2014-03-01,,653.19,653.55,251.6,,,,,0/0,consolidated,103
2016-04-01,N22000114,473,SURATPURA - HANUMANGARH - SRIGANGANAGAR GUAGE CONVERSION (NWR),RAILWAYS,NWR,"RAJASTHAN, .",2008-04-01,2014-03-01,,516.23,516.23,587.83,,732.06,,,0/0,consolidated,103
2016-04-01,N22000115,474,TINPAHAR - SAHIBGANJ (ER),RAILWAYS,ER,"JHARKHAND, .",2008-04-01,2012-03-01,,167.73,167.73,84.9,,,,,0/0,consolidated,103
2016-04-01,N22000116,475,DAKSHIN-BARASAL-LAKSHMIKANTAPUR,RAILWAYS,ER,"WEST BENGAL, .",2009-04-01,2011-12-01,,533.38,533.38,109.76,,,,,0/0,consolidated,103
2016-04-01,N22000118,476,PANDABESWAR-CHINPAI DOUBLING (ER),RAILWAYS,ER,"WEST BENGAL, .",2004-04-01,2010-12-01,,293.74,293.74,139.08,,,,,0/0,consolidated,103
2016-04-01,N22000120,477,RATLAM-MHOW-KHANDWA-AKOLA (GC),RAILWAYS,WR,"MADHYA PRADESH, .",2008-04-01,2012-03-01,,603.04,1421.25,318.37,,,,,0/0,consolidated,103
2016-04-01,N22000121,478,AHMEDABAD-HIMMATNAGAR-UDAIPUR (WR),RAILWAYS,WR,"GUJARAT, .",2008-04-01,2013-03-01,,394.14,385.6,56.73,,,,,0/0,consolidated,103
2016-04-01,N22000123,479,BHUJ-NALIYA(GC) WITH EXTENSION FROM NALIYA TO VAYOR (WR),RAILWAYS,WR,"GUJARAT, .",2008-04-01,2012-03-01,,318.24,321.62,2.07,,,,,0/0,consolidated,103
2016-04-01,N22000125,480,BHAVNAGAR-WORKSHOP FACILITIES FOR 50 BG COACHES POH PER MONTH (WR),RAILWAYS,WR,"GUJARAT, .",2006-04-01,2011-03-01,,117.36,196.95,197.77,,196.95,,,0/0,consolidated,103
2016-04-01,N22000130,481,ANANDNAGAR GHUGHALI VIA MAHRAJGANJ UP,RAILWAYS,NER,"UTTAR PRADESH, .",2013-03-01,,,307,307,,,,,,0/0,consolidated,103
2016-04-01,N22000131,482,CHHITAUNI TAMKUHI ROAD KUSHINAGAR GOPALGANJ UP,RAILWAYS,NER,"MULTI STATE, .",2007-03-01,,,243.78,243.78,27.13,,,,,0/0,consolidated,103
2016-04-01,N22000132,483,BHOJIPUR TANAKPUR VIA PILIBHIT,RAILWAYS,NER,"UTTAR PRADESH, .",2008-03-01,,,195.64,195.64,79.93,,,,,0/0,consolidated,103
2016-04-01,N22000133,484,AUNRIHAR MANDUADIH GAZIPUR VARANASI UP,RAILWAYS,NER,"UTTAR PRADESH, .",2012-03-01,,,199.75,199.75,45.47,,,,,0/0,consolidated,103
2016-04-01,N22000134,485,CHHAPRA-BALLIA UP,RAILWAYS,NER,"MULTI STATE, .",2013-03-01,,,295,494.92,0.32,,,,,0/0,consolidated,103
2016-04-01,N22000136,486,KAPILVASTU-BASTI VIA BANSI SIDHARTHNAGAR BASTI NAUGARH UP,RAILWAYS,NER,"UTTAR PRADESH, .",2013-03-01,,,643,643,,,,,,0/0,consolidated,103
2016-04-01,N22000137,487,BANGURGRAM-GURIYA PATCH DOUBLING,RAILWAYS,NWR,"RAJASTHAN, .",2012-04-01,,,246.08,246.08,4.13,,,,,0/0,consolidated,103
2016-04-01,N22000138,488,CHOTTAUDEPUR-DHAR(NL),RAILWAYS,WR,"MULTI STATE, .",2007-04-01,,,1347.26,1347.26,145.82,,,,,0/0,consolidated,103
2016-04-01,N22000139,489,"DAHOD-INDORE VIA SARDARPUR, JHABUA AND DHAR (NL)",RAILWAYS,WR,"MULTI STATE, .",2007-04-01,,,1640.04,1640.04,160.44,,,,,0/0,consolidated,103
2016-04-01,N22000140,490,AHMEDABAD-BOTAD (GC),RAILWAYS,WR,"GUJARAT, .",2012-04-01,,,567.18,567.18,2,,99,,dk;kZUo;u,0/0,consolidated,103
2016-04-01,N22000141,491,DHASA-JETALSAR (GC),RAILWAYS,WR,"GUJARAT, .",2012-04-01,,,376.59,376.59,2,,,,,0/0,consolidated,104
2016-04-01,N22000142,492,MIYAGAM-KARJAN-DABHOI-SAMLAYA (GC),RAILWAYS,WR,"GUJARAT, .",2011-04-01,,,439.88,439.88,0.7,,,,,0/0,consolidated,104
2016-04-01,N22000143,493,"RAJKOT-VERAVAL,WANSJALIA TO JATALSAR WITH NEW MM FOR SHAPUR-SARADIYA AND SOMNATH- KODINAR (GC)",RAILWAYS,WR,"GUJARAT, .",1994-04-01,,,320.66,913.48,457.55,,913.48,,,0/0,consolidated,104
2016-04-01,N22000145,494,VIRAMGAM-SAMAKHIALI (DL),RAILWAYS,WR,"GUJARAT, .",2011-04-01,,,446,685.17,107.61,,,,,0/0,consolidated,104
2016-04-01,N22000146,495,VIRAMGAM-SURENDRANAGAR (DL),RAILWAYS,WR,"GUJARAT, .",2010-04-01,,,279.4,279.4,184.82,,,,,0/0,consolidated,104
2016-04-01,N22000147,496,RATLAM-DUNGARPUR VIA BANSWARA (NL),RAILWAYS,NWR,"MULTI STATE, .",2011-04-01,,,2082.75,3500,49.62,,,,,0/0,consolidated,104
2016-04-01,N22000149,497,THIYAT HAMIRA-SANU,RAILWAYS,NWR,"RAJASTHAN, .",2013-04-01,,,236.93,262,0.41,,,,,0/0,consolidated,104
2016-04-01,N22000150,498,AJMER-KOTA (NASIRABAD-JAUNDRI),RAILWAYS,NWR,"RAJASTHAN, .",2013-04-01,,,822,822,,,,,,0/0,consolidated,104
2016-04-01,N22000151,499,PUSHKAR-MERTA,RAILWAYS,NWR,"RAJASTHAN, .",2013-04-01,,,323,323,,,,,,0/0,consolidated,104
2016-04-01,N22000152,500,"MAVLI JUNCTION-BARI SADRI, MM OF AJMER- CHITTSURGARH-UDAIPUR",RAILWAYS,NWR,"RAJASTHAN, .",2013-04-01,,,456,855.16,557.7,,,,,0/0,consolidated,104
2016-04-01,N22000153,501,RATANGARH-SARDARSAHAR (MM OF SADULPUR- BIKANER AND RATANGARH-DEGANA GC),RAILWAYS,NWR,"RAJASTHAN, .",2010-04-01,,,739.65,872.22,792.43,,,,,0/0,consolidated,104
2016-04-01,N22000154,502,GURIYA-MARWAR AND KARJODA-PALANPUR,RAILWAYS,NWR,"RAJASTHAN, .",2011-04-01,,,239.73,179.32,30.33,,,,,0/0,consolidated,104
2016-04-01,N22000155,503,AJMER-BANGURGRAM,RAILWAYS,NWR,"RAJASTHAN, .",2011-04-01,,,213.39,218.39,21.65,,,,,0/0,consolidated,104
2016-04-01,N22000156,504,RANI-MARWAR JN. PATCH DOUBLING,RAILWAYS,NWR,"RAJASTHAN, .",2012-04-01,,,288.97,288.97,0.62,,,,,0/0,consolidated,104
2016-04-01,N22000157,505,ALWAR-BANDIKUI DOUBLING,RAILWAYS,NWR,"RAJASTHAN, .",2013-04-01,,,242.09,242.09,,,,,,0/0,consolidated,104
2016-04-01,N22000159,506,BOWAICHANDI-ARAMBAGH,RAILWAYS,SER,"WEST BENGAL, .",2010-04-01,,,267.37,434,34.01,,,,,0/0,consolidated,104
2016-04-01,N22000161,507,BHADUTOLA-JHARGRAM VIA LALGARH (NL),RAILWAYS,SER,"WEST BENGAL, .",2011-04-01,,,289.64,760,0.09,,,,,0/0,consolidated,104
2016-04-01,N22000166,508,ARA-BHABHUA ROAD (NL),RAILWAYS,SER,"BIHAR, .",2008-04-01,,,490.8,490.8,0.39,,,,,0/0,consolidated,104
2016-04-01,N22000167,509,NAWADA-LAXMIPUR (NL),RAILWAYS,ECR,"BIHAR, .",2008-04-01,,,620.57,620.57,,,,,,0/0,consolidated,104
2016-04-01,N22000168,510,GAYA-DALTONGANJ VIA RAFIGANJ (NL),RAILWAYS,ECOR,"BIHAR, .",2008-04-01,,,445.25,445.25,1.14,,,,,0/0,consolidated,104
2016-04-01,N22000169,511,GAYA-CHATRA (NL),RAILWAYS,ECOR,"MULTI STATE, .",2008-04-01,,,415.67,415.67,13.88,,,,,0/0,consolidated,104
2016-04-01,N22000170,512,BIHTA-AURANGABAD (NL),RAILWAYS,ECOR,"BIHAR, .",2008-04-01,,,326.2,326.2,1.68,,,,,0/0,consolidated,104
2016-04-01,N22000171,513,SAKRI-HASANPUR ROAD (NL),RAILWAYS,ECOR,"BIHAR, .",1999-04-01,,,175.69,325,253.1,,,,,0/0,consolidated,104
2016-04-01,N22000172,514,CHHAPRA-MUZAFFARPUR (NL),RAILWAYS,ECOR,"BIHAR, .",2006-04-01,,,285.07,378.56,111.71,,100,,dk;kZUo;u,0/0,consolidated,104
2016-04-01,N22000173,515,DARBANGHA-KUSHESHWARSTHAN (NL),RAILWAYS,ECR,"BIHAR, .",2005-04-01,,,205,205,5.21,,,,,0/0,consolidated,105
2016-04-01,N22000175,516,SITAMARHI-JAYNAGAR-NIRMALI VIA SURSAND (NL),RAILWAYS,ECR,"BIHAR, .",2008-04-01,,,678.62,239.32,17.17,,,,,0/0,consolidated,105
2016-04-01,N22000177,517,ARARIA-SUPAUL (NL),RAILWAYS,ECR,"BIHAR, .",2008-04-01,,,304.41,304.41,0.19,,,,,0/0,consolidated,105
2016-04-01,N22000178,518,KURSELA-BIHARIGANJ (NL),RAILWAYS,ECR,"BIHAR, .",2008-04-01,,,192.56,192.56,0.38,,,,,0/0,consolidated,105
2016-04-01,N22000179,519,MUZAFFARPUR-DARBANGHA (NL),RAILWAYS,ECR,"BIHAR, .",2008-04-01,,,281.3,281.3,0.58,,,,,0/0,consolidated,105
2016-04-01,N22000180,520,SAKRI-NIRMALI AND JHANJHARPUR- LAUKAHABAZAR AND SAHARSA-FORBESGANJ (GC),RAILWAYS,ECR,"BIHAR, .",2004-04-01,,,372.14,355.81,283.44,,,,,0/0,consolidated,105
2016-04-01,N22000181,521,JAYNAGAR-BIJALPURA INCLUDING EXTENSION BIJALPURA-BARDIBAS(NEPAL) GC,RAILWAYS,ECR,"BIHAR, .",2009-04-01,,,470,470,40,,,,,0/0,consolidated,105
2016-04-01,N22000182,522,HAJIPUR-RAMDAYALUNAGAR DOUBLING,RAILWAYS,ECR,"BIHAR, .",2013-04-01,,,213.01,367.17,13,,,,,0/0,consolidated,105
2016-04-01,N22000184,523,ATTIPPATTU-PUTTUR,RAILWAYS,SR,"TAMIL NADU, .",2008-04-01,,,446.87,528,2.96,,,,,0/0,consolidated,105
2016-04-01,N22000185,524,CHENNAI-CUDDALORE VIA MAMALLAPURAM,RAILWAYS,SR,"MULTI STATE, .",2008-04-01,,,523.52,1200,2.04,,,,,0/0,consolidated,105
2016-04-01,N22000186,525,SRIPERUMBUDUR-GUDUVANCHERY WITH SPUR TO IRUNGATTUKKOTTAI-AVADI-SRIPERUMBUDUR,RAILWAYS,SR,"TAMIL NADU, .",2013-04-01,,,839,1500,0.01,,,,,0/0,consolidated,105
2016-04-01,N22000187,526,CUDDALORE-SALEM VIA VRIDDHACHALAM GC,RAILWAYS,SR,"TAMIL NADU, .",1999-04-01,,,198.68,556.64,266.66,,,,,0/0,consolidated,105
2016-04-01,N22000188,527,CHENNAI BEACH-TAMBARAM-CHENGALPATTU SUBURBAN GC,RAILWAYS,SR,"TAMIL NADU, .",1998-04-01,,,271.24,520,461.3,,,,,0/0,consolidated,105
2016-04-01,N22000190,528,KURUPPANTHARA-CHINGAVANAM,RAILWAYS,SR,"MULTI STATE, .",2007-04-01,,,270.14,346.15,14.61,,,,,0/0,consolidated,105
2016-04-01,N22000191,529,KUMBALAM-TURAVUR,RAILWAYS,SR,"KERALA, .",2011-04-01,,,252.96,252.96,1.48,,,,,0/0,consolidated,105
2016-04-01,N22000199,530,ERODE-PALANI,RAILWAYS,SR,"TAMIL NADU, .",2008-04-01,,,288.57,603.22,1.49,,,,,0/0,consolidated,105
2016-04-01,N22000201,531,MADURAI-BODINAYAKKANUR,RAILWAYS,SR,"TAMIL NADU, .",2008-04-01,,,164.41,450,13.54,,,,,0/0,consolidated,105
2016-04-01,N22000203,532,CHENGANNUR-CHINGAVANAM,RAILWAYS,SR,"KERALA, .",2006-04-01,,,191.72,222.95,112.4,,,,,0/0,consolidated,105
2016-04-01,N22000204,533,ERNAKULAM-KUMBALAM,RAILWAYS,SR,"KERALA, .",2010-04-01,,,189.24,189.24,1.52,,,,,0/0,consolidated,105
2016-04-01,N22000212,534,CIRCULAR RAILWAY INCLUDING REMOUNT ROAD TO SANTOSHPUR,RAILWAYS,MRTP,"WEST BENGAL, .",2009-04-01,,,573.78,573.78,166.89,,,,,0/0,consolidated,105
2016-04-01,N22000215,535,MADURAI-TUTICORIN VIA ARUPPUKKOTTAI,RAILWAYS,SR,"MULTI STATE, .",2011-04-01,,,601.43,800,0.48,,,,,0/0,consolidated,105
2016-04-01,N22000216,536,"LAKSHMIKANTAPUR-NAMKHANA SUBSEQUENTLY MM FOR NAMKHANA-CHANDRANAGAR, KAKDWIP- BUDAKHALI AND CHANDRANAG",RAILWAYS,ER,"MULTI STATE, .",1987-04-01,,,406.99,406.99,140.17,,,,,0/0,consolidated,105
2016-04-01,N22000217,537,"SULTANGANJ-KATURIA VIA ASARGANJ, TARAPUR AND BELHAR",RAILWAYS,ER,"MULTI STATE, .",2007-04-01,,,450,450,7.41,,101,,dk;kZUo;u,0/0,consolidated,105
2016-04-01,N22000218,538,HANSNABAD-HINGALGANJ NEW BG LINE,RAILWAYS,ER,"MULTI STATE, .",2010-04-01,,,172.03,172.03,5.05,,,,,0/0,consolidated,106
2016-04-01,N22000219,539,PIRPAINTI-JASIDIH,RAILWAYS,ER,"MULTI STATE, .",2013-04-01,,,915.98,915.98,0.09,,,,,0/0,consolidated,106
2016-04-01,N22000221,540,BANDEL-BOINCHI 3RD LINE,RAILWAYS,ER,"MULTI STATE, .",2011-04-01,,,288.35,288.35,6,,,,,0/0,consolidated,106
2016-04-01,N22000222,541,PIRPAINTI-BHAGALPUR,RAILWAYS,ER,"MULTI STATE, .",2011-04-01,,,261.38,261.38,14.71,,,,,0/0,consolidated,106
2016-04-01,N22000223,542,"HABRA-CHANDPARA, MM FOR MACHALANDPUR- SWARUPNAGAR NL",RAILWAYS,ER,"MULTI STATE, .",2000-04-01,,,157.17,157.17,76.53,,,,,0/0,consolidated,106
2016-04-01,N22000224,543,KALINARAYANPUR-KRISHNANAGAR DOUBLING ALONGWITH KRISHNANAGAR - CHAPRA NEW LINE AND NAIHATI-RANAGHAT 3,RAILWAYS,ER,"MULTI STATE, .",2001-04-01,,,923.52,923.52,204.98,,,,,0/0,consolidated,106
2016-04-01,N22000225,544,"CHINPAI-SAINTHIA DOUBLING, MM FOR PRANTI- SURI, CHOWRIGACHA-SAINTHIA VIA KANDI NL",RAILWAYS,ER,"MULTI STATE, .",2005-04-01,,,595.91,595.91,88.26,,,,,0/0,consolidated,106
2016-04-01,N22000227,545,KALINARAYANPUR-SHANTIPUR DOUBLING WITH NEW MM FOR RANAGHAT-DUTTAPHULIA NEW LINE,RAILWAYS,ER,"MULTI STATE, .",2010-04-01,,,174.56,174.56,53.02,,,,,0/0,consolidated,106
2016-04-01,N22000228,546,SONDALIA-CHAMPAPUKUR DOUBLING WITH NEW MM FOR BIRA-CHAKIA NL,RAILWAYS,ER,"MULTI STATE, .",2010-04-01,,,277.28,277.28,55.74,,,,,0/0,consolidated,106
2016-04-01,N22000229,547,"DANKUNI-CHANDANPUR 4TH LINE, 1ST PHASE OF DANKUNI-SHAKTIGARH 4TH LINE WITH MM BARUIPARA FURFURA NL",RAILWAYS,ER,"MULTI STATE, .",2010-04-01,,,296.44,296.44,3.86,,,,,0/0,consolidated,106
2016-04-01,N22000230,548,HOWRAH DIVISION- PLATFORM SHELTER (40 C CATEGORY STATIONS),RAILWAYS,ER,"MULTI STATE, .",2010-04-01,,,157.94,157.94,41.67,,,,,0/0,consolidated,106
2016-04-01,N22000231,549,WARDHA-NANDED MAHARASHTRA,RAILWAYS,CR,"MAHARASHTRA, .",2008-04-01,,,499.3,2501.05,68.25,,,,,0/0,consolidated,106
2016-04-01,N22000233,550,KALYAN-KASARA 3RD LINE,RAILWAYS,CR,"MAHARASHTRA, .",2011-04-01,,,277.7,279.7,3.51,,,,,0/0,consolidated,106
2016-04-01,N22000234,551,"BARIARPIUR-MANANPURVIA KHARAGPUER, LACHIMPUR-BARAHAT",RAILWAYS,ER,"MULTI STATE, .",2007-04-01,,,450.55,450.55,10.91,,,,,0/0,consolidated,106
2016-04-01,N22000235,552,TARAKESHWAR-MAGRA NEW BG LINE,RAILWAYS,ER,"MULTI STATE, .",2010-04-01,,,365.17,365.17,1.29,,,,,0/0,consolidated,106
2016-04-01,N22000236,553,HANSDIHA-GODDA NL,RAILWAYS,ER,"MULTI STATE, .",2011-04-01,,,267.09,267.09,1.5,,,,,0/0,consolidated,106
2016-04-01,N22000237,554,SAINTHIA-TARAPITH 3RD LINE,RAILWAYS,ER,"MULTI STATE, .",2011-04-01,,,193.44,193.44,15.86,,,,,0/0,consolidated,106
2016-04-01,N22000238,555,BOINCHI-SHAKTIGARH 3RD LINE,RAILWAYS,ER,"MULTI STATE, .",2011-04-01,,,175.8,175.8,1.22,,,,,0/0,consolidated,106
2016-04-01,N22000240,556,"NEW ALIPUR TO AKRA, MM FOR BUDGE BUDGE- PUJALI NL, PUJALI-ULUBERIA(BIRSHIVPUR) AND PUJALI-BAHRAHAT NL",RAILWAYS,ER,"MULTI STATE, .",2010-04-01,,,494.54,494.54,31.2,,,,,0/0,consolidated,106
2016-04-01,N22000241,557,SONARPUR-CANNING WITH NEW MM FOR KALIKAPUR-MINAKHAN VIA GHATAKPUR NL,RAILWAYS,ER,"MULTI STATE, .",2000-04-01,,,297.47,297.47,51.81,,102,,dk;kZUo;u,0/0,consolidated,106
2016-04-01,N22000242,558,CHANDPARA-BANGAON DOUBLING WITH EXENSION TO CHANDBAZAR AND NEW MM FOR BONGAON- PORAMAHESHTALA & CHAND,RAILWAYS,ER,"MULTI STATE, .",2003-04-01,,,337.96,337.96,60,,,,,0/0,consolidated,107
2016-04-01,N22000243,559,MAGRAHAT-DIAMOND HARBOUR WITH MM SANGRAMPUR-KRISHANCHANDPUR AND DIAMOND HATBOUR - BAHRAHAT-KULPI NL,RAILWAYS,ER,"MULTI STATE, .",2009-04-01,,,493.96,493.96,118.87,,,,,0/0,consolidated,107
2016-04-01,N22000247,560,3RD LINE BETWEEN BHUSAWAL-JALGAON,RAILWAYS,CR,"MAHARASHTRA, .",2011-04-01,,,184.06,184.06,2.19,,,,,0/0,consolidated,107
2016-04-01,N22000248,561,SANTOSHPUR-REMOUNT ROAD VIA GARDEN REACH- METIABRUZE,RAILWAYS,ER,"MULTI STATE, .",2010-04-01,,,268.52,268.52,78.81,,,,,0/0,consolidated,107
2016-04-01,N22000249,562,HOWRAH-DEVELOPMENT OF STATION INCLUDING SEGRAGATION OF AARIVAL/DEPARTURE AND OTHER AMENITIES,RAILWAYS,ER,"MULTI STATE, .",2011-04-01,,,166.89,166.89,0.02,,,,,0/0,consolidated,107
2016-04-01,N22000250,563,WARDHA-SEWAGRAM NGP 3RD LINE,RAILWAYS,CR,"MAHARASHTRA, .",2012-04-01,,,297.85,297.85,3.9,,,,,0/0,consolidated,107
2016-04-01,N22000256,564,TUMKUR-CHITRADURGA-DAVENGERE NL,RAILWAYS,SWR,"KARNATAKA, .",2011-04-01,,,913,1801.01,1.13,,,,,0/0,consolidated,107
2016-04-01,N22000257,565,MUNIRABAD (GINGERA) -RAICHUR NL,RAILWAYS,SWR,"KARNATAKA, .",2007-04-01,,,179.65,1350.91,363.28,,,,,0/0,consolidated,107
2016-04-01,N22000259,566,MANUGURU-RAMAGUNDAM,RAILWAYS,SCR,"TELANGANA, .",2013-04-01,,,1112,1112,,,,,,0/0,consolidated,107
2016-04-01,N22000260,567,KONDAPALLI-PENUBALLI,RAILWAYS,SCR,"MULTI STATE, .",2013-04-01,,,723,723,,,,,,0/0,consolidated,107
2016-04-01,N22000263,568,AKOLA-KHANDWA GC AKOLA-AKOT,RAILWAYS,SCR,"MULTI STATE, .",2008-04-01,,,184.26,2000,17.32,,,,,0/0,consolidated,107
2016-04-01,N22000264,569,BHADRACHALAM-KOVVUR,RAILWAYS,SCR,"MULTI STATE, .",2012-04-01,,,923.23,923.23,,,,,,0/0,consolidated,107
2016-04-01,N22000265,570,GUDUR-DURGARAJAPATNAM,RAILWAYS,SCR,"ANDHRA PRADESH, .",2011-04-01,,,283.54,283.54,0.16,,,,,0/0,consolidated,107
2016-04-01,N22000267,571,MEERUT-MUZAFARNAGAR PATCH DL,RAILWAYS,NR,"UTTAR PRADESH, .",2012-04-01,,,377.44,377.44,0.36,,,,,0/0,consolidated,107
2016-04-01,N22000268,572,MANSA-BHATINDA PH-1 INCLUDING MM FOR RAMA MANDI(RAMAN)-MAUR MANDI VIA TALWANDI SABOO NL,RAILWAYS,NR,"PUNJAB, .",2009-04-01,,,396.04,369,88.77,,,,,0/0,consolidated,107
2016-04-01,N22000269,573,GRADE SEPERATOR AT DAYABASTI,RAILWAYS,NR,"DELHI, .",1999-04-01,,,156.65,156.65,50.64,,,,,0/0,consolidated,107
2016-04-01,N22000270,574,"FAIZABAD-LALGANJ VIA AKBARGANJ, MAHARAJGANJ AND RAEBARELI",RAILWAYS,NR,"UTTAR PRADESH, .",2013-04-01,,,654,654,,,,,,0/0,consolidated,107
2016-04-01,N22000271,575,DELHI-SOHNA-NUH-FIROZPUR-JHIRKA-ALWAR,RAILWAYS,NR,"MULTI STATE, .",2013-04-01,,,1239,1239,,,,,,0/0,consolidated,107
2016-04-01,N22000272,576,ROHTAK-MEHAM HANSI,RAILWAYS,NR,"HARYANA, .",2012-04-01,,,287,576.18,2.83,,,,,0/0,consolidated,107
2016-04-01,N22000273,577,BHANUPALI-BILASPUR BERI NL,RAILWAYS,NR,"HIMACHAL PRADESH, .",2008-04-01,,,1046.88,2966.99,40.78,,,,,0/0,consolidated,107
2016-04-01,N22000274,578,DEOBAND (MUZAFFARNAGAR)- ROORKEE NL,RAILWAYS,NR,"MULTI STATE, .",2007-04-01,,,336.91,336.91,142.78,,,,,0/0,consolidated,107
2016-04-01,N22000276,579,CHIKBALLA-PUR-PUTTTAPARTHY-SRI SATYA SAI NILAYAM NL,RAILWAYS,SWR,"KARNATAKA, .",2013-04-01,,,558,692.43,,,103,,dk;kZUo;u,0/0,consolidated,107
2016-04-01,N22000277,580,SRINIVASA-PURA-MADANAPALLI NL,RAILWAYS,SWR,"MULTI STATE, .",2013-04-01,,,296,466.65,,,,,,0/0,consolidated,108
2016-04-01,N22000278,581,SHIMOGA-HARIHAR NL,RAILWAYS,SWR,"KARNATAKA, .",2011-04-01,,,562.74,832.47,0.94,,,,,0/0,consolidated,108
2016-04-01,N22000279,582,RAYADURGA-TUMKUR NL,RAILWAYS,SWR,"MULTI STATE, .",2007-04-01,,,970.34,1743,332.55,,,,,0/0,consolidated,108
2016-04-01,N22000280,583,WHITE FIELD-KOLAR NL,RAILWAYS,SWR,"KARNATAKA, .",2011-04-01,,,341.05,348.85,0.34,,,,,0/0,consolidated,108
2016-04-01,N22000281,584,ANAND VIHAR-TILAK BRIDGE 3RD AND 4TH LINE,RAILWAYS,NR,"DELHI, .",2012-04-01,,,295.68,295.68,0.68,,,,,0/0,consolidated,108
2016-04-01,N22000282,585,CUMBUM-PRODDATUR,RAILWAYS,SCR,"ANDHRA PRADESH, .",2013-04-01,,,829,829,,,,,,0/0,consolidated,108
2016-04-01,N22000283,586,MUDKHED-PARBHANI,RAILWAYS,SCR,"MAHARASHTRA, .",2011-04-01,,,390.6,390.6,2.11,,,,,0/0,consolidated,108
2016-04-01,N22000286,587,NADIKUDE-SRI KALAHASTI,RAILWAYS,SCR,"ANDHRA PRADESH, .",2011-04-01,,,1313.48,1313.48,0.64,,,,,0/0,consolidated,108
2016-04-01,N22000287,588,BHADRACHALAM ROAD-SATTUPALLI,RAILWAYS,SCR,"MULTI STATE, .",2010-04-01,,,337.49,337.5,0.21,,,,,0/0,consolidated,108
2016-04-01,N22000288,589,"KADAPA-BANGALORE (NL), KADAPA-PENDLIMARRI PH-I",RAILWAYS,SCR,"MULTI STATE, .",2008-04-01,,,2050,2050,176.88,,,,,0/0,consolidated,108
2016-04-01,N22000289,590,HARIDWAR-LAKSAR,RAILWAYS,NR,"UTTARAKHAND, .",2012-04-01,,,219.83,329.97,0.34,,,,,0/0,consolidated,108
2016-04-01,N22000290,591,AMBALA CANTT-DHAPPER PH-1 WITH NEW MM OF DHAPPER-CHANDIGARH,RAILWAYS,NR,"MULTI STATE, .",2010-04-01,,,338.54,338.54,104.75,,,,,0/0,consolidated,108
2016-04-01,N22000291,592,JAKHAL-MANSA DOUBLING ON SPR SECTION,RAILWAYS,NR,"MULTI STATE, .",2008-04-01,,,162.96,162.96,141.13,,,,,0/0,consolidated,108
2016-04-01,N22000292,593,HISSAR-SIRSA VIA AGROHA AND FATEHABAD,RAILWAYS,NR,"HARYANA, .",2013-04-01,,,400,400,,,,,,0/0,consolidated,108
2016-04-01,N22000293,594,YAMUNANAGAR-CHANDIGARH VIA SADHAURA NARAYANGARH,RAILWAYS,NR,"MULTI STATE, .",2013-04-01,,,876,876,,,,,,0/0,consolidated,108
2016-04-01,N22000294,595,UNCHAHAR-AMETHI,RAILWAYS,NR,"UTTAR PRADESH, .",2012-04-01,,,380,380,1.02,,,,,0/0,consolidated,108
2016-04-01,N22000295,596,QADIAN-BEAS,RAILWAYS,NR,"PUNJAB, .",2011-04-01,,,205.22,205.22,1.54,,,,,0/0,consolidated,108
2016-04-01,N22000296,597,CHANDIGARH-BADDI NL,RAILWAYS,NR,"MULTI STATE, .",2007-04-01,,,328.14,328.14,0.17,,,,,0/0,consolidated,108
2016-04-01,N22000298,598,TORANAGALLU-RANJITPURA DL,RAILWAYS,SWR,"KARNATAKA, .",2011-04-01,,,146.75,167.5,0.32,,,,,0/0,consolidated,108
2016-04-01,N22000299,599,GADAG-WADI NL,RAILWAYS,SWR,"KARNATAKA, .",2013-04-01,,,1117,1922,1.39,,,,,0/0,consolidated,108
2016-04-01,N22000300,600,CHIKBALLA-PUR-GOWRIBIDANUR NL,RAILWAYS,SWR,"KARNATAKA, .",2013-04-01,,,327.25,367.77,,,,,,0/0,consolidated,108
2016-04-01,N22000301,601,MONIGRAM- NIMTITA,RAILWAYS,ER,"MULTI STATE, .",2012-04-01,,,250.93,250.93,,,,,,0/0,consolidated,108
2016-04-01,N22000302,602,BAZAR SAU -AZIMGANJ JN. DOUBLING,RAILWAYS,ER,"WEST BENGAL, .",2012-04-01,,,255.64,255.64,,,,,,0/0,consolidated,108
2016-04-01,N22000303,603,"QUILON-TIRUNELVELI - TRICHENDUR, TENKASI",RAILWAYS,SR,"TAMIL NADU, .",1999-04-01,1999-01-01,,460.94,1030,,,,,,0/0,consolidated,108
2016-04-01,N22000304,604,JAGGAYYAPET - MELLACHERUVU,RAILWAYS,SCR,"MULTI STATE, .",2007-04-01,1999-01-01,,313.24,313.24,178.56,,104,,dk;kZUo;u,0/0,consolidated,108
2016-04-01,N22000305,605,MM FROM BURAMARA-CHAKULIA,RAILWAYS,SER,"MULTI STATE, .",2008-04-01,1999-01-01,,466.48,800,0.83,,,,,0/0,consolidated,109
2016-04-01,N22000308,606,MARIKUPPAM - KUPPAM,RAILWAYS,SWR,"KARNATAKA, .",2012-04-01,1999-01-01,,285.57,279.54,1.38,,,,,0/0,consolidated,109
2016-04-01,N22000309,607,MM FROM PANSKURA-GHATAL NL,RAILWAYS,SER,"WEST BENGAL, .",2011-04-01,1999-01-01,,276.69,426,,,,,,0/0,consolidated,109
2016-04-01,N22000316,608,BHADRAK - NERGUNDI 3RD LINE,RAILWAYS,ECOR,"ODISHA, .",2013-03-01,,,858.67,837.33,0.66,,,,,0/0,consolidated,109
2016-04-01,N22000317,609,JHARSUGUDA-RENGALI DOUBLING,RAILWAYS,ECOR,"ODISHA, .",2006-03-01,,,201,230,207.45,,,,,0/0,consolidated,109
2016-04-01,N22000320,610,DELANG-PURI DOUBLING,RAILWAYS,ECOR,"ODISHA, .",2011-03-01,2015-03-01,,165.16,234.71,63.99,,,,,0/0,consolidated,109
2016-04-01,N22000321,611,GHAZIPUR - AUNRIHAR (40 KM),RAILWAYS,NER,"UTTAR PRADESH, .",2014-04-01,,,182.92,197.73,,,,,,0/0,consolidated,109
2016-04-01,N22000322,612,THANJAVUR - PONMALAI DOUBLING (46.96 KM) WITH BYE-PASS LINE BEFORE PONMALAI (1.13 KM),RAILWAYS,SR,"TAMIL NADU, .",2011-04-01,,,190.1,190.1,29.93,,,,,0/0,consolidated,109
2016-04-01,N22000325,613,HUBLI- CHIKJAJUR,RAILWAYS,SWR,"KARNATAKA, .",2015-03-01,,,1900,1900,,,,,,0/0,consolidated,109
2016-04-01,N22000326,614,PHULERA - DIGANA DOUBLING,RAILWAYS,NWR,"MULTI STATE, .",2015-05-01,,,600,600,,,,,,0/0,consolidated,109
2016-04-01,N22000327,615,MIRAJ-LONDA,RAILWAYS,SWR,"MULTI STATE, .",2015-03-01,,,1830,1830,,,,,,0/0,consolidated,109
2016-04-01,N22000328,616,YELAHANKA-PENUKONDA,RAILWAYS,SWR,"MULTI STATE, .",2015-05-01,,,860.43,860.43,,,,,,0/0,consolidated,109
2016-04-01,N22000329,617,SAMASTIPUR-DARBANGHA,RAILWAYS,ECR,"BIHAR, .",2015-05-01,,,380,380,,,,,,0/0,consolidated,109
2016-04-01,N22000330,618,AJMER(NASIRABAD)- SAWAI MADHOPUR (CHAUTH KA BARWARA) VIS TONK NL,RAILWAYS,NWR,"RAJASTHAN, .",2015-05-01,,,873.71,873.71,,,,,,0/0,consolidated,109
2016-04-01,N22000331,619,ROHTAK - BHIWANI DOUBLING,RAILWAYS,NWR,"HARYANA, .",2015-05-01,,,400,400,,,,,,0/0,consolidated,109
2016-04-01,N22000332,620,ARSIKERE-TUMKUR,RAILWAYS,SWR,"KARNATAKA, .",2015-03-01,,,960,960,,,,,,0/0,consolidated,109
2016-04-01,N22000333,621,HOTGI-KUDGI-GADAG,RAILWAYS,SWR,"MULTI STATE, .",2015-03-01,,,1618,1618,,,,,,0/0,consolidated,109
2016-04-01,N22000334,622,HAJIPUR - BACHAWARA,RAILWAYS,ECR,"MULTI STATE, .",2015-05-01,,,720,720,,,,,,0/0,consolidated,109
2016-04-01,N24000089,623,"GWALIOR-JHANSI, NH-75",ROAD TRANSPORT AND HIGHWAYS,NHAI,"MULTI STATE, PPP (ANNUITY)",2003-12-01,2009-12-01,,604,604,423.83,,,,,0/0,consolidated,109
2016-04-01,N24000139,624,NEW 4 LANE ELEVATED ROAD FROM CHENNAI AIRPORT-MADURAVOYAL NH NO.4,ROAD TRANSPORT AND HIGHWAYS,NHAI,"TAMIL NADU, PPP (BOT)",2010-09-01,2013-09-01,,1655,1655,641.78,,,,,0/0,consolidated,109
2016-04-01,N24000140,625,TALEGAON-AMRAVATI,ROAD TRANSPORT AND HIGHWAYS,NHAI,"MAHARASHTRA, PPP (BOT)",2009-11-01,2013-11-01,,567,567,1055.94,,,,,0/0,consolidated,109
2016-04-01,N24000168,626,4 LANNING OF GODHARA TO GUJARAT/MP BORDER,ROAD TRANSPORT AND HIGHWAYS,NHAI,"GUJARAT, PPP (BOT)",2011-03-01,2013-08-01,,785.5,785.5,923.28,,105,,dk;kZUo;u,0/3,consolidated,109
2016-04-01,N24000243,627,YAN TO NIRMAL SEREHABILITATION AND UPGRADATION OF NH -222 FROM KM 615.00 TO 668.60 (KALCTION) TO TW,ROAD TRANSPORT AND HIGHWAYS,PWD,"TELANGANA, EPC",2013-12-01,2016-03-01,,244.08,244.08,38.32,,,,,1/4,consolidated,110
2016-04-01,N24000244,628,REHABILITATION AND UPGRADATION OF NH -765 FROM KM 23.00 TO 108.00 (HYDERABAD TO DINDI SECTION) TO T,ROAD TRANSPORT AND HIGHWAYS,PWD,"TELANGANA, EPC",2014-01-01,2016-03-01,,340,340,,,,,,0/2,consolidated,110
2016-04-01,N24000245,629,REHABILITATION AND UPGRADATION OF NH -565 FROM KM 1.00 TO 86.057 (NAKREKAL TO NAGARJUNSAGAR DAM SECT,ROAD TRANSPORT AND HIGHWAYS,PWD,"TELANGANA, EPC",2014-01-01,2016-03-01,,270,270,19.84,,,,,1/4,consolidated,110
2016-04-01,N24000249,630,CONSTRUCTION OF GODAVARI RIVER BRIDGE NEAR VENKATPURAM INCLUDING APPROACH ROAD ON NH-202 UNDER LWE S,ROAD TRANSPORT AND HIGHWAYS,PWD,"TELANGANA, .",2011-03-01,2015-12-01,,218.31,339.82,208.28,,,,,0/3,consolidated,110
2016-04-01,N24000257,631,CONSTRUCTION OF MARGOA WESTERN BYPASS FOR NH-17 (NEW NH-66 ) FROM KM. 26 /200 ( CHAINAGE 00/00) TO K,ROAD TRANSPORT AND HIGHWAYS,DORTH,"GOA, EPC",2015-03-01,,,298.33,298.33,16.1,,,,,0/4,consolidated,110
2016-04-01,N24000258,632,CONST. OF MISSING LINK BETWEEN KM. 11/680 TO KM. 14/020 AND WIDENING OF EXISTING TWO LANE ROAD TO FO,ROAD TRANSPORT AND HIGHWAYS,DORTH,"GOA, EPC",2015-03-01,,,184.05,184.05,16.07,,,,,0/4,consolidated,110
2016-04-01,N24000259,633,CONST. OF CANACONA BYPASS FROM KM.68/00 (CH.00/00) TO KM. 85/740 (CH. 7/740 ON PANAJI - MANGALORE SE,ROAD TRANSPORT AND HIGHWAYS,DORTH,"GOA, EPC",2015-03-01,,,280.16,280.16,25.55,,,,,0/4,consolidated,110
2016-04-01,N24000262,634,REHABILITATION AND UP-GRADATION OF NH-221 (NEW NH-30) FROM KM 32.735 TO KM 71.200 (CHANDRAGUDEM TO A,ROAD TRANSPORT AND HIGHWAYS,DORTH,"ANDHRA PRADESH, EPC",2014-12-01,2015-02-01,,201.12,201.12,,,201,,,0/4,consolidated,110
2016-04-01,N24000266,635,REHABILITATION AND UPGRADATION FROM KM.425 400 TO 509 400 NH-565 OF PENCHALAKONA TO YERPEDU CONTRAC,ROAD TRANSPORT AND HIGHWAYS,PWD,"ANDHRA PRADESH, .",2014-01-01,2014-07-01,,361.3,361.3,192.97,,,,,0/1,consolidated,110
2016-04-01,N24000269,636,REHABILITATION AND UPGRADATION OF NH -18 FROM KM 57/0 TO KM 108/850 PILERU TO RAYACHOTY SECTION TO T,ROAD TRANSPORT AND HIGHWAYS,PWD,"ANDHRA PRADESH, EPC",2015-03-01,,,175.03,175,,,,,,0/1,consolidated,110
2016-04-01,N24000272,637,REHABILITATION AND UPGRADATION OF NH-42 (OLD NO.205) FROM KM.134/0 TO 202/050 (MUDIGUBBA TO ANANTHAP,ROAD TRANSPORT AND HIGHWAYS,PWD,"ANDHRA PRADESH, EPC",2015-02-01,,,266,266,,,,,,0/4,consolidated,110
2016-04-01,N24000273,638,REHABILITATION AND UP-GRADATION OF NH-221 (NEW NH-30) FROM KM 0.0 TO 32.735(IBRAHIMAPATNAM TO CHANDR,ROAD TRANSPORT AND HIGHWAYS,MORTH,"ANDHRA PRADESH, EPC",2015-07-01,,,314.43,314.43,,,,,,0/0,consolidated,110
2016-04-01,N24000275,639,"WIDENING NH-848 FROM KM 16.000 TO 34.000, 39.000 TO 57.000 AND KM 62.000 TO 65/600/JOB NO 992/15-16",ROAD TRANSPORT AND HIGHWAYS,MORTH,"MAHARASHTRA, EPC",2015-10-01,,,289.6,289.6,0.05,,,,,0/0,consolidated,110
2016-04-01,N24000276,640,CONSTRUCTION OF HIGH LEVEL BRIDGE ACROSS INDRAVATI RIVER ON NH-63 (ERSTWHILE NH-16) AND CONSTRUCTION,ROAD TRANSPORT AND HIGHWAYS,MORTH,"MAHARASHTRA, ITEM RATE",2011-12-01,,,156.26,156.26,65.16,,227,,,0/0,consolidated,110
2016-04-01,N24000277,641,CONSTRUCTION OF HL BRIDGE ACROSS GADAVARI RIVER AND ITS APPROACHES FOR MISSING LINK BETWEEN SIRONCHA,ROAD TRANSPORT AND HIGHWAYS,MORTH,"MAHARASHTRA, ITEM RATE",2011-03-01,,,185.82,185.82,205.97,,292,,dk;kZUo;u,0/0,consolidated,110
2016-04-01,N24000278,642,REHABILITATION AND UP GRADATION OF NH-43 FROM KM.81.500-KM 130.00 DHAMTARI- KANKER SECTION.,ROAD TRANSPORT AND HIGHWAYS,PWD,"CHHATISGARH, EPC",2014-10-01,2015-03-01,,213.47,213.47,,,,,,0/0,consolidated,111
2016-04-01,N24000279,643,REHABILITATION AND UPGRADATION OF NH-43 KM. 180.00 TO 241.00 ( BEDMA-DAHIKONDA) UNDER NHDP-IV,ROAD TRANSPORT AND HIGHWAYS,PWD,"CHHATISGARH, EPC",2014-10-01,2015-03-01,,298.34,298.34,,,,,,0/0,consolidated,111
2016-04-01,N24000280,644,REHABILITATION AND UPGRADATION OF NH-43 KM. 241.000 TO 298.000 (DAHIKONDA TO JAGDALPUR) UNDER NHDP-I,ROAD TRANSPORT AND HIGHWAYS,PWD,"CHHATISGARH, EPC",2014-11-01,2015-03-01,,262.54,262.54,,,,,,0/0,consolidated,111
2016-04-01,N24000283,645,"CONSTRUCION OF 2 LANE ROAD FROM KM. 28700- 292.00, 322.00-342.00 AND 352.00- 400.00 OF NH 63 (OLD NH-",ROAD TRANSPORT AND HIGHWAYS,PWD,"CHHATISGARH, ITEM RATE",2010-12-01,2012-12-01,,169.26,169.26,,,,,,0/0,consolidated,111
2016-04-01,N24000286,646,REHABILITATION AND UP GRADATION OF NH-12A FROM KM246.849-KM 317.406 KAWARDHA- SIMGA SECTION.,ROAD TRANSPORT AND HIGHWAYS,PWD,"CHHATISGARH, EPC",2014-12-01,,,394.2,394.2,,,,,,0/0,consolidated,111
2016-04-01,N24000287,647,REHABILITATION AND UPGRADATION OF NH-111 FROM KM. 82.500 TO 163.400 (KATHGHORA TO SHIVNAGAR SECTION,ROAD TRANSPORT AND HIGHWAYS,PWD,"CHHATISGARH, EPC",2015-11-01,2015-12-01,,485.44,485.44,,,,,,0/0,consolidated,111
2016-04-01,N24000288,648,REHABILITATION AND UPGRADATION OF NH-64 FROM KM.0.00 TO 28.110(ZIRAKPUR TO PATIALA SEC.) TO 4 LANE I,ROAD TRANSPORT AND HIGHWAYS,MORTH,"CHHATISGARH, EPC",2015-03-01,,,422.34,422.34,49.93,,,,,0/0,consolidated,111
2016-04-01,N24000289,649,REHABILITATION AND UPGRADATION OF NH-64 FROM KM.28.110 TO 50.000(ZIRAKPUR TO PATIALA SEC.) TO 4 LANE,ROAD TRANSPORT AND HIGHWAYS,PWD,"PUNJAB, EPC",2015-03-01,,,435.9,435.9,50.74,,,,,0/0,consolidated,111
2016-04-01,N24000290,650,WIDENING AND REHABILITATION OF THE EXISTING PATIALA BYEPASS FROM EXISTING KM.50/0 TO 69/280) ON NH-6,ROAD TRANSPORT AND HIGHWAYS,PWD,"PUNJAB, EPC",2015-01-01,,,279.68,279.68,,,,,,0/0,consolidated,111
2016-04-01,N24000291,651,4-LAINING WITH PAVED SHOULDERS OF SANGRUR TO DOGAL KALAN SEC.OF NH-71(NEW NH-52) FROM KM.181.805 TO,ROAD TRANSPORT AND HIGHWAYS,PWD,"PUNJAB, EPC",2014-11-01,,,463.65,463.65,280.16,,546,,,0/0,consolidated,111
2016-04-01,N24000292,652,4 LAINING WITH PAVED SHOULDERS OF DOGAL KALAN TO PUNJAB/HARYANA BORDER SEC.OF NH- 71(NEW NH-52) FROM,ROAD TRANSPORT AND HIGHWAYS,PWD,"PUNJAB, EPC",2014-11-01,,,573.96,605,217.74,,605,,,0/0,consolidated,111
2016-04-01,N24000293,653,REHABILITATION AND UP-GRADATION OF NH-214 (NEW NH-216) FROM KM 0.0 TO 26.150(KATHIPUDI TO START OF K,ROAD TRANSPORT AND HIGHWAYS,MORTH,"ANDHRA PRADESH, EPC",2015-10-01,,,480.21,480.21,,,,,,0/0,consolidated,111
2016-04-01,N24000294,654,WIDENING AND STRENGTHENING OF NH-65 TO FOUR LANES WITH PAVED SHOULDERS FROM EXISTING KM 267+500 TO K,ROAD TRANSPORT AND HIGHWAYS,MORTH,"RAJASTHAN, EPC",2014-10-01,2015-01-01,,269.22,269.22,,,,,,0/0,consolidated,111
2016-04-01,N24000295,655,WIDENING AND STRENGHENING OF NH-65 TO TWO LANES WITH PAVED SHOULDERS FROM EXISTING,ROAD TRANSPORT AND HIGHWAYS,MORTH,"RAJASTHAN, EPC",2014-10-01,2015-01-01,,257.09,257.09,,,,,,0/0,consolidated,111
2016-04-01,N24000296,656,REHABILITATION AND UPGRADING TO 2 LANES-2 LANE WITH PAVED SHOULDERS,ROAD TRANSPORT AND HIGHWAYS,MORTH,"RAJASTHAN, EPC",2013-10-01,2014-05-01,,278.87,278.87,,,107,,dk;kZUo;u,0/0,consolidated,111
2016-04-01,N24000297,657,REHABILITATION AND UPGRADING TO 2 LNES-2 LANE WITH PAVED SHOULDERS CONFIGURATION AND STRENGTHENING O,ROAD TRANSPORT AND HIGHWAYS,MORTH,"RAJASTHAN, ITEM RATE",1991-01-01,2014-04-01,,376.52,376.52,,,,,,0/0,consolidated,112
2016-04-01,N24000298,658,WIDENING AND STRENGTHENING OF NH-15 TO TWO LANES WITH PAVED SHOULDER FROM EXISTING KM 173/0 TO KM 24,ROAD TRANSPORT AND HIGHWAYS,MORTH,"RAJASTHAN, EPC",2015-02-01,2015-03-01,,383.4,383.4,224.68,,,,,0/0,consolidated,112
2016-04-01,N24000306,659,"WIDENING TO 2 LANE, RE-ALIGNMENT AND GEOMETRIC IMPROVEMENT FROM KM 11/00 TO KM 114/618 OF NH-44A IN",ROAD TRANSPORT AND HIGHWAYS,PWD,"MIZORAM, ITEM RATE",2010-11-01,2011-03-01,,624.41,624.41,,,,,,0/0,consolidated,112
2016-04-01,N24000307,660,TWO LANING OF KHONSA - TISSA - LONGDING (NH- 52B) (42.50 KM) IN ARUNACHAL PRADESH UNDER ARUNACHAL PRA,ROAD TRANSPORT AND HIGHWAYS,PWD,"ARUNACHAL PRADESH, ITEM RATE",2011-12-01,2012-02-01,,156.63,276,132.21,,276,,,0/0,consolidated,112
2016-04-01,N24000308,661,CONSTRUCTION OF A NEW 2-LANE HIGHWAY FROM KM 71/00 TO 99/83 IN MIZORAM TO SUPPORT KALADAN MULTI MOD,ROAD TRANSPORT AND HIGHWAYS,PWD,"MIZORAM, ITEM RATE",2010-08-01,2010-10-01,,193.69,193.69,,,,,,0/0,consolidated,112
2016-04-01,N24000309,662,TWO LANING OF LALPUL- MANMAO- CHANGLANG ROAD (NH-52B) IN ARUNACHAL PRADESH UNDER ARUNACHAL PRADESH P,ROAD TRANSPORT AND HIGHWAYS,PWD,"ARUNACHAL PRADESH, ITEM RATE",2010-11-01,2011-03-01,,305.49,305.49,,,,,,0/0,consolidated,112
2016-04-01,N24000311,663,TWO LANING OF GOBOK - SIJON NALLAH (CORRECSPONDING TO EXISTING CH: 27.00 TO KM75.00) IN ARUNACHAL PR,ROAD TRANSPORT AND HIGHWAYS,PWD,"ARUNACHAL PRADESH, ITEM RATE",2012-03-01,2012-05-01,,207.03,207.03,,,,,,0/0,consolidated,112
2016-04-01,N24000312,664,CONSTRUCTION OF 2-LANE NAYABAZAR - LEGSHIP ROAD IN WEST SIKKIM.,ROAD TRANSPORT AND HIGHWAYS,PWD,"SIKKIM, .",2013-04-01,2013-08-01,,151.59,151.59,,,,,,0/0,consolidated,112
2016-04-01,N24000313,665,CONSTRUCTION OF 2-LANE TARKU DAMTHANG NAMCHI ROAD IN SOUTH SIKKIM.,ROAD TRANSPORT AND HIGHWAYS,PWD,"SIKKIM, ITEM RATE",2013-04-01,2013-08-01,,166.27,166.27,,,,,,0/0,consolidated,112
2016-04-01,N24000314,666,CONSTRUCTION OF 2-LANE MELLI MANPUR NAMCHI ROAD IN SOUTH SIKKIM,ROAD TRANSPORT AND HIGHWAYS,PWD,"SIKKIM, ITEM RATE",2013-01-01,2013-02-01,,182.28,182,24.36,,,,,0/0,consolidated,112
2016-04-01,N24000315,667,"WIDENING OF 2(TWO) LANING OF LONGLENG- CHANTONGYA ROAD, MON-TAMLU-MERANGKONG ROAD, PHEK- PFUTSERO ROA",ROAD TRANSPORT AND HIGHWAYS,PWD,"NAGALAND, ITEM RATE",2010-12-01,2011-02-01,,1296,1296,,,,,,0/0,consolidated,112
2016-04-01,N24000316,668,CONSTRUCTION OF PAVED SHOULDERS IN KM.81/0 TO 203/0 INCLUDING RECONSTRUCTION AND WIDENING OF CULVERT,ROAD TRANSPORT AND HIGHWAYS,MORTH,"TAMIL NADU, EPC",2015-03-01,2015-08-01,,258.97,268.92,,,268.92,,,0/0,consolidated,112
2016-04-01,N24000317,669,REHABILITATION AND UPGRADATION OF NH 226 E FROM 0-1 - 66-20 TO 2 LANE WITH PAVED SHOULDERS ON EPC MO,ROAD TRANSPORT AND HIGHWAYS,MORTH,"TAMIL NADU, EPC",2015-03-01,2015-07-01,,157.18,161.7,,,162,,,0/0,consolidated,112
2016-04-01,N24000318,670,CONSTRUCTION OF PAVED SHOULDERS INCULDING STRENGTHENING OF EXISTING CARRIAGEWAY FROM KM 0-0-51-0 I-,ROAD TRANSPORT AND HIGHWAYS,MORTH,"TAMIL NADU, EPC",2015-11-01,2015-08-01,,154.14,154.14,,,108,,dk;kZUo;u,0/0,consolidated,112
2016-04-01,N24000330,671,CONSTN FOR FOUR LANING OF BABATPUR- VARANASI SECTION OF NH-56 (231) KM 263.00 TO 280.25 (EPC MODE),ROAD TRANSPORT AND HIGHWAYS,MORTH,"UTTAR PRADESH, EPC",2015-03-01,,,629.74,629.74,,,,,,0/0,consolidated,113
2016-04-01,N24000331,672,CONSTRUCTION OF RING ROAD FOR RAEBARELI CITY (PHASE -I) ON EASTERN SIDE OF NH 24B,ROAD TRANSPORT AND HIGHWAYS,MORTH,"UTTAR PRADESH, EPC",2014-01-01,2016-03-01,,282.41,282.41,,,,,,0/0,consolidated,113
2016-04-01,N24000332,673,REHABILITATION AND UPGRADATION OF END OF AHMEDNAGAR BYPASS TO KHARWANDI KASAR SECTION OF NH-222 FROM,ROAD TRANSPORT AND HIGHWAYS,MORTH,"MAHARASHTRA, EPC",2015-01-01,,,225.81,225.81,6.5,,,,,0/0,consolidated,113
2016-04-01,N24000370,674,"4-LANES WITH PAVED SIDE SHOULDERS OF END OF SANGRUR BYPASS TO TAPA SEC,IF NH-64(NEW NH- 07) FROM EXI",ROAD TRANSPORT AND HIGHWAYS,PWD,"PUNJAB, EPC",2015-02-01,,,483.38,483.38,101.48,,,,,0/0,consolidated,113
2016-04-01,N24000372,675,4-LANES WITH PAVED SIDE SHOULDERS OF TAPA TO BATHINDA SEC.OF NH-64(NEW NH-07) FROM EXISING KM.168/0,ROAD TRANSPORT AND HIGHWAYS,PWD,"PUNJAB, EPC",2015-02-01,,,616.36,616.36,96.1,,,,,0/0,consolidated,113
2016-04-01,N24000374,676,4 LANES WITH PAVED SIDE SHOULDERS OF END OF PATIALA BYPASS TO START OF SANGRUR BYEPASS SEC.OF NH-64(,ROAD TRANSPORT AND HIGHWAYS,PWD,"PUNJAB, EPC",2015-02-01,,,486.74,486.74,189.42,,,,,0/0,consolidated,113
2016-04-01,N24000378,677,BARELA-MANDLA SECTION OF NH-12A IN MADHYA PRADESH KM 22/8 TO KM 89/6 OF NH-12A,ROAD TRANSPORT AND HIGHWAYS,NHDP,"MADHYA PRADESH, EPC",2015-06-01,,,390.51,390.51,43.25,,,,,0/0,consolidated,113
2016-04-01,N24000380,678,BHOPAL-BIORA (4L) OF NH-12 IN MP,ROAD TRANSPORT AND HIGHWAYS,NHDP,"MADHYA PRADESH, BOT (TOLL)",2011-11-01,2015-05-01,,704.26,704.26,,,,,,0/0,consolidated,113
2016-04-01,N24000381,679,BIORA-RAJASTHAN BORDER (2L) OF NH-12EXT IN MP,ROAD TRANSPORT AND HIGHWAYS,NHDP,"MADHYA PRADESH, BOT (TOLL)",2013-03-01,2016-02-01,,257.8,257.8,69.06,,,,,0/0,consolidated,113
2016-04-01,N24000382,680,REHABILITATION AND UPGRADING TO 2 LANES/2 LANE WITH PAVED SHOULDERS CONFIGURATION OF BIRPUR - BIHPUR,ROAD TRANSPORT AND HIGHWAYS,MORTH,"BIHAR, EPC",1991-01-01,,,675,675,,,,,,0/0,consolidated,113
2016-04-01,N24000383,681,CONST.OF 4 LANES WITH PAVED SHOUDLERS OF HARIKE BYPASS FROM EXISTING KM.158.350 TO 166.925 OF NH-15(,ROAD TRANSPORT AND HIGHWAYS,PWD,"PUNJAB, EPC",2015-03-01,,,312.79,312.79,27.4,,,,,0/0,consolidated,113
2016-04-01,N24000384,682,CONST.OF SANGRUR BYPASS(EXISTING KM.106.170 TO 116.950) AND DHANOULA BYPASS(EXISTING KM.138.030 TO K,ROAD TRANSPORT AND HIGHWAYS,PWD,"PUNJAB, EPC",2014-07-01,,,319.8,319.8,102.69,,,,,0/0,consolidated,113
2016-04-01,N24000385,683,DEVELOPMENT TO FOUR LANE WITH PAVED SHOULDERS OF SHAHKOT-MOGA SECTION OF NH- 71 (NEW NH-52) FROM EXIS,ROAD TRANSPORT AND HIGHWAYS,PWD,"PUNJAB, EPC",2015-12-01,,,766.36,766.36,267.63,,,,,0/0,consolidated,113
2016-04-01,N24000387,684,FOUR LANING OF ITANAGAR - HOLONGI SECTION OF NH-52A (19.26 KM) IN ARUNACHAL PRADESH UNDER PHASE 'A',ROAD TRANSPORT AND HIGHWAYS,PWD,"ARUNACHAL PRADESH, ITEM RATE",2011-01-01,,,264.16,264.16,,,,,,0/0,consolidated,113
2016-04-01,N24000389,685,4-LANING OF LAMBRA-SHAHKOT SECTION OF NH- 71 FROM KM 12.00 TO 44.600,ROAD TRANSPORT AND HIGHWAYS,PWD,"PUNJAB, EPC",2015-11-01,,,847.02,847.02,299.81,,,,,0/0,consolidated,113
2016-04-01,N24000390,686,2 LANING OF SHILLONG NONGSTOIN SECTION OF NH 44 AND NONGSTOIN TURA STATE ROAD UNDER PHASE A OF SA,ROAD TRANSPORT AND HIGHWAYS,PWD,"MEGHALAYA, ITEM RATE",2010-12-01,2011-02-01,,1494.48,1494.48,,,109,,dk;kZUo;u,0/0,consolidated,113
2016-04-01,N24000391,687,4-LANING OF MOGA -TALLEWAL SECTION OF NH-71 FROM KM 77.200 TO 114.00,ROAD TRANSPORT AND HIGHWAYS,PWD,"PUNJAB, EPC",2015-11-01,,,889.24,889.24,389.64,,,,,0/0,consolidated,114
2016-04-01,N24000395,688,BAMITHA-SATANA (2L+PS) OF NH-75 IN MP,ROAD TRANSPORT AND HIGHWAYS,NHDP,"MADHYA PRADESH, BOT (TOLL)",2015-08-01,,,257.8,257,16.19,,,,,0/0,consolidated,114
2016-04-01,N24000396,689,2 LANING OF OF LUMDING-DIPHU- MANJA ROAD (L=54.37 KM.) HAFLONG JATINGA ROAD (L=7.46 KM.) BASKA BAR,ROAD TRANSPORT AND HIGHWAYS,PWD,"ASSAM, ITEM RATE",2010-11-01,2011-02-01,,470.2,470.2,,,,,,0/0,consolidated,114
2016-04-01,N24000404,690,DEVELOPMENT TO FOUR LANE WITH PAVED SHOULDERS OF TALLEWAL-BARNALA SECTION OF NH-71 FROM EXISTING KM,ROAD TRANSPORT AND HIGHWAYS,PWD,"PUNJAB, EPC",2015-12-01,,,578.38,578.38,128.53,,,,,0/0,consolidated,114
2016-04-01,N24000405,691,WIDENING AND STG.OF EXISTING TWO-LANE CARRIAGEWAY TO FOUR LANES WITH PAVED SIDE SHOULDERS OF AMRTISA,ROAD TRANSPORT AND HIGHWAYS,PWD,"MULTI STATE, EPC",2015-03-01,,,789.83,789.83,135.2,,,,,0/0,consolidated,114
2016-04-01,N24000407,692,FOUR LANING OF 5.122 KM OF NH 9 (NEW NH 65) FROM KM 269/900 (DESIGN CH. 0/0) TO KM 275/022 (DESIGN C,ROAD TRANSPORT AND HIGHWAYS,PWD,"ANDHRA PRADESH, EPC",2015-10-01,2015-11-01,,333.21,333.21,,,,,,0/0,consolidated,114
2016-04-01,N24000412,693,MANGAWA-MP/UP BORDER SECTION OF NH-27 (4L) IN MP,ROAD TRANSPORT AND HIGHWAYS,NHDP,"MADHYA PRADESH, BOT (TOLL)",2012-01-01,2015-04-01,2016-04-01,381.86,381.86,,,,,12(O),0/0,consolidated,114
2016-04-01,N24000415,694,CONSTRUCTION OF A NEW 2-LANE HIGHWAY FROM KM 0.00 (ON NH-54 NEAR LAWNGTLAI),ROAD TRANSPORT AND HIGHWAYS,PWD,"MIZORAM, ITEM RATE",2010-08-01,2010-10-01,,195.04,195.04,130.82,,,,,0/0,consolidated,114
2016-04-01,N24000419,695,TWO LANING OF HOJ POTIN SECTION OF NH 229 (19.06 KM) IN ARUNACHAL PRADESH UNDER ARUNACHAL PRADESH PA,ROAD TRANSPORT AND HIGHWAYS,PWD,"ARUNACHAL PRADESH, ITEM RATE",2009-12-01,2010-09-01,,165,165,,,,,,0/0,consolidated,114
2016-04-01,N24000420,696,TWO LANING OF YUPIA - HOJ SECTION (20.40 KM) IN ARUNACHAL PRADESH UNDER ARUNACHAL PRADESH PACKAGE OF,ROAD TRANSPORT AND HIGHWAYS,PWD,"ARUNACHAL PRADESH, ITEM RATE",2009-12-01,2010-09-01,,104,201,,,,,,0/0,consolidated,114
2016-04-01,N24000425,697,4 LANING OF AMRAVATI - CHIKHLI (PKG-I),ROAD TRANSPORT AND HIGHWAYS,NHAI,"MAHARASHTRA, PPP (BOT)",2015-07-01,,,2288.18,2288.18,,,,,,0/0,consolidated,114
2016-04-01,N24000427,698,4 LANING OF BAHARAGORA - SINGHARA,ROAD TRANSPORT AND HIGHWAYS,NHAI,"ODISHA, .",2015-07-01,,,1282.94,1282.94,,,,,,0/0,consolidated,114
2016-04-01,N24000431,699,4 LANING FROM JAMUGURI TO BISWANATH CHARIALI FROM KM 182 TO KM 208 OF NH-52,ROAD TRANSPORT AND HIGHWAYS,NHIDCL,"ASSAM, EPC",1991-01-01,,,520.01,520.01,,,,,,0/0,consolidated,114
2016-04-01,N24000432,700,CONSTRUCTION OF NH-4B FROM KM.21.200 TO KM.27.270( D TO E SECTION) AND FROM KM.0.000 TO KM.4.492 ( D,ROAD TRANSPORT AND HIGHWAYS,NHAI,"MAHARASHTRA, .",2015-09-01,,,414.51,414,,,,,,0/0,consolidated,114
2016-04-01,N24000434,701,4 LANING OF BIAORA - DEWAS,ROAD TRANSPORT AND HIGHWAYS,NHAI,"MADHYA PRADESH, .",2015-06-01,,,583.79,583.79,,,,,,0/0,consolidated,114
2016-04-01,N24000435,702,CONSTRUCTION OF KARALPHATA INTERCHANGE FROM 3.600 TO KM 6.073 OF NH4B AND FROM 5.300 TO KM 7.422 (,ROAD TRANSPORT AND HIGHWAYS,NHAI,"MAHARASHTRA, .",2015-10-01,,,531.13,531.13,,,,,,0/0,consolidated,114
2016-04-01,N24000439,703,4 LANING OF FAGNE - MAH-GUJ BORDER ( PKG-3),ROAD TRANSPORT AND HIGHWAYS,NHAI,"MAHARASHTRA, EPC",2015-07-01,,,1885.74,1885.74,,,110,,dk;kZUo;u,0/0,consolidated,114
2016-04-01,N24000441,704,CONSTRUCTION OF GAVANPHATA INTERCHANGE FROM 14.740 TO KM 15.894 ( OLD SH -54) PKG-2,ROAD TRANSPORT AND HIGHWAYS,NHAI,"MAHARASHTRA, .",2015-10-01,,,593.26,593.26,,,,,,0/0,consolidated,115
2016-04-01,N24000442,705,"CONSTRUCTION OF FLYOVER AT KM.544.650 INCLUDING ROB ,SERVICE ROADS ,FOOTPATH FOR RCC DRAINS ON URBAN",ROAD TRANSPORT AND HIGHWAYS,NHAI,"MAHARASHTRA, .",2015-12-01,,,649.5,649.5,,,,,,0/0,consolidated,115
2016-04-01,N24000444,706,CONSTRUCTION OF BRIDGE INCLUDING APPROACHES ACROSS RIVER ZUARI ON NH-17 (NH- 66) ON PANJIM-MANGALORE,ROAD TRANSPORT AND HIGHWAYS,MORTH,"GOA, EPC",2015-10-01,,,936.4,936.4,27.27,,,,,0/0,consolidated,115
2016-04-01,N24000447,707,BELA(RIWA)-MP/UP BORDER (4L) OF NH-7 IN MP,ROAD TRANSPORT AND HIGHWAYS,NHDP,"MADHYA PRADESH, BOT (TOLL)",2011-11-01,2015-02-01,,670.82,670.82,,,,,,0/0,consolidated,115
2016-04-01,N24000449,708,8 LANING OF MUKARBA CHOWK TO PANIPAT,ROAD TRANSPORT AND HIGHWAYS,NHAI,"HARYANA, PPP (BOT)",2015-07-01,,,2128.72,2128.72,,,,,,0/0,consolidated,115
2016-04-01,N24000451,709,6/8 LANING OF ROAD PORT CONNECTIVITY JNPT PHASE II -CONSTRUCTION OF NH-348 - PKG3,ROAD TRANSPORT AND HIGHWAYS,NHAI,"MAHARASHTRA, .",2015-08-01,,,505,505,,,,,,0/0,consolidated,115
2016-04-01,N24000452,710,6 LANING OF AGRA - ETAWAH BYPASS,ROAD TRANSPORT AND HIGHWAYS,NHAI,"UTTAR PRADESH, PPP (BOT)",2015-07-01,,,1657.2,1657.2,,,,,,0/0,consolidated,115
2016-04-01,N24000458,711,4 LANING OF GUNA TO BIAORA,ROAD TRANSPORT AND HIGHWAYS,NHAI,"MADHYA PRADESH, PPP (BOT)",2015-06-01,,,1012.9,1012.9,,,,,,0/0,consolidated,115
2016-04-01,N24000467,712,NH 79 OF CHITTORGARH NEEMUCH MP BORDER KM 183 000 TO KM 221 400 BY FOUR LANING WITH PAVED SHOULDER A,ROAD TRANSPORT AND HIGHWAYS,PWD,"RAJASTHAN, BOT (TOLL)",2012-09-01,2013-10-01,,511,511,,,,,,0/0,consolidated,115
2016-04-01,N24000470,713,NH 79 CHITTORGARH NEEMUCH MP BORDER FOUR LANING AND NH 113 NIMBAHERA PRATAPGARH TWO LANING,ROAD TRANSPORT AND HIGHWAYS,PWD,"RAJASTHAN, BOT (TOLL)",2012-09-01,2013-10-01,,511,511,,,,,,0/0,consolidated,115
2016-04-01,N24000472,714,NAGPUR - KONDHALI,ROAD TRANSPORT AND HIGHWAYS,NHAI,"MAHARASHTRA, .",2005-09-01,2006-06-01,,168,168,279.92,,,,,0/0,consolidated,115
2016-04-01,N24000473,715,FOUR LANING OF PATNA TO KOILWAR,ROAD TRANSPORT AND HIGHWAYS,NHAI,"BIHAR, .",2015-08-01,,,556.07,556.07,,,,,,0/0,consolidated,115
2016-04-01,N24000476,716,IMPROVEMENT OF AMRITSAR BYPASS BY CONSTRUCTION OF ADDITIONAL STRUCTURE AND SERVICE ROADS ON NH-1,ROAD TRANSPORT AND HIGHWAYS,NHAI,"PUNJAB, .",2015-09-01,,,273.06,273.06,,,,,,0/0,consolidated,115
2016-04-01,N24000480,717,FOUR OF SIMARIA - KHAGARIA SECTION OF NH-31,ROAD TRANSPORT AND HIGHWAYS,NHAI,"BIHAR, .",2015-12-01,,,1041.1,1041.1,,,,,,0/0,consolidated,115
2016-04-01,N24000482,718,FOUR LANING OF KOILWAR TO BHOJPUR,ROAD TRANSPORT AND HIGHWAYS,NHAI,"BIHAR, .",2015-08-01,,,814.04,814.04,,,,,,0/0,consolidated,115
2016-04-01,N24000485,719,FOUR LANING WITH PS TALEBANI -SMBALPUR,ROAD TRANSPORT AND HIGHWAYS,NHAI,"ODISHA, .",2015-12-01,,,752.28,752.28,,,,,,0/0,consolidated,115
2016-04-01,N24000486,720,FOUR LANING OF YADGIRI - WARANGAL,ROAD TRANSPORT AND HIGHWAYS,NHAI,"TELANGANA, .",2015-12-01,,,1423.96,1423.96,,,,,,0/0,consolidated,115
2016-04-01,N24000495,721,FOUR LANING OF SIMGA - SARAGAON,ROAD TRANSPORT AND HIGHWAYS,NHAI,"CHHATISGARH, .",2015-12-01,,,596.67,596.67,,,,,,0/0,consolidated,115
2016-04-01,N24000496,722,FOUR LANING OF GUNA TO BIAORA SECTION OF NH-3 FROM KM 332.100 TO KM. 426.100 IN THE STATE OF MADHYA,ROAD TRANSPORT AND HIGHWAYS,NHAI,"MADHYA PRADESH, .",2015-06-01,2016-03-01,2016-03-01,1012.9,1012.9,,,,,,0/0,consolidated,115
2016-04-01,N24000501,723,FOUR LANING OF FORBESGANJ - JOGBANI,ROAD TRANSPORT AND HIGHWAYS,NHAI,"BIHAR, .",2015-08-01,,,322.09,322.09,,,111,,dk;kZUo;u,0/0,consolidated,115
2016-04-01,N24000502,724,FOUR LANING OF SARAGAON - BILASPUR,ROAD TRANSPORT AND HIGHWAYS,NHAI,"CHHATISGARH, .",2015-12-01,,,509.13,509.13,,,,,,0/0,consolidated,116
2016-04-01,N24000505,725,FOUR LANING OF BIAORA –DEWAS SECTION OF NH- 3 FROM KM 426.100 TO KM 566.450 IN THE STATE OF MADHYA PR,ROAD TRANSPORT AND HIGHWAYS,NHAI,"MADHYA PRADESH, PPP (BOT)",2015-06-01,,,1583.79,1583.79,,,,,,0/0,consolidated,116
2016-04-01,N24000506,726,FOUR LANING OF BHOJPUR TO BUXAR,ROAD TRANSPORT AND HIGHWAYS,NHAI,"BIHAR, .",1991-01-01,,,642.41,642.41,,,,,,0/0,consolidated,116
2016-04-01,N24000507,727,FOUR LANING OF BAKHTIYARPUR - MOKAMA SECTION OF NH-31,ROAD TRANSPORT AND HIGHWAYS,NHAI,"BIHAR, .",1991-01-01,,,1167.45,1167.45,,,,,,0/0,consolidated,116
2016-04-01,N24000510,728,FOUR / SIX LANING OF RAIPUR - SIMGA ( PKG-1),ROAD TRANSPORT AND HIGHWAYS,NHAI,"CHHATISGARH, .",2015-12-01,,,726.67,726.67,,,,,,0/0,consolidated,116
2016-04-01,N24000511,729,WIDNG WITH PS AND STRNG FROM KM.0.00 TO 50.675 OF NH-730A EPC MODE,ROAD TRANSPORT AND HIGHWAYS,MORTH,"UTTAR PRADESH, EPC",2013-05-01,2015-08-01,,164.54,164.54,,,,,,0/0,consolidated,116
2016-04-01,N24000512,730,WIDENING ANDSTRENGTHENING FROM KM.505.00 TO 538.00 OF NH-730 (EPC MODE),ROAD TRANSPORT AND HIGHWAYS,MORTH,"UTTAR PRADESH, EPC",2014-12-01,,,207.88,207.88,,,,,,0/0,consolidated,116
2016-04-01,N24000514,731,WIDENING TO 4/6 LANES OF EXISTING NH-17 FROM KM 531/934 (AFTER ZUARI BR.) TO KM 536/250 JN. WITH VER,ROAD TRANSPORT AND HIGHWAYS,MORTH,"GOA, EPC",2015-12-01,,,773.98,773.98,,,,,,0/0,consolidated,116
2016-04-01,N24000516,732,WIDENING TO 4/6/8 LANES OF EXISTING NH-17 FROM KM 522/615 (NEAR GMC) TO KM 530/850 JOINING NEW ZUIAR,ROAD TRANSPORT AND HIGHWAYS,MORTH,"GOA, EPC",2015-12-01,,,819.95,819.95,,,,,,0/0,consolidated,116
2016-04-01,N24000517,733,TWO LANING WITH PS OF JOWAI -MEHALAYA /ASSAM BORDER SECTION OF NH-44,ROAD TRANSPORT AND HIGHWAYS,NHAI,"MEGHALAYA, .",2015-12-01,,,479.2,479.2,6.14,,,,,0/0,consolidated,116
2016-04-01,N24000518,734,TWO LANING WITH PS OF BIHARAHARIF -BARBIGHA - MOKAMA,ROAD TRANSPORT AND HIGHWAYS,NHAI,"BIHAR, .",2015-08-01,,,399.54,399.54,,,,,,0/0,consolidated,116
2016-04-01,N24000519,735,REHABILITATION AND UPGRADING TO 2 LANES-2 LANE WITH PAVED SHOULDERS CONFIGURATION OF,ROAD TRANSPORT AND HIGHWAYS,MORTH,"BIHAR, .",1991-01-01,,,478.35,478.35,,,,,,0/0,consolidated,116
2016-04-01,N24000520,736,TWO LANING WITH PS OF UNCHA NAGLA - KHANUWARA - ROPPAS -DHOLPUR,ROAD TRANSPORT AND HIGHWAYS,NHAI,"RAJASTHAN, .",2015-08-01,,,275.9,275.9,,,,,,0/0,consolidated,116
2016-04-01,N24000522,737,TWO LANING WITH PS OF CHHAPRA -REWAGHAT - MUZAFFARPUR,ROAD TRANSPORT AND HIGHWAYS,NHAI,"BIHAR, .",2015-08-01,,,516.13,516.13,18.63,,,,,0/0,consolidated,116
2016-04-01,N24000524,738,WIDENING STG.OF EXISTING TWO-LANE CARRIAGEWAY TO FOUR LANES WITH PAVED SIDE SHOULDERS OF HARIKE-ZIRA,ROAD TRANSPORT AND HIGHWAYS,PWD,"PUNJAB, EPC",2015-06-01,,,892.17,892.17,45.25,,,,,0/0,consolidated,116
2016-04-01,N24000526,739,WIDENING STG.OF EXISTING TWO-LANE CARRIAGEWAY TO FOUR LANES WITH PAVED SIDE SHOULDERS OF FARIDKOT-KO,ROAD TRANSPORT AND HIGHWAYS,PWD,"PUNJAB, EPC",2015-06-01,,,899.21,899.21,42.99,,,,,0/0,consolidated,116
2016-04-01,N24000528,740,TRICHY - KARUR,ROAD TRANSPORT AND HIGHWAYS,NHAI,"TAMIL NADU, PPP (BOT)",2007-03-01,2008-07-01,,516,516,761.19,,,,,0/0,consolidated,116
2016-04-01,N24000529,741,WIDENING AND STRENGTHENING FROM KM.505.00 TO 538.00 OF NH-730 (EPC MODE),ROAD TRANSPORT AND HIGHWAYS,MORTH,"UTTAR PRADESH, EPC",2014-12-01,,,207.88,207.88,,,,,,0/0,consolidated,116
2016-04-01,N24000530,742,REHABILITATION AND UPGRADING TO 2 LANES/2 LANE WITH PAVED SHOULDERS CONFIGURATION OF SITAMARHIKM 40,ROAD TRANSPORT AND HIGHWAYS,PWD,"BIHAR, EPC",1991-01-01,,,154.62,154.62,,,112,,dk;kZUo;u,0/0,consolidated,116
2016-04-01,N24000531,743,REHABILITATION AND UPGRADING TO 2 LANES/2 LANE WITH PAVED SHOULDERS (KM 40 TO KM 219.945) OF NH-104,ROAD TRANSPORT AND HIGHWAYS,PWD,"BIHAR, EPC",1991-01-01,,,319.68,319.68,,,,,,0/0,consolidated,117
2016-04-01,N24000537,744,REHABILITATION AND UPGRADING TO 2 LANE WITH PAVED SHOULDERS CONFIGURATION AND STRENGTHENING OF ANISH,ROAD TRANSPORT AND HIGHWAYS,MORTH,"BIHAR, .",2013-10-01,2014-08-01,2014-08-01,278.39,278.39,22.18,,,,,0/0,consolidated,117
2016-04-01,N24000538,745,REHABILITATION AND AUGMENTAION OF NH-222 FROM KM 101.00 TO 161.570 UNDER NHDP-IV ON EPC MODE. JOB NO,ROAD TRANSPORT AND HIGHWAYS,PWD,"MAHARASHTRA, .",2014-01-01,2014-11-01,2014-11-01,292.98,292.98,95.6,,,,,0/0,consolidated,117
2016-04-01,N24000539,746,MEERUT-BULANDSHAHAR,ROAD TRANSPORT AND HIGHWAYS,NHAI,"UTTAR PRADESH, .",2016-01-01,,,683.24,683.24,,,,,,0/0,consolidated,117
2016-04-01,N24000540,747,DELHI-MEERUT EXPRESSWAY PKG-I KM 0 TO 8.360 KM,ROAD TRANSPORT AND HIGHWAYS,NHAI,"UTTAR PRADESH, .",2016-01-01,,,701.12,701.12,,,,,,0/0,consolidated,117
2016-04-01,N24000541,748,DELHI-MEERUT EXPRESSWAY PKG-III 6 LANNING FROM KM 27.740 TO 49.346 KM,ROAD TRANSPORT AND HIGHWAYS,NHAI,"UTTAR PRADESH, .",2016-01-01,,,1081.57,1081.57,,,,,,0/0,consolidated,117
2016-04-01,N24000542,749,BALANCE WORK OF 4-LANNING FROM KM 153.000 TO KM 175.000 OF NAGPUR- HYDERABAD SECTION NS-62,ROAD TRANSPORT AND HIGHWAYS,NHAI,"MAHARASHTRA, .",2016-03-01,,,197.69,197.69,,,,,,0/0,consolidated,117
2016-04-01,N24000544,750,ALIGARH MORADABAD SECTION OF NH-93 FROM KM 85.650 TO KM 232.020,ROAD TRANSPORT AND HIGHWAYS,NHAI,"UTTAR PRADESH, .",2016-03-01,,,676.73,676.73,,,,,,0/0,consolidated,117
2016-04-01,N24000545,751,FOUR LANNING OF NH-9 FROM VIJAYWADA- MACHLIPATNAM (KM 0.000 TO 63.800),ROAD TRANSPORT AND HIGHWAYS,NHAI,"ANDHRA PRADESH, .",2016-01-01,,,1134.97,1134.97,,,,,,0/0,consolidated,117
2016-04-01,N24000546,752,2 LANE WITH PAVED SHOULDERS ON KULLU TO MANALI (KM 272/00 TO 309/345),ROAD TRANSPORT AND HIGHWAYS,NHAI,"HIMACHAL PRADESH, .",2016-02-01,,,273.2,273.2,,,,,,0/0,consolidated,117
2016-04-01,N24000547,753,4-LANNING OF VARANASI GORAKHPUR SECTION OF NH-29 FROM 12.00 TO 88.00 KM [PACKAGE-II] (GORAKPUR),ROAD TRANSPORT AND HIGHWAYS,NHAI,"UTTAR PRADESH, .",2016-03-01,,,1404.5,1404.5,,,,,,0/0,consolidated,117
2016-04-01,N24000548,754,4-LANNING OF MAHULIA BAHARAGORA-JH/WB BORDER SECTION,ROAD TRANSPORT AND HIGHWAYS,NHAI,"JHARKHAND, .",2016-02-01,,,997.15,997.15,,,,,,0/0,consolidated,117
2016-04-01,N24000549,755,4-LANNING OF VARANASI GORAKHPUR SECTION OF NH-29 FROM 88.00 148.00 KM 4-LANNING OF VARANASI GORAKHPU,ROAD TRANSPORT AND HIGHWAYS,NHAI,"UTTAR PRADESH, .",2016-03-01,,,1396.74,1396.74,,,,,,0/0,consolidated,117
2016-04-01,N24000550,756,JHARPOKHARIA-BARIPADA-BALESHWAR SECTION,ROAD TRANSPORT AND HIGHWAYS,NHAI,"ODISHA, .",2016-02-01,,,1069.65,1069.65,,,,,,0/0,consolidated,117
2016-04-01,N24000551,757,4-LANNING OF VARANASI GORAKHPUR SECTION OF NH-29 FROM 148.00 208.300 KM [PACKAGE-IV],ROAD TRANSPORT AND HIGHWAYS,NHAI,"UTTAR PRADESH, .",2016-03-01,,,1587.49,1587.49,,,,,,0/0,consolidated,117
2016-04-01,N24000552,758,4-LANNING EXISTING KM 189.700 TO 237.00] HASSAN TO MARANAHALLY,ROAD TRANSPORT AND HIGHWAYS,NHAI,"KARNATAKA, .",2016-03-01,,,701.4,701.4,,,,,,0/0,consolidated,117
2016-04-01,N24000553,759,"CONSTRUCTION OF ROB –FLYOVER AT RANICHAK, HALDIA",ROAD TRANSPORT AND HIGHWAYS,NHAI,"WEST BENGAL, .",2016-03-01,,,229.37,229.37,,,,,,0/0,consolidated,117
2016-04-01,N24000554,760,4-LANNING EXISTING KM 263.00 TO 328.00] ADDAHOLE TO BANTAWAL,ROAD TRANSPORT AND HIGHWAYS,NHAI,"KARNATAKA, .",2016-03-01,,,870,870,,,,,,0/0,consolidated,117
2016-04-01,N24000555,761,FOUR LANNING OF TAMIL NADU KERALA BORDER TO VILLUKURI FROM KM. 43.00 TO 70.25 OF NH-47 UNDER NHDP-PH,ROAD TRANSPORT AND HIGHWAYS,NHAI,"TAMIL NADU, .",2016-02-01,,,707.82,707.82,,,113,,dk;kZUo;u,0/0,consolidated,117
2016-04-01,N24000556,762,FOUR LANNING OF RAMPUR- KATHGODAM SECTION OF NH-87 FROM KM 0.000 (KM. 190.000 OF NH-24) TO KM 42.791,ROAD TRANSPORT AND HIGHWAYS,NHAI,"UTTAR PRADESH, .",2016-03-01,,,899,899,,,,,,0/0,consolidated,118
2016-04-01,N24000557,763,FOUR LANNING OF VILLUKURI TO KANYAKUMARI SECTION FROM KM 70.25 TO 96.714 OF NH-47 AND NAGERCOIL TO K,ROAD TRANSPORT AND HIGHWAYS,NHAI,"TAMIL NADU, .",2016-02-01,,,641.17,641.17,,,,,,0/0,consolidated,118
2016-04-01,N24000558,764,NAGPUR RING ROAD PACKAGE-1,ROAD TRANSPORT AND HIGHWAYS,NHAI,"MAHARASHTRA, .",2016-03-01,,,546,546,,,,,,0/0,consolidated,118
2016-04-01,N24000559,765,FOUR LANNING OF RAMPUR- KATHGODAM SECTION OF NH-87 FROM KM 42.791 (DESIGN CHAINAGE 43.446) TO KM 88,ROAD TRANSPORT AND HIGHWAYS,NHAI,"UTTARAKHAND, .",2016-03-01,,,720,720,,,,,,0/0,consolidated,118
2016-04-01,N24000560,766,NAGPUR RING ROAD PACKAGE-2,ROAD TRANSPORT AND HIGHWAYS,NHAI,"MAHARASHTRA, .",2016-03-01,,,591.66,591.66,,,,,,0/0,consolidated,118
2016-04-01,N24000561,767,BALANCE WORK OF 4-LANNING FROM KM 94.000 TO KM 123.000 OF NAGPUR- HYDERABAD SECTION NS- 60,ROAD TRANSPORT AND HIGHWAYS,NHAI,"MAHARASHTRA, .",2016-03-01,,,244,244,,,,,,0/0,consolidated,118
2016-04-01,N24000562,768,4-LANNING OF CHUTMALPUR-GANESHPUR SECTION OF NH-72A FROM KM 0.000 (KM 22.825 OF MH-73) TO KM 17.900,ROAD TRANSPORT AND HIGHWAYS,NHAI,"UTTARAKHAND, .",2016-03-01,,,1443,1443,,,,,,0/0,consolidated,118
2016-04-01,N24000563,769,4-LANING OF GAGALHERI- SAHARANPUR- YAMUNANAGAR (UP/HARYANA BORDER) SECTION OF NH-73 FROM KM 33.000 (,ROAD TRANSPORT AND HIGHWAYS,NHAI,"UTTAR PRADESH, .",2016-03-01,,,1668,1668,,,,,,0/0,consolidated,118
2016-04-01,N24000564,770,4-LANNING OF HARIDWAR-NAGINA SECTION OF NH- 74 FROM KM 0.000 (KM 204.300 OF NH-58) TO KM 73.00,ROAD TRANSPORT AND HIGHWAYS,NHAI,"UTTAR PRADESH, .",2016-03-01,,,1408,1408,,,,,,0/0,consolidated,118
2016-04-01,N24000565,771,4-LANNING OF NAGINA-KASHIPUR SECTION OF NH- 74 FROM KM 73.00 TO KM 175.00,ROAD TRANSPORT AND HIGHWAYS,NHAI,"UTTAR PRADESH, .",2016-03-01,,,1737,1737,,,,,,0/0,consolidated,118
2016-04-01,N24000566,772,4 LANNING OF MUKKOLA JUNCTION TO KERALA/ TAMIL NADU BORDER FROM KM 26.500 TO KM 43.000 OF NH-47 IN T,ROAD TRANSPORT AND HIGHWAYS,NHAI,"KERALA, .",2016-04-01,,,804.97,804.97,,,,,,0/0,consolidated,118
2016-04-01,N24000179,773,SAMAIKHIALI - GANDHIDHAM,ROAD TRANSPORT AND HIGHWAYS,NHAI,"GUJARAT, PPP (BOT)",2010-09-01,2013-03-01,2016-01-01,805.39,805.39,,,,,,0/0,consolidated,118
2016-04-01,N24000224,774,DELHI AGRA APPROVED LENGTH 180.0 KM,ROAD TRANSPORT AND HIGHWAYS,NHAI,"MULTI STATE, PPP (BOT)",2012-10-01,2015-04-01,2017-01-01,1928.22,1928.22,1642.72,,,,21(O),0/0,consolidated,118
2016-04-01,N24000248,775,EPC- CORRIDOR APPROACH WORKS - NH (O): WIDENING EXISTING 2 LANE TO 2 LANE WITH PAVED SHOULDERS IN KM,ROAD TRANSPORT AND HIGHWAYS,PWD,"TELANGANA, EPC",2015-03-01,2017-01-01,2017-01-01,153.21,153.21,,,,,0(O),0/0,consolidated,118
2016-04-01,N24000321,776,FOUR LANING FROM BISWANATH CHARIALI TO GOHPUR FROM KM 208 TO KM 264.10 OF NH-52,ROAD TRANSPORT AND HIGHWAYS,NHIDCL,"ASSAM, EPC",2016-06-01,2019-01-01,2019-01-01,829,829,,,,,0(O),0/4,consolidated,118
2016-04-01,N24000325,777,2 LANING OF SINGER RIVER TO SIZOH NALA IN ARUNACHAL PRADESH ON EPC BASIS,ROAD TRANSPORT AND HIGHWAYS,NHIDCL,"ARUNACHAL PRADESH, EPC",2015-10-01,2019-01-01,2019-01-01,179.82,179.82,,,,,0(O),0/0,consolidated,118
2016-04-01,N24000351,778,JALANDHAR - AMRITSAR,ROAD TRANSPORT AND HIGHWAYS,NHAI,"PUNJAB, .",2014-01-01,2016-01-01,2017-01-01,523.85,523.85,87.76,,,,12(O),0/0,consolidated,118
2016-04-01,N24000359,779,THIRUMAYAM - MANAMADURAI SECTION,ROAD TRANSPORT AND HIGHWAYS,NHAI,"TAMIL NADU, .",2014-07-01,2017-01-01,2017-01-01,401.11,401.11,,,114,,0(O),0/0,consolidated,118
2016-04-01,N24000376,780,"REHABILITATION AND UPGRADING TO 2 LANES/2 LANE WITH PAVED SHOULDERS CONFIGURATION OF ""MADHUGIRI-MULB",ROAD TRANSPORT AND HIGHWAYS,MORTH,"KARNATAKA, EPC",1991-01-01,2018-01-01,2018-01-01,219.4,219.4,,,,,0(O),0/0,consolidated,119
2016-04-01,N24000417,781,REHABILITATION AND UP-GRADATION OF NH-149 FROM KM 0.00 TO KM 68.280 (PALLAHARA-PITRI JUNCTION) IN TH,ROAD TRANSPORT AND HIGHWAYS,PWD,"ODISHA, EPC",2014-07-01,2017-01-01,2017-01-01,342.05,342.05,,,,,0(O),0/0,consolidated,119
2016-04-01,N24000437,782,CONSTRUCTION OF ISLAMPUR BY PASS,ROAD TRANSPORT AND HIGHWAYS,NHAI,"WEST BENGAL, .",2015-10-01,,2018-01-01,361.15,361.15,,,,,,0/0,consolidated,119
2016-04-01,N24000487,783,FOUR LANING OF KAITHAL - RAJASTHAN BORDER,ROAD TRANSPORT AND HIGHWAYS,NHAI,"HARYANA, PPP (BOT)",2015-07-01,,2018-01-01,1393,1393,1136.08,,,,,0/0,consolidated,119
2016-04-01,N24000508,784,FOUR LANING OF AURANGABAD - YEDISHI,ROAD TRANSPORT AND HIGHWAYS,NHAI,"MAHARASHTRA, PPP (BOT)",2015-07-01,2018-01-01,2018-01-01,1871.34,1871.34,1285.95,,,,0(O),0/0,consolidated,119
2016-04-01,N24000209,785,KRISHNANAGAR-BERHAMPUR,ROAD TRANSPORT AND HIGHWAYS,NHAI,"WEST BENGAL, PPP (ANNUITY)",2012-02-01,2014-07-01,2017-02-01,702.16,702.16,391.77,,,,31(O),0/0,consolidated,119
2016-04-01,N24000247,786,REHABILITATION AND UPGRADATION OF NH-221 FROM KM 121/0 TO 165/00 (OF VIJAYAWADA- JAGDALPUR RUDRAMPUR,ROAD TRANSPORT AND HIGHWAYS,PWD,"TELANGANA, EPC",2014-10-01,2017-02-01,2017-02-01,295.47,313.27,,,,,0(O),0/1,consolidated,119
2016-04-01,N24000263,787,REHABILITATION AND UPGRADATION OF NH -67 FROM KM 589/0 TO 641/0 (MYDUKUR TO DORNALA T-JUNCTION ),ROAD TRANSPORT AND HIGHWAYS,PWD,"ANDHRA PRADESH, .",2015-02-01,2017-02-01,2017-02-01,241.61,241.61,46.68,,,,0(O),0/1,consolidated,119
2016-04-01,N24000265,788,REHABILITATION AND UPGRADATION OF NH-67 FROM KM 695.000 TO KM 741.950 (ATMAKUR – NELLORE SECTION) IN,ROAD TRANSPORT AND HIGHWAYS,PWD,"ANDHRA PRADESH, EPC",2014-11-01,2017-02-01,2017-02-01,297.78,330,,,330,,0(O),0/0,consolidated,119
2016-04-01,N24000268,789,REHABILITATION UPGRADATION OF NH-67 FROM KM 641.000 TO KM 695.000 (DORNALA T JUNCTION TO ATMAKUR SEC,ROAD TRANSPORT AND HIGHWAYS,PWD,"ANDHRA PRADESH, EPC",2014-07-01,2015-02-01,2017-02-01,251.55,251.55,38.13,,,,24(O),0/1,consolidated,119
2016-04-01,N24000337,790,TWO LANING WITH PAVED SHOULDER BARMER - SANCHOR - GUJARAT BODER ( UP TO GANDHAV BRIDGE) SECTION OF N,ROAD TRANSPORT AND HIGHWAYS,NHAI,"RAJASTHAN, .",2015-08-01,2018-02-01,2018-02-01,538.08,538.08,37.58,,,,0(O),0/0,consolidated,119
2016-04-01,N24000347,791,FOUR LANING OF HISAR - DABWALI SECTION WITH PS - PACKAGE -I,ROAD TRANSPORT AND HIGHWAYS,NHAI,"HARYANA, .",2015-08-01,2018-02-01,2018-02-01,723.54,723.54,235.85,,,,0(O),0/0,consolidated,119
2016-04-01,N24000348,792,JAISALMER - BARMER,ROAD TRANSPORT AND HIGHWAYS,NHAI,"RAJASTHAN, .",2015-08-01,2018-02-01,2018-02-01,482.27,482.27,58.99,,,,0(O),0/0,consolidated,119
2016-04-01,N24000409,793,STRENGTHENING AND CONSTRUCTION OF PAVED SHOULDERS INCLUDING REHABILITATION/REPAIRING OF BRIDGES FROM,ROAD TRANSPORT AND HIGHWAYS,PWD,"ASSAM, ITEM RATE",2011-05-01,2018-02-01,2018-02-01,176.22,176.22,,,,,0(O),0/0,consolidated,119
2016-04-01,N24000411,794,STRENGTHENING AND WIDENING OF NH-44 FROM KM.173.125 TO KM. 272.241 OF NH-44 AND ALONG THE KARIMGANJ,ROAD TRANSPORT AND HIGHWAYS,PWD,"ASSAM, EPC",2014-11-01,2018-02-01,2018-02-01,218.31,218.31,,,,,0(O),0/0,consolidated,119
2016-04-01,240106281,795,"MAIBANG TO LUMDING (AS-27), KM.40.000 TO KM.60.500",ROAD TRANSPORT AND HIGHWAYS,NHAI,"ASSAM, .",2003-12-01,2009-04-01,2016-03-01,200,200,245.83,,,,,0/0,consolidated,119
2016-04-01,N24000061,796,"HARANGAJO TO MAIBANG,KM 164.08-190.587 NH-54",ROAD TRANSPORT AND HIGHWAYS,NHAI,"ASSAM, .",2003-12-01,2007-09-01,2017-03-01,212,212,121.97,,,,114(O),0/0,consolidated,119
2016-04-01,N24000062,797,"HARANGAJO TO MAIBANG, NH-54",ROAD TRANSPORT AND HIGHWAYS,NHAI,"ASSAM, .",2003-12-01,2009-07-01,2016-03-01,196,331.23,357.23,,,,,0/0,consolidated,119
2016-04-01,N24000123,798,"PIMPALGAON-NASIK-GONDE, NH-3 (NHDP-PHASE-III)",ROAD TRANSPORT AND HIGHWAYS,NHAI,"MAHARASHTRA, PPP (BOT)",2005-03-01,2012-07-01,2017-03-01,940,940,1415.36,,115,,56(O),3/3,consolidated,119
2016-04-01,N24000149,799,SIX LANNING OF VADAKKANCHERRY THRISSURESECTION KM 240 270KM,ROAD TRANSPORT AND HIGHWAYS,NHAI,"KERALA, PPP (BOT)",2010-02-01,2012-08-01,2017-03-01,617,617,255.79,,,,55(O),0/0,consolidated,120
2016-04-01,N24000186,800,2-LANNING WITH PS MOTIHARI-RAXAUL,ROAD TRANSPORT AND HIGHWAYS,NHAI,"BIHAR, .",2011-10-01,2014-04-01,2017-03-01,375.09,375.09,498.33,,,,35(O),0/0,consolidated,120
2016-04-01,N24000205,801,SIX LANING OF CHANDIKHOL-JAGATPUR- BHUBANESWAR,ROAD TRANSPORT AND HIGHWAYS,NHAI,"ODISHA, PPP (BOT)",2011-12-01,2014-06-01,2017-03-01,1047,1047,1626.62,,,,33(O),0/0,consolidated,120
2016-04-01,N24000241,802,REHABILITATION AND UPGRADATION OF NH -365 FROM KM 72.600 TO 121.00 (THANAMCHERLA TO JAMANDLAPALLY S,ROAD TRANSPORT AND HIGHWAYS,PWD,"TELANGANA, EPC",2013-12-01,2016-03-01,2016-03-01,177.18,177.18,40.51,,,,,3/4,consolidated,120
2016-04-01,N24000242,803,REHABILITATION AND UPGRADATION OF NH -365 FROM KM 154.00 TO 187.00 (MANGALWARPET TO MALLAPLLY SECTIO,ROAD TRANSPORT AND HIGHWAYS,PWD,"TELANGANA, EPC",2013-12-01,2016-03-01,2016-03-01,158.65,158.65,37.36,,,,,3/4,consolidated,120
2016-04-01,N24000328,804,2 LANING WITH PAVED SHOULDER OF AGARTALA- UDAIPUR SECTION OF NH-44 FROM KM 6.800 TO KM 55.00 IN THE S,ROAD TRANSPORT AND HIGHWAYS,NHIDCL,"TRIPURA, EPC",2014-10-01,2018-03-01,2018-03-01,369,369,,,,,0(O),0/4,consolidated,120
2016-04-01,N24000357,805,PHALODI -JAISALMER SECTION OF NH-15 TO TWO/FOUR LANE WITH PS,ROAD TRANSPORT AND HIGHWAYS,NHAI,"RAJASTHAN, .",2015-09-01,2018-03-01,2018-03-01,567.51,567.51,42.79,,,,0(O),0/0,consolidated,120
2016-04-01,N24000371,806,RUDHAULI TO GHAGRA BRIDGE SECTION OF NH-233 IN UTTAR PRADESH KM 65/870 TO 122/270,ROAD TRANSPORT AND HIGHWAYS,NHDP,"UTTAR PRADESH, EPC",2013-10-01,2017-03-01,2017-03-01,445.89,445.89,130.55,,,,0(O),0/0,consolidated,120
2016-04-01,N24000373,807,2-LANING OF LALPUL-MANMAO-CHANGLANG ROAD(NH-52B) (NEW NH NO.215)FROM KM 0.00 TO KM 68.30INTHE STATE,ROAD TRANSPORT AND HIGHWAYS,PWD,"UTTAR PRADESH, ITEM RATE",2010-11-01,2017-03-01,2017-03-01,305.49,305.49,,,,,0(O),0/0,consolidated,120
2016-04-01,N24000393,808,ALLAHABAD TO UP/MP BORDER SECTION OF NH-27 IN UTTAR PRADESH,ROAD TRANSPORT AND HIGHWAYS,NHDP,"UTTAR PRADESH, EPC",2015-06-01,2018-03-01,2018-03-01,774.57,774.57,51.87,,,,0(O),0/0,consolidated,120
2016-04-01,N24000397,809,REHABILITATION AND UPGRADING TO 2 LANES/2 LANE WITH PAVED SHOULDERS CONFIGURATION OF BANKUARA- PURUL,ROAD TRANSPORT AND HIGHWAYS,MORTH,"WEST BENGAL, EPC",1991-01-01,2018-03-01,2018-03-01,322,322,66.59,,,,0(O),0/0,consolidated,120
2016-04-01,N24000399,810,BARABANKI TO JUNCTION WITH MDR 13 NEAR JARWAL SECTION OF NH-28C IN UTTAR PRADESH KM 0 TO 43,ROAD TRANSPORT AND HIGHWAYS,NHDP,"UTTAR PRADESH, EPC",2013-10-01,2017-03-01,2017-03-01,317.76,317.76,152.37,,,,0(O),0/0,consolidated,120
2016-04-01,N24000418,811,SONOULI TO GORAKHPUR SECTION OF NH-29E IN UTTAR PRADESH KM 0/0 TO 80/0,ROAD TRANSPORT AND HIGHWAYS,NHDP,"UTTAR PRADESH, EPC",2013-10-01,2017-03-01,2017-03-01,493.94,493.94,221.13,,,,0(O),0/0,consolidated,120
2016-04-01,N24000433,812,DEVELOPMENT OF SIX LANE EASTERN PERIPHERAL EXPRESSWAY ( PKG-VI),ROAD TRANSPORT AND HIGHWAYS,NHAI,"UTTAR PRADESH, .",2015-09-01,2018-03-01,2018-03-01,768.56,768.56,,,,,0(O),0/0,consolidated,120
2016-04-01,N24000436,813,DEVELOPMENT OF SIX LANE EASTERN PERIPHERAL EXPRESSWAY ( PKG-V),ROAD TRANSPORT AND HIGHWAYS,NHAI,"UTTAR PRADESH, .",2015-09-01,2018-03-01,2018-03-01,664.53,664.53,,,,,0(O),0/0,consolidated,120
2016-04-01,N24000440,814,DEVELOPMENT OF SIX LANE EASTERN PERIPHERAL EXPRESSWAY ( PKG-IV),ROAD TRANSPORT AND HIGHWAYS,NHAI,"UTTAR PRADESH, .",2015-09-01,2018-03-01,2018-03-01,789.31,789.31,,,,,0(O),0/0,consolidated,120
2016-04-01,N24000446,815,DEVELOPMENT OF SIX LANE EASTERN PERIPHERAL EXPRESSWAY ( PKG-III),ROAD TRANSPORT AND HIGHWAYS,NHAI,"MULTI STATE, .",2015-09-01,2018-03-01,2018-03-01,788.51,788.51,,,116,,0(O),0/0,consolidated,120
2016-04-01,N24000450,816,DEVELOPMENT OF SIX LANE EASTERN PERIPHERAL EXPRESSWAY ( PKG-II),ROAD TRANSPORT AND HIGHWAYS,NHAI,"UTTAR PRADESH, .",2015-09-01,2018-03-01,2018-03-01,785.78,785.78,,,,,0(O),0/0,consolidated,121
2016-04-01,N24000475,817,JABALPUR TO HIREN RIVER SECTION OF NH-12 IN MADHYA PRADESH KM 11/400 TO 66/400,ROAD TRANSPORT AND HIGHWAYS,NHDP,"MADHYA PRADESH, EPC",2015-11-01,2018-03-01,2018-03-01,628.45,628.45,20.74,,,,0(O),0/0,consolidated,121
2016-04-01,N24000479,818,FOUR LANING OF PARWANOO -SOLAN,ROAD TRANSPORT AND HIGHWAYS,NHAI,"HIMACHAL PRADESH, .",2015-09-01,2018-03-01,2018-03-01,934.46,934.46,57.43,,,,0(O),0/0,consolidated,121
2016-04-01,N24000527,819,WIDENING TO 2 LANE AND IMPROVEMENT VIJAYWADA RANCI ROUTE FROM KM 377-700 TO 471-900 (BERHMAPUR-TAPTA,ROAD TRANSPORT AND HIGHWAYS,PWD,"ODISHA, EPC",2011-12-01,2015-08-01,2018-03-01,191.08,191.08,,,,,31(O),0/0,consolidated,121
2016-04-01,240106294,820,FORBESGANJ TO SIMRAHI (NH-57)(NHAI),ROAD TRANSPORT AND HIGHWAYS,NHAI,"BIHAR, .",2003-12-01,2008-09-01,2016-04-01,332.94,332.94,505.58,,,,91(O),0/0,consolidated,121
2016-04-01,N24000182,821,VARANASI-AURANGABAD KM.786 TO KM.978.40,ROAD TRANSPORT AND HIGHWAYS,NHAI,"MULTI STATE, PPP (BOT)",2011-09-01,2014-03-01,2017-04-01,2848,2848,611.46,,,,37(O),0/0,consolidated,121
2016-04-01,N24000251,822,FOUR LANNING OF NH-4A(NH-748) FROM KM 118 TO 125 INCL.FOUR LANE KHNDEAPAR BRIDGE,ROAD TRANSPORT AND HIGHWAYS,NHDP,"GOA, EPC",2015-03-01,,2018-04-01,297,297,38.33,,,,,0/1,consolidated,121
2016-04-01,N24000329,823,IMPROVEMENT/ WIDENING TO TWO LANING WITH PAVED SHOULDER OF UDAIPUR-SABROOM SECTION FROM KM 55.00 TO,ROAD TRANSPORT AND HIGHWAYS,NHIDCL,"TRIPURA, EPC",2014-05-01,2017-04-01,2017-04-01,497.89,497.89,,,,,0(O),0/3,consolidated,121
2016-04-01,N24000338,824,JODHPUR - BARMER SECTION OF PACKAGE -II,ROAD TRANSPORT AND HIGHWAYS,NHAI,"RAJASTHAN, .",2014-10-01,2017-04-01,2017-04-01,206.12,206.12,120,,,,0(O),0/0,consolidated,121
2016-04-01,N24000354,825,JODHPUR - BARMER SECTION OF PACKAGE -I,ROAD TRANSPORT AND HIGHWAYS,NHAI,"RAJASTHAN, .",2014-10-01,2017-04-01,2017-04-01,264.72,264.72,101.16,,,,0(O),0/0,consolidated,121
2016-04-01,N24000358,826,UP/HARYANA BORDER - YAMUNA NAGAR -SAHA- BARWALA - PANCHKULA( PKG - 2),ROAD TRANSPORT AND HIGHWAYS,NHAI,"HARYANA, .",2015-10-01,2018-04-01,2018-04-01,562.34,562.34,,,,,0(O),0/0,consolidated,121
2016-04-01,N24000445,827,BIKANER - PHALODI SECTION TO FOUR LANING FROM KM.4.200 TO KM 55.25 AND TWO-LANE PAVED SHOULDER FROM,ROAD TRANSPORT AND HIGHWAYS,NHAI,"RAJASTHAN, PPP (BOT)",2014-08-01,2018-04-01,2018-04-01,822.9,822.9,65,,,,0(O),0/0,consolidated,121
2016-04-01,240106290,828,BIJNI TO ASSAM WB BORDER (NH-31.C)(1)(NHAI),ROAD TRANSPORT AND HIGHWAYS,NHAI,"ASSAM, .",2003-12-01,2008-06-01,2016-05-01,195,195,290.54,,,,95(O),0/0,consolidated,121
2016-04-01,N24000042,829,NAGAON TO DHARAMTUL (AS-2),ROAD TRANSPORT AND HIGHWAYS,NHAI,"ASSAM, .",2003-12-01,2008-06-01,2016-05-01,264.72,264.72,314.09,,,,95(O),0/0,consolidated,121
2016-04-01,N24000068,830,"CHAMBAL BRIDGE, NH-76 (RJ-5)",ROAD TRANSPORT AND HIGHWAYS,NHAI,"RAJASTHAN, .",2003-12-01,2010-02-01,2017-05-01,275,281.31,168.31,,,,87(O),0/0,consolidated,121
2016-04-01,N24000131,831,SURAT- DAHISAR(SIX LANE) KM 263 TO KM 502,ROAD TRANSPORT AND HIGHWAYS,NHAI,"MULTI STATE, PPP (BOT)",2009-02-01,2011-08-01,2016-05-01,1693.75,1693.75,2675.28,,,,57(O),2/2,consolidated,121
2016-04-01,N24000162,832,NASHRI- CHANANI,ROAD TRANSPORT AND HIGHWAYS,NHAI,"JAMMU AND KASHMIR, PPP (ANNUITY)",2011-05-01,2015-06-01,2016-05-01,2159,2159,4064.43,,,,11(O),0/0,consolidated,121
2016-04-01,N24000166,833,2 LANNING OF MOKAMA-MUNGER,ROAD TRANSPORT AND HIGHWAYS,NHAI,"BIHAR, PPP (ANNUITY)",2011-05-01,2013-05-01,2016-05-01,351.54,351.54,351.23,,,,36(O),0/0,consolidated,121
2016-04-01,N24000204,834,4-LANING OF RAIGANJ-DALKOLA,ROAD TRANSPORT AND HIGHWAYS,NHAI,"WEST BENGAL, PPP (BOT)",2011-02-01,2013-08-01,2017-05-01,580.43,580.43,267.11,,,,45(O),0/0,consolidated,121
2016-04-01,N24000206,835,6-LANING OF DHANKUNI-KHARAGPUR SECTION,ROAD TRANSPORT AND HIGHWAYS,NHAI,"WEST BENGAL, PPP (BOT)",2012-04-01,2014-09-01,2016-05-01,1396.18,1396.18,2394.85,,,,20(O),0/0,consolidated,121
2016-04-01,N24000215,836,RANCHI-RARGA-JAMSETHPUR,ROAD TRANSPORT AND HIGHWAYS,NHAI,"JHARKHAND, PPP (ANNUITY)",2012-12-01,2015-06-01,2017-05-01,1479,1479,520.79,,117,,23(O),0/0,consolidated,121
2016-04-01,N24000236,837,4 - LANING OF RAJSAMAND-GANGAPUR-BHILWARA,ROAD TRANSPORT AND HIGHWAYS,NHAI,"RAJASTHAN, PPP (BOT)",2013-10-01,2016-04-01,2016-05-01,677.79,677.79,866.41,,,,1(O),0/0,consolidated,122
2016-04-01,N24000238,838,2-LANING WITH PS LAMBIA-JAITRAN-RAIPUR,ROAD TRANSPORT AND HIGHWAYS,NHAI,"RAJASTHAN, .",2014-01-01,2015-12-01,2016-05-01,158.04,158.04,117.97,,,,5(O),0/0,consolidated,122
2016-04-01,N24000299,839,REHABILITATION AND UPGRADATION OF EXISTING NH-167 FROM KM 70/000 TO KM 125-150,ROAD TRANSPORT AND HIGHWAYS,PWD,"ANDHRA PRADESH, EPC",2015-02-01,2015-05-01,2017-05-01,224.83,224.83,,,,,24(O),1/4,consolidated,122
2016-04-01,N24000305,840,FOUR LANING OF NUMALIGARH TO JORHAT SECTION FROM KM. 402.500 TO KM. 453.000 (DESIGN KM 403.200 TO KM,ROAD TRANSPORT AND HIGHWAYS,NHIDCL,"ASSAM, EPC",2015-05-01,2018-05-01,2018-05-01,454.89,454.89,,,,,0(O),0/4,consolidated,122
2016-04-01,N24000324,841,2 LANING FROM PASIGHAT TO PANGIN SECTION OF NH-229 FROM KM 41.3 TO KM 58.42 (EXISTING KM 42 TO KM 59,ROAD TRANSPORT AND HIGHWAYS,NHIDCL,"ARUNACHAL PRADESH, EPC",2015-03-01,2018-05-01,2018-05-01,194.11,194.11,,,,,0(O),0/4,consolidated,122
2016-04-01,N24000353,842,PADI - DAHOD,ROAD TRANSPORT AND HIGHWAYS,NHAI,"RAJASTHAN, .",2014-11-01,2017-05-01,2017-05-01,279.14,279.14,62.77,,,,0(O),0/0,consolidated,122
2016-04-01,N24000356,843,FOUR LANING OF VARANASI BYPASS,ROAD TRANSPORT AND HIGHWAYS,NHAI,"UTTAR PRADESH, .",2015-05-01,2017-05-01,2017-05-01,261.09,261.09,34.1,,,,0(O),0/0,consolidated,122
2016-04-01,N24000388,844,INDO-NEPAL BORDER TO RUDHAULI SECTION OF NH-233 IN UTTAR PRADESH KM 0/0 TO 65/870,ROAD TRANSPORT AND HIGHWAYS,NHDP,"MADHYA PRADESH, EPC",2013-11-01,2017-05-01,2017-05-01,497.05,497.05,128.07,,,,0(O),0/0,consolidated,122
2016-04-01,N24000392,845,2 LANING FROM KANUBARI TO START OF BOGIBEEL BRIDGE APPROACHES OF NH-52B(EXTN) IN ASSAM,ROAD TRANSPORT AND HIGHWAYS,PWD,"ASSAM, EPC",2010-11-01,2017-05-01,2017-05-01,268.08,268.08,,,,,0(O),0/0,consolidated,122
2016-04-01,N24000394,846,SHAHDOL TO ANUPPUR-MP/CHATTISGARH BORDER SECTION OF NH-78 IN MADYA PRADESH KM 142/200 TO 245/0,ROAD TRANSPORT AND HIGHWAYS,NHDP,"MADHYA PRADESH, EPC",2015-06-01,2017-05-01,2017-05-01,532.49,532.49,166.22,,,,0(O),0/0,consolidated,122
2016-04-01,N24000406,847,REHABILITATION AND UPGRADING TO 2 LANES/2 LANE WITH PAVED SHOULDERS CONFIGURATION OF LALSOT-KARAULI,ROAD TRANSPORT AND HIGHWAYS,MORTH,"RAJASTHAN, ITEM RATE",1991-01-01,2016-05-01,2016-05-01,208.87,208.87,219.99,,,,0(O),0/0,consolidated,122
2016-04-01,N24000414,848,REHABILITATION AND UPGRADING TO 2 LANES/2 LANE WITH PAVED SHOULDERS CONFIGURATION OF NABARANGPUR-KOK,ROAD TRANSPORT AND HIGHWAYS,MORTH,"ODISHA, .",1991-01-01,2018-05-01,2018-05-01,229.41,229.41,10.32,,,,0(O),0/0,consolidated,122
2016-04-01,N24000416,849,REHABILITATION AND UPGRADATION OF NH-167 FROM KM 70,ROAD TRANSPORT AND HIGHWAYS,PWD,"ANDHRA PRADESH, EPC",2015-02-01,2015-04-01,2016-05-01,224.83,224.83,,,,,13(O),0/0,consolidated,122
2016-04-01,N24000421,850,2 LANING FROM PASIGHAT TO PANGIN SECTION OF NH-229 FROM KM 0 TO KM 28,ROAD TRANSPORT AND HIGHWAYS,NHIDCL,"ARUNACHAL PRADESH, EPC",2015-03-01,2018-05-01,2018-05-01,235.08,235.08,,,,,0(O),0/4,consolidated,122
2016-04-01,N24000474,851,JABALPUR-BARELA SECTION OF NH-12A IN MADHYA PRADESH KM 477/6 OF NH-7 TO KM 22/8 OF NH-12A,ROAD TRANSPORT AND HIGHWAYS,NHDP,"MADHYA PRADESH, .",2015-02-01,2017-05-01,2017-05-01,327.32,327.32,162.33,,,,0(O),0/0,consolidated,122
2016-04-01,N24000492,852,FOUR LANING OF HISAR - DABWALI SECTION WITH PS - PACKAGE -2,ROAD TRANSPORT AND HIGHWAYS,NHAI,"HARYANA, .",2015-11-01,,2018-05-01,867.66,867.66,154.48,,,,,0/0,consolidated,122
2016-04-01,240106221,853,"GANGA BRIDGE TO RAMDEVI CROSSING PH.II NH- 25, KM.75-80.06",ROAD TRANSPORT AND HIGHWAYS,NHAI,"UTTAR PRADESH, .",2003-12-01,2008-09-01,2016-06-01,155,201.66,246.2,,,,93(O),0/0,consolidated,122
2016-04-01,240106277,854,"HARANGAJO TO MAIBANG (AS-23), KM.126.450 TO KM.140.700",ROAD TRANSPORT AND HIGHWAYS,NHAI,"ASSAM, .",2003-12-01,2009-02-01,2016-06-01,280,361,413.04,,118,,88(O),0/0,consolidated,122
2016-04-01,240106293,855,BIJNI TO ASSAM /WB.BORDER (NH-31.C)(NHAI),ROAD TRANSPORT AND HIGHWAYS,NHAI,"ASSAM, .",2003-12-01,2008-06-01,2016-06-01,237.8,237.8,396.24,,,,96(O),0/0,consolidated,123
2016-04-01,N24000044,856,SONAPUR TO GUWAHTI (AS-3),ROAD TRANSPORT AND HIGHWAYS,NHAI,"ASSAM, .",2003-12-01,2008-03-01,2016-06-01,245,245,214.88,,,2016-07-01,99(O),0/0,consolidated,123
2016-04-01,N24000047,857,NALBARI TO BIJNI (AS-6),ROAD TRANSPORT AND HIGHWAYS,NHAI,"ASSAM, .",2003-12-01,2008-06-01,2016-06-01,225,225,313.5,,,2016-06-01,96(O),0/0,consolidated,123
2016-04-01,N24000098,858,"AGRA-BYPASS(NS-1/UP-1), NH-2,3",ROAD TRANSPORT AND HIGHWAYS,NHAI,"UTTAR PRADESH, .",2003-12-01,2007-09-01,2016-06-01,348.16,348.16,380.3,,,,105(O),0/0,consolidated,123
2016-04-01,N24000108,859,DHOLPUR - MORENA SECTION (INCLUDING CHAMBOL BRIDGE) NH-3,ROAD TRANSPORT AND HIGHWAYS,NHAI,"MULTI STATE, .",2003-12-01,2010-09-01,2016-06-01,232.45,232.45,308.98,,,,69(O),0/0,consolidated,123
2016-04-01,N24000122,860,DELHI/ HARYANA BORDER TO ROHTAK,ROAD TRANSPORT AND HIGHWAYS,NHAI,"HARYANA, PPP (BOT)",2007-04-01,2010-05-01,2016-06-01,486,486,469.41,,,,73(O),0/0,consolidated,123
2016-04-01,N24000129,861,CHENNAI-TADA(SIX LANE),ROAD TRANSPORT AND HIGHWAYS,NHAI,"TAMIL NADU, PPP (BOT)",2009-04-01,2011-10-01,2016-06-01,353.37,353.37,365.08,,,,56(O),0/0,consolidated,123
2016-04-01,N24000136,862,INDORE-JHABUA-GUJRAT/MP,ROAD TRANSPORT AND HIGHWAYS,NHAI,"MADHYA PRADESH, PPP (BOT)",2010-10-01,2013-04-01,2016-06-01,1175,1175,1206,,,,38(O),0/0,consolidated,123
2016-04-01,N24000138,863,HUNGUND-SURATHKAL AND MANGALORE- KNT/KERALA BORDER,ROAD TRANSPORT AND HIGHWAYS,NHAI,"KARNATAKA, .",2010-09-01,,2016-06-01,946,946,818.53,,,,,3/3,consolidated,123
2016-04-01,N24000144,864,CHENGAPALLI TO COIMBATORE BYPASS KM- 102.035-144.740 KM,ROAD TRANSPORT AND HIGHWAYS,NHAI,"TAMIL NADU, PPP (BOT)",2010-09-01,2013-03-01,2016-06-01,852,852,888.95,,,,39(O),0/0,consolidated,123
2016-04-01,N24000154,865,MURADABAD-BAREILY,ROAD TRANSPORT AND HIGHWAYS,NHAI,"UTTAR PRADESH, PPP (BOT)",2010-04-01,2013-06-01,2016-06-01,1267,1267,2665.02,,,,36(O),0/0,consolidated,123
2016-04-01,N24000163,866,JAMMU-UDHAMPUR KM.27.5 TO KM.67.00,ROAD TRANSPORT AND HIGHWAYS,NHAI,"JAMMU AND KASHMIR, PPP (ANNUITY)",2010-07-01,2013-07-01,2016-06-01,1813.76,1813.76,2393.99,,,,35(O),0/0,consolidated,123
2016-04-01,N24000167,867,4 LANNING OF AHMEDABAD TO GODHARA,ROAD TRANSPORT AND HIGHWAYS,NHAI,"GUJARAT, PPP (BOT)",2010-12-01,2013-06-01,2016-06-01,1008.5,1008.5,,,,,36(O),0/3,consolidated,123
2016-04-01,N24000169,868,ROHTAK-BAWAL,ROAD TRANSPORT AND HIGHWAYS,NHAI,"HARYANA, PPP (BOT)",2011-05-01,2013-11-01,2016-06-01,650,650,832.39,,,,31(O),0/0,consolidated,123
2016-04-01,N24000171,869,SIX LANNING OF HOSUR- KRISHNAGRI NH-7 KM.33.130 TO KM.93.00,ROAD TRANSPORT AND HIGHWAYS,NHAI,"TAMIL NADU, PPP (BOT)",2011-06-01,2013-12-01,2016-06-01,535,535,921.7,,,,30(O),0/0,consolidated,123
2016-04-01,N24000173,870,DEVELOPMENT OF ADIQUATE ROAD CONNECTIVITY TO CHENNAI- ENNORE PORT CONNECTIVITY,ROAD TRANSPORT AND HIGHWAYS,NHAI,"TAMIL NADU, .",2011-06-01,2013-06-01,2016-06-01,600,600,,,,,36(O),0/0,consolidated,123
2016-04-01,N24000175,871,KANDLA - MUNDRA PORT,ROAD TRANSPORT AND HIGHWAYS,NHAI,"GUJARAT, PPP (BOT)",2011-01-01,2013-07-01,2016-06-01,953.88,953.88,,,,,35(O),0/0,consolidated,123
2016-04-01,N24000180,872,JORBAT - BARAPANI,ROAD TRANSPORT AND HIGHWAYS,NHAI,"MEGHALAYA, PPP (ANNUITY)",2011-01-01,2014-01-01,2017-06-01,536,536,678.92,,,,41(O),0/0,consolidated,123
2016-04-01,N24000183,873,SIX LANNING OF NELLORE-CHILKALURIPET KM.1182.802 TO KM.1366.547,ROAD TRANSPORT AND HIGHWAYS,NHAI,"ANDHRA PRADESH, PPP (BOT)",2011-11-01,2014-05-01,2016-06-01,1535,1535,2660.72,,,,25(O),0/0,consolidated,123
2016-04-01,N24000184,874,2-LANNING WITH PS KHAGARIA-PURNEA,ROAD TRANSPORT AND HIGHWAYS,NHAI,"BIHAR, PPP (ANNUITY)",2011-05-01,2014-02-01,2016-06-01,664,664,654.59,,,,28(O),0/0,consolidated,123
2016-04-01,N24000185,875,PATNA-BAKTZARPUR KM.181.3 TO KM.231.95,ROAD TRANSPORT AND HIGHWAYS,NHAI,"BIHAR, PPP (BOT)",2011-09-01,2014-03-01,2016-06-01,574,574,899.31,,,,27(O),0/0,consolidated,123
2016-04-01,N24000188,876,2 LANNING OF MUZAFFARPUR - SONBARSA,ROAD TRANSPORT AND HIGHWAYS,NHAI,"BIHAR, PPP (ANNUITY)",2011-05-01,2013-11-01,2016-06-01,511.54,511.54,546.34,,,,31(O),0/0,consolidated,123
2016-04-01,N24000197,877,PANIKHOLI-RIMOLI,ROAD TRANSPORT AND HIGHWAYS,NHAI,"ODISHA, PPP (BOT)",2012-03-01,2014-09-01,2017-06-01,1410,1410,1695.3,,119,,33(O),0/0,consolidated,123
2016-04-01,N24000198,878,JAIPUR-REENGUS,ROAD TRANSPORT AND HIGHWAYS,NHAI,"RAJASTHAN, .",2010-08-01,2013-02-01,2016-06-01,267.81,267.81,699.6,,,,40(O),0/0,consolidated,124
2016-04-01,N24000199,879,BEAWAR PALI PINDWARA,ROAD TRANSPORT AND HIGHWAYS,NHAI,"RAJASTHAN, PPP (BOT)",2011-12-01,2014-06-01,2016-06-01,2388.51,2388,2490.61,,,,24(O),0/0,consolidated,124
2016-04-01,N24000219,880,ETAWAH CHAKERI,ROAD TRANSPORT AND HIGHWAYS,NHAI,"UTTAR PRADESH, PPP (BOT)",2013-03-01,2015-09-01,2016-06-01,1573,1573,1863.1,,,,9(O),0/0,consolidated,124
2016-04-01,N24000222,881,AHMEDABAD TO VADODARA SECTION,ROAD TRANSPORT AND HIGHWAYS,NHAI,"GUJARAT, PPP (BOT)",2013-01-01,2015-12-01,2016-06-01,2125.24,2125.24,4508.05,,,,6(O),0/3,consolidated,124
2016-04-01,N24000227,882,REENGUS SIKAR,ROAD TRANSPORT AND HIGHWAYS,NHAI,"RAJASTHAN, PPP (ANNUITY)",2012-03-01,2014-09-01,2016-06-01,333.51,333.51,226.96,,,,21(O),0/0,consolidated,124
2016-04-01,N24000239,883,WIDENING AND STRENGTHENING TO 2-LANE WITH PS OF NIMBI JODHA-DEGANA-MERTA CITY SECTION,ROAD TRANSPORT AND HIGHWAYS,NHAI,"RAJASTHAN, .",2014-01-01,2016-01-01,2016-06-01,368.15,368.15,184.28,,,,5(O),0/0,consolidated,124
2016-04-01,N24000240,884,2-LANING WITH PS BHILWARA-LODPURA SECTION,ROAD TRANSPORT AND HIGHWAYS,NHAI,"RAJASTHAN, .",2014-03-01,2016-03-01,2016-06-01,240.1,240.1,155.47,,,,3(O),0/0,consolidated,124
2016-04-01,N24000254,885,REHABILATION AND UPGRADATION OF NH-222(61) FOM KM 342.00 TO 444.00,ROAD TRANSPORT AND HIGHWAYS,NHDP,"MAHARASHTRA, EPC",2014-01-01,,2017-06-01,446.77,446.77,87.62,,,,,0/4,consolidated,124
2016-04-01,N24000303,886,REHABILITATION AND UPGRADATION OF NH-565 FROM KM.198/694 TO 294/0 (MARKAPURAM TO VAGGAMPALLE SECTION,ROAD TRANSPORT AND HIGHWAYS,PWD,"ANDHRA PRADESH, EPC",2014-02-01,2014-06-01,2016-06-01,417.61,417.61,,,,,24(O),0/2,consolidated,124
2016-04-01,N24000319,887,4 LANING OF JORHAT TO JHANJI SECTION FROM KM. 453.00 TO KM. 491.08 (DESIGN KM 403.200 TO KM 454.240),ROAD TRANSPORT AND HIGHWAYS,NHIDCL,"ASSAM, EPC",2015-06-01,2018-06-01,2018-06-01,437.39,437.39,,,,,0(O),0/4,consolidated,124
2016-04-01,N24000320,888,FOUR LANING OF JHANJHI JN TO DEMOW SECTION FROM KM. 491.050 TO KM. 535.250(DESIGN KM 490.800 TO KM 5,ROAD TRANSPORT AND HIGHWAYS,NHIDCL,"ASSAM, EPC",2015-06-01,2018-06-01,2018-06-01,463.49,463.49,,,,,0(O),0/4,consolidated,124
2016-04-01,N24000327,889,2 LANING FROM LONGDING TO KANUBARI OF NH- 52B FROM KM 0 TO KM 47.213 IN ARUNACHAL PRADESH,ROAD TRANSPORT AND HIGHWAYS,NHIDCL,"ARUNACHAL PRADESH, EPC",2015-03-01,2018-06-01,2018-06-01,394,394,,,,,0(O),0/0,consolidated,124
2016-04-01,N24000333,890,WIDENING TO 4 LANE WITH PAVED SHOULDER WITH CC PAVEMENT FROM KM 256/550 TO KM 289/500 ON KOTA-DARAH,ROAD TRANSPORT AND HIGHWAYS,MORTH,"RAJASTHAN, EPC",2015-12-01,2018-06-01,2018-06-01,621.43,621.43,,,,,0(O),0/0,consolidated,124
2016-04-01,N24000340,891,2 LANING WITH PAVED SHOULDER OF KARAIKUDI - RAMANATHAPURAM SECTION OF NH-210 INCLUDING 500 M ON SH-,ROAD TRANSPORT AND HIGHWAYS,NHAI,"TAMIL NADU, .",2014-12-01,2017-06-01,2017-06-01,451.58,451.58,,,,,0(O),0/0,consolidated,124
2016-04-01,N24000430,892,4 LANING FROM GOHPUR TO HOLONGI SECTION FROM KM 264.10 OF NH 52 TO KM 20.37 OF NH 52A,ROAD TRANSPORT AND HIGHWAYS,NHIDCL,"ASSAM, EPC",2015-12-01,2018-06-01,2018-06-01,223.3,223.3,,,,,0(O),0/0,consolidated,124
2016-04-01,N24000443,893,4 LANING OF AMBALA - KAITHAL - PACKAGE -1,ROAD TRANSPORT AND HIGHWAYS,NHAI,"HARYANA, .",2015-12-01,2016-06-01,2018-06-01,602.95,602.95,,,,,24(O),0/0,consolidated,124
2016-04-01,N24000455,894,4 LANING OF GOMTI CHAURAHA - UDAIPUR,ROAD TRANSPORT AND HIGHWAYS,NHAI,"RAJASTHAN, EPC",2012-03-01,2015-10-01,2016-06-01,914.5,914.5,678.92,,,,8(O),0/0,consolidated,124
2016-04-01,N24000456,895,4-LANING OF ROHTAK - HISSAR SECTION,ROAD TRANSPORT AND HIGHWAYS,NHAI,"HARYANA, PPP (BOT)",2013-03-01,2016-06-01,2016-06-01,959.25,959.25,1194.67,,,,0(O),0/0,consolidated,124
2016-04-01,N24000460,896,4-LANING OF GHAGHRA BRIDGE TO VARANSI ( PACKAGE -I),ROAD TRANSPORT AND HIGHWAYS,NHAI,"UTTAR PRADESH, .",2015-12-01,2016-06-01,2018-06-01,611.65,611.65,,,,,24(O),0/0,consolidated,124
2016-04-01,N24000463,897,4 LANING OF NH-31D FROM GHOSHPUKUR - SALSALABARI ( KM 0.00 TO KM . 83.785),ROAD TRANSPORT AND HIGHWAYS,NHAI,"WEST BENGAL, .",2015-12-01,2018-06-01,2018-06-01,1083,1083,,,120,,0(O),0/0,consolidated,124
2016-04-01,N24000468,898,FOUR LANING OF REWA - KATNI - JABALPUR - PACKAGE -II,ROAD TRANSPORT AND HIGHWAYS,NHAI,"MADHYA PRADESH, .",2015-03-01,,2017-06-01,795.76,795.76,,,,,,0/0,consolidated,125
2016-04-01,N24000469,899,FOUR LANING OF REWA - KATNI - JABALPUR - PACKAGE -I,ROAD TRANSPORT AND HIGHWAYS,NHAI,"MADHYA PRADESH, .",2015-03-01,,2017-06-01,794.3,794.3,,,,,,0/0,consolidated,125
2016-04-01,N24000471,900,FOUR LANING OF RAMBAN - BANIHAL SECTION OF NH-1A,ROAD TRANSPORT AND HIGHWAYS,NHAI,"JAMMU AND KASHMIR, .",2015-12-01,2019-06-01,2019-06-01,2168.66,2168.66,,,,,0(O),0/0,consolidated,125
2016-04-01,N24000477,901,GURGAON - KOTPUTLI - JAIPUR (SIX LANE),ROAD TRANSPORT AND HIGHWAYS,NHAI,"RAJASTHAN, PPP (BOT)",2008-02-01,2011-10-01,2016-06-01,1673.7,1673.7,2946.14,,,,56(O),0/0,consolidated,125
2016-04-01,N24000478,902,GOHARGANJ TO BHOPAL SECTION OF NH-12 IN MADHYA PRADESH KM 43 TO 93,ROAD TRANSPORT AND HIGHWAYS,NHDP,"MADHYA PRADESH, EPC",2015-12-01,2018-06-01,2018-06-01,927.54,927.54,29.18,,,,0(O),0/0,consolidated,125
2016-04-01,N24000491,903,FOUR LANING OF SULTANPUR TO VARANASI (PKG- II),ROAD TRANSPORT AND HIGHWAYS,NHAI,"UTTAR PRADESH, .",2016-01-01,2018-06-01,2018-06-01,815.28,815.28,,,,,0(O),0/0,consolidated,125
2016-04-01,N24000493,904,FOUR LANING OF SULTANPUR TO VARANASI (PKG-I),ROAD TRANSPORT AND HIGHWAYS,NHAI,"UTTAR PRADESH, .",2016-01-01,2018-06-01,2018-06-01,1027.53,1027.53,,,,,0(O),0/0,consolidated,125
2016-04-01,N24000494,905,FOUR LANING OF GWALIOR-SHIVPURI,ROAD TRANSPORT AND HIGHWAYS,NHAI,"MADHYA PRADESH, PPP (BOT)",2013-05-01,2015-11-01,2016-06-01,1055,1055,1328.85,,,,7(O),0/0,consolidated,125
2016-04-01,N24000499,906,FOUR LANING OF GHAGHRA BRIDGE TO VARANASI (PKG-II),ROAD TRANSPORT AND HIGHWAYS,NHAI,"UTTAR PRADESH, .",2015-12-01,2018-06-01,2018-06-01,667,667,,,,,0(O),0/0,consolidated,125
2016-04-01,N24000504,907,FOUR LANING OF REWA - KATNI - JABALPUR - PACKAGE -IV,ROAD TRANSPORT AND HIGHWAYS,NHAI,"MADHYA PRADESH, .",2015-03-01,,2017-06-01,810.22,810.22,,,,,,0/0,consolidated,125
2016-04-01,N24000038,908,GUWHATI TO NALBARI (AS-4),ROAD TRANSPORT AND HIGHWAYS,NHAI,"ASSAM, .",2003-12-01,2008-04-01,2016-07-01,175.96,175.96,309.01,,,2016-08-01,99(O),0/0,consolidated,125
2016-04-01,N24000049,909,"DHARAMTUL TO SONAPUR,KM 205-183 (AS-20)",ROAD TRANSPORT AND HIGHWAYS,NHAI,"ASSAM, .",2003-12-01,2008-05-01,2016-07-01,160,160,198.95,,,2016-07-01,98(O),0/0,consolidated,125
2016-04-01,N24000161,910,QUAZIGUND-BANIHAL KM.220.00 TO KM.188.00,ROAD TRANSPORT AND HIGHWAYS,NHAI,"JAMMU AND KASHMIR, PPP (ANNUITY)",2010-07-01,2015-07-01,2017-07-01,1987,1987,1566.61,,,,24(O),0/0,consolidated,125
2016-04-01,N24000170,911,GHAZIABAD-ALIGARH NH-91,ROAD TRANSPORT AND HIGHWAYS,NHAI,"UTTAR PRADESH, PPP (BOT)",2011-02-01,2013-08-01,2016-07-01,1141,1141,1948.72,,,,35(O),0/0,consolidated,125
2016-04-01,N24000203,912,4-LANING OF BRAHAMPORE-FARAKA,ROAD TRANSPORT AND HIGHWAYS,NHAI,"WEST BENGAL, PPP (BOT)",2011-02-01,2013-08-01,2017-07-01,998.79,998.79,1683.34,,,,47(O),0/0,consolidated,125
2016-04-01,N24000253,913,CONSTRUCTION OF MAJOR/MINOR BRIDGE AND ROB IN 4 LANNING OF NH-66(17) MUMBAI-GOA ROAD FROM KM 161 TO,ROAD TRANSPORT AND HIGHWAYS,PWD,"MAHARASHTRA, EPC",2014-08-01,2016-07-01,2016-07-01,187.79,187.79,57.6,,,,0(O),0/12,consolidated,125
2016-04-01,N24000267,914,REHABILITATION AND UPGRADATION OF NH-565 FROM KM 294.00 TO 361.327 (VAGGAMPALLE- DORNALA T-JUNCTION),ROAD TRANSPORT AND HIGHWAYS,PWD,"ANDHRA PRADESH, EPC",2014-02-01,2014-07-01,2016-07-01,258.99,258.99,16.54,,,,24(O),0/1,consolidated,125
2016-04-01,N24000310,915,KATNI TO UMARIYA SECTION OF NH-78 IN MADYA PRADESH KM 0 TO 68/4,ROAD TRANSPORT AND HIGHWAYS,NHDP,"MADHYA PRADESH, EPC",2015-02-01,2017-07-01,2017-07-01,377.83,377.83,63.38,,,,0(O),0/0,consolidated,125
2016-04-01,N24000352,916,TWO LANE WITH PAVED SHOULDERS OF JODHPUR - POKARAN SECTION OF NH-114 ( NEW NH NO -50),ROAD TRANSPORT AND HIGHWAYS,NHAI,"RAJASTHAN, .",2015-07-01,2017-07-01,2017-07-01,455.6,455.6,54.5,,,,0(O),0/0,consolidated,125
2016-04-01,N24000448,917,4 LANING OF AMBALA - KAITHAL - PACKAGE -2,ROAD TRANSPORT AND HIGHWAYS,NHAI,"HARYANA, .",2016-01-01,2018-07-01,2018-07-01,574.28,574.28,,,,,0(O),0/0,consolidated,125
2016-04-01,N24000453,918,4 LANING OF SOLAPUR YEDISHI SECTION OF NH- 211,ROAD TRANSPORT AND HIGHWAYS,NHAI,"MAHARASHTRA, PPP (BOT)",2015-01-01,2017-07-01,2017-07-01,972.5,972.5,992.03,,121,,0(O),0/0,consolidated,125
2016-04-01,N24000498,919,FOUR LANING OF GHAGHRA BRIDGE TO VARANASI (PKG-III),ROAD TRANSPORT AND HIGHWAYS,NHAI,"UTTAR PRADESH, .",2016-06-01,2018-07-01,2018-07-01,667,667,,,,,0(O),0/0,consolidated,126
2016-04-01,N24000500,920,FOUR LANING OF SHIVPURI - GUNA PACKAGE - I,ROAD TRANSPORT AND HIGHWAYS,NHAI,"MADHYA PRADESH, PPP (BOT)",2016-01-01,2018-07-01,2018-07-01,830.36,830.36,41.4,,,,0(O),0/0,consolidated,126
2016-04-01,N24000145,921,CUDDAPAH-MYDUKUR-KURNOOL KM-167.750- 356.502 KM,ROAD TRANSPORT AND HIGHWAYS,NHAI,"ANDHRA PRADESH, PPP (BOT)",2010-11-01,2013-05-01,2016-08-01,1585,1585,1711.41,,,,39(O),0/0,consolidated,126
2016-04-01,N24000202,922,4-LANING OF FARAKA-RAIGANJ,ROAD TRANSPORT AND HIGHWAYS,NHAI,"WEST BENGAL, PPP (BOT)",2011-02-01,2013-08-01,2016-08-01,1078.84,1078.84,2074.84,,,,36(O),0/0,consolidated,126
2016-04-01,N24000230,923,WIDENING OF KHED-SINNAR STRETCH OF PUNE NASHIK SECTION OF NH-50,ROAD TRANSPORT AND HIGHWAYS,NHAI,"MAHARASHTRA, PPP (BOT)",2013-05-01,2014-02-01,2016-08-01,1348.2,1348.2,1365,,,,30(O),2/2,consolidated,126
2016-04-01,N24000300,924,REHABILITATION AND UPGRADATION OF NH-42 FROM KM 4 to350 TO KM 75 to 600 TO TWO LANE WITH PAVE SOLDOU,ROAD TRANSPORT AND HIGHWAYS,PWD,"ANDHRA PRADESH, EPC",2015-03-01,2015-09-01,2017-08-01,309.01,309.01,61.94,,,,23(O),0/4,consolidated,126
2016-04-01,N24000361,925,VADODARA-SURAT SECTION,ROAD TRANSPORT AND HIGHWAYS,NHAI,"GUJARAT, .",2014-03-01,2016-08-01,2016-08-01,503.16,503.16,,,,,0(O),0/0,consolidated,126
2016-04-01,N24000398,926,REHABILITATION AND UPGRADING TO 2 LANES/2 LANE WITH PAVED SHOULDERS CONFIGURATION OF ANISABAD-AURANG,ROAD TRANSPORT AND HIGHWAYS,MORTH,"BIHAR, ITEM RATE",1991-01-01,2016-08-01,2016-08-01,282.41,282.41,75.32,,,,0(O),0/0,consolidated,126
2016-04-01,N24000401,927,SIDHI TO SINGRAULI SECTION OF NH-75E (4L) IN MP,ROAD TRANSPORT AND HIGHWAYS,PWD,"MADHYA PRADESH, BOT (TOLL)",2011-11-01,2015-09-01,2016-08-01,871.15,871.15,,,,,11(O),0/0,consolidated,126
2016-04-01,N24000426,928,2-LANE WITH PAVED SHOULDER WITH PROVISION OF CAPACITY AUGMENTATION OF RAJASTHAN BORDER-FATEHPUR-SALA,ROAD TRANSPORT AND HIGHWAYS,NHAI,"RAJASTHAN, PPP (BOT)",2012-11-01,2016-08-01,2016-08-01,530.07,530.07,234.46,,,,0(O),0/0,consolidated,126
2016-04-01,N24000457,929,4 LANING OF OBEDULLAGANJ-BETUL SECTION,ROAD TRANSPORT AND HIGHWAYS,NHAI,"MADHYA PRADESH, PPP (BOT)",2012-02-01,2016-08-01,2016-08-01,912,912,120.43,,,,0(O),0/0,consolidated,126
2016-04-01,N24000462,930,4-LANING OF GOA/KARNATAKA BORDER-KUNDAPUR SECTION,ROAD TRANSPORT AND HIGHWAYS,NHAI,"KARNATAKA, PPP (BOT)",2014-05-01,2016-08-01,2016-08-01,1655.01,1655.01,845,,,,0(O),0/0,consolidated,126
2016-04-01,N24000481,931,FOUR LANING OF ORISSA/CHATTISGARH BORDER - AURANG SECTION,ROAD TRANSPORT AND HIGHWAYS,NHAI,"CHHATISGARH, .",2013-02-01,2015-08-01,2016-08-01,1232,1232,1105.86,,,,12(O),0/0,consolidated,126
2016-04-01,N24000490,932,FOUR LANING OF HOSPET - CHITRADURGA,ROAD TRANSPORT AND HIGHWAYS,NHAI,"KARNATAKA, PPP (BOT)",1991-01-01,,2018-08-01,1388,1388,58.71,,,,,0/0,consolidated,126
2016-04-01,N24000509,933,FOUR LANING FROM MPMAHARASHTRA BORDER TO NAGPUR IC KAMPTEE KANOON AND NAGPUR BYPASS,ROAD TRANSPORT AND HIGHWAYS,NHAI,"MAHARASHTRA, .",2010-04-01,2012-06-01,2016-08-01,1170.52,1170.52,2041.03,,,,50(O),0/0,consolidated,126
2016-04-01,N24000513,934,UMARIYA TO SHAHDOL SECTION OF NH-78 IN MADYA PRADESH KM 68/4 TO 142/200,ROAD TRANSPORT AND HIGHWAYS,PWD,"MADHYA PRADESH, EPC",2015-03-01,2017-08-01,2017-08-01,511.83,511.83,40.87,,,,0(O),0/0,consolidated,126
2016-04-01,N24000063,935,"BRAHMPUTRA BRIDGE,NH NO-31",ROAD TRANSPORT AND HIGHWAYS,NHAI,"ASSAM, .",2003-12-01,2010-04-01,2016-09-01,217.61,309.56,392.18,,309.56,2016-09-01,77(O),0/0,consolidated,126
2016-04-01,N24000159,936,INDORE-DEWAS(NH-3),ROAD TRANSPORT AND HIGHWAYS,NHAI,"MADHYA PRADESH, PPP (BOT)",2010-11-01,2013-05-01,2016-09-01,325,325,,,,,40(O),0/0,consolidated,126
2016-04-01,N24000208,937,2-LANING WITH PS RAIBAREILI TO ALLAHABAD,ROAD TRANSPORT AND HIGHWAYS,NHAI,"UTTAR PRADESH, PPP (BOT)",2012-07-01,2014-01-01,2016-09-01,291.36,291.36,320.48,,,,32(O),0/0,consolidated,126
2016-04-01,N24000212,938,HARIDWAR DEHRADUN APPROVED LENGTH 69,ROAD TRANSPORT AND HIGHWAYS,NHAI,"UTTARAKHAND, .",2011-11-01,2013-10-01,2016-09-01,478.51,478,277.41,,122,,35(O),0/0,consolidated,126
2016-04-01,N24000233,939,4 LANNING OF MH-KNT BORDER SANGAREDDY SECTION OF NH-9,ROAD TRANSPORT AND HIGHWAYS,NHAI,"TELANGANA, PPP (BOT)",2014-04-01,2016-09-01,2016-09-01,1266.6,1266.6,901,,,,0(O),0/0,consolidated,127
2016-04-01,N24000260,940,CONSTRUCTION OF 6.80 KM 2 LANE WITH PAVED SHOULDERS ALAPPUZHA BYPASS ON NH47 NEW NH 66 FROM KM 408.1,ROAD TRANSPORT AND HIGHWAYS,PWD,"KERALA, EPC",2014-01-01,2017-09-01,2017-09-01,255.75,348.43,,,348,,0(O),0/0,consolidated,127
2016-04-01,N24000342,941,TWO LANE WITH PAVED SHOULDERS OF BIJAPUR - GULBARGA - HOMNABAD - SECTION OF NH-218 ( NEW NH NO -50),ROAD TRANSPORT AND HIGHWAYS,NHAI,"KARNATAKA, .",2015-05-01,2017-09-01,2017-09-01,709,709,,,,,0(O),0/0,consolidated,127
2016-04-01,N24000343,942,TWO LANE WITH PAVED SHOULDERS OF CHAS - RAMGARH SECTION OF NH-23,ROAD TRANSPORT AND HIGHWAYS,NHAI,"JHARKHAND, .",2015-09-01,2017-09-01,2017-09-01,341.61,341.61,114.87,,,,0(O),0/0,consolidated,127
2016-04-01,N24000344,943,TWO LANING WITH PAVED SHOULDER OF KARAUII - DHOLPUR,ROAD TRANSPORT AND HIGHWAYS,NHAI,"RAJASTHAN, .",2014-09-01,2016-09-01,2016-09-01,425.19,425.19,217.87,,,,0(O),0/0,consolidated,127
2016-04-01,N24000362,944,2 LANING WITH PAVED SHOULDER OF SITARGANJ - TANAKUR SECTION OF NH-125,ROAD TRANSPORT AND HIGHWAYS,NHAI,"UTTAR PRADESH, .",2015-09-01,2016-09-01,2017-09-01,368.73,368.73,81.95,,,,12(O),0/0,consolidated,127
2016-04-01,N24000375,945,SATANA-BELA SECTION OF NH-75(4L) IN MP,ROAD TRANSPORT AND HIGHWAYS,PWD,"MADHYA PRADESH, BOT (TOLL)",2012-01-01,2015-08-01,2016-09-01,320.48,320.48,,,,,13(O),0/0,consolidated,127
2016-04-01,N24000515,946,SIX-LANING OF BARWA ADDA-PANAGARH,ROAD TRANSPORT AND HIGHWAYS,NHAI,"WEST BENGAL, PPP (BOT)",2014-04-01,,2016-09-01,1665,1665,1250.74,,,,,0/0,consolidated,127
2016-04-01,N24000536,947,REHABILITATION AND UPGRADING TO 2 LANE WITH PAVED SHOULDERS CONFIGURATION AND STRENGTHENING OF ANISH,ROAD TRANSPORT AND HIGHWAYS,MORTH,"BIHAR, .",2014-10-01,2014-03-01,2016-09-01,377.64,377.64,,,,,30(O),0/0,consolidated,127
2016-04-01,N24000225,948,4 LANING OF JETPUR SOMNATH SECTION OF NH 8D LENGTH KM 127.6,ROAD TRANSPORT AND HIGHWAYS,NHAI,"GUJARAT, PPP (BOT)",2012-03-01,2014-09-01,2017-10-01,828,828,871.15,,,,37(O),0/3,consolidated,127
2016-04-01,N24000228,949,WALAJAPET POONAMALEE KM 106.8 TO KM 13.8,ROAD TRANSPORT AND HIGHWAYS,NHAI,"TAMIL NADU, PPP (BOT)",2013-06-01,2015-11-01,2017-10-01,1287.95,1287.95,757.57,,,,23(O),0/0,consolidated,127
2016-04-01,N24000252,950,CONSTRUCTION OF MAJOR BRIDGE WITH APPROACHES ACROSS PRANHITA RIVER AT KM 57.300 ON NH-63(16),ROAD TRANSPORT AND HIGHWAYS,NHDP,"MAHARASHTRA, EPC",2015-03-01,,2017-10-01,168.3,168.3,13.43,,,,,0/4,consolidated,127
2016-04-01,N24000301,951,REHABILITATION AND UPGRADATION OF NH-219 FROM KM 58-600 TO KM 140-750 IN THE STATE OF ANDHRA PRADES,ROAD TRANSPORT AND HIGHWAYS,PWD,"ANDHRA PRADESH, EPC",2015-03-01,2015-10-01,2017-10-01,271.45,271.45,,,,,24(O),0/0,consolidated,127
2016-04-01,N24000326,952,CONSTRUCTION OF 2-LANE ROAD FROM KM 33 TO KM 65.00 OF AKAJAN-LIKABALI-BAME ROAD IN ARUNACHAL PRADESH,ROAD TRANSPORT AND HIGHWAYS,NHIDCL,"ARUNACHAL PRADESH, EPC",2015-07-01,2018-10-01,2018-10-01,197.16,197.16,,,,,0(O),0/4,consolidated,127
2016-04-01,N24000336,953,STRENGTHENING WITH PROVISION OF PAVED SHOULDER IN KM. 0.00 TO 46.470 OF NH-96(330) EPC MODE,ROAD TRANSPORT AND HIGHWAYS,MORTH,"UTTAR PRADESH, EPC",2014-10-01,2016-10-01,2016-10-01,227.74,227.74,,,,,0(O),0/0,consolidated,127
2016-04-01,N24000360,954,2-LANING WITH PAVED SHOULDERS OF RAEBARELI - BANDA SECTION OF NH-232,ROAD TRANSPORT AND HIGHWAYS,NHAI,"UTTAR PRADESH, .",2014-04-01,2016-01-01,2016-10-01,351.34,351.34,183.18,,,,9(O),0/0,consolidated,127
2016-04-01,N24000367,955,2-LANING WITH PAVED SHOULDERS OF TANDA - RAEBARELI,ROAD TRANSPORT AND HIGHWAYS,NHAI,"UTTAR PRADESH, .",2014-04-01,2016-01-01,2016-10-01,495.78,495.78,260.25,,123,,9(O),0/0,consolidated,127
2016-04-01,N24000369,956,REHABILITATION AND UPGRADING TO 2 LANES/2 LANE WITH PAVED SHOULDERS CONFIGURATION OF PRATAPGARH-PADI,ROAD TRANSPORT AND HIGHWAYS,MORTH,"RAJASTHAN, .",1991-01-01,2016-10-01,2016-10-01,269.26,269.26,218.1,,,,0(O),0/0,consolidated,128
2016-04-01,N24000377,957,BAHRAICH BYPASS TO RUPAIDHA SECTION NH-28C IN UTTAR PRADESH KM 99 TO150,ROAD TRANSPORT AND HIGHWAYS,NHDP,"UTTAR PRADESH, EPC",2014-01-01,2016-10-01,2016-10-01,397.04,397.04,309.48,,,,0(O),0/0,consolidated,128
2016-04-01,N24000379,958,REHABILITATION AND UPGRADING TO 2 LANES/2 LANE WITH PAVED SHOULDERS CONFIGURATION OF BHOJPUR-CHHATAB,ROAD TRANSPORT AND HIGHWAYS,MORTH,"ODISHA, EPC",1991-01-01,2017-10-01,2017-10-01,218.63,218.63,41.21,,,,0(O),0/0,consolidated,128
2016-04-01,N24000402,959,REHABILITATION AND UPGRADING TO 2 LANES/2 LANE WITH PAVED SHOULDERS CONFIGURATION OF ANISABAD-AURANG,ROAD TRANSPORT AND HIGHWAYS,MORTH,"BIHAR, ITEM RATE",1991-01-01,2016-10-01,2016-10-01,358.22,358.22,200.21,,,,0(O),0/0,consolidated,128
2016-04-01,N24000403,960,JUNCTION WITH MDR-13 NEAR JARWAL TO BAHRAICH SECTION OF NH-28C IN UTTAR PRADESH KM 43 TO 93,ROAD TRANSPORT AND HIGHWAYS,NHDP,"UTTAR PRADESH, EPC",2013-10-01,2016-10-01,2016-10-01,283.45,283.45,262.79,,,,0(O),0/0,consolidated,128
2016-04-01,N24000413,961,IMPROVEMENT FROM KM 0/0 TO 68/0,ROAD TRANSPORT AND HIGHWAYS,PWD,"ODISHA, EPC",2013-12-01,2016-10-01,2016-10-01,319.8,319.8,,,,,0(O),0/0,consolidated,128
2016-04-01,N24000423,962,2 LANING WITH PS OF GULABPURA - UNIARA,ROAD TRANSPORT AND HIGHWAYS,NHAI,"RAJASTHAN, .",2015-10-01,2017-10-01,2017-10-01,597,597,,,,,0(O),0/0,consolidated,128
2016-04-01,240106279,963,"MAIBANG TO LUMDING (AS-26), KM.60.500 TO KM.83.400, NH-54",ROAD TRANSPORT AND HIGHWAYS,NHAI,"ASSAM, .",2003-12-01,2008-11-01,2016-11-01,167.64,167.64,268.94,,,,96(O),0/0,consolidated,128
2016-04-01,240106280,964,"MAIBANG TO LUMDING (AS-24), KM.111.000 TO KM.126.450",ROAD TRANSPORT AND HIGHWAYS,NHAI,"ASSAM, .",2003-12-01,2008-11-01,2016-11-01,155.04,280.13,195.35,,,,96(O),0/0,consolidated,128
2016-04-01,N24000232,965,FOUR LANING OF KIRATPUR NEAR CHOUK SECTION (73.20 KM TO186.50 KM),ROAD TRANSPORT AND HIGHWAYS,NHAI,"HIMACHAL PRADESH, PPP (BOT)",2013-11-01,2016-11-01,2016-11-01,1916.79,1916.79,1398.14,,,,0(O),0/0,consolidated,128
2016-04-01,N24000250,966,REHABILATION AND UPGRADATION OF NH-222(61) FOM KM 284 TO 337,ROAD TRANSPORT AND HIGHWAYS,NHDP,"MAHARASHTRA, .",2014-06-01,2016-11-01,2016-11-01,260.39,260.39,87.44,,,,0(O),0/2,consolidated,128
2016-04-01,N24000255,967,REHABILATION AND UPGRADATION OF NH-222(61) FOM KM 161.570 TO 211.00,ROAD TRANSPORT AND HIGHWAYS,NHDP,"MAHARASHTRA, EPC",2013-12-01,2016-11-01,2016-11-01,220.72,220.72,95.02,,,,0(O),0/4,consolidated,128
2016-04-01,N24000261,968,CONSTRUCTION OF 13.0 KM 2 LANE WITH PAVED SHOULDERS KOLLAM BYPASS ON NH47 (NEW NH 66) FROM KM 486/50,ROAD TRANSPORT AND HIGHWAYS,PWD,"KERALA, EPC",2014-01-01,2017-11-01,2017-11-01,267.16,352.05,0.02,,352,,0(O),0/0,consolidated,128
2016-04-01,N24000282,969,REHABILITATION AND UPGRADATION OF EXISTING NH-565 FROM KM.86.057 TO 133.922 OF NAGARJUNASAGAR DAM T,ROAD TRANSPORT AND HIGHWAYS,PWD,"ANDHRA PRADESH, EPC",2014-01-01,2014-11-01,2016-11-01,195.45,195.45,,,,,24(O),0/4,consolidated,128
2016-04-01,N24000284,970,REHABILITATION AND UPGRADATION OF EXISTING NH-565 OF FROM KM.154.900 TO 198.694 OF DAVULAPALLY TO,ROAD TRANSPORT AND HIGHWAYS,PWD,"ANDHRA PRADESH, EPC",2014-02-01,2014-11-01,2016-11-01,170.21,170.21,5.65,,,,24(O),0/4,consolidated,128
2016-04-01,N24000322,971,FOUR LANING FROM GOHPUR TO HOLONGI SECTION FROM KM 264.10 OF NH 52 TO KM 20.37 OF NH 52A,ROAD TRANSPORT AND HIGHWAYS,NHIDCL,"ASSAM, EPC",2015-03-01,2018-11-01,2018-11-01,168.39,168.39,,,,,0(O),0/4,consolidated,128
2016-04-01,N24000323,972,4 LANING FROM KALIABOR TINALI TO DOLABARI SECTION FROM KM 0.0 TO KM 17.3 OF NH 37A INCL. ADDITIONAL,ROAD TRANSPORT AND HIGHWAYS,NHIDCL,"ASSAM, EPC",2014-10-01,2018-11-01,2018-11-01,588.95,588.95,,,124,,0(O),0/4,consolidated,128
2016-04-01,N24000334,973,STRENGTHENING AND WIDENING TO TWO LANE WITH PAVED SHOULDERS FROM KM.106.00 TO 153.00 OF NH-218 BIJAP,ROAD TRANSPORT AND HIGHWAYS,MORTH,"KARNATAKA, EPC",2015-03-01,2015-11-01,2017-11-01,165.67,165.67,,,,,24(O),0/0,consolidated,129
2016-04-01,N24000335,974,STRENGTHENING AND WIDENING TO TWO LANE WITH PAVED SHOULDERS FROM KM.56.00 TO 106.00 OF NH-218 BIJAPU,ROAD TRANSPORT AND HIGHWAYS,MORTH,"KARNATAKA, EPC",2015-03-01,2015-11-01,2017-11-01,159.12,159.12,,,,,24(O),0/0,consolidated,129
2016-04-01,N24000349,975,FOUR LANING OF MADURAI - RAMANATHAPURAM (KM 5. TO KM 81) AND TWO LANING WITH PS KM 81 TO KM 120,ROAD TRANSPORT AND HIGHWAYS,NHAI,"TAMIL NADU, .",2015-05-01,2017-11-01,2017-11-01,1387.11,1387.11,,,,,0(O),0/0,consolidated,129
2016-04-01,N24000368,976,THANJAVUR - PUDUKOTTAI SECTION OF NH-226,ROAD TRANSPORT AND HIGHWAYS,NHAI,"TAMIL NADU, .",2014-11-01,2016-11-01,2016-11-01,563.92,563.92,,,,,0(O),0/0,consolidated,129
2016-04-01,N24000459,977,4 LANING OF KAZHAKKOTTAM TO MUKKOLA SECTION OF NH-47,ROAD TRANSPORT AND HIGHWAYS,NHAI,"KERALA, .",2015-06-01,,2017-11-01,845.24,845.24,69.91,,,,,0/0,consolidated,129
2016-04-01,N24000523,978,WIDENING TO 2 LANE AND IMPROVEMENT FROM KM 100/700 TO 186/700 OF VIJAYWADA RANCI ROUTE IN ODISHA,ROAD TRANSPORT AND HIGHWAYS,PWD,"ODISHA, EPC",2011-12-01,2017-11-01,2017-11-01,159.39,159.39,,,,,0(O),0/0,consolidated,129
2016-04-01,240106226,979,"BIJNI TO ASSAM/WB BORDER PH.II, KM.30.00 TO 0.00, NH-31 C",ROAD TRANSPORT AND HIGHWAYS,NHAI,"ASSAM, .",2003-12-01,2005-06-01,2016-12-01,230,230,202.97,,,,138(O),0/0,consolidated,129
2016-04-01,240106278,980,"MAIBANG TO LUMDING (AS-25), KM.83.400 TO KM.111.000",ROAD TRANSPORT AND HIGHWAYS,NHAI,"ASSAM, .",2003-12-01,2009-04-01,2016-12-01,199.81,385.13,209.8,,,,92(O),0/0,consolidated,129
2016-04-01,N24000048,981,NALBARI T BIJNI (AS-7),ROAD TRANSPORT AND HIGHWAYS,NHAI,"ASSAM, .",2003-12-01,2008-04-01,2016-12-01,208,208,301.05,,230,2017-01-01,104(O),0/0,consolidated,129
2016-04-01,N24000125,982,GUJARAT/MAHARASHTRA BORDERSURAT-HAZIRA PORT SECTION,ROAD TRANSPORT AND HIGHWAYS,NHAI,"GUJARAT, PPP (BOT)",2010-03-01,2012-09-01,2016-12-01,1509.1,1509.1,2955.57,,2782.54,,51(O),2/3,consolidated,129
2016-04-01,N24000133,983,PANIPAT-JALANDHAR 6 LANE(KM 96 TO 387.1 KM),ROAD TRANSPORT AND HIGHWAYS,NHAI,"HARYANA, PPP (BOT)",2009-05-01,2011-11-01,2016-12-01,1108,2288,3762.31,,,,61(O),0/0,consolidated,129
2016-04-01,N24000148,984,DEOLI-KOTA,ROAD TRANSPORT AND HIGHWAYS,NHAI,"RAJASTHAN, PPP (BOT)",2011-01-01,2013-07-01,2016-12-01,593,593,1038.79,,,,41(O),0/0,consolidated,129
2016-04-01,N24000153,985,4 LANNING OF BELGUM-KHANPUR SECTION AND 2 LANING OF KHANPUR-KNT/GOA BORDER,ROAD TRANSPORT AND HIGHWAYS,NHAI,"KARNATAKA, PPP (BOT)",2011-03-01,2013-09-01,2016-12-01,359,359,2.74,,,,39(O),0/0,consolidated,129
2016-04-01,N24000155,986,4 LANING OF NAGPUR-BETUL,ROAD TRANSPORT AND HIGHWAYS,NHAI,"MULTI STATE, PPP (ANNUITY)",2011-02-01,2014-08-01,2016-12-01,2498.76,2498.76,2486.59,,,,28(O),0/0,consolidated,129
2016-04-01,N24000156,987,PUNE-SATARA(NH-4),ROAD TRANSPORT AND HIGHWAYS,NHAI,"MAHARASHTRA, PPP (BOT)",2010-10-01,2013-03-01,2016-12-01,1724.55,1724.55,1861.8,,,,45(O),0/0,consolidated,129
2016-04-01,N24000165,988,PATNA-MUZZAFFARPUR,ROAD TRANSPORT AND HIGHWAYS,NHAI,"BIHAR, PPP (ANNUITY)",2010-08-01,2013-02-01,2016-12-01,671.3,671.3,880.43,,,,46(O),0/0,consolidated,129
2016-04-01,N24000172,989,SIX LANNING OF KRISHNAGIRI- WALAJHAPET SECTION KM.0.00 TO KM.148.3 NH-46,ROAD TRANSPORT AND HIGHWAYS,NHAI,"TAMIL NADU, PPP (BOT)",2011-09-01,2013-12-01,2017-12-01,1250,1250,1328.68,,,,48(O),0/0,consolidated,129
2016-04-01,N24000176,990,TWO LANING OF TRICHY - KARAIKUDI AND TRYCHI BYPASS,ROAD TRANSPORT AND HIGHWAYS,NHAI,"TAMIL NADU, PPP (ANNUITY)",2010-05-01,2013-05-01,2017-12-01,374,374,237.46,,,,55(O),0/0,consolidated,129
2016-04-01,N24000177,991,2 LANING OF DINDIGUL - PERIGULAM THENI- KUMILI,ROAD TRANSPORT AND HIGHWAYS,NHAI,"TAMIL NADU, PPP (ANNUITY)",2011-09-01,2013-08-01,2017-12-01,485,485,305.81,,,,52(O),0/0,consolidated,129
2016-04-01,N24000178,992,TIRUPATI - TIRUTHANI - CHENNAI,ROAD TRANSPORT AND HIGHWAYS,NHAI,"ANDHRA PRADESH, PPP (BOT)",2011-04-01,2013-10-01,2017-12-01,571,571,622.9,,,,50(O),0/0,consolidated,129
2016-04-01,N24000187,993,4-LANNING OF CHAPRA-HAJIPUR,ROAD TRANSPORT AND HIGHWAYS,NHAI,"BIHAR, PPP (ANNUITY)",2011-01-01,2013-07-01,2016-12-01,575,575,604.65,,125,,41(O),0/0,consolidated,129
2016-04-01,N24000189,994,SRINAGAR TO BANIHAL,ROAD TRANSPORT AND HIGHWAYS,NHAI,"JAMMU AND KASHMIR, PPP (ANNUITY)",2011-06-01,2014-06-01,2016-12-01,1100.7,1100.7,1216.15,,,,30(O),0/0,consolidated,130
2016-04-01,N24000194,995,NIROLI-ROXY-RAJAMUNDA,ROAD TRANSPORT AND HIGHWAYS,NHAI,"ODISHA, PPP (BOT)",2011-07-01,2014-01-01,2016-12-01,586,586,160.54,,,,35(O),0/0,consolidated,130
2016-04-01,N24000195,996,BHUBANESWAR TO PURI,ROAD TRANSPORT AND HIGHWAYS,NHAI,"ODISHA, PPP (BOT)",2011-03-01,2013-08-01,2016-12-01,500.29,500.29,875.34,,,,40(O),0/0,consolidated,130
2016-04-01,N24000200,997,BAREILY-SITAPUR (NH-24),ROAD TRANSPORT AND HIGHWAYS,NHAI,"UTTAR PRADESH, PPP (BOT)",2011-03-01,2013-09-01,2016-12-01,1046,1046,586.81,,,,39(O),0/0,consolidated,130
2016-04-01,N24000201,998,MUZAFFARNAGAR-HARIDWAR,ROAD TRANSPORT AND HIGHWAYS,NHAI,"MULTI STATE, PPP (BOT)",2011-09-01,2013-03-01,2016-12-01,754,754,1082.56,,,,45(O),0/0,consolidated,130
2016-04-01,N24000211,999,2-LANING WITH PAVED SHOULDER OF MUZAFFARPUR-BARAUNI,ROAD TRANSPORT AND HIGHWAYS,NHAI,"BIHAR, PPP (BOT)",2012-07-01,2014-07-01,2017-12-01,356.4,356.4,348.5,,,,41(O),0/0,consolidated,130
2016-04-01,N24000213,1000,2-LANING OF KRISHNAGIRI-TINDIVANAM (APPROVED LENHTH 170 KM),ROAD TRANSPORT AND HIGHWAYS,NHAI,"TAMIL NADU, PPP (ANNUITY)",2012-04-01,2014-04-01,2016-12-01,624,624,350.79,,,,32(O),0/0,consolidated,130
2016-04-01,N24000216,1001,PANVEL-INDAPUR,ROAD TRANSPORT AND HIGHWAYS,NHAI,"MAHARASHTRA, .",2011-12-01,2014-06-01,2016-12-01,942.69,942.69,347.5,,,,30(O),0/0,consolidated,130
2016-04-01,N24000229,1002,BARSAT-KRISHNANAGAR,ROAD TRANSPORT AND HIGHWAYS,NHAI,"WEST BENGAL, PPP (ANNUITY)",2012-08-01,2015-02-01,2017-12-01,867,867,278.17,,,,34(O),0/0,consolidated,130
2016-04-01,N24000231,1003,4-LANING OF ROHATAK JIND(LENGTH 45 KM),ROAD TRANSPORT AND HIGHWAYS,NHAI,"HARYANA, PPP (BOT)",2013-10-01,2015-10-01,2016-12-01,283.25,283.25,177.61,,,,14(O),0/0,consolidated,130
2016-04-01,N24000246,1004,REHABILITATION AND UPGRADATION OF NH-221 FROM KM 71/2 TO 121/0 (OF VIJAYAWADA- JAGDALPUR AP BORDER TO,ROAD TRANSPORT AND HIGHWAYS,PWD,"TELANGANA, EPC",2014-10-01,2016-12-01,2016-12-01,244.3,156.09,,,156.09,,0(O),0/4,consolidated,130
2016-04-01,N24000274,1005,FOUR LANING OF 5.122 KM OF NH9 ( NEW NH 65) FROM KM 269.900 ( DESIGN CH0.0 ) TO KM 275-622( DESIGN C,ROAD TRANSPORT AND HIGHWAYS,PWD,"ANDHRA PRADESH, .",2015-07-01,2015-12-01,2016-12-01,333.21,333.21,,,333.21,,12(O),0/2,consolidated,130
2016-04-01,N24000302,1006,FOUR LANING OF 5.122 KM OF NH9( NEW NH 65) FROM KM 269.900( DESIGN CH0.0 ),ROAD TRANSPORT AND HIGHWAYS,PWD,"ANDHRA PRADESH, .",2015-07-01,2015-12-01,2016-12-01,333.21,333.21,,,,,12(O),0/0,consolidated,130
2016-04-01,N24000350,1007,TWO LANING WITH PS OF NAGAPATTINAM - THANJAVUR,ROAD TRANSPORT AND HIGHWAYS,NHAI,"TAMIL NADU, .",2015-06-01,2017-12-01,2017-12-01,563.92,563.92,,,,,0(O),0/0,consolidated,130
2016-04-01,N24000364,1008,2-LANING WITH PS SITARGANJ BAREILY SECTION,ROAD TRANSPORT AND HIGHWAYS,NHAI,"UTTAR PRADESH, .",2014-06-01,2016-01-01,2016-12-01,301.04,301.04,39.38,,,,11(O),0/0,consolidated,130
2016-04-01,N24000366,1009,2/4 LANING OF TALCHAR -DUBARI-CHANDIKHOLE SECTION OF NH-200 FROM KM 301.89 TO KM 427.85 INCLUDING KM,ROAD TRANSPORT AND HIGHWAYS,NHAI,"ODISHA, .",2015-06-01,2017-12-01,2017-12-01,996.37,996.37,,,,,0(O),0/0,consolidated,130
2016-04-01,N24000410,1010,MANDLA-CHILPI SECTION OF NH-12A IN MADHYA PRADESH KM 89/6 TO KM 192/4 OF NH-12A,ROAD TRANSPORT AND HIGHWAYS,NHDP,"MADHYA PRADESH, EPC",2015-06-01,2017-12-01,2017-12-01,641.02,641.02,89.88,,,,0(O),0/0,consolidated,130
2016-04-01,N24000429,1011,4 LANING FROM END OF NAGAON BYPASS TO RANGAGARA (KM. 278.60 TO KM. 297.00) OF NH- 37ON EPC BASIS,ROAD TRANSPORT AND HIGHWAYS,NHIDCL,"ASSAM, EPC",2015-12-01,2018-12-01,2018-12-01,225.02,225.02,,,,,0(O),0/0,consolidated,130
2016-04-01,N24000438,1012,4 LANING FROM RANGAGARA TO KALIABHOR TINALI FROM KM 297.00 TO KM 315.315 OF NH-37 ON EPC BASIS.,ROAD TRANSPORT AND HIGHWAYS,NHIDCL,"ASSAM, EPC",2015-12-01,2018-12-01,2018-12-01,289.99,289.99,,,,,0(O),0/0,consolidated,130
2016-04-01,N24000454,1013,4-LANING OF SOLAPUR - MAHARASHTRA/ KARNATKA SECTION,ROAD TRANSPORT AND HIGHWAYS,NHAI,"MAHARASHTRA, PPP (BOT)",2014-06-01,2016-11-01,2016-12-01,923.04,923.04,305.35,,,,1(O),0/0,consolidated,130
2016-04-01,N24000483,1014,FOUR LANNING OF LUDHIYANA- TALWANDI SECTION,ROAD TRANSPORT AND HIGHWAYS,NHAI,"PUNJAB, .",2014-09-01,,2016-12-01,479,479,349.6,,126,,dk;kZUo;u,0/0,consolidated,130
2016-04-01,N24000484,1015,FOUR LANING OF KHARAR - KURALI SECTION OF NH-21,ROAD TRANSPORT AND HIGHWAYS,NHAI,"PUNJAB, .",2015-12-01,2017-12-01,2017-12-01,239.23,239.23,,,,,0(O),0/0,consolidated,131
2016-04-01,N24000488,1016,FOUR LANING OF UDHAMBUR - RAMBAN SECTION OF NH-1A,ROAD TRANSPORT AND HIGHWAYS,NHAI,"JAMMU AND KASHMIR, .",2015-12-01,2018-12-01,2018-12-01,2136.97,2136.97,,,,,0(O),0/0,consolidated,131
2016-04-01,N24000489,1017,FOUR LANING OF JABALPUR - LAKHNADON,ROAD TRANSPORT AND HIGHWAYS,NHAI,"MADHYA PRADESH, .",2015-03-01,,2017-12-01,928.83,928.83,,,,,,0/0,consolidated,131
2016-04-01,N24000503,1018,FOUR LANING OF CHADIGARH - KHARAR,ROAD TRANSPORT AND HIGHWAYS,NHAI,"PUNJAB, .",2015-10-01,2017-12-01,2017-12-01,447.29,447.29,,,,,0(O),0/0,consolidated,131
2016-04-01,N24000281,1019,REHABILITATION AND UP GRADATION OF NH-12A FROM KM191.422-KM 242.300 CHILPI- KAWARDHA SECTION.,ROAD TRANSPORT AND HIGHWAYS,PWD,"CHHATISGARH, EPC",2015-12-01,,,291.05,291.05,,,,,,0/0,consolidated,131
2016-04-01,N24000521,1020,TWO LANING WITH PS OF CHHAPRA -GOPALGANJ,ROAD TRANSPORT AND HIGHWAYS,NHAI,"BIHAR, .",2015-08-01,,,854.8,854.8,,,,,,0/0,consolidated,131
2016-04-01,250100175,1021,SETHUSAMUDRAM SHIP CHANNEL PROJECT,SHIPPING AND PORTS,PORT TRUST,"TAMIL NADU, Public Private (SPV)",2005-06-01,2008-10-01,,2427.4,2427.4,831.21,,,,,0/0,consolidated,131
2016-04-01,N25000063,1022,CONSTRUCTION OF OFFSHORE CONTAINER BERTHS AND DEVELOPMENT OF CONTAINER TERMINAL ON BOT BASIS IN MUMB,SHIPPING AND PORTS,MUMBAI PORT TRU,"MAHARASHTRA, PPP (BOT)",2007-01-01,2010-12-01,2016-01-01,366.39,669.46,411.12,,,,,0/0,consolidated,131
2016-04-01,N25000068,1023,CONSTRUCTION OF RORO CUM GCB-II AT KAMARAJAR PORT LIMITED,SHIPPING AND PORTS,KPL,"TAMIL NADU, .",2015-09-01,2018-01-01,2018-01-01,210,210,,,,,0(O),0/0,consolidated,131
2016-04-01,N25000067,1024,CAPITAL DREDGING PHASE-III AT KAMARAJAR PORT LIMITED,SHIPPING AND PORTS,KPL,"TAMIL NADU, .",2014-12-01,2017-04-01,2017-04-01,274.85,274.85,58.07,,,,0(O),0/1,consolidated,131
2016-04-01,N25000065,1025,CONSTRUCTION OF COAL BERTH-3 AT KAMARAJAR PORT LIMITED,SHIPPING AND PORTS,KPL,"TAMIL NADU, PPP (ANNUITY)",2013-10-01,2017-06-01,2017-06-01,198.94,235.15,116.27,,235.15,,0(O),0/1,consolidated,131
2016-04-01,N25000035,1026,"ENNORE MANALI EXPRESS WAY,F/O SPECIAL PURPOSE VEHICLE (SPV)",SHIPPING AND PORTS,PORT TRUST,"TAMIL NADU, Public Private (SPV)",2002-10-01,2006-03-01,2016-07-01,150,600,139.8,,600,2016-01-01,124(O),0/0,consolidated,131
2016-04-01,N25000059,1027,RAIL CONNECTIVITY TO ICTT AT VALLARPADAM AT COCHIN PORT TRUST,SHIPPING AND PORTS,RVNL,"KERALA, .",2007-03-01,2009-04-01,2016-08-01,245.67,409.83,350.68,,373.22,2010-03-01,88(O),0/0,consolidated,131
2016-04-01,N25000066,1028,CONSTRUCTION OF COAL BERTH-4 AT KAMARAJAR PORT LIMITED,SHIPPING AND PORTS,KPL,"TAMIL NADU, PPP (ANNUITY)",2015-02-01,2017-12-01,2017-12-01,244.5,258.33,9.77,,258,,0(O),0/1,consolidated,131
2016-04-01,N26000101,1029,NETWORK FOR SPECTRUM,TELECOMMUNICATIONS,DOT,"MULTI STATE, .",2012-03-01,2015-07-01,,13334,13334,,,,,,0/0,consolidated,131
2016-04-01,N26000102,1030,"NETWORK FOR SPECTRUM (NFS) OFC LAYING PROJECT, PACKAGE F AND G, A PART OF INTELLIGENT FIBER OPTIC C",TELECOMMUNICATIONS,ITI,"MULTI STATE, Central Sector Projects",2014-09-01,2014-09-01,2017-03-01,2111.17,2011.17,,,127,,30(O),0/70,consolidated,131
2016-04-01,N28000008,1031,BANGALORE METRO RAIL PROJECT,URBAN DEVELOPMENT,MRTP,"KARNATAKA, .",2006-05-01,2011-06-01,,6395,11609,12712.23,,,,,3/3,consolidated,132
2016-04-01,N28000068,1032,OFFICE BUILDING FOR INCOME TAX DEPARTMENT ON PLOT NO C- 41-43 G BLOCK BANDRA,URBAN DEVELOPMENT,CPWD,"MAHARASHTRA, .",2011-02-01,2014-11-01,,241.33,241.33,93.43,,,,,0/0,consolidated,132
2016-04-01,N28000079,1033,CONSTRUCTION OD ADDITIONAL COMPLEX FOR THE SUPREM COURT OF INDIA AT LAND ADJOINING PRAGATI MAIDAN,URBAN DEVELOPMENT,CPWD,"DELHI, .",2012-07-01,2014-08-01,,884.3,884.3,149.23,,,,,0/0,consolidated,132
2016-04-01,N28000087,1034,"CONSTRUCTION OF 100 NOS. GPRA TYPE-VII FLATS IN POCKET-I AT DEEN DAYAL UPADHYAYA MARG, NEW DELHI",URBAN DEVELOPMENT,CPWD,"DELHI, Central Sector Projects",2015-06-01,,,197.33,197.33,,,,,,0/0,consolidated,132
2016-04-01,N28000088,1035,"CONSTRUCTION OF DIFFERENT BUILDINGS UNDER PHASE-I FOR IIT ROPAR AT ROPAR, PUNJAB",URBAN DEVELOPMENT,CPWD,"PUNJAB, .",2014-02-01,2015-01-01,,388,388,115.42,,,,,3/12,consolidated,132
2016-04-01,N28000089,1036,"C/O OF 152 NOS TYPE-II, 304 NOS, TYPE-III, 76 NOS, TYPE-IV QTRS. FOR INCOME TAX DEPARTMENT AT CENTRA",URBAN DEVELOPMENT,CPWD,"TAMIL NADU, .",2015-12-01,,,209,209,,,,,,0/0,consolidated,132
2016-04-01,N28000091,1037,"DEVELOPMENT OF PERMANENT CAMPUS FOR IIT JODHPUR (PHASE-1),AT KARWAR,NH-65,JODHPUR RAJASTHAN",URBAN DEVELOPMENT,CPWD,"RAJASTHAN, Central Sector Projects",2014-08-01,2015-03-01,2015-03-01,350.02,350.02,121.27,,,,,0/0,consolidated,132
2016-04-01,N28000060,1038,STAGE I OF PHASE C/O PERMANENT CAMPUS FOR IIM,URBAN DEVELOPMENT,CPWD,"TAMIL NADU, .",2014-04-01,2016-09-01,2017-01-01,332.72,332.72,108.32,,,2017-01-01,4(O),0/0,consolidated,132
2016-04-01,N28000058,1039,BANGALORE METRO RAIL PROJECT PHASE-2,URBAN DEVELOPMENT,BMRCL,"KARNATAKA, .",2014-02-01,2019-02-01,2020-03-01,26405.14,26405.14,30.04,,,,13(O),0/0,consolidated,132
2016-04-01,N28000059,1040,CONSTRUCTION OF CENTRAL ACADEMY FOR POLICE TRAINING (CAPT) BHOPAL,URBAN DEVELOPMENT,CPWD,"MADHYA PRADESH, .",2012-12-01,2014-12-01,2017-03-01,188.87,188.87,10238.25,,,2016-12-01,27(O),0/1,consolidated,132
2016-04-01,N28000065,1041,DIFFERENT BUILDINGS UNDER PHASE 1 NORTH FOR IIT MANDI AT KAMAND,URBAN DEVELOPMENT,CPWD,"HIMACHAL PRADESH, .",2012-11-01,2014-11-01,2016-03-01,270.83,270.83,,,,,,0/0,consolidated,132
2016-04-01,N28000073,1042,UPGRADATION OF NATIONAL FIRE SERVICES COLLEGE AT NAGPUR MAHARASTRA,URBAN DEVELOPMENT,CPWD,"MAHARASHTRA, .",2010-06-01,2012-03-01,2017-03-01,205,191.97,,,142.37,2016-08-01,60(O),0/0,consolidated,132
2016-04-01,N28000076,1043,CONSTRUCTION OF SOUTHERN REGIONAL CENTER FOR NSG AT IBRAHIMPATNAM HYDERABAD,URBAN DEVELOPMENT,CPWD,"ANDHRA PRADESH, .",2014-06-01,2017-03-01,2017-03-01,157.84,157.84,32.4,,,,0(O),0/0,consolidated,132
2016-04-01,N28000085,1044,NAGPUR METRO RAIL,URBAN DEVELOPMENT,NMRCL,"MAHARASHTRA, .",2014-08-01,2018-03-01,2018-03-01,8680,8680,112.67,,,,0(O),0/0,consolidated,132
2016-04-01,N28000061,1045,ACADEMIC CUM RESIDENTIAL CAMPUS AT HARINGHANTA KALYANI WB FOR IISER KOLKATA,URBAN DEVELOPMENT,CPWD,"WEST BENGAL, .",2009-01-01,2012-06-01,2016-04-01,225.81,225.81,143.72,,,2016-03-01,46(O),15/16,consolidated,132
2016-04-01,N28000062,1046,CONSTRUCTION OF PERMANENT CAMPUS OF IISER KOLKATA AT HARINGHANTA KALYANI NADIA,URBAN DEVELOPMENT,CPWD,"WEST BENGAL, .",2014-02-01,2015-09-01,2017-04-01,156.57,156.57,41.99,,,2016-07-01,19(O),1/7,consolidated,132
2016-04-01,N28000077,1047,CONSTRUCTION OF HEAD OFFICE BUILDING OF PNB ON PLAT NO-4 SECTOR 10 DWARKA NEW DELHI,URBAN DEVELOPMENT,CPWD,"DELHI, .",2012-05-01,2014-12-01,2016-05-01,405.01,405.01,222.23,,405.01,,17(O),1/3,consolidated,132
2016-04-01,N28000069,1048,CONSTRUCTION OF EXTENSION BUILDING TO PARLIAMENT HOUSE ANNEXE PARLIAMENT HOUSE COMPLEX NEW DELHI,URBAN DEVELOPMENT,CPWD,"DELHI, .",2009-05-01,2013-05-01,2016-06-01,261.85,261.85,132.27,,,2015-10-01,37(O),0/0,consolidated,133
2016-04-01,N28000081,1049,KOCHI METRO RAIL PROJECT,URBAN DEVELOPMENT,KMRCL,"KERALA, .",2012-07-01,2017-07-01,2017-06-01,5181.79,5181.79,,,,,-1(O),0/0,consolidated,133
2016-04-01,N28000063,1050,RESIDENTIAL AND OTHER COMPLEXES FOR THE CAMPUS OF IIT PATNA AT BIHTA,URBAN DEVELOPMENT,CPWD,"BIHAR, .",2012-02-01,2014-09-01,2015-07-01,171.1,200,192.24,,200,2015-07-01,,0/0,consolidated,133
2016-04-01,N28000071,1051,ESTABLISHMENT OF CENTRAL ARMED POLICE FORCE INSTITUTE OF MEDICAL SCIENCES(CAPFIMS) AT NEW DELHI,URBAN DEVELOPMENT,CPWD,"DELHI, .",2013-10-01,2017-07-01,2017-07-01,1219.21,1219.21,10.53,,,,0(O),0/0,consolidated,133
2016-04-01,N28000084,1052,CHENNAI METRO RAIL LTD (PHASE 1),URBAN DEVELOPMENT,CMRL,"TAMIL NADU, .",2009-02-01,2015-12-01,2016-08-01,14600,14600,12573.34,,14600,,8(O),1/24,consolidated,133
2016-04-01,N28000067,1053,2000 BOYS HOSTEL(1000 DOUNLE BEDDED ROOM) AT ISM DHANBAD,URBAN DEVELOPMENT,CPWD,"JHARKHAND, .",2012-09-01,2016-03-01,2017-09-01,171.86,171.86,20.06,,,,18(O),0/6,consolidated,133
2016-04-01,N28000092,1054,NIT ACADEMIC BUILDING AT IMPHAL MANIPUR,URBAN DEVELOPMENT,CPWD,"MANIPUR, Central Sector Projects",2014-02-01,2015-03-01,2017-10-01,216.69,216.69,17.54,,,2017-10-01,31(O),0/0,consolidated,133
2016-04-01,N28000074,1055,CONSTRUCTION OF NISM CAMPUS AT PATALGANGA RASAYANI DISTT RAIGADH MAHARASTRA,URBAN DEVELOPMENT,CPWD,"MAHARASHTRA, .",2012-12-01,2015-06-01,2016-11-01,315,315,183.68,,315,2016-08-01,17(O),0/0,consolidated,133
2016-04-01,N28000080,1056,REDEVELOPMENT OF EAST KIDWAI NAGAR,URBAN DEVELOPMENT,NBCC,"DELHI, .",2012-06-01,2019-11-01,2019-11-01,4264,5298,1387.76,,,,0(O),0/7,consolidated,133
2016-04-01,N28000056,1057,DELHI MRTS PHASE-III,URBAN DEVELOPMENT,DMRCL,"DELHI, .",2011-09-01,2016-03-01,2016-12-01,38585,38585,22458.2,,,,9(O),0/0,consolidated,133
2016-04-01,N28000086,1058,MUMBAI METRO LINE 3 (COLABA-BANDRA-SEEPZ),URBAN DEVELOPMENT,MMRCL,"MAHARASHTRA, .",2013-07-01,2015-01-01,2015-12-01,23136,23136,,,,,,0/0,consolidated,133
2016-04-01,N28000066,1059,CONSTRUCTION OF MAIN BUILDING SCHOOL OF INFRASTRUCTURE INCLUDING TWI NOS LAB,URBAN DEVELOPMENT,CPWD,"ODISHA, .",2012-11-01,2015-02-01,,238.43,238.43,,,,,,0/0,consolidated,133
2016-04-01,N28000075,1060,CONSTRUCTION OF MEGA HOSTEL II FOR NIT CALICUT KERALA,URBAN DEVELOPMENT,CPWD,"KERALA, .",2010-01-01,2012-10-01,,165.23,165.23,,,,,,0/0,consolidated,133
2016-04-01,N28000082,1061,REHABILITATION AND STRENGTHENING OF SEWEWRAGE SYSTEM IN OLD CITY AREA ON SOUTH OF MUSI IN ZONE 2 IN,URBAN DEVELOPMENT,JnNURM,"ANDHRA PRADESH, .",2007-08-01,,,246.9,246.9,,,,,,0/0,consolidated,133
