report_month,ocms_code,sl_no,project_name,sector,agency,state_raw,approval_month,original_doc_month,revised_doc_month,original_cost_cr,revised_cost_cr,cumulative_expenditure_cr,physical_progress_pct,latest_approved_cost_cr,approved_revised_doc_month,delay_months_reported,milestones,annexure,source_page
2017-04-01,N02000010,1,KAKRAPAR ATOMIC POWER PROJECT - 3 AND 4,ATOMIC ENERGY,NPCIL,GUJARAT,2009-10-01,2015-12-01,2019-11-01,11459,11459,9891,,,2016-11-01,47(O),43/70,consolidated,57
2017-04-01,N02000027,2,RAJASTHAN ATOMIC POWER PROJECT -7 AND 8 (2X700 MW),ATOMIC ENERGY,NPCIL,RAJASTHAN,2009-10-01,2016-12-01,2020-12-01,12320,12320,7615,,,2017-03-01,48(O),32/68,consolidated,57
2017-04-01,020100040,3,KUDANKULAM APP (NPCIL),ATOMIC ENERGY,NPCIL,TAMIL NADU,2001-12-01,2008-12-01,2017-03-01,13171,22462,21600,,17270,2013-10-01,,102/102,consolidated,57
2017-04-01,020100044,4,"PROTOTYPE FAST BREEDER REACTOR (BHAVINI, 500 MWE)",ATOMIC ENERGY,BHAVNI,TAMIL NADU,2003-09-01,2010-09-01,2017-10-01,3492,6000,5408.88,,5677,2016-09-01,85(O),81/87,consolidated,57
2017-04-01,N04000073,5,"CONSTRUCTION OF NEW INTEGRATED TERMINAL BUILDING AT VSI AIRPORT, PORTBLAIR",CIVIL AVIATION,AAI,ANDAMAN & NICOBAR ISLANDS,2013-10-01,2018-09-01,2020-06-01,314.61,441.33,24.13,,,,21(O),0/0,consolidated,57
2017-04-01,N04000069,6,CONSTRUCTION OF NEW INTERNATIONAL TERMINAL BUILDING(GOA),CIVIL AVIATION,AAI,GOA,2010-05-01,2012-05-01,,335.61,318,305.59,,,,,0/0,consolidated,57
2017-04-01,N04000071,7,SUPPLY OF 56 NOS AIRFIELD FIRE TENDERS AT VARIOUS AIRPORTS,CIVIL AVIATION,AAI,MULTI STATE,2012-10-01,2015-03-01,2017-09-01,217.6,244.1,0.04,,,,30(O),0/0,consolidated,57
2017-04-01,N04000050,8,CONSTRUCTION OF NEW AIRPORT AT PAKYONG(SIKKIM) AIRPORT,CIVIL AVIATION,AAI,SIKKIM,2009-01-01,2011-01-01,2017-12-01,309.46,553.53,428.12,,,,83(O),0/0,consolidated,57
2017-04-01,060100093,9,GEVRA EXPANSION OCP (SECL) (35-70) MTY,COAL,SECL,CHHATISGARH,2010-06-01,2023-03-01,2023-03-01,11816.4,11816.4,2019.4,,,,0(O),11/16,consolidated,57
2017-04-01,N06000008,10,KUSMUNDA EXPN.OCP(SECL)(15-50)MTY,COAL,SECL,CHHATISGARH,2013-08-01,2023-03-01,2023-03-01,7612.33,7612.33,,,7612.33,2023-03-01,0(O),2/18,consolidated,57
2017-04-01,N06000045,11,PELMA OCP(15.00MTY),COAL,SECL,CHHATISGARH,2014-11-01,2023-03-01,2023-03-01,1624.59,1624.59,5.73,,1624.59,2023-03-01,0(O),1/10,consolidated,57
2017-04-01,N06000075,12,JAGANNATHPOR OCP(3.00MTY),COAL,SECL,CHHATISGARH,2008-09-01,2015-03-01,2020-03-01,152.43,459.59,72.61,,459.59,2020-03-01,60(O),2/7,consolidated,57
2017-04-01,N06000076,13,KARTALI (EAST) OCP (2.50 MTY),COAL,SECL,CHHATISGARH,2008-07-01,2014-03-01,2020-03-01,178.44,178.44,5,,,,72(O),1/7,consolidated,57
2017-04-01,N06000081,14,MANIKPUR OC EXPANSION (3.5 MTY),COAL,SECL,CHHATISGARH,2009-12-01,2014-03-01,2018-03-01,321.5,321.5,199.2,,,,48(O),0/2,consolidated,57
2017-04-01,N06000082,15,AMLAI OC EXPANSION SECTOR B (1.50 MTY),COAL,SECL,CHHATISGARH,2009-11-01,2016-03-01,2018-03-01,198.59,198.59,199.2,,,,24(O),4/7,consolidated,57
2017-04-01,N06000099,16,BAROUD OC EXPANSION (RCE)- 3MTY,COAL,SECL,CHHATISGARH,2012-04-01,2016-03-01,2018-03-01,258.56,258.56,142.89,,,,24(O),3/6,consolidated,57
2017-04-01,N06000104,17,CHHAL OC SEAM -III (6.00 MTY),COAL,SECL,CHHATISGARH,2013-12-01,2022-03-01,2022-03-01,610.63,610.63,,,,,0(O),1/7,consolidated,57
2017-04-01,N06000111,18,BIJARI OC RCE (1.50 MTY),COAL,SECL,CHHATISGARH,2014-05-01,2020-03-01,2020-03-01,164.49,164.49,85.76,,,,0(O),3/6,consolidated,57
2017-04-01,N06000123,19,AMERA OC RCE,COAL,SECL,CHHATISGARH,2015-02-01,2018-03-01,2018-03-01,335.97,335.97,47.59,,,,0(O),1/5,consolidated,58
2017-04-01,N06000135,20,AMGAON OPENCAST PROJECT RCE,COAL,SECL,CHHATISGARH,2015-07-01,2020-03-01,2020-03-01,316.1,316.1,24.78,,,,0(O),0/5,consolidated,58
2017-04-01,N06000136,21,DURGAPUR OPENCAST PROJECT,COAL,SECL,CHHATISGARH,2015-02-01,2023-03-01,2023-03-01,916.24,916.24,,,,,0(O),1/9,consolidated,58
2017-04-01,N06000140,22,MADANNAGAR OPENCAST PROJECT,COAL,SECL,CHHATISGARH,2015-10-01,2024-03-01,2024-03-01,1875.32,1875.32,,,,,0(O),0/2,consolidated,58
2017-04-01,N06000015,23,MAGADH OC 20 MTY (CCL),COAL,CCL,JHARKHAND,2008-08-01,2012-07-01,2021-03-01,706.4,706.4,79.49,,,2017-03-01,104(O),2/3,consolidated,58
2017-04-01,N06000056,24,RAJMAHAL OC EXP.,COAL,ECL,JHARKHAND,2009-09-01,2014-03-01,2017-12-01,153.82,153.82,119.45,,,,45(O),4/6,consolidated,58
2017-04-01,N06000083,25,CHURI BENTI UG (0.81 MTY),COAL,CCL,JHARKHAND,2007-08-01,2011-03-01,2020-03-01,163.51,163.51,36.16,,,,108(O),2/2,consolidated,58
2017-04-01,N06000084,26,NORTH URIMARI OCP (3.0 MTY),COAL,CCL,JHARKHAND,2007-12-01,2012-03-01,2019-03-01,179.87,179.87,94.84,,,,84(O),2/2,consolidated,58
2017-04-01,N06000085,27,PURNADIH OCP (3.0 MTY),COAL,CCL,JHARKHAND,2008-07-01,2013-03-01,2018-03-01,210.98,210.98,151.89,,,,60(O),3/3,consolidated,58
2017-04-01,N06000086,28,TAPIN OCP (2.5 MTY),COAL,CCL,JHARKHAND,2008-08-01,2012-03-01,2019-03-01,264.68,264.68,146.05,,,,84(O),2/3,consolidated,58
2017-04-01,N06000087,29,RAJRAPPA RCE OCP ( 3.0 MTY),COAL,CCL,JHARKHAND,2009-12-01,2016-03-01,2018-03-01,510.85,510.85,224.7,,,,24(O),2/3,consolidated,58
2017-04-01,N06000088,30,KARMA OCP (1.0MTY),COAL,CCL,JHARKHAND,2009-06-01,2014-03-01,2019-03-01,162.46,162.46,71.83,,,,60(O),2/2,consolidated,58
2017-04-01,N06000096,31,MURAIDIH UG TURN-KEY PROJECT,COAL,BCCL,JHARKHAND,2011-02-01,2014-04-01,2018-10-01,339.88,339.88,12.08,,,,54(O),4/7,consolidated,58
2017-04-01,N06000098,32,MOONIDIH XV SEAM UG,COAL,BCCL,JHARKHAND,2011-08-01,2015-04-01,2019-04-01,1230.27,1230.27,49.04,,,,48(O),1/6,consolidated,58
2017-04-01,N06000103,33,AMRAPALI OC(12MTY),COAL,CCL,JHARKHAND,2012-02-01,2020-03-01,2020-03-01,858.11,858.11,110.1,,,,0(O),4/4,consolidated,58
2017-04-01,N06000106,34,NORTH TISRA AND SOUTH TISRA EXPANSION OCP (6MTY),COAL,BCCL,JHARKHAND,2014-02-01,2021-03-01,2021-03-01,555.52,555.52,3.52,,,,0(O),0/2,consolidated,58
2017-04-01,N06000108,35,KAPURIA UG(PSLW),COAL,BCCL,JHARKHAND,2011-08-01,2017-04-01,2017-04-01,988.35,988.35,45.26,,,,0(O),1/3,consolidated,58
2017-04-01,N06000126,36,MADHUBAND NLW WASHERY,COAL,BCCL,JHARKHAND,2010-08-01,2014-05-01,2017-09-01,289.45,289.45,136.68,,,,40(O),0/8,consolidated,58
2017-04-01,N06000127,37,PATHERDIH NLW WASHERY,COAL,BCCL,JHARKHAND,2012-10-01,2014-04-01,2017-08-01,269.82,269.82,77.35,,,,40(O),0/10,consolidated,58
2017-04-01,N06000143,38,HURA - C OC (3 MTY),COAL,ECL,JHARKHAND,2015-10-01,2022-03-01,2022-03-01,359.69,359.69,7.06,,,,0(O),0/21,consolidated,58
2017-04-01,N06000033,39,"NIGAHI OC EXPANSION PROJECT 10 MTY TO 15 MTY, SINGRAULI",COAL,NCL,MADHYA PRADESH,2007-10-01,2012-03-01,2018-03-01,259.4,486.57,266.38,,486.57,2018-03-01,72(O),1/3,consolidated,58
2017-04-01,N06000049,40,RAMPUR BATURA OCP (4.0 MTY),COAL,SECL,MADHYA PRADESH,2015-08-01,2023-03-01,2023-03-01,1186.64,1186.64,43.32,,,,0(O),3/10,consolidated,58
2017-04-01,N06000122,41,AMRITDHARA OC PROJECT,COAL,SECL,MADHYA PRADESH,2015-02-01,2023-03-01,2023-03-01,481.6,481.6,,,,,0(O),0/7,consolidated,58
2017-04-01,N06000124,42,RAJNAGAR OCP RPR (1.70 MTY),COAL,SECL,MADHYA PRADESH,2014-12-01,2021-03-01,2021-03-01,357.8,357.8,113.15,,,,0(O),1/7,consolidated,58
2017-04-01,N06000125,43,KANCHAN OC EXPANSION,COAL,SECL,MADHYA PRADESH,2014-12-01,2021-03-01,2021-03-01,371.04,371.04,27.52,,,,0(O),1/6,consolidated,58
2017-04-01,N06000134,44,BATURA HIGHWALL PROJECT,COAL,SECL,MADHYA PRADESH,2015-07-01,2022-03-01,2022-03-01,231.92,231.92,,,,,0(O),0/6,consolidated,59
2017-04-01,N06000139,45,MALACHUA OPENCAST PROJECT,COAL,SECL,MADHYA PRADESH,2015-10-01,2023-03-01,2023-03-01,488.33,488.33,0.24,,,,0(O),0/3,consolidated,59
2017-04-01,N06000148,46,AMADAND OPENCAST EXPANSION PROJECT,COAL,SECL,MADHYA PRADESH,2016-03-01,2021-03-01,2021-03-01,869.44,869.44,107.86,,,,0(O),1/2,consolidated,59
2017-04-01,N06000066,47,PENGANGA OCP(REVISED),COAL,WCL,MAHARASHTRA,2014-09-01,2020-03-01,2020-03-01,441.82,441.82,169.53,,,,0(O),5/11,consolidated,59
2017-04-01,N06000118,48,DINESH OCP,COAL,WCL,MAHARASHTRA,2014-11-01,2020-03-01,2020-03-01,611.16,611.16,344.4,,,,0(O),2/8,consolidated,59
2017-04-01,N06000119,49,MAKARDHOKRA I OC,COAL,WCL,MAHARASHTRA,2014-09-01,2021-03-01,2021-03-01,266.23,266.23,135.96,,,,0(O),6/12,consolidated,59
2017-04-01,N06000120,50,GOKUL,COAL,WCL,MAHARASHTRA,2014-11-01,2018-03-01,2018-03-01,267.67,267.67,197.4,,,,0(O),5/7,consolidated,59
2017-04-01,N06000121,51,BHANEGAON OC,COAL,WCL,MAHARASHTRA,2015-02-01,2023-03-01,2023-03-01,187.94,187.94,71.92,,,,0(O),6/11,consolidated,59
2017-04-01,N06000128,52,NEW MAJRI UG TO OC,COAL,WCL,MAHARASHTRA,2015-05-01,2019-03-01,2019-03-01,295.56,295.56,83.31,,,,0(O),10/13,consolidated,59
2017-04-01,N06000130,53,SINGHORI OC MINE,COAL,WCL,MAHARASHTRA,2015-06-01,2020-03-01,2020-03-01,205.49,205.49,58.94,,,,0(O),3/10,consolidated,59
2017-04-01,N06000131,54,AMALGAMATED PAUNI-II III OC MINE,COAL,WCL,MAHARASHTRA,2015-06-01,2021-03-01,2021-03-01,483.69,483.69,70.73,,,,0(O),2/6,consolidated,59
2017-04-01,N06000132,55,AMALGAMATED YEKONA-I YEKONA-II,COAL,WCL,MAHARASHTRA,2015-08-01,2025-03-01,2025-03-01,727.28,727.28,222.5,,,,0(O),3/13,consolidated,59
2017-04-01,N06000133,56,ADASA UG TO OC,COAL,WCL,MAHARASHTRA,2015-08-01,2023-03-01,2023-03-01,288.9,288.9,,,,,0(O),2/10,consolidated,59
2017-04-01,N06000141,57,KAMPTEE DEEP OC MINE,COAL,WCL,MAHARASHTRA,2015-11-01,2021-03-01,2021-03-01,277.65,277.65,,,,,0(O),2/6,consolidated,59
2017-04-01,N06000142,58,MUNGOLI NIORGUDA EXTENSION (DEEP) OC MINE,COAL,WCL,MAHARASHTRA,2015-11-01,2020-03-01,2020-03-01,498.42,498.42,7.72,,,,0(O),2/6,consolidated,59
2017-04-01,N06000149,59,AMALGAMATED GONDEGAON GHATROHAN OC,COAL,WCL,MAHARASHTRA,2016-02-01,2019-03-01,2019-03-01,198.68,198.68,30.32,,,,0(O),2/9,consolidated,59
2017-04-01,N06000150,60,BHATADI EXPANSION OC MINE,COAL,WCL,MAHARASHTRA,2016-02-01,2019-03-01,2019-03-01,304.52,304.52,121.71,,,,0(O),1/8,consolidated,59
2017-04-01,060100092,61,KULDA OCP (MAHANADI COALFIELDS LTD),COAL,MCL,ODISHA,2005-01-01,2010-03-01,2017-03-01,302.96,302,324.16,,,,,9/10,consolidated,59
2017-04-01,N06000068,62,HINGULA OC-II EXP. PH-III (15 MTY),COAL,MCL,ODISHA,2008-11-01,2013-03-01,2019-03-01,479.53,479.53,187.02,,,,72(O),5/8,consolidated,59
2017-04-01,N06000112,63,BASUNDHARA (WEST) OC EXTN(7.00 MTY),COAL,MCL,ODISHA,2014-05-01,2019-03-01,2019-03-01,479.15,479.15,14.11,,,,0(O),2/9,consolidated,59
2017-04-01,N06000113,64,SIARMAL OCP (40.00MTY),COAL,MCL,ODISHA,2014-05-01,2026-03-01,2026-03-01,3756.36,3756.36,621.47,,,,0(O),3/15,consolidated,59
2017-04-01,N06000114,65,JAGANNATH RE-ORGANISATION OC.(6.00 MTY),COAL,MCL,ODISHA,2014-05-01,2019-03-01,2019-03-01,337.66,337.66,0.78,,,,0(O),3/6,consolidated,59
2017-04-01,N06000115,66,KULDA EXPN OC. (5.00 MTY),COAL,MCL,ODISHA,2014-06-01,2018-03-01,2018-03-01,289.03,289.03,,,,,0(O),2/5,consolidated,59
2017-04-01,N06000117,67,GARJANBAHAL OCP,COAL,MCL,ODISHA,2014-11-01,2021-03-01,2021-03-01,1375.38,1375.38,180.09,,,,0(O),1/9,consolidated,59
2017-04-01,N06000144,68,HADLA LIGNITE MINE PROJECT(1.90 MTPA),COAL,NLC,RAJASTHAN,2015-03-01,2019-09-01,2019-09-01,522.45,522.45,2.56,,,,0(O),0/0,consolidated,59
2017-04-01,N06000145,69,BITHNOK LIGNITE MINE PROJECT (2.25 MTPA),COAL,NLC,RAJASTHAN,2015-03-01,2019-12-01,2019-12-01,513.63,513.63,67.25,,,,0(O),0/0,consolidated,59
2017-04-01,N06000095,70,NEYVELI NEW THERMAL POWER PROJECT(2X500 MW),COAL,NLC,TAMIL NADU,2011-06-01,2015-12-01,2018-04-01,5907.11,5907.11,1813.37,,,2018-04-01,28(O),14/35,consolidated,60
2017-04-01,N06000110,71,"WIND POWER PROJECT,KAZHUNEERKULAM,TAMILNADU",COAL,NLC,TAMIL NADU,2012-04-01,2014-10-01,2017-06-01,364.75,364.75,197.05,,,2017-06-01,32(O),8/10,consolidated,60
2017-04-01,N06000138,72,EXPANSION OF MINE-I (LEASE AREA) AND MINE-I A (3.0 TO 7.0 MTPA),COAL,NLC,TAMIL NADU,2013-04-01,2015-06-01,2019-09-01,1458.17,709.06,30.39,,709.06,2019-09-01,51(O),3/7,consolidated,60
2017-04-01,N06000151,73,NEYVELI SOLAR POWER PROJECT 130 MW,COAL,NLC,TAMIL NADU,2016-05-01,2017-06-01,2017-06-01,687.28,687.28,0.06,,,,0(O),0/0,consolidated,60
2017-04-01,N06000017,74,SHANTIKHANI LONGWALL PROJ-SCCL,COAL,SCCL,TELANGANA,2006-10-01,2012-03-01,2019-03-01,249.03,249.03,126.78,,,,84(O),32/42,consolidated,60
2017-04-01,N06000048,75,KAKATIYA LONGWALL,COAL,SCCL,TELANGANA,2008-12-01,2012-12-01,2017-03-01,453.63,453.63,121.91,,,,,11/44,consolidated,60
2017-04-01,N06000078,76,RAMAGUNDAM OC-II EXTENSION,COAL,SCCL,TELANGANA,2009-12-01,2012-03-01,2023-03-01,418.97,489.62,,,489.62,2023-03-01,132(O),0/2,consolidated,60
2017-04-01,N06000079,77,RKP OCP PHASE-I,COAL,SCCL,TELANGANA,2010-03-01,2015-03-01,2018-03-01,209.78,209.78,96.43,,,,36(O),29/31,consolidated,60
2017-04-01,N06000080,78,MANUGURU OC-II EXTENSION PHASE-II,COAL,SCCL,TELANGANA,2010-03-01,2012-03-01,2018-03-01,181.19,181.19,176.79,,,,72(O),5/6,consolidated,60
2017-04-01,N06000089,79,KISTARAM OCP,COAL,SCCL,TELANGANA,2010-11-01,2015-03-01,2020-03-01,242.29,242.29,0.09,,164.01,2020-03-01,60(O),0/5,consolidated,60
2017-04-01,N06000093,80,RCE OF INDARAM OCP(1.20 MTPA),COAL,SCCL,TELANGANA,2011-07-01,2015-03-01,2020-03-01,162.76,162.76,,,,,60(O),4/29,consolidated,60
2017-04-01,N06000094,81,JALAGAM VENGALA RAO OCP-II,COAL,SCCL,TELANGANA,2011-07-01,2015-03-01,2021-03-01,447.06,437.51,185.45,,437.51,2021-03-01,72(O),5/13,consolidated,60
2017-04-01,N06000100,82,RG OC -III EXTENSION (PHASE -II) PROJECT,COAL,SCCL,TELANGANA,2012-06-01,2015-06-01,2018-03-01,365.01,365.01,56.81,,,,33(O),27/36,consolidated,60
2017-04-01,N06000101,83,KALYANIKHANI OPENCAST PROJECT,COAL,SCCL,TELANGANA,2012-07-01,2016-07-01,2020-03-01,417.33,384.32,35.6,,384.32,2020-03-01,44(O),19/28,consolidated,60
2017-04-01,N06000102,84,RFR OF MANUGURU OC PROJECT,COAL,SCCL,TELANGANA,2012-11-01,2016-03-01,2018-03-01,430.45,486.27,92.33,,,2018-03-01,24(O),33/39,consolidated,60
2017-04-01,N06000129,85,KAKATIYAKHANI OPENCAST-2 PROJECT,COAL,SCCL,TELANGANA,2015-05-01,2019-03-01,2019-03-01,397.09,397.09,12.2,,,2019-03-01,0(O),6/18,consolidated,60
2017-04-01,N06000146,86,KOYAGUDEM OPENCAST PROJECT,COAL,SCCL,TELANGANA,2015-10-01,2018-03-01,2019-03-01,426.79,426.79,,,,,12(O),0/9,consolidated,60
2017-04-01,N06000147,87,KALYANIKHANI 6 INCLINE PROJECT,COAL,SCCL,TELANGANA,2015-12-01,2020-03-01,2020-03-01,477.65,477.65,,,,,0(O),1/17,consolidated,60
2017-04-01,N06000091,88,"KHADIA EXPANSION OPENCAST PROJECT(4 TO 10 MTPA,6MTPA INCREMENTAL)",COAL,NCL,UTTAR PRADESH,2011-06-01,2018-03-01,2018-03-01,1131.28,1131.28,402.75,,1131.28,,0(O),6/10,consolidated,60
2017-04-01,N06000152,89,NEYVELI UTTAR PRADESH POWER PROJECT LIMITED 1980 MW,COAL,NLC,UTTAR PRADESH,2016-07-01,2021-11-01,2021-11-01,17237,17237.8,190.44,,,,0(O),0/0,consolidated,60
2017-04-01,N06000020,90,JHANJRA COMBINED PR(3.50 MTY),COAL,ECL,WEST BENGAL,2015-11-01,2022-03-01,2022-03-01,602.86,602.86,209.13,,,,0(O),6/12,consolidated,60
2017-04-01,N06000109,91,SONEPUR BAZARI (COMB) OCP (8.0 MTY),COAL,ECL,WEST BENGAL,2012-08-01,2018-03-01,2018-09-01,1055.05,1055.05,297.66,,,,6(O),7/15,consolidated,60
2017-04-01,N08000009,92,"NEW SEWAGE TREATMENT PLANT PACKAGE, RCF TROMBAY",FERTILISERS,RCF,MAHARASHTRA,2014-10-01,2016-11-01,2017-09-01,197.79,209.44,72.73,,209.44,2017-09-01,10(O),0/0,consolidated,61
2017-04-01,N08000010,93,GAS TURBO GENERATOR AND HEAT RECOVERY STEAM GENERATOR PROJECT RCF THAL.,FERTILISERS,RCF,MAHARASHTRA,2016-02-01,2017-12-01,2017-12-01,482.85,494,81.68,,494,,0(O),0/1,consolidated,61
2017-04-01,N10000008,94,"Implementation of 50.4 MW Wind Power Project at Jath, Sangli, Maharashtra",MINES,NALCO,MAHARASHTRA,2015-12-01,2016-11-01,2016-12-01,355.13,355.13,94.63,,355.13,2016-12-01,,1/1,consolidated,61
2017-04-01,N10000010,95,5TH STREAM ALUMINA REFINERY EXPANSION PROJECT,MINES,NALCO,ODISHA,2014-12-01,2021-04-01,2021-04-01,5540,5540,0.31,,,2021-04-01,0(O),1/1,consolidated,61
2017-04-01,N10000011,96,UTKAL D AND E COAL BLOCK,MINES,NALCO,ODISHA,2016-05-01,2020-01-01,2020-01-01,534,534,157.34,,534,,0(O),1/1,consolidated,61
2017-04-01,N10000009,97,IMPLEMENTATION OF 50 MW WIND POWER PROJECT AT RAJASTHAN,MINES,NALCO,RAJASTHAN,2015-12-01,2016-11-01,2016-09-01,344.5,344.5,120.35,,344.5,2016-12-01,,1/1,consolidated,61
2017-04-01,N12000088,98,3RD CONVERTER AND 4TH CASTER,STEEL,RINL,ANDHRA PRADESH,2011-07-01,2016-07-01,2017-07-01,974.76,974.76,474.53,,,,12(O),1/1,consolidated,61
2017-04-01,N12000089,99,BLAST FURNACE-2 CATEGORY-1 CAPITAL REPAIRS,STEEL,RINL,ANDHRA PRADESH,2011-07-01,2015-07-01,2017-06-01,877.73,877.73,723.79,,,,23(O),2/2,consolidated,61
2017-04-01,N12000090,100,SMS-1 CONVERTERS REVAMPING,STEEL,RINL,ANDHRA PRADESH,2012-05-01,2015-07-01,2017-05-01,404.16,404.16,391.86,,,,22(O),0/1,consolidated,61
2017-04-01,N12000091,101,REVAMPING OF SINTER MACHINES - 1 AND 2,STEEL,RINL,ANDHRA PRADESH,2009-12-01,2016-10-01,2018-03-01,343,488.4,179.17,,,,17(O),0/0,consolidated,61
2017-04-01,N12000092,102,TURBO BLOWER - 5,STEEL,RINL,ANDHRA PRADESH,2009-12-01,2016-09-01,2017-05-01,280,280,122.05,,,,8(O),1/1,consolidated,61
2017-04-01,N12000104,103,CONSTRUCTION OF 123 BLOCKS IN TELENGANA AND 167 BLOCKS IN A.P. FOR INDOOR SPORTS HALL UNDER RGKA,STEEL,HSCL,ANDHRA PRADESH,2014-07-01,1999-01-01,,232,232,,,,,,0/0,consolidated,61
2017-04-01,N12000117,104,COKE OVEN BATTERY-5,STEEL,RINL,ANDHRA PRADESH,2011-12-01,2017-12-01,2017-12-01,2858,2500,395.35,,,,0(O),0/0,consolidated,61
2017-04-01,N12000119,105,CENTRAL DISPATCH YARD,STEEL,RINL,ANDHRA PRADESH,2015-08-01,2018-08-01,2018-08-01,320.66,320.66,4.24,,,,0(O),0/0,consolidated,61
2017-04-01,N12000120,106,ADDITIONAL WATER STORAGE RESERVOIR(KBR-II),STEEL,RINL,ANDHRA PRADESH,2015-07-01,2018-07-01,2018-07-01,465.85,465.85,20.55,,,,0(O),0/0,consolidated,61
2017-04-01,N12000108,107,IRRIGATION WORK OF BAGMATI,STEEL,HSCL,BIHAR,2005-10-01,2015-03-01,2021-03-01,956,956,651.21,,,,72(O),0/0,consolidated,61
2017-04-01,N12000057,108,EXPANSION OF BHILAI STEEL PLANT,STEEL,SAIL,CHHATISGARH,2010-08-01,2013-03-01,2017-06-01,17265,17265,15905,,,,51(O),35/37,consolidated,61
2017-04-01,N12000085,109,DEVELOPMENT OF PERMANENT BARRACKS AT 21 LOCATIONS AT ROWGHAT DEPOSIT,STEEL,SAIL,CHHATISGARH,2014-04-01,2015-04-01,,188.93,188.93,61.26,,,,,3/4,consolidated,61
2017-04-01,N12000086,110,NMDC INTEGRATED STEEL PLANT,STEEL,NMDC,CHHATISGARH,2010-01-01,2015-05-01,2017-12-01,15525,15525,12058.53,,,2017-12-01,31(O),53/85,consolidated,61
2017-04-01,N12000115,111,2 MTPA PELLET PLANT AT NAGARNAR,STEEL,NMDC,CHHATISGARH,2015-11-01,2020-06-01,2020-06-01,818,818,25.32,,,,0(O),4/12,consolidated,62
2017-04-01,N12000106,112,"CONSTRUCTION OF CAMPUS AND BUILDING FOR NIPER AT GANDHINAGAR, GUJARAT",STEEL,HSCL,GUJARAT,2013-01-01,,2017-12-01,175,175,1.83,,,,,0/0,consolidated,62
2017-04-01,N12000083,113,REBUILDING OF COB-7 AT BSL,STEEL,SAIL,JHARKHAND,2013-10-01,2016-05-01,2017-10-01,245.67,245.67,115.64,,,,17(O),1/3,consolidated,62
2017-04-01,N12000093,114,ALTERNATE GAS NETWORK AT BSL,STEEL,SAIL,JHARKHAND,2015-03-01,2018-03-01,2018-03-01,255.19,255.19,27.42,,,,0(O),0/1,consolidated,62
2017-04-01,N12000095,115,NEW SINTER PLANT AT BOKARO STEEL PLANT,STEEL,SAIL,JHARKHAND,2015-03-01,2017-10-01,2018-07-01,1034.01,1034.01,53.68,,,,9(O),0/2,consolidated,62
2017-04-01,N12000096,116,MODERNISATION OF STEEL MELTING SHOP NO.1 AT BOKARO STEEL PLANT,STEEL,SAIL,JHARKHAND,2015-05-01,2017-12-01,2018-05-01,1154.18,1154.18,78,,,,5(O),1/2,consolidated,62
2017-04-01,N12000097,117,EXPANSION OF GUA ORE MINES WITH BENEFICIATION FACILITIES AND INSTALLATION OF PELLET PLANT,STEEL,SAIL,JHARKHAND,2014-02-01,2017-09-01,2017-09-01,4749,4749,13.64,,,,0(O),0/0,consolidated,62
2017-04-01,N12000109,118,CONSTRUCTION OF RURAL ROADS WITH FIVE YEAR MAINTEINANCE UNDER PMGSY-JHARKHAND,STEEL,HSCL,JHARKHAND,2007-12-01,2016-06-01,2018-03-01,253.92,253.92,193.97,,253.92,,21(O),0/0,consolidated,62
2017-04-01,N12000110,119,"CONSTRUCTION OF ROAD AND BRIDGE IN GIRIDHI, KODERMA, HAZARIBAG, RAMGARH AND CHATRA DISTRICT",STEEL,HSCL,JHARKHAND,2007-12-01,2018-03-01,2018-03-01,200,200,131.15,,,,0(O),0/0,consolidated,62
2017-04-01,N12000111,120,CONSTRUCTION OF RURAL ROAD DEVELOPMENT AUTHORITY UNDER PHASE-XII,STEEL,HSCL,JHARKHAND,2014-02-01,2016-12-01,2018-12-01,787.29,787.29,285.3,,,,24(O),0/0,consolidated,62
2017-04-01,N12000112,121,CONSTRUCTION OF ROAD AND BRIDGE UNDER PMGSY,STEEL,HSCL,JHARKHAND,2013-04-01,2018-04-01,2018-04-01,170,170,88.91,,,,0(O),0/0,consolidated,62
2017-04-01,N12000118,122,REBUILDING OF COKE OVEN BATTERY NO-8 AT BSL,STEEL,SAIL,JHARKHAND,2016-11-01,2019-06-01,2019-06-01,262.87,262.87,,,,,0(O),0/0,consolidated,62
2017-04-01,N12000101,123,CONSTRUCTION OF MEDICAL COLLEGE AND HOSPITAL AT GULBARGA,STEEL,HSCL,KARNATAKA,2005-05-01,2014-02-01,2016-03-01,768.88,1113.34,1085.64,,1070.97,2016-03-01,,0/0,consolidated,62
2017-04-01,N12000102,124,CONSTRUCTION OF PARAMEDICAL AND ALLIED HEALTH INSTITUTE AT GULBARGA,STEEL,HSCL,KARNATAKA,2011-07-01,2015-12-01,2017-06-01,324.87,324.87,262.93,,324.87,,18(O),0/0,consolidated,62
2017-04-01,N12000103,125,"CONSTRUCTION OF INTERNATIONAL CENTRE FOR PERFORMING ARTS AND CULTURE,SHILONG IN MEGALAYA UNDER NLCPR",STEEL,HSCL,MEGHALAYA,2014-04-01,2017-09-01,2018-12-01,151.33,151.33,7.15,,,,15(O),0/0,consolidated,62
2017-04-01,N12000094,126,INSTALLATION OF NEW HOT STRIP MILL AT RSP,STEEL,SAIL,ODISHA,2015-04-01,2018-04-01,2018-04-01,3127.3,3127.3,309.85,,,,0(O),1/2,consolidated,62
2017-04-01,N12000107,127,CONSTRUCTION OF MEDICAL COLLEGE CAMPUS FOR 100 MBBS ADMISSION ANNUALLY AND UP- GRADATION OF GOVT. DIS,STEEL,HSCL,RAJASTHAN,2015-05-01,2017-03-01,2018-08-01,189,189,,,,,17(O),0/0,consolidated,62
2017-04-01,N12000098,128,CONSTRUCTION AND MAINTEINANCE OF RURAL ROAD UNDER PMGSY PHASE V,STEEL,HSCL,TRIPURA,2007-03-01,2015-12-01,2017-06-01,149.73,175.94,178.65,,173,,18(O),0/0,consolidated,62
2017-04-01,N12000099,129,CONSTRUCTION AND MAINTEINANCE OF RURAL ROAD UNDER PMGSY PHASE VI,STEEL,HSCL,TRIPURA,2007-12-01,2016-12-01,2017-12-01,202.61,227,199.95,,227,,12(O),0/0,consolidated,62
2017-04-01,N12000100,130,CONSTRUCTION AND MAINTEINANCE OF RURAL ROAD UNDER PMGSY PHASE VIII,STEEL,HSCL,TRIPURA,2011-10-01,2016-12-01,2017-07-01,175.49,206.71,141.28,,206.71,2017-07-01,7(O),0/0,consolidated,63
2017-04-01,N12000116,131,FORGED WHEEL PLANT,STEEL,RINL,UTTAR PRADESH,2014-04-01,2018-09-01,2018-09-01,1682.85,1682.85,40.47,,,,0(O),0/0,consolidated,63
2017-04-01,N12000114,132,CONSTRUCTION OF WORKSHOPS AND BUILDINGS FOR 24 NOS NEW INDUSTRIAL TRAINING INSTITUTES(ITI) WEST BENG,STEEL,HSCL,WEST BENGAL,2012-08-01,2016-03-01,2016-03-01,185.37,185.37,178.3,,,,,0/0,consolidated,63
2017-04-01,N16000235,133,VISAKH REFINERY MODERNISATION PROJECT,PETROLEUM,HPCL,ANDHRA PRADESH,2016-07-01,2020-07-01,2020-07-01,20928,20928,,,,,0(O),0/0,consolidated,63
2017-04-01,N16000237,134,VVSPL CAPACITY EXPANSION AND OSTT-SS JETTY SUB SEA PIPELINE PROJECT,PETROLEUM,HPCL,ANDHRA PRADESH,2016-09-01,2019-09-01,2019-09-01,407,407,13.87,,,,0(O),3/27,consolidated,63
2017-04-01,N16000247,135,KG-DWN-98-2 CLUSTER II DEVELOPMENT PROJECT,PETROLEUM,ONGC,ANDHRA PRADESH,2016-03-01,2020-06-01,2020-06-01,34012,34012,,,,,0(O),0/0,consolidated,63
2017-04-01,N16000269,136,ADDITIONAL FACILITIES AT VIJAYWADA FOR CONVERSION TO TOP ON PARADEEP HYDERABAD PIPELINE,PETROLEUM,IOCL,ANDHRA PRADESH,2015-01-01,2021-03-01,2021-03-01,342,342,,,,,0(O),0/0,consolidated,63
2017-04-01,N16000270,137,REVAMPING OF MARKETING TERMINAL AT VISHAKHAPATNAM,PETROLEUM,IOCL,ANDHRA PRADESH,2014-07-01,2021-03-01,2021-03-01,247,247,,,,,0(O),0/0,consolidated,63
2017-04-01,N16000216,138,RAZE REBUILD AND REVAMP OF MARKETING DEPOT AT DOIMUKH,PETROLEUM,IOCL,ARUNACHAL PRADESH,2016-01-01,2019-02-01,2018-12-01,247.52,247.52,0.18,,247.52,,-2(O),2/10,consolidated,63
2017-04-01,N16000061,139,ASSAM RENEWAL PROJECT FOR GROUP A,PETROLEUM,ONGC,ASSAM,2009-03-01,2013-03-01,2018-03-01,2465.15,2378.89,1931.23,,2378.89,2018-03-01,60(O),5/15,consolidated,63
2017-04-01,N16000127,140,CONSTRUCTION OF ONE ETP AND THREE ETPS CUM WATER INJECTION PLANTS(WIP),PETROLEUM,ONGC,ASSAM,2010-06-01,2014-01-01,2019-11-01,202.94,222.19,,,341.7,2019-11-01,70(O),0/2,consolidated,63
2017-04-01,N16000180,141,INSTALLATION OF DEMONSTRATION UNIT OF INDA DEPT AT GUWAHATI REFINERY,PETROLEUM,IOCL,ASSAM,2014-02-01,2016-07-01,2017-01-01,163.88,163.88,144.38,,,2017-02-01,,6/6,consolidated,63
2017-04-01,N16000192,142,TWENTY NOS. FEEDER GAS LINES,PETROLEUM,OIL,ASSAM,2009-03-01,2016-12-01,2018-03-01,228.64,209.19,143.3,,,,15(O),0/0,consolidated,63
2017-04-01,N16000207,143,DIESEL HYDROTREATOR,PETROLEUM,NRL,ASSAM,2015-07-01,2018-01-01,2018-01-01,1031.37,1031.37,305.91,,,,0(O),46/61,consolidated,63
2017-04-01,N16000217,144,RESITING OF TINSUKIA TERMINAL PROJECT (DIGBOI MARKETING TERMINAL PROJECT),PETROLEUM,IOCL,ASSAM,2012-06-01,2014-07-01,2017-09-01,150,259.93,141.18,,259.93,2017-09-01,38(O),4/12,consolidated,63
2017-04-01,N16000236,145,"DEVELOPMENT OF FACILITIES AT MOINARBAND (SILCHAR) , CACHAR , ASSAM AS RESITEMENT OF RAMNAGAR DEPOT",PETROLEUM,IOCL,ASSAM,2016-06-01,2019-08-01,2018-12-01,423,423,,,,,-8(O),1/13,consolidated,63
2017-04-01,N16000243,146,INDMAX PROJECT AT BONGAIGAON REFINERY,PETROLEUM,IOCL,ASSAM,2016-02-01,2019-11-01,2019-11-01,2582,2582,57.29,,,,0(O),0/0,consolidated,63
2017-04-01,N18000148,147,UPGRADATION OF CRUDE OIL PUMP STATIONS OF NAHARKATIYA-BARAUNI CRUDE OIL TRUNK PIPELINE,PETROLEUM,OIL,ASSAM,2012-09-01,2015-03-01,2017-05-01,871.35,1200,876,,,,26(O),0/5,consolidated,63
2017-04-01,N16000248,148,BS-IV QUALITY IMPROVEMENT PROJECT (PHASE-I) AT BARAUNI REFINERY,PETROLEUM,IOCL,BIHAR,2015-07-01,2018-11-01,2018-11-01,822.66,822.66,143.73,,,,0(O),0/0,consolidated,64
2017-04-01,N16000252,149,BRANCH PIPELINE FROM PATNA TO MOTIHARI BAITALPUR ON BKPL,PETROLEUM,IOCL,BIHAR,2016-05-01,2020-12-01,2020-12-01,664,664,14.82,,,,0(O),0/0,consolidated,64
2017-04-01,N16000254,150,MOTIHARI AMLEKHGANJ PIPELINE,PETROLEUM,IOCL,BIHAR,2015-09-01,2020-06-01,2020-06-01,324,324,,,,,0(O),0/0,consolidated,64
2017-04-01,N16000186,151,MARKETING TOP AT KORBA,PETROLEUM,IOCL,CHHATISGARH,2011-01-01,2016-09-01,2017-02-01,141.86,222.81,174.37,,222.81,2017-02-01,,12/12,consolidated,64
2017-04-01,N16000198,152,DAMAN DEVELOPMENT PROJECT,PETROLEUM,ONGC,D & N HAVELI,2014-08-01,2019-05-01,2019-05-01,6086.08,4701.44,1935.54,,,2019-05-01,0(O),0/0,consolidated,64
2017-04-01,N16000159,153,"PIPELINE REPLACEMENT PROJECT, AHMEDABAD",PETROLEUM,ONGC,GUJARAT,2011-09-01,2016-07-01,2018-06-01,202.25,160.16,103.54,,,2018-06-01,23(O),5/12,consolidated,64
2017-04-01,N16000202,154,GAMJI REDEVELOPMENT PROJECT,PETROLEUM,ONGC,GUJARAT,2015-05-01,2019-11-01,2019-11-01,1671.22,1881.22,,,,,0(O),0/0,consolidated,64
2017-04-01,N16000208,155,50 MW 10 PERSENT WIND ENERGY POWER PROJECT,PETROLEUM,OIL,GUJARAT,2015-11-01,2017-03-01,2017-06-01,500,435,274.13,,435,2017-06-01,3(O),0/1,consolidated,64
2017-04-01,N16000211,156,NAWAGAM-KOYALI PIPELINE PROJECT,PETROLEUM,ONGC,GUJARAT,2014-11-01,2018-09-01,2018-09-01,195.63,187.1,122.36,,,2018-09-01,0(O),0/0,consolidated,64
2017-04-01,N16000232,157,ANKLESHWAR BARODA PIPELINE PROJECT,PETROLEUM,GAIL,GUJARAT,2014-07-01,2018-03-01,2018-03-01,199.95,199.95,107.58,,,,0(O),14/22,consolidated,64
2017-04-01,N16000233,158,CAPACITY AUGMENTATION JAMNAGAR LONI PIPELINE,PETROLEUM,GAIL,GUJARAT,2016-04-01,2018-04-01,2018-04-01,327.78,327.78,6.97,,,,0(O),12/20,consolidated,64
2017-04-01,N16000245,159,BS-IV QUALITY IMPROVEMENT PROJECT (PHASE-I) AT GUJARAT REFINERY,PETROLEUM,IOCL,GUJARAT,2016-02-01,2017-07-01,2018-02-01,931,931,193.79,,,2018-02-01,7(O),0/0,consolidated,64
2017-04-01,N16000226,160,"CONSTRUCTION OF PIPELINE TAP OFF POINT (TOP) AT UNA, HP",PETROLEUM,IOCL,HIMACHAL PRADESH,2016-02-01,2019-05-01,2018-12-01,356,356,1.12,,,,-5(O),1/13,consolidated,64
2017-04-01,N16000250,161,BRANCH PIPELINE OF PAJPL TO UNA,PETROLEUM,IOCL,HIMACHAL PRADESH,2016-02-01,2019-09-01,2019-09-01,151,151,,,,,0(O),0/0,consolidated,64
2017-04-01,N16000187,162,RESITEMENT OF TATA NAGAR AND RACHI DEPOTS TO KHUNTI (JHARKHAND),PETROLEUM,IOCL,JHARKHAND,2011-04-01,2015-05-01,2017-06-01,191.96,191.96,112.86,,,2017-06-01,25(O),8/12,consolidated,64
2017-04-01,N16000239,163,DEVELOPMENT PLAN OF CBM - BOKARO BLOCK,PETROLEUM,ONGC,JHARKHAND,2015-12-01,2023-03-01,2023-03-01,658.62,658.62,,,,,0(O),0/0,consolidated,64
2017-04-01,N16000146,164,MANGALORE HASSAN MYSORE SOLUR LPG PIPELINE (MHMSLPL),PETROLEUM,HPCL,KARNATAKA,2012-02-01,2015-11-01,2016-10-01,666,768.25,606.13,,838.08,2016-11-01,,29/29,consolidated,64
2017-04-01,N16000169,165,STRATEGIC CRUDE OIL STORAGE PROJECT AT PADUR,PETROLEUM,ISPRL,KARNATAKA,2006-01-01,2012-01-01,2017-06-01,993,1693,1534.28,,1693,,65(O),0/0,consolidated,64
2017-04-01,N16000210,166,GAIL GAS LTD BENGALURU CGD PROJECT,PETROLEUM,GAIL,KARNATAKA,2015-02-01,2020-02-01,2020-02-01,749,749,136,,,,0(O),0/0,consolidated,64
2017-04-01,N16000255,167,CAPACITY ENHANCEMENT/ REVAMP OF NHT- 2/PLATFORMER-2/CCR-2/PSA-2/RSU,PETROLEUM,MANGALORE REFIN,KARNATAKA,2015-05-01,2019-04-01,2019-04-01,224,207.25,24.96,,207,,0(O),2/8,consolidated,64
2017-04-01,N16000256,168,RAILWAY SIDING PROJECT FOR EVACUATION OF PETCOKE,PETROLEUM,MANGALORE REFIN,KARNATAKA,2015-10-01,2019-03-01,2019-03-01,135,170.7,33.3,,170.7,,0(O),3/11,consolidated,64
2017-04-01,N16000257,169,BSVI UPGRADATION,PETROLEUM,MANGALORE REFIN,KARNATAKA,2016-09-01,2019-12-01,2019-12-01,1810,1810,,,1810,,0(O),3/9,consolidated,64
2017-04-01,N16000143,170,INTEGRATED REFINERY EXPANSION PROJECT,PETROLEUM,BPCL,KERALA,2012-03-01,2017-03-01,,16504,16504,,,,,,15/16,consolidated,64
2017-04-01,N16000171,171,LPG TERMINAL AT KOCHI,PETROLEUM,IOCL,KERALA,2015-10-01,2017-10-01,2019-03-01,607.06,714.25,99.05,,714.25,2019-03-01,17(O),32/52,consolidated,65
2017-04-01,N16000225,172,PALAKKAD LPG PLANT,PETROLEUM,BPCL,KERALA,2015-02-01,2017-12-01,2017-12-01,184,184,62.8,,,,0(O),0/10,consolidated,65
2017-04-01,N16000227,173,PROPYLENE DERIVATIVES PETROCHEMICAL PROJECT(PDPP) AT KOCHI REFINERY,PETROLEUM,BPCL,KERALA,2014-11-01,2018-08-01,2018-08-01,4588.29,4588.29,745.33,,,,0(O),0/20,consolidated,65
2017-04-01,N16000263,174,MOTOR SPIRIT BLOCK PROJECT (MSBP) TO PRODUCE BSVI MS AT KOCHI REFINERY,PETROLEUM,BPCL,KERALA,2016-02-01,2020-02-01,2020-02-01,3313,3313,,,,,0(O),0/0,consolidated,65
2017-04-01,N16000264,175,LAYING OF HEAT TRACED PIPE LINE WITH ASSOCIATED FACILITIES AT KOCHI REFINERY,PETROLEUM,BPCL,KERALA,2015-05-01,2018-08-01,2018-08-01,337.06,337.06,5.88,,,,0(O),0/0,consolidated,65
2017-04-01,N16000214,176,SIX PIPELINE REPLACEMENT PROJECT,PETROLEUM,ONGC,MADHYA PRADESH,2009-03-01,2017-01-01,2017-12-01,181.02,173.28,119.72,,,2017-06-01,11(O),0/0,consolidated,65
2017-04-01,N16000089,177,DE-BOTTLENECKING OF SMPL,PETROLEUM,IOCL,MAHARASHTRA,2009-12-01,2017-03-01,2017-03-01,1584,1584,1355.45,,,,,12/12,consolidated,65
2017-04-01,N16000128,178,CONVERSION OF RIG SAGAR SAMRAT TO MOBILE OFFSHORE PRODUCTION UNIT(MOPS),PETROLEUM,ONGC,MAHARASHTRA,2011-03-01,2013-05-01,2017-05-01,861.79,1256.72,1079.93,,1256.72,2017-05-01,48(O),1/5,consolidated,65
2017-04-01,N16000131,179,INTEGRATED DEVELOPMENT OF B-127 FIELDS,PETROLEUM,ONGC,MAHARASHTRA,2011-12-01,2015-03-01,2018-03-01,2059.63,2665.65,1216.22,,2665.65,2018-03-01,36(O),0/17,consolidated,65
2017-04-01,N16000133,180,DEVELOPMENT OF C-26 CLUSTER FIELDS,PETROLEUM,ONGC,MAHARASHTRA,2012-03-01,2014-05-01,2017-12-01,2592.17,2592.17,1829.46,,2592.17,2017-12-01,43(O),0/21,consolidated,65
2017-04-01,N16000188,181,MH NORTH REDEVELOPMENT PHASE III,PETROLEUM,ONGC,MAHARASHTRA,2014-06-01,2017-05-01,2018-05-01,5706.47,5813.25,3567.76,,5813.25,2018-05-01,12(O),7/16,consolidated,65
2017-04-01,N16000197,182,MUMBAI HIGH SOUTH (MHS) REDEVELOPMENT PHASE-III,PETROLEUM,ONGC,MAHARASHTRA,2014-11-01,2019-04-01,2019-03-01,6068.8,5296.93,3358.54,,,2019-03-01,-1(O),0/0,consolidated,65
2017-04-01,N16000203,183,PIPELINE REPLACEMENT PROJECT -4,PETROLEUM,ONGC,MAHARASHTRA,2015-02-01,2017-05-01,2018-05-01,2899.93,2098.43,1237.43,,,2017-05-01,12(O),0/0,consolidated,65
2017-04-01,N16000204,184,NEELAM REDEVELOPMENT PLAN FOR EXPLOITATION OF BASSEIN AND MUKTA PAY,PETROLEUM,ONGC,MAHARASHTRA,2015-08-01,2019-03-01,2020-05-01,2818.88,2818.88,,,,2020-05-01,14(O),0/0,consolidated,65
2017-04-01,N16000205,185,INSTALLATION OF DIESEL HYDROTREATMENT UNIT (DHT) AND ASSOCIATED FACILITIES,PETROLEUM,BPCL,MAHARASHTRA,2015-05-01,2017-06-01,2017-06-01,1714,1417,981.91,,1417,2017-06-01,0(O),0/21,consolidated,65
2017-04-01,N16000212,186,"ENHANCED RECOVERY FROM BASSEIN FIELD THROUGH INTEGRATED DEVELOPMENT OF MUKTA, BASSEIN AND PANNA",PETROLEUM,ONGC,MAHARASHTRA,2015-01-01,2017-12-01,2019-03-01,4619.94,3961.54,2920.76,,,2019-03-01,15(O),0/0,consolidated,65
2017-04-01,N16000213,187,LIFE EXTENSION OF WALL PLATFORMS OF MUMBAI HIGH AND HEERA FIELDS,PETROLEUM,ONGC,MAHARASHTRA,2015-12-01,2018-04-01,2018-04-01,3190.69,3247.19,442.81,,,2018-04-01,0(O),0/0,consolidated,65
2017-04-01,N16000249,188,KOYALI AHMEDNAGAR SOLAPUR PIPELINE,PETROLEUM,IOCL,MAHARASHTRA,2016-05-01,2021-08-01,2021-08-01,1945,1945,2.39,,,,0(O),0/0,consolidated,65
2017-04-01,N16000260,189,INSTALLATION OF GASOLINE HYDRO TREATMENT UNIT TO PRODUCE 100% BSVI MS AT MUMBAI REFINERY,PETROLEUM,BPCL,MAHARASHTRA,2016-02-01,2020-02-01,2020-02-01,554,554,,,,,0(O),0/0,consolidated,65
2017-04-01,N16000261,190,MMPL PIPELINE REROUTING PROJECT,PETROLEUM,BPCL,MAHARASHTRA,2013-04-01,2019-12-01,2019-12-01,449.58,449.58,67.79,,,,0(O),0/0,consolidated,65
2017-04-01,N16000262,191,LAYING OF HEAT TRACED PIPE LINE WITH ASSOCIATED FACILITIES AT MUMBAI REFINERY,PETROLEUM,BPCL,MAHARASHTRA,2015-05-01,2019-01-01,2019-01-01,193.4,193.4,2.46,,,,0(O),0/0,consolidated,66
2017-04-01,N16000267,192,ADDITIONAL FACILITIES AT MANMAD FOR COVERSION TO TOP ON KOYALI-MANMAD- AHMEDNAGAR-SOLAPUR PIPELINE,PETROLEUM,IOCL,MAHARASHTRA,2016-05-01,2021-01-01,2021-01-01,212,212,,,,,0(O),0/0,consolidated,66
2017-04-01,N16000268,193,ADDITIONAL FACILITIES AT SOLAPUR FOR CONVERSION TO TOP ON KOYALI-MANMAD- AHMEDNAGAR-SOLAPUR PIPELINE,PETROLEUM,IOCL,MAHARASHTRA,2016-05-01,2021-01-01,2021-01-01,348,348,,,,,0(O),0/0,consolidated,66
2017-04-01,N16000072,194,PHUPLUR-HALDIA PIPELINE PROJECT PHASE-I,PETROLEUM,GAIL,MULTI STATE,2009-07-01,2013-01-01,2018-12-01,3957,3397,717.37,,3561,2018-12-01,71(O),21/39,consolidated,66
2017-04-01,N16000084,195,CONSTRUCTION OF 12 OFFSHORE SUPPLY VESSELS(OSV),PETROLEUM,ONGC,MULTI STATE,2007-06-01,2011-09-01,2017-06-01,736.65,736.65,534.42,,,2017-06-01,69(O),0/0,consolidated,66
2017-04-01,N16000088,196,PARADIP-RAIPUR- RANCHI PIPELINE,PETROLEUM,IOCL,MULTI STATE,2009-08-01,2016-12-01,2017-06-01,1793,1793,1387.47,,,2017-06-01,6(O),7/7,consolidated,66
2017-04-01,N16000136,197,DEVELOPMENT OF WESTERN PERIPHERY OF MH SOUTH FIELD,PETROLEUM,ONGC,MULTI STATE,2012-04-01,2014-12-01,2018-03-01,600.17,600.17,455.54,,600.17,2018-03-01,39(O),0/8,consolidated,66
2017-04-01,N16000148,198,PARADIP HALDIA DURGAPUR LPG PIPELINE,PETROLEUM,IOCL,MULTI STATE,2011-02-01,2018-06-01,2018-06-01,913,1330,523.1,,1330,,0(O),0/0,consolidated,66
2017-04-01,N16000149,199,AUGMENTATION OF PARADIP HALDIA BARAUNI PIPELINE,PETROLEUM,IOCL,MULTI STATE,2011-08-01,2015-08-01,2017-03-01,586,586,440.2,,,2017-03-01,,11/11,consolidated,66
2017-04-01,N16000155,200,URAN CHAKAN SHIKRAPUR LPG PIPELINE,PETROLEUM,HPCL,MULTI STATE,2009-12-01,2014-10-01,2018-03-01,309.81,723.4,330.29,,723.4,2018-03-01,41(O),28/40,consolidated,66
2017-04-01,N16000167,201,SECONDARY TANK FARM WITH DEHYDRATION FACILITY AND EFFLUENT TREATMENT PLANT AT MADHUBAN,PETROLEUM,OIL,MULTI STATE,2011-07-01,2017-03-01,2018-11-01,352.56,439.03,72.79,,,2018-06-01,20(O),0/0,consolidated,66
2017-04-01,N16000172,202,INTEGRATED DEVELOPMENT OF VASHISTA AND S-1 FIELDS,PETROLEUM,ONGC,MULTI STATE,2013-05-01,2016-04-01,2017-12-01,4124.35,4259.49,2585.97,,4259.49,2017-12-01,20(O),0/3,consolidated,66
2017-04-01,N16000193,203,AUGMENTATION OF PARADIP-HALDIA-DURGAPUR LPG PIPELINE AND ITS EXTENSION UPTO PATNA AND MUZAFFARPUR,PETROLEUM,IOCL,MULTI STATE,2015-01-01,2020-12-01,2020-12-01,1823,1823,2.19,,,,0(O),0/0,consolidated,66
2017-04-01,N16000194,204,PARADIP HYDERABAD PIPLEINE,PETROLEUM,IOCL,MULTI STATE,2015-01-01,2020-12-01,2020-12-01,2321,2321,2.55,,,,0(O),0/0,consolidated,66
2017-04-01,N16000195,205,JAIPUR-PANIPAT NAPTHA PIPELINE ALONG WITH AUGMENTATION OF KOYALI-SANGANER PRODUCT PIPELINE,PETROLEUM,IOCL,MULTI STATE,2015-02-01,2019-10-01,2019-10-01,890,887,3.62,,,,0(O),0/0,consolidated,66
2017-04-01,N16000196,206,PARADIP LPG IMPORT FACILITY,PETROLEUM,IOCL,MULTI STATE,2015-01-01,2018-07-01,2019-11-01,690,690,,,,2019-11-01,16(O),6/36,consolidated,66
2017-04-01,N16000238,207,MDPL CAPACITY EXPANSION AND PALANPUR VADODARA PIPELINE EXTENSION,PETROLEUM,HPCL,MULTI STATE,2016-09-01,2020-03-01,2020-03-01,1879,1879,114.51,,,,0(O),4/24,consolidated,66
2017-04-01,N16000242,208,"RAMANMANDI BAHADURGERH PIPELINE CAPACITY EXPANSION PROJECT (PUNJAB,HARYANA)",PETROLEUM,HPCL,MULTI STATE,2016-11-01,2019-01-01,2019-01-01,230,230,5.91,,,,0(O),1/13,consolidated,66
2017-04-01,N16000258,209,PIPELINE REHABILITATION PROJECT OF 575 KM (PHASE I),PETROLEUM,OIL,MULTI STATE,2016-05-01,2020-10-01,2020-10-01,406,406,,,,,0(O),0/0,consolidated,66
2017-04-01,N16000259,210,AUGMENTATION OF PUMPING CAPACITY OF BARAUNI-BONGAIGAON SECTOR PHASE II,PETROLEUM,OIL,MULTI STATE,2016-09-01,2019-12-01,2019-12-01,571.66,571.66,,,,,0(O),0/0,consolidated,66
2017-04-01,N16000179,211,POLYPROPYLENE PLANT AT PARADIP REFINERY,PETROLEUM,IOCL,ODISHA,2014-03-01,2017-09-01,2018-12-01,3150,3150,870.09,,,2018-12-01,15(O),2/6,consolidated,67
2017-04-01,N16000201,212,PETCOKE EVACUATION PROJECT AT PARADIP REFINERY,PETROLEUM,IOCL,ODISHA,2014-03-01,2017-03-01,2017-10-01,238.5,238.5,151.14,,,2017-10-01,7(O),4/6,consolidated,67
2017-04-01,N16000209,213,50 MW CAPACITY WIND POWER PROJECT UNDER PHASE II,PETROLEUM,HPCL,RAJASTHAN,2011-11-01,2013-03-01,2017-01-01,310,370,17.84,,370,2017-01-01,,0/24,consolidated,67
2017-04-01,N16000162,214,ENNORE-TRICHY-MADURAI LPG PIPELINE,PETROLEUM,IOCL,TAMIL NADU,2013-05-01,2020-06-01,2020-06-01,711,711,7.98,,,,0(O),0/0,consolidated,67
2017-04-01,N16000184,215,RESID UPGRADATION PROJECT,PETROLEUM,CPCL,TAMIL NADU,2013-03-01,2015-11-01,2017-05-01,3110.36,3110.36,1687.77,,,2017-01-01,18(O),50/52,consolidated,67
2017-04-01,N16000199,216,NEW CRUDE OIL PIPELINE PROJECT FROM CHENNAI PORT TO MANALI REFINERY,PETROLEUM,CPCL,TAMIL NADU,2015-05-01,2016-11-01,2018-02-01,257.87,257.87,35.76,,,,15(O),17/22,consolidated,67
2017-04-01,N16000218,217,DHDS REVAMP FOR MEETING BS-IV DIESEL QUALITY,PETROLEUM,CPCL,TAMIL NADU,2016-02-01,2017-04-01,2017-05-01,367.11,367.11,4.16,,,,1(O),20/22,consolidated,67
2017-04-01,N16000224,218,ENNORE TERMINAL,PETROLEUM,BPCL,TAMIL NADU,2014-08-01,2018-04-01,2018-04-01,393,393,142.32,,,,0(O),0/10,consolidated,67
2017-04-01,N16000234,219,IRUGUR-DEVANGONTHI POL PIPELINE,PETROLEUM,BPCL,TAMIL NADU,2012-11-01,2017-02-01,,678,678,5.06,,,,,0/0,consolidated,67
2017-04-01,N16000241,220,Field Development Plan of Madanam NELP-IV Block CY- ONN-2002,PETROLEUM,ONGC,TAMIL NADU,2015-11-01,2019-03-01,2019-04-01,390.52,390.52,208.41,,,,1(O),0/0,consolidated,67
2017-04-01,N16000253,221,ENNORE THIRUVALLUR BENGALURU PUDUCHERRY NAGAPATTINAM MADURAITUTICORIN GAS PIPELINE,PETROLEUM,IOCL,TAMIL NADU,2016-05-01,2018-12-01,2018-12-01,4497,4497,,,,,0(O),0/0,consolidated,67
2017-04-01,N16000246,222,SONAMURA GGS AND PIPIPELINE PROJECT ( PART OF OVERALL SCHEME TO PRODUCE 5.1 MMMCMD GAS AT TRIPURA A,PETROLEUM,ONGC,TRIPURA,2016-05-01,2017-06-01,2017-06-01,215.38,215.38,120.66,,,2017-06-01,0(O),0/0,consolidated,67
2017-04-01,N16000231,223,AURAIYA PHULPUR PIPELINE PROJECT,PETROLEUM,GAIL,UTTAR PRADESH,2015-07-01,2018-12-01,2018-12-01,1427.94,1427.94,,,,,0(O),9/20,consolidated,67
2017-04-01,N16000175,224,DISTILLATE YIELD IMPROVEMENT PROJECT (COKER) AT HALDIA REFINERY,PETROLEUM,IOCL,WEST BENGAL,2014-03-01,2017-09-01,2018-06-01,3076,3076,1341.71,,,2018-06-01,9(O),5/7,consolidated,67
2017-04-01,N16000222,225,NEW 250 TMTPA LPG PLANT AT PANAGARH,PETROLEUM,HPCL,WEST BENGAL,2014-08-01,2017-09-01,2018-03-01,190.45,190.45,104.95,,190.45,2018-03-01,6(O),0/0,consolidated,67
2017-04-01,N16000223,226,HALDIA LPG IMPORT FACILITY,PETROLEUM,BPCL,WEST BENGAL,2015-03-01,2018-10-01,2018-10-01,694,694,,,,,0(O),0/0,consolidated,67
2017-04-01,N16000251,227,HALDIA BARAUNI PRODUCT PIPELINE,PETROLEUM,IOCL,WEST BENGAL,2016-04-01,2020-12-01,2020-12-01,1021,1021,,,,,0(O),0/0,consolidated,67
2017-04-01,N18000170,228,TRANSMISSION SYSTEM FOR CONNECTIVITY FOR NCC POWER PROJECTS LTD.,POWER,PGCIL,ANDHRA PRADESH,2014-08-01,2017-02-01,2017-02-01,188.75,188.75,,,,,,2/2,consolidated,67
2017-04-01,N18000186,229,SUBSTATION WORKS ASSOCIATED WITH HYDERABAD (MAHESHWARAM) POOLING STATION,POWER,PGCIL,ANDHRA PRADESH,2015-03-01,2018-03-01,2017-12-01,550.06,550.06,355.2,,,,-3(O),0/3,consolidated,67
2017-04-01,N18000210,230,REMOVAL OF CONSTRAINTS IN 400KV BAYS EXTENSIONS AT 400KV VEMAGIRI SS,POWER,PGCIL,ANDHRA PRADESH,2016-01-01,2018-07-01,2018-07-01,207.88,207.88,28.8,,,,0(O),0/0,consolidated,67
2017-04-01,180100221,231,SUBANSIRI LOWER H.E.P (8X250 MW) (NHPC),POWER,NHPC,ARUNACHAL PRADESH,2003-09-01,2010-09-01,,6285.33,17435.15,9234.99,,,,,0/0,consolidated,68
2017-04-01,180100239,232,KAMENG HYDROELECTRIC PROJECT (NEEPCO),POWER,NEEPCO,ARUNACHAL PRADESH,2004-12-01,2009-12-01,2018-01-01,2496.9,6179.96,5599.92,,6179.96,2018-01-01,97(O),16/30,consolidated,68
2017-04-01,N18000045,233,PARE HYDRO ELECTRIC PROJECT,POWER,NEEPCO,ARUNACHAL PRADESH,2008-12-01,2013-08-01,2017-12-01,573.99,1337.76,1382.2,,1337.76,2017-12-01,52(O),31/38,consolidated,68
2017-04-01,N18000041,234,BONGAIGAON THERMAL POWER PROJECT,POWER,NTPC,ASSAM,2008-01-01,2011-09-01,2017-06-01,4375.35,6749.18,5959,,6749.18,2017-06-01,69(O),30/37,consolidated,68
2017-04-01,180100242,235,BARH STPP(3X660MW) NTPC,POWER,NTPC,BIHAR,2005-02-01,2011-01-01,2018-05-01,8692.97,15095.67,11652,,15095.67,2018-05-01,88(O),26/47,consolidated,68
2017-04-01,N18000190,236,BRBCL-NABINAGAR TPP- JV (4X250 MW),POWER,NTPC,BIHAR,2007-01-01,2014-05-01,2018-03-01,5353,5353,5472.83,,7998,2017-03-01,46(O),1/18,consolidated,68
2017-04-01,N18000191,237,KBUNL-MUZAFFARPUR TPP STAGE-II- SUBSIDIARY (2X195 MW),POWER,NTPC,BIHAR,2010-03-01,2013-01-01,2016-03-01,3984.03,3984.03,3413.45,,,,,1/1,consolidated,68
2017-04-01,N18000192,238,NPGCPL-NABINAGAR STPP - JV (3X660 MW),POWER,NTPC,BIHAR,2013-01-01,2018-01-01,2018-06-01,12964.6,12964.6,6002.44,,,,5(O),27/31,consolidated,68
2017-04-01,N18000194,239,PRE-CONSTRUCTION ACTIVITIES OF 1320 MW BUXAR THERMAL POWER PLANT,POWER,SJVN,BIHAR,2015-05-01,2016-12-01,2017-12-01,436.68,602.44,465.36,,,,12(O),7/7,consolidated,68
2017-04-01,N18000222,240,ASSOCIATED TRANSMISSION SYSTEM FOR NABINAGAR-II TIPS,POWER,PGCIL,BIHAR,2016-04-01,2019-06-01,2019-06-01,790.13,790.13,129.4,,,,0(O),0/0,consolidated,68
2017-04-01,N18000112,241,TRANSMISSION SYSTEM STRENGTHENING IN WESTERN PART OF WR FOR IPPS GENERATION PROJECTS IN CHATTISGARH,POWER,PGCIL,CHHATISGARH,2011-11-01,2014-07-01,2017-09-01,2127.51,2619.56,2560.13,,2619.56,2017-09-01,38(O),6/8,consolidated,68
2017-04-01,N18000116,242,SYSTEM STRENGTHENING IN NORTH AND WEST PART OF WR FOR IPP PROJECTS IN CHATTISGARH,POWER,PGCIL,CHHATISGARH,2011-12-01,2014-08-01,2017-12-01,1746.65,2228.71,1878.93,,2228.71,2017-12-01,40(O),7/11,consolidated,68
2017-04-01,N18000125,243,WR-NR HVDC INTERCONNECTOR FOR IPP PROJECTS IN CHHATTISGARH,POWER,PGCIL,CHHATISGARH,2012-03-01,2015-06-01,2017-06-01,9569.76,9291.03,7078.79,,9291.03,2017-06-01,24(O),27/30,consolidated,68
2017-04-01,N18000140,244,LARA SUPER THERMAL POWER PROJECT STAGE-I (2 X 800 MW),POWER,NTPC,CHHATISGARH,2012-12-01,2017-06-01,2017-12-01,11846,11846,6143,,,2017-12-01,6(O),29/40,consolidated,68
2017-04-01,N18000188,245,CREATION OF 400/220 KV SUBSTATIONS IN NCT OF DELHI DURING 12TH PLAN PERIOD (PART-A),POWER,PGCIL,DELHI,2015-03-01,2017-05-01,2019-06-01,1394.52,1394.52,1.9,,,2019-06-01,25(O),4/9,consolidated,68
2017-04-01,N18000195,246,CREATION OF 400/220KV SUBSTATIONS IN NCT OF DELHI DURING 12TH PLAN PERIOD (PART-B1),POWER,PGCIL,DELHI,2015-05-01,2018-10-01,2018-10-01,780.33,780.33,8.2,,,2018-10-01,0(O),0/0,consolidated,68
2017-04-01,N18000114,247,TRANSMISSION SYSTEM FOR CONNECTIVITY OF ESSAR POWER GUJARAT LIMITED,POWER,PGCIL,GUJARAT,2011-12-01,2014-02-01,2016-03-01,552.44,609.44,501.6,,609.44,2016-03-01,,10/10,consolidated,68
2017-04-01,N18000166,248,TRANSMISSION SYSTEM ASSOCIATED WITH KAKRAPAR ATOMIC POWER PROJECT - 3 AND 4,POWER,PGCIL,GUJARAT,2014-02-01,2016-10-01,2017-04-01,378.71,378.71,257.9,,,2017-04-01,6(O),10/11,consolidated,68
2017-04-01,N18000204,249,"PATAN WIND FARM SITE, GUJARAT 50 MW",POWER,THDCIL,GUJARAT,2015-10-01,2016-10-01,2016-10-01,315,315,14.61,,,,,2/2,consolidated,68
2017-04-01,N18000207,250,TRANSMISSION SYSTEM STRENTHENING ASSOCIATED WITH MUNDRA UMPP (PART-A),POWER,PGCIL,GUJARAT,2016-01-01,2018-07-01,2018-07-01,244.19,244.19,71.9,,,,0(O),0/0,consolidated,68
2017-04-01,N18000228,251,TRANSMISSION SYSTEM STRENGTHENING ASSOCIATED WITH MUNDRA UMPP (PART-B),POWER,PGCIL,GUJARAT,2016-07-01,2018-12-01,2018-12-01,300.94,300.94,7.4,,,,0(O),0/0,consolidated,68
2017-04-01,N18000234,252,KANDORNA AND BHANWAD WIND FARM,POWER,THDCIL,GUJARAT,2016-11-01,2017-03-01,2017-03-01,415.49,415.49,,,,,,1/2,consolidated,69
2017-04-01,N18000235,253,WIND POWER PROJECT AT SADLA IN DISTT. SURENDRANAGAR (GUJARAT),POWER,SJVN,GUJARAT,2016-11-01,2017-11-01,2017-11-01,330,330,110.4,,,,0(O),1/4,consolidated,69
2017-04-01,180100210,254,PARBATI HEP (4X200 MW) (NHPC) II,POWER,NHPC,HIMACHAL PRADESH,2002-09-01,2009-09-01,2018-12-01,3919.59,8398.75,6246.51,,,,111(O),2/3,consolidated,69
2017-04-01,180100261,255,TRANSMISSION SYSTEM ASSOCIATED WITH PARBATI = II HEP,POWER,PGCIL,HIMACHAL PRADESH,2005-12-01,2008-12-01,,358.42,358.42,,,,2010-09-01,,0/15,consolidated,69
2017-04-01,N18000031,256,KISHANGANGA HEP (3X110 MW),POWER,NHPC,JAMMU AND KASHMIR,2009-01-01,2016-01-01,2018-01-01,3642.04,5783.17,4825.1,,,,24(O),5/6,consolidated,69
2017-04-01,N18000172,257,PAKAL DUL HYDRO ELECTRIC PROJECT (1000 MW),POWER,CVPPPL,JAMMU AND KASHMIR,2014-10-01,2020-04-01,2023-01-01,8112.12,8112.12,139.96,,,,33(O),0/0,consolidated,69
2017-04-01,N18000215,258,TRANMISSION SYSTEM ASSOCIATED WITH ALUSTENG (SRINAGAR)- DRASS- KARGIL-KHALSTI- LEH PROJECT,POWER,PGCIL,JAMMU AND KASHMIR,2014-01-01,2017-09-01,2017-09-01,1788.41,1788.41,909.79,,,,0(O),0/0,consolidated,69
2017-04-01,N18000177,259,NORTH KARANPURA STPP (3X660 MW),POWER,NTPC,JHARKHAND,2014-02-01,2019-02-01,2020-02-01,14366.58,14366.58,2674,,,2020-02-01,12(O),14/18,consolidated,69
2017-04-01,N18000199,260,BOKARO THERMAL POWER STATION-A,POWER,DVC,JHARKHAND,2006-08-01,2011-12-01,2017-02-01,2313,4366.64,3484,,4138.41,2016-03-01,,14/14,consolidated,69
2017-04-01,N18000225,261,PAKRI BARWADIH COAL MINING PROJECT,POWER,NTPC,JHARKHAND,2004-10-01,2017-10-01,2017-10-01,4237.96,4552,1681.43,,4552,,0(O),0/0,consolidated,69
2017-04-01,N18000131,262,KUDGI STPP STAGE 1,POWER,NTPC,KARNATAKA,2012-01-01,2017-01-01,2017-07-01,15166.19,15166.19,10707,,,2017-07-01,6(O),46/46,consolidated,69
2017-04-01,N18000151,263,GADARWARA SUPER THERMAL POWER PROJECT STAGE-I,POWER,NTPC,MADHYA PRADESH,2013-03-01,2017-09-01,2018-03-01,11638.55,11638.55,5435,,,2018-03-01,6(O),23/41,consolidated,69
2017-04-01,N18000205,264,KHARGONE STPP STAGE I (1320 MW),POWER,NTPC,MADHYA PRADESH,2015-03-01,2019-09-01,2019-09-01,9870.51,9870.51,1552,,,,0(O),17/19,consolidated,69
2017-04-01,N18000206,265,TRANSMISSION SYSTEM FOR ULTRA MEGA SOLAR PARK (750 MW),POWER,PGCIL,MADHYA PRADESH,2016-01-01,2017-03-01,2017-10-01,305.04,305.04,84.8,,,2017-10-01,7(O),0/0,consolidated,69
2017-04-01,N18000221,266,S/S EXTENSION FOR TRANSMISSION SYSTEM ASSOCIATED WITH VINDHYACHAL-V PROJECT OF NTPC (PART B),POWER,PGCIL,MADHYA PRADESH,2016-04-01,2018-06-01,2018-06-01,287.99,287.99,,,,,0(O),0/0,consolidated,69
2017-04-01,N18000035,267,WESTERN REGION STRENGTHENING SCHEME-V,POWER,PGCIL,MAHARASHTRA,2007-12-01,2010-09-01,2017-12-01,477.69,738.48,640.99,,738.48,2017-12-01,87(O),4/8,consolidated,69
2017-04-01,N18000132,268,MOUDA STPP STAGE 2,POWER,NTPC,MAHARASHTRA,2012-03-01,2016-09-01,2017-03-01,7921.47,7921.47,5302,,,2017-03-01,,41/41,consolidated,69
2017-04-01,N18000133,269,SOLAPUR STPP,POWER,NTPC,MAHARASHTRA,2012-03-01,2016-11-01,2017-12-01,9395.18,9395.18,6237,,,2017-12-01,13(O),32/36,consolidated,69
2017-04-01,N18000119,270,TUIRIAL HYDRO ELECTRIC PROJECT (60MW),POWER,NEEPCO,MIZORAM,1998-07-01,2006-07-01,2017-09-01,368.72,1321.53,1202.01,,1441.52,2017-09-01,134(O),6/13,consolidated,69
2017-04-01,N18000061,271,TR. SYSTEM ASSOCIATED WITH MUNDRA ULTRA MEGA POWER PROJECT,POWER,PGCIL,MULTI STATE,2008-10-01,2012-10-01,2018-02-01,4824.12,5071.94,4453.08,,5071.94,2018-02-01,64(O),8/11,consolidated,69
2017-04-01,N18000066,272,NORTH- EAST NORTH WESTERN INTERCONNECTOR I PROJECT,POWER,PGCIL,MULTI STATE,2009-02-01,2013-08-01,2017-12-01,11130.19,13762.8,12371.7,,13762.8,2017-12-01,52(O),22/26,consolidated,69
2017-04-01,N18000080,273,TRANSMISSION SYSTEM ASSOCIATED WITH PALLATANA GBPP and BPTS.,POWER,PGCIL,MULTI STATE,2010-02-01,2012-12-01,2018-02-01,2144,2932.88,2504.5,,2932.88,2018-02-01,62(O),12/23,consolidated,69
2017-04-01,N18000085,274,SYSTEM STRENGTHENING XII OF SR,POWER,PGCIL,MULTI STATE,2010-02-01,2012-06-01,2017-06-01,232.34,245,237.39,,,,60(O),1/4,consolidated,70
2017-04-01,N18000094,275,NORTHERN REGION SYSTEM STRENGHENING SCHEME XVI,POWER,PGCIL,MULTI STATE,2010-07-01,2013-07-01,2017-06-01,752.64,757.94,614.92,,757.94,2017-06-01,47(O),7/9,consolidated,70
2017-04-01,N18000099,276,TRANSMISSION SYSTEM FOR TRANSFER OF POWER FROM GEN.PROJ IN SIKKIM TO NR/WR PART-B,POWER,PGCIL,MULTI STATE,2011-03-01,2013-11-01,2016-03-01,1585.12,1585.12,1452.46,,,,,11/12,consolidated,70
2017-04-01,N18000100,277,EASTERN REGION STRENGTHENING SCHEME-III,POWER,PGCIL,MULTI STATE,2010-07-01,2012-11-01,2017-12-01,1272.8,1731.1,1381.93,,1731.1,2017-12-01,61(O),10/13,consolidated,70
2017-04-01,N18000109,278,SYTEM STRENGTHENING XIII OF SR GRID,POWER,PGCIL,MULTI STATE,2011-10-01,2014-06-01,2018-03-01,487.49,639.46,481.42,,639.46,2018-03-01,45(O),10/12,consolidated,70
2017-04-01,N18000115,279,SYTEM STRENGTHENING OF SOUTHERN REGION - XIV,POWER,PGCIL,MULTI STATE,2011-12-01,2014-08-01,2017-12-01,297.33,426.29,352.47,,346.79,2017-12-01,40(O),8/10,consolidated,70
2017-04-01,N18000123,280,ESTABLISHMENT OF FIBER OPTIC COMMUNICATION SYSTEM IN NORTHERN REGION,POWER,PGCIL,MULTI STATE,2012-03-01,2014-09-01,2017-09-01,198.63,198.63,127.63,,,2017-09-01,36(O),0/0,consolidated,70
2017-04-01,N18000128,281,NORTHERN REGION SYSTEM STRENGTHENING SCHEME-XXIV,POWER,PGCIL,MULTI STATE,2011-11-01,2014-11-01,2017-06-01,723.63,882.13,702.52,,882.13,2017-06-01,31(O),7/10,consolidated,70
2017-04-01,N18000143,282,COMMON TR. SYS. ASSOCIATED WITH EAST COAST AND NCC POWER PROJECTS IN SRIKAKULAM AREA A.P. PART- C,POWER,PGCIL,MULTI STATE,2013-03-01,2015-06-01,2017-12-01,514.2,703.1,545.9,,703.1,2017-12-01,30(O),7/10,consolidated,70
2017-04-01,N18000144,283,COMMON SYS. ASSOCIATED WITH EAST COAST ENERGY PVT LTD AND NCC POWER PROJECTS LTD LTOA GEN PART- B,POWER,PGCIL,MULTI STATE,2013-03-01,2015-12-01,2017-12-01,2514.88,2514.88,1865.05,,,2017-12-01,24(O),15/18,consolidated,70
2017-04-01,N18000153,284,TRANSMISSION SYSTEM ASSOCIATED WITH MAUDA STAGE-II,POWER,PGCIL,MULTI STATE,2013-09-01,2016-05-01,2017-06-01,1575.3,1656.15,1281.3,,1656.15,2017-05-01,13(O),10/13,consolidated,70
2017-04-01,N18000155,285,EASTERN REGION STRENGTHENING SCHEME-V,POWER,PGCIL,MULTI STATE,2013-10-01,2016-04-01,2017-09-01,1364.52,1891.41,1110.64,,1891.41,2017-09-01,17(O),8/12,consolidated,70
2017-04-01,N18000157,286,UNIFIED REAL TIME DYNAMIC STATE MEASUREMENT PHASE-I,POWER,PGCIL,MULTI STATE,2014-01-01,2016-04-01,2017-12-01,374.63,374.63,42.5,,,2017-12-01,20(O),0/0,consolidated,70
2017-04-01,N18000158,287,NORTHERN REGION SYSTEM STRENGTHENING SCHEME - XXX,POWER,PGCIL,MULTI STATE,2014-02-01,2016-06-01,2018-02-01,539.82,539.82,377.2,,,2018-02-01,20(O),8/11,consolidated,70
2017-04-01,N18000159,288,NORTHERN REGION SYSTEM STRENGHENING SCHEME - XXXII,POWER,PGCIL,MULTI STATE,2014-02-01,2016-06-01,2018-02-01,908.08,969.97,629,,969.97,2018-02-01,20(O),13/18,consolidated,70
2017-04-01,N18000162,289,STATIC VAR COMPENSATORS (SVCS) IN NORTHERN REGION,POWER,PGCIL,MULTI STATE,2014-05-01,2016-08-01,2017-10-01,829.98,829.98,378.6,,,2017-10-01,14(O),2/4,consolidated,70
2017-04-01,N18000164,290,EASTERN REGION STRENGTHENING SCHEME-XII,POWER,PGCIL,MULTI STATE,2014-05-01,2016-11-01,2017-11-01,522.29,550.18,336.7,,550.18,2017-11-01,12(O),7/12,consolidated,70
2017-04-01,N18000165,291,AUGMENTATION OF TRANSFORMERS IN NORTHERN REGION - PART B,POWER,PGCIL,MULTI STATE,2014-03-01,2016-03-01,2017-07-01,155.57,206.42,112.4,,206.42,2017-07-01,16(O),3/6,consolidated,70
2017-04-01,N18000167,292,TRANSMISSION SYSTEM ASSOCIATED WITH LARA STPS-I (2X800) GEN. PROJECT OF NTPC,POWER,PGCIL,MULTI STATE,2014-06-01,2017-04-01,2017-04-01,400.47,400.47,260.1,,,,0(O),1/3,consolidated,70
2017-04-01,N18000168,293,TRANSMISSION SYSTEM STRENGTHENING IN WR- NR TRANSMISSION CORRIDOR FOR IPPS IN CHHATTISGARH,POWER,PGCIL,MULTI STATE,2014-06-01,2018-03-01,2018-03-01,5151.37,5151.37,1139.4,,,,0(O),8/12,consolidated,70
2017-04-01,N18000169,294,SYSTEM STRENGTHENING - XX IN SOUTHERN REGIONAL GRID,POWER,PGCIL,MULTI STATE,2014-08-01,2017-02-01,2017-06-01,288.49,376.09,185.6,,376.09,2017-06-01,4(O),6/12,consolidated,70
2017-04-01,N18000171,295,EASTERN REGION STRENGTHENING SCHEME -IX,POWER,PGCIL,MULTI STATE,2014-02-01,2016-02-01,2017-06-01,196.58,244.66,93,,244.66,2017-06-01,16(O),8/17,consolidated,70
2017-04-01,N18000179,296,INTER-REGIONAL SYSTEM STRENGTHENING SCHEME IN WR AND NR (PART-B),POWER,PGCIL,MULTI STATE,2014-12-01,2018-04-01,2018-04-01,6517.36,6517.36,2779.4,,,,0(O),3/12,consolidated,71
2017-04-01,N18000180,297,TRANSMISSION SYSTEM ASSOCIATED WITH KISHENGANAGA HEP,POWER,PGCIL,MULTI STATE,2015-01-01,2018-03-01,2018-03-01,268.8,340.88,122.3,,340.88,,0(O),0/3,consolidated,71
2017-04-01,N18000181,298,TRANSMISSION SYSTEM ASSOICATED WITH TEHRI PUMP STORAGE PLANT (PSP),POWER,PGCIL,MULTI STATE,2015-01-01,2017-10-01,2017-10-01,871.62,871.62,112.1,,,,0(O),0/5,consolidated,71
2017-04-01,N18000182,299,SYSTEM STRENGTHENING IN SOUTHERN REGION - XXIII,POWER,PGCIL,MULTI STATE,2015-01-01,2017-07-01,2017-07-01,203.28,260.03,139.8,,260.03,2017-07-01,0(O),3/5,consolidated,71
2017-04-01,N18000183,300,WARDHA-HYDERABAD 765 KV LINK,POWER,PGCIL,MULTI STATE,2015-01-01,2018-05-01,2017-12-01,3662.02,3662.02,2134.5,,,,-5(O),2/5,consolidated,71
2017-04-01,N18000184,301,ESTABLISHMENT OF FIBER OPTIC COMMUNICATION SYSTEM IN NR UNDER FIBER OPTIC EXPANSION PROJECT (ADDITIO,POWER,PGCIL,MULTI STATE,2015-03-01,2018-03-01,2018-03-01,197.4,197.4,38.7,,,,0(O),0/0,consolidated,71
2017-04-01,N18000185,302,INSTALLATION OF STATCOMS IN WESTERN REGION,POWER,PGCIL,MULTI STATE,2015-03-01,2017-09-01,2017-09-01,1071.24,1071.24,247.4,,,,0(O),0/0,consolidated,71
2017-04-01,N18000196,303,GREEN ENERGY CORRIDORS INTER-STATE TRANSMISSION SCHEME -PART B,POWER,PGCIL,MULTI STATE,2015-04-01,2018-04-01,2018-04-01,3705.61,3705.61,1564.4,,,,0(O),4/9,consolidated,71
2017-04-01,N18000197,304,GREEN ENERGY CORRIDORS INTER-STATE TRANSMISSION SCHEME (ISTS) - PART A,POWER,PGCIL,MULTI STATE,2015-04-01,2017-04-01,2018-03-01,1479.3,1479.3,525.1,,,2018-03-01,11(O),2/8,consolidated,71
2017-04-01,N18000200,305,GREEN ENERGY CORRIDORS: INTER-STATE TRANSMISSION SCHEME (ISTS) - PART C,POWER,PGCIL,MULTI STATE,2015-07-01,2018-07-01,2018-07-01,2247.37,2247.37,263.2,,,,0(O),0/0,consolidated,71
2017-04-01,N18000208,306,SYSTEM STRENGTHENING XXIV IN SOUTHERN REGION,POWER,PGCIL,MULTI STATE,2016-01-01,2018-07-01,2018-07-01,1455.47,1455.47,216,,,,0(O),0/0,consolidated,71
2017-04-01,N18000213,307,TRANSMISSION SYSTEM STRENTHENNING IN INDIAN SYSTEM FOR TRANSFER OF POWER FROM MANGDECHHU HYDROELECTR,POWER,PGCIL,MULTI STATE,2016-03-01,2018-01-01,2018-01-01,808.63,808.63,95.3,,,,0(O),0/0,consolidated,71
2017-04-01,N18000217,308,EASTERN REGION STRENGTHENING SCHEME XI,POWER,PGCIL,MULTI STATE,2016-05-01,2018-11-01,2018-11-01,766.21,766.21,0.3,,,,0(O),0/0,consolidated,71
2017-04-01,N18000218,309,GREEN ENERGY CORRIDORS - INTER STATE TRANSSMISSION SCHEME PART-D,POWER,PGCIL,MULTI STATE,2016-05-01,2019-05-01,2019-05-01,3519.59,3519.59,229.8,,,,0(O),0/0,consolidated,71
2017-04-01,N18000219,310,"HVDC BIPOLE LINK BETWEEN WR (RAIGARH, CHATTISGARH) AND SR (PUGALUR-NORTH TRICHUR-SCHEME-I: RAIGARH-P",POWER,PGCIL,MULTI STATE,2016-05-01,2019-11-01,2019-11-01,14733.37,14733.37,499.3,,,,0(O),0/0,consolidated,71
2017-04-01,N18000220,311,TRANSMISSION SYSTEM FOR ULTRA MEGA SOLAR POWER AT TUMKUR (PAVAGADA) KARNATAKA PHASE-I,POWER,PGCIL,MULTI STATE,2016-04-01,2018-12-01,2018-12-01,810.48,810.48,157.5,,,,0(O),0/0,consolidated,71
2017-04-01,N18000224,312,EASTERN REGION STRENGTHENING SCHEME XIV,POWER,PGCIL,MULTI STATE,2016-05-01,2018-11-01,2018-11-01,167.01,167.01,8,,,,0(O),0/0,consolidated,71
2017-04-01,N18000229,313,WESTERN REGION STRENGTENING SCHEME-XVI,POWER,PGCIL,MULTI STATE,2016-07-01,2018-07-01,2018-07-01,150.99,150.99,1.1,,,,0(O),0/0,consolidated,71
2017-04-01,N18000230,314,POWERGRID WORK ASSOCIATED WITH SYSTEM STRENGTHENING FOR IPP IN CHATTISGARH AND OTHER GEN. PROJECT IN,POWER,PGCIL,MULTI STATE,2016-07-01,2019-03-01,2019-03-01,333.17,333.17,8.3,,,,0(O),0/0,consolidated,71
2017-04-01,N18000231,315,PROVISION OF STATECOM AT NALAGARH AND LUCKNOW IN NORTHERN REGION,POWER,PGCIL,MULTI STATE,2016-08-01,2019-02-01,2019-02-01,431.89,431.89,0.4,,,,0(O),0/0,consolidated,72
2017-04-01,N18000232,316,PROVISION OF SERIES REACTORS IN NORTHERN REGION,POWER,PGCIL,MULTI STATE,2016-08-01,2019-02-01,2019-02-01,177.52,177.52,0.1,,,,0(O),0/0,consolidated,72
2017-04-01,N18000233,317,SOUTHERN REGION STRENGTHENING SCHEME-XXI,POWER,PGCIL,MULTI STATE,2016-09-01,2019-03-01,2019-03-01,562.25,562.25,,,,,0(O),0/0,consolidated,72
2017-04-01,N18000236,318,INSTALLATION OF BUS REACTORS AT CUDDAPAH NELLORE KURNOOL RAICHUR AND TIRUVALAM SUB STATION,POWER,PGCIL,MULTI STATE,2017-03-01,2019-06-01,2019-06-01,251.6,251.6,,,,,0(O),0/0,consolidated,72
2017-04-01,N18000237,319,AUGMENTATION OF TRANSFORMATION CAPACITY IN SOUTHERN REGION,POWER,PGCIL,MULTI STATE,2016-10-01,2019-04-01,2019-04-01,167.75,167.75,,,,,0(O),0/0,consolidated,72
2017-04-01,N18000238,320,S/S WORK ASSOCIATED WITH ADDITIONAL INTER REGIONAL AC LINK FOR IMPORT IN TO SOUTHERN REGION I.E WARO,POWER,PGCIL,MULTI STATE,2017-03-01,2019-11-01,2019-11-01,283.72,283.72,1.2,,,,0(O),0/0,consolidated,72
2017-04-01,N18000239,321,TRANSMISSION SYSTEM FOR ULTRA MEGA SOLAR POWER AT TUMKUR (PAVAGADA) KARNATAKA PHASE -II (PART II),POWER,PGCIL,MULTI STATE,2016-10-01,2019-01-01,2019-01-01,408.46,408.46,,,,,0(O),0/0,consolidated,72
2017-04-01,N18000240,322,SUB STATION WORK ASSOCIATED WITH STRENGTHENING OF TRANSMISSION SYSTEM BEYOND VEMAGIRI,POWER,PGCIL,MULTI STATE,2016-10-01,2019-04-01,2019-04-01,608.24,608.24,,,,,0(O),0/0,consolidated,72
2017-04-01,N18000241,323,WESTERN REGION STRENGTHENING SCHEME XVIII,POWER,PGCIL,MULTI STATE,2017-02-01,2020-02-01,2020-02-01,195.05,195.05,,,,,0(O),0/0,consolidated,72
2017-04-01,N18000242,324,ESTABLISHMENT OF 220/66KV GIS AT UT CHANDIGARH ALONG WITH 220KV D/C LINE FROM CHANDIGARH GIS TO 400/,POWER,PGCIL,MULTI STATE,2017-02-01,2019-02-01,2019-02-01,322.3,322.3,,,,,0(O),0/0,consolidated,72
2017-04-01,N18000243,325,PG WORK ASSOCIATED WITH TBCB LINES UNDER COMMON TRANSMISSION SYSTEM FOR PH -II GEN. PROJ. IN ODHISHA,POWER,PGCIL,MULTI STATE,2017-03-01,2019-03-01,2019-03-01,162.31,162.31,,,,,0(O),0/0,consolidated,72
2017-04-01,N18000244,326,EASTERN REGION STRENTHENING SCHEME XVII( PART B),POWER,PGCIL,MULTI STATE,2017-02-01,2019-06-01,2019-06-01,235.53,235.53,,,,,0(O),0/0,consolidated,72
2017-04-01,N18000245,327,SYSTEM STRENGTHENING SCHEME IN NORTH REGION XXXVII,POWER,PGCIL,MULTI STATE,2017-03-01,2019-12-01,2019-12-01,379.95,379.95,19.6,,,,0(O),0/0,consolidated,72
2017-04-01,N18000246,328,WESTERN REGION STRENGTHENING SCHEME XVII,POWER,PGCIL,MULTI STATE,2017-02-01,2019-09-01,2019-09-01,204.12,204.12,,,,,0(O),0/0,consolidated,72
2017-04-01,N18000247,329,"HVDC BIPOLE LINK BETWEEN WESTERN REGION (RAIGARH, CHATTISGARH) AND SOUTHERN REGION (PUGALAR, TM) NOR",POWER,PGCIL,MULTI STATE,2017-02-01,2020-04-01,2020-04-01,5070.13,5070.13,,,,,0(O),0/0,consolidated,72
2017-04-01,N18000248,330,SYSTEM STRENGTHENING SCHEME IN NORTHERN REGION XXXVIII,POWER,PGCIL,MULTI STATE,2017-03-01,2019-06-01,2019-06-01,337.75,337.75,,,,,0(O),0/0,consolidated,72
2017-04-01,N18000249,331,COMPREHENSIVE SCHEME FOR THE STRENGHTENING OF THE TRANSMISSION AND DISTRIBUTION SYSTEM IN A P,POWER,PGCIL,MULTI STATE,2014-12-01,2018-12-01,2019-12-01,4754.42,4754.42,254.7,,,,12(O),0/0,consolidated,72
2017-04-01,N18000250,332,NORTH EASTERN REGION POWER SYSTEM IMPROVEMENT PROJECT (NERPSIP) FOR SIX (6) STATES,POWER,PGCIL,MULTI STATE,2014-12-01,2018-12-01,2019-12-01,5111.33,5111.33,223.8,,,,12(O),0/0,consolidated,72
2017-04-01,N18000176,333,DARLIPALLI STPP STAGE-I (2X800 MW),POWER,NTPC,ODISHA,2014-02-01,2018-08-01,2018-08-01,12532.44,12532.44,3103,,,,0(O),23/27,consolidated,73
2017-04-01,N18000211,334,TRANSMISSION SYSTEM ASSOCIATED WITH DARLIPALLI TPS,POWER,PGCIL,ODISHA,2016-01-01,2018-06-01,2017-05-01,187.04,187.04,54.6,,,,-13(O),0/0,consolidated,73
2017-04-01,N18000223,335,PG WORKS ASSOCIATED WITH COMMON TRANSMISSION SYSTEM FOR PHASE-II GENERATION PROJECT IN ODISHA,POWER,PGCIL,ODISHA,2016-04-01,2019-04-01,2019-04-01,844.64,844.64,44.8,,,,0(O),0/0,consolidated,73
2017-04-01,N18000201,336,TRANSMISSION SYSTEM ASSOCIATED WITH RAPP 7 and 8 - PART B,POWER,PGCIL,RAJASTHAN,2015-07-01,2017-11-01,2017-11-01,307.18,307.18,111.1,,,,0(O),0/0,consolidated,73
2017-04-01,N18000203,337,WIND POWER PROJECT AT LAKHMANA IN JAISALMER (RAJASTHAN) 50MW,POWER,NHPC,RAJASTHAN,2015-02-01,2016-02-01,,302.49,302.49,270.77,,302,,,1/1,consolidated,73
2017-04-01,N18000227,338,TRAMISSION SYSTEM FOR SOLAR PARK AT BHADLA RAJISTHAN,POWER,PGCIL,RAJASTHAN,2016-07-01,2019-01-01,2019-01-01,1429.38,1429.38,66,,,,0(O),0/0,consolidated,73
2017-04-01,180100258,339,KUNADANKULAM APP TRANS SYSTEM (PGCIL),POWER,PGCIL,TAMIL NADU,2005-05-01,2008-11-01,2018-09-01,1779.29,2187.32,1939.45,,2187.32,2018-09-01,118(O),20/22,consolidated,73
2017-04-01,N18000103,340,COMMON SYSTEM ASSOCIATED WITH COASTAL ENERGEN PRIVATE LIMITED AND IND-BARATH POWER(MADRAS) LIMITED L,POWER,PGCIL,TAMIL NADU,2011-09-01,2014-09-01,2017-06-01,1940.13,2702.65,2307.46,,2702.65,2017-06-01,33(O),11/13,consolidated,73
2017-04-01,N18000209,341,CONNECTIVITY FOR KUDANKULAM 3 AND 4 (2000MW) WITH INTERSTATE TRANSMISSION SYSTEM,POWER,PGCIL,TAMIL NADU,2016-01-01,2018-05-01,2018-05-01,162.11,162.11,73.9,,,,0(O),0/0,consolidated,73
2017-04-01,N18000212,342,TELANGANA SUPER THERMAL POWER PROJECT PHASE I,POWER,NTPC,TELANGANA,2016-01-01,2020-07-01,2020-07-01,10598.98,10598.98,6,,,,0(O),11/18,consolidated,73
2017-04-01,N18000071,343,TRIPURA GAS BASED POWER PROJECT,POWER,NEEPCO,TRIPURA,2009-07-01,2013-07-01,,421.01,1078.31,963.23,,1078.31,,,26/26,consolidated,73
2017-04-01,N18000216,344,NORTH EASTERN REGION STRENGTHENING SCHEME IV,POWER,PGCIL,TRIPURA,2016-05-01,2018-05-01,2018-05-01,409.19,409.19,27.4,,,,0(O),0/0,consolidated,73
2017-04-01,N18000174,345,"FGUTPP, UNCHAHAR STAGE-IV (1X500 MW)",POWER,NTPC,UTTAR PRADESH,2013-07-01,2016-12-01,2017-03-01,3363.12,3363.12,1259,,,2017-03-01,,28/28,consolidated,73
2017-04-01,N18000175,346,TANDA TPP STAGE-II (2X660 MW),POWER,NTPC,UTTAR PRADESH,2014-09-01,2019-03-01,2019-03-01,9188.98,9188.98,1249,,,,0(O),19/25,consolidated,73
2017-04-01,N18000189,347,DHUKWAN SMALL HYDRO PROJECT,POWER,THDCIL,UTTAR PRADESH,2011-05-01,2014-02-01,2018-02-01,195.42,195.42,62.55,,,,48(O),2/3,consolidated,73
2017-04-01,N18000193,348,MUNPL-MEJA TPP - JV (2X660 MW),POWER,NTPC,UTTAR PRADESH,2012-04-01,2016-12-01,2018-03-01,9750.89,9750.89,5079.75,,,,15(O),28/34,consolidated,73
2017-04-01,N18000014,349,TAPOVAN-VISHNUGAD HEP (4X130MW),POWER,NTPC,UTTARAKHAND,2006-11-01,2013-03-01,2019-06-01,2978.48,3846.3,2782,,3846.3,2019-06-01,75(O),3/15,consolidated,73
2017-04-01,N18000042,350,VISHNUGAD PIPALKOTI HYDRO ELECTRIC PROJECT,POWER,THDCIL,UTTARAKHAND,2008-08-01,2013-06-01,2019-12-01,2491.58,2491.58,824.04,,,,78(O),7/11,consolidated,73
2017-04-01,N18000142,351,LATA-TAPOVAN HYDRO ELECTRIC POWER PROJECT 3X57 MW,POWER,NTPC,UTTARAKHAND,2012-07-01,2017-08-01,2017-08-01,1527,1527,143,,,,0(O),0/9,consolidated,73
2017-04-01,N18000077,352,TRANSMISSION SYSTEM FOR DEVELOPMENT OF POOLING STN. IN NR PART OF WEST BENGAL AND TRANSFER OF POWER,POWER,PGCIL,WEST BENGAL,2010-04-01,2015-01-01,2018-03-01,4404.57,5135.01,3282.55,,5135.01,2018-03-01,38(O),12/16,consolidated,73
2017-04-01,N18000178,353,RAMMAM-III HEPP (3X40 MW),POWER,NTPC,WEST BENGAL,2014-09-01,2019-09-01,2019-09-01,1381.84,1381.84,176,,,,0(O),5/6,consolidated,73
2017-04-01,N18000202,354,RAGHUNATHPUR THERMAL POWER STATION PHASE-I,POWER,DVC,WEST BENGAL,2007-04-01,2011-02-01,2016-03-01,4122,9142.58,8300,,8781.3,,,26/26,consolidated,73
2017-04-01,N18000214,355,EASTERN REGION STRENGTHENNING SCHEME-XV,POWER,PGCIL,WEST BENGAL,2016-04-01,2018-04-01,2018-04-01,454.11,454.11,28.5,,,,0(O),0/0,consolidated,74
2017-04-01,N20000001,356,NATIONAL AUTOMOTIVE TESTING AND RD INFRASTRUCTURE PROJECT (NATRIP),HEAVY INDUSTRY,NATIS,MULTI STATE,2011-04-01,2011-09-01,2017-12-01,1718,3827.3,2289,,3727.3,,75(O),0/0,consolidated,74
2017-04-01,N21000007,357,"LGBRIMH-TEZPUR, ASSAM",HEALTH AND FAMILY WELFARE,HSCC,ASSAM,2012-07-01,2014-12-01,,175.57,175.57,113.5,,,,,0/0,consolidated,74
2017-04-01,N21000003,358,LHMC NEW DELHI-RE-DEVELOPMENT,HEALTH AND FAMILY WELFARE,HSCC,DELHI,2013-02-01,2013-11-01,,414.11,414.11,141,,,,,0/0,consolidated,74
2017-04-01,N21000004,359,SAFDARJUNG HOSPITAL RE-DEVELOPMENT AND OTHERS -SUPER SPECIALITY BLOCK,HEALTH AND FAMILY WELFARE,HSCC,DELHI,2013-09-01,2015-12-01,2016-07-01,444.7,444.7,326.3,,,,,0/0,consolidated,74
2017-04-01,N21000005,360,"SAFDARJUNG HOSPITAL, NEW DELHI- REDEVELOPMENT and OTHERS-EMERGENCY BLOCK",HEALTH AND FAMILY WELFARE,HSCC,DELHI,2013-11-01,2016-01-01,2016-01-01,196.7,209,170,,,,,0/0,consolidated,74
2017-04-01,N21000008,361,AIIMS - MOTHER AND CHILD BLOCK,HEALTH AND FAMILY WELFARE,HSCC,DELHI,2013-12-01,2017-05-01,2017-06-01,204.44,204.44,43.6,,,,1(O),0/2,consolidated,74
2017-04-01,N21000009,362,AIIMS - OPD(NEW),HEALTH AND FAMILY WELFARE,HSCC,DELHI,2014-08-01,2017-05-01,2017-06-01,293.65,293.65,76.38,,,,1(O),0/5,consolidated,74
2017-04-01,N21000011,363,CONSTRUCTION OF HOSPITAL AND OPD BLOCK NCI JHAJJAR,HEALTH AND FAMILY WELFARE,HSCC,HARYANA,2014-09-01,2018-03-01,2018-03-01,505.58,505.58,15,,,,0(O),0/2,consolidated,74
2017-04-01,N21000014,364,NCI AIIMS JHAJJAR RESIDENTIAL HARYANA,HEALTH AND FAMILY WELFARE,HSCC,HARYANA,2016-07-01,2018-08-01,2018-08-01,312.99,312.99,,,,,0(O),0/1,consolidated,74
2017-04-01,N21000013,365,NEIGRIHMS SHILLONG MEGHALYA,HEALTH AND FAMILY WELFARE,HSCC,MEGHALAYA,2016-10-01,2018-05-01,2019-05-01,363.99,363.99,,,,,12(O),0/0,consolidated,74
2017-04-01,N21000012,366,SATELLITE CENTRE PGI CHANDIGARH SANGRUR PUNJAB,HEALTH AND FAMILY WELFARE,HSCC,PUNJAB,2016-07-01,2018-02-01,2018-02-01,152.95,152.95,,,,,0(O),0/1,consolidated,74
2017-04-01,N21000006,367,AIIMS-RAE BARELI-HOUSING,HEALTH AND FAMILY WELFARE,HSCC,UTTAR PRADESH,2013-10-01,2013-11-01,2016-10-01,159.5,159.5,120.2,,,,,0/8,consolidated,74
2017-04-01,N21000010,368,"CONSTRUCTION OF HOSPITAL BLOCK, IIT, KHARAGPUR",HEALTH AND FAMILY WELFARE,HSCC,WEST BENGAL,2014-12-01,2017-05-01,2017-07-01,168.9,168.9,8.8,,,,2(O),0/3,consolidated,74
2017-04-01,N21000015,369,CNCI KOLKATA WEST BENGAL,HEALTH AND FAMILY WELFARE,HSCC,WEST BENGAL,2016-08-01,2018-09-01,2018-09-01,244,244,,,,,0(O),0/0,consolidated,74
2017-04-01,220100192,370,"NANDYAL-YERRAGUNTLA(NL),SCR",RAILWAYS,SCR,ANDHRA PRADESH,1996-03-01,2009-02-01,2017-12-01,155.74,966.98,874.72,,843.45,2017-12-01,106(O),0/0,consolidated,74
2017-04-01,220100265,371,KOTLPALLI-NARASAPUR (NL) (SCR),RAILWAYS,SCR,ANDHRA PRADESH,2001-12-01,,2021-03-01,330,2125.18,14.17,,1045.2,,,0/0,consolidated,74
2017-04-01,220100329,372,RAICHUR-GUNTAKAL(DL)(SCR),RAILWAYS,RVNL,ANDHRA PRADESH,2003-04-01,2007-12-01,,136.62,376,367.85,,,2010-03-01,,0/0,consolidated,74
2017-04-01,N22000049,373,OBULAVARIPALLE-KRISHNAPATNAM(RVNL),RAILWAYS,RVNL,ANDHRA PRADESH,2006-07-01,2008-03-01,2020-03-01,743,1825,831.39,,,2008-06-01,144(O),0/0,consolidated,75
2017-04-01,N22000265,374,GUDUR-DURGARAJAPATNAM,RAILWAYS,SCR,ANDHRA PRADESH,2011-04-01,,,283.54,759.41,0.51,,,,,0/0,consolidated,75
2017-04-01,N22000282,375,CUMBUM-PRODDATUR,RAILWAYS,SCR,ANDHRA PRADESH,2013-04-01,,,829,829,0.48,,,,,0/1,consolidated,75
2017-04-01,N22000286,376,NADIKUDE-SRI KALAHASTI,RAILWAYS,SCR,ANDHRA PRADESH,2011-04-01,,,1313.48,1313.48,8.06,,,,,0/1,consolidated,75
2017-04-01,N22000313,377,VIJAYWADA-GUDUGOLANU-BHIMAVARAM- NARSAPUR DL (221 KM),RAILWAYS,RVNL,ANDHRA PRADESH,2012-03-01,,2020-03-01,1503.71,1503.71,193.46,,,,,0/0,consolidated,75
2017-04-01,N22000366,378,DUVVADA-VIJAYAWADA,RAILWAYS,SCR,ANDHRA PRADESH,2015-04-01,,,3873.07,3873.07,,,,,,0/0,consolidated,75
2017-04-01,N22000368,379,GUNTUR-GUNTAKAL,RAILWAYS,SCR,ANDHRA PRADESH,2016-04-01,,,4000,3631,,,3631,,,0/0,consolidated,75
2017-04-01,N22000369,380,VIJAYAWADA-GUDUR,RAILWAYS,RVNL,ANDHRA PRADESH,2015-04-01,,,3246.26,3246.26,,,,,,0/0,consolidated,75
2017-04-01,N22000377,381,KOTTAVALSA - KORAPUT DOUBLING,RAILWAYS,ECOR,ANDHRA PRADESH,2015-04-01,2021-03-01,2021-03-01,2499.71,2499.71,,,,,0(O),0/0,consolidated,75
2017-04-01,N22000424,382,MULTI MODAL LOGISTICS PARK AT VISHAKHAPATNAM,RAILWAYS,CCOI,ANDHRA PRADESH,2013-01-01,2018-03-01,2018-03-01,387.7,387.7,323.91,,,,0(O),0/0,consolidated,75
2017-04-01,220100201,383,BPUTRA BRIDGE AT BOGIBIL AND LINK LINES NEFR,RAILWAYS,NFR,ASSAM,1997-09-01,2008-04-01,2018-06-01,1500,5000,4090.26,,,2011-12-01,122(O),0/0,consolidated,75
2017-04-01,N22000086,384,"NEW B.G. LINE FROM TETELIA TO BYRNIHAT (NATIONAL PROJECT), NEFR",RAILWAYS,NFR,ASSAM,2006-09-01,,2019-03-01,200,780,285.64,,,,,0/0,consolidated,75
2017-04-01,N22000126,385,KATAKHAL TO BHAIRABI,RAILWAYS,NFR,ASSAM,1998-04-01,2012-12-01,2016-03-01,227.9,509,286.07,,,,,0/0,consolidated,75
2017-04-01,N22000127,386,"LUMDING-SILCHAR JIRIBAM, BADARPUR- BARAIGRAM KUMARGHAT NATIONAL PROJECT",RAILWAYS,NFR,ASSAM,1996-04-01,2009-03-01,2017-03-01,1676.31,7000,6068.59,,,,,0/0,consolidated,75
2017-04-01,N22000210,387,AMBARI FALAKATA TO NEW MAYNAGURI,RAILWAYS,NFR,ASSAM,2011-04-01,,2019-03-01,312.12,508,285.31,,,,,0/0,consolidated,75
2017-04-01,N22000211,388,LUMDING-HOJAI PATCH DOUBLING PROJECT,RAILWAYS,NFR,ASSAM,2012-04-01,,2019-03-01,246.07,398.93,0.57,,,,,0/0,consolidated,75
2017-04-01,N22000385,389,LUMDING-DIBRUGARH (628 KM) INCL. LINK BRANCH LINES OF HAIBARGAON-MAIRABARI (89 KM),RAILWAYS,NFR,ASSAM,2003-04-01,,2009-12-01,971.22,966.27,834.11,,,,,0/0,consolidated,75
2017-04-01,N22000386,390,RANGIA-MURKONGSELEK ALONG WITH LINKED FINGERS,RAILWAYS,NFR,ASSAM,2003-04-01,,2015-05-01,4300,4520,4043.9,,,,,0/0,consolidated,75
2017-04-01,N22000387,391,NEW GUWAHATI-DIGARU-PATCH DOUBLING,RAILWAYS,NFR,ASSAM,2007-04-01,,2011-05-01,180.09,180,153.11,,,,,0/0,consolidated,75
2017-04-01,N22000388,392,BONGAIGAON-GOALPARA-GUWAHATI (176 KM),RAILWAYS,NFR,ASSAM,2015-04-01,,2021-03-01,2232.32,2232.32,,,,,,0/0,consolidated,75
2017-04-01,N22000389,393,DIGARU-HOJAI (102 KM),RAILWAYS,NFR,ASSAM,2015-04-01,,2021-03-01,870.96,870.96,,,,,,0/0,consolidated,75
2017-04-01,220100240,394,"JAYANAGAR-DARBHANGA-NARKATIA GANJ(GC),ECR",RAILWAYS,ECR,BIHAR,1997-04-01,2012-03-01,,501.69,1043.56,876.49,,335.77,,,0/0,consolidated,75
2017-04-01,220100247,395,KATIHAR - JOGBANI (GC)(NEFR),RAILWAYS,NFR,BIHAR,2001-09-01,2010-12-01,,492.98,1320,758.76,,,,,0/0,consolidated,75
2017-04-01,220100257,396,KHAGARIA-KUSHESHWAR ASTHAN (NL) (ECR),RAILWAYS,ECR,BIHAR,1997-04-01,,,162.87,541,183.72,,,,,0/0,consolidated,76
2017-04-01,220100303,397,"HAJIPUR-SUGAULI VIA VAISHALI (NL), ECR",RAILWAYS,ECR,BIHAR,2003-04-01,,,528.65,324.66,330.82,,,,,0/0,consolidated,76
2017-04-01,220100304,398,"KOSI BRIDGE (NL), ECR",RAILWAYS,ECR,BIHAR,2002-04-01,2012-03-01,,322.95,341.41,320.39,,,,,0/0,consolidated,76
2017-04-01,220100311,399,"DANIAWAN-BIHARSARIF (NL), ECR",RAILWAYS,ECR,BIHAR,2001-04-01,,,406.92,339,200,,,,,0/0,consolidated,76
2017-04-01,220100316,400,MAHARAJGANJ-MASRAKH (NL) - NER,RAILWAYS,NER,BIHAR,2003-04-01,,2017-10-01,218.19,413.56,343.54,,,,,0/0,consolidated,76
2017-04-01,N22000002,401,MANSI-PURNIA (EXTENSION OF MANSI-SAHARSA) GAN ECR,RAILWAYS,ECR,BIHAR,1996-04-01,2012-03-01,,332.92,477.88,495.4,,332.92,,,0/0,consolidated,76
2017-04-01,N22000087,402,"NEW B.G. LINE FROM ARARIA TO GALGALIA (THAKURGUNG), NEFR",RAILWAYS,NFR,BIHAR,2006-09-01,,2020-03-01,300,2145,361.21,,,,,0/0,consolidated,76
2017-04-01,N22000101,403,"KISHANGANJ JALALGARH, NL, NEFR",RAILWAYS,NFR,BIHAR,2008-04-01,,,282.92,360,3.13,,,,,0/0,consolidated,76
2017-04-01,N22000166,404,ARA-BHABHUA ROAD (NL),RAILWAYS,SER,BIHAR,2008-04-01,,,490.8,490.8,0.39,,633.87,,,0/0,consolidated,76
2017-04-01,N22000167,405,NAWADA-LAXMIPUR (NL),RAILWAYS,ECR,BIHAR,2008-04-01,,,620.57,620.57,,,,,,0/0,consolidated,76
2017-04-01,N22000168,406,GAYA-DALTONGANJ VIA RAFIGANJ (NL),RAILWAYS,ECOR,BIHAR,2008-04-01,,,445.25,445.25,,,,,,0/0,consolidated,76
2017-04-01,N22000170,407,BIHTA-AURANGABAD (NL),RAILWAYS,ECOR,BIHAR,2008-04-01,,,326.2,326.2,1.68,,,,,0/0,consolidated,76
2017-04-01,N22000171,408,SAKRI-HASANPUR ROAD (NL),RAILWAYS,ECOR,BIHAR,1999-04-01,,,175.69,325,253.1,,,,,0/0,consolidated,76
2017-04-01,N22000172,409,CHHAPRA-MUZAFFARPUR (NL),RAILWAYS,ECOR,BIHAR,2006-04-01,,,285.07,378.56,111.71,,,,,0/0,consolidated,76
2017-04-01,N22000173,410,DARBANGHA-KUSHESHWARSTHAN (NL),RAILWAYS,ECR,BIHAR,2005-04-01,,,205,205,5.21,,,,,0/0,consolidated,76
2017-04-01,N22000174,411,MOTIHARI-SITAMARHI (NL),RAILWAYS,ECR,BIHAR,2006-04-01,,,211,926.09,4.41,,,,,0/0,consolidated,76
2017-04-01,N22000175,412,SITAMARHI-JAYNAGAR-NIRMALI VIA SURSAND (NL),RAILWAYS,ECR,BIHAR,2008-04-01,,,678.62,2393.23,17.17,,,,,0/0,consolidated,76
2017-04-01,N22000176,413,MUZAFFARPUR-KATRA-ORAI-JANAKPUR ROAD (NL),RAILWAYS,ECR,BIHAR,2008-04-01,,,228.05,228.05,1.52,,,,,0/0,consolidated,76
2017-04-01,N22000177,414,ARARIA-SUPAUL (NL),RAILWAYS,ECR,BIHAR,2008-04-01,,,304.41,304.41,0.19,,,,,0/0,consolidated,76
2017-04-01,N22000178,415,KURSELA-BIHARIGANJ (NL),RAILWAYS,ECR,BIHAR,2008-04-01,,,192.56,192.56,0.38,,,,,0/0,consolidated,76
2017-04-01,N22000179,416,MUZAFFARPUR-DARBANGHA (NL),RAILWAYS,ECR,BIHAR,2008-04-01,,,281.3,281.3,0.58,,,,,0/0,consolidated,76
2017-04-01,N22000180,417,SAKRI-NIRMALI AND JHANJHARPUR- LAUKAHABAZAR AND SAHARSA-FORBESGANJ (GC),RAILWAYS,ECR,BIHAR,2004-04-01,,,372.14,355.81,283.44,,,,,0/0,consolidated,76
2017-04-01,N22000181,418,JAYNAGAR-BIJALPURA INCLUDING EXTENSION BIJALPURA-BARDIBAS(NEPAL) GC,RAILWAYS,ECR,BIHAR,2009-04-01,,,470,470,40,,,,,0/0,consolidated,76
2017-04-01,N22000182,419,HAJIPUR-RAMDAYALUNAGAR DOUBLING,RAILWAYS,ECR,BIHAR,2013-04-01,,,213.01,367.17,13,,,,,0/0,consolidated,76
2017-04-01,N22000329,420,SAMASTIPUR-DARBANGHA,RAILWAYS,ECR,BIHAR,2015-05-01,,,380,380,,,,,,0/0,consolidated,76
2017-04-01,N22000349,421,KIUL - GAYA DOUBLING PROJECT,RAILWAYS,ECR,BIHAR,2015-12-01,2020-12-01,2020-12-01,1200.2,1200.2,,,,,0(O),0/1,consolidated,77
2017-04-01,N22000350,422,RAMPUR DUMRA - TAL - RAJENDRAPUL DOUBLING INCLUDING GANGA BRIDGE,RAILWAYS,ECR,BIHAR,2015-12-01,2020-12-01,2020-12-01,1491.47,1491.47,,,,,0(O),1/1,consolidated,77
2017-04-01,N22000374,423,MUZAFFARPUR-SITAMARHI NEW LINE,RAILWAYS,ECR,BIHAR,1991-01-01,2014-07-01,,332.15,559.91,538.21,,,,,0/0,consolidated,77
2017-04-01,220100149,424,"DALLI-RAJHARA - RAOGHAT(PART OF DALLI- RAJHARA-JAGDALPUR),NL,RVNL",RAILWAYS,RVNL,CHHATISGARH,1995-04-01,2012-12-01,,304,631.78,252.28,,,,,0/0,consolidated,77
2017-04-01,N22000075,425,SALKA ROAD -ANUPNAGAR LINE DOUBLING,RAILWAYS,RVNL,CHHATISGARH,2006-09-01,2010-03-01,2017-12-01,324.9,516.4,370.69,,,,93(O),0/3,consolidated,77
2017-04-01,N22000318,426,KIRANDUL - JAGDALPUR DOUBLING,RAILWAYS,ECOR,CHHATISGARH,2012-12-01,2020-03-01,2020-03-01,826.57,1160.83,268.41,,1160.83,,0(R),0/1,consolidated,77
2017-04-01,N22000411,427,RAIPUR - TITLAGARH - DOUBLING,RAILWAYS,RVNL,CHHATISGARH,2007-03-01,2020-03-01,2020-03-01,758.09,758.09,432.25,,,,0(O),0/0,consolidated,77
2017-04-01,N22000425,428,MULTI MODAL LOGISTICS PARK AT NAYA RAIPUR,RAILWAYS,CCOI,CHHATISGARH,2014-05-01,2018-03-01,2018-03-01,207,207,135.51,,,,0(O),0/0,consolidated,77
2017-04-01,N22000269,429,GRADE SEPERATOR AT DAYABASTI,RAILWAYS,NR,DELHI,1999-04-01,,,156.65,197.17,56.1,,197.17,,,0/0,consolidated,77
2017-04-01,N22000281,430,ANAND VIHAR-TILAK BRIDGE 3RD AND 4TH LINE,RAILWAYS,NR,DELHI,2012-04-01,,,295.68,295.68,1.2,,,,,0/0,consolidated,77
2017-04-01,N22000121,431,AHMEDABAD-HIMMATNAGAR-UDAIPUR (WR),RAILWAYS,WR,GUJARAT,2008-04-01,2013-03-01,2020-03-01,394.14,385.6,27.69,,,,84(O),0/0,consolidated,77
2017-04-01,N22000122,432,UDHNA-JALGAON WITH ELECTRIFICATION(DOUBLING) (WR),RAILWAYS,WR,GUJARAT,2008-04-01,2014-03-01,2017-12-01,1389.62,1389.62,1513.78,,,,45(O),0/0,consolidated,77
2017-04-01,N22000123,433,BHUJ-NALIYA(GC) WITH EXTENSION FROM NALIYA TO VAYOR (WR),RAILWAYS,WR,GUJARAT,2008-04-01,2012-03-01,2019-03-01,318.24,321.62,37.15,,,,84(O),0/0,consolidated,77
2017-04-01,N22000125,434,BHAVNAGAR-WORKSHOP FACILITIES FOR 50 BG COACHES POH PER MONTH (WR),RAILWAYS,WR,GUJARAT,2006-04-01,2011-03-01,,117.36,203,202.29,,196.95,,,0/0,consolidated,77
2017-04-01,N22000140,435,AHMEDABAD-BOTAD (GC),RAILWAYS,RVNL,GUJARAT,2012-04-01,,2020-03-01,567.18,975.62,21.53,,,,,0/0,consolidated,77
2017-04-01,N22000141,436,DHASA-JETALSAR (GC),RAILWAYS,RVNL,GUJARAT,2012-04-01,,2020-12-01,376.59,644.38,0.11,,,,,0/0,consolidated,77
2017-04-01,N22000142,437,MIYAGAM-KARJAN-DABHOI-SAMLAYA (GC),RAILWAYS,WR,GUJARAT,2011-04-01,,,439.88,845.68,0.78,,,,,0/0,consolidated,77
2017-04-01,N22000143,438,"RAJKOT-VERAVAL,WANSJALIA TO JATALSAR WITH NEW MM FOR SHAPUR-SARADIYA AND SOMNATH- KODINAR (GC)",RAILWAYS,WR,GUJARAT,1994-04-01,,2019-03-01,320.66,399.63,,,,,,0/0,consolidated,77
2017-04-01,N22000144,439,PALANPUR-SAMAKHAYALI (DL),RAILWAYS,RVNL,GUJARAT,2013-04-01,,2020-12-01,1266.89,1266.89,55,,,,,0/0,consolidated,77
2017-04-01,N22000145,440,VIRAMGAM-SAMAKHIALI (DL),RAILWAYS,WR,GUJARAT,2011-04-01,,2019-03-01,446,1037.15,590.6,,,,,0/0,consolidated,77
2017-04-01,N22000146,441,VIRAMGAM-SURENDRANAGAR (DL),RAILWAYS,WR,GUJARAT,2010-04-01,,,279.4,355,323.64,,,,,0/0,consolidated,77
2017-04-01,N22000392,442,SURENDRA NAGAR RAJKOT,RAILWAYS,WR,GUJARAT,2015-04-01,,2021-03-01,1002.39,1002.39,,,,,,0/0,consolidated,77
2017-04-01,N22000428,443,MULTI MODAL LOGISTICS PARK AT VARNAMA,RAILWAYS,CCOI,GUJARAT,2013-10-01,2019-03-01,2019-03-01,343,343,222.83,,,,0(O),0/0,consolidated,77
2017-04-01,220100280,444,"JIND-SONEPAT (NL),NR",RAILWAYS,NR,HARYANA,2004-01-01,2012-03-01,2016-01-01,238.56,740,745.02,,717.15,2016-01-01,,0/0,consolidated,78
2017-04-01,N22000272,445,ROHTAK-MEHAM HANSI,RAILWAYS,NR,HARYANA,2012-04-01,,,287,625,4.38,,,,,0/0,consolidated,78
2017-04-01,N22000292,446,HISSAR-SIRSA VIA AGROHA AND FATEHABAD,RAILWAYS,NR,HARYANA,2013-04-01,,,400,400,,,,,,0/0,consolidated,78
2017-04-01,N22000331,447,ROHTAK - BHIWANI DOUBLING,RAILWAYS,NWR,HARYANA,2015-05-01,,,400,400,,,,,,0/0,consolidated,78
2017-04-01,N22000426,448,MULTI MODAL LOGISTICS PARK AT BARHI,RAILWAYS,CCOI,HARYANA,2015-12-01,2019-03-01,2019-03-01,346.32,300,186.13,,,,0(O),0/0,consolidated,78
2017-04-01,N22000273,449,BHANUPALI-BILASPUR BERI NL,RAILWAYS,RVNL,HIMACHAL PRADESH,2008-04-01,,,1046.88,2966.99,3.56,,,,,0/0,consolidated,78
2017-04-01,220100133,450,"UDHAMPUR-SRINAGAR-BARAMULLA (NL),NR",RAILWAYS,NR,JAMMU AND KASHMIR,1995-03-01,2002-11-01,2018-12-01,2500,19565,13536.97,,,,193(O),0/0,consolidated,78
2017-04-01,220100168,451,"MANDARHILL-DUMKA-RAMPURHAT (NL),ER",RAILWAYS,ER,JHARKHAND,1995-04-01,2011-12-01,2020-03-01,900.05,1125.89,980.99,,1125.89,2020-03-01,99(O),0/0,consolidated,78
2017-04-01,220100214,452,"RANCHI-LOHARDAGA(GC),SER",RAILWAYS,SER,JHARKHAND,1997-04-01,2004-06-01,,194.07,335,226.39,,,,,0/0,consolidated,78
2017-04-01,220100305,453,"KODERMA-TILAIYA (NL), ECR",RAILWAYS,ECR,JHARKHAND,2002-04-01,,,459.91,459.91,221.54,,,,,0/0,consolidated,78
2017-04-01,N22000045,454,"GOELKERA-MANOHARPUR,(LD)(SER)",RAILWAYS,RVNL,JHARKHAND,1997-03-01,2006-02-01,2019-12-01,261.7,318,258.17,,,,166(O),0/1,consolidated,78
2017-04-01,N22000115,455,TINPAHAR - SAHIBGANJ (ER),RAILWAYS,ER,JHARKHAND,2008-04-01,2012-03-01,,167.73,167.73,207.11,,167.73,,,0/0,consolidated,78
2017-04-01,N22000164,456,DANGOAPOSI-RAJKHARSWAN 3RD LINE DOUBLING,RAILWAYS,SER,JHARKHAND,2010-04-01,2015-12-01,,309.44,583,,,,,,0/0,consolidated,78
2017-04-01,N22000165,457,MANOHARPUR-BONDAMUNDA 3RD LINE DOUBLING,RAILWAYS,SER,JHARKHAND,2012-04-01,,2017-12-01,258.2,365,,,,,,0/0,consolidated,78
2017-04-01,N22000323,458,RAJKHARSWAN- CHAKRADHARPUR 3RD LINE (20 KM) JHARKHAND,RAILWAYS,SER,JHARKHAND,2012-04-01,2016-12-01,,148.77,209,,,,,,0/0,consolidated,78
2017-04-01,N22000396,459,BONDAMUNDA RANCHI DOUBLING,RAILWAYS,SER,JHARKHAND,2016-03-01,2021-03-01,2021-03-01,1724.2,1724.2,,,,,0(O),0/0,consolidated,78
2017-04-01,220100183,460,"HASSAN-BANGALORE VIA SHRAVANA- BELGOLA(NL),SWR",RAILWAYS,SWR,KARNATAKA,1997-02-01,,2017-01-01,295,1289.92,1427.64,,1289.92,,,0/1,consolidated,78
2017-04-01,220100193,461,"HUBLI-ANKOLA(NL),SWR",RAILWAYS,SWR,KARNATAKA,1997-04-01,,,227,2135,133.81,,,,,0/0,consolidated,78
2017-04-01,220100254,462,"GULBARGA-BIDAR,SCR(NL)",RAILWAYS,SCR,KARNATAKA,1998-02-01,2009-05-01,,242.42,1542.41,927.68,,369.7,,,0/1,consolidated,78
2017-04-01,220100274,463,BANGLORE - SATYAMANGALAM (NL)(SWR),RAILWAYS,SWR,KARNATAKA,1996-04-01,,,138,1382.78,5.59,,1382.78,,,0/0,consolidated,78
2017-04-01,N22000107,464,RAMANAGRAM-MYSORE DOUBLING WITH ELECTRIFICATION OF KENGESII- MUSORE (SWR),RAILWAYS,SWR,KARNATAKA,2007-04-01,2013-03-01,,482,874.57,967.33,,874.57,,,0/0,consolidated,78
2017-04-01,N22000256,465,TUMKUR-CHITRADURGA-DAVENGERE NL,RAILWAYS,SWR,KARNATAKA,2011-04-01,,,913,1801.01,2.54,,,,,0/0,consolidated,78
2017-04-01,N22000257,466,MUNIRABAD (GINGERA) -RAICHUR NL,RAILWAYS,SWR,KARNATAKA,2007-04-01,,,179.65,1350.91,697.72,,1350.91,,,0/1,consolidated,78
2017-04-01,N22000258,467,BAGALKOT-KUDACHI NL,RAILWAYS,SWR,KARNATAKA,2010-04-01,,,377.93,986.3,259.15,,986.3,,,0/1,consolidated,78
2017-04-01,N22000276,468,CHIKBALLA-PUR-PUTTTAPARTHY-SRI SATYA SAI NILAYAM NL,RAILWAYS,SWR,KARNATAKA,2013-04-01,,,558,692.43,,,692.43,,,0/0,consolidated,78
2017-04-01,N22000278,469,SHIMOGA-HARIHAR NL,RAILWAYS,SWR,KARNATAKA,2011-04-01,,,562.74,832.47,0.94,,,,,0/0,consolidated,79
2017-04-01,N22000280,470,WHITE FIELD-KOLAR NL,RAILWAYS,SWR,KARNATAKA,2011-04-01,,,341.05,348.85,0.35,,,,,0/0,consolidated,79
2017-04-01,N22000297,471,HOSPET-HUBLI-LONDA-VASCODAGAMA DL,RAILWAYS,RVNL,KARNATAKA,2010-04-01,,2019-03-01,2127,2127,598.29,,,,,0/1,consolidated,79
2017-04-01,N22000298,472,TORANAGALLU-RANJITPURA DL,RAILWAYS,SWR,KARNATAKA,2011-04-01,,,146.75,167.5,0.32,,,,,0/0,consolidated,79
2017-04-01,N22000299,473,GADAG-WADI NL,RAILWAYS,SWR,KARNATAKA,2013-04-01,,,1117,1922,2.88,,1922,,,0/0,consolidated,79
2017-04-01,N22000300,474,CHIKBALLA-PUR-GOWRIBIDANUR NL,RAILWAYS,SWR,KARNATAKA,2013-04-01,,,327.25,367.77,,,367.77,,,0/0,consolidated,79
2017-04-01,N22000308,475,MARIKUPPAM - KUPPAM,RAILWAYS,SWR,KARNATAKA,2012-04-01,1999-01-01,,285.57,279.54,1.51,,279.54,,,0/0,consolidated,79
2017-04-01,N22000324,476,HOSADURGA - CHICKJAJUR (28.89 KM),RAILWAYS,SWR,KARNATAKA,2010-04-01,,,203.4,273.84,276,,203.4,,,0/0,consolidated,79
2017-04-01,N22000325,477,HUBLI- CHIKJAJUR,RAILWAYS,SWR,KARNATAKA,2015-03-01,2020-03-01,,1900,1141,312.46,,1141,,,0/5,consolidated,79
2017-04-01,N22000332,478,ARSIKERE-TUMKUR,RAILWAYS,SWR,KARNATAKA,2015-03-01,2015-11-01,2020-03-01,960,578,244.96,,578,,52(R),0/2,consolidated,79
2017-04-01,220100252,479,ANGAMALI-SABARIMALA (N.L.)(SR),RAILWAYS,SR,KERALA,1998-10-01,,,550,1566,235.68,,,,,0/0,consolidated,79
2017-04-01,N22000191,480,KUMBALAM-TURAVUR,RAILWAYS,SR,KERALA,2011-04-01,,,252.96,252.96,7.16,,,,,0/0,consolidated,79
2017-04-01,N22000203,481,CHENGANNUR-CHINGAVANAM,RAILWAYS,SR,KERALA,2006-04-01,,,191.72,342.85,360.22,,,,,0/0,consolidated,79
2017-04-01,N22000204,482,ERNAKULAM-KUMBALAM,RAILWAYS,SR,KERALA,2010-04-01,,,189.24,189.24,6.17,,,,,0/0,consolidated,79
2017-04-01,N22000399,483,TRIVANDRUM-KANYAKUMARI DOUBLING,RAILWAYS,SR,KERALA,2015-02-01,,,900,900,,,,,,0/0,consolidated,79
2017-04-01,N22000400,484,TURAVUR-AMBALAPUZHA DOUBLING,RAILWAYS,SR,KERALA,2015-02-01,,,1000,1000,,,,,,0/0,consolidated,79
2017-04-01,220100314,485,"RAMGANJMUNDI-BHOPAL (NL),WCR",RAILWAYS,WCR,MADHYA PRADESH,2001-04-01,2021-03-01,2021-03-01,470.92,2713.09,632.05,,1849.6,,0(R),0/0,consolidated,79
2017-04-01,220100324,486,CHHINDWARA - NAGPUR (GC)(SECR),RAILWAYS,SECR,MADHYA PRADESH,2005-04-01,,2017-03-01,383.79,1101.16,194.91,,,,,0/0,consolidated,79
2017-04-01,N22000077,487,BHOPAL BINA 3D LINE DOUBLING,RAILWAYS,RVNL,MADHYA PRADESH,2007-09-01,2010-03-01,2017-06-01,687.2,950,913.84,,,,87(O),0/0,consolidated,79
2017-04-01,N22000120,488,RATLAM-MHOW-KHANDWA-AKOLA (GC),RAILWAYS,WR,MADHYA PRADESH,2008-04-01,2012-03-01,2016-12-01,603.04,1030.29,628.11,,1030.29,,,0/0,consolidated,79
2017-04-01,N22000351,489,KATNI - SINGRAULI DOUBLING PROJECT,RAILWAYS,WCR,MADHYA PRADESH,2015-12-01,2020-12-01,2020-12-01,1762.94,1762.94,,,,,0(O),1/1,consolidated,79
2017-04-01,N22000414,490,BINA - KOTA DOUBLING WITH RE,RAILWAYS,RVNL,MADHYA PRADESH,2011-04-01,2020-12-01,2020-12-01,1485.65,1485.65,329.46,,,,0(O),0/0,consolidated,79
2017-04-01,N22000415,491,KATNI-BINA 3RD LINE (263 KM),RAILWAYS,WCR,MADHYA PRADESH,2016-06-01,2022-03-01,2022-03-01,2478.23,2478.23,,,2478.23,2022-03-01,0(O),0/1,consolidated,79
2017-04-01,N22000416,492,KATNI GRADE SEPARATOR/BYE PASS,RAILWAYS,WCR,MADHYA PRADESH,2016-08-01,2020-03-01,2020-03-01,582.13,582.13,,,582.13,2020-03-01,0(O),0/1,consolidated,79
2017-04-01,N22000427,493,MULTI MODAL LOGISTICS PARK AT TIHI,RAILWAYS,CCOI,MADHYA PRADESH,2015-12-01,2019-03-01,2019-03-01,174,174,74.22,,,,0(O),0/0,consolidated,79
2017-04-01,220100118,494,AMRAVATI-NARKHER NL(CR),RAILWAYS,CR,MAHARASHTRA,1994-06-01,1999-06-01,2020-12-01,663.01,858.23,688.04,,668.34,2020-12-01,258(O),0/0,consolidated,79
2017-04-01,220100164,495,BELAPUR-SEAWOOD-URAN ELECTRIFIED DOUBLE LINE(MTP),RAILWAYS,MRTP,MAHARASHTRA,1996-03-01,2004-03-01,2020-03-01,495.44,1781.98,514.44,,1781.98,2020-03-01,192(O),0/0,consolidated,80
2017-04-01,220100181,496,AHMEDNAGAR-PARLI VAIJNATH(NL) CR,RAILWAYS,CR,MAHARASHTRA,1997-02-01,2020-12-01,,514.68,2271.5,812.01,,2271.5,,,0/0,consolidated,80
2017-04-01,N22000092,497,MUMBAI URBAN TRANSPORT PROJECT PHASE-II,RAILWAYS,MRTP,MAHARASHTRA,2008-04-01,2014-03-01,2019-03-01,5300,7986.04,2423.55,,6821.29,2019-03-01,60(O),0/0,consolidated,80
2017-04-01,N22000214,498,RUNNING OF 12 CAR TRAINS ON HARBOUR LINE,RAILWAYS,MRTP,MAHARASHTRA,2012-04-01,2016-04-01,2017-03-01,714.1,714.1,65.2,,,,,0/0,consolidated,80
2017-04-01,N22000231,499,WARDHA-NANDED MAHARASHTRA,RAILWAYS,CR,MAHARASHTRA,2008-04-01,2023-03-01,,499.3,3168.29,532.82,,2491.43,,,0/0,consolidated,80
2017-04-01,N22000233,500,KALYAN-KASARA 3RD LINE,RAILWAYS,CR,MAHARASHTRA,2011-04-01,2021-03-01,,277.7,792.89,52.35,,792.89,,,0/0,consolidated,80
2017-04-01,N22000247,501,3RD LINE BETWEEN BHUSAWAL-JALGAON,RAILWAYS,CR,MAHARASHTRA,2011-04-01,2019-03-01,,184.06,199.12,142.22,,199.12,,,0/0,consolidated,80
2017-04-01,N22000250,502,WARDHA-SEWAGRAM NGP 3RD LINE,RAILWAYS,CR,MAHARASHTRA,2012-04-01,2022-03-01,,297.85,540.02,98.02,,540.02,,,0/0,consolidated,80
2017-04-01,N22000353,503,INDORE - MANMAD VIA MALEGAON (368 KM),RAILWAYS,CR,MAHARASHTRA,2016-02-01,2024-03-01,,9968,9968,,,,,,0/0,consolidated,80
2017-04-01,N22000354,504,PUNE-NASIK (265 KM),RAILWAYS,CR,MAHARASHTRA,2016-02-01,2024-03-01,,2425,2425,,,,,,0/0,consolidated,80
2017-04-01,N22000355,505,VAIBHAVWADI -KOLHAPUR (107 KM),RAILWAYS,CR,MAHARASHTRA,2016-02-01,,,2750,2750,,,,,,0/0,consolidated,80
2017-04-01,N22000356,506,WARDHA-BALHARSHAH - 3RD LINE (132 KM),RAILWAYS,CR,MAHARASHTRA,2015-02-01,2022-03-01,,630,1272.19,19.48,,1272.19,,,0/0,consolidated,80
2017-04-01,N22000358,507,ITARSI-NAGPUR (BAL.) - 3RD LINE (267 KM),RAILWAYS,CR,MAHARASHTRA,2015-02-01,2023-03-01,,2326,2449.91,0.63,,2449.91,,,0/0,consolidated,80
2017-04-01,N22000359,508,PUNE-MIRAJ-LONDA (467 KM),RAILWAYS,CR,MAHARASHTRA,2015-02-01,2023-03-01,2023-03-01,4670,3627.47,,,3627.47,,0(R),0/0,consolidated,80
2017-04-01,N22000360,509,DAUND - MANMAD (236 KM),RAILWAYS,CR,MAHARASHTRA,2016-02-01,2023-03-01,,1876,2081.27,,,,,,0/0,consolidated,80
2017-04-01,N22000361,510,MANMAD - JALGAON - 3RD LINE (160 KM),RAILWAYS,CR,MAHARASHTRA,2016-02-01,2022-03-01,,854,1035.16,,,,,,0/0,consolidated,80
2017-04-01,N22000362,511,WARDHA - NAGPUR - 4TH LINE (76 KM),RAILWAYS,CR,MAHARASHTRA,2016-02-01,2022-03-01,,912,637.95,0.35,,,,,0/0,consolidated,80
2017-04-01,N22000407,512,DAUND-GULBARGA - DOUBLING (224.9 KM) AND PUNE-GUNTAKAL -ELECTRIFICATION (641.37 KM),RAILWAYS,RVNL,MAHARASHTRA,2009-03-01,2020-03-01,2020-03-01,1514.45,1514.45,839.11,,,,0(O),0/0,consolidated,80
2017-04-01,N22000408,513,DIGHI PORT NEW LINE,RAILWAYS,RVNL,MAHARASHTRA,2015-04-01,2025-12-01,2025-12-01,723.78,723.78,0.14,,,,0(O),0/0,consolidated,80
2017-04-01,N22000420,514,RAJNANDGAON - NAGPUR - 3RD LINE (SECR),RAILWAYS,SECR,MAHARASHTRA,2016-09-01,2021-12-01,2021-12-01,1273,1908,,,1908,,0(O),0/0,consolidated,80
2017-04-01,N22000422,515,MULTI MODAL LOGISTICS TRANSPORT AT MIHAN,RAILWAYS,CCOI,MAHARASHTRA,2013-10-01,2019-03-01,2019-03-01,305,305,212.71,,,,0(O),0/0,consolidated,80
2017-04-01,220100288,516,JIRIBAM TO IMPHAL (TUPUI)(NL)(NEFR),RAILWAYS,NFR,MANIPUR,2003-04-01,2011-03-01,2020-03-01,727.56,9658,4927.46,,4454.18,,108(O),0/0,consolidated,80
2017-04-01,N22000205,517,NEW BG LINE FROM BYRNIHAT TO SHILLONG,RAILWAYS,NFR,MEGHALAYA,2010-04-01,,2021-03-01,4083.02,6000,14.8,,,,,0/0,consolidated,80
2017-04-01,N22000100,518,"BHAIRABI SAIRONG, NL, NEFR",RAILWAYS,NFR,MIZORAM,2008-04-01,2014-04-01,2020-03-01,619.34,4600,549.89,,2393.48,,71(O),0/0,consolidated,80
2017-04-01,220100007,519,"GUNA-ETAWAH VIA SHIVPURI-GWALIOR -BHIND NL, (NCR)",RAILWAYS,NCR,MULTI STATE,1986-04-01,1994-03-01,2016-02-01,158.77,634.48,629.43,,608.02,2016-02-01,,0/0,consolidated,80
2017-04-01,220100151,520,CALICUT-MANGALORE (DL) (SR),RAILWAYS,SR,MULTI STATE,1996-02-01,,,240,579.37,537.02,,,,,0/0,consolidated,81
2017-04-01,220100186,521,"GONDIA-JABALPUR(GC),(SECR)",RAILWAYS,SECR,MULTI STATE,1997-02-01,1998-03-01,2019-12-01,386.3,1776.81,967.96,,1160.54,,261(O),0/0,consolidated,81
2017-04-01,220100188,522,"NANGALDAM-TALWARA(NL),NR",RAILWAYS,NR,MULTI STATE,1981-03-01,2012-07-01,,450,2100,484.14,,,,,0/0,consolidated,81
2017-04-01,220100205,523,"MUNEERABAD-MAHABOOBNAGAR(NL),SCR",RAILWAYS,SCR,MULTI STATE,1997-04-01,2019-03-01,2019-03-01,218.24,525,544.2,,372.09,,0(R),0/0,consolidated,81
2017-04-01,220100232,524,"LALITPUR-SATNA-REWA-SINGRULI NL, (NCR)",RAILWAYS,WCR,MULTI STATE,1998-09-01,2008-05-01,2023-03-01,247.66,6093.31,972.82,,4327.28,2023-03-01,178(O),0/4,consolidated,81
2017-04-01,220100256,525,KAPTANGANJ-THAWE-SIWAN-CHHAPRA GC (NER),RAILWAYS,NER,MULTI STATE,1999-04-01,,,744.71,1126.79,751.05,,744.71,,,1/1,consolidated,81
2017-04-01,220100258,526,"JALANDHAR-PATHANKOT-JAMMU-TAWI (LD),NR",RAILWAYS,NR,MULTI STATE,2002-03-01,2007-06-01,,625.3,876.1,841.57,,781.02,,,0/0,consolidated,81
2017-04-01,220100263,527,QUILON-TIRUNELVELI-TENKASI- VIRUDHUNAGAR(SR)(GC),RAILWAYS,SR,MULTI STATE,1998-03-01,,,280,1122,834.61,,,,,0/6,consolidated,81
2017-04-01,220100266,528,"NEW MAYNAGURI TO JOGIGHOPA VIA CHANGRABANDHA (NL),NEFR",RAILWAYS,NFR,MULTI STATE,2000-04-01,2008-12-01,2019-03-01,733,3010,2225.72,,,,123(O),0/0,consolidated,81
2017-04-01,220100270,529,"GADWAL - RAICHUR (NL), SCR",RAILWAYS,SCR,MULTI STATE,1998-04-01,2011-02-01,,92.63,350,316.64,,228.08,,,0/0,consolidated,81
2017-04-01,220100273,530,"DEOGHAR - SULTANGANJ (INL), ER",RAILWAYS,ER,MULTI STATE,2000-04-01,2012-12-01,,607.09,973.33,613.71,,724.89,2012-12-01,,0/0,consolidated,81
2017-04-01,220100319,531,HATHUA-BHATNI (N L) (NER),RAILWAYS,NER,MULTI STATE,2005-04-01,,2019-05-01,230.03,718.54,263.7,,,,,0/0,consolidated,81
2017-04-01,N22000082,532,"ALUABARI ROAD SILIGURI JUNCTION VIA GALGALIA, NEFR",RAILWAYS,NFR,MULTI STATE,2006-12-01,2011-03-01,2011-10-01,170,436,435.57,,,,,0/0,consolidated,81
2017-04-01,N22000131,533,CHHITAUNI TAMKUHI ROAD KUSHINAGAR GOPALGANJ UP,RAILWAYS,NER,MULTI STATE,2007-03-01,,2017-08-01,243.78,268.78,87.86,,,,,0/0,consolidated,81
2017-04-01,N22000134,534,CHHAPRA-BALLIA UP,RAILWAYS,NER,MULTI STATE,2013-03-01,,2018-05-01,295,477.31,66.66,,,,,0/0,consolidated,81
2017-04-01,N22000138,535,CHOTTAUDEPUR-DHAR(NL),RAILWAYS,WR,MULTI STATE,2007-04-01,,,1347.26,1347.26,270.58,,,,,0/0,consolidated,81
2017-04-01,N22000139,536,"DAHOD-INDORE VIA SARDARPUR, JHABUA AND DHAR (NL)",RAILWAYS,WR,MULTI STATE,2007-04-01,2022-03-01,2022-03-01,1640.04,1640.04,331.91,,,,0(R),0/0,consolidated,81
2017-04-01,N22000147,537,RATLAM-DUNGARPUR VIA BANSWARA (NL),RAILWAYS,NWR,MULTI STATE,2011-04-01,,,2082.75,3500,117.05,,,,,0/1,consolidated,81
2017-04-01,N22000148,538,GWALIOR-SEOPURKALA WITH EXTENSION TO KOTA (GC),RAILWAYS,NCR,MULTI STATE,2011-04-01,2020-02-01,2022-12-01,1176.09,3845.6,1.92,,,,34(O),0/0,consolidated,81
2017-04-01,N22000158,539,DHOLPUR-SIRMUTTRA WITH EXTENSION TO GANGAPURCITY AND MOHARI-TANTPUR AND TANPUR-BANSI PAHARPUR,RAILWAYS,NCR,MULTI STATE,2010-04-01,2019-02-01,2022-12-01,622.41,2030.5,10.34,,,2022-12-01,46(O),0/0,consolidated,81
2017-04-01,N22000160,540,DIGHA-JALESWAR INCLUDING MM FOR DIGHA-EGRA,RAILWAYS,SER,MULTI STATE,2010-04-01,,,553.63,1009,,,,,,0/0,consolidated,81
2017-04-01,N22000169,541,GAYA-CHATRA (NL),RAILWAYS,ECOR,MULTI STATE,2008-04-01,,,415.67,549.75,14.62,,549.75,,,0/0,consolidated,81
2017-04-01,N22000183,542,NEW BONGAIGAON-RANGIA-KAMAKGHYA DOUBLING,RAILWAYS,NFR,MULTI STATE,2013-04-01,,2019-03-01,1798,1798,,,,,,0/0,consolidated,81
2017-04-01,N22000185,543,CHENNAI-CUDDALORE VIA MAMALLAPURAM,RAILWAYS,SR,MULTI STATE,2008-04-01,,,523.52,523.52,2.26,,,,,0/0,consolidated,81
2017-04-01,N22000189,544,VILLUPURAM-DINDIGUL WITH ELECTRIFICATION,RAILWAYS,RVNL,MULTI STATE,2008-04-01,,2018-03-01,822.39,1480.83,1421.19,,,,,0/1,consolidated,82
2017-04-01,N22000190,545,KURUPPANTHARA-CHINGAVANAM,RAILWAYS,SR,MULTI STATE,2007-04-01,,,270.14,346.15,253.87,,,,,0/0,consolidated,82
2017-04-01,N22000206,546,NEW BG LINE FROM BALURGHAT TO HILLY NFR,RAILWAYS,NFR,MULTI STATE,2010-04-01,,,242.22,471,45.36,,,,,0/0,consolidated,82
2017-04-01,N22000207,547,NEW BG LINE FROM JAGBANI TO BIRATNAGAR,RAILWAYS,NFR,MULTI STATE,2010-04-01,,2017-03-01,241.52,394.28,148.33,,210,,,0/0,consolidated,82
2017-04-01,N22000208,548,MURKONGSELEK-PASIGHAT NL,RAILWAYS,NFR,MULTI STATE,2011-04-01,,2019-03-01,165.82,450,0.79,,,,,0/0,consolidated,82
2017-04-01,N22000209,549,NEW JALPAIGURI SILIGURI-NEW BONGAIGAON INCLUDING BR LINE AND MM FOR CHALSA NAXAL RAJABHATKHOWA-JAI,RAILWAYS,NFR,MULTI STATE,1999-04-01,,2018-03-01,523.17,1871,,,,,,0/0,consolidated,82
2017-04-01,N22000215,550,MADURAI-TUTICORIN VIA ARUPPUKKOTTAI,RAILWAYS,SR,MULTI STATE,2011-04-01,,,601.43,800,56.77,,,,,0/0,consolidated,82
2017-04-01,N22000216,551,"LAKSHMIKANTAPUR-NAMKHANA SUBSEQUENTLY MM FOR NAMKHANA-CHANDRANAGAR, KAKDWIP- BUDAKHALI AND CHANDRANAG",RAILWAYS,ER,MULTI STATE,1987-04-01,,,406.99,319.58,141.88,,319.58,,,0/0,consolidated,82
2017-04-01,N22000217,552,"SULTANGANJ-KATURIA VIA ASARGANJ, TARAPUR AND BELHAR",RAILWAYS,ER,MULTI STATE,2007-04-01,,,450,290.85,9.31,,290.85,,,0/0,consolidated,82
2017-04-01,N22000218,553,HANSNABAD-HINGALGANJ NEW BG LINE,RAILWAYS,ER,MULTI STATE,2010-04-01,,,172.03,260.6,6.42,,260.6,,,0/0,consolidated,82
2017-04-01,N22000219,554,PIRPAINTI-JASIDIH,RAILWAYS,ER,MULTI STATE,2013-04-01,,,915.98,1130.13,0.3,,1130.13,,,0/0,consolidated,82
2017-04-01,N22000220,555,PLASSEY-JIAGANJ DOUBLING,RAILWAYS,ER,MULTI STATE,2011-04-01,2015-03-01,,248.07,234.41,161.17,,234.41,,,0/0,consolidated,82
2017-04-01,N22000221,556,BANDEL-BOINCHI 3RD LINE,RAILWAYS,ER,MULTI STATE,2011-04-01,,,288.35,238.36,51.31,,238.36,,,0/0,consolidated,82
2017-04-01,N22000222,557,PIRPAINTI-BHAGALPUR,RAILWAYS,ER,MULTI STATE,2011-04-01,2019-03-01,,261.38,332.14,87.22,,332.14,,,0/0,consolidated,82
2017-04-01,N22000224,558,KALINARAYANPUR-KRISHNANAGAR DOUBLING ALONGWITH KRISHNANAGAR - CHAPRA NEW LINE AND NAIHATI-RANAGHAT 3,RAILWAYS,ER,MULTI STATE,2001-04-01,,,923.52,923.52,227.5,,,,,0/0,consolidated,82
2017-04-01,N22000225,559,"CHINPAI-SAINTHIA DOUBLING, MM FOR PRANTI- SURI, CHOWRIGACHA-SAINTHIA VIA KANDI NL",RAILWAYS,ER,MULTI STATE,2005-04-01,,,595.91,595.91,103.62,,595.91,,,0/0,consolidated,82
2017-04-01,N22000227,560,KALINARAYANPUR-SHANTIPUR DOUBLING WITH NEW MM FOR RANAGHAT-DUTTAPHULIA NEW LINE,RAILWAYS,ER,MULTI STATE,2010-04-01,,,174.56,160.97,56.25,,104.8,,,0/0,consolidated,82
2017-04-01,N22000228,561,SONDALIA-CHAMPAPUKUR DOUBLING WITH NEW MM FOR BIRA-CHAKIA NL,RAILWAYS,ER,MULTI STATE,2010-04-01,,2012-12-01,277.28,266,92.93,,266,,,0/0,consolidated,82
2017-04-01,N22000229,562,"DANKUNI-CHANDANPUR 4TH LINE, 1ST PHASE OF DANKUNI-SHAKTIGARH 4TH LINE WITH MM BARUIPARA FURFURA NL",RAILWAYS,ER,MULTI STATE,2010-04-01,,,296.44,198.88,15.83,,198.88,,,0/0,consolidated,82
2017-04-01,N22000230,563,HOWRAH DIVISION- PLATFORM SHELTER (40 C CATEGORY STATIONS),RAILWAYS,ER,MULTI STATE,2010-04-01,,2018-11-01,157.94,157.94,47.63,,157.94,,,0/0,consolidated,82
2017-04-01,N22000234,564,"BARIARPIUR-MANANPURVIA KHARAGPUER, LACHIMPUR-BARAHAT",RAILWAYS,ER,MULTI STATE,2007-04-01,,,450.55,251.05,15.66,,,,,0/0,consolidated,83
2017-04-01,N22000235,565,TARAKESHWAR-MAGRA NEW BG LINE,RAILWAYS,ER,MULTI STATE,2010-04-01,,,365.17,365.67,1.37,,,,,0/0,consolidated,83
2017-04-01,N22000236,566,HANSDIHA-GODDA NL,RAILWAYS,ER,MULTI STATE,2011-04-01,,,267.09,350.78,98.15,,,,,0/0,consolidated,83
2017-04-01,N22000237,567,SAINTHIA-TARAPITH 3RD LINE,RAILWAYS,ER,MULTI STATE,2011-04-01,,,193.44,186.64,150.28,,186.64,,,0/0,consolidated,83
2017-04-01,N22000238,568,BOINCHI-SHAKTIGARH 3RD LINE,RAILWAYS,ER,MULTI STATE,2011-04-01,,,175.8,173.91,18.54,,173.91,,,0/0,consolidated,83
2017-04-01,N22000239,569,PRINCEPGHAT-MAJERHAT DOUBLING OF CIRCULAR RAILWAY,RAILWAYS,ER,MULTI STATE,2011-04-01,2017-03-01,2017-03-01,299.6,269.6,1.11,,,,,0/0,consolidated,83
2017-04-01,N22000240,570,"NEW ALIPUR TO AKRA, MM FOR BUDGE BUDGE- PUJALI NL, PUJALI-ULUBERIA(BIRSHIVPUR) AND PUJALI-BAHRAHAT NL",RAILWAYS,ER,MULTI STATE,2010-04-01,,,494.54,369.69,31.99,,370.81,,,0/0,consolidated,83
2017-04-01,N22000241,571,SONARPUR-CANNING WITH NEW MM FOR KALIKAPUR-MINAKHAN VIA GHATAKPUR NL,RAILWAYS,ER,MULTI STATE,2000-04-01,,,297.47,153.02,52.01,,131.47,,,0/0,consolidated,83
2017-04-01,N22000242,572,CHANDPARA-BANGAON DOUBLING WITH EXENSION TO CHANDBAZAR AND NEW MM FOR BONGAON- PORAMAHESHTALA AND CHA,RAILWAYS,ER,MULTI STATE,2003-04-01,,,337.96,186.89,62.73,,79.39,,,0/0,consolidated,83
2017-04-01,N22000243,573,MAGRAHAT-DIAMOND HARBOUR WITH MM SANGRAMPUR-KRISHANCHANDPUR AND DIAMOND HATBOUR - BAHRAHAT-KULPI NL,RAILWAYS,ER,MULTI STATE,2009-04-01,,,493.96,681.68,135.79,,681.68,,,0/0,consolidated,83
2017-04-01,N22000245,574,KATWA-PATULI DOUBLING WITH NEW MM FOR AHMEDPUR-KATWA GC,RAILWAYS,ER,MULTI STATE,2010-04-01,2017-03-01,2017-03-01,423.66,720.59,456.58,,579.03,,,0/0,consolidated,83
2017-04-01,N22000248,575,SANTOSHPUR-REMOUNT ROAD VIA GARDEN REACH- METIABRUZE,RAILWAYS,ER,MULTI STATE,2010-04-01,,,268.52,268.52,78.81,,,,,0/0,consolidated,83
2017-04-01,N22000249,576,HOWRAH-DEVELOPMENT OF STATION INCLUDING SEGRAGATION OF AARIVAL/DEPARTURE AND OTHER AMENITIES,RAILWAYS,ER,MULTI STATE,2011-04-01,,,166.89,166.89,0.02,,,,,0/0,consolidated,83
2017-04-01,N22000254,577,PEN ROHA DOUBLING,RAILWAYS,CR,MULTI STATE,2007-04-01,2017-03-01,,98.74,381.39,312.12,,203,,,0/0,consolidated,83
2017-04-01,N22000255,578,PANVEL PEN DOUBLING,RAILWAYS,CR,MULTI STATE,2006-04-01,,,96.16,280,268.37,,260.16,,,0/0,consolidated,83
2017-04-01,N22000261,579,KAZIPET-VIJAYAWADA 3RD LINE WITH ELECTRIFICATION,RAILWAYS,SCR,MULTI STATE,2012-04-01,,,1054.35,2200,85.33,,,,,0/0,consolidated,83
2017-04-01,N22000264,580,BHADRACHALAM-KOVVUR,RAILWAYS,SCR,MULTI STATE,2012-04-01,,,923.23,923.23,1.11,,,,,0/1,consolidated,83
2017-04-01,N22000271,581,DELHI-SOHNA-NUH-FIROZPUR-JHIRKA-ALWAR,RAILWAYS,NR,MULTI STATE,2013-04-01,,,1239,1239,,,,,,0/0,consolidated,83
2017-04-01,N22000274,582,DEOBAND (MUZAFFARNAGAR)- ROORKEE NL,RAILWAYS,NR,MULTI STATE,2007-04-01,,,336.91,336.91,143.18,,,,,0/0,consolidated,83
2017-04-01,N22000277,583,SRINIVASA-PURA-MADANAPALLI NL,RAILWAYS,SWR,MULTI STATE,2013-04-01,,,296,466.65,,,,,,0/0,consolidated,83
2017-04-01,N22000279,584,RAYADURGA-TUMKUR NL,RAILWAYS,RVNL,MULTI STATE,2007-04-01,,,970.34,1714.49,573.24,,,,,0/2,consolidated,83
2017-04-01,N22000287,585,BHADRACHALAM ROAD-SATTUPALLI,RAILWAYS,SCR,MULTI STATE,2010-04-01,,,337.49,792.01,1.13,,,,,0/1,consolidated,84
2017-04-01,N22000288,586,"KADAPA-BANGALORE (NL), KADAPA-PENDLIMARRI PH-I",RAILWAYS,SCR,MULTI STATE,2008-04-01,,,2050,2050,200.35,,,,,0/1,consolidated,84
2017-04-01,N22000290,587,AMBALA CANTT-DHAPPER PH-1 WITH NEW MM OF DHAPPER-CHANDIGARH,RAILWAYS,NR,MULTI STATE,2010-04-01,,,338.54,338.54,212.64,,,,,0/0,consolidated,84
2017-04-01,N22000291,588,JAKHAL-MANSA DOUBLING ON SPR SECTION,RAILWAYS,NR,MULTI STATE,2008-04-01,,,162.96,162.96,153.31,,,,,0/0,consolidated,84
2017-04-01,N22000293,589,YAMUNANAGAR-CHANDIGARH VIA SADHAURA NARAYANGARH,RAILWAYS,NR,MULTI STATE,2013-04-01,,,876,876,,,,,,0/0,consolidated,84
2017-04-01,N22000296,590,CHANDIGARH-BADDI NL,RAILWAYS,NR,MULTI STATE,2007-04-01,,,328.14,1540,45.2,,,,,0/0,consolidated,84
2017-04-01,N22000301,591,MONIGRAM- NIMTITA,RAILWAYS,ER,MULTI STATE,2012-04-01,,,250.93,259.23,8.43,,259.23,,,0/0,consolidated,84
2017-04-01,N22000304,592,JAGGAYYAPET - MELLACHERUVU,RAILWAYS,SCR,MULTI STATE,2007-04-01,1999-01-01,2017-06-01,313.24,554.7,342,,,2017-06-01,221(O),0/0,consolidated,84
2017-04-01,N22000305,593,MM FROM BURAMARA-CHAKULIA,RAILWAYS,SER,MULTI STATE,2008-04-01,1999-01-01,,466.48,750,,,,,,0/0,consolidated,84
2017-04-01,N22000326,594,PHULERA - DIGANA DOUBLING,RAILWAYS,NWR,MULTI STATE,2015-05-01,,2019-09-01,600,620,,,,,,0/0,consolidated,84
2017-04-01,N22000327,595,MIRAJ-LONDA,RAILWAYS,SWR,MULTI STATE,2015-03-01,,,1830,1190.92,21.46,,1190.92,,,0/0,consolidated,84
2017-04-01,N22000328,596,YELAHANKA-PENUKONDA,RAILWAYS,SWR,MULTI STATE,2015-05-01,,2020-03-01,860.43,860.43,219.96,,,,,0/0,consolidated,84
2017-04-01,N22000333,597,HOTGI-KUDGI-GADAG,RAILWAYS,SWR,MULTI STATE,2015-03-01,,,1618,1614.59,321.3,,1614.59,,,0/0,consolidated,84
2017-04-01,N22000334,598,HAJIPUR - BACHAWARA,RAILWAYS,ECR,MULTI STATE,2015-05-01,2018-12-01,2018-12-01,720,678.54,,,678.54,,0(R),0/38,consolidated,84
2017-04-01,N22000346,599,DEDICATED FREIGHT CORRIDOR PROJECT,RAILWAYS,DFCC,MULTI STATE,2006-10-01,,,81459,28181,,,,,,0/0,consolidated,84
2017-04-01,N22000367,600,KAZIPET-BALHRSHA,RAILWAYS,SCR,MULTI STATE,2015-04-01,2021-03-01,2021-03-01,2063.03,2063.03,0.14,,,,0(R),0/0,consolidated,84
2017-04-01,N22000370,601,GOOTY-DHARMAVARAM-BANGLORE,RAILWAYS,RITES,MULTI STATE,2015-04-01,,,636.38,636.38,,,,,,0/0,consolidated,84
2017-04-01,N22000378,602,DUDHNOI-MENDHIPATHAR,RAILWAYS,NFR,MULTI STATE,1992-04-01,,2014-08-01,315.64,315,307.28,,,,,0/0,consolidated,84
2017-04-01,N22000382,603,HARMUTI-NAHARLAGUN,RAILWAYS,NFR,MULTI STATE,2006-04-01,,2014-04-01,614.54,613,511.74,,,,,0/0,consolidated,84
2017-04-01,N22000124,604,NEW LINE FROM DIMAPUR TO ZUBZA(KOHIMA) NATIONAL PROJECT (NEFR),RAILWAYS,NFR,NAGALAND,2006-04-01,2015-03-01,2020-03-01,850,3000,147.52,,,,60(O),0/0,consolidated,84
2017-04-01,N22000196,605,DIMAPUR-TIZIT NL,RAILWAYS,NFR,NAGALAND,2013-04-01,,2020-03-01,4274,4274,,,,,,0/0,consolidated,84
2017-04-01,220100284,606,KHURDA ROAD-BOLANGIR(NL)ECOR,RAILWAYS,ECOR,ODISHA,1994-04-01,2021-06-01,2021-06-01,470.21,3004.9,572.56,,,,0(R),0/0,consolidated,84
2017-04-01,220100285,607,HARIDASPUR-PARADEEP(NL),RAILWAYS,RVNL,ODISHA,1996-04-01,2009-09-01,2019-03-01,301.64,1185.64,620.08,,,,114(R),0/0,consolidated,84
2017-04-01,220100286,608,"RAJATGARH-BARANG(LD),ECOR",RAILWAYS,RVNL,ODISHA,1999-04-01,2009-02-01,2017-02-01,166.16,370,353,,,2009-02-01,,0/1,consolidated,84
2017-04-01,220100325,609,SUKINDA ROAD - ANGUL (NL)(ECOR),RAILWAYS,RVNL,ODISHA,1998-04-01,2015-02-01,2019-12-01,183.23,1202.7,199.98,,,,58(O),0/0,consolidated,85
2017-04-01,220100327,610,KHURDA ROAD - BARANG 3RD LINE (DL) (ECOR),RAILWAYS,RVNL,ODISHA,2000-04-01,2009-03-01,2017-02-01,133.41,340,327.59,,207,2009-03-01,,1/1,consolidated,85
2017-04-01,220100328,611,TALCHER-BIMALAGARH(NL)(ECOR),RAILWAYS,ECOR,ODISHA,2005-04-01,2021-03-01,2022-06-01,810.78,1928.07,247.5,,1928.07,,15(R),0/0,consolidated,85
2017-04-01,N22000162,612,CHAMPAJHARAN-BIMALGARH DOUBLING EXTENSION,RAILWAYS,SER,ODISHA,2010-04-01,2015-03-01,2016-12-01,149.9,230,54.96,,,,,0/0,consolidated,85
2017-04-01,N22000315,613,SAMBALPUR-TALCHER DOUBLING,RAILWAYS,ECOR,ODISHA,2011-03-01,2020-03-01,2021-03-01,679.27,1579.27,168.29,,1111.99,,12(R),0/0,consolidated,85
2017-04-01,N22000316,614,BHADRAK - NERGUNDI 3RD LINE,RAILWAYS,ECOR,ODISHA,2013-03-01,2021-03-01,2021-03-01,858.67,843.04,4.3,,843.04,,0(R),0/0,consolidated,85
2017-04-01,N22000317,615,JHARSUGUDA-RENGALI DOUBLING,RAILWAYS,ECOR,ODISHA,2006-03-01,2015-10-01,2015-10-01,201,230,244.18,,230,,,0/0,consolidated,85
2017-04-01,N22000319,616,SAMBALPUR - ANGUL RLY. ELECTRIFICATION,RAILWAYS,ECOR,ODISHA,2012-03-01,,2020-03-01,155.81,238.03,94.33,,,,,0/0,consolidated,85
2017-04-01,N22000320,617,DELANG-PURI DOUBLING,RAILWAYS,ECOR,ODISHA,2011-03-01,2015-03-01,2015-07-01,165.16,234.71,224.99,,,,,0/0,consolidated,85
2017-04-01,N22000376,618,JAGADALPUR-KORAPUT DOUBLING,RAILWAYS,ECOR,ODISHA,2015-04-01,2021-03-01,2021-03-01,1547.38,1547.38,,,,,0(O),0/0,consolidated,85
2017-04-01,N22000379,619,KORAPUT - SINGAPUR ROAD DOUBLING,RAILWAYS,ECOR,ODISHA,2015-04-01,2021-03-01,2021-03-01,2361.74,2361.74,,,,,0(O),0/0,consolidated,85
2017-04-01,N22000380,620,JARAPADA - BUDHAPANK WITH FLY OVER AT TALCHER ROAD 3RD AND 4TH LINE,RAILWAYS,ECOR,ODISHA,2015-04-01,2021-03-01,2021-03-01,701.61,701.61,,,,,0(O),0/0,consolidated,85
2017-04-01,N22000381,621,BUDHAPANK - SALEGAON VIA RAJATGARH 3RD AND 4TH LINE.,RAILWAYS,ECOR,ODISHA,2015-04-01,2021-03-01,2021-03-01,1172.92,1172.92,,,1172.92,2021-03-01,0(O),0/0,consolidated,85
2017-04-01,N22000395,622,ROURKELA JHARSUGUDA THIRD LINE 101 KM,RAILWAYS,SER,ODISHA,2015-11-01,2020-03-01,2020-03-01,969.83,969.83,,,,,0(O),0/0,consolidated,85
2017-04-01,N22000398,623,RUPSA BANGRIPOSI 90 KM WITH MM FOR UPGRADATION FROM RUPSA BURAMARA AND EXTENSION OF LINE FRO,RAILWAYS,SER,ODISHA,1995-04-01,2021-12-01,2021-12-01,524.43,939,,,,,0(O),0/0,consolidated,85
2017-04-01,N22000409,624,VIZIANAGARAM -SAMABALPUR 3RD LINE,RAILWAYS,RVNL,ODISHA,1991-01-01,,,2335.67,2335.67,,,,,,0/0,consolidated,85
2017-04-01,N22000410,625,SAMBALPUR - TITLAGARH - DOUBLING,RAILWAYS,RVNL,ODISHA,2006-03-01,2020-03-01,2020-03-01,960.18,960.18,410.44,,,,0(O),0/0,consolidated,85
2017-04-01,N22000412,626,BANASPANI- JAKHPURA - DOUBLING,RAILWAYS,RVNL,ODISHA,2009-03-01,2019-03-01,2019-03-01,942.95,942.95,621.66,,,,0(O),0/0,consolidated,85
2017-04-01,N22000418,627,EXECUTION OF RAIL CONNECTIVITY PROJECT FOR COAL TRANSPORTATION IN ODISHA FOR MCRL,RAILWAYS,ECOR,ODISHA,2016-04-01,2020-03-01,2020-03-01,5200,5200,,,,,0(O),0/0,consolidated,85
2017-04-01,N22000268,628,MANSA-BHATINDA PH-1 INCLUDING MM FOR RAMA MANDI(RAMAN)-MAUR MANDI VIA TALWANDI SABOO NL,RAILWAYS,NR,PUNJAB,2009-04-01,,,396.04,369,186.27,,,,,0/0,consolidated,85
2017-04-01,N22000295,629,QADIAN-BEAS,RAILWAYS,NR,PUNJAB,2011-04-01,,,205.22,205.22,1.59,,,,,0/0,consolidated,85
2017-04-01,220100184,630,"DAUSA-GANGAPUR CITY(NL),NWR",RAILWAYS,NWR,RAJASTHAN,1997-02-01,,,410.08,780.98,310.07,,,,,0/0,consolidated,85
2017-04-01,N22000112,631,HIMMATNAGAR - UDAIPUR GAUGE CANVESSION (NWR),RAILWAYS,NWR,RAJASTHAN,2008-04-01,2015-03-01,2019-03-01,829.74,829.74,188.13,,,,48(O),0/0,consolidated,85
2017-04-01,N22000113,632,JAIPUR - RINGUS - CHURU AND SIKAR - LOHARU GUAGE CONVERSION (NWR),RAILWAYS,NWR,RAJASTHAN,2008-04-01,2014-03-01,2019-03-01,653.19,658.07,428.57,,658.07,2019-03-01,60(O),0/0,consolidated,86
2017-04-01,N22000114,633,SURATPURA - HANUMANGARH - SRIGANGANAGAR GUAGE CONVERSION (NWR),RAILWAYS,NWR,RAJASTHAN,2008-04-01,2014-03-01,,516.23,735,694.13,,732.06,,,0/0,consolidated,86
2017-04-01,N22000137,634,BANGURGRAM-GURIYA PATCH DOUBLING,RAILWAYS,NWR,RAJASTHAN,2012-04-01,,,246.08,431,4.76,,,,,0/0,consolidated,86
2017-04-01,N22000149,635,THIYAT HAMIRA-SANU,RAILWAYS,NWR,RAJASTHAN,2013-04-01,,,236.93,276.89,0.41,,,,,0/0,consolidated,86
2017-04-01,N22000150,636,AJMER-KOTA (NASIRABAD-JAUNDRI),RAILWAYS,NWR,RAJASTHAN,2013-04-01,,,822,822,,,,,,0/1,consolidated,86
2017-04-01,N22000151,637,PUSHKAR-MERTA,RAILWAYS,NWR,RAJASTHAN,2013-04-01,,,323,323,,,,,,0/0,consolidated,86
2017-04-01,N22000152,638,"MAVLI JUNCTION-BARI SADRI, MM OF AJMER- CHITTSURGARH-UDAIPUR",RAILWAYS,NWR,RAJASTHAN,2013-04-01,,2018-12-01,456,860,557.16,,855.16,,,0/0,consolidated,86
2017-04-01,N22000153,639,RATANGARH-SARDARSAHAR (MM OF SADULPUR- BIKANER AND RATANGARH-DEGANA GC),RAILWAYS,NWR,RAJASTHAN,2010-04-01,,2017-03-01,739.65,872.22,796.25,,,,,0/1,consolidated,86
2017-04-01,N22000154,640,GURIYA-MARWAR AND KARJODA-PALANPUR,RAILWAYS,NWR,RAJASTHAN,2011-04-01,,,239.73,257.78,30.33,,,,,0/0,consolidated,86
2017-04-01,N22000155,641,AJMER-BANGURGRAM,RAILWAYS,NWR,RAJASTHAN,2011-04-01,,,213.39,272.99,21.65,,218.39,,,0/0,consolidated,86
2017-04-01,N22000156,642,RANI-MARWAR JN. PATCH DOUBLING,RAILWAYS,NWR,RAJASTHAN,2012-04-01,,,288.97,369.08,0.62,,,,,0/0,consolidated,86
2017-04-01,N22000157,643,ALWAR-BANDIKUI DOUBLING,RAILWAYS,NWR,RAJASTHAN,2013-04-01,,,242.09,293.68,,,,,,0/0,consolidated,86
2017-04-01,N22000330,644,AJMER(NASIRABAD)- SAWAI MADHOPUR (CHAUTH KA BARWARA) VIS TONK NL,RAILWAYS,NWR,RAJASTHAN,2015-05-01,,,873.71,873.71,,,,,,0/0,consolidated,86
2017-04-01,N22000421,645,MULTI MODAL LOGISTICS PARK AT KATHUWAS,RAILWAYS,CCOI,RAJASTHAN,2011-01-01,2018-03-01,2018-03-01,493.17,493.17,376,,,,0(O),0/0,consolidated,86
2017-04-01,N22000423,646,MULTI MODAL LOGISTICS PARK AT SWARUPGANJ,RAILWAYS,CCOI,RAJASTHAN,2012-04-01,2019-03-01,2019-03-01,471.82,471.82,19.91,,,,0(O),0/0,consolidated,86
2017-04-01,N22000102,647,"SEVOK RANGPO, NEFR",RAILWAYS,NFR,SIKKIM,2008-04-01,2015-12-01,2020-03-01,1339.48,4084.69,383.92,,,,51(O),0/0,consolidated,86
2017-04-01,220100191,648,"KARUR-SALEM(NL),SR",RAILWAYS,SR,TAMIL NADU,1997-02-01,,,155.55,870,830.45,,774.9,,,0/0,consolidated,86
2017-04-01,220100262,649,TIRUCHIRAPPALI-NAGORE-KARAIKKAL(SR)(GC),RAILWAYS,SR,TAMIL NADU,1995-09-01,,,100,712.82,632.04,,,,,0/0,consolidated,86
2017-04-01,N22000028,650,"EXTENSION OF MRTS FROM VELACHERY TO STN. THOMAS, MTP",RAILWAYS,MRTP,TAMIL NADU,2006-04-01,2013-06-01,2018-03-01,495.74,495.74,386.03,,,,57(O),1/4,consolidated,86
2017-04-01,N22000186,651,SRIPERUMBUDUR-GUDUVANCHERY WITH SPUR TO IRUNGATTUKKOTTAI-AVADI-SRIPERUMBUDUR,RAILWAYS,SR,TAMIL NADU,2013-04-01,,,839,1500,0.61,,,,,0/0,consolidated,86
2017-04-01,N22000188,652,CHENNAI BEACH-TAMBARAM-CHENGALPATTU SUBURBAN GC,RAILWAYS,SR,TAMIL NADU,1998-04-01,,,271.24,520,464.3,,,,,0/0,consolidated,86
2017-04-01,N22000199,653,ERODE-PALANI,RAILWAYS,SR,TAMIL NADU,2008-04-01,,,288.57,603.22,1.64,,,,,0/0,consolidated,86
2017-04-01,N22000322,654,THANJAVUR - PONMALAI DOUBLING (46.96 KM) WITH BYE-PASS LINE BEFORE PONMALAI (1.13 KM),RAILWAYS,RVNL,TAMIL NADU,2011-04-01,,2019-03-01,190.1,355.96,149.07,,,,,0/0,consolidated,86
2017-04-01,220100106,655,PEDAPALLI-KARIMNAGAR-NIZAMABAD NL(SCR),RAILWAYS,SCR,TELANGANA,1994-12-01,2017-03-01,2017-03-01,124.43,1010,919.06,,926.23,,,0/0,consolidated,87
2017-04-01,220100220,656,MACHERLA-NALGONDA(NL)(SCR),RAILWAYS,SCR,TELANGANA,1998-07-01,2008-07-01,,125,480,3.48,,458.26,,,0/0,consolidated,87
2017-04-01,N22000032,657,MANOHARABAD-KOTHPALL NEW LINE(SCR),RAILWAYS,SCR,TELANGANA,2006-04-01,,2022-03-01,378.56,1160.47,1.74,,1160.47,,,0/1,consolidated,87
2017-04-01,N22000213,658,MULTI MODAL TRANSPORT SYSTEM(MMTS) PHASE- II HYDERABAD,RAILWAYS,RVNL,TELANGANA,2012-04-01,2016-03-01,2017-12-01,632.68,816.55,150.22,,,,21(O),0/0,consolidated,87
2017-04-01,N22000259,659,MANUGURU-RAMAGUNDAM,RAILWAYS,SCR,TELANGANA,2013-04-01,,,1112,1112,0.36,,,,,0/1,consolidated,87
2017-04-01,N22000364,660,KONDAPALLI-KOTHAGUDEM,RAILWAYS,SCR,TELANGANA,2013-04-01,,,616.08,616.08,0.36,,,,,0/1,consolidated,87
2017-04-01,N22000394,661,DOUBLING OF TRACK BETWEEN GOOTY AND DHARMAVARAM OF SOUTH CENTRAL RAILWAY,RAILWAYS,RITES,TELANGANA,2015-03-01,2021-03-01,2021-03-01,636.38,636.38,169.16,,,,0(O),3/3,consolidated,87
2017-04-01,N22000403,662,SECUNDERABAD-MAHABUBNAGAR DOUBLING,RAILWAYS,RVNL,TELANGANA,2015-04-01,2024-12-01,2024-12-01,728.1,728.1,,,,,0(O),0/0,consolidated,87
2017-04-01,N22000099,663,"AGARTALA SABROOM, NL, NEFR",RAILWAYS,NFR,TRIPURA,2008-04-01,2014-03-01,2020-03-01,813.34,3451,1569.3,,,,72(O),0/0,consolidated,87
2017-04-01,N22000194,664,CONSTRUCTION OF NL FROM KUMARGHAT- AGARTALA,RAILWAYS,NFR,TRIPURA,1999-04-01,2007-03-01,2016-03-01,895,1857,1194.68,,,,,0/0,consolidated,87
2017-04-01,N22000195,665,AGARTALA-AKHAURA NL,RAILWAYS,NFR,TRIPURA,2012-04-01,2019-07-01,2019-07-01,252,580,,,580,,0(R),2/3,consolidated,87
2017-04-01,220100197,666,KANPUR KASGANJ MATHURA(GC) NER,RAILWAYS,NER,UTTAR PRADESH,1997-03-01,,2017-05-01,677.97,1679.13,1698.69,,1595.4,,,0/0,consolidated,87
2017-04-01,220100243,667,AGRA-ETAWAH VIA FATEHABAD AND BAH (NL) NCR,RAILWAYS,NCR,UTTAR PRADESH,1999-04-01,2009-12-01,,108,432.72,446.52,,,,,0/0,consolidated,87
2017-04-01,220100318,668,"ETAWAH-MAINPURI (NL),NCR",RAILWAYS,NCR,UTTAR PRADESH,1997-04-01,2008-12-01,2015-10-01,120,245.39,210.67,,245.39,,,0/0,consolidated,87
2017-04-01,N22000088,669,"UTRATIA-ZAFRABAD, NR (LINE DOUBLING)",RAILWAYS,NR,UTTAR PRADESH,2006-04-01,2010-03-01,2017-03-01,325,1581.53,618.19,,,,,0/0,consolidated,87
2017-04-01,N22000094,670,ELECTRIFICATION OF KHURJA-MEERUT- SAHARANPUR AND G'BAD-MEERUT,RAILWAYS,RE,UTTAR PRADESH,2008-02-01,2012-03-01,2016-03-01,171.1,275.08,141.55,,236.37,2013-12-01,,0/0,consolidated,87
2017-04-01,N22000130,671,ANANDNAGAR GHUGHALI VIA MAHRAJGANJ UP,RAILWAYS,NER,UTTAR PRADESH,2013-03-01,,,307,308,,,,,,0/0,consolidated,87
2017-04-01,N22000132,672,BHOJIPUR TANAKPUR VIA PILIBHIT,RAILWAYS,NER,UTTAR PRADESH,2008-03-01,,2017-06-01,195.64,195.64,351.04,,,,,0/0,consolidated,87
2017-04-01,N22000133,673,AUNRIHAR MANDUADIH GAZIPUR VARANASI UP,RAILWAYS,NER,UTTAR PRADESH,2012-03-01,,2017-12-01,199.75,199.75,199.41,,,,,0/0,consolidated,87
2017-04-01,N22000136,674,KAPILVASTU-BASTI VIA BANSI SIDHARTHNAGAR BASTI NAUGARH UP,RAILWAYS,NER,UTTAR PRADESH,2013-03-01,,,643,644,,,,,,0/0,consolidated,87
2017-04-01,N22000267,675,MEERUT-MUZAFARNAGAR PATCH DL,RAILWAYS,NR,UTTAR PRADESH,2012-04-01,,,377.44,377.44,182.85,,,,,0/0,consolidated,87
2017-04-01,N22000270,676,"FAIZABAD-LALGANJ VIA AKBARGANJ, MAHARAJGANJ AND RAEBARELI",RAILWAYS,NR,UTTAR PRADESH,2013-04-01,,,654,654,,,,,,0/0,consolidated,87
2017-04-01,N22000294,677,UNCHAHAR-AMETHI,RAILWAYS,NR,UTTAR PRADESH,2012-04-01,,,380,380,4.12,,,,,0/0,consolidated,87
2017-04-01,N22000321,678,GHAZIPUR - AUNRIHAR (40 KM),RAILWAYS,NER,UTTAR PRADESH,2014-04-01,,,182.92,197.73,,,,,,0/0,consolidated,87
2017-04-01,N22000345,679,GONDA GORAKHPUR LOOP WITH ANAND NAGAR NAUTANWA GC (260 KM),RAILWAYS,NER,UTTAR PRADESH,1997-04-01,,,836.26,1072.52,,,1072.52,,,0/0,consolidated,88
2017-04-01,N22000347,680,ROSA-SITAPUR CANTT-BURHWAL DOUBLING,RAILWAYS,NER,UTTAR PRADESH,2015-03-01,2022-03-01,2022-03-01,1750,1295.42,16.4,,,,0(O),0/0,consolidated,88
2017-04-01,N22000372,681,MATHURA-PLWAL 4TH LINE (80KM),RAILWAYS,NCR,UTTAR PRADESH,2015-04-01,2020-03-01,2020-03-01,524,668,,,668,,0(O),0/6,consolidated,88
2017-04-01,N22000401,682,VARANASI-MODHOSINGH-ALLAHABAD DOUBLING,RAILWAYS,RVNL,UTTAR PRADESH,2015-04-01,2024-12-01,2024-12-01,750.55,943.6,,,,,0(O),0/0,consolidated,88
2017-04-01,N22000404,683,"LUCKNOW- PILIBHIT VIA SITAPUR, LAKHIMPUR GC",RAILWAYS,RVNL,UTTAR PRADESH,2011-04-01,2019-03-01,2019-03-01,927.01,927.01,289.76,,,,0(O),0/0,consolidated,88
2017-04-01,N22000405,684,MAU-GHAZIPUR-TARIGHAT NEW LINE,RAILWAYS,RVNL,UTTAR PRADESH,2015-04-01,2025-12-01,2025-12-01,1765.9,1765.9,,,,,0(O),0/0,consolidated,88
2017-04-01,N22000413,685,BHIMSEN - JHANSI DOUBLING WITH ELECTRIFICATION,RAILWAYS,RVNL,UTTAR PRADESH,2012-03-01,2020-12-01,2020-12-01,1183.25,1183.25,357.5,,,,0(O),0/0,consolidated,88
2017-04-01,N22000417,686,RAMNA - SINGRAULI DOUBLING,RAILWAYS,ECR,UTTAR PRADESH,2015-08-01,2020-03-01,2020-03-01,2436.21,2436.21,22.62,,,,0(O),0/0,consolidated,88
2017-04-01,N22000419,687,KARAILA ROAD - SHAKTINAGAR DOUBLING,RAILWAYS,ECR,UTTAR PRADESH,2015-08-01,2018-03-01,2019-03-01,528.57,528.57,61.44,,,,12(O),0/0,consolidated,88
2017-04-01,220100317,688,KICHHA-KHATIMA (NL) - NER,RAILWAYS,NER,UTTARAKHAND,2003-04-01,,,142.45,228.4,0.15,,,,,0/0,consolidated,88
2017-04-01,N22000289,689,HARIDWAR-LAKSAR,RAILWAYS,NR,UTTARAKHAND,2012-04-01,,,219.83,346.63,38.33,,,,,0/0,consolidated,88
2017-04-01,N22000406,690,RISHIKESH - KARNAPRAYAG NEW LINE,RAILWAYS,RVNL,UTTARAKHAND,2011-04-01,2026-12-01,2026-12-01,4295.3,4295.3,46.32,,,,0(O),0/0,consolidated,88
2017-04-01,220100135,691,"NEW BG RLY LINE FROM EKLAKHI-BALURGHAT INCLUDING GAZOLE-ITAHAR(NL),NEFR",RAILWAYS,NFR,WEST BENGAL,1983-04-01,,,36.8,614,258.39,,274.41,,,0/0,consolidated,88
2017-04-01,220100208,692,HOWRAH-AMTA-CHAMPADANGA NL (SER),RAILWAYS,SER,WEST BENGAL,1974-04-01,2007-03-01,,393.46,1026,,,154.3,2007-03-01,,0/0,consolidated,88
2017-04-01,220100268,693,TOLLYGANJ-GARIA WITH EXTENSION TO DUM DUM- NOAPARA AND NOAPARA-NSCB AIRPORT(MTP),RAILWAYS,MRTP,WEST BENGAL,2000-03-01,2006-12-01,,1049.69,3404.92,3544.3,,3385.14,,,0/0,consolidated,88
2017-04-01,220100272,694,"TARAKESWAR - BISHNUPUR NEW BG LINE (NL), ER",RAILWAYS,ER,WEST BENGAL,2000-04-01,2009-12-01,2019-03-01,1188.91,1319.33,757.23,,1319.33,,111(R),0/0,consolidated,88
2017-04-01,N22000091,695,BARDHAMAN-KATWA (GC),RAILWAYS,ER,WEST BENGAL,2007-04-01,2010-12-01,,1106.62,1106.62,355.85,,,,,3/7,consolidated,88
2017-04-01,N22000097,696,"TAMLUK DIGHA,LINE DOUBLING (SER)",RAILWAYS,SER,WEST BENGAL,1984-03-01,2005-06-01,,293.97,749.69,,,,,,0/0,consolidated,88
2017-04-01,N22000108,697,NEW WORK FOR CONSTRUCTION OF METRO RAILWAY FROM NOAPARA-BARASAI VIA BIMANBANDER (MTP),RAILWAYS,KMRCL,WEST BENGAL,2010-04-01,2016-03-01,2016-06-01,2397.72,2397.72,197.2,,,,,0/0,consolidated,88
2017-04-01,N22000109,698,NEW WORK FOR CONSTRUCTION OF METRO RAILWAY FROM BARANAGAR TO BARRACKPORE AND DAKSHINESHWAR (MTP),RAILWAYS,RVNL,WEST BENGAL,2010-04-01,2014-03-01,,2298.42,1655.68,38.29,,,,,0/0,consolidated,88
2017-04-01,N22000110,699,NEW WORK FOR CONSTRUCTION OF METRO RAILWAY FROM NSCB AIRPORT TO NEW GARIA VIA RAJARHAT (MTP),RAILWAYS,RVNL,WEST BENGAL,2010-04-01,2016-03-01,2020-12-01,3951.98,3161.58,933.09,,,,57(O),0/0,consolidated,88
2017-04-01,N22000111,700,NEW WORK FOR CONSTRUCTION OF METRO RAILWAY FROM JOKA TO BINOY BADAL DINESH BAGH.,RAILWAYS,RVNL,WEST BENGAL,2010-04-01,2016-03-01,2018-12-01,2913.51,2619,631.67,,,,33(O),0/0,consolidated,89
2017-04-01,N22000116,701,DAKSHIN-BARASAL-LAKSHMIKANTAPUR,RAILWAYS,ER,WEST BENGAL,2009-04-01,2011-12-01,,533.38,533.38,127.1,,,,,0/0,consolidated,89
2017-04-01,N22000117,702,GHUTIASHARIF-CANNING (ER),RAILWAYS,ER,WEST BENGAL,2009-04-01,2011-12-01,,611.03,611.03,146.31,,,,,0/0,consolidated,89
2017-04-01,N22000118,703,PANDABESWAR-CHINPAI DOUBLING (ER),RAILWAYS,ER,WEST BENGAL,2004-04-01,2010-12-01,,293.74,229.33,140.6,,155.56,2017-03-01,,0/0,consolidated,89
2017-04-01,N22000119,704,BANDEL-NAIHATI NEW RAIL BRIDGE IN REPLACEMENT OF JUBILEE BRIDGE NO.8 (ER),RAILWAYS,ER,WEST BENGAL,1999-04-01,2012-12-01,,207.52,334.87,293.47,,334.87,2016-06-01,,0/0,consolidated,89
2017-04-01,N22000135,705,EAST WEST METRO CORRIDOR FROM HOWRAH MAIDAN TO SALT LAKE,RAILWAYS,MRTP,WEST BENGAL,2013-03-01,2016-03-01,2018-06-01,4874.58,4874.58,1881.65,,,,27(O),0/0,consolidated,89
2017-04-01,N22000159,706,BOWAICHANDI-ARAMBAGH,RAILWAYS,SER,WEST BENGAL,2010-04-01,,,267.37,434,,,,,,0/0,consolidated,89
2017-04-01,N22000161,707,BHADUTOLA-JHARGRAM VIA LALGARH (NL),RAILWAYS,SER,WEST BENGAL,2011-04-01,,,289.64,760,,,,,,0/0,consolidated,89
2017-04-01,N22000163,708,TAMLUK-BASULYA-SUTAHATA DOUBLING,RAILWAYS,RVNL,WEST BENGAL,2010-04-01,2013-06-01,2016-12-01,171.02,235,219.89,,,,,0/0,consolidated,89
2017-04-01,N22000193,709,NEW BG LINE FROM KALIYAGANJ TO BUNIADPUR,RAILWAYS,NFR,WEST BENGAL,2010-04-01,,,221.42,380,27.17,,,,,0/0,consolidated,89
2017-04-01,N22000197,710,NEW COOCHBEHAR TO SAMUKTALA,RAILWAYS,NFR,WEST BENGAL,2011-04-01,,2018-03-01,209.77,445,319.06,,,,,0/0,consolidated,89
2017-04-01,N22000198,711,NEW COOCHBEHAR-GUMANIHAT PATCH DOUBLING PROJECT,RAILWAYS,NFR,WEST BENGAL,2012-04-01,,2018-03-01,283.55,330,87.65,,,,,0/0,consolidated,89
2017-04-01,N22000212,712,CIRCULAR RAILWAY INCLUDING REMOUNT ROAD TO SANTOSHPUR,RAILWAYS,MRTP,WEST BENGAL,2009-04-01,,,573.78,268.52,0.67,,268.52,,,0/0,consolidated,89
2017-04-01,N22000302,713,BAZAR SAU -AZIMGANJ JN. DOUBLING,RAILWAYS,ER,WEST BENGAL,2012-04-01,,,255.64,272.2,0.64,,272.2,,,0/0,consolidated,89
2017-04-01,N22000309,714,MM FROM PANSKURA-GHATAL NL,RAILWAYS,SER,WEST BENGAL,2011-04-01,1999-01-01,,276.69,426,,,,,,0/0,consolidated,89
2017-04-01,N22000390,715,NEW MAYNAGURI-GUMANIHAT-DOUBLING OF REMAINING PORTION (51.65 KM),RAILWAYS,NFR,WEST BENGAL,2016-04-01,,,556.31,612,,,,,,0/0,consolidated,89
2017-04-01,N22000397,716,TAMLUK DIGHA 88.9 KM WITH MM DESHPRAN NANDIGRAM 18.5 KM MM KANTHI EGRA 26.2 KM NADAKUMAR BOLAI,RAILWAYS,SER,WEST BENGAL,1991-01-01,2021-12-01,2021-12-01,763.18,1428,,,,,0(O),0/0,consolidated,89
2017-04-01,N22000402,717,BANKURA DAMODAR VALLEY RLY LINE 96 KM GC WITH 6MMS FOR NL,RAILWAYS,SER,WEST BENGAL,1998-04-01,2003-03-01,,1027.4,2373,,,,,,0/0,consolidated,89
2017-04-01,N24000145,718,CUDDAPAH-MYDUKUR-KURNOOL KM-167.750- 356.502 KM,ROAD TRANSPORT AND HIGHWAYS,NHAI,ANDHRA PRADESH,2010-11-01,2013-05-01,2017-06-01,1585,1585,1708.35,,,,49(O),0/0,consolidated,89
2017-04-01,N24000178,719,TIRUPATI - TIRUTHANI - CHENNAI,ROAD TRANSPORT AND HIGHWAYS,NHAI,ANDHRA PRADESH,2011-04-01,2013-10-01,2017-12-01,571,571,622.89,,,,50(O),0/0,consolidated,89
2017-04-01,N24000183,720,SIX LANNING OF NELLORE-CHILKALURIPET KM.1182.802 TO KM.1366.547,ROAD TRANSPORT AND HIGHWAYS,NHAI,ANDHRA PRADESH,2011-11-01,2014-05-01,2017-06-01,1535,1535,2620.72,,,,37(O),0/0,consolidated,90
2017-04-01,N24000262,721,REHABILITATION AND UP-GRADATION OF NH-221 (NEW NH-30) FROM KM 32.735 TO KM 71.200 (CHANDRAGUDEM TO A,ROAD TRANSPORT AND HIGHWAYS,DORTH,ANDHRA PRADESH,2014-12-01,2015-02-01,,201.12,201.12,,,201,,,0/4,consolidated,90
2017-04-01,N24000263,722,REHABILITATION AND UPGRADATION OF NH -67 FROM KM 589/0 TO 641/0 (MYDUKUR TO DORNALA T-JUNCTION ),ROAD TRANSPORT AND HIGHWAYS,PWD,ANDHRA PRADESH,2015-02-01,2017-02-01,2017-02-01,241.61,241.61,7.71,,,,,0/1,consolidated,90
2017-04-01,N24000265,723,REHABILITATION AND UPGRADATION OF NH-67 FROM KM 695.000 TO KM 741.950 (ATMAKUR – NELLORE SECTION) IN,ROAD TRANSPORT AND HIGHWAYS,PWD,ANDHRA PRADESH,2014-11-01,2017-02-01,2017-02-01,297.78,330,,,330,,,0/0,consolidated,90
2017-04-01,N24000266,724,REHABILITATION AND UPGRADATION FROM KM.425 400 TO 509 400 NH-565 OF PENCHALAKONA TO YERPEDU CONTRAC,ROAD TRANSPORT AND HIGHWAYS,PWD,ANDHRA PRADESH,2014-01-01,2014-07-01,,361.3,207.4,44.08,,200.69,,,0/1,consolidated,90
2017-04-01,N24000267,725,REHABILITATION AND UPGRADATION OF NH-565 FROM KM 294.00 TO 361.327 (VAGGAMPALLE- DORNALA T-JUNCTION),ROAD TRANSPORT AND HIGHWAYS,PWD,ANDHRA PRADESH,2014-02-01,2014-07-01,2016-07-01,258.99,258.99,16.54,,,,,0/1,consolidated,90
2017-04-01,N24000268,726,REHABILITATION UPGRADATION OF NH-67 FROM KM 641.000 TO KM 695.000 (DORNALA T JUNCTION TO ATMAKUR SEC,ROAD TRANSPORT AND HIGHWAYS,PWD,ANDHRA PRADESH,2014-07-01,2015-02-01,2017-02-01,251.55,251.55,7.74,,,,,0/1,consolidated,90
2017-04-01,N24000269,727,REHABILITATION AND UPGRADATION OF NH -18 FROM KM 57/0 TO KM 108/850 PILERU TO RAYACHOTY SECTION TO T,ROAD TRANSPORT AND HIGHWAYS,PWD,ANDHRA PRADESH,2015-03-01,,,175.03,175,,,,,,0/1,consolidated,90
2017-04-01,N24000272,728,REHABILITATION AND UPGRADATION OF NH-42 (OLD NO.205) FROM KM.134/0 TO 202/050 (MUDIGUBBA TO ANANTHAP,ROAD TRANSPORT AND HIGHWAYS,PWD,ANDHRA PRADESH,2015-02-01,,,266,266,,,,,,0/4,consolidated,90
2017-04-01,N24000273,729,REHABILITATION AND UP-GRADATION OF NH-221 (NEW NH-30) FROM KM 0.0 TO 32.735(IBRAHIMAPATNAM TO CHANDR,ROAD TRANSPORT AND HIGHWAYS,MORTH,ANDHRA PRADESH,2015-07-01,,,314.43,314.43,,,,,,0/0,consolidated,90
2017-04-01,N24000274,730,FOUR LANING OF 5.122 KM OF NH9 ( NEW NH 65) FROM KM 269.900 ( DESIGN CH0.0 ) TO KM 275-622( DESIGN C,ROAD TRANSPORT AND HIGHWAYS,PWD,ANDHRA PRADESH,2015-07-01,2015-12-01,2016-12-01,333.21,333.21,,,333.21,,,0/2,consolidated,90
2017-04-01,N24000282,731,REHABILITATION AND UPGRADATION OF EXISTING NH-565 FROM KM.86.057 TO 133.922 OF NAGARJUNASAGAR DAM T,ROAD TRANSPORT AND HIGHWAYS,PWD,ANDHRA PRADESH,2014-01-01,2014-11-01,2016-11-01,195.45,195.45,,,,,,0/4,consolidated,90
2017-04-01,N24000284,732,REHABILITATION AND UPGRADATION OF EXISTING NH-565 OF FROM KM.154.900 TO 198.694 OF DAVULAPALLY TO,ROAD TRANSPORT AND HIGHWAYS,PWD,ANDHRA PRADESH,2014-02-01,2014-11-01,2016-11-01,170.21,170.21,5.65,,,,,0/4,consolidated,90
2017-04-01,N24000293,733,REHABILITATION AND UP-GRADATION OF NH-214 (NEW NH-216) FROM KM 0.0 TO 26.150(KATHIPUDI TO START OF K,ROAD TRANSPORT AND HIGHWAYS,MORTH,ANDHRA PRADESH,2015-10-01,,,480.21,480.21,,,,,,0/0,consolidated,90
2017-04-01,N24000299,734,REHABILITATION AND UPGRADATION OF EXISTING NH-167 FROM KM 70/000 TO KM 125-150,ROAD TRANSPORT AND HIGHWAYS,PWD,ANDHRA PRADESH,2015-02-01,2015-05-01,2017-05-01,224.83,224.83,,,,,24(O),2/4,consolidated,91
2017-04-01,N24000300,735,REHABILITATION AND UPGRADATION OF NH-42 FROM KM 4 to350 TO KM 75 to 600 TO TWO LANE WITH PAVE SOLDOU,ROAD TRANSPORT AND HIGHWAYS,PWD,ANDHRA PRADESH,2015-03-01,2015-09-01,2017-08-01,309.01,309.01,,,,,23(O),0/4,consolidated,91
2017-04-01,N24000301,736,REHABILITATION AND UPGRADATION OF NH-219 FROM KM 58-600 TO KM 140-750 IN THE STATE OF ANDHRA PRADES,ROAD TRANSPORT AND HIGHWAYS,PWD,ANDHRA PRADESH,2015-03-01,2015-10-01,2017-10-01,271.45,271.45,,,,,24(O),0/0,consolidated,91
2017-04-01,N24000302,737,FOUR LANING OF 5.122 KM OF NH9( NEW NH 65) FROM KM 269.900( DESIGN CH0.0 ),ROAD TRANSPORT AND HIGHWAYS,PWD,ANDHRA PRADESH,2015-07-01,2015-12-01,2016-12-01,333.21,333.21,,,,,,0/0,consolidated,91
2017-04-01,N24000303,738,REHABILITATION AND UPGRADATION OF NH-565 FROM KM.198/694 TO 294/0 (MARKAPURAM TO VAGGAMPALLE SECTION,ROAD TRANSPORT AND HIGHWAYS,PWD,ANDHRA PRADESH,2014-02-01,2014-06-01,2016-06-01,417.61,417.61,,,,,,0/2,consolidated,91
2017-04-01,N24000407,739,FOUR LANING OF 5.122 KM OF NH 9 (NEW NH 65) FROM KM 269/900 (DESIGN CH. 0/0) TO KM 275/022 (DESIGN C,ROAD TRANSPORT AND HIGHWAYS,PWD,ANDHRA PRADESH,2015-10-01,2015-11-01,2015-11-01,333.21,333.21,,,,,,0/0,consolidated,91
2017-04-01,N24000416,740,REHABILITATION AND UPGRADATION OF NH-167 FROM KM 70,ROAD TRANSPORT AND HIGHWAYS,PWD,ANDHRA PRADESH,2015-02-01,2015-04-01,2016-05-01,224.83,224.83,,,,,,0/0,consolidated,91
2017-04-01,N24000545,741,FOUR LANNING OF NH-9 FROM VIJAYWADA- MACHLIPATNAM (KM 0.000 TO 63.800),ROAD TRANSPORT AND HIGHWAYS,NHAI,ANDHRA PRADESH,2016-01-01,,2018-11-01,1134.97,1134.97,,,,,,0/0,consolidated,91
2017-04-01,N24000632,742,VIJAYAWADA-GUNDUGOLANU SECTION,ROAD TRANSPORT AND HIGHWAYS,NHAI,ANDHRA PRADESH,2014-09-01,2017-02-01,2017-02-01,1684,1684,51.12,,,,,0/0,consolidated,91
2017-04-01,N24000667,743,REHABILITATION AND UPGRADATION OF NH-4 FROM NALAGAMPALLI TO AP/KARNATAKA BORDER,ROAD TRANSPORT AND HIGHWAYS,NHAI,ANDHRA PRADESH,2017-03-01,2020-03-01,2020-03-01,648.32,503.1,,,,,0(O),0/0,consolidated,91
2017-04-01,N24000668,744,SIX LANNING OF RANASTALAM-ANANDAPURAM SECTION OF NH-16 FROM KM 634.000 TO KM 681.000,ROAD TRANSPORT AND HIGHWAYS,NHAI,ANDHRA PRADESH,2017-03-01,2020-03-01,2020-03-01,1041.62,1187.1,,,,,0(O),0/0,consolidated,91
2017-04-01,N24000307,745,TWO LANING OF KHONSA - TISSA - LONGDING (NH- 52B) (42.50 KM) IN ARUNACHAL PRADESH UNDER ARUNACHAL PRA,ROAD TRANSPORT AND HIGHWAYS,PWD,ARUNACHAL PRADESH,2011-12-01,2012-02-01,,156.63,276,132.21,,276,,,0/0,consolidated,91
2017-04-01,N24000309,746,TWO LANING OF LALPUL- MANMAO- CHANGLANG ROAD (NH-52B) IN ARUNACHAL PRADESH UNDER ARUNACHAL PRADESH P,ROAD TRANSPORT AND HIGHWAYS,PWD,ARUNACHAL PRADESH,2010-11-01,2011-03-01,,305.49,305.49,,,,,,0/0,consolidated,91
2017-04-01,N24000311,747,TWO LANING OF GOBOK - SIJON NALLAH (CORRECSPONDING TO EXISTING CH: 27.00 TO KM75.00) IN ARUNACHAL PR,ROAD TRANSPORT AND HIGHWAYS,PWD,ARUNACHAL PRADESH,2012-03-01,2012-05-01,,207.03,207.03,,,,,,0/0,consolidated,91
2017-04-01,N24000324,748,2 LANING FROM PASIGHAT TO PANGIN SECTION OF NH-229 FROM KM 41.3 TO KM 58.42 (EXISTING KM 42 TO KM 59,ROAD TRANSPORT AND HIGHWAYS,NHIDCL,ARUNACHAL PRADESH,2015-03-01,2018-05-01,2018-05-01,194.11,194.11,30.54,,,,0(O),1/4,consolidated,91
2017-04-01,N24000325,749,2 LANING OF SINGER RIVER TO SIZOH NALA IN ARUNACHAL PRADESH ON EPC BASIS,ROAD TRANSPORT AND HIGHWAYS,NHIDCL,ARUNACHAL PRADESH,2015-10-01,2019-01-01,2019-01-01,179.82,179.82,8.99,,,,0(O),1/4,consolidated,92
2017-04-01,N24000326,750,CONSTRUCTION OF 2-LANE ROAD FROM KM 33 TO KM 65.00 OF AKAJAN-LIKABALI-BAME ROAD IN ARUNACHAL PRADESH,ROAD TRANSPORT AND HIGHWAYS,NHIDCL,ARUNACHAL PRADESH,2015-07-01,2018-10-01,2018-10-01,197.16,197.16,38.5,,,,0(O),1/4,consolidated,92
2017-04-01,N24000327,751,2 LANING FROM LONGDING TO KANUBARI OF NH- 52B FROM KM 0 TO KM 47.213 IN ARUNACHAL PRADESH,ROAD TRANSPORT AND HIGHWAYS,NHIDCL,ARUNACHAL PRADESH,2015-03-01,2018-06-01,2018-06-01,394,394,,,,,0(O),0/3,consolidated,92
2017-04-01,N24000387,752,FOUR LANING OF ITANAGAR - HOLONGI SECTION OF NH-52A (19.26 KM) IN ARUNACHAL PRADESH UNDER PHASE 'A',ROAD TRANSPORT AND HIGHWAYS,PWD,ARUNACHAL PRADESH,2011-01-01,,,264.16,264.16,,,,,,0/0,consolidated,92
2017-04-01,N24000419,753,TWO LANING OF HOJ POTIN SECTION OF NH 229 (19.06 KM) IN ARUNACHAL PRADESH UNDER ARUNACHAL PRADESH PA,ROAD TRANSPORT AND HIGHWAYS,PWD,ARUNACHAL PRADESH,2009-12-01,2010-09-01,2010-09-01,165,165,,,,,,0/0,consolidated,92
2017-04-01,N24000420,754,TWO LANING OF YUPIA - HOJ SECTION (20.40 KM) IN ARUNACHAL PRADESH UNDER ARUNACHAL PRADESH PACKAGE OF,ROAD TRANSPORT AND HIGHWAYS,PWD,ARUNACHAL PRADESH,2009-12-01,2010-09-01,2010-09-01,104,201,,,,,,0/0,consolidated,92
2017-04-01,N24000421,755,2 LANING FROM PASIGHAT TO PANGIN SECTION OF NH-229 FROM KM 0 TO KM 28,ROAD TRANSPORT AND HIGHWAYS,NHIDCL,ARUNACHAL PRADESH,2015-03-01,2018-05-01,2018-05-01,235.08,235.08,47.81,,,,0(O),1/4,consolidated,92
2017-04-01,N24000614,756,2-LANING WITH PAVED SHOULDER OF NH-52 FROM KM 583.450.TO KM 605.600(EXISTING CHAINAGE FROMKM.583.450,ROAD TRANSPORT AND HIGHWAYS,NHIDCL,ARUNACHAL PRADESH,2016-01-01,2016-11-01,2016-11-01,183.65,183.65,,,,,,0/0,consolidated,92
2017-04-01,N24000615,757,FUNDED ) 2 LANING FROM CHANGLANG DISTRICT BOUNDARY -KHONSA (42.844KM) SECTION OF NH-52B IN THE STATE,ROAD TRANSPORT AND HIGHWAYS,NHIDCL,ARUNACHAL PRADESH,2016-01-01,2016-06-01,2016-06-01,334.22,334.22,,,,,,0/4,consolidated,92
2017-04-01,N24000616,758,CONSTRUCTION OF 2-LANE ROAD FROM EXISTING KM 21.500 OF HUNLI-ANINI ROAD( NEAR ITHUN BRIDGE) TO KM 37,ROAD TRANSPORT AND HIGHWAYS,NHIDCL,ARUNACHAL PRADESH,2016-04-01,,,245.79,245.79,,,,,,0/0,consolidated,92
2017-04-01,N24000617,759,CONSTRUCTION OF 2-LANE ROAD FROM EXISTING KM. 37.500 OF HUNLI-ANINI ROAD (NEAR ITHUN BRIDGE) TO KM.,ROAD TRANSPORT AND HIGHWAYS,NHIDCL,ARUNACHAL PRADESH,2016-04-01,2016-10-01,2016-10-01,198,198,,,,,,0/4,consolidated,92
2017-04-01,N24000618,760,FUNDED ) CONSTRUCTION OF 2-LANE HUNLI-ANINI ROAD FROM KM 53.500 TO KM 92.500 IN THE STATE OF ARUNACH,ROAD TRANSPORT AND HIGHWAYS,NHIDCL,ARUNACHAL PRADESH,2015-11-01,,,434.06,434.06,,,,,,0/0,consolidated,92
2017-04-01,N24000676,761,CONSTRUCTION OF 2-LANE OF HUNLI-ANINI ROAD FROM KM. 106.20 TO KM. 120,ROAD TRANSPORT AND HIGHWAYS,NHIDCL,ARUNACHAL PRADESH,2016-12-01,2017-01-01,2020-01-01,138.93,155,,,155,,36(O),0/0,consolidated,92
2017-04-01,N24000677,762,CONSTRUCTION OF MEKA ROING HUNLI FROM EXISTING KM16 OF ROING HUNLI ROAD TO KM 21.500 OF HUNLI AN,ROAD TRANSPORT AND HIGHWAYS,NHIDCL,ARUNACHAL PRADESH,2017-01-01,2017-03-01,2017-03-01,1253.1,1253.1,,,,,,0/0,consolidated,92
2017-04-01,N24000678,763,TWO LANING OF AKAJAN LIKABALI BAME ROAD ON EPC BASIS FROM EXISTING KM 71.000 TO KM 99.000 (DESIGN KM,ROAD TRANSPORT AND HIGHWAYS,NHIDCL,ARUNACHAL PRADESH,2017-03-01,2017-04-01,2017-04-01,284.09,284.09,,,,,0(O),0/0,consolidated,93
2017-04-01,N24000679,764,TWO LANING OF EXISTING HAYULIANG HAWAI ROAD ON EPC BASIS FROM DESIGN KM. 17.000 (KHUPA) TO KM. 34.00,ROAD TRANSPORT AND HIGHWAYS,NHIDCL,ARUNACHAL PRADESH,2017-02-01,2017-04-01,2017-04-01,195.23,195.23,,,,,0(O),0/0,consolidated,93
2017-04-01,N24000680,765,TWO LANING OF EXISTING HAYULIANG HAWAI ROAD ON EPC BASIS FROM DESIGN KM. 34.000 TO KM. 51.825 [EXIST,ROAD TRANSPORT AND HIGHWAYS,NHIDCL,ARUNACHAL PRADESH,2017-02-01,2017-04-01,2017-04-01,203.36,203.36,,,,,0(O),0/0,consolidated,93
2017-04-01,N24000681,766,TWO LANING OF EXISTING KHUPA HAYULIANG HAWAI ROAD ON EPC BASIS FROM DESIGN KM. 0.000 (KHUPA) TO KM.,ROAD TRANSPORT AND HIGHWAYS,NHIDCL,ARUNACHAL PRADESH,2017-01-01,2017-04-01,2017-04-01,194.66,194.66,,,,,0(O),0/0,consolidated,93
2017-04-01,N24000682,767,TWO LANING OF JORAM KOLORIANG ROAD (NH 713) ON EPC BASIS FROM DESIGN KM. 44+000 TO KM. 59+363 [EXIS,ROAD TRANSPORT AND HIGHWAYS,NHIDCL,ARUNACHAL PRADESH,2017-02-01,2017-04-01,2017-04-01,168.32,168.32,,,,,0(O),0/0,consolidated,93
2017-04-01,N24000683,768,TWO LANING OF JORAM KOLORIANG ROAD (NH 713) ON EPC BASIS FROM DESIGN KM. 138+000 TO KM. 154+036 [EX,ROAD TRANSPORT AND HIGHWAYS,NHIDCL,ARUNACHAL PRADESH,2017-02-01,2017-04-01,2017-04-01,180.57,180.57,,,,,0(O),0/0,consolidated,93
2017-04-01,N24000684,769,CONSTRUCTION OF TWOLANE WITH PAVED SHOULDERS OF JORAM KOLORIANG ROAD (NH 713) ON EPC BASIS FROM EXIS,ROAD TRANSPORT AND HIGHWAYS,NHIDCL,ARUNACHAL PRADESH,2017-02-01,2017-04-01,2017-04-01,216.71,216.71,,,,,0(O),0/0,consolidated,93
2017-04-01,N24000685,770,CONSTRUCTION OF TWO LANE WITH PAVED SHOULDERS OF JORAM KOLORIANG ROAD (NH 713) ON EPC BASIS FROM EXI,ROAD TRANSPORT AND HIGHWAYS,NHIDCL,ARUNACHAL PRADESH,2017-02-01,2017-04-01,2017-04-01,167.28,167.28,,,,,0(O),0/0,consolidated,93
2017-04-01,N24000690,771,TWO LANING OF EXISTING KHUPA HAYULIANG HAWAI ROAD ON EPC BASIS FROM DESIGN KM. 0.000 (KHUPA) TO KM.,ROAD TRANSPORT AND HIGHWAYS,NHIDCL,ARUNACHAL PRADESH,2017-01-01,2017-04-01,2017-04-01,198.22,198.22,,,,,0(O),0/0,consolidated,93
2017-04-01,240106277,772,"HARANGAJO TO MAIBANG (AS-23), KM.126.450 TO KM.140.700",ROAD TRANSPORT AND HIGHWAYS,NHAI,ASSAM,2003-12-01,2009-02-01,2017-05-01,280,361,410.32,,,,99(O),0/0,consolidated,93
2017-04-01,240106278,773,"MAIBANG TO LUMDING (AS-25), KM.83.400 TO KM.111.000",ROAD TRANSPORT AND HIGHWAYS,NHAI,ASSAM,2003-12-01,2009-04-01,2017-05-01,199.81,385.13,209.8,,,,97(O),0/0,consolidated,93
2017-04-01,240106279,774,"MAIBANG TO LUMDING (AS-26), KM.60.500 TO KM.83.400, NH-54",ROAD TRANSPORT AND HIGHWAYS,NHAI,ASSAM,2003-12-01,2008-11-01,2017-05-01,167.64,167.64,268.94,,,,102(O),0/0,consolidated,93
2017-04-01,240106280,775,"MAIBANG TO LUMDING (AS-24), KM.111.000 TO KM.126.450",ROAD TRANSPORT AND HIGHWAYS,NHAI,ASSAM,2003-12-01,2008-11-01,2017-05-01,155.04,280.13,195.35,,,,102(O),0/0,consolidated,93
2017-04-01,240106281,776,"MAIBANG TO LUMDING (AS-27), KM.40.000 TO KM.60.500",ROAD TRANSPORT AND HIGHWAYS,NHAI,ASSAM,2003-12-01,2009-04-01,2017-05-01,200,200,245.83,,,,97(O),0/0,consolidated,93
2017-04-01,N24000044,777,SONAPUR TO GUWAHTI (AS-3),ROAD TRANSPORT AND HIGHWAYS,NHAI,ASSAM,2003-12-01,2008-03-01,2017-05-01,245,245,214.88,,,2016-10-01,110(O),0/0,consolidated,93
2017-04-01,N24000047,778,NALBARI TO BIJNI (AS-6),ROAD TRANSPORT AND HIGHWAYS,NHAI,ASSAM,2003-12-01,2008-06-01,2017-04-01,225,225,312.79,,,2016-06-01,106(O),0/0,consolidated,93
2017-04-01,N24000048,779,NALBARI T BIJNI (AS-7),ROAD TRANSPORT AND HIGHWAYS,NHAI,ASSAM,2003-12-01,2008-04-01,2017-06-01,208,208,297.81,,230,2017-01-01,110(O),0/0,consolidated,93
2017-04-01,N24000049,780,"DHARAMTUL TO SONAPUR,KM 205-183 (AS-20)",ROAD TRANSPORT AND HIGHWAYS,NHAI,ASSAM,2003-12-01,2008-05-01,2017-04-01,160,160,198.82,,,2016-12-01,107(O),0/0,consolidated,93
2017-04-01,N24000062,781,"HARANGAJO TO MAIBANG, NH-54",ROAD TRANSPORT AND HIGHWAYS,NHAI,ASSAM,2003-12-01,2009-07-01,2017-05-01,196,331.23,340.12,,,,94(O),0/0,consolidated,94
2017-04-01,N24000063,782,"BRAHMPUTRA BRIDGE,NH NO-31",ROAD TRANSPORT AND HIGHWAYS,NHAI,ASSAM,2003-12-01,2010-04-01,2017-03-01,217.61,309.56,389.08,,309.56,2016-09-01,,0/0,consolidated,94
2017-04-01,N24000305,783,FOUR LANING OF NUMALIGARH TO JORHAT SECTION FROM KM. 402.500 TO KM. 453.000 (DESIGN KM 403.200 TO KM,ROAD TRANSPORT AND HIGHWAYS,NHIDCL,ASSAM,2015-05-01,2018-05-01,2018-05-01,454.89,454.89,22.74,,,,0(O),0/4,consolidated,94
2017-04-01,N24000319,784,4 LANING OF JORHAT TO JHANJI SECTION FROM KM. 453.00 TO KM. 491.08 (DESIGN KM 403.200 TO KM 454.240),ROAD TRANSPORT AND HIGHWAYS,NHIDCL,ASSAM,2015-06-01,2018-06-01,2018-06-01,437.39,437.39,21.86,,,,0(O),0/4,consolidated,94
2017-04-01,N24000320,785,FOUR LANING OF JHANJHI JN TO DEMOW SECTION FROM KM. 491.050 TO KM. 535.250(DESIGN KM 490.800 TO KM 5,ROAD TRANSPORT AND HIGHWAYS,NHIDCL,ASSAM,2015-06-01,2018-06-01,2018-06-01,463.49,463.49,9.26,,,,0(O),0/4,consolidated,94
2017-04-01,N24000321,786,FOUR LANING FROM BISWANATH CHARIALI TO GOHPUR FROM KM 208 TO KM 264.10 OF NH-52,ROAD TRANSPORT AND HIGHWAYS,NHIDCL,ASSAM,2016-06-01,2019-01-01,2019-01-01,829,829,59.85,,,,0(O),0/4,consolidated,94
2017-04-01,N24000322,787,FOUR LANING FROM GOHPUR TO HOLONGI SECTION FROM KM 264.10 OF NH 52 TO KM 20.37 OF NH 52A,ROAD TRANSPORT AND HIGHWAYS,NHIDCL,ASSAM,2015-03-01,2018-11-01,2018-11-01,168.39,168.39,16.84,,,,0(O),0/4,consolidated,94
2017-04-01,N24000323,788,4 LANING FROM KALIABOR TINALI TO DOLABARI SECTION FROM KM 0.0 TO KM 17.3 OF NH 37A INCL. ADDITIONAL,ROAD TRANSPORT AND HIGHWAYS,NHIDCL,ASSAM,2014-10-01,2018-11-01,2018-11-01,588.95,588.95,80,,,,0(O),0/4,consolidated,94
2017-04-01,N24000392,789,2 LANING FROM KANUBARI TO START OF BOGIBEEL BRIDGE APPROACHES OF NH-52B(EXTN) IN ASSAM,ROAD TRANSPORT AND HIGHWAYS,PWD,ASSAM,2010-11-01,2017-05-01,2017-05-01,268.08,268.08,,,,,0(O),0/0,consolidated,94
2017-04-01,N24000396,790,2 LANING OF OF LUMDING-DIPHU- MANJA ROAD (L=54.37 KM.) HAFLONG JATINGA ROAD (L=7.46 KM.) BASKA BAR,ROAD TRANSPORT AND HIGHWAYS,PWD,ASSAM,2010-11-01,2011-02-01,2011-02-01,470.2,470.2,,,,,,0/0,consolidated,94
2017-04-01,N24000409,791,STRENGTHENING AND CONSTRUCTION OF PAVED SHOULDERS INCLUDING REHABILITATION/REPAIRING OF BRIDGES FROM,ROAD TRANSPORT AND HIGHWAYS,PWD,ASSAM,2011-05-01,2018-02-01,2018-02-01,176.22,176.22,,,,,0(O),0/0,consolidated,94
2017-04-01,N24000411,792,STRENGTHENING AND WIDENING OF NH-44 FROM KM.173.125 TO KM. 272.241 OF NH-44 AND ALONG THE KARIMGANJ,ROAD TRANSPORT AND HIGHWAYS,PWD,ASSAM,2014-11-01,2018-02-01,2018-02-01,218.31,218.31,,,,,0(O),0/0,consolidated,94
2017-04-01,N24000429,793,4 LANING FROM END OF NAGAON BYPASS TO RANGAGARA (KM. 278.60 TO KM. 297.00) OF NH- 37ON EPC BASIS,ROAD TRANSPORT AND HIGHWAYS,NHIDCL,ASSAM,2015-12-01,2018-12-01,2018-12-01,225.02,159.2,,,,,0(O),0/4,consolidated,94
2017-04-01,N24000430,794,4 LANING FROM GOHPUR TO HOLONGI SECTION FROM KM 264.10 OF NH 52 TO KM 20.37 OF NH 52A,ROAD TRANSPORT AND HIGHWAYS,NHIDCL,ASSAM,2015-12-01,2018-06-01,2018-06-01,223.3,223.3,,,,,0(O),0/0,consolidated,94
2017-04-01,N24000431,795,4 LANING FROM JAMUGURI TO BISWANATH CHARIALI FROM KM 182 TO KM 208 OF NH-52,ROAD TRANSPORT AND HIGHWAYS,NHIDCL,ASSAM,1991-01-01,,,520.01,520.01,,,,,,0/0,consolidated,94
2017-04-01,N24000438,796,4 LANING FROM RANGAGARA TO KALIABHOR TINALI FROM KM 297.00 TO KM 315.315 OF NH-37 ON EPC BASIS.,ROAD TRANSPORT AND HIGHWAYS,NHIDCL,ASSAM,2015-12-01,2018-12-01,2018-12-01,289.99,289.99,,,,,0(O),0/0,consolidated,94
2017-04-01,N24000582,797,4 LANING OF NH-37 SECTION BETWEEN DEMOW TO END OF MORAN BYPASS (FROM KM. 534.800 TO KM. 561.700) O,ROAD TRANSPORT AND HIGHWAYS,NHIDCL,ASSAM,2016-01-01,2016-01-01,2016-01-01,294.17,294.17,,,,,,0/4,consolidated,94
2017-04-01,N24000583,798,4 LANING OF NH 37 SECTION BETWEEN END OF MORAN BYPASS TO BOGIBEEL JUNCTION NEAR LAPETKETA (KM. 561,ROAD TRANSPORT AND HIGHWAYS,NHIDCL,ASSAM,2016-01-01,2016-01-01,2016-01-01,252,252,,,,,,0/4,consolidated,95
2017-04-01,N24000165,799,PATNA-MUZZAFFARPUR,ROAD TRANSPORT AND HIGHWAYS,NHAI,BIHAR,2010-08-01,2013-02-01,2018-06-01,671.3,671.3,880.29,,,,64(O),0/0,consolidated,95
2017-04-01,N24000166,800,2 LANNING OF MOKAMA-MUNGER,ROAD TRANSPORT AND HIGHWAYS,NHAI,BIHAR,2011-05-01,2013-05-01,2017-10-01,351.54,351.54,351.23,,,,53(O),0/0,consolidated,95
2017-04-01,N24000184,801,2-LANNING WITH PS KHAGARIA-PURNEA,ROAD TRANSPORT AND HIGHWAYS,NHAI,BIHAR,2011-05-01,2014-02-01,2017-05-01,664,664,654.59,,,,39(O),0/0,consolidated,95
2017-04-01,N24000185,802,PATNA-BAKTZARPUR KM.181.3 TO KM.231.95,ROAD TRANSPORT AND HIGHWAYS,NHAI,BIHAR,2011-09-01,2014-03-01,2017-09-01,574,574,898.99,,,,42(O),0/0,consolidated,95
2017-04-01,N24000186,803,2-LANNING WITH PS MOTIHARI-RAXAUL,ROAD TRANSPORT AND HIGHWAYS,NHAI,BIHAR,2011-10-01,2014-04-01,2017-06-01,375.09,375.09,494.33,,,,38(O),0/0,consolidated,95
2017-04-01,N24000187,804,4-LANNING OF CHAPRA-HAJIPUR,ROAD TRANSPORT AND HIGHWAYS,NHAI,BIHAR,2011-01-01,2013-07-01,2018-03-01,575,575,604.61,,,,56(O),0/0,consolidated,95
2017-04-01,N24000188,805,2 LANNING OF MUZAFFARPUR - SONBARSA,ROAD TRANSPORT AND HIGHWAYS,NHAI,BIHAR,2011-05-01,2013-11-01,2017-12-01,511.54,511.54,545.27,,,,49(O),0/0,consolidated,95
2017-04-01,N24000382,806,REHABILITATION AND UPGRADING TO 2 LANES/2 LANE WITH PAVED SHOULDERS CONFIGURATION OF BIRPUR - BIHPUR,ROAD TRANSPORT AND HIGHWAYS,MORTH,BIHAR,1991-01-01,,,675,675,,,,,,0/0,consolidated,95
2017-04-01,N24000398,807,REHABILITATION AND UPGRADING TO 2 LANES/2 LANE WITH PAVED SHOULDERS CONFIGURATION OF ANISABAD-AURANG,ROAD TRANSPORT AND HIGHWAYS,MORTH,BIHAR,1991-01-01,2016-08-01,2016-08-01,282.41,282.41,67.52,,,,,0/0,consolidated,95
2017-04-01,N24000402,808,REHABILITATION AND UPGRADING TO 2 LANES/2 LANE WITH PAVED SHOULDERS CONFIGURATION OF ANISABAD-AURANG,ROAD TRANSPORT AND HIGHWAYS,MORTH,BIHAR,1991-01-01,2016-10-01,2016-10-01,358.22,358.22,188.71,,,,,0/0,consolidated,95
2017-04-01,N24000473,809,FOUR LANING OF PATNA TO KOILWAR,ROAD TRANSPORT AND HIGHWAYS,NHAI,BIHAR,2015-08-01,,,556.07,556.07,,,,,,0/0,consolidated,95
2017-04-01,N24000480,810,FOUR OF SIMARIA - KHAGARIA SECTION OF NH-31,ROAD TRANSPORT AND HIGHWAYS,NHAI,BIHAR,2015-12-01,,2019-04-01,1041.1,1041.1,,,,,,0/0,consolidated,95
2017-04-01,N24000482,811,FOUR LANING OF KOILWAR TO BHOJPUR,ROAD TRANSPORT AND HIGHWAYS,NHAI,BIHAR,2015-08-01,,,814.04,814.04,,,,,,0/0,consolidated,95
2017-04-01,N24000501,812,FOUR LANING OF FORBESGANJ - JOGBANI,ROAD TRANSPORT AND HIGHWAYS,NHAI,BIHAR,2015-08-01,,2018-04-01,322.09,322.09,,,,,,0/0,consolidated,95
2017-04-01,N24000506,813,FOUR LANING OF BHOJPUR TO BUXAR,ROAD TRANSPORT AND HIGHWAYS,NHAI,BIHAR,1991-01-01,,,642.41,642.41,,,,,,0/0,consolidated,95
2017-04-01,N24000507,814,FOUR LANING OF BAKHTIYARPUR - MOKAMA SECTION OF NH-31,ROAD TRANSPORT AND HIGHWAYS,NHAI,BIHAR,2015-12-01,,,1167.45,1167.45,,,,,,0/0,consolidated,95
2017-04-01,N24000518,815,TWO LANING WITH PS OF BIHARAHARIF -BARBIGHA - MOKAMA,ROAD TRANSPORT AND HIGHWAYS,NHAI,BIHAR,2015-08-01,,2019-04-01,399.54,399.54,,,,,,0/0,consolidated,95
2017-04-01,N24000519,816,REHABILITATION AND UPGRADING TO 2 LANES-2 LANE WITH PAVED SHOULDERS CONFIGURATION OF,ROAD TRANSPORT AND HIGHWAYS,MORTH,BIHAR,1991-01-01,,,478.35,478.35,,,,,,0/0,consolidated,95
2017-04-01,N24000521,817,TWO LANING WITH PS OF CHHAPRA -GOPALGANJ,ROAD TRANSPORT AND HIGHWAYS,NHAI,BIHAR,2015-08-01,,2017-12-01,854.8,854.8,,,,,,0/0,consolidated,95
2017-04-01,N24000522,818,TWO LANING WITH PS OF CHHAPRA -REWAGHAT - MUZAFFARPUR,ROAD TRANSPORT AND HIGHWAYS,NHAI,BIHAR,2015-08-01,,2018-04-01,516.13,516.13,18.48,,,,,0/0,consolidated,95
2017-04-01,N24000530,819,REHABILITATION AND UPGRADING TO 2 LANES/2 LANE WITH PAVED SHOULDERS CONFIGURATION OF SITAMARHIKM 40,ROAD TRANSPORT AND HIGHWAYS,PWD,BIHAR,1991-01-01,,,154.62,154.62,,,,,,0/0,consolidated,96
2017-04-01,N24000531,820,REHABILITATION AND UPGRADING TO 2 LANES/2 LANE WITH PAVED SHOULDERS (KM 40 TO KM 219.945) OF NH-104,ROAD TRANSPORT AND HIGHWAYS,PWD,BIHAR,1991-01-01,,,319.68,319.68,,,,,,0/0,consolidated,96
2017-04-01,N24000536,821,REHABILITATION AND UPGRADING TO 2 LANE WITH PAVED SHOULDERS CONFIGURATION AND STRENGTHENING OF ANISH,ROAD TRANSPORT AND HIGHWAYS,MORTH,BIHAR,2014-10-01,2014-03-01,,377.64,377.64,,,,,,0/0,consolidated,96
2017-04-01,N24000537,822,REHABILITATION AND UPGRADING TO 2 LANE WITH PAVED SHOULDERS CONFIGURATION AND STRENGTHENING OF ANISH,ROAD TRANSPORT AND HIGHWAYS,MORTH,BIHAR,2013-10-01,2014-08-01,2014-08-01,278.39,278.39,,,,,,0/0,consolidated,96
2017-04-01,N24000573,823,REHABILITATION AND UPGRADING TO 2 LANES/2 LANE WITH PAVED SHOULDERS CONFIGURATION OF ANISABAD-AURANG,ROAD TRANSPORT AND HIGHWAYS,MORTH,BIHAR,2013-01-01,2014-08-01,,322.01,322.01,,,,,,0/0,consolidated,96
2017-04-01,N24000574,824,"ENGINEERING, PROCUREMENT, AND CONSTRUCTION OF REHABILITATION AND UPGRADING TO 2-LANES/2 -LANE WITH P",ROAD TRANSPORT AND HIGHWAYS,MORTH,BIHAR,2013-11-01,2016-07-01,,683.83,683.83,,,,,,0/0,consolidated,96
2017-04-01,N24000575,825,REHABILITATION AND UPGRADING TO 2 LANES/2 LANE WITH PAVED SHOULDERS CONFIGURATION AND STRENGTHENING,ROAD TRANSPORT AND HIGHWAYS,MORTH,BIHAR,2014-02-01,2016-07-01,,665.5,665.5,,,,,,0/0,consolidated,96
2017-04-01,N24000576,826,"ENGINEERING, PROCUREMENT, AND CONSTRUCTION OF REHABILITATION AND UPGRADING TO 2-LANES/2 -LANE WITH P",ROAD TRANSPORT AND HIGHWAYS,MORTH,BIHAR,2016-02-01,2016-05-01,,178.85,178.85,,,,,,0/0,consolidated,96
2017-04-01,N24000577,827,"ENGINEERING, PROCUREMENT, AND CONSTRUCTION OF REHABILITATION AND UPGRADING TO 2-LANES/2 -LANE WITH P",ROAD TRANSPORT AND HIGHWAYS,MORTH,BIHAR,2016-02-01,2016-06-01,2016-06-01,369.77,369.77,,,,,,0/0,consolidated,96
2017-04-01,N24000578,828,"ENGINEERING, PROCUREMENT, AND CONSTRUCTION OF REHABILITATION AND UPGRADING TO 2-LANES/2 -LANE WITH P",ROAD TRANSPORT AND HIGHWAYS,MORTH,BIHAR,2016-02-01,2016-05-01,,553.3,553.3,,,,,,0/0,consolidated,96
2017-04-01,N24000579,829,FOUR LANING OF GAYA-HISUA-RAJGIRI-NALANDA- BIHARSHARIF SECTION (KM0.00 TO 92.935) ON NH- 82 IN BIHAR,ROAD TRANSPORT AND HIGHWAYS,MORTH,BIHAR,2014-01-01,2016-10-01,,1408.85,1408.85,,,,,,0/0,consolidated,96
2017-04-01,N24000580,830,STRENGTHENING & WIDENING WORK OF EXISTING 2-LANE TO TWO LANE WITH PAVED SHOULDER AND GEMETRIC IMPROV,ROAD TRANSPORT AND HIGHWAYS,MORTH,BIHAR,2015-03-01,2016-07-01,2016-10-01,206.8,206.8,,,,,,0/0,consolidated,96
2017-04-01,N24000581,831,CONSTRUCTION OF BHAGALPUR BYPASS FROM KM 124/175 TO 140/200 OF NH-80 UNDER EPC MODE,ROAD TRANSPORT AND HIGHWAYS,MORTH,BIHAR,2015-08-01,2015-11-01,,288.24,288.24,,,,,,0/0,consolidated,96
2017-04-01,N24000590,832,BALANCE WORK OF 4 LANING OF GORAKPUR - GOPALGANJ,ROAD TRANSPORT AND HIGHWAYS,NHAI,BIHAR,2015-05-01,2017-05-01,2017-06-01,581.84,581.84,77.43,,,,1(O),0/0,consolidated,96
2017-04-01,N24000610,833,"REHABILIATION OF 4-LANE 5.575 KM LONG,4-LANE MG SETU OVER GANGA RIVER ON NH-19 FROM KM 212.72 TO KM",ROAD TRANSPORT AND HIGHWAYS,MORTH,BIHAR,2016-08-01,2016-12-01,2016-12-01,1742.01,1742.01,,,,,,0/0,consolidated,96
2017-04-01,N24000665,834,TWO-LANNING WITH PAVED SHOULDER OF MAHSHKUNT-SAHARSA-PURNEA SECTION FROM EXISTING KM.89.020 (DESIGN,ROAD TRANSPORT AND HIGHWAYS,NHAI,BIHAR,2017-03-01,2020-03-01,2020-03-01,672.89,736.01,,,,,0(O),0/0,consolidated,96
2017-04-01,N24000666,835,CONSTRUCTION OF ROAD APPROACHES TO RAIL- CUM-ROAD BRIDGE ACROSS RIVER GANGA AT MUNGER GHAT NEAR MUNGE,ROAD TRANSPORT AND HIGHWAYS,NHAI,BIHAR,2017-03-01,2020-03-01,2020-03-01,235.48,227.77,,,,,0(O),0/0,consolidated,97
2017-04-01,N24000278,836,REHABILITATION AND UP GRADATION OF NH-43 FROM KM.81.500-KM 130.00 DHAMTARI- KANKER SECTION.,ROAD TRANSPORT AND HIGHWAYS,PWD,CHHATISGARH,2014-10-01,2015-03-01,2015-03-01,213.47,213.47,,,,,,0/0,consolidated,97
2017-04-01,N24000279,837,REHABILITATION AND UPGRADATION OF NH-43 KM. 180.00 TO 241.00 ( BEDMA-DAHIKONDA) UNDER NHDP-IV,ROAD TRANSPORT AND HIGHWAYS,PWD,CHHATISGARH,2014-10-01,2015-03-01,2015-03-01,298.34,298.34,,,,,,0/0,consolidated,97
2017-04-01,N24000280,838,REHABILITATION AND UPGRADATION OF NH-43 KM. 241.000 TO 298.000 (DAHIKONDA TO JAGDALPUR) UNDER NHDP-I,ROAD TRANSPORT AND HIGHWAYS,PWD,CHHATISGARH,2014-11-01,2015-03-01,2015-03-01,262.54,262.54,,,,,,0/0,consolidated,97
2017-04-01,N24000281,839,REHABILITATION AND UP GRADATION OF NH-12A FROM KM191.422-KM 242.300 CHILPI- KAWARDHA SECTION.,ROAD TRANSPORT AND HIGHWAYS,PWD,CHHATISGARH,2015-12-01,,,291.05,291.05,,,,,,0/0,consolidated,97
2017-04-01,N24000283,840,"CONSTRUCION OF 2 LANE ROAD FROM KM. 28700- 292.00, 322.00-342.00 AND 352.00- 400.00 OF NH 63 (OLD NH-",ROAD TRANSPORT AND HIGHWAYS,PWD,CHHATISGARH,2010-12-01,2012-12-01,,169.26,169.26,,,,,,0/0,consolidated,97
2017-04-01,N24000286,841,REHABILITATION AND UP GRADATION OF NH-12A FROM KM246.849-KM 317.406 KAWARDHA- SIMGA SECTION.,ROAD TRANSPORT AND HIGHWAYS,PWD,CHHATISGARH,2014-12-01,,,394.2,394.2,,,,,,0/0,consolidated,97
2017-04-01,N24000287,842,REHABILITATION AND UPGRADATION OF NH-111 FROM KM. 82.500 TO 163.400 (KATHGHORA TO SHIVNAGAR SECTION,ROAD TRANSPORT AND HIGHWAYS,PWD,CHHATISGARH,2015-11-01,2015-12-01,,485.44,485.44,,,,,,0/0,consolidated,97
2017-04-01,N24000288,843,REHABILITATION AND UPGRADATION OF NH-64 FROM KM.0.00 TO 28.110(ZIRAKPUR TO PATIALA SEC.) TO 4 LANE I,ROAD TRANSPORT AND HIGHWAYS,MORTH,CHHATISGARH,2015-03-01,,,422.34,422.34,22.25,,,,,0/0,consolidated,97
2017-04-01,N24000481,844,FOUR LANING OF ORISSA/CHATTISGARH BORDER - AURANG SECTION,ROAD TRANSPORT AND HIGHWAYS,NHAI,CHHATISGARH,2013-02-01,2015-08-01,2017-04-01,1232,1232,1090.17,,,,20(O),0/0,consolidated,97
2017-04-01,N24000495,845,FOUR LANING OF SIMGA - SARAGAON,ROAD TRANSPORT AND HIGHWAYS,NHAI,CHHATISGARH,2015-12-01,2018-05-01,2018-05-01,596.67,596.67,,,,,0(R),0/0,consolidated,97
2017-04-01,N24000502,846,FOUR LANING OF SARAGAON - BILASPUR,ROAD TRANSPORT AND HIGHWAYS,NHAI,CHHATISGARH,2015-12-01,2018-04-01,2018-04-01,509.13,509.13,,,,,0(R),0/0,consolidated,97
2017-04-01,N24000510,847,FOUR / SIX LANING OF RAIPUR - SIMGA ( PKG-1),ROAD TRANSPORT AND HIGHWAYS,NHAI,CHHATISGARH,2015-12-01,2018-04-01,2018-04-01,726.67,726.67,,,,,0(R),0/0,consolidated,97
2017-04-01,N24000609,848,DEVELOPMENT OF SIX LANE EASTERN PERIPHERAL EXPRESSWAY ( PKG-I)_NEW,ROAD TRANSPORT AND HIGHWAYS,NHAI,DELHI,2015-09-01,,2018-03-01,771.18,771.18,,,,,,0/0,consolidated,97
2017-04-01,N24000251,849,FOUR LANNING OF NH-4A(NH-748) FROM KM 118 TO 125 INCL.FOUR LANE KHNDEAPAR BRIDGE,ROAD TRANSPORT AND HIGHWAYS,NHDP,GOA,2015-03-01,,2018-04-01,297,297,38.33,,,,,0/1,consolidated,97
2017-04-01,N24000257,850,CONSTRUCTION OF MARGOA WESTERN BYPASS FOR NH-17 (NEW NH-66 ) FROM KM. 26 /200 ( CHAINAGE 00/00) TO K,ROAD TRANSPORT AND HIGHWAYS,DORTH,GOA,2015-03-01,,,298.33,298.33,16.1,,,,,0/4,consolidated,97
2017-04-01,N24000258,851,CONST. OF MISSING LINK BETWEEN KM. 11/680 TO KM. 14/020 AND WIDENING OF EXISTING TWO LANE ROAD TO FO,ROAD TRANSPORT AND HIGHWAYS,DORTH,GOA,2015-03-01,,,184.05,184.05,10.72,,,,,0/4,consolidated,97
2017-04-01,N24000259,852,CONST. OF CANACONA BYPASS FROM KM.68/00 (CH.00/00) TO KM. 85/740 (CH. 7/740 ON PANAJI - MANGALORE SE,ROAD TRANSPORT AND HIGHWAYS,DORTH,GOA,2015-03-01,,,280.16,280.16,16.06,,,,,0/4,consolidated,98
2017-04-01,N24000444,853,CONSTRUCTION OF BRIDGE INCLUDING APPROACHES ACROSS RIVER ZUARI ON NH-17 (NH- 66) ON PANJIM-MANGALORE,ROAD TRANSPORT AND HIGHWAYS,MORTH,GOA,2015-10-01,,,936.4,936.4,,,,,,0/0,consolidated,98
2017-04-01,N24000514,854,WIDENING TO 4/6 LANES OF EXISTING NH-17 FROM KM 531/934 (AFTER ZUARI BR.) TO KM 536/250 JN. WITH VER,ROAD TRANSPORT AND HIGHWAYS,MORTH,GOA,2015-12-01,,,773.98,773.98,,,,,,0/0,consolidated,98
2017-04-01,N24000516,855,WIDENING TO 4/6/8 LANES OF EXISTING NH-17 FROM KM 522/615 (NEAR GMC) TO KM 530/850 JOINING NEW ZUIAR,ROAD TRANSPORT AND HIGHWAYS,MORTH,GOA,2015-12-01,,,819.95,819.95,,,,,,0/0,consolidated,98
2017-04-01,N24000125,856,GUJARAT/MAHARASHTRA BORDERSURAT-HAZIRA PORT SECTION,ROAD TRANSPORT AND HIGHWAYS,NHAI,GUJARAT,2010-03-01,2012-09-01,2017-12-01,1509.1,3237.87,2948.41,,2782.54,2017-12-01,63(O),2/3,consolidated,98
2017-04-01,N24000175,857,KANDLA - MUNDRA PORT,ROAD TRANSPORT AND HIGHWAYS,NHAI,GUJARAT,2011-01-01,2013-07-01,2017-06-01,953.88,953.88,964.46,,,,47(O),0/0,consolidated,98
2017-04-01,N24000222,858,AHMEDABAD TO VADODARA SECTION,ROAD TRANSPORT AND HIGHWAYS,NHAI,GUJARAT,2013-01-01,2015-12-01,2017-07-01,2125.24,2125.24,4508.05,,,,19(O),0/3,consolidated,98
2017-04-01,N24000225,859,4 LANING OF JETPUR SOMNATH SECTION OF NH 8D LENGTH KM 127.6,ROAD TRANSPORT AND HIGHWAYS,NHAI,GUJARAT,2012-03-01,2014-09-01,2017-10-01,828,828,870.15,,,,37(O),0/3,consolidated,98
2017-04-01,N24000361,860,VADODARA-SURAT SECTION,ROAD TRANSPORT AND HIGHWAYS,NHAI,GUJARAT,2014-03-01,2016-08-01,2017-05-01,503.16,503.16,211.03,,,,9(O),0/0,consolidated,98
2017-04-01,N24000567,861,FOUR LANING OF BHAVNAGAR-TALAJA SECTION OF NH-8E FROM KM. 7.090 TO KM. 53.585 (DESIGN CH FROM KM. 6.,ROAD TRANSPORT AND HIGHWAYS,NHAI,GUJARAT,2016-05-01,,,998.18,998.18,,,,,,0/0,consolidated,98
2017-04-01,N24000568,862,FOUR LANING OF TALAJA – MAHUVA SECTION OF NH – 8E FROM KM. 53.585 TO KM. 100.100 (DESIGN CHAINAGE FR,ROAD TRANSPORT AND HIGHWAYS,NHAI,GUJARAT,2016-05-01,,,834.64,834.64,,,,,,0/0,consolidated,98
2017-04-01,N24000569,863,FOUR LANING OF KAGAVADAR - UNA SECTION OF NH-8E FROM KM 139.915 TO KM 180.478 (PACKAGE- IV) IN THE ST,ROAD TRANSPORT AND HIGHWAYS,NHAI,GUJARAT,2016-05-01,,,723.64,723.64,,,,,,0/0,consolidated,98
2017-04-01,N24000570,864,FOUR LANING OF UNA TO KODINAR OF NH-8E FROM KM. 180.478 TO KM 221.610 (PACKAGE-V) IN THE STATE OF GU,ROAD TRANSPORT AND HIGHWAYS,NHAI,GUJARAT,2016-05-01,,,763.08,763.08,,,,,,0/0,consolidated,98
2017-04-01,N24000571,865,SIX-LANING OF KAMREJ-CHALTHAN SECTION OF NH-8 FROM KM 248.100 TO KM 264.350 INCLUDING LONG TERM REME,ROAD TRANSPORT AND HIGHWAYS,NHAI,GUJARAT,2016-05-01,,,425.6,425.6,,,,,,0/0,consolidated,98
2017-04-01,N24000572,866,CONSTRUCTION OF 4-LANE LADDOWAL BYPASS,ROAD TRANSPORT AND HIGHWAYS,NHAI,GUJARAT,2016-05-01,,,364.56,364.56,,,,,,0/0,consolidated,98
2017-04-01,N24000592,867,4-LANNING OF KODINAR TO VERAVAL SECTION OF NH-8E FROM KM 221.610 TO KM 263.000,ROAD TRANSPORT AND HIGHWAYS,NHAI,GUJARAT,2016-07-01,,,829.97,829.97,,,,,,0/0,consolidated,98
2017-04-01,N24000635,868,2-LANE WITH PAVED SHOULDERS OF GADU- PORBANDER SECTION,ROAD TRANSPORT AND HIGHWAYS,NHAI,GUJARAT,2016-12-01,,,417.19,417.19,,,,,,0/0,consolidated,98
2017-04-01,N24000649,869,SIX LANNING FROM KM. 401.200 TO 494.410 OF NH-8 ON HYBRID ANNUITY MODE UNDER NHDP-V(PKG VI)REG.,ROAD TRANSPORT AND HIGHWAYS,NHAI,GUJARAT,2017-01-01,,,1251.11,1251.11,,,,,,0/0,consolidated,98
2017-04-01,N24000122,870,DELHI/ HARYANA BORDER TO ROHTAK,ROAD TRANSPORT AND HIGHWAYS,NHAI,HARYANA,2007-04-01,2010-05-01,2017-04-01,486,486,469.41,,,,83(O),0/0,consolidated,98
2017-04-01,N24000133,871,PANIPAT-JALANDHAR 6 LANE(KM 96 TO 387.1 KM),ROAD TRANSPORT AND HIGHWAYS,NHAI,HARYANA,2009-05-01,2011-11-01,2017-08-01,1108,2288,3708.29,,,,69(O),0/0,consolidated,98
2017-04-01,N24000169,872,ROHTAK-BAWAL,ROAD TRANSPORT AND HIGHWAYS,NHAI,HARYANA,2011-05-01,2013-11-01,2017-05-01,650,650,832.39,,,,42(O),0/0,consolidated,99
2017-04-01,N24000347,873,FOUR LANING OF HISAR - DABWALI SECTION WITH PS - PACKAGE -I,ROAD TRANSPORT AND HIGHWAYS,NHAI,HARYANA,2015-08-01,2018-02-01,2018-02-01,723.54,723.54,235.85,,,,0(O),0/0,consolidated,99
2017-04-01,N24000358,874,UP/HARYANA BORDER - YAMUNA NAGAR -SAHA- BARWALA - PANCHKULA( PKG - 2),ROAD TRANSPORT AND HIGHWAYS,NHAI,HARYANA,2015-10-01,2018-04-01,2018-04-01,562.34,562.34,,,,,0(O),0/0,consolidated,99
2017-04-01,N24000443,875,4 LANING OF AMBALA - KAITHAL - PACKAGE -1,ROAD TRANSPORT AND HIGHWAYS,NHAI,HARYANA,2015-12-01,2016-06-01,2018-06-01,602.95,602.95,,,,,24(O),0/0,consolidated,99
2017-04-01,N24000448,876,4 LANING OF AMBALA - KAITHAL - PACKAGE -2,ROAD TRANSPORT AND HIGHWAYS,NHAI,HARYANA,2016-01-01,2018-07-01,2018-07-01,574.28,574.28,,,,,0(O),0/0,consolidated,99
2017-04-01,N24000449,877,8 LANING OF MUKARBA CHOWK TO PANIPAT,ROAD TRANSPORT AND HIGHWAYS,NHAI,HARYANA,2015-07-01,,2019-04-01,2128.72,2128.72,,,,,,0/0,consolidated,99
2017-04-01,N24000487,878,FOUR LANING OF KAITHAL - RAJASTHAN BORDER,ROAD TRANSPORT AND HIGHWAYS,NHAI,HARYANA,2015-07-01,,2018-01-01,1393,1393,1060.85,,,,,0/0,consolidated,99
2017-04-01,N24000492,879,FOUR LANING OF HISAR - DABWALI SECTION WITH PS - PACKAGE -2,ROAD TRANSPORT AND HIGHWAYS,NHAI,HARYANA,2015-11-01,,2018-05-01,867.66,867.66,154.48,,,,,0/0,consolidated,99
2017-04-01,N24000597,880,UP/HARYANA BORDER - YAMUNA NAGAR -SAHA- BARWALA - PANCHKULA ( PKG - 1),ROAD TRANSPORT AND HIGHWAYS,NHAI,HARYANA,2015-05-01,,2018-05-01,600.85,600.85,,,,,,0/0,consolidated,99
2017-04-01,N24000608,881,CONSTRUCTION OF FOUR LANING OF UP/HARYANA NH-73,ROAD TRANSPORT AND HIGHWAYS,NHAI,HARYANA,2016-08-01,,2019-05-01,248.97,248.97,,,,,,0/0,consolidated,99
2017-04-01,N24000625,882,CONSTRUCTION OF FLYOVER/UNDERPASS FOR IMPROVEMENT OF EXISTING JUNCTIONS AT IFFCO CHOWK AT KM. 28.211,ROAD TRANSPORT AND HIGHWAYS,NHAI,HARYANA,2016-09-01,,2019-05-01,1004.67,1004.67,,,,,,0/0,consolidated,99
2017-04-01,N24000664,883,4-LANNING OF PUNJAB HARYANA BORDER-JIND SECTION OF NH-71 FROM KM 238.695 TO KM 307.00 ON DBFOT TOLL,ROAD TRANSPORT AND HIGHWAYS,NHAI,HARYANA,2017-03-01,2020-03-01,2020-03-01,639.79,552.9,,,,,0(O),0/0,consolidated,99
2017-04-01,N24000232,884,FOUR LANING OF KIRATPUR NEAR CHOUK SECTION (73.20 KM TO186.50 KM),ROAD TRANSPORT AND HIGHWAYS,NHAI,HIMACHAL PRADESH,2013-11-01,2016-11-01,2018-02-01,1916.79,1916.79,1288.43,,,,15(O),0/0,consolidated,99
2017-04-01,N24000479,885,FOUR LANING OF PARWANOO -SOLAN,ROAD TRANSPORT AND HIGHWAYS,NHAI,HIMACHAL PRADESH,2015-09-01,2018-03-01,2018-03-01,934.46,934.46,57.43,,,,0(O),0/0,consolidated,99
2017-04-01,N24000546,886,2 LANE WITH PAVED SHOULDERS ON KULLU TO MANALI (KM 272/00 TO 309/345),ROAD TRANSPORT AND HIGHWAYS,NHAI,HIMACHAL PRADESH,2016-02-01,,,273.2,273.2,,,,,,0/0,consolidated,99
2017-04-01,N24000606,887,TWO LANNING WITH FORMATION OF FOUR LANE OF PROPOSED SHIMLA BYPASS,ROAD TRANSPORT AND HIGHWAYS,NHAI,HIMACHAL PRADESH,2016-08-01,,,1583.18,1583.18,,,,,,0/0,consolidated,99
2017-04-01,N24000613,888,FOUR LANNING OF NERCHOWK-PANDOH BYPASS SECTION OF NH-21(PACKAGE-I KM 190.000 TO KM 221.305) UNDER NH,ROAD TRANSPORT AND HIGHWAYS,NHAI,HIMACHAL PRADESH,2016-09-01,,,1273.71,1273.71,,,,,,0/0,consolidated,99
2017-04-01,N24000634,889,FOUR LANNING OF TAKOLI-KULLU SECTION OF NH- 21 (KM 242+000 TO KM 272+000),ROAD TRANSPORT AND HIGHWAYS,NHAI,HIMACHAL PRADESH,2016-10-01,,,447.75,447.75,,,,,,0/0,consolidated,99
2017-04-01,N24000161,890,QUAZIGUND-BANIHAL KM.220.00 TO KM.188.00,ROAD TRANSPORT AND HIGHWAYS,NHAI,JAMMU AND KASHMIR,2010-07-01,2015-07-01,2017-07-01,1987,1987,1566.61,,,,24(O),0/0,consolidated,99
2017-04-01,N24000162,891,NASHRI- CHANANI,ROAD TRANSPORT AND HIGHWAYS,NHAI,JAMMU AND KASHMIR,2011-05-01,2015-06-01,2017-05-01,2159,2159,3986.82,,,,23(O),0/0,consolidated,99
2017-04-01,N24000163,892,JAMMU-UDHAMPUR KM.27.5 TO KM.67.00,ROAD TRANSPORT AND HIGHWAYS,NHAI,JAMMU AND KASHMIR,2010-07-01,2013-07-01,2017-05-01,1813.76,1813.76,2393.99,,,,46(O),0/0,consolidated,100
2017-04-01,N24000189,893,SRINAGAR TO BANIHAL,ROAD TRANSPORT AND HIGHWAYS,NHAI,JAMMU AND KASHMIR,2011-06-01,2014-06-01,2017-12-01,1100.7,1100.7,1216.15,,,,42(O),0/0,consolidated,100
2017-04-01,N24000471,894,FOUR LANING OF RAMBAN - BANIHAL SECTION OF NH-1A,ROAD TRANSPORT AND HIGHWAYS,NHAI,JAMMU AND KASHMIR,2015-12-01,2019-06-01,2019-06-01,2168.66,2168.66,,,,,0(O),0/0,consolidated,100
2017-04-01,N24000488,895,FOUR LANING OF UDHAMBUR - RAMBAN SECTION OF NH-1A,ROAD TRANSPORT AND HIGHWAYS,NHAI,JAMMU AND KASHMIR,2015-12-01,2018-12-01,2018-12-01,2136.97,2136.97,,,,,0(O),0/0,consolidated,100
2017-04-01,N24000215,896,RANCHI-RARGA-JAMSETHPUR,ROAD TRANSPORT AND HIGHWAYS,NHAI,JHARKHAND,2012-12-01,2015-06-01,2017-12-01,1479,1479,498.11,,,,30(O),0/0,consolidated,100
2017-04-01,N24000343,897,TWO LANE WITH PAVED SHOULDERS OF CHAS - RAMGARH SECTION OF NH-23,ROAD TRANSPORT AND HIGHWAYS,NHAI,JHARKHAND,2015-09-01,2017-09-01,2017-09-01,341.61,341.61,114.87,,,,0(O),0/0,consolidated,100
2017-04-01,N24000548,898,4-LANNING OF MAHULIA BAHARAGORA-JH/WB BORDER SECTION,ROAD TRANSPORT AND HIGHWAYS,NHAI,JHARKHAND,2016-02-01,,2019-03-01,997.15,997.15,,,,,,0/0,consolidated,100
2017-04-01,N24000594,899,TWO/FOUR LANNING WITH PAVED SHOULDERS OF GOVINDPUR (RAIGANJ)-CHAS-WEST BENGAL BORDER SECTION OF NH-,ROAD TRANSPORT AND HIGHWAYS,NHAI,JHARKHAND,2016-07-01,,,458.03,458.03,,,,,,0/0,consolidated,100
2017-04-01,N24000607,900,FOUR LANING OF BARHI-HAZARIBAGH NH-33,ROAD TRANSPORT AND HIGHWAYS,NHAI,JHARKHAND,2016-08-01,,2018-08-01,323.72,323.72,,,,,,0/0,consolidated,100
2017-04-01,N24000669,901,4 LANING OF PISKA MORE TO PALMA SECTION(FROM KM 2.9 TO KM 26.00),ROAD TRANSPORT AND HIGHWAYS,NHAI,JHARKHAND,2017-03-01,2020-03-01,2020-03-01,165.5,172.16,,,,,0(O),0/0,consolidated,100
2017-04-01,N24000670,902,4 LANING OF KUTCHERY CHOWK TO BIJU PARA SECTION (FROM KM 0.00 TO KM.34.00),ROAD TRANSPORT AND HIGHWAYS,NHAI,JHARKHAND,2017-03-01,2020-03-01,2020-03-01,239.68,235.9,,,,,0(O),0/0,consolidated,100
2017-04-01,N24000138,903,HUNGUND-SURATHKAL AND MANGALORE- KNT/KERALA BORDER,ROAD TRANSPORT AND HIGHWAYS,NHAI,KARNATAKA,2010-09-01,,2017-06-01,946,946,818.53,,,,,3/3,consolidated,100
2017-04-01,N24000153,904,4 LANNING OF BELGUM-KHANPUR SECTION AND 2 LANING OF KHANPUR-KNT/GOA BORDER,ROAD TRANSPORT AND HIGHWAYS,NHAI,KARNATAKA,2011-03-01,2013-09-01,2016-12-01,359,359,2.74,,,,,0/0,consolidated,100
2017-04-01,N24000334,905,STRENGTHENING AND WIDENING TO TWO LANE WITH PAVED SHOULDERS FROM KM.106.00 TO 153.00 OF NH-218 BIJAP,ROAD TRANSPORT AND HIGHWAYS,MORTH,KARNATAKA,2015-03-01,2015-11-01,2017-11-01,165.67,165.67,,,,,24(O),0/0,consolidated,100
2017-04-01,N24000335,906,STRENGTHENING AND WIDENING TO TWO LANE WITH PAVED SHOULDERS FROM KM.56.00 TO 106.00 OF NH-218 BIJAPU,ROAD TRANSPORT AND HIGHWAYS,MORTH,KARNATAKA,2015-03-01,2015-11-01,2017-11-01,159.12,159.12,,,,,24(O),0/0,consolidated,100
2017-04-01,N24000342,907,TWO LANE WITH PAVED SHOULDERS OF BIJAPUR - GULBARGA - HOMNABAD - SECTION OF NH-218 ( NEW NH NO -50),ROAD TRANSPORT AND HIGHWAYS,NHAI,KARNATAKA,2015-05-01,2017-09-01,2017-09-01,709,709,19.24,,,,0(O),0/0,consolidated,100
2017-04-01,N24000376,908,"REHABILITATION AND UPGRADING TO 2 LANES/2 LANE WITH PAVED SHOULDERS CONFIGURATION OF ""MADHUGIRI-MULB",ROAD TRANSPORT AND HIGHWAYS,MORTH,KARNATAKA,1991-01-01,2018-01-01,2018-01-01,219.4,219.4,,,,,0(O),0/0,consolidated,100
2017-04-01,N24000462,909,4-LANING OF GOA/KARNATAKA BORDER-KUNDAPUR SECTION,ROAD TRANSPORT AND HIGHWAYS,NHAI,KARNATAKA,2014-05-01,2016-08-01,2017-08-01,1655.01,1655.01,785,,,,12(O),0/0,consolidated,100
2017-04-01,N24000490,910,FOUR LANING OF HOSPET - CHITRADURGA,ROAD TRANSPORT AND HIGHWAYS,NHAI,KARNATAKA,2015-03-01,,2018-08-01,1388,1388,20.6,,,,,0/0,consolidated,100
2017-04-01,N24000552,911,4-LANNING EXISTING KM 189.700 TO 237.00] HASSAN TO MARANAHALLY,ROAD TRANSPORT AND HIGHWAYS,NHAI,KARNATAKA,2016-03-01,,,701.4,701.4,,,,,,0/0,consolidated,101
2017-04-01,N24000554,912,4-LANNING EXISTING KM 263.00 TO 328.00] ADDAHOLE TO BANTAWAL,ROAD TRANSPORT AND HIGHWAYS,NHAI,KARNATAKA,2016-03-01,,,870,870,,,,,,0/0,consolidated,101
2017-04-01,N24000598,913,4-LANING OF HOSKOTE-DOBBASPET,ROAD TRANSPORT AND HIGHWAYS,NHAI,KARNATAKA,2014-05-01,,,720.69,720.69,34.62,,,,,0/0,consolidated,101
2017-04-01,N24000602,914,FOUR LANNING OF HUBLI-HOSPET SECTION OF NH- 63 FROM KM. 129.249 PHASE-IVB,ROAD TRANSPORT AND HIGHWAYS,NHAI,KARNATAKA,2016-08-01,,,1664.2,1664.2,,,,,,0/0,consolidated,101
2017-04-01,N24000603,915,HOSPET-BELLARY-KARNATAKA AP BORDER,ROAD TRANSPORT AND HIGHWAYS,NHAI,KARNATAKA,2016-08-01,,,1167.42,1167.42,,,,,,0/0,consolidated,101
2017-04-01,N24000622,916,TWO/FOUR LANNING OF BRT TIGER RESERVE BOUNDARY TO BANGALORE SECTION OF NH- 209(EXISTING CHAINAGE FROM,ROAD TRANSPORT AND HIGHWAYS,NHAI,KARNATAKA,2016-09-01,,,950.69,950.69,,,,,,0/0,consolidated,101
2017-04-01,N24000673,917,SIX LANING & STRENGTHENING OF KM 340+000 TO KM 403+400 OF HUBLI-HAVERI SECTION OF NH-48 (OLD NH-4) S,ROAD TRANSPORT AND HIGHWAYS,NHAI,KARNATAKA,2017-03-01,2020-03-01,2020-03-01,985.41,1200,,,,,0(O),0/0,consolidated,101
2017-04-01,N24000674,918,SIX LANING OF DAVANGERE-HAVERI FROM KM 260+000 TO KM 338+923 OF NH-48(OLD NH-4) STATE OF KARNATAKA,ROAD TRANSPORT AND HIGHWAYS,NHAI,KARNATAKA,2017-03-01,2020-03-01,2020-03-01,831.58,1177,,,,,0(O),0/0,consolidated,101
2017-04-01,N24000675,919,SIX LANING OF CHITRADURGA-DAVANGERE INCLUDING CHITRADURGA BYPASS(KM 189+000 TO KM 260+000 OF NH-48(O,ROAD TRANSPORT AND HIGHWAYS,NHAI,KARNATAKA,2017-03-01,2020-03-01,2020-03-01,993.16,1434,,,,,0(O),0/0,consolidated,101
2017-04-01,N24000149,920,SIX LANNING OF VADAKKANCHERRY THRISSURESECTION KM 240 270KM,ROAD TRANSPORT AND HIGHWAYS,NHAI,KERALA,2010-02-01,2012-08-01,2017-03-01,617,617,245.89,,,,,0/0,consolidated,101
2017-04-01,N24000260,921,CONSTRUCTION OF 6.80 KM 2 LANE WITH PAVED SHOULDERS ALAPPUZHA BYPASS ON NH47 NEW NH 66 FROM KM 408.1,ROAD TRANSPORT AND HIGHWAYS,PWD,KERALA,2014-01-01,2017-09-01,2017-09-01,255.75,348.43,0.02,,348,,0(O),0/0,consolidated,101
2017-04-01,N24000261,922,CONSTRUCTION OF 13.0 KM 2 LANE WITH PAVED SHOULDERS KOLLAM BYPASS ON NH47 (NEW NH 66) FROM KM 486/50,ROAD TRANSPORT AND HIGHWAYS,PWD,KERALA,2014-01-01,2017-11-01,2017-11-01,267.16,352.05,0.02,,352,,0(O),0/0,consolidated,101
2017-04-01,N24000459,923,4 LANING OF KAZHAKKOTTAM TO MUKKOLA SECTION OF NH-47,ROAD TRANSPORT AND HIGHWAYS,NHAI,KERALA,2015-06-01,,2017-11-01,845.24,845.24,47.56,,,,,0/0,consolidated,101
2017-04-01,N24000566,924,4 LANNING OF MUKKOLA JUNCTION TO KERALA/ TAMIL NADU BORDER FROM KM 26.500 TO KM 43.000 OF NH-47 IN T,ROAD TRANSPORT AND HIGHWAYS,NHAI,KERALA,2016-04-01,,2018-06-01,804.97,804.97,,,,,,0/0,consolidated,101
2017-04-01,N24000136,925,INDORE-JHABUA-GUJRAT/MP,ROAD TRANSPORT AND HIGHWAYS,NHAI,MADHYA PRADESH,2010-10-01,2013-04-01,2017-09-01,1175,1206.1,1206,,,,53(O),0/0,consolidated,101
2017-04-01,N24000159,926,INDORE-DEWAS(NH-3),ROAD TRANSPORT AND HIGHWAYS,NHAI,MADHYA PRADESH,2010-11-01,2013-05-01,2017-07-01,325,325,469.54,,,,50(O),0/0,consolidated,101
2017-04-01,N24000310,927,KATNI TO UMARIYA SECTION OF NH-78 IN MADYA PRADESH KM 0 TO 68/4,ROAD TRANSPORT AND HIGHWAYS,NHDP,MADHYA PRADESH,2015-02-01,2017-07-01,2017-07-01,377.83,377.83,57.42,,,,0(O),0/0,consolidated,101
2017-04-01,N24000375,928,SATANA-BELA SECTION OF NH-75(4L) IN MP,ROAD TRANSPORT AND HIGHWAYS,PWD,MADHYA PRADESH,2012-01-01,2015-08-01,2016-09-01,320.48,320.48,189.49,,,,,0/0,consolidated,101
2017-04-01,N24000378,929,BARELA-MANDLA SECTION OF NH-12A IN MADHYA PRADESH KM 22/8 TO KM 89/6 OF NH-12A,ROAD TRANSPORT AND HIGHWAYS,NHDP,MADHYA PRADESH,2015-06-01,,,390.51,390.51,43.25,,,,,0/0,consolidated,101
2017-04-01,N24000380,930,BHOPAL-BIORA (4L) OF NH-12 IN MP,ROAD TRANSPORT AND HIGHWAYS,NHDP,MADHYA PRADESH,2011-11-01,2015-05-01,2015-05-01,704.26,704.26,,,,,,0/0,consolidated,102
2017-04-01,N24000381,931,BIORA-RAJASTHAN BORDER (2L) OF NH-12EXT IN MP,ROAD TRANSPORT AND HIGHWAYS,NHDP,MADHYA PRADESH,2013-03-01,2016-02-01,2016-02-01,257.8,257.8,59.3,,,,,0/0,consolidated,102
2017-04-01,N24000388,932,INDO-NEPAL BORDER TO RUDHAULI SECTION OF NH-233 IN UTTAR PRADESH KM 0/0 TO 65/870,ROAD TRANSPORT AND HIGHWAYS,NHDP,MADHYA PRADESH,2013-11-01,2017-05-01,2017-05-01,497.05,497.05,,,,,0(O),0/0,consolidated,102
2017-04-01,N24000394,933,SHAHDOL TO ANUPPUR-MP/CHATTISGARH BORDER SECTION OF NH-78 IN MADYA PRADESH KM 142/200 TO 245/0,ROAD TRANSPORT AND HIGHWAYS,NHDP,MADHYA PRADESH,2015-06-01,2017-05-01,2017-05-01,532.49,532.49,137.08,,,,0(O),0/0,consolidated,102
2017-04-01,N24000395,934,BAMITHA-SATANA (2L+PS) OF NH-75 IN MP,ROAD TRANSPORT AND HIGHWAYS,NHDP,MADHYA PRADESH,2015-08-01,,,257.8,257,12.38,,,,,0/0,consolidated,102
2017-04-01,N24000401,935,SIDHI TO SINGRAULI SECTION OF NH-75E (4L) IN MP,ROAD TRANSPORT AND HIGHWAYS,PWD,MADHYA PRADESH,2011-11-01,2015-09-01,2016-08-01,871.15,871.15,332.25,,,,,0/0,consolidated,102
2017-04-01,N24000410,936,MANDLA-CHILPI SECTION OF NH-12A IN MADHYA PRADESH KM 89/6 TO KM 192/4 OF NH-12A,ROAD TRANSPORT AND HIGHWAYS,NHDP,MADHYA PRADESH,2015-06-01,2017-12-01,2017-12-01,641.02,641.02,89.88,,,,0(O),0/0,consolidated,102
2017-04-01,N24000412,937,MANGAWA-MP/UP BORDER SECTION OF NH-27 (4L) IN MP,ROAD TRANSPORT AND HIGHWAYS,NHDP,MADHYA PRADESH,2012-01-01,2015-04-01,2015-04-01,381.86,381.86,252.03,,,,,0/0,consolidated,102
2017-04-01,N24000447,938,BELA(RIWA)-MP/UP BORDER (4L) OF NH-7 IN MP,ROAD TRANSPORT AND HIGHWAYS,NHDP,MADHYA PRADESH,2011-11-01,2015-02-01,2015-02-01,670.82,670.82,590,,,,,0/0,consolidated,102
2017-04-01,N24000468,939,FOUR LANING OF REWA - KATNI - JABALPUR - PACKAGE -II,ROAD TRANSPORT AND HIGHWAYS,NHAI,MADHYA PRADESH,2015-03-01,,2017-06-01,795.76,795.76,,,,,,0/0,consolidated,102
2017-04-01,N24000469,940,FOUR LANING OF REWA - KATNI - JABALPUR - PACKAGE -I,ROAD TRANSPORT AND HIGHWAYS,NHAI,MADHYA PRADESH,2015-03-01,,2017-06-01,794.3,794.3,,,,,,0/0,consolidated,102
2017-04-01,N24000474,941,JABALPUR-BARELA SECTION OF NH-12A IN MADHYA PRADESH KM 477/6 OF NH-7 TO KM 22/8 OF NH-12A,ROAD TRANSPORT AND HIGHWAYS,NHDP,MADHYA PRADESH,2015-02-01,2017-05-01,2017-05-01,327.32,327.32,142.73,,,,0(O),0/0,consolidated,102
2017-04-01,N24000475,942,JABALPUR TO HIREN RIVER SECTION OF NH-12 IN MADHYA PRADESH KM 11/400 TO 66/400,ROAD TRANSPORT AND HIGHWAYS,NHDP,MADHYA PRADESH,2015-11-01,2018-03-01,2018-03-01,628.45,628.45,20.74,,,,0(O),0/0,consolidated,102
2017-04-01,N24000478,943,GOHARGANJ TO BHOPAL SECTION OF NH-12 IN MADHYA PRADESH KM 43 TO 93,ROAD TRANSPORT AND HIGHWAYS,NHDP,MADHYA PRADESH,2015-12-01,2018-06-01,2018-06-01,927.54,927.54,29.17,,,,0(O),0/0,consolidated,102
2017-04-01,N24000489,944,FOUR LANING OF JABALPUR - LAKHNADON,ROAD TRANSPORT AND HIGHWAYS,NHAI,MADHYA PRADESH,2015-03-01,,2017-12-01,928.83,928.83,,,,,,0/0,consolidated,102
2017-04-01,N24000494,945,FOUR LANING OF GWALIOR-SHIVPURI,ROAD TRANSPORT AND HIGHWAYS,NHAI,MADHYA PRADESH,2013-05-01,2015-11-01,2017-09-01,1055,1601.77,1328.85,,,,22(O),0/0,consolidated,102
2017-04-01,N24000496,946,FOUR LANING OF GUNA TO BIAORA SECTION OF NH-3 FROM KM 332.100 TO KM. 426.100 IN THE STATE OF MADHYA,ROAD TRANSPORT AND HIGHWAYS,NHAI,MADHYA PRADESH,2015-06-01,2016-03-01,2019-03-01,1012.9,1012.9,,,,,36(O),0/0,consolidated,102
2017-04-01,N24000500,947,FOUR LANING OF SHIVPURI - GUNA PACKAGE - I,ROAD TRANSPORT AND HIGHWAYS,NHAI,MADHYA PRADESH,2016-01-01,2018-07-01,2018-07-01,830.36,830.36,26,,,,0(O),0/0,consolidated,102
2017-04-01,N24000504,948,FOUR LANING OF REWA - KATNI - JABALPUR - PACKAGE -IV,ROAD TRANSPORT AND HIGHWAYS,NHAI,MADHYA PRADESH,2015-03-01,,2017-06-01,810.22,810.22,,,,,,0/0,consolidated,102
2017-04-01,N24000505,949,FOUR LANING OF BIAORA –DEWAS SECTION OF NH- 3 FROM KM 426.100 TO KM 566.450 IN THE STATE OF MADHYA PR,ROAD TRANSPORT AND HIGHWAYS,NHAI,MADHYA PRADESH,2015-06-01,,2019-01-01,1583.79,1583.79,,,,,,0/0,consolidated,102
2017-04-01,N24000513,950,UMARIYA TO SHAHDOL SECTION OF NH-78 IN MADYA PRADESH KM 68/4 TO 142/200,ROAD TRANSPORT AND HIGHWAYS,PWD,MADHYA PRADESH,2015-03-01,2017-08-01,2017-08-01,511.83,511.83,40.87,,,,0(O),0/0,consolidated,103
2017-04-01,N24000605,951,BALANCE WORK OF 2-LANE WITH PAVED SHOULDER OF BHOPAL-SANCHI SECTION,ROAD TRANSPORT AND HIGHWAYS,NHAI,MADHYA PRADESH,2016-08-01,,2019-01-01,227.49,227.49,,,,,,0/0,consolidated,103
2017-04-01,N24000123,952,"PIMPALGAON-NASIK-GONDE, NH-3 (NHDP-PHASE-III)",ROAD TRANSPORT AND HIGHWAYS,NHAI,MAHARASHTRA,2005-03-01,2012-07-01,2017-05-01,940,940,1415.36,,,,58(O),3/3,consolidated,103
2017-04-01,N24000140,953,TALEGAON-AMRAVATI,ROAD TRANSPORT AND HIGHWAYS,NHAI,MAHARASHTRA,2009-11-01,2013-11-01,,567,567,1055.94,,,,,0/0,consolidated,103
2017-04-01,N24000156,954,PUNE-SATARA(NH-4),ROAD TRANSPORT AND HIGHWAYS,NHAI,MAHARASHTRA,2010-10-01,2013-03-01,2017-12-01,1724.55,1724.55,1788.25,,,,57(O),0/0,consolidated,103
2017-04-01,N24000216,955,PANVEL-INDAPUR,ROAD TRANSPORT AND HIGHWAYS,NHAI,MAHARASHTRA,2011-12-01,2014-06-01,2017-09-01,942.69,942.69,345.22,,,,39(O),0/0,consolidated,103
2017-04-01,N24000230,956,WIDENING OF KHED-SINNAR STRETCH OF PUNE NASHIK SECTION OF NH-50,ROAD TRANSPORT AND HIGHWAYS,NHAI,MAHARASHTRA,2013-05-01,2014-02-01,2017-09-01,1348.2,1348.2,1328.5,,,,43(O),2/2,consolidated,103
2017-04-01,N24000250,957,REHABILATION AND UPGRADATION OF NH-222(61) FOM KM 284 TO 337,ROAD TRANSPORT AND HIGHWAYS,NHDP,MAHARASHTRA,2014-06-01,2016-11-01,2016-11-01,260.39,260.39,87.43,,,,,0/2,consolidated,103
2017-04-01,N24000252,958,CONSTRUCTION OF MAJOR BRIDGE WITH APPROACHES ACROSS PRANHITA RIVER AT KM 57.300 ON NH-63(16),ROAD TRANSPORT AND HIGHWAYS,NHDP,MAHARASHTRA,2015-03-01,,2017-10-01,168.3,168.3,13.43,,,,,0/4,consolidated,103
2017-04-01,N24000253,959,CONSTRUCTION OF MAJOR/MINOR BRIDGE AND ROB IN 4 LANNING OF NH-66(17) MUMBAI-GOA ROAD FROM KM 161 TO,ROAD TRANSPORT AND HIGHWAYS,PWD,MAHARASHTRA,2014-08-01,2016-07-01,2016-07-01,187.79,187.79,57.6,,,,,0/12,consolidated,103
2017-04-01,N24000254,960,REHABILATION AND UPGRADATION OF NH-222(61) FOM KM 342.00 TO 444.00,ROAD TRANSPORT AND HIGHWAYS,NHDP,MAHARASHTRA,2014-01-01,,2017-06-01,446.77,446.77,87.62,,,,,0/4,consolidated,103
2017-04-01,N24000255,961,REHABILATION AND UPGRADATION OF NH-222(61) FOM KM 161.570 TO 211.00,ROAD TRANSPORT AND HIGHWAYS,NHDP,MAHARASHTRA,2013-12-01,2016-11-01,2016-11-01,220.72,220.72,95.02,,,,,0/4,consolidated,103
2017-04-01,N24000275,962,"WIDENING NH-848 FROM KM 16.000 TO 34.000, 39.000 TO 57.000 AND KM 62.000 TO 65/600/JOB NO 992/15-16",ROAD TRANSPORT AND HIGHWAYS,MORTH,MAHARASHTRA,2015-10-01,,,289.6,289.6,,,,,,0/0,consolidated,103
2017-04-01,N24000276,963,CONSTRUCTION OF HIGH LEVEL BRIDGE ACROSS INDRAVATI RIVER ON NH-63 (ERSTWHILE NH-16) AND CONSTRUCTION,ROAD TRANSPORT AND HIGHWAYS,MORTH,MAHARASHTRA,2011-12-01,2013-03-01,,156.26,156.26,65.16,,227.31,,,0/0,consolidated,103
2017-04-01,N24000277,964,CONSTRUCTION OF HL BRIDGE ACROSS GADAVARI RIVER AND ITS APPROACHES FOR MISSING LINK BETWEEN SIRONCHA,ROAD TRANSPORT AND HIGHWAYS,MORTH,MAHARASHTRA,2011-03-01,2014-11-01,2014-11-01,185.82,185.82,205.97,,292.22,,,0/0,consolidated,103
2017-04-01,N24000332,965,REHABILITATION AND UPGRADATION OF END OF AHMEDNAGAR BYPASS TO KHARWANDI KASAR SECTION OF NH-222 FROM,ROAD TRANSPORT AND HIGHWAYS,MORTH,MAHARASHTRA,2015-01-01,,,225.81,225.81,6.5,,,,,0/0,consolidated,103
2017-04-01,N24000425,966,4 LANING OF AMRAVATI - CHIKHLI (PKG-I),ROAD TRANSPORT AND HIGHWAYS,NHAI,MAHARASHTRA,2015-07-01,,2019-05-01,2288.18,2288.18,,,,,,0/0,consolidated,103
2017-04-01,N24000432,967,CONSTRUCTION OF NH-4B FROM KM.21.200 TO KM.27.270( D TO E SECTION) AND FROM KM.0.000 TO KM.4.492 ( D,ROAD TRANSPORT AND HIGHWAYS,NHAI,MAHARASHTRA,2015-09-01,,2018-05-01,414.51,414,,,,,,0/0,consolidated,103
2017-04-01,N24000435,968,CONSTRUCTION OF KARALPHATA INTERCHANGE FROM 3.600 TO KM 6.073 OF NH4B AND FROM 5.300 TO KM 7.422 (,ROAD TRANSPORT AND HIGHWAYS,NHAI,MAHARASHTRA,2015-10-01,,2018-05-01,531.13,531.13,,,,,,0/0,consolidated,104
2017-04-01,N24000439,969,4 LANING OF FAGNE - MAH-GUJ BORDER ( PKG-3),ROAD TRANSPORT AND HIGHWAYS,NHAI,MAHARASHTRA,2015-07-01,,2019-05-01,1885.74,1885.74,,,,,,0/0,consolidated,104
2017-04-01,N24000441,970,CONSTRUCTION OF GAVANPHATA INTERCHANGE FROM 14.740 TO KM 15.894 ( OLD SH -54) PKG-2,ROAD TRANSPORT AND HIGHWAYS,NHAI,MAHARASHTRA,2015-10-01,,2018-05-01,593.26,593.26,,,,,,0/0,consolidated,104
2017-04-01,N24000442,971,"CONSTRUCTION OF FLYOVER AT KM.544.650 INCLUDING ROB ,SERVICE ROADS ,FOOTPATH FOR RCC DRAINS ON URBAN",ROAD TRANSPORT AND HIGHWAYS,NHAI,MAHARASHTRA,2015-12-01,,2019-03-01,649.5,649.5,,,,,,0/0,consolidated,104
2017-04-01,N24000451,972,6/8 LANING OF ROAD PORT CONNECTIVITY JNPT PHASE II -CONSTRUCTION OF NH-348 - PKG3,ROAD TRANSPORT AND HIGHWAYS,NHAI,MAHARASHTRA,2015-08-01,,2018-05-01,505,505,,,,,,0/0,consolidated,104
2017-04-01,N24000453,973,4 LANING OF SOLAPUR YEDISHI SECTION OF NH- 211,ROAD TRANSPORT AND HIGHWAYS,NHAI,MAHARASHTRA,2015-01-01,2017-07-01,2018-01-01,972.5,972.5,957.02,,,,6(O),0/0,consolidated,104
2017-04-01,N24000454,974,4-LANING OF SOLAPUR - MAHARASHTRA/ KARNATKA SECTION,ROAD TRANSPORT AND HIGHWAYS,NHAI,MAHARASHTRA,2014-06-01,2016-11-01,2017-11-01,923.04,923.04,297.35,,,,12(O),0/0,consolidated,104
2017-04-01,N24000472,975,NAGPUR - KONDHALI,ROAD TRANSPORT AND HIGHWAYS,NHAI,MAHARASHTRA,2005-09-01,2006-06-01,,168,168,279.92,,,,,0/0,consolidated,104
2017-04-01,N24000508,976,FOUR LANING OF AURANGABAD - YEDISHI,ROAD TRANSPORT AND HIGHWAYS,NHAI,MAHARASHTRA,2015-07-01,2018-01-01,2018-01-01,1871.34,1871.34,1200.9,,,,0(O),0/0,consolidated,104
2017-04-01,N24000509,977,FOUR LANING FROM MPMAHARASHTRA BORDER TO NAGPUR IC KAMPTEE KANOON AND NAGPUR BYPASS,ROAD TRANSPORT AND HIGHWAYS,NHAI,MAHARASHTRA,2010-04-01,2012-06-01,2018-03-01,1170.52,1170.52,2041.03,,,,69(O),0/0,consolidated,104
2017-04-01,N24000538,978,REHABILITATION AND AUGMENTAION OF NH-222 FROM KM 101.00 TO 161.570 UNDER NHDP-IV ON EPC MODE. JOB NO,ROAD TRANSPORT AND HIGHWAYS,PWD,MAHARASHTRA,2014-01-01,2014-11-01,2014-11-01,292.98,292.98,95.6,,,,,0/0,consolidated,104
2017-04-01,N24000542,979,BALANCE WORK OF 4-LANNING FROM KM 153.000 TO KM 175.000 OF NAGPUR- HYDERABAD SECTION NS-62,ROAD TRANSPORT AND HIGHWAYS,NHAI,MAHARASHTRA,2016-03-01,,2018-07-01,197.69,197.69,,,,,,0/0,consolidated,104
2017-04-01,N24000558,980,NAGPUR RING ROAD PACKAGE-1,ROAD TRANSPORT AND HIGHWAYS,NHAI,MAHARASHTRA,2016-03-01,,2019-07-01,546,546,,,,,,0/0,consolidated,104
2017-04-01,N24000560,981,NAGPUR RING ROAD PACKAGE-2,ROAD TRANSPORT AND HIGHWAYS,NHAI,MAHARASHTRA,2016-03-01,,2019-07-01,591.66,591.66,,,,,,0/0,consolidated,104
2017-04-01,N24000561,982,BALANCE WORK OF 4-LANNING FROM KM 94.000 TO KM 123.000 OF NAGPUR- HYDERABAD SECTION NS- 60,ROAD TRANSPORT AND HIGHWAYS,NHAI,MAHARASHTRA,2016-03-01,,2018-07-01,244,244,,,,,,0/0,consolidated,104
2017-04-01,N24000584,983,4-LANNING OF NH17 AND NEW NO. NH66 FROM KM 161/600 TO 205/400 UNDER HYBRID ANNUITY MODE,ROAD TRANSPORT AND HIGHWAYS,PWD,MAHARASHTRA,2016-03-01,,,1142.62,1142.62,,,,,,0/0,consolidated,104
2017-04-01,N24000585,984,4-LANNING OF NH17 AND NEW NO. NH66 FROM KM 241/300 TO 281/300 UNDER HYBRID ANNUITY MODE,ROAD TRANSPORT AND HIGHWAYS,PWD,MAHARASHTRA,2016-03-01,,,1101.58,1101.58,,,,,,0/0,consolidated,104
2017-04-01,N24000627,985,4-LANNING OF CHIKHLI TO TARSOD (FROM KM 360- 422.700),ROAD TRANSPORT AND HIGHWAYS,NHAI,MAHARASHTRA,2016-11-01,,,1071.61,1071.61,,,,,,0/0,consolidated,104
2017-04-01,N24000628,986,4-LANNING OF TARSOD-FAGNE(FROM KM 422.700- 510.00),ROAD TRANSPORT AND HIGHWAYS,NHAI,MAHARASHTRA,2016-11-01,,,1064.88,1064.88,,,,,,0/0,consolidated,104
2017-04-01,N24000629,987,4-LANNING OF RAIPUR-KODEBAD SECTION OF NH- 43 (FROM KM. 10.200 TO KM. 43.400) IN THE STATE OF CHHATTI,ROAD TRANSPORT AND HIGHWAYS,NHAI,MAHARASHTRA,2016-11-01,,,400.25,400.25,,,,,,0/0,consolidated,104
2017-04-01,N24000630,988,4-LANNING OF KODEBAD-DHAMTARI SECTION OF NH-43 (FROM KM. 43.400 TO KM. 82.209) IN THE STATE OF CHHAT,ROAD TRANSPORT AND HIGHWAYS,NHAI,MAHARASHTRA,2016-11-01,,2019-03-01,446.17,446.17,,,,,,0/0,consolidated,105
2017-04-01,N24000631,989,SIX LANNING FROM EXISTING KM 494.410(DESIGN CHAINAGE 540.595) TO EXISTING KM 509.550(DESIGN CHAINAGE,ROAD TRANSPORT AND HIGHWAYS,NHAI,MAHARASHTRA,2016-11-01,,,290.73,290.73,,,,,,0/0,consolidated,105
2017-04-01,N24000650,990,CONSTRUCTION OF FLYOVER FROM LIBERTY CINEMA TO MENTAL HOSPITAL ON NAGPUR OBEDULLAGANJ ROAD IN THE ST,ROAD TRANSPORT AND HIGHWAYS,NHAI,MAHARASHTRA,2017-01-01,,,244.9,244.9,,,,,,0/0,consolidated,105
2017-04-01,N24000651,991,FOUR LANNING OF TULJAPUR-AUSA SECTION,ROAD TRANSPORT AND HIGHWAYS,NHAI,MAHARASHTRA,2017-02-01,2020-02-01,2020-02-01,904.16,904.16,,,,,0(O),0/0,consolidated,105
2017-04-01,N24000655,992,CONSTRUCTION OF NEW 4-LANE BRIDGE ACROSS VARSOVA CREEK AND ITS APPROACHES WITH INTERCHANGE IN THE ST,ROAD TRANSPORT AND HIGHWAYS,NHAI,MAHARASHTRA,2017-03-01,2020-03-01,2020-03-01,247.02,157.49,,,,,0(O),0/0,consolidated,105
2017-04-01,N24000656,993,4-LANNING OF BODHRE-DHULE SECTION(KM 390.000 TO 452.800),ROAD TRANSPORT AND HIGHWAYS,NHAI,MAHARASHTRA,2017-03-01,2020-03-01,2020-03-01,744.64,982,,,,,0(O),0/0,consolidated,105
2017-04-01,N24000657,994,4-LANNING OF WARDHA- BUTIBORI SECTION(KM 465.500 TO 524.690),ROAD TRANSPORT AND HIGHWAYS,NHAI,MAHARASHTRA,2017-03-01,2020-03-01,2020-03-01,1030.44,1065.51,,,,,0(O),0/0,consolidated,105
2017-04-01,N24000658,995,4-LANNING OF YAVATMAL-WARDHA SECTION(KM 400.575 TO 465.500),ROAD TRANSPORT AND HIGHWAYS,NHAI,MAHARASHTRA,2017-03-01,2020-03-01,2020-03-01,988.34,1043.28,,,,,0(O),0/0,consolidated,105
2017-04-01,N24000659,996,4-LANNING OF WARANGA-MAHAGAON SECTION(KM 253.7000 TO 320.580),ROAD TRANSPORT AND HIGHWAYS,NHAI,MAHARASHTRA,2017-03-01,2017-03-01,,1059.73,1071,,,,,,0/0,consolidated,105
2017-04-01,N24000660,997,DEVELOPMENT OF MULTILANE CARRIAGEWAY FROM KANHAN TO AUTOMATIVE SQUARE (KM 704.200 TO KM 723.000),ROAD TRANSPORT AND HIGHWAYS,NHAI,MAHARASHTRA,2017-03-01,2020-03-01,2020-03-01,296.19,254,,,,,0(O),0/0,consolidated,105
2017-04-01,N24000661,998,4-LANNING OF MAHAGAON-YAVATMAL SECTION(KM 320.580 TO 400.575),ROAD TRANSPORT AND HIGHWAYS,NHAI,MAHARASHTRA,2017-03-01,2020-03-01,2020-03-01,1098.06,1160.64,,,,,0(O),0/0,consolidated,105
2017-04-01,N24000180,999,JORBAT - BARAPANI,ROAD TRANSPORT AND HIGHWAYS,NHAI,MEGHALAYA,2011-01-01,2014-01-01,2017-06-01,536,536,671.62,,,,41(O),0/0,consolidated,105
2017-04-01,N24000390,1000,2 LANING OF SHILLONG NONGSTOIN SECTION OF NH 44 AND NONGSTOIN TURA STATE ROAD UNDER PHASE A OF SA,ROAD TRANSPORT AND HIGHWAYS,PWD,MEGHALAYA,2010-12-01,2011-02-01,2011-02-01,1494.48,1494.48,,,,,,0/0,consolidated,105
2017-04-01,N24000517,1001,TWO LANING WITH PS OF JOWAI -MEHALAYA /ASSAM BORDER SECTION OF NH-44,ROAD TRANSPORT AND HIGHWAYS,NHAI,MEGHALAYA,2015-12-01,,2018-05-01,479.2,479.2,6.14,,,,,0/0,consolidated,105
2017-04-01,N24000306,1002,"WIDENING TO 2 LANE, RE-ALIGNMENT AND GEOMETRIC IMPROVEMENT FROM KM 11/00 TO KM 114/618 OF NH-44A IN",ROAD TRANSPORT AND HIGHWAYS,PWD,MIZORAM,2010-11-01,2011-03-01,,624.41,624.41,,,,,,0/0,consolidated,105
2017-04-01,N24000308,1003,CONSTRUCTION OF A NEW 2-LANE HIGHWAY FROM KM 71/00 TO 99/83 IN MIZORAM TO SUPPORT KALADAN MULTI MOD,ROAD TRANSPORT AND HIGHWAYS,PWD,MIZORAM,2010-08-01,2010-10-01,,193.69,193.69,,,,,,0/0,consolidated,105
2017-04-01,N24000415,1004,CONSTRUCTION OF A NEW 2-LANE HIGHWAY FROM KM 0.00 (ON NH-54 NEAR LAWNGTLAI),ROAD TRANSPORT AND HIGHWAYS,PWD,MIZORAM,2010-08-01,2010-10-01,2010-10-01,195.04,195.04,130.82,,,,,0/0,consolidated,106
2017-04-01,N24000089,1005,"GWALIOR-JHANSI, NH-75",ROAD TRANSPORT AND HIGHWAYS,NHAI,MULTI STATE,2003-12-01,2009-12-01,,604,604,423.83,,,,,0/0,consolidated,106
2017-04-01,N24000131,1006,SURAT- DAHISAR(SIX LANE) KM 263 TO KM 502,ROAD TRANSPORT AND HIGHWAYS,NHAI,MULTI STATE,2009-02-01,2011-08-01,2017-09-01,1693.75,1693.75,2675.28,,,,73(O),2/2,consolidated,106
2017-04-01,N24000155,1007,4 LANING OF NAGPUR-BETUL,ROAD TRANSPORT AND HIGHWAYS,NHAI,MULTI STATE,2011-02-01,2014-08-01,2017-12-01,2498.76,2498.76,2486.59,,,,40(O),0/0,consolidated,106
2017-04-01,N24000182,1008,VARANASI-AURANGABAD KM.786 TO KM.978.40,ROAD TRANSPORT AND HIGHWAYS,NHAI,MULTI STATE,2011-09-01,2014-03-01,2018-04-01,2848,2848,574.74,,,,49(O),0/0,consolidated,106
2017-04-01,N24000201,1009,MUZAFFARNAGAR-HARIDWAR,ROAD TRANSPORT AND HIGHWAYS,NHAI,MULTI STATE,2011-09-01,2013-03-01,2017-11-01,754,754,1077.66,,,,56(O),0/0,consolidated,106
2017-04-01,N24000224,1010,DELHI AGRA APPROVED LENGTH 180.0 KM,ROAD TRANSPORT AND HIGHWAYS,NHAI,MULTI STATE,2012-10-01,2015-04-01,2017-12-01,1928.22,1928.22,1607.34,,,,32(O),0/0,consolidated,106
2017-04-01,N24000405,1011,WIDENING AND STG.OF EXISTING TWO-LANE CARRIAGEWAY TO FOUR LANES WITH PAVED SIDE SHOULDERS OF AMRTISA,ROAD TRANSPORT AND HIGHWAYS,PWD,MULTI STATE,2015-03-01,,,789.83,789.83,109.77,,,,,0/0,consolidated,106
2017-04-01,N24000446,1012,DEVELOPMENT OF SIX LANE EASTERN PERIPHERAL EXPRESSWAY ( PKG-III),ROAD TRANSPORT AND HIGHWAYS,NHAI,MULTI STATE,2015-09-01,2018-03-01,2018-03-01,788.51,788.51,,,,,0(O),0/0,consolidated,106
2017-04-01,N24000624,1013,SIX LANNING FROM KM 287.400 TO KM 401.200 SECTION OF NH- 8 IN THE STATE OF RAJASTHAN AND GUJARAT(APP,ROAD TRANSPORT AND HIGHWAYS,NHAI,MULTI STATE,2016-09-01,,,1244.1,1244.1,,,,,,0/0,consolidated,106
2017-04-01,N24000315,1014,"WIDENING OF 2(TWO) LANING OF LONGLENG- CHANTONGYA ROAD, MON-TAMLU-MERANGKONG ROAD, PHEK- PFUTSERO ROA",ROAD TRANSPORT AND HIGHWAYS,PWD,NAGALAND,2010-12-01,2011-02-01,,1296,1296,,,,,,0/0,consolidated,106
2017-04-01,N24000686,1015,FOUR LANING OF DIMAPUR KOHIMA ROAD FROM DESIGN KM 123.840 TO KM 138.775 (EXISTING KM 124.100 TO KM 1,ROAD TRANSPORT AND HIGHWAYS,NHIDCL,NAGALAND,2016-03-01,2016-08-01,2019-08-01,373.07,373.07,,,,,36(O),0/0,consolidated,106
2017-04-01,N24000687,1016,FOUR LANING OF DIMAPUR KOHIMA ROAD FROM DESIGN KM 138.775 TO KM 152.490 (EXISTING KM 140.000 TO KM 1,ROAD TRANSPORT AND HIGHWAYS,NHIDCL,NAGALAND,2016-03-01,2016-08-01,2019-08-01,396.52,396.52,,,,,36(O),0/0,consolidated,106
2017-04-01,N24000688,1017,FOUR LANING OF EXISTING DIMAPUR KOHIMA ROAD FROM DESIGN KM 152.490 TO KM 166.700 (EXISTING KM 156.00,ROAD TRANSPORT AND HIGHWAYS,NHIDCL,NAGALAND,2016-03-01,2016-08-01,2019-08-01,429.52,429.52,,,,,36(O),0/0,consolidated,106
2017-04-01,N24000689,1018,CONSTRUCTION OF FOUR/ SIX LANING FROM KM 132.375 TO KM 158.058 (TOTAL NEW ALIGNMENT LENGTH OF 20.683,ROAD TRANSPORT AND HIGHWAYS,NHIDCL,NAGALAND,2017-02-01,2017-04-01,2017-04-01,507.68,507.68,,,,,0(O),0/0,consolidated,106
2017-04-01,N24000195,1019,BHUBANESWAR TO PURI,ROAD TRANSPORT AND HIGHWAYS,NHAI,ODISHA,2011-03-01,2013-08-01,2017-06-01,500.29,500.29,869.91,,,,46(O),0/0,consolidated,106
2017-04-01,N24000197,1020,PANIKHOLI-RIMOLI,ROAD TRANSPORT AND HIGHWAYS,NHAI,ODISHA,2012-03-01,2014-09-01,2017-06-01,1410,1410,1555.96,,,,33(O),0/0,consolidated,106
2017-04-01,N24000205,1021,SIX LANING OF CHANDIKHOL-JAGATPUR- BHUBANESWAR,ROAD TRANSPORT AND HIGHWAYS,NHAI,ODISHA,2011-12-01,2014-06-01,2017-06-01,1047,1047,1613.62,,,,36(O),0/0,consolidated,106
2017-04-01,N24000366,1022,2/4 LANING OF TALCHAR -DUBARI-CHANDIKHOLE SECTION OF NH-200 FROM KM 301.89 TO KM 427.85 INCLUDING KM,ROAD TRANSPORT AND HIGHWAYS,NHAI,ODISHA,2015-06-01,2017-12-01,2017-12-01,996.37,996.37,,,,,0(O),0/0,consolidated,106
2017-04-01,N24000379,1023,REHABILITATION AND UPGRADING TO 2 LANES/2 LANE WITH PAVED SHOULDERS CONFIGURATION OF BHOJPUR-CHHATAB,ROAD TRANSPORT AND HIGHWAYS,MORTH,ODISHA,1991-01-01,2017-10-01,2017-10-01,218.63,218.63,29.27,,251.92,,0(O),0/0,consolidated,107
2017-04-01,N24000413,1024,IMPROVEMENT FROM KM 0/0 TO 68/0,ROAD TRANSPORT AND HIGHWAYS,PWD,ODISHA,2013-12-01,2016-10-01,2016-10-01,319.8,319.8,,,,,,0/0,consolidated,107
2017-04-01,N24000414,1025,REHABILITATION AND UPGRADING TO 2 LANES/2 LANE WITH PAVED SHOULDERS CONFIGURATION OF NABARANGPUR-KOK,ROAD TRANSPORT AND HIGHWAYS,MORTH,ODISHA,1991-01-01,2018-05-01,2018-05-01,229.41,229.41,6.65,,265.35,,0(O),0/0,consolidated,107
2017-04-01,N24000417,1026,REHABILITATION AND UP-GRADATION OF NH-149 FROM KM 0.00 TO KM 68.280 (PALLAHARA-PITRI JUNCTION) IN TH,ROAD TRANSPORT AND HIGHWAYS,PWD,ODISHA,2014-07-01,2017-01-01,2017-01-01,342.05,342.05,,,,,,0/0,consolidated,107
2017-04-01,N24000427,1027,4 LANING OF BAHARAGORA - SINGHARA,ROAD TRANSPORT AND HIGHWAYS,NHAI,ODISHA,2015-07-01,,,1282.94,1282.94,,,,,,0/0,consolidated,107
2017-04-01,N24000485,1028,FOUR LANING WITH PS TALEBANI -SMBALPUR,ROAD TRANSPORT AND HIGHWAYS,NHAI,ODISHA,2015-12-01,,,752.28,752.28,,,,,,0/0,consolidated,107
2017-04-01,N24000523,1029,WIDENING TO 2 LANE AND IMPROVEMENT FROM KM 100/700 TO 186/700 OF VIJAYWADA RANCI ROUTE IN ODISHA,ROAD TRANSPORT AND HIGHWAYS,PWD,ODISHA,2011-12-01,2017-11-01,2017-11-01,159.39,159.39,,,,,0(O),0/0,consolidated,107
2017-04-01,N24000527,1030,WIDENING TO 2 LANE AND IMPROVEMENT VIJAYWADA RANCI ROUTE FROM KM 377-700 TO 471-900 (BERHMAPUR-TAPTA,ROAD TRANSPORT AND HIGHWAYS,PWD,ODISHA,2011-12-01,2015-08-01,2018-03-01,191.08,191.08,,,,,31(O),0/0,consolidated,107
2017-04-01,N24000550,1031,JHARPOKHARIA-BARIPADA-BALESHWAR SECTION,ROAD TRANSPORT AND HIGHWAYS,NHAI,ODISHA,2016-02-01,,,1069.65,1069.65,,,,,,0/0,consolidated,107
2017-04-01,N24000619,1032,DEVELOPMENT OF FOUR LANNING OF ANGUL- SAMBALPUR SECTION OF NATIONAL HIGHWAY NH- 42 (NEW NH-55 IN THE S,ROAD TRANSPORT AND HIGHWAYS,NHAI,ODISHA,2016-09-01,,,2510.04,2510.04,,,,,,0/0,consolidated,107
2017-04-01,N24000633,1033,"REHABILITAITON AND UPGRADATION TO FOUR LANING OF BINJHABAHAL TO TELEBANI SECTION, KM 414.000 TO KM 4",ROAD TRANSPORT AND HIGHWAYS,NHAI,ODISHA,2016-10-01,,,1008.96,1008.96,,,,,,0/0,consolidated,107
2017-04-01,N24000639,1034,WIDENING AND STRENFTHENING OF EXISITNG SL IL TO 2 LANE CARRIAGEWAY WITH PAVED SHOULDER INCLUDING GEO,ROAD TRANSPORT AND HIGHWAYS,MORTH,ODISHA,2014-03-01,2016-05-01,2017-06-01,191.5,192,,,192,,13(O),0/0,consolidated,107
2017-04-01,N24000640,1035,WIDENING AND STRENGTHENING OF EXISTING SINGLE INTERMEDIATE LANE CARRIAGEWAY TO 2 LANE CARRIAGE WAY W,ROAD TRANSPORT AND HIGHWAYS,MORTH,ODISHA,2015-01-01,2018-04-01,2018-04-01,326.63,327,,,327,,0(O),0/0,consolidated,107
2017-04-01,N24000641,1036,WIDENING AND STRENGTHENING OF EXISTING SL IL DL TO 2 LANE CARRIAGEWAY WITH PAVED SHOULDER FROM KM,ROAD TRANSPORT AND HIGHWAYS,MORTH,ODISHA,2015-02-01,2017-10-01,2017-10-01,239.91,240,,,240,,0(O),0/0,consolidated,107
2017-04-01,N24000642,1037,WIDENING TO 2 LANE CARRIAGEWAY WITH PAVED SHOULDERS AND STRENGTHENING FROM KM 162.010 TO KM 224.900,ROAD TRANSPORT AND HIGHWAYS,MORTH,ODISHA,2015-03-01,2017-10-01,2017-10-01,226.31,226,,,226,,0(O),0/0,consolidated,107
2017-04-01,N24000643,1038,IMPROVEMENT FROM KM 0 TO KM 68.0 (KANAKTORA TO JHARSUGUDA SECTION) TO 2 LANE CARRIAGEWAY WITH PAVED,ROAD TRANSPORT AND HIGHWAYS,MORTH,ODISHA,2013-12-01,2016-05-01,2017-03-01,319.8,320,,,320,,,0/0,consolidated,107
2017-04-01,N24000644,1039,REHABILITATION AND UPGRADATION OF NH-149 FROM KM 0.00 TO KM 68.280 (PALLAHARA TO PITRI JUNCTION) IN,ROAD TRANSPORT AND HIGHWAYS,MORTH,ODISHA,2014-07-01,2017-01-01,2017-08-01,342.05,342,,,342,,7(O),0/0,consolidated,107
2017-04-01,N24000645,1040,REHABILITATION AND UPGRADING TO 2 LANE WITH PAVED SHOULDER CONFIGURATION AND STRENGTHENING OF NAUPAR,ROAD TRANSPORT AND HIGHWAYS,MORTH,ODISHA,2013-08-01,2016-06-01,2017-03-01,171.96,172,,,172,,,0/0,consolidated,108
2017-04-01,N24000646,1041,WIDENING OF EXISTING IL DL TO 2-LANE WITH 1.5 M WIDE PAVED SHOULDER FROM KM 0.0 TO KM 45.750 (BOLANG,ROAD TRANSPORT AND HIGHWAYS,MORTH,ODISHA,2016-06-01,2018-06-01,2018-11-01,157.3,157,,,157,,5(O),0/0,consolidated,108
2017-04-01,N24000647,1042,WIDENING AND STRENFTHENING OF EXISITNG SL IL TO 2 LANE CARRIAGEWAY WITH PAVED SHOULDER FROM KM 256.8,ROAD TRANSPORT AND HIGHWAYS,MORTH,ODISHA,2014-03-01,2016-05-01,2017-03-01,162.51,163,,,163,,,0/0,consolidated,108
2017-04-01,N24000671,1043,REHABILITATION AND UPGRADATION BY 4-LANING OF SINGHARA TO BINJHABAHAL SECTION FROM KM 311.000 TO KM,ROAD TRANSPORT AND HIGHWAYS,NHAI,ODISHA,2017-03-01,2020-03-01,2020-03-01,1288.07,1420,,,,,0(O),0/0,consolidated,108
2017-04-01,N24000289,1044,REHABILITATION AND UPGRADATION OF NH-64 FROM KM.28.110 TO 50.000(ZIRAKPUR TO PATIALA SEC.) TO 4 LANE,ROAD TRANSPORT AND HIGHWAYS,PWD,PUNJAB,2015-03-01,,,435.9,435.9,31.02,,,,,0/0,consolidated,108
2017-04-01,N24000290,1045,WIDENING AND REHABILITATION OF THE EXISTING PATIALA BYEPASS FROM EXISTING KM.50/0 TO 69/280) ON NH-6,ROAD TRANSPORT AND HIGHWAYS,PWD,PUNJAB,2015-01-01,,,279.68,279.68,25.28,,,,,0/0,consolidated,108
2017-04-01,N24000291,1046,4-LAINING WITH PAVED SHOULDERS OF SANGRUR TO DOGAL KALAN SEC.OF NH-71(NEW NH-52) FROM KM.181.805 TO,ROAD TRANSPORT AND HIGHWAYS,PWD,PUNJAB,2014-11-01,,,463.65,463.65,280.16,,546,,,0/0,consolidated,108
2017-04-01,N24000292,1047,4 LAINING WITH PAVED SHOULDERS OF DOGAL KALAN TO PUNJAB/HARYANA BORDER SEC.OF NH- 71(NEW NH-52) FROM,ROAD TRANSPORT AND HIGHWAYS,PWD,PUNJAB,2014-11-01,,,573.96,605,209.74,,605,,,0/0,consolidated,108
2017-04-01,N24000351,1048,JALANDHAR - AMRITSAR,ROAD TRANSPORT AND HIGHWAYS,NHAI,PUNJAB,2014-01-01,2016-01-01,2017-12-01,523.85,523.85,77.49,,,,23(O),0/0,consolidated,108
2017-04-01,N24000370,1049,"4-LANES WITH PAVED SIDE SHOULDERS OF END OF SANGRUR BYPASS TO TAPA SEC,IF NH-64(NEW NH- 07) FROM EXI",ROAD TRANSPORT AND HIGHWAYS,PWD,PUNJAB,2015-02-01,,,483.38,483.38,65.76,,,,,0/0,consolidated,108
2017-04-01,N24000372,1050,4-LANES WITH PAVED SIDE SHOULDERS OF TAPA TO BATHINDA SEC.OF NH-64(NEW NH-07) FROM EXISING KM.168/0,ROAD TRANSPORT AND HIGHWAYS,PWD,PUNJAB,2015-02-01,,,616.36,616.36,68.58,,,,,0/0,consolidated,108
2017-04-01,N24000374,1051,4 LANES WITH PAVED SIDE SHOULDERS OF END OF PATIALA BYPASS TO START OF SANGRUR BYEPASS SEC.OF NH-64(,ROAD TRANSPORT AND HIGHWAYS,PWD,PUNJAB,2015-02-01,,,486.74,486.74,189.39,,,,,0/0,consolidated,108
2017-04-01,N24000383,1052,CONST.OF 4 LANES WITH PAVED SHOUDLERS OF HARIKE BYPASS FROM EXISTING KM.158.350 TO 166.925 OF NH-15(,ROAD TRANSPORT AND HIGHWAYS,PWD,PUNJAB,2015-03-01,,,312.79,312.79,17.57,,,,,0/0,consolidated,108
2017-04-01,N24000384,1053,CONST.OF SANGRUR BYPASS(EXISTING KM.106.170 TO 116.950) AND DHANOULA BYPASS(EXISTING KM.138.030 TO K,ROAD TRANSPORT AND HIGHWAYS,PWD,PUNJAB,2014-07-01,,,319.8,319.8,102.55,,,,,0/0,consolidated,108
2017-04-01,N24000385,1054,DEVELOPMENT TO FOUR LANE WITH PAVED SHOULDERS OF SHAHKOT-MOGA SECTION OF NH- 71 (NEW NH-52) FROM EXIS,ROAD TRANSPORT AND HIGHWAYS,PWD,PUNJAB,2015-12-01,,,766.36,766.36,99.86,,,,,0/0,consolidated,108
2017-04-01,N24000389,1055,4-LANING OF LAMBRA-SHAHKOT SECTION OF NH- 71 FROM KM 12.00 TO 44.600,ROAD TRANSPORT AND HIGHWAYS,PWD,PUNJAB,2015-11-01,,,847.02,847.02,299.81,,,,,0/0,consolidated,108
2017-04-01,N24000391,1056,4-LANING OF MOGA -TALLEWAL SECTION OF NH-71 FROM KM 77.200 TO 114.00,ROAD TRANSPORT AND HIGHWAYS,PWD,PUNJAB,2015-11-01,,,889.24,889.24,389.64,,,,,0/0,consolidated,108
2017-04-01,N24000404,1057,DEVELOPMENT TO FOUR LANE WITH PAVED SHOULDERS OF TALLEWAL-BARNALA SECTION OF NH-71 FROM EXISTING KM,ROAD TRANSPORT AND HIGHWAYS,PWD,PUNJAB,2015-12-01,,,578.38,578.38,128.53,,,,,0/0,consolidated,109
2017-04-01,N24000476,1058,IMPROVEMENT OF AMRITSAR BYPASS BY CONSTRUCTION OF ADDITIONAL STRUCTURE AND SERVICE ROADS ON NH-1,ROAD TRANSPORT AND HIGHWAYS,NHAI,PUNJAB,2015-09-01,,2017-11-01,273.06,273.06,,,,,,0/0,consolidated,109
2017-04-01,N24000483,1059,FOUR LANNING OF LUDHIYANA- TALWANDI SECTION,ROAD TRANSPORT AND HIGHWAYS,NHAI,PUNJAB,2014-09-01,,2017-05-01,479,479,349.6,,,,,0/0,consolidated,109
2017-04-01,N24000484,1060,FOUR LANING OF KHARAR - KURALI SECTION OF NH-21,ROAD TRANSPORT AND HIGHWAYS,NHAI,PUNJAB,2015-12-01,2017-12-01,2017-12-01,239.23,239.23,,,,,0(O),0/0,consolidated,109
2017-04-01,N24000503,1061,FOUR LANING OF CHANDIGARH - KHARAR,ROAD TRANSPORT AND HIGHWAYS,NHAI,PUNJAB,2015-10-01,2017-12-01,2019-04-01,447.29,447.29,,,,,16(O),0/0,consolidated,109
2017-04-01,N24000524,1062,WIDENING STG.OF EXISTING TWO-LANE CARRIAGEWAY TO FOUR LANES WITH PAVED SIDE SHOULDERS OF HARIKE-ZIRA,ROAD TRANSPORT AND HIGHWAYS,PWD,PUNJAB,2015-06-01,,,892.17,892.17,26.92,,,,,0/0,consolidated,109
2017-04-01,N24000526,1063,WIDENING STG.OF EXISTING TWO-LANE CARRIAGEWAY TO FOUR LANES WITH PAVED SIDE SHOULDERS OF FARIDKOT-KO,ROAD TRANSPORT AND HIGHWAYS,PWD,PUNJAB,2015-06-01,,,899.21,899.21,25.08,,,,,0/0,consolidated,109
2017-04-01,N24000600,1064,4/6 LANING FROM KHARAR TO LUDHIYANA FROM KM 10.185 (DESIGN CHAINAGE) TO KM 86.199(DESIGN CHAINAGE),ROAD TRANSPORT AND HIGHWAYS,NHAI,PUNJAB,2016-08-01,,,1388.34,1388.34,,,,,,0/0,consolidated,109
2017-04-01,N24000601,1065,4 LANING FROM PHAGWARA TO RUPNAGAR,ROAD TRANSPORT AND HIGHWAYS,NHAI,PUNJAB,2016-08-01,,,1169.61,1169.61,,,,,,0/0,consolidated,109
2017-04-01,N24000662,1066,CONSTRUCTION OF PARTIALLY ACESS CONTROLLED FOUR LANE ELEVATED HIGHWAY BETWEEN SAMRALA CHOWK (DESIGN,ROAD TRANSPORT AND HIGHWAYS,NHAI,PUNJAB,2017-03-01,2020-03-01,2020-03-01,754.54,756.27,,,,,0(O),0/0,consolidated,109
2017-04-01,N24000068,1067,"CHAMBAL BRIDGE, NH-76 (RJ-5)",ROAD TRANSPORT AND HIGHWAYS,NHAI,RAJASTHAN,2003-12-01,2010-02-01,2017-05-01,275,281.31,168.31,,,,87(O),0/0,consolidated,109
2017-04-01,N24000148,1068,DEOLI-KOTA,ROAD TRANSPORT AND HIGHWAYS,NHAI,RAJASTHAN,2011-01-01,2013-07-01,2017-10-01,593,593,1036.26,,,,51(O),0/0,consolidated,109
2017-04-01,N24000240,1069,2-LANING WITH PS BHILWARA-LODPURA SECTION,ROAD TRANSPORT AND HIGHWAYS,NHAI,RAJASTHAN,2014-03-01,2016-03-01,2017-04-01,240.1,240.1,151.72,,,,13(O),0/0,consolidated,109
2017-04-01,N24000294,1070,WIDENING AND STRENGTHENING OF NH-65 TO FOUR LANES WITH PAVED SHOULDERS FROM EXISTING KM 267+500 TO K,ROAD TRANSPORT AND HIGHWAYS,MORTH,RAJASTHAN,2014-10-01,2015-01-01,,269.22,269.22,33.24,,,,,0/0,consolidated,109
2017-04-01,N24000295,1071,WIDENING AND STRENGHENING OF NH-65 TO TWO LANES WITH PAVED SHOULDERS FROM EXISTING,ROAD TRANSPORT AND HIGHWAYS,MORTH,RAJASTHAN,2014-10-01,2015-01-01,,257.09,257.09,14.8,,,,,0/0,consolidated,109
2017-04-01,N24000296,1072,REHABILITATION AND UPGRADING TO 2 LANES-2 LANE WITH PAVED SHOULDERS,ROAD TRANSPORT AND HIGHWAYS,MORTH,RAJASTHAN,2013-10-01,2014-05-01,,278.87,278.87,,,,,,0/0,consolidated,109
2017-04-01,N24000297,1073,REHABILITATION AND UPGRADING TO 2 LNES-2 LANE WITH PAVED SHOULDERS CONFIGURATION AND STRENGTHENING O,ROAD TRANSPORT AND HIGHWAYS,MORTH,RAJASTHAN,1991-01-01,2014-04-01,,376.52,376.52,,,,,,0/0,consolidated,109
2017-04-01,N24000298,1074,WIDENING AND STRENGTHENING OF NH-15 TO TWO LANES WITH PAVED SHOULDER FROM EXISTING KM 173/0 TO KM 24,ROAD TRANSPORT AND HIGHWAYS,MORTH,RAJASTHAN,2015-02-01,2015-03-01,,383.4,383.4,224.68,,,,,0/0,consolidated,110
2017-04-01,N24000333,1075,WIDENING TO 4 LANE WITH PAVED SHOULDER WITH CC PAVEMENT FROM KM 256/550 TO KM 289/500 ON KOTA-DARAH,ROAD TRANSPORT AND HIGHWAYS,MORTH,RAJASTHAN,2015-12-01,2018-06-01,2018-06-01,621.43,621.43,,,,,0(O),0/0,consolidated,110
2017-04-01,N24000337,1076,TWO LANING WITH PAVED SHOULDER BARMER - SANCHOR - GUJARAT BODER ( UP TO GANDHAV BRIDGE) SECTION OF N,ROAD TRANSPORT AND HIGHWAYS,NHAI,RAJASTHAN,2015-08-01,2018-02-01,2018-02-01,538.08,538.08,30.08,,,,0(O),0/0,consolidated,110
2017-04-01,N24000344,1077,TWO LANING WITH PAVED SHOULDER OF KARAUII - DHOLPUR,ROAD TRANSPORT AND HIGHWAYS,NHAI,RAJASTHAN,2014-09-01,2016-09-01,2017-09-01,425.19,425.19,217.87,,,,12(O),0/0,consolidated,110
2017-04-01,N24000348,1078,JAISALMER - BARMER,ROAD TRANSPORT AND HIGHWAYS,NHAI,RAJASTHAN,2015-08-01,2018-02-01,2018-02-01,482.27,482.27,40.75,,,,0(O),0/0,consolidated,110
2017-04-01,N24000352,1079,TWO LANE WITH PAVED SHOULDERS OF JODHPUR - POKARAN SECTION OF NH-114 ( NEW NH NO -50),ROAD TRANSPORT AND HIGHWAYS,NHAI,RAJASTHAN,2015-07-01,2017-07-01,2017-07-01,455.6,455.6,54.5,,,,0(O),0/0,consolidated,110
2017-04-01,N24000353,1080,PADI - DAHOD,ROAD TRANSPORT AND HIGHWAYS,NHAI,RAJASTHAN,2014-11-01,2017-05-01,2017-05-01,279.14,279.14,62.77,,,,0(O),0/0,consolidated,110
2017-04-01,N24000354,1081,JODHPUR - BARMER SECTION OF PACKAGE -I,ROAD TRANSPORT AND HIGHWAYS,NHAI,RAJASTHAN,2014-10-01,2017-04-01,2017-04-01,264.72,264.72,98.18,,,,0(O),0/0,consolidated,110
2017-04-01,N24000357,1082,PHALODI -JAISALMER SECTION OF NH-15 TO TWO/FOUR LANE WITH PS,ROAD TRANSPORT AND HIGHWAYS,NHAI,RAJASTHAN,2015-09-01,2018-03-01,2018-03-01,567.51,567.51,42.79,,,,0(O),0/0,consolidated,110
2017-04-01,N24000369,1083,REHABILITATION AND UPGRADING TO 2 LANES/2 LANE WITH PAVED SHOULDERS CONFIGURATION OF PRATAPGARH-PADI,ROAD TRANSPORT AND HIGHWAYS,MORTH,RAJASTHAN,1991-01-01,2016-10-01,2016-10-01,269.26,269.26,212.72,,,,,0/0,consolidated,110
2017-04-01,N24000406,1084,REHABILITATION AND UPGRADING TO 2 LANES/2 LANE WITH PAVED SHOULDERS CONFIGURATION OF LALSOT-KARAULI,ROAD TRANSPORT AND HIGHWAYS,MORTH,RAJASTHAN,1991-01-01,2016-05-01,2016-05-01,208.87,208.87,206.78,,223,,,0/0,consolidated,110
2017-04-01,N24000423,1085,2 LANING WITH PS OF GULABPURA - UNIARA,ROAD TRANSPORT AND HIGHWAYS,NHAI,RAJASTHAN,2015-10-01,2017-10-01,2018-04-01,597,597,,,,,6(O),0/0,consolidated,110
2017-04-01,N24000426,1086,2-LANE WITH PAVED SHOULDER WITH PROVISION OF CAPACITY AUGMENTATION OF RAJASTHAN BORDER-FATEHPUR-SALA,ROAD TRANSPORT AND HIGHWAYS,NHAI,RAJASTHAN,2012-11-01,2016-08-01,2017-06-01,530.07,530.07,234.21,,,,10(O),0/0,consolidated,110
2017-04-01,N24000445,1087,BIKANER - PHALODI SECTION TO FOUR LANING FROM KM.4.200 TO KM 55.25 AND TWO-LANE PAVED SHOULDER FROM,ROAD TRANSPORT AND HIGHWAYS,NHAI,RAJASTHAN,2014-08-01,2018-04-01,2018-04-01,822.9,822.9,55,,,,0(O),0/0,consolidated,110
2017-04-01,N24000467,1088,NH 79 OF CHITTORGARH NEEMUCH MP BORDER KM 183 000 TO KM 221 400 BY FOUR LANING WITH PAVED SHOULDER A,ROAD TRANSPORT AND HIGHWAYS,PWD,RAJASTHAN,2012-09-01,2013-10-01,2013-10-01,511,511,,,,,,0/0,consolidated,110
2017-04-01,N24000470,1089,NH 79 CHITTORGARH NEEMUCH MP BORDER FOUR LANING AND NH 113 NIMBAHERA PRATAPGARH TWO LANING,ROAD TRANSPORT AND HIGHWAYS,PWD,RAJASTHAN,2012-09-01,2013-10-01,2013-10-01,511,511,,,,,,0/0,consolidated,110
2017-04-01,N24000477,1090,GURGAON - KOTPUTLI - JAIPUR (SIX LANE),ROAD TRANSPORT AND HIGHWAYS,NHAI,RAJASTHAN,2008-02-01,2011-10-01,2017-12-01,1673.7,1673.7,2816.74,,,,74(O),0/0,consolidated,110
2017-04-01,N24000520,1091,TWO LANING WITH PS OF UNCHA NAGLA - KHANUWARA - ROPPAS -DHOLPUR,ROAD TRANSPORT AND HIGHWAYS,NHAI,RAJASTHAN,2015-08-01,,2018-02-01,275.9,275.9,,,,,,0/0,consolidated,111
2017-04-01,N24000586,1092,TWO LANNING WITH PAVED SHOULDER OF SALASAR-NAGAUR,ROAD TRANSPORT AND HIGHWAYS,NHAI,RAJASTHAN,2016-06-01,2019-06-01,2019-06-01,637.18,637.18,,,,,0(O),0/0,consolidated,111
2017-04-01,N24000587,1093,FOUR LANING OF MAHUVA TO KAGAVADAR OF NH- 8E FROM KM. 100.100 TO KM 139.915 (DESIGN CHAINAGE FROM KM,ROAD TRANSPORT AND HIGHWAYS,NHAI,RAJASTHAN,2016-06-01,2019-06-01,2019-06-01,763.23,763.23,,,,,0(O),0/0,consolidated,111
2017-04-01,N24000588,1094,SIX LANE OF GREENFIELD PROPOSED UDAIPUR BYPASS [CONNECTION BETWEEN NH-76 AT EXISTING KM,ROAD TRANSPORT AND HIGHWAYS,NHAI,RAJASTHAN,2016-06-01,2019-06-01,2019-06-01,725.95,725.95,,,,,0(O),0/0,consolidated,111
2017-04-01,N24000589,1095,FOUR LANNING OF BAR-BILARA-JODHPUR SECTION OF NH-112 (EXISTING KM 0+000TO KM,ROAD TRANSPORT AND HIGHWAYS,NHAI,RAJASTHAN,2016-06-01,2019-06-01,2019-06-01,649,649,,,,,0(O),0/0,consolidated,111
2017-04-01,N24000591,1096,4/2 LANNING WITH PS DAUSA-LALSOT-KAUTHUN SECTION OF NH-11A,ROAD TRANSPORT AND HIGHWAYS,NHAI,RAJASTHAN,2016-07-01,,,688.7,688.7,,,,,,0/0,consolidated,111
2017-04-01,N24000593,1097,TWO LANNING WITH PAVED SHOULDER OF MANOHARPUR-DAUSA SECTION OF NH-11A(NEW NH-148) FROM KM 62.100 KM,ROAD TRANSPORT AND HIGHWAYS,NHAI,RAJASTHAN,2016-07-01,,2018-10-01,331.46,331.46,,,,,,0/0,consolidated,111
2017-04-01,N24000604,1098,2-LANE WITH PAVED SHOULDER TONK- SAWAIMADHOPUR,ROAD TRANSPORT AND HIGHWAYS,NHAI,RAJASTHAN,2016-08-01,,,320.3,320.3,,,,,,0/0,consolidated,111
2017-04-01,N24000621,1099,SIX LANNING OF KISHANGARH UDAIPUR AHMEDABAD SECTION FROM KM.90.000 (NEAR GULABPURA) TO KM. 214.870 (,ROAD TRANSPORT AND HIGHWAYS,NHAI,RAJASTHAN,2016-09-01,,,1239.82,1239.82,,,,,,0/0,consolidated,111
2017-04-01,N24000623,1100,SIX LANNING OF CHITTORGARH-UDAIPUR SECTION OF NH-76 FROM DESIGN CHAINAGE KM. 214.870 TO KM 308.370 I,ROAD TRANSPORT AND HIGHWAYS,NHAI,RAJASTHAN,2016-09-01,,,1100.19,1100.19,,,,,,0/0,consolidated,111
2017-04-01,N24000636,1101,6-LANNING OF KISHANGARH TO GULABPURA SECTION OF NH-79A AND NH-79 IN THE STATE OF RAJASATHAN(PACKAGE-,ROAD TRANSPORT AND HIGHWAYS,NHAI,RAJASTHAN,2016-12-01,,,1031.95,1031.95,,,,,,0/0,consolidated,111
2017-04-01,N24000312,1102,CONSTRUCTION OF 2-LANE NAYABAZAR - LEGSHIP ROAD IN WEST SIKKIM.,ROAD TRANSPORT AND HIGHWAYS,PWD,SIKKIM,2013-04-01,2013-08-01,,151.59,151.59,,,,,,0/0,consolidated,111
2017-04-01,N24000313,1103,CONSTRUCTION OF 2-LANE TARKU DAMTHANG NAMCHI ROAD IN SOUTH SIKKIM.,ROAD TRANSPORT AND HIGHWAYS,PWD,SIKKIM,2013-04-01,2013-08-01,,166.27,166.27,,,,,,0/0,consolidated,111
2017-04-01,N24000314,1104,CONSTRUCTION OF 2-LANE MELLI MANPUR NAMCHI ROAD IN SOUTH SIKKIM,ROAD TRANSPORT AND HIGHWAYS,PWD,SIKKIM,2013-01-01,2013-02-01,,182.28,182,24.36,,,,,0/0,consolidated,111
2017-04-01,N24000144,1105,CHENGAPALLI TO COIMBATORE BYPASS KM- 102.035-144.740 KM,ROAD TRANSPORT AND HIGHWAYS,NHAI,TAMIL NADU,2010-09-01,2013-03-01,2017-06-01,852,852,885.43,,,,51(O),0/0,consolidated,111
2017-04-01,N24000172,1106,SIX LANNING OF KRISHNAGIRI- WALAJHAPET SECTION KM.0.00 TO KM.148.3 NH-46,ROAD TRANSPORT AND HIGHWAYS,NHAI,TAMIL NADU,2011-09-01,2013-12-01,2017-12-01,1250,1250,1328.34,,,,48(O),0/0,consolidated,111
2017-04-01,N24000173,1107,DEVELOPMENT OF ADIQUATE ROAD CONNECTIVITY TO CHENNAI- ENNORE PORT CONNECTIVITY,ROAD TRANSPORT AND HIGHWAYS,NHAI,TAMIL NADU,2011-06-01,2013-06-01,,600,600,312.8,,,,,0/0,consolidated,111
2017-04-01,N24000176,1108,TWO LANING OF TRICHY - KARAIKUDI AND TRYCHI BYPASS,ROAD TRANSPORT AND HIGHWAYS,NHAI,TAMIL NADU,2010-05-01,2013-05-01,2017-12-01,374,374,236,,,,55(O),0/0,consolidated,112
2017-04-01,N24000177,1109,2 LANING OF DINDIGUL - PERIGULAM THENI- KUMILI,ROAD TRANSPORT AND HIGHWAYS,NHAI,TAMIL NADU,2011-09-01,2013-08-01,2017-12-01,485,485,303.07,,,,52(O),0/0,consolidated,112
2017-04-01,N24000213,1110,2-LANING OF KRISHNAGIRI-TINDIVANAM (APPROVED LENHTH 170 KM),ROAD TRANSPORT AND HIGHWAYS,NHAI,TAMIL NADU,2012-04-01,2014-04-01,,624,624,338.4,,,,,0/0,consolidated,112
2017-04-01,N24000316,1111,CONSTRUCTION OF PAVED SHOULDERS IN KM.81/0 TO 203/0 INCLUDING RECONSTRUCTION AND WIDENING OF CULVERT,ROAD TRANSPORT AND HIGHWAYS,MORTH,TAMIL NADU,2015-03-01,2015-08-01,,258.97,268.92,,,268.92,,,0/0,consolidated,112
2017-04-01,N24000317,1112,REHABILITATION AND UPGRADATION OF NH 226 E FROM 0-1 - 66-20 TO 2 LANE WITH PAVED SHOULDERS ON EPC MO,ROAD TRANSPORT AND HIGHWAYS,MORTH,TAMIL NADU,2015-03-01,2015-07-01,,157.18,162,,,162,,,0/0,consolidated,112
2017-04-01,N24000318,1113,CONSTRUCTION OF PAVED SHOULDERS INCULDING STRENGTHENING OF EXISTING CARRIAGEWAY FROM KM 0-0-51-0 I-,ROAD TRANSPORT AND HIGHWAYS,MORTH,TAMIL NADU,2015-11-01,2015-08-01,2015-08-01,154.14,154.14,,,,,,0/0,consolidated,112
2017-04-01,N24000349,1114,FOUR LANING OF MADURAI - RAMANATHAPURAM (KM 5. TO KM 81) AND TWO LANING WITH PS KM 81 TO KM 120,ROAD TRANSPORT AND HIGHWAYS,NHAI,TAMIL NADU,2015-05-01,2017-11-01,2017-11-01,1387.11,1387.11,114.38,,,,0(O),0/0,consolidated,112
2017-04-01,N24000350,1115,TWO LANING WITH PS OF NAGAPATTINAM - THANJAVUR,ROAD TRANSPORT AND HIGHWAYS,NHAI,TAMIL NADU,2015-06-01,2017-12-01,2018-06-01,563.92,563.92,11.37,,,,6(O),0/0,consolidated,112
2017-04-01,N24000359,1116,THIRUMAYAM - MANAMADURAI SECTION,ROAD TRANSPORT AND HIGHWAYS,NHAI,TAMIL NADU,2014-07-01,2017-01-01,2017-05-01,401.11,401.11,200.96,,,,4(O),0/0,consolidated,112
2017-04-01,N24000368,1117,THANJAVUR - PUDUKOTTAI SECTION OF NH-226,ROAD TRANSPORT AND HIGHWAYS,NHAI,TAMIL NADU,2014-11-01,2016-11-01,2017-05-01,563.92,563.92,103.08,,,,6(O),0/0,consolidated,112
2017-04-01,N24000528,1118,TRICHY - KARUR,ROAD TRANSPORT AND HIGHWAYS,NHAI,TAMIL NADU,2007-03-01,2008-07-01,,516,516,761.19,,,,,0/0,consolidated,112
2017-04-01,N24000555,1119,FOUR LANNING OF TAMIL NADU KERALA BORDER TO VILLUKURI FROM KM. 43.00 TO 70.25 OF NH-47 UNDER NHDP-PH,ROAD TRANSPORT AND HIGHWAYS,NHAI,TAMIL NADU,2016-02-01,,2018-08-01,707.82,707.82,,,,,,0/0,consolidated,112
2017-04-01,N24000557,1120,FOUR LANNING OF VILLUKURI TO KANYAKUMARI SECTION FROM KM 70.25 TO 96.714 OF NH-47 AND NAGERCOIL TO K,ROAD TRANSPORT AND HIGHWAYS,NHAI,TAMIL NADU,2016-02-01,,2018-07-01,641.17,641.17,,,,,,0/0,consolidated,112
2017-04-01,N24000652,1121,FOUR LANNING OF VIKRAVANDI-SETHIYAHOPU FROM KM 0.000 TO KM 60.250(DESIGN CHAINAGE KM 0.000 TO KM 65.,ROAD TRANSPORT AND HIGHWAYS,NHAI,TAMIL NADU,2017-03-01,2020-03-01,2020-03-01,848.45,848.45,,,,,0(O),0/0,consolidated,112
2017-04-01,N24000233,1122,4 LANNING OF MH-KNT BORDER SANGAREDDY SECTION OF NH-9,ROAD TRANSPORT AND HIGHWAYS,NHAI,TELANGANA,2014-04-01,2016-09-01,2017-07-01,1266.6,1266.6,834,,,,10(O),0/0,consolidated,112
2017-04-01,N24000241,1123,REHABILITATION AND UPGRADATION OF NH -365 FROM KM 72.600 TO 121.00 (THANAMCHERLA TO JAMANDLAPALLY S,ROAD TRANSPORT AND HIGHWAYS,PWD,TELANGANA,2013-12-01,2016-03-01,,177.18,177.18,40.51,,,,,3/4,consolidated,112
2017-04-01,N24000242,1124,REHABILITATION AND UPGRADATION OF NH -365 FROM KM 154.00 TO 187.00 (MANGALWARPET TO MALLAPLLY SECTIO,ROAD TRANSPORT AND HIGHWAYS,PWD,TELANGANA,2013-12-01,2016-03-01,,158.65,158.65,103.5,,,,,3/4,consolidated,112
2017-04-01,N24000243,1125,YAN TO NIRMAL SEREHABILITATION AND UPGRADATION OF NH -222 FROM KM 615.00 TO 668.60 (KALCTION) TO TW,ROAD TRANSPORT AND HIGHWAYS,PWD,TELANGANA,2013-12-01,2016-03-01,,244.08,244.08,38.32,,,,,1/4,consolidated,113
2017-04-01,N24000244,1126,REHABILITATION AND UPGRADATION OF NH -765 FROM KM 23.00 TO 108.00 (HYDERABAD TO DINDI SECTION) TO T,ROAD TRANSPORT AND HIGHWAYS,PWD,TELANGANA,2014-01-01,2016-03-01,,340,340,,,,,,0/2,consolidated,113
2017-04-01,N24000245,1127,REHABILITATION AND UPGRADATION OF NH -565 FROM KM 1.00 TO 86.057 (NAKREKAL TO NAGARJUNSAGAR DAM SECT,ROAD TRANSPORT AND HIGHWAYS,PWD,TELANGANA,2014-01-01,2016-03-01,,270,270,19.84,,,,,1/4,consolidated,113
2017-04-01,N24000246,1128,REHABILITATION AND UPGRADATION OF NH-221 FROM KM 71/2 TO 121/0 (OF VIJAYAWADA- JAGDALPUR AP BORDER TO,ROAD TRANSPORT AND HIGHWAYS,PWD,TELANGANA,2014-10-01,2016-12-01,2016-12-01,244.3,156.09,,,,,,0/4,consolidated,113
2017-04-01,N24000247,1129,REHABILITATION AND UPGRADATION OF NH-221 FROM KM 121/0 TO 165/00 (OF VIJAYAWADA- JAGDALPUR RUDRAMPUR,ROAD TRANSPORT AND HIGHWAYS,PWD,TELANGANA,2014-10-01,2017-02-01,2017-02-01,295.47,313.27,,,,,,0/1,consolidated,113
2017-04-01,N24000248,1130,EPC- CORRIDOR APPROACH WORKS - NH (O): WIDENING EXISTING 2 LANE TO 2 LANE WITH PAVED SHOULDERS IN KM,ROAD TRANSPORT AND HIGHWAYS,PWD,TELANGANA,2015-03-01,2017-01-01,2017-01-01,153.21,153.21,,,,,,0/0,consolidated,113
2017-04-01,N24000249,1131,CONSTRUCTION OF GODAVARI RIVER BRIDGE NEAR VENKATPURAM INCLUDING APPROACH ROAD ON NH-202 UNDER LWE S,ROAD TRANSPORT AND HIGHWAYS,PWD,TELANGANA,2011-03-01,2015-12-01,,218.31,339.82,208.28,,,,,0/3,consolidated,113
2017-04-01,N24000486,1132,FOUR LANING OF YADGIRI - WARANGAL,ROAD TRANSPORT AND HIGHWAYS,NHAI,TELANGANA,2015-12-01,,2018-11-01,1423.96,1423.96,,,,,,0/0,consolidated,113
2017-04-01,N24000328,1133,2 LANING WITH PAVED SHOULDER OF AGARTALA- UDAIPUR SECTION OF NH-44 FROM KM 6.800 TO KM 55.00 IN THE S,ROAD TRANSPORT AND HIGHWAYS,NHIDCL,TRIPURA,2014-10-01,2018-03-01,2018-03-01,369,369,36.9,,,,0(O),0/4,consolidated,113
2017-04-01,N24000329,1134,IMPROVEMENT/ WIDENING TO TWO LANING WITH PAVED SHOULDER OF UDAIPUR-SABROOM SECTION FROM KM 55.00 TO,ROAD TRANSPORT AND HIGHWAYS,NHIDCL,TRIPURA,2014-05-01,2017-04-01,2017-04-01,497.89,497.89,70.47,,,,0(O),0/4,consolidated,113
2017-04-01,N24000154,1135,MURADABAD-BAREILY,ROAD TRANSPORT AND HIGHWAYS,NHAI,UTTAR PRADESH,2010-04-01,2013-06-01,2017-06-01,1267,1267,2664.02,,,,48(O),0/0,consolidated,113
2017-04-01,N24000170,1136,GHAZIABAD-ALIGARH NH-91,ROAD TRANSPORT AND HIGHWAYS,NHAI,UTTAR PRADESH,2011-02-01,2013-08-01,2017-08-01,1141,1141,1948.72,,,,48(O),0/0,consolidated,113
2017-04-01,N24000200,1137,BAREILY-SITAPUR (NH-24),ROAD TRANSPORT AND HIGHWAYS,NHAI,UTTAR PRADESH,2011-03-01,2013-09-01,2017-05-01,1046,1046,541.42,,,,44(O),0/0,consolidated,113
2017-04-01,N24000208,1138,2-LANING WITH PS RAIBAREILI TO ALLAHABAD,ROAD TRANSPORT AND HIGHWAYS,NHAI,UTTAR PRADESH,2012-07-01,2014-01-01,2017-06-01,291.36,291.36,320.46,,,,41(O),0/0,consolidated,113
2017-04-01,N24000219,1139,ETAWAH CHAKERI,ROAD TRANSPORT AND HIGHWAYS,NHAI,UTTAR PRADESH,2013-03-01,2015-09-01,2017-10-01,1573,1573,1850,,,,25(O),0/0,consolidated,113
2017-04-01,N24000330,1140,CONSTN FOR FOUR LANING OF BABATPUR- VARANASI SECTION OF NH-56 (231) KM 263.00 TO 280.25 (EPC MODE),ROAD TRANSPORT AND HIGHWAYS,MORTH,UTTAR PRADESH,2015-03-01,,,629.74,629.74,,,,,,0/0,consolidated,113
2017-04-01,N24000331,1141,CONSTRUCTION OF RING ROAD FOR RAEBARELI CITY (PHASE -I) ON EASTERN SIDE OF NH 24B,ROAD TRANSPORT AND HIGHWAYS,MORTH,UTTAR PRADESH,2014-01-01,2016-03-01,2016-03-01,282.41,282.41,,,,,,0/0,consolidated,113
2017-04-01,N24000336,1142,STRENGTHENING WITH PROVISION OF PAVED SHOULDER IN KM. 0.00 TO 46.470 OF NH-96(330) EPC MODE,ROAD TRANSPORT AND HIGHWAYS,MORTH,UTTAR PRADESH,2014-10-01,2016-10-01,2016-10-01,227.74,227.74,,,,,,0/0,consolidated,114
2017-04-01,N24000356,1143,FOUR LANING OF VARANASI BYPASS,ROAD TRANSPORT AND HIGHWAYS,NHAI,UTTAR PRADESH,2015-05-01,2017-05-01,2017-05-01,261.09,261.09,31.17,,,,0(O),0/0,consolidated,114
2017-04-01,N24000360,1144,2-LANING WITH PAVED SHOULDERS OF RAEBARELI - BANDA SECTION OF NH-232,ROAD TRANSPORT AND HIGHWAYS,NHAI,UTTAR PRADESH,2014-04-01,2016-01-01,2017-06-01,351.34,351.34,160.49,,,,17(O),0/0,consolidated,114
2017-04-01,N24000362,1145,2 LANING WITH PAVED SHOULDER OF SITARGANJ - TANAKUR SECTION OF NH-125,ROAD TRANSPORT AND HIGHWAYS,NHAI,UTTAR PRADESH,2015-09-01,2016-09-01,2017-09-01,368.73,368.73,70.23,,,,12(O),0/0,consolidated,114
2017-04-01,N24000364,1146,2-LANING WITH PS SITARGANJ BAREILY SECTION,ROAD TRANSPORT AND HIGHWAYS,NHAI,UTTAR PRADESH,2014-06-01,2016-01-01,2016-12-01,301.04,301.04,39.38,,,,,0/0,consolidated,114
2017-04-01,N24000367,1147,2-LANING WITH PAVED SHOULDERS OF TANDA - RAEBARELI,ROAD TRANSPORT AND HIGHWAYS,NHAI,UTTAR PRADESH,2014-04-01,2016-01-01,2017-06-01,495.78,495.78,239.48,,,,17(O),0/0,consolidated,114
2017-04-01,N24000371,1148,RUDHAULI TO GHAGRA BRIDGE SECTION OF NH-233 IN UTTAR PRADESH KM 65/870 TO 122/270,ROAD TRANSPORT AND HIGHWAYS,NHDP,UTTAR PRADESH,2013-10-01,2017-03-01,2017-03-01,445.89,445.89,,,,,,0/0,consolidated,114
2017-04-01,N24000373,1149,2-LANING OF LALPUL-MANMAO-CHANGLANG ROAD(NH-52B) (NEW NH NO.215)FROM KM 0.00 TO KM 68.30INTHE STATE,ROAD TRANSPORT AND HIGHWAYS,PWD,UTTAR PRADESH,2010-11-01,2017-03-01,2017-03-01,305.49,305.49,,,,,,0/0,consolidated,114
2017-04-01,N24000377,1150,BAHRAICH BYPASS TO RUPAIDHA SECTION NH-28C IN UTTAR PRADESH KM 99 TO150,ROAD TRANSPORT AND HIGHWAYS,NHDP,UTTAR PRADESH,2014-01-01,2016-10-01,2016-10-01,397.04,397.04,,,,,,0/0,consolidated,114
2017-04-01,N24000393,1151,ALLAHABAD TO UP/MP BORDER SECTION OF NH-27 IN UTTAR PRADESH,ROAD TRANSPORT AND HIGHWAYS,NHDP,UTTAR PRADESH,2015-06-01,2018-03-01,2018-03-01,774.57,774.57,,,,,0(O),0/0,consolidated,114
2017-04-01,N24000399,1152,BARABANKI TO JUNCTION WITH MDR 13 NEAR JARWAL SECTION OF NH-28C IN UTTAR PRADESH KM 0 TO 43,ROAD TRANSPORT AND HIGHWAYS,NHDP,UTTAR PRADESH,2013-10-01,2017-03-01,2017-03-01,317.76,317.76,15.47,,,,,0/0,consolidated,114
2017-04-01,N24000403,1153,JUNCTION WITH MDR-13 NEAR JARWAL TO BAHRAICH SECTION OF NH-28C IN UTTAR PRADESH KM 43 TO 93,ROAD TRANSPORT AND HIGHWAYS,NHDP,UTTAR PRADESH,2013-10-01,2016-10-01,2016-10-01,283.45,283.45,,,,,,0/0,consolidated,114
2017-04-01,N24000418,1154,SONOULI TO GORAKHPUR SECTION OF NH-29E IN UTTAR PRADESH KM 0/0 TO 80/0,ROAD TRANSPORT AND HIGHWAYS,NHDP,UTTAR PRADESH,2013-10-01,2017-03-01,2017-03-01,493.94,493.94,,,,,,0/0,consolidated,114
2017-04-01,N24000433,1155,DEVELOPMENT OF SIX LANE EASTERN PERIPHERAL EXPRESSWAY ( PKG-VI),ROAD TRANSPORT AND HIGHWAYS,NHAI,UTTAR PRADESH,2015-09-01,2018-03-01,2018-03-01,768.56,768.56,,,,,0(O),0/0,consolidated,114
2017-04-01,N24000436,1156,DEVELOPMENT OF SIX LANE EASTERN PERIPHERAL EXPRESSWAY ( PKG-V),ROAD TRANSPORT AND HIGHWAYS,NHAI,UTTAR PRADESH,2015-09-01,2018-03-01,2018-03-01,664.53,664.53,,,,,0(O),0/0,consolidated,114
2017-04-01,N24000440,1157,DEVELOPMENT OF SIX LANE EASTERN PERIPHERAL EXPRESSWAY ( PKG-IV),ROAD TRANSPORT AND HIGHWAYS,NHAI,UTTAR PRADESH,2015-09-01,2018-03-01,2018-03-01,789.31,789.31,,,,,0(O),0/0,consolidated,114
2017-04-01,N24000450,1158,DEVELOPMENT OF SIX LANE EASTERN PERIPHERAL EXPRESSWAY ( PKG-II),ROAD TRANSPORT AND HIGHWAYS,NHAI,UTTAR PRADESH,2015-09-01,2018-03-01,2018-03-01,785.78,785.78,,,,,0(O),0/0,consolidated,114
2017-04-01,N24000452,1159,6 LANING OF AGRA - ETAWAH BYPASS,ROAD TRANSPORT AND HIGHWAYS,NHAI,UTTAR PRADESH,2015-07-01,,2019-01-01,1657.2,1657.2,,,,,,0/0,consolidated,114
2017-04-01,N24000460,1160,4-LANING OF GHAGHRA BRIDGE TO VARANSI ( PACKAGE -I),ROAD TRANSPORT AND HIGHWAYS,NHAI,UTTAR PRADESH,2015-12-01,2016-06-01,2018-06-01,611.65,611.65,,,,,24(O),0/0,consolidated,115
2017-04-01,N24000491,1161,FOUR LANING OF SULTANPUR TO VARANASI (PKG- II),ROAD TRANSPORT AND HIGHWAYS,NHAI,UTTAR PRADESH,2016-01-01,2018-06-01,2018-06-01,815.28,815.28,,,,,0(O),0/0,consolidated,115
2017-04-01,N24000493,1162,FOUR LANING OF SULTANPUR TO VARANASI (PKG-I),ROAD TRANSPORT AND HIGHWAYS,NHAI,UTTAR PRADESH,2016-01-01,2018-06-01,2018-06-01,1027.53,1027.53,,,,,0(O),0/0,consolidated,115
2017-04-01,N24000498,1163,FOUR LANING OF GHAGHRA BRIDGE TO VARANASI (PKG-III),ROAD TRANSPORT AND HIGHWAYS,NHAI,UTTAR PRADESH,2016-06-01,2018-07-01,2018-06-01,667,667,,,,,-1(O),0/0,consolidated,115
2017-04-01,N24000499,1164,FOUR LANING OF GHAGHRA BRIDGE TO VARANASI (PKG-II),ROAD TRANSPORT AND HIGHWAYS,NHAI,UTTAR PRADESH,2015-12-01,2018-06-01,2018-06-01,667,667,,,,,0(O),0/0,consolidated,115
2017-04-01,N24000511,1165,WIDNG WITH PS AND STRNG FROM KM.0.00 TO 50.675 OF NH-730A EPC MODE,ROAD TRANSPORT AND HIGHWAYS,MORTH,UTTAR PRADESH,2013-05-01,2015-08-01,2015-08-01,164.54,164.54,,,,,,0/0,consolidated,115
2017-04-01,N24000512,1166,WIDENING ANDSTRENGTHENING FROM KM.505.00 TO 538.00 OF NH-730 (EPC MODE),ROAD TRANSPORT AND HIGHWAYS,MORTH,UTTAR PRADESH,2014-12-01,,,207.88,207.88,,,,,,0/0,consolidated,115
2017-04-01,N24000529,1167,WIDENING AND STRENGTHENING FROM KM.505.00 TO 538.00 OF NH-730 (EPC MODE),ROAD TRANSPORT AND HIGHWAYS,MORTH,UTTAR PRADESH,2014-12-01,,,207.88,207.88,,,,,,0/0,consolidated,115
2017-04-01,N24000539,1168,MEERUT-BULANDSHAHAR,ROAD TRANSPORT AND HIGHWAYS,NHAI,UTTAR PRADESH,2016-01-01,,,683.24,683.24,0.45,,,,,0/0,consolidated,115
2017-04-01,N24000540,1169,DELHI-MEERUT EXPRESSWAY PKG-I KM 0 TO 8.360 KM,ROAD TRANSPORT AND HIGHWAYS,NHAI,UTTAR PRADESH,2016-01-01,,2019-05-01,701.12,701.12,,,,,,0/0,consolidated,115
2017-04-01,N24000541,1170,DELHI-MEERUT EXPRESSWAY PKG-III 6 LANNING FROM KM 27.740 TO 49.346 KM,ROAD TRANSPORT AND HIGHWAYS,NHAI,UTTAR PRADESH,2016-01-01,,2019-06-01,1081.57,1081.57,,,,,,0/0,consolidated,115
2017-04-01,N24000544,1171,ALIGARH MORADABAD SECTION OF NH-93 FROM KM 85.650 TO KM 232.020,ROAD TRANSPORT AND HIGHWAYS,NHAI,UTTAR PRADESH,2016-03-01,,2018-06-01,676.73,676.73,,,,,,0/0,consolidated,115
2017-04-01,N24000547,1172,4-LANNING OF VARANASI GORAKHPUR SECTION OF NH-29 FROM 12.00 TO 88.00 KM [PACKAGE-II] (GORAKPUR),ROAD TRANSPORT AND HIGHWAYS,NHAI,UTTAR PRADESH,2016-03-01,,,1404.5,1404.5,,,,,,0/0,consolidated,115
2017-04-01,N24000549,1173,4-LANNING OF VARANASI GORAKHPUR SECTION OF NH-29 FROM 88.00 148.00 KM 4-LANNING OF VARANASI GORAKHPU,ROAD TRANSPORT AND HIGHWAYS,NHAI,UTTAR PRADESH,2016-03-01,,,1396.74,1396.74,,,,,,0/0,consolidated,115
2017-04-01,N24000551,1174,4-LANNING OF VARANASI GORAKHPUR SECTION OF NH-29 FROM 148.00 208.300 KM [PACKAGE-IV],ROAD TRANSPORT AND HIGHWAYS,NHAI,UTTAR PRADESH,2016-03-01,,,1587.49,1587.49,,,,,,0/0,consolidated,115
2017-04-01,N24000556,1175,FOUR LANNING OF RAMPUR- KATHGODAM SECTION OF NH-87 FROM KM 0.000 (KM. 190.000 OF NH-24) TO KM 42.791,ROAD TRANSPORT AND HIGHWAYS,NHAI,UTTAR PRADESH,2016-03-01,,,899,899,,,,,,0/0,consolidated,115
2017-04-01,N24000563,1176,4-LANING OF GAGALHERI- SAHARANPUR- YAMUNANAGAR (UP/HARYANA BORDER) SECTION OF NH-73 FROM KM 33.000 (,ROAD TRANSPORT AND HIGHWAYS,NHAI,UTTAR PRADESH,2016-03-01,,,1668,1668,,,,,,0/0,consolidated,115
2017-04-01,N24000564,1177,4-LANNING OF HARIDWAR-NAGINA SECTION OF NH- 74 FROM KM 0.000 (KM 204.300 OF NH-58) TO KM 73.00,ROAD TRANSPORT AND HIGHWAYS,NHAI,UTTAR PRADESH,2016-03-01,,,1408,1408,,,,,,0/0,consolidated,115
2017-04-01,N24000565,1178,4-LANNING OF NAGINA-KASHIPUR SECTION OF NH- 74 FROM KM 73.00 TO KM 175.00,ROAD TRANSPORT AND HIGHWAYS,NHAI,UTTAR PRADESH,2016-03-01,,,1737,1737,,,,,,0/0,consolidated,115
2017-04-01,N24000599,1179,4 LANNING OF LUCKNOW-SULTANPUR SECTION OF NH-56 FROM KM 11.500,ROAD TRANSPORT AND HIGHWAYS,NHAI,UTTAR PRADESH,2016-08-01,,,2016,2016,,,,,,0/0,consolidated,116
2017-04-01,N24000637,1180,CONSTRUCTION OF GORAKHPUR BYPASS FROM EXISTING KM 79.670 OF NH-29E TO EXISTING KM 251.700 OF NH-28 T,ROAD TRANSPORT AND HIGHWAYS,NHAI,UTTAR PRADESH,2016-12-01,,,534.55,534.55,,,,,,0/0,consolidated,116
2017-04-01,N24000648,1181,CONSTRUCTION OF NH-28 4-LANE BYPASS STARTING FROM KM 17.600 OF MDR-77C AND TERMINATING AT KM 15.650,ROAD TRANSPORT AND HIGHWAYS,NHAI,UTTAR PRADESH,2017-01-01,,,450.68,450.68,,,,,,0/0,consolidated,116
2017-04-01,N24000653,1182,FOUR LANNING OF JHANSI-KHAJURAHO SECTION(PKG-I) FROM KM 0.00 TO KM 76.3(EXISTING KM 106.300 OF NH-2,ROAD TRANSPORT AND HIGHWAYS,NHAI,UTTAR PRADESH,2017-03-01,2020-03-01,2020-03-01,1373.28,1373.28,,,,,0(O),0/0,consolidated,116
2017-04-01,N24000654,1183,FOUR LANNING OF JHANSI-KHAJURAHO SECTION(PKG-II) OF NH-75/76 FROM DESIGN CHAINAGE KM 76.3(EXISTING C,ROAD TRANSPORT AND HIGHWAYS,NHAI,UTTAR PRADESH,2017-03-01,2020-03-01,2020-03-01,1184.71,1310,,,,,0(O),0/0,consolidated,116
2017-04-01,N24000663,1184,DEVELOPMENT OF DELHI MEERUT EXPRESSWAY FROM KM.0.000 TO KM 27.500 INCLUDING 6/8 LANNING OF NH-24 FRO,ROAD TRANSPORT AND HIGHWAYS,NHAI,UTTAR PRADESH,2017-03-01,2020-03-01,2020-03-01,1989,1989,,,,,0(O),0/0,consolidated,116
2017-04-01,N24000672,1185,6-LANNING OF HANDIA-VARANASI SECTION OF NH-2 FROM KM 713.146 TO KM 785.544 IN THE STATE OF UTTAR PRA,ROAD TRANSPORT AND HIGHWAYS,NHAI,UTTAR PRADESH,2017-03-01,2020-03-01,2020-03-01,2064.99,2447,,,,,0(O),0/0,consolidated,116
2017-04-01,N24000212,1186,HARIDWAR DEHRADUN APPROVED LENGTH 69,ROAD TRANSPORT AND HIGHWAYS,NHAI,UTTARAKHAND,2011-11-01,2013-10-01,2017-12-01,478.51,478,277.41,,,,50(O),0/0,consolidated,116
2017-04-01,N24000559,1187,FOUR LANNING OF RAMPUR- KATHGODAM SECTION OF NH-87 FROM KM 42.791 (DESIGN CHAINAGE 43.446) TO KM 88,ROAD TRANSPORT AND HIGHWAYS,NHAI,UTTARAKHAND,2016-03-01,,,720,720,,,,,,0/0,consolidated,116
2017-04-01,N24000562,1188,4-LANNING OF CHUTMALPUR-GANESHPUR SECTION OF NH-72A FROM KM 0.000 (KM 22.825 OF MH-73) TO KM 17.900,ROAD TRANSPORT AND HIGHWAYS,NHAI,UTTARAKHAND,2016-03-01,,,1443,1443,,,,,,0/0,consolidated,116
2017-04-01,N24000638,1189,4 LANING OF KASHIPUR-SITARGANJ SECTION KM. 175.000 TO KM. 252.20,ROAD TRANSPORT AND HIGHWAYS,NHAI,UTTARAKHAND,2012-11-01,,2017-06-01,605.84,605.84,546.24,,,,,0/0,consolidated,116
2017-04-01,N24000202,1190,4-LANING OF FARAKA-RAIGANJ,ROAD TRANSPORT AND HIGHWAYS,NHAI,WEST BENGAL,2011-02-01,2013-08-01,2017-06-01,1078.84,1078.84,2004.42,,,,46(O),0/0,consolidated,116
2017-04-01,N24000203,1191,4-LANING OF BRAHAMPORE-FARAKA,ROAD TRANSPORT AND HIGHWAYS,NHAI,WEST BENGAL,2011-02-01,2013-08-01,2018-03-01,998.79,998.79,1674.82,,,,55(O),0/0,consolidated,116
2017-04-01,N24000204,1192,4-LANING OF RAIGANJ-DALKOLA,ROAD TRANSPORT AND HIGHWAYS,NHAI,WEST BENGAL,2011-02-01,2013-08-01,2017-12-01,580.43,580.43,226.67,,,,52(O),0/0,consolidated,116
2017-04-01,N24000206,1193,6-LANING OF DHANKUNI-KHARAGPUR SECTION,ROAD TRANSPORT AND HIGHWAYS,NHAI,WEST BENGAL,2012-04-01,2014-09-01,2017-05-01,1396.18,1396.18,2354.75,,,,32(O),0/0,consolidated,116
2017-04-01,N24000209,1194,KRISHNANAGAR-BERHAMPUR,ROAD TRANSPORT AND HIGHWAYS,NHAI,WEST BENGAL,2012-02-01,2014-07-01,2017-09-01,702.16,702.16,391.77,,,,38(O),0/0,consolidated,116
2017-04-01,N24000229,1195,BARSAT-KRISHNANAGAR,ROAD TRANSPORT AND HIGHWAYS,NHAI,WEST BENGAL,2012-08-01,2015-02-01,2017-12-01,867,867,278.17,,,,34(O),0/0,consolidated,116
2017-04-01,N24000397,1196,REHABILITATION AND UPGRADING TO 2 LANES/2 LANE WITH PAVED SHOULDERS CONFIGURATION OF BANKUARA- PURUL,ROAD TRANSPORT AND HIGHWAYS,MORTH,WEST BENGAL,1991-01-01,2018-03-01,2018-03-01,322,322,56.41,,,,0(O),0/0,consolidated,116
2017-04-01,N24000437,1197,CONSTRUCTION OF ISLAMPUR BY PASS,ROAD TRANSPORT AND HIGHWAYS,NHAI,WEST BENGAL,2015-10-01,,2018-01-01,361.15,361.15,,,,,,0/0,consolidated,117
2017-04-01,N24000463,1198,4 LANING OF NH-31D FROM GHOSHPUKUR - SALSALABARI ( KM 0.00 TO KM . 83.785),ROAD TRANSPORT AND HIGHWAYS,NHAI,WEST BENGAL,2015-12-01,2018-06-01,2018-06-01,1083,1083,,,,,0(O),0/0,consolidated,117
2017-04-01,N24000515,1199,SIX-LANING OF BARWA ADDA-PANAGARH,ROAD TRANSPORT AND HIGHWAYS,NHAI,WEST BENGAL,2014-04-01,,2017-12-01,1665,1665,1185.55,,,,,0/0,consolidated,117
2017-04-01,N24000553,1200,"CONSTRUCTION OF ROB –FLYOVER AT RANICHAK, HALDIA",ROAD TRANSPORT AND HIGHWAYS,NHAI,WEST BENGAL,2016-03-01,,2018-11-01,229.37,229.37,,,,,,0/0,consolidated,117
2017-04-01,N24000620,1201,FOUR LANNING OF CHICHRA-KHARAGPUR SECTION OF NH-6 FROM KM 185.150 TO KM 134.400 INCLUDING REHABILITA,ROAD TRANSPORT AND HIGHWAYS,NHAI,WEST BENGAL,2016-09-01,,,767.03,767.03,,,,,,0/0,consolidated,117
2017-04-01,N25000059,1202,RAIL CONNECTIVITY TO ICTT AT VALLARPADAM AT COCHIN PORT TRUST,SHIPPING AND PORTS,RVNL,KERALA,2007-03-01,2009-04-01,,245.67,409.83,350.68,,,,,0/0,consolidated,117
2017-04-01,N25000063,1203,CONSTRUCTION OF OFFSHORE CONTAINER BERTHS AND DEVELOPMENT OF CONTAINER TERMINAL ON BOT BASIS IN MUMB,SHIPPING AND PORTS,MUMBAI PORT TRU,MAHARASHTRA,2007-01-01,2010-12-01,2018-12-01,366.39,669.46,411.12,,669.46,2018-12-01,96(O),0/0,consolidated,117
2017-04-01,250100175,1204,SETHUSAMUDRAM SHIP CHANNEL PROJECT,SHIPPING AND PORTS,PORT TRUST,TAMIL NADU,2005-06-01,2008-10-01,,2427.4,2427.4,831.21,,,,,0/0,consolidated,117
2017-04-01,N25000035,1205,"ENNORE MANALI EXPRESS WAY,F/O SPECIAL PURPOSE VEHICLE (SPV)",SHIPPING AND PORTS,PORT TRUST,TAMIL NADU,2002-10-01,2006-03-01,2017-12-01,150,600,139.8,,,2016-03-01,141(O),0/0,consolidated,117
2017-04-01,N25000065,1206,CONSTRUCTION OF COAL BERTH-3 AT KAMARAJAR PORT LIMITED,SHIPPING AND PORTS,KPL,TAMIL NADU,2013-10-01,2017-06-01,2017-06-01,198.94,235.15,98.6,,,,0(O),0/1,consolidated,117
2017-04-01,N25000066,1207,CONSTRUCTION OF COAL BERTH-4 AT KAMARAJAR PORT LIMITED,SHIPPING AND PORTS,KPL,TAMIL NADU,2015-02-01,2017-12-01,2017-12-01,244.5,258.33,0.14,,258,,0(O),0/1,consolidated,117
2017-04-01,N25000067,1208,CAPITAL DREDGING PHASE-III AT KAMARAJAR PORT LIMITED,SHIPPING AND PORTS,KPL,TAMIL NADU,2014-12-01,2017-04-01,2017-04-01,274.85,274.85,43.83,,,,0(O),0/1,consolidated,117
2017-04-01,N25000068,1209,CONSTRUCTION OF RORO CUM GCB-II AT KAMARAJAR PORT LIMITED,SHIPPING AND PORTS,KPL,TAMIL NADU,2015-09-01,2018-01-01,2018-01-01,210,210,,,,,0(O),0/0,consolidated,117
2017-04-01,N26000105,1210,"GSM-RF EXPANSION PROJECT, MTNL DELHI (3G)",TELECOMMUNICATIONS,MTNL,DELHI,2016-06-01,2017-06-01,2017-06-01,418.26,418.26,,,,,0(O),0/0,consolidated,117
2017-04-01,N26000101,1211,NETWORK FOR SPECTRUM,TELECOMMUNICATIONS,DOT,MULTI STATE,2012-03-01,2015-07-01,2017-09-01,13334,13334,2060,,,2017-09-01,26(O),0/0,consolidated,117
2017-04-01,N26000102,1212,NETWORK FOR SPECTRUM (NFS) TO CONNECT DEFENCE STATIONS ACROSS COUNTRY,TELECOMMUNICATIONS,ITI,MULTI STATE,2014-09-01,2014-09-01,2017-03-01,2111.17,2011.17,253.9,,,,,0/70,consolidated,117
2017-04-01,N28000076,1213,CONSTRUCTION OF SOUTHERN REGIONAL CENTER FOR NSG AT IBRAHIMPATNAM HYDERABAD,URBAN DEVELOPMENT,CPWD,ANDHRA PRADESH,2014-06-01,2017-03-01,2017-06-01,157.84,157.84,72.96,,,,3(O),0/5,consolidated,118
2017-04-01,N28000082,1214,REHABILITATION AND STRENGTHENING OF SEWERAGE SYSTEM IN OLD CITY AREA ON SOUTH OF MUSI IN ZONE 2,URBAN DEVELOPMENT,JNNURM,ANDHRA PRADESH,2007-08-01,,,246.9,246.9,,,,,,0/0,consolidated,118
2017-04-01,N28000100,1215,CONSTRUCTION OF ACADEMIC AND RESIDENTIAL COMPLEX UNDER PHASE-II FOR THE CAMPUS OF IIT PATNA,URBAN DEVELOPMENT,CPWD,BIHAR,2016-02-01,2017-06-01,2017-06-01,496.18,496.18,,,496,,0(O),0/0,consolidated,118
2017-04-01,N28000056,1216,DELHI MRTS PHASE-III,URBAN DEVELOPMENT,DMRCL,DELHI,2011-09-01,2016-03-01,2018-04-01,38585,38585,29130.54,,,,25(O),0/0,consolidated,118
2017-04-01,N28000071,1217,ESTABLISHMENT OF CENTRAL ARMED POLICE FORCE INSTITUTE OF MEDICAL SCIENCES(CAPFIMS) AT NEW DELHI,URBAN DEVELOPMENT,CPWD,DELHI,2013-10-01,2019-10-01,2020-03-01,1219.21,1219.21,10.53,,,,5(O),0/0,consolidated,118
2017-04-01,N28000077,1218,CONSTRUCTION OF HEAD OFFICE BUILDING OF PNB ON PLAT NO-4 SECTOR 10 DWARKA NEW DELHI,URBAN DEVELOPMENT,CPWD,DELHI,2012-05-01,2014-12-01,2017-06-01,405.01,405.01,219.34,,405.01,2017-06-01,30(O),2/3,consolidated,118
2017-04-01,N28000079,1219,CONSTRUCTION OF ADDITIONAL COMPLEX FOR THE SUPREME COURT OF INDIA AT LAND ADJOINING PRAGATI MAIDAN,URBAN DEVELOPMENT,CPWD,DELHI,2012-07-01,2014-08-01,,884.3,884.3,428.36,,,,,0/0,consolidated,118
2017-04-01,N28000080,1220,REDEVELOPMENT OF EAST KIDWAI NAGAR,URBAN DEVELOPMENT,NBCC,DELHI,2012-06-01,2019-11-01,2019-11-01,4264,4118,2479.76,,,,0(O),1/7,consolidated,118
2017-04-01,N28000087,1221,"CONSTRUCTION OF 108 NOS. GPRA TYPE-VII FLATS IN POCKET-I AT DEEN DAYAL UPADHYAYA MARG, NEW DELHI",URBAN DEVELOPMENT,CPWD,DELHI,2015-06-01,2019-04-01,2019-04-01,197.33,197.33,2.42,,,,0(R),0/2,consolidated,118
2017-04-01,N28000065,1222,DIFFERENT BUILDINGS UNDER PHASE 1 NORTH FOR IIT MANDI AT KAMAND,URBAN DEVELOPMENT,CPWD,HIMACHAL PRADESH,2012-11-01,2014-11-01,2017-12-01,270.83,270.83,75.52,,270.83,2017-05-01,37(O),0/0,consolidated,118
2017-04-01,N28000067,1223,2000 BOYS HOSTEL(1000 DOUBLE BEDDED ROOM) AT ISM DHANBAD,URBAN DEVELOPMENT,CPWD,JHARKHAND,2012-09-01,2016-03-01,2018-02-01,171.86,171.86,1.31,,,2018-02-01,23(O),1/6,consolidated,118
2017-04-01,N28000008,1224,BANGALORE METRO RAIL PROJECT,URBAN DEVELOPMENT,MRTP,KARNATAKA,2006-05-01,2011-06-01,2017-04-01,6395,13845.01,14200.11,,13845.01,2015-12-01,70(O),3/3,consolidated,118
2017-04-01,N28000058,1225,BANGALORE METRO RAIL PROJECT PHASE-2,URBAN DEVELOPMENT,BMRCL,KARNATAKA,2014-02-01,2019-02-01,2020-03-01,26405.14,26405.14,2391.46,,,,13(O),0/0,consolidated,118
2017-04-01,N28000075,1226,CONSTRUCTION OF MEGA HOSTEL II FOR NIT CALICUT KERALA,URBAN DEVELOPMENT,CPWD,KERALA,2010-01-01,2012-10-01,2018-03-01,165.23,165.23,25.91,,,2017-04-01,65(O),0/1,consolidated,118
2017-04-01,N28000081,1227,KOCHI METRO RAIL PROJECT,URBAN DEVELOPMENT,KMRCL,KERALA,2012-07-01,2017-07-01,2019-12-01,5181.79,5181.79,,,,,29(O),0/0,consolidated,118
2017-04-01,N28000093,1228,CONSTRUCTION OF CIVIL STRUCTURES AND OTHER INFRASTURCTURE FACILITIES FOR ACADEMIC AREA AI IISER,URBAN DEVELOPMENT,CPWD,KERALA,2015-07-01,2015-11-01,2017-11-01,154,154,49.82,,,,24(O),0/0,consolidated,118
2017-04-01,N28000059,1229,CONSTRUCTION OF CENTRAL ACADEMY FOR POLICE TRAINING (CAPT) BHOPAL,URBAN DEVELOPMENT,CPWD,MADHYA PRADESH,2012-12-01,2015-12-01,2017-09-01,188.87,188.87,153.4,,,2016-12-01,21(O),0/0,consolidated,118
2017-04-01,N28000095,1230,CONSTRUCTION OF 1003 NOS 900 NOS TYPE 2 AND 54 NOS TYPE3 AND 33 NOS TYPE 4 AND 16 NOS TYPE 5 FAMILY,URBAN DEVELOPMENT,CPWD,MADHYA PRADESH,2016-12-01,2018-01-01,2018-01-01,164,164,24.22,,,,0(O),0/0,consolidated,118
2017-04-01,N28000068,1231,OFFICE BUILDING FOR INCOME TAX DEPARTMENT ON PLOT NO C- 41-43 G BLOCK BANDRA,URBAN DEVELOPMENT,CPWD,MAHARASHTRA,2011-02-01,2016-03-01,2017-12-01,241.33,349.33,196,,349.33,2017-12-01,21(O),0/13,consolidated,119
2017-04-01,N28000073,1232,UPGRADATION OF NATIONAL FIRE SERVICES COLLEGE AT NAGPUR MAHARASTRA,URBAN DEVELOPMENT,CPWD,MAHARASHTRA,2010-06-01,2012-03-01,2017-12-01,205,170.62,127.15,,170.62,2016-08-01,69(O),9/20,consolidated,119
2017-04-01,N28000074,1233,CONSTRUCTION OF NISM CAMPUS AT PATALGANGA RASAYANI DISTT RAIGADH MAHARASTRA,URBAN DEVELOPMENT,CPWD,MAHARASHTRA,2012-12-01,2015-06-01,2017-08-01,315,315,277.92,,315,2016-08-01,26(O),7/8,consolidated,119
2017-04-01,N28000085,1234,NAGPUR METRO RAIL,URBAN DEVELOPMENT,NMRCL,MAHARASHTRA,2014-08-01,2018-03-01,2018-03-01,8680,8680,105.22,,,,0(O),0/0,consolidated,119
2017-04-01,N28000086,1235,MUMBAI METRO LINE 3 (COLABA-BANDRA-SEEPZ),URBAN DEVELOPMENT,MMRCL,MAHARASHTRA,2013-07-01,2015-01-01,2015-12-01,23136,23136,,,,,,0/0,consolidated,119
2017-04-01,N28000092,1236,NIT ACADEMIC BUILDING AT IMPHAL MANIPUR,URBAN DEVELOPMENT,CPWD,MANIPUR,2014-02-01,2015-03-01,2018-03-01,216.69,216.69,46.47,,,2017-06-01,36(O),0/10,consolidated,119
2017-04-01,N28000088,1237,"CONSTRUCTION OF DIFFERENT BUILDINGS UNDER PHASE-I FOR IIT ROPAR AT ROPAR, PUNJAB",URBAN DEVELOPMENT,CPWD,PUNJAB,2014-02-01,2017-05-01,2017-08-01,388,388,208.68,,,2017-08-01,3(O),6/12,consolidated,119
2017-04-01,N28000091,1238,"DEVELOPMENT OF PERMANENT CAMPUS FOR IIT JODHPUR (PHASE-1),AT KARWAR,NH-65,JODHPUR RAJASTHAN",URBAN DEVELOPMENT,CPWD,RAJASTHAN,2014-08-01,2015-03-01,2017-09-01,350.02,479.87,281.57,,479.87,2017-03-01,30(O),0/0,consolidated,119
2017-04-01,N28000060,1239,STAGE I OF PHASE C/O PERMANENT CAMPUS FOR IIM,URBAN DEVELOPMENT,CPWD,TAMIL NADU,2014-04-01,2016-09-01,2017-08-01,332.72,332.72,216.89,,,2017-01-01,11(O),0/0,consolidated,119
2017-04-01,N28000084,1240,CHENNAI METRO RAIL LTD (PHASE 1),URBAN DEVELOPMENT,CMRL,TAMIL NADU,2009-02-01,2015-12-01,2017-12-01,14600,14600,12472.32,,14600,,24(O),11/24,consolidated,119
2017-04-01,N28000089,1241,"C/O OF 152 NOS TYPE-II, 304 NOS, TYPE-III, 76 NOS, TYPE-IV QTRS. FOR INCOME TAX DEPARTMENT",URBAN DEVELOPMENT,CPWD,TAMIL NADU,2015-12-01,,,209,209,,,,,,0/6,consolidated,119
2017-04-01,N28000097,1242,CHENNAI METRO RAIL LTD (PHASE 1 EXT),URBAN DEVELOPMENT,CMRL,TAMIL NADU,2016-06-01,2018-03-01,2018-03-01,3770,3770,,,,,0(O),0/0,consolidated,119
2017-04-01,N28000098,1243,ESTABLISHMENT OF NATIONAL ANIMAL RESOURCE FACILITY FOR BIOMEDICAL RESEARCH AT HYDERABAD,URBAN DEVELOPMENT,CPWD,TELANGANA,2016-10-01,2020-03-01,2020-03-01,209.84,209.84,,,,,0(O),0/5,consolidated,119
2017-04-01,N28000094,1244,LUCKNOW METRO RAIL CORPORATION LTD,URBAN DEVELOPMENT,LMRCL,UTTAR PRADESH,2016-01-01,2019-03-01,2019-03-01,6928,6928,2536.77,,6928,2019-03-01,0(O),0/0,consolidated,119
2017-04-01,N28000062,1245,CONSTRUCTION OF PERMANENT CAMPUS OF IISER KOLKATA AT HARINGHANTA KALYANI NADIA,URBAN DEVELOPMENT,CPWD,WEST BENGAL,2014-02-01,2016-08-01,2018-03-01,156.57,156.57,98.07,,,2017-03-01,19(O),7/12,consolidated,119
2017-04-01,N39000001,1246,CONSTRUCTION WORKS PHASE 4,DEFENCE PRODUCTION,GSL,GOA,2016-12-01,2018-05-01,2018-05-01,167.69,167.69,17.55,,168,,0(O),1/5,consolidated,119
2017-04-01,N39000002,1247,CONSTRUCTION WORKS PHASE 3B,DEFENCE PRODUCTION,GSL,GOA,2016-12-01,2020-08-01,2020-08-01,285.95,285.95,28.66,,286,,0(O),1/3,consolidated,119
