report_month,ocms_code,sl_no,project_name,sector,agency,state_raw,approval_month,original_doc_month,revised_doc_month,original_cost_cr,revised_cost_cr,cumulative_expenditure_cr,physical_progress_pct,latest_approved_cost_cr,approved_revised_doc_month,delay_months_reported,milestones,annexure,source_page
2018-10-01,N02000010,1,KAKRAPAR ATOMIC POWER PROJECT - 3 AND 4,ATOMIC ENERGY,NPCIL,GUJARAT,2009-10-01,2015-12-01,2020-06-01,11459,16580,12577,,16580,2016-11-01,54(O),50/70,consolidated,72
2018-10-01,N02000027,2,RAJASTHAN ATOMIC POWER PROJECT -7 AND 8 (2X700 MW),ATOMIC ENERGY,NPCIL,RAJASTHAN,2009-10-01,2016-12-01,2020-12-01,12320,12320,9826,,,2017-03-01,48(O),37/68,consolidated,72
2018-10-01,020100044,3,PROTOTYPE FAST BREEDER REACTOR (BHAVINI 500 MWE),ATOMIC ENERGY,BHAVNI,TAMIL NADU,2003-09-01,2010-09-01,2019-03-01,3492,6100,5687.52,,5677,2016-09-01,102(O),83/87,consolidated,72
2018-10-01,N02000028,4,KUDANKULAM NUCLEAR POWER PROJECT UNIT-3 and 4,ATOMIC ENERGY,NPCIL,TAMIL NADU,2013-03-01,2020-11-01,2023-11-01,39849,39849,9962,,,,36(O),17/76,consolidated,72
2018-10-01,N04000073,5,CONSTRUCTION OF NEW INTEGRATED TERMINAL BUILDING AT VSI AIRPORT PORTBLAIR,CIVIL AVIATION,AAI,A & N ISLANDS,2013-10-01,2018-09-01,2020-06-01,314.61,441.33,85.79,,,,21(O),0/0,consolidated,72
2018-10-01,N04000050,6,CONSTRUCTION OF NEW AIRPORT AT PAKYONG(SIKKIM) AIRPORT,CIVIL AVIATION,AAI,SIKKIM,2009-01-01,2011-01-01,,309.46,553.53,546.69,,,,,0/0,consolidated,72
2018-10-01,060100093,7,GEVRA EXPANSION OCP (SECL) (35-70) MTY,COAL,SECL,CHHATISGARH,2010-06-01,2023-03-01,2023-03-01,11816.4,11816.4,2842.98,,,,0(O),14/18,consolidated,72
2018-10-01,N06000008,8,KUSMUNDA EXPN.OCP(SECL)(15-50)MTY,COAL,SECL,CHHATISGARH,2013-08-01,2023-03-01,2023-03-01,7612.33,7612.33,1902.85,,,,0(O),6/20,consolidated,72
2018-10-01,N06000045,9,PELMA OCP(15.00MTY),COAL,SECL,CHHATISGARH,2014-11-01,2023-03-01,2023-03-01,1624.59,1624.59,6.13,,,,0(O),1/12,consolidated,72
2018-10-01,N06000075,10,JAGANNATHPOR OCP(3.00MTY),COAL,SECL,CHHATISGARH,2008-09-01,2015-03-01,2020-03-01,152.43,459.49,172.27,,459.49,2020-03-01,60(O),5/9,consolidated,72
2018-10-01,N06000076,11,KARTALI (EAST) OCP (2.50 MTY),COAL,SECL,CHHATISGARH,2008-07-01,2014-03-01,2020-03-01,178.44,178.44,5.16,,,,72(O),1/7,consolidated,72
2018-10-01,N06000081,12,MANIKPUR OC EXPANSION (3.5 MTY),COAL,SECL,CHHATISGARH,2009-12-01,2014-03-01,2020-03-01,321.5,321.5,202.68,,,,72(O),0/4,consolidated,72
2018-10-01,N06000082,13,AMLAI OC EXPANSION SECTOR B (1.50 MTY),COAL,SECL,CHHATISGARH,2009-11-01,2016-03-01,2019-03-01,198.59,198.59,169.5,,,,36(O),7/9,consolidated,72
2018-10-01,N06000099,14,BAROUD OC EXPANSION (RCE)- 3MTY,COAL,SECL,CHHATISGARH,2012-04-01,2016-03-01,2019-03-01,258.56,258.56,163.85,,,,36(O),4/7,consolidated,72
2018-10-01,N06000104,15,CHHAL OC SEAM -III (6.00 MTY),COAL,SECL,CHHATISGARH,2013-12-01,2022-03-01,2022-03-01,610.63,610.63,74.81,,,,0(O),2/9,consolidated,72
2018-10-01,N06000111,16,BIJARI OC RCE (1.50 MTY),COAL,SECL,CHHATISGARH,2014-05-01,2020-03-01,2020-03-01,164.49,164.49,58.15,,1,,0(O),4/8,consolidated,72
2018-10-01,N06000123,17,AMERA OC RCE,COAL,SECL,CHHATISGARH,2015-02-01,2018-03-01,2018-03-01,335.97,335.97,52.39,,,,,1/7,consolidated,73
2018-10-01,N06000135,18,AMGAON OPENCAST PROJECT RCE,COAL,SECL,CHHATISGARH,2015-07-01,2020-03-01,2020-03-01,316.1,316.1,56.54,,,,0(O),0/6,consolidated,73
2018-10-01,N06000136,19,DURGAPUR OPENCAST PROJECT,COAL,SECL,CHHATISGARH,2015-02-01,2023-03-01,2023-03-01,916.24,916.24,3.81,,,,0(O),1/10,consolidated,73
2018-10-01,N06000140,20,MADANNAGAR OPENCAST PROJECT,COAL,SECL,CHHATISGARH,2015-10-01,2024-03-01,2024-03-01,1875.32,1875.32,0,,,,0(O),0/4,consolidated,73
2018-10-01,N06000158,21,VIJAY WEST OPENCAST PROJECT,COAL,SECL,CHHATISGARH,2017-05-01,2026-03-01,2026-03-01,976.95,976.95,75.96,,,,0(O),0/1,consolidated,73
2018-10-01,N06000164,22,MAHAMAYA OPENCAST PROJECT,COAL,SECL,CHHATISGARH,2018-05-01,2026-03-01,2026-03-01,410.26,410.26,9.53,,,,0(O),0/0,consolidated,73
2018-10-01,N06000015,23,MAGADH OC 20 MTY (CCL),COAL,CCL,JHARKHAND,2008-08-01,2012-07-01,2021-03-01,706.4,706.4,184.19,,,,104(O),4/5,consolidated,73
2018-10-01,N06000056,24,RAJMAHAL OC EXP.,COAL,ECL,JHARKHAND,2009-09-01,2014-03-01,,153.82,153.82,131.07,,,,,6/6,consolidated,73
2018-10-01,N06000083,25,CHURI BENTI UG (0.81 MTY),COAL,CCL,JHARKHAND,2007-08-01,2011-03-01,2020-03-01,163.51,163.51,103.27,,,,108(O),3/5,consolidated,73
2018-10-01,N06000084,26,NORTH URIMARI OCP (3.0 MTY),COAL,CCL,JHARKHAND,2007-12-01,2012-03-01,2019-03-01,179.87,179.87,174.65,,,,84(O),3/5,consolidated,73
2018-10-01,N06000086,27,TAPIN OCP (2.5 MTY),COAL,CCL,JHARKHAND,2008-08-01,2012-03-01,2019-03-01,264.68,264.68,175.07,,,,84(O),4/5,consolidated,73
2018-10-01,N06000087,28,RAJRAPPA RCE OCP ( 3.0 MTY),COAL,CCL,JHARKHAND,2009-12-01,2016-03-01,2019-03-01,510.85,510.85,339.64,,,,36(O),4/5,consolidated,73
2018-10-01,N06000088,29,KARMA OCP (1.0MTY),COAL,CCL,JHARKHAND,2009-06-01,2014-03-01,2019-03-01,162.46,162.46,89.1,,,,60(O),5/5,consolidated,73
2018-10-01,N06000096,30,MURAIDIH UG TURN-KEY PROJECT,COAL,BCCL,JHARKHAND,2011-02-01,2014-04-01,2018-10-01,339.88,339.88,12.08,,,,54(O),4/7,consolidated,73
2018-10-01,N06000098,31,MOONIDIH XV SEAM UG,COAL,BCCL,JHARKHAND,2011-08-01,2015-04-01,2019-04-01,1230.27,1230.27,308.75,,,,48(O),2/6,consolidated,73
2018-10-01,N06000103,32,AMRAPALI OC(12MTY),COAL,CCL,JHARKHAND,2012-02-01,2020-03-01,2020-03-01,858.11,858.11,184.43,,,,0(O),5/6,consolidated,73
2018-10-01,N06000106,33,NORTH TISRA AND SOUTH TISRA EXPANSION OCP (6MTY),COAL,BCCL,JHARKHAND,2014-02-01,2021-03-01,2021-03-01,555.52,555.52,4.57,,,,0(O),0/2,consolidated,73
2018-10-01,N06000108,34,KAPURIA UG(PSLW),COAL,BCCL,JHARKHAND,2011-08-01,2017-04-01,,988.35,988.35,45.26,,,,,1/3,consolidated,73
2018-10-01,N06000126,35,MADHUBAND NLW WASHERY,COAL,BCCL,JHARKHAND,2010-08-01,2014-05-01,2018-04-01,289.45,289.45,189.71,,,,,0/8,consolidated,73
2018-10-01,N06000127,36,PATHERDIH NLW WASHERY,COAL,BCCL,JHARKHAND,2012-10-01,2014-04-01,2018-04-01,269.82,269.82,178.53,,,,,0/10,consolidated,73
2018-10-01,N06000143,37,HURA - C OC (3 MTY),COAL,ECL,JHARKHAND,2015-10-01,2022-03-01,2022-03-01,359.69,359.69,42.33,,,,0(O),1/22,consolidated,73
2018-10-01,N06000033,38,NIGAHI OC EXPANSION PROJECT 10 MTY TO 15 MTY SINGRAULI,COAL,NCL,MADHYA PRADESH,2007-10-01,2012-03-01,,259.4,486.57,266.38,,,,,1/3,consolidated,73
2018-10-01,N06000049,39,BATURA OCP (2.0 MTY),COAL,SECL,MADHYA PRADESH,2015-08-01,2023-03-01,2021-03-01,1186.64,203.82,103.85,,203.82,2021-03-01,-24(O),3/10,consolidated,73
2018-10-01,N06000122,40,AMRITDHARA OC PROJECT,COAL,SECL,MADHYA PRADESH,2015-02-01,2023-03-01,2023-03-01,481.6,481.6,0,,,,0(O),2/8,consolidated,73
2018-10-01,N06000124,41,RAJNAGAR OCP RPR (1.70 MTY),COAL,SECL,MADHYA PRADESH,2014-12-01,2021-03-01,2021-03-01,357.8,357.8,113.19,,,,0(O),3/9,consolidated,73
2018-10-01,N06000125,42,KANCHAN OC EXPANSION,COAL,SECL,MADHYA PRADESH,2014-12-01,2021-03-01,2021-03-01,371.04,371.04,41.51,,,,0(O),1/7,consolidated,74
2018-10-01,N06000134,43,BATURA HIGHWALL PROJECT,COAL,SECL,MADHYA PRADESH,2015-07-01,2022-03-01,2022-03-01,231.92,231.92,0,,,,0(O),1/7,consolidated,74
2018-10-01,N06000139,44,MALACHUA OPENCAST PROJECT,COAL,SECL,MADHYA PRADESH,2015-10-01,2023-03-01,2023-03-01,488.33,488.33,4.06,,,,0(O),0/4,consolidated,74
2018-10-01,N06000148,45,AMADAND OPENCAST EXPANSION PROJECT,COAL,SECL,MADHYA PRADESH,2016-03-01,2021-03-01,2021-03-01,869.44,869.44,111.53,,,,0(O),2/4,consolidated,74
2018-10-01,N06000153,46,COAL PROJECT NAME JAMUNIA UG (0.84 MTY),COAL,WCL,MADHYA PRADESH,2016-07-01,2022-03-01,2022-03-01,409.87,409.87,16.21,,,,0(O),0/0,consolidated,74
2018-10-01,N06000159,47,JAYANT EXPANSION OCP 10 TO 20 MTPA,COAL,NCL,MADHYA PRADESH,2017-05-01,2021-03-01,2021-03-01,1783.09,1783.09,207.63,,,,0(O),0/9,consolidated,74
2018-10-01,N06000162,48,DUDHICHUA EXPANSION OCP (10 TO 20 MTPA),COAL,NCL,MADHYA PRADESH,2017-11-01,2022-03-01,2022-03-01,1255.17,1255.17,94.68,,,,0(O),0/9,consolidated,74
2018-10-01,N06000066,49,PENGANGA OCP(REVISED),COAL,WCL,MAHARASHTRA,2014-09-01,2020-03-01,2020-03-01,441.82,441.82,180.5,,,,0(O),7/11,consolidated,74
2018-10-01,N06000118,50,DINESH OCP,COAL,WCL,MAHARASHTRA,2014-11-01,2020-03-01,2020-03-01,611.16,611.16,391.27,,,,0(O),2/8,consolidated,74
2018-10-01,N06000119,51,MAKARDHOKRA I OC,COAL,WCL,MAHARASHTRA,2014-09-01,2021-03-01,2021-03-01,266.23,266.23,143.28,,,,0(O),12/12,consolidated,74
2018-10-01,N06000120,52,GOKUL,COAL,WCL,MAHARASHTRA,2014-11-01,2018-03-01,2018-03-01,267.67,267.67,207.28,,,,,7/7,consolidated,74
2018-10-01,N06000121,53,BHANEGAON OC,COAL,WCL,MAHARASHTRA,2015-02-01,2023-03-01,2023-03-01,187.94,409.68,95.69,,409.68,2017-02-01,0(O),7/11,consolidated,74
2018-10-01,N06000128,54,NEW MAJRI UG TO OC,COAL,WCL,MAHARASHTRA,2015-05-01,2019-03-01,2019-03-01,295.56,295.56,88.13,,,,0(O),10/13,consolidated,74
2018-10-01,N06000130,55,SINGHORI OC MINE,COAL,WCL,MAHARASHTRA,2015-06-01,2020-03-01,2020-03-01,205.49,205.49,102.75,,,,0(O),5/10,consolidated,74
2018-10-01,N06000131,56,AMALGAMATED PAUNI-II III OC MINE,COAL,WCL,MAHARASHTRA,2015-06-01,2021-03-01,2021-03-01,483.69,483.69,83.52,,,,0(O),2/6,consolidated,74
2018-10-01,N06000132,57,AMALGAMATED YEKONA-I YEKONA-II,COAL,WCL,MAHARASHTRA,2015-08-01,2025-03-01,2025-03-01,727.28,727.28,236.39,,,,0(O),5/13,consolidated,74
2018-10-01,N06000133,58,ADASA UG TO OC,COAL,WCL,MAHARASHTRA,2015-08-01,2023-03-01,2023-03-01,288.9,288.9,0,,,,0(O),2/10,consolidated,74
2018-10-01,N06000141,59,KAMPTEE DEEP OC MINE,COAL,WCL,MAHARASHTRA,2015-11-01,2021-03-01,2024-03-01,277.65,313.34,17.11,,313.34,2018-09-01,36(O),3/6,consolidated,74
2018-10-01,N06000142,60,MUNGOLI NIORGUDA EXTENSION (DEEP) OC MINE,COAL,WCL,MAHARASHTRA,2015-11-01,2020-03-01,2020-03-01,498.42,498.42,52.87,,,,0(O),2/6,consolidated,74
2018-10-01,N06000149,61,AMALGAMATED GONDEGAON GHATROHAN OC,COAL,WCL,MAHARASHTRA,2016-02-01,2019-03-01,2019-03-01,198.68,198.68,254.72,,,,0(O),2/9,consolidated,74
2018-10-01,N06000150,62,BHATADI EXPANSION OC MINE,COAL,WCL,MAHARASHTRA,2016-02-01,2019-03-01,2019-03-01,304.52,304.52,129.11,,,,0(O),2/8,consolidated,74
2018-10-01,N06000160,63,KOLAR PIMPRI EXTENSION OC,COAL,WCL,MAHARASHTRA,2017-03-01,2020-03-01,2020-03-01,362.73,362.73,257.35,,,,0(O),0/0,consolidated,74
2018-10-01,N06000154,64,NILJAI EXPANSION (DEEP) OC (3.5 MTY),COAL,WCL,MULTI STATE,2016-08-01,2022-03-01,2022-03-01,319.76,319.76,58.04,,,,0(O),0/3,consolidated,74
2018-10-01,N06000155,65,DHANKASA UG (1.00 MTY),COAL,WCL,MULTI STATE,2016-09-01,2022-03-01,2022-03-01,458.07,458.07,16,,,,0(O),0/12,consolidated,74
2018-10-01,N06000157,66,DURGAPUR EXTENSION (DEEP) OC (3.0 MTY),COAL,WCL,MULTI STATE,2017-02-01,2021-03-01,2021-03-01,328,328,88.28,,,,0(O),1/6,consolidated,74
2018-10-01,060100092,67,KULDA OCP (MAHANADI COALFIELDS LTD),COAL,MCL,ODISHA,2005-01-01,2010-03-01,2018-03-01,302.96,302.96,302.96,,,,,9/10,consolidated,75
2018-10-01,N06000034,68,BHUBANESWARI OCP MCL (20.0 MTY),COAL,MCL,ODISHA,2007-12-01,2017-03-01,2020-03-01,490.1,490.1,377.32,,,,36(O),11/12,consolidated,75
2018-10-01,N06000035,69,KANIHA OCP MCL (10.0 MTY),COAL,MCL,ODISHA,2007-12-01,2013-03-01,2019-03-01,457.77,457.77,583.94,,,,72(O),8/9,consolidated,75
2018-10-01,N06000044,70,BALRAM OCP EXTENSION MCL 8.00 MTY,COAL,MCL,ODISHA,2007-12-01,2010-03-01,2019-03-01,172.08,172.08,266.47,,,,108(O),3/4,consolidated,75
2018-10-01,N06000067,71,ANANTA OC EXPANSION PH-III (15.0 MTY),COAL,MCL,ODISHA,2008-08-01,2012-03-01,2021-03-01,207.28,207.28,234.28,,,,108(O),5/5,consolidated,75
2018-10-01,N06000068,72,HINGULA OC-II EXP. PH-III (15 MTY),COAL,MCL,ODISHA,2008-11-01,2013-03-01,2020-03-01,479.53,479.53,246.73,,,,84(O),6/9,consolidated,75
2018-10-01,N06000112,73,BASUNDHARA (WEST) OC EXTN(7.00 MTY),COAL,MCL,ODISHA,2014-05-01,2019-03-01,2021-03-01,479.15,479.15,114.89,,,,24(O),2/9,consolidated,75
2018-10-01,N06000113,74,SIARMAL OCP (40.00MTY),COAL,MCL,ODISHA,2014-05-01,2026-03-01,2026-03-01,3756.36,3756.36,689.2,,,,0(O),5/15,consolidated,75
2018-10-01,N06000114,75,JAGANNATH RE-ORGANISATION OC.(6.00 MTY),COAL,MCL,ODISHA,2014-05-01,2019-03-01,2021-03-01,337.66,337.66,45.01,,,,24(O),5/6,consolidated,75
2018-10-01,N06000115,76,KULDA EXPN OC. (5.00 MTY),COAL,MCL,ODISHA,2014-06-01,2018-03-01,2020-03-01,289.03,289.03,27.48,,,,24(O),3/5,consolidated,75
2018-10-01,N06000117,77,GARJANBAHAL OCP,COAL,MCL,ODISHA,2014-11-01,2021-03-01,2021-03-01,1375.38,1375.38,427.51,,,,0(O),5/9,consolidated,75
2018-10-01,N06000144,78,HADLA LIGNITE MINE PROJECT(1.90 MTPA),COAL,NLC,RAJASTHAN,2015-03-01,2019-09-01,2019-09-01,522.45,522.45,8.71,,,,0(O),0/0,consolidated,75
2018-10-01,N06000145,79,BITHNOK LIGNITE MINE PROJECT (2.25 MTPA),COAL,NLC,RAJASTHAN,2015-03-01,2019-12-01,2019-12-01,513.63,513.63,173.06,,,,0(O),0/0,consolidated,75
2018-10-01,N06000095,80,NEYVELI NEW THERMAL POWER PROJECT(2X500 MW),COAL,NLC,TAMIL NADU,2011-06-01,2015-12-01,2019-03-01,5907.11,5907.11,5720.41,,,2018-10-01,39(O),26/35,consolidated,75
2018-10-01,N06000138,81,EXPANSION OF MINE-I (LEASE AREA) AND MINE-I A (3.0 TO 7.0 MTPA),COAL,NLC,TAMIL NADU,2013-04-01,2015-06-01,2019-09-01,1458.17,709.06,391.05,,709.06,2019-09-01,51(O),5/7,consolidated,75
2018-10-01,N06000017,82,SHANTIKHANI LONGWALL PROJ-SCCL,COAL,SCCL,TELANGANA,2006-10-01,2012-03-01,2024-03-01,249.03,448.86,186.91,,,,144(O),35/42,consolidated,75
2018-10-01,N06000048,83,KAKATIYA LONGWALL,COAL,SCCL,TELANGANA,2008-12-01,2012-12-01,,453.63,453.63,121.91,,,,,11/44,consolidated,75
2018-10-01,N06000078,84,RAMAGUNDAM OC-II EXTENSION,COAL,SCCL,TELANGANA,2009-12-01,2012-03-01,2023-03-01,418.97,489.62,477.74,,,,132(O),0/2,consolidated,75
2018-10-01,N06000079,85,RKP OCP PHASE-I,COAL,SCCL,TELANGANA,2010-03-01,2015-03-01,2019-03-01,209.78,209.78,154.21,,,,48(O),30/31,consolidated,75
2018-10-01,N06000080,86,MANUGURU OC-II EXTENSION PHASE-II,COAL,SCCL,TELANGANA,2010-03-01,2012-03-01,,181.19,181.19,159.87,,,,,5/6,consolidated,75
2018-10-01,N06000089,87,KISTARAM OCP,COAL,SCCL,TELANGANA,2010-11-01,2015-03-01,2021-03-01,242.29,164.04,12.69,,,,72(O),0/5,consolidated,75
2018-10-01,N06000093,88,RCE OF INDARAM OCP(1.20 MTPA),COAL,SCCL,TELANGANA,2011-07-01,2015-03-01,2021-03-01,162.76,349.28,1.31,,,,72(O),4/29,consolidated,75
2018-10-01,N06000094,89,JALAGAM VENGALA RAO OCP-II,COAL,SCCL,TELANGANA,2011-07-01,2015-03-01,2021-03-01,447.06,437.51,353.61,,,,72(O),6/13,consolidated,75
2018-10-01,N06000100,90,RG OC -III EXTENSION (PHASE -II) PROJECT,COAL,SCCL,TELANGANA,2012-06-01,2015-06-01,2019-03-01,365.01,365.01,204.26,,,,45(O),35/36,consolidated,75
2018-10-01,N06000101,91,KALYANIKHANI OPENCAST PROJECT,COAL,SCCL,TELANGANA,2012-07-01,2016-07-01,2020-03-01,417.33,384.32,146.45,,,,44(O),21/28,consolidated,75
2018-10-01,N06000102,92,RFR OF MANUGURU OC PROJECT,COAL,SCCL,TELANGANA,2012-11-01,2016-03-01,2019-03-01,430.45,415.37,160.45,,,,36(O),37/39,consolidated,76
2018-10-01,N06000129,93,KAKATIYAKHANI OPENCAST-2 PROJECT,COAL,SCCL,TELANGANA,2015-05-01,2019-03-01,2019-03-01,397.09,442.42,79.96,,,,0(O),10/18,consolidated,76
2018-10-01,N06000146,94,KOYAGUDEM OPENCAST PROJECT,COAL,SCCL,TELANGANA,2015-10-01,2018-03-01,2019-03-01,426.79,426.79,0,,,,12(O),0/9,consolidated,76
2018-10-01,N06000147,95,KALYANIKHANI 6 INCLINE PROJECT,COAL,SCCL,TELANGANA,2015-12-01,2020-03-01,2020-03-01,477.65,477.65,0,,,,0(O),1/17,consolidated,76
2018-10-01,N06000161,96,KAKATIYAKHANI OPENCAST III PROJECT PHASE-1,COAL,SCCL,TELANGANA,2017-03-01,2019-03-01,2019-03-01,413.84,413.84,0,,,,0(O),0/11,consolidated,76
2018-10-01,N06000091,97,KHADIA EXPANSION OPENCAST PROJECT(4 TO 10 MTPA 6MTPA INCREMENTAL),COAL,NCL,UTTAR PRADESH,2011-06-01,2018-03-01,2019-03-01,1131.28,1131.28,572.4,,,,12(O),10/10,consolidated,76
2018-10-01,N06000152,98,NEYVELI UTTAR PRADESH POWER PROJECT LIMITED 1980 MW,COAL,NLC,UTTAR PRADESH,2016-07-01,2021-11-01,2021-11-01,17237,17237.8,3411.59,,,,0(O),0/0,consolidated,76
2018-10-01,N06000020,99,JHANJRA COMBINED PR(3.50 MTY),COAL,ECL,WEST BENGAL,2015-11-01,2022-03-01,2022-03-01,602.86,602.86,296.12,,,,0(O),8/13,consolidated,76
2018-10-01,N06000109,100,SONEPUR BAZARI (COMB) OCP (8.0 MTY),COAL,ECL,WEST BENGAL,2012-08-01,2018-03-01,2020-03-01,1055.05,1055.05,378.1,,,,24(O),11/16,consolidated,76
2018-10-01,N06000163,101,RANIGANJ MASTER PLAN,COAL,ECL,WEST BENGAL,2009-08-01,2019-08-01,2019-08-01,2661.73,2661.73,174.04,,,,0(O),0/19,consolidated,76
2018-10-01,N06000165,102,SIDULI MINE (OC AND UG),COAL,ECL,WEST BENGAL,2018-05-01,2026-03-01,2026-03-01,535.18,535.18,0,,,,0(O),0/21,consolidated,76
2018-10-01,N08000014,103,GAS TURBO GENERATOR AND HEAT RECOVERY STEAM GENERATOR PROJECT NFL PANIPAT,FERTILISERS,NFL,HARYANA,2018-01-01,2019-11-01,2019-11-01,215.92,215.92,24.52,,,,0(O),0/2,consolidated,76
2018-10-01,N08000009,104,NEW SEWAGE TREATMENT PLANT PACKAGE RCF TROMBAY,FERTILISERS,RCF,MAHARASHTRA,2014-10-01,2016-11-01,2019-04-01,197.79,209.44,125.86,,209.44,2019-04-01,29(O),1/13,consolidated,76
2018-10-01,N08000010,105,GAS TURBO GENERATOR AND HEAT RECOVERY STEAM GENERATOR PROJECT RCF THAL.,FERTILISERS,RCF,MAHARASHTRA,2016-02-01,2017-12-01,2018-12-01,482.85,482.85,413,,482.85,2018-12-01,12(O),0/1,consolidated,76
2018-10-01,N08000018,106,GAS TURBINE GENERATOR AND HEAT RECOVERY STEAM GENERATOR PROJECT AT RCF TROMBAY,FERTILISERS,RCF,MAHARASHTRA,2018-04-01,2020-04-01,2020-04-01,426.72,426.72,38.65,,,,0(O),0/14,consolidated,76
2018-10-01,N08000015,107,GAS TURBO GENERATOR AND HEAT RECOVERY STEAM GENERATOR PROJECT NFL BATHINDA,FERTILISERS,NFL,PUNJAB,2018-01-01,2019-11-01,2019-11-01,218.83,218.83,23.55,,,,0(O),0/2,consolidated,76
2018-10-01,N08000016,108,GAS TURBO GENERATOR AND HEAT RECOVERY STEAM GENERATOR PROJECT NFL NANGAL,FERTILISERS,NFL,PUNJAB,2018-01-01,2019-11-01,2019-11-01,239.81,239.81,28.33,,,,0(O),0/2,consolidated,76
2018-10-01,N10000010,109,5TH STREAM ALUMINA REFINERY EXPANSION PROJECT,MINES,NALCO,ODISHA,2014-12-01,2021-04-01,2021-04-01,5540,5540,96.98,,5540,2021-04-01,0(O),3/3,consolidated,77
2018-10-01,N10000011,110,UTKAL D AND E COAL BLOCK,MINES,NALCO,ODISHA,2016-05-01,2020-01-01,2020-01-01,534,534,301.88,,534,2020-01-01,0(O),1/2,consolidated,77
2018-10-01,N10000012,111,CONVERSION OF FLAT BOTTOM SETTLERS AND WASHERS WITH A SINGLE TRAIN OF HRDS AND DCWS IN STREAMS 1 AND,MINES,NALCO,ODISHA,2015-12-01,2020-11-01,2020-11-01,355,355,31.92,,355,2020-11-01,0(O),2/2,consolidated,77
2018-10-01,N10000013,112,SOURCING OF BAUXITE ARRANGEMENT FOR 5TH STREAM ALUMINA REFINERY FROM SOUTH BLOCK MINING LEASE OF PAN,MINES,NALCO,ODISHA,2017-11-01,2021-04-01,2021-04-01,483,483,0,,483,2021-04-01,0(O),1/1,consolidated,77
2018-10-01,N10000014,113,25.5 MW WIND POWER PROJECT AT KAYATHAR IN TAMILNADU,MINES,NALCO,TAMIL NADU,2017-09-01,2018-10-01,2018-12-01,166.62,166.62,125,,,,2(O),0/0,consolidated,77
2018-10-01,N12000091,114,REVAMPING OF SINTER MACHINES - 1 AND 2,STEEL,RINL,ANDHRA PRADESH,2009-12-01,2016-10-01,2019-03-01,343,488.4,239.65,,,,29(O),1/2,consolidated,77
2018-10-01,N12000117,115,COKE OVEN BATTERY-5,STEEL,RINL,ANDHRA PRADESH,2011-12-01,2017-12-01,2019-09-01,2858,2500,986.76,,,,21(O),4/6,consolidated,77
2018-10-01,N12000119,116,CENTRAL DISPATCH YARD,STEEL,RINL,ANDHRA PRADESH,2015-08-01,2018-08-01,2019-04-01,320.66,320.66,104.36,,,,8(O),2/4,consolidated,77
2018-10-01,N12000120,117,ADDITIONAL WATER STORAGE RESERVOIR(KBR-II),STEEL,RINL,ANDHRA PRADESH,2015-07-01,2018-07-01,2018-11-01,465.85,465.85,226.25,,,,4(O),2/4,consolidated,77
2018-10-01,N12000085,118,DEVELOPMENT OF PERMANENT BARRACKS AT 21 LOCATIONS AT ROWGHAT DEPOSIT,STEEL,SAIL,CHHATISGARH,2014-04-01,2015-04-01,,188.93,188.93,124.76,,,,,4/5,consolidated,77
2018-10-01,N12000086,119,NMDC INTEGRATED STEEL PLANT,STEEL,NMDC,CHHATISGARH,2010-01-01,2015-05-01,2019-06-01,15525,15525,14400.2,,,2019-06-01,49(O),61/86,consolidated,77
2018-10-01,N12000115,120,2 MTPA PELLET PLANT AT NAGARNAR,STEEL,NMDC,CHHATISGARH,2015-11-01,2020-06-01,2020-06-01,818,2907,29.82,,,,0(O),5/12,consolidated,77
2018-10-01,N12000095,121,NEW SINTER PLANT AT BOKARO STEEL PLANT,STEEL,SAIL,JHARKHAND,2015-03-01,2017-10-01,2020-06-01,1034.01,1034.01,362.16,,,,32(O),0/2,consolidated,77
2018-10-01,N12000096,122,MODERNISATION OF STEEL MELTING SHOP NO.1 AT BOKARO STEEL PLANT,STEEL,SAIL,JHARKHAND,2015-05-01,2017-12-01,2019-06-01,1154.18,1154.18,842.32,,,,18(O),1/2,consolidated,77
2018-10-01,N12000097,123,EXPANSION OF GUA ORE MINES WITH BENEFICIATION FACILITIES AND INSTALLATION OF PELLET PLANT,STEEL,SAIL,JHARKHAND,2014-02-01,2017-09-01,,4749,4749,106.59,,,,,0/0,consolidated,77
2018-10-01,N12000118,124,REBUILDING OF COKE OVEN BATTERY NO-8 AT BSL,STEEL,SAIL,JHARKHAND,2016-11-01,2019-06-01,2020-06-01,262.87,262.87,70.76,,,,12(O),0/1,consolidated,77
2018-10-01,N12000094,125,INSTALLATION OF NEW HOT STRIP MILL AT RSP,STEEL,SAIL,ODISHA,2015-04-01,2018-04-01,2019-05-01,3127.3,3127.3,2491.2,,,,13(O),3/3,consolidated,77
2018-10-01,N12000116,126,FORGED WHEEL PLANT,STEEL,RINL,UTTAR PRADESH,2014-04-01,2018-09-01,2019-03-01,1682.85,1682.85,693.1,,,,6(O),3/5,consolidated,77
2018-10-01,N16000235,127,VISAKH REFINERY MODERNISATION PROJECT,PETROLEUM,HPCL,ANDHRA PRADESH,2016-07-01,2020-07-01,2020-07-01,20928,20928,540.49,,,,0(O),0/111,consolidated,78
2018-10-01,N16000237,128,VVSPL CAPACITY EXPANSION AND OSTT-SS JETTY SUB SEA PIPELINE PROJECT,PETROLEUM,HPCL,ANDHRA PRADESH,2016-09-01,2019-09-01,2019-09-01,407,407,211.32,,,,0(O),19/27,consolidated,78
2018-10-01,N16000247,129,KG-DWN-98-2 CLUSTER II DEVELOPMENT PROJECT,PETROLEUM,ONGC,ANDHRA PRADESH,2016-03-01,2020-06-01,2021-08-01,34012,34012,1203.05,,,2021-08-01,14(O),0/20,consolidated,78
2018-10-01,N16000269,130,ADDITIONAL FACILITIES AT VIJAYWADA FOR CONVERSION TO TOP ON PARADEEP HYDERABAD PIPELINE,PETROLEUM,IOCL,ANDHRA PRADESH,2015-01-01,2021-03-01,2021-03-01,342,342,0,,,,0(O),0/0,consolidated,78
2018-10-01,N16000270,131,REVAMPING OF MARKETING TERMINAL AT VISHAKHAPATNAM,PETROLEUM,IOCL,ANDHRA PRADESH,2014-07-01,2021-03-01,2021-03-01,247,247,0,,,,0(O),0/0,consolidated,78
2018-10-01,N16000280,132,FIELD DEVELOPMENT OF NELP BLOCK KG-ONN- 2003 NAGAYALANKA-KG,PETROLEUM,ONGC,ANDHRA PRADESH,2017-04-01,2018-09-01,2019-02-01,420.76,207.8,19.38,,207.8,2019-02-01,5(O),0/5,consolidated,78
2018-10-01,N16000302,133,CONSTRUCTION OF RAIL FED DEPOT AT GUNTAKAL AP,PETROLEUM,IOCL,ANDHRA PRADESH,2017-08-01,2021-04-01,2021-04-01,384.58,384.58,25.21,,,,0(O),0/0,consolidated,78
2018-10-01,N16000342,134,CONSTRUCTION OF GRASS ROOT PETROLEUM TOP AT ATCHUTAPURAM ANDHRA PRADESH,PETROLEUM,IOCL,ANDHRA PRADESH,2018-08-01,2021-04-01,2021-04-01,466,466,0.63,,,,0(O),0/0,consolidated,78
2018-10-01,N16000343,135,REVAMPING OF FACILITIES AT VIZAG TERMINAL,PETROLEUM,IOCL,ANDHRA PRADESH,2018-04-01,2022-04-01,2022-04-01,355,355,0,,,,0(O),0/0,consolidated,78
2018-10-01,N16000216,136,RAZE REBUILD AND REVAMP OF MARKETING DEPOT AT DOIMUKH,PETROLEUM,IOCL,ARUNACHAL PRADESH,2016-01-01,2019-02-01,2018-12-01,247.52,247.52,131.32,,,,-2(O),3/10,consolidated,78
2018-10-01,N16000061,137,ASSAM RENEWAL PROJECT FOR GROUP A,PETROLEUM,ONGC,ASSAM,2009-03-01,2013-03-01,2019-03-01,2465.15,2378.89,2105.26,,,2019-03-01,72(O),5/15,consolidated,78
2018-10-01,N16000127,138,CONSTRUCTION OF ONE ETP AND THREE ETPS CUM WATER INJECTION PLANTS(WIP),PETROLEUM,ONGC,ASSAM,2010-06-01,2014-01-01,2019-11-01,202.94,330.35,50.56,,341.7,2019-11-01,70(O),6/7,consolidated,78
2018-10-01,N16000236,139,DEVELOPMENT OF FACILITIES AT MOINARBAND (SILCHAR) CACHAR ASSAM AS RESITEMENT OF RAMNAGAR DEPOT,PETROLEUM,IOCL,ASSAM,2016-06-01,2019-08-01,2019-08-01,423,423,190.66,,,,0(O),2/13,consolidated,78
2018-10-01,N16000243,140,INDMAX PROJECT AT BONGAIGAON REFINERY,PETROLEUM,IOCL,ASSAM,2016-02-01,2019-11-01,2019-11-01,2582,2582,1162.37,,,,0(O),12/17,consolidated,78
2018-10-01,N16000278,141,PIPELINE NETWORK PROJECT GELEKI ASSAM,PETROLEUM,ONGC,ASSAM,2016-07-01,2020-05-01,2020-05-01,249.85,244.7,98.1,,249.85,2020-05-01,0(O),0/5,consolidated,78
2018-10-01,N16000299,142,CONSTRUCTION OF GROUP GATHERING STATION AT BAGHJAN,PETROLEUM,OIL,ASSAM,2011-07-01,2019-01-01,2019-09-01,350,350,2.06,,,,8(O),0/0,consolidated,78
2018-10-01,N16000320,143,BS-VI PROJECT AT BONGAIGAON REFINERY,PETROLEUM,IOCL,ASSAM,2018-05-01,2019-09-01,2019-09-01,1222,1222,251,,,,0(O),5/7,consolidated,78
2018-10-01,N16000331,144,DEVELOPMENT OF SURFACE FACILITIES FOR PRODUCTION AND EVACUATION OF CRUDE OIL AND NATURAL GAS FROM NA,PETROLEUM,OIL,ASSAM,2018-01-01,2020-02-01,2020-02-01,543.91,543.91,1.65,,,,0(O),1/14,consolidated,78
2018-10-01,N16000339,145,BS VI PROJECT AT GUWAHATI REFINERY,PETROLEUM,IOCL,ASSAM,2018-08-01,2020-02-01,2020-02-01,557,557,67.12,,,,0(O),0/0,consolidated,78
2018-10-01,N18000148,146,UPGRADATION OF CRUDE OIL PUMP STATIONS OF NAHARKATIYA-BARAUNI CRUDE OIL TRUNK PIPELINE,PETROLEUM,OIL,ASSAM,2012-09-01,2015-03-01,,871.35,1200,565.63,,,,,0/5,consolidated,78
2018-10-01,N16000248,147,FUEL QUALITY UPGRADATION (DHDT/PRIME G) PROJECT AT BARAUNI REFINERY,PETROLEUM,IOCL,BIHAR,2015-07-01,2018-11-01,2018-11-01,822.66,822.66,774.22,,,,0(O),6/8,consolidated,79
2018-10-01,N16000252,148,BRANCH PIPELINE FROM PATNA TO MOTIHARI BAITALPUR ON BKPL,PETROLEUM,IOCL,BIHAR,2016-05-01,2020-12-01,2020-02-01,664,664,385.61,,,,-10(O),2/2,consolidated,79
2018-10-01,N16000254,149,MOTIHARI AMLEKHGANJ PIPELINE,PETROLEUM,IOCL,BIHAR,2015-09-01,2020-06-01,2020-06-01,324,324,78.63,,,,0(O),2/2,consolidated,79
2018-10-01,N16000317,150,LPG BP PROJECT MOTIHARI,PETROLEUM,IOCL,BIHAR,2018-05-01,2021-03-01,2021-03-01,206.5,206.5,0,,,,0(O),5/26,consolidated,79
2018-10-01,N16000324,151,DEVLEOPMENT OF GRID INFRASTRUCTURE FOR IMPORTING GRID POWER AT 220 KV AT BARAUNI REFINERY,PETROLEUM,IOCL,BIHAR,2017-12-01,2020-10-01,2020-10-01,199.36,199.36,0,,,,0(O),0/0,consolidated,79
2018-10-01,N16000327,152,CITY GAS DISTRIBUTION (CGD) NETWORK PATNA,PETROLEUM,GAIL,BIHAR,2017-10-01,2022-10-01,2022-10-01,359.25,359.25,26.98,,,,0(O),0/0,consolidated,79
2018-10-01,N16000337,153,INSTALLATION OF 'INDJET' UNIT AT BARAUNI REFINERY,PETROLEUM,IOCL,BIHAR,2018-07-01,2021-01-01,2021-01-01,189,189,0,,,,0(O),0/0,consolidated,79
2018-10-01,N16000344,154,CONSTRUCTION OF GRASS ROOT POL TERMINAL AT MOTIHARI BIHAR,PETROLEUM,IOCL,BIHAR,2018-04-01,2021-03-01,2021-03-01,522,522,0,,,,0(O),0/0,consolidated,79
2018-10-01,N16000311,155,CONSTRUCTION OF NEW MARKETING TERMINAL AT BARADWAR DISTT- JANJGIR- CHAMPA IN STATE OF CHHATTISGARH,PETROLEUM,HPCL,CHHATISGARH,2016-12-01,2021-04-01,2021-04-01,300,300,0,,300,2021-04-01,0(O),0/0,consolidated,79
2018-10-01,N16000198,156,DAMAN DEVELOPMENT PROJECT,PETROLEUM,ONGC,D & N HAVELI,2014-08-01,2019-05-01,2019-10-01,6086.08,5842.31,4287,,5842.31,2019-10-01,5(O),0/14,consolidated,79
2018-10-01,N16000202,157,GAMJI REDEVELOPMENT PROJECT,PETROLEUM,ONGC,GUJARAT,2015-05-01,2019-11-01,2019-11-01,1671.22,567.22,449.95,,567.22,,0(O),0/5,consolidated,79
2018-10-01,N16000232,158,ANKLESHWAR BARODA PIPELINE PROJECT,PETROLEUM,GAIL,GUJARAT,2014-07-01,2018-03-01,2018-03-01,199.95,199.95,156.83,,,,,20/22,consolidated,79
2018-10-01,N16000233,159,CAPACITY AUGMENTATION JAMNAGAR LONI PIPELINE,PETROLEUM,GAIL,GUJARAT,2016-04-01,2018-04-01,2018-12-01,327.78,200,105.91,,,,8(O),18/20,consolidated,79
2018-10-01,N16000279,160,REDEVELOPMENT OF SANTHAL FIELD,PETROLEUM,ONGC,GUJARAT,2017-02-01,2026-03-01,2026-03-01,1162.56,1162.56,276.23,,1162.56,2026-03-01,0(O),0/10,consolidated,79
2018-10-01,N16000284,161,INFRASTRUCTURE DEVLOPMENT TO FACILITATE GRID POWER IMPORT AT 220KV AT GUJARAT REFINERY,PETROLEUM,IOCL,GUJARAT,2016-09-01,2020-07-01,2020-07-01,208.35,208.35,67.22,,,,0(O),0/0,consolidated,79
2018-10-01,N16000287,162,REPLACEMENT OF KV SECTION OF KSPL,PETROLEUM,IOCL,GUJARAT,2014-10-01,2018-08-01,,279,279,200.05,,,,,0/0,consolidated,79
2018-10-01,N16000309,163,CAPTIVE DHAMRA-HALDIA REFINERY NATURAL GAS PIPELINE WITH SPURLINE TO PARADIP REFINERY,PETROLEUM,IOCL,GUJARAT,2017-08-01,2020-08-01,2020-08-01,1342,1342,3.67,,,,0(O),0/0,consolidated,79
2018-10-01,N16000310,164,BS-VI PROJECT AT GUJARAT REFINERY,PETROLEUM,IOCL,GUJARAT,2018-03-01,2019-09-01,2019-09-01,3380,3380,1044.83,,,,0(O),0/9,consolidated,79
2018-10-01,N16000326,165,CREATING INFRASTRUCTURE AT GUJARAT REFINERY AND DUMAD FOR KOYALI AHMEDNAGAR SOLAPUR PIPELINE,PETROLEUM,IOCL,GUJARAT,2017-10-01,2020-02-01,2020-02-01,906,906,12.74,,,,0(O),0/0,consolidated,79
2018-10-01,N16000336,166,AUGMENTATION OF LPG IMPORT TERMINAL FROM 0.6 MMTPA TO 2.5 MMTPA AT KANDLA GUJARAT,PETROLEUM,IOCL,GUJARAT,2018-03-01,,,588.2,588.2,0,,,,,2/17,consolidated,79
2018-10-01,N16000312,167,CONSTRUCTION OF A NEW POL DEPOT AT VILLAGE DATA IN HISAR DISTRICT IN HARYANA,PETROLEUM,HPCL,HARYANA,2017-11-01,2020-11-01,2020-11-01,255,255,3.6,,255,2020-11-01,0(O),0/0,consolidated,79
2018-10-01,N16000321,168,CATALYST MANUFACTURING UNIT OF 1500 MTPA CAPACITY AT PANIPAT REFINERY,PETROLEUM,IOCL,HARYANA,2018-04-01,2020-02-01,2020-02-01,206.63,206.63,0.12,,,,0(O),0/0,consolidated,80
2018-10-01,N16000325,169,BS-VI PROJECT AT PANIPAT REFINERY,PETROLEUM,IOCL,HARYANA,2017-12-01,2019-07-01,2019-07-01,3529,3529,830.01,,,,0(O),0/9,consolidated,80
2018-10-01,N16000340,170,NAPHTHA CRACKER EXPANSION PROJECT AT PANIPAT,PETROLEUM,IOCL,HARYANA,2018-08-01,2020-08-01,2020-08-01,1636,1636,123.17,,,,0(O),0/0,consolidated,80
2018-10-01,N16000226,171,CONSTRUCTION OF PIPELINE TAP OFF POINT (TOP) AT UNA HP,PETROLEUM,IOCL,HIMACHAL PRADESH,2016-02-01,2019-05-01,2018-12-01,356,356,169.04,,,,-5(O),3/13,consolidated,80
2018-10-01,N16000250,172,BRANCH PIPELINE OF PAJPL TO UNA,PETROLEUM,IOCL,HIMACHAL PRADESH,2016-02-01,2019-09-01,2019-09-01,151,151,99.3,,,,0(O),2/2,consolidated,80
2018-10-01,N16000187,173,RESITEMENT OF TATA NAGAR AND RACHI DEPOTS TO KHUNTI (JHARKHAND),PETROLEUM,IOCL,JHARKHAND,2011-04-01,2015-05-01,,191.96,191.96,176.28,,,,,8/12,consolidated,80
2018-10-01,N16000239,174,DEVELOPMENT PLAN OF CBM - BOKARO BLOCK,PETROLEUM,ONGC,JHARKHAND,2015-12-01,2023-03-01,2022-03-01,658.62,910.23,87.79,,910.23,2022-03-01,-12(O),0/10,consolidated,80
2018-10-01,N16000316,175,120 TMTPA NEW LPG PLANT AT BARHI JHARKAND STATE,PETROLEUM,HPCL,JHARKHAND,2017-06-01,2020-06-01,2020-06-01,161.5,161.5,17.78,,,,0(O),0/0,consolidated,80
2018-10-01,N16000329,176,CITY GAS DISTRIBUTION (CGD) NETWORK RANCHI,PETROLEUM,GAIL,JHARKHAND,2017-10-01,2022-10-01,2022-10-01,226.45,226.45,21.27,,,,0(O),5/9,consolidated,80
2018-10-01,N16000330,177,CITY GAS DISTRIBUTION (CGD) NETWORK JAMSHEDPUR,PETROLEUM,GAIL,JHARKHAND,2017-10-01,2022-10-01,2022-10-01,221.45,221.45,20.19,,,,0(O),0/0,consolidated,80
2018-10-01,N16000169,178,STRATEGIC CRUDE OIL STORAGE PROJECT AT PADUR,PETROLEUM,ISPRL,KARNATAKA,2006-01-01,2012-01-01,,993,1693,1549.85,,,,,0/0,consolidated,80
2018-10-01,N16000210,179,GAIL GAS LTD BENGALURU CGD PROJECT,PETROLEUM,GAIL,KARNATAKA,2015-02-01,2020-02-01,2020-02-01,749,749,727.2,,,,0(O),0/0,consolidated,80
2018-10-01,N16000255,180,CAPACITY ENHANCEMENT/ REVAMP OF NHT- 2/PLATFORMER-2/CCR-2/PSA-2/RSU,PETROLEUM,MANGALORE REFIN,KARNATAKA,2015-05-01,2019-04-01,2019-04-01,224,207.25,99.99,,207,,0(O),6/8,consolidated,80
2018-10-01,N16000256,181,RAILWAY SIDING PROJECT FOR EVACUATION OF PETCOKE,PETROLEUM,MANGALORE REFIN,KARNATAKA,2015-10-01,2019-03-01,2019-03-01,135,170.7,124.25,,170.7,2019-03-01,0(O),5/11,consolidated,80
2018-10-01,N16000257,182,BSVI UPGRADATION,PETROLEUM,MANGALORE REFIN,KARNATAKA,2016-09-01,2019-12-01,2019-12-01,1810,1810,130.79,,1810,,0(O),7/9,consolidated,80
2018-10-01,N16000319,183,SEA WATER DESALINATION PLANT,PETROLEUM,MANGALORE REFIN,KARNATAKA,2017-11-01,2020-03-01,2020-03-01,581,581,0,,,,0(O),0/0,consolidated,80
2018-10-01,N16000171,184,LPG TERMINAL AT KOCHI,PETROLEUM,IOCL,KERALA,2015-10-01,2017-10-01,2019-03-01,607.06,714.25,341.5,,,,17(O),39/52,consolidated,80
2018-10-01,N16000227,185,PROPYLENE DERIVATIVES PETROCHEMICAL PROJECT(PDPP) AT KOCHI REFINERY,PETROLEUM,BPCL,KERALA,2014-11-01,2018-08-01,2019-05-01,4588.29,5245.96,2303.01,,5245.96,2019-05-01,9(O),0/20,consolidated,80
2018-10-01,N16000263,186,MOTOR SPIRIT BLOCK PROJECT (MSBP) TO PRODUCE BSVI MS AT KOCHI REFINERY,PETROLEUM,BPCL,KERALA,2016-02-01,2020-02-01,2020-10-01,3313,3288.96,309.98,,3288.96,2020-10-01,8(O),0/20,consolidated,80
2018-10-01,N16000314,187,KOCHI SALEM LPG PIPELINE PROJECT,PETROLEUM,BPCL,KERALA,2015-12-01,2019-06-01,2019-06-01,1112,1112,108.79,,,,0(O),0/0,consolidated,80
2018-10-01,N16000304,188,PROVISION OF 2ND SPUR FOR TWL GANTRY TWD FACILITY FOR MS AND HSD ADDITIONAL TANKS FOR MS HSD AND,PETROLEUM,IOCL,MADHYA PRADESH,2017-08-01,2020-06-01,2020-06-01,236,236,0,,,,0(O),0/0,consolidated,80
2018-10-01,N16000128,189,CONVERSION OF RIG SAGAR SAMRAT TO MOBILE OFFSHORE PRODUCTION UNIT(MOPS),PETROLEUM,ONGC,MAHARASHTRA,2011-03-01,2013-05-01,2019-03-01,861.79,1577.15,1195.62,,1577.15,2019-03-01,70(O),1/8,consolidated,81
2018-10-01,N16000131,190,INTEGRATED DEVELOPMENT OF B-127 FIELDS,PETROLEUM,ONGC,MAHARASHTRA,2011-12-01,2015-03-01,2019-12-01,2059.63,2665.65,1842.42,,2665.65,2019-12-01,57(O),0/17,consolidated,81
2018-10-01,N16000197,191,MUMBAI HIGH SOUTH (MHS) REDEVELOPMENT PHASE-III,PETROLEUM,ONGC,MAHARASHTRA,2014-11-01,2019-04-01,2019-03-01,6068.8,5296.93,4541.73,,6068.8,2019-03-01,-1(O),0/9,consolidated,81
2018-10-01,N16000203,192,PIPELINE REPLACEMENT PROJECT -4,PETROLEUM,ONGC,MAHARASHTRA,2015-02-01,2017-05-01,2018-12-01,2899.93,2504.61,2118.29,,,2018-12-01,19(O),0/4,consolidated,81
2018-10-01,N16000204,193,NEELAM REDEVELOPMENT PLAN FOR EXPLOITATION OF BASSEIN AND MUKTA PAY,PETROLEUM,ONGC,MAHARASHTRA,2015-08-01,2019-03-01,2020-05-01,2818.88,2818.88,1634.39,,,2020-05-01,14(O),0/5,consolidated,81
2018-10-01,N16000212,194,ENHANCED RECOVERY FROM BASSEIN FIELD THROUGH INTEGRATED DEVELOPMENT OF MUKTA BASSEIN AND PANNA,PETROLEUM,ONGC,MAHARASHTRA,2015-01-01,2017-12-01,2019-03-01,4619.94,4619.94,3888.92,,4619.94,2019-03-01,15(O),4/5,consolidated,81
2018-10-01,N16000213,195,LIFE EXTENSION OF WALL PLATFORMS OF MUMBAI HIGH AND HEERA FIELDS,PETROLEUM,ONGC,MAHARASHTRA,2015-12-01,2018-04-01,2019-05-01,3190.69,3247.19,2101.95,,,2019-05-01,13(O),0/10,consolidated,81
2018-10-01,N16000249,196,KOYALI AHMEDNAGAR SOLAPUR PIPELINE,PETROLEUM,IOCL,MAHARASHTRA,2016-05-01,2021-08-01,2021-08-01,1945,1945,475.41,,,,0(O),2/2,consolidated,81
2018-10-01,N16000260,197,INSTALLATION OF GASOLINE HYDRO TREATMENT UNIT TO PRODUCE 100% BSVI MS AT MUMBAI REFINERY,PETROLEUM,BPCL,MAHARASHTRA,2016-02-01,2020-02-01,2020-02-01,554,554,119.95,,,,0(O),0/10,consolidated,81
2018-10-01,N16000261,198,MMPL PIPELINE REROUTING PROJECT,PETROLEUM,BPCL,MAHARASHTRA,2013-04-01,2019-12-01,2019-12-01,449.58,449.58,113.26,,,,0(O),0/0,consolidated,81
2018-10-01,N16000262,199,LAYING OF HEAT TRACED PIPE LINE WITH ASSOCIATED FACILITIES AT MUMBAI REFINERY,PETROLEUM,BPCL,MAHARASHTRA,2015-05-01,2019-01-01,2019-01-01,193.4,193.4,104.77,,,,0(O),0/18,consolidated,81
2018-10-01,N16000267,200,ADDITIONAL FACILITIES AT MANMAD FOR COVERSION TO TOP ON KOYALI-MANMAD- AHMEDNAGAR-SOLAPUR PIPELINE,PETROLEUM,IOCL,MAHARASHTRA,2016-05-01,2021-01-01,2021-01-01,212,212,0.08,,,,0(O),0/0,consolidated,81
2018-10-01,N16000268,201,ADDITIONAL FACILITIES AT SOLAPUR FOR CONVERSION TO TOP ON KOYALI-MANMAD- AHMEDNAGAR-SOLAPUR PIPELINE,PETROLEUM,IOCL,MAHARASHTRA,2016-05-01,2021-01-01,2021-01-01,348,348,0.05,,,,0(O),0/0,consolidated,81
2018-10-01,N16000276,202,ADDITIONAL FACILITIES AT AHMEDNAGAR FOR CONVERSION TO TOP ON KOYALI-MANMAD- AHMEDNAGAR-SOLAPUR PIPELI,PETROLEUM,IOCL,MAHARASHTRA,2016-05-01,2021-01-01,2021-01-01,261,261,0.05,,,,0(O),0/0,consolidated,81
2018-10-01,N16000281,203,MUMBAI REFINERY EXPANSION PROJECT,PETROLEUM,HPCL,MAHARASHTRA,2015-09-01,2020-03-01,2019-07-01,4199,4199,194.97,,,,-8(O),0/0,consolidated,81
2018-10-01,N16000290,204,NW B-173A DEVELOPMENT PLAN FOR EXPLOITATION OF MUKTA PAY,PETROLEUM,ONGC,MAHARASHTRA,2017-01-01,2019-05-01,2019-05-01,474.15,474.15,299.26,,474.15,2019-05-01,0(O),0/5,consolidated,81
2018-10-01,N16000292,205,DEVELOPMENT OF B-147 FIELD,PETROLEUM,ONGC,MAHARASHTRA,2017-02-01,2019-11-01,2019-11-01,546.15,546.15,152.51,,546.15,2019-11-01,0(O),0/5,consolidated,81
2018-10-01,N16000293,206,DEVELOPMENT OF BSE-11 BLOCK,PETROLEUM,ONGC,MAHARASHTRA,2017-02-01,2019-11-01,2019-11-01,511.3,511.3,118.34,,511.3,2019-11-01,0(O),0/5,consolidated,82
2018-10-01,N16000294,207,4TH PHASE DEVELOPMENT OF NBP FIELD,PETROLEUM,ONGC,MAHARASHTRA,2017-02-01,2019-11-01,2019-11-01,968.61,968.61,306.06,,968.61,2019-11-01,0(O),0/5,consolidated,82
2018-10-01,N16000297,208,DEVELOPMENT OF R-SERIES FIELDS INCLUDING REVIVAL OF R 12 (RATNA),PETROLEUM,ONGC,MAHARASHTRA,2017-02-01,2021-05-01,2021-05-01,4006.83,4006.83,1064.56,,4006.83,2021-05-01,0(O),0/15,consolidated,82
2018-10-01,N16000313,209,PUNE POL STORAGE DEPOT,PETROLEUM,BPCL,MAHARASHTRA,2016-08-01,2020-08-01,2020-08-01,282.64,282.64,53.83,,,,0(O),0/15,consolidated,82
2018-10-01,N16000315,210,180 TMTPA NEW LPG PLANT AT PATALGANGA(DIST RAIGAD) MAHARASHTRA,PETROLEUM,HPCL,MAHARASHTRA,2017-06-01,2020-06-01,2020-06-01,249.26,249.26,58.33,,,,0(O),0/0,consolidated,82
2018-10-01,N16000335,211,PIPELINE REPLACEMENT PROJECT-V (OFFSHORE),PETROLEUM,ONGC,MAHARASHTRA,,2019-12-01,2019-12-01,766.37,766.37,0,,,,0(O),4/5,consolidated,82
2018-10-01,N16000072,212,PHUPLUR-HALDIA PIPELINE PROJECT PHASE-I,PETROLEUM,GAIL,MULTI STATE,2015-03-01,2018-12-01,2018-12-01,3957,3397,2270.38,,3561,,0(O),33/39,consolidated,82
2018-10-01,N16000084,213,CONSTRUCTION OF 12 OFFSHORE SUPPLY VESSELS(OSV),PETROLEUM,ONGC,MULTI STATE,2007-06-01,2011-09-01,,736.65,571.47,543.05,,,,,0/3,consolidated,82
2018-10-01,N16000088,214,PARADIP-RAIPUR- RANCHI PIPELINE,PETROLEUM,IOCL,MULTI STATE,2009-08-01,2016-12-01,,1793,1793,1788.86,,,,,8/8,consolidated,82
2018-10-01,N16000148,215,PARADIP HALDIA DURGAPUR LPG PIPELINE,PETROLEUM,IOCL,MULTI STATE,2011-02-01,2018-06-01,2018-10-01,913,1330,1308.86,,1330,,4(O),1/1,consolidated,82
2018-10-01,N16000155,216,URAN CHAKAN SHIKRAPUR LPG PIPELINE,PETROLEUM,HPCL,MULTI STATE,2009-12-01,2014-10-01,2019-02-01,309.81,723.4,581.45,,723.4,2019-02-01,52(O),32/40,consolidated,82
2018-10-01,N16000167,217,SECONDARY TANK FARM WITH DEHYDRATION FACILITY AND EFFLUENT TREATMENT PLANT AT MADHUBAN,PETROLEUM,OIL,MULTI STATE,2011-07-01,2017-03-01,2019-06-01,352.56,438.84,192.08,,,2019-06-01,27(O),2/15,consolidated,82
2018-10-01,N16000193,218,AUGMENTATION OF PARADIP-HALDIA-DURGAPUR LPG PIPELINE AND ITS EXTENSION UPTO PATNA AND MUZAFFARPUR,PETROLEUM,IOCL,MULTI STATE,2015-01-01,2020-12-01,2020-12-01,1823,1823,521.78,,,,0(O),0/0,consolidated,82
2018-10-01,N16000194,219,PARADIP HYDERABAD PIPLEINE,PETROLEUM,IOCL,MULTI STATE,2015-01-01,2020-12-01,2020-08-01,2321,2321,619.33,,,,-4(O),2/2,consolidated,82
2018-10-01,N16000195,220,JAIPUR-PANIPAT NAPTHA PIPELINE ALONG WITH AUGMENTATION OF KOYALI-SANGANER PRODUCT PIPELINE,PETROLEUM,IOCL,MULTI STATE,2015-02-01,2019-10-01,2019-10-01,890,887,497.11,,,,0(O),3/3,consolidated,82
2018-10-01,N16000196,221,PARADIP LPG IMPORT FACILITY,PETROLEUM,IOCL,MULTI STATE,2015-01-01,2018-07-01,2020-10-01,690,690,164.1,,,2020-10-01,27(O),20/36,consolidated,82
2018-10-01,N16000238,222,MDPL CAPACITY EXPANSION AND PALANPUR VADODARA PIPELINE EXTENSION,PETROLEUM,HPCL,MULTI STATE,2016-09-01,2020-06-01,2020-06-01,1879,1879,913.36,,,,0(O),14/24,consolidated,82
2018-10-01,N16000242,223,RAMANMANDI BAHADURGERH PIPELINE CAPACITY EXPANSION PROJECT (PUNJAB HARYANA),PETROLEUM,HPCL,MULTI STATE,2016-11-01,2019-02-01,2019-02-01,230,230,101.1,,,,0(O),10/13,consolidated,82
2018-10-01,N16000258,224,PIPELINE REHABILITATION PROJECT OF 575 KM (PHASE I),PETROLEUM,OIL,MULTI STATE,2016-05-01,2020-10-01,2020-10-01,406,406,19.95,,,,0(O),6/12,consolidated,82
2018-10-01,N16000259,225,AUGMENTATION OF PUMPING CAPACITY OF BARAUNI-BONGAIGAON SECTOR PHASE II,PETROLEUM,OIL,MULTI STATE,2016-09-01,2019-12-01,2019-12-01,571.66,571.66,33.75,,,,0(O),6/22,consolidated,82
2018-10-01,N16000271,226,LAYING OF VIJAIPUR-AURAIYA PIPELINE SECTION OF VIJAIPUR-AURAIYA-PHULPUR PIPELINE PROJECT,PETROLEUM,GAIL,MULTI STATE,2015-07-01,2019-12-01,2019-12-01,2881.4,2000,623.22,,,2020-12-01,0(O),15/24,consolidated,83
2018-10-01,N16000273,227,DOBHI-DURGAPUR PIPELINE PROJECT,PETROLEUM,GAIL,MULTI STATE,2017-03-01,2020-12-01,2020-12-01,2433,2433,764.72,,,,0(O),14/24,consolidated,83
2018-10-01,N16000274,228,BOKARO-ANGUL PIPELINE PROJECT,PETROLEUM,GAIL,MULTI STATE,2017-03-01,2020-12-01,2020-12-01,3437,3437,450.58,,,,0(O),13/24,consolidated,83
2018-10-01,N16000285,229,KOCHI-KOOTTANAD-BANGALORE-MANGALORE PIPELINE PHASE-II,PETROLEUM,GAIL,MULTI STATE,2009-06-01,2012-12-01,2019-02-01,2915,2915,1953.43,,2915,2019-02-01,74(O),13/42,consolidated,83
2018-10-01,N16000296,230,EXTENSION OF VISAKH-VIJAYAWADA- SECUNDERABAD PIPELINE (VVSPL) FROM VIJAYAWADA TO DHARMAPURI AND CONST,PETROLEUM,HPCL,MULTI STATE,2017-09-01,2021-03-01,2021-03-01,2677,2677,44.86,,,,0(O),3/26,consolidated,83
2018-10-01,N16000298,231,50MW WIND ENERGY POWER PROJECT,PETROLEUM,OIL,MULTI STATE,2015-11-01,2017-06-01,,500,500,0,,,,,0/0,consolidated,83
2018-10-01,N16000334,232,BARAUNI-GUWAHATI PIPELINE,PETROLEUM,GAIL,MULTI STATE,2018-06-01,2021-12-01,2021-12-01,3308,3308,1.37,,,,0(O),0/0,consolidated,83
2018-10-01,N16000179,233,POLYPROPYLENE PLANT AT PARADIP REFINERY,PETROLEUM,IOCL,ODISHA,2014-03-01,2017-09-01,2018-12-01,3150,3150,2263.83,,,2018-12-01,15(O),5/6,consolidated,83
2018-10-01,N16000272,234,DHAMRA-ANGUL PIPELINE PROJECT,PETROLEUM,GAIL,ODISHA,2017-03-01,2020-12-01,2020-12-01,1933,1933,618.54,,,,0(O),15/24,consolidated,83
2018-10-01,N16000277,235,INSTALLATION OF ADDITIONAL CRUDE TANKS (7 NOS) AT PARADIP REFINERY,PETROLEUM,IOCL,ODISHA,2016-05-01,2019-01-01,2019-01-01,429,429,240.54,,,,0(O),5/6,consolidated,83
2018-10-01,N16000283,236,LPG BP PROJECT KHORDHA,PETROLEUM,IOCL,ODISHA,2016-12-01,2019-12-01,2019-12-01,161.59,161.59,33.81,,,,0(O),16/26,consolidated,83
2018-10-01,N16000289,237,CITY GAS DISTRIBUTION (CGD) NETWORK BHUBANESHWAR,PETROLEUM,GAIL,ODISHA,2017-07-01,2022-07-01,2022-07-01,243.53,243.53,27.63,,243.53,,0(O),0/0,consolidated,83
2018-10-01,N16000308,238,CAPTIVE NATURAL GAS PIPELINE FROM DAHEJ TO KOYALI REFINERY,PETROLEUM,IOCL,ODISHA,2017-08-01,2021-12-01,2021-12-01,315,315,2.56,,,,0(O),0/0,consolidated,83
2018-10-01,N16000328,239,CITY GAS DISTRIBUTION (CGD) NETWORK CUTTACK,PETROLEUM,GAIL,ODISHA,2017-07-01,2022-07-01,2022-07-01,181.2,181.2,13.17,,,,0(O),0/0,consolidated,83
2018-10-01,N16000338,240,ETHYLENE GLYCOL PROJECT AT PARADIP,PETROLEUM,IOCL,ODISHA,2018-04-01,2021-07-01,2021-07-01,4807.08,4807.08,19.14,,,,0(O),0/0,consolidated,83
2018-10-01,N16000341,241,2G ETHANOL BIO REFINERY AT BARGARH,PETROLEUM,BPCL,ODISHA,2017-08-01,2020-12-01,2020-12-01,750,750,18.18,,,,0(O),0/14,consolidated,83
2018-10-01,N16000209,242,50 MW CAPACITY WIND POWER PROJECT UNDER PHASE II,PETROLEUM,HPCL,RAJASTHAN,2011-11-01,2013-03-01,,310,370,17.84,,,,,0/24,consolidated,83
2018-10-01,N16000318,243,LPG BP PROJECT JODHPUR,PETROLEUM,IOCL,RAJASTHAN,2018-03-01,,,229.8,229.8,69.04,,,,,2/26,consolidated,83
2018-10-01,N16000162,244,ENNORE-TRICHY-MADURAI LPG PIPELINE,PETROLEUM,IOCL,TAMIL NADU,2013-05-01,2020-06-01,2020-06-01,711,711,11.12,,,,0(O),0/0,consolidated,83
2018-10-01,N16000184,245,RESID UPGRADATION PROJECT,PETROLEUM,CPCL,TAMIL NADU,2013-03-01,2015-11-01,,3110.36,3110.36,2915.42,,,,,52/52,consolidated,83
2018-10-01,N16000234,246,IRUGUR-DEVANGONTHI POL PIPELINE,PETROLEUM,BPCL,TAMIL NADU,2012-11-01,2017-02-01,,678,678,5.12,,,,,0/0,consolidated,83
2018-10-01,N16000241,247,Field Development Plan of Madanam NELP-IV Block CY- ONN-2002,PETROLEUM,ONGC,TAMIL NADU,2015-11-01,2019-03-01,2019-04-01,390.52,390.52,160.29,,390.52,,1(O),0/5,consolidated,83
2018-10-01,N16000253,248,ENNORE THIRUVALLUR BENGALURU PUDUCHERRY NAGAPATTINAM MADURAITUTICORIN GAS PIPELINE,PETROLEUM,IOCL,TAMIL NADU,2016-05-01,2018-12-01,2020-12-01,4497,4497,302.17,,,,24(O),2/2,consolidated,84
2018-10-01,N16000286,249,AUGMENTATION OF CTMPL,PETROLEUM,IOCL,TAMIL NADU,2016-12-01,2020-06-01,2020-06-01,228,228,0.17,,,,0(O),2/3,consolidated,84
2018-10-01,N16000295,250,BS-VI PROJECTS,PETROLEUM,CPCL,TAMIL NADU,2017-09-01,2019-12-01,2019-12-01,1858,1858,527.63,,,,0(O),0/0,consolidated,84
2018-10-01,N16000301,251,RE-LIQUIFIED NATURAL GAS,PETROLEUM,CPCL,TAMIL NADU,2017-08-01,2020-08-01,2020-08-01,421,421,14.15,,,,0(O),0/0,consolidated,84
2018-10-01,N16000305,252,CONSTRUCTION OF GRASS ROOT POL TOP AT ASANUR TAMIL NADU,PETROLEUM,IOCL,TAMIL NADU,2017-12-01,2020-10-01,2021-05-01,466.43,466.43,1.18,,,,7(O),0/0,consolidated,84
2018-10-01,N16000231,253,AURAIYA PHULPUR PIPELINE PROJECT,PETROLEUM,GAIL,UTTAR PRADESH,2015-07-01,2018-12-01,2018-12-01,1427.94,800,604.26,,,,0(O),16/20,consolidated,84
2018-10-01,N16000288,254,CITY GAS DISTRIBUTION (CGD) NETWORK VARANASI,PETROLEUM,GAIL,UTTAR PRADESH,2017-04-01,2022-04-01,2022-04-01,287.49,287.49,92.05,,,,0(O),27/33,consolidated,84
2018-10-01,N16000303,255,REVAMPING OF EXISTING FACILITIES/ AUGMENTATION OF FACILITIES AT BAITALPUR DEPOT FOR,PETROLEUM,IOCL,UTTAR PRADESH,2017-08-01,2021-08-01,2021-08-01,318.8,318.8,0,,,,0(O),0/0,consolidated,84
2018-10-01,N16000306,256,BS-VI PROJECT AT MATHURA REFINERY,PETROLEUM,IOCL,UTTAR PRADESH,2018-01-01,2019-09-01,2019-09-01,666.64,666.64,190.32,,,,0(O),0/6,consolidated,84
2018-10-01,N16000323,257,INFRASTRUCTURE DEVELOPMENT TO FACILITATE BULK IMPORT OF GRID POWER AT 220 KV AT MATHURA REFINERY,PETROLEUM,IOCL,UTTAR PRADESH,2017-08-01,2020-08-01,2020-08-01,255.4,255.4,0,,,,0(O),0/0,consolidated,84
2018-10-01,N16000333,258,AUGMENTATION OF MATHURA-TUNDLA PIPELINE AND ITS EXTENSION FOR HOOK UP WITH BARAUNI- KANPUR PIPELINE A,PETROLEUM,IOCL,UTTAR PRADESH,2018-03-01,2021-12-01,2021-12-01,676,676,3.41,,,,0(O),0/0,consolidated,84
2018-10-01,N16000282,259,SITARGANJ LPG PROJECT,PETROLEUM,IOCL,UTTARAKHAND,2017-02-01,2020-02-01,2020-02-01,160.1,160.1,24.22,,,,0(O),18/26,consolidated,84
2018-10-01,N16000175,260,DISTILLATE YIELD IMPROVEMENT PROJECT (COKER) AT HALDIA REFINERY,PETROLEUM,IOCL,WEST BENGAL,2014-03-01,2017-09-01,2018-06-01,3076,4190,3109.34,,4190,2018-06-01,,6/7,consolidated,84
2018-10-01,N16000223,261,HALDIA LPG IMPORT FACILITY,PETROLEUM,BPCL,WEST BENGAL,2015-03-01,2018-10-01,2018-12-01,694,694,500.13,,1097.54,2018-12-01,2(O),0/15,consolidated,84
2018-10-01,N16000251,262,HALDIA BARAUNI PRODUCT PIPELINE,PETROLEUM,IOCL,WEST BENGAL,2016-04-01,2020-12-01,2020-12-01,1021,1021,4.45,,,,0(O),0/0,consolidated,84
2018-10-01,N16000275,263,DURGAPUR-HALDIA PIPELINE PROJECT,PETROLEUM,GAIL,WEST BENGAL,2017-03-01,2020-12-01,2020-12-01,1740,1740,19.36,,,,0(O),10/24,consolidated,84
2018-10-01,N16000300,264,KHARAGPUR LPG BOTTLING PLANT,PETROLEUM,IOCL,WEST BENGAL,2017-04-01,2020-04-01,2020-04-01,163.02,163.02,32.43,,,,0(O),13/26,consolidated,84
2018-10-01,N16000322,265,BS-VI PROJECT (PHASE-I) AT HALDIA REFINERY,PETROLEUM,IOCL,WEST BENGAL,2018-05-01,2019-09-01,2019-09-01,2934.4,2934.4,711.29,,,,0(O),0/11,consolidated,84
2018-10-01,N16000332,266,30 INCH CRUDE OIL PIPELINE IN HALDIA-BARAUNI SECTION OF PHBPL AND CONVERSION OF EXISTING 18 INCH HAL,PETROLEUM,IOCL,WEST BENGAL,2018-03-01,2022-09-01,2021-06-01,3712,3712,6.24,,,,-15(O),0/0,consolidated,84
2018-10-01,180100221,267,SUBANSIRI LOWER H.E.P (8X250 MW) (NHPC),POWER,NHPC,ARUNACHAL PRADESH,2003-09-01,2010-09-01,,6285.33,19496.34,10370.68,,,,,0/0,consolidated,85
2018-10-01,180100239,268,KAMENG HYDROELECTRIC PROJECT (NEEPCO),POWER,NEEPCO,ARUNACHAL PRADESH,2004-12-01,2009-12-01,2019-03-01,2496.9,6179.96,6806.12,,6179.96,2019-03-01,111(O),28/30,consolidated,85
2018-10-01,N18000041,269,BONGAIGAON THERMAL POWER PROJECT,POWER,NTPC,ASSAM,2008-01-01,2011-09-01,2018-12-01,4375.35,8150,7186.04,,8150,2018-06-01,87(O),35/37,consolidated,85
2018-10-01,180100242,270,BARH STPP(3X660MW) NTPC,POWER,NTPC,BIHAR,2005-02-01,2011-01-01,2021-04-01,8692.97,15095.67,15031.14,,15095.67,2021-04-01,123(O),26/47,consolidated,85
2018-10-01,N18000190,271,BRBCL-NABINAGAR TPP- JV (4X250 MW),POWER,NTPC,BIHAR,2007-01-01,2014-05-01,2019-05-01,5353,7998,7128.72,,13624,2018-01-01,60(O),3/18,consolidated,85
2018-10-01,N18000192,272,NPGCPL-NABINAGAR STPP - JV (3X660 MW),POWER,NTPC,BIHAR,2013-01-01,2018-01-01,2020-05-01,12964.6,13731.26,12079,,,,28(O),31/34,consolidated,85
2018-10-01,N18000194,273,PRE-CONSTRUCTION ACTIVITIES OF 1320 MW BUXAR THERMAL POWER PLANT,POWER,SJVN,BIHAR,2015-05-01,2016-12-01,2018-12-01,436.68,602.44,499.77,,,,24(O),13/19,consolidated,85
2018-10-01,N18000222,274,ASSOCIATED TRANSMISSION SYSTEM FOR NABINAGAR-II TIPS,POWER,PGCIL,BIHAR,2016-04-01,2019-06-01,2019-06-01,790.13,790.3,502.54,,,,0(O),0/0,consolidated,85
2018-10-01,N18000140,275,LARA SUPER THERMAL POWER PROJECT STAGE-I (2 X 800 MW),POWER,NTPC,CHHATISGARH,2012-12-01,2017-06-01,2019-06-01,11846,12739.82,10490.56,,,2019-06-01,24(O),34/40,consolidated,85
2018-10-01,N18000266,276,TALAIPALLI COAL MINING PROJECT,POWER,NTPC,CHHATISGARH,2015-09-01,2019-11-01,2019-11-01,3004,3004,1293.72,,,,0(O),0/0,consolidated,85
2018-10-01,N18000188,277,CREATION OF 400/220 KV SUBSTATIONS IN NCT OF DELHI DURING 12TH PLAN PERIOD (PART-A),POWER,PGCIL,DELHI,2015-03-01,2017-05-01,2019-06-01,1394.52,1394.52,191.64,,,2019-06-01,25(O),4/9,consolidated,85
2018-10-01,N18000195,278,CREATION OF 400/220KV SUBSTATIONS IN NCT OF DELHI DURING 12TH PLAN PERIOD (PART-B1),POWER,PGCIL,DELHI,2015-05-01,2018-10-01,2018-10-01,780.33,780.33,516.25,,,,0(O),0/0,consolidated,85
2018-10-01,N18000228,279,TRANSMISSION SYSTEM STRENGTHENING ASSOCIATED WITH MUNDRA UMPP (PART-B),POWER,PGCIL,GUJARAT,2016-07-01,2018-12-01,2018-12-01,300.94,300.94,194.26,,,,0(O),0/0,consolidated,85
2018-10-01,N18000235,280,WIND POWER PROJECT AT SADLA IN DISTT. SURENDRANAGAR (GUJARAT),POWER,SJVN,GUJARAT,2016-11-01,2017-11-01,2018-12-01,330,330,309.64,,,,13(O),1/4,consolidated,85
2018-10-01,N18000261,281,TRANSMISSION SYSTEM FOR ULTRA MEGA SOLAR POWER PARK AT BANASKANTHA (RADHANESDA) GUJARAT,POWER,PGCIL,GUJARAT,2017-05-01,2018-09-01,2019-06-01,175.64,175.64,52.14,,,,9(O),0/0,consolidated,85
2018-10-01,N18000269,282,SUPPLEMENTARY TRANS. SYSTEM FOR UMSPP AT BANASKANTHA (RADHANESDA) GUJARAT,POWER,PGCIL,GUJARAT,2017-12-01,2019-06-01,2019-06-01,193.14,193.14,2.5,,,,0(O),0/0,consolidated,85
2018-10-01,180100210,283,PARBATI HEP (4X200 MW) (NHPC) II,POWER,NHPC,HIMACHAL PRADESH,2002-09-01,2009-09-01,2021-12-01,3919.59,9394.8,7084.23,,,,147(O),2/3,consolidated,85
2018-10-01,N18000172,284,PAKAL DUL HYDRO ELECTRIC PROJECT (1000 MW),POWER,CVPPPL,JAMMU AND KASHMIR,,2020-04-01,2023-10-01,8112.12,8112.12,982.71,,,,42(O),0/0,consolidated,85
2018-10-01,N18000215,285,TRANMISSION SYSTEM ASSOCIATED WITH ALUSTENG (SRINAGAR)- DRASS- KARGIL-KHALSTI- LEH PROJECT,POWER,PGCIL,JAMMU AND KASHMIR,2014-01-01,2017-09-01,2018-09-01,1788.41,2333.71,1528.12,,,,,0/0,consolidated,85
2018-10-01,N18000177,286,NORTH KARANPURA STPP (3X660 MW),POWER,NTPC,JHARKHAND,2014-02-01,2019-02-01,2020-10-01,14366.58,15164.05,7673.86,,,2020-10-01,20(O),20/23,consolidated,85
2018-10-01,N18000225,287,PAKRI BARWADIH COAL MINING PROJECT,POWER,NTPC,JHARKHAND,2004-10-01,2017-10-01,2016-12-01,4237.96,4552,2922.12,,4552,,,0/0,consolidated,86
2018-10-01,N18000131,288,KUDGI STPP STAGE 1,POWER,NTPC,KARNATAKA,2012-01-01,2017-01-01,,15166.19,16934.65,15364,,,,,48/48,consolidated,86
2018-10-01,N18000263,289,TRANSMISSION SYSTEM FOR ULTRA MEGA SOLAR POWER AT TUMKUR (PAVAGADA) KARNATAKA PHASE-II (PART-B),POWER,PGCIL,KARNATAKA,2017-05-01,2019-02-01,2019-02-01,445.89,445.89,197.76,,,,0(O),0/0,consolidated,86
2018-10-01,N18000151,290,GADARWARA SUPER THERMAL POWER PROJECT STAGE-I,POWER,NTPC,MADHYA PRADESH,2013-03-01,2017-09-01,2019-06-01,11638.55,12865.92,9958.55,,,2019-06-01,21(O),34/41,consolidated,86
2018-10-01,N18000205,291,KHARGONE STPP STAGE I (1320 MW),POWER,NTPC,MADHYA PRADESH,2015-03-01,2019-09-01,2019-09-01,9870.51,11148.86,6135.72,,,,0(O),26/30,consolidated,86
2018-10-01,N18000206,292,TRANSMISSION SYSTEM FOR ULTRA MEGA SOLAR PARK (750 MW),POWER,PGCIL,MADHYA PRADESH,2016-01-01,2017-03-01,2018-11-01,305.04,305.04,215.81,,,2018-09-01,20(O),0/0,consolidated,86
2018-10-01,N18000221,293,S/S EXTENSION FOR TRANSMISSION SYSTEM ASSOCIATED WITH VINDHYACHAL-V PROJECT OF NTPC (PART B),POWER,PGCIL,MADHYA PRADESH,2016-04-01,2018-06-01,2018-12-01,287.99,287.99,161.82,,,,6(O),0/0,consolidated,86
2018-10-01,N18000252,294,AMELIA COAL MINE,POWER,THDCIL,MADHYA PRADESH,2017-01-01,2020-09-01,2020-09-01,2104.21,2104.21,64.89,,,,0(O),9/16,consolidated,86
2018-10-01,N18000256,295,TRANSMISSION SYSTEM STRENGTHENING ASSOCIATED WITH VINDHYACHAL V,POWER,PGCIL,MADHYA PRADESH,2015-02-01,2018-06-01,2018-12-01,1750,1750,1293.49,,,,6(O),0/0,consolidated,86
2018-10-01,N18000035,296,WESTERN REGION STRENGTHENING SCHEME-V,POWER,PGCIL,MAHARASHTRA,2007-12-01,2010-09-01,2018-12-01,477.69,738.48,669.46,,738.48,2018-12-01,99(O),5/8,consolidated,86
2018-10-01,N18000132,297,MOUDA STPP STAGE 2,POWER,NTPC,MAHARASHTRA,2012-03-01,2016-09-01,,7921.47,7921.47,5302,,,,,41/41,consolidated,86
2018-10-01,N18000133,298,SOLAPUR STPP,POWER,NTPC,MAHARASHTRA,2012-03-01,2016-11-01,2019-03-01,9395.18,9395.18,8911.13,,,2019-03-01,28(O),34/38,consolidated,86
2018-10-01,N18000061,299,TR. SYSTEM ASSOCIATED WITH MUNDRA ULTRA MEGA POWER PROJECT,POWER,PGCIL,MULTI STATE,2008-10-01,2012-10-01,2019-02-01,4824.12,5071.94,4538.37,,5071.94,2018-12-01,76(O),8/11,consolidated,86
2018-10-01,N18000066,300,NORTH- EAST NORTH WESTERN INTERCONNECTOR I PROJECT,POWER,PGCIL,MULTI STATE,2009-02-01,2013-08-01,2022-03-01,11130.19,13762.8,12714.2,,13762.8,2022-03-01,103(O),23/26,consolidated,86
2018-10-01,N18000080,301,TRANSMISSION SYSTEM ASSOCIATED WITH PALLATANA GBPP and BPTS.,POWER,PGCIL,MULTI STATE,2010-02-01,2012-12-01,2018-11-01,2144,2932.88,2654.96,,2932.88,2018-06-01,71(O),18/23,consolidated,86
2018-10-01,N18000100,302,EASTERN REGION STRENGTHENING SCHEME-III,POWER,PGCIL,MULTI STATE,2010-07-01,2012-11-01,2018-10-01,1272.8,1731.1,1461.65,,1731.1,2018-09-01,71(O),12/13,consolidated,86
2018-10-01,N18000109,303,SYTEM STRENGTHENING XIII OF SR GRID,POWER,PGCIL,MULTI STATE,2011-10-01,2014-06-01,2018-12-01,487.49,639.46,499.9,,639.46,2018-12-01,54(O),10/12,consolidated,86
2018-10-01,N18000115,304,SYTEM STRENGTHENING OF SOUTHERN REGION - XIV,POWER,PGCIL,MULTI STATE,2011-12-01,2014-08-01,2018-12-01,297.33,534.02,426.98,,534.02,2018-09-01,52(O),8/10,consolidated,86
2018-10-01,N18000144,305,COMMON SYS. ASSOCIATED WITH EAST COAST ENERGY PVT LTD AND NCC POWER PROJECTS LTD LTOA GEN PART- B,POWER,PGCIL,MULTI STATE,2013-03-01,2015-12-01,2018-11-01,2514.88,3190.27,2281.28,,3190.27,2018-06-01,35(O),15/18,consolidated,86
2018-10-01,N18000155,306,EASTERN REGION STRENGTHENING SCHEME-V,POWER,PGCIL,MULTI STATE,2013-10-01,2016-04-01,2018-12-01,1364.52,1891.41,1202.2,,1891.41,2018-12-01,32(O),8/12,consolidated,86
2018-10-01,N18000157,307,UNIFIED REAL TIME DYNAMIC STATE MEASUREMENT PHASE-I,POWER,PGCIL,MULTI STATE,2014-01-01,2016-04-01,2018-10-01,374.63,374.63,187.24,,,2017-12-01,30(O),0/0,consolidated,87
2018-10-01,N18000158,308,NORTHERN REGION SYSTEM STRENGTHENING SCHEME - XXX,POWER,PGCIL,MULTI STATE,2014-02-01,2016-06-01,2018-12-01,539.82,539.82,419.63,,,2018-09-01,30(O),9/11,consolidated,87
2018-10-01,N18000164,309,EASTERN REGION STRENGTHENING SCHEME-XII,POWER,PGCIL,MULTI STATE,2014-05-01,2016-11-01,2019-06-01,522.29,550.18,433.43,,550.18,2019-06-01,31(O),8/12,consolidated,87
2018-10-01,N18000165,310,AUGMENTATION OF TRANSFORMERS IN NORTHERN REGION - PART B,POWER,PGCIL,MULTI STATE,2014-03-01,2016-03-01,2018-11-01,155.57,206.42,145.22,,206.42,2018-09-01,32(O),4/6,consolidated,87
2018-10-01,N18000168,311,TRANSMISSION SYSTEM STRENGTHENING IN WR- NR TRANSMISSION CORRIDOR FOR IPPS IN CHHATTISGARH,POWER,PGCIL,MULTI STATE,2014-06-01,2018-03-01,2019-03-01,5151.37,5151.37,2716.4,,,2019-03-01,12(O),9/12,consolidated,87
2018-10-01,N18000171,312,EASTERN REGION STRENGTHENING SCHEME -IX,POWER,PGCIL,MULTI STATE,2014-02-01,2016-02-01,2018-11-01,196.58,225.28,148.92,,225.28,2018-09-01,33(O),16/17,consolidated,87
2018-10-01,N18000180,313,TRANSMISSION SYSTEM ASSOCIATED WITH KISHENGANAGA HEP,POWER,PGCIL,MULTI STATE,2015-01-01,2018-03-01,2018-11-01,268.8,340.88,229.4,,340.88,2018-09-01,8(O),1/3,consolidated,87
2018-10-01,N18000181,314,TRANSMISSION SYSTEM ASSOICATED WITH TEHRI PUMP STORAGE PLANT (PSP),POWER,PGCIL,MULTI STATE,2015-01-01,2017-10-01,2019-09-01,871.62,871.62,407.22,,,2019-09-01,23(O),0/5,consolidated,87
2018-10-01,N18000182,315,SYSTEM STRENGTHENING IN SOUTHERN REGION - XXIII,POWER,PGCIL,MULTI STATE,2015-01-01,2017-07-01,2019-06-01,203.28,260.03,181.16,,260.03,2019-06-01,23(O),3/5,consolidated,87
2018-10-01,N18000184,316,ESTABLISHMENT OF FIBER OPTIC COMMUNICATION SYSTEM IN NR UNDER FIBER OPTIC EXPANSION PROJECT (ADDITIO,POWER,PGCIL,MULTI STATE,2015-03-01,2018-03-01,2018-12-01,197.4,197.4,74.71,,,,9(O),0/0,consolidated,87
2018-10-01,N18000185,317,INSTALLATION OF STATCOMS IN WESTERN REGION,POWER,PGCIL,MULTI STATE,2015-03-01,2017-09-01,2018-11-01,1071.24,1071.24,630.56,,,2018-09-01,14(O),0/0,consolidated,87
2018-10-01,N18000196,318,GREEN ENERGY CORRIDORS INTER-STATE TRANSMISSION SCHEME -PART B,POWER,PGCIL,MULTI STATE,2015-04-01,2018-04-01,2018-12-01,3705.61,3705.61,2518.9,,,2018-09-01,8(O),5/9,consolidated,87
2018-10-01,N18000200,319,GREEN ENERGY CORRIDORS: INTER-STATE TRANSMISSION SCHEME (ISTS) - PART C,POWER,PGCIL,MULTI STATE,2015-07-01,2018-07-01,2018-12-01,2247.37,2247.37,1420.89,,,,5(O),0/0,consolidated,87
2018-10-01,N18000208,320,SYSTEM STRENGTHENING XXIV IN SOUTHERN REGION,POWER,PGCIL,MULTI STATE,2016-01-01,2018-07-01,2018-10-01,1455.47,1455.47,1028.69,,,,3(O),0/0,consolidated,87
2018-10-01,N18000213,321,TRANSMISSION SYSTEM STRENTHENNING IN INDIAN SYSTEM FOR TRANSFER OF POWER FROM MANGDECHHU HYDROELECTR,POWER,PGCIL,MULTI STATE,2016-03-01,2018-01-01,2019-03-01,808.63,808.63,332.96,,,2019-03-01,14(O),0/0,consolidated,87
2018-10-01,N18000217,322,EASTERN REGION STRENGTHENING SCHEME XI,POWER,PGCIL,MULTI STATE,2016-05-01,2018-11-01,2018-11-01,766.21,766.21,375.34,,,,0(O),0/0,consolidated,87
2018-10-01,N18000218,323,GREEN ENERGY CORRIDORS - INTER STATE TRANSSMISSION SCHEME PART-D,POWER,PGCIL,MULTI STATE,2016-05-01,2019-05-01,2019-05-01,3519.59,3519.59,1861.4,,,,0(O),0/0,consolidated,87
2018-10-01,N18000219,324,HVDC BIPOLE LINK BETWEEN WR (RAIGARH CHATTISGARH) AND SR (PUGALUR-NORTH TRICHUR-SCHEME-I: RAIGARH-P,POWER,PGCIL,MULTI STATE,2016-05-01,2019-11-01,2019-11-01,14733.37,14733.37,3710.05,,,,0(O),0/0,consolidated,87
2018-10-01,N18000224,325,EASTERN REGION STRENGTHENING SCHEME XIV,POWER,PGCIL,MULTI STATE,2016-05-01,2018-11-01,2018-11-01,167.01,167.01,97.53,,,,0(O),0/0,consolidated,87
2018-10-01,N18000229,326,WESTERN REGION STRENGTENING SCHEME-XVI,POWER,PGCIL,MULTI STATE,2016-07-01,2018-07-01,2018-10-01,150.99,150.99,88.66,,16,,3(O),0/0,consolidated,87
2018-10-01,N18000230,327,POWERGRID WORK ASSOCIATED WITH SYSTEM STRENGTHENING FOR IPP IN CHATTISGARH AND OTHER GEN. PROJECT IN,POWER,PGCIL,MULTI STATE,2016-07-01,2019-03-01,2019-03-01,333.17,333.17,250.73,,,,0(O),0/0,consolidated,88
2018-10-01,N18000231,328,PROVISION OF STATECOM AT NALAGARH AND LUCKNOW IN NORTHERN REGION,POWER,PGCIL,MULTI STATE,2016-08-01,2019-02-01,2019-02-01,431.89,431.89,191.76,,,,0(O),0/0,consolidated,88
2018-10-01,N18000232,329,PROVISION OF SERIES REACTORS IN NORTHERN REGION,POWER,PGCIL,MULTI STATE,2016-08-01,2019-02-01,2019-02-01,177.52,177.52,76.98,,,,0(O),0/0,consolidated,88
2018-10-01,N18000233,330,SOUTHERN REGION STRENGTHENING SCHEME-XXI,POWER,PGCIL,MULTI STATE,2016-09-01,2019-03-01,2019-03-01,562.25,562.25,26.4,,,,0(O),0/0,consolidated,88
2018-10-01,N18000236,331,INSTALLATION OF BUS REACTORS AT CUDDAPAH NELLORE KURNOOL RAICHUR AND TIRUVALAM SUB STATION,POWER,PGCIL,MULTI STATE,2017-03-01,2019-06-01,2019-06-01,251.6,251.6,79.31,,,,0(O),0/0,consolidated,88
2018-10-01,N18000238,332,S/S WORK ASSOCIATED WITH ADDITIONAL INTER REGIONAL AC LINK FOR IMPORT IN TO SOUTHERN REGION I.E WARO,POWER,PGCIL,MULTI STATE,2017-03-01,2019-11-01,2019-11-01,283.72,283.72,25.85,,,,0(O),0/0,consolidated,88
2018-10-01,N18000239,333,TRANSMISSION SYSTEM FOR ULTRA MEGA SOLAR POWER AT TUMKUR (PAVAGADA) KARNATAKA PHASE -II (PART II),POWER,PGCIL,MULTI STATE,2016-10-01,2019-01-01,2019-03-01,408.46,408.46,139.34,,,,2(O),0/0,consolidated,88
2018-10-01,N18000240,334,SUB STATION WORK ASSOCIATED WITH STRENGTHENING OF TRANSMISSION SYSTEM BEYOND VEMAGIRI,POWER,PGCIL,MULTI STATE,2016-10-01,2019-04-01,2019-04-01,608.24,608.24,354,,,,0(O),0/0,consolidated,88
2018-10-01,N18000241,335,WESTERN REGION STRENGTHENING SCHEME XVIII,POWER,PGCIL,MULTI STATE,2017-02-01,2020-02-01,2020-02-01,195.05,195.05,55.1,,,,0(O),0/0,consolidated,88
2018-10-01,N18000242,336,ESTABLISHMENT OF 220/66KV GIS AT UT CHANDIGARH ALONG WITH 220KV D/C LINE FROM CHANDIGARH GIS TO 400/,POWER,PGCIL,MULTI STATE,2017-02-01,2019-02-01,2019-02-01,322.3,322.3,103.28,,,,0(O),0/0,consolidated,88
2018-10-01,N18000243,337,PG WORK ASSOCIATED WITH TBCB LINES UNDER COMMON TRANSMISSION SYSTEM FOR PH -II GEN. PROJ. IN ODHISHA,POWER,PGCIL,MULTI STATE,2017-03-01,2019-03-01,2019-03-01,162.31,162.31,22.42,,,,0(O),0/0,consolidated,88
2018-10-01,N18000244,338,EASTERN REGION STRENTHENING SCHEME XVII( PART B),POWER,PGCIL,MULTI STATE,2017-02-01,2019-06-01,2019-06-01,235.53,235.53,20.09,,,,0(O),0/0,consolidated,88
2018-10-01,N18000245,339,SYSTEM STRENGTHENING SCHEME IN NORTH REGION XXXVII,POWER,PGCIL,MULTI STATE,2017-03-01,2019-12-01,2019-12-01,379.95,379.95,21.82,,,,0(O),0/0,consolidated,88
2018-10-01,N18000246,340,WESTERN REGION STRENGTHENING SCHEME XVII,POWER,PGCIL,MULTI STATE,2017-02-01,2019-09-01,2019-09-01,204.12,204.12,89.17,,,,0(O),0/0,consolidated,88
2018-10-01,N18000247,341,HVDC BIPOLE LINK BETWEEN WESTERN REGION (RAIGARH CHATTISGARH) AND SOUTHERN REGION (PUGALAR TM) NOR,POWER,PGCIL,MULTI STATE,2017-02-01,2020-04-01,2020-04-01,5070.13,5070.13,552.21,,,,0(O),0/0,consolidated,88
2018-10-01,N18000248,342,SYSTEM STRENGTHENING SCHEME IN NORTHERN REGION XXXVIII,POWER,PGCIL,MULTI STATE,2017-03-01,2019-06-01,2019-06-01,337.75,337.75,16.1,,,,0(O),0/0,consolidated,88
2018-10-01,N18000249,343,COMPREHENSIVE SCHEME FOR THE STRENGHTENING OF THE TRANSMISSION AND DISTRIBUTION SYSTEM IN A P,POWER,PGCIL,MULTI STATE,2014-12-01,2018-12-01,2019-12-01,4754.42,9141.97,840.87,,,,12(O),0/0,consolidated,88
2018-10-01,N18000250,344,NORTH EASTERN REGION POWER SYSTEM IMPROVEMENT PROJECT (NERPSIP) FOR SIX (6) STATES,POWER,PGCIL,MULTI STATE,2014-12-01,2018-12-01,2019-12-01,5111.33,6652.57,802.18,,,,12(O),0/0,consolidated,89
2018-10-01,N18000253,345,TRANSMISSION SYSTEM ASSOCIATED WITH IPPS OF NAGAPATTINAM/ CUDDALORE AREA PACKAGE A,POWER,PGCIL,MULTI STATE,2015-03-01,2015-12-01,2018-11-01,955,1364,1225.8,,,,35(O),0/0,consolidated,89
2018-10-01,N18000257,346,STRENGTHENING OF TRANSMISSION SYSTEM BEYOND VEMAGIRI,POWER,PGCIL,MULTI STATE,2015-12-01,2019-04-01,2019-04-01,3654,3654,2659.53,,,,0(O),0/0,consolidated,89
2018-10-01,N18000258,347,EASTERN REGION STRENGTHENING SCHEME-XVIII,POWER,PGCIL,MULTI STATE,2017-03-01,2020-07-01,2020-07-01,3500,3500,530.14,,3500,,0(O),0/0,consolidated,89
2018-10-01,N18000264,348,HVDC BIPOLE LINK BETWEEN WR AND SR -NORTH TRICHUR - SCHEME -II AC SYSTEM STRENGTHENING AT PUGALUR EN,POWER,PGCIL,MULTI STATE,2017-08-01,2020-02-01,2020-02-01,1931.39,1931.39,321.99,,,,0(O),0/0,consolidated,89
2018-10-01,N18000267,349,400 KV D/C BAHARAMPUR (PG) - BHERAMERE (B'DESH) LINE CKT II (INDIA PORTION),POWER,PGCIL,MULTI STATE,2017-09-01,2019-09-01,2020-02-01,198.49,198.49,0.8,,,,5(O),0/0,consolidated,89
2018-10-01,N18000268,350,EASTERN REGION STRENGTHENING SCHEME XX,POWER,PGCIL,MULTI STATE,2017-11-01,2020-05-01,2020-05-01,358.83,358.83,0,,,,0(O),0/0,consolidated,89
2018-10-01,N18000270,351,400KV D/C TEESTA III - KISHANGANJ TRANSMISSIAN LINE (JV),POWER,PGCIL,MULTI STATE,2008-08-01,2013-02-01,2018-10-01,771,1624,1429.45,,1624,,68(O),0/0,consolidated,89
2018-10-01,N18000176,352,DARLIPALLI STPP STAGE-I (2X800 MW),POWER,NTPC,ODISHA,2014-02-01,2018-08-01,2019-06-01,12532.44,13740.53,8122.05,,,2019-06-01,10(O),27/37,consolidated,89
2018-10-01,N18000223,353,PG WORKS ASSOCIATED WITH COMMON TRANSMISSION SYSTEM FOR PHASE-II GENERATION PROJECT IN ODISHA,POWER,PGCIL,ODISHA,2016-04-01,2019-04-01,2019-04-01,844.64,844.64,303.7,,,,0(O),0/0,consolidated,89
2018-10-01,N18000201,354,TRANSMISSION SYSTEM ASSOCIATED WITH RAPP 7 and 8 - PART B,POWER,PGCIL,RAJASTHAN,2015-07-01,2017-11-01,2018-11-01,307.18,307.18,206.21,,,2018-10-01,12(O),0/0,consolidated,89
2018-10-01,N18000227,355,TRAMISSION SYSTEM FOR SOLAR PARK AT BHADLA RAJISTHAN,POWER,PGCIL,RAJASTHAN,2016-07-01,2019-01-01,2019-01-01,1429.38,1429.38,743.82,,,,0(O),0/0,consolidated,89
2018-10-01,180100258,356,KUNADANKULAM APP TRANS SYSTEM (PGCIL),POWER,PGCIL,TAMIL NADU,2005-05-01,2008-11-01,2018-12-01,1779.29,2534,2051.63,,2187.32,2018-09-01,121(O),20/22,consolidated,89
2018-10-01,N18000103,357,COMMON SYSTEM ASSOCIATED WITH COASTAL ENERGEN PRIVATE LIMITED AND IND-BARATH POWER(MADRAS) LIMITED L,POWER,PGCIL,TAMIL NADU,2011-09-01,2014-09-01,2018-10-01,1940.13,2702.65,2529.92,,2702.65,2018-09-01,49(O),11/13,consolidated,89
2018-10-01,N18000262,358,TRANSMISSION SYSTEM FOR EVACUTION OF POWER FROM NEYVELI LIGNITE CORP LTD TS - I (REPLACEMENT) IN NEY,POWER,PGCIL,TAMIL NADU,2017-05-01,2019-07-01,2019-07-01,186.17,186.17,50.27,,,,0(O),0/0,consolidated,89
2018-10-01,N18000212,359,TELANGANA SUPER THERMAL POWER PROJECT PHASE I,POWER,NTPC,TELANGANA,2016-01-01,2020-07-01,2020-10-01,10598.98,10598.98,2701.1,,,2020-10-01,3(O),19/20,consolidated,89
2018-10-01,N18000071,360,TRIPURA GAS BASED POWER PROJECT,POWER,NEEPCO,TRIPURA,2009-07-01,2013-07-01,,421.01,1078.31,963.23,,,,,26/26,consolidated,89
2018-10-01,N18000174,361,FGUTPP UNCHAHAR STAGE-IV (1X500 MW),POWER,NTPC,UTTAR PRADESH,2013-07-01,2016-12-01,,3363.12,3363.12,2244,,,,,28/28,consolidated,89
2018-10-01,N18000175,362,TANDA TPP STAGE-II (2X660 MW),POWER,NTPC,UTTAR PRADESH,2014-09-01,2019-03-01,2019-09-01,9188.98,9188.98,5195.95,,,2019-09-01,6(O),19/31,consolidated,89
2018-10-01,N18000189,363,DHUKWAN SMALL HYDRO PROJECT,POWER,THDCIL,UTTAR PRADESH,2011-05-01,2014-02-01,2019-03-01,195.42,294.6,210.24,,294.6,2018-02-01,61(O),6/8,consolidated,90
2018-10-01,N18000193,364,MUNPL-MEJA TPP - JV (2X660 MW),POWER,NTPC,UTTAR PRADESH,2012-04-01,2016-12-01,2019-08-01,9750.89,9750.89,8789,,,,32(O),31/34,consolidated,90
2018-10-01,N18000010,365,TEHRI PUMPED STORAGE PLANT(1000MW),POWER,THDCIL,UTTARAKHAND,2006-07-01,2016-02-01,2021-05-01,1657,4401.9,2659.89,,2978.86,2020-12-01,63(O),16/30,consolidated,90
2018-10-01,N18000014,366,TAPOVAN-VISHNUGAD HEP (4X130MW),POWER,NTPC,UTTARAKHAND,2006-11-01,2013-03-01,2020-12-01,2978.48,3846.3,3690.33,,,2020-12-01,93(O),6/15,consolidated,90
2018-10-01,N18000042,367,VISHNUGAD PIPALKOTI HYDRO ELECTRIC PROJECT,POWER,THDCIL,UTTARAKHAND,2008-08-01,2013-06-01,2021-12-01,2491.58,4105.3,1567.84,,,,102(O),9/13,consolidated,90
2018-10-01,N18000142,368,LATA-TAPOVAN HYDRO ELECTRIC POWER PROJECT 3X57 MW,POWER,NTPC,UTTARAKHAND,2012-07-01,2017-08-01,,1527,1801.07,151.99,,,,,0/15,consolidated,90
2018-10-01,N18000265,369,NAITWAR MORI HEP,POWER,SJVN,UTTARAKHAND,2017-10-01,2021-12-01,2021-12-01,648.33,648.33,122.68,,,,0(O),0/32,consolidated,90
2018-10-01,N18000178,370,RAMMAM-III HEPP (3X40 MW),POWER,NTPC,WEST BENGAL,2014-09-01,2019-09-01,2022-02-01,1381.84,1381.84,376.58,,,2022-02-01,29(O),5/9,consolidated,90
2018-10-01,N18000214,371,EASTERN REGION STRENGTHENNING SCHEME-XV,POWER,PGCIL,WEST BENGAL,2016-04-01,2018-04-01,2019-11-01,454.11,454.11,238.92,,,,19(O),0/0,consolidated,90
2018-10-01,N20000002,372,LOPMENT OF ADVANCED ULTRA SUPER CRITICAL TECHNOLOGIES IN THERMAL POWER PLANTS IN INDIA,HEAVY INDUSTRY,IGCAR,DELHI,2016-08-01,2016-08-01,2019-09-01,1554,1554,161.86,,,,37(O),0/0,consolidated,90
2018-10-01,N20000001,373,NATIONAL AUTOMOTIVE TESTING AND RD INFRASTRUCTURE PROJECT (NATRIP),HEAVY INDUSTRY,NATIS,MULTI STATE,2011-04-01,2011-09-01,,1718,3827.3,2289,,,,,0/25,consolidated,90
2018-10-01,N21000017,374,RESIDENTIAL COMPLEX AND OPD BLOCK AIIMS- MNAGLAGIRI GUNTUR ANDHRA PRADESH,HEALTH AND FAMILY WELFARE,HSCC,ANDHRA PRADESH,2017-08-01,2019-03-01,2019-03-01,272.19,272.19,76.88,,,,0(O),0/0,consolidated,90
2018-10-01,N21000020,375,HOSPITAL AND TEACHING- AIIMS GUNTUR,HEALTH AND FAMILY WELFARE,HSCC,ANDHRA PRADESH,2018-03-01,,,601.02,601.02,36.93,,,,,0/0,consolidated,90
2018-10-01,N21000007,376,LGBRIMH-TEZPUR ASSAM,HEALTH AND FAMILY WELFARE,HSCC,ASSAM,2012-07-01,2014-12-01,,175.57,175.57,113.5,,,,,0/0,consolidated,90
2018-10-01,N21000027,377,ALL INDIA INSTITUTE OF MEDICAL SCIENCE AT GUWAHATI ASSAM,HEALTH AND FAMILY WELFARE,HITES,ASSAM,2017-05-01,2021-05-01,2021-05-01,875,875,174,,,,0(O),0/0,consolidated,90
2018-10-01,N21000003,378,LHMC NEW DELHI-RE-DEVELOPMENT,HEALTH AND FAMILY WELFARE,HSCC,DELHI,2013-02-01,2013-11-01,,414.11,414.11,141,,,,,0/0,consolidated,90
2018-10-01,N21000008,379,AIIMS - MOTHER AND CHILD BLOCK,HEALTH AND FAMILY WELFARE,HSCC,DELHI,2013-12-01,2017-05-01,,204.44,204.44,237.8,,,,,0/2,consolidated,90
2018-10-01,N21000009,380,AIIMS - OPD(NEW),HEALTH AND FAMILY WELFARE,HSCC,DELHI,2014-08-01,2017-05-01,,293.65,293.65,237.86,,,,,0/5,consolidated,90
2018-10-01,N21000019,381,GERIATRICS BLOCK- AIIMS DLEHI,HEALTH AND FAMILY WELFARE,HSCC,DELHI,2017-12-01,,,156.56,156.56,22.59,,,,,0/0,consolidated,91
2018-10-01,N21000022,382,SUPER SPECIALITY BLOCK PMSSY GOA,HEALTH AND FAMILY WELFARE,HSCC,GOA,2018-01-01,,,249.01,249.01,17,,,,,0/0,consolidated,91
2018-10-01,N21000011,383,CONSTRUCTION OF HOSPITAL AND OPD BLOCK NCI JHAJJAR,HEALTH AND FAMILY WELFARE,HSCC,HARYANA,2014-09-01,2018-03-01,,505.58,523,355,,,,,0/2,consolidated,91
2018-10-01,N21000014,384,NCI AIIMS JHAJJAR RESIDENTIAL HARYANA,HEALTH AND FAMILY WELFARE,HSCC,HARYANA,2016-07-01,2018-08-01,,312.99,322,469,,,,,0/1,consolidated,91
2018-10-01,N21000016,385,RESIDENTIAL COMPLEX AND OPD BLOCK AIIMS NAGPUR MAHARASTRA,HEALTH AND FAMILY WELFARE,HSCC,MAHARASHTRA,2017-08-01,2019-03-01,2019-03-01,274.19,274.19,122.66,,,,0(O),0/0,consolidated,91
2018-10-01,N21000023,386,HOSPITAL AND TEACHING- AIIMS NAGPUR,HEALTH AND FAMILY WELFARE,HSCC,MAHARASHTRA,2018-03-01,,,582.99,582.99,4.8,,,,,0/0,consolidated,91
2018-10-01,N21000013,387,NEIGRIHMS SHILLONG MEGHALYA,HEALTH AND FAMILY WELFARE,HSCC,MEGHALAYA,2016-10-01,2018-05-01,2019-08-01,363.99,363.99,71,,,,15(O),0/0,consolidated,91
2018-10-01,N21000012,388,SATELLITE CENTRE PGI CHANDIGARH SANGRUR PUNJAB,HEALTH AND FAMILY WELFARE,HSCC,PUNJAB,2016-07-01,2018-02-01,2018-12-01,152.95,152.95,58.52,,,,10(O),0/1,consolidated,91
2018-10-01,N21000026,389,ALL INDIA INSTITUTE OF MEDICAL SCIENCE AT BATHINDA PUNJAB,HEALTH AND FAMILY WELFARE,HITES,PUNJAB,2016-07-01,2020-06-01,2020-06-01,703,703,272,,,,0(O),0/0,consolidated,91
2018-10-01,N21000021,390,HOSPITAL AND MEDICAL COLLEGE AIIMS RAEBARELI,HEALTH AND FAMILY WELFARE,HSCC,UTTAR PRADESH,2018-03-01,,,268.84,268.84,18.5,,,,,0/0,consolidated,91
2018-10-01,N21000025,391,ALL INDIA INSTITUTE OF MEDICAL SCIENCE AT GORAKHPUR (U.P.),HEALTH AND FAMILY WELFARE,HITES,UTTAR PRADESH,2016-07-01,2020-04-01,2020-04-01,785,785,39.35,,,,0(O),0/0,consolidated,91
2018-10-01,N21000010,392,CONSTRUCTION OF HOSPITAL BLOCK IIT KHARAGPUR,HEALTH AND FAMILY WELFARE,HSCC,WEST BENGAL,2014-12-01,2017-05-01,,168.9,191.38,191.38,,,,,0/3,consolidated,91
2018-10-01,N21000015,393,CNCI KOLKATA WEST BENGAL,HEALTH AND FAMILY WELFARE,HSCC,WEST BENGAL,2016-08-01,2018-09-01,,244,244,214.62,,,,,0/0,consolidated,91
2018-10-01,N21000018,394,RESIDENTIALCOMPLEX AND OPD BLOCK AIIMS KALYANI WEST BENGAL,HEALTH AND FAMILY WELFARE,HSCC,WEST BENGAL,2017-08-01,2019-03-01,2019-03-01,355.15,355.15,71.5,,,,0(O),0/0,consolidated,91
2018-10-01,N21000024,395,HOSPITAL AND TEACHING- AIIMS KALYANI,HEALTH AND FAMILY WELFARE,HSCC,WEST BENGAL,2018-04-01,,,651.99,651.99,19.5,,,,,0/0,consolidated,91
2018-10-01,220100192,396,NANDYAL-YERRAGUNTLA(NL) SCR,RAILWAYS,SCR,ANDHRA PRADESH,1996-03-01,2009-02-01,2018-10-01,164.36,1050,999.64,,164.36,,116(O),0/0,consolidated,91
2018-10-01,220100265,397,KOTLPALLI-NARASAPUR (NL) (SCR),RAILWAYS,SCR,ANDHRA PRADESH,2001-12-01,2009-03-01,2023-03-01,1045.2,2120.16,289.91,,,2023-03-01,168(O),0/0,consolidated,91
2018-10-01,N22000049,398,OBULAVARIPALLE-KRISHNAPATNAM(RVNL),RAILWAYS,RVNL,ANDHRA PRADESH,2006-07-01,2008-03-01,2020-03-01,732.81,1850,1898.44,,,2008-06-01,144(O),0/0,consolidated,91
2018-10-01,N22000265,399,GUDUR-DURGARAJAPATNAM,RAILWAYS,SCR,ANDHRA PRADESH,2011-04-01,,,283.54,761.37,0.52,,,,,0/0,consolidated,91
2018-10-01,N22000282,400,CUMBUM-PRODDATUR,RAILWAYS,SCR,ANDHRA PRADESH,2013-04-01,,,829,1599.39,0.94,,,,,0/1,consolidated,91
2018-10-01,N22000286,401,NADIKUDE-SRI KALAHASTI,RAILWAYS,SCR,ANDHRA PRADESH,2011-04-01,2021-03-01,2022-03-01,2288.7,2288.7,375.28,,,2022-03-01,12(O),0/1,consolidated,92
2018-10-01,N22000313,402,VIJAYWADA-GUDUGOLANU-BHIMAVARAM- NARSAPUR DL (221 KM),RAILWAYS,RVNL,ANDHRA PRADESH,2012-03-01,2020-03-01,2022-03-01,1503.71,1503.71,872.53,,,,24(O),0/0,consolidated,92
2018-10-01,N22000366,403,DUVVADA-VIJAYAWADA,RAILWAYS,SCR,ANDHRA PRADESH,2015-04-01,,,3873.07,3873.07,0.07,,,,,0/0,consolidated,92
2018-10-01,N22000368,404,GUNTUR-GUNTAKAL,RAILWAYS,SCR,ANDHRA PRADESH,2016-04-01,2022-03-01,2023-03-01,3631,3631,124.49,,,2023-03-01,12(O),0/0,consolidated,92
2018-10-01,N22000369,405,VIJAYAWADA-GUDUR,RAILWAYS,RVNL,ANDHRA PRADESH,2015-04-01,2023-12-01,2023-12-01,3246.26,3548.67,185.41,,,,0(O),0/0,consolidated,92
2018-10-01,N22000377,406,KOTTAVALSA - KORAPUT DOUBLING,RAILWAYS,ECOR,ANDHRA PRADESH,2015-04-01,2022-03-01,2022-03-01,2499.71,2499.71,183.68,,2499.71,,0(O),0/0,consolidated,92
2018-10-01,N22000424,407,MULTI MODAL LOGISTICS PARK AT VISHAKHAPATNAM,RAILWAYS,CCOI,ANDHRA PRADESH,2013-01-01,2018-03-01,,387.7,387.7,323.91,,,,,0/0,consolidated,92
2018-10-01,N22000431,408,MULTI MODAL LOGISTICS PARK AT KAKINADA,RAILWAYS,CCOI,ANDHRA PRADESH,2016-08-01,2019-03-01,2020-12-01,234.5,235,2.98,,,,21(O),0/0,consolidated,92
2018-10-01,220100201,409,BPUTRA BRIDGE AT BOGIBIL AND LINK LINES NEFR,RAILWAYS,NFR,ASSAM,1997-09-01,2008-04-01,2018-06-01,3230.02,5820,5224.22,,4857,2011-12-01,,0/0,consolidated,92
2018-10-01,N22000086,410,NEW B.G. LINE FROM TETELIA TO BYRNIHAT (NATIONAL PROJECT) NEFR,RAILWAYS,NFR,ASSAM,2006-09-01,2019-03-01,2020-03-01,385.2,1532,538.17,,,,12(O),0/0,consolidated,92
2018-10-01,N22000210,411,AMBARI FALAKATA TO NEW MAYNAGURI,RAILWAYS,NFR,ASSAM,2011-04-01,2019-03-01,2019-03-01,314,551,595.01,,,,0(O),0/0,consolidated,92
2018-10-01,N22000211,412,LUMDING-HOJAI PATCH DOUBLING PROJECT,RAILWAYS,NFR,ASSAM,2012-04-01,2019-03-01,2019-03-01,246.07,398.93,264.69,,,,0(O),0/0,consolidated,92
2018-10-01,N22000388,413,BONGAIGAON-GOALPARA-GUWAHATI (176 KM),RAILWAYS,NFR,ASSAM,2015-04-01,2022-03-01,2020-03-01,2232.32,2182,193.12,,,,-24(O),0/0,consolidated,92
2018-10-01,N22000389,414,DIGARU-HOJAI (102 KM),RAILWAYS,NFR,ASSAM,2015-04-01,2021-03-01,2021-03-01,870.96,821,163.08,,,,0(O),0/0,consolidated,92
2018-10-01,220100240,415,JAYANAGAR-DARBHANGA-NARKATIA GANJ(GC) ECR,RAILWAYS,ECR,BIHAR,1997-04-01,2012-03-01,2020-03-01,324.73,1156.41,876.49,,335.77,,96(O),0/0,consolidated,92
2018-10-01,220100247,416,KATIHAR - JOGBANI (GC)(NEFR),RAILWAYS,NFR,BIHAR,2001-09-01,2010-12-01,,792.46,1320,928.5,,,,,0/0,consolidated,92
2018-10-01,220100257,417,KHAGARIA-KUSHESHWAR ASTHAN (NL) (ECR),RAILWAYS,ECR,BIHAR,1997-04-01,,2022-03-01,162.87,589.15,183.72,,,,,0/0,consolidated,92
2018-10-01,220100303,418,HAJIPUR-SUGAULI VIA VAISHALI (NL) ECR,RAILWAYS,ECR,BIHAR,2003-04-01,,2023-03-01,528.65,2066.77,330.82,,,,,0/0,consolidated,92
2018-10-01,220100304,419,KOSI BRIDGE (NL) ECR,RAILWAYS,ECR,BIHAR,2002-04-01,2012-03-01,2020-03-01,499.41,516.02,640.78,,,,96(O),0/0,consolidated,92
2018-10-01,220100311,420,DANIAWAN-BIHARSARIF (NL) ECR,RAILWAYS,ECR,BIHAR,2001-04-01,,,406.92,339,200,,,,,0/0,consolidated,92
2018-10-01,220100316,421,MAHARAJGANJ-MASRAKH (NL) - NER,RAILWAYS,NER,BIHAR,2003-04-01,2018-06-01,2018-06-01,218.19,413.56,363.21,,,,,0/0,consolidated,92
2018-10-01,N22000002,422,MANSI-PURNIA (EXTENSION OF MANSI-SAHARSA) GAN ECR,RAILWAYS,ECR,BIHAR,1996-04-01,2012-03-01,2020-03-01,477.88,749,495.4,,283.95,,96(O),0/0,consolidated,92
2018-10-01,N22000087,423,NEW B.G. LINE FROM ARARIA TO GALGALIA (THAKURGUNG) NEFR,RAILWAYS,NFR,BIHAR,2006-09-01,2019-03-01,2020-03-01,532.87,2145,928.89,,,,12(O),0/0,consolidated,92
2018-10-01,N22000101,424,KISHANGANJ JALALGARH NL NEFR,RAILWAYS,NFR,BIHAR,2008-04-01,,2020-03-01,333.76,360,4.11,,,,,0/0,consolidated,92
2018-10-01,N22000166,425,ARA-BHABHUA ROAD (NL),RAILWAYS,SER,BIHAR,2008-04-01,,,633.87,2396.88,0.39,,,,,0/0,consolidated,93
2018-10-01,N22000167,426,NAWADA-LAXMIPUR (NL),RAILWAYS,ECR,BIHAR,2008-04-01,,,620.57,2626.98,0,,,,,0/0,consolidated,93
2018-10-01,N22000168,427,GAYA-DALTONGANJ VIA RAFIGANJ (NL),RAILWAYS,ECOR,BIHAR,2008-04-01,,,445.25,2860.55,0,,,,,0/0,consolidated,93
2018-10-01,N22000170,428,BIHTA-AURANGABAD (NL),RAILWAYS,ECOR,BIHAR,2008-04-01,,,326.2,2995.01,1.68,,,,,0/0,consolidated,93
2018-10-01,N22000171,429,SAKRI-HASANPUR ROAD (NL),RAILWAYS,ECOR,BIHAR,1999-04-01,,2021-03-01,175.73,729.92,253.1,,,,,0/0,consolidated,93
2018-10-01,N22000172,430,CHHAPRA-MUZAFFARPUR (NL),RAILWAYS,ECOR,BIHAR,2006-04-01,,2022-03-01,285.07,2614.36,111.71,,,,,0/0,consolidated,93
2018-10-01,N22000173,431,DARBANGHA-KUSHESHWARSTHAN (NL),RAILWAYS,ECR,BIHAR,2005-04-01,,,205,205,5.21,,,,,0/0,consolidated,93
2018-10-01,N22000174,432,MOTIHARI-SITAMARHI (NL),RAILWAYS,ECR,BIHAR,2006-04-01,,,211,926.09,4.41,,,,,0/0,consolidated,93
2018-10-01,N22000175,433,SITAMARHI-JAYNAGAR-NIRMALI VIA SURSAND (NL),RAILWAYS,ECR,BIHAR,2008-04-01,,,678.62,2393.23,17.17,,,,,0/0,consolidated,93
2018-10-01,N22000176,434,MUZAFFARPUR-KATRA-ORAI-JANAKPUR ROAD (NL),RAILWAYS,ECR,BIHAR,2008-04-01,,,228.05,228.05,1.52,,,,,0/0,consolidated,93
2018-10-01,N22000177,435,ARARIA-SUPAUL (NL),RAILWAYS,ECR,BIHAR,2008-04-01,,2023-03-01,1605.17,1605.17,0.19,,,,,0/0,consolidated,93
2018-10-01,N22000178,436,KURSELA-BIHARIGANJ (NL),RAILWAYS,ECR,BIHAR,2008-04-01,,,192.56,192.56,0.38,,,,,0/0,consolidated,93
2018-10-01,N22000179,437,MUZAFFARPUR-DARBANGHA (NL),RAILWAYS,ECR,BIHAR,2008-04-01,,,281.3,281.3,0.58,,,,,0/0,consolidated,93
2018-10-01,N22000180,438,SAKRI-NIRMALI AND JHANJHARPUR- LAUKAHABAZAR AND SAHARSA-FORBESGANJ (GC),RAILWAYS,ECR,BIHAR,2004-04-01,,2021-03-01,372.14,1474.47,338.44,,,,,0/0,consolidated,93
2018-10-01,N22000181,439,JAYNAGAR-BIJALPURA INCLUDING EXTENSION BIJALPURA-BARDIBAS(NEPAL) GC,RAILWAYS,ECR,BIHAR,2009-04-01,2020-03-01,2020-03-01,548,785.87,40,,,,0(O),0/0,consolidated,93
2018-10-01,N22000182,440,HAJIPUR-RAMDAYALUNAGAR DOUBLING,RAILWAYS,ECR,BIHAR,2013-04-01,,,213.01,367.17,13,,,,,0/0,consolidated,93
2018-10-01,N22000329,441,SAMASTIPUR-DARBANGHA,RAILWAYS,ECR,BIHAR,2015-05-01,,,380,380,0,,,,,0/0,consolidated,93
2018-10-01,N22000349,442,KIUL - GAYA DOUBLING PROJECT,RAILWAYS,ECR,BIHAR,2015-12-01,2020-03-01,2021-10-01,1200.2,1200.2,0,,,,19(O),0/1,consolidated,93
2018-10-01,N22000350,443,RAMPUR DUMRA - TAL - RAJENDRAPUL DOUBLING INCLUDING GANGA BRIDGE,RAILWAYS,ECR,BIHAR,2015-12-01,2020-03-01,2021-10-01,1491.47,1491.47,0,,,,19(O),1/1,consolidated,93
2018-10-01,N22000374,444,MUZAFFARPUR-SITAMARHI NEW LINE,RAILWAYS,ECR,BIHAR,1991-01-01,2014-07-01,,332.15,559.91,538.21,,,,,0/0,consolidated,93
2018-10-01,N22000472,445,SAGAULI VALMIKINAGAR DOUBLING 109.7 KM,RAILWAYS,ECR,BIHAR,2016-04-01,2021-03-01,2022-03-01,744.04,1215.54,1.81,,,,12(O),0/0,consolidated,93
2018-10-01,N22000473,446,MUZAFFARPUR SAGAULI DOUBLING 100.60 KM,RAILWAYS,ECR,BIHAR,2016-04-01,2021-03-01,2022-03-01,731.64,1185.73,0,,,,12(O),0/0,consolidated,93
2018-10-01,N22000474,447,PATNA GANGA BRIDGE WITH LINKING LINES BETWEEN PATNA AND HAJIPUR (RAIL CUM ROAD BRIDGE) 19 KM,RAILWAYS,ECR,BIHAR,2001-11-01,2016-02-01,2021-03-01,624.47,3550,97.63,,,,61(O),0/0,consolidated,93
2018-10-01,N22000475,448,RAJGIR HISUA TILAIYA (46KM) INCL. MM NATESHWAR ISLAMPUR,RAILWAYS,ECR,BIHAR,1998-04-01,,2018-12-01,180.82,528.26,462.75,,22,,,0/0,consolidated,93
2018-10-01,N22000476,449,FATUHA-ISLAMPUR INCL. MM FOR EXTENSION OF NEW LINE FORM BIHARSHARIF-BARBIGHA DANIYAWAN-BIHARSHARIF,RAILWAYS,ECR,BIHAR,1991-04-01,,2021-12-01,329.39,566.41,759.2,,,,,0/0,consolidated,94
2018-10-01,220100149,450,DALLI-RAJHARA - RAOGHAT(PART OF DALLI- RAJHARA-JAGDALPUR) NL RVNL,RAILWAYS,RVNL,CHHATISGARH,1995-04-01,2012-12-01,2022-03-01,631.78,1195,637.63,,632,,111(O),0/0,consolidated,94
2018-10-01,N22000075,451,SALKA ROAD -ANUPNAGAR LINE DOUBLING,RAILWAYS,RVNL,CHHATISGARH,2006-09-01,2010-03-01,2019-12-01,383.54,555,567.75,,,,117(O),0/3,consolidated,94
2018-10-01,N22000318,452,KIRANDUL - JAGDALPUR DOUBLING,RAILWAYS,ECOR,CHHATISGARH,2012-12-01,2020-03-01,2020-03-01,1143.6,1160.83,571.51,,1160.83,,0(O),1/1,consolidated,94
2018-10-01,N22000411,453,RAIPUR - TITLAGARH - DOUBLING,RAILWAYS,RVNL,CHHATISGARH,2007-03-01,2020-03-01,2020-03-01,758.09,758.09,827.55,,,,0(O),0/0,consolidated,94
2018-10-01,N22000425,454,MULTI MODAL LOGISTICS PARK AT NAYA RAIPUR,RAILWAYS,CCOI,CHHATISGARH,2014-05-01,2018-03-01,2018-03-01,207,207,153.83,,,,,0/0,consolidated,94
2018-10-01,N22000482,455,KENDRI-DHAMTARI INCLUDING ABHANPUR-RAJIM,RAILWAYS,SECR,CHHATISGARH,2011-04-01,2022-03-01,2022-03-01,543,543,0,,,,0(O),0/0,consolidated,94
2018-10-01,N22000483,456,CHAMPA-JHARSUGUDA 3RD LINE,RAILWAYS,SECR,CHHATISGARH,2008-04-01,2019-12-01,2019-12-01,872,1279,0,,,,0(O),0/0,consolidated,94
2018-10-01,N22000484,457,JHARSUGUDA-BILASPUR 4TH LINE,RAILWAYS,SECR,CHHATISGARH,2015-04-01,2021-03-01,2021-03-01,1973,1973,78,,,,0(O),0/0,consolidated,94
2018-10-01,N22000488,458,GEVRA ROAD PENDRA ROAD,RAILWAYS,SECR,CHHATISGARH,2014-02-01,2022-03-01,2022-03-01,2288,4919,67,,,,0(O),0/0,consolidated,94
2018-10-01,N22000489,459,KHARSIA DHARAMJAIGARH WITH SPUR LINE EAST CORRIDOR-PHASE I,RAILWAYS,SECR,CHHATISGARH,2013-04-01,2018-09-01,,3055,3055,600,,,,,0/0,consolidated,94
2018-10-01,N22000269,460,GRADE SEPERATOR AT DAYABASTI,RAILWAYS,NR,DELHI,1999-04-01,,,156.65,197.17,56.1,,,,,0/0,consolidated,94
2018-10-01,N22000281,461,ANAND VIHAR-TILAK BRIDGE 3RD AND 4TH LINE,RAILWAYS,NR,DELHI,2012-04-01,,,295.68,295.68,1.2,,,,,0/0,consolidated,94
2018-10-01,N22000121,462,AHMEDABAD-HIMMATNAGAR-UDAIPUR (WR),RAILWAYS,WR,GUJARAT,2008-04-01,2020-03-01,2020-03-01,829.74,385.6,477.13,,416.86,2020-03-01,0(O),0/0,consolidated,94
2018-10-01,N22000123,463,BHUJ-NALIYA(GC) WITH EXTENSION FROM NALIYA TO VAYOR (WR),RAILWAYS,WR,GUJARAT,2008-04-01,2012-03-01,2019-03-01,318.24,321.62,83.53,,,,84(O),0/0,consolidated,94
2018-10-01,N22000125,464,BHAVNAGAR-WORKSHOP FACILITIES FOR 50 BG COACHES POH PER MONTH (WR),RAILWAYS,WR,GUJARAT,2006-04-01,2011-03-01,,117.36,203,202.29,,196.95,,,0/0,consolidated,94
2018-10-01,N22000140,465,AHMEDABAD-BOTAD (GC),RAILWAYS,RVNL,GUJARAT,2012-04-01,2021-12-01,2021-12-01,975.62,975.62,603.95,,,,0(O),0/0,consolidated,94
2018-10-01,N22000141,466,DHASA-JETALSAR (GC),RAILWAYS,RVNL,GUJARAT,2012-04-01,2021-03-01,2021-03-01,644.38,644.38,94.39,,,,0(O),0/0,consolidated,94
2018-10-01,N22000142,467,MIYAGAM-KARJAN-DABHOI-SAMLAYA (GC),RAILWAYS,WR,GUJARAT,2011-04-01,2022-03-01,2023-03-01,844.1,844.1,61.45,,,,12(R),0/0,consolidated,94
2018-10-01,N22000143,468,RAJKOT-VERAVAL WANSJALIA TO JATALSAR WITH NEW MM FOR SHAPUR-SARADIYA AND SOMNATH- KODINAR (GC),RAILWAYS,WR,GUJARAT,1994-04-01,2019-03-01,2022-03-01,320.66,858.96,549.56,,1378.12,2019-03-01,36(O),0/0,consolidated,94
2018-10-01,N22000144,469,PALANPUR-SAMAKHAYALI (DL),RAILWAYS,RVNL,GUJARAT,2013-04-01,2021-12-01,2021-12-01,1548.66,1548.66,744.99,,,,0(O),0/0,consolidated,94
2018-10-01,N22000146,470,VIRAMGAM-SURENDRANAGAR (DL),RAILWAYS,WR,GUJARAT,2010-04-01,,,279.4,355,334.93,,384.32,,,0/0,consolidated,94
2018-10-01,N22000392,471,SURENDRA NAGAR RAJKOT,RAILWAYS,WR,GUJARAT,2015-04-01,2021-03-01,2020-03-01,1002.39,1002.39,223.86,,23,2019-03-01,-12(O),0/0,consolidated,94
2018-10-01,N22000428,472,MULTI MODAL LOGISTICS PARK AT VARNAMA,RAILWAYS,CCOI,GUJARAT,2013-10-01,2019-03-01,2019-12-01,343,343,288.13,,,,9(O),0/0,consolidated,95
2018-10-01,N22000433,473,GANDHINAGAR REDEVELOPMENT OF STATION ALOGWITH CONSTRUCTION OF 300 ROOMS HOTEL ON AIR SPACE OF STATIO,RAILWAYS,WR,GUJARAT,2017-03-01,,,243.6,243.6,0,,,,,0/0,consolidated,95
2018-10-01,N22000436,474,VIRAR SURAT ROAD OVER BRIDGE IN LIEU OF LEVEL CROSSING NOS 60 64 66 68 69 71 74 75 77 81 AND 82 ALON,RAILWAYS,WR,GUJARAT,2012-03-01,,,248.26,248.26,0,,,,,0/0,consolidated,95
2018-10-01,N22000437,475,PALANPUR KHODIYAR ROAD OVER BRIDGE IN LIEU OF LEVEL CROSSING NOS 208 211C 214 AND 220,RAILWAYS,WR,GUJARAT,2012-03-01,,,153.83,153.83,0,,,,,0/0,consolidated,95
2018-10-01,N22000487,476,BHILDI-VIRAMGAM GAUGE CONVERSION INCLUDING GC OF MAHESANA-TARANGA HILL AS MATERIAL MODIFICATION,RAILWAYS,WR,GUJARAT,1991-02-01,2019-03-01,2019-03-01,551.51,551.51,257.05,,,,0(O),0/0,consolidated,95
2018-10-01,220100280,477,JIND-SONEPAT (NL) NR,RAILWAYS,NR,HARYANA,2004-01-01,2012-03-01,,238.56,740,722.65,,,,,0/0,consolidated,95
2018-10-01,N22000272,478,ROHTAK-MEHAM HANSI,RAILWAYS,NR,HARYANA,2012-04-01,2011-12-01,,287,625,4.38,,,,,0/0,consolidated,95
2018-10-01,N22000292,479,HISSAR-SIRSA VIA AGROHA AND FATEHABAD,RAILWAYS,NR,HARYANA,2013-04-01,,,400,400,0,,,,,0/0,consolidated,95
2018-10-01,N22000426,480,MULTI MODAL LOGISTICS PARK AT BARHI,RAILWAYS,CCOI,HARYANA,2015-12-01,2019-03-01,2019-03-01,346.32,300,245.37,,,,0(O),0/0,consolidated,95
2018-10-01,N22000273,481,BHANUPALI-BILASPUR BERI NL,RAILWAYS,RVNL,HIMACHAL PRADESH,2008-04-01,2026-12-01,2026-12-01,1046.88,7000,329.9,,,,0(O),0/0,consolidated,95
2018-10-01,220100133,482,UDHAMPUR-SRINAGAR-BARAMULLA (NL) NR,RAILWAYS,NR,JAMMU AND KASHMIR,1995-03-01,2002-11-01,2021-03-01,2500,27949,16834.42,,27949,2021-03-01,220(O),0/0,consolidated,95
2018-10-01,220100168,483,MANDARHILL-DUMKA-RAMPURHAT (NL) ER,RAILWAYS,ER,JHARKHAND,1995-04-01,2016-03-01,2020-03-01,1125.89,1125.89,899.49,,,2010-12-01,48(O),0/0,consolidated,95
2018-10-01,220100222,484,KODERMA-RANCHI VIA BARKAKANA (NL) ECR,RAILWAYS,ECR,JHARKHAND,1999-03-01,,2021-03-01,1033.07,3020.94,0,,,,,0/0,consolidated,95
2018-10-01,220100305,485,KODERMA-TILAIYA (NL) ECR,RAILWAYS,ECR,JHARKHAND,2002-04-01,,,459.91,459.91,221.54,,,,,0/0,consolidated,95
2018-10-01,N22000045,486,GOELKERA-MANOHARPUR (LD)(SER),RAILWAYS,RVNL,JHARKHAND,1997-03-01,2006-02-01,2018-12-01,261.7,388,389.61,,,,154(O),0/1,consolidated,95
2018-10-01,N22000115,487,TINPAHAR - SAHIBGANJ (ER),RAILWAYS,ER,JHARKHAND,2008-04-01,2012-03-01,,167.73,167.73,264.57,,,,,0/0,consolidated,95
2018-10-01,N22000164,488,DANGOAPOSI-RAJKHARSWAN 3RD LINE DOUBLING,RAILWAYS,SER,JHARKHAND,2010-04-01,2015-12-01,2018-12-01,309.44,525.81,492.22,,,2018-12-01,36(O),0/0,consolidated,95
2018-10-01,N22000165,489,MANOHARPUR-BONDAMUNDA 3RD LINE DOUBLING,RAILWAYS,SER,JHARKHAND,2012-04-01,2018-12-01,2018-12-01,258.2,365,180.36,,,,0(R),0/0,consolidated,95
2018-10-01,N22000323,490,RAJKHARSWAN- CHAKRADHARPUR 3RD LINE (20 KM) JHARKHAND,RAILWAYS,SER,JHARKHAND,2012-04-01,2016-12-01,2018-12-01,148.77,377,151.91,,,2018-08-01,24(O),0/0,consolidated,95
2018-10-01,N22000396,491,BONDAMUNDA RANCHI DOUBLING,RAILWAYS,SER,JHARKHAND,2016-03-01,2021-03-01,2021-03-01,1724.2,1724.2,175.49,,1724.2,2021-03-01,0(O),0/0,consolidated,95
2018-10-01,N22000465,492,GARHWA ROAD-RAMNA,RAILWAYS,ECR,JHARKHAND,2015-03-01,2021-03-01,2020-12-01,348.23,348.23,96.92,,,,-3(O),0/0,consolidated,95
2018-10-01,220100193,493,HUBLI-ANKOLA(NL) SWR,RAILWAYS,SWR,KARNATAKA,1997-04-01,2001-03-01,2024-12-01,2315,2135,142.76,,,2024-12-01,285(O),0/0,consolidated,95
2018-10-01,220100274,494,BANGLORE - SATYAMANGALAM (NL)(SWR),RAILWAYS,SWR,KARNATAKA,1996-04-01,2002-03-01,2024-03-01,1382.78,1382.78,7.35,,1382.78,2024-03-01,264(O),0/0,consolidated,95
2018-10-01,N22000256,495,TUMKUR-CHITRADURGA-DAVENGERE NL,RAILWAYS,SWR,KARNATAKA,2011-04-01,2016-03-01,2023-12-01,1801.01,1801.01,12.47,,,2023-12-01,93(O),0/0,consolidated,96
2018-10-01,N22000257,496,MUNIRABAD (GINGERA) -RAICHUR NL,RAILWAYS,SWR,KARNATAKA,2007-04-01,,2023-12-01,179.65,1350.91,889.05,,1350.91,,,0/1,consolidated,96
2018-10-01,N22000258,497,BAGALKOT-KUDACHI NL,RAILWAYS,SWR,KARNATAKA,2010-04-01,2016-03-01,2023-12-01,986.3,986.3,284.21,,986.3,2023-12-01,93(O),0/1,consolidated,96
2018-10-01,N22000276,498,CHIKBALLA-PUR-PUTTTAPARTHY-SRI SATYA SAI NILAYAM NL,RAILWAYS,SWR,KARNATAKA,2013-04-01,2023-12-01,2023-12-01,558,692.43,0,,692.43,,0(R),0/0,consolidated,96
2018-10-01,N22000278,499,SHIMOGA-HARIHAR NL,RAILWAYS,SWR,KARNATAKA,2011-04-01,2016-03-01,2024-03-01,832.47,832.47,0.94,,,2024-03-01,96(O),0/0,consolidated,96
2018-10-01,N22000280,500,WHITE FIELD-KOLAR NL,RAILWAYS,SWR,KARNATAKA,2011-04-01,2023-12-01,2023-12-01,341.05,348.85,0.36,,,,0(R),0/0,consolidated,96
2018-10-01,N22000297,501,HOSPET-HUBLI-LONDA-VASCODAGAMA DL,RAILWAYS,RVNL,KARNATAKA,2010-04-01,2023-03-01,2023-03-01,2127,2127,1112,,,,0(O),0/1,consolidated,96
2018-10-01,N22000298,502,TORANAGALLU-RANJITPURA DL,RAILWAYS,SWR,KARNATAKA,2011-04-01,2023-12-01,2023-12-01,146.75,167.5,0.34,,167.5,,0(R),0/0,consolidated,96
2018-10-01,N22000299,503,GADAG-WADI NL,RAILWAYS,SWR,KARNATAKA,2013-04-01,2018-12-01,2024-12-01,2841.84,2841.84,27.32,,2841.84,2024-12-01,72(O),0/0,consolidated,96
2018-10-01,N22000300,504,CHIKBALLA-PUR-GOWRIBIDANUR NL,RAILWAYS,SWR,KARNATAKA,2013-04-01,2023-12-01,2023-12-01,327.25,367.77,0.31,,367.77,,0(R),0/0,consolidated,96
2018-10-01,N22000308,505,MARIKUPPAM - KUPPAM,RAILWAYS,SWR,KARNATAKA,2012-04-01,2016-03-01,2023-12-01,279.54,279.54,8.46,,279.54,2023-12-01,93(O),0/0,consolidated,96
2018-10-01,N22000325,506,HUBLI- CHIKJAJUR,RAILWAYS,SWR,KARNATAKA,2015-03-01,2020-03-01,2020-03-01,1156.94,1141,657.32,,1141,2020-03-01,0(O),0/5,consolidated,96
2018-10-01,N22000332,507,ARSIKERE-TUMKUR,RAILWAYS,SWR,KARNATAKA,2015-03-01,2020-03-01,2020-03-01,578,578,447.52,,578,2015-11-01,0(O),0/2,consolidated,96
2018-10-01,N22000486,508,KADUR CHIKMAGALUR SAKLESHPUR NEW LINE (93 KM),RAILWAYS,SWR,KARNATAKA,1996-03-01,2017-03-01,2020-03-01,644.78,889.52,433.22,,,,36(O),0/0,consolidated,96
2018-10-01,220100252,509,ANGAMALI-SABARIMALA (N.L.)(SR),RAILWAYS,SR,KERALA,1998-10-01,,,1566,2815.62,254.53,,1566,,,0/0,consolidated,96
2018-10-01,N22000191,510,KUMBALAM-TURAVUR,RAILWAYS,SR,KERALA,2011-04-01,,,252.96,252.96,8.5,,,,,0/0,consolidated,96
2018-10-01,N22000203,511,CHENGANNUR-CHINGAVANAM,RAILWAYS,SR,KERALA,2006-04-01,,,191.72,369.83,432.5,,342.85,,,0/0,consolidated,96
2018-10-01,N22000204,512,ERNAKULAM-KUMBALAM,RAILWAYS,SR,KERALA,2010-04-01,,,189.24,189.24,6.7,,,,,0/0,consolidated,96
2018-10-01,N22000399,513,TRIVANDRUM-KANYAKUMARI DOUBLING,RAILWAYS,SR,KERALA,2015-02-01,,,1431.9,1431.9,23.84,,,,,0/0,consolidated,96
2018-10-01,N22000400,514,TURAVUR-AMBALAPUZHA DOUBLING,RAILWAYS,SR,KERALA,2015-02-01,,,1000,828.5,0.08,,,,,0/0,consolidated,96
2018-10-01,N22000443,515,PALAKKAD - SETTING UP OF RAIL COACH FACTORY,RAILWAYS,SR,KERALA,2012-02-01,2016-03-01,,550,550,0,,,,,0/0,consolidated,96
2018-10-01,N22000454,516,MULANTURUTTI - KURUPPANTARA (24 KM) DOUBLING.,RAILWAYS,SR,KERALA,2005-02-01,2014-03-01,,241,241,294.63,,,,,0/0,consolidated,96
2018-10-01,220100314,517,RAMGANJMUNDI-BHOPAL (NL) WCR,RAILWAYS,WCR,MADHYA PRADESH,2001-04-01,2021-03-01,2021-03-01,424.6,2713.09,898.83,,727.13,,0(O),0/0,consolidated,96
2018-10-01,220100324,518,CHHINDWARA - NAGPUR (GC)(SECR),RAILWAYS,SECR,MADHYA PRADESH,2005-04-01,,,383.79,1101.16,194.91,,,,,0/0,consolidated,96
2018-10-01,N22000120,519,RATLAM-MHOW-KHANDWA-AKOLA (GC),RAILWAYS,WR,MADHYA PRADESH,2008-04-01,2022-03-01,2022-03-01,3503.69,1030.29,1052.94,,2473.4,2019-03-01,0(O),0/0,consolidated,96
2018-10-01,N22000351,520,KATNI - SINGRAULI DOUBLING PROJECT,RAILWAYS,WCR,MADHYA PRADESH,2015-12-01,2020-03-01,2021-10-01,1763.93,1763.93,0,,,,19(O),1/1,consolidated,97
2018-10-01,N22000414,521,BINA - KOTA DOUBLING WITH RE,RAILWAYS,RVNL,MADHYA PRADESH,2011-04-01,2020-12-01,2020-12-01,1485.85,1485.85,858.15,,,,0(O),0/0,consolidated,97
2018-10-01,N22000415,522,KATNI-BINA 3RD LINE (263 KM),RAILWAYS,WCR,MADHYA PRADESH,2016-06-01,2022-03-01,2022-03-01,2478.23,2478.23,112.07,,,,0(O),0/1,consolidated,97
2018-10-01,N22000416,523,KATNI GRADE SEPARATOR/BYE PASS,RAILWAYS,WCR,MADHYA PRADESH,2016-08-01,2022-03-01,2022-03-01,582.13,1260.61,0,,,,0(O),0/1,consolidated,97
2018-10-01,N22000427,524,MULTI MODAL LOGISTICS PARK AT TIHI,RAILWAYS,CCOI,MADHYA PRADESH,2015-12-01,2019-03-01,2019-08-01,174,174,137.7,,,,5(O),0/0,consolidated,97
2018-10-01,N22000438,525,CHHINDWARA NAINPUR MANDLA FORT GAUGE CONVERSION PROJECT,RAILWAYS,SECR,MADHYA PRADESH,2010-04-01,2019-02-01,2019-02-01,585.93,1420.39,104.1,,,,0(O),0/0,consolidated,97
2018-10-01,N22000481,526,CHHINDWARA-MANDLA FORT GC,RAILWAYS,SECR,MADHYA PRADESH,2011-03-01,2012-03-01,2020-03-01,556.54,1342.46,396,,,,96(O),0/0,consolidated,97
2018-10-01,N22000485,527,ANUPPUR-KATNI,RAILWAYS,SECR,MADHYA PRADESH,2015-04-01,2021-12-01,2021-12-01,1370,1370,101,,,,0(O),0/0,consolidated,97
2018-10-01,220100118,528,AMRAVATI-NARKHER NL(CR),RAILWAYS,CR,MAHARASHTRA,1994-06-01,1999-06-01,,663.01,858.96,715.21,,668.34,,,0/0,consolidated,97
2018-10-01,220100164,529,BELAPUR-SEAWOOD-URAN ELECTRIFIED DOUBLE LINE(MTP),RAILWAYS,MRTP,MAHARASHTRA,1996-03-01,2004-03-01,2020-03-01,495.44,1781.98,1323.52,,1781.98,,192(O),0/0,consolidated,97
2018-10-01,220100181,530,AHMEDNAGAR-PARLI VAIJNATH(NL) CR,RAILWAYS,CR,MAHARASHTRA,1997-02-01,2021-03-01,2021-03-01,2271.5,3712.5,1796.07,,2271.5,,0(O),0/0,consolidated,97
2018-10-01,N22000092,531,MUMBAI URBAN TRANSPORT PROJECT PHASE-II,RAILWAYS,MRTP,MAHARASHTRA,2008-04-01,2014-03-01,2019-03-01,5300,7986.04,2423.55,,,,60(O),0/0,consolidated,97
2018-10-01,N22000214,532,RUNNING OF 12 CAR TRAINS ON HARBOUR LINE,RAILWAYS,MRTP,MAHARASHTRA,2012-04-01,2016-04-01,,714.1,714.1,65.2,,,,,0/0,consolidated,97
2018-10-01,N22000231,533,WARDHA-NANDED MAHARASHTRA,RAILWAYS,CR,MAHARASHTRA,2008-04-01,2023-03-01,2023-03-01,3168.29,3168.29,941.82,,3168.29,,0(O),0/0,consolidated,97
2018-10-01,N22000233,534,KALYAN-KASARA 3RD LINE,RAILWAYS,CR,MAHARASHTRA,2011-04-01,2021-03-01,2021-03-01,792.89,792.89,269.45,,792.89,,0(O),0/0,consolidated,97
2018-10-01,N22000247,535,3RD LINE BETWEEN BHUSAWAL-JALGAON,RAILWAYS,CR,MAHARASHTRA,2011-04-01,2019-03-01,2019-03-01,184.06,298.7,236.75,,199.12,,0(O),0/0,consolidated,97
2018-10-01,N22000250,536,WARDHA-SEWAGRAM NGP 3RD LINE,RAILWAYS,CR,MAHARASHTRA,2012-04-01,2022-03-01,2022-03-01,540.02,540.02,150.42,,540.02,,0(O),0/0,consolidated,97
2018-10-01,N22000353,537,INDORE - MANMAD VIA MALEGAON (368 KM),RAILWAYS,CR,MAHARASHTRA,2016-02-01,2024-03-01,2024-03-01,9968,8857.98,0,,,,0(O),0/0,consolidated,97
2018-10-01,N22000354,538,PUNE-NASIK (265 KM),RAILWAYS,CR,MAHARASHTRA,2016-02-01,2024-03-01,2024-03-01,2425,5341.68,0,,,,0(O),0/0,consolidated,97
2018-10-01,N22000355,539,VAIBHAVWADI -KOLHAPUR (107 KM),RAILWAYS,CR,MAHARASHTRA,2016-02-01,2024-03-01,2024-03-01,2750,3438.51,0,,,,0(O),0/0,consolidated,97
2018-10-01,N22000356,540,WARDHA-BALHARSHAH - 3RD LINE (132 KM),RAILWAYS,CR,MAHARASHTRA,2015-02-01,2022-03-01,2022-03-01,1272.19,1272.19,118.61,,1272.19,,0(O),0/0,consolidated,97
2018-10-01,N22000358,541,ITARSI-NAGPUR (BAL.) - 3RD LINE (267 KM),RAILWAYS,CR,MAHARASHTRA,2015-02-01,2023-03-01,2023-03-01,2449.91,2449.91,80.96,,2449.91,,0(O),0/0,consolidated,97
2018-10-01,N22000359,542,PUNE-MIRAJ-LONDA (467 KM),RAILWAYS,CR,MAHARASHTRA,2015-02-01,2024-03-01,2024-03-01,3627.47,3627.47,296.57,,3627.47,,0(O),0/0,consolidated,97
2018-10-01,N22000360,543,DAUND - MANMAD (236 KM),RAILWAYS,CR,MAHARASHTRA,2016-02-01,2023-03-01,2023-03-01,1876,2081.27,1.06,,2081.27,,0(O),0/0,consolidated,97
2018-10-01,N22000361,544,MANMAD - JALGAON - 3RD LINE (160 KM),RAILWAYS,CR,MAHARASHTRA,2016-02-01,2022-03-01,2023-03-01,1035.16,1035.16,15.85,,1035.16,,12(O),0/0,consolidated,97
2018-10-01,N22000362,545,WARDHA - NAGPUR - 4TH LINE (76 KM),RAILWAYS,CR,MAHARASHTRA,2016-02-01,2022-03-01,2023-03-01,637.95,637.95,25.35,,637.95,,12(O),0/0,consolidated,98
2018-10-01,N22000407,546,DAUND-GULBARGA - DOUBLING (224.9 KM) AND PUNE-GUNTAKAL -ELECTRIFICATION (641.37 KM),RAILWAYS,RVNL,MAHARASHTRA,2009-03-01,2020-03-01,2020-03-01,1514.45,1750,1531.57,,,,0(O),0/0,consolidated,98
2018-10-01,N22000408,547,DIGHI PORT NEW LINE,RAILWAYS,RVNL,MAHARASHTRA,2015-04-01,2025-12-01,2025-03-01,723.78,723.78,0.22,,,,-9(O),0/0,consolidated,98
2018-10-01,N22000420,548,RAJNANDGAON - NAGPUR - 3RD LINE (SECR),RAILWAYS,SECR,MAHARASHTRA,2016-09-01,2023-03-01,2023-03-01,1908.51,2686.63,0,,1908,,0(O),0/0,consolidated,98
2018-10-01,N22000422,549,MULTI MODAL LOGISTICS TRANSPORT AT MIHAN,RAILWAYS,CCOI,MAHARASHTRA,2013-10-01,2019-03-01,2019-03-01,305,305,252.51,,,,0(O),0/0,consolidated,98
2018-10-01,N22000434,550,MUMBAI CENTRAL VIRAR VADODARA AHMEDABAAD TRAIN PROTECTION SYSTEM 500 RKM,RAILWAYS,WR,MAHARASHTRA,2010-03-01,,,265.88,265.88,0,,,,,0/0,consolidated,98
2018-10-01,N22000435,551,VIRAR SURAT ROAD OVER BRIDGE IN LIEU OF LEVEL CROSSING NOS 42 46A 48 52 55 102 106 108 130 AND 137 A,RAILWAYS,WR,MAHARASHTRA,2012-03-01,,,217.38,217.38,0,,,,,0/0,consolidated,98
2018-10-01,N22000480,552,WADSA-GADHCHIROLI NEW LINE (52.36 KM),RAILWAYS,SECR,MAHARASHTRA,2018-06-01,2021-12-01,2021-12-01,229,403,36.28,,,,0(O),0/0,consolidated,98
2018-10-01,220100288,553,JIRIBAM TO IMPHAL (TUPUI)(NL)(NEFR),RAILWAYS,NFR,MANIPUR,2003-04-01,2011-03-01,2020-03-01,4454.17,13809,7919.05,,,,108(O),0/0,consolidated,98
2018-10-01,N22000205,554,NEW BG LINE FROM BYRNIHAT TO SHILLONG,RAILWAYS,NFR,MEGHALAYA,2010-04-01,2021-03-01,2021-03-01,906.46,6000,259.43,,,,0(O),0/0,consolidated,98
2018-10-01,N22000100,555,BHAIRABI SAIRONG NL NEFR,RAILWAYS,NFR,MIZORAM,2008-04-01,2014-03-01,2020-12-01,2393.47,4968,2318.33,,2393.48,2020-12-01,81(O),0/0,consolidated,98
2018-10-01,220100007,556,GUNA-ETAWAH VIA SHIVPURI-GWALIOR -BHIND NL (NCR),RAILWAYS,NCR,MULTI STATE,1986-04-01,1994-03-01,,158.77,634.48,629.43,,274.56,,,0/0,consolidated,98
2018-10-01,220100151,557,CALICUT-MANGALORE (DL) (SR),RAILWAYS,SR,MULTI STATE,1996-02-01,,,240,579.37,537.3,,,,,0/0,consolidated,98
2018-10-01,220100186,558,GONDIA-JABALPUR(GC) (SECR),RAILWAYS,SECR,MULTI STATE,1997-02-01,2020-04-01,2020-04-01,511.86,1756,967.96,,,,0(O),0/0,consolidated,98
2018-10-01,220100188,559,NANGALDAM-TALWARA(NL) NR,RAILWAYS,NR,MULTI STATE,1981-03-01,2012-07-01,,450,2100,484.14,,,,,0/0,consolidated,98
2018-10-01,220100205,560,MUNEERABAD-MAHABOOBNAGAR(NL) SCR,RAILWAYS,SCR,MULTI STATE,1997-04-01,2000-03-01,2019-03-01,1723,645,725.63,,236.41,2019-03-01,228(O),0/0,consolidated,98
2018-10-01,220100232,561,LALITPUR-SATNA-REWA-SINGRULI NL (NCR),RAILWAYS,WCR,MULTI STATE,1998-09-01,2008-05-01,2023-03-01,247.66,6093.31,972.82,,,,178(O),0/4,consolidated,98
2018-10-01,220100256,562,KAPTANGANJ-THAWE-SIWAN-CHHAPRA GC (NER),RAILWAYS,NER,MULTI STATE,1999-04-01,,,744.71,1126.79,751.05,,,,,1/1,consolidated,98
2018-10-01,220100258,563,JALANDHAR-PATHANKOT-JAMMU-TAWI (LD) NR,RAILWAYS,NR,MULTI STATE,2002-03-01,2007-06-01,,625.3,876.1,841.57,,408.76,,,0/0,consolidated,98
2018-10-01,220100263,564,QUILON-TIRUNELVELI-TENKASI- VIRUDHUNAGAR(SR)(GC),RAILWAYS,SR,MULTI STATE,1998-03-01,,,280,1122,834.87,,,,,0/6,consolidated,98
2018-10-01,220100266,565,NEW MAYNAGURI TO JOGIGHOPA VIA CHANGRABANDHA (NL) NEFR,RAILWAYS,NFR,MULTI STATE,2000-04-01,2008-12-01,2019-03-01,1180.19,3040,3036.52,,,,123(O),0/0,consolidated,98
2018-10-01,220100273,566,DEOGHAR - SULTANGANJ (INL) ER,RAILWAYS,ER,MULTI STATE,2000-04-01,2013-02-01,2016-06-01,584.41,1005.23,1069.44,,,2012-12-01,,0/0,consolidated,98
2018-10-01,220100319,567,HATHUA-BHATNI (N L) (NER),RAILWAYS,NER,MULTI STATE,2005-04-01,2022-12-01,2019-05-01,230.03,770.08,274.34,,,,-43(O),0/0,consolidated,98
2018-10-01,N22000131,568,CHHITAUNI TAMKUHI ROAD KUSHINAGAR GOPALGANJ UP,RAILWAYS,NER,MULTI STATE,2007-03-01,2021-12-01,2019-12-01,243.78,895,97.82,,,,-24(O),0/0,consolidated,99
2018-10-01,N22000134,569,CHHAPRA-BALLIA UP,RAILWAYS,NER,MULTI STATE,2013-03-01,2019-01-01,2019-02-01,295,477.31,179.09,,,,1(O),0/0,consolidated,99
2018-10-01,N22000138,570,CHOTTAUDEPUR-DHAR(NL),RAILWAYS,WR,MULTI STATE,2007-04-01,2022-03-01,2022-03-01,1347.26,1347.26,604.8,,,2019-03-01,0(O),0/0,consolidated,99
2018-10-01,N22000139,571,DAHOD-INDORE VIA SARDARPUR JHABUA AND DHAR (NL),RAILWAYS,WR,MULTI STATE,2007-04-01,2022-03-01,2022-03-01,1640.04,1640.04,599.91,,,2019-03-01,0(O),0/0,consolidated,99
2018-10-01,N22000147,572,RATLAM-DUNGARPUR VIA BANSWARA (NL),RAILWAYS,NWR,MULTI STATE,2011-04-01,,,2082.75,2878.97,182.99,,,,,0/1,consolidated,99
2018-10-01,N22000148,573,GWALIOR-SEOPURKALA WITH EXTENSION TO KOTA (GC),RAILWAYS,NCR,MULTI STATE,2011-04-01,2022-03-01,2022-03-01,2912.96,3845.6,1.92,,,,0(O),0/0,consolidated,99
2018-10-01,N22000158,574,DHOLPUR-SIRMUTTRA WITH EXTENSION TO GANGAPURCITY AND MOHARI-TANTPUR AND TANPUR-BANSI PAHARPUR,RAILWAYS,NCR,MULTI STATE,2010-04-01,,2022-12-01,2030.5,2030.5,10.34,,,,,0/0,consolidated,99
2018-10-01,N22000160,575,DIGHA-JALESWAR INCLUDING MM FOR DIGHA-EGRA,RAILWAYS,SER,MULTI STATE,2010-04-01,2015-03-01,2024-03-01,651,1009,7.96,,,2024-03-01,108(O),0/0,consolidated,99
2018-10-01,N22000169,576,GAYA-CHATRA (NL),RAILWAYS,ECOR,MULTI STATE,2008-04-01,,,415.67,549.75,14.62,,,,,0/0,consolidated,99
2018-10-01,N22000183,577,NEW BONGAIGAON-RANGIA-KAMAKGHYA DOUBLING,RAILWAYS,NFR,MULTI STATE,2013-04-01,2019-03-01,2019-03-01,1798,1798,0,,,,0(O),0/0,consolidated,99
2018-10-01,N22000185,578,CHENNAI-CUDDALORE VIA MAMALLAPURAM,RAILWAYS,SR,MULTI STATE,2008-04-01,,,523.52,2350,2.27,,,,,0/0,consolidated,99
2018-10-01,N22000190,579,KURUPPANTHARA-CHINGAVANAM,RAILWAYS,SR,MULTI STATE,2007-04-01,,,270.14,457.08,317.14,,346.15,,,0/0,consolidated,99
2018-10-01,N22000206,580,NEW BG LINE FROM BALURGHAT TO HILLY NFR,RAILWAYS,NFR,MULTI STATE,2010-04-01,2020-03-01,2020-03-01,242.22,471,64.09,,,,0(O),0/0,consolidated,99
2018-10-01,N22000207,581,NEW BG LINE FROM JAGBANI TO BIRATNAGAR,RAILWAYS,NFR,MULTI STATE,2010-04-01,,,241.52,394.28,148.33,,,,,0/0,consolidated,99
2018-10-01,N22000208,582,MURKONGSELEK-PASIGHAT NL,RAILWAYS,NFR,MULTI STATE,2011-04-01,2020-03-01,2020-03-01,414.84,661,123.11,,,,0(O),0/0,consolidated,99
2018-10-01,N22000209,583,NEW JALPAIGURI SILIGURI NEW BONGAIGAON INCLUDING BR LINE AND MM CHALSA NAXAL RAJABHATKHOWA JAINTI,RAILWAYS,NFR,MULTI STATE,1999-04-01,,2018-03-01,819.23,1871,1082.01,,,,,0/0,consolidated,99
2018-10-01,N22000215,584,MADURAI-TUTICORIN VIA ARUPPUKKOTTAI,RAILWAYS,SR,MULTI STATE,2011-04-01,2019-03-01,2019-03-01,120.7,1800,108.53,,,,0(O),0/0,consolidated,99
2018-10-01,N22000216,585,LAKSHMIKANTAPUR-NAMKHANA SUBSEQUENTLY MM FOR NAMKHANA-CHANDRANAGAR KAKDWIP- BUDAKHALI AND CHANDRANAG,RAILWAYS,ER,MULTI STATE,1987-04-01,2006-03-01,,318.5,852.8,147.81,,,,,0/0,consolidated,99
2018-10-01,N22000217,586,SULTANGANJ-KATURIA VIA ASARGANJ TARAPUR AND BELHAR,RAILWAYS,ER,MULTI STATE,2007-04-01,,,23.56,1330.73,9.31,,,,,0/0,consolidated,99
2018-10-01,N22000218,587,HANSNABAD-HINGALGANJ NEW BG LINE,RAILWAYS,ER,MULTI STATE,2010-04-01,,,172.03,260.6,14.5,,,,,0/0,consolidated,99
2018-10-01,N22000219,588,PIRPAINTI-JASIDIH,RAILWAYS,ER,MULTI STATE,2013-04-01,2022-03-01,2022-03-01,915.98,2142.49,291.74,,,,0(O),0/0,consolidated,99
2018-10-01,N22000220,589,PLASSEY-JIAGANJ DOUBLING,RAILWAYS,ER,MULTI STATE,2011-04-01,2015-03-01,,248.07,234.41,148,,,,,0/0,consolidated,99
2018-10-01,N22000221,590,BANDEL-BOINCHI 3RD LINE,RAILWAYS,ER,MULTI STATE,2011-04-01,,,288.35,238.36,281.82,,28,,,0/0,consolidated,99
2018-10-01,N22000222,591,PIRPAINTI-BHAGALPUR,RAILWAYS,ER,MULTI STATE,2011-04-01,,,261.38,332.14,343.42,,,,,0/0,consolidated,100
2018-10-01,N22000224,592,KALINARAYANPUR-KRISHNANAGAR DOUBLING ALONGWITH KRISHNANAGAR - CHAPRA NEW LINE AND NAIHATI-RANAGHAT 3,RAILWAYS,ER,MULTI STATE,2001-04-01,2016-03-01,,563.51,1813.59,332.87,,,,,0/0,consolidated,100
2018-10-01,N22000225,593,CHINPAI-SAINTHIA DOUBLING MM FOR PRANTI- SURI CHOWRIGACHA-SAINTHIA VIA KANDI NL,RAILWAYS,ER,MULTI STATE,2005-04-01,2017-03-01,,236.21,1395.63,98.43,,,,,0/0,consolidated,100
2018-10-01,N22000227,594,KALINARAYANPUR-SHANTIPUR DOUBLING WITH NEW MM FOR RANAGHAT-DUTTAPHULIA NEW LINE,RAILWAYS,ER,MULTI STATE,2010-04-01,,,174.56,160.97,70.86,,,,,0/0,consolidated,100
2018-10-01,N22000228,595,SONDALIA-CHAMPAPUKUR DOUBLING WITH NEW MM FOR BIRA-CHAKIA NL,RAILWAYS,ER,MULTI STATE,2010-04-01,2016-03-01,2020-03-01,136.55,534.24,143.74,,,,48(O),0/0,consolidated,100
2018-10-01,N22000229,596,DANKUNI-CHANDANPUR 4TH LINE 1ST PHASE OF DANKUNI-SHAKTIGARH 4TH LINE WITH MM BARUIPARA FURFURA NL,RAILWAYS,ER,MULTI STATE,2010-04-01,2017-03-01,,365.17,528.34,99.67,,,,,0/0,consolidated,100
2018-10-01,N22000230,597,HOWRAH DIVISION- PLATFORM SHELTER (40 C CATEGORY STATIONS),RAILWAYS,ER,MULTI STATE,2010-04-01,2018-11-01,2018-11-01,157.94,157.94,50.5,,,,0(O),0/0,consolidated,100
2018-10-01,N22000234,598,BARIARPIUR-MANANPURVIA KHARAGPUER LACHIMPUR-BARAHAT,RAILWAYS,ER,MULTI STATE,2007-04-01,,,450.55,251.05,19.71,,,,,0/0,consolidated,100
2018-10-01,N22000235,599,TARAKESHWAR-MAGRA NEW BG LINE,RAILWAYS,ER,MULTI STATE,2010-04-01,,,365.17,365.67,1.76,,,,,0/0,consolidated,100
2018-10-01,N22000236,600,HANSDIHA-GODDA NL,RAILWAYS,ER,MULTI STATE,2011-04-01,2020-03-01,2020-03-01,542.18,693.9,310.26,,,,0(O),0/0,consolidated,100
2018-10-01,N22000237,601,SAINTHIA-TARAPITH 3RD LINE,RAILWAYS,ER,MULTI STATE,2011-04-01,,,193.44,186.64,166.25,,,,,0/0,consolidated,100
2018-10-01,N22000238,602,BOINCHI-SHAKTIGARH 3RD LINE,RAILWAYS,ER,MULTI STATE,2011-04-01,,,175.8,173.91,148.1,,,,,0/0,consolidated,100
2018-10-01,N22000239,603,PRINCEPGHAT-MAJERHAT DOUBLING OF CIRCULAR RAILWAY,RAILWAYS,ER,MULTI STATE,2011-04-01,2017-03-01,,299.6,269.6,1.12,,,,,0/0,consolidated,100
2018-10-01,N22000240,604,NEW ALIPUR TO AKRA MM FOR BUDGE BUDGE- PUJALI NL PUJALI-ULUBERIA(BIRSHIVPUR) AND PUJALI-BAHRAHAT NL,RAILWAYS,ER,MULTI STATE,2010-04-01,2005-03-01,,115.27,857.3,31.99,,,,,0/0,consolidated,100
2018-10-01,N22000241,605,SONARPUR-CANNING WITH NEW MM FOR KALIKAPUR-MINAKHAN VIA GHATAKPUR NL,RAILWAYS,ER,MULTI STATE,2000-04-01,,,297.47,153.02,52.1,,,,,0/0,consolidated,100
2018-10-01,N22000242,606,CHANDPARA-BANGAON DOUBLING WITH EXENSION TO CHANDBAZAR AND NEW MM FOR BONGAON- PORAMAHESHTALA AND CHA,RAILWAYS,ER,MULTI STATE,2003-04-01,,,337.96,186.89,69.96,,,,,0/0,consolidated,100
2018-10-01,N22000243,607,MAGRAHAT-DIAMOND HARBOUR WITH MM SANGRAMPUR-KRISHANCHANDPUR AND DIAMOND HATBOUR - BAHRAHAT-KULPI NL,RAILWAYS,ER,MULTI STATE,2009-04-01,2012-02-01,,278.66,1255.98,147.21,,,,,0/0,consolidated,100
2018-10-01,N22000245,608,KATWA-PATULI DOUBLING WITH NEW MM FOR AHMEDPUR-KATWA GC,RAILWAYS,ER,MULTI STATE,2010-04-01,2017-03-01,,423.66,720.59,529.28,,,,,0/0,consolidated,100
2018-10-01,N22000248,609,SANTOSHPUR-REMOUNT ROAD VIA GARDEN REACH- METIABRUZE,RAILWAYS,ER,MULTI STATE,2010-04-01,,,268.52,268.52,78.81,,,,,0/0,consolidated,101
2018-10-01,N22000249,610,HOWRAH-DEVELOPMENT OF STATION INCLUDING SEGRAGATION OF AARIVAL/DEPARTURE AND OTHER AMENITIES,RAILWAYS,ER,MULTI STATE,2011-04-01,,,166.89,166.89,246,,,,,0/0,consolidated,101
2018-10-01,N22000261,611,KAZIPET-VIJAYAWADA 3RD LINE WITH ELECTRIFICATION,RAILWAYS,SCR,MULTI STATE,2012-04-01,2023-03-01,2024-03-01,1856.95,2200,227.19,,1856.95,2024-03-01,12(O),0/0,consolidated,101
2018-10-01,N22000264,612,BHADRACHALAM-KOVVUR,RAILWAYS,SCR,MULTI STATE,2012-04-01,,,923.23,1787,2.46,,,,,0/1,consolidated,101
2018-10-01,N22000271,613,DELHI-SOHNA-NUH-FIROZPUR-JHIRKA-ALWAR,RAILWAYS,NR,MULTI STATE,2013-04-01,,,1239,1239,0,,,,,0/0,consolidated,101
2018-10-01,N22000274,614,DEOBAND (MUZAFFARNAGAR)- ROORKEE NL,RAILWAYS,NR,MULTI STATE,2007-04-01,,,336.91,336.91,143.18,,,,,0/0,consolidated,101
2018-10-01,N22000277,615,SRINIVASA-PURA-MADANAPALLI NL,RAILWAYS,SWR,MULTI STATE,2013-04-01,2023-12-01,2023-12-01,296,466.65,0,,,,0(R),0/0,consolidated,101
2018-10-01,N22000279,616,RAYADURGA-TUMKUR NL,RAILWAYS,RVNL,MULTI STATE,2007-04-01,,2022-03-01,970.34,2062.2,674.76,,,,,0/2,consolidated,101
2018-10-01,N22000287,617,BHADRACHALAM ROAD-SATTUPALLI,RAILWAYS,SCR,MULTI STATE,2010-04-01,2020-03-01,2020-03-01,704.31,704.31,119.69,,704.31,2020-03-01,0(O),0/1,consolidated,101
2018-10-01,N22000288,618,KADAPA-BANGALORE (NL) KADAPA-PENDLIMARRI PH-I,RAILWAYS,SCR,MULTI STATE,2008-04-01,2014-03-01,2023-03-01,2206.29,2132.77,216.07,,,2023-03-01,108(O),0/1,consolidated,101
2018-10-01,N22000290,619,AMBALA CANTT-DHAPPER PH-1 WITH NEW MM OF DHAPPER-CHANDIGARH,RAILWAYS,NR,MULTI STATE,2010-04-01,,,338.54,338.54,212.64,,,,,0/0,consolidated,101
2018-10-01,N22000291,620,JAKHAL-MANSA DOUBLING ON SPR SECTION,RAILWAYS,NR,MULTI STATE,2008-04-01,,,162.96,162.96,153.31,,,,,0/0,consolidated,101
2018-10-01,N22000293,621,YAMUNANAGAR-CHANDIGARH VIA SADHAURA NARAYANGARH,RAILWAYS,NR,MULTI STATE,2013-04-01,,,876,876,0,,,,,0/0,consolidated,101
2018-10-01,N22000296,622,CHANDIGARH-BADDI NL,RAILWAYS,NR,MULTI STATE,2007-04-01,,,328.14,1540,45.2,,,,,0/0,consolidated,101
2018-10-01,N22000301,623,MONIGRAM- NIMTITA,RAILWAYS,ER,MULTI STATE,2012-04-01,,,250.93,259.23,189.85,,,,,0/0,consolidated,101
2018-10-01,N22000305,624,MM FROM BURAMARA-CHAKULIA,RAILWAYS,SER,MULTI STATE,2008-04-01,2024-12-01,2024-12-01,466.48,1000,0.83,,,,0(R),0/0,consolidated,101
2018-10-01,N22000326,625,PHULERA - DIGANA DOUBLING,RAILWAYS,NWR,MULTI STATE,2015-05-01,2020-03-01,2020-03-01,600,685.99,3.51,,,,0(O),0/0,consolidated,101
2018-10-01,N22000327,626,MIRAJ-LONDA,RAILWAYS,SWR,MULTI STATE,2015-03-01,2021-03-01,2021-03-01,1830,1190.92,187.57,,1190.92,,0(R),0/0,consolidated,101
2018-10-01,N22000328,627,YELAHANKA-PENUKONDA,RAILWAYS,SWR,MULTI STATE,2015-05-01,2020-03-01,2020-03-01,860.43,860.43,484.6,,860.43,2020-03-01,0(O),0/0,consolidated,101
2018-10-01,N22000333,628,HOTGI-KUDGI-GADAG,RAILWAYS,SWR,MULTI STATE,2015-03-01,2019-03-01,2021-03-01,1614.59,1614.59,691.23,,1614.59,2021-03-01,24(O),0/0,consolidated,101
2018-10-01,N22000334,629,HAJIPUR - BACHAWARA,RAILWAYS,ECR,MULTI STATE,2015-05-01,2019-03-01,2020-03-01,678.54,678.54,0,,,,12(O),0/38,consolidated,101
2018-10-01,N22000346,630,EASTERN DEDICATED FREIGHT CORRIDOR PROJECT,RAILWAYS,DFCC,MULTI STATE,2006-10-01,,,11589,28181,0,,30357,,,0/0,consolidated,101
2018-10-01,N22000367,631,KAZIPET-BALHRSHA,RAILWAYS,SCR,MULTI STATE,2015-04-01,2021-03-01,2021-03-01,2063.03,2063.03,368.22,,,,0(O),0/0,consolidated,101
2018-10-01,N22000370,632,GOOTY-DHARMAVARAM-BANGLORE,RAILWAYS,RITES,MULTI STATE,2015-04-01,,,636.38,636.38,0,,30,,,0/0,consolidated,101
2018-10-01,N22000463,633,MUMBAI AHMEDABAD HIGH SPEED RAIL PROJECT,RAILWAYS,NHSRCL,MULTI STATE,2015-12-01,2023-12-01,2023-12-01,108000,108000,748.99,,,2023-12-01,0(O),0/0,consolidated,102
2018-10-01,N22000464,634,WESTERN DEDICATED FREIGHT CORRIDOR,RAILWAYS,DFCC,MULTI STATE,2007-11-01,2020-03-01,2020-03-01,16592,51101,22485,,51101,,0(O),0/0,consolidated,102
2018-10-01,N22000467,635,CHANDIGARH-BADDI,RAILWAYS,NR,MULTI STATE,2007-04-01,2023-03-01,2023-03-01,328.14,1540,229.95,,,,0(O),0/0,consolidated,102
2018-10-01,N22000492,636,JALANDHAR-PATHANKOT-JAMMU TAWI,RAILWAYS,NR,MULTI STATE,2002-03-01,2016-03-01,,625,845.58,0,,,,,0/0,consolidated,102
2018-10-01,N22000124,637,NEW LINE FROM DIMAPUR TO ZUBZA(KOHIMA) NATIONAL PROJECT (NEFR),RAILWAYS,NFR,NAGALAND,2006-04-01,2015-03-01,2021-10-01,2326.52,3000,655.38,,2446.57,2021-10-01,79(O),0/0,consolidated,102
2018-10-01,N22000196,638,DIMAPUR-TIZIT NL,RAILWAYS,NFR,NAGALAND,2013-04-01,2020-03-01,2020-03-01,4274,4274,0,,,,0(O),0/0,consolidated,102
2018-10-01,220100284,639,KHURDA ROAD-BOLANGIR(NL)ECOR,RAILWAYS,ECOR,ODISHA,1994-04-01,2009-03-01,2021-06-01,2923.13,3798.8,1123.73,,,,147(O),0/0,consolidated,102
2018-10-01,220100285,640,HARIDASPUR-PARADEEP(NL),RAILWAYS,RVNL,ODISHA,1996-04-01,2017-12-01,2019-06-01,1185.64,1844.47,1319.79,,,2009-09-01,18(O),0/0,consolidated,102
2018-10-01,220100325,641,SUKINDA ROAD - ANGUL (NL)(ECOR),RAILWAYS,RVNL,ODISHA,1998-04-01,2015-02-01,2021-12-01,1202.7,1202.7,631.11,,245,,82(O),0/0,consolidated,102
2018-10-01,220100327,642,KHURDA ROAD - BARANG 3RD LINE (DL) (ECOR),RAILWAYS,RVNL,ODISHA,2000-04-01,2009-03-01,2018-12-01,133.41,385,373.03,,207,2009-03-01,117(O),1/1,consolidated,102
2018-10-01,220100328,643,TALCHER-BIMALAGARH(NL)(ECOR),RAILWAYS,ECOR,ODISHA,2005-04-01,2021-06-01,2023-03-01,810.78,1928.07,574.98,,1928.07,,21(O),0/0,consolidated,102
2018-10-01,N22000162,644,CHAMPAJHARAN-BIMALGARH DOUBLING EXTENSION,RAILWAYS,SER,ODISHA,2010-04-01,2015-03-01,,149.9,230,54.96,,,,,0/0,consolidated,102
2018-10-01,N22000315,645,SAMBALPUR-TALCHER DOUBLING,RAILWAYS,ECOR,ODISHA,2011-03-01,2019-02-01,2021-03-01,1111.99,1539.28,756.16,,1539.28,,25(O),0/0,consolidated,102
2018-10-01,N22000316,646,BHADRAK - NERGUNDI 3RD LINE,RAILWAYS,ECOR,ODISHA,2013-03-01,2020-10-01,2021-03-01,810.28,843.04,79.1,,843.04,,5(O),0/0,consolidated,102
2018-10-01,N22000319,647,SAMBALPUR - ANGUL RLY. ELECTRIFICATION,RAILWAYS,ECOR,ODISHA,2012-03-01,2020-03-01,2020-03-01,155.81,238.03,180.78,,,,0(O),0/0,consolidated,102
2018-10-01,N22000376,648,JAGADALPUR-KORAPUT DOUBLING,RAILWAYS,ECOR,ODISHA,2015-04-01,2022-03-01,2022-03-01,1547.38,1547.38,189.4,,1547.38,,0(O),0/0,consolidated,102
2018-10-01,N22000379,649,KORAPUT - SINGAPUR ROAD DOUBLING,RAILWAYS,ECOR,ODISHA,2015-04-01,2022-03-01,2022-03-01,2361.74,2361.74,81.06,,2361.74,,0(O),0/0,consolidated,102
2018-10-01,N22000380,650,JARAPADA - BUDHAPANK WITH FLY OVER AT TALCHER ROAD 3RD AND 4TH LINE,RAILWAYS,ECOR,ODISHA,2015-04-01,2018-11-01,2021-03-01,701.61,810.02,85.91,,,,28(O),0/0,consolidated,102
2018-10-01,N22000381,651,BUDHAPANK - SALEGAON VIA RAJATGARH 3RD AND 4TH LINE.,RAILWAYS,ECOR,ODISHA,2015-04-01,2018-12-01,2021-03-01,1172.92,1172.92,238.96,,,,27(O),0/0,consolidated,102
2018-10-01,N22000395,652,ROURKELA JHARSUGUDA THIRD LINE 101 KM,RAILWAYS,SER,ODISHA,2015-11-01,2020-03-01,2020-06-01,969.83,969.83,360.65,,,2020-03-01,3(O),0/0,consolidated,102
2018-10-01,N22000398,653,RUPSA BANGRIPOSI 90 KM WITH MM FOR UPGRADATION FROM RUPSA BURAMARA AND EXTENSION OF LINE FRO,RAILWAYS,SER,ODISHA,1995-04-01,2021-12-01,2024-12-01,524.43,939,184.09,,,2024-12-01,36(O),0/0,consolidated,102
2018-10-01,N22000409,654,VIZIANAGARAM -SAMABALPUR 3RD LINE,RAILWAYS,RVNL,ODISHA,1991-01-01,2024-12-01,2024-12-01,2335.67,2335.67,256.9,,2335.67,,0(O),0/0,consolidated,102
2018-10-01,N22000410,655,SAMBALPUR - TITLAGARH - DOUBLING,RAILWAYS,RVNL,ODISHA,2006-03-01,2020-03-01,2020-03-01,948.04,970,929.24,,,,0(O),0/0,consolidated,102
2018-10-01,N22000412,656,BANASPANI- JAKHPURA - DOUBLING,RAILWAYS,RVNL,ODISHA,2009-03-01,2019-03-01,2021-03-01,942.95,942.95,881.81,,31,,24(O),0/0,consolidated,102
2018-10-01,N22000418,657,EXECUTION OF RAIL CONNECTIVITY PROJECT FOR COAL TRANSPORTATION IN ODISHA FOR MCRL,RAILWAYS,ECOR,ODISHA,2016-04-01,2020-03-01,2020-03-01,5200,5200,0,,,,0(O),0/0,consolidated,103
2018-10-01,N22000268,658,MANSA-BHATINDA PH-1 INCLUDING MM FOR RAMA MANDI(RAMAN)-MAUR MANDI VIA TALWANDI SABOO NL,RAILWAYS,NR,PUNJAB,2009-04-01,,,396.04,369,186.27,,,,,0/0,consolidated,103
2018-10-01,N22000295,659,QADIAN-BEAS,RAILWAYS,NR,PUNJAB,2011-04-01,,,205.22,205.22,3.18,,,,,0/0,consolidated,103
2018-10-01,220100184,660,DAUSA-GANGAPUR CITY(NL) NWR,RAILWAYS,NWR,RAJASTHAN,1997-02-01,2019-02-01,2019-02-01,410.08,795.01,444.95,,780.98,,0(O),0/0,consolidated,103
2018-10-01,N22000112,661,HIMMATNAGAR - UDAIPUR GAUGE CANVESSION (NWR),RAILWAYS,NWR,RAJASTHAN,2008-04-01,2015-03-01,2020-03-01,829.74,1216,702.84,,,,60(O),0/0,consolidated,103
2018-10-01,N22000113,662,JAIPUR - RINGUS - CHURU AND SIKAR - LOHARU GUAGE CONVERSION (NWR),RAILWAYS,NWR,RAJASTHAN,2008-04-01,2014-03-01,2019-03-01,653.19,1116,767.11,,,2019-03-01,60(O),0/0,consolidated,103
2018-10-01,N22000137,663,BANGURGRAM-GURIYA PATCH DOUBLING,RAILWAYS,NWR,RAJASTHAN,2012-04-01,2019-12-01,2019-06-01,246.08,348.55,121.59,,,,-6(O),0/0,consolidated,103
2018-10-01,N22000149,664,THIYAT HAMIRA-SANU,RAILWAYS,NWR,RAJASTHAN,2013-04-01,2018-10-01,2018-10-01,236.93,294.9,160.23,,,,0(O),0/0,consolidated,103
2018-10-01,N22000150,665,AJMER-KOTA (NASIRABAD-JAUNDRI),RAILWAYS,NWR,RAJASTHAN,2013-04-01,,,822,1099.54,0,,,,,0/1,consolidated,103
2018-10-01,N22000151,666,PUSHKAR-MERTA,RAILWAYS,NWR,RAJASTHAN,2013-04-01,,,323,432.22,0,,,,,0/0,consolidated,103
2018-10-01,N22000152,667,MAVLI JUNCTION-BARI SADRI MM OF AJMER- CHITTSURGARH-UDAIPUR,RAILWAYS,NWR,RAJASTHAN,2013-04-01,2020-03-01,2019-12-01,420.18,420.18,76.73,,295.02,,-3(O),0/0,consolidated,103
2018-10-01,N22000155,668,AJMER-BANGURGRAM,RAILWAYS,NWR,RAJASTHAN,2011-04-01,2019-11-01,2019-11-01,213.39,244.02,180.14,,,,0(O),0/0,consolidated,103
2018-10-01,N22000156,669,RANI-MARWAR JN. PATCH DOUBLING,RAILWAYS,NWR,RAJASTHAN,2012-04-01,2018-11-01,2018-12-01,288.97,346.35,288.06,,,,1(O),0/0,consolidated,103
2018-10-01,N22000157,670,ALWAR-BANDIKUI DOUBLING,RAILWAYS,NWR,RAJASTHAN,2013-04-01,2019-02-01,2019-02-01,242.09,349,258.55,,,,0(O),0/0,consolidated,103
2018-10-01,N22000330,671,AJMER(NASIRABAD)- SAWAI MADHOPUR (CHAUTH KA BARWARA) VIS TONK NL,RAILWAYS,NWR,RAJASTHAN,2015-05-01,,,873.71,1103.04,2.32,,,,,0/0,consolidated,103
2018-10-01,N22000421,672,MULTI MODAL LOGISTICS PARK AT KATHUWAS,RAILWAYS,CCOI,RAJASTHAN,2011-01-01,2018-03-01,2019-12-01,493.17,493.17,408.51,,,,21(O),0/0,consolidated,103
2018-10-01,N22000466,673,JODHPUR (RAI KA BAGH) - DEGANA DOUBLING (145 KM),RAILWAYS,NWR,RAJASTHAN,2018-08-01,2022-08-01,2022-08-01,808.85,808.85,0,,,,0(O),0/0,consolidated,103
2018-10-01,N22000102,674,SEVOK RANGPO NEFR,RAILWAYS,NFR,SIKKIM,2008-04-01,2015-12-01,2020-03-01,1339.48,4084.69,383.92,,,,51(O),0/0,consolidated,103
2018-10-01,220100191,675,KARUR-SALEM(NL) SR,RAILWAYS,SR,TAMIL NADU,1997-02-01,,,155.55,920,856.94,,,,,0/0,consolidated,103
2018-10-01,N22000028,676,EXTENSION OF MRTS FROM VELACHERY TO STN. THOMAS MTP,RAILWAYS,MRTP,TAMIL NADU,2006-04-01,2013-06-01,2019-03-01,495.74,734.01,438.72,,495.74,2019-03-01,69(O),1/4,consolidated,103
2018-10-01,N22000079,677,MAYLADUTHURAI-THIRUVARUR-KARAIKUDI-THIRU 'PONDI'-AGASTIYAMPALLI,RAILWAYS,SR,TAMIL NADU,2007-09-01,2019-02-01,2019-02-01,724.69,2072.5,1143,,,,0(O),0/0,consolidated,103
2018-10-01,N22000080,678,DINDIGUL-POLLACHI-PALGHAT-POLLACHI AND COIMBATORE,RAILWAYS,SR,TAMIL NADU,2006-09-01,,,343.17,1065,1049.68,,,,,0/0,consolidated,103
2018-10-01,N22000084,679,TINDIVANAM-GINGEE-TIRUVANNAMALAI (NL),RAILWAYS,SR,TAMIL NADU,2006-09-01,,,227.4,900,61.89,,32,,,0/0,consolidated,103
2018-10-01,N22000085,680,TIDIVANAM-NAGARI (NL),RAILWAYS,SR,TAMIL NADU,2006-09-01,,,582.83,2300,236.91,,,,,0/0,consolidated,104
2018-10-01,N22000184,681,ATTIPPATTU PUTTUR,RAILWAYS,SR,TAMIL NADU,2008-04-01,2019-02-01,2019-02-01,151.84,1105,3.34,,,,0(O),0/0,consolidated,104
2018-10-01,N22000186,682,SRIPERUMBUDUR-GUDUVANCHERY WITH SPUR TO IRUNGATTUKKOTTAI-AVADI-SRIPERUMBUDUR,RAILWAYS,SR,TAMIL NADU,2013-04-01,,,839,1500,0.61,,,,,0/0,consolidated,104
2018-10-01,N22000187,683,CUDDALORE-SALEM VIA VRIDDHACHALAM GC,RAILWAYS,SR,TAMIL NADU,1999-04-01,,,198.68,556.64,303.72,,,,,0/0,consolidated,104
2018-10-01,N22000188,684,CHENNAI BEACH-TAMBARAM-CHENGALPATTU SUBURBAN GC,RAILWAYS,SR,TAMIL NADU,1998-04-01,,,271.24,520,468.18,,,,,0/0,consolidated,104
2018-10-01,N22000199,685,ERODE-PALANI,RAILWAYS,SR,TAMIL NADU,2008-04-01,,,288.57,1140,1.63,,,,,0/0,consolidated,104
2018-10-01,N22000201,686,MADURAI-BODINAYAKKANUR,RAILWAYS,SR,TAMIL NADU,2008-04-01,,2020-03-01,164.41,450,76.98,,,,,0/0,consolidated,104
2018-10-01,N22000373,687,OMALUR-METTURDAM- DOUBLINGWITH ELCTRIFICATION 28.93KM,RAILWAYS,SR,TAMIL NADU,2013-10-01,2014-04-01,2020-03-01,187.26,231.67,5.87,,,,71(O),0/0,consolidated,104
2018-10-01,N22000439,688,MADURAI - RAMESWARAM (161 KM) GAUGE CONVERSION,RAILWAYS,SR,TAMIL NADU,1997-02-01,2015-03-01,,458.63,458.63,0.92,,,,,0/0,consolidated,104
2018-10-01,N22000440,689,TRICHY - MANAMADURAI (150 KM) GAUGE CONVERSION,RAILWAYS,SR,TAMIL NADU,2000-02-01,2014-03-01,,200.84,200.84,394.26,,,,,0/0,consolidated,104
2018-10-01,N22000441,690,THIRUMAILA - VELACHERY : MASS RAPID TRANSIT SYSTEM (PHASE II),RAILWAYS,SR,TAMIL NADU,1996-02-01,2005-03-01,,268.87,302.02,304.07,,,,,0/0,consolidated,104
2018-10-01,N22000444,691,ATTIPATTU - KORUKKUPETTAI : 3RD LINE (18 KM) DOUBLING,RAILWAYS,SR,TAMIL NADU,1999-02-01,2018-03-01,2018-03-01,257,257,0,,257,,,0/0,consolidated,104
2018-10-01,N22000445,692,TRANSMISSION LINE BETWEEN CHENNAI-HOWRAH ROUTE (1662 KM),RAILWAYS,SR,TAMIL NADU,2017-02-01,2024-03-01,2026-03-01,1567,1567,0,,,,24(O),0/0,consolidated,104
2018-10-01,N22000446,693,VILLUPURAM - KATPADI (161 KM) GAUGE CONVERSION,RAILWAYS,SR,TAMIL NADU,2005-02-01,2010-03-01,,600,645.54,671,,600,,,0/0,consolidated,104
2018-10-01,N22000449,694,MANIYACHI - NAGERCOIL (102 KM) DOUBLING,RAILWAYS,SR,TAMIL NADU,2015-02-01,2022-03-01,2022-03-01,1700,1700,0,,,,0(O),0/0,consolidated,104
2018-10-01,N22000450,695,MADURAI-DINDIGUL (INCL. AMBADUTURAI- KODAIKANNAL ROAD) (62.05 KM) DOUBLING,RAILWAYS,SR,TAMIL NADU,2003-02-01,2009-03-01,,199.55,330.32,2.12,,,,,0/0,consolidated,104
2018-10-01,N22000451,696,MADURAI - MANIYACHI - TUTICORIN (160 KM) DOUBLING,RAILWAYS,SR,TAMIL NADU,2015-02-01,2020-03-01,2020-03-01,760,1182.31,0,,,,0(O),0/0,consolidated,104
2018-10-01,N22000453,697,MANAMADURAI - VIRUDHUNAGAR (66.55 KM) GAUGE CONVERSION.,RAILWAYS,SR,TAMIL NADU,2006-02-01,2012-03-01,,208,208,3.58,,,,,0/0,consolidated,104
2018-10-01,220100106,698,PEDAPALLI-KARIMNAGAR-NIZAMABAD NL(SCR),RAILWAYS,SCR,TELANGANA,1994-12-01,2017-03-01,2017-03-01,124.43,1025,1021.82,,926.23,,,0/0,consolidated,104
2018-10-01,220100220,699,MACHERLA-NALGONDA(NL)(SCR),RAILWAYS,SCR,TELANGANA,1998-07-01,,,458.25,458.26,3.69,,,,,0/0,consolidated,104
2018-10-01,N22000032,700,MANOHARABAD-KOTHPALL NEW LINE(SCR),RAILWAYS,SCR,TELANGANA,2006-04-01,2010-03-01,2022-03-01,1160.48,1160.47,111.36,,,2022-03-01,144(O),0/1,consolidated,104
2018-10-01,N22000213,701,MULTI MODAL TRANSPORT SYSTEM(MMTS) PHASE- II HYDERABAD,RAILWAYS,RVNL,TELANGANA,2012-04-01,2016-03-01,2020-12-01,632.68,816.55,581.85,,,2017-03-01,57(O),0/0,consolidated,104
2018-10-01,N22000259,702,MANUGURU-RAMAGUNDAM,RAILWAYS,SCR,TELANGANA,2013-04-01,,,1112,2911.84,0.92,,2911.84,,,0/1,consolidated,104
2018-10-01,N22000364,703,KONDAPALLI-KOTHAGUDEM,RAILWAYS,SCR,TELANGANA,2013-04-01,,,616.08,616.08,0,,,,,0/1,consolidated,104
2018-10-01,N22000394,704,DOUBLING OF TRACK BETWEEN GOOTY AND DHARMAVARAM OF SOUTH CENTRAL RAILWAY,RAILWAYS,RITES,TELANGANA,2015-03-01,2021-03-01,2021-03-01,636.38,636.38,169.16,,,,0(O),3/3,consolidated,105
2018-10-01,N22000403,705,SECUNDERABAD-MAHABUBNAGAR DOUBLING,RAILWAYS,RVNL,TELANGANA,2015-04-01,2024-12-01,2024-12-01,773.94,773.94,203.7,,,,0(O),0/0,consolidated,105
2018-10-01,N22000432,706,MANMAD-PARBHANI-NANDED-SECUNDERABAD- GADWAL-DHONE- GUNTAKAL - TRAIN COLLISION AVOIDANCE SYSTEM (958 K,RAILWAYS,SCR,TELANGANA,2017-04-01,2022-03-01,2022-03-01,119.73,184.97,0,,185,,0(O),0/0,consolidated,105
2018-10-01,N22000099,707,AGARTALA SABROOM NL NEFR,RAILWAYS,NFR,TRIPURA,2008-04-01,2014-03-01,2019-03-01,1142,3374,3015.98,,1942,2019-12-01,60(O),0/0,consolidated,105
2018-10-01,N22000194,708,CONSTRUCTION OF NL FROM KUMARGHAT- AGARTALA,RAILWAYS,NFR,TRIPURA,1999-04-01,2007-03-01,2016-04-01,895,1733.2,1543.99,,4118,,,0/0,consolidated,105
2018-10-01,N22000195,709,AGARTALA-AKHAURA NL,RAILWAYS,NFR,TRIPURA,2012-04-01,2020-03-01,2022-10-01,569.63,650,0,,,,31(O),2/3,consolidated,105
2018-10-01,220100243,710,AGRA-ETAWAH VIA FATEHABAD AND BAH (NL) NCR,RAILWAYS,NCR,UTTAR PRADESH,1999-04-01,2009-12-01,,108,432.72,446.52,,,,,0/0,consolidated,105
2018-10-01,220100318,711,ETAWAH-MAINPURI (NL) NCR,RAILWAYS,NCR,UTTAR PRADESH,1997-04-01,2008-12-01,,120,245.39,210.67,,,,,0/0,consolidated,105
2018-10-01,N22000088,712,UTRATIA-ZAFRABAD NR (LINE DOUBLING),RAILWAYS,NR,UTTAR PRADESH,2006-04-01,2010-03-01,,369.9,1581.53,618.19,,,,,0/0,consolidated,105
2018-10-01,N22000094,713,ELECTRIFICATION OF KHURJA-MEERUT- SAHARANPUR AND G'BAD-MEERUT,RAILWAYS,RE,UTTAR PRADESH,2008-02-01,2012-03-01,,171.1,275.08,141.55,,,,,0/0,consolidated,105
2018-10-01,N22000130,714,ANANDNAGAR GHUGHALI VIA MAHRAJGANJ UP,RAILWAYS,NER,UTTAR PRADESH,2013-03-01,,,307,308,0,,,,,0/0,consolidated,105
2018-10-01,N22000132,715,BHOJIPUR TANAKPUR VIA PILIBHIT,RAILWAYS,NER,UTTAR PRADESH,2008-03-01,,2018-03-01,195.64,435,447.2,,,,,0/0,consolidated,105
2018-10-01,N22000133,716,AUNRIHAR MANDUADIH GAZIPUR VARANASI UP,RAILWAYS,NER,UTTAR PRADESH,2012-03-01,2018-08-01,2018-08-01,199.75,270,264.54,,,,,0/0,consolidated,105
2018-10-01,N22000136,717,KAPILVASTU-BASTI VIA BANSI SIDHARTHNAGAR BASTI NAUGARH UP,RAILWAYS,NER,UTTAR PRADESH,2013-03-01,,,643,644,0,,,,,0/0,consolidated,105
2018-10-01,N22000267,718,MEERUT-MUZAFARNAGAR PATCH DL,RAILWAYS,NR,UTTAR PRADESH,2012-04-01,,,377.44,377.44,182.85,,,,,0/0,consolidated,105
2018-10-01,N22000270,719,FAIZABAD-LALGANJ VIA AKBARGANJ MAHARAJGANJ AND RAEBARELI,RAILWAYS,NR,UTTAR PRADESH,2013-04-01,,,654,654,0,,,,,0/0,consolidated,105
2018-10-01,N22000294,720,UNCHAHAR-AMETHI,RAILWAYS,NR,UTTAR PRADESH,2012-04-01,,,380,380,4.12,,,,,0/0,consolidated,105
2018-10-01,N22000321,721,GHAZIPUR - AUNRIHAR (40 KM),RAILWAYS,NER,UTTAR PRADESH,2014-04-01,,,182.92,197.73,0,,,,,0/0,consolidated,105
2018-10-01,N22000347,722,ROSA-SITAPUR CANTT-BURHWAL DOUBLING,RAILWAYS,NER,UTTAR PRADESH,2015-03-01,2022-03-01,2019-02-01,1295.42,1295.42,87.96,,,,-37(O),0/0,consolidated,105
2018-10-01,N22000372,723,MATHURA-PLWAL 4TH LINE (80KM),RAILWAYS,NCR,UTTAR PRADESH,2015-04-01,2020-03-01,2020-03-01,668.7,668,0,,668,,0(O),0/6,consolidated,105
2018-10-01,N22000401,724,VARANASI-MODHOSINGH-ALLAHABAD DOUBLING,RAILWAYS,RVNL,UTTAR PRADESH,2015-04-01,2022-03-01,2024-12-01,943.6,943.6,106.7,,,,33(O),0/0,consolidated,105
2018-10-01,N22000404,725,LUCKNOW- PILIBHIT VIA SITAPUR LAKHIMPUR GC,RAILWAYS,RVNL,UTTAR PRADESH,2011-04-01,2019-03-01,2020-03-01,927.01,977,950.67,,,,12(O),0/0,consolidated,105
2018-10-01,N22000405,726,MAU-GHAZIPUR-TARIGHAT NEW LINE,RAILWAYS,RVNL,UTTAR PRADESH,2015-04-01,2023-03-01,2024-12-01,1765.92,1765.92,228.15,,34,,21(O),0/0,consolidated,105
2018-10-01,N22000413,727,BHIMSEN - JHANSI DOUBLING WITH ELECTRIFICATION,RAILWAYS,RVNL,UTTAR PRADESH,2012-03-01,2020-12-01,2021-03-01,1183.25,1183.25,884.44,,,,3(O),0/0,consolidated,106
2018-10-01,N22000417,728,RAMNA - SINGRAULI DOUBLING,RAILWAYS,ECR,UTTAR PRADESH,2015-08-01,2020-03-01,2021-03-01,2436.21,2436.21,247.89,,,,12(O),0/0,consolidated,106
2018-10-01,N22000419,729,KARAILA ROAD - SHAKTINAGAR DOUBLING,RAILWAYS,ECR,UTTAR PRADESH,2015-08-01,2019-03-01,2019-12-01,528.57,528.57,10.15,,,,9(O),0/0,consolidated,106
2018-10-01,N22000455,730,GONDA - BAHRAICH (60 KIMS.) OF GONDA- BAHRAICH-SITAPUR-LUCKNOW,RAILWAYS,NER,UTTAR PRADESH,1997-04-01,1999-04-01,,233,318.42,333.07,,,,,0/0,consolidated,106
2018-10-01,N22000456,731,INDARA - DOHRIGHAT GAUGE CONVERSION.,RAILWAYS,NER,UTTAR PRADESH,2016-04-01,2016-04-01,2022-01-01,213,213.35,0.55,,,,69(O),0/0,consolidated,106
2018-10-01,N22000457,732,BAHRAICH - MAILANI GAUGE CONVERSION INCLUDING BY-PASS AT MAILANI.,RAILWAYS,NER,UTTAR PRADESH,2016-04-01,2022-01-01,2022-01-01,1900,1277.06,0,,,,0(O),0/0,consolidated,106
2018-10-01,N22000458,733,MANDHANA - BRAHMAWART NEW LINE PROJECT.,RAILWAYS,NER,UTTAR PRADESH,1997-04-01,1999-04-01,2018-12-01,609.04,1807.88,1797.16,,1063,,236(O),0/0,consolidated,106
2018-10-01,N22000459,734,NANPARA - NEPALGANJ GAUGE CONVERSION.,RAILWAYS,NER,UTTAR PRADESH,2017-04-01,2017-04-01,2022-10-01,150,150,0,,,,66(O),0/0,consolidated,106
2018-10-01,N22000460,735,PADRAUNA - KUSHINAGAR VIA GORAKHPUR - NEW LINE,RAILWAYS,NER,UTTAR PRADESH,2017-04-01,2018-01-01,,1343,1343,0,,,,,0/0,consolidated,106
2018-10-01,N22000461,736,PILIBHIT - SHAHJAHANPUR GAUGE CONVERSION,RAILWAYS,NER,UTTAR PRADESH,2017-04-01,2017-04-01,2022-10-01,622.5,426.74,16.84,,427,,66(O),0/0,consolidated,106
2018-10-01,N22000462,737,ETAH - KASGANJ - NEW LINE,RAILWAYS,NER,UTTAR PRADESH,2017-04-01,2017-04-01,2022-04-01,276.9,276.9,0,,,,60(O),0/0,consolidated,106
2018-10-01,N22000468,738,BURHWAL - GONDA - 3RD RUNNING LINE.,RAILWAYS,NER,UTTAR PRADESH,2016-04-01,,,602.5,714.34,0,,,,,0/0,consolidated,106
2018-10-01,N22000469,739,AUNRIHAR - JAUNPUR PATCH DOUBLING .,RAILWAYS,NER,UTTAR PRADESH,2016-04-01,2022-01-01,2022-01-01,600,366.71,0.45,,,,0(O),0/0,consolidated,106
2018-10-01,N22000470,740,SHAHGANJ-BHATNI-PHEPHNA-INDARA MAU- SHAHGANJ (EXCL. MAU-INDARA) PATCH DOUBLING.,RAILWAYS,NER,UTTAR PRADESH,2016-04-01,2014-03-01,2021-04-01,1177.96,1028.95,0.6,,,,85(O),0/0,consolidated,106
2018-10-01,220100317,741,KICHHA-KHATIMA (NL) - NER,RAILWAYS,NER,UTTARAKHAND,2003-04-01,,,142.45,228.4,0.15,,,,,0/0,consolidated,106
2018-10-01,N22000289,742,HARIDWAR-LAKSAR,RAILWAYS,NR,UTTARAKHAND,2012-04-01,,,219.83,346.63,38.33,,,,,0/0,consolidated,106
2018-10-01,N22000406,743,RISHIKESH - KARNAPRAYAG NEW LINE,RAILWAYS,RVNL,UTTARAKHAND,2011-04-01,2024-12-01,2026-03-01,16216,16216,925.54,,,,15(O),0/0,consolidated,106
2018-10-01,220100135,744,NEW BG RLY LINE FROM EKLAKHI-BALURGHAT INCLUDING GAZOLE-ITAHAR(NL) NEFR,RAILWAYS,NFR,WEST BENGAL,1983-04-01,2019-03-01,2020-03-01,297.32,614,267.93,,274.41,,12(O),0/0,consolidated,106
2018-10-01,220100208,745,HOWRAH-AMTA-CHAMPADANGA NL (SER),RAILWAYS,SER,WEST BENGAL,1974-04-01,2007-03-01,,393.46,1026,182.49,,154.3,2007-03-01,,0/0,consolidated,106
2018-10-01,220100268,746,TOLLYGANJ-GARIA WITH EXTENSION TO DUM DUM- NOAPARA AND NOAPARA-NSCB AIRPORT(MTP),RAILWAYS,MRTP,WEST BENGAL,2000-03-01,2006-12-01,,1049.69,3404.92,3544.3,,,,,0/0,consolidated,106
2018-10-01,220100272,747,TARAKESWAR - BISHNUPUR NEW BG LINE (NL) ER,RAILWAYS,ER,WEST BENGAL,2000-04-01,2019-03-01,2019-03-01,614.25,2532.49,841.36,,,2009-12-01,0(O),0/0,consolidated,106
2018-10-01,N22000091,748,BARDHAMAN-KATWA (GC),RAILWAYS,ER,WEST BENGAL,2007-04-01,2010-12-01,,501.78,1960.06,724.3,,,,,7/7,consolidated,106
2018-10-01,N22000097,749,TAMLUK DIGHA LINE DOUBLING (SER),RAILWAYS,SER,WEST BENGAL,1984-03-01,2005-06-01,,293.97,749.69,0,,35,,,0/0,consolidated,106
2018-10-01,N22000108,750,NEW WORK FOR CONSTRUCTION OF METRO RAILWAY FROM NOAPARA-BARASAI VIA BIMANBANDER (MTP),RAILWAYS,KMRCL,WEST BENGAL,2010-04-01,2016-03-01,,2397.72,2397.72,197.2,,,,,0/0,consolidated,107
2018-10-01,N22000109,751,NEW WORK FOR CONSTRUCTION OF METRO RAILWAY FROM BARANAGAR TO BARRACKPORE AND DAKSHINESHWAR (MTP),RAILWAYS,RVNL,WEST BENGAL,2010-04-01,2014-03-01,2025-12-01,2298.42,2733.86,40.13,,,,141(O),0/0,consolidated,107
2018-10-01,N22000110,752,NEW WORK FOR CONSTRUCTION OF METRO RAILWAY FROM NSCB AIRPORT TO NEW GARIA VIA RAJARHAT (MTP),RAILWAYS,RVNL,WEST BENGAL,2010-04-01,2016-03-01,2025-03-01,3951.98,4259.48,1830.93,,,,108(O),0/0,consolidated,107
2018-10-01,N22000111,753,NEW WORK FOR CONSTRUCTION OF METRO RAILWAY FROM JOKA TO BINOY BADAL DINESH BAGH.,RAILWAYS,RVNL,WEST BENGAL,2010-04-01,2016-03-01,2025-03-01,2913.51,2913.5,768.02,,4200,,108(O),0/0,consolidated,107
2018-10-01,N22000116,754,DAKSHIN-BARASAL-LAKSHMIKANTAPUR,RAILWAYS,ER,WEST BENGAL,2009-04-01,2012-02-01,,259.51,673.85,145.41,,,,,0/0,consolidated,107
2018-10-01,N22000117,755,GHUTIASHARIF-CANNING (ER),RAILWAYS,ER,WEST BENGAL,2009-04-01,2011-12-01,,193.08,683.88,148.63,,,,,0/0,consolidated,107
2018-10-01,N22000118,756,PANDABESWAR-CHINPAI DOUBLING (ER),RAILWAYS,ER,WEST BENGAL,2004-04-01,2010-12-01,,293.74,229.33,140.6,,,,,0/0,consolidated,107
2018-10-01,N22000119,757,BANDEL-NAIHATI NEW RAIL BRIDGE IN REPLACEMENT OF JUBILEE BRIDGE NO.8 (ER),RAILWAYS,ER,WEST BENGAL,1999-04-01,2012-12-01,,207.52,334.87,334.76,,,,,0/0,consolidated,107
2018-10-01,N22000135,758,EAST WEST METRO CORRIDOR FROM HOWRAH MAIDAN TO SALT LAKE,RAILWAYS,MRTP,WEST BENGAL,2013-03-01,2016-03-01,,4874.58,4874.58,1881.65,,,,,0/0,consolidated,107
2018-10-01,N22000159,759,BOWAICHANDI-ARAMBAGH,RAILWAYS,SER,WEST BENGAL,2010-04-01,2025-03-01,2025-03-01,267.37,620,40.77,,,,0(R),0/0,consolidated,107
2018-10-01,N22000161,760,BHADUTOLA-JHARGRAM VIA LALGARH (NL),RAILWAYS,SER,WEST BENGAL,2011-04-01,,,289.64,760,0.13,,,,,0/0,consolidated,107
2018-10-01,N22000193,761,NEW BG LINE FROM KALIYAGANJ TO BUNIADPUR,RAILWAYS,NFR,WEST BENGAL,2010-04-01,,2020-03-01,221.42,380,97.55,,,,,0/0,consolidated,107
2018-10-01,N22000198,762,NEW COOCHBEHAR-GUMANIHAT PATCH DOUBLING PROJECT,RAILWAYS,NFR,WEST BENGAL,2012-04-01,2019-03-01,2019-03-01,283.55,451,457.51,,,,0(O),0/0,consolidated,107
2018-10-01,N22000212,763,CIRCULAR RAILWAY INCLUDING REMOUNT ROAD TO SANTOSHPUR,RAILWAYS,MRTP,WEST BENGAL,2009-04-01,,,573.78,268.52,0.67,,,,,0/0,consolidated,107
2018-10-01,N22000302,764,BAZAR SAU -AZIMGANJ JN. DOUBLING,RAILWAYS,ER,WEST BENGAL,2012-04-01,,,255.64,272.2,82.49,,,,,0/0,consolidated,107
2018-10-01,N22000309,765,MM FROM PANSKURA-GHATAL NL,RAILWAYS,SER,WEST BENGAL,2011-04-01,2030-03-01,2030-03-01,276.69,426,0,,,,0(R),0/0,consolidated,107
2018-10-01,N22000390,766,NEW MAYNAGURI-GUMANIHAT-DOUBLING OF REMAINING PORTION (51.65 KM),RAILWAYS,NFR,WEST BENGAL,2016-04-01,2021-12-01,2020-03-01,602.27,612,18.38,,,,-21(O),0/0,consolidated,107
2018-10-01,N22000397,767,TAMLUK DIGHA 88.9 KM WITH MM DESHPRAN NANDIGRAM 18.5 KM MM KANTHI EGRA 26.2 KM NADAKUMAR BOLAI,RAILWAYS,SER,WEST BENGAL,1991-01-01,2021-12-01,2021-12-01,1013.45,1428,484.48,,1013.45,2021-12-01,0(O),0/0,consolidated,107
2018-10-01,N22000402,768,BANKURA DAMODAR VALLEY RLY LINE 96 KM GC WITH 6MMS FOR NL,RAILWAYS,SER,WEST BENGAL,1998-04-01,2003-03-01,2030-03-01,1027.4,2373,484.43,,1966.7,2030-03-01,324(O),0/0,consolidated,107
2018-10-01,N22000491,769,BANKURA DAMODAR VALLEY RIVER 96 KM WITH MM FOR EXTENSION OF NEW LINE FROM BOWAICHANDI KHANA 24.,RAILWAYS,SER,WEST BENGAL,1998-04-01,2022-03-01,2022-03-01,1027.4,2373,481.65,,,,0(O),0/0,consolidated,108
2018-10-01,N24000744,770,CONSTRUCTION OF MAJOR BRIDGE OVER MIDDLE STRAIT CREEK BETWEEN KM. 106.590 TO KM. 107.762 OF NH 223 (,ROAD TRANSPORT AND HIGHWAYS,NHIDCL,A & N ISLANDS,2015-03-01,2018-10-01,2018-10-01,262.97,262.97,0,,,,0(O),0/0,consolidated,108
2018-10-01,N24000745,771,2 LANE WITH HARD SHOLDER REHABILITATION AND UP GRADATION OF SECTION FROM KM 242.0 TO KM 298.0 OF N,ROAD TRANSPORT AND HIGHWAYS,NHIDCL,A & N ISLANDS,2017-03-01,2017-12-01,,409.85,409.85,0,,,,,0/4,consolidated,108
2018-10-01,N24000746,772,CONSTRUCTION OF MAJOR BRIDGE OVER HUMPHREY STRAIT CREEK BETWEEN KM. 129.420 TO KM. 130.600 OF NH 4 C,ROAD TRANSPORT AND HIGHWAYS,NHIDCL,A & N ISLANDS,2015-03-01,2017-04-01,,277.17,277.17,0,,,,,0/4,consolidated,108
2018-10-01,N24000748,773,REHABILITATION AND UP GRADATION OF SECTION FROM KM 107.760 TO KM 129.445 (AFTER MIDDLE STRAIT TO HUM,ROAD TRANSPORT AND HIGHWAYS,NHIDCL,A & N ISLANDS,2018-02-01,2018-10-01,2018-10-01,391,391,0,,,,0(O),0/4,consolidated,108
2018-10-01,N24000749,774,REHABILITATION AND UP GRADATION OF SECTION FROM KM 206.00 TO KM 242.00 (NIMBUTALA TO AUSTIN CREEK) O,ROAD TRANSPORT AND HIGHWAYS,NHIDCL,A & N ISLANDS,2018-03-01,2018-10-01,2018-10-01,234.27,234.27,0,,,,0(O),0/4,consolidated,108
2018-10-01,N24000820,775,RECONSTRUCTION WITH GEOMETRIC IMPROVEMENT OF EXISTING 2 LANE/INTERMEDIATE LANE TO 2LANE WITH PAVED S,ROAD TRANSPORT AND HIGHWAYS,MORTH,A & N ISLANDS,2017-11-01,2019-11-01,2019-11-01,257.34,238,0,,,,0(O),0/0,consolidated,108
2018-10-01,N24000821,776,RECONSTRUCTION WITH GEOMETRIC IMPROVEMENT OF EXISTING 2 LANE/INTERMEDIATE LANE TO 2LANE WITH PAVED S,ROAD TRANSPORT AND HIGHWAYS,MORTH,A & N ISLANDS,2017-11-01,2019-11-01,2019-11-01,257.34,238,0,,,,0(O),0/0,consolidated,108
2018-10-01,N24000145,777,CUDDAPAH-MYDUKUR-KURNOOL KM-167.750- 356.502 KM,ROAD TRANSPORT AND HIGHWAYS,NHAI,ANDHRA PRADESH,2010-11-01,2013-05-01,,1585,1585,2159.63,,,,,0/0,consolidated,108
2018-10-01,N24000178,778,TIRUPATI - TIRUTHANI - CHENNAI,ROAD TRANSPORT AND HIGHWAYS,NHAI,ANDHRA PRADESH,2011-04-01,2013-10-01,2018-12-01,571,571,582.52,,,,62(O),0/0,consolidated,108
2018-10-01,N24000183,779,SIX LANNING OF NELLORE-CHILKALURIPET KM.1182.802 TO KM.1366.547,ROAD TRANSPORT AND HIGHWAYS,NHAI,ANDHRA PRADESH,2011-11-01,2014-05-01,,1535,1535,2993.77,,,,,0/0,consolidated,108
2018-10-01,N24000262,780,REHABILITATION AND UP-GRADATION OF NH-221 (NEW NH-30) FROM KM 32.735 TO KM 71.200 (CHANDRAGUDEM TO A,ROAD TRANSPORT AND HIGHWAYS,DORTH,ANDHRA PRADESH,2014-12-01,2015-02-01,,201.12,201.12,0,,201,,,0/4,consolidated,108
2018-10-01,N24000263,781,REHABILITATION AND UPGRADATION OF NH -67 FROM KM 589/0 TO 641/0 (MYDUKUR TO DORNALA T-JUNCTION ),ROAD TRANSPORT AND HIGHWAYS,PWD,ANDHRA PRADESH,2015-02-01,2017-02-01,,241.61,241.61,7.71,,,,,0/1,consolidated,108
2018-10-01,N24000265,782,REHABILITATION AND UPGRADATION OF NH-67 FROM KM 695.000 TO KM 741.950 (ATMAKUR – NELLORE SECTION) IN,ROAD TRANSPORT AND HIGHWAYS,PWD,ANDHRA PRADESH,2014-11-01,2017-02-01,,297.78,330,0,,330,,,0/0,consolidated,109
2018-10-01,N24000266,783,REHABILITATION AND UPGRADATION FROM KM.425 400 TO 509 400 NH-565 OF PENCHALAKONA TO YERPEDU CONTRAC,ROAD TRANSPORT AND HIGHWAYS,PWD,ANDHRA PRADESH,2014-01-01,2014-07-01,,361.3,207.4,44.08,,,,,0/1,consolidated,109
2018-10-01,N24000267,784,REHABILITATION AND UPGRADATION OF NH-565 FROM KM 294.00 TO 361.327 (VAGGAMPALLE- DORNALA T-JUNCTION),ROAD TRANSPORT AND HIGHWAYS,PWD,ANDHRA PRADESH,2014-02-01,2014-07-01,,258.99,258.99,16.54,,,,,0/1,consolidated,109
2018-10-01,N24000268,785,REHABILITATION UPGRADATION OF NH-67 FROM KM 641.000 TO KM 695.000 (DORNALA T JUNCTION TO ATMAKUR SEC,ROAD TRANSPORT AND HIGHWAYS,PWD,ANDHRA PRADESH,2014-07-01,2015-02-01,,251.55,251.55,7.74,,,,,0/1,consolidated,109
2018-10-01,N24000269,786,REHABILITATION AND UPGRADATION OF NH -18 FROM KM 57/0 TO KM 108/850 PILERU TO RAYACHOTY SECTION TO T,ROAD TRANSPORT AND HIGHWAYS,PWD,ANDHRA PRADESH,2015-03-01,,,175.03,175,0,,,,,0/1,consolidated,109
2018-10-01,N24000272,787,REHABILITATION AND UPGRADATION OF NH-42 (OLD NO.205) FROM KM.134/0 TO 202/050 (MUDIGUBBA TO ANANTHAP,ROAD TRANSPORT AND HIGHWAYS,PWD,ANDHRA PRADESH,2015-02-01,,,266,266,0,,,,,0/4,consolidated,109
2018-10-01,N24000273,788,REHABILITATION AND UP-GRADATION OF NH-221 (NEW NH-30) FROM KM 0.0 TO 32.735(IBRAHIMAPATNAM TO CHANDR,ROAD TRANSPORT AND HIGHWAYS,MORTH,ANDHRA PRADESH,2015-07-01,,,314.43,314.43,0,,,,,0/0,consolidated,109
2018-10-01,N24000274,789,FOUR LANING OF 5.122 KM OF NH9 ( NEW NH 65) FROM KM 269.900 ( DESIGN CH0.0 ) TO KM 275-622( DESIGN C,ROAD TRANSPORT AND HIGHWAYS,PWD,ANDHRA PRADESH,2015-07-01,2015-12-01,,333.21,333.21,0,,333.21,,,0/2,consolidated,109
2018-10-01,N24000282,790,REHABILITATION AND UPGRADATION OF EXISTING NH-565 FROM KM.86.057 TO 133.922 OF NAGARJUNASAGAR DAM T,ROAD TRANSPORT AND HIGHWAYS,PWD,ANDHRA PRADESH,2014-01-01,2014-11-01,,195.45,195.45,0,,,,,0/4,consolidated,109
2018-10-01,N24000284,791,REHABILITATION AND UPGRADATION OF EXISTING NH-565 OF FROM KM.154.900 TO 198.694 OF DAVULAPALLY TO,ROAD TRANSPORT AND HIGHWAYS,PWD,ANDHRA PRADESH,2014-02-01,2014-11-01,,170.21,170.21,5.65,,,,,0/4,consolidated,109
2018-10-01,N24000293,792,REHABILITATION AND UP-GRADATION OF NH-214 (NEW NH-216) FROM KM 0.0 TO 26.150(KATHIPUDI TO START OF K,ROAD TRANSPORT AND HIGHWAYS,MORTH,ANDHRA PRADESH,2015-10-01,,,480.21,480.21,0,,,,,0/0,consolidated,109
2018-10-01,N24000299,793,REHABILITATION AND UPGRADATION OF EXISTING NH-167 FROM KM 70/000 TO KM 125-150,ROAD TRANSPORT AND HIGHWAYS,PWD,ANDHRA PRADESH,2015-02-01,2015-05-01,,224.83,224.83,0,,,,,2/4,consolidated,109
2018-10-01,N24000300,794,REHABILITATION AND UPGRADATION OF NH-42 FROM KM 4 to350 TO KM 75 to 600 TO TWO LANE WITH PAVE SOLDOU,ROAD TRANSPORT AND HIGHWAYS,PWD,ANDHRA PRADESH,2015-03-01,2015-09-01,,309.01,309.01,0,,,,,0/4,consolidated,109
2018-10-01,N24000301,795,REHABILITATION AND UPGRADATION OF NH-219 FROM KM 58-600 TO KM 140-750 IN THE STATE OF ANDHRA PRADES,ROAD TRANSPORT AND HIGHWAYS,PWD,ANDHRA PRADESH,2015-03-01,2015-10-01,,271.45,271.45,0,,,,,0/0,consolidated,109
2018-10-01,N24000302,796,FOUR LANING OF 5.122 KM OF NH9( NEW NH 65) FROM KM 269.900( DESIGN CH0.0 ),ROAD TRANSPORT AND HIGHWAYS,PWD,ANDHRA PRADESH,2015-07-01,2015-12-01,,333.21,333.21,0,,,,,0/0,consolidated,110
2018-10-01,N24000303,797,REHABILITATION AND UPGRADATION OF NH-565 FROM KM.198/694 TO 294/0 (MARKAPURAM TO VAGGAMPALLE SECTION,ROAD TRANSPORT AND HIGHWAYS,PWD,ANDHRA PRADESH,2014-02-01,2014-06-01,,417.61,417.61,0,,,,,0/2,consolidated,110
2018-10-01,N24000407,798,FOUR LANING OF 5.122 KM OF NH 9 (NEW NH 65) FROM KM 269/900 (DESIGN CH. 0/0) TO KM 275/022 (DESIGN C,ROAD TRANSPORT AND HIGHWAYS,PWD,ANDHRA PRADESH,2015-10-01,2015-11-01,,333.21,333.21,0,,,,,0/0,consolidated,110
2018-10-01,N24000416,799,REHABILITATION AND UPGRADATION OF NH-167 FROM KM 70,ROAD TRANSPORT AND HIGHWAYS,PWD,ANDHRA PRADESH,2015-02-01,2015-04-01,,224.83,224.83,0,,,,,0/0,consolidated,110
2018-10-01,N24000545,800,FOUR LANNING OF NH-9 FROM VIJAYWADA- MACHLIPATNAM (KM 0.000 TO 63.800),ROAD TRANSPORT AND HIGHWAYS,NHAI,ANDHRA PRADESH,2016-01-01,2018-11-01,2018-11-01,1134.97,1134.97,16.31,,,,0(O),0/0,consolidated,110
2018-10-01,N24000632,801,VIJAYAWADA-GUNDUGOLANU SECTION,ROAD TRANSPORT AND HIGHWAYS,NHAI,ANDHRA PRADESH,2014-09-01,2017-02-01,,1684,1684,54.13,,,,,0/0,consolidated,110
2018-10-01,N24000667,802,REHABILITATION AND UPGRADATION OF NH-4 FROM NALAGAMPALLI TO AP/KARNATAKA BORDER,ROAD TRANSPORT AND HIGHWAYS,NHAI,ANDHRA PRADESH,2017-03-01,2020-03-01,2020-03-01,648.32,503.1,15.1,,,,0(O),0/0,consolidated,110
2018-10-01,N24000668,803,SIX LANNING OF RANASTALAM-ANANDAPURAM SECTION OF NH-16 FROM KM 634.000 TO KM 681.000,ROAD TRANSPORT AND HIGHWAYS,NHAI,ANDHRA PRADESH,2017-03-01,2020-03-01,2020-05-01,1041.62,1187.1,5.37,,,,2(O),0/0,consolidated,110
2018-10-01,N24000700,804,FOUR LANNING OF AP/TN BORDER TO NALAGAMPALLI VILLAGE(KM 133.360 TO 172.00) OF NH-4 (NEW NH-40),ROAD TRANSPORT AND HIGHWAYS,NHAI,ANDHRA PRADESH,2017-06-01,2017-06-01,,648.33,648.33,0,,,,,0/0,consolidated,110
2018-10-01,N24000718,805,6-LANING OF EXISTING 2-LANE (I) NANDIGAMA BYPASS FROM KM 220.700 TO KM 226.600 (DESIGN CHAINAGE FROM,ROAD TRANSPORT AND HIGHWAYS,NHAI,ANDHRA PRADESH,2017-12-01,,,328.67,328.67,0,,,,,0/0,consolidated,110
2018-10-01,N24000719,806,SIX LANING OF NARASANNAPETA – RANASTALAM SECTION OF NH-16 (OLD NH-5) FROM DESIGN KM 580.671 (EXISTIN,ROAD TRANSPORT AND HIGHWAYS,NHAI,ANDHRA PRADESH,2017-12-01,,,1323.15,1323.15,0,,,,,0/0,consolidated,110
2018-10-01,N24000720,807,CAPACITY AUGMENTATION OF THE EXISTING 4 LANE STRETCH FROM ICHHAPURAM TO NARASANNAPETA IN THE STATE O,ROAD TRANSPORT AND HIGHWAYS,NHAI,ANDHRA PRADESH,2017-12-01,,,357,357,0,,,,,0/0,consolidated,110
2018-10-01,N24000799,808,SIX LANING OF ANANDAPURAM PENDURTHI ANAKAPALLI SECTION OF NH-5 NEW NH-16 FROM KM.681.000 EXISTING KM,ROAD TRANSPORT AND HIGHWAYS,NHAI,ANDHRA PRADESH,2018-02-01,,,1959,1959,0,,,,,0/0,consolidated,110
2018-10-01,N24000807,809,FOUR LANING OF GUNDUGOLANU-DEVARAPALLI- KOVVURU SECTION OF NH-16 FROM KM 15.320 (EXISTING KM 15.700),ROAD TRANSPORT AND HIGHWAYS,NHAI,ANDHRA PRADESH,2018-03-01,2021-03-01,2021-03-01,1532.62,1532.62,0,,,,0(O),0/0,consolidated,110
2018-10-01,N24000809,810,SIX LANING OF NH-140 FROM CHITTOR (DESIGN KM 0.000/EXISTING KM 158.000 OF NH-4) TO MALLAVARAM (DESIG,ROAD TRANSPORT AND HIGHWAYS,NHAI,ANDHRA PRADESH,2018-03-01,,,1550.98,1550.98,0,,,,,0/0,consolidated,110
2018-10-01,N24000810,811,REHABILITATION AND UPGRADATION OF GIDDALUR-VINUKONDA SECTION OF NH-544D FROM DESIGN KM 212.983 (EXIS,ROAD TRANSPORT AND HIGHWAYS,NHAI,ANDHRA PRADESH,2018-03-01,,,565.09,565.09,0,,,,,0/0,consolidated,111
2018-10-01,N24000811,812,CONSTRUCTION OF SIX LANING OF DEDICATED PORT ROAD TO KRISHNAPATNAM PORT (PACKAGE- I) KM 0+000 TO KM 1,ROAD TRANSPORT AND HIGHWAYS,NHAI,ANDHRA PRADESH,2018-03-01,,,314.43,314.43,0,,,,,0/0,consolidated,111
2018-10-01,N24000812,813,CAPICITY AUGMENTATION OF THE EXISTING 4 LANE STRETCH FROM ICHAPURAM TO NARASANNAPETA FROM KM 470.415,ROAD TRANSPORT AND HIGHWAYS,NHAI,ANDHRA PRADESH,2018-03-01,,,557.3,557.3,0,,,,,0/0,consolidated,111
2018-10-01,N24000307,814,TWO LANING OF KHONSA - TISSA - LONGDING (NH- 52B) (42.50 KM) IN ARUNACHAL PRADESH UNDER ARUNACHAL PRA,ROAD TRANSPORT AND HIGHWAYS,PWD,ARUNACHAL PRADESH,2011-12-01,2012-02-01,,156.63,276,132.21,,276,,,0/0,consolidated,111
2018-10-01,N24000309,815,TWO LANING OF LALPUL- MANMAO- CHANGLANG ROAD (NH-52B) IN ARUNACHAL PRADESH UNDER ARUNACHAL PRADESH P,ROAD TRANSPORT AND HIGHWAYS,PWD,ARUNACHAL PRADESH,2010-11-01,2011-03-01,,305.49,305.49,0,,,,,0/0,consolidated,111
2018-10-01,N24000311,816,TWO LANING OF GOBOK - SIJON NALLAH (CORRECSPONDING TO EXISTING CH: 27.00 TO KM75.00) IN ARUNACHAL PR,ROAD TRANSPORT AND HIGHWAYS,PWD,ARUNACHAL PRADESH,2012-03-01,2012-05-01,,207.03,207.03,0,,,,,0/0,consolidated,111
2018-10-01,N24000324,817,2 LANING FROM PASIGHAT TO PANGIN SECTION OF NH-229 FROM KM 41.3 TO KM 58.42 (EXISTING KM 42 TO KM 59,ROAD TRANSPORT AND HIGHWAYS,NHIDCL,ARUNACHAL PRADESH,2015-03-01,2018-05-01,,194.11,194.11,30.54,,,,,1/4,consolidated,111
2018-10-01,N24000325,818,2 LANING OF SINGER RIVER TO SIZOH NALA IN ARUNACHAL PRADESH ON EPC BASIS,ROAD TRANSPORT AND HIGHWAYS,NHIDCL,ARUNACHAL PRADESH,2015-10-01,2019-01-01,2019-01-01,179.82,179.82,8.99,,,,0(O),1/4,consolidated,111
2018-10-01,N24000326,819,CONSTRUCTION OF 2-LANE ROAD FROM KM 33 TO KM 65.00 OF AKAJAN-LIKABALI-BAME ROAD IN ARUNACHAL PRADESH,ROAD TRANSPORT AND HIGHWAYS,NHIDCL,ARUNACHAL PRADESH,2015-07-01,2018-10-01,2018-10-01,197.16,197.16,38.5,,,,0(O),1/4,consolidated,111
2018-10-01,N24000327,820,2 LANING FROM LONGDING TO KANUBARI OF NH- 52B FROM KM 0 TO KM 47.213 IN ARUNACHAL PRADESH,ROAD TRANSPORT AND HIGHWAYS,NHIDCL,ARUNACHAL PRADESH,2015-03-01,2018-06-01,,394,394,0,,,,,0/3,consolidated,111
2018-10-01,N24000387,821,FOUR LANING OF ITANAGAR - HOLONGI SECTION OF NH-52A (19.26 KM) IN ARUNACHAL PRADESH UNDER PHASE 'A',ROAD TRANSPORT AND HIGHWAYS,PWD,ARUNACHAL PRADESH,2011-01-01,,,264.16,264.16,0,,,,,0/0,consolidated,111
2018-10-01,N24000419,822,TWO LANING OF HOJ POTIN SECTION OF NH 229 (19.06 KM) IN ARUNACHAL PRADESH UNDER ARUNACHAL PRADESH PA,ROAD TRANSPORT AND HIGHWAYS,PWD,ARUNACHAL PRADESH,2009-12-01,2010-09-01,,165,165,0,,,,,0/0,consolidated,111
2018-10-01,N24000420,823,TWO LANING OF YUPIA - HOJ SECTION (20.40 KM) IN ARUNACHAL PRADESH UNDER ARUNACHAL PRADESH PACKAGE OF,ROAD TRANSPORT AND HIGHWAYS,PWD,ARUNACHAL PRADESH,2009-12-01,2010-09-01,,104,201,0,,,,,0/0,consolidated,111
2018-10-01,N24000421,824,2 LANING FROM PASIGHAT TO PANGIN SECTION OF NH-229 FROM KM 0 TO KM 28,ROAD TRANSPORT AND HIGHWAYS,NHIDCL,ARUNACHAL PRADESH,2015-03-01,2018-05-01,,235.08,235.08,47.81,,,,,1/4,consolidated,112
2018-10-01,N24000614,825,2-LANING WITH PAVED SHOULDER OF NH-52 FROM KM 583.450.TO KM 605.600(EXISTING CHAINAGE FROMKM.583.450,ROAD TRANSPORT AND HIGHWAYS,NHIDCL,ARUNACHAL PRADESH,2016-01-01,2016-11-01,,183.65,183.65,0,,,,,0/0,consolidated,112
2018-10-01,N24000615,826,FUNDED ) 2 LANING FROM CHANGLANG DISTRICT BOUNDARY -KHONSA (42.844KM) SECTION OF NH-52B IN THE STATE,ROAD TRANSPORT AND HIGHWAYS,NHIDCL,ARUNACHAL PRADESH,2016-01-01,2016-06-01,,334.22,334.22,0,,,,,0/4,consolidated,112
2018-10-01,N24000616,827,CONSTRUCTION OF 2-LANE ROAD FROM EXISTING KM 21.500 OF HUNLI-ANINI ROAD( NEAR ITHUN BRIDGE) TO KM 37,ROAD TRANSPORT AND HIGHWAYS,NHIDCL,ARUNACHAL PRADESH,2016-04-01,,,245.79,245.79,0,,,,,0/0,consolidated,112
2018-10-01,N24000617,828,CONSTRUCTION OF 2-LANE ROAD FROM EXISTING KM. 37.500 OF HUNLI-ANINI ROAD (NEAR ITHUN BRIDGE) TO KM.,ROAD TRANSPORT AND HIGHWAYS,NHIDCL,ARUNACHAL PRADESH,2016-04-01,2016-10-01,,198,198,0,,,,,0/4,consolidated,112
2018-10-01,N24000618,829,FUNDED ) CONSTRUCTION OF 2-LANE HUNLI-ANINI ROAD FROM KM 53.500 TO KM 92.500 IN THE STATE OF ARUNACH,ROAD TRANSPORT AND HIGHWAYS,NHIDCL,ARUNACHAL PRADESH,2015-11-01,,,434.06,434.06,0,,,,,0/0,consolidated,112
2018-10-01,N24000676,830,CONSTRUCTION OF 2-LANE OF HUNLI-ANINI ROAD FROM KM. 106.20 TO KM. 120,ROAD TRANSPORT AND HIGHWAYS,NHIDCL,ARUNACHAL PRADESH,2016-12-01,2017-01-01,2020-01-01,138.93,155,0,,155,,36(O),0/0,consolidated,112
2018-10-01,N24000677,831,CONSTRUCTION OF MEKA ROING HUNLI FROM EXISTING KM16 OF ROING HUNLI ROAD TO KM 21.500 OF HUNLI AN,ROAD TRANSPORT AND HIGHWAYS,NHIDCL,ARUNACHAL PRADESH,2017-01-01,2017-03-01,,1253.1,1253.1,0,,,,,0/0,consolidated,112
2018-10-01,N24000678,832,TWO LANING OF AKAJAN LIKABALI BAME ROAD ON EPC BASIS FROM EXISTING KM 71.000 TO KM 99.000 (DESIGN KM,ROAD TRANSPORT AND HIGHWAYS,NHIDCL,ARUNACHAL PRADESH,2017-03-01,2017-04-01,,284.09,284.09,0,,,,,0/0,consolidated,112
2018-10-01,N24000679,833,TWO LANING OF EXISTING HAYULIANG HAWAI ROAD ON EPC BASIS FROM DESIGN KM. 17.000 (KHUPA) TO KM. 34.00,ROAD TRANSPORT AND HIGHWAYS,NHIDCL,ARUNACHAL PRADESH,2017-02-01,2017-04-01,,195.23,195.23,0,,,,,0/0,consolidated,112
2018-10-01,N24000680,834,TWO LANING OF EXISTING HAYULIANG HAWAI ROAD ON EPC BASIS FROM DESIGN KM. 34.000 TO KM. 51.825 [EXIST,ROAD TRANSPORT AND HIGHWAYS,NHIDCL,ARUNACHAL PRADESH,2017-02-01,2017-04-01,,203.36,203.36,0,,,,,0/0,consolidated,112
2018-10-01,N24000681,835,TWO LANING OF EXISTING KHUPA HAYULIANG HAWAI ROAD ON EPC BASIS FROM DESIGN KM. 0.000 (KHUPA) TO KM.,ROAD TRANSPORT AND HIGHWAYS,NHIDCL,ARUNACHAL PRADESH,2017-01-01,2017-04-01,,194.66,194.66,0,,,,,0/0,consolidated,112
2018-10-01,N24000682,836,TWO LANING OF JORAM KOLORIANG ROAD (NH 713) ON EPC BASIS FROM DESIGN KM. 44+000 TO KM. 59+363 [EXIS,ROAD TRANSPORT AND HIGHWAYS,NHIDCL,ARUNACHAL PRADESH,2017-02-01,2017-04-01,,168.32,168.32,0,,,,,0/0,consolidated,112
2018-10-01,N24000683,837,TWO LANING OF JORAM KOLORIANG ROAD (NH 713) ON EPC BASIS FROM DESIGN KM. 138+000 TO KM. 154+036 [EX,ROAD TRANSPORT AND HIGHWAYS,NHIDCL,ARUNACHAL PRADESH,2017-02-01,2017-04-01,,180.57,180.57,0,,,,,0/0,consolidated,112
2018-10-01,N24000684,838,CONSTRUCTION OF TWOLANE WITH PAVED SHOULDERS OF JORAM KOLORIANG ROAD (NH 713) ON EPC BASIS FROM EXIS,ROAD TRANSPORT AND HIGHWAYS,NHIDCL,ARUNACHAL PRADESH,2017-02-01,2017-04-01,,216.71,216.71,0,,,,,0/0,consolidated,113
2018-10-01,N24000685,839,CONSTRUCTION OF TWO LANE WITH PAVED SHOULDERS OF JORAM KOLORIANG ROAD (NH 713) ON EPC BASIS FROM EXI,ROAD TRANSPORT AND HIGHWAYS,NHIDCL,ARUNACHAL PRADESH,2017-02-01,2017-04-01,,167.28,167.28,0,,,,,0/0,consolidated,113
2018-10-01,N24000690,840,TWO LANING OF EXISTING KHUPA HAYULIANG HAWAI ROAD ON EPC BASIS FROM DESIGN KM. 0.000 (KHUPA) TO KM.,ROAD TRANSPORT AND HIGHWAYS,NHIDCL,ARUNACHAL PRADESH,2017-01-01,2017-04-01,,198.22,198.22,0,,,,,0/0,consolidated,113
2018-10-01,N24000808,841,FOUR LANE CONNECTIVITY TO VISAKHAPATNAM PORT ROAD FROM KM. 0.000 TO KM.12.700 (DESIGN LENGTH=12.70 K,ROAD TRANSPORT AND HIGHWAYS,NHAI,ARUNACHAL PRADESH,2018-03-01,,,392.6,392.6,0,,,,,0/0,consolidated,113
2018-10-01,240106277,842,HARANGAJO TO MAIBANG (AS-23) KM.126.450 TO KM.140.700,ROAD TRANSPORT AND HIGHWAYS,NHAI,ASSAM,2003-12-01,2009-02-01,,280,361,410.32,,,,,0/0,consolidated,113
2018-10-01,240106278,843,MAIBANG TO LUMDING (AS-25) KM.83.400 TO KM.111.000,ROAD TRANSPORT AND HIGHWAYS,NHAI,ASSAM,2003-12-01,2009-04-01,,199.81,385.13,209.8,,,,,0/0,consolidated,113
2018-10-01,240106279,844,MAIBANG TO LUMDING (AS-26) KM.60.500 TO KM.83.400 NH-54,ROAD TRANSPORT AND HIGHWAYS,NHAI,ASSAM,2003-12-01,2008-11-01,2018-09-01,167.64,167.64,268.94,,,,,0/0,consolidated,113
2018-10-01,240106280,845,MAIBANG TO LUMDING (AS-24) KM.111.000 TO KM.126.450,ROAD TRANSPORT AND HIGHWAYS,NHAI,ASSAM,2003-12-01,2008-11-01,,155.04,280.13,195.35,,,,,0/0,consolidated,113
2018-10-01,240106281,846,MAIBANG TO LUMDING (AS-27) KM.40.000 TO KM.60.500,ROAD TRANSPORT AND HIGHWAYS,NHAI,ASSAM,2003-12-01,2009-04-01,2018-10-01,200,200,245.83,,,,114(O),0/0,consolidated,113
2018-10-01,N24000044,847,SONAPUR TO GUWAHTI (AS-3),ROAD TRANSPORT AND HIGHWAYS,NHAI,ASSAM,2003-12-01,2008-03-01,2018-12-01,245,174.34,214.88,,174.34,,129(O),0/0,consolidated,113
2018-10-01,N24000047,848,NALBARI TO BIJNI (AS-6),ROAD TRANSPORT AND HIGHWAYS,NHAI,ASSAM,2003-12-01,2008-06-01,,225,225,312.79,,,,,0/0,consolidated,113
2018-10-01,N24000048,849,NALBARI T BIJNI (AS-7),ROAD TRANSPORT AND HIGHWAYS,NHAI,ASSAM,2003-12-01,2008-04-01,2019-03-01,208,230,297.81,,,,131(O),0/0,consolidated,113
2018-10-01,N24000049,850,DHARAMTUL TO SONAPUR KM 205-183 (AS-20),ROAD TRANSPORT AND HIGHWAYS,NHAI,ASSAM,2003-12-01,2008-05-01,2019-02-01,160,167.98,198.82,,,,129(O),0/0,consolidated,113
2018-10-01,N24000062,851,HARANGAJO TO MAIBANG NH-54,ROAD TRANSPORT AND HIGHWAYS,NHAI,ASSAM,2003-12-01,2009-07-01,,196,331.23,340.12,,,,,0/0,consolidated,113
2018-10-01,N24000063,852,BRAHMPUTRA BRIDGE NH NO-31,ROAD TRANSPORT AND HIGHWAYS,NHAI,ASSAM,2003-12-01,2010-04-01,2019-04-01,217.61,360.84,389.08,,,,108(O),0/0,consolidated,113
2018-10-01,N24000305,853,FOUR LANING OF NUMALIGARH TO JORHAT SECTION FROM KM. 402.500 TO KM. 453.000 (DESIGN KM 403.200 TO KM,ROAD TRANSPORT AND HIGHWAYS,NHIDCL,ASSAM,2015-05-01,2018-05-01,,454.89,454.89,22.74,,,,,0/4,consolidated,113
2018-10-01,N24000319,854,4 LANING OF JORHAT TO JHANJI SECTION FROM KM. 453.00 TO KM. 491.08 (DESIGN KM 403.200 TO KM 454.240),ROAD TRANSPORT AND HIGHWAYS,NHIDCL,ASSAM,2015-06-01,2018-06-01,,437.39,437.39,21.86,,,,,0/4,consolidated,113
2018-10-01,N24000320,855,FOUR LANING OF JHANJHI JN TO DEMOW SECTION FROM KM. 491.050 TO KM. 535.250(DESIGN KM 490.800 TO KM 5,ROAD TRANSPORT AND HIGHWAYS,NHIDCL,ASSAM,2015-06-01,2018-06-01,,463.49,463.49,9.26,,,,,0/4,consolidated,113
2018-10-01,N24000321,856,FOUR LANING FROM BISWANATH CHARIALI TO GOHPUR FROM KM 208 TO KM 264.10 OF NH-52,ROAD TRANSPORT AND HIGHWAYS,NHIDCL,ASSAM,2016-06-01,2019-01-01,2019-01-01,829,829,59.85,,,,0(O),0/4,consolidated,113
2018-10-01,N24000322,857,FOUR LANING FROM GOHPUR TO HOLONGI SECTION FROM KM 264.10 OF NH 52 TO KM 20.37 OF NH 52A,ROAD TRANSPORT AND HIGHWAYS,NHIDCL,ASSAM,2015-03-01,2018-11-01,2018-11-01,168.39,168.39,16.84,,,,0(O),0/4,consolidated,114
2018-10-01,N24000323,858,4 LANING FROM KALIABOR TINALI TO DOLABARI SECTION FROM KM 0.0 TO KM 17.3 OF NH 37A INCL. ADDITIONAL,ROAD TRANSPORT AND HIGHWAYS,NHIDCL,ASSAM,2014-10-01,2018-11-01,2018-11-01,588.95,588.95,80,,,,0(O),0/4,consolidated,114
2018-10-01,N24000392,859,2 LANING FROM KANUBARI TO START OF BOGIBEEL BRIDGE APPROACHES OF NH-52B(EXTN) IN ASSAM,ROAD TRANSPORT AND HIGHWAYS,PWD,ASSAM,2010-11-01,2017-05-01,,268.08,268.08,0,,,,,0/0,consolidated,114
2018-10-01,N24000396,860,2 LANING OF OF LUMDING-DIPHU- MANJA ROAD (L=54.37 KM.) HAFLONG JATINGA ROAD (L=7.46 KM.) BASKA BAR,ROAD TRANSPORT AND HIGHWAYS,PWD,ASSAM,2010-11-01,2011-02-01,,470.2,470.2,0,,,,,0/0,consolidated,114
2018-10-01,N24000409,861,STRENGTHENING AND CONSTRUCTION OF PAVED SHOULDERS INCLUDING REHABILITATION/REPAIRING OF BRIDGES FROM,ROAD TRANSPORT AND HIGHWAYS,PWD,ASSAM,2011-05-01,2018-02-01,,176.22,176.22,0,,,,,0/0,consolidated,114
2018-10-01,N24000411,862,STRENGTHENING AND WIDENING OF NH-44 FROM KM.173.125 TO KM. 272.241 OF NH-44 AND ALONG THE KARIMGANJ,ROAD TRANSPORT AND HIGHWAYS,PWD,ASSAM,2014-11-01,2018-02-01,,218.31,218.31,0,,,,,0/0,consolidated,114
2018-10-01,N24000429,863,4 LANING FROM END OF NAGAON BYPASS TO RANGAGARA (KM. 278.60 TO KM. 297.00) OF NH- 37ON EPC BASIS,ROAD TRANSPORT AND HIGHWAYS,NHIDCL,ASSAM,2015-12-01,2018-12-01,2018-12-01,225.02,159.2,0,,,,0(O),0/4,consolidated,114
2018-10-01,N24000430,864,4 LANING FROM GOHPUR TO HOLONGI SECTION FROM KM 264.10 OF NH 52 TO KM 20.37 OF NH 52A,ROAD TRANSPORT AND HIGHWAYS,NHIDCL,ASSAM,2015-12-01,2018-06-01,,223.3,223.3,0,,,,,0/0,consolidated,114
2018-10-01,N24000431,865,4 LANING FROM JAMUGURI TO BISWANATH CHARIALI FROM KM 182 TO KM 208 OF NH-52,ROAD TRANSPORT AND HIGHWAYS,NHIDCL,ASSAM,1991-01-01,,,520.01,520.01,0,,,,,0/0,consolidated,114
2018-10-01,N24000438,866,4 LANING FROM RANGAGARA TO KALIABHOR TINALI FROM KM 297.00 TO KM 315.315 OF NH-37 ON EPC BASIS.,ROAD TRANSPORT AND HIGHWAYS,NHIDCL,ASSAM,2015-12-01,2018-12-01,2018-12-01,289.99,289.99,0,,,,0(O),0/0,consolidated,114
2018-10-01,N24000582,867,4 LANING OF NH-37 SECTION BETWEEN DEMOW TO END OF MORAN BYPASS (FROM KM. 534.800 TO KM. 561.700) O,ROAD TRANSPORT AND HIGHWAYS,NHIDCL,ASSAM,2016-01-01,2016-01-01,,294.17,294.17,0,,,,,0/4,consolidated,114
2018-10-01,N24000583,868,4 LANING OF NH 37 SECTION BETWEEN END OF MORAN BYPASS TO BOGIBEEL JUNCTION NEAR LAPETKETA (KM. 561,ROAD TRANSPORT AND HIGHWAYS,NHIDCL,ASSAM,2016-01-01,2016-01-01,,252,252,0,,,,,0/4,consolidated,114
2018-10-01,N24000823,869,FOUR LANING OF NH-52 FROM END OF BISWANATH CHARIALI BY-PASS (KM 208.00) TO GOHPUR (KM 265.50) (TOTAL,ROAD TRANSPORT AND HIGHWAYS,NHIDCL,ASSAM,2015-03-01,2016-01-01,2016-01-01,829,829,0,,,,,0/0,consolidated,114
2018-10-01,N24000165,870,PATNA-MUZZAFFARPUR,ROAD TRANSPORT AND HIGHWAYS,NHAI,BIHAR,2010-08-01,2013-02-01,2018-12-01,671.3,671.3,884.12,,,,70(O),0/0,consolidated,114
2018-10-01,N24000166,871,2 LANNING OF MOKAMA-MUNGER,ROAD TRANSPORT AND HIGHWAYS,NHAI,BIHAR,2011-05-01,2013-05-01,,351.54,351.54,351.23,,,,,0/0,consolidated,114
2018-10-01,N24000185,872,PATNA-BAKTZARPUR KM.181.3 TO KM.231.95,ROAD TRANSPORT AND HIGHWAYS,NHAI,BIHAR,2011-09-01,2014-03-01,2018-09-01,574,574,768.62,,,,,0/0,consolidated,114
2018-10-01,N24000186,873,2-LANNING WITH PS MOTIHARI-RAXAUL,ROAD TRANSPORT AND HIGHWAYS,NHAI,BIHAR,2011-10-01,2014-04-01,,375.09,375.09,494.33,,,,,0/0,consolidated,114
2018-10-01,N24000187,874,4-LANNING OF CHAPRA-HAJIPUR,ROAD TRANSPORT AND HIGHWAYS,NHAI,BIHAR,2011-01-01,2013-07-01,2019-06-01,575,575,823.46,,,,71(O),0/0,consolidated,114
2018-10-01,N24000188,875,2 LANNING OF MUZAFFARPUR - SONBARSA,ROAD TRANSPORT AND HIGHWAYS,NHAI,BIHAR,2011-05-01,2013-11-01,2018-12-01,511.54,511.54,563.93,,,,61(O),0/0,consolidated,114
2018-10-01,N24000382,876,REHABILITATION AND UPGRADING TO 2 LANES/2 LANE WITH PAVED SHOULDERS CONFIGURATION OF BIRPUR - BIHPUR,ROAD TRANSPORT AND HIGHWAYS,MORTH,BIHAR,1991-01-01,,,675,675,0,,,,,0/0,consolidated,115
2018-10-01,N24000398,877,REHABILITATION AND UPGRADING TO 2 LANES/2 LANE WITH PAVED SHOULDERS CONFIGURATION OF ANISABAD-AURANG,ROAD TRANSPORT AND HIGHWAYS,MORTH,BIHAR,1991-01-01,2016-08-01,,282.41,282.41,67.52,,,,,0/0,consolidated,115
2018-10-01,N24000402,878,REHABILITATION AND UPGRADING TO 2 LANES/2 LANE WITH PAVED SHOULDERS CONFIGURATION OF ANISABAD-AURANG,ROAD TRANSPORT AND HIGHWAYS,MORTH,BIHAR,1991-01-01,2016-10-01,,358.22,358.22,188.71,,,,,0/0,consolidated,115
2018-10-01,N24000473,879,FOUR LANING OF PATNA TO KOILWAR,ROAD TRANSPORT AND HIGHWAYS,NHAI,BIHAR,2015-08-01,,,556.07,556.07,0,,,,,0/0,consolidated,115
2018-10-01,N24000480,880,FOUR OF SIMARIA - KHAGARIA SECTION OF NH-31,ROAD TRANSPORT AND HIGHWAYS,NHAI,BIHAR,2015-12-01,2019-04-01,2019-04-01,1041.1,1041.1,157.03,,,,0(O),0/0,consolidated,115
2018-10-01,N24000482,881,FOUR LANING OF KOILWAR TO BHOJPUR,ROAD TRANSPORT AND HIGHWAYS,NHAI,BIHAR,2015-08-01,,2020-01-01,814.04,814.04,211.48,,,,,0/0,consolidated,115
2018-10-01,N24000501,882,FOUR LANING OF FORBESGANJ - JOGBANI,ROAD TRANSPORT AND HIGHWAYS,NHAI,BIHAR,2015-08-01,2018-04-01,2020-04-01,322.09,322.09,57.86,,,,24(O),0/0,consolidated,115
2018-10-01,N24000506,883,FOUR LANING OF BHOJPUR TO BUXAR,ROAD TRANSPORT AND HIGHWAYS,NHAI,BIHAR,1991-01-01,,2020-10-01,642.41,642.41,0,,,,,0/0,consolidated,115
2018-10-01,N24000507,884,FOUR LANING OF BAKHTIYARPUR - MOKAMA SECTION OF NH-31,ROAD TRANSPORT AND HIGHWAYS,NHAI,BIHAR,2015-12-01,,2019-12-01,1167.45,1167.45,28.96,,,,,0/0,consolidated,115
2018-10-01,N24000518,885,TWO LANING WITH PS OF BIHARAHARIF -BARBIGHA - MOKAMA,ROAD TRANSPORT AND HIGHWAYS,NHAI,BIHAR,2015-08-01,2019-04-01,2019-10-01,399.54,399.54,142.41,,,,6(O),0/0,consolidated,115
2018-10-01,N24000519,886,REHABILITATION AND UPGRADING TO 2 LANES-2 LANE WITH PAVED SHOULDERS CONFIGURATION OF,ROAD TRANSPORT AND HIGHWAYS,MORTH,BIHAR,1991-01-01,,,478.35,478.35,0,,,,,0/0,consolidated,115
2018-10-01,N24000521,887,TWO LANING WITH PS OF CHHAPRA -GOPALGANJ,ROAD TRANSPORT AND HIGHWAYS,NHAI,BIHAR,2015-08-01,,,854.8,854.8,536.32,,,,,0/0,consolidated,115
2018-10-01,N24000522,888,TWO LANING WITH PS OF CHHAPRA -REWAGHAT - MUZAFFARPUR,ROAD TRANSPORT AND HIGHWAYS,NHAI,BIHAR,2015-08-01,2018-04-01,2018-12-01,516.13,516.13,400.35,,,,8(O),0/0,consolidated,115
2018-10-01,N24000530,889,REHABILITATION AND UPGRADING TO 2 LANES/2 LANE WITH PAVED SHOULDERS CONFIGURATION OF SITAMARHIKM 40,ROAD TRANSPORT AND HIGHWAYS,PWD,BIHAR,1991-01-01,,,154.62,154.62,0,,,,,0/0,consolidated,115
2018-10-01,N24000531,890,REHABILITATION AND UPGRADING TO 2 LANES/2 LANE WITH PAVED SHOULDERS (KM 40 TO KM 219.945) OF NH-104,ROAD TRANSPORT AND HIGHWAYS,PWD,BIHAR,1991-01-01,,,319.68,319.68,0,,,,,0/0,consolidated,115
2018-10-01,N24000536,891,REHABILITATION AND UPGRADING TO 2 LANE WITH PAVED SHOULDERS CONFIGURATION AND STRENGTHENING OF ANISH,ROAD TRANSPORT AND HIGHWAYS,MORTH,BIHAR,2014-10-01,2014-03-01,,377.64,377.64,0,,,,,0/0,consolidated,115
2018-10-01,N24000537,892,REHABILITATION AND UPGRADING TO 2 LANE WITH PAVED SHOULDERS CONFIGURATION AND STRENGTHENING OF ANISH,ROAD TRANSPORT AND HIGHWAYS,MORTH,BIHAR,2013-10-01,2014-08-01,,278.39,278.39,0,,,,,0/0,consolidated,115
2018-10-01,N24000573,893,REHABILITATION AND UPGRADING TO 2 LANES/2 LANE WITH PAVED SHOULDERS CONFIGURATION OF ANISABAD-AURANG,ROAD TRANSPORT AND HIGHWAYS,MORTH,BIHAR,2013-01-01,2014-08-01,,322.01,322.01,0,,,,,0/0,consolidated,115
2018-10-01,N24000574,894,ENGINEERING PROCUREMENT AND CONSTRUCTION OF REHABILITATION AND UPGRADING TO 2-LANES/2 -LANE WITH P,ROAD TRANSPORT AND HIGHWAYS,MORTH,BIHAR,2013-11-01,2016-07-01,,683.83,683.83,0,,,,,0/0,consolidated,116
2018-10-01,N24000575,895,REHABILITATION AND UPGRADING TO 2 LANES/2 LANE WITH PAVED SHOULDERS CONFIGURATION AND STRENGTHENING,ROAD TRANSPORT AND HIGHWAYS,MORTH,BIHAR,2014-02-01,2016-07-01,,665.5,665.5,0,,,,,0/0,consolidated,116
2018-10-01,N24000576,896,ENGINEERING PROCUREMENT AND CONSTRUCTION OF REHABILITATION AND UPGRADING TO 2-LANES/2 -LANE WITH P,ROAD TRANSPORT AND HIGHWAYS,MORTH,BIHAR,2016-02-01,2016-05-01,,178.85,178.85,0,,,,,0/0,consolidated,116
2018-10-01,N24000577,897,ENGINEERING PROCUREMENT AND CONSTRUCTION OF REHABILITATION AND UPGRADING TO 2-LANES/2 -LANE WITH P,ROAD TRANSPORT AND HIGHWAYS,MORTH,BIHAR,2016-02-01,2016-06-01,,369.77,369.77,0,,,,,0/0,consolidated,116
2018-10-01,N24000578,898,ENGINEERING PROCUREMENT AND CONSTRUCTION OF REHABILITATION AND UPGRADING TO 2-LANES/2 -LANE WITH P,ROAD TRANSPORT AND HIGHWAYS,MORTH,BIHAR,2016-02-01,2016-05-01,,553.3,553.3,0,,,,,0/0,consolidated,116
2018-10-01,N24000579,899,FOUR LANING OF GAYA-HISUA-RAJGIRI-NALANDA- BIHARSHARIF SECTION (KM0.00 TO 92.935) ON NH- 82 IN BIHAR,ROAD TRANSPORT AND HIGHWAYS,MORTH,BIHAR,2014-01-01,2016-10-01,,1408.85,1408.85,0,,,,,0/0,consolidated,116
2018-10-01,N24000580,900,STRENGTHENING & WIDENING WORK OF EXISTING 2-LANE TO TWO LANE WITH PAVED SHOULDER AND GEMETRIC IMPROV,ROAD TRANSPORT AND HIGHWAYS,MORTH,BIHAR,2015-03-01,2016-07-01,,206.8,206.8,0,,,,,0/0,consolidated,116
2018-10-01,N24000581,901,CONSTRUCTION OF BHAGALPUR BYPASS FROM KM 124/175 TO 140/200 OF NH-80 UNDER EPC MODE,ROAD TRANSPORT AND HIGHWAYS,MORTH,BIHAR,2015-08-01,2015-11-01,,288.24,288.24,0,,,,,0/0,consolidated,116
2018-10-01,N24000590,902,BALANCE WORK OF 4 LANING OF GORAKPUR - GOPALGANJ,ROAD TRANSPORT AND HIGHWAYS,NHAI,BIHAR,2015-05-01,2017-05-01,2019-06-01,581.84,581.84,77.43,,,,25(O),0/0,consolidated,116
2018-10-01,N24000610,903,REHABILIATION OF 4-LANE 5.575 KM LONG 4-LANE MG SETU OVER GANGA RIVER ON NH-19 FROM KM 212.72 TO KM,ROAD TRANSPORT AND HIGHWAYS,MORTH,BIHAR,2016-08-01,2016-12-01,,1742.01,1742.01,0,,,,,0/0,consolidated,116
2018-10-01,N24000665,904,TWO-LANNING WITH PAVED SHOULDER OF MAHSHKUNT-SAHARSA-PURNEA SECTION FROM EXISTING KM.89.020 (DESIGN,ROAD TRANSPORT AND HIGHWAYS,NHAI,BIHAR,2017-03-01,2020-03-01,2020-03-01,672.89,736.01,0,,,,0(O),0/0,consolidated,116
2018-10-01,N24000666,905,CONSTRUCTION OF ROAD APPROACHES TO RAIL- CUM-ROAD BRIDGE ACROSS RIVER GANGA AT MUNGER GHAT NEAR MUNGE,ROAD TRANSPORT AND HIGHWAYS,NHAI,BIHAR,2017-03-01,2020-03-01,2020-03-01,235.48,227.77,0,,,,0(O),0/0,consolidated,116
2018-10-01,N24000696,906,SIX LANNING OF AUNTA-SIMARIA(GANGA BRIDGE WITH APPROACH ROADS) SECTION OF NH-31,ROAD TRANSPORT AND HIGHWAYS,NHAI,BIHAR,2017-08-01,2017-08-01,,950.64,950.64,0,,,,,0/0,consolidated,116
2018-10-01,N24000714,907,CONSTRUCTION OF NEW LINK (NH-133B) FROM KM 0/00 (KM 200/87 OF SAHIBANJ BYPASS) IN JHARKHAND TO KM 15,ROAD TRANSPORT AND HIGHWAYS,NHAI,BIHAR,2017-12-01,,,2598,2598,0,,,,,0/0,consolidated,116
2018-10-01,N24000723,908,REHABILITATION AND UPGRADATION OF TWO LANING OF MAHESHKHUNT - SAHARSA - PURNEA SECTION PKG - I,ROAD TRANSPORT AND HIGHWAYS,NHAI,BIHAR,2018-01-01,,,573.7,573.7,0,,,,,0/0,consolidated,116
2018-10-01,N24000724,909,SIX LANING OF AURANGABAD TO BIHAR - JHARKHAND BORDER (CHORDAHA) SECTION,ROAD TRANSPORT AND HIGHWAYS,NHAI,BIHAR,2018-01-01,,,895.39,895.39,0,,,,,0/0,consolidated,116
2018-10-01,N24000813,910,DEVELOPMENT OF NEWLY DECLARED NH-527C FROM MAJHAULI TO CHAROUT SECTION TO 2 LANE WITH PAVED SHOULDER,ROAD TRANSPORT AND HIGHWAYS,NHAI,BIHAR,2018-03-01,,,496.2,496.2,0,,,,,0/0,consolidated,117
2018-10-01,N24000278,911,REHABILITATION AND UP GRADATION OF NH-43 FROM KM.81.500-KM 130.00 DHAMTARI- KANKER SECTION.,ROAD TRANSPORT AND HIGHWAYS,PWD,CHHATISGARH,2014-10-01,2015-03-01,,213.47,213.47,0,,,,,0/0,consolidated,117
2018-10-01,N24000279,912,REHABILITATION AND UPGRADATION OF NH-43 KM. 180.00 TO 241.00 ( BEDMA-DAHIKONDA) UNDER NHDP-IV,ROAD TRANSPORT AND HIGHWAYS,PWD,CHHATISGARH,2014-10-01,2015-03-01,,298.34,298.34,0,,,,,0/0,consolidated,117
2018-10-01,N24000280,913,REHABILITATION AND UPGRADATION OF NH-43 KM. 241.000 TO 298.000 (DAHIKONDA TO JAGDALPUR) UNDER NHDP-I,ROAD TRANSPORT AND HIGHWAYS,PWD,CHHATISGARH,2014-11-01,2015-03-01,,262.54,262.54,0,,,,,0/0,consolidated,117
2018-10-01,N24000281,914,REHABILITATION AND UP GRADATION OF NH-12A FROM KM191.422-KM 242.300 CHILPI- KAWARDHA SECTION.,ROAD TRANSPORT AND HIGHWAYS,PWD,CHHATISGARH,2015-12-01,,,291.05,291.05,0,,,,,0/0,consolidated,117
2018-10-01,N24000283,915,CONSTRUCION OF 2 LANE ROAD FROM KM. 28700- 292.00 322.00-342.00 AND 352.00- 400.00 OF NH 63 (OLD NH-,ROAD TRANSPORT AND HIGHWAYS,PWD,CHHATISGARH,2010-12-01,2012-12-01,,169.26,169.26,0,,,,,0/0,consolidated,117
2018-10-01,N24000286,916,REHABILITATION AND UP GRADATION OF NH-12A FROM KM246.849-KM 317.406 KAWARDHA- SIMGA SECTION.,ROAD TRANSPORT AND HIGHWAYS,PWD,CHHATISGARH,2014-12-01,,,394.2,394.2,0,,,,,0/0,consolidated,117
2018-10-01,N24000287,917,REHABILITATION AND UPGRADATION OF NH-111 FROM KM. 82.500 TO 163.400 (KATHGHORA TO SHIVNAGAR SECTION,ROAD TRANSPORT AND HIGHWAYS,PWD,CHHATISGARH,2015-11-01,2015-12-01,,485.44,485.44,0,,,,,0/0,consolidated,117
2018-10-01,N24000288,918,REHABILITATION AND UPGRADATION OF NH-64 FROM KM.0.00 TO 28.110(ZIRAKPUR TO PATIALA SEC.) TO 4 LANE I,ROAD TRANSPORT AND HIGHWAYS,MORTH,CHHATISGARH,2015-03-01,,,422.34,422.34,22.25,,,,,0/0,consolidated,117
2018-10-01,N24000495,919,FOUR LANING OF SIMGA - SARAGAON,ROAD TRANSPORT AND HIGHWAYS,NHAI,CHHATISGARH,2015-12-01,2018-05-01,2019-06-01,596.67,596.67,1.78,,,,13(O),0/0,consolidated,117
2018-10-01,N24000502,920,FOUR LANING OF SARAGAON - BILASPUR,ROAD TRANSPORT AND HIGHWAYS,NHAI,CHHATISGARH,2015-12-01,2018-04-01,,509.13,509.13,7.21,,,,,0/0,consolidated,117
2018-10-01,N24000510,921,FOUR / SIX LANING OF RAIPUR - SIMGA ( PKG-1),ROAD TRANSPORT AND HIGHWAYS,NHAI,CHHATISGARH,2015-12-01,2018-04-01,2019-06-01,726.67,726.67,18.17,,,,14(O),0/0,consolidated,117
2018-10-01,N24000814,922,4-LANE WITH PAVED SHOULDER CONFIGURATION OF BILASPUR-PATHRAPALI (KM.0+000 TO KM. 53+300) SECTION OF,ROAD TRANSPORT AND HIGHWAYS,NHAI,CHHATISGARH,2018-03-01,,,1029.96,1029.96,0,,,,,0/0,consolidated,117
2018-10-01,N24000609,923,DEVELOPMENT OF SIX LANE EASTERN PERIPHERAL EXPRESSWAY ( PKG-I)_NEW,ROAD TRANSPORT AND HIGHWAYS,NHAI,DELHI,2015-09-01,,2018-07-01,771.18,7558,261.77,,,,,0/0,consolidated,117
2018-10-01,N24000251,924,FOUR LANNING OF NH-4A(NH-748) FROM KM 118 TO 125 INCL.FOUR LANE KHNDEAPAR BRIDGE,ROAD TRANSPORT AND HIGHWAYS,NHDP,GOA,2015-03-01,2018-04-01,,297,297,38.33,,,,,0/1,consolidated,117
2018-10-01,N24000257,925,CONSTRUCTION OF MARGOA WESTERN BYPASS FOR NH-17 (NEW NH-66 ) FROM KM. 26 /200 ( CHAINAGE 00/00) TO K,ROAD TRANSPORT AND HIGHWAYS,DORTH,GOA,2015-03-01,,,298.33,298.33,16.1,,,,,0/4,consolidated,117
2018-10-01,N24000258,926,CONST. OF MISSING LINK BETWEEN KM. 11/680 TO KM. 14/020 AND WIDENING OF EXISTING TWO LANE ROAD,ROAD TRANSPORT AND HIGHWAYS,DORTH,GOA,2015-03-01,,,184.05,184.05,10.72,,,,,0/4,consolidated,117
2018-10-01,N24000259,927,CONST. OF CANACONA BYPASS FROM KM.68/00 (CH.00/00) TO KM. 85/740 (CH. 7/740 ON PANAJI - MANGALORE SE,ROAD TRANSPORT AND HIGHWAYS,DORTH,GOA,2015-03-01,,,280.16,280.16,16.06,,,,,0/4,consolidated,118
2018-10-01,N24000444,928,CONSTRUCTION OF BRIDGE INCLUDING APPROACHES ACROSS RIVER ZUARI ON NH-17 (NH- 66) ON PANJIM-MANGALORE,ROAD TRANSPORT AND HIGHWAYS,MORTH,GOA,2015-10-01,,,936.4,936.4,0,,,,,0/0,consolidated,118
2018-10-01,N24000514,929,WIDENING TO 4/6 LANES OF EXISTING NH-17 FROM KM 531/934 (AFTER ZUARI BR.) TO KM 536/250 JN. WITH VER,ROAD TRANSPORT AND HIGHWAYS,MORTH,GOA,2015-12-01,,,773.98,773.98,0,,,,,0/0,consolidated,118
2018-10-01,N24000516,930,WIDENING TO 4/6/8 LANES OF EXISTING NH-17 FROM KM 522/615 (NEAR GMC) TO KM 530/850 JOINING NEW ZUIAR,ROAD TRANSPORT AND HIGHWAYS,MORTH,GOA,2015-12-01,,,819.95,819.95,0,,,,,0/0,consolidated,118
2018-10-01,N24000125,931,GUJARAT/MAHARASHTRA BORDERSURAT-HAZIRA PORT SECTION,ROAD TRANSPORT AND HIGHWAYS,NHAI,GUJARAT,2010-03-01,2012-09-01,2018-08-01,1509.1,3237.87,3176.22,,,,,2/3,consolidated,118
2018-10-01,N24000175,932,KANDLA - MUNDRA PORT,ROAD TRANSPORT AND HIGHWAYS,NHAI,GUJARAT,2011-01-01,2013-07-01,2018-12-01,953.88,953.88,975.13,,,,65(O),0/0,consolidated,118
2018-10-01,N24000222,933,AHMEDABAD TO VADODARA SECTION,ROAD TRANSPORT AND HIGHWAYS,NHAI,GUJARAT,2013-01-01,2015-12-01,,2125.24,2125.24,4659.71,,,,,0/3,consolidated,118
2018-10-01,N24000361,934,VADODARA-SURAT SECTION,ROAD TRANSPORT AND HIGHWAYS,NHAI,GUJARAT,2014-03-01,2016-08-01,,503.16,503.16,346.6,,,,,0/0,consolidated,118
2018-10-01,N24000567,935,FOUR LANING OF BHAVNAGAR-TALAJA SECTION OF NH-8E FROM KM. 7.090 TO KM. 53.585 (DESIGN CH FROM KM. 6.,ROAD TRANSPORT AND HIGHWAYS,NHAI,GUJARAT,2016-05-01,,2019-08-01,998.18,998.18,194.69,,,,,0/0,consolidated,118
2018-10-01,N24000568,936,FOUR LANING OF TALAJA – MAHUVA SECTION OF NH – 8E FROM KM. 53.585 TO KM. 100.100 (DESIGN CHAINAGE FR,ROAD TRANSPORT AND HIGHWAYS,NHAI,GUJARAT,2016-05-01,,2019-10-01,834.64,834.64,137.94,,,,,0/0,consolidated,118
2018-10-01,N24000569,937,FOUR LANING OF KAGAVADAR - UNA SECTION OF NH-8E FROM KM 139.915 TO KM 180.478 (PACKAGE- IV) IN THE ST,ROAD TRANSPORT AND HIGHWAYS,NHAI,GUJARAT,2016-05-01,,2019-09-01,723.64,723.64,207.5,,,,,0/0,consolidated,118
2018-10-01,N24000570,938,FOUR LANING OF UNA TO KODINAR OF NH-8E FROM KM. 180.478 TO KM 221.610 (PACKAGE-V) IN THE STATE OF GU,ROAD TRANSPORT AND HIGHWAYS,NHAI,GUJARAT,2016-05-01,,2019-08-01,763.08,763.08,122.54,,,,,0/0,consolidated,118
2018-10-01,N24000571,939,SIX-LANING OF KAMREJ-CHALTHAN SECTION OF NH-8 FROM KM 248.100 TO KM 264.350 INCLUDING LONG TERM REME,ROAD TRANSPORT AND HIGHWAYS,NHAI,GUJARAT,2016-05-01,,2019-03-01,425.6,425.6,0,,,,,0/0,consolidated,118
2018-10-01,N24000572,940,CONSTRUCTION OF 4-LANE LADDOWAL BYPASS,ROAD TRANSPORT AND HIGHWAYS,NHAI,GUJARAT,2016-05-01,,2019-12-01,364.56,364.56,73.3,,,,,0/0,consolidated,118
2018-10-01,N24000592,941,4-LANNING OF KODINAR TO VERAVAL SECTION OF NH-8E FROM KM 221.610 TO KM 263.000,ROAD TRANSPORT AND HIGHWAYS,NHAI,GUJARAT,2016-07-01,,2020-01-01,829.97,829.97,50,,,,,0/0,consolidated,118
2018-10-01,N24000635,942,2-LANE WITH PAVED SHOULDERS OF GADU- PORBANDER SECTION,ROAD TRANSPORT AND HIGHWAYS,NHAI,GUJARAT,2016-12-01,,2019-09-01,417.19,417.19,30.19,,,,,0/0,consolidated,118
2018-10-01,N24000649,943,SIX LANNING FROM KM. 401.200 TO 494.410 OF NH-8 ON HYBRID ANNUITY MODE UNDER NHDP-V(PKG VI)REG.,ROAD TRANSPORT AND HIGHWAYS,NHAI,GUJARAT,2017-01-01,,,1251.11,1251.11,0,,,,,0/0,consolidated,118
2018-10-01,N24000693,944,4-LANNING OF PORBANDAR DWARKA SECTION IN THE STATE OF GUJARAT,ROAD TRANSPORT AND HIGHWAYS,NHAI,GUJARAT,2017-06-01,2020-06-01,2020-08-01,1958.88,1958.88,153.99,,,,2(O),0/0,consolidated,118
2018-10-01,N24000701,945,JUNAGADH BYPASS,ROAD TRANSPORT AND HIGHWAYS,NHAI,GUJARAT,2017-10-01,2017-10-01,,232.49,232.49,0,,,,,0/0,consolidated,118
2018-10-01,N24000801,946,SIX LANING OF SHAMLA JI TO MOTACHILODHA FROM KM 401.200 TO KM 494.410 (LENGTH 93.210 KM) SECTION OF,ROAD TRANSPORT AND HIGHWAYS,NHAI,GUJARAT,2018-02-01,,,1052.21,1052.21,0,,,,,0/0,consolidated,119
2018-10-01,N24000815,947,CONSTRUCTION OF EIGHT LANE VADODARA KIM EXPRESSWAY FROM KM 355.00 TO KM 378.740 (PADRA TO VADODARA S,ROAD TRANSPORT AND HIGHWAYS,NHAI,GUJARAT,2018-03-01,,,2702.05,2702.05,0,,,,,0/0,consolidated,119
2018-10-01,N24000833,948,CONSTRUCTION OF EIGHT LANE VADODARA KIM EXPRESSWAY FROM KM 279.00 TO 292.00 (ANKLESHWAR TO MANUBAR S,ROAD TRANSPORT AND HIGHWAYS,NHAI,GUJARAT,2018-03-01,,,1437.64,1437.64,0,,,,,0/0,consolidated,119
2018-10-01,N24000834,949,CONSTRUCTION OF EIGHT LANE VADODARA KIM EXPRESSWAY FROM KM 254.430 TO KM 279.000 (KIM TO ANKLESHWAR,ROAD TRANSPORT AND HIGHWAYS,NHAI,GUJARAT,2018-03-01,,,1161.39,1161.39,0,,,,,0/0,consolidated,119
2018-10-01,N24000122,950,DELHI/ HARYANA BORDER TO ROHTAK,ROAD TRANSPORT AND HIGHWAYS,NHAI,HARYANA,2007-04-01,2010-05-01,2018-10-01,486,486,475.57,,,,101(O),0/0,consolidated,119
2018-10-01,N24000133,951,PANIPAT-JALANDHAR 6 LANE(KM 96 TO 387.1 KM),ROAD TRANSPORT AND HIGHWAYS,NHAI,HARYANA,2009-05-01,2011-11-01,2019-06-01,1108,2288,3870.31,,,,91(O),0/0,consolidated,119
2018-10-01,N24000169,952,ROHTAK-BAWAL,ROAD TRANSPORT AND HIGHWAYS,NHAI,HARYANA,2011-05-01,2013-11-01,,650,650,832.39,,,,,0/0,consolidated,119
2018-10-01,N24000347,953,FOUR LANING OF HISAR - DABWALI SECTION WITH PS - PACKAGE -I,ROAD TRANSPORT AND HIGHWAYS,NHAI,HARYANA,2015-08-01,2018-02-01,,723.54,723.54,530.94,,,,,0/0,consolidated,119
2018-10-01,N24000443,954,4 LANING OF AMBALA - KAITHAL - PACKAGE -1,ROAD TRANSPORT AND HIGHWAYS,NHAI,HARYANA,2015-12-01,2016-06-01,2018-12-01,602.95,602.95,54.89,,,,30(O),0/0,consolidated,119
2018-10-01,N24000448,955,4 LANING OF AMBALA - KAITHAL - PACKAGE -2,ROAD TRANSPORT AND HIGHWAYS,NHAI,HARYANA,2016-01-01,2018-07-01,2019-03-01,574.28,574.28,66.52,,,,8(O),0/0,consolidated,119
2018-10-01,N24000449,956,8 LANING OF MUKARBA CHOWK TO PANIPAT,ROAD TRANSPORT AND HIGHWAYS,NHAI,HARYANA,2015-07-01,2019-04-01,2019-04-01,2128.72,2128.72,201.96,,,,0(O),0/0,consolidated,119
2018-10-01,N24000492,957,FOUR LANING OF HISAR - DABWALI SECTION WITH PS - PACKAGE -2,ROAD TRANSPORT AND HIGHWAYS,NHAI,HARYANA,2015-11-01,2018-05-01,,867.66,867.66,502.66,,,,,0/0,consolidated,119
2018-10-01,N24000608,958,CONSTRUCTION OF FOUR LANING OF UP/HARYANA NH-73,ROAD TRANSPORT AND HIGHWAYS,NHAI,HARYANA,2016-08-01,2019-05-01,2019-08-01,248.97,248.97,0,,,,3(O),0/0,consolidated,119
2018-10-01,N24000625,959,CONSTRUCTION OF FLYOVER/UNDERPASS FOR IMPROVEMENT OF EXISTING JUNCTIONS AT IFFCO CHOWK AT KM. 28.211,ROAD TRANSPORT AND HIGHWAYS,NHAI,HARYANA,2016-09-01,2019-05-01,2019-05-01,1004.67,1004.67,0,,,,0(O),0/0,consolidated,119
2018-10-01,N24000664,960,4-LANNING OF PUNJAB HARYANA BORDER-JIND SECTION OF NH-71 FROM KM 238.695 TO KM 307.00 ON DBFOT TOLL,ROAD TRANSPORT AND HIGHWAYS,NHAI,HARYANA,2017-03-01,2020-03-01,2019-06-01,639.79,552.9,15.22,,,,-9(O),0/0,consolidated,119
2018-10-01,N24000835,961,CONSTRUCTION OF 8 LANE DWARKA EXPRESSWAY (NH-248BB PACKAGE IV FROM RAIL OVER BRIDGE (ROB) TILL END P,ROAD TRANSPORT AND HIGHWAYS,NHAI,HARYANA,2018-03-01,,,1484.3,1484.3,0,,,,,0/0,consolidated,119
2018-10-01,N24000836,962,REHABILITATION AND UP-GRADATION FROM 2 LANE WITH PAVED SHOULDER FOR BHIWANI-MUNDAL- JIND ROAD FROM DE,ROAD TRANSPORT AND HIGHWAYS,NHAI,HARYANA,2018-03-01,,,275.12,275.12,0,,,,,0/0,consolidated,119
2018-10-01,N24000837,963,REHABILITATION AND UP-GRADATION FROM 2 LANE WITH PAVED SHOULDER FOR JIND - KARNAL SECTION FROMEXISTI,ROAD TRANSPORT AND HIGHWAYS,NHAI,HARYANA,2018-03-01,,,307.79,307.79,0,,,,,0/0,consolidated,119
2018-10-01,N24000839,964,SIX LANING AND STRENGTHENING OF NEW NH-248A FROM EXISTING KM 11+682 TO EXISTING KM 24+400 IN THE STA,ROAD TRANSPORT AND HIGHWAYS,NHAI,HARYANA,2018-03-01,,,634.7,634.7,0,,,,,0/0,consolidated,119
2018-10-01,N24000841,965,SIX LANING & STREGTHENING OF NH-248A FROM EXISTING KM 2.740 (RAJIV CHOWK) TO KM 11.682 (PACKAGE-I) I,ROAD TRANSPORT AND HIGHWAYS,NHAI,HARYANA,2018-03-01,,,795.5,795.5,0,,48,,,0/0,consolidated,119
2018-10-01,N24000846,966,REHABILITATION AND UPGRADATION TO 2-LANE WITH PAVED SHOULDER FROM JIND-GOHANA ROAD FROM DESIGN CHAIN,ROAD TRANSPORT AND HIGHWAYS,NHAI,HARYANA,2018-03-01,,,198.05,198.05,0,,,,,0/0,consolidated,120
2018-10-01,N24000848,967,REHABILITATION AND UPGRADATION OF JHAJJAR- LOHARU SECTION FROM KM 130.770 TO KM 228.630 (DESIGN CHAIN,ROAD TRANSPORT AND HIGHWAYS,NHAI,HARYANA,2018-03-01,,,181.78,181.78,0,,,,,0/0,consolidated,120
2018-10-01,N24000850,968,REDESIGNING REHABILITATION AND UPGRADATION TO FOUR LANE CONFIGURATION & STRENGTHENING OF ROHNA/HASS,ROAD TRANSPORT AND HIGHWAYS,NHAI,HARYANA,2018-03-01,,,551.58,551.58,0,,,,,0/0,consolidated,120
2018-10-01,N24000232,969,FOUR LANING OF KIRATPUR NEAR CHOUK SECTION (73.20 KM TO186.50 KM),ROAD TRANSPORT AND HIGHWAYS,NHAI,HIMACHAL PRADESH,2013-11-01,2016-11-01,2019-04-01,1916.79,1916.79,1737.91,,,,29(O),0/0,consolidated,120
2018-10-01,N24000479,970,FOUR LANING OF PARWANOO -SOLAN,ROAD TRANSPORT AND HIGHWAYS,NHAI,HIMACHAL PRADESH,2015-09-01,2018-03-01,2019-03-01,934.46,934.46,104.98,,,,12(O),0/0,consolidated,120
2018-10-01,N24000546,971,2 LANE WITH PAVED SHOULDERS ON KULLU TO MANALI (KM 272/00 TO 309/345),ROAD TRANSPORT AND HIGHWAYS,NHAI,HIMACHAL PRADESH,2016-02-01,2019-02-01,2019-02-01,273.2,273.2,18.36,,,,0(O),0/0,consolidated,120
2018-10-01,N24000606,972,TWO LANNING WITH FORMATION OF FOUR LANE OF PROPOSED SHIMLA BYPASS,ROAD TRANSPORT AND HIGHWAYS,NHAI,HIMACHAL PRADESH,2016-08-01,,2020-09-01,1583.18,1583.18,0,,,,,0/0,consolidated,120
2018-10-01,N24000613,973,FOUR LANNING OF NERCHOWK-PANDOH BYPASS SECTION OF NH-21(PACKAGE-I KM 190.000 TO KM 221.305) UNDER NH,ROAD TRANSPORT AND HIGHWAYS,NHAI,HIMACHAL PRADESH,2016-09-01,,2020-07-01,1273.71,1273.71,0,,,,,0/0,consolidated,120
2018-10-01,N24000634,974,FOUR LANNING OF TAKOLI-KULLU SECTION OF NH- 21 (KM 242+000 TO KM 272+000),ROAD TRANSPORT AND HIGHWAYS,NHAI,HIMACHAL PRADESH,2016-10-01,,2019-11-01,447.75,447.75,16.25,,,,,0/0,consolidated,120
2018-10-01,N24000692,975,4-LANNING OF END OF PANDOH BYPASS TAKOLI IN H.P,ROAD TRANSPORT AND HIGHWAYS,NHAI,HIMACHAL PRADESH,2017-06-01,2020-06-01,2020-06-01,2485.93,2485.93,0,,,,0(O),0/0,consolidated,120
2018-10-01,N24000852,976,FOUR LANING OF SOLAN-KAITHLIGHAT SECTION OF NH-22 (NOW NH-5) FROM KM 106.139 TO KM 129.050 ON EPC M,ROAD TRANSPORT AND HIGHWAYS,NHAI,HIMACHAL PRADESH,2018-03-01,,,478.74,478.74,0,,,,,0/0,consolidated,120
2018-10-01,N24000161,977,QUAZIGUND-BANIHAL KM.220.00 TO KM.188.00,ROAD TRANSPORT AND HIGHWAYS,NHAI,JAMMU AND KASHMIR,2010-07-01,2015-07-01,2019-03-01,1987,1987,1597.63,,,,44(O),0/0,consolidated,120
2018-10-01,N24000162,978,NASHRI- CHANANI,ROAD TRANSPORT AND HIGHWAYS,NHAI,JAMMU AND KASHMIR,2011-05-01,2015-06-01,,2159,2159,3986.82,,,,,0/0,consolidated,120
2018-10-01,N24000163,979,JAMMU-UDHAMPUR KM.27.5 TO KM.67.00,ROAD TRANSPORT AND HIGHWAYS,NHAI,JAMMU AND KASHMIR,2010-07-01,2013-07-01,,1813.76,1813.76,2393.99,,,,,0/0,consolidated,120
2018-10-01,N24000189,980,SRINAGAR TO BANIHAL,ROAD TRANSPORT AND HIGHWAYS,NHAI,JAMMU AND KASHMIR,2011-06-01,2014-06-01,,1100.7,1100.7,1230.16,,,,,0/0,consolidated,120
2018-10-01,N24000471,981,FOUR LANING OF RAMBAN - BANIHAL SECTION OF NH-1A,ROAD TRANSPORT AND HIGHWAYS,NHAI,JAMMU AND KASHMIR,2015-12-01,2019-06-01,2020-12-01,2168.66,2168.66,0,,,,18(O),0/0,consolidated,120
2018-10-01,N24000488,982,FOUR LANING OF UDHAMBUR - RAMBAN SECTION OF NH-1A,ROAD TRANSPORT AND HIGHWAYS,NHAI,JAMMU AND KASHMIR,2015-12-01,2018-12-01,2019-10-01,2136.97,2136.97,42.29,,,,10(O),0/0,consolidated,120
2018-10-01,N24000717,983,CONSTRUCTION OF STAND ALONE RING ROAD/ BYPASS AROUND JAMMU CITY IN THE STATE OF J AND K ON EPC MODE,ROAD TRANSPORT AND HIGHWAYS,NHAI,JAMMU AND KASHMIR,2017-12-01,,,1471.75,1471.75,0,,,,,0/0,consolidated,120
2018-10-01,N24000215,984,RANCHI-RARGA-JAMSETHPUR,ROAD TRANSPORT AND HIGHWAYS,NHAI,JHARKHAND,2012-12-01,2015-06-01,,1479,1479,740.26,,,,,0/0,consolidated,120
2018-10-01,N24000548,985,4-LANNING OF MAHULIA BAHARAGORA-JH/WB BORDER SECTION,ROAD TRANSPORT AND HIGHWAYS,NHAI,JHARKHAND,2016-02-01,2019-03-01,2019-03-01,997.15,997.15,328.14,,,,0(O),0/0,consolidated,121
2018-10-01,N24000594,986,TWO/FOUR LANNING WITH PAVED SHOULDERS OF GOVINDPUR (RAIGANJ)-CHAS-WEST BENGAL BORDER SECTION OF NH-,ROAD TRANSPORT AND HIGHWAYS,NHAI,JHARKHAND,2016-07-01,,,458.03,458.03,0,,,,,0/0,consolidated,121
2018-10-01,N24000607,987,FOUR LANING OF BARHI-HAZARIBAGH NH-33,ROAD TRANSPORT AND HIGHWAYS,NHAI,JHARKHAND,2016-08-01,2018-08-01,2018-08-01,323.72,323.72,37.2,,,,,0/0,consolidated,121
2018-10-01,N24000669,988,4 LANING OF PISKA MORE TO PALMA SECTION(FROM KM 2.9 TO KM 26.00),ROAD TRANSPORT AND HIGHWAYS,NHAI,JHARKHAND,2017-03-01,2020-03-01,2019-06-01,165.5,172.16,10.57,,,,-9(O),0/0,consolidated,121
2018-10-01,N24000670,989,4 LANING OF KUTCHERY CHOWK TO BIJU PARA SECTION (FROM KM 0.00 TO KM.34.00),ROAD TRANSPORT AND HIGHWAYS,NHAI,JHARKHAND,2017-03-01,2020-03-01,2020-03-01,239.68,235.9,21.98,,,,0(O),0/0,consolidated,121
2018-10-01,N24000725,990,FOUR LANING OF BARHI - KODERMA SECTION OF NH - 31,ROAD TRANSPORT AND HIGHWAYS,NHAI,JHARKHAND,2018-01-01,,,273.46,273.46,0,,,,,0/0,consolidated,121
2018-10-01,N24000726,991,SIX LANING OF BIHAR - JHARKHAND BORDER (CHORDAHA) TO GORHAR SECTION,ROAD TRANSPORT AND HIGHWAYS,NHAI,JHARKHAND,2018-01-01,,,1155.16,1155.16,0,,,,,0/0,consolidated,121
2018-10-01,N24000854,992,4-LANING OF LOHA - WARANGA SECTION OF NH-361 FROM KM. 187.800 TO KM. 244.369 (DESIGN LENGTH 56.569 K,ROAD TRANSPORT AND HIGHWAYS,NHAI,JHARKHAND,2018-03-01,,,1005.08,1005.08,0,,,,,0/0,consolidated,121
2018-10-01,N24000138,993,HUNGUND-SURATHKAL AND MANGALORE- KNT/KERALA BORDER,ROAD TRANSPORT AND HIGHWAYS,NHAI,KARNATAKA,2010-09-01,2018-06-01,2019-03-01,946,946,818.53,,,,9(O),3/3,consolidated,121
2018-10-01,N24000334,994,STRENGTHENING AND WIDENING TO TWO LANE WITH PAVED SHOULDERS FROM KM.106.00 TO 153.00 OF NH-218 BIJAP,ROAD TRANSPORT AND HIGHWAYS,MORTH,KARNATAKA,2015-03-01,2015-11-01,,165.67,165.67,0,,,,,0/0,consolidated,121
2018-10-01,N24000335,995,STRENGTHENING AND WIDENING TO TWO LANE WITH PAVED SHOULDERS FROM KM.56.00 TO 106.00 OF NH-218 BIJAPU,ROAD TRANSPORT AND HIGHWAYS,MORTH,KARNATAKA,2015-03-01,2015-11-01,,159.12,159.12,0,,,,,0/0,consolidated,121
2018-10-01,N24000342,996,TWO LANE WITH PAVED SHOULDERS OF BIJAPUR - GULBARGA - HOMNABAD - SECTION OF NH-218 ( NEW NH NO -50),ROAD TRANSPORT AND HIGHWAYS,NHAI,KARNATAKA,2015-05-01,2017-09-01,2018-12-01,709,709,351.24,,,,15(O),0/0,consolidated,121
2018-10-01,N24000376,997,"REHABILITATION AND UPGRADING TO 2 LANES/2 LANE WITH PAVED SHOULDERS CONFIGURATION OF ""MADHUGIRI-MULB",ROAD TRANSPORT AND HIGHWAYS,MORTH,KARNATAKA,1991-01-01,2018-01-01,,219.4,219.4,0,,,,,0/0,consolidated,121
2018-10-01,N24000462,998,4-LANING OF GOA/KARNATAKA BORDER-KUNDAPUR SECTION,ROAD TRANSPORT AND HIGHWAYS,NHAI,KARNATAKA,2014-05-01,2016-08-01,2019-03-01,1655.01,1655.01,1515.16,,,,31(O),0/0,consolidated,121
2018-10-01,N24000490,999,FOUR LANING OF HOSPET - CHITRADURGA,ROAD TRANSPORT AND HIGHWAYS,NHAI,KARNATAKA,2015-03-01,2018-08-01,2019-04-01,1388,1388,846.58,,,,8(O),0/0,consolidated,121
2018-10-01,N24000552,1000,4-LANNING EXISTING KM 189.700 TO 237.00] HASSAN TO MARANAHALLY,ROAD TRANSPORT AND HIGHWAYS,NHAI,KARNATAKA,2016-03-01,2019-03-01,2019-07-01,701.4,701.4,22.02,,,,4(O),0/0,consolidated,121
2018-10-01,N24000554,1001,4-LANNING EXISTING KM 263.00 TO 328.00] ADDAHOLE TO BANTAWAL,ROAD TRANSPORT AND HIGHWAYS,NHAI,KARNATAKA,2016-03-01,2019-03-01,2020-11-01,870,870,9.12,,,,20(O),0/0,consolidated,121
2018-10-01,N24000598,1002,4-LANING OF HOSKOTE-DOBBASPET,ROAD TRANSPORT AND HIGHWAYS,NHAI,KARNATAKA,2014-05-01,,,720.69,720.69,99.03,,,,,0/0,consolidated,121
2018-10-01,N24000602,1003,FOUR LANNING OF HUBLI-HOSPET SECTION OF NH- 63 FROM KM. 129.249 PHASE-IVB,ROAD TRANSPORT AND HIGHWAYS,NHAI,KARNATAKA,2016-08-01,2020-04-01,2020-04-01,1664.2,1664.2,270.31,,,,0(O),0/0,consolidated,122
2018-10-01,N24000603,1004,HOSPET-BELLARY-KARNATAKA AP BORDER,ROAD TRANSPORT AND HIGHWAYS,NHAI,KARNATAKA,2016-08-01,2019-03-01,2019-03-01,1167.42,1167.42,191.05,,,,0(O),0/0,consolidated,122
2018-10-01,N24000622,1005,TWO/FOUR LANNING OF BRT TIGER RESERVE BOUNDARY TO BANGALORE SECTION OF NH- 209(EXISTING CHAINAGE FROM,ROAD TRANSPORT AND HIGHWAYS,NHAI,KARNATAKA,2016-09-01,2019-08-01,2019-08-01,950.69,950.69,388.34,,,,0(O),0/0,consolidated,122
2018-10-01,N24000674,1006,SIX LANING OF DAVANGERE-HAVERI FROM KM 260+000 TO KM 338+923 OF NH-48(OLD NH-4) STATE OF KARNATAKA,ROAD TRANSPORT AND HIGHWAYS,NHAI,KARNATAKA,2017-03-01,2020-03-01,2020-06-01,831.58,1177,121,,,,3(O),0/0,consolidated,122
2018-10-01,N24000675,1007,SIX LANING OF CHITRADURGA-DAVANGERE INCLUDING CHITRADURGA BYPASS(KM 189+000 TO KM 260+000 OF NH-48(O,ROAD TRANSPORT AND HIGHWAYS,NHAI,KARNATAKA,2017-03-01,2020-03-01,2020-06-01,993.16,1434,325.34,,,,3(O),0/0,consolidated,122
2018-10-01,N24000783,1008,2 LANING WITH PAVED SHOULDER FROM KM 30.800 TO KM 70.800 AND 2 LANING WITHOUT PAVED SHOULDER FROM KM,ROAD TRANSPORT AND HIGHWAYS,NHAI,KARNATAKA,2018-02-01,,,486.78,486.78,0,,,,,0/0,consolidated,122
2018-10-01,N24000787,1009,SIX-LANING OF BANGALORE – NIDAGATTA SECTION KM 18.000 TO KM 74.200 OF NH-275 IN THE STATE OF KARNAT,ROAD TRANSPORT AND HIGHWAYS,NHAI,KARNATAKA,2018-02-01,,,1995.34,1995.34,0,,,,,0/0,consolidated,122
2018-10-01,N24000789,1010,SIX LANING OF NIDAGATTA-MYSORE SECTION KM 74.20 TO KM 135.304 OF NH-275 IN THE STATE OF KARNATAKA,ROAD TRANSPORT AND HIGHWAYS,NHAI,KARNATAKA,2018-02-01,,,2177.8,2177.8,0,,,,,0/0,consolidated,122
2018-10-01,N24000149,1011,SIX LANNING OF VADAKKANCHERRY THRISSURESECTION KM 240 270KM,ROAD TRANSPORT AND HIGHWAYS,NHAI,KERALA,2010-02-01,2012-08-01,2019-03-01,617,617,245.89,,,,79(O),0/0,consolidated,122
2018-10-01,N24000260,1012,CONSTRUCTION OF 6.80 KM 2 LANE WITH PAVED SHOULDERS ALAPPUZHA BYPASS ON NH47 NEW NH 66 FROM KM 408.1,ROAD TRANSPORT AND HIGHWAYS,PWD,KERALA,2014-01-01,2017-09-01,2018-11-01,255.75,348.43,231.56,,348,,14(O),0/0,consolidated,122
2018-10-01,N24000261,1013,CONSTRUCTION OF 13.0 KM 2 LANE WITH PAVED SHOULDERS KOLLAM BYPASS ON NH47 (NEW NH 66) FROM KM 486/50,ROAD TRANSPORT AND HIGHWAYS,PWD,KERALA,2014-01-01,2017-11-01,2018-10-01,267.16,352.05,201.35,,352,,11(O),0/0,consolidated,122
2018-10-01,N24000459,1014,4 LANING OF KAZHAKKOTTAM TO MUKKOLA SECTION OF NH-47,ROAD TRANSPORT AND HIGHWAYS,NHAI,KERALA,2015-06-01,,2019-04-01,845.24,845.24,91.2,,,,,0/0,consolidated,122
2018-10-01,N24000566,1015,4 LANNING OF MUKKOLA JUNCTION TO KERALA/ TAMIL NADU BORDER FROM KM 26.500 TO KM 43.000 OF NH-47 IN T,ROAD TRANSPORT AND HIGHWAYS,NHAI,KERALA,2016-04-01,2018-06-01,2019-04-01,804.97,804.97,21.8,,,,10(O),0/0,consolidated,122
2018-10-01,N24000704,1016,4-LANNING OF THALSERRY -MAHE BYPASS,ROAD TRANSPORT AND HIGHWAYS,NHAI,KERALA,2017-09-01,2017-09-01,2020-06-01,1124.11,1124.11,0,,,,33(O),0/0,consolidated,122
2018-10-01,N24000784,1017,6-LANING OF KOZHIKODE BYPASS (CALICUT BYPASS) (I.E. VENGALAM JN. TO RAMANATTUKARA JN.) SECTION OF NH,ROAD TRANSPORT AND HIGHWAYS,NHAI,KERALA,2018-02-01,,,1424.77,1424.77,0,,,,,0/0,consolidated,122
2018-10-01,N24000136,1018,INDORE-JHABUA-GUJRAT/MP,ROAD TRANSPORT AND HIGHWAYS,NHAI,MADHYA PRADESH,2010-10-01,2013-04-01,2018-11-01,1175,1206.1,1209.67,,,,67(O),0/0,consolidated,122
2018-10-01,N24000159,1019,INDORE-DEWAS(NH-3),ROAD TRANSPORT AND HIGHWAYS,NHAI,MADHYA PRADESH,2010-11-01,2013-05-01,,325,325,469.54,,,,,0/0,consolidated,122
2018-10-01,N24000310,1020,KATNI TO UMARIYA SECTION OF NH-78 IN MADYA PRADESH KM 0 TO 68/4,ROAD TRANSPORT AND HIGHWAYS,NHDP,MADHYA PRADESH,2015-02-01,2017-07-01,,377.83,377.83,57.42,,51,,,0/0,consolidated,122
2018-10-01,N24000375,1021,SATANA-BELA SECTION OF NH-75(4L) IN MP,ROAD TRANSPORT AND HIGHWAYS,PWD,MADHYA PRADESH,2012-01-01,2015-08-01,,320.48,320.48,189.49,,,,,0/0,consolidated,123
2018-10-01,N24000378,1022,BARELA-MANDLA SECTION OF NH-12A IN MADHYA PRADESH KM 22/8 TO KM 89/6 OF NH-12A,ROAD TRANSPORT AND HIGHWAYS,NHDP,MADHYA PRADESH,2015-06-01,,,390.51,390.51,43.25,,,,,0/0,consolidated,123
2018-10-01,N24000380,1023,BHOPAL-BIORA (4L) OF NH-12 IN MP,ROAD TRANSPORT AND HIGHWAYS,NHDP,MADHYA PRADESH,2011-11-01,2015-05-01,,704.26,704.26,0,,,,,0/0,consolidated,123
2018-10-01,N24000381,1024,BIORA-RAJASTHAN BORDER (2L) OF NH-12EXT IN MP,ROAD TRANSPORT AND HIGHWAYS,NHDP,MADHYA PRADESH,2013-03-01,2016-02-01,,257.8,257.8,59.3,,,,,0/0,consolidated,123
2018-10-01,N24000388,1025,INDO-NEPAL BORDER TO RUDHAULI SECTION OF NH-233 IN UTTAR PRADESH KM 0/0 TO 65/870,ROAD TRANSPORT AND HIGHWAYS,NHDP,MADHYA PRADESH,2013-11-01,2017-05-01,,497.05,497.05,0,,,,,0/0,consolidated,123
2018-10-01,N24000394,1026,SHAHDOL TO ANUPPUR-MP/CHATTISGARH BORDER SECTION OF NH-78 IN MADYA PRADESH KM 142/200 TO 245/0,ROAD TRANSPORT AND HIGHWAYS,NHDP,MADHYA PRADESH,2015-06-01,2017-05-01,,532.49,532.49,137.08,,,,,0/0,consolidated,123
2018-10-01,N24000395,1027,BAMITHA-SATANA (2L+PS) OF NH-75 IN MP,ROAD TRANSPORT AND HIGHWAYS,NHDP,MADHYA PRADESH,2015-08-01,,,257.8,257,12.38,,,,,0/0,consolidated,123
2018-10-01,N24000401,1028,SIDHI TO SINGRAULI SECTION OF NH-75E (4L) IN MP,ROAD TRANSPORT AND HIGHWAYS,PWD,MADHYA PRADESH,2011-11-01,2015-09-01,,871.15,871.15,332.25,,,,,0/0,consolidated,123
2018-10-01,N24000410,1029,MANDLA-CHILPI SECTION OF NH-12A IN MADHYA PRADESH KM 89/6 TO KM 192/4 OF NH-12A,ROAD TRANSPORT AND HIGHWAYS,NHDP,MADHYA PRADESH,2015-06-01,2017-12-01,,641.02,641.02,89.88,,,,,0/0,consolidated,123
2018-10-01,N24000412,1030,MANGAWA-MP/UP BORDER SECTION OF NH-27 (4L) IN MP,ROAD TRANSPORT AND HIGHWAYS,NHDP,MADHYA PRADESH,2012-01-01,2015-04-01,,381.86,381.86,252.03,,,,,0/0,consolidated,123
2018-10-01,N24000447,1031,BELA(RIWA)-MP/UP BORDER (4L) OF NH-7 IN MP,ROAD TRANSPORT AND HIGHWAYS,NHDP,MADHYA PRADESH,2011-11-01,2015-02-01,,670.82,670.82,590,,,,,0/0,consolidated,123
2018-10-01,N24000468,1032,FOUR LANING OF REWA - KATNI - JABALPUR - PACKAGE -II,ROAD TRANSPORT AND HIGHWAYS,NHAI,MADHYA PRADESH,2015-03-01,,2018-12-01,795.76,795.76,112.84,,,,,0/0,consolidated,123
2018-10-01,N24000469,1033,FOUR LANING OF REWA - KATNI - JABALPUR - PACKAGE -I,ROAD TRANSPORT AND HIGHWAYS,NHAI,MADHYA PRADESH,2015-03-01,,2018-12-01,794.3,794.3,100.1,,,,,0/0,consolidated,123
2018-10-01,N24000474,1034,JABALPUR-BARELA SECTION OF NH-12A IN MADHYA PRADESH KM 477/6 OF NH-7 TO KM 22/8 OF NH-12A,ROAD TRANSPORT AND HIGHWAYS,NHDP,MADHYA PRADESH,2015-02-01,2017-05-01,,327.32,327.32,142.73,,,,,0/0,consolidated,123
2018-10-01,N24000475,1035,JABALPUR TO HIREN RIVER SECTION OF NH-12 IN MADHYA PRADESH KM 11/400 TO 66/400,ROAD TRANSPORT AND HIGHWAYS,NHDP,MADHYA PRADESH,2015-11-01,2018-03-01,,628.45,628.45,20.74,,,,,0/0,consolidated,123
2018-10-01,N24000478,1036,GOHARGANJ TO BHOPAL SECTION OF NH-12 IN MADHYA PRADESH KM 43 TO 93,ROAD TRANSPORT AND HIGHWAYS,NHDP,MADHYA PRADESH,2015-12-01,2018-06-01,,927.54,927.54,29.17,,,,,0/0,consolidated,123
2018-10-01,N24000489,1037,FOUR LANING OF JABALPUR - LAKHNADON,ROAD TRANSPORT AND HIGHWAYS,NHAI,MADHYA PRADESH,2015-03-01,,2018-12-01,928.83,928.83,161.36,,,,,0/0,consolidated,123
2018-10-01,N24000494,1038,FOUR LANING OF GWALIOR-SHIVPURI,ROAD TRANSPORT AND HIGHWAYS,NHAI,MADHYA PRADESH,2013-05-01,2015-11-01,2018-12-01,1055,1601.77,1328.85,,,,37(O),0/0,consolidated,123
2018-10-01,N24000496,1039,FOUR LANING OF GUNA TO BIAORA SECTION OF NH-3 FROM KM 332.100 TO KM. 426.100 IN THE STATE OF MADHYA,ROAD TRANSPORT AND HIGHWAYS,NHAI,MADHYA PRADESH,2015-06-01,2016-03-01,2019-03-01,1012.9,1012.9,439.07,,,,36(O),0/0,consolidated,123
2018-10-01,N24000504,1040,FOUR LANING OF REWA - KATNI - JABALPUR - PACKAGE -IV,ROAD TRANSPORT AND HIGHWAYS,NHAI,MADHYA PRADESH,2015-03-01,,2018-12-01,810.22,810.22,99.28,,,,,0/0,consolidated,123
2018-10-01,N24000505,1041,FOUR LANING OF BIAORA –DEWAS SECTION OF NH- 3 FROM KM 426.100 TO KM 566.450 IN THE STATE OF MADHYA PR,ROAD TRANSPORT AND HIGHWAYS,NHAI,MADHYA PRADESH,2015-06-01,2019-01-01,2019-01-01,1583.79,1583.79,434.3,,,,0(O),0/0,consolidated,124
2018-10-01,N24000513,1042,UMARIYA TO SHAHDOL SECTION OF NH-78 IN MADYA PRADESH KM 68/4 TO 142/200,ROAD TRANSPORT AND HIGHWAYS,PWD,MADHYA PRADESH,2015-03-01,2017-08-01,,511.83,511.83,40.87,,,,,0/0,consolidated,124
2018-10-01,N24000605,1043,BALANCE WORK OF 2-LANE WITH PAVED SHOULDER OF BHOPAL-SANCHI SECTION,ROAD TRANSPORT AND HIGHWAYS,NHAI,MADHYA PRADESH,2016-08-01,2019-01-01,2019-01-01,227.49,227.49,4.36,,,,0(O),0/0,consolidated,124
2018-10-01,N24000702,1044,FOUR LANNING BALANCE WORK FOR BHOPAL- BIAORA SECTION OF NH-12 FROM MUBARAKPUR TO BIAORA FROM KM 124.,ROAD TRANSPORT AND HIGHWAYS,NHAI,MADHYA PRADESH,2017-10-01,2017-10-01,2020-01-01,639.97,639.97,20.06,,,,27(O),0/0,consolidated,124
2018-10-01,N24000705,1045,BALANCE WORK OF 4-LANNING OF LALGHATI TO MUBARAKPUR OF NH-12,ROAD TRANSPORT AND HIGHWAYS,NHAI,MADHYA PRADESH,2017-09-01,2017-09-01,,374.4,374.4,0,,,,,0/0,consolidated,124
2018-10-01,N24000706,1046,BALANCE WORK OF 4-LANNING OF OBEDULLAGANJ TO ITARSI SECTION OF NH-69,ROAD TRANSPORT AND HIGHWAYS,NHAI,MADHYA PRADESH,2017-09-01,2017-09-01,,990.61,990.61,0,,,,,0/0,consolidated,124
2018-10-01,N24000709,1047,BALANCE WORK FOR FOUR LANING OF ITARSI TO BETUL SECTION OF NH69 FROM KM 63.000 TO KM 137.00 (DESIGN,ROAD TRANSPORT AND HIGHWAYS,NHAI,MADHYA PRADESH,2017-12-01,,,950.27,950.27,0,,,,,0/0,consolidated,124
2018-10-01,N24000727,1048,FOUR LANING OF DELINKED STRETCH OF SEONI – MP/MH BORDER OF NH-7 (LENGTH 28.70 KM) FROM KM 624.480 TO,ROAD TRANSPORT AND HIGHWAYS,NHAI,MADHYA PRADESH,2018-01-01,,,960.24,960.24,0,,,,,0/0,consolidated,124
2018-10-01,N24000728,1049,FOUR LANNING WORK FROM HIRAN RIVER TO SINDOOR RIVER FROM KM 66.00 TO KM 130.00 SECTION OF NH-12 UNDE,ROAD TRANSPORT AND HIGHWAYS,NHAI,MADHYA PRADESH,2018-01-01,,,770.73,770.73,0,,,,,0/0,consolidated,124
2018-10-01,N24000156,1050,PUNE-SATARA(NH-4),ROAD TRANSPORT AND HIGHWAYS,NHAI,MAHARASHTRA,2010-10-01,2013-03-01,2019-06-01,1724.55,1724.55,2045.86,,,,75(O),0/0,consolidated,124
2018-10-01,N24000216,1051,PANVEL-INDAPUR,ROAD TRANSPORT AND HIGHWAYS,NHAI,MAHARASHTRA,2011-12-01,2014-06-01,2019-06-01,942.69,942.69,379.9,,,,60(O),0/0,consolidated,124
2018-10-01,N24000230,1052,WIDENING OF KHED-SINNAR STRETCH OF PUNE NASHIK SECTION OF NH-50,ROAD TRANSPORT AND HIGHWAYS,NHAI,MAHARASHTRA,2013-05-01,2014-02-01,2019-06-01,1348.2,1348.2,3386.77,,,,64(O),2/2,consolidated,124
2018-10-01,N24000250,1053,REHABILATION AND UPGRADATION OF NH-222(61) FOM KM 284 TO 337,ROAD TRANSPORT AND HIGHWAYS,NHDP,MAHARASHTRA,2014-06-01,2016-11-01,,260.39,260.39,87.43,,,,,0/2,consolidated,124
2018-10-01,N24000252,1054,CONSTRUCTION OF MAJOR BRIDGE WITH APPROACHES ACROSS PRANHITA RIVER AT KM 57.300 ON NH-63(16),ROAD TRANSPORT AND HIGHWAYS,NHDP,MAHARASHTRA,2015-03-01,,,168.3,168.3,13.43,,,,,0/4,consolidated,124
2018-10-01,N24000253,1055,CONSTRUCTION OF MAJOR/MINOR BRIDGE AND ROB IN 4 LANNING OF NH-66(17) MUMBAI-GOA ROAD FROM KM 161 TO,ROAD TRANSPORT AND HIGHWAYS,PWD,MAHARASHTRA,2014-08-01,2016-07-01,,187.79,187.79,57.6,,,,,0/12,consolidated,124
2018-10-01,N24000254,1056,REHABILATION AND UPGRADATION OF NH-222(61) FOM KM 342.00 TO 444.00,ROAD TRANSPORT AND HIGHWAYS,NHDP,MAHARASHTRA,2014-01-01,,,446.77,446.77,87.62,,,,,0/4,consolidated,124
2018-10-01,N24000255,1057,REHABILATION AND UPGRADATION OF NH-222(61) FOM KM 161.570 TO 211.00,ROAD TRANSPORT AND HIGHWAYS,NHDP,MAHARASHTRA,2013-12-01,2016-11-01,,220.72,220.72,95.02,,,,,0/4,consolidated,125
2018-10-01,N24000275,1058,WIDENING NH-848 FROM KM 16.000 TO 34.000 39.000 TO 57.000 AND KM 62.000 TO 65/600/JOB NO 992/15-16,ROAD TRANSPORT AND HIGHWAYS,MORTH,MAHARASHTRA,2015-10-01,,,289.6,289.6,0,,,,,0/0,consolidated,125
2018-10-01,N24000276,1059,CONSTRUCTION OF HIGH LEVEL BRIDGE ACROSS INDRAVATI RIVER ON NH-63 (ERSTWHILE NH-16) AND CONSTRUCTION,ROAD TRANSPORT AND HIGHWAYS,MORTH,MAHARASHTRA,2011-12-01,,,156.26,156.26,65.16,,227,,,0/0,consolidated,125
2018-10-01,N24000277,1060,CONSTRUCTION OF HL BRIDGE ACROSS GADAVARI RIVER AND ITS APPROACHES FOR MISSING LINK BETWEEN SIRONCHA,ROAD TRANSPORT AND HIGHWAYS,MORTH,MAHARASHTRA,2011-03-01,,,185.82,185.82,205.97,,292,,,0/0,consolidated,125
2018-10-01,N24000332,1061,REHABILITATION AND UPGRADATION OF END OF AHMEDNAGAR BYPASS TO KHARWANDI KASAR SECTION OF NH-222 FROM,ROAD TRANSPORT AND HIGHWAYS,MORTH,MAHARASHTRA,2015-01-01,,,225.81,225.81,6.5,,,,,0/0,consolidated,125
2018-10-01,N24000425,1062,4 LANING OF AMRAVATI - CHIKHLI (PKG-I),ROAD TRANSPORT AND HIGHWAYS,NHAI,MAHARASHTRA,2015-07-01,2019-05-01,2019-05-01,2288.18,2288.18,0,,,,0(O),0/0,consolidated,125
2018-10-01,N24000432,1063,CONSTRUCTION OF NH-4B FROM KM.21.200 TO KM.27.270( D TO E SECTION) AND FROM KM.0.000 TO KM.4.492 ( D,ROAD TRANSPORT AND HIGHWAYS,NHAI,MAHARASHTRA,2015-09-01,2018-05-01,2019-03-01,414.51,414,189.93,,,,10(O),0/0,consolidated,125
2018-10-01,N24000435,1064,CONSTRUCTION OF KARALPHATA INTERCHANGE FROM 3.600 TO KM 6.073 OF NH4B AND FROM 5.300 TO KM 7.422 (,ROAD TRANSPORT AND HIGHWAYS,NHAI,MAHARASHTRA,2015-10-01,2018-05-01,2019-05-01,531.13,531.13,163.1,,,,12(O),0/0,consolidated,125
2018-10-01,N24000439,1065,4 LANING OF FAGNE - MAH-GUJ BORDER ( PKG-3),ROAD TRANSPORT AND HIGHWAYS,NHAI,MAHARASHTRA,2015-07-01,2019-05-01,2019-05-01,1885.74,1885.74,0,,,,0(O),0/0,consolidated,125
2018-10-01,N24000441,1066,CONSTRUCTION OF GAVANPHATA INTERCHANGE FROM 14.740 TO KM 15.894 ( OLD SH -54) PKG-2,ROAD TRANSPORT AND HIGHWAYS,NHAI,MAHARASHTRA,2015-10-01,2018-05-01,2019-04-01,593.26,593.26,45.11,,,,11(O),0/0,consolidated,125
2018-10-01,N24000442,1067,CONSTRUCTION OF FLYOVER AT KM.544.650 INCLUDING ROB SERVICE ROADS FOOTPATH FOR RCC DRAINS ON URBAN,ROAD TRANSPORT AND HIGHWAYS,NHAI,MAHARASHTRA,2015-12-01,2019-03-01,2019-03-01,649.5,649.5,41.2,,,,0(O),0/0,consolidated,125
2018-10-01,N24000451,1068,6/8 LANING OF ROAD PORT CONNECTIVITY JNPT PHASE II -CONSTRUCTION OF NH-348 - PKG3,ROAD TRANSPORT AND HIGHWAYS,NHAI,MAHARASHTRA,2015-08-01,2018-05-01,2019-04-01,505,505,194.09,,,,11(O),0/0,consolidated,125
2018-10-01,N24000453,1069,4 LANING OF SOLAPUR YEDISHI SECTION OF NH- 211,ROAD TRANSPORT AND HIGHWAYS,NHAI,MAHARASHTRA,2015-01-01,2017-07-01,2018-12-01,972.5,972.5,1302.5,,,,17(O),0/0,consolidated,125
2018-10-01,N24000454,1070,4-LANING OF SOLAPUR - MAHARASHTRA/ KARNATKA SECTION,ROAD TRANSPORT AND HIGHWAYS,NHAI,MAHARASHTRA,2014-06-01,2016-11-01,2019-06-01,923.04,923.04,460.13,,,,31(O),0/0,consolidated,125
2018-10-01,N24000472,1071,NAGPUR - KONDHALI,ROAD TRANSPORT AND HIGHWAYS,NHAI,MAHARASHTRA,2005-09-01,2006-06-01,,168,168,279.92,,,,,0/0,consolidated,125
2018-10-01,N24000508,1072,FOUR LANING OF AURANGABAD - YEDISHI,ROAD TRANSPORT AND HIGHWAYS,NHAI,MAHARASHTRA,2015-07-01,2018-01-01,2018-12-01,1871.34,1871.34,2263.5,,,,11(O),0/0,consolidated,125
2018-10-01,N24000509,1073,FOUR LANING FROM MPMAHARASHTRA BORDER TO NAGPUR IC KAMPTEE KANOON AND NAGPUR BYPASS,ROAD TRANSPORT AND HIGHWAYS,NHAI,MAHARASHTRA,2010-04-01,2012-06-01,2018-12-01,1170.52,1170.52,2056.03,,,,78(O),0/0,consolidated,125
2018-10-01,N24000538,1074,REHABILITATION AND AUGMENTAION OF NH-222 FROM KM 101.00 TO 161.570 UNDER NHDP-IV ON EPC MODE. JOB NO,ROAD TRANSPORT AND HIGHWAYS,PWD,MAHARASHTRA,2014-01-01,2014-11-01,,292.98,292.98,95.6,,54,,,0/0,consolidated,125
2018-10-01,N24000542,1075,BALANCE WORK OF 4-LANNING FROM KM 153.000 TO KM 175.000 OF NAGPUR- HYDERABAD SECTION NS-62,ROAD TRANSPORT AND HIGHWAYS,NHAI,MAHARASHTRA,2016-03-01,2018-07-01,2018-07-01,197.69,197.69,0,,,,,0/0,consolidated,126
2018-10-01,N24000558,1076,NAGPUR RING ROAD PACKAGE-1,ROAD TRANSPORT AND HIGHWAYS,NHAI,MAHARASHTRA,2016-03-01,2019-07-01,2019-07-01,546,546,87.19,,,,0(O),0/0,consolidated,126
2018-10-01,N24000560,1077,NAGPUR RING ROAD PACKAGE-2,ROAD TRANSPORT AND HIGHWAYS,NHAI,MAHARASHTRA,2016-03-01,2019-07-01,2019-07-01,591.66,591.66,237.07,,,,0(O),0/0,consolidated,126
2018-10-01,N24000561,1078,BALANCE WORK OF 4-LANNING FROM KM 94.000 TO KM 123.000 OF NAGPUR- HYDERABAD SECTION NS- 60,ROAD TRANSPORT AND HIGHWAYS,NHAI,MAHARASHTRA,2016-03-01,2018-07-01,,244,244,0,,,,,0/0,consolidated,126
2018-10-01,N24000584,1079,4-LANNING OF NH17 AND NEW NO. NH66 FROM KM 161/600 TO 205/400 UNDER HYBRID ANNUITY MODE,ROAD TRANSPORT AND HIGHWAYS,PWD,MAHARASHTRA,2016-03-01,,,1142.62,1142.62,0,,,,,0/0,consolidated,126
2018-10-01,N24000585,1080,4-LANNING OF NH17 AND NEW NO. NH66 FROM KM 241/300 TO 281/300 UNDER HYBRID ANNUITY MODE,ROAD TRANSPORT AND HIGHWAYS,PWD,MAHARASHTRA,2016-03-01,,,1101.58,1101.58,0,,,,,0/0,consolidated,126
2018-10-01,N24000627,1081,4-LANNING OF CHIKHLI TO TARSOD (FROM KM 360- 422.700),ROAD TRANSPORT AND HIGHWAYS,NHAI,MAHARASHTRA,2016-11-01,,,1071.61,1071.61,0,,,,,0/0,consolidated,126
2018-10-01,N24000628,1082,4-LANNING OF TARSOD-FAGNE(FROM KM 422.700- 510.00),ROAD TRANSPORT AND HIGHWAYS,NHAI,MAHARASHTRA,2016-11-01,,,1064.88,1064.88,0,,,,,0/0,consolidated,126
2018-10-01,N24000629,1083,4-LANNING OF RAIPUR-KODEBAD SECTION OF NH- 43 (FROM KM. 10.200 TO KM. 43.400) IN THE STATE OF CHHATTI,ROAD TRANSPORT AND HIGHWAYS,NHAI,MAHARASHTRA,2016-11-01,2019-03-01,2019-03-01,400.25,400.25,37.39,,,,0(O),0/0,consolidated,126
2018-10-01,N24000630,1084,4-LANNING OF KODEBAD-DHAMTARI SECTION OF NH-43 (FROM KM. 43.400 TO KM. 82.209) IN THE STATE OF CHHAT,ROAD TRANSPORT AND HIGHWAYS,NHAI,MAHARASHTRA,2016-11-01,2019-03-01,2019-11-01,446.17,446.17,1.24,,,,8(O),0/0,consolidated,126
2018-10-01,N24000631,1085,SIX LANNING FROM EXISTING KM 494.410(DESIGN CHAINAGE 540.595) TO EXISTING KM 509.550(DESIGN CHAINAGE,ROAD TRANSPORT AND HIGHWAYS,NHAI,MAHARASHTRA,2016-11-01,,2019-05-01,290.73,290.73,54.88,,,,,0/0,consolidated,126
2018-10-01,N24000650,1086,CONSTRUCTION OF FLYOVER FROM LIBERTY CINEMA TO MENTAL HOSPITAL ON NAGPUR OBEDULLAGANJ ROAD IN THE ST,ROAD TRANSPORT AND HIGHWAYS,NHAI,MAHARASHTRA,2017-01-01,2019-05-01,2019-05-01,244.9,244.9,59.39,,,,0(O),0/0,consolidated,126
2018-10-01,N24000651,1087,FOUR LANNING OF TULJAPUR-AUSA SECTION,ROAD TRANSPORT AND HIGHWAYS,NHAI,MAHARASHTRA,2017-02-01,2020-02-01,2020-05-01,904.16,904.16,129.89,,,,3(O),0/0,consolidated,126
2018-10-01,N24000655,1088,CONSTRUCTION OF NEW 4-LANE BRIDGE ACROSS VARSOVA CREEK AND ITS APPROACHES WITH INTERCHANGE IN THE ST,ROAD TRANSPORT AND HIGHWAYS,NHAI,MAHARASHTRA,2017-03-01,2020-03-01,2020-03-01,247.02,157.49,0,,,,0(O),0/0,consolidated,126
2018-10-01,N24000656,1089,4-LANNING OF BODHRE-DHULE SECTION(KM 390.000 TO 452.800),ROAD TRANSPORT AND HIGHWAYS,NHAI,MAHARASHTRA,2017-03-01,2020-03-01,2020-03-01,744.64,982,0,,,,0(O),0/0,consolidated,126
2018-10-01,N24000657,1090,4-LANNING OF WARDHA- BUTIBORI SECTION(KM 465.500 TO 524.690),ROAD TRANSPORT AND HIGHWAYS,NHAI,MAHARASHTRA,2017-03-01,2020-03-01,2020-05-01,1030.44,1065.51,262.8,,,,2(O),0/0,consolidated,126
2018-10-01,N24000658,1091,4-LANNING OF YAVATMAL-WARDHA SECTION(KM 400.575 TO 465.500),ROAD TRANSPORT AND HIGHWAYS,NHAI,MAHARASHTRA,2017-03-01,2020-03-01,2020-08-01,988.34,1043.28,245.17,,,,5(O),0/0,consolidated,126
2018-10-01,N24000659,1092,4-LANNING OF WARANGA-MAHAGAON SECTION(KM 253.7000 TO 320.580),ROAD TRANSPORT AND HIGHWAYS,NHAI,MAHARASHTRA,2017-03-01,2017-03-01,2020-11-01,1059.73,1071,39.46,,,,44(O),0/0,consolidated,126
2018-10-01,N24000660,1093,DEVELOPMENT OF MULTILANE CARRIAGEWAY FROM KANHAN TO AUTOMATIVE SQUARE (KM 704.200 TO KM 723.000),ROAD TRANSPORT AND HIGHWAYS,NHAI,MAHARASHTRA,2017-03-01,2020-03-01,2019-05-01,296.19,254,86.95,,,,-10(O),0/0,consolidated,127
2018-10-01,N24000661,1094,4-LANNING OF MAHAGAON-YAVATMAL SECTION(KM 320.580 TO 400.575),ROAD TRANSPORT AND HIGHWAYS,NHAI,MAHARASHTRA,2017-03-01,2020-03-01,2020-08-01,1098.06,1160.64,123.79,,,,5(O),0/0,consolidated,127
2018-10-01,N24000713,1095,SIX LANING OF PIMPALGAON-NASHIK-GONDE SECTION OF NH-3 FROM KM 380.000 TO 440.000 IN THE STATE OF MAH,ROAD TRANSPORT AND HIGHWAYS,NHAI,MAHARASHTRA,2017-12-01,,,404.94,404.94,0,,,,,0/0,consolidated,127
2018-10-01,N24000729,1096,4-LANING FROM AURANGABAD TO KARODI (KM 290.200 TO 320.104),ROAD TRANSPORT AND HIGHWAYS,NHAI,MAHARASHTRA,2018-01-01,,,607,607,0,,,,,0/0,consolidated,127
2018-10-01,N24000730,1097,4-LANING FROM KARODI TO TELWADI (KM 320.104 TO 375.000),ROAD TRANSPORT AND HIGHWAYS,NHAI,MAHARASHTRA,2018-01-01,,,621,621,0,,,,,0/0,consolidated,127
2018-10-01,N24000847,1098,CONSTRUCTION OF FLYOVER AT LAKHANI TOWN ON NH-53 (OLD NH-6),ROAD TRANSPORT AND HIGHWAYS,NHAI,MAHARASHTRA,2018-03-01,,,291.53,291.53,0,,,,,0/0,consolidated,127
2018-10-01,N24000849,1099,CONSTRUCTION OF FLYOVER IN SAKOLI TOWN ON NH-53 (OLD NH-6),ROAD TRANSPORT AND HIGHWAYS,NHAI,MAHARASHTRA,2018-03-01,,,289.21,289.21,0,,,,,0/0,consolidated,127
2018-10-01,N24000851,1100,CONSTRUCTION OF 8 LANING OF EXISTING 4 LANE VADAPE TO THANE FROM KM 539.202 TO KM 563.000 SECTION OF,ROAD TRANSPORT AND HIGHWAYS,NHAI,MAHARASHTRA,2018-03-01,,,1162.92,1162.92,0,,,,,0/0,consolidated,127
2018-10-01,N24000853,1101,FOUR LANING OF AKKALKOT-SOLAPUR SECTION OF NH-150E WITH PAVED SHOULDER FROM DESIGN CHAINAGE KM. 99.4,ROAD TRANSPORT AND HIGHWAYS,NHAI,MAHARASHTRA,2018-03-01,,,642.13,642.13,0,,,,,0/0,consolidated,127
2018-10-01,N24000180,1102,JORBAT - BARAPANI,ROAD TRANSPORT AND HIGHWAYS,NHAI,MEGHALAYA,2011-01-01,2014-01-01,2019-01-01,536,536,677.02,,,,60(O),0/0,consolidated,127
2018-10-01,N24000390,1103,2 LANING OF SHILLONG NONGSTOIN SECTION OF NH 44 AND NONGSTOIN TURA STATE ROAD UNDER PHASE A OF SA,ROAD TRANSPORT AND HIGHWAYS,PWD,MEGHALAYA,2010-12-01,2011-02-01,,1494.48,1494.48,0,,,,,0/0,consolidated,127
2018-10-01,N24000517,1104,TWO LANING WITH PS OF JOWAI -MEHALAYA /ASSAM BORDER SECTION OF NH-44,ROAD TRANSPORT AND HIGHWAYS,NHAI,MEGHALAYA,2015-12-01,2018-05-01,2019-03-01,479.2,479.2,14.31,,,,10(O),0/0,consolidated,127
2018-10-01,N24000771,1105,WIDENING TO 2-LANE WITH GEOMETRIC IMPROVEMENTS OF TURA DALU ROAD UNDER JICA FUNDING FROM KM 85.000 T,ROAD TRANSPORT AND HIGHWAYS,NHIDCL,MEGHALAYA,2017-04-01,,,553.51,553.51,159,,,,,0/0,consolidated,127
2018-10-01,N24000306,1106,WIDENING TO 2 LANE RE-ALIGNMENT AND GEOMETRIC IMPROVEMENT FROM KM 11/00 TO KM 114/618 OF NH-44A IN,ROAD TRANSPORT AND HIGHWAYS,PWD,MIZORAM,2010-11-01,2011-03-01,,624.41,624.41,0,,,,,0/0,consolidated,127
2018-10-01,N24000308,1107,CONSTRUCTION OF A NEW 2-LANE HIGHWAY FROM KM 71/00 TO 99/83 IN MIZORAM TO SUPPORT KALADAN MULTI MOD,ROAD TRANSPORT AND HIGHWAYS,PWD,MIZORAM,2010-08-01,2010-10-01,,193.69,193.69,0,,,,,0/0,consolidated,127
2018-10-01,N24000415,1108,CONSTRUCTION OF A NEW 2-LANE HIGHWAY FROM KM 0.00 (ON NH-54 NEAR LAWNGTLAI),ROAD TRANSPORT AND HIGHWAYS,PWD,MIZORAM,2010-08-01,2010-10-01,,195.04,195.04,130.82,,,,,0/0,consolidated,127
2018-10-01,N24000089,1109,GWALIOR-JHANSI NH-75,ROAD TRANSPORT AND HIGHWAYS,NHAI,MULTI STATE,2003-12-01,2009-12-01,,604,604,423.83,,,,,0/0,consolidated,128
2018-10-01,N24000131,1110,SURAT- DAHISAR(SIX LANE) KM 263 TO KM 502,ROAD TRANSPORT AND HIGHWAYS,NHAI,MULTI STATE,2009-02-01,2011-08-01,,1693.75,1693.75,2675.28,,,,,2/2,consolidated,128
2018-10-01,N24000155,1111,4 LANING OF NAGPUR-BETUL,ROAD TRANSPORT AND HIGHWAYS,NHAI,MULTI STATE,2011-02-01,2014-08-01,,2498.76,2498.76,2489.54,,,,,0/0,consolidated,128
2018-10-01,N24000182,1112,VARANASI-AURANGABAD KM.786 TO KM.978.40,ROAD TRANSPORT AND HIGHWAYS,NHAI,MULTI STATE,2011-09-01,2014-03-01,2019-12-01,2848,2848,1141.55,,,,69(O),0/0,consolidated,128
2018-10-01,N24000201,1113,MUZAFFARNAGAR-HARIDWAR,ROAD TRANSPORT AND HIGHWAYS,NHAI,MULTI STATE,2011-09-01,2013-03-01,2019-12-01,754,754,1363.43,,,,81(O),0/0,consolidated,128
2018-10-01,N24000224,1114,DELHI AGRA APPROVED LENGTH 180.0 KM,ROAD TRANSPORT AND HIGHWAYS,NHAI,MULTI STATE,2012-10-01,2015-04-01,,1928.22,2945,2294.94,,,,,0/0,consolidated,128
2018-10-01,N24000405,1115,WIDENING AND STG.OF EXISTING TWO-LANE CARRIAGEWAY TO FOUR LANES WITH PAVED SIDE SHOULDERS OF AMRTISA,ROAD TRANSPORT AND HIGHWAYS,PWD,MULTI STATE,2015-03-01,,,789.83,789.83,109.77,,,,,0/0,consolidated,128
2018-10-01,N24000446,1116,DEVELOPMENT OF SIX LANE EASTERN PERIPHERAL EXPRESSWAY ( PKG-III),ROAD TRANSPORT AND HIGHWAYS,NHAI,MULTI STATE,2015-09-01,2018-03-01,,788.51,788.51,103.37,,,,,0/0,consolidated,128
2018-10-01,N24000624,1117,SIX LANNING FROM KM 287.400 TO KM 401.200 SECTION OF NH- 8 IN THE STATE OF RAJASTHAN AND GUJARAT(APP,ROAD TRANSPORT AND HIGHWAYS,NHAI,MULTI STATE,2016-09-01,,2020-02-01,1244.1,1244.1,0,,,,,0/0,consolidated,128
2018-10-01,N24000831,1118,FOUR LANING OF PUDUCHERRY - POONDIYANKUPPAM SECTION OF NH 45 A (NEW NH 332) FROM KM 29.000 TO KM 67.,ROAD TRANSPORT AND HIGHWAYS,NHAI,MULTI STATE,2018-03-01,,,1294.47,1294.47,0,,,,,0/0,consolidated,128
2018-10-01,N24000832,1119,FOUR LANING OF VILUPPURAM - PUDUCHERRY SECTION OF NH 45 A (NEW NH 32) FROM KM 0.000 TO KM 29.000 (DE,ROAD TRANSPORT AND HIGHWAYS,NHAI,MULTI STATE,2018-03-01,,,998.7,998.7,0,,,,,0/0,consolidated,128
2018-10-01,N24000315,1120,WIDENING OF 2(TWO) LANING OF LONGLENG- CHANTONGYA ROAD MON-TAMLU-MERANGKONG ROAD PHEK- PFUTSERO ROA,ROAD TRANSPORT AND HIGHWAYS,PWD,NAGALAND,2010-12-01,2011-02-01,,1296,1296,0,,,,,0/0,consolidated,128
2018-10-01,N24000686,1121,FOUR LANING OF DIMAPUR KOHIMA ROAD FROM DESIGN KM 123.840 TO KM 138.775 (EXISTING KM 124.100 TO KM 1,ROAD TRANSPORT AND HIGHWAYS,NHIDCL,NAGALAND,2016-03-01,2016-08-01,2019-08-01,373.07,373.07,0,,,,36(O),0/0,consolidated,128
2018-10-01,N24000687,1122,FOUR LANING OF DIMAPUR KOHIMA ROAD FROM DESIGN KM 138.775 TO KM 152.490 (EXISTING KM 140.000 TO KM 1,ROAD TRANSPORT AND HIGHWAYS,NHIDCL,NAGALAND,2016-03-01,2016-08-01,2019-08-01,396.52,396.52,0,,,,36(O),0/0,consolidated,128
2018-10-01,N24000688,1123,FOUR LANING OF EXISTING DIMAPUR KOHIMA ROAD FROM DESIGN KM 152.490 TO KM 166.700 (EXISTING KM 156.00,ROAD TRANSPORT AND HIGHWAYS,NHIDCL,NAGALAND,2016-03-01,2016-08-01,2019-08-01,429.52,429.52,0,,,,36(O),0/0,consolidated,128
2018-10-01,N24000689,1124,CONSTRUCTION OF FOUR/ SIX LANING FROM KM 132.375 TO KM 158.058 (TOTAL NEW ALIGNMENT LENGTH OF 20.683,ROAD TRANSPORT AND HIGHWAYS,NHIDCL,NAGALAND,2017-02-01,2017-04-01,,507.68,507.68,0,,,,,0/0,consolidated,128
2018-10-01,N24000752,1125,(I) CONSTRUCTION OF FOUR/SIX LANING FROM KM 132.375 TO KM 158.058 (TOTAL NEW ALIGNMENT LENGTH OF 20.,ROAD TRANSPORT AND HIGHWAYS,NHIDCL,NAGALAND,2017-02-01,2018-09-01,,387,387,0,,,,,0/0,consolidated,128
2018-10-01,N24000753,1126,(II) CONSTRUCTION OF DIMAPUR BYPASS (ASSAM PORTION) OF 4/6 LANE PAVEMENT ON EPC BASIS FROM EXISTING,ROAD TRANSPORT AND HIGHWAYS,NHIDCL,NAGALAND,2018-03-01,2018-09-01,,500.09,500.09,0,,57,,,0/0,consolidated,128
2018-10-01,N24000754,1127,CONSTRUCTION OF TWO LANE WITH HARD SHOULDERS OF CHAKABAMA-ZUNHEBOTO ROAD FROM EXISTING KM 00.000 TO,ROAD TRANSPORT AND HIGHWAYS,NHIDCL,NAGALAND,2018-03-01,2018-09-01,,339.57,339.57,0,,,,,0/0,consolidated,129
2018-10-01,N24000755,1128,CONSTRUCTION OF TWO LANE WITH HARD SHOULDERS OF CHAKABAMA- ZUNHEBOTO ROAD FROM EXISTING KM 25.760 TO,ROAD TRANSPORT AND HIGHWAYS,NHIDCL,NAGALAND,2018-03-01,2018-09-01,,239.3,239.3,0,,,,,0/0,consolidated,129
2018-10-01,N24000756,1129,CONSTRUCTION OF TWO LANE WITH HARD SHOULDERS OF CHAKABAMA- ZUNHEBOTO ROAD FROM EXISTING KM 52.370 TO,ROAD TRANSPORT AND HIGHWAYS,NHIDCL,NAGALAND,2018-03-01,2018-09-01,,285.68,285.68,0,,,,,0/0,consolidated,129
2018-10-01,N24000757,1130,CONSTRUCTION OF TWO LANE WITH HARD SHOULDERS OF CHAKABAMA-ZUNHEBOTO ROAD FROM EXISTING KM 79.040 TO,ROAD TRANSPORT AND HIGHWAYS,NHIDCL,NAGALAND,2018-03-01,2018-09-01,,315.03,315.03,0,,,,,0/0,consolidated,129
2018-10-01,N24000758,1131,CONSTRUCTION OF TWO LANE WITH HARD SHOULDERS OF CHAKABAMA-ZUNHEBOTO ROAD FROM EXISTING KM100.345 TO,ROAD TRANSPORT AND HIGHWAYS,NHIDCL,NAGALAND,2018-03-01,2018-09-01,,240.64,240.64,0,,,,,0/0,consolidated,129
2018-10-01,N24000759,1132,CONSTRUCTION OF TWO-LANE WITH HARD SHOULDERS OF PFUTSERO PHEK ROAD FROM EXISTING KM 00.000 TO KM19.9,ROAD TRANSPORT AND HIGHWAYS,NHIDCL,NAGALAND,2018-03-01,2018-09-01,,237.72,237.72,0,,,,,0/0,consolidated,129
2018-10-01,N24000760,1133,CONSTRUCTION OF TWO LANE WITH HARD SHOULDERS OF PFUTSERO-PHEK ROAD FROM EXISTING KM 19.900 TO KM40.0,ROAD TRANSPORT AND HIGHWAYS,NHIDCL,NAGALAND,2018-03-01,2018-09-01,,251.97,251.97,0,,,,,0/0,consolidated,129
2018-10-01,N24000761,1134,CONSTRUCTION OF TWO LANE WITH HARD SHOULDERS OF PFUTSERO-PHEK ROAD FROM EXISTING KM 40.090 TO KM65.,ROAD TRANSPORT AND HIGHWAYS,NHIDCL,NAGALAND,2018-03-01,2018-09-01,,282.98,282.98,0,,,,,0/0,consolidated,129
2018-10-01,N24000762,1135,CONSTRUCTION OF TWO LANE WITH HARD SHOULDERS OF MERANGKONG-TAMLU-MON ROAD FROM EXISTING KM 00.000 TO,ROAD TRANSPORT AND HIGHWAYS,NHIDCL,NAGALAND,2018-03-01,2018-09-01,,215.12,215.12,0,,,,,0/0,consolidated,129
2018-10-01,N24000763,1136,CONSTRUCTION OF TWO LANE WITH HARD SHOULDERS OF MERANGKONG-TAMLU-MON ROAD FROM EXISTING KM 20.456 TO,ROAD TRANSPORT AND HIGHWAYS,NHIDCL,NAGALAND,2018-03-01,2018-09-01,,215.79,215.79,0,,,,,0/0,consolidated,129
2018-10-01,N24000764,1137,CONSTRUCTION OF TWO LANE WITH HARD SHOULDERS OF MERANGKONG-TAMLU-MON ROAD FROM EXISTING KM 41.065 TO,ROAD TRANSPORT AND HIGHWAYS,NHIDCL,NAGALAND,2018-03-01,2018-09-01,,272.89,272.89,0,,,,,0/0,consolidated,129
2018-10-01,N24000765,1138,CONSTRUCTION OF TWO LANE WITH HARD SHOULDERS OF MERANGKONG-TAMLU-MON ROAD FROM EXISTING KM 60.345 TO,ROAD TRANSPORT AND HIGHWAYS,NHIDCL,NAGALAND,2018-03-01,2018-09-01,,323.98,323.98,0,,,,,0/0,consolidated,129
2018-10-01,N24000197,1139,PANIKHOLI-RIMOLI,ROAD TRANSPORT AND HIGHWAYS,NHAI,ODISHA,2012-03-01,2014-09-01,2015-10-01,1410,1410,1555.96,,,,,0/0,consolidated,129
2018-10-01,N24000205,1140,SIX LANING OF CHANDIKHOL-JAGATPUR- BHUBANESWAR,ROAD TRANSPORT AND HIGHWAYS,NHAI,ODISHA,2011-12-01,2014-06-01,,1047,1047,1613.62,,,,,0/0,consolidated,129
2018-10-01,N24000379,1141,REHABILITATION AND UPGRADING TO 2 LANES/2 LANE WITH PAVED SHOULDERS CONFIGURATION OF BHOJPUR-CHHATAB,ROAD TRANSPORT AND HIGHWAYS,MORTH,ODISHA,1991-01-01,2017-10-01,,218.63,218.63,29.27,,,,,0/0,consolidated,130
2018-10-01,N24000413,1142,IMPROVEMENT FROM KM 0/0 TO 68/0,ROAD TRANSPORT AND HIGHWAYS,PWD,ODISHA,2013-12-01,2016-10-01,,319.8,319.8,0,,,,,0/0,consolidated,130
2018-10-01,N24000414,1143,REHABILITATION AND UPGRADING TO 2 LANES/2 LANE WITH PAVED SHOULDERS CONFIGURATION OF NABARANGPUR-KOK,ROAD TRANSPORT AND HIGHWAYS,MORTH,ODISHA,1991-01-01,2018-05-01,,229.41,229.41,6.65,,,,,0/0,consolidated,130
2018-10-01,N24000417,1144,REHABILITATION AND UP-GRADATION OF NH-149 FROM KM 0.00 TO KM 68.280 (PALLAHARA-PITRI JUNCTION) IN TH,ROAD TRANSPORT AND HIGHWAYS,PWD,ODISHA,2014-07-01,2017-01-01,,342.05,342.05,0,,,,,0/0,consolidated,130
2018-10-01,N24000427,1145,4 LANING OF BAHARAGORA - SINGHARA,ROAD TRANSPORT AND HIGHWAYS,NHAI,ODISHA,2015-07-01,,,1282.94,1282.94,0,,,,,0/0,consolidated,130
2018-10-01,N24000485,1146,FOUR LANING WITH PS TALEBANI -SMBALPUR,ROAD TRANSPORT AND HIGHWAYS,NHAI,ODISHA,2015-12-01,,2019-11-01,752.28,752.28,0,,,,,0/0,consolidated,130
2018-10-01,N24000523,1147,WIDENING TO 2 LANE AND IMPROVEMENT FROM KM 100/700 TO 186/700 OF VIJAYWADA RANCI ROUTE IN ODISHA,ROAD TRANSPORT AND HIGHWAYS,PWD,ODISHA,2011-12-01,2017-11-01,,159.39,159.39,0,,,,,0/0,consolidated,130
2018-10-01,N24000527,1148,WIDENING TO 2 LANE AND IMPROVEMENT VIJAYWADA RANCI ROUTE FROM KM 377-700 TO 471-900 (BERHMAPUR-TAPTA,ROAD TRANSPORT AND HIGHWAYS,PWD,ODISHA,2011-12-01,2015-08-01,,191.08,191.08,0,,,,,0/0,consolidated,130
2018-10-01,N24000550,1149,JHARPOKHARIA-BARIPADA-BALESHWAR SECTION,ROAD TRANSPORT AND HIGHWAYS,NHAI,ODISHA,2016-02-01,,,1069.65,1069.65,0,,,,,0/0,consolidated,130
2018-10-01,N24000619,1150,DEVELOPMENT OF FOUR LANNING OF ANGUL- SAMBALPUR SECTION OF NATIONAL HIGHWAY NH- 42 (NEW NH-55 IN THE S,ROAD TRANSPORT AND HIGHWAYS,NHAI,ODISHA,2016-09-01,2019-08-01,2019-08-01,2510.04,2510.04,0,,,,0(O),0/0,consolidated,130
2018-10-01,N24000633,1151,REHABILITAITON AND UPGRADATION TO FOUR LANING OF BINJHABAHAL TO TELEBANI SECTION KM 414.000 TO KM 4,ROAD TRANSPORT AND HIGHWAYS,NHAI,ODISHA,2016-10-01,,,1008.96,1008.96,0,,,,,0/0,consolidated,130
2018-10-01,N24000639,1152,WIDENING AND STRENFTHENING OF EXISITNG SL IL TO 2 LANE CARRIAGEWAY WITH PAVED SHOULDER INCLUDING GEO,ROAD TRANSPORT AND HIGHWAYS,MORTH,ODISHA,2014-03-01,2016-05-01,,191.5,192,0,,192,,,0/0,consolidated,130
2018-10-01,N24000640,1153,WIDENING AND STRENGTHENING OF EXISTING SINGLE INTERMEDIATE LANE CARRIAGEWAY TO 2 LANE CARRIAGE WAY W,ROAD TRANSPORT AND HIGHWAYS,MORTH,ODISHA,2015-01-01,2018-04-01,,326.63,327,0,,327,,,0/0,consolidated,130
2018-10-01,N24000641,1154,WIDENING AND STRENGTHENING OF EXISTING SL IL DL TO 2 LANE CARRIAGEWAY WITH PAVED SHOULDER FROM KM,ROAD TRANSPORT AND HIGHWAYS,MORTH,ODISHA,2015-02-01,2017-10-01,,239.91,240,0,,240,,,0/0,consolidated,130
2018-10-01,N24000642,1155,WIDENING TO 2 LANE CARRIAGEWAY WITH PAVED SHOULDERS AND STRENGTHENING FROM KM 162.010 TO KM 224.900,ROAD TRANSPORT AND HIGHWAYS,MORTH,ODISHA,2015-03-01,2017-10-01,,226.31,226,0,,226,,,0/0,consolidated,130
2018-10-01,N24000643,1156,IMPROVEMENT FROM KM 0 TO KM 68.0 (KANAKTORA TO JHARSUGUDA SECTION) TO 2 LANE CARRIAGEWAY WITH PAVED,ROAD TRANSPORT AND HIGHWAYS,MORTH,ODISHA,2013-12-01,2016-05-01,,319.8,320,0,,320,,,0/0,consolidated,130
2018-10-01,N24000644,1157,REHABILITATION AND UPGRADATION OF NH-149 FROM KM 0.00 TO KM 68.280 (PALLAHARA TO PITRI JUNCTION) IN,ROAD TRANSPORT AND HIGHWAYS,MORTH,ODISHA,2014-07-01,2017-01-01,,342.05,342,0,,342,,,0/0,consolidated,130
2018-10-01,N24000645,1158,REHABILITATION AND UPGRADING TO 2 LANE WITH PAVED SHOULDER CONFIGURATION AND STRENGTHENING OF NAUPAR,ROAD TRANSPORT AND HIGHWAYS,MORTH,ODISHA,2013-08-01,2016-06-01,,171.96,172,0,,172,,,0/0,consolidated,131
2018-10-01,N24000646,1159,WIDENING OF EXISTING IL DL TO 2-LANE WITH 1.5 M WIDE PAVED SHOULDER FROM KM 0.0 TO KM 45.750 (BOLANG,ROAD TRANSPORT AND HIGHWAYS,MORTH,ODISHA,2016-06-01,2018-06-01,2018-11-01,157.3,157,0,,157,,5(O),0/0,consolidated,131
2018-10-01,N24000647,1160,WIDENING AND STRENFTHENING OF EXISITNG SL IL TO 2 LANE CARRIAGEWAY WITH PAVED SHOULDER FROM KM 256.8,ROAD TRANSPORT AND HIGHWAYS,MORTH,ODISHA,2014-03-01,2016-05-01,,162.51,163,0,,163,,,0/0,consolidated,131
2018-10-01,N24000671,1161,REHABILITATION AND UPGRADATION BY 4-LANING OF SINGHARA TO BINJHABAHAL SECTION FROM KM 311.000 TO KM,ROAD TRANSPORT AND HIGHWAYS,NHAI,ODISHA,2017-03-01,2020-03-01,2020-03-01,1288.07,1420,0,,,,0(O),0/0,consolidated,131
2018-10-01,N24000699,1162,REHABILITATION AND UP-GRADATION OF BIRAMITRAPUR TO BRAHMANI BYPASS (PKG-I),ROAD TRANSPORT AND HIGHWAYS,NHAI,ODISHA,2017-07-01,2017-07-01,2020-11-01,476.56,476.56,0,,,,40(O),0/0,consolidated,131
2018-10-01,N24000715,1163,REHABILITATION AND UPGRADATION OF CUTTACK ANGUL SECTION OF NH-42 (NEW NH-55) TO 4 LANE (KM. 0+400 TO,ROAD TRANSPORT AND HIGHWAYS,NHAI,ODISHA,2017-12-01,,,686.65,686.65,0,,,,,0/0,consolidated,131
2018-10-01,N24000716,1164,REHABILITATION AND UPGRADATION OF FOUR LANING OF NH-23 (NEW NH NO. 143) FROM KM. 240.250 I.E. BRAHMA,ROAD TRANSPORT AND HIGHWAYS,NHAI,ODISHA,2017-12-01,,,417.51,417.51,0,,,,,0/0,consolidated,131
2018-10-01,N24000731,1165,REHABILITATION AND UP-GRADATION OF EXISTING 2-LANE TO 4 LANE OF KOIDA (KM206.20) TO RAJAMUNDA (KM 25,ROAD TRANSPORT AND HIGHWAYS,NHAI,ODISHA,2018-01-01,,,953.09,953.09,0,,,,,0/0,consolidated,131
2018-10-01,N24000732,1166,REHABILITATION AND UP-GRADATION OF EXISTING 2-LANE TO 4 LANE OF RIMULI (KM 163.0) TO KOIDA (KM 206.2,ROAD TRANSPORT AND HIGHWAYS,NHAI,ODISHA,2018-01-01,,,668.86,668.86,0,,,,,0/0,consolidated,131
2018-10-01,N24000733,1167,REHABILITATION AND UP-GRADATION OF EXISTING 2-LANE TO 4 LANE OF DUBURI (KM 388.376) TO CHANDIKHOLE (,ROAD TRANSPORT AND HIGHWAYS,NHAI,ODISHA,2018-01-01,,,633.68,633.68,0,,,,,0/0,consolidated,131
2018-10-01,N24000734,1168,REHABILITATION AND UP-GRADATION OF EXISTING 2-LANE TO FOUR LANE FROM TALCHAR TO END OF KAMAKHYANAG,ROAD TRANSPORT AND HIGHWAYS,NHAI,ODISHA,2018-01-01,,,614.48,614.48,0,,,,,0/0,consolidated,131
2018-10-01,N24000735,1169,REHABILITATION AND UP GRADATION OF EXISTING 2-LANE TO 4-LANE STANDARDS TO END OF KAMAKHYANAGAR BYPAS,ROAD TRANSPORT AND HIGHWAYS,NHAI,ODISHA,2018-01-01,,,564.66,564.66,0,,,,,0/0,consolidated,131
2018-10-01,N24000736,1170,REHABILITATION AND UPGRADATION OF CUTTACK- ANGUL SECTION TO 4 LANE (KM 60.20) TO (KM 112.0) PKG II ON,ROAD TRANSPORT AND HIGHWAYS,NHAI,ODISHA,2018-01-01,,,686.65,686.65,0,,,,,0/0,consolidated,131
2018-10-01,N24000737,1171,REHABILITATION AND UP-GRADATION OF SIX- LANING OF CHANDIKHOLE - BHADRAK SECTION FROM KM. 62.000 TO KM,ROAD TRANSPORT AND HIGHWAYS,NHAI,ODISHA,2018-01-01,,,1522,1522,0,,,,,0/0,consolidated,131
2018-10-01,N24000738,1172,REHABILITATION AND UPGRADATION OF SIX LANING OF BHADRAK BALESHWAR SECTION (KM 136.50) TO (KM 199.141,ROAD TRANSPORT AND HIGHWAYS,NHAI,ODISHA,2018-01-01,,,999,999,0,,,,,0/0,consolidated,131
2018-10-01,N24000739,1173,REHABILITATION AND UP-GRADATION TO 4-LANING OF RAJAMUNDA-BARKOTE SECTION OF NH-23 (NEW NH NO. 143) (,ROAD TRANSPORT AND HIGHWAYS,NHAI,ODISHA,2018-01-01,,,503.88,503.88,0,,,,,0/0,consolidated,131
2018-10-01,N24000844,1174,SIX LANNING OF NH-5 (NEW NH-16) FROM TANGI TO BHUBANESHWAR (KM 355.000 TO KM 414.000),ROAD TRANSPORT AND HIGHWAYS,NHAI,ODISHA,2018-03-01,,,806.11,806.11,0,,,,,0/0,consolidated,131
2018-10-01,N24000289,1175,REHABILITATION AND UPGRADATION OF NH-64 FROM KM.28.110 TO 50.000(ZIRAKPUR TO PATIALA SEC.) TO 4 LANE,ROAD TRANSPORT AND HIGHWAYS,PWD,PUNJAB,2015-03-01,,,435.9,435.9,31.02,,,,,0/0,consolidated,132
2018-10-01,N24000290,1176,WIDENING AND REHABILITATION OF THE EXISTING PATIALA BYEPASS FROM EXISTING KM.50/0 TO 69/280) ON NH-6,ROAD TRANSPORT AND HIGHWAYS,PWD,PUNJAB,2015-01-01,,,279.68,279.68,25.28,,,,,0/0,consolidated,132
2018-10-01,N24000291,1177,4-LAINING WITH PAVED SHOULDERS OF SANGRUR TO DOGAL KALAN SEC.OF NH-71(NEW NH-52) FROM KM.181.805 TO,ROAD TRANSPORT AND HIGHWAYS,PWD,PUNJAB,2014-11-01,,,463.65,463.65,280.16,,546,,,0/0,consolidated,132
2018-10-01,N24000292,1178,4 LAINING WITH PAVED SHOULDERS OF DOGAL KALAN TO PUNJAB/HARYANA BORDER SEC.OF NH- 71(NEW NH-52) FROM,ROAD TRANSPORT AND HIGHWAYS,PWD,PUNJAB,2014-11-01,,,573.96,605,209.74,,605,,,0/0,consolidated,132
2018-10-01,N24000351,1179,JALANDHAR - AMRITSAR,ROAD TRANSPORT AND HIGHWAYS,NHAI,PUNJAB,2014-01-01,2016-01-01,,523.85,523.85,170.68,,,,,0/0,consolidated,132
2018-10-01,N24000370,1180,4-LANES WITH PAVED SIDE SHOULDERS OF END OF SANGRUR BYPASS TO TAPA SEC IF NH-64(NEW NH- 07) FROM EXI,ROAD TRANSPORT AND HIGHWAYS,PWD,PUNJAB,2015-02-01,,,483.38,483.38,65.76,,,,,0/0,consolidated,132
2018-10-01,N24000372,1181,4-LANES WITH PAVED SIDE SHOULDERS OF TAPA TO BATHINDA SEC.OF NH-64(NEW NH-07) FROM EXISING KM.168/0,ROAD TRANSPORT AND HIGHWAYS,PWD,PUNJAB,2015-02-01,,,616.36,616.36,68.58,,,,,0/0,consolidated,132
2018-10-01,N24000374,1182,4 LANES WITH PAVED SIDE SHOULDERS OF END OF PATIALA BYPASS TO START OF SANGRUR BYEPASS SEC.OF NH-64(,ROAD TRANSPORT AND HIGHWAYS,PWD,PUNJAB,2015-02-01,,,486.74,486.74,189.39,,,,,0/0,consolidated,132
2018-10-01,N24000383,1183,CONST.OF 4 LANES WITH PAVED SHOUDLERS OF HARIKE BYPASS FROM EXISTING KM.158.350 TO 166.925 OF NH-15(,ROAD TRANSPORT AND HIGHWAYS,PWD,PUNJAB,2015-03-01,,,312.79,312.79,17.57,,,,,0/0,consolidated,132
2018-10-01,N24000384,1184,CONST.OF SANGRUR BYPASS(EXISTING KM.106.170 TO 116.950) AND DHANOULA BYPASS(EXISTING KM.138.030 TO K,ROAD TRANSPORT AND HIGHWAYS,PWD,PUNJAB,2014-07-01,,,319.8,319.8,102.55,,,,,0/0,consolidated,132
2018-10-01,N24000385,1185,DEVELOPMENT TO FOUR LANE WITH PAVED SHOULDERS OF SHAHKOT-MOGA SECTION OF NH- 71 (NEW NH-52) FROM EXIS,ROAD TRANSPORT AND HIGHWAYS,PWD,PUNJAB,2015-12-01,,,766.36,766.36,99.86,,,,,0/0,consolidated,132
2018-10-01,N24000389,1186,4-LANING OF LAMBRA-SHAHKOT SECTION OF NH- 71 FROM KM 12.00 TO 44.600,ROAD TRANSPORT AND HIGHWAYS,PWD,PUNJAB,2015-11-01,,,847.02,847.02,299.81,,,,,0/0,consolidated,132
2018-10-01,N24000391,1187,4-LANING OF MOGA -TALLEWAL SECTION OF NH-71 FROM KM 77.200 TO 114.00,ROAD TRANSPORT AND HIGHWAYS,PWD,PUNJAB,2015-11-01,,,889.24,889.24,389.64,,,,,0/0,consolidated,132
2018-10-01,N24000404,1188,DEVELOPMENT TO FOUR LANE WITH PAVED SHOULDERS OF TALLEWAL-BARNALA SECTION OF NH-71 FROM EXISTING KM,ROAD TRANSPORT AND HIGHWAYS,PWD,PUNJAB,2015-12-01,,,578.38,578.38,128.53,,,,,0/0,consolidated,132
2018-10-01,N24000476,1189,IMPROVEMENT OF AMRITSAR BYPASS BY CONSTRUCTION OF ADDITIONAL STRUCTURE AND SERVICE ROADS ON NH-1,ROAD TRANSPORT AND HIGHWAYS,NHAI,PUNJAB,2015-09-01,,2019-04-01,273.06,273.06,28.9,,,,,0/0,consolidated,132
2018-10-01,N24000483,1190,FOUR LANNING OF LUDHIYANA- TALWANDI SECTION,ROAD TRANSPORT AND HIGHWAYS,NHAI,PUNJAB,2014-09-01,,2019-03-01,479,479,392.14,,,,,0/0,consolidated,132
2018-10-01,N24000503,1191,FOUR LANING OF CHANDIGARH - KHARAR,ROAD TRANSPORT AND HIGHWAYS,NHAI,PUNJAB,2015-10-01,2017-12-01,2019-04-01,447.29,447.29,24.16,,,,16(O),0/0,consolidated,132
2018-10-01,N24000524,1192,WIDENING STG.OF EXISTING TWO-LANE CARRIAGEWAY TO FOUR LANES WITH PAVED SIDE SHOULDERS OF HARIKE-ZIRA,ROAD TRANSPORT AND HIGHWAYS,PWD,PUNJAB,2015-06-01,,,892.17,892.17,26.92,,,,,0/0,consolidated,133
2018-10-01,N24000526,1193,WIDENING STG.OF EXISTING TWO-LANE CARRIAGEWAY TO FOUR LANES WITH PAVED SIDE SHOULDERS OF FARIDKOT-KO,ROAD TRANSPORT AND HIGHWAYS,PWD,PUNJAB,2015-06-01,,,899.21,899.21,25.08,,,,,0/0,consolidated,133
2018-10-01,N24000600,1194,4/6 LANING FROM KHARAR TO LUDHIYANA FROM KM 10.185 (DESIGN CHAINAGE) TO KM 86.199(DESIGN CHAINAGE),ROAD TRANSPORT AND HIGHWAYS,NHAI,PUNJAB,2016-08-01,2019-09-01,2019-09-01,1388.34,1388.34,116.87,,,,0(O),0/0,consolidated,133
2018-10-01,N24000601,1195,4 LANING FROM PHAGWARA TO RUPNAGAR,ROAD TRANSPORT AND HIGHWAYS,NHAI,PUNJAB,2016-08-01,,2020-04-01,1169.61,1169.61,395.16,,,,,0/0,consolidated,133
2018-10-01,N24000662,1196,CONSTRUCTION OF PARTIALLY ACESS CONTROLLED FOUR LANE ELEVATED HIGHWAY BETWEEN SAMRALA CHOWK (DESIGN,ROAD TRANSPORT AND HIGHWAYS,NHAI,PUNJAB,2017-03-01,2020-03-01,2020-04-01,754.54,756.27,0,,,,1(O),0/0,consolidated,133
2018-10-01,N24000791,1197,FOUR LANING OF EXISTING TWO LANE WITH PS FROM TALWANDI BHAI TO FEROZPUR IN THE STATE OF PUNJAB,ROAD TRANSPORT AND HIGHWAYS,NHAI,PUNJAB,2018-02-01,,,261.76,261.76,0,,,,,0/0,consolidated,133
2018-10-01,N24000842,1198,REHABILITATION AND AUGMENTATION OF NEW NH 354 (OLD-SH-25) OF SECTION RAMDAS TO GURDASPUR FROM DESIGN,ROAD TRANSPORT AND HIGHWAYS,NHAI,PUNJAB,2018-03-01,,,199.9,199.9,0,,,,,0/0,consolidated,133
2018-10-01,N24000843,1199,REHABILITATION AND AUGMENTATION OF NEW NH 354 (OLD-SH-21) OF SECTION KHEMKARAN TOWN TO START OF AMRI,ROAD TRANSPORT AND HIGHWAYS,NHAI,PUNJAB,2018-03-01,,,196.05,196.05,0,,,,,0/0,consolidated,133
2018-10-01,N24000294,1200,WIDENING AND STRENGTHENING OF NH-65 TO FOUR LANES WITH PAVED SHOULDERS FROM EXISTING KM 267+500 TO K,ROAD TRANSPORT AND HIGHWAYS,MORTH,RAJASTHAN,2014-10-01,2015-01-01,,269.22,269.22,33.24,,,,,0/0,consolidated,133
2018-10-01,N24000295,1201,WIDENING AND STRENGHENING OF NH-65 TO TWO LANES WITH PAVED SHOULDERS FROM EXISTING,ROAD TRANSPORT AND HIGHWAYS,MORTH,RAJASTHAN,2014-10-01,2015-01-01,,257.09,257.09,14.8,,,,,0/0,consolidated,133
2018-10-01,N24000296,1202,REHABILITATION AND UPGRADING TO 2 LANES-2 LANE WITH PAVED SHOULDERS,ROAD TRANSPORT AND HIGHWAYS,MORTH,RAJASTHAN,2013-10-01,2014-05-01,,278.87,278.87,0,,,,,0/0,consolidated,133
2018-10-01,N24000297,1203,REHABILITATION AND UPGRADING TO 2 LNES-2 LANE WITH PAVED SHOULDERS CONFIGURATION AND STRENGTHENING O,ROAD TRANSPORT AND HIGHWAYS,MORTH,RAJASTHAN,1991-01-01,2014-04-01,,376.52,376.52,0,,,,,0/0,consolidated,133
2018-10-01,N24000298,1204,WIDENING AND STRENGTHENING OF NH-15 TO TWO LANES WITH PAVED SHOULDER FROM EXISTING KM 173/0 TO KM 24,ROAD TRANSPORT AND HIGHWAYS,MORTH,RAJASTHAN,2015-02-01,2015-03-01,2019-06-01,383.4,383.4,224.68,,,,51(O),0/0,consolidated,133
2018-10-01,N24000333,1205,WIDENING TO 4 LANE WITH PAVED SHOULDER WITH CC PAVEMENT FROM KM 256/550 TO KM 289/500 ON KOTA-DARAH,ROAD TRANSPORT AND HIGHWAYS,MORTH,RAJASTHAN,2015-12-01,2018-06-01,,621.43,621.43,0,,,,,0/0,consolidated,133
2018-10-01,N24000344,1206,TWO LANING WITH PAVED SHOULDER OF KARAUII - DHOLPUR,ROAD TRANSPORT AND HIGHWAYS,NHAI,RAJASTHAN,2014-09-01,2016-09-01,2019-03-01,425.19,425.19,274.2,,,,30(O),0/0,consolidated,133
2018-10-01,N24000357,1207,PHALODI -JAISALMER SECTION OF NH-15 TO TWO/FOUR LANE WITH PS,ROAD TRANSPORT AND HIGHWAYS,NHAI,RAJASTHAN,2015-09-01,2018-03-01,2018-11-01,567.51,567.51,42.79,,62,,8(O),0/0,consolidated,133
2018-10-01,N24000369,1208,REHABILITATION AND UPGRADING TO 2 LANES/2 LANE WITH PAVED SHOULDERS CONFIGURATION OF PRATAPGARH-PADI,ROAD TRANSPORT AND HIGHWAYS,MORTH,RAJASTHAN,1991-01-01,2016-10-01,,269.26,269.26,212.72,,,,,0/0,consolidated,134
2018-10-01,N24000406,1209,REHABILITATION AND UPGRADING TO 2 LANES/2 LANE WITH PAVED SHOULDERS CONFIGURATION OF LALSOT-KARAULI,ROAD TRANSPORT AND HIGHWAYS,MORTH,RAJASTHAN,1991-01-01,2016-05-01,,208.87,208.87,206.78,,,,,0/0,consolidated,134
2018-10-01,N24000423,1210,2 LANING WITH PS OF GULABPURA - UNIARA,ROAD TRANSPORT AND HIGHWAYS,NHAI,RAJASTHAN,2015-10-01,2017-10-01,2018-10-01,597,597,596.06,,,,12(O),0/0,consolidated,134
2018-10-01,N24000426,1211,2-LANE WITH PAVED SHOULDER WITH PROVISION OF CAPACITY AUGMENTATION OF RAJASTHAN BORDER-FATEHPUR-SALA,ROAD TRANSPORT AND HIGHWAYS,NHAI,RAJASTHAN,2012-11-01,2016-08-01,2018-11-01,530.07,530.07,556.02,,,,27(O),0/0,consolidated,134
2018-10-01,N24000445,1212,BIKANER - PHALODI SECTION TO FOUR LANING FROM KM.4.200 TO KM 55.25 AND TWO-LANE PAVED SHOULDER FROM,ROAD TRANSPORT AND HIGHWAYS,NHAI,RAJASTHAN,2014-08-01,2018-04-01,2018-12-01,822.9,822.9,666,,,,8(O),0/0,consolidated,134
2018-10-01,N24000467,1213,NH 79 OF CHITTORGARH NEEMUCH MP BORDER KM 183 000 TO KM 221 400 BY FOUR LANING WITH PAVED SHOULDER A,ROAD TRANSPORT AND HIGHWAYS,PWD,RAJASTHAN,2012-09-01,2013-10-01,,511,511,0,,,,,0/0,consolidated,134
2018-10-01,N24000470,1214,NH 79 CHITTORGARH NEEMUCH MP BORDER FOUR LANING AND NH 113 NIMBAHERA PRATAPGARH TWO LANING,ROAD TRANSPORT AND HIGHWAYS,PWD,RAJASTHAN,2012-09-01,2013-10-01,,511,511,0,,,,,0/0,consolidated,134
2018-10-01,N24000477,1215,GURGAON - KOTPUTLI - JAIPUR (SIX LANE),ROAD TRANSPORT AND HIGHWAYS,NHAI,RAJASTHAN,2008-02-01,2011-10-01,2018-10-01,1673.7,1673.7,3079.44,,,2017-09-01,84(O),0/0,consolidated,134
2018-10-01,N24000520,1216,TWO LANING WITH PS OF UNCHA NAGLA - KHANUWARA - ROPPAS -DHOLPUR,ROAD TRANSPORT AND HIGHWAYS,NHAI,RAJASTHAN,2015-08-01,,2018-10-01,275.9,275.9,242.51,,,,,0/0,consolidated,134
2018-10-01,N24000586,1217,TWO LANNING WITH PAVED SHOULDER OF SALASAR-NAGAUR,ROAD TRANSPORT AND HIGHWAYS,NHAI,RAJASTHAN,2016-06-01,2019-06-01,2019-09-01,637.18,637.18,557.06,,,,3(O),0/0,consolidated,134
2018-10-01,N24000587,1218,FOUR LANING OF MAHUVA TO KAGAVADAR OF NH- 8E FROM KM. 100.100 TO KM 139.915 (DESIGN CHAINAGE FROM KM,ROAD TRANSPORT AND HIGHWAYS,NHAI,RAJASTHAN,2016-06-01,2019-06-01,2019-11-01,763.23,763.23,166.79,,,,5(O),0/0,consolidated,134
2018-10-01,N24000589,1219,FOUR LANNING OF BAR-BILARA-JODHPUR SECTION OF NH-112 (EXISTING KM 0+000TO KM,ROAD TRANSPORT AND HIGHWAYS,NHAI,RAJASTHAN,2016-06-01,2019-06-01,2019-09-01,649,649,0,,,,3(O),0/0,consolidated,134
2018-10-01,N24000591,1220,4/2 LANNING WITH PS DAUSA-LALSOT-KAUTHUN SECTION OF NH-11A,ROAD TRANSPORT AND HIGHWAYS,NHAI,RAJASTHAN,2016-07-01,,2019-11-01,688.7,688.7,448.46,,,,,0/0,consolidated,134
2018-10-01,N24000593,1221,TWO LANNING WITH PAVED SHOULDER OF MANOHARPUR-DAUSA SECTION OF NH-11A(NEW NH-148) FROM KM 62.100 KM,ROAD TRANSPORT AND HIGHWAYS,NHAI,RAJASTHAN,2016-07-01,2018-10-01,2018-11-01,331.46,331.46,244.84,,,,1(O),0/0,consolidated,134
2018-10-01,N24000604,1222,2-LANE WITH PAVED SHOULDER TONK- SAWAIMADHOPUR,ROAD TRANSPORT AND HIGHWAYS,NHAI,RAJASTHAN,2016-08-01,2019-01-01,2019-01-01,320.3,320.3,187.76,,,,0(O),0/0,consolidated,134
2018-10-01,N24000621,1223,SIX LANNING OF KISHANGARH UDAIPUR AHMEDABAD SECTION FROM KM.90.000 (NEAR GULABPURA) TO KM. 214.870 (,ROAD TRANSPORT AND HIGHWAYS,NHAI,RAJASTHAN,2016-09-01,,2020-05-01,1239.82,1239.82,475.69,,,,,0/0,consolidated,134
2018-10-01,N24000623,1224,SIX LANNING OF CHITTORGARH-UDAIPUR SECTION OF NH-76 FROM DESIGN CHAINAGE KM. 214.870 TO KM 308.370 I,ROAD TRANSPORT AND HIGHWAYS,NHAI,RAJASTHAN,2016-09-01,,2019-12-01,1100.19,1100.19,580,,,,,0/0,consolidated,135
2018-10-01,N24000636,1225,6-LANNING OF KISHANGARH TO GULABPURA SECTION OF NH-79A AND NH-79 IN THE STATE OF RAJASATHAN(PACKAGE-,ROAD TRANSPORT AND HIGHWAYS,NHAI,RAJASTHAN,2016-12-01,,2020-08-01,1031.95,1031.95,367,,,,,0/0,consolidated,135
2018-10-01,N24000691,1226,SIX-LANNING OF GREENFIELD PROPOSED UDAIPUR BYPASS PKG-IV,ROAD TRANSPORT AND HIGHWAYS,NHAI,RAJASTHAN,2017-04-01,2020-04-01,2020-04-01,894,894,0,,,,0(O),0/0,consolidated,135
2018-10-01,N24000703,1227,FOUR LANNING OF DARAH-JHALWAR-TEENDHAR FROM KM 29.000 TO KM 346.540,ROAD TRANSPORT AND HIGHWAYS,NHAI,RAJASTHAN,2017-10-01,2017-10-01,,964.17,964.17,0,,,,,0/0,consolidated,135
2018-10-01,N24000711,1228,FOUR LANING OF DANGIAWAS (KM 96.595 TO NH- 112) TO JAJIWAL (KM 283.500 OF NH 65 NAGAUR ROAD) SECTIO,ROAD TRANSPORT AND HIGHWAYS,NHAI,RAJASTHAN,2017-12-01,,,1308.73,1308.73,0,,,,,0/0,consolidated,135
2018-10-01,N24000794,1229,UPGRADATION TO 2 LANE WITH PAVED SHOULDER/4 LANE OF GAGARIA - BAORI KALAN - SERWA - BAKHASAR SECTION,ROAD TRANSPORT AND HIGHWAYS,NHAI,RAJASTHAN,2018-02-01,,,1103.88,1103.88,0,,,,,0/0,consolidated,135
2018-10-01,N24000795,1230,CONSTRUCTION/ UP-GRATION OF FOUR/TWO LANE WITH PAVED SHOULDER OF NH68 FROM TANOT- RAMGARH BHADASAR-JA,ROAD TRANSPORT AND HIGHWAYS,NHAI,RAJASTHAN,2018-02-01,,,741.86,741.86,0,,,,,0/0,consolidated,135
2018-10-01,N24000797,1231,CONSTRUCTION/ UP-GRADATION OF 2LANE WITH PAVED SHOULDER OF NH FROM RAISINGHNAGAR- POOGAL (DESIGN CH.,ROAD TRANSPORT AND HIGHWAYS,NHAI,RAJASTHAN,2018-02-01,,,716.76,716.76,0,,,,,0/0,consolidated,135
2018-10-01,N24000838,1232,UPGRADATION TO 2 LANE WITH PAVED SHOULDER/4 LANE OF KHAJUWALA-POOGAL SECTION AND POOGLE -DANTOUR-JA,ROAD TRANSPORT AND HIGHWAYS,NHAI,RAJASTHAN,2018-03-01,,,874.25,874.25,0,,,,,0/0,consolidated,135
2018-10-01,N24000840,1233,CONSTRUCTION / UP-GRADATION OF 2-LANE WITH PAVED SHOULDER OF NH-70 FROM MUNABAO (NH- 25E)-TANOT FROM,ROAD TRANSPORT AND HIGHWAYS,NHAI,RAJASTHAN,2018-03-01,,,1158.35,1158.35,0,,,,,0/0,consolidated,135
2018-10-01,N24000312,1234,CONSTRUCTION OF 2-LANE NAYABAZAR - LEGSHIP ROAD IN WEST SIKKIM.,ROAD TRANSPORT AND HIGHWAYS,PWD,SIKKIM,2013-04-01,2013-08-01,,151.59,151.59,0,,,,,0/0,consolidated,135
2018-10-01,N24000313,1235,CONSTRUCTION OF 2-LANE TARKU DAMTHANG NAMCHI ROAD IN SOUTH SIKKIM.,ROAD TRANSPORT AND HIGHWAYS,PWD,SIKKIM,2013-04-01,2013-08-01,,166.27,166.27,0,,,,,0/0,consolidated,135
2018-10-01,N24000314,1236,CONSTRUCTION OF 2-LANE MELLI MANPUR NAMCHI ROAD IN SOUTH SIKKIM,ROAD TRANSPORT AND HIGHWAYS,PWD,SIKKIM,2013-01-01,2013-02-01,,182.28,182,24.36,,,,,0/0,consolidated,135
2018-10-01,N24000695,1237,RHENOK-RORAHTHANG-PAKYONG ON NH 717A,ROAD TRANSPORT AND HIGHWAYS,NHIDCL,SIKKIM,2017-04-01,2017-10-01,,388,447.37,0,,,,,0/0,consolidated,135
2018-10-01,N24000766,1238,CONSTRUCTION/UPGRADATION OF ALTERNATIVE HIGHWA TO GANGTOK IN SIKKIM VIA BAGRAKOT- CHUIKHIM-NIMBONG-KA,ROAD TRANSPORT AND HIGHWAYS,NHIDCL,SIKKIM,2017-04-01,2017-11-01,,318.42,318.42,7.5,,,,,0/0,consolidated,135
2018-10-01,N24000767,1239,CONSTRUCTION OF 2-LANE WITH PAVED SHOULDER INCLUDING GEOMETRIC IMPROVEMENT FROM KM 0.000 TO KM 16.00,ROAD TRANSPORT AND HIGHWAYS,NHIDCL,SIKKIM,2017-03-01,,,375.8,375.8,0,,,,,0/0,consolidated,135
2018-10-01,N24000768,1240,CONSTRUCTION OF 2-LANE WITH PAVED SHOULDER INCLUDING GEOMETRIC IMPROVEMENT FROM KM 16.000 TO KM 32.5,ROAD TRANSPORT AND HIGHWAYS,NHIDCL,SIKKIM,2017-11-01,2017-11-01,,290.05,290.05,18.12,,,,,0/0,consolidated,136
2018-10-01,N24000769,1241,CONSTRUCTION/UPGRADATION OF EXISTING ROAD TO 2-LANE WITH PAVED SHOULDER INCLUDING GEOMETRIC IMPROVEM,ROAD TRANSPORT AND HIGHWAYS,NHIDCL,SIKKIM,2018-03-01,2018-06-01,,264.84,264.84,0,,,,,0/0,consolidated,136
2018-10-01,N24000172,1242,SIX LANNING OF KRISHNAGIRI- WALAJHAPET SECTION KM.0.00 TO KM.148.3 NH-46,ROAD TRANSPORT AND HIGHWAYS,NHAI,TAMIL NADU,2011-09-01,2013-12-01,2018-12-01,1250,1250,1329.17,,,,60(O),0/0,consolidated,136
2018-10-01,N24000173,1243,DEVELOPMENT OF ADIQUATE ROAD CONNECTIVITY TO CHENNAI- ENNORE PORT CONNECTIVITY,ROAD TRANSPORT AND HIGHWAYS,NHAI,TAMIL NADU,2011-06-01,2013-06-01,,600,600,325.55,,,,,0/0,consolidated,136
2018-10-01,N24000176,1244,TWO LANING OF TRICHY - KARAIKUDI AND TRYCHI BYPASS,ROAD TRANSPORT AND HIGHWAYS,NHAI,TAMIL NADU,2010-05-01,2013-05-01,2018-12-01,374,374,237,,,,67(O),0/0,consolidated,136
2018-10-01,N24000177,1245,2 LANING OF DINDIGUL - PERIGULAM THENI- KUMILI,ROAD TRANSPORT AND HIGHWAYS,NHAI,TAMIL NADU,2011-09-01,2013-08-01,2018-12-01,485,485,406.68,,,,64(O),0/0,consolidated,136
2018-10-01,N24000213,1246,2-LANING OF KRISHNAGIRI-TINDIVANAM (APPROVED LENHTH 170 KM),ROAD TRANSPORT AND HIGHWAYS,NHAI,TAMIL NADU,2012-04-01,2014-04-01,2019-12-01,624,624,350.79,,,,68(O),0/0,consolidated,136
2018-10-01,N24000316,1247,CONSTRUCTION OF PAVED SHOULDERS IN KM.81/0 TO 203/0 INCLUDING RECONSTRUCTION AND WIDENING OF CULVERT,ROAD TRANSPORT AND HIGHWAYS,MORTH,TAMIL NADU,2015-03-01,2015-08-01,,258.97,268.92,0,,,,,0/0,consolidated,136
2018-10-01,N24000317,1248,REHABILITATION AND UPGRADATION OF NH 226 E FROM 0-1 - 66-20 TO 2 LANE WITH PAVED SHOULDERS ON EPC MO,ROAD TRANSPORT AND HIGHWAYS,MORTH,TAMIL NADU,2015-03-01,2015-07-01,,157.18,162,0,,162,,,0/0,consolidated,136
2018-10-01,N24000318,1249,CONSTRUCTION OF PAVED SHOULDERS INCULDING STRENGTHENING OF EXISTING CARRIAGEWAY FROM KM 0-0-51-0 I-,ROAD TRANSPORT AND HIGHWAYS,MORTH,TAMIL NADU,2015-11-01,2015-08-01,,154.14,154.14,0,,,,,0/0,consolidated,136
2018-10-01,N24000349,1250,FOUR LANING OF MADURAI - RAMANATHAPURAM (KM 5. TO KM 81) AND TWO LANING WITH PS KM 81 TO KM 120,ROAD TRANSPORT AND HIGHWAYS,NHAI,TAMIL NADU,2015-05-01,2017-11-01,2019-05-01,1387.11,1387.11,895.57,,,,18(O),0/0,consolidated,136
2018-10-01,N24000350,1251,TWO LANING WITH PS OF NAGAPATTINAM - THANJAVUR,ROAD TRANSPORT AND HIGHWAYS,NHAI,TAMIL NADU,2015-06-01,2017-12-01,2019-06-01,563.92,563.92,96.48,,,,18(O),0/0,consolidated,136
2018-10-01,N24000359,1252,THIRUMAYAM - MANAMADURAI SECTION,ROAD TRANSPORT AND HIGHWAYS,NHAI,TAMIL NADU,2014-07-01,2017-01-01,,401.11,401.11,273.89,,,,,0/0,consolidated,136
2018-10-01,N24000368,1253,THANJAVUR - PUDUKOTTAI SECTION OF NH-226,ROAD TRANSPORT AND HIGHWAYS,NHAI,TAMIL NADU,2014-11-01,2016-11-01,,563.92,563.92,186.5,,,,,0/0,consolidated,136
2018-10-01,N24000528,1254,TRICHY - KARUR,ROAD TRANSPORT AND HIGHWAYS,NHAI,TAMIL NADU,2007-03-01,2008-07-01,,516,516,627.37,,,,,0/0,consolidated,136
2018-10-01,N24000555,1255,FOUR LANNING OF TAMIL NADU KERALA BORDER TO VILLUKURI FROM KM. 43.00 TO 70.25 OF NH-47 UNDER NHDP-PH,ROAD TRANSPORT AND HIGHWAYS,NHAI,TAMIL NADU,2016-02-01,2018-08-01,2019-06-01,707.82,707.82,180.17,,,,10(O),0/0,consolidated,136
2018-10-01,N24000557,1256,FOUR LANNING OF VILLUKURI TO KANYAKUMARI SECTION FROM KM 70.25 TO 96.714 OF NH-47 AND NAGERCOIL TO K,ROAD TRANSPORT AND HIGHWAYS,NHAI,TAMIL NADU,2016-02-01,2018-07-01,,641.17,641.17,204.31,,,,,0/0,consolidated,136
2018-10-01,N24000652,1257,FOUR LANNING OF VIKRAVANDI-SETHIYAHOPU FROM KM 0.000 TO KM 60.250(DESIGN CHAINAGE KM 0.000 TO KM 65.,ROAD TRANSPORT AND HIGHWAYS,NHAI,TAMIL NADU,2017-03-01,2020-03-01,2020-03-01,848.45,848.45,5,,65,,0(O),0/0,consolidated,136
2018-10-01,N24000694,1258,FOUR LANING OF VILLUKURI KANNIYAKUMAR ROAD OF KM 70.250 TO 96.700 AND NAGERCOIL TO KAVALKINARU OF NH,ROAD TRANSPORT AND HIGHWAYS,NHAI,TAMIL NADU,2016-03-01,2016-07-01,2019-04-01,641.17,641.17,244.33,,,,33(O),0/0,consolidated,137
2018-10-01,N24000697,1259,FOUR LANNING OF CHOLOPURAM-THANJAVUR,ROAD TRANSPORT AND HIGHWAYS,NHAI,TAMIL NADU,2017-08-01,2017-08-01,,1176.37,1176.37,0,,,,,0/0,consolidated,137
2018-10-01,N24000707,1260,4-LANNING OF OTTANCHATRAM BYPASS,ROAD TRANSPORT AND HIGHWAYS,NHAI,TAMIL NADU,2017-09-01,2017-09-01,,244.27,244.27,0,,,,,0/0,consolidated,137
2018-10-01,N24000708,1261,4-LANNING OF STHIYATHOPU-CHOLOPURAM,ROAD TRANSPORT AND HIGHWAYS,NHAI,TAMIL NADU,2017-09-01,2017-09-01,,1227.87,1227.87,0,,,,,0/0,consolidated,137
2018-10-01,N24000710,1262,SIX LANING OF CHENNAI-TADA SECTION OF NH-5 FROM KM 11/0 TO KM 54/4 IN THE STATE OF TAMIL NADU TO BE,ROAD TRANSPORT AND HIGHWAYS,NHAI,TAMIL NADU,2017-12-01,,,379.9,379.9,0,,,,,0/0,consolidated,137
2018-10-01,N24000785,1263,FOUR LANING OF TRICHY TO KALLAGAM SECTION ON NH-227 IN THE STATE OF TAMIL NADU,ROAD TRANSPORT AND HIGHWAYS,NHAI,TAMIL NADU,2018-02-01,,,1166.26,1166.26,0,,,,,0/0,consolidated,137
2018-10-01,N24000826,1264,FOUR LANINIG OF CHETTIKULAM TO NATHAM SECTION OF NH-785 FROM CHETTIKULUM (KM 7.300) TO NATHAM (KM. 3,ROAD TRANSPORT AND HIGHWAYS,NHAI,TAMIL NADU,2018-03-01,,,505.35,505.35,0,,,,,0/0,consolidated,137
2018-10-01,N24000827,1265,FOUR LANING OF MADURAI- CHETTIKULAM SECTION OF NH-785 FROM MADURAI (KM 0/000) TO CHETTICULAM (7/300),ROAD TRANSPORT AND HIGHWAYS,NHAI,TAMIL NADU,2018-03-01,,,628.71,628.71,0,,,,,0/0,consolidated,137
2018-10-01,N24000828,1266,TWO LANING WITH PAVED SHOULDER OF MEENSURUTTI (KM. 98.433) TO CHIDAMBARM (KM. 129.965.) SECTION OF N,ROAD TRANSPORT AND HIGHWAYS,NHAI,TAMIL NADU,2018-03-01,,,633.55,633.55,0,,,,,0/0,consolidated,137
2018-10-01,N24000829,1267,FOUR LANING OF KALAGAM TO KARUPPUR FROM KM.38+700 TO KM. 50+382 AND TWO LANING WITH PAVED SHOULDERS,ROAD TRANSPORT AND HIGHWAYS,NHAI,TAMIL NADU,2018-03-01,,,1016.92,1016.92,0,,,,,0/0,consolidated,137
2018-10-01,N24000830,1268,FOUR LANING OF POONDIYANKUPPAM TO SATTANATHAPURAM (DESIGN CH KM. 67.000 TO KM. 123+800) SECTION OF N,ROAD TRANSPORT AND HIGHWAYS,NHAI,TAMIL NADU,2018-03-01,,,2065.96,2065.96,0,,,,,0/0,consolidated,137
2018-10-01,N24000233,1269,4 LANNING OF MH-KNT BORDER SANGAREDDY SECTION OF NH-9,ROAD TRANSPORT AND HIGHWAYS,NHAI,TELANGANA,2014-04-01,2016-09-01,2019-06-01,1266.6,1544,1410.94,,,,33(O),0/0,consolidated,137
2018-10-01,N24000241,1270,REHABILITATION AND UPGRADATION OF NH -365 FROM KM 72.600 TO 121.00 (THANAMCHERLA TO JAMANDLAPALLY S,ROAD TRANSPORT AND HIGHWAYS,PWD,TELANGANA,2013-12-01,2016-03-01,,177.18,177.18,40.51,,,,,3/4,consolidated,137
2018-10-01,N24000242,1271,REHABILITATION AND UPGRADATION OF NH -365 FROM KM 154.00 TO 187.00 (MANGALWARPET TO MALLAPLLY SECTIO,ROAD TRANSPORT AND HIGHWAYS,PWD,TELANGANA,2013-12-01,2016-03-01,,158.65,158.65,103.5,,,,,3/4,consolidated,137
2018-10-01,N24000243,1272,YAN TO NIRMAL SEREHABILITATION AND UPGRADATION OF NH -222 FROM KM 615.00 TO 668.60 (KALCTION) TO TW,ROAD TRANSPORT AND HIGHWAYS,PWD,TELANGANA,2013-12-01,2016-03-01,,244.08,244.08,38.32,,,,,1/4,consolidated,137
2018-10-01,N24000244,1273,REHABILITATION AND UPGRADATION OF NH -765 FROM KM 23.00 TO 108.00 (HYDERABAD TO DINDI SECTION) TO T,ROAD TRANSPORT AND HIGHWAYS,PWD,TELANGANA,2014-01-01,2016-03-01,,340,340,0,,,,,0/2,consolidated,137
2018-10-01,N24000245,1274,REHABILITATION AND UPGRADATION OF NH -565 FROM KM 1.00 TO 86.057 (NAKREKAL TO NAGARJUNSAGAR DAM SECT,ROAD TRANSPORT AND HIGHWAYS,PWD,TELANGANA,2014-01-01,2016-03-01,,270,270,19.84,,,,,1/4,consolidated,138
2018-10-01,N24000246,1275,REHABILITATION AND UPGRADATION OF NH-221 FROM KM 71/2 TO 121/0 (OF VIJAYAWADA- JAGDALPUR AP BORDER TO,ROAD TRANSPORT AND HIGHWAYS,PWD,TELANGANA,2014-10-01,2016-12-01,,244.3,156.09,0,,,,,0/4,consolidated,138
2018-10-01,N24000247,1276,REHABILITATION AND UPGRADATION OF NH-221 FROM KM 121/0 TO 165/00 (OF VIJAYAWADA- JAGDALPUR RUDRAMPUR,ROAD TRANSPORT AND HIGHWAYS,PWD,TELANGANA,2014-10-01,2017-02-01,,295.47,313.27,0,,,,,0/1,consolidated,138
2018-10-01,N24000248,1277,EPC- CORRIDOR APPROACH WORKS - NH (O): WIDENING EXISTING 2 LANE TO 2 LANE WITH PAVED SHOULDERS IN KM,ROAD TRANSPORT AND HIGHWAYS,PWD,TELANGANA,2015-03-01,2017-01-01,,153.21,153.21,0,,,,,0/0,consolidated,138
2018-10-01,N24000249,1278,CONSTRUCTION OF GODAVARI RIVER BRIDGE NEAR VENKATPURAM INCLUDING APPROACH ROAD ON NH-202 UNDER LWE S,ROAD TRANSPORT AND HIGHWAYS,PWD,TELANGANA,2011-03-01,2015-12-01,,218.31,339.82,208.28,,,,,0/3,consolidated,138
2018-10-01,N24000486,1279,FOUR LANING OF YADGIRI - WARANGAL,ROAD TRANSPORT AND HIGHWAYS,NHAI,TELANGANA,2015-12-01,2018-11-01,2019-07-01,1423.96,1423.96,502.66,,,,8(O),0/0,consolidated,138
2018-10-01,N24000751,1280,FOUR LANING OF KHAMMAM-ASHWARAOPET SECTION OF NH 365BB,ROAD TRANSPORT AND HIGHWAYS,NHAI,TELANGANA,2017-03-01,2017-03-01,,4429,4429,0,,,,,0/0,consolidated,138
2018-10-01,N24000804,1281,FOUR LANING OF NH-161 FROM MANGLOOR (DESIGN KM 135.751/EXISTING KM 140.873) (DESIGN LENGTH =48.963 K,ROAD TRANSPORT AND HIGHWAYS,NHAI,TELANGANA,2018-03-01,,,802.65,802.65,0,,,,,0/0,consolidated,138
2018-10-01,N24000822,1282,FOUR LANING OF NH-161 FROM RAMSANPALLE (DESIGN KM 39.980/EXISTING KM 44.757) TO MANGLOOR (DESIGN KM,ROAD TRANSPORT AND HIGHWAYS,NHAI,TELANGANA,2018-03-01,,,950.63,950.63,0,,,,,0/0,consolidated,138
2018-10-01,N24000824,1283,FOUR LANING OF NH-161 FROM KANDI (DESIGN KM 0.000) (KM 498.250 OF NH-65) TO RAMSANPALLE (DESIGN KM 3,ROAD TRANSPORT AND HIGHWAYS,NHAI,TELANGANA,2018-03-01,,,857.62,857.62,0,,,,,0/0,consolidated,138
2018-10-01,N24000825,1284,FOUR LANING OF NH-363 FROM REPALLEWADA (DESIGN KM 40.000/EXISTING KM 288.510) TO TELANGANA/MAHARASHT,ROAD TRANSPORT AND HIGHWAYS,NHAI,TELANGANA,2018-03-01,,,828.29,828.29,0,,,,,0/0,consolidated,138
2018-10-01,N24000328,1285,2 LANING WITH PAVED SHOULDER OF AGARTALA- UDAIPUR SECTION OF NH-44 FROM KM 6.800 TO KM 55.00 IN THE S,ROAD TRANSPORT AND HIGHWAYS,NHIDCL,TRIPURA,2014-10-01,2018-03-01,,369,369,246.46,,,,,3/4,consolidated,138
2018-10-01,N24000329,1286,IMPROVEMENT/ WIDENING TO TWO LANING WITH PAVED SHOULDER OF UDAIPUR-SABROOM SECTION FROM KM 55.00 TO,ROAD TRANSPORT AND HIGHWAYS,NHIDCL,TRIPURA,2014-05-01,2017-04-01,,497.89,497.89,70.47,,,,,0/4,consolidated,138
2018-10-01,N24000170,1287,GHAZIABAD-ALIGARH NH-91,ROAD TRANSPORT AND HIGHWAYS,NHAI,UTTAR PRADESH,2011-02-01,2013-08-01,,1141,1141,1948.72,,,,,0/0,consolidated,138
2018-10-01,N24000200,1288,BAREILY-SITAPUR (NH-24),ROAD TRANSPORT AND HIGHWAYS,NHAI,UTTAR PRADESH,2011-03-01,2013-09-01,2018-09-01,1046,1046,805.19,,,,,0/0,consolidated,138
2018-10-01,N24000208,1289,2-LANING WITH PS RAIBAREILI TO ALLAHABAD,ROAD TRANSPORT AND HIGHWAYS,NHAI,UTTAR PRADESH,2012-07-01,2014-01-01,2018-09-01,291.36,291.36,428.17,,,,,0/0,consolidated,138
2018-10-01,N24000219,1290,ETAWAH CHAKERI,ROAD TRANSPORT AND HIGHWAYS,NHAI,UTTAR PRADESH,2013-03-01,2015-09-01,,1573,1573,1998.25,,67,,,0/0,consolidated,138
2018-10-01,N24000330,1291,CONSTN FOR FOUR LANING OF BABATPUR- VARANASI SECTION OF NH-56 (231) KM 263.00 TO 280.25 (EPC MODE),ROAD TRANSPORT AND HIGHWAYS,MORTH,UTTAR PRADESH,2015-03-01,,,629.74,629.74,0,,,,,0/0,consolidated,139
2018-10-01,N24000331,1292,CONSTRUCTION OF RING ROAD FOR RAEBARELI CITY (PHASE -I) ON EASTERN SIDE OF NH 24B,ROAD TRANSPORT AND HIGHWAYS,MORTH,UTTAR PRADESH,2014-01-01,2016-03-01,,282.41,282.41,0,,,,,0/0,consolidated,139
2018-10-01,N24000336,1293,STRENGTHENING WITH PROVISION OF PAVED SHOULDER IN KM. 0.00 TO 46.470 OF NH-96(330) EPC MODE,ROAD TRANSPORT AND HIGHWAYS,MORTH,UTTAR PRADESH,2014-10-01,2016-10-01,,227.74,227.74,0,,,,,0/0,consolidated,139
2018-10-01,N24000356,1294,FOUR LANING OF VARANASI BYPASS,ROAD TRANSPORT AND HIGHWAYS,NHAI,UTTAR PRADESH,2015-05-01,2017-05-01,,261.09,261.09,240.96,,,,,0/0,consolidated,139
2018-10-01,N24000360,1295,2-LANING WITH PAVED SHOULDERS OF RAEBARELI - BANDA SECTION OF NH-232,ROAD TRANSPORT AND HIGHWAYS,NHAI,UTTAR PRADESH,2014-04-01,2016-01-01,,351.34,351.34,425.99,,,,,0/0,consolidated,139
2018-10-01,N24000362,1296,2 LANING WITH PAVED SHOULDER OF SITARGANJ - TANAKUR SECTION OF NH-125,ROAD TRANSPORT AND HIGHWAYS,NHAI,UTTAR PRADESH,2015-09-01,2016-09-01,,368.73,368.73,232.93,,,,,0/0,consolidated,139
2018-10-01,N24000364,1297,2-LANING WITH PS SITARGANJ BAREILY SECTION,ROAD TRANSPORT AND HIGHWAYS,NHAI,UTTAR PRADESH,2014-06-01,2016-01-01,,301.04,301.04,189.14,,,,,0/0,consolidated,139
2018-10-01,N24000367,1298,2-LANING WITH PAVED SHOULDERS OF TANDA - RAEBARELI,ROAD TRANSPORT AND HIGHWAYS,NHAI,UTTAR PRADESH,2014-04-01,2016-01-01,,495.78,495.78,602.44,,,,,0/0,consolidated,139
2018-10-01,N24000371,1299,RUDHAULI TO GHAGRA BRIDGE SECTION OF NH-233 IN UTTAR PRADESH KM 65/870 TO 122/270,ROAD TRANSPORT AND HIGHWAYS,NHDP,UTTAR PRADESH,2013-10-01,2017-03-01,,445.89,445.89,0,,,,,0/0,consolidated,139
2018-10-01,N24000373,1300,2-LANING OF LALPUL-MANMAO-CHANGLANG ROAD(NH-52B) (NEW NH NO.215)FROM KM 0.00 TO KM 68.30INTHE STATE,ROAD TRANSPORT AND HIGHWAYS,PWD,UTTAR PRADESH,2010-11-01,2017-03-01,,305.49,305.49,0,,,,,0/0,consolidated,139
2018-10-01,N24000377,1301,BAHRAICH BYPASS TO RUPAIDHA SECTION NH-28C IN UTTAR PRADESH KM 99 TO150,ROAD TRANSPORT AND HIGHWAYS,NHDP,UTTAR PRADESH,2014-01-01,2016-10-01,,397.04,397.04,0,,,,,0/0,consolidated,139
2018-10-01,N24000393,1302,ALLAHABAD TO UP/MP BORDER SECTION OF NH-27 IN UTTAR PRADESH,ROAD TRANSPORT AND HIGHWAYS,NHDP,UTTAR PRADESH,2015-06-01,2018-03-01,,774.57,774.57,0,,,,,0/0,consolidated,139
2018-10-01,N24000399,1303,BARABANKI TO JUNCTION WITH MDR 13 NEAR JARWAL SECTION OF NH-28C IN UTTAR PRADESH KM 0 TO 43,ROAD TRANSPORT AND HIGHWAYS,NHDP,UTTAR PRADESH,2013-10-01,2017-03-01,,317.76,317.76,15.47,,,,,0/0,consolidated,139
2018-10-01,N24000403,1304,JUNCTION WITH MDR-13 NEAR JARWAL TO BAHRAICH SECTION OF NH-28C IN UTTAR PRADESH KM 43 TO 93,ROAD TRANSPORT AND HIGHWAYS,NHDP,UTTAR PRADESH,2013-10-01,2016-10-01,,283.45,283.45,0,,,,,0/0,consolidated,139
2018-10-01,N24000418,1305,SONOULI TO GORAKHPUR SECTION OF NH-29E IN UTTAR PRADESH KM 0/0 TO 80/0,ROAD TRANSPORT AND HIGHWAYS,NHDP,UTTAR PRADESH,2013-10-01,2017-03-01,,493.94,493.94,0,,,,,0/0,consolidated,139
2018-10-01,N24000450,1306,DEVELOPMENT OF SIX LANE EASTERN PERIPHERAL EXPRESSWAY ( PKG-II),ROAD TRANSPORT AND HIGHWAYS,NHAI,UTTAR PRADESH,2015-09-01,2018-03-01,,785.78,785.78,839.63,,,,,0/0,consolidated,139
2018-10-01,N24000452,1307,6 LANING OF AGRA - ETAWAH BYPASS,ROAD TRANSPORT AND HIGHWAYS,NHAI,UTTAR PRADESH,2015-07-01,2019-01-01,2019-01-01,1657.2,1657.2,1910,,,,0(O),0/0,consolidated,139
2018-10-01,N24000460,1308,4-LANING OF GHAGHRA BRIDGE TO VARANSI ( PACKAGE -I),ROAD TRANSPORT AND HIGHWAYS,NHAI,UTTAR PRADESH,2015-12-01,2016-06-01,,611.65,611.65,681.34,,,,,0/0,consolidated,139
2018-10-01,N24000491,1309,FOUR LANING OF SULTANPUR TO VARANASI (PKG- II),ROAD TRANSPORT AND HIGHWAYS,NHAI,UTTAR PRADESH,2016-01-01,2018-06-01,,815.28,815.28,311.34,,,,,0/0,consolidated,140
2018-10-01,N24000493,1310,FOUR LANING OF SULTANPUR TO VARANASI (PKG-I),ROAD TRANSPORT AND HIGHWAYS,NHAI,UTTAR PRADESH,2016-01-01,2018-06-01,,1027.53,1027.53,413.69,,,,,0/0,consolidated,140
2018-10-01,N24000498,1311,FOUR LANING OF GHAGHRA BRIDGE TO VARANASI (PKG-III),ROAD TRANSPORT AND HIGHWAYS,NHAI,UTTAR PRADESH,2016-06-01,2018-07-01,,667,667,353.22,,,,,0/0,consolidated,140
2018-10-01,N24000499,1312,FOUR LANING OF GHAGHRA BRIDGE TO VARANASI (PKG-II),ROAD TRANSPORT AND HIGHWAYS,NHAI,UTTAR PRADESH,2015-12-01,2018-06-01,,667,667,423.69,,,,,0/0,consolidated,140
2018-10-01,N24000511,1313,WIDNG WITH PS AND STRNG FROM KM.0.00 TO 50.675 OF NH-730A EPC MODE,ROAD TRANSPORT AND HIGHWAYS,MORTH,UTTAR PRADESH,2013-05-01,2015-08-01,,164.54,164.54,0,,,,,0/0,consolidated,140
2018-10-01,N24000512,1314,WIDENING ANDSTRENGTHENING FROM KM.505.00 TO 538.00 OF NH-730 (EPC MODE),ROAD TRANSPORT AND HIGHWAYS,MORTH,UTTAR PRADESH,2014-12-01,,,207.88,207.88,0,,,,,0/0,consolidated,140
2018-10-01,N24000529,1315,WIDENING AND STRENGTHENING FROM KM.505.00 TO 538.00 OF NH-730 (EPC MODE),ROAD TRANSPORT AND HIGHWAYS,MORTH,UTTAR PRADESH,2014-12-01,,,207.88,207.88,0,,,,,0/0,consolidated,140
2018-10-01,N24000539,1316,MEERUT-BULANDSHAHAR,ROAD TRANSPORT AND HIGHWAYS,NHAI,UTTAR PRADESH,2016-01-01,,,683.24,683.24,430.8,,,,,0/0,consolidated,140
2018-10-01,N24000540,1317,DELHI-MEERUT EXPRESSWAY PKG-I KM 0 TO 8.360 KM,ROAD TRANSPORT AND HIGHWAYS,NHAI,UTTAR PRADESH,2016-01-01,2019-05-01,2019-05-01,701.12,701.12,842.34,,,,0(O),0/0,consolidated,140
2018-10-01,N24000541,1318,DELHI-MEERUT EXPRESSWAY PKG-III 6 LANNING FROM KM 27.740 TO 49.346 KM,ROAD TRANSPORT AND HIGHWAYS,NHAI,UTTAR PRADESH,2016-01-01,2019-06-01,2019-06-01,1081.57,1081.57,750.9,,,,0(O),0/0,consolidated,140
2018-10-01,N24000544,1319,ALIGARH MORADABAD SECTION OF NH-93 FROM KM 85.650 TO KM 232.020,ROAD TRANSPORT AND HIGHWAYS,NHAI,UTTAR PRADESH,2016-03-01,2019-04-01,2019-04-01,676.73,676.73,409.11,,,,0(O),0/0,consolidated,140
2018-10-01,N24000547,1320,4-LANNING OF VARANASI GORAKHPUR SECTION OF NH-29 FROM 12.00 TO 88.00 KM [PACKAGE-II] (GORAKPUR),ROAD TRANSPORT AND HIGHWAYS,NHAI,UTTAR PRADESH,2016-03-01,,,1404.5,1404.5,193.08,,,,,0/0,consolidated,140
2018-10-01,N24000549,1321,4-LANNING OF VARANASI GORAKHPUR SECTION OF NH-29 FROM 88.00 148.00 KM 4-LANNING OF VARANASI GORAKHPU,ROAD TRANSPORT AND HIGHWAYS,NHAI,UTTAR PRADESH,2016-03-01,,,1396.74,1396.74,105.56,,,,,0/0,consolidated,140
2018-10-01,N24000551,1322,4-LANNING OF VARANASI GORAKHPUR SECTION OF NH-29 FROM 148.00 208.300 KM [PACKAGE-IV],ROAD TRANSPORT AND HIGHWAYS,NHAI,UTTAR PRADESH,2016-03-01,2019-04-01,2019-04-01,1587.49,1587.49,130.08,,,,0(O),0/0,consolidated,140
2018-10-01,N24000556,1323,FOUR LANNING OF RAMPUR- KATHGODAM SECTION OF NH-87 FROM KM 0.000 (KM. 190.000 OF NH-24) TO KM 42.791,ROAD TRANSPORT AND HIGHWAYS,NHAI,UTTAR PRADESH,2016-03-01,2019-04-01,2019-04-01,899,899,351.9,,,,0(O),0/0,consolidated,140
2018-10-01,N24000563,1324,4-LANING OF GAGALHERI- SAHARANPUR- YAMUNANAGAR (UP/HARYANA BORDER) SECTION OF NH-73 FROM KM 33.000 (,ROAD TRANSPORT AND HIGHWAYS,NHAI,UTTAR PRADESH,2016-03-01,,2020-02-01,1668,1668,278.68,,,,,0/0,consolidated,140
2018-10-01,N24000564,1325,4-LANNING OF HARIDWAR-NAGINA SECTION OF NH- 74 FROM KM 0.000 (KM 204.300 OF NH-58) TO KM 73.00,ROAD TRANSPORT AND HIGHWAYS,NHAI,UTTAR PRADESH,2016-03-01,,2020-07-01,1408,1408,0,,,,,0/0,consolidated,140
2018-10-01,N24000565,1326,4-LANNING OF NAGINA-KASHIPUR SECTION OF NH- 74 FROM KM 73.00 TO KM 175.00,ROAD TRANSPORT AND HIGHWAYS,NHAI,UTTAR PRADESH,2016-03-01,,2020-04-01,1737,1737,0,,,,,0/0,consolidated,140
2018-10-01,N24000599,1327,4 LANNING OF LUCKNOW-SULTANPUR SECTION OF NH-56 FROM KM 11.500,ROAD TRANSPORT AND HIGHWAYS,NHAI,UTTAR PRADESH,2016-08-01,2019-04-01,2019-11-01,2016,2016,1522.12,,,,7(O),0/0,consolidated,140
2018-10-01,N24000637,1328,CONSTRUCTION OF GORAKHPUR BYPASS FROM EXISTING KM 79.670 OF NH-29E TO EXISTING KM 251.700 OF NH-28 T,ROAD TRANSPORT AND HIGHWAYS,NHAI,UTTAR PRADESH,2016-12-01,,,534.55,534.55,172.66,,,,,0/0,consolidated,141
2018-10-01,N24000648,1329,CONSTRUCTION OF NH-28 4-LANE BYPASS STARTING FROM KM 17.600 OF MDR-77C AND TERMINATING AT KM 15.650,ROAD TRANSPORT AND HIGHWAYS,NHAI,UTTAR PRADESH,2017-01-01,,,450.68,450.68,264.99,,,,,0/0,consolidated,141
2018-10-01,N24000653,1330,FOUR LANNING OF JHANSI-KHAJURAHO SECTION(PKG-I) FROM KM 0.00 TO KM 76.3(EXISTING KM 106.300 OF NH-2,ROAD TRANSPORT AND HIGHWAYS,NHAI,UTTAR PRADESH,2017-03-01,2020-03-01,2020-11-01,1373.28,1373.28,0,,,,8(O),0/0,consolidated,141
2018-10-01,N24000654,1331,FOUR LANNING OF JHANSI-KHAJURAHO SECTION(PKG-II) OF NH-75/76 FROM DESIGN CHAINAGE KM 76.3(EXISTING C,ROAD TRANSPORT AND HIGHWAYS,NHAI,UTTAR PRADESH,2017-03-01,2020-03-01,2020-08-01,1184.71,1310,0,,,,5(O),0/0,consolidated,141
2018-10-01,N24000663,1332,DEVELOPMENT OF DELHI MEERUT EXPRESSWAY FROM KM.0.000 TO KM 27.500 INCLUDING 6/8 LANNING OF NH-24 FRO,ROAD TRANSPORT AND HIGHWAYS,NHAI,UTTAR PRADESH,2017-03-01,2020-03-01,2020-05-01,1989,1989,842.34,,,,2(O),0/0,consolidated,141
2018-10-01,N24000672,1333,6-LANNING OF HANDIA-VARANASI SECTION OF NH-2 FROM KM 713.146 TO KM 785.544 IN THE STATE OF UTTAR PRA,ROAD TRANSPORT AND HIGHWAYS,NHAI,UTTAR PRADESH,2017-03-01,2020-03-01,2020-03-01,2064.99,2447,815.8,,,,0(O),0/0,consolidated,141
2018-10-01,N24000712,1334,DESIGN AND CONSTRUCTION OF DELHI-MEERUT EXPRESSWAY FROM DASNA TO MEERUT FROM 27.740 OF NH-24 TO KM,ROAD TRANSPORT AND HIGHWAYS,NHAI,UTTAR PRADESH,2017-12-01,,,1232.21,1232.21,498.25,,,,,0/0,consolidated,141
2018-10-01,N24000721,1335,ADDITIONAL FACILITY FOR 4-LANE DIVIDED HIGHWAY OF KM 52.250 TO KM 130.560 OF NH-58 (MEERUT-MUZAFFARN,ROAD TRANSPORT AND HIGHWAYS,NHAI,UTTAR PRADESH,2017-12-01,,,207,207,0,,,,,0/0,consolidated,141
2018-10-01,N24000722,1336,CONSTRUCTION OF NH-24 4-LANE BYPASS STARTING FROM KM 479.500 OF NH-24 AND TERMINATING AT KM 17.600 O,ROAD TRANSPORT AND HIGHWAYS,NHAI,UTTAR PRADESH,2017-12-01,,,305,305,0,,,,,0/0,consolidated,141
2018-10-01,N24000740,1337,VARANASI RING ROAD PKG - I,ROAD TRANSPORT AND HIGHWAYS,NHAI,UTTAR PRADESH,2018-01-01,,,450.77,450.77,0,,,,,0/0,consolidated,141
2018-10-01,N24000786,1338,FOR REHABILITATION AND UPGRADATION FROM 2- LANE TO 4-LANE OF VARANASI - DEGAMAPUR (PKG- 1) UNDER NHDP,ROAD TRANSPORT AND HIGHWAYS,NHAI,UTTAR PRADESH,2018-02-01,,,670.5,670.5,0,,,,,0/0,consolidated,141
2018-10-01,N24000792,1339,FOUR LANING OF ALIGARH - KANPUR SECTION PKG-I FROM ALIGARH - BHADWAS,ROAD TRANSPORT AND HIGHWAYS,NHAI,UTTAR PRADESH,2018-03-01,,,809.07,809.07,0,,,,,0/0,consolidated,141
2018-10-01,N24000793,1340,FOUR LANING OF ALIGARH - KANPUR SECTION PKG-II FROM BHADWAS - KALYANPUR.,ROAD TRANSPORT AND HIGHWAYS,NHAI,UTTAR PRADESH,2018-03-01,,,925.4,925.4,0,,,,,0/0,consolidated,141
2018-10-01,N24000796,1341,CONSTRUCTION OF NH-24 EXTENSION 4-LANE BYPASS STARTING FROM BEHTA ROAD AND TERMINATING AT SITAPUR RO,ROAD TRANSPORT AND HIGHWAYS,NHAI,UTTAR PRADESH,2018-03-01,,,1117.84,1117.84,0,,,,,0/0,consolidated,141
2018-10-01,N24000798,1342,SIX LANING OF HAPUR BYPASS TO MORADABAD SECTION INCLUDING HAPUR BYPASS FROM KM 50.000 (DESIGN CHAINA,ROAD TRANSPORT AND HIGHWAYS,NHAI,UTTAR PRADESH,2018-03-01,,,2140.93,2140.93,0,,70,,,0/0,consolidated,141
2018-10-01,N24000800,1343,4-LANING OF ALIGARH-KANPUR SECTION FROM KM 229.000 (DESIGN CHAINAGE 240.897) TO KM 289.000 (DESIGN C,ROAD TRANSPORT AND HIGHWAYS,NHAI,UTTAR PRADESH,2018-03-01,,,1120.57,1120.57,0,,,,,0/0,consolidated,142
2018-10-01,N24000802,1344,REHABILITATION AND UP-GRADATION FROM 2 LANE TO 4 LANE OF NH STRETCH UNDER NHDP IV B FOR LALGANJ-HANU,ROAD TRANSPORT AND HIGHWAYS,NHAI,UTTAR PRADESH,2018-03-01,,,1025.8,1025.8,0,,,,,0/0,consolidated,142
2018-10-01,N24000803,1345,REHABILITATION AND UP-GRADATION FROM 2 LANE TO 4 LANE OF NH STRETCH UNDER NHDP-IVB FOR DAGAMAGPUR-LA,ROAD TRANSPORT AND HIGHWAYS,NHAI,UTTAR PRADESH,2018-03-01,,,1115.28,1115.28,0,,,,,0/0,consolidated,142
2018-10-01,N24000806,1346,CONSTRUCTION OF 4 LANE NH-29 BYPASS PHASE-II CONNECTING NH-29 WITH NH-2 AS PART OF VARANASI RING ROA,ROAD TRANSPORT AND HIGHWAYS,NHAI,UTTAR PRADESH,2018-02-01,,,972.77,972.77,0,,,,,0/0,consolidated,142
2018-10-01,N24000212,1347,HARIDWAR DEHRADUN APPROVED LENGTH 69,ROAD TRANSPORT AND HIGHWAYS,NHAI,UTTARAKHAND,2011-11-01,2013-10-01,2019-07-01,478.51,478,409.17,,,,69(O),0/0,consolidated,142
2018-10-01,N24000559,1348,FOUR LANNING OF RAMPUR- KATHGODAM SECTION OF NH-87 FROM KM 42.791 (DESIGN CHAINAGE 43.446) TO KM 88,ROAD TRANSPORT AND HIGHWAYS,NHAI,UTTARAKHAND,2016-03-01,,2019-10-01,720,720,161.52,,,,,0/0,consolidated,142
2018-10-01,N24000562,1349,4-LANNING OF CHUTMALPUR-GANESHPUR SECTION OF NH-72A FROM KM 0.000 (KM 22.825 OF MH-73) TO KM 17.900,ROAD TRANSPORT AND HIGHWAYS,NHAI,UTTARAKHAND,2016-03-01,,,1443,1443,105.72,,,,,0/0,consolidated,142
2018-10-01,N24000638,1350,4 LANING OF KASHIPUR-SITARGANJ SECTION KM. 175.000 TO KM. 252.20,ROAD TRANSPORT AND HIGHWAYS,NHAI,UTTARAKHAND,2012-11-01,2018-07-01,2018-07-01,605.84,605.84,722.46,,,,,0/0,consolidated,142
2018-10-01,N24000741,1351,CONSTRUCTION AND UPGRADATION OF EXISTING ROAD TO 2 LANE WITH PAVED SHOULDER FROM KM 368.00 TO KM 399,ROAD TRANSPORT AND HIGHWAYS,NHIDCL,UTTARAKHAND,2018-03-01,2018-05-01,,274.31,274.31,0,,,,,0/4,consolidated,142
2018-10-01,N24000742,1352,2 LANE WITH PAVED SHOULDER FROM KM 399.00 TO KM 430.00 OF KARANPARYAG TO CHAMOLI UNDER CHARDHAM PARI,ROAD TRANSPORT AND HIGHWAYS,NHIDCL,UTTARAKHAND,2018-03-01,2018-06-01,,403.36,403.36,0,,,,,0/4,consolidated,142
2018-10-01,N24000743,1353,2 LANE WITH PAVED SHOULDER FROM KM 430.00 TO KM 468.00 OF CHAMOLI TO PAINI UNDER CHARDHAM PARIYOJNA,ROAD TRANSPORT AND HIGHWAYS,NHIDCL,UTTARAKHAND,2018-03-01,2018-05-01,,417.24,417.24,0,,,,,0/4,consolidated,142
2018-10-01,N24000772,1354,RECONSTRUCTION WITH GEOMETRIC IMPROVEMENT OF EXISTING 2 LANE/INTERMEDIATE LANE TO 2LANE WITH PAVED S,ROAD TRANSPORT AND HIGHWAYS,MORTH,UTTARAKHAND,2017-12-01,2019-12-01,2019-12-01,257.34,257.34,0,,,,0(O),0/0,consolidated,142
2018-10-01,N24000773,1355,RECONSTRUCTION WITH GEOMETRIC IMPROVEMENT OF EXISTING 2 LANE/INTERMEDIATE LANE TO 2LANE WITH PAVED S,ROAD TRANSPORT AND HIGHWAYS,MORTH,UTTARAKHAND,2017-12-01,2019-12-01,2019-12-01,200.34,200.34,35,,,,0(O),0/0,consolidated,142
2018-10-01,N24000774,1356,WIDENING OF EXISTING SINGLE LANE ROAD TO TWO LANE WITH PAVED SHOULDERS CONFIGURATION FROM KM. 235.00,ROAD TRANSPORT AND HIGHWAYS,MORTH,UTTARAKHAND,2017-12-01,2019-12-01,2019-12-01,248.22,248.22,57.01,,,,0(O),0/0,consolidated,142
2018-10-01,N24000775,1357,RECONSTRUCTION WITH GEOMETRIC IMPROVEMENT OF EXISTING 2 LANE/INTERMEDIATE LANE TO 2LANE WITH PAVED S,ROAD TRANSPORT AND HIGHWAYS,MORTH,UTTARAKHAND,2017-06-01,2019-06-01,2019-06-01,282.08,282.08,45.92,,,,0(O),0/0,consolidated,142
2018-10-01,N24000776,1358,RECONSTRUCTION WITH GEOMETIC IMPROVEMENT OF EXISTING TWO LANE TO 2- LANE WITH PAVED SHOULDERS CONFIG,ROAD TRANSPORT AND HIGHWAYS,MORTH,UTTARAKHAND,2017-11-01,2019-11-01,2019-11-01,232.81,232.81,40.04,,,,0(O),0/0,consolidated,143
2018-10-01,N24000777,1359,RECONSTRUCTION WITH GEOMETIC IMPROVEMENT OF SINGLE LANE TO 2- LANE WITH PAVED SHOULDER CONFIGURATION,ROAD TRANSPORT AND HIGHWAYS,MORTH,UTTARAKHAND,2017-11-01,2019-11-01,2019-11-01,283.51,284,72.26,,,,0(O),0/0,consolidated,143
2018-10-01,N24000778,1360,RECONSTRUCTION WITH GEOMETRIC IMPROVEMENT OF EXISTING SINGLE/INTERMEDIATE LANE TO 2LANE WITH PAVED S,ROAD TRANSPORT AND HIGHWAYS,MORTH,UTTARAKHAND,2017-11-01,2019-11-01,2019-11-01,266.52,266.52,74.35,,,,0(O),0/0,consolidated,143
2018-10-01,N24000779,1361,RECONSTRUCTION WITH GEOMETRIC IMPROVEMENT OF EXISTING SINGLE/INTERMEDIATE LANE TO 2 LANE WITH EAR,ROAD TRANSPORT AND HIGHWAYS,MORTH,UTTARAKHAND,2018-02-01,2020-02-01,2020-02-01,418.88,418.88,74.17,,,,0(O),0/0,consolidated,143
2018-10-01,N24000780,1362,REHABILITATION AND UP GRADATION OF 2 LANE/ 2 LANE WITH PAVED SHOULDER FROM EXISTING KM. 172.900 TO K,ROAD TRANSPORT AND HIGHWAYS,MORTH,UTTARAKHAND,2018-02-01,,,293.68,293.68,0.14,,,,,0/0,consolidated,143
2018-10-01,N24000781,1363,CONSTRUCTION OF KUND BYPASS FROM EXISTING KM 33+130 TO KM 41+260 (EXISTING LENGTH: 8.130 KM); DESIGN,ROAD TRANSPORT AND HIGHWAYS,MORTH,UTTARAKHAND,2018-05-01,2020-05-01,2020-05-01,248,248,0,,,,0(O),0/0,consolidated,143
2018-10-01,N24000782,1364,REHABILITATION AND UPGRADATION OF 2 LANE WITH PAVED SHOULDER FROM EXISTING KM. 195.175 TO KM. 220.00,ROAD TRANSPORT AND HIGHWAYS,MORTH,UTTARAKHAND,2018-03-01,,,460.73,461,0.23,,,,,0/0,consolidated,143
2018-10-01,N24000202,1365,4-LANING OF FARAKA-RAIGANJ,ROAD TRANSPORT AND HIGHWAYS,NHAI,WEST BENGAL,2011-02-01,2013-08-01,,1078.84,1078.84,2310.6,,,,,0/0,consolidated,143
2018-10-01,N24000203,1366,4-LANING OF BRAHAMPORE-FARAKA,ROAD TRANSPORT AND HIGHWAYS,NHAI,WEST BENGAL,2011-02-01,2013-08-01,,998.79,998.79,1822.7,,,,,0/0,consolidated,143
2018-10-01,N24000206,1367,6-LANING OF DHANKUNI-KHARAGPUR SECTION,ROAD TRANSPORT AND HIGHWAYS,NHAI,WEST BENGAL,2012-04-01,2014-09-01,,1396.18,1396.18,2614.84,,,,,0/0,consolidated,143
2018-10-01,N24000209,1368,KRISHNANAGAR-BERHAMPUR,ROAD TRANSPORT AND HIGHWAYS,NHAI,WEST BENGAL,2012-02-01,2014-07-01,,702.16,702.16,441.57,,,,,0/0,consolidated,143
2018-10-01,N24000397,1369,REHABILITATION AND UPGRADING TO 2 LANES/2 LANE WITH PAVED SHOULDERS CONFIGURATION OF BANKUARA- PURUL,ROAD TRANSPORT AND HIGHWAYS,MORTH,WEST BENGAL,1991-01-01,2018-03-01,,322,322,56.41,,,,,0/0,consolidated,143
2018-10-01,N24000437,1370,CONSTRUCTION OF ISLAMPUR BY PASS,ROAD TRANSPORT AND HIGHWAYS,NHAI,WEST BENGAL,2015-10-01,,2019-12-01,361.15,361.15,0,,,,,0/0,consolidated,143
2018-10-01,N24000463,1371,4 LANING OF NH-31D FROM GHOSHPUKUR - SALSALABARI ( KM 0.00 TO KM . 83.785),ROAD TRANSPORT AND HIGHWAYS,NHAI,WEST BENGAL,2015-12-01,2018-06-01,2019-05-01,1083,1083,105.7,,,,11(O),0/0,consolidated,143
2018-10-01,N24000515,1372,SIX-LANING OF BARWA ADDA-PANAGARH,ROAD TRANSPORT AND HIGHWAYS,NHAI,WEST BENGAL,2014-04-01,,,1665,1665,1836.44,,,,,0/0,consolidated,143
2018-10-01,N24000553,1373,CONSTRUCTION OF ROB –FLYOVER AT RANICHAK HALDIA,ROAD TRANSPORT AND HIGHWAYS,NHAI,WEST BENGAL,2016-03-01,2018-11-01,2018-11-01,229.37,229.37,6.39,,,,0(O),0/0,consolidated,143
2018-10-01,N24000620,1374,FOUR LANNING OF CHICHRA-KHARAGPUR SECTION OF NH-6 FROM KM 185.150 TO KM 134.400 INCLUDING REHABILITA,ROAD TRANSPORT AND HIGHWAYS,NHAI,WEST BENGAL,2016-09-01,2018-08-01,2018-08-01,767.03,767.03,123.31,,,,,0/0,consolidated,143
2018-10-01,N24000770,1375,CONSTRUCTION OF MECHI BRIDGE AND APPROACHES ON INDIA-NEPAL BORDER LINKING KAKARVITTA AND PANITNAKI I,ROAD TRANSPORT AND HIGHWAYS,NHIDCL,WEST BENGAL,2017-03-01,2018-06-01,,158.65,158.65,0,,,,,0/0,consolidated,144
2018-10-01,N24000790,1376,REHABILITATION AND UP GRADATION TO FOUR LANING OF NH-31D FROM KM 113.200 TO KM 154.854 (PACKAGE IIA),ROAD TRANSPORT AND HIGHWAYS,NHAI,WEST BENGAL,2018-03-01,,,1261.98,1261.98,0,,,,,0/0,consolidated,144
2018-10-01,N25000063,1377,CONSTRUCTION OF OFFSHORE CONTAINER BERTHS AND DEVELOPMENT OF CONTAINER TERMINAL ON BOT BASIS IN MUMB,SHIPPING AND PORTS,MUMBAI PORT TRU,MAHARASHTRA,2007-01-01,2010-12-01,2018-12-01,366.39,669.46,411.12,,,,96(O),0/0,consolidated,144
2018-10-01,250100175,1378,SETHUSAMUDRAM SHIP CHANNEL PROJECT,SHIPPING AND PORTS,PORT TRUST,TAMIL NADU,2005-06-01,2008-10-01,,2427.4,2427.4,831.21,,,,,0/0,consolidated,144
2018-10-01,N25000035,1379,ENNORE MANALI EXPRESS WAY F/O SPECIAL PURPOSE VEHICLE (SPV),SHIPPING AND PORTS,PORT TRUST,TAMIL NADU,2002-10-01,2006-03-01,,150,600,139.8,,,,,0/0,consolidated,144
2018-10-01,N25000066,1380,CONSTRUCTION OF COAL BERTH-4 AT KAMARAJAR PORT LIMITED,SHIPPING AND PORTS,KPL,TAMIL NADU,2015-02-01,2017-12-01,,244.5,275.98,275.98,,258,,,1/1,consolidated,144
2018-10-01,N25000070,1381,CAPITAL DREDGING PHASE-IV TO PROVIDE 18M DEEP DRAFT,SHIPPING AND PORTS,KPL,TAMIL NADU,2016-03-01,2017-12-01,2020-05-01,600,257.9,1.45,,258,,29(O),0/0,consolidated,144
2018-10-01,N26000105,1382,GSM-RF EXPANSION PROJECT MTNL DELHI (3G),TELECOMMUNICATIONS,MTNL,DELHI,2016-06-01,2017-06-01,,418.26,418.26,172.3,,,,,0/0,consolidated,144
2018-10-01,N26000111,1383,GUJARAT ACCESS (LOT 1),TELECOMMUNICATIONS,BSNL,GUJARAT,2017-09-01,2018-05-01,2018-11-01,171.54,170.91,72.46,,170.91,2018-11-01,6(O),0/0,consolidated,144
2018-10-01,N26000107,1384,MAHARASHTRA NODAL (LOT 1),TELECOMMUNICATIONS,BSNL,MAHARASHTRA,2017-08-01,2018-04-01,2018-12-01,159.3,159.3,60.27,,,2018-12-01,8(O),0/0,consolidated,144
2018-10-01,N26000108,1385,MAHARASHTRA CORE (LOT1),TELECOMMUNICATIONS,BSNL,MAHARASHTRA,2017-08-01,2018-04-01,2018-12-01,167.68,167.68,32.44,,,2018-12-01,8(O),0/0,consolidated,144
2018-10-01,N26000109,1386,MAHARASHTRA ACESS (LOT 1),TELECOMMUNICATIONS,BSNL,MAHARASHTRA,2017-08-01,2018-05-01,2018-12-01,212.7,212.7,37.25,,,2018-12-01,7(O),0/0,consolidated,144
2018-10-01,N26000110,1387,MADHYA PRADESH ACCESS (LOT1),TELECOMMUNICATIONS,BSNL,MAHARASHTRA,2017-08-01,2018-05-01,2018-12-01,215.3,214.1,33.46,,214.1,2018-12-01,7(O),0/0,consolidated,144
2018-10-01,N26000113,1388,MAHARASTRA ACCESS LOT 2 GSM PHASE VIII.4 PROJECT,TELECOMMUNICATIONS,BSNL,MAHARASHTRA,2018-01-01,2018-10-01,2018-12-01,231.8,231.8,77.65,,,2018-12-01,2(O),0/0,consolidated,144
2018-10-01,N26000101,1389,NETWORK FOR SPECTRUM,TELECOMMUNICATIONS,DOT,MULTI STATE,2012-03-01,2015-07-01,2020-05-01,13334,24664,8397,,,,58(O),0/0,consolidated,144
2018-10-01,N26000102,1390,NETWORK FOR SPECTRUM (NFS) TO CONNECT DEFENCE STATIONS ACROSS COUNTRY,TELECOMMUNICATIONS,ITI,MULTI STATE,2014-09-01,2014-09-01,,2111.17,2011.17,253.9,,,,,0/70,consolidated,145
2018-10-01,N12000104,1391,CONSTRUCTION OF 123 BLOCKS IN TELENGANA AND 167 BLOCKS IN A.P. FOR INDOOR SPORTS HALL UNDER RGKA,URBAN DEVELOPMENT,HSCL,ANDHRA PRADESH,2014-07-01,,,232,232,0,,,,,0/0,consolidated,145
2018-10-01,N28000076,1392,CONSTRUCTION OF SOUTHERN REGIONAL CENTER FOR NSG AT IBRAHIMPATNAM HYDERABAD,URBAN DEVELOPMENT,CPWD,ANDHRA PRADESH,2014-06-01,2017-03-01,,157.84,157.84,134.62,,,,,4/5,consolidated,145
2018-10-01,N28000082,1393,REHABILITATION AND STRENGTHENING OF SEWERAGE SYSTEM IN OLD CITY AREA ON SOUTH OF MUSI IN ZONE 2,URBAN DEVELOPMENT,JNNURM,ANDHRA PRADESH,2007-08-01,,,246.9,246.9,0,,,,,0/0,consolidated,145
2018-10-01,N28000108,1394,CONSTRACTION OF NIT AP PHASE 1A AT TADEPALLIGUIDEM AP,URBAN DEVELOPMENT,CPWD,ANDHRA PRADESH,2018-01-01,2019-03-01,2019-03-01,206.58,206.58,0.02,,,,0(O),0/7,consolidated,145
2018-10-01,N12000108,1395,IRRIGATION WORK OF BAGMATI,URBAN DEVELOPMENT,HSCL,BIHAR,2005-10-01,2015-03-01,2021-03-01,956,956,651.21,,,,72(O),0/0,consolidated,145
2018-10-01,N28000100,1396,CONSTRUCTION OF ACADEMIC AND RESIDENTIAL COMPLEX UNDER PHASE-II FOR THE CAMPUS OF IIT PATNA,URBAN DEVELOPMENT,CPWD,BIHAR,2016-02-01,2017-06-01,2020-06-01,496.18,498.99,17.72,,496,2017-07-01,36(O),0/0,consolidated,145
2018-10-01,N28000056,1397,DELHI MRTS PHASE-III,URBAN DEVELOPMENT,MMRC,DELHI,2011-09-01,2016-03-01,,38585,38585,34270.32,,,,,0/0,consolidated,145
2018-10-01,N28000071,1398,ESTABLISHMENT OF CENTRAL ARMED POLICE FORCE INSTITUTE OF MEDICAL SCIENCES(CAPFIMS) AT NEW DELHI,URBAN DEVELOPMENT,CPWD,DELHI,2013-10-01,2019-10-01,2020-03-01,1219.21,1592,331.12,,,,5(O),0/7,consolidated,145
2018-10-01,N28000079,1399,CONSTRUCTION OF ADDITIONAL COMPLEX FOR THE SUPREME COURT OF INDIA AT LAND ADJOINING PRAGATI MAIDAN,URBAN DEVELOPMENT,CPWD,DELHI,2012-07-01,2015-12-01,,884.3,884.3,647.07,,,,,0/0,consolidated,145
2018-10-01,N28000080,1400,REDEVELOPMENT OF EAST KIDWAI NAGAR,URBAN DEVELOPMENT,NBCC,DELHI,2012-06-01,2019-11-01,2019-11-01,4264,4439.23,3506.53,,,,0(O),3/7,consolidated,145
2018-10-01,N28000087,1401,CONSTRUCTION OF 108 NOS. GPRA TYPE-VII FLATS IN POCKET-I AT DEEN DAYAL UPADHYAYA MARG NEW DELHI,URBAN DEVELOPMENT,CPWD,DELHI,2015-06-01,2019-04-01,2020-06-01,197.33,197.33,5.14,,,2020-06-01,14(O),0/2,consolidated,145
2018-10-01,N28000105,1402,REDEVELOPMENT OF GPRA COLONY AT NAUROJI NAGAR,URBAN DEVELOPMENT,NBCC,DELHI,2016-07-01,,,2694,2694,0,,,,,0/0,consolidated,145
2018-10-01,N28000106,1403,RE-DEVELOPMENT OF GOVT. OF INDIA PRESS MINTO ROAD NEW DELHI (SH: CONSTRUCTION OF NEW BUILDING (2 B,URBAN DEVELOPMENT,CPWD,DELHI,2017-11-01,2020-05-01,2020-05-01,238.56,238.56,0.36,,,,0(O),0/0,consolidated,145
2018-10-01,N28000107,1404,CONSTRUCTION OF FLYOVER-UNDERPASS BETWEEN NORTHERN MAHIPALPUR BYPASS ROAD AND AIRPORT ROAD NEAR HANU,URBAN DEVELOPMENT,CPWD,DELHI,2017-12-01,2019-06-01,2019-06-01,188,188,57.89,,,,0(O),0/0,consolidated,145
2018-10-01,N28000110,1405,REDEVELOPMENT OF GPRA AT MOHAMMADPUR,URBAN DEVELOPMENT,CPWD,DELHI,2016-10-01,,,422,422,0,,,,,0/0,consolidated,145
2018-10-01,N28000114,1406,REDEVELOPMENT OF GENERAL POOL RESIDENTIAL COLONY AT THYAGRAJ NAGAR NEW DELHI- CONSTRUCTION OF 380 N,URBAN DEVELOPMENT,CPWD,DELHI,2016-10-01,,,392,392,0,,,,,0/0,consolidated,146
2018-10-01,N28000115,1407,SETTING UP PHYSICAL INFRASTRUCTURE FOR THE NATIONAL INSTITUTE OF COMMUNICATION FINANCE(NICF) AT GHIT,URBAN DEVELOPMENT,CPWD,DELHI,2016-10-01,2018-04-01,,248.2,248.2,1.21,,,,,0/0,consolidated,146
2018-10-01,N28000118,1408,CONSTRUCTION OF ATAL AKSHAY URJA BHAWAN CGO COMPLEX LODHI ROAD NEW DELHI,URBAN DEVELOPMENT,CPWD,DELHI,2017-10-01,2019-11-01,2019-11-01,271.9,271.9,1.84,,,,0(O),0/0,consolidated,146
2018-10-01,N12000106,1409,CONSTRUCTION OF CAMPUS AND BUILDING FOR NIPER AT GANDHINAGAR GUJARAT,URBAN DEVELOPMENT,HSCL,GUJARAT,2013-01-01,,,175,175,1.83,,,,,0/0,consolidated,146
2018-10-01,N28000122,1410,AHMEDABAD METRO RAIL PROJECT PHASE 1,URBAN DEVELOPMENT,MEGA,GUJARAT,2014-11-01,2018-12-01,2020-07-01,10773,12787,2078.8,,,,19(O),0/0,consolidated,146
2018-10-01,N28000065,1411,DIFFERENT BUILDINGS UNDER PHASE 1 NORTH FOR IIT MANDI AT KAMAND,URBAN DEVELOPMENT,CPWD,HIMACHAL PRADESH,2012-11-01,2014-11-01,2019-02-01,270.83,270.83,163.97,,,,51(O),2/8,consolidated,146
2018-10-01,N12000109,1412,CONSTRUCTION OF RURAL ROADS WITH FIVE YEAR MAINTEINANCE UNDER PMGSY-JHARKHAND,URBAN DEVELOPMENT,HSCL,JHARKHAND,2007-12-01,2016-06-01,,253.92,253.92,193.97,,253.92,,,0/0,consolidated,146
2018-10-01,N12000110,1413,CONSTRUCTION OF ROAD AND BRIDGE IN GIRIDHI KODERMA HAZARIBAG RAMGARH AND CHATRA DISTRICT,URBAN DEVELOPMENT,HSCL,JHARKHAND,2007-12-01,2018-03-01,,200,200,131.15,,,,,0/0,consolidated,146
2018-10-01,N12000111,1414,CONSTRUCTION OF RURAL ROAD DEVELOPMENT AUTHORITY UNDER PHASE-XII,URBAN DEVELOPMENT,HSCL,JHARKHAND,2014-02-01,2016-12-01,2018-12-01,787.29,787.29,285.3,,,,24(O),0/0,consolidated,146
2018-10-01,N12000112,1415,CONSTRUCTION OF ROAD AND BRIDGE UNDER PMGSY,URBAN DEVELOPMENT,HSCL,JHARKHAND,2013-04-01,2018-04-01,,170,170,88.91,,,,,0/0,consolidated,146
2018-10-01,N28000067,1416,2000 BOYS HOSTEL(1000 DOUBLE BEDDED ROOM) AT ISM DHANBAD,URBAN DEVELOPMENT,CPWD,JHARKHAND,2012-09-01,2016-03-01,2020-04-01,171.86,171.86,41.28,,,,49(O),1/6,consolidated,146
2018-10-01,N12000101,1417,CONSTRUCTION OF MEDICAL COLLEGE AND HOSPITAL AT GULBARGA,URBAN DEVELOPMENT,HSCL,KARNATAKA,2005-05-01,2014-02-01,,768.88,1113.34,1085.64,,1070.97,,,0/0,consolidated,146
2018-10-01,N12000102,1418,CONSTRUCTION OF PARAMEDICAL AND ALLIED HEALTH INSTITUTE AT GULBARGA,URBAN DEVELOPMENT,HSCL,KARNATAKA,2011-07-01,2015-12-01,,324.87,324.87,262.93,,324.87,,,0/0,consolidated,146
2018-10-01,N28000058,1419,BANGALORE METRO RAIL PROJECT PHASE-2,URBAN DEVELOPMENT,BMRCL,KARNATAKA,2014-02-01,2019-02-01,2020-03-01,26405.14,26405.14,2391.46,,,,13(O),0/0,consolidated,146
2018-10-01,N28000103,1420,RESIDENTIAL QUATERS FOR HAL BANGLORE,URBAN DEVELOPMENT,CPWD,KARNATAKA,2016-12-01,2020-02-01,2020-09-01,246.31,246.31,24.16,,,2020-09-01,7(O),0/0,consolidated,146
2018-10-01,N28000075,1421,CONSTRUCTION OF MEGA HOSTEL II FOR NIT CALICUT KERALA,URBAN DEVELOPMENT,CPWD,KERALA,2010-01-01,2012-10-01,2019-03-01,165.23,165.23,58.85,,,,77(O),1/5,consolidated,146
2018-10-01,N28000081,1422,KOCHI METRO RAIL PROJECT,URBAN DEVELOPMENT,KMRCL,KERALA,2012-07-01,2017-07-01,2019-12-01,5181.79,5181.79,0,,,,29(O),0/0,consolidated,146
2018-10-01,N28000112,1423,C/O NEW HOSPITAL BLOCK FOR SREE CHITRA TIRUNAL INSTITIUTE OF MEDICAL SCIENCE AND TECHNOLOGY (SCTIMST,URBAN DEVELOPMENT,CPWD,KERALA,2017-09-01,2020-03-01,2020-03-01,150.29,150.29,2.58,,,2020-06-01,0(O),2/7,consolidated,146
2018-10-01,N28000068,1424,OFFICE BUILDING FOR INCOME TAX DEPARTMENT ON PLOT NO C- 41-43 G BLOCK BANDRA,URBAN DEVELOPMENT,CPWD,MAHARASHTRA,2011-02-01,2016-03-01,,241.33,349.33,307.5,,,,,0/13,consolidated,146
2018-10-01,N28000085,1425,NAGPUR METRO RAIL,URBAN DEVELOPMENT,NMRCL,MAHARASHTRA,2014-08-01,2018-03-01,2019-12-01,8680,8680,4475.64,,8680,2019-12-01,21(O),0/0,consolidated,147
2018-10-01,N28000086,1426,MUMBAI METRO LINE 3 (COLABA-BANDRA-SEEPZ),URBAN DEVELOPMENT,MMRCL,MAHARASHTRA,2013-07-01,2015-01-01,2020-05-01,23136,23136,0,,,,64(O),0/0,consolidated,147
2018-10-01,N28000117,1427,CONSTRUCTION OF IITB RESEARCH PARK AT IIT BOMBAY POWAI MUMBAI,URBAN DEVELOPMENT,CPWD,MAHARASHTRA,2018-01-01,2020-07-01,2020-09-01,223.37,223.37,1.05,,,2018-09-01,2(O),0/14,consolidated,147
2018-10-01,N28000121,1428,PUNE METRO RAIL PROJECT (PHASE 1),URBAN DEVELOPMENT,MMRC,MAHARASHTRA,2016-12-01,2021-11-01,2021-11-01,11420,11420,1793.83,,,,0(O),0/0,consolidated,147
2018-10-01,N28000092,1429,NIT ACADEMIC BUILDING AT IMPHAL MANIPUR,URBAN DEVELOPMENT,CPWD,MANIPUR,2014-02-01,2015-03-01,2019-11-01,216.69,216.69,52,,216.69,2018-11-01,56(O),0/10,consolidated,147
2018-10-01,N12000103,1430,CONSTRUCTION OF INTERNATIONAL CENTRE FOR PERFORMING ARTS AND CULTURE SHILONG IN MEGALAYA UNDER NLCPR,URBAN DEVELOPMENT,HSCL,MEGHALAYA,2014-04-01,2017-09-01,2018-12-01,151.33,151.33,7.15,,,,15(O),0/0,consolidated,147
2018-10-01,N28000088,1431,CONSTRUCTION OF DIFFERENT BUILDINGS UNDER PHASE-I FOR IIT ROPAR AT ROPAR PUNJAB,URBAN DEVELOPMENT,CPWD,PUNJAB,2014-02-01,2017-05-01,2018-12-01,388,388,381.79,,,2018-08-01,19(O),8/12,consolidated,147
2018-10-01,N28000102,1432,CONSTRUCTION OF VARIOUS BUILDINGS UNDER PHASE-1B FOR IIT ROPAR PUNJAB,URBAN DEVELOPMENT,CPWD,PUNJAB,2016-08-01,2019-04-01,2019-09-01,294,294,117.61,,,2019-06-01,5(O),3/8,consolidated,147
2018-10-01,N28000120,1433,CONSTRUCTION OF VARIOUS BUILDINGS UNDER PHASE 1C AT IIT ROPAR PUNJAB,URBAN DEVELOPMENT,CPWD,PUNJAB,2018-01-01,2018-09-01,2018-09-01,430,430,19.63,,,,,0/5,consolidated,147
2018-10-01,N12000107,1434,CONSTRUCTION OF MEDICAL COLLEGE CAMPUS FOR 100 MBBS ADMISSION ANNUALLY AND UP- GRADATION OF GOVT. DIS,URBAN DEVELOPMENT,HSCL,RAJASTHAN,2015-05-01,2017-03-01,,189,189,0,,,,,0/0,consolidated,147
2018-10-01,N28000119,1435,DEVELOPMENT OF PERMANENT CAMPUS FOR IIT JODHPUR (PHASE II) AT KARWAR JODHPUR RAJASTHAN,URBAN DEVELOPMENT,CPWD,RAJASTHAN,2016-12-01,2019-07-01,2019-10-01,549.31,540.42,179.41,,,,3(O),0/0,consolidated,147
2018-10-01,N28000060,1436,STAGE I OF PHASE C/O PERMANENT CAMPUS FOR IIM,URBAN DEVELOPMENT,CPWD,TAMIL NADU,2014-04-01,2016-09-01,2018-09-01,332.72,342,321.13,,,,,0/0,consolidated,147
2018-10-01,N28000084,1437,CHENNAI METRO RAIL LTD (PHASE 1),URBAN DEVELOPMENT,CMRL,TAMIL NADU,2009-02-01,2015-12-01,,14600,19058,16352.77,,,,,12/24,consolidated,147
2018-10-01,N28000089,1438,C/O OF 152 NOS TYPE-II 304 NOS TYPE-III 76 NOS TYPE-IV QTRS. FOR INCOME TAX DEPARTMENT AT CHENNAI,URBAN DEVELOPMENT,CPWD,TAMIL NADU,2015-12-01,2019-10-01,2019-10-01,209,209,52,,,,0(O),0/6,consolidated,147
2018-10-01,N28000097,1439,CHENNAI METRO RAIL LTD (PHASE 1 EXT),URBAN DEVELOPMENT,CMRL,TAMIL NADU,2016-06-01,2018-03-01,,3770,3770,0,,,,,0/0,consolidated,147
2018-10-01,N28000109,1440,CONSTRUCTION OF 726 Nos RESIDENTIAL QUARTERS CHENNAI,URBAN DEVELOPMENT,CPWD,TAMIL NADU,2017-11-01,,,348.77,348.77,0,,,,,0/0,consolidated,147
2018-10-01,N28000098,1441,ESTABLISHMENT OF NATIONAL ANIMAL RESOURCE FACILITY FOR BIOMEDICAL RESEARCH AT HYDERABAD,URBAN DEVELOPMENT,CPWD,TELANGANA,2016-10-01,2020-03-01,2020-03-01,209.84,209.84,8.27,,,,0(O),0/5,consolidated,147
2018-10-01,N12000098,1442,CONSTRUCTION AND MAINTEINANCE OF RURAL ROAD UNDER PMGSY PHASE V,URBAN DEVELOPMENT,HSCL,TRIPURA,2007-03-01,2015-12-01,,149.73,175.94,178.65,,173,,,0/0,consolidated,147
2018-10-01,N12000099,1443,CONSTRUCTION AND MAINTEINANCE OF RURAL ROAD UNDER PMGSY PHASE VI,URBAN DEVELOPMENT,HSCL,TRIPURA,2007-12-01,2016-12-01,,202.61,227,199.95,,227,,,0/0,consolidated,147
2018-10-01,N12000100,1444,CONSTRUCTION AND MAINTEINANCE OF RURAL ROAD UNDER PMGSY PHASE VIII,URBAN DEVELOPMENT,HSCL,TRIPURA,2011-10-01,2016-12-01,,175.49,206.71,141.28,,206.71,,,0/0,consolidated,148
2018-10-01,N28000094,1445,LUCKNOW METRO RAIL CORPORATION LTD,URBAN DEVELOPMENT,LMRCL,UTTAR PRADESH,2016-01-01,2019-03-01,2019-03-01,6928,6928,2536.77,,6928,,0(O),0/0,consolidated,148
2018-10-01,N28000111,1446,CONSTRUCTION OF ENGINEERING CORE LAB FOR IIT KANPUR,URBAN DEVELOPMENT,CPWD,UTTAR PRADESH,2017-11-01,2020-03-01,2020-03-01,171.72,171.72,0,,,,0(O),0/0,consolidated,148
2018-10-01,N28000101,1447,CONSTRUCTION OF ITBP ROAD TO INDO-CHINA BORDER FROM NYU SOBLA SELA TO TEDANG IN THE STATE OF UTTARA,URBAN DEVELOPMENT,CPWD,UTTARAKHAND,2008-12-01,2013-12-01,2019-10-01,114.26,266,0,,266,,70(O),0/0,consolidated,148
2018-10-01,N12000114,1448,CONSTRUCTION OF WORKSHOPS AND BUILDINGS FOR 24 NOS NEW INDUSTRIAL TRAINING INSTITUTES(ITI) WEST BENG,URBAN DEVELOPMENT,HSCL,WEST BENGAL,2012-08-01,2016-03-01,,185.37,185.37,178.3,,,,,0/0,consolidated,148
2018-10-01,N28000062,1449,CONSTRUCTION OF PERMANENT CAMPUS OF IISER KOLKATA AT HARINGHANTA KALYANI NADIA,URBAN DEVELOPMENT,CPWD,WEST BENGAL,2014-02-01,2016-08-01,2019-01-01,156.57,156.57,143.15,,,,29(O),8/16,consolidated,148
2018-10-01,N28000104,1450,NSG AT KOLKATA,URBAN DEVELOPMENT,CPWD,WEST BENGAL,2014-10-01,2018-04-01,2019-07-01,162.88,162.88,81.75,,,,15(O),3/6,consolidated,148
2018-10-01,N39000001,1451,CONSTRUCTION WORKS PHASE 4,DEFENCE PRODUCTION,GSL,GOA,2016-12-01,2018-05-01,2018-05-01,167.69,170.37,74.12,,168,,,5/10,consolidated,148
2018-10-01,N39000002,1452,CONSTRUCTION WORKS PHASE 3B,DEFENCE PRODUCTION,GSL,GOA,2016-12-01,2020-08-01,2020-08-01,285.95,291.29,49.95,,286,,0(O),4/8,consolidated,148
