report_month,ocms_code,sl_no,project_name,sector,agency,state_raw,approval_month,original_doc_month,revised_doc_month,original_cost_cr,revised_cost_cr,cumulative_expenditure_cr,physical_progress_pct,latest_approved_cost_cr,approved_revised_doc_month,delay_months_reported,milestones,annexure,source_page
2020-10-01,020100044,1,"PROTOTYPE FAST BREEDER REACTOR (BHAVINI, 500 MWE)",Bhavini Limited,BHAVNI,TAMIL NADU,2003-09-01,2010-09-01,2022-10-01,3492,6840,5882.78,,5677,2016-09-01,,,delayed,337
2020-10-01,N04000083,1,CONSTRUCTION OF NEW INTEGRATED TERMINAL BUILDING AT LGBI AIRPORT GUWAHATI,Airport Authority Of India Limited,,,2016-12-01,2021-03-01,2021-03-01,859.86,860,232.44,,,,,,on_schedule,324
2020-10-01,N04000073,1,"CONSTRUCTION OF NEW INTEGRATED TERMINAL BUILDING AT VSI AIRPORT, PORTBLAIR",Airport Authority Of India Limited,AAI,A & N ISLANDS,2013-10-01,2018-09-01,,314.61,,,,,,,,without_doc,230
2020-10-01,N06000173,1,SRP OC-II EXPANSION PROJECT,Singareni Colliers Company Limitted,SCCL,TELANGANA,2016-11-01,2017-04-01,2021-03-01,272.73,272.73,153.75,,,,47(R3),1/6,without_original_doc,220
2020-10-01,N02000010,2,KAKRAPAR ATOMIC POWER PROJECT - 3 AND 4,Bhavini Limited,NPCIL,GUJARAT,2009-10-01,2015-12-01,2021-09-01,11459,16580,15767,,,,,,delayed,337
2020-10-01,N04000075,2,UPGRADATION OF PASSENGER TERMINAL BUILDING AND AIRSIDE FACILITIES AT TIRUCHIRAPALLI INTERNATIONAL AI,Airport Authority Of India Limited,,,2018-08-01,2021-10-01,2021-10-01,951.28,951.28,71.55,,,,,,on_schedule,324
2020-10-01,N04000084,2,CONSTRUCTION OF NEW INTEGRATED TERMINAL BUILDING AND ASSOCIATED WORKS AT AGARTALA AIRPORT,Airport Authority Of India Limited,AAI,TRIPURA,2015-09-01,2019-06-01,,338.93,,,,,,,,without_doc,230
2020-10-01,N16000318,2,LPG BP PROJECT JODHPUR,Indian Oil Corporation Limited,IOCL,RAJASTHAN,2018-03-01,2021-03-01,2022-04-01,229.8,229.8,77.72,,,,13(R3),16/26,without_original_doc,220
2020-10-01,N02000027,3,RAJASTHAN ATOMIC POWER PROJECT -7 AND 8 (2X700 MW),Bhavini Limited,NPCIL,RAJASTHAN,2009-10-01,2016-12-01,2023-03-01,12320,17079,12604,,,,,,delayed,337
2020-10-01,N04000078,3,CONSTRUCTION OF TERMINAL BUILDING AND ASSOCIATED WORKS AT LEH AIRPORT,Airport Authority Of India Limited,,,2018-07-01,2021-09-01,2021-09-01,323.19,323.19,10.14,,,,,,on_schedule,324
2020-10-01,N04000085,3,"CONSTRUCTION OF DOMESTIC PASSENGER TERMINAL BUILDING AT DEHRADUN AIRPORT, DEHRADUN",Airport Authority Of India Limited,AAI,UTTARAKHAND,2018-07-01,2020-09-01,,353.27,,,,,,,,without_doc,230
2020-10-01,N16000336,3,"AUGMENTATION OF LPG IMPORT TERMINAL FROM 0.6 MMTPA TO 2.5 MMTPA AT KANDLA, GUJARAT",Indian Oil Corporation Limited,IOCL,GUJARAT,2018-03-01,2022-08-01,2022-08-01,588.2,730.2,25.59,,730.2,,0(R3),12/17,without_original_doc,220
2020-10-01,N02000028,4,KUDANKULAM NUCLEAR POWER PROJECT UNIT-3 and 4,Bhavini Limited,NPCIL,TAMIL NADU,2013-03-01,2020-11-01,2023-11-01,39849,39849,21037,,,,,,delayed,337
2020-10-01,N04000079,4,"CONSTRUCTION OF NEW INTEGRATED TERMINAL BUILDING, RECONSTRUCTION OF OLD TERMINAL BUILDING, MODIFICAT",Airport Authority Of India Limited,,,2017-03-01,2021-04-01,2021-04-01,358.89,358.89,29.73,,,,,,on_schedule,324
2020-10-01,N06000194,4,PATHERDIH 2.5 NLW COAL WASHERY,Bharat Coking Coal Limited,BCCL,JHARKHAND,2015-10-01,2018-04-01,2018-04-01,243,,,,,,,,without_doc,230
2020-10-01,N21000021,4,HOSPITAL AND MEDICAL COLLEGE AIIMS RAEBARELI,Ltd,HSCC,UTTAR PRADESH,2018-03-01,,2020-12-01,268.84,268.84,219.68,,,,,0/0,without_original_doc,220
2020-10-01,N04000076,5,"CONSTRUCTION OF COMBINED OPERATIONAL OFFICES FOR DGCA, BCAS, AAIB, AERA AND AAI AT SAFDARJUNG AIRPOR",Airport Authority Of India Limited,AAI,DELHI,2016-11-01,2020-04-01,2020-12-01,233.38,233.38,84.73,,,,,,delayed,337
2020-10-01,N04000082,5,"CONSTRUCTION OF NEW DORNESTIC TERMINAL BUILDING AND OTHER STRUCTURES, PHASE I AND II",Airport Authority Of India Limited,,,2018-05-01,2022-10-01,2022-10-01,539.2,539.2,25.64,,,,,,on_schedule,324
2020-10-01,N06000195,5,2.0 MTPA BHOJUDIH NLW WASHERY,Bharat Coking Coal Limited,BCCL,WEST BENGAL,2015-12-01,2017-03-01,2020-09-01,304.13,,,,,,,,without_doc,230
2020-10-01,N21000022,5,SUPER SPECIALITY BLOCK PMSSY GOA,Ltd,HSCC,GOA,2018-01-01,,2020-12-01,249.01,249.07,209.32,,,,,0/0,without_original_doc,220
2020-10-01,N04000080,6,CONSTRUCTION OF ATC TOWER AND TECHNICAL BLOCK AT NSCBI AIRPORT KOLKATA,Airport Authority Of India Limited,AAI,WEST BENGAL,2016-01-01,2020-03-01,2020-12-01,219.91,219.91,65.45,,,,,,delayed,337
2020-10-01,N04000081,6,"AIRSIDE CAPACITY ENHANCEMENT OF NSBI AIRPORT, KOLKATA",Airport Authority Of India Limited,,,2019-01-01,2021-11-01,2021-11-01,264.99,264.99,0.42,,,,,,on_schedule,324
2020-10-01,N06000127,6,PATHERDIH NLW WASHERY,Bharat Coking Coal Limited,BCCL,JHARKHAND,2012-10-01,2014-04-01,2020-04-01,269.82,,,,,,,,without_doc,230
2020-10-01,N21000019,6,GERIATRICS BLOCK- AIIMS DLEHI,Ltd,HSCC,DELHI,2017-12-01,,2021-03-01,156.56,156.64,99.58,,,,,0/0,without_original_doc,220
2020-10-01,N16000302,6,"CONSTRUCTION OF RAIL FED DEPOT AT GUNTAKAL, AP",Gas Authority Of India Limited,,,2017-08-01,2021-04-01,2021-03-01,384.58,384.58,196.44,,,,,,ahead,335
2020-10-01,N04000074,7,"MODERNIZATION OF CHENNAI AIRPORT PHASE II, CHENNAI",Airport Authority Of India Limited,AAI,TAMIL NADU,2018-06-01,2022-02-01,2022-08-01,2467,2467,213.17,,,,,,delayed,337
2020-10-01,N04000077,7,"CCS INTERNATIONAL AIRPORT , LUCKNOW",Airport Authority Of India Limited,,,2018-06-01,2021-09-01,2021-09-01,1383,1383,210.62,,,,,,on_schedule,324
2020-10-01,N06000108,7,KAPURIA UG(PSLW),Bharat Coking Coal Limited,BCCL,JHARKHAND,2011-08-01,2017-04-01,,988.35,,,,,,,,without_doc,230
2020-10-01,N21000023,7,HOSPITAL AND TEACHING- AIIMS NAGPUR,Ltd,HSCC,MAHARASHTRA,2018-03-01,,2021-04-01,582.99,582.99,397.89,,,,,0/0,without_original_doc,220
2020-10-01,N16000332,7,30 INCH CRUDE OIL PIPELINE IN HALDIA-BARAUNI SECTION OF PHBPL AND CONVERSION OF EXISTING 18 INCH HAL,Gas Authority Of India Limited,,,2018-03-01,2022-09-01,2022-03-01,3712,3696,1502.78,,,,,,ahead,335
2020-10-01,N06000126,8,MADHUBAND NLW WASHERY,Bharat Coking Coal Limited,BCCL,JHARKHAND,2010-08-01,2014-05-01,2021-02-01,289.45,289.45,274.67,,,2020-03-01,,,delayed,337
2020-10-01,N06000106,8,NORTH TISRA AND SOUTH TISRA EXPANSION OCP (6MTY),Bharat Coking Coal Limited,,,2014-02-01,2021-03-01,2021-03-01,555.52,555.52,5.54,,,,,,on_schedule,324
2020-10-01,N06000034,8,"BHUBANESWARI OCP, MCL (20.0 MTY)",Bharat Coking Coal Limited,MCL,ODISHA,2007-12-01,2017-03-01,2020-09-01,490.1,,,,,,,,without_doc,230
2020-10-01,N21000024,8,HOSPITAL AND TEACHING- AIIMS KALYANI,Ltd,HSCC,WEST BENGAL,2018-04-01,2020-02-01,2021-06-01,651.99,651.99,396.55,,,,16(R3),0/0,without_original_doc,220
2020-10-01,N22000359,8,PUNE-MIRAJ-LONDA (467 KM),Central Railways,,,2015-02-01,2024-03-01,2023-03-01,3627.47,3627.47,1108.75,,,,,,ahead,335
2020-10-01,N06000098,9,MOONIDIH XV SEAM UG,Bharat Coking Coal Limited,BCCL,JHARKHAND,2011-08-01,2015-04-01,2022-03-01,1230.27,1230.27,440.47,,,2022-03-01,,,delayed,337
2020-10-01,N06000186,9,TETARIAKHAR EXPANSION OCP,Bharat Coking Coal Limited,,,2019-11-01,2023-03-01,2023-03-01,243.52,243.52,39.79,,,,,,on_schedule,324
2020-10-01,N06000188,9,BITHNOK LIGNITE THERMAL POWER STATION,Bharat Coking Coal Limited,NLC,RAJASTHAN,2015-03-01,2020-09-01,2020-09-01,2196.3,,,,,,,,without_doc,230
2020-10-01,N21000020,9,HOSPITAL AND TEACHING- AIIMS GUNTUR,Ltd,HSCC,ANDHRA PRADESH,2018-03-01,2020-02-01,2021-07-01,601.02,601.02,310.73,,,,17(R3),0/0,without_original_doc,220
2020-10-01,N22000465,9,GARHWA ROAD-RAMNA,Central Railways,,,2015-03-01,2021-03-01,2020-12-01,348.23,348.23,291.36,,,,,,ahead,335
2020-10-01,N06000096,10,MURAIDIH UG TURN-KEY PROJECT,Bharat Coking Coal Limited,BCCL,JHARKHAND,2011-02-01,2014-04-01,2023-04-01,339.88,339.88,17.76,,,2023-04-01,,,delayed,338
2020-10-01,N06000172,10,TILABONI UG MINE,Bharat Coking Coal Limited,,,2019-02-01,2027-03-01,2027-03-01,916.62,916.62,0.4,,,,,,on_schedule,324
2020-10-01,N06000144,10,HADLA LIGNITE MINE PROJECT(1.90 MTPA),Bharat Coking Coal Limited,NLC,RAJASTHAN,2015-03-01,2019-09-01,,522.45,,,,,,,,without_doc,230
2020-10-01,N22000171,10,SAKRI-HASANPUR ROAD (NL),East Central Railways,ECR,BIHAR,1999-04-01,,2021-03-01,325,735.2,379.58,,735.2,,,0/0,without_original_doc,220
2020-10-01,N06000083,11,CHURI BENTI UG (0.81 MTY),Bharat Coking Coal Limited,CCL,JHARKHAND,2007-08-01,2011-03-01,2022-03-01,163.51,163.51,106.63,,,,,,delayed,338
2020-10-01,N06000191,11,SHYAMSUNDARPUR UG INCLUDING SAPI UNIT,Bharat Coking Coal Limited,,,2020-04-01,2025-03-01,2025-03-01,483.65,483.65,,,,,,,on_schedule,324
2020-10-01,N06000187,11,BARSINGSAR THERMAL POWER STATION EXTENSION,Bharat Coking Coal Limited,NLC,RAJASTHAN,2015-03-01,2020-09-01,,2112.6,,,,,,,,without_doc,230
2020-10-01,N22000180,11,SAKRI-NIRMALI AND JHANJHARPUR- LAUKAHABAZAR AND SAHARSA- FORBESGANJ (GC),East Central Railways,ECR,BIHAR,2004-04-01,,2021-03-01,372.14,1470.5,1058.91,,1470.5,,,0/0,without_original_doc,221
2020-10-01,N22000390,11,NEW MAYNAGURI-GUMANIHAT-DOUBLING OF REMAINING PORTION (51.65 KM),Central Railways,,,2016-04-01,2021-12-01,2021-03-01,602.27,760,716.22,,612,,,,ahead,336
2020-10-01,N06000087,12,RAJRAPPA RCE OCP ( 3.0 MTY),Bharat Coking Coal Limited,CCL,JHARKHAND,,2016-03-01,2022-03-01,510.85,510.85,401.55,,,,,,delayed,338
2020-10-01,N06000020,12,JHANJRA COMBINED PR(3.50 MTY),Bharat Coking Coal Limited,,,2015-11-01,2022-03-01,2022-03-01,602.86,602.86,384.12,,,,,,on_schedule,324
2020-10-01,N06000145,12,BITHNOK LIGNITE MINE PROJECT (2.25 MTPA),Bharat Coking Coal Limited,NLC,RAJASTHAN,2015-03-01,2019-12-01,,513.63,,,,,,,,without_doc,230
2020-10-01,220100222,12,"KODERMA-RANCHI VIA BARKAKANA (NL),ECR",East Central Railways,ECR,JHARKHAND,1999-03-01,,2022-03-01,1033.07,3500,3483.33,,3020.95,,,0/0,without_original_doc,221
2020-10-01,N22000273,12,BHANUPALI-BILASPUR BERI NL,Central Railways,,,2008-04-01,2026-12-01,2025-12-01,2966.99,6753.42,666.95,,,,,,ahead,336
2020-10-01,N06000088,13,KARMA OCP (1.0MTY),Bharat Coking Coal Limited,CCL,JHARKHAND,2009-06-01,2014-03-01,2022-03-01,162.46,162.46,96.12,,,,,,delayed,338
2020-10-01,N06000143,13,HURA - C OC (3 MTY),Bharat Coking Coal Limited,,,2015-10-01,2022-03-01,2022-03-01,359.69,359.69,152.85,,,,,,on_schedule,324
2020-10-01,N06000048,13,KAKATIYA LONGWALL,Bharat Coking Coal Limited,SCCL,TELANGANA,2008-12-01,2012-12-01,,453.63,,,,,,,,without_doc,230
2020-10-01,220100257,13,KHAGARIA-KUSHESHWAR ASTHAN (NL) (ECR),East Central Railways,ECR,BIHAR,1997-04-01,,2022-03-01,162.87,614.45,333.16,,614.45,,,0/0,without_original_doc,221
2020-10-01,N22000297,13,HOSPET-HUBLI-LONDA-VASCODAGAMA DL,Central Railways,,,2010-04-01,2023-03-01,2022-12-01,2127,3000,2059.89,,,,,,ahead,336
2020-10-01,N06000103,14,AMRAPALI OC EPR (12MTY),Bharat Coking Coal Limited,CCL,JHARKHAND,2012-02-01,2020-03-01,2024-03-01,858.11,858.11,243.03,,,2024-03-01,,,delayed,338
2020-10-01,N06000169,14,CHITRA EAST (RCE) OCP,Bharat Coking Coal Limited,,,2018-08-01,2024-03-01,2024-03-01,513.98,513.98,97.01,,,,,,on_schedule,324
2020-10-01,N06000118,14,DINESH OCP,Bharat Coking Coal Limited,WCL,MAHARASHTRA,2014-11-01,2020-03-01,2020-03-01,611.16,,,,,,,,without_doc,230
2020-10-01,N22000172,14,CHHAPRA-MUZAFFARPUR (NL),East Central Railways,ECR,BIHAR,2006-04-01,,2022-03-01,378.56,1858.75,383.64,,,,,0/0,without_original_doc,221
2020-10-01,N22000408,14,DIGHI PORT NEW LINE,Central Railways,,,2015-04-01,2025-12-01,2025-03-01,723.78,723.78,0.19,,,,,,ahead,336
2020-10-01,N06000182,15,NORTH URIMARI EXPANSION OCP,Bharat Coking Coal Limited,CCL,JHARKHAND,2019-03-01,2023-03-01,2024-03-01,1553.06,1553.06,238.77,,,,,,delayed,338
2020-10-01,N06000165,15,SIDULI MINE (OC AND UG),Bharat Coking Coal Limited,,,2018-05-01,2026-03-01,2026-03-01,535.18,535.18,0.43,,,,,,on_schedule,324
2020-10-01,N06000130,15,SINGHORI OC MINE,Bharat Coking Coal Limited,WCL,MAHARASHTRA,2015-06-01,2020-03-01,2020-03-01,205.49,,,,,,,,without_doc,230
2020-10-01,N22000476,15,"FATUHA-ISLAMPUR INCL. MM FOR EXTENSION OF NEW LINE FORM BIHARSHARIF-BARBIGHA, DANIYAWAN- BIHARSHARIF",East Central Railways,ECR,BIHAR,1991-04-01,,2022-03-01,329.39,1483.14,1169.43,,803.11,,,0/0,without_original_doc,221
2020-10-01,N06000015,16,MAGADH EXPANSION OC RPR,Bharat Coking Coal Limited,CCL,JHARKHAND,2008-08-01,2012-07-01,2025-03-01,706.4,706.4,638,,,2025-03-01,,,delayed,338
2020-10-01,N06000185,16,PARASEA- BELBAID REORGANISATION UG MINE,Bharat Coking Coal Limited,,,2019-07-01,2027-03-01,2027-03-01,826.42,826.42,,,,,,,on_schedule,324
2020-10-01,N06000142,16,MUNGOLI NIORGUDA EXTENSION (DEEP) OC MINE,Bharat Coking Coal Limited,WCL,MAHARASHTRA,2015-11-01,2020-03-01,2020-03-01,498.42,,,,,,,,without_doc,231
2020-10-01,N22000329,16,SAMASTIPUR-DARBANGHA,East Central Railways,ECR,BIHAR,2015-05-01,,2023-02-01,380,519.33,264.76,,519.33,,,0/0,without_original_doc,221
2020-10-01,N06000109,17,SONEPUR BAZARI (COMB) OCP (8.0 MTY),Bharat Coking Coal Limited,ECL,WEST BENGAL,2012-08-01,2018-03-01,2021-03-01,1055.05,1055.05,624.22,,,,1. Rehabilitation of PAFs:,,delayed,338
2020-10-01,N06000170,17,NAKRAKONDA KUMARDIH B OCP,Bharat Coking Coal Limited,,,2018-08-01,2029-03-01,2029-03-01,502.68,502.68,0.87,,,,,,on_schedule,325
2020-10-01,N06000160,17,KOLAR PIMPRI EXTENSION OC,Bharat Coking Coal Limited,WCL,MAHARASHTRA,2017-03-01,2020-03-01,2020-03-01,362.73,,,,,,,,without_doc,231
2020-10-01,220100303,17,"HAJIPUR-SUGAULI VIA VAISHALI (NL), ECR",East Central Railways,ECR,BIHAR,2003-04-01,,2023-03-01,528.65,2066.78,1506,,2066.78,,,0/0,without_original_doc,221
2020-10-01,N06000163,18,RANIGANJ MASTER PLAN,Bharat Coking Coal Limited,ECL,WEST BENGAL Mahanadi Coal Fields Limited,2009-08-01,2019-08-01,2024-08-01,2661.73,5146.48,484.82,,,,i). Publication of,,delayed,339
2020-10-01,N06000171,18,REORGANISATION OF BHARATPUR OCP EXPANSION,Bharat Coking Coal Limited,,,2018-11-01,2029-03-01,2029-03-01,2838.87,2838.87,1214.07,,,,,,on_schedule,325
2020-10-01,N06000128,18,NEW MAJRI UG TO OC,Bharat Coking Coal Limited,WCL,MAHARASHTRA,2015-05-01,2019-03-01,,295.56,,,,,,,,without_doc,231
2020-10-01,220100305,18,"KODERMA-TILAIYA (NL), ECR",East Central Railways,ECR,JHARKHAND,2002-04-01,,2023-03-01,459.91,1625.87,711.99,,1625.87,,,0/0,without_original_doc,221
2020-10-01,N06000067,19,ANANTA OC EXPANSION PH-III (15.0 MTY),Bharat Coking Coal Limited,MCL,ODISHA,2008-08-01,2012-03-01,2021-03-01,207.28,357.53,357.53,,,,,,delayed,340
2020-10-01,N06000113,19,SIARMAL OCP (40.00MTY),Bharat Coking Coal Limited,,,2014-05-01,2026-03-01,2026-03-01,3756.36,3756.36,1971.83,,,,,,on_schedule,325
2020-10-01,N06000149,19,AMALGAMATED GONDEGAON GHATROHAN OC,Bharat Coking Coal Limited,WCL,MAHARASHTRA,2016-02-01,2019-03-01,,198.68,,,,,,,,without_doc,231
2020-10-01,N22000177,19,ARARIA-SUPAUL (NL),East Central Railways,ECR,BIHAR,2008-04-01,2023-03-01,2023-03-01,1605.17,1605.17,23.71,,1605.17,,0(R3),0/0,without_original_doc,221
2020-10-01,N06000114,20,JAGANNATH RE-ORGANISATION OC.(6.00 MTY),Bharat Coking Coal Limited,MCL,ODISHA,2014-05-01,2019-03-01,2021-03-01,337.66,337.66,257.14,,,,,,delayed,340
2020-10-01,N06000167,20,INTEGRATED LAKHANPUR-BELPAHAR-LILARI OCP,Bharat Coking Coal Limited,,,2018-05-01,2027-03-01,2027-03-01,2434.75,2434.75,155.02,,,,,,on_schedule,325
2020-10-01,N06000150,20,BHATADI EXPANSION OC MINE,Bharat Coking Coal Limited,WCL,MAHARASHTRA,2016-02-01,2019-03-01,,304.52,,,,,,,,without_doc,231
2020-10-01,N22000170,20,BIHTA-AURANGABAD (NL),East Central Railways,ECR,BIHAR,2008-04-01,,2024-03-01,326.2,2995.01,1.94,,,,,0/0,without_original_doc,221
2020-10-01,N06000035,21,"GOPAL JI KANIHA OCP, MCL",Bharat Coking Coal Limited,MCL,ODISHA,2007-12-01,2013-03-01,2022-03-01,457.77,604.28,604.28,,8416.19,2028-03-01,,,delayed,340
2020-10-01,N06000193,21,PACHWARA SOUTH COAL BLOCK,Bharat Coking Coal Limited,,,2013-07-01,2022-08-01,2022-08-01,1795.01,1795.01,30.7,,,,,,on_schedule,325
2020-10-01,N10000011,21,UTKAL D AND E COAL BLOCK,National Aluminum Company Limited (Nalco),NALCO,ODISHA,2016-05-01,2020-01-01,,534,,,,,,,,without_doc,231
2020-10-01,N22000176,21,MUZAFFARPUR-KATRA-ORAI-JANAKPUR ROAD (NL),East Central Railways,ECR,BIHAR,2008-04-01,,2024-03-01,228.05,228.05,1.53,,,,,0/0,without_original_doc,221
2020-10-01,N06000044,22,BALRAM EXPANSION OCP,Bharat Coking Coal Limited,MCL,ODISHA,2007-12-01,2010-03-01,2022-03-01,172.08,432.01,432.01,,3504.21,2029-03-01,,,delayed,340
2020-10-01,N06000152,22,NEYVELI UTTAR PRADESH POWER PROJECT LIMITED MW,Bharat Coking Coal Limited,,,,2021-11-01,2021-11-01,17237,17237.8,10131.04,,,,,,on_schedule,325
2020-10-01,N16000223,22,HALDIA LPG IMPORT FACILITY,Bharat Petroleum Corporation Limited,BPCL,WEST BENGAL,2015-03-01,2018-10-01,2020-07-01,694,,,,,2020-02-01,,,without_doc,231
2020-10-01,N22000221,22,BANDEL-BOINCHI 3RD LINE,East Central Railways,ER,MULTI STATE,2011-04-01,,2021-03-01,288.35,418.09,409.71,,,,,0/0,without_original_doc,221
2020-10-01,N06000068,23,HINGULA OC-II EXP. PH-III (15 MTY),Bharat Coking Coal Limited,MCL,ODISHA,2008-11-01,2013-03-01,2022-03-01,479.53,489.63,489.63,,,,,,delayed,340
2020-10-01,N06000176,23,SEMARIA OPENCAST PROJECT,Bharat Coking Coal Limited,,,2019-05-01,2026-03-01,2026-03-01,396.58,396.58,,,,,,,on_schedule,325
2020-10-01,N16000210,23,GAIL GAS LTD BENGALURU CGD PROJECT,Bharat Petroleum Corporation Limited,GAIL,KARNATAKA,2015-02-01,2020-02-01,,749,,,,,,,,without_doc,231
2020-10-01,N22000238,23,BOINCHI-SHAKTIGARH 3RD LINE,East Central Railways,ER,MULTI STATE,2011-04-01,,2022-03-01,175.8,270.72,270.72,,,,,0/0,without_original_doc,221
2020-10-01,N06000112,24,BASUNDHARA (WEST) OC EXTN(7.00 MTY),Bharat Coking Coal Limited,MCL,ODISHA,2014-05-01,2019-03-01,2024-03-01,479.15,479.15,274.63,,,,,,delayed,340
2020-10-01,N06000184,24,BLOCK-B EXPANSION OPENCAST PROJECT,Bharat Coking Coal Limited,,,2019-07-01,2023-03-01,2023-03-01,998.71,998.71,,,,,,,on_schedule,325
2020-10-01,N16000281,24,MUMBAI REFINERY EXPANSION PROJECT,Bharat Petroleum Corporation Limited,HPCL,MAHARASHTRA,2015-09-01,2020-03-01,,4199,,,,5060,,,,without_doc,231
2020-10-01,N22000302,24,BAZAR SAU -AZIMGANJ JN. DOUBLING,East Central Railways,ER,WEST BENGAL,2012-04-01,,2022-03-01,255.64,272.2,226.12,,,,,0/0,without_original_doc,221
2020-10-01,N06000115,25,KULDA EXPN OC. (5.00 MTY),Bharat Coking Coal Limited,MCL,ODISHA,2014-06-01,2018-03-01,2024-03-01,289.03,289.03,113.99,,,,,,delayed,340
2020-10-01,N06000159,25,JAYANT EXPANSION OCP 10 TO 20 MTPA,Bharat Coking Coal Limited,,,2017-05-01,2021-03-01,2021-03-01,1783.09,1783.09,454.21,,,,,,on_schedule,325
2020-10-01,N16000308,25,CAPTIVE NATURAL GAS PIPELINE FROM DAHEJ TO KOYALI REFINERY,Bharat Petroleum Corporation Limited,IOCL,ODISHA,2017-08-01,2021-12-01,2020-04-01,315,,,,,,,,without_doc,231
2020-10-01,N22000301,25,MONIGRAM- NIMTITA,East Central Railways,ER,MULTI STATE,2012-04-01,,2024-03-01,250.93,316.36,329.44,,,,,0/0,without_original_doc,221
2020-10-01,N06000117,26,GARJANBAHAL OCP,Bharat Coking Coal Limited,MCL,ODISHA,2014-11-01,2021-03-01,2024-03-01,1375.38,1375.38,492.15,,,,,,delayed,340
2020-10-01,N06000162,26,DUDHICHUA EXPANSION OCP (10 TO 20 MTPA),Bharat Coking Coal Limited,,,2017-11-01,2022-03-01,2022-03-01,1255.17,1255.17,123.17,,,,,,on_schedule,325
2020-10-01,N16000162,26,ENNORE-TRICHY-MADURAI LPG PIPELINE,Bharat Petroleum Corporation Limited,IOCL,TAMIL NADU,2013-05-01,2020-06-01,2020-06-01,711,,,,,,,,without_doc,231
2020-10-01,N22000217,26,"SULTANGANJ-KATURIA VIA ASARGANJ, TARAPUR AND BELHAR",East Central Railways,ER,MULTI STATE,2007-04-01,,2025-03-01,450,1261.34,,,,,,0/0,without_original_doc,221
2020-10-01,N06000095,27,NEYVELI NEW THERMAL POWER PROJECT(2X500 MW),Bharat Coking Coal Limited,NLC,TAMIL NADU,2011-06-01,2015-12-01,2020-11-01,5907.11,7980.79,7306.66,,7980.79,,,,delayed,340
2020-10-01,N06000192,27,BINA KAKRI AMALGAMATION OCP 14 MTPA,Bharat Coking Coal Limited,,,2020-08-01,2024-03-01,2024-03-01,836.42,836.42,60.07,,,,,,on_schedule,325
2020-10-01,N16000284,27,INFRASTRUCTURE DEVLOPMENT TO FACILITATE GRID POWER IMPORT AT 220KV AT GUJARAT REFINERY,Bharat Petroleum Corporation Limited,IOCL,GUJARAT,2016-09-01,2020-07-01,2020-08-01,208.35,,,,,2020-08-01,,,without_doc,231
2020-10-01,N22000218,27,HANSNABAD-HINGALGANJ NEW BG LINE,East Central Railways,ER,MULTI STATE,2010-04-01,,2025-03-01,172.03,260.1,10.93,,,,,0/0,without_original_doc,221
2020-10-01,N06000138,28,EXPANSION OF MINE-I (LEASE AREA) AND MINE-I A (3.0 TO 7.0 MTPA),Bharat Coking Coal Limited,NLC,TAMIL NADU,2013-04-01,2015-06-01,2025-03-01,1458.17,709.06,475.35,,709.06,2025-03-01,,,delayed,340
2020-10-01,N06000139,28,MALACHUA OPENCAST PROJECT,Bharat Coking Coal Limited,,,2015-10-01,2023-03-01,2023-03-01,488.33,488.33,29.92,,,,,,on_schedule,325
2020-10-01,N16000277,28,INSTALLATION OF ADDITIONAL CRUDE TANKS (7 NOS) AT PARADIP REFINERY,Bharat Petroleum Corporation Limited,IOCL,ODISHA,2016-05-01,2019-01-01,2020-09-01,429,,,,,,,,without_doc,231
2020-10-01,N22000227,28,KALINARAYANPUR-SHANTIPUR DOUBLING WITH NEW MM FOR RANAGHAT- DUTTAPHULIA NEW LINE,East Central Railways,ER,MULTI STATE,2010-04-01,,2025-03-01,174.56,174.56,71.43,,,,,0/0,without_original_doc,221
2020-10-01,N06000189,29,TALABIRA II AND III OCP,Bharat Coking Coal Limited,NLC,ODISHA,2017-07-01,2020-07-01,2027-01-01,2401.07,2401.07,748.68,,,,,,delayed,340
2020-10-01,N06000124,29,RAJNAGAR OCP RPR (1.70 MTY),Bharat Coking Coal Limited,,,2014-12-01,2021-03-01,2021-03-01,357.8,357.8,100.21,,,,,,on_schedule,325
2020-10-01,N16000309,29,CAPTIVE DHAMRA-HALDIA REFINERY NATURAL GAS PIPELINE WITH SPURLINE TO PARADIP REFINERY,Bharat Petroleum Corporation Limited,IOCL,GUJARAT,2017-08-01,2020-08-01,,1342,,,,,,,,without_doc,231
2020-10-01,N22000234,29,"BARIARPIUR-MANANPURVIA KHARAGPUER, LACHIMPUR-BARAHAT",East Central Railways,ER,MULTI STATE,2007-04-01,,2025-03-01,450.55,250.55,20.12,,,,,0/0,without_original_doc,221
2020-10-01,N06000089,30,KISTARAM OCP,Bharat Coking Coal Limited,SCCL,TELANGANA,2010-11-01,2015-03-01,2021-03-01,242.29,164.04,131.31,,,,,,delayed,340
2020-10-01,N06000125,30,KANCHAN OC EXPANSION,Bharat Coking Coal Limited,,,2014-12-01,2021-03-01,2021-03-01,371.04,371.04,50.74,,,,,,on_schedule,325
2020-10-01,N16000169,30,STRATEGIC CRUDE OIL STORAGE PROJECT AT PADUR,Bharat Petroleum Corporation Limited,ISPRL,KARNATAKA,2006-01-01,2012-01-01,,993,,,,,,,,without_doc,231
2020-10-01,N22000235,30,TARAKESHWAR-MAGRA NEW BG LINE,East Central Railways,ER,MULTI STATE,2010-04-01,,2025-03-01,365.17,527.54,1.76,,,,,0/0,without_original_doc,221
2020-10-01,N06000093,31,RCE OF INDARAM OCP(1.20 MTPA),Bharat Coking Coal Limited,SCCL,TELANGANA,2011-07-01,2015-03-01,2021-03-01,162.76,349.28,296.42,,,,,,delayed,340
2020-10-01,N06000164,31,MAHAMAYA OPENCAST PROJECT,Bharat Coking Coal Limited,,,2018-05-01,2026-03-01,2026-03-01,410.26,410.26,16.23,,,,,,on_schedule,325
2020-10-01,N16000299,31,CONSTRUCTION OF GROUP GATHERING STATION AT BAGHJAN,Bharat Petroleum Corporation Limited,OIL,ASSAM,2011-07-01,2019-01-01,,350,,,,,,,,without_doc,231
2020-10-01,N22000241,31,SONARPUR-CANNING WITH NEW MM FOR KALIKAPUR-MINAKHAN VIA GHATAKPUR NL,East Central Railways,ER,MULTI STATE,2000-04-01,,2025-03-01,297.47,298.22,52.09,,,,,0/0,without_original_doc,222
2020-10-01,N06000094,32,JALAGAM VENGALA RAO OCP-II,Bharat Coking Coal Limited,SCCL,TELANGANA,2011-07-01,2015-03-01,2021-03-01,447.06,473.22,18.6,,,,,,delayed,340
2020-10-01,N06000045,32,PELMA OCP(15.00MTY),Bharat Coking Coal Limited,,,2014-11-01,2023-03-01,2023-03-01,1624.59,1624.59,7.31,,,,,,on_schedule,325
2020-10-01,180100078,32,LOKTAK D/S HEP(NHPC),National Hydro-Electric Power Corporation,NHPC,MANIPUR,1999-12-01,2006-06-01,,578.62,,,,,,,,without_doc,232
2020-10-01,N22000242,32,CHANDPARA-BANGAON DOUBLING WITH EXENSION TO CHANDBAZAR AND NEW MM FOR BONGAON-PORAMAHESHTALA AND CHA,East Central Railways,ER,MULTI STATE,2003-04-01,,2025-03-01,337.96,336.96,70.2,,,,,0/0,without_original_doc,222
2020-10-01,N06000101,33,KALYANIKHANI OPENCAST PROJECT,Bharat Coking Coal Limited,SCCL,TELANGANA,2012-07-01,2016-07-01,2021-03-01,417.33,384.32,120.69,,,,,,delayed,340
2020-10-01,N06000134,33,BATURA HIGHWALL PROJECT,Bharat Coking Coal Limited,,,2015-07-01,2022-03-01,2022-03-01,231.92,231.92,0.85,,,,,,on_schedule,325
2020-10-01,N18000132,33,MOUDA STPP STAGE 2,National Hydro-Electric Power Corporation,NTPC,MAHARASHTRA,2012-03-01,2016-09-01,,7921.47,,,,,,,,without_doc,232
2020-10-01,N22000249,33,HOWRAH-DEVELOPMENT OF STATION INCLUDING SEGRAGATION OF AARIVAL/DEPARTURE AND OTHER AMENITIES,East Central Railways,ER,MULTI STATE,2011-04-01,,2025-03-01,166.89,166.89,0.02,,,,,0/0,without_original_doc,222
2020-10-01,N06000102,34,RFR OF MANUGURU OC PROJECT,Bharat Coking Coal Limited,SCCL,TELANGANA,2012-11-01,2016-03-01,2021-03-01,430.45,415.37,189.91,,,,,,delayed,340
2020-10-01,N06000136,34,DURGAPUR OPENCAST PROJECT,Bharat Coking Coal Limited,,,2015-02-01,2023-03-01,2023-03-01,916.24,916.24,8.19,,,,,,on_schedule,325
2020-10-01,N18000140,34,LARA SUPER THERMAL POWER PROJECT STAGE-I (2 X 800 MW),National Hydro-Electric Power Corporation,NTPC,CHHATISGARH,2012-12-01,2017-10-01,,11846,,,,,,,,without_doc,232
2020-10-01,N22000212,34,CIRCULAR RAILWAY INCLUDING REMOUNT ROAD TO SANTOSHPUR,East Central Railways,MRTP,WEST BENGAL,2009-04-01,,2025-03-01,573.78,268.52,0.03,,,,,0/0,without_original_doc,222
2020-10-01,N06000129,35,KAKATIYAKHANI OPENCAST-2 PROJECT,Bharat Coking Coal Limited,SCCL,TELANGANA,2015-05-01,2019-03-01,2021-03-01,397.09,442.42,106.23,,,,,,delayed,340
2020-10-01,N06000166,35,JHIRIA WEST OPENCAST PROJECT,Bharat Coking Coal Limited,,,2018-11-01,2026-03-01,2026-03-01,389.97,389.97,,,,,,,on_schedule,325
2020-10-01,N18000142,35,LATA-TAPOVAN HYDRO ELECTRIC POWER PROJECT 3X57 MW,National Hydro-Electric Power Corporation,NTPC,UTTARAKHAND,2012-07-01,2017-08-01,,1527,,,,,,,,without_doc,232
2020-10-01,N22000207,35,NEW BG LINE FROM JAGBANI TO BIRATNAGAR,East Central Railways,NFR,MULTI STATE,2010-04-01,,2021-12-01,241.52,373.87,373.2,,,,,0/0,without_original_doc,222
2020-10-01,N06000161,36,KAKATIYAKHANI OPENCAST III PROJECT PHASE-1,Bharat Coking Coal Limited,SCCL,TELANGANA,2017-03-01,2019-03-01,2022-03-01,413.84,413.84,169.67,,,,,,delayed,341
2020-10-01,060100093,36,GEVRA EXPANSION OCP (SECL) (35-70) MTY,Bharat Coking Coal Limited,,,2010-06-01,2023-03-01,2023-03-01,11816.4,11816.4,3576.53,,,2016-03-01,,,on_schedule,325
2020-10-01,N18000205,36,KHARGONE STPP STAGE I (1320 MW),National Hydro-Electric Power Corporation,NTPC,MADHYA PRADESH,2015-03-01,2020-01-01,,9870.51,,,,,,,,without_doc,232
2020-10-01,N22000101,36,"KISHANGANJ JALALGARH, NL, NEFR",East Central Railways,NFR,BIHAR,2008-04-01,2022-03-01,2022-03-01,333.76,360,6.74,,,,0(R3),0/0,without_original_doc,222
2020-10-01,N06000078,37,RAMAGUNDAM OC-II EXTENSION,Bharat Coking Coal Limited,SCCL,TELANGANA,2009-12-01,2012-03-01,2023-03-01,418.97,489.62,416.07,,,,,,delayed,341
2020-10-01,N06000104,37,CHHAL OC SEAM -III (6.00 MTY),Bharat Coking Coal Limited,,,2013-12-01,2022-03-01,2022-03-01,610.63,610.63,125.69,,,,,,on_schedule,325
2020-10-01,N18000225,37,PAKRI BARWADIH COAL MINING PROJECT,National Hydro-Electric Power Corporation,NTPC,JHARKHAND,2004-10-01,2017-10-01,,4237.96,,,,4238,,,,without_doc,232
2020-10-01,N22000193,37,NEW BG LINE FROM KALIYAGANJ TO BUNIADPUR,East Central Railways,NFR,WEST BENGAL,2010-04-01,,2022-03-01,221.42,380,38.2,,,,,0/0,without_original_doc,222
2020-10-01,N06000017,38,SHANTIKHANI LONGWALL PROJ- SCCL,Bharat Coking Coal Limited,SCCL,TELANGANA,2006-10-01,2012-03-01,2024-03-01,249.03,448.86,326.69,,,,,,delayed,341
2020-10-01,N06000140,38,MADANNAGAR OPENCAST PROJECT,Bharat Coking Coal Limited,,,2015-10-01,2024-03-01,2024-03-01,1875.32,1875.32,,,,,,,on_schedule,325
2020-10-01,N18000266,38,TALAIPALLI COAL MINING PROJECT,National Hydro-Electric Power Corporation,NTPC,CHHATISGARH,2015-09-01,2019-11-01,,3004,,,,,,,,without_doc,232
2020-10-01,N22000468,38,BURHWAL - GONDA - 3RD RUNNING LINE.,East Central Railways,NER,UTTAR PRADESH,2016-04-01,,2023-12-01,602.5,714.34,46.76,,,,,0/0,without_original_doc,222
2020-10-01,N06000081,39,MANIKPUR OC EXPANSION (3.5 MTY),Bharat Coking Coal Limited,SECL,CHHATISGARH,2009-12-01,2014-03-01,2021-03-01,321.5,321.5,208.11,,,,,,delayed,341
2020-10-01,N06000122,39,AMRITDHARA OC PROJECT,Bharat Coking Coal Limited,,,2015-02-01,2023-03-01,2023-03-01,481.6,481.6,,,,,,,on_schedule,326
2020-10-01,N18000273,39,140 MW BILHAUR SOLAR PV PROJECT BILHAUR UP,National Hydro-Electric Power Corporation,NTPC,UTTAR PRADESH,2018-12-01,2020-09-01,,587.44,,,,,,,,without_doc,232
2020-10-01,N22000289,39,HARIDWAR-LAKSAR,East Central Railways,NR,UTTARAKHAND,2012-04-01,,2020-11-01,219.83,346.63,204.53,,,,,0/0,without_original_doc,222
2020-10-01,N06000099,40,BAROUD OC EXPANSION (RCE)- 3MTY,Bharat Coking Coal Limited,SECL,CHHATISGARH,2012-04-01,2016-03-01,2021-03-01,258.56,258.56,182.04,,,,,,delayed,341
2020-10-01,N06000158,40,VIJAY WEST OPENCAST PROJECT,Bharat Coking Coal Limited,,,2017-05-01,2026-03-01,2026-03-01,976.95,976.95,75.96,,,,,,on_schedule,326
2020-10-01,N18000276,40,ROURKELA PP-II EXPANSION (1X250 MW) - NSPCL,National Hydro-Electric Power Corporation,NTPC,ODISHA,2016-05-01,2018-12-01,,1885.13,,,,,,,,without_doc,232
2020-10-01,N22000274,40,DEOBAND (MUZAFFARNAGAR)- ROORKEE NL,East Central Railways,NR,MULTI STATE,2007-04-01,,2023-03-01,336.91,791.39,554.4,,791.39,,,0/0,without_original_doc,222
2020-10-01,N06000111,41,BIJARI OC RCE (1.50 MTY),Bharat Coking Coal Limited,SECL,CHHATISGARH,2014-05-01,2020-03-01,2021-03-01,164.49,164.49,82.6,,,,,,delayed,341
2020-10-01,N06000008,41,KUSMUNDA EXPN.OCP(SECL)(15-50)MTY,Bharat Coking Coal Limited,,,2013-08-01,2023-03-01,2023-03-01,7612.33,7612.33,2431.23,,,,,,on_schedule,326
2020-10-01,N18000277,41,DURGAPUR PP-III (2X20 MW) - NSPCL,National Hydro-Electric Power Corporation,NTPC,WEST BENGAL,2016-12-01,2018-11-01,,529.68,,,,,,,,without_doc,232
2020-10-01,N22000294,41,UNCHAHAR-AMETHI,East Central Railways,NR,UTTAR PRADESH,2012-04-01,,2023-03-01,1229,1265,103.72,,,,,0/0,without_original_doc,222
2020-10-01,N06000075,42,JAGANNATHPOR OCP(3.00MTY),Bharat Coking Coal Limited,SECL,CHHATISGARH,2008-09-01,2015-03-01,2022-03-01,152.43,459.49,179.2,,459.49,2020-03-01,,,delayed,341
2020-10-01,N06000178,42,VISHNUPURI UG TO OC MINE,Bharat Coking Coal Limited,,,2018-07-01,2025-03-01,2025-03-01,195.57,195.57,2.94,,,,,,on_schedule,326
2020-10-01,N18000239,42,TRANSMISSION SYSTEM FOR ULTRA MEGA SOLAR POWER AT TUMKUR (PAVAGADA) KARNATAKA PHASE -II (PART II),National Hydro-Electric Power Corporation,PGCIL,MULTI STATE,2016-10-01,2019-01-01,2020-04-01,408.46,,,,482.64,2020-04-01,,,without_doc,232
2020-10-01,N22000281,42,ANAND VIHAR-TILAK BRIDGE 3RD AND 4TH LINE,East Central Railways,NR,DELHI,2012-04-01,,2023-09-01,295.68,419,112.95,,,,,0/0,without_original_doc,222
2020-10-01,N06000076,43,KARTALI (EAST) OCP (2.50 MTY),Bharat Coking Coal Limited,SECL,CHHATISGARH,2008-07-01,2014-03-01,2022-03-01,178.44,178.44,4.98,,,,,,delayed,341
2020-10-01,N06000132,43,AMALGAMATED YEKONA-I YEKONA-II,Bharat Coking Coal Limited,,,2015-08-01,2025-03-01,2025-03-01,727.28,727.28,277.08,,,,,,on_schedule,326
2020-10-01,N18000267,43,400 KV D/C BAHARAMPUR (PG) - BHERAMERE (B'DESH) LINE CKT II (INDIA PORTION),National Hydro-Electric Power Corporation,PGCIL,MULTI STATE,2017-09-01,2019-09-01,2020-05-01,198.49,,,,,2020-04-01,,,without_doc,232
2020-10-01,N22000269,43,GRADE SEPERATOR AT DAYABASTI,East Central Railways,NR,DELHI,1999-04-01,,2024-03-01,156.65,359,111.51,,196.17,,,0/0,without_original_doc,222
2020-10-01,N06000148,44,AMADAND OPENCAST EXPANSION PROJECT,Bharat Coking Coal Limited,SECL,MADHYA PRADESH,2016-03-01,2021-03-01,2022-03-01,869.44,869.44,119.54,,,,,,delayed,341
2020-10-01,N06000157,44,DURGAPUR EXTENSION (DEEP) OC (3.0 MTY),Bharat Coking Coal Limited,,,2017-02-01,2021-03-01,2021-03-01,328,328,260.46,,,,,,on_schedule,326
2020-10-01,N18000155,44,EASTERN REGION STRENGTHENING SCHEME-V,National Hydro-Electric Power Corporation,PGCIL,MULTI STATE,2013-10-01,2016-04-01,2020-07-01,1364.52,,,,1891.41,2020-04-01,,,without_doc,232
2020-10-01,N22000295,44,QADIAN-BEAS,East Central Railways,NR,PUNJAB,2011-04-01,,2024-03-01,205.22,841.9,1.73,,,,,0/0,without_original_doc,222
2020-10-01,N06000123,45,AMERA OC RCE,Bharat Coking Coal Limited,SECL,CHHATISGARH,2015-02-01,2018-03-01,2023-03-01,335.97,335.97,49.39,,,,,,delayed,341
2020-10-01,N06000180,45,BELLORA-NAIGAON DEEP OC,Bharat Coking Coal Limited,,,2018-11-01,2021-03-01,2021-03-01,252.71,252.71,98.99,,,,,,on_schedule,326
2020-10-01,N18000261,45,TRANSMISSION SYSTEM FOR ULTRA MEGA SOLAR POWER PARK AT BANASKANTHA (RADHANESDA) GUJARAT,National Hydro-Electric Power Corporation,PGCIL,GUJARAT,2017-05-01,2018-09-01,2020-09-01,175.64,,,,,2020-06-01,,,without_doc,232
2020-10-01,N22000279,45,RAYADURGA-TUMKUR NL,East Central Railways,RVNL,MULTI STATE,2007-04-01,,2025-03-01,2062.3,2062.3,999.14,,,,,2/2,without_original_doc,222
2020-10-01,N06000135,46,AMGAON OPENCAST PROJECT RCE,Bharat Coking Coal Limited,SECL,CHHATISGARH,2015-07-01,2020-03-01,2023-03-01,316.1,316.1,123.22,,,,,,delayed,341
2020-10-01,N06000177,46,SAONER I UG TO OC PHASE I,Bharat Coking Coal Limited,,,2016-11-01,2022-03-01,2022-03-01,162.1,162.1,36.94,,,,,,on_schedule,326
2020-10-01,N18000269,46,SUPPLEMENTARY TRANS. SYSTEM FOR UMSPP AT BANASKANTHA (RADHANESDA) GUJARAT,National Hydro-Electric Power Corporation,PGCIL,GUJARAT,2017-12-01,2019-06-01,2020-09-01,193.14,,,,,2020-06-01,,,without_doc,232
2020-10-01,N22000159,46,BOWAICHANDI-ARAMBAGH,East Central Railways,SER,WEST BENGAL,2010-04-01,,2025-03-01,267.37,620,40.99,,,,,0/0,without_original_doc,222
2020-10-01,N06000133,47,ADASA UG TO OC,Bharat Coking Coal Limited,WCL,MAHARASHTRA,2015-08-01,2023-03-01,2024-03-01,288.9,333.43,104.95,,,,,,delayed,341
2020-10-01,N06000153,47,COAL PROJECT NAME JAMUNIA UG (0.84 MTY),Bharat Coking Coal Limited,,,2016-07-01,2022-03-01,2022-03-01,409.87,409.87,20.99,,,,,,on_schedule,326
2020-10-01,N18000109,47,SYTEM STRENGTHENING XIII OF SR GRID,National Hydro-Electric Power Corporation,PGCIL,MULTI STATE,2011-10-01,2014-06-01,,487.49,,,,,,,,without_doc,232
2020-10-01,N22000256,47,TUMKUR-CHITRADURGA-DAVENGERE NL,East Central Railways,SWR,KARNATAKA,2011-04-01,,2023-12-01,1801.01,1801.01,58.92,,,,,0/0,without_original_doc,223
2020-10-01,N06000141,48,KAMPTEE DEEP OC MINE,Bharat Coking Coal Limited,WCL,MAHARASHTRA,2015-11-01,2021-03-01,2024-03-01,277.65,313.34,140.64,,,,,,delayed,341
2020-10-01,N06000121,48,BHANEGAON OC,Bharat Coking Coal Limited,,,2015-02-01,2023-03-01,2023-03-01,187.94,409.68,85.03,,,,,,on_schedule,326
2020-10-01,N18000168,48,TRANSMISSION SYSTEM STRENGTHENING IN WR-NR TRANSMISSION CORRIDOR FOR IPPS IN CHHATTISGARH,National Hydro-Electric Power Corporation,PGCIL,MULTI STATE,2014-06-01,2018-03-01,,5151.37,,,,,,,,without_doc,232
2020-10-01,N22000276,48,CHIKBALLA-PUR-PUTTTAPARTHY-SRI SATYA SAI NILAYAM NL,East Central Railways,SWR,KARNATAKA,2013-04-01,,2023-12-01,558,692.43,,,,,,0/0,without_original_doc,223
2020-10-01,N08000015,49,GAS TURBO GENERATOR AND HEAT RECOVERY STEAM GENERATOR PROJECT NFL BATHINDA,National Fertiliser Limited,NFL,PUNJAB,2018-01-01,2019-11-01,2021-02-01,218.83,218.83,166.95,,,,,,delayed,341
2020-10-01,N06000131,49,AMALGAMATED PAUNI-II III OC MINE,Bharat Coking Coal Limited,,,2015-06-01,2021-03-01,2021-03-01,483.69,483.69,245.47,,,,,,on_schedule,326
2020-10-01,N18000182,49,SYSTEM STRENGTHENING IN SOUTHERN REGION - XXIII,National Hydro-Electric Power Corporation,PGCIL,MULTI STATE,2015-01-01,2017-07-01,,203.28,,,,,,,,without_doc,232
2020-10-01,N22000277,49,SRINIVASA-PURA-MADANAPALLI NL,East Central Railways,SWR,MULTI STATE,2013-04-01,,2023-12-01,296,466.65,,,,,,0/0,without_original_doc,223
2020-10-01,N08000016,50,GAS TURBO GENERATOR AND HEAT RECOVERY STEAM GENERATOR PROJECT NFL NANGAL,National Fertiliser Limited,NFL,PUNJAB,2018-01-01,2019-11-01,2021-02-01,239.81,239.81,178.03,,,,,,delayed,342
2020-10-01,N06000154,50,NILJAI EXPANSION (DEEP) OC (3.5 MTY),Bharat Coking Coal Limited,,,2016-08-01,2022-03-01,2022-03-01,319.76,319.76,226.05,,,,,,on_schedule,326
2020-10-01,N18000218,50,GREEN ENERGY CORRIDORS - INTER STATE TRANSSMISSION SCHEME PART-D,National Hydro-Electric Power Corporation,PGCIL,MULTI STATE,2016-05-01,2019-05-01,,3519.59,,,,,,,,without_doc,232
2020-10-01,N22000280,50,WHITE FIELD-KOLAR NL,East Central Railways,SWR,KARNATAKA,2011-04-01,,2023-12-01,348.85,348.85,0.36,,,,,0/0,without_original_doc,223
2020-10-01,N08000014,51,GAS TURBO GENERATOR AND HEAT RECOVERY STEAM GENERATOR PROJECT NFL PANIPAT,National Fertiliser Limited,NFL,HARYANA,2018-01-01,2019-11-01,2021-03-01,215.92,215.92,161.11,,,,,,delayed,342
2020-10-01,N06000183,51,GANDHIGRAM UG MINE,Bharat Coking Coal Limited,,,2019-08-01,2026-03-01,2026-03-01,414.16,414.16,0.87,,,,,,on_schedule,326
2020-10-01,N18000238,51,S/S WORK ASSOCIATED WITH ADDITIONAL INTER REGIONAL AC LINK FOR IMPORT IN TO SOUTHERN REGION I.E WARO,National Hydro-Electric Power Corporation,PGCIL,MULTI STATE,2017-03-01,2019-11-01,,283.72,,,,,,,,without_doc,233
2020-10-01,N22000298,51,TORANAGALLU-RANJITPURA DL,East Central Railways,SWR,KARNATAKA,2011-04-01,,2023-12-01,146.75,167.5,0.34,,,,,0/0,without_original_doc,223
2020-10-01,N08000018,52,GAS TURBINE GENERATOR AND HEAT RECOVERY STEAM GENERATOR PROJECT AT RCF TROMBAY,National Fertiliser Limited,RCF,MAHARASHTRA,2018-04-01,2020-04-01,2021-03-01,426.72,426.72,302.14,,,2021-03-01,,,delayed,342
2020-10-01,N06000155,52,DHANKASA UG (1.00 MTY),Bharat Coking Coal Limited,,,2016-09-01,2022-03-01,2022-03-01,458.07,458.07,35.65,,,,,,on_schedule,326
2020-10-01,N18000240,52,SUB STATION WORK ASSOCIATED WITH STRENGTHENING OF TRANSMISSION SYSTEM BEYOND VEMAGIRI,National Hydro-Electric Power Corporation,PGCIL,MULTI STATE,2016-10-01,2019-04-01,,608.24,,,,,,,,without_doc,233
2020-10-01,N22000300,52,CHIKBALLA-PUR-GOWRIBIDANUR NL,East Central Railways,SWR,KARNATAKA,2013-04-01,,2023-12-01,327.25,367.77,,,,,,0/0,without_original_doc,223
2020-10-01,N10000014,53,25.5 MW WIND POWER PROJECT AT KAYATHAR IN TAMILNADU,Limited (Nalco),NALCO,TAMIL NADU,2017-09-01,2019-06-01,2020-12-01,166.62,163.17,135,,163.17,2021-06-01,,,delayed,342
2020-10-01,N06000179,53,UKNI DEEP OC,Bharat Coking Coal Limited,,,2018-11-01,2021-03-01,2021-03-01,318.14,318.14,204.15,,,,,,on_schedule,326
2020-10-01,N18000257,53,STRENGTHENING OF TRANSMISSION SYSTEM BEYOND VEMAGIRI,National Hydro-Electric Power Corporation,PGCIL,MULTI STATE,2015-12-01,2019-04-01,,3654,,,,,,,,without_doc,233
2020-10-01,220100193,53,"HUBLI-ANKOLA(NL),SWR",East Central Railways,SWR,KARNATAKA,1997-04-01,,2024-12-01,2315,3911.65,151.41,,,,,0/0,without_original_doc,223
2020-10-01,N10000010,54,5TH STREAM ALUMINA REFINERY EXPANSION PROJECT,Limited (Nalco),NALCO,ODISHA,2014-12-01,2021-04-01,2022-12-01,5540,5540,378.54,,6435.9,2022-12-01,,,delayed,342
2020-10-01,N40000003,54,"CONSTRUCTION OF A NEW STATE OF ART EDUCATIONAL CAMPUS FOR IIFT AT MAIDAN GARHI, NEW DELHI",National Building Construcion Corporation Ltd,,,2018-06-01,2020-10-01,2020-10-01,302.64,302.64,60,,,,,,on_schedule,326
2020-10-01,N21000007,54,"LGBRIMH-TEZPUR, ASSAM",Hospital Services Consultancy Corporation Ltd,HSCC,ASSAM,2012-07-01,2014-12-01,2018-03-01,175.57,,,,,,,,without_doc,233
2020-10-01,N22000202,54,CHENGALPATTU-VILLUPURAM DOUBLING WITH NEW MM FOR TAMBARAM- CHENGALPATTU 3RD LINE GC ALONWITH ELECTRIF,East Central Railways,SR,TAMIL NADU,2007-04-01,2021-01-01,2021-01-01,931.98,951.24,857.3,,,,0(R3),0/0,without_original_doc,223
2020-10-01,N12000086,55,NMDC INTEGRATED STEEL PLANT,Corporation (Nmdc),NMDC,CHHATISGAR H,2010-01-01,2015-05-01,2021-07-01,15525,21940,17262.1,,21940,2021-07-01,,,delayed,342
2020-10-01,N21000029,55,"CONSTRUCTION OF AIIMS AT JAMMU VIJAYPUR, SAMBA JAMMU AND KASHMIR",Central Public Works Department,,,2019-03-01,2023-09-01,2023-09-01,1404,1404,76.17,,,,,,on_schedule,326
2020-10-01,N21000015,55,CNCI KOLKATA WEST BENGAL,Hospital Services Consultancy Corporation Ltd,HSCC,WEST BENGAL,2016-08-01,2018-09-01,2019-05-01,244,,,,,,,,without_doc,233
2020-10-01,N22000201,55,MADURAI-BODINAYAKKANUR,East Central Railways,SR,TAMIL NADU,2008-04-01,,2021-09-01,164.41,450.73,327.59,,,,,0/0,without_original_doc,223
2020-10-01,N12000117,56,COKE OVEN BATTERY-5,Corporation (Nmdc),RINL,ANDHRA PRADESH,2011-12-01,2017-12-01,2020-11-01,2858,2558,1728.39,,,2020-11-01,No,,delayed,342
2020-10-01,N21000030,56,CONSTRUCTION OF AIIMS AT AWANTIPORA SRINAGAR JAMMU AND SRINAGAR,Central Public Works Department,National Building Construcion Corporation Ltd,,2019-03-01,2025-09-01,2025-09-01,1577,1828,,,,,,,on_schedule,326
2020-10-01,N21000010,56,"CONSTRUCTION OF HOSPITAL BLOCK, IIT, KHARAGPUR",Hospital Services Consultancy Corporation Ltd,HSCC,WEST BENGAL,2014-12-01,2017-05-01,2019-07-01,168.9,,,,,,,,without_doc,233
2020-10-01,N22000190,56,KURUPPANTHARA-CHINGAVANAM,East Central Railways,SR,MULTI STATE,2007-04-01,,2021-12-01,270.14,457.08,439.49,,,,,0/0,without_original_doc,223
2020-10-01,N12000119,57,CENTRAL DISPATCH YARD,Corporation (Nmdc),RINL,ANDHRA PRADESH,2015-08-01,2018-08-01,2020-11-01,320.66,336,278.28,,336,2020-11-01,NO,,delayed,342
2020-10-01,N21000028,57,AIIMS BILASPUR,Central Public Works Department,,,2018-04-01,2021-09-01,2021-09-01,1351,1471,577.32,,,,,,on_schedule,327
2020-10-01,N21000011,57,CONSTRUCTION OF HOSPITAL AND OPD BLOCK NCI JHAJJAR,Hospital Services Consultancy Corporation Ltd,HSCC,HARYANA,2014-09-01,2018-03-01,2019-09-01,505.58,,,,,,,,without_doc,233
2020-10-01,N22000185,57,CHENNAI-CUDDALORE VIA MAMALLAPURAM,East Central Railways,SR,MULTI STATE,2008-04-01,2024-03-01,2024-03-01,523.52,2300,2.28,,,,0(R3),0/0,without_original_doc,223
2020-10-01,N12000116,58,FORGED WHEEL PLANT,Corporation (Nmdc),RINL,UTTAR PRADESH,2014-04-01,2018-09-01,2020-12-01,1682.85,1682.85,1484.33,,,2020-12-01,No,,delayed,343
2020-10-01,N10000013,58,SOURCING OF BAUXITE ARRANGEMENT FOR 5TH STREAM ALUMINA REFINERY FROM SOUTH BLOCK MINING LEASE OF PAN,National Aluminum Company Limited (Nalco),,,2017-11-01,2021-04-01,2021-04-01,483,483,0.66,,,2021-04-01,,,on_schedule,327
2020-10-01,N21000009,58,AIIMS - OPD(NEW),Hospital Services Consultancy Corporation Ltd,HSCC,DELHI,2014-08-01,2017-05-01,2020-01-01,293.65,,,,,,,,without_doc,233
2020-10-01,N22000187,58,CUDDALORE-SALEM VIA VRIDDHACHALAM GC,East Central Railways,SR,TAMIL NADU,1999-04-01,,2025-03-01,198.68,559.95,319.22,,,,,0/0,without_original_doc,223
2020-10-01,N12000096,59,MODERNISATION OF STEEL MELTING SHOP NO.1 AT BOKARO STEEL PLANT,Corporation (Nmdc),SAIL,JHARKHAND,2015-05-01,2017-12-01,2020-10-01,1154.18,1154.18,1026.32,,,2020-10-01,,,delayed,343
2020-10-01,N10000012,59,CONVERSION OF FLAT BOTTOM SETTLERS AND WASHERS WITH A SINGLE TRAIN OF HRDS AND DCWS IN STREAMS 1 AND,National Aluminum Company Limited (Nalco),,,2015-12-01,2020-11-01,2020-11-01,355,355,92.04,,,,,,on_schedule,327
2020-10-01,N22000247,59,3RD LINE BETWEEN BHUSAWAL-JALGAON,Central Railways,CR,MAHARASHTRA,2011-04-01,2019-03-01,2020-03-01,184.06,,,,199.12,2020-03-01,,,without_doc,233
2020-10-01,N22000085,59,TIDIVANAM-NAGARI (NL),East Central Railways,SR,TAMIL NADU,2006-09-01,,2025-12-01,582.83,582.83,233.7,,,,,0/0,without_original_doc,223
2020-10-01,N12000121,60,REPLACEMENT OF CONVERTER SHELLS TOGETHER WITH BOTTOM STIRRING SYSTEM AND INSTALLATION OF SECONDARY E,Corporation (Nmdc),SAIL,WEST BENGAL,2018-12-01,2020-09-01,2021-03-01,263.36,263.36,141.69,,,2021-03-01,,,delayed,343
2020-10-01,N16000373,60,RESITEMENT OF RANCHI AND DHANBAD OLD POL DEPOT AT BOKARO.,Bharat Petroleum Corporation Limited,,,2018-11-01,2022-06-01,2022-06-01,248.55,248.55,51.39,,,,,,on_schedule,327
2020-10-01,N22000355,60,VAIBHAVWADI -KOLHAPUR (107 KM),Central Railways,CR,MAHARASHTRA,2016-02-01,2024-03-01,,2750,,,,,,,,without_doc,233
2020-10-01,N22000142,60,MIYAGAM-KARJAN-DABHOI-SAMLAYA (GC),East Central Railways,WR,GUJARAT,2011-04-01,2024-03-01,2024-03-01,844.1,844.1,167.5,,844.1,,0(R3),0/0,without_original_doc,223
2020-10-01,N12000118,61,REBUILDING OF COKE OVEN BATTERY NO-8 AT BSL,Corporation (Nmdc),SAIL,JHARKHAND,2016-11-01,2019-06-01,2021-05-01,262.87,262.87,164.31,,,2021-05-01,,,delayed,343
2020-10-01,N16000397,61,ENHANCING PRODUCTION OF LUBE OIL BASE STOCK (LOBS) PROJECT AT MUMBAI REFINERY,Bharat Petroleum Corporation Limited,,,2020-07-01,2021-12-01,2021-12-01,640,640,262.36,,,,,,on_schedule,327
2020-10-01,N22000421,61,MULTI MODAL LOGISTICS PARK AT KATHUWAS,Central Railways,CCOI,RAJASTHAN,2011-01-01,2018-03-01,2020-03-01,493.17,,,,,,,,without_doc,233
2020-10-01,N24000391,61,4-LANING OF MOGA -TALLEWAL SECTION OF NH-71 FROM KM 77.200 TO 114.00,(State Pwds),MoRTH,PUNJAB,2015-11-01,,2020-12-01,889.24,904.82,739.41,,,,,0/0,without_original_doc,223
2020-10-01,N12000095,62,NEW SINTER PLANT AT BOKARO STEEL PLANT,Corporation (Nmdc),SAIL,JHARKHAND,2015-03-01,2017-10-01,2021-12-01,1034.01,1034.01,493.82,,,2020-12-01,,,delayed,343
2020-10-01,N16000364,62,DEVELOPMENT OF COASTAL TERMINAL AT KRISHNAPATNAM PORT,Bharat Petroleum Corporation Limited,,,2017-07-01,2021-02-01,2021-02-01,580.2,580.2,74.77,,,,,,on_schedule,327
2020-10-01,N22000425,62,MULTI MODAL LOGISTICS PARK AT NAYA RAIPUR,Central Railways,CCOI,CHHATISGARH,2014-05-01,2018-03-01,,207,,,,,,,,without_doc,233
2020-10-01,N24000378,62,BARELA-MANDLA SECTION OF NH-12A IN MADHYA PRADESH KM 22/8 TO KM 89/6 OF NH-12A,(State Pwds),MoRTH,MADHYA PRADESH,2015-06-01,2018-07-01,2021-03-01,390.51,390.51,240.2,,,,32(R3),0/0,without_original_doc,223
2020-10-01,N16000227,63,PROPYLENE DERIVATIVES PETROCHEMICAL PROJECT(PDPP) AT KOCHI REFINERY,Limited,BPCL,KERALA,2014-11-01,2018-08-01,2020-11-01,4588.29,5245.96,4659.31,,,2019-11-01,,,delayed,343
2020-10-01,N16000347,63,RESITEMENT OF RAICHUR DEPOT TO GULBARGA,Bharat Petroleum Corporation Limited,,,2018-10-01,2021-03-01,2021-03-01,206.26,206.26,69.39,,,,,,on_schedule,327
2020-10-01,N22000427,63,MULTI MODAL LOGISTICS PARK AT TIHI,Central Railways,CCOI,MADHYA PRADESH,2015-12-01,2019-03-01,,174,,,,,,,,without_doc,233
2020-10-01,N24000877,63,R AND U OF KHUTAR -LAKHIMPUR SECTION (KM 82.00 TO KM140.00) OF NH-730 TO 2L WITH PS,(State Pwds),MoRTH,UTTAR PRADESH,2016-11-01,,2021-09-01,326.99,326.99,65.83,,327,,,0/0,without_original_doc,224
2020-10-01,N16000313,64,PUNE POL STORAGE DEPOT,Limited,BPCL,MAHARASHTR A,2016-08-01,2020-08-01,2020-12-01,282.64,282.64,227.27,,,,,,delayed,343
2020-10-01,N16000346,64,"SETTING UP OF FACILITIES FOR PRODUCTION OF POLYOLS, PROPYLENE GLYCOL AND MONO ETHYLENE GLYCOL AT KOC",Bharat Petroleum Corporation Limited,,,2018-09-01,2023-03-01,2023-03-01,11130,11130,258.2,,,,,,on_schedule,327
2020-10-01,N22000428,64,MULTI MODAL LOGISTICS PARK AT VARNAMA,Central Railways,CCOI,GUJARAT,2013-10-01,2019-03-01,,343,,,,,,,,without_doc,233
2020-10-01,N24000618,64,FUNDED ) CONSTRUCTION OF 2- LANE HUNLI-ANINI ROAD FROM KM 53.500 TO KM 92.500 IN THE STATE OF ARUNACH,(State Pwds),NHIDCL,ARUNACHAL PRADESH,2015-11-01,,2020-12-01,434.06,434.06,172.89,,,,,2/4,without_original_doc,224
2020-10-01,N16000261,65,MMPL PIPELINE REROUTING PROJECT,Limited,BPCL,MAHARASHTR A,2013-04-01,2019-12-01,2021-02-01,449.58,449.58,323.25,,,2021-02-01,,,delayed,343
2020-10-01,N16000365,65,MULTI PRODUCT PIPELINE FROM BINA TERMINAL TO PANKI KANPUR TERMINAL,Bharat Petroleum Corporation Limited,,,2017-12-01,2021-12-01,2021-12-01,1524.06,1524.06,458,,,,,,on_schedule,327
2020-10-01,N22000346,65,EASTERN DEDICATED FREIGHT CORRIDOR PROJECT,Central Railways,DFCC,MULTI STATE,2006-10-01,,,11589,,,,30357,,,,without_doc,233
2020-10-01,N24000974,65,TWO-LANING OF JORAM – KOLORIANG ROAD (NH-713) ON EPC BASIS FROM EXISTING KM 104.850 TO KM 122.600 (D,(State Pwds),NHIDCL,ARUNACHAL PRADESH,2017-02-01,,2021-02-01,199.02,199.02,14.21,,,,,0/4,without_original_doc,224
2020-10-01,N16000263,66,MOTOR SPIRIT BLOCK PROJECT (MSBP) TO PRODUCE BSVI MS AT KOCHI REFINERY,Limited,BPCL,KERALA,2016-02-01,2020-02-01,2021-02-01,3313,3288.96,2510.1,,,2021-02-01,,,delayed,343
2020-10-01,N16000341,66,2G ETHANOL BIO REFINERY AT BARGARH,Bharat Petroleum Corporation Limited,,,2017-08-01,2020-12-01,2020-12-01,750,750,34.73,,,,,,on_schedule,327
2020-10-01,N22000464,66,WESTERN DEDICATED FREIGHT CORRIDOR,Central Railways,DFCC,MULTI STATE,2007-11-01,2020-03-01,,16592,,,,51101,,,,without_doc,233
2020-10-01,N24000975,66,TWO-LANING OF JORAM – KOLORIANG ROAD (NH-713) ON EPC BASIS FROM EXISTING KM 122.600 TO KM 138.000 (D,(State Pwds),NHIDCL,ARUNACHAL PRADESH,2017-02-01,,2021-02-01,184.88,184.88,6.85,,,,,0/4,without_original_doc,224
2020-10-01,N16000314,67,KOCHI SALEM LPG PIPELINE PROJECT,Limited,BPCL,KERALA,2015-12-01,2019-06-01,2022-02-01,1112,1507.24,661,,1507.24,,,,delayed,343
2020-10-01,N16000374,67,2ND GENERATION LIGNOCELLUOSIC BIOMASS ETHANOL BIOFUEL REFINERY AT BARGARH (ODISHA),Bharat Petroleum Corporation Limited,,,2019-08-01,2022-08-01,2022-08-01,1607,1607,137.08,,,,,,on_schedule,327
2020-10-01,N22000182,67,HAJIPUR-RAMDAYALUNAGAR DOUBLING,Central Railways,ECR,BIHAR,2013-04-01,,2020-01-01,213.01,,,,367.17,,,,without_doc,233
2020-10-01,N24000771,67,WIDENING TO 2-LANE WITH GEOMETRIC IMPROVEMENTS OF TURA DALU ROAD UNDER JICA FUNDING FROM KM 85.000 T,(State Pwds),NHIDCL,MEGHALAYA,2017-04-01,,2021-09-01,553.51,553.51,65.22,,,,,0/4,without_original_doc,224
2020-10-01,N16000234,68,IRUGUR-DEVANGONTHI POL PIPELINE,Limited,BPCL,TAMIL NADU Chennai Petroleum Corporation Limited,2012-11-01,2017-02-01,2022-08-01,678,1472,14.25,,1472,2022-08-01,,,delayed,343
2020-10-01,N16000329,68,"CITY GAS DISTRIBUTION (CGD) NETWORK, RANCHI",Bharat Petroleum Corporation Limited,,,2017-10-01,2022-10-01,2022-10-01,226.45,226.45,88.53,,,,,,on_schedule,327
2020-10-01,220100304,68,"KOSI BRIDGE (NL), ECR",Central Railways,ECR,BIHAR,2002-04-01,2020-03-01,2020-09-01,499.41,,,,516.02,,,,without_doc,234
2020-10-01,N24000972,68,TWO-LANING OF JORAM – KOLORIANG ROAD (NH-713) FROM DESIGN KM. 20+000 TO KM. 32+050 [EXISTING KM 20.0,(State Pwds),NHIDCL,ARUNACHAL PRADESH,2017-02-01,,2022-04-01,175.06,175.06,46.98,,,,,0/4,without_original_doc,224
2020-10-01,N16000295,69,BS-VI PROJECTS,Limited,CPCL,TAMIL NADU,2017-09-01,2019-12-01,2020-12-01,1858,1858,1429.07,,,,,,delayed,344
2020-10-01,N16000334,69,BARAUNI-GUWAHATI PIPELINE,Bharat Petroleum Corporation Limited,,,2018-06-01,2021-12-01,2021-12-01,3308,3060,1865.4,,,,,,on_schedule,327
2020-10-01,220100311,69,"DANIAWAN-BIHARSARIF (NL), ECR",Central Railways,ECR,BIHAR,2001-04-01,,,406.92,,,,,,,,without_doc,234
2020-10-01,N24000973,69,TWO-LANING OF JORAM – KOLORIANG ROAD (NH-713) FROM DESIGN KM. 32+050 TO KM. 44+000 [EXISTING KM 35.1,(State Pwds),NHIDCL,ARUNACHAL PRADESH,2017-02-01,,2022-04-01,176.12,176.12,47.67,,,,,0/4,without_original_doc,224
2020-10-01,N16000301,70,RE-LIQUIFIED NATURAL GAS,Limited,CPCL,TAMIL NADU,2017-08-01,2020-08-01,2021-06-01,421,421,224.83,,,,,,delayed,344
2020-10-01,N16000289,70,CITY GAS DISTRIBUTION (CGD) NETWORK BHUBANESHWAR,Bharat Petroleum Corporation Limited,,,2017-07-01,2022-07-01,2022-07-01,243.53,243.53,72.61,,,,,,on_schedule,327
2020-10-01,N22000374,70,MUZAFFARPUR-SITAMARHI NEW LINE,Central Railways,ECR,BIHAR,1991-01-01,2014-07-01,,332.15,,,,546.71,,,,without_doc,234
2020-10-01,N24000559,70,FOUR LANNING OF RAMPUR- KATHGODAM SECTION OF NH-87 FROM KM 42.791 (DESIGN CHAINAGE 43.446) TO KM 88,(State Pwds),NHAI,UTTARAKHAND,2016-03-01,,2020-10-01,720,720,348.16,,,,,0/0,without_original_doc,224
2020-10-01,N16000233,71,CAPACITY AUGMENTATION JAMNAGAR LONI PIPELINE,Limited,GAIL,GUJARAT,2016-04-01,2018-04-01,2020-12-01,327.78,200,173.5,,,,,,delayed,344
2020-10-01,N16000288,71,CITY GAS DISTRIBUTION (CGD) NETWORK VARANASI,Bharat Petroleum Corporation Limited,,,2017-04-01,2022-04-01,2022-04-01,287.49,345.15,166.38,,,,,,on_schedule,327
2020-10-01,N22000475,71,RAJGIR HISUA TILAIYA (46KM) INCL. MM NATESHWAR ISLAMPUR,Central Railways,ECR,BIHAR,1998-04-01,,,180.82,,,,,,,,without_doc,234
2020-10-01,N24000506,71,FOUR LANING OF BHOJPUR TO BUXAR,(State Pwds),NHAI,BIHAR,1991-01-01,,2020-10-01,642.41,681.67,294.9,,,,,1/2,without_original_doc,224
2020-10-01,N16000271,72,LAYING OF VIJAIPUR-AURAIYA PIPELINE SECTION OF VIJAIPUR- AURAIYA-PHULPUR PIPELINE PROJECT,Limited,GAIL,MULTI STATE,2015-07-01,2020-12-01,2021-03-01,2881.4,2000,1504.1,,,,,,delayed,344
2020-10-01,N16000390,72,HARIDWAR RISHIKESH DEHRADUN PIPELINE PROJECT,Bharat Petroleum Corporation Limited,,,2018-08-01,2021-04-01,2021-04-01,217.92,217.92,63.7,,,,,,on_schedule,327
2020-10-01,N22000166,72,ARA-BHABHUA ROAD (NL),Central Railways,ECR,BIHAR,2008-04-01,,,633.87,,,,,,,,without_doc,234
2020-10-01,N24000713,72,SIX LANING OF PIMPALGAON-NASHIK- GONDE SECTION OF NH-3 FROM KM 380.000 TO 440.000 IN THE STATE OF MAH,(State Pwds),NHAI,MAHARASHTRA,2017-12-01,,2020-10-01,404.94,448.18,366.27,,,,,0/0,without_original_doc,224
2020-10-01,N16000355,73,SULTANPUR JHAJJAR HISSAR PIPELINE (SJHPL) PROJECT,Limited,GAIL,HARYANA,2018-08-01,2020-08-01,2021-05-01,286.42,327.01,92.2,,327.01,2021-05-01,,,delayed,344
2020-10-01,N16000328,73,"CITY GAS DISTRIBUTION (CGD) NETWORK, CUTTACK",Bharat Petroleum Corporation Limited,,,2017-07-01,2022-07-01,2022-07-01,182.2,182.2,60.8,,,,,,on_schedule,328
2020-10-01,N22000167,73,NAWADA-LAXMIPUR (NL),Central Railways,ECR,BIHAR,2008-04-01,,,620.57,,,,,,,,without_doc,234
2020-10-01,N24000572,73,CONSTRUCTION OF 4-LANE LADDOWAL BYPASS,(State Pwds),NHAI,GUJARAT,2016-05-01,,2020-11-01,364.56,392,310.94,,,,,0/0,without_original_doc,224
2020-10-01,N16000273,74,DOBHI-DURGAPUR PIPELINE PROJECT,Limited,GAIL,MULTI STATE,2017-03-01,2020-12-01,2021-06-01,2433,2433,1825.1,,,2021-12-01,,,delayed,344
2020-10-01,N16000327,74,CITY GAS DISTRIBUTION (CGD) NETWORK PATNA,Bharat Petroleum Corporation Limited,,,2017-10-01,2022-10-01,2022-10-01,359.25,359.25,103.96,,,,,,on_schedule,328
2020-10-01,N22000168,74,GAYA-DALTONGANJ VIA RAFIGANJ (NL),Central Railways,ECR,BIHAR,2008-04-01,,,445.25,,,,,,,,without_doc,234
2020-10-01,N24000624,74,SIX LANNING FROM KM 287.400 TO KM 401.200 SECTION OF NH- 8 IN THE STATE OF RAJASTHAN AND GUJARAT(APP,(State Pwds),NHAI,MULTI STATE,2016-09-01,,2020-11-01,1244.1,1244.1,1547,,,,,0/0,without_original_doc,224
2020-10-01,N16000272,75,DHAMRA-ANGUL PIPELINE PROJECT,Limited,GAIL,ODISHA,2017-03-01,2020-12-01,2021-12-01,1933,1933,1156.2,,,2021-12-01,,,delayed,344
2020-10-01,N16000388,75,SRIKAKULAM ANGUL PIPELINE PROJECT,Bharat Petroleum Corporation Limited,,,2019-09-01,2022-07-01,2022-07-01,2658.34,2658.34,98.4,,,,,,on_schedule,328
2020-10-01,N22000169,75,GAYA-CHATRA (NL),Central Railways,ECR,MULTI STATE,2008-04-01,,,415.67,,,,,,,,without_doc,234
2020-10-01,N24000711,75,FOUR LANING OF DANGIAWAS (KM 96.595 TO NH-112) TO JAJIWAL (KM 283.500 OF NH 65 NAGAUR ROAD) SECTIO,(State Pwds),NHAI,RAJASTHAN,2017-12-01,,2020-12-01,1308.73,1308.73,277.04,,,,,0/0,without_original_doc,224
2020-10-01,N16000274,76,BOKARO-ANGUL PIPELINE PROJECT,Limited,GAIL,MULTI STATE,2017-03-01,2020-12-01,2021-12-01,3437,3048,1559.6,,3048,2021-12-01,,,delayed,344
2020-10-01,N16000389,76,"CITY GAS DISTRIBUTION, JAMSHEDPUR",Bharat Petroleum Corporation Limited,,,2017-10-01,2022-10-01,2022-10-01,221.45,221.45,69,,,,,,on_schedule,328
2020-10-01,N22000173,76,DARBANGHA-KUSHESHWARSTHAN (NL),Central Railways,ECR,BIHAR,2005-04-01,,,205,,,,,,,,without_doc,234
2020-10-01,N24000712,76,DESIGN AND CONSTRUCTION OF DELHI- MEERUT EXPRESSWAY FROM DASNA TO MEERUT FROM 27.740 OF NH-24 TO KM,(State Pwds),NHAI,UTTAR PRADESH,2017-12-01,,2020-12-01,1232.21,1087,672.82,,,,,0/0,without_original_doc,225
2020-10-01,N16000275,77,DURGAPUR-HALDIA PIPELINE PROJECT,Limited,GAIL,WEST BENGAL,2017-03-01,2020-12-01,2021-12-01,1740,1740,756,,,2021-12-01,,,delayed,344
2020-10-01,N16000391,77,DHAMRA HALDIA PIPELINE PROJECT,Bharat Petroleum Corporation Limited,,,2020-03-01,2022-11-01,2022-11-01,1030.65,1030.65,1.9,,,,,,on_schedule,328
2020-10-01,N22000174,77,MOTIHARI-SITAMARHI (NL),Central Railways,ECR,BIHAR,2006-04-01,,,211,,,,,,,,without_doc,234
2020-10-01,N24000721,77,ADDITIONAL FACILITY FOR 4-LANE DIVIDED HIGHWAY OF KM 52.250 TO KM 130.560 OF NH-58 (MEERUT-MUZAFFARN,(State Pwds),NHAI,UTTAR PRADESH,2017-12-01,,2020-12-01,207,207,43.23,,,,,0/0,without_original_doc,225
2020-10-01,N16000349,78,SUSTAINED EVACUATION OF GAS FROM GANDHAR FIELDS BY INSTALLING A GAS COMPRESSOR AND PIPELINE CONNECTI,Limited,GAIL,GUJARAT,2018-09-01,2021-02-01,2021-12-01,225.54,225.54,8.9,,,,,,delayed,344
2020-10-01,N16000296,78,EXTENSION OF VISAKH-VIJAYAWADA-SECUNDERABAD PIPELINE (VVSPL) FROM VIJAYAWADA TO DHARMAPURI AND CONST,Bharat Petroleum Corporation Limited,,,2017-09-01,2021-06-01,2021-06-01,2677,2677,1773.53,,,,,,on_schedule,328
2020-10-01,N22000175,78,SITAMARHI-JAYNAGAR-NIRMALI VIA SURSAND (NL),Central Railways,ECR,BIHAR,2008-04-01,,,678.62,,,,,,,,without_doc,234
2020-10-01,N24000835,78,CONSTRUCTION OF 8 LANE DWARKA EXPRESSWAY (NH-248BB PACKAGE IV FROM RAIL OVER BRIDGE (ROB) TILL END P,(State Pwds),NHAI,HARYANA,2018-03-01,,2020-12-01,1484.3,1484.3,147.35,,,,,0/0,without_original_doc,225
2020-10-01,N16000285,79,KOCHI-KOOTTANAD- BANGALORE-MANGALORE PIPELINE PHASE-II,Limited,GAIL,MULTI STATE,2009-06-01,2012-12-01,2022-02-01,2915,5909,3448.7,,5909,2022-02-01,,,delayed,344
2020-10-01,N16000384,79,BARMER PALANPUR PIPELINE,Bharat Petroleum Corporation Limited,,,2019-11-01,2022-11-01,2022-11-01,776,776,12.91,,,,,,on_schedule,328
2020-10-01,N22000178,79,KURSELA-BIHARIGANJ (NL),Central Railways,ECR,BIHAR,2008-04-01,,,192.56,,,,,,,,without_doc,234
2020-10-01,N24000853,79,FOUR LANING OF AKKALKOT-SOLAPUR SECTION OF NH-150E WITH PAVED SHOULDER FROM DESIGN CHAINAGE KM. 99.4,(State Pwds),NHAI,MAHARASHTRA,2018-03-01,,2020-12-01,642.13,807,550.48,,,,,0/0,without_original_doc,225
2020-10-01,N16000238,80,MDPL CAPACITY EXPANSION AND PALANPUR VADODARA PIPELINE EXTENSION,Limited,HPCL,MULTI STATE,2016-09-01,2020-06-01,2020-10-01,1879,1689,1694.25,,,,,,delayed,344
2020-10-01,N16000392,80,CITY GAS DISTRIBUTION IN WEST BENGAL,Bharat Petroleum Corporation Limited,,,2019-03-01,2031-03-01,2031-03-01,5830.2,5830.2,1.85,,,,,,on_schedule,328
2020-10-01,N22000179,80,MUZAFFARPUR-DARBANGHA (NL),Central Railways,ECR,BIHAR,2008-04-01,,,281.3,,,,,,,,without_doc,234
2020-10-01,N24000550,80,JHARPOKHARIA-BARIPADA-BALESHWAR SECTION,(State Pwds),NHAI,ODISHA,2016-02-01,,2021-01-01,1069.65,1069.65,611.71,,,,,0/0,without_original_doc,225
2020-10-01,N16000312,81,CONSTRUCTION OF A NEW POL DEPOT AT VILLAGE DATA IN HISAR DISTRICT IN HARYANA,Limited,HPCL,HARYANA,2017-11-01,2020-11-01,2021-06-01,255,300,220.67,,300,2021-06-01,,,delayed,344
2020-10-01,N16000385,81,CITY GAS DISTRIBUTION PROJECT IN GEOGRAPHICAL AREA OF SONIPAT (EAAA) AND JIND DISTRICTS,Bharat Petroleum Corporation Limited,,,2018-09-01,2026-09-01,2026-09-01,520,520,54.21,,,,,,on_schedule,328
2020-10-01,N22000222,81,PIRPAINTI-BHAGALPUR,Central Railways,ER,MULTI STATE,2011-04-01,,2019-05-01,261.38,,,,,,,,without_doc,234
2020-10-01,N24000621,81,SIX LANNING OF KISHANGARH UDAIPUR AHMEDABAD SECTION FROM KM.90.000 (NEAR GULABPURA) TO KM. 214.870 (,(State Pwds),NHAI,RAJASTHAN,2016-09-01,,2021-01-01,1239.82,1727.66,1661.55,,,,,3/4,without_original_doc,225
2020-10-01,N16000378,82,SWRO II WITH LLPH FACILITIES,Limited,HPCL,ANDHRA PRADESH,2019-09-01,2020-07-01,2021-07-01,196.26,196.26,84.06,,,,,,delayed,345
2020-10-01,N16000387,82,CITY GAS DISTRIBUTION IN UP AND UK,Bharat Petroleum Corporation Limited,,,2019-03-01,2029-03-01,2029-03-01,3450.2,3450.2,8.27,,,,,,on_schedule,328
2020-10-01,N22000108,82,NEW WORK FOR CONSTRUCTION OF METRO RAILWAY FROM NOAPARA-BARASAI VIA BIMANBANDER (MTP),Central Railways,KOMRCL,WEST BENGAL,2010-04-01,2016-03-01,,2397.72,,,,,,,,without_doc,234
2020-10-01,N24000649,82,SIX LANNING FROM KM. 401.200 TO 494.410 OF NH-8 ON HYBRID ANNUITY MODE UNDER NHDP-V(PKG VI)REG.,(State Pwds),NHAI,GUJARAT,2017-01-01,,2021-01-01,1251.11,1251.11,1084.26,,,,,0/0,without_original_doc,225
2020-10-01,N16000315,83,"180 TMTPA NEW LPG PLANT AT PATALGANGA(DIST RAIGAD), MAHARASHTRA",Limited,HPCL,MAHARASHTR A,2017-06-01,2020-06-01,2021-09-01,249.26,249.26,95.34,,,2021-12-01,,,delayed,345
2020-10-01,N16000369,83,CONSTRUCTION OF 80000MT LPG CAVERN AT MANGALORE,Bharat Petroleum Corporation Limited,,,2018-12-01,2022-12-01,2022-12-01,854,854,108.71,,,,,,on_schedule,328
2020-10-01,220100268,83,TOLLYGANJ-GARIA WITH EXTENSION TO DUM DUM-NOAPARA AND NOAPARA-NSCB AIRPORT(MTP),Central Railways,MRTP,WEST BENGAL,2000-03-01,2006-12-01,,1049.69,,,,,,,,without_doc,234
2020-10-01,N24000717,83,CONSTRUCTION OF STAND ALONE RING ROAD/ BYPASS AROUND JAMMU CITY IN THE STATE OF J AND K ON EPC MODE,(State Pwds),NHAI,JAMMU AND KASHMIR,2017-12-01,,2021-01-01,1471.75,1339,734.4,,1339,,,1/3,without_original_doc,225
2020-10-01,N16000316,84,120 TMTPA NEW LPG PLANT AT BARHI JHARKAND STATE,Limited,HPCL,JHARKHAND,2017-06-01,2020-06-01,2021-09-01,161.5,161.5,42.89,,,2021-09-01,,,delayed,345
2020-10-01,N16000367,84,HASSAN CHERLAPALLI LPG PIPELINE,Bharat Petroleum Corporation Limited,,,2019-06-01,2022-06-01,2022-06-01,2166.38,2166.38,512.99,,,,,,on_schedule,328
2020-10-01,N22000214,84,RUNNING OF 12 CAR TRAINS ON HARBOUR LINE,Central Railways,MRTP,MAHARASHTRA,2012-04-01,2016-04-01,,714.1,,,,,,,,without_doc,234
2020-10-01,N24000791,84,FOUR LANING OF EXISTING TWO LANE WITH PS FROM TALWANDI BHAI TO FEROZPUR IN THE STATE OF PUNJAB,(State Pwds),NHAI,PUNJAB,2018-02-01,,2021-01-01,261.76,207,190.4,,,,,0/0,without_original_doc,225
2020-10-01,N16000235,85,VISAKH REFINERY MODERNISATION PROJECT,Limited,HPCL,ANDHRA PRADESH,2016-07-01,2020-07-01,2022-07-01,20928,26264,12553.95,,26264,2022-07-01,,,delayed,345
2020-10-01,N16000380,85,SETTING UP OF PHASE LL FACILITIES FOR HPCL GREEN R AND D CENTRE AT BENGALURU,Bharat Petroleum Corporation Limited,,,2018-06-01,2021-11-01,2021-11-01,380,380,142.77,,,,,,on_schedule,328
2020-10-01,220100318,85,"ETAWAH-MAINPURI (NL),NCR",Central Railways,NCR,UTTAR PRADESH,1997-04-01,2008-12-01,,120,,,,,,,,without_doc,234
2020-10-01,N24000801,85,SIX LANING OF SHAMLA JI TO MOTACHILODHA FROM KM 401.200 TO KM 494.410 (LENGTH 93.210 KM) SECTION OF,(State Pwds),NHAI,GUJARAT,2018-02-01,,2021-01-01,1052.21,1449,394.36,,,,,0/0,without_original_doc,225
2020-10-01,N16000348,86,"FUEL QUALITY UPGRADATION (NSU,NHT CCR NEW UNIT) PROJECT AT BARAUNI REFINERY",Limited,IOCL,BIHAR,2017-06-01,2019-10-01,2020-10-01,951.64,951.64,659.14,,,,,,delayed,345
2020-10-01,N16000338,86,ETHYLENE GLYCOL PROJECT AT PARADIP,Bharat Petroleum Corporation Limited,,,2018-04-01,2021-10-01,2021-10-01,5654,5654,1532.37,,,,,,on_schedule,328
2020-10-01,N22000158,86,DHOLPUR-SIRMUTTRA WITH EXTENSION TO GANGAPURCITY AND MOHARI-TANTPUR AND TANPUR-BANSI PAHARPUR,Central Railways,NCR,MULTI STATE,2010-04-01,,,2030.5,,,,,,,,without_doc,234
2020-10-01,N24000815,86,CONSTRUCTION OF EIGHT LANE VADODARA KIM EXPRESSWAY FROM KM 355.00 TO KM 378.740 (PADRA TO VADODARA S,(State Pwds),NHAI,GUJARAT,2018-03-01,,2021-01-01,2702.05,2043,,,,,,0/0,without_original_doc,225
2020-10-01,N16000196,87,PARADIP LPG IMPORT FACILITY,Limited,IOCL,MULTI STATE,2015-01-01,2018-07-01,2021-02-01,690,690,475.18,,,2020-10-01,,,delayed,345
2020-10-01,N16000368,87,INSTALLATION OF STANDBY SRU TRAIN OF 525 TPD ALONGWITH INCINERATOR AT PARADIP REFINERY,Bharat Petroleum Corporation Limited,,,2019-06-01,2022-09-01,2022-09-01,371,371,1.48,,,,,,on_schedule,328
2020-10-01,N22000372,87,MATHURA-PLWAL 4TH LINE (80KM),Central Railways,NCR,UTTAR PRADESH,2015-04-01,2020-03-01,,668.7,,,,668,,,,without_doc,234
2020-10-01,N24000623,87,SIX LANNING OF CHITTORGARH-UDAIPUR SECTION OF NH-76 FROM DESIGN CHAINAGE KM. 214.870 TO KM 308.370 I,(State Pwds),NHAI,RAJASTHAN,2016-09-01,,2021-02-01,1100.19,1145.31,1210,,,,,0/0,without_original_doc,225
2020-10-01,N16000194,88,PARADIP HYDERABAD PIPLEINE,Limited,IOCL,MULTI STATE,2015-01-01,2020-12-01,2021-03-01,2321,3338,2403.35,,3338,,,,delayed,345
2020-10-01,N16000376,88,PX-PTA REVAMP AT PANIPAT REFINERY,Bharat Petroleum Corporation Limited,,,2019-08-01,2021-10-01,2021-10-01,1255,1255,111.78,,,,,,on_schedule,328
2020-10-01,N22000196,88,DIMAPUR-TIZIT NL,Central Railways,NFR,NAGALAND,2013-04-01,2020-03-01,,4274,,,,,,,,without_doc,234
2020-10-01,N24000810,88,REHABILITATION AND UPGRADATION OF GIDDALUR-VINUKONDA SECTION OF NH- 544D FROM DESIGN KM 212.983 (EXIS,(State Pwds),NHAI,ANDHRA PRADESH,2018-03-01,,2021-02-01,565.09,565.09,397.82,,,,,0/0,without_original_doc,225
2020-10-01,N16000282,89,SITARGANJ LPG PROJECT,Limited,IOCL,UTTARAKHAND,2017-02-01,2020-02-01,2021-03-01,160.1,160.1,71.2,,,,,,delayed,345
2020-10-01,N16000386,89,BARAUNI REFINERY CAPACITY EXPANSION FROM 6.0 TO 9.0 MMTPA,Bharat Petroleum Corporation Limited,,,2020-01-01,2023-04-01,2023-04-01,14810,14810,433.03,,,,,,on_schedule,328
2020-10-01,N22000209,89,NEW JALPAIGURI SILIGURI NEW BONGAIGAON INCLUDING BR LINE AND MM CHALSA NAXAL RAJABHATKHOWA JAINTI,Central Railways,NFR,MULTI STATE,1999-04-01,,,819.23,,,,,,,,without_doc,235
2020-10-01,N24000427,89,4 LANING OF BAHARAGORA - SINGHARA,(State Pwds),NHAI,ODISHA,2015-07-01,,2021-03-01,1282.94,1282.94,457.84,,6,,,0/0,without_original_doc,225
2020-10-01,N16000267,90,ADDITIONAL FACILITIES AT MANMAD FOR COVERSION TO TOP ON KOYALI-MANMAD- AHMEDNAGAR-SOLAPUR PIPELINE,Limited,IOCL,MAHARASHTRA,2016-05-01,2021-01-01,2021-04-01,212,212,100.87,,,,,,delayed,345
2020-10-01,N16000350,90,REVAMPING OF VIJAYAWADA TERMINAL FOR CONVERSION TO TOP,Bharat Petroleum Corporation Limited,,,2018-10-01,2021-10-01,2021-10-01,316.2,316.2,34.48,,,,,,on_schedule,328
2020-10-01,N22000499,90,NEW JALPAIGURI-SILIGURI-NEW BONGAIGAON GC WITH MM OF NEW LINE OF CHALSA-NAXAL AND RAJABHATKHAWA-JAIN,Central Railways,NFR,WEST BENGAL,1999-02-01,2010-04-01,,380.6,,,,1871,,,,without_doc,235
2020-10-01,N24000814,90,4-LANE WITH PAVED SHOULDER CONFIGURATION OF BILASPUR- PATHRAPALI (KM.0+000 TO KM. 53+300) SECTION OF,(State Pwds),NHAI,CHHATISGARH,2018-03-01,,2021-03-01,1029.96,1261.05,299.09,,,,,0/0,without_original_doc,226
2020-10-01,N16000276,91,ADDITIONAL FACILITIES AT AHMEDNAGAR FOR CONVERSION TO TOP ON KOYALI-MANMAD- AHMEDNAGAR-SOLAPUR PIPELI,Limited,IOCL,MAHARASHTRA,2016-05-01,2021-01-01,2021-04-01,261,261,105.77,,,,,,delayed,345
2020-10-01,N16000361,91,ADDITIONAL STORAGE TANKS AT PARADIP,Bharat Petroleum Corporation Limited,,,2018-11-01,2021-09-01,2021-09-01,462.3,462.3,1.06,,,,,,on_schedule,328
2020-10-01,220100135,91,"NEW BG RLY LINE FROM EKLAKHI-BALURGHAT INCLUDING GAZOLE-ITAHAR(NL),NEFR",Central Railways,NFR,WEST BENGAL,1983-04-01,2019-03-01,,297.32,,,,,,,,without_doc,235
2020-10-01,N24000854,91,4-LANING OF LOHA - WARANGA SECTION OF NH-361 FROM KM. 187.800 TO KM. 244.369 (DESIGN LENGTH 56.569 K,(State Pwds),NHAI,JHARKHAND,2018-03-01,,2021-03-01,1005.08,1005.08,,,,,,0/0,without_original_doc,226
2020-10-01,N16000236,92,"DEVELOPMENT OF FACILITIES AT MOINARBAND (SILCHAR) , CACHAR , ASSAM AS RESITEMENT OF RAMNAGAR DEPOT",Limited,IOCL,ASSAM,2016-06-01,2019-08-01,2021-06-01,423,502,384.51,,502,,,,delayed,345
2020-10-01,N16000396,92,INTEGRATED PARA XYLENE (PX) AND PURIFIED TEREPHTHALIC ACID (PTA) PROJECT AT PARADIP REFINERY,Bharat Petroleum Corporation Limited,,,2020-07-01,2024-01-01,2024-01-01,13805,13805,68.67,,,,,,on_schedule,328
2020-10-01,N22000205,92,NEW BG LINE FROM BYRNIHAT TO SHILLONG,Central Railways,NFR,MEGHALAYA,2010-04-01,2021-03-01,,906.46,,,,6000,,,,without_doc,235
2020-10-01,N24000730,92,4-LANING FROM KARODI TO TELWADI (KM 320.104 TO 375.000),(State Pwds),NHAI,MAHARASHTRA,2018-01-01,,2021-04-01,621,621,549.65,,,,,2/3,without_original_doc,226
2020-10-01,N16000339,93,BS VI PROJECT AT GUWAHATI REFINERY,Limited,IOCL,ASSAM,2018-08-01,2020-02-01,2021-06-01,557,557,397.5,,,,,,delayed,345
2020-10-01,N16000377,93,LAB REVAMP AT GUJARAT REFINERY,Bharat Petroleum Corporation Limited,,,2019-10-01,2021-12-01,2021-12-01,403,403,47.64,,,,,,on_schedule,328
2020-10-01,N22000206,93,NEW BG LINE FROM BALURGHAT TO HILLY NFR,Central Railways,NFR,MULTI STATE,2010-04-01,2020-03-01,,242.22,,,,,,,,without_doc,235
2020-10-01,N24000811,93,CONSTRUCTION OF SIX LANING OF DEDICATED PORT ROAD TO KRISHNAPATNAM PORT (PACKAGE-I) KM 0+000 TO KM 1,(State Pwds),NHAI,ANDHRA PRADESH,2018-03-01,,2021-04-01,314.43,314.43,97.48,,,,,0/0,without_original_doc,226
2020-10-01,N16000342,94,"CONSTRUCTION OF GRASS ROOT PETROLEUM TOP AT ATCHUTAPURAM, ANDHRA PRADESH",Limited,IOCL,ANDHRA PRADESH,2018-08-01,2021-04-01,2021-07-01,466,466,175.41,,,,,,delayed,346
2020-10-01,N16000395,94,INFRASTRUCTURE DEVELOPMENT FOR UTILIZATION OF NATURAL GAS AT PARADIP REFINERY,Bharat Petroleum Corporation Limited,,,2020-01-01,2022-07-01,2022-07-01,202.16,202.16,,,,,,,on_schedule,328
2020-10-01,220100317,94,KICHHA-KHATIMA (NL) - NER,Central Railways,NER,UTTARAKHAND,2003-04-01,,,142.45,,,,,,,,without_doc,235
2020-10-01,N24000844,94,SIX LANNING OF NH-5 (NEW NH-16) FROM TANGI TO BHUBANESHWAR (KM 355.000 TO KM 414.000),(State Pwds),NHAI,ODISHA,2018-03-01,,2021-04-01,806.11,806.11,141.9,,,,,0/0,without_original_doc,226
2020-10-01,N16000193,95,AUGMENTATION OF PARADIP- HALDIA-DURGAPUR LPG PIPELINE AND ITS EXTENSION UPTO PATNA AND MUZAFFARPUR,Limited,IOCL,MULTI STATE,2015-01-01,2020-12-01,2021-08-01,1823,3027.9,1382.99,,3027.9,,,,delayed,346
2020-10-01,N16000269,95,ADDITIONAL FACILITIES AT VIJAYWADA FOR CONVERSION TO TOP ON PARADEEP HYDERABAD PIPELINE,Bharat Petroleum Corporation Limited,,,2015-01-01,2021-03-01,2021-03-01,342,342,,,,,,,on_schedule,329
2020-10-01,N22000130,95,ANANDNAGAR GHUGHALI VIA MAHRAJGANJ UP,Central Railways,NER,UTTAR PRADESH,2013-03-01,,,307,,,,,,,,without_doc,235
2020-10-01,N24000826,95,FOUR LANINIG OF CHETTIKULAM TO NATHAM SECTION OF NH-785 FROM CHETTIKULUM (KM 7.300) TO NATHAM (KM. 3,(State Pwds),NHAI,TAMIL NADU,2018-03-01,,2021-05-01,505.35,505.35,240.6,,,,,0/0,without_original_doc,226
2020-10-01,N16000253,96,ENNORE THIRUVALLUR BENGALURU PUDUCHERRY NAGAPATTINAM MADURAITUTICORIN GAS PIPELINE,Limited,IOCL,TAMIL NADU,2016-05-01,2018-12-01,2021-08-01,4497,6025,2845.44,,6025,2021-02-01,,,delayed,346
2020-10-01,N16000393,96,INSTALLATION OF SECOND CATALYTIC DEWAXING UNIT (CDW-II) AT HALDIA REFINERY,Bharat Petroleum Corporation Limited,,,2020-06-01,2023-01-01,2023-01-01,1019,1019,50.12,,,,,,on_schedule,329
2020-10-01,N22000136,96,KAPILVASTU-BASTI VIA BANSI SIDHARTHNAGAR BASTI NAUGARH UP,Central Railways,NER,UTTAR PRADESH,2013-03-01,,,643,,,,,,,,without_doc,235
2020-10-01,N24000852,96,"FOUR LANING OF SOLAN-KAITHLIGHAT SECTION OF NH-22 (NOW NH-5) FROM KM 106.139 TO KM 129.050, ON EPC M",(State Pwds),NHAI,HIMACHAL PRADESH,2018-03-01,,2021-05-01,478.74,478.74,123.77,,1118.19,,,0/0,without_original_doc,226
2020-10-01,N16000300,97,KHARAGPUR LPG BOTTLING PLANT,Limited,IOCL,WEST BENGAL,2017-04-01,2020-04-01,2021-08-01,163.02,163.02,74.13,,,,,,delayed,346
2020-10-01,N16000251,97,HALDIA BARAUNI PRODUCT PIPELINE,Bharat Petroleum Corporation Limited,,,2016-04-01,2020-12-01,2020-12-01,1021,1021,4.45,,,,,,on_schedule,329
2020-10-01,N22000321,97,GHAZIPUR - AUNRIHAR (40 KM),Central Railways,NER,UTTAR PRADESH,2014-04-01,,,182.92,,,,,,,,without_doc,235
2020-10-01,N24000633,97,"REHABILITAITON AND UPGRADATION TO FOUR LANING OF BINJHABAHAL TO TELEBANI SECTION, KM 414.000 TO KM 4",(State Pwds),NHAI,ODISHA,2016-10-01,,2021-06-01,1008.96,1008.96,845.53,,,,,0/0,without_original_doc,226
2020-10-01,N16000305,98,"CONSTRUCTION OF GRASS ROOT POL TOP AT ASANUR, TAMIL NADU",Limited,IOCL,TAMIL NADU,2017-12-01,2020-10-01,2021-08-01,466.43,466.43,114.42,,,,,,delayed,346
2020-10-01,N16000337,98,INSTALLATION OF 'INDJET' UNIT AT BARAUNI REFINERY,Bharat Petroleum Corporation Limited,,,2018-07-01,2021-01-01,2021-01-01,189,189,91.59,,,,,,on_schedule,329
2020-10-01,N22000460,98,PADRAUNA - KUSHINAGAR VIA GORAKHPUR - NEW LINE,Central Railways,NER,UTTAR PRADESH,2017-04-01,2018-01-01,,1343,,,,,,,,without_doc,235
2020-10-01,N24000715,98,REHABILITATION AND UPGRADATION OF CUTTACK ANGUL SECTION OF NH-42 (NEW NH-55) TO 4 LANE (KM. 0+400 TO,(State Pwds),NHAI,ODISHA,2017-12-01,,2021-06-01,686.65,686.65,188.92,,,,,0/0,without_original_doc,226
2020-10-01,N16000321,99,CATALYST MANUFACTURING UNIT OF 1500 MTPA CAPACITY AT PANIPAT REFINERY,Limited,IOCL,HARYANA,2018-04-01,2020-02-01,2021-08-01,206.63,206.63,48.07,,,2021-08-01,,,delayed,346
2020-10-01,N16000382,99,ACRYLICS OR OXO-ALCOHOL PROJECT AT GUJARAT REFINERY,Bharat Petroleum Corporation Limited,,,2019-11-01,2023-05-01,2023-05-01,5251,5251,41.58,,,,,,on_schedule,329
2020-10-01,N22000147,99,RATLAM-DUNGARPUR VIA BANSWARA (NL),Central Railways,NWR,MULTI STATE,2011-04-01,,,2082.75,,,,,,,,without_doc,235
2020-10-01,N24000716,99,REHABILITATION AND UPGRADATION OF FOUR LANING OF NH-23 (NEW NH NO. 143) FROM KM. 240.250 I.E. BRAHMA,(State Pwds),NHAI,ODISHA,2017-12-01,,2021-06-01,417.51,417.51,127.61,,,,,0/0,without_original_doc,226
2020-10-01,N16000352,100,2ND GENERATION ETHANOL PLANT AT PANIPAT REFINERY,Limited,IOCL,HARYANA,2019-01-01,2021-01-01,2021-08-01,909,909,56,,,2021-08-01,,,delayed,346
2020-10-01,N16000270,100,REVAMPING OF MARKETING TERMINAL AT VISHAKHAPATNAM,Bharat Petroleum Corporation Limited,,,2014-07-01,2021-03-01,2021-03-01,247,247,,,,,,,on_schedule,329
2020-10-01,N22000150,100,AJMER-KOTA (NASIRABAD-JAUNDRI),Central Railways,NWR,RAJASTHAN,2013-04-01,,,822,,,,,,,,without_doc,235
2020-10-01,N24000732,100,REHABILITATION AND UP-GRADATION OF EXISTING 2-LANE TO 4 LANE OF RIMULI (KM 163.0) TO KOIDA (KM 206.2,(State Pwds),NHAI,ODISHA,2018-01-01,,2021-06-01,668.86,668.86,276.59,,,,,0/0,without_original_doc,226
2020-10-01,N16000304,101,"PROVISION OF 2ND SPUR FOR TWL GANTRY, TWD FACILITY FOR MS AND HSD, ADDITIONAL TANKS FOR MS,HSD AND",Limited,IOCL,MADHYA PRADESH,2017-08-01,2020-06-01,2021-09-01,236,293,85.31,,293,,,,delayed,346
2020-10-01,N16000381,101,LPG BP PROJECT CHITTOOR,Bharat Petroleum Corporation Limited,,,2019-07-01,2022-07-01,2022-07-01,167,167,3.68,,,,,,on_schedule,329
2020-10-01,N22000330,101,AJMER(NASIRABAD)- SAWAI MADHOPUR (CHAUTH KA BARWARA) VIS TONK NL,Central Railways,NWR,RAJASTHAN,2015-05-01,,,873.71,,,,,,,,without_doc,235
2020-10-01,N24000736,101,REHABILITATION AND UPGRADATION OF CUTTACK-ANGUL SECTION TO 4 LANE (KM 60.20) TO (KM 112.0) PKG II ON,(State Pwds),NHAI,ODISHA,2018-01-01,,2021-06-01,686.65,686.65,159.06,,,,,0/0,without_original_doc,226
2020-10-01,N16000317,102,LPG BP PROJECT MOTIHARI,Limited,IOCL,BIHAR,2018-05-01,2021-03-01,2021-09-01,206.5,206.5,85.62,,,,,,delayed,346
2020-10-01,N16000375,102,R and D CAMPUS II AT FARIDABAD,Bharat Petroleum Corporation Limited,,,2019-06-01,2022-12-01,2022-12-01,2281.94,2281.94,422.73,,,,,,on_schedule,329
2020-10-01,N22000149,102,THIYAT HAMIRA-SANU,Central Railways,NWR,RAJASTHAN,2013-04-01,2018-10-01,,236.93,,,,,2020-01-01,,,without_doc,235
2020-10-01,N24000737,102,REHABILITATION SIX LANING UPGRADATION CHANDIKHOLE BHADRAK,(State Pwds),NHAI,ODISHA,2018-01-01,,2021-06-01,1522,1522,304.4,,,,,0/0,without_original_doc,226
2020-10-01,N16000344,103,"CONSTRUCTION OF GRASS ROOT POL TERMINAL AT MOTIHARI, BIHAR",Limited,IOCL,BIHAR,2018-04-01,2021-03-01,2021-09-01,522,522,239.06,,,,,,delayed,346
2020-10-01,N16000362,103,Fuel Quality Upgradation Project at Paradip Refinery,Bharat Petroleum Corporation Limited,,,2019-05-01,2021-08-01,2021-08-01,3361,3361,1030.67,,,,,,on_schedule,329
2020-10-01,N22000151,103,PUSHKAR-MERTA,Central Railways,NWR,RAJASTHAN,2013-04-01,,,323,,,,,,,,without_doc,235
2020-10-01,N24000738,103,REHABILITATION AND UPGRADATION OF SIX LANING OF BHADRAK BALESHWAR SECTION (KM 136.50) TO (KM 199.141,(State Pwds),NHAI,ODISHA,2018-01-01,,2021-06-01,999,999,79.92,,,,,0/0,without_original_doc,227
2020-10-01,N16000268,104,ADDITIONAL FACILITIES AT SOLAPUR FOR CONVERSION TO TOP ON KOYALI-MANMAD- AHMEDNAGAR-SOLAPUR PIPELINE,Limited,IOCL,MAHARASHTRA,2016-05-01,2021-01-01,2021-10-01,348,348,143.32,,,,,,delayed,346
2020-10-01,N16000345,104,PARADIP SOMNATHPUR HALDIA PIPELINE,Bharat Petroleum Corporation Limited,,,2018-10-01,2021-10-01,2021-10-01,1297.5,1297.5,320.72,,,,,,on_schedule,329
2020-10-01,N22000157,104,ALWAR-BANDIKUI DOUBLING,Central Railways,NWR,RAJASTHAN,2013-04-01,2019-02-01,,242.09,,,,281.03,,,,without_doc,235
2020-10-01,N24000739,104,REHABILITATION AND UP-GRADATION TO 4- LANING OF RAJAMUNDA-BARKOTE SECTION OF NH-23 (NEW NH NO. 143) (,(State Pwds),NHAI,ODISHA,2018-01-01,,2021-06-01,503.88,503.88,25.4,,,,,0/0,without_original_doc,227
2020-10-01,N16000326,105,CREATING INFRASTRUCTURE AT GUJARAT REFINERY AND DUMAD FOR KOYALI AHMEDNAGAR SOLAPUR PIPELINE,Limited,IOCL,GUJARAT,2017-10-01,2020-02-01,2021-10-01,906,906,186.64,,,2021-10-01,,,delayed,347
2020-10-01,N16000383,105,COMPRESSED BIO GAS PLANT AT GORAKHPUR,Bharat Petroleum Corporation Limited,,,2019-09-01,2021-07-01,2021-07-01,164.69,164.69,2.06,,,,,,on_schedule,329
2020-10-01,N22000370,105,GOOTY-DHARMAVARAM-BANGLORE,Central Railways,RITES,MULTI STATE,2015-04-01,,,636.38,,,,,,,,without_doc,235
2020-10-01,N24000849,105,CONSTRUCTION OF FLYOVER IN SAKOLI TOWN ON NH-53 (OLD NH-6),(State Pwds),NHAI,MAHARASHTRA,2018-03-01,2021-06-01,2021-06-01,289.21,289.21,90.64,,,,0(R3),0/0,without_original_doc,227
2020-10-01,N16000286,106,AUGMENTATION OF CTMPL,Limited,IOCL,TAMIL NADU,2016-12-01,2020-06-01,2021-11-01,228,228,82.29,,,,,,delayed,347
2020-10-01,N16000379,106,NUMALIGARH REFINERY EXPANSION PROJECT 6 MMTPA REFINARY,Bharat Petroleum Corporation Limited,,,2019-01-01,2024-10-01,2024-10-01,12366,22594,43,,,,,,on_schedule,329
2020-10-01,N22000498,106,CONSTRUCTION OF 3RD LINE BETWEEN PENDRA ROAD AND ANUPPUR (50.1 KM) IN BILASPUR DIVISION OF SEC RAILW,Central Railways,RITES,CHHATISGARH,2016-02-01,2020-03-01,,393.98,,,,,,,,without_doc,235
2020-10-01,N24000483,106,FOUR LANNING OF LUDHIYANA- TALWANDI SECTION,(State Pwds),NHAI,PUNJAB,2014-09-01,,2021-07-01,479,479,453.8,,,,,0/0,without_original_doc,227
2020-10-01,N16000303,107,REVAMPING OF EXISTING FACILITIES/ AUGMENTATION OF FACILITIES AT BAITALPUR DEPOT FOR,Limited,IOCL,UTTAR PRADESH,2017-08-01,2021-08-01,2021-11-01,318.8,318.8,106.23,,,,,,delayed,347
2020-10-01,N16000394,107,NUMALIGARH REFINERY EXPANSION PROJECT COIT AND PIPELINES,Bharat Petroleum Corporation Limited,,,2019-01-01,2024-10-01,2024-10-01,10228,10228,9.85,,,,,,on_schedule,329
2020-10-01,220100285,107,HARIDASPUR-PARADEEP(NL),Central Railways,RVNL,ODISHA,1996-04-01,2017-12-01,,1185.64,,,,,,,,without_doc,235
2020-10-01,N24000627,107,4-LANNING OF CHIKHLI TO TARSOD (FROM KM 360-422.700),(State Pwds),NHAI,MAHARASHTRA,2016-11-01,,2021-07-01,1071.61,1048.1,795.61,,,,,2/4,without_original_doc,227
2020-10-01,N16000323,108,INFRASTRUCTURE DEVELOPMENT TO FACILITATE BULK IMPORT OF GRID POWER AT 220 KV AT MATHURA REFINERY,Limited,IOCL,UTTAR PRADESH,2017-08-01,2020-08-01,2021-11-01,255.4,255.4,12.95,,,2021-11-01,,,delayed,347
2020-10-01,N16000358,108,MUMBAI HIGH NORTH REDEVELOPMENT PHASE-IV,Bharat Petroleum Corporation Limited,,,2019-04-01,2022-03-01,2022-03-01,3228.8,3228.8,787.65,,,,,,on_schedule,329
2020-10-01,220100327,108,KHURDA ROAD - BARANG 3RD LINE (DL) (ECOR),Central Railways,RVNL,ODISHA,2000-04-01,2009-03-01,,133.41,,,,207,2009-03-01,,,without_doc,235
2020-10-01,N24000628,108,4-LANNING OF TARSOD-FAGNE(FROM KM 422.700-510.00),(State Pwds),NHAI,MAHARASHTRA,2016-11-01,,2021-07-01,1064.88,1021,186.36,,,,,0/4,without_original_doc,227
2020-10-01,N16000283,109,LPG BP PROJECT KHORDHA,Limited,IOCL,ODISHA,2016-12-01,2019-12-01,2021-12-01,161.59,161.59,43.03,,,,,,delayed,347
2020-10-01,N16000357,109,"DEVELOPMENT OF NEW MARGINAL FIELD WO 24-3, D30 AND B192 ALONG WITH FACILITY FOR CO2 MITIGATION",Bharat Petroleum Corporation Limited,,,2019-02-01,2021-05-01,2021-05-01,2292.46,2203.71,1198.32,,,,,,on_schedule,329
2020-10-01,N22000094,109,ELECTRIFICATION OF KHURJA-MEERUT-SAHARANPUR AND G'BAD-MEERUT,Central Railways,RE,UTTAR PRADESH South Central Railway,2008-02-01,2012-03-01,,171.1,,,,,,,,without_doc,235
2020-10-01,N24000719,109,SIX LANING OF NARASANNAPETA – RANASTALAM SECTION OF NH-16 (OLD NH- 5) FROM DESIGN KM 580.671 (EXISTIN,(State Pwds),NHAI,ANDHRA PRADESH,2017-12-01,,2021-07-01,1323.15,1323.15,785.33,,,,,0/0,without_original_doc,227
2020-10-01,N16000363,110,"INFRASTRUCTURE DEVELOPMENT TO FACILITATE IMPORT OF GRID POWER AT 220 KV, PANIPAT",Limited,IOCL,HARYANA,2018-12-01,2021-06-01,2022-01-01,278.6,278.6,6.87,,,2022-01-01,,,delayed,347
2020-10-01,N16000359,110,MUMBAI HIGH SOUTH REDEVELOPMENT PHASE-IV,Bharat Petroleum Corporation Limited,,,2019-05-01,2021-05-01,2021-05-01,3660.71,3526.85,1351.15,,,,,,on_schedule,329
2020-10-01,220100192,110,"NANDYAL-YERRAGUNTLA(NL),SCR",Central Railways,SCR,ANDHRA PRADESH,1996-03-01,2009-02-01,,164.36,,,,,,,,without_doc,236
2020-10-01,N24000785,110,FOUR LANING OF TRICHY TO KALLAGAM SECTION ON NH-227 IN THE STATE OF TAMIL NADU,(State Pwds),NHAI,TAMIL NADU,2018-02-01,,2021-07-01,1166.26,1166.26,225.85,,,,,0/0,without_original_doc,227
2020-10-01,N16000249,111,KOYALI AHMEDNAGAR SOLAPUR PIPELINE,Limited,IOCL,MAHARASHTRA,2016-05-01,2021-08-01,2022-02-01,1945,1945,1308.04,,,,,,delayed,347
2020-10-01,N16000370,111,PIPELINE REPLACEMENT PROJECT (PRP-VI),Bharat Petroleum Corporation Limited,,,2019-05-01,2020-12-01,2020-12-01,763.92,733.86,567.49,,,,,,on_schedule,329
2020-10-01,N22000259,111,MANUGURU-RAMAGUNDAM,Central Railways,SCR,TELANGANA,2013-04-01,,,1112,,,,,,,,without_doc,236
2020-10-01,N24000790,111,REHABILITATION AND UP GRADATION TO FOUR LANING OF NH-31D FROM KM 113.200 TO KM 154.854 (PACKAGE IIA),(State Pwds),NHAI,WEST BENGAL,2018-03-01,,2021-07-01,1261.98,1952.2,934.06,,1952.2,,,0/0,without_original_doc,227
2020-10-01,N16000324,112,DEVLEOPMENT OF GRID INFRASTRUCTURE FOR IMPORTING GRID POWER AT 220 KV AT BARAUNI REFINERY,Limited,IOCL,BIHAR,2017-12-01,2020-10-01,2022-02-01,199.36,199.36,20.37,,,2022-02-01,,,delayed,347
2020-10-01,N16000360,112,HEERA REDEVELOPMENT - PHASE III,Bharat Petroleum Corporation Limited,,,2019-06-01,2022-03-01,2022-03-01,2494.68,2354.72,913.07,,,,,,on_schedule,329
2020-10-01,N22000265,112,GUDUR-DURGARAJAPATNAM,Central Railways,SCR,ANDHRA PRADESH,2011-04-01,,,761.37,,,,,,,,without_doc,236
2020-10-01,N24000829,112,FOUR LANING OF KALAGAM TO KARUPPUR FROM KM.38+700 TO KM. 50+382 AND TWO LANING WITH PAVED SHOULDERS,(State Pwds),NHAI,TAMIL NADU,2018-03-01,,2021-07-01,1016.92,1071,174.48,,,,,0/0,without_original_doc,227
2020-10-01,N16000353,113,ETHANOL PRODUCTION FROM PSA OFF GAS BASED ON LANZATECH TECHNOLOGY AT PANIPAT REFINERY,Limited,IOCL,HARYANA,2018-10-01,2020-02-01,2022-02-01,598,598,84.97,,,2021-01-01,,,delayed,347
2020-10-01,N16000279,113,REDEVELOPMENT OF SANTHAL FIELD,Bharat Petroleum Corporation Limited,,,2017-02-01,2026-03-01,2026-03-01,1162.56,970.3,586.16,,,,,,on_schedule,329
2020-10-01,N22000282,113,CUMBUM-PRODDATUR,Central Railways,SCR,ANDHRA PRADESH,2013-04-01,,,829,,,,,,,,without_doc,236
2020-10-01,N24000833,113,CONSTRUCTION OF EIGHT LANE VADODARA KIM EXPRESSWAY FROM KM 279.00 TO 292.00 (ANKLESHWAR TO MANUBAR S,(State Pwds),NHAI,GUJARAT,2018-03-01,,2021-07-01,1437.64,1437.64,584.17,,,,,0/0,without_original_doc,227
2020-10-01,N16000171,114,LPG TERMINAL AT KOCHI,Limited,IOCL,KERALA,2015-10-01,2017-10-01,2022-03-01,607.06,714.25,362.15,,714.25,2021-10-01,,,delayed,347
2020-10-01,N16000297,114,DEVELOPMENT OF R-SERIES FIELDS INCLUDING REVIVAL OF R 12 (RATNA),Bharat Petroleum Corporation Limited,,,2017-02-01,2021-05-01,2021-05-01,4006.83,3596,3299.62,,,2021-05-01,,,on_schedule,329
2020-10-01,N22000366,114,DUVVADA-VIJAYAWADA,Central Railways,SCR,ANDHRA PRADESH,2015-04-01,,,3873.07,,,,,,,,without_doc,236
2020-10-01,N24000839,114,SIX LANING AND STRENGTHENING OF NEW NH-248A FROM EXISTING KM 11+682 TO EXISTING KM 24+400 IN THE STA,(State Pwds),NHAI,HARYANA,2018-03-01,,2021-07-01,634.7,931.21,151.44,,,,,0/0,without_original_doc,227
2020-10-01,N16000340,115,NAPHTHA CRACKER EXPANSION PROJECT AT PANIPAT,Limited,IOCL,HARYANA,2018-08-01,2020-08-01,2022-04-01,1636,1636,273.99,,,,,,delayed,347
2020-10-01,N18000274,115,85 MW BILHAUR SOLAR PV PROJECT BILHAUR UP,National Thermal Power Corporation,,,2019-03-01,2020-11-01,2020-11-01,349,349,125,,,,,,on_schedule,330
2020-10-01,220100324,115,CHHINDWARA - NAGPUR (GC)(SECR),Central Railways,SECR,MADHYA PRADESH,2005-04-01,,,383.79,,,,,,,,without_doc,236
2020-10-01,N24000841,115,SIX LANING AND STREGTHENING OF NH- 248A FROM EXISTING KM 2.740 (RAJIV CHOWK) TO KM 11.682 (PACKAGE-I),(State Pwds),NHAI,HARYANA,2018-03-01,,2021-07-01,795.5,799.3,128.56,,,,,0/0,without_original_doc,227
2020-10-01,N16000333,116,AUGMENTATION OF MATHURA- TUNDLA PIPELINE AND ITS EXTENSION FOR HOOK UP WITH BARAUNI-KANPUR PIPELINE A,Limited,IOCL,UTTAR PRADESH,2018-03-01,2021-12-01,2022-08-01,676,676,318.36,,,,,,delayed,348
2020-10-01,N18000194,116,BUXAR THERMAL POWER PLANT (1320 MW),National Thermal Power Corporation,,,2019-03-01,2024-01-01,2024-01-01,10439.09,10439.09,1055.91,,,,,,on_schedule,330
2020-10-01,N22000483,116,CHAMPA-JHARSUGUDA 3RD LINE,Central Railways,SECR,CHHATISGARH,2008-04-01,2019-12-01,,872,,,,,,,,without_doc,236
2020-10-01,N24000851,116,CONSTRUCTION OF 8 LANING OF EXISTING 4 LANE VADAPE TO THANE FROM KM 539.202 TO KM 563.000 SECTION OF,(State Pwds),NHAI,MAHARASHTRA,2018-03-01,,2021-07-01,1162.92,1162.92,70.28,,,,,0/0,without_original_doc,227
2020-10-01,N16000343,117,REVAMPING OF FACILITIES AT VIZAG TERMINAL,Limited,IOCL,ANDHRA PRADESH,2018-04-01,2022-04-01,2023-02-01,355,355,52.04,,,,,,delayed,348
2020-10-01,N18000265,117,NAITWAR MORI HEP,National Thermal Power Corporation,,,2017-10-01,2021-12-01,2021-12-01,648.33,648.33,441.07,,,,,,on_schedule,330
2020-10-01,N22000323,117,RAJKHARSWAN- CHAKRADHARPUR 3RD LINE (20 KM) JHARKHAND,Central Railways,SER,JHARKHAND,2012-04-01,2016-12-01,2020-08-01,148.77,,,,,,,,without_doc,236
2020-10-01,N24000709,117,BALANCE WORK FOR FOUR LANING OF ITARSI TO BETUL SECTION OF NH69 FROM KM 63.000 TO KM 137.00 (DESIGN,(State Pwds),NHAI,MADHYA PRADESH,2017-12-01,,2021-08-01,950.27,950.27,181.2,,,,,3/4,without_original_doc,228
2020-10-01,N16000351,118,GRASS ROOT TERMINAL AT MALKAPUR,Limited,IOCL,TELANGANA,2018-12-01,2022-04-01,2023-08-01,611,611,28.42,,,,,,delayed,348
2020-10-01,N22000353,118,INDORE - MANMAD VIA MALEGAON (368 KM),Central Railways,,,2016-02-01,2024-03-01,2024-03-01,9968,9968,,,,,,,on_schedule,330
2020-10-01,220100208,118,HOWRAH-AMTA-CHAMPADANGA NL (SER),Central Railways,SER,WEST BENGAL,1974-04-01,2007-03-01,,393.46,,,,154.3,2007-03-01,,,without_doc,236
2020-10-01,N24000729,118,4-LANING FROM AURANGABAD TO KARODI (KM 290.200 TO 320.104),(State Pwds),NHAI,MAHARASHTRA,2018-01-01,,2021-08-01,607,607,341.09,,,,,0/1,without_original_doc,228
2020-10-01,N16000257,119,BSVI UPGRADATION,Limited,MANGALORE REFIN,KARNATAKA,2016-09-01,2019-12-01,2021-03-01,1810,1810,1437.49,,1810,2020-08-01,,,delayed,348
2020-10-01,N22000354,119,PUNE-NASIK (265 KM),Central Railways,,,2016-02-01,2024-03-01,2024-03-01,2425,5341.68,,,,,,,on_schedule,330
2020-10-01,N22000162,119,CHAMPAJHARAN-BIMALGARH DOUBLING EXTENSION,Central Railways,SER,ODISHA,2010-04-01,2015-03-01,,149.9,,,,,,,,without_doc,236
2020-10-01,N24000734,119,REHABILITATION AND UP-GRADATION OF EXISTING 2-LANE TO FOUR LANE FROM TALCHAR TO END OF KAMAKHYANAG,(State Pwds),NHAI,ODISHA,2018-01-01,,2021-08-01,614.48,614.48,177,,,,,0/0,without_original_doc,228
2020-10-01,N16000319,120,SEA WATER DESALINATION PLANT,Limited,MANGALORE REFIN,KARNATAKA,2017-11-01,2020-03-01,2021-03-01,581,621,301.29,,,2020-11-01,,,delayed,348
2020-10-01,N22000231,120,WARDHA-NANDED MAHARASHTRA,Central Railways,,,2008-04-01,2023-03-01,2023-03-01,3168.29,3168.29,1323.21,,,,,,on_schedule,330
2020-10-01,N22000328,120,YELAHANKA-PENUKONDA,Central Railways,SWR,MULTI STATE,2015-05-01,2020-03-01,,860.43,,,,,,,,without_doc,236
2020-10-01,N24000735,120,REHABILITATION AND UP GRADATION OF EXISTING 2-LANE TO 4-LANE STANDARDS TO END OF KAMAKHYANAGAR BYPAS,(State Pwds),NHAI,ODISHA,2018-01-01,,2021-08-01,564.66,564.66,190,,,,,0/1,without_original_doc,228
2020-10-01,N16000128,121,CONVERSION OF RIG SAGAR SAMRAT TO MOBILE OFFSHORE PRODUCTION UNIT(MOPS),Limited,ONGC,MAHARASHTR A,2011-03-01,2013-05-01,2020-12-01,861.79,1846.46,1493.04,,1846.46,2020-12-01,,,delayed,348
2020-10-01,N22000360,121,DAUND - MANMAD (236 KM),Central Railways,,,2016-02-01,2023-03-01,2023-03-01,1876,2081.27,427.73,,,,,,on_schedule,330
2020-10-01,N22000486,121,KADUR CHIKMAGALUR SAKLESHPUR NEW LINE (93 KM),Central Railways,SWR,KARNATAKA,1996-03-01,2017-03-01,,644.78,,,,,,,,without_doc,236
2020-10-01,N24000847,121,CONSTRUCTION OF FLYOVER AT LAKHANI TOWN ON NH-53 (OLD NH-6),(State Pwds),NHAI,MAHARASHTRA,2018-03-01,2021-08-01,2021-08-01,291.53,291.53,105.36,,,,0(R3),0/0,without_original_doc,228
2020-10-01,N16000213,122,LIFE EXTENSION OF WALL PLATFORMS OF MUMBAI HIGH AND HEERA FIELDS,Limited,ONGC,MAHARASHTR A,2015-12-01,2018-04-01,2021-05-01,3190.69,3375.9,2556.72,,3375.9,2021-05-01,,,delayed,348
2020-10-01,N22000496,122,JHANSI BINA DOUBLING,Central Railways,,,2016-09-01,2021-03-01,2021-03-01,2001,2001,809.66,,,,,,on_schedule,330
2020-10-01,220100252,122,ANGAMALI-SABARIMALA (N.L.)(SR),Central Railways,SR,KERALA,1998-10-01,,,1566,,,,,,,,without_doc,236
2020-10-01,N24000636,122,6-LANNING OF KISHANGARH TO GULABPURA SECTION OF NH-79A AND NH- 79 IN THE STATE OF RAJASATHAN(PACKAGE-,(State Pwds),NHAI,RAJASTHAN,2016-12-01,,2021-09-01,1031.95,1031.95,374.05,,,,,0/0,without_original_doc,228
2020-10-01,N16000241,123,Field Development Plan of Madanam NELP-IV Block CY-ONN- 2002,Limited,ONGC,TAMIL NADU,2015-11-01,2019-03-01,2021-05-01,650.82,624.35,443.81,,,2021-05-01,,,delayed,348
2020-10-01,N22000495,123,JHANSI MANIKPUR AND KHAIRAR BHIMSEN DOUBLING,Central Railways,,,2018-03-01,2023-03-01,2023-03-01,4329.53,4329.53,33.37,,,2026-03-01,,,on_schedule,330
2020-10-01,N22000084,123,TINDIVANAM-GINGEE-TIRUVANNAMALAI (NL),Central Railways,SR,TAMIL NADU,2006-09-01,,,227.4,,,,,,,,without_doc,236
2020-10-01,N24000809,123,SIX LANING OF NH-140 FROM CHITTOR (DESIGN KM 0.000/EXISTING KM 158.000 OF NH-4) TO MALLAVARAM (DESIG,(State Pwds),NHAI,ANDHRA PRADESH,2018-03-01,,2021-09-01,1550.98,1550.98,1168.55,,,,,0/0,without_original_doc,228
2020-10-01,N16000278,124,"PIPELINE NETWORK PROJECT GELEKI, ASSAM",Limited,ONGC,ASSAM,2016-07-01,2020-05-01,2021-05-01,249.85,303.75,168.88,,303.75,2021-05-01,,,delayed,348
2020-10-01,N22000131,124,CHHITAUNI TAMKUHI ROAD KUSHINAGAR GOPALGANJ UP,Central Railways,,,2007-03-01,2021-12-01,2021-12-01,243.78,895,106.55,,,,,,on_schedule,330
2020-10-01,N22000184,124,ATTIPPATTU PUTTUR,Central Railways,SR,TAMIL NADU,2008-04-01,2019-02-01,,151.84,,,,,,,,without_doc,236
2020-10-01,N24000827,124,FOUR LANING OF MADURAI- CHETTIKULAM SECTION OF NH-785 FROM MADURAI (KM 0/000) TO CHETTICULAM (7/300),(State Pwds),NHAI,TAMIL NADU,2018-03-01,,2021-09-01,628.71,628.71,254.29,,,,,0/0,without_original_doc,228
2020-10-01,N16000247,125,KG-DWN-98-2 CLUSTER II DEVELOPMENT PROJECT,Limited,ONGC,ANDHRA PRADESH,2016-03-01,2020-06-01,2021-08-01,34012,25090,8897.03,,,2021-08-01,,,delayed,348
2020-10-01,N22000347,125,ROSA-SITAPUR CANTT-BURHWAL DOUBLING,Central Railways,,,2015-03-01,2022-03-01,2022-03-01,1295.42,1295.42,778.29,,,,,,on_schedule,330
2020-10-01,N22000186,125,SRIPERUMBUDUR-GUDUVANCHERY WITH SPUR TO IRUNGATTUKKOTTAI-AVADI-SRIPERUMBUDUR,Central Railways,SR,TAMIL NADU,2013-04-01,,,839,,,,,,,,without_doc,236
2020-10-01,N24000482,125,FOUR LANING OF KOILWAR TO BHOJPUR,(State Pwds),NHAI,BIHAR,2015-08-01,2021-10-01,2021-10-01,814.04,825.17,547.23,,,,0(R3),2/3,without_original_doc,228
2020-10-01,N16000356,126,"CONSTRUCTION OF 762 MM DIAMETER GAS PIPELINE FROM BAGHJAN TO CGGS, MADHUBAN",Limited,OIL,ASSAM,2016-06-01,2020-08-01,2020-12-01,224.75,222.21,148.44,,222.21,2020-08-01,,,delayed,348
2020-10-01,220100319,126,HATHUA-BHATNI (N L) (NER),Central Railways,,,2005-04-01,2022-12-01,2022-12-01,230.03,230.03,277.14,,,,,,on_schedule,330
2020-10-01,N22000191,126,KUMBALAM-TURAVUR,Central Railways,SR,KERALA,2011-04-01,,,252.96,,,,252.96,,,,without_doc,236
2020-10-01,N24000799,126,SIX LANING OF ANANDAPURAM PENDURTHI ANAKAPALLI SECTION OF NH-5 NEW NH-16 FROM KM.681.000 EXISTING KM,(State Pwds),NHAI,ANDHRA PRADESH,2018-02-01,,2021-10-01,1959,1959,1102.94,,,,,0/0,without_original_doc,228
2020-10-01,N16000167,127,SECONDARY TANK FARM WITH DEHYDRATION FACILITY AND EFFLUENT TREATMENT PLANT AT MADHUBAN,Limited,OIL,MULTI STATE,2011-07-01,2017-03-01,2021-03-01,352.56,490.24,438,,490.24,2021-03-01,,,delayed,349
2020-10-01,N22000463,127,MUMBAI AHMEDABAD HIGH SPEED RAIL PROJECT,Central Railways,,,2015-12-01,2023-12-01,2023-12-01,108000,108000,8552.28,,,,,,on_schedule,330
2020-10-01,N22000199,127,ERODE-PALANI,Central Railways,SR,TAMIL NADU,2008-04-01,,,288.57,,,,,,,,without_doc,236
2020-10-01,N24000787,127,"SIX-LANING OF BANGALORE – NIDAGATTA SECTION, KM 18.000 TO KM 74.200 OF NH- 275 IN THE STATE OF KARNAT",(State Pwds),NHAI,KARNATAKA,2018-02-01,,2021-11-01,1995.34,2400,3080.15,,,,,0/0,without_original_doc,228
2020-10-01,N16000259,128,AUGMENTATION OF PUMPING CAPACITY OF BARAUNI- BONGAIGAON SECTOR PHASE II,Limited,OIL,MULTI STATE,2016-09-01,2019-12-01,2021-04-01,571.66,571.66,434.25,,,2020-12-01,,,delayed,349
2020-10-01,N22000394,128,DOUBLING OF TRACK BETWEEN GOOTY AND DHARMAVARAM OF SOUTH CENTRAL RAILWAY,Central Railways,,,2015-03-01,2021-03-01,2021-03-01,636.38,636.38,495.5,,,,,,on_schedule,330
2020-10-01,N22000204,128,ERNAKULAM-KUMBALAM,Central Railways,SR,KERALA,2010-04-01,,,189.24,,,,189.24,,,,without_doc,236
2020-10-01,N24000796,128,CONSTRUCTION OF NH-24 EXTENSION 4- LANE BYPASS STARTING FROM BEHTA ROAD AND TERMINATING AT SITAPUR RO,(State Pwds),NHAI,UTTAR PRADESH,2018-03-01,,2021-12-01,1117.84,1117.84,,,,,,0/0,without_original_doc,228
2020-10-01,N16000331,129,DEVELOPMENT OF SURFACE FACILITIES FOR PRODUCTION AND EVACUATION OF CRUDE OIL AND NATURAL GAS FROM NA,Limited,OIL,ASSAM,2018-01-01,2020-02-01,2021-04-01,543.91,652.1,125.21,,682.9,2020-10-01,,,delayed,349
2020-10-01,N22000403,129,SECUNDERABAD-MAHABUBNAGAR DOUBLING,Central Railways,,,2015-04-01,2024-12-01,2024-12-01,773.94,850,705.5,,,,,,on_schedule,330
2020-10-01,N22000399,129,TRIVANDRUM-KANYAKUMARI DOUBLING,Central Railways,SR,KERALA,2015-02-01,,,1431.9,,,,,,,,without_doc,236
2020-10-01,N24000731,129,REHABILITATION AND UP-GRADATION OF EXISTING 2-LANE TO 4 LANE OF KOIDA (KM206.20) TO RAJAMUNDA (KM 25,(State Pwds),NHAI,ODISHA,2018-01-01,,2022-03-01,953.09,953.09,332.04,,,,,0/0,without_original_doc,228
2020-10-01,N16000258,130,PIPELINE REHABILITATION PROJECT OF 575 KM (PHASE I),Limited,OIL,MULTI STATE,2016-05-01,2020-10-01,2021-12-01,406,406,175.76,,,2021-12-01,,,delayed,349
2020-10-01,N22000369,130,VIJAYAWADA-GUDUR,Central Railways,,,2015-04-01,2023-12-01,2023-12-01,3246.26,3548.68,1960.99,,,,,,on_schedule,330
2020-10-01,N22000400,130,TURAVUR-AMBALAPUZHA DOUBLING,Central Railways,SR,KERALA,2015-02-01,,,1000,,,,828,,,,without_doc,236
2020-10-01,N28000105,130,REDEVELOPMENT OF GPRA COLONY AT NAUROJI NAGAR,Ltd,NBCC,DELHI,2016-07-01,,2022-03-01,2694,2694,503.53,,,,,0/9,without_original_doc,229
2020-10-01,180100210,131,PARBATI HEP (4X200 MW) (NHPC) II,Corporation,NHPC,HIMACHAL PRADESH,2002-09-01,2009-09-01,2022-03-01,3919.59,9897.59,8630.55,,9897.59,2022-03-01,,,delayed,349
2020-10-01,N22000141,131,DHASA-JETALSAR (GC),Central Railways,,,2012-04-01,2021-03-01,2021-03-01,644.38,872.65,723.33,,,,,,on_schedule,330
2020-10-01,N22000443,131,PALAKKAD - SETTING UP OF RAIL COACH FACTORY,Central Railways,SR,KERALA,2012-02-01,2016-03-01,,550,,,,,,,,without_doc,236
2020-10-01,180100221,132,SUBANSIRI LOWER H.E.P (8X250 MW) (NHPC),Corporation,NHPC,ARUNACHAL PRADESH,2003-09-01,2010-09-01,2023-08-01,6285.33,19992.43,12719.65,,19992.43,2023-08-01,,,delayed,349
2020-10-01,N22000140,132,AHMEDABAD-BOTAD (GC),Central Railways,,,2012-04-01,2021-12-01,2021-12-01,975.62,1500,1309.84,,,,,,on_schedule,330
2020-10-01,N22000444,132,ATTIPATTU - KORUKKUPETTAI : 3RD LINE (18 KM) DOUBLING,Central Railways,SR,TAMIL NADU,1999-02-01,2018-03-01,,257,,,,257,,,,without_doc,237
2020-10-01,N18000151,133,GADARWARA SUPER THERMAL POWER PROJECT STAGE-I,Corporation,NTPC,MADHYA PRADESH,2013-03-01,2018-01-01,2020-12-01,11638.55,12865.92,13373.45,,,2020-10-01,,,delayed,349
2020-10-01,N22000420,133,RAJNANDGAON - NAGPUR - 3RD LINE (SECR),Central Railways,,,2016-09-01,2023-03-01,2023-03-01,1908.51,2686.63,540.55,,,,,,on_schedule,331
2020-10-01,N22000125,133,BHAVNAGAR-WORKSHOP FACILITIES FOR 50 BG COACHES POH PER MONTH (WR),Central Railways,WR,GUJARAT,2006-04-01,2011-03-01,,117.36,,,,196.95,,,,without_doc,237
2020-10-01,N18000193,134,MUNPL-MEJA TPP - JV (2X660 MW),Corporation,NTPC,UTTAR PRADESH,2012-04-01,2017-02-01,2020-12-01,9750.89,12176.28,10905,,,2020-06-01,,,delayed,349
2020-10-01,N24001132,134,BHOGAN KHURD TO KASHEDI,Ministry Of Road Transport And Highways (State Pwds),,,2017-09-01,2021-06-01,2021-06-01,743.21,743.21,137.87,,743,,,,on_schedule,331
2020-10-01,N22000433,134,GANDHINAGAR REDEVELOPMENT OF STATION ALOGWITH CONSTRUCTION OF 300 ROOMS HOTEL ON AIR SPACE OF STATIO,Central Railways,WR,GUJARAT,2017-03-01,,,243.6,,,,,,,,without_doc,237
2020-10-01,N18000190,135,BRBCL-NABINAGAR TPP- JV (4X250 MW),Corporation,NTPC,BIHAR,2007-01-01,2012-07-01,2021-01-01,5353,9583,8490.93,,7998,2020-06-01,,,delayed,349
2020-10-01,N24001198,135,CONSTRUCTION TO TWO LANE WITH PAVED SHOULDERS WITH FLEXIBLE PAVEMENT ON KHALGHAT TO SARWARDEWLA ROAD,Ministry Of Road Transport And Highways (State Pwds),,,2019-01-01,2021-03-01,2021-03-01,264.5,264.5,36.45,,,,,,on_schedule,331
2020-10-01,N22000434,135,MUMBAI CENTRAL VIRAR VADODARA AHMEDABAAD TRAIN PROTECTION SYSTEM 500 RKM,Central Railways,WR,MAHARASHTRA,2010-03-01,,,265.88,,,,,,,,without_doc,237
2020-10-01,N18000175,136,TANDA TPP STAGE-II (2X660 MW),Corporation,NTPC,UTTAR PRADESH,2014-09-01,2019-07-01,2021-03-01,9188.98,10016.1,7646.57,,,2021-03-01,,,delayed,349
2020-10-01,N24001175,136,STRENGTHENING AND WIDENING TO TWO LANE WITH PAVED SHOULDER OF NH-61 FROM KM 40.00 TO KM 72.40 UNDER,Ministry Of Road Transport And Highways (State Pwds),,,2016-10-01,2020-12-01,2020-12-01,167.62,167.62,74.96,,,,,,on_schedule,331
2020-10-01,N22000435,136,VIRAR SURAT ROAD OVER BRIDGE IN LIEU OF LEVEL CROSSING NOS 42 46A 48 52 55 102 106 108 130 AND 137 A,Central Railways,WR,MAHARASHTRA,2012-03-01,,,217.38,,,,,,,,without_doc,237
2020-10-01,N18000176,137,DARLIPALLI STPP STAGE-I (2X800 MW),Corporation,NTPC,ODISHA,2014-02-01,2018-12-01,2021-03-01,12532.44,13740.53,11273.81,,,2021-02-01,,,delayed,349
2020-10-01,N24001197,137,UP GRADATION OF NEWLY DECLARED NH 341 TO TWO LANE WITH PAVED SHOULDER CONFIGURATION BETWEEN KM. 65.4,Ministry Of Road Transport And Highways (State Pwds),,,2018-03-01,2021-06-01,2021-06-01,351,351,73.44,,,,,,on_schedule,331
2020-10-01,N22000436,137,VIRAR SURAT ROAD OVER BRIDGE IN LIEU OF LEVEL CROSSING NOS 60 64 66 68 69 71 74 75 77 81 AND 82 ALON,Central Railways,WR,GUJARAT,2012-03-01,,,248.26,,,,,,,,without_doc,237
2020-10-01,N18000192,138,NPGCPL-NABINAGAR STPP - JV (3X660 MW),Corporation,NTPC,BIHAR,2013-01-01,2018-05-01,2021-06-01,12964.6,17304,15028.84,,17304,2021-06-01,,,delayed,350
2020-10-01,N24001174,138,STRENGTHENING OF EXISTING TWO LANE I/C PAVED SHOULDER FROM MAO - SENAPATI FROM KM 212.325 TO KM 260.,Ministry Of Road Transport And Highways (State Pwds),,,2016-10-01,2020-11-01,2020-11-01,235.31,235.31,158.59,,,,,,on_schedule,331
2020-10-01,N22000437,138,PALANPUR KHODIYAR ROAD OVER BRIDGE IN LIEU OF LEVEL CROSSING NOS 208 211C 214 AND 220,Central Railways,WR,GUJARAT,2012-03-01,,,153.83,,,,,,,,without_doc,237
2020-10-01,N18000014,139,TAPOVAN-VISHNUGAD HEP (4X130MW),Corporation,NTPC,UTTARAKHAN D,2006-11-01,2013-03-01,2021-12-01,2978.48,5867.38,4610.76,,,2021-12-01,,,delayed,350
2020-10-01,N24000883,139,"DEVELOPMENT OF 4-LANING SECTION OF NH-31 FROM KM 551.36 (GHOSHPUKUR) TO KM 563.26 (BIHAR MORE, BAGDO",Ministry Of Road Transport And Highways (State Pwds),,,2018-03-01,2020-10-01,2020-10-01,254.3,254.3,66.36,,,,,,on_schedule,331
2020-10-01,N24000871,139,"PROPOSED DEVELOPMENT FOR ROAD CORRIDOR COMPONENT OF AH-02 INVOLVING NH-327B, NH-31C, NH-31 NH-10 O",Ministry Of Road Transport And Highways (State Pwds),MoRTH,WEST BENGAL,2014-08-01,2017-11-01,2019-05-01,600.87,,,,720.97,2019-05-01,,,without_doc,237
2020-10-01,N18000212,140,TELANGANA SUPER THERMAL POWER PROJECT PHASE I,Corporation,NTPC,TELANGANA,2016-01-01,2020-11-01,2022-03-01,10598.98,10598.98,7540.72,,,2022-03-01,,,delayed,350
2020-10-01,N24001216,140,WIDENING TO 2 LANE WITH PAVED SHOULDERS AND GEOMETRIC IMPROVEMENT OF NH-114A FROM KM 141 TO KM 184 I,Ministry Of Road Transport And Highways (State Pwds),,,2016-12-01,2021-09-01,2021-09-01,196,196,,,,,,,on_schedule,331
2020-10-01,N24000873,140,"PROPOSED DEVELOPMENT FOR ROAD CORRIDOR COMPONENT OF AH-48 INVOLVING NH-717, NH-31, NH-31C, NH-317A O",Ministry Of Road Transport And Highways (State Pwds),MoRTH,WEST BENGAL,2014-08-01,2017-11-01,2019-06-01,823.2,,,,937.76,2019-06-01,,,without_doc,237
2020-10-01,180100242,141,BARH STPP(3X660MW) NTPC,Corporation,NTPC,BIHAR,2005-02-01,2011-10-01,2022-04-01,8692.97,21312.11,17979.75,,21312.11,2022-04-01,,,delayed,350
2020-10-01,N24001180,141,WIDENING OF EXISTING SINGLE/INTERMEDIATE LANE ROAD TO 2 LANE ROAD FROM KM. 83.00 TO KM 101.00 ON NH-,Ministry Of Road Transport And Highways (State Pwds),,,2019-03-01,2022-12-01,2022-12-01,237.51,237.51,5,,,,,,on_schedule,331
2020-10-01,N24000889,141,REHABILITATION AND UPGRADATION OF PUNDIBARI TO BAXIRHAT (WB/ASSAM BORDER) SECTION OF NH-31 FROM KM 7,Ministry Of Road Transport And Highways (State Pwds),MoRTH,WEST BENGAL,2014-04-01,2017-08-01,2019-07-01,279.7,,,,398.52,2019-07-01,,,without_doc,237
2020-10-01,N18000177,142,NORTH KARANPURA STPP (3X660 MW),Corporation,NTPC,JHARKHAND,2014-02-01,2019-06-01,2022-10-01,14366.58,15164.05,10888.27,,,2022-10-01,,,delayed,350
2020-10-01,N24001230,142,IMPROVEMENT AND UP-GRADATION OF EXISTING CARRIAGEWAY TO TWO LANE WITH PAVED SHOULDER FROM KM 0.00 KM,Ministry Of Road Transport And Highways (State Pwds),,,2018-11-01,2020-12-01,2020-12-01,281.45,281.45,2.36,,,,,,on_schedule,331
2020-10-01,N24000932,142,REHABILITATION AND UPGRADATION OF NH-340 FROM KM 0/0 TO KM 60/380 (DESIGN CH. 0/000 TO 60/025 EXCLUD,Ministry Of Road Transport And Highways (State Pwds),MoRTH,ANDHRA PRADESH,2017-01-01,2017-08-01,2019-08-01,319.28,,,,,2020-12-01,,,without_doc,237
2020-10-01,N18000275,143,PATRATU STPP-I (3X800MW),Corporation,NTPC,JHARKHAND,2017-11-01,2023-03-01,2024-09-01,18668,18668,3384.17,,,,,,delayed,350
2020-10-01,N24001176,143,STRENGTHENING AND WIDENING TO TWO LANE WITH PAVED SHOULDER OF NH-61 FROM KM 40.00 TO KM 72.40 UNDER,Ministry Of Road Transport And Highways (State Pwds),,,2016-10-01,2020-12-01,2020-12-01,172.63,172.63,104.06,,,,,,on_schedule,331
2020-10-01,N24000874,143,CONSTRUCTION OF NEW ROAD AT THE MISSING LINK PORTION OF NH-81 ALONG THE APPROVED ALIGNMENT BETWEEN H,Ministry Of Road Transport And Highways (State Pwds),MoRTH,WEST BENGAL,2016-03-01,2018-11-01,2019-11-01,271.17,,,,291.2,2019-11-01,,,without_doc,237
2020-10-01,N18000178,144,RAMMAM-III HEPP (3X40 MW),Corporation,NTPC,WEST BENGAL,2014-09-01,2019-09-01,2024-12-01,1381.84,1592.34,597.54,,,2022-11-01,,,delayed,350
2020-10-01,N24001152,144,"STRENGTHENING WITH PAVED SHOULDER FROM KM 30/0 TO KM 46/0, KM 54/0 TO KM 61/0, KM 69/0 TO KM 80/0 AN",Ministry Of Road Transport And Highways (State Pwds),,,2018-09-01,2021-09-01,2021-09-01,160,160,45.81,,,,,,on_schedule,331
2020-10-01,N24000389,144,4-LANING OF LAMBRA-SHAHKOT SECTION OF NH-71 FROM KM 12.00 TO 44.600,Ministry Of Road Transport And Highways (State Pwds),MoRTH,PUNJAB,2015-11-01,,2019-12-01,847.02,,,,,,,,without_doc,237
2020-10-01,180100239,145,KAMENG HYDROELECTRIC PROJECT (NEEPCO),Corporation,NEEPCO,ARUNACHA L PRADESH,2004-12-01,2009-12-01,2020-12-01,2496.9,7927.34,8125.29,,7927.34,2020-12-01,,,delayed,350
2020-10-01,N24001179,145,CONSTRUCTION OF 2 LANE WITH PAVED SHOULDER FROM KM. 168 TO 183.783 (YESEMYONG TO UNGER) ON MOKOKCHUN,Ministry Of Road Transport And Highways (State Pwds),,,2017-03-01,2020-11-01,2020-11-01,217.35,217.35,82.04,,,2021-05-01,,,on_schedule,331
2020-10-01,N24001205,145,R AND U FROM KM 385.00 TO KM 420.000 TO 2- LANE WITH PS (EXCLUDING ROB AND ITS APPROACHES AT KM.404,Ministry Of Road Transport And Highways (State Pwds),MoRTH,UTTAR PRADESH,2016-12-01,2019-10-01,2020-04-01,209.1,,,,,,,,without_doc,237
2020-10-01,N18000214,146,EASTERN REGION STRENGTHENNING SCHEME-XV,Corporation,PGCIL,WEST BENGAL,2016-04-01,2018-04-01,2020-10-01,454.11,454.11,333.51,,,2020-04-01,,,delayed,350
2020-10-01,N25000072,146,JAL MARG VIKAS PROJECT,Inland Waterways Authority Of India,,,2018-01-01,2023-03-01,2023-03-01,5369.18,4633.81,1748.82,,,,,,on_schedule,331
2020-10-01,N24001195,146,4 LANING OF NH 415 FROM DESIGN CHAINAGE 29/500 TO 40/400 (ITANAGAR TO BANDARDEWA SECTION) IN THE ST,Ministry Of Road Transport And Highways (State Pwds),MoRTH,ARUNACHAL PRADESH,2016-11-01,,2020-09-01,243.89,,,,,,,,without_doc,237
2020-10-01,N18000258,147,EASTERN REGION STRENGTHENING SCHEME-XVIII,Corporation,PGCIL,MULTI STATE,2017-03-01,2020-07-01,2020-10-01,3500,3500,2596.53,,3500,,,,delayed,350
2020-10-01,N28000138,147,SURAT METRO RAIL PROJECT,Ahmedabad Metro Rail,,,2019-03-01,2024-03-01,2024-03-01,12020.32,12020.32,14.66,,,,,,on_schedule,332
2020-10-01,N24000245,147,REHABILITATION AND UPGRADATION OF NH -565 FROM KM 1.00 TO 86.057 (NAKREKAL TO NAGARJUNSAGAR DAM SECT,Ministry Of Road Transport And Highways (State Pwds),MoRTH,TELANGANA,2014-01-01,2016-03-01,,270,,,,,,,,without_doc,237
2020-10-01,N18000263,148,TRANSMISSION SYSTEM FOR ULTRA MEGA SOLAR POWER AT TUMKUR (PAVAGADA) KARNATAKA PHASE-II (PART-B),Corporation,PGCIL,KARNATAKA,2017-05-01,2019-02-01,2020-11-01,445.89,445.89,410.16,,,2020-05-01,,,delayed,350
2020-10-01,N28000137,148,AHMEDABAD METRO RAIL PROJECT PHASE II,Ahmedabad Metro Rail,,,2019-03-01,2024-03-01,2024-03-01,5384.17,5384.17,15.97,,,,,,on_schedule,332
2020-10-01,N24000248,148,EPC- CORRIDOR APPROACH WORKS - NH (O): WIDENING EXISTING 2 LANE TO 2 LANE WITH PAVED SHOULDERS IN KM,Ministry Of Road Transport And Highways (State Pwds),MoRTH,TELANGANA,2015-03-01,2017-01-01,,153.21,,,,,,,,without_doc,237
2020-10-01,N18000157,149,UNIFIED REAL TIME DYNAMIC STATE MEASUREMENT PHASE-I,Corporation,PGCIL,MULTI STATE,2014-01-01,2016-04-01,2020-12-01,374.63,374.63,235.93,,,2017-12-01,,,delayed,350
2020-10-01,N28000143,149,C/O STEEL STRUCTURE BUILDINGS USING PRE-ENGINEERED TECHNOLOGY AT AFRICA AVENUE AND KG MARG,Ahmedabad Metro Rail,,,2020-02-01,2020-11-01,2020-11-01,532,532,83,,,2021-02-01,,,on_schedule,332
2020-10-01,N24000251,149,FOUR LANNING OF NH-4A(NH-748) FROM KM 118 TO 125 INCL.FOUR LANE KHNDEAPAR BRIDGE,Ministry Of Road Transport And Highways (State Pwds),MoRTH,GOA,2015-03-01,2018-04-01,,297,,,,,,,,without_doc,238
2020-10-01,N18000164,150,EASTERN REGION STRENGTHENING SCHEME-XII,Corporation,PGCIL,MULTI STATE,2014-05-01,2016-11-01,2020-12-01,522.29,546.36,476.43,,546.36,2020-06-01,,,delayed,350
2020-10-01,N28000147,150,C/O SEPARATE FAMILY ACCOMMODATION (PHASE-I) WHICH INCLUDES C/O 440 NOS. RESIDENTIAL QTRS. I.E. TYPE-,Ahmedabad Metro Rail,,,2020-01-01,2023-10-01,2023-10-01,166.98,166.98,,,167,,,,on_schedule,332
2020-10-01,N24000252,150,CONSTRUCTION OF MAJOR BRIDGE WITH APPROACHES ACROSS PRANHITA RIVER AT KM 57.300 ON NH-63(16),Ministry Of Road Transport And Highways (State Pwds),MoRTH,MAHARASHTRA,2015-03-01,,,168.3,,,,,,,,without_doc,238
2020-10-01,N18000181,151,TRANSMISSION SYSTEM ASSOICATED WITH TEHRI PUMP STORAGE PLANT (PSP),Corporation,PGCIL,MULTI STATE,2015-01-01,2017-10-01,2020-12-01,871.62,871.62,635.46,,,2020-12-01,,,delayed,351
2020-10-01,N28000123,151,CONSTRUCTION OF 76 NOS MS FLATS FOR HONORABLE MPS OF LOK SABHA AT DR BD MARG NEW DELHI,Ahmedabad Metro Rail,,,2017-07-01,2020-11-01,2020-11-01,218.72,218.72,126.16,,,,,,on_schedule,332
2020-10-01,N24000253,151,CONSTRUCTION OF MAJOR/MINOR BRIDGE AND ROB IN 4 LANNING OF NH-66(17) MUMBAI-GOA ROAD FROM KM 161 TO,Ministry Of Road Transport And Highways (State Pwds),MoRTH,MAHARASHTRA,2014-08-01,2016-07-01,,187.79,,,,,,,,without_doc,238
2020-10-01,N18000184,152,ESTABLISHMENT OF FIBER OPTIC COMMUNICATION SYSTEM IN NR UNDER FIBER OPTIC EXPANSION PROJECT (ADDITIO,Corporation,PGCIL,MULTI STATE,2015-03-01,2018-03-01,2020-12-01,197.4,197.4,89.15,,,,,,delayed,351
2020-10-01,N28000109,152,CONSTRUCTION OF 726 Nos RESIDENTIAL QUARTERS CHENNAI,Ahmedabad Metro Rail,,,2017-11-01,2021-11-01,2021-11-01,348.77,348.77,80.13,,,,,,on_schedule,332
2020-10-01,N24000254,152,REHABILATION AND UPGRADATION OF NH-222(61) FOM KM 342.00 TO 444.00,Ministry Of Road Transport And Highways (State Pwds),MoRTH,MAHARASHTRA,2014-01-01,,,446.77,,,,,,,,without_doc,238
2020-10-01,N18000244,153,EASTERN REGION STRENTHENING SCHEME XVII( PART B),Corporation,PGCIL,MULTI STATE,2017-02-01,2019-06-01,2020-12-01,235.53,235.53,143.75,,,2020-09-01,,,delayed,351
2020-10-01,N28000132,153,CONSTRUCTION OF GRAMEEN VIKAS BHAWAN (2BASEMENTS+ GROUND+9 FLOORS) FOR MINISTRY OF RURAL DEVELOPMENT,Ahmedabad Metro Rail,,,2018-11-01,2021-07-01,2021-07-01,361.6,361.6,12.44,,,,,,on_schedule,332
2020-10-01,N24000257,153,CONSTRUCTION OF MARGOA WESTERN BYPASS FOR NH-17 (NEW NH-66 ) FROM KM. 26 /200 ( CHAINAGE 00/00) TO K,Ministry Of Road Transport And Highways (State Pwds),MoRTH,GOA,2015-03-01,,,298.33,,,,,,,,without_doc,238
2020-10-01,N18000245,154,SYSTEM STRENGTHENING SCHEME IN NORTH REGION XXXVII,Corporation,PGCIL,MULTI STATE,2017-03-01,2019-12-01,2020-12-01,379.95,379.95,171.72,,,2020-06-01,,,delayed,351
2020-10-01,N28000131,154,CONSTRUCTION OF PERMANENT CAMPUS IIT JAMMU (PHASE 1C),Ahmedabad Metro Rail,,,2018-01-01,2023-04-01,2023-04-01,676,676,,,,,,,on_schedule,332
2020-10-01,N24000258,154,CONST. OF MISSING LINK BETWEEN KM. 11/680 TO KM. 14/020 AND WIDENING OF EXISTING TWO LANE ROAD,Ministry Of Road Transport And Highways (State Pwds),MoRTH,GOA,2015-03-01,,,184.05,,,,,,,,without_doc,238
2020-10-01,N18000262,155,TRANSMISSION SYSTEM FOR EVACUTION OF POWER FROM NEYVELI LIGNITE CORP LTD TS - I (REPLACEMENT) IN NEY,Corporation,PGCIL,TAMIL NADU,2017-05-01,2019-07-01,2020-12-01,186.17,219.66,150.24,,219.66,2020-06-01,,,delayed,351
2020-10-01,N28000129,155,REDEVELOPMENT OF GPRA AT KASTURBA NAGAR PHASE I,Ahmedabad Metro Rail,,,2016-10-01,2022-03-01,2022-03-01,1128,1128,10.52,,,,,,on_schedule,332
2020-10-01,N24000259,155,CONST. OF CANACONA BYPASS FROM KM.68/00 (CH.00/00) TO KM. 85/740 (CH. 7/740 ON PANAJI - MANGALORE SE,Ministry Of Road Transport And Highways (State Pwds),MoRTH,GOA,2015-03-01,,,280.16,,,,,,,,without_doc,238
2020-10-01,N18000268,156,EASTERN REGION STRENGTHENING SCHEME XX,Corporation,PGCIL,MULTI STATE,2017-11-01,2020-05-01,2020-12-01,358.83,358.83,228.91,,,,,,delayed,351
2020-10-01,N28000142,156,"CONSTRUCTION OF PERMANENT CAMPUS OF INDIAN INSTITUTE OF MANAGEMENT (IIM) AMRITSAR, PUNJAB.",Ahmedabad Metro Rail,,,2019-10-01,2022-05-01,2022-05-01,348.24,348.24,0.61,,,,,,on_schedule,332
2020-10-01,N24000260,156,CONSTRUCTION OF 6.80 KM 2 LANE WITH PAVED SHOULDERS ALAPPUZHA BYPASS ON NH47 NEW NH 66 FROM KM 408.1,Ministry Of Road Transport And Highways (State Pwds),MoRTH,KERALA,2014-01-01,2017-09-01,,255.75,,,,348,,,,without_doc,238
2020-10-01,N18000061,157,TR. SYSTEM ASSOCIATED WITH MUNDRA ULTRA MEGA POWER PROJECT,Corporation,PGCIL,MULTI STATE,2008-10-01,2012-10-01,2021-01-01,4824.12,5071.94,4618.42,,5071.94,2020-06-01,,,delayed,351
2020-10-01,N28000141,157,"C/O PERMANENT CAMPUS OF IIT BHILAI AT KUTHELABHATA, DURG CHHATTISGARH, STAGE I PHASE I.",Ahmedabad Metro Rail,,,2020-03-01,2022-07-01,2022-07-01,808.62,808.62,57.42,,,,,,on_schedule,332
2020-10-01,N24000274,157,FOUR LANING OF 5.122 KM OF NH9 ( NEW NH 65) FROM KM 269.900 ( DESIGN CH0.0 ) TO KM 275-622( DESIGN C,Ministry Of Road Transport And Highways (State Pwds),MoRTH,ANDHRA PRADESH,2015-07-01,2015-12-01,,333.21,,,,333.21,,,,without_doc,238
2020-10-01,N18000219,158,"HVDC BIPOLE LINK BETWEEN WR (RAIGARH, CHATTISGARH) AND SR (PUGALUR-NORTH TRICHUR-SCHEME-I: RAIGARH-P",Corporation,PGCIL,MULTI STATE,2016-05-01,2019-11-01,2021-02-01,14733.37,14733.37,10941.32,,,2020-05-01,,,delayed,351
2020-10-01,N28000135,158,DELHI METRO PHASE IV THREE PRIORITY CORRIDORS,Ahmedabad Metro Rail,,,2019-07-01,2025-03-01,2025-03-01,24948.65,24948.65,827.56,,,,,,on_schedule,332
2020-10-01,N24000275,158,"WIDENING NH-848 FROM KM 16.000 TO 34.000, 39.000 TO 57.000 AND KM 62.000 TO 65/600/JOB NO 992/15-16",Ministry Of Road Transport And Highways (State Pwds),MoRTH,MAHARASHTRA,2015-10-01,,,289.6,,,,,,,,without_doc,238
2020-10-01,N18000247,159,"HVDC BIPOLE LINK BETWEEN WESTERN REGION (RAIGARH, CHATTISGARH) AND SOUTHERN REGION (PUGALAR, TM) NOR",Corporation,PGCIL,MULTI STATE,2017-02-01,2020-04-01,2021-02-01,5070.13,5070.13,3901.18,,,,,,delayed,351
2020-10-01,N28000144,159,KANPUR METRO RAIL PROJECT,Ahmedabad Metro Rail,,,2019-05-01,2024-03-01,2024-03-01,11076.48,11076.48,,,,,,,on_schedule,332
2020-10-01,N24000276,159,CONSTRUCTION OF HIGH LEVEL BRIDGE ACROSS INDRAVATI RIVER ON NH-63 (ERSTWHILE NH-16) AND CONSTRUCTION,Ministry Of Road Transport And Highways (State Pwds),MoRTH,MAHARASHTRA,2011-12-01,,,156.26,,,,227,,,,without_doc,238
2020-10-01,N18000264,160,HVDC BIPOLE LINK BETWEEN WR AND SR -NORTH TRICHUR - SCHEME -II AC SYSTEM STRENGTHENING AT PUGALUR EN,Corporation,PGCIL,MULTI STATE,2017-08-01,2020-02-01,2021-02-01,1931.39,1931.39,1453.76,,,2020-09-01,,,delayed,351
2020-10-01,N28000145,160,AGRA METRO RAIL PROJECT,Ahmedabad Metro Rail,,,2019-05-01,2024-03-01,2024-03-01,8379.62,8379.62,,,,,,,on_schedule,332
2020-10-01,N24000281,160,REHABILITATION AND UP GRADATION OF NH-12A FROM KM191.422-KM 242.300 CHILPI- KAWARDHA SECTION.,Ministry Of Road Transport And Highways (State Pwds),MoRTH,CHHATISGARH,2015-12-01,,,291.05,,,,,,,,without_doc,238
2020-10-01,N18000188,161,CREATION OF 400/220 KV SUBSTATIONS IN NCT OF DELHI DURING 12TH PLAN PERIOD (PART-A),Corporation,PGCIL,DELHI,2015-03-01,2017-05-01,2021-03-01,1394.52,1394.52,503.16,,,2020-07-01,,,delayed,351
2020-10-01,N28000121,161,PUNE METRO RAIL PROJECT (PHASE 1),Ahmedabad Metro Rail,,,2016-12-01,2021-11-01,2021-11-01,11420,11420,4866.32,,,,,,on_schedule,332
2020-10-01,N24000282,161,REHABILITATION AND UPGRADATION OF EXISTING NH-565 FROM KM.86.057 TO 133.922 OF NAGARJUNASAGAR DAM T,Ministry Of Road Transport And Highways (State Pwds),MoRTH,ANDHRA PRADESH,2014-01-01,2014-11-01,,195.45,,,,,,,,without_doc,238
2020-10-01,N18000213,162,TRANSMISSION SYSTEM STRENTHENNING IN INDIAN SYSTEM FOR TRANSFER OF POWER FROM MANGDECHHU HYDROELECTR,Corporation,PGCIL,MULTI STATE,2016-03-01,2018-01-01,2021-03-01,808.63,808.63,620.98,,,2020-05-01,,,delayed,352
2020-10-01,N28000124,162,BHOPAL METRO RAIL,Ahmedabad Metro Rail,,,2018-11-01,2023-02-01,2023-02-01,6941.4,6941.4,108.66,,,,,,on_schedule,332
2020-10-01,N24000287,162,REHABILITATION AND UPGRADATION OF NH-111 FROM KM. 82.500 TO 163.400 (KATHGHORA TO SHIVNAGAR SECTION,Ministry Of Road Transport And Highways (State Pwds),MoRTH,CHHATISGARH,2015-11-01,2015-12-01,,485.44,,,,,,,,without_doc,238
2020-10-01,N18000242,163,ESTABLISHMENT OF 220/66KV GIS AT UT CHANDIGARH ALONG WITH 220KV D/C LINE FROM CHANDIGARH GIS TO 400/,Corporation,PGCIL,MULTI STATE,2017-02-01,2019-02-01,2021-03-01,322.3,322.3,186.3,,,2020-04-01,,,delayed,352
2020-10-01,N28000125,163,INDORE METRO RAIL,Ahmedabad Metro Rail,National Capital Region Transport Corp,,2018-11-01,2023-02-01,2023-02-01,7500.8,7500.8,97.28,,,,,,on_schedule,332
2020-10-01,N24000294,163,WIDENING AND STRENGTHENING OF NH-65 TO FOUR LANES WITH PAVED SHOULDERS FROM EXISTING KM 267+500 TO K,Ministry Of Road Transport And Highways (State Pwds),MoRTH,RAJASTHAN,2014-10-01,2015-01-01,,269.22,,,,,,,,without_doc,238
2020-10-01,N18000249,164,COMPREHENSIVE SCHEME FOR THE STRENGHTENING OF THE TRANSMISSION AND DISTRIBUTION SYSTEM IN A P,Corporation,PGCIL,MULTI STATE,2014-12-01,2018-12-01,2021-12-01,4754.42,9151.56,1754.22,,,,,,delayed,352
2020-10-01,N28000134,164,DELHI GHAZIABAD MEERUT RRTS CORRIDOR,Ahmedabad Metro Rail,,,2019-03-01,2025-06-01,2025-06-01,30274,30274,1725.64,,,,,,on_schedule,333
2020-10-01,N24000295,164,WIDENING AND STRENGHENING OF NH-65 TO TWO LANES WITH PAVED SHOULDERS FROM EXISTING,Ministry Of Road Transport And Highways (State Pwds),MoRTH,RAJASTHAN,2014-10-01,2015-01-01,,257.09,,,,,,,,without_doc,238
2020-10-01,N18000250,165,NORTH EASTERN REGION POWER SYSTEM IMPROVEMENT PROJECT (NERPSIP) FOR SIX (6) STATES,Corporation,PGCIL,MULTI STATE,2014-12-01,2018-12-01,2021-12-01,5111.33,6700,2276.71,,,,,,delayed,352
2020-10-01,N28000148,165,PATNA METRO RAIL CORPORATION LIMITED,Ahmedabad Metro Rail,,,2019-02-01,2024-06-01,2024-06-01,13365.77,13365.77,271.17,,,,,,on_schedule,333
2020-10-01,N24000296,165,REHABILITATION AND UPGRADING TO 2 LANES-2 LANE WITH PAVED SHOULDERS,Ministry Of Road Transport And Highways (State Pwds),MoRTH,RAJASTHAN,2013-10-01,2014-05-01,,278.87,,,,,,,,without_doc,238
2020-10-01,N18000066,166,NORTH- EAST NORTH WESTERN INTERCONNECTOR I PROJECT,Corporation,PGCIL,MULTI STATE,2009-02-01,2013-08-01,2022-03-01,11130.19,14719.1,12839.02,,14719.1,2022-03-01,,,delayed,352
2020-10-01,N30000051,166,"SEWERAGE SYSTEM AND STP FOR DIGHA ZONE, PATNA",Bihar Urban Infrastructure Development Corporation Ltd,,,2017-08-01,2022-06-01,2022-06-01,824,824,0.42,,,,,,on_schedule,333
2020-10-01,N24000297,166,REHABILITATION AND UPGRADING TO 2 LNES-2 LANE WITH PAVED SHOULDERS CONFIGURATION AND STRENGTHENING O,Ministry Of Road Transport And Highways (State Pwds),MoRTH,RAJASTHAN,1991-01-01,2014-04-01,,376.52,,,,,,,,without_doc,238
2020-10-01,N18000252,167,AMELIA COAL MINE,Corporation,THDCIL,MADHYA PRADESH,2017-01-01,2020-09-01,2022-09-01,2104.21,1587.16,354.36,,,,1.,,delayed,352
2020-10-01,N30000040,167,SEWERAGE SCHEME AT PAHARI ZONE V PATNA,Bihar Urban Infrastructure Development Corporation Ltd,,,2017-05-01,2021-04-01,2021-04-01,356.37,356.37,77.99,,,,,,on_schedule,333
2020-10-01,N24000298,167,WIDENING AND STRENGTHENING OF NH-15 TO TWO LANES WITH PAVED SHOULDER FROM EXISTING KM 173/0 TO KM 24,Ministry Of Road Transport And Highways (State Pwds),MoRTH,RAJASTHAN,2015-02-01,2015-03-01,,383.4,,,,,,,,without_doc,239
2020-10-01,N18000042,168,VISHNUGAD PIPALKOTI HYDRO ELECTRIC PROJECT,Corporation,THDCIL,UTTARAKHA ND,2008-08-01,2013-06-01,2023-12-01,2491.58,3860.35,2047.28,,,,Environment Clearance of,,delayed,353
2020-10-01,N30000041,168,SEWERAGE SCHEME AT PAHARI ZONE IVA S PATNA,Bihar Urban Infrastructure Development Corporation Ltd,,,2017-05-01,2021-05-01,2021-05-01,184.86,184.86,130.89,,,,,,on_schedule,333
2020-10-01,N24000301,168,REHABILITATION AND UPGRADATION OF NH-219 FROM KM 58-600 TO KM 140-750 IN THE STATE OF ANDHRA PRADES,Ministry Of Road Transport And Highways (State Pwds),MoRTH,ANDHRA PRADESH,2015-03-01,2015-10-01,,271.45,,,,,2020-12-01,,,without_doc,239
2020-10-01,N18000272,169,KHURJA SUPER THERMAL POWER PROJECT,Corporation,THDCIL,UTTAR PRADESH,2019-03-01,2023-09-01,2024-08-01,11089.42,11089.42,1090.74,,,,•,,delayed,353
2020-10-01,N30000026,169,SEWER NETWORK SPS AND STP BEGUSARAI,Bihar Urban Infrastructure Development Corporation Ltd,,,2018-03-01,2021-07-01,2021-07-01,230.06,230.06,37.09,,,,,,on_schedule,333
2020-10-01,N24000302,169,FOUR LANING OF 5.122 KM OF NH9( NEW NH 65) FROM KM 269.900( DESIGN CH0.0 ),Ministry Of Road Transport And Highways (State Pwds),MoRTH,ANDHRA PRADESH,2015-07-01,2015-12-01,,333.21,,,,,,,,without_doc,239
2020-10-01,N20000002,170,LOPMENT OF ADVANCED ULTRA SUPER CRITICAL TECHNOLOGIES IN THERMAL POWER PLANTS IN INDIA,Bharat Heavy Electricals Limited,BHEL,DELHI,2016-08-01,2019-09-01,2020-12-01,1554,1554,805.95,,,2020-12-01,,,delayed,353
2020-10-01,N30000044,170,SEWERAGE SYSTEM WITH SEWER NETWORK PATNA KARMALICHAK,Bihar Urban Infrastructure Development Corporation Ltd,,,2017-03-01,2021-05-01,2021-05-01,277.42,277.42,110,,,,,,on_schedule,333
2020-10-01,N24000307,170,TWO LANING OF KHONSA - TISSA - LONGDING (NH-52B) (42.50 KM) IN ARUNACHAL PRADESH UNDER ARUNACHAL PRA,Ministry Of Road Transport And Highways (State Pwds),MoRTH,ARUNACHAL PRADESH,2011-12-01,2012-02-01,,156.63,,,,276,,,,without_doc,239
2020-10-01,N21000025,171,ALL INDIA INSTITUTE OF MEDICAL SCIENCE AT GORAKHPUR (U.P.),Hll Infra Tech Services Limited,HITES,UTTAR PRADESH,2016-07-01,2020-04-01,2021-04-01,785,715.06,435.52,,,,,,delayed,353
2020-10-01,N30000036,171,"SEWER NETWORKS, SPS AND STP, MUNGER",Bihar Urban Infrastructure Development Corporation Ltd,,,2018-03-01,2021-10-01,2021-10-01,294.02,294.02,,,,,,,on_schedule,333
2020-10-01,N24000309,171,TWO LANING OF LALPUL- MANMAO- CHANGLANG ROAD (NH-52B) IN ARUNACHAL PRADESH UNDER ARUNACHAL PRADESH P,Ministry Of Road Transport And Highways (State Pwds),MoRTH,ARUNACHAL PRADESH,2010-11-01,2011-03-01,,305.49,,,,,,,,without_doc,239
2020-10-01,N21000026,172,"ALL INDIA INSTITUTE OF MEDICAL SCIENCE AT BATHINDA, PUNJAB",Hll Infra Tech Services Limited,HITES,PUNJAB,2016-07-01,2020-06-01,2021-06-01,703,557.48,390.71,,,,,,delayed,354
2020-10-01,N30000039,172,SAIDPUR SEWER NETWORK PATNA,Bihar Urban Infrastructure Development Corporation Ltd,,,2015-04-01,2021-01-01,2021-01-01,268.63,268.63,240.43,,,,,,on_schedule,333
2020-10-01,N24000311,172,TWO LANING OF GOBOK - SIJON NALLAH (CORRECSPONDING TO EXISTING CH: 27.00 TO KM75.00) IN ARUNACHAL PR,Ministry Of Road Transport And Highways (State Pwds),MoRTH,ARUNACHAL PRADESH,2012-03-01,2012-05-01,,207.03,,,,,2018-06-01,,,without_doc,239
2020-10-01,N21000027,173,"ALL INDIA INSTITUTE OF MEDICAL SCIENCE AT GUWAHATI, ASSAM",Hll Infra Tech Services Limited,HITES,ASSAM,2017-05-01,2021-05-01,2022-06-01,875,747.8,223.03,,,,,,delayed,354
2020-10-01,N30000050,173,SEWERAGE SYSTEM AND STP FOR KANKARBAG ZONE PATNA,Bihar Urban Infrastructure Development Corporation Ltd,,,2017-08-01,2022-06-01,2022-06-01,578.89,578.89,0.29,,,,,,on_schedule,333
2020-10-01,N24000315,173,"WIDENING OF 2(TWO) LANING OF LONGLENG-CHANTONGYA ROAD, MON-TAMLU-MERANGKONG ROAD, PHEK- PFUTSERO ROA",Ministry Of Road Transport And Highways (State Pwds),MoRTH,NAGALAND,2010-12-01,2011-02-01,,1296,,,,,,,,without_doc,239
2020-10-01,N21000012,174,SATELLITE CENTRE PGI CHANDIGARH SANGRUR PUNJAB,Hll Infra Tech Services Limited,HSCC,PUNJAB,2016-07-01,2018-02-01,2020-12-01,152.95,177.92,152.9,,,,,,delayed,354
2020-10-01,N30000028,174,I AND D AND STP AT CHAPPRA,Bihar Urban Infrastructure Development Corporation Ltd,,,2018-11-01,2020-12-01,2020-12-01,236.15,236.15,12.06,,,,,,on_schedule,333
2020-10-01,N24000316,174,CONSTRUCTION OF PAVED SHOULDERS IN KM.81/0 TO 203/0 INCLUDING RECONSTRUCTION AND WIDENING OF CULVERT,Ministry Of Road Transport And Highways (State Pwds),MoRTH,TAMIL NADU,2015-03-01,2015-08-01,,258.97,,,,,,,,without_doc,239
2020-10-01,N21000016,175,"RESIDENTIAL COMPLEX AND OPD BLOCK, AIIMS, NAGPUR MAHARASTRA",Hll Infra Tech Services Limited,HSCC,MAHARASHTR A,2017-08-01,2019-03-01,2020-12-01,274.19,274.19,243.44,,,,,,delayed,354
2020-10-01,N30000014,175,CONSTRUCTION OF 564 MLD 124 MGD WASTE WATER TREATMENT PLANT WITH EFFLUENT STANDARDS OF BOD – 10MG/L,Bihar Urban Infrastructure Development Corporation Ltd,,,2017-03-01,2022-12-01,2022-12-01,665.78,665.78,129.56,,,,,,on_schedule,333
2020-10-01,N24000317,175,REHABILITATION AND UPGRADATION OF NH 226 E FROM 0-1 - 66- 20 TO 2 LANE WITH PAVED SHOULDERS ON EPC MO,Ministry Of Road Transport And Highways (State Pwds),MoRTH,TAMIL NADU,2015-03-01,2015-07-01,,157.18,,,,162,,,,without_doc,239
2020-10-01,N21000003,176,LHMC NEW DELHI-RE- DEVELOPMENT,Hll Infra Tech Services Limited,HSCC,DELHI,2013-02-01,2013-11-01,2021-03-01,414.11,499.23,435.02,,,,,,delayed,354
2020-10-01,N30000045,176,"INTERCEPTION, DIVERSION AND TREATMENT WORKS AT HOWRAH",Bihar Urban Infrastructure Development Corporation Ltd,,,2017-08-01,2021-12-01,2021-12-01,185.22,185.22,,,,,,,on_schedule,333
2020-10-01,N24000318,176,CONSTRUCTION OF PAVED SHOULDERS INCULDING STRENGTHENING OF EXISTING CARRIAGEWAY FROM KM 0-0-51-0 I-,Ministry Of Road Transport And Highways (State Pwds),MoRTH,TAMIL NADU,2015-11-01,2015-08-01,,154.14,,,,,,,,without_doc,239
2020-10-01,N21000008,177,AIIMS - MOTHER AND CHILD BLOCK,Hll Infra Tech Services Limited,HSCC,DELHI,2013-12-01,2017-05-01,2021-03-01,204.44,270,222.54,,,,,,delayed,354
2020-10-01,N30000029,177,DETAILED PROJECT REPORT FOR I AND D SEWERAGE SYSTEM AND STP FOR ASANSOL AND KULTI TOWNS,Bihar Urban Infrastructure Development Corporation Ltd,,,2019-01-01,2022-04-01,2022-04-01,384.96,384.96,,,,,,,on_schedule,333
2020-10-01,N24000331,177,CONSTRUCTION OF RING ROAD FOR RAEBARELI CITY (PHASE -I) ON EASTERN SIDE OF NH 24B,Ministry Of Road Transport And Highways (State Pwds),MoRTH,UTTAR PRADESH,2014-01-01,2016-03-01,,282.41,,,,,,,,without_doc,239
2020-10-01,N21000017,178,"RESIDENTIAL COMPLEX AND OPD BLOCK, AIIMS-MNAGLAGIRI GUNTUR, ANDHRA PRADESH",Hll Infra Tech Services Limited,HSCC,ANDHRA PRADESH,2017-08-01,2019-03-01,2021-03-01,272.19,272.54,234.94,,,,,,delayed,354
2020-10-01,N30000049,178,INTERCEPTION AND DIVERSION WITH STP AT BALLY,Bihar Urban Infrastructure Development Corporation Ltd,,,2017-10-01,2021-12-01,2021-12-01,164.93,164.93,,,,,,,on_schedule,333
2020-10-01,N24000332,178,REHABILITATION AND UPGRADATION OF END OF AHMEDNAGAR BYPASS TO KHARWANDI KASAR SECTION OF NH-222 FROM,Ministry Of Road Transport And Highways (State Pwds),MoRTH,MAHARASHTRA,2015-01-01,,,225.81,,,,,,,,without_doc,239
2020-10-01,N21000018,179,"RESIDENTIALCOMPLEX AND OPD BLOCK, AIIMS, KALYANI WEST BENGAL",Hll Infra Tech Services Limited,HSCC,WEST BENGAL,2017-08-01,2019-03-01,2021-03-01,355.15,355.15,256.16,,,,,,delayed,354
2020-10-01,N30000034,179,INTERCEPTION DIVERSION TREATMENT WORKS AT TOLLYS NULLAH ADI GANGA,Bihar Urban Infrastructure Development Corporation Ltd,,,2017-08-01,2022-09-01,2022-09-01,307.12,307.12,,,,,,,on_schedule,333
2020-10-01,N24000333,179,WIDENING TO 4 LANE WITH PAVED SHOULDER WITH CC PAVEMENT FROM KM 256/550 TO KM 289/500 ON KOTA-DARAH,Ministry Of Road Transport And Highways (State Pwds),MoRTH,RAJASTHAN,2015-12-01,2018-06-01,,621.43,,,,,,,,without_doc,239
2020-10-01,N21000013,180,NEIGRIHMS SHILLONG MEGHALYA,Hll Infra Tech Services Limited,HSCC,MEGHALAYA,2016-10-01,2018-05-01,2021-12-01,363.99,363.99,224.23,,,,,,delayed,354
2020-10-01,N30000033,180,INTEGRATION OF STPS WITH REHABILITATION AND O AND M OF EXISTING ASSETS,Bihar Urban Infrastructure Development Corporation Ltd,,,2018-03-01,2022-06-01,2022-06-01,165.16,165.16,,,,,,,on_schedule,333
2020-10-01,N24000334,180,STRENGTHENING AND WIDENING TO TWO LANE WITH PAVED SHOULDERS FROM KM.106.00 TO 153.00 OF NH-218 BIJAP,Ministry Of Road Transport And Highways (State Pwds),MoRTH,KARNATAKA,2015-03-01,2015-11-01,,165.67,,,,,,,,without_doc,239
2020-10-01,220100181,181,AHMEDNAGAR-PARLI VAIJNATH(NL) CR,Central Railways,CR,MAHARASHTRA,1997-02-01,2021-03-01,2023-03-01,2271.5,4517.49,2621.96,,,,,,delayed,354
2020-10-01,N30000042,181,INTERCEPTION AND DIVERSION WITH STP AT HUGHLY- CHINSURAH,Bihar Urban Infrastructure Development Corporation Ltd,,,2018-05-01,2022-02-01,2022-02-01,160,160,,,,,,,on_schedule,333
2020-10-01,N24000335,181,STRENGTHENING AND WIDENING TO TWO LANE WITH PAVED SHOULDERS FROM KM.56.00 TO 106.00 OF NH-218 BIJAPU,Ministry Of Road Transport And Highways (State Pwds),MoRTH,KARNATAKA,2015-03-01,2015-11-01,,159.12,,,,,,,,without_doc,239
2020-10-01,N22000233,182,KALYAN-KASARA 3RD LINE,Central Railways,CR,MAHARASHTRA,2011-04-01,2021-03-01,2023-03-01,792.89,1377.48,329.22,,,,,,delayed,354
2020-10-01,N30000048,182,"INTERCEPTION, DIVERSION AND TREATMENT WORKS AT BARANAGAR AND KAMARAHATI",Bihar Urban Infrastructure Development Corporation Ltd,,,2018-01-01,2021-12-01,2021-12-01,172.1,172.1,,,,,,,on_schedule,334
2020-10-01,N24000371,182,RUDHAULI TO GHAGRA BRIDGE SECTION OF NH-233 IN UTTAR PRADESH KM 65/870 TO 122/270,Ministry Of Road Transport And Highways (State Pwds),MoRTH,UTTAR PRADESH,2013-10-01,2017-03-01,,445.89,,,,,,,,without_doc,239
2020-10-01,N22000356,183,WARDHA-BALHARSHAH - 3RD LINE (132 KM),Central Railways,CR,MAHARASHTRA,2015-02-01,2022-03-01,2023-03-01,1272.19,1283.49,404.24,,,,,,delayed,355
2020-10-01,N30000032,183,INTERCEPTION AND DIVERSION WITH STP AT MAHESHTALA,Bihar Urban Infrastructure Development Corporation Ltd,,,2018-05-01,2022-02-01,2022-02-01,198.43,198.43,,,,,,,on_schedule,334
2020-10-01,N24000373,183,2-LANING OF LALPUL-MANMAO-CHANGLANG ROAD(NH-52B) (NEW NH NO.215)FROM KM 0.00 TO KM 68.30INTHE STATE,Ministry Of Road Transport And Highways (State Pwds),MoRTH,UTTAR PRADESH,2010-11-01,2017-03-01,,305.49,,,,,,,,without_doc,239
2020-10-01,N22000250,184,WARDHA-SEWAGRAM NGP 3RD LINE,Central Railways,CR,MAHARASHTRA,2012-04-01,2022-03-01,2024-03-01,540.02,540.02,248.22,,,,,,delayed,355
2020-10-01,N30000031,184,I AND D AND STP WORKS AT BURDWAN WEST BENGAL,Bihar Urban Infrastructure Development Corporation Ltd,,,2018-12-01,2022-04-01,2022-04-01,234.31,234.31,,,,,,,on_schedule,334
2020-10-01,N24000375,184,SATANA-BELA SECTION OF NH-75(4L) IN MP,Ministry Of Road Transport And Highways (State Pwds),MoRTH,MADHYA PRADESH,2012-01-01,2015-08-01,,320.48,,,,,,,,without_doc,239
2020-10-01,N22000358,185,ITARSI-NAGPUR (BAL.) - 3RD LINE (267 KM),Central Railways,CR,MAHARASHTRA,2015-02-01,2023-03-01,2024-03-01,2449.91,2449.91,304.24,,,,,,delayed,355
2020-10-01,N30000030,185,INTERCEPTION AND DIVERSION WORKS WITH STP FOR DRAINS FALLING IN RIVER DAMODAR AT DURGAPURL,Bihar Urban Infrastructure Development Corporation Ltd,,,2019-03-01,2022-04-01,2022-04-01,287.53,287.53,,,,,,,on_schedule,334
2020-10-01,N24000376,185,"REHABILITATION AND UPGRADING TO 2 LANES/2 LANE WITH PAVED SHOULDERS CONFIGURATION OF ""MADHUGIRI-MULB",Ministry Of Road Transport And Highways (State Pwds),MoRTH,KARNATAKA,1991-01-01,2018-01-01,,219.4,,,,,,,,without_doc,240
2020-10-01,N22000361,186,MANMAD - JALGAON - 3RD LINE (160 KM),Central Railways,CR,MAHARASHTRA,2016-02-01,2022-03-01,2024-03-01,1035.16,1035.16,234.28,,,,,,delayed,355
2020-10-01,N30000023,186,SEWERAGE SCHEME INTERCEPTION AND DIVERSION WORKS AT AGRA,Bihar Urban Infrastructure Development Corporation Ltd,,,2019-02-01,2021-08-01,2021-08-01,317.19,317.19,,,,,,,on_schedule,334
2020-10-01,N24000379,186,REHABILITATION AND UPGRADING TO 2 LANES/2 LANE WITH PAVED SHOULDERS CONFIGURATION OF BHOJPUR-CHHATAB,Ministry Of Road Transport And Highways (State Pwds),MoRTH,ODISHA,1991-01-01,2017-10-01,,218.63,,,,,,,,without_doc,240
2020-10-01,N22000362,187,WARDHA - NAGPUR - 4TH LINE (76 KM),Central Railways,CR,MAHARASHTRA,2016-02-01,2023-03-01,2024-03-01,637.95,637.95,161.6,,,,,,delayed,355
2020-10-01,N30000013,187,"INTERCEPTION AND DIVERSION WORKS WITH STP AT BAREILLY, UTTAR PRADESH",Bihar Urban Infrastructure Development Corporation Ltd,,,2019-03-01,2021-08-01,2021-08-01,271.39,271.39,,,,,,,on_schedule,334
2020-10-01,N24000382,187,REHABILITATION AND UPGRADING TO 2 LANES/2 LANE WITH PAVED SHOULDERS CONFIGURATION OF BIRPUR - BIHPUR,Ministry Of Road Transport And Highways (State Pwds),MoRTH,BIHAR,1991-01-01,,,675,,,,,,,,without_doc,240
2020-10-01,N22000422,188,MULTI MODAL LOGISTICS TRANSPORT AT MIHAN,Central Railways,CCOI,MAHARASHTR A,2013-10-01,2019-03-01,2020-12-01,305,305,265.97,,,,,,delayed,355
2020-10-01,N30000021,188,INTERCEPTION AND DIVERSION WORKS AND STP AT MUZAFFARNAGAR UTTAR PRADESH,Bihar Urban Infrastructure Development Corporation Ltd,,,2019-01-01,2021-12-01,2021-12-01,231.79,234.03,,,,,,,on_schedule,334
2020-10-01,N24000385,188,DEVELOPMENT TO FOUR LANE WITH PAVED SHOULDERS OF SHAHKOT-MOGA SECTION OF NH-71 (NEW NH-52) FROM EXIS,Ministry Of Road Transport And Highways (State Pwds),MoRTH,PUNJAB,2015-12-01,,,766.36,,,,,,,,without_doc,240
2020-10-01,N22000431,189,MULTI MODAL LOGISTICS PARK AT KAKINADA,Central Railways,CCOI,ANDHRA PRADESH,2016-08-01,2019-03-01,2020-12-01,234.5,235,14.14,,,,,,delayed,355
2020-10-01,N30000024,189,SEWERAGE SCHEME INTERCEPTION AND DIVERSION WITH STP WORKS AT MEERUT UTTAR PRADESH,Bihar Urban Infrastructure Development Corporation Ltd,,,2019-02-01,2022-06-01,2022-06-01,681.78,681.78,,,,,,,on_schedule,334
2020-10-01,N24000392,189,2 LANING FROM KANUBARI TO START OF BOGIBEEL BRIDGE APPROACHES OF NH-52B(EXTN) IN ASSAM,Ministry Of Road Transport And Highways (State Pwds),MoRTH,ASSAM,2010-11-01,2017-05-01,,268.08,,,,,,,,without_doc,240
2020-10-01,N22000424,190,MULTI MODAL LOGISTICS PARK AT VISHAKHAPATNAM,Central Railways,CCOI,ANDHRA PRADESH,2013-01-01,2018-03-01,2021-03-01,387.7,487.13,427.86,,487.13,,,,delayed,355
2020-10-01,N30000008,190,FARRUKHABAD I AND D AND STP WORKS HAM,Bihar Urban Infrastructure Development Corporation Ltd,,,2017-10-01,2022-03-01,2022-03-01,213.62,213.62,,,,,,,on_schedule,334
2020-10-01,N24000395,190,BAMITHA-SATANA (2L+PS) OF NH-75 IN MP,Ministry Of Road Transport And Highways (State Pwds),MoRTH,MADHYA PRADESH,2015-08-01,,,257.8,,,,,,,,without_doc,240
2020-10-01,N22000426,191,MULTI MODAL LOGISTICS PARK AT BARHI,Central Railways,CCOI,HARYANA,2015-12-01,2019-03-01,2021-03-01,346.32,346.32,313.46,,,,,,delayed,355
2020-10-01,N30000007,191,INTEGRATED PROJECT FOR DEVELOPMENT OF STPS IN ALLAHABAD ALONG WITH EXISTING ASSETS,Bihar Urban Infrastructure Development Corporation Ltd,,,2018-03-01,2021-09-01,2021-09-01,904,904,38.38,,,,,,on_schedule,334
2020-10-01,N24000396,191,2 LANING OF OF LUMDING-DIPHU- MANJA ROAD (L=54.37 KM.) HAFLONG JATINGA ROAD (L=7.46 KM.) BASKA BAR,Ministry Of Road Transport And Highways (State Pwds),MoRTH,ASSAM,2010-11-01,2011-02-01,,470.2,,,,,,,,without_doc,240
2020-10-01,N22000334,192,HAJIPUR - BACHAWARA,Central Railways,ECR,MULTI STATE,2015-05-01,2019-03-01,2021-02-01,678.54,678.54,708.22,,678.54,,,,delayed,355
2020-10-01,N30000022,192,INTERCEPTION AND DIVERSION WORKS AND SEWAGE TREATMENT PLANT AT JAUNPUR UTTAR PRADESH,Bihar Urban Infrastructure Development Corporation Ltd,,,2019-01-01,2021-10-01,2021-10-01,206.05,206.05,5.16,,,,,,on_schedule,334
2020-10-01,N24000397,192,REHABILITATION AND UPGRADING TO 2 LANES/2 LANE WITH PAVED SHOULDERS CONFIGURATION OF BANKUARA- PURUL,Ministry Of Road Transport And Highways (State Pwds),MoRTH,WEST BENGAL,1991-01-01,2018-03-01,,322,,,,,,,,without_doc,240
2020-10-01,N22000417,193,RAMNA - SINGRAULI DOUBLING,Central Railways,ECR,UTTAR PRADESH,,2020-03-01,2021-03-01,2436.21,2436.21,953.25,,,,,,delayed,355
2020-10-01,N30000006,193,"INTERCEPTION, DIVERSION AND TREATMENT WORKS FOR NAINI DISTRICT G PHAPHAMAU DISTRICT F AND JHUSI AREA",Bihar Urban Infrastructure Development Corporation Ltd,,,2017-05-01,2021-09-01,2021-09-01,767.59,767.59,22.91,,,,,,on_schedule,334
2020-10-01,N24000398,193,REHABILITATION AND UPGRADING TO 2 LANES/2 LANE WITH PAVED SHOULDERS CONFIGURATION OF ANISABAD-AURANG,Ministry Of Road Transport And Highways (State Pwds),MoRTH,BIHAR,1991-01-01,2016-08-01,,282.41,,,,,,,,without_doc,240
2020-10-01,N22000419,194,KARAILA ROAD - SHAKTINAGAR DOUBLING,Central Railways,ECR,UTTAR PRADESH,2015-08-01,2019-03-01,2021-03-01,528.57,528.57,169.18,,,,,,delayed,355
2020-10-01,N30000010,194,STP AT PANKHA KANPUR AND INTEGRATION WITH EXISTING STPS,Bihar Urban Infrastructure Development Corporation Ltd,,,2018-03-01,2021-09-01,2021-09-01,967.23,967.23,,,,,,,on_schedule,334
2020-10-01,N24000402,194,REHABILITATION AND UPGRADING TO 2 LANES/2 LANE WITH PAVED SHOULDERS CONFIGURATION OF ANISABAD-AURANG,Ministry Of Road Transport And Highways (State Pwds),MoRTH,BIHAR,1991-01-01,2016-10-01,,358.22,,,,,,,,without_doc,240
2020-10-01,N22000002,195,MANSI-PURNIA (EXTENSION OF MANSI-SAHARSA) GAN ECR,Central Railways,ECR,BIHAR,1996-04-01,2012-03-01,2021-05-01,477.88,751.55,679.58,,751.55,,,,delayed,355
2020-10-01,N24000407,195,FOUR LANING OF 5.122 KM OF NH 9 (NEW NH 65) FROM KM 269/900 (DESIGN CH. 0/0) TO KM 275/022 (DESIGN C,Ministry Of Road Transport And Highways (State Pwds),MoRTH,ANDHRA PRADESH,2015-10-01,2015-11-01,,333.21,,,,,,,,without_doc,240
2020-10-01,N22000350,196,RAMPUR DUMRA - TAL - RAJENDRAPUL DOUBLING INCLUDING GANGA BRIDGE,Central Railways,ECR,BIHAR,2015-12-01,2020-03-01,2021-12-01,1491.47,1491.47,454.95,,,,,,delayed,355
2020-10-01,N24000411,196,STRENGTHENING AND WIDENING OF NH-44 FROM KM.173.125 TO KM. 272.241 OF NH-44 AND ALONG THE KARIMGANJ,Ministry Of Road Transport And Highways (State Pwds),MoRTH,ASSAM,2014-11-01,2018-02-01,,218.31,,,,,,,,without_doc,240
2020-10-01,N22000181,197,JAYNAGAR-BIJALPURA INCLUDING EXTENSION BIJALPURA-BARDIBAS(NEPAL) GC,Central Railways,ECR,BIHAR,2009-04-01,2020-03-01,2022-03-01,548,819.01,516.75,,,,,,delayed,356
2020-10-01,N24000414,197,REHABILITATION AND UPGRADING TO 2 LANES/2 LANE WITH PAVED SHOULDERS CONFIGURATION OF NABARANGPUR-KOK,Ministry Of Road Transport And Highways (State Pwds),MoRTH,ODISHA,1991-01-01,2018-05-01,,229.41,,,,,,,,without_doc,240
2020-10-01,N22000472,198,SAGAULI VALMIKINAGAR DOUBLING 109.7 KM,Central Railways,ECR,BIHAR,2016-04-01,2021-03-01,2022-03-01,744.04,1215.54,287.91,,,,,,delayed,356
2020-10-01,N24000415,198,CONSTRUCTION OF A NEW 2-LANE HIGHWAY FROM KM 0.00 (ON NH-54 NEAR LAWNGTLAI),Ministry Of Road Transport And Highways (State Pwds),MoRTH,MIZORAM,2010-08-01,2010-10-01,,195.04,,,,,,,,without_doc,240
2020-10-01,N22000473,199,MUZAFFARPUR SAGAULI DOUBLING 100.60 KM,Central Railways,ECR,BIHAR,2016-04-01,2021-03-01,2022-06-01,731.64,1185.73,149.95,,1185.73,,,,delayed,356
2020-10-01,N24000417,199,REHABILITATION AND UP-GRADATION OF NH-149 FROM KM 0.00 TO KM 68.280 (PALLAHARA-PITRI JUNCTION) IN TH,Ministry Of Road Transport And Highways (State Pwds),MoRTH,ODISHA,2014-07-01,2017-01-01,,342.05,,,,,,,,without_doc,240
2020-10-01,220100240,200,"JAYANAGAR-DARBHANGA- NARKATIA GANJ(GC),ECR",Central Railways,ECR,BIHAR,1997-04-01,2012-03-01,2022-11-01,324.73,1060,1061.05,,898.53,,,,delayed,356
2020-10-01,N24000444,200,CONSTRUCTION OF BRIDGE INCLUDING APPROACHES ACROSS RIVER ZUARI ON NH-17 (NH-66) ON PANJIM-MANGALORE,Ministry Of Road Transport And Highways (State Pwds),MoRTH,GOA,2015-10-01,,,936.4,,,,,,,,without_doc,240
2020-10-01,N22000349,201,KIUL - GAYA DOUBLING PROJECT,Central Railways,ECR,BIHAR,2015-12-01,2020-03-01,2023-03-01,1200.2,1200.2,758.43,,1200.2,,,,delayed,356
2020-10-01,N24000467,201,NH 79 OF CHITTORGARH NEEMUCH MP BORDER KM 183 000 TO KM 221 400 BY FOUR LANING WITH PAVED SHOULDER A,Ministry Of Road Transport And Highways (State Pwds),MoRTH,RAJASTHAN,2012-09-01,2013-10-01,,511,,,,,,,,without_doc,240
2020-10-01,N22000315,202,SAMBALPUR-TALCHER DOUBLING,Central Railways,ECOR,ODISHA,2011-03-01,2019-02-01,2021-12-01,1111.99,1539.28,1065.4,,1539.28,2021-12-01,,,delayed,356
2020-10-01,N24000470,202,NH 79 CHITTORGARH NEEMUCH MP BORDER FOUR LANING AND NH 113 NIMBAHERA PRATAPGARH TWO LANING,Ministry Of Road Transport And Highways (State Pwds),MoRTH,RAJASTHAN,2012-09-01,2013-10-01,,511,,,,,,,,without_doc,240
2020-10-01,N22000319,203,SAMBALPUR - ANGUL RLY. ELECTRIFICATION,Central Railways,ECOR,ODISHA,2012-03-01,2020-03-01,2022-03-01,155.81,238.03,215.33,,238.03,2021-03-01,,,delayed,356
2020-10-01,N24000511,203,WIDNG WITH PS AND STRNG FROM KM.0.00 TO 50.675 OF NH-730A EPC MODE,Ministry Of Road Transport And Highways (State Pwds),MoRTH,UTTAR PRADESH,2013-05-01,2015-08-01,,164.54,,,,,,,,without_doc,241
2020-10-01,N22000318,204,KIRANDUL - JAGDALPUR DOUBLING,Central Railways,ECOR,CHHATISGAR H,2012-12-01,2020-03-01,2023-03-01,1160,1160.83,858.75,,1160.83,2023-03-01,,,delayed,356
2020-10-01,N24000514,204,WIDENING TO 4/6 LANES OF EXISTING NH-17 FROM KM 531/934 (AFTER ZUARI BR.) TO KM 536/250 JN. WITH VER,Ministry Of Road Transport And Highways (State Pwds),MoRTH,GOA,2015-12-01,,,773.98,,,,,,,,without_doc,241
2020-10-01,N22000376,205,JAGADALPUR-KORAPUT DOUBLING,Central Railways,ECOR,ODISHA,2015-04-01,2022-03-01,2023-03-01,1547.38,1547.38,538.33,,1547.38,2023-03-01,,,delayed,356
2020-10-01,N24000516,205,WIDENING TO 4/6/8 LANES OF EXISTING NH-17 FROM KM 522/615 (NEAR GMC) TO KM 530/850 JOINING NEW ZUIAR,Ministry Of Road Transport And Highways (State Pwds),MoRTH,GOA,2015-12-01,,,819.95,,,,,,,,without_doc,241
2020-10-01,N22000316,206,BHADRAK - NERGUNDI 3RD LINE,Central Railways,ECOR,ODISHA,2013-03-01,2020-10-01,2024-03-01,843.04,843.04,179.22,,843.04,2024-03-01,,,delayed,356
2020-10-01,N24000519,206,REHABILITATION AND UPGRADING TO 2 LANES-2 LANE WITH PAVED SHOULDERS CONFIGURATION OF,Ministry Of Road Transport And Highways (State Pwds),MoRTH,BIHAR,1991-01-01,,,478.35,,,,,,,,without_doc,241
2020-10-01,N22000380,207,JARAPADA - BUDHAPANK WITH FLY OVER AT TALCHER ROAD 3RD AND 4TH LINE,Central Railways,ECOR,ODISHA,2015-04-01,2018-11-01,2024-03-01,701.61,810.02,161.54,,810.02,2024-03-01,,,delayed,356
2020-10-01,N24000523,207,WIDENING TO 2 LANE AND IMPROVEMENT FROM KM 100/700 TO 186/700 OF VIJAYWADA RANCI ROUTE IN ODISHA,Ministry Of Road Transport And Highways (State Pwds),MoRTH,ODISHA,2011-12-01,2017-11-01,,159.39,,,,,,,,without_doc,241
2020-10-01,N22000381,208,BUDHAPANK - SALEGAON VIA RAJATGARH 3RD AND 4TH LINE.,Central Railways,ECOR,ODISHA,2015-04-01,2018-12-01,2024-03-01,1172.92,1172.92,567.54,,1172.92,2024-03-01,,,delayed,356
2020-10-01,N24000524,208,WIDENING STG.OF EXISTING TWO-LANE CARRIAGEWAY TO FOUR LANES WITH PAVED SIDE SHOULDERS OF HARIKE-ZIRA,Ministry Of Road Transport And Highways (State Pwds),MoRTH,PUNJAB,2015-06-01,,,892.17,,,,,,,,without_doc,241
2020-10-01,220100328,209,TALCHER- BIMALAGARH(NL)(ECOR),Central Railways,ECOR,ODISHA,2005-04-01,2021-06-01,2025-03-01,810.78,1928.07,818.54,,1928.07,2025-03-01,,,delayed,356
2020-10-01,N24000527,209,WIDENING TO 2 LANE AND IMPROVEMENT VIJAYWADA RANCI ROUTE FROM KM 377-700 TO 471-900 (BERHMAPUR-TAPTA,Ministry Of Road Transport And Highways (State Pwds),MoRTH,ODISHA,2011-12-01,2015-08-01,,191.08,,,,,,,,without_doc,241
2020-10-01,220100284,210,KHURDA ROAD- BOLANGIR(NL)ECOR,Central Railways,ECOR,ODISHA,1994-04-01,2009-03-01,2026-03-01,2923.13,3791.66,1377.65,,3791.66,2026-03-01,,,delayed,356
2020-10-01,N24000530,210,REHABILITATION AND UPGRADING TO 2 LANES/2 LANE WITH PAVED SHOULDERS CONFIGURATION OF SITAMARHIKM 40,Ministry Of Road Transport And Highways (State Pwds),MoRTH,BIHAR,1991-01-01,,,154.62,,,,,,,,without_doc,241
2020-10-01,N22000377,211,KOTTAVALSA - KORAPUT DOUBLING,Central Railways,ECOR,ANDHRA PRADESH,2015-04-01,2022-03-01,2026-03-01,2499.71,2499.71,560.95,,2499.71,2026-03-01,,,delayed,356
2020-10-01,N24000531,211,REHABILITATION AND UPGRADING TO 2 LANES/2 LANE WITH PAVED SHOULDERS (KM 40 TO KM 219.945) OF NH-104,Ministry Of Road Transport And Highways (State Pwds),MoRTH,BIHAR,1991-01-01,,,319.68,,,,,,,,without_doc,241
2020-10-01,N22000379,212,KORAPUT - SINGAPUR ROAD DOUBLING,Central Railways,ECOR,ODISHA,2015-04-01,2022-03-01,2026-03-01,2361.74,2361.74,317.87,,2361.74,2026-03-01,,,delayed,357
2020-10-01,N24000537,212,REHABILITATION AND UPGRADING TO 2 LANE WITH PAVED SHOULDERS CONFIGURATION AND STRENGTHENING OF ANISH,Ministry Of Road Transport And Highways (State Pwds),MoRTH,BIHAR,2013-10-01,2014-08-01,,278.39,,,,,,,,without_doc,241
2020-10-01,N22000230,213,HOWRAH DIVISION- PLATFORM SHELTER (40 C CATEGORY STATIONS),Central Railways,ER,MULTI STATE,2010-04-01,2018-11-01,2021-03-01,157.94,157.94,51.75,,,,,,delayed,357
2020-10-01,N24000574,213,"ENGINEERING, PROCUREMENT, AND CONSTRUCTION OF REHABILITATION AND UPGRADING TO 2-LANES/2 -LANE WITH P",Ministry Of Road Transport And Highways (State Pwds),MoRTH,BIHAR,2013-11-01,2016-07-01,,683.83,,,,,,,,without_doc,241
2020-10-01,N22000236,214,HANSDIHA-GODDA NL,Central Railways,ER,MULTI STATE,2011-04-01,2020-03-01,2021-03-01,542.18,663.13,502.18,,,,State Govt. is requested to,,delayed,357
2020-10-01,N24000575,214,REHABILITATION AND UPGRADING TO 2 LANES/2 LANE WITH PAVED SHOULDERS CONFIGURATION AND STRENGTHENING,Ministry Of Road Transport And Highways (State Pwds),MoRTH,BIHAR,2014-02-01,2016-07-01,,665.5,,,,,,,,without_doc,241
2020-10-01,220100273,215,"DEOGHAR - SULTANGANJ (INL), ER",Central Railways,ER,MULTI STATE,2000-04-01,2013-02-01,2024-03-01,607.09,1425.44,637.87,,,,,,delayed,357
2020-10-01,N24000576,215,"ENGINEERING, PROCUREMENT, AND CONSTRUCTION OF REHABILITATION AND UPGRADING TO 2-LANES/2 -LANE WITH P",Ministry Of Road Transport And Highways (State Pwds),MoRTH,BIHAR,2016-02-01,2016-05-01,,178.85,,,,,,,,without_doc,241
2020-10-01,220100272,216,"TARAKESWAR - BISHNUPUR NEW BG LINE (NL), ER",Central Railways,ER,WEST BENGAL,2000-04-01,2019-03-01,2025-03-01,1188.91,1619.48,894.66,,,2009-12-01,1.,,delayed,357
2020-10-01,N24000577,216,"ENGINEERING, PROCUREMENT, AND CONSTRUCTION OF REHABILITATION AND UPGRADING TO 2-LANES/2 -LANE WITH P",Ministry Of Road Transport And Highways (State Pwds),MoRTH,BIHAR,2016-02-01,2016-06-01,,369.77,,,,,,,,without_doc,241
2020-10-01,N22000091,217,BARDHAMAN-KATWA (GC),Central Railways,ER,WEST BENGAL,2007-04-01,2010-12-01,2025-03-01,1106.62,1091.59,952.37,,,2017-12-01,Govt. of West Bengal to,,delayed,357
2020-10-01,N24000578,217,"ENGINEERING, PROCUREMENT, AND CONSTRUCTION OF REHABILITATION AND UPGRADING TO 2-LANES/2 -LANE WITH P",Ministry Of Road Transport And Highways (State Pwds),MoRTH,BIHAR,2016-02-01,2016-05-01,,553.3,,,,,,,,without_doc,241
2020-10-01,N22000216,218,"LAKSHMIKANTAPUR-NAMKHANA SUBSEQUENTLY MM FOR NAMKHANA-CHANDRANAGAR, KAKDWIP-BUDAKHALI AND CHANDRANAG",Central Railways,ER,MULTI STATE,1987-04-01,2006-03-01,2025-03-01,406.99,545.7,149.3,,,,Land is required for,,delayed,358
2020-10-01,N24000579,218,FOUR LANING OF GAYA-HISUA-RAJGIRI-NALANDA-BIHARSHARIF SECTION (KM0.00 TO 92.935) ON NH-82 IN BIHAR,Ministry Of Road Transport And Highways (State Pwds),MoRTH,BIHAR,2014-01-01,2016-10-01,,1408.85,,,,,,,,without_doc,241
2020-10-01,N22000219,219,PIRPAINTI-JASIDIH,Central Railways,ER,MULTI STATE,2013-04-01,2022-03-01,2025-03-01,915.98,2137.81,339.55,,,,1. Jharkhand & Bihar,,delayed,358
2020-10-01,N24000580,219,STRENGTHENING AND WIDENING WORK OF EXISTING 2-LANE TO TWO LANE WITH PAVED SHOULDER AND GEMETRIC IMPR,Ministry Of Road Transport And Highways (State Pwds),MoRTH,BIHAR,2015-03-01,2016-07-01,,206.8,,,,,,,,without_doc,241
2020-10-01,N22000224,220,KALINARAYANPUR- KRISHNANAGAR DOUBLING ALONGWITH KRISHNANAGAR - CHAPRA NEW LINE AND NAIHATI-RANAGHAT 3,Central Railways,ER,MULTI STATE,2001-04-01,2016-03-01,2025-03-01,923.52,995.1,636.2,,,,1 Krishnanagar City,,delayed,358
2020-10-01,N24000581,220,CONSTRUCTION OF BHAGALPUR BYPASS FROM KM 124/175 TO 140/200 OF NH-80 UNDER EPC MODE,Ministry Of Road Transport And Highways (State Pwds),MoRTH,BIHAR,2015-08-01,2015-11-01,,288.24,,,,,,,,without_doc,241
2020-10-01,N22000225,221,"CHINPAI-SAINTHIA DOUBLING, MM FOR PRANTI-SURI, CHOWRIGACHA-SAINTHIA VIA KANDI NL",Central Railways,ER,MULTI STATE,2005-04-01,2017-03-01,2025-03-01,595.51,769.4,103.51,,,,Suri – Prantik New Line,,delayed,358
2020-10-01,N24000584,221,4-LANNING OF NH17 AND NEW NO. NH66 FROM KM 161/600 TO 205/400 UNDER HYBRID ANNUITY MODE,Ministry Of Road Transport And Highways (State Pwds),MoRTH,MAHARASHTRA,2016-03-01,,,1142.62,,,,,,,,without_doc,242
2020-10-01,N22000228,222,SONDALIA-CHAMPAPUKUR DOUBLING WITH NEW MM FOR BIRA-CHAKIA NL,Central Railways,ER,MULTI STATE,2010-04-01,2016-03-01,2025-03-01,277.28,266.32,178.98,,,,For Bira - Chakla (11.50),,delayed,358
2020-10-01,N24000585,222,4-LANNING OF NH17 AND NEW NO. NH66 FROM KM 241/300 TO 281/300 UNDER HYBRID ANNUITY MODE,Ministry Of Road Transport And Highways (State Pwds),MoRTH,MAHARASHTRA,2016-03-01,,,1101.58,,,,,,,,without_doc,242
2020-10-01,N22000229,223,"DANKUNI-CHANDANPUR 4TH LINE, 1ST PHASE OF DANKUNI- SHAKTIGARH 4TH LINE WITH MM BARUIPARA FURFURA NL",Central Railways,ER,MULTI STATE,2010-04-01,2017-03-01,2025-03-01,365.17,340.1,356.84,,,,Baruipara – Furfura (12.30,,delayed,359
2020-10-01,N24000610,223,"REHABILIATION OF 4-LANE 5.575 KM LONG,4-LANE MG SETU OVER GANGA RIVER ON NH-19 FROM KM 212.72 TO KM",Ministry Of Road Transport And Highways (State Pwds),MoRTH,BIHAR,2016-08-01,2016-12-01,,1742.01,,,,,,,,without_doc,242
2020-10-01,N22000240,224,"NEW ALIPUR TO AKRA, MM FOR BUDGE BUDGE-PUJALI NL, PUJALI-ULUBERIA(BIRSHIVPUR) AND PUJALI-BAHRAHAT NL",Central Railways,ER,MULTI STATE,2010-04-01,2005-03-01,2025-03-01,494.54,494.59,32,,,,Budge Budge to Pujali,,delayed,359
2020-10-01,N24000639,224,WIDENING AND STRENFTHENING OF EXISITNG SL IL TO 2 LANE CARRIAGEWAY WITH PAVED SHOULDER INCLUDING GEO,Ministry Of Road Transport And Highways (State Pwds),MoRTH,ODISHA,2014-03-01,2016-05-01,,191.5,,,,192,,,,without_doc,242
2020-10-01,N22000243,225,MAGRAHAT-DIAMOND HARBOUR WITH MM SANGRAMPUR- KRISHANCHANDPUR AND DIAMOND HATBOUR - BAHRAHAT-KULPI NL,Central Railways,ER,MULTI STATE,2009-04-01,2012-02-01,2025-03-01,499.96,680.68,162.55,,,,Sangrampur –,,delayed,359
2020-10-01,N24000640,225,WIDENING AND STRENGTHENING OF EXISTING SINGLE INTERMEDIATE LANE CARRIAGEWAY TO 2 LANE CARRIAGE WAY W,Ministry Of Road Transport And Highways (State Pwds),MoRTH,ODISHA,2015-01-01,2018-04-01,,326.63,,,,327,,,,without_doc,242
2020-10-01,N22000244,226,"LILUAH-DANKUNI 3RD LINE, MM FOR DANKUNI-JONGALPARA- FURFURA SHARIF NL",Central Railways,ER,MULTI STATE,2009-04-01,2014-03-01,2025-03-01,257.42,257.42,106,,,,226.542 acres of land,,delayed,359
2020-10-01,N24000641,226,WIDENING AND STRENGTHENING OF EXISTING SL IL DL TO 2 LANE CARRIAGEWAY WITH PAVED SHOULDER FROM KM,Ministry Of Road Transport And Highways (State Pwds),MoRTH,ODISHA,2015-02-01,2017-10-01,,239.91,,,,240,,,,without_doc,242
2020-10-01,N22000239,227,PRINCEPGHAT-MAJERHAT DOUBLING OF CIRCULAR RAILWAY,Central Railways,ER,MULTI STATE,2011-04-01,2017-03-01,2026-03-01,299.6,335.62,1.12,,,,,,delayed,359
2020-10-01,N24000644,227,REHABILITATION AND UPGRADATION OF NH-149 FROM KM 0.00 TO KM 68.280 (PALLAHARA TO PITRI JUNCTION) IN,Ministry Of Road Transport And Highways (State Pwds),MoRTH,ODISHA,2014-07-01,2017-01-01,,342.05,,,,342,,,,without_doc,242
2020-10-01,N22000489,228,KHARSIA DHARAMJAIGARH WITH SPUR LINE EAST CORRIDOR-PHASE I,Central Railways,IRCON,CHHATISGAR H,2013-04-01,2018-09-01,2021-12-01,3055,3055.15,2386.05,,,,1-Agitation by Land losers.,,delayed,359
2020-10-01,N24000645,228,REHABILITATION AND UPGRADING TO 2 LANE WITH PAVED SHOULDER CONFIGURATION AND STRENGTHENING OF NAUPAR,Ministry Of Road Transport And Highways (State Pwds),MoRTH,ODISHA,2013-08-01,2016-06-01,,171.96,,,,172,,,,without_doc,242
2020-10-01,N22000418,229,EXECUTION OF RAIL CONNECTIVITY PROJECT FOR COAL TRANSPORTATION IN ODISHA FOR MCRL,Central Railways,IRCON,ODISHA,2016-04-01,2020-03-01,2023-06-01,5200,1700.43,48,,,,,,delayed,359
2020-10-01,N24000646,229,WIDENING OF EXISTING IL DL TO 2-LANE WITH 1.5 M WIDE PAVED SHOULDER FROM KM 0.0 TO KM 45.750 (BOLANG,Ministry Of Road Transport And Highways (State Pwds),MoRTH,ODISHA,2016-06-01,2018-06-01,,157.3,,,,157,,,,without_doc,242
2020-10-01,N22000488,230,GEVRA ROAD PENDRA ROAD,Central Railways,IRCON,CHHATISGAR H,2014-02-01,2022-03-01,2024-06-01,2288,4970.11,849.31,,,,,,delayed,359
2020-10-01,N24000772,230,RECONSTRUCTION WITH GEOMETRIC IMPROVEMENT OF EXISTING 2 LANE/INTERMEDIATE LANE TO 2LANE WITH PAVED S,Ministry Of Road Transport And Highways (State Pwds),MoRTH,UTTARAKHAND,2017-12-01,2019-12-01,,257.34,,,,,,,,without_doc,242
2020-10-01,N22000092,231,MUMBAI URBAN TRANSPORT PROJECT PHASE-II,Central Railways,MRTP,MAHARASHTR A,2008-04-01,2014-03-01,2021-03-01,5300,918.53,284.75,,,,,,delayed,360
2020-10-01,N24000773,231,RECONSTRUCTION WITH GEOMETRIC IMPROVEMENT OF EXISTING 2 LANE/INTERMEDIATE LANE TO 2LANE WITH PAVED S,Ministry Of Road Transport And Highways (State Pwds),MoRTH,UTTARAKHAND,2017-12-01,2019-12-01,,200.34,,,,,,,,without_doc,242
2020-10-01,N22000135,232,EAST WEST METRO CORRIDOR FROM HOWRAH MAIDAN TO SALT LAKE,Central Railways,MRTP,WEST BENGAL,2013-03-01,2016-03-01,2021-06-01,4874.58,8574.97,5892.72,,,,,,delayed,360
2020-10-01,N24000774,232,WIDENING OF EXISTING SINGLE LANE ROAD TO TWO LANE WITH PAVED SHOULDERS CONFIGURATION FROM KM. 235.00,Ministry Of Road Transport And Highways (State Pwds),MoRTH,UTTARAKHAND,2017-12-01,2019-12-01,,248.22,,,,,,,,without_doc,242
2020-10-01,N22000028,233,"EXTENSION OF MRTS FROM VELACHERY TO STN. THOMAS, MTP",Central Railways,MRTP,TAMIL NADU,2006-04-01,2013-06-01,2021-12-01,495.74,734.01,481.29,,,,,,delayed,360
2020-10-01,N24000775,233,RECONSTRUCTION WITH GEOMETRIC IMPROVEMENT OF EXISTING 2 LANE/INTERMEDIATE LANE TO 2LANE WITH PAVED S,Ministry Of Road Transport And Highways (State Pwds),MoRTH,UTTARAKHAND,2017-06-01,2019-06-01,,282.08,,,,,,,,without_doc,242
2020-10-01,220100164,234,BELAPUR-SEAWOOD-URAN ELECTRIFIED DOUBLE LINE(MTP),Central Railways,MRTP,MAHARASHTR A,1996-03-01,2004-03-01,2022-03-01,495.44,2980.41,1552.82,,,,,,delayed,360
2020-10-01,N24000776,234,RECONSTRUCTION WITH GEOMETIC IMPROVEMENT OF EXISTING TWO LANE TO 2- LANE WITH PAVED SHOULDERS CONFIG,Ministry Of Road Transport And Highways (State Pwds),MoRTH,UTTARAKHAND,2017-11-01,2019-11-01,,232.81,,,,,,,,without_doc,242
2020-10-01,N22000148,235,GWALIOR-SEOPURKALA WITH EXTENSION TO KOTA (GC),Central Railways,NCR,MULTI STATE,2011-04-01,2022-03-01,2024-12-01,2912.96,3845.6,148.26,,,,,,delayed,360
2020-10-01,N24000777,235,RECONSTRUCTION WITH GEOMETIC IMPROVEMENT OF SINGLE LANE TO 2- LANE WITH PAVED SHOULDER CONFIGURATION,Ministry Of Road Transport And Highways (State Pwds),MoRTH,UTTARAKHAND,2017-11-01,2019-11-01,,283.51,,,,,,,,without_doc,242
2020-10-01,N22000210,236,AMBARI FALAKATA TO NEW MAYNAGURI,Central Railways,NFR,ASSAM,2011-04-01,2019-03-01,2021-01-01,314,804.14,777.27,,804.14,,,,delayed,360
2020-10-01,N24000778,236,RECONSTRUCTION WITH GEOMETRIC IMPROVEMENT OF EXISTING SINGLE/INTERMEDIATE LANE TO 2LANE WITH PAVED S,Ministry Of Road Transport And Highways (State Pwds),MoRTH,UTTARAKHAND,2017-11-01,2019-11-01,,266.52,,,,,,,,without_doc,242
2020-10-01,220100266,237,"NEW MAYNAGURI TO JOGIGHOPA VIA CHANGRABANDHA (NL),NEFR",Central Railways,NFR,MULTI STATE,2000-04-01,2008-12-01,2021-02-01,1180.19,4541.38,3565.76,,4133,,,,delayed,360
2020-10-01,N24000779,237,RECONSTRUCTION WITH GEOMETRIC IMPROVEMENT OF EXISTING SINGLE/INTERMEDIATE LANE TO 2 LANE WITH EAR,Ministry Of Road Transport And Highways (State Pwds),MoRTH,UTTARAKHAND,2018-02-01,2020-02-01,,418.88,,,,,,,,without_doc,242
2020-10-01,N22000389,238,DIGARU-HOJAI (102 KM),Central Railways,NFR,ASSAM,2015-04-01,2021-03-01,2021-05-01,870.96,1873.21,964.72,,2136.01,,,,delayed,360
2020-10-01,N24000780,238,REHABILITATION AND UP GRADATION OF 2 LANE/ 2 LANE WITH PAVED SHOULDER FROM EXISTING KM. 172.900 TO K,Ministry Of Road Transport And Highways (State Pwds),MoRTH,UTTARAKHAND,2018-02-01,,,293.68,,,,,,,,without_doc,242
2020-10-01,N22000195,239,AGARTALA-AKHAURA NL,Central Railways,NFR,TRIPURA,2012-04-01,2020-03-01,2021-09-01,569.63,670,82.81,,,,,,delayed,360
2020-10-01,N24000781,239,CONSTRUCTION OF KUND BYPASS FROM EXISTING KM 33+130 TO KM 41+260 (EXISTING LENGTH: 8.130 KM); DESIGN,Ministry Of Road Transport And Highways (State Pwds),MoRTH,UTTARAKHAND,2018-05-01,2020-05-01,,248,,,,,,,,without_doc,243
2020-10-01,220100288,240,JIRIBAM TO IMPHAL (TUPUI)(NL)(NEFR),Central Railways,NFR,MANIPUR,2003-04-01,2011-03-01,2023-03-01,4454.17,12264.15,10529.75,,12524,,,,delayed,360
2020-10-01,N24000782,240,REHABILITATION AND UPGRADATION OF 2 LANE WITH PAVED SHOULDER FROM EXISTING KM. 195.175 TO KM. 220.00,Ministry Of Road Transport And Highways (State Pwds),MoRTH,UTTARAKHAND,2018-03-01,,,460.73,,,,,,,,without_doc,243
2020-10-01,N22000086,241,"NEW B.G. LINE FROM TETELIA TO BYRNIHAT (NATIONAL PROJECT), NEFR",Central Railways,NFR,ASSAM,2006-09-01,2019-03-01,2023-03-01,385.2,1105,759.03,,780,,,,delayed,360
2020-10-01,N24000820,241,Rehabilitation and up gradation to 2 lane with paved shoulder configuration from existing km. 122.00,Ministry Of Road Transport And Highways (State Pwds),MoRTH,A & N ISLANDS,2017-11-01,2019-11-01,,237.8,,,,,,,,without_doc,243
2020-10-01,N22000102,242,"SEVOK RANGPO, NEFR",Central Railways,NFR,SIKKIM,2008-04-01,2015-12-01,2023-03-01,1339.48,8600,601.48,,4084.69,2023-03-01,,,delayed,360
2020-10-01,N24000821,242,RECONSTRUCTION WITH GEOMETRIC IMPROVEMENT OF EXISTING 2 LANE/INTERMEDIATE LANE TO 2LANE WITH PAVED S,Ministry Of Road Transport And Highways (State Pwds),MoRTH,A & N ISLANDS,2017-11-01,2019-11-01,,257.34,,,,,,,,without_doc,243
2020-10-01,N22000124,243,NEW LINE FROM DIMAPUR TO ZUBZA(KOHIMA) NATIONAL PROJECT (NEFR),Central Railways,NFR,NAGALAND,2006-04-01,2015-03-01,2023-03-01,2326.52,7114.55,1036.41,,6986.47,2023-03-01,,,delayed,360
2020-10-01,N24000876,243,REHABILITATION AND UPGRADATION TO 2-LANE WITH PAVED SHOULDER CONFIGURATION OF NANDAKUMAR-CONTAI-CHAN,Ministry Of Road Transport And Highways (State Pwds),MoRTH,WEST BENGAL,2017-01-01,2019-09-01,,396.86,,,,396.86,,,,without_doc,243
2020-10-01,N22000183,244,NEW BONGAIGAON-RANGIA- KAMAKGHYA DOUBLING,Central Railways,NFR,MULTI STATE,2013-04-01,2019-03-01,2023-03-01,1798,2047.51,26.26,,2047.51,,,,delayed,361
2020-10-01,N24000879,244,UPGRADATION OF NH-31C WITH A MINIMUM OF 2-LANE WITH PAVED SHOULDER CONFIGURATION STARTING FROM KM 10,Ministry Of Road Transport And Highways (State Pwds),MoRTH,WEST BENGAL,2017-03-01,2019-11-01,,202.69,,,,202.69,,,,without_doc,243
2020-10-01,N22000208,245,MURKONGSELEK-PASIGHAT NL,Central Railways,NFR,MULTI STATE,2011-04-01,2020-03-01,2023-03-01,414.84,750,150.77,,1322,,,,delayed,361
2020-10-01,N24000880,245,UPGRADATION OF NH-81 WITH A MINIMUM OF 2-LANE WITH PAVED SHOULDER CONFIGURATION STARTING FROM KM 19.,Ministry Of Road Transport And Highways (State Pwds),MoRTH,WEST BENGAL,2018-02-01,2020-09-01,,426.18,,,,426.18,,,,without_doc,243
2020-10-01,N22000388,246,BONGAIGAON-GOALPARA- GUWAHATI (176 KM),Central Railways,NFR,ASSAM,2015-04-01,2022-03-01,2023-03-01,2232.32,2950,1310.15,,2232.32,2023-03-01,,,delayed,361
2020-10-01,N24000882,246,UPGRADATION OF NH-512 WITH A MINIMUM 2-LANE WITH PAVED SHOULDER CONFIGURATION STARTING FROM CH 82.4,Ministry Of Road Transport And Highways (State Pwds),MoRTH,WEST BENGAL,2018-02-01,2020-11-01,,218.7,,,,218.7,,,,without_doc,243
2020-10-01,N22000100,247,"BHAIRABI SAIRONG, NL, NEFR",Central Railways,NFR,MIZORAM,2008-04-01,2014-03-01,2023-12-01,2393.47,5521.45,3763.63,,5021.45,2023-12-01,,,delayed,361
2020-10-01,N24000908,247,CONSTN. OF 4 LANING IN KM.69.00 TO 100.00 DESIGN RD 94.600 TO 125.920 PACKAGE IV (EPC),Ministry Of Road Transport And Highways (State Pwds),MoRTH,HARYANA,2017-01-01,2019-03-01,,276.01,,,,,,,,without_doc,243
2020-10-01,N22000087,248,"NEW B.G. LINE FROM ARARIA TO GALGALIA (THAKURGUNG), NEFR",Central Railways,NFR,BIHAR,2006-09-01,2019-03-01,2024-03-01,532.87,2145,967.13,,2145,2024-03-01,,,delayed,361
2020-10-01,N24000911,248,WIDENING TO 2LPS FROM 181/0 TO 239/28 (BHAWANIPATNA TO KOKSARA) OF NH-26.,Ministry Of Road Transport And Highways (State Pwds),MoRTH,ODISHA,2016-03-01,2016-12-01,,165.06,,,,,,,,without_doc,243
2020-10-01,N22000461,249,PILIBHIT - SHAHJAHANPUR GAUGE CONVERSION,Central Railways,NER,UTTAR PRADESH,2017-04-01,2017-04-01,2021-03-01,622.5,426.74,460.8,,427,2021-03-01,,,delayed,361
2020-10-01,N24000912,249,WIDENING TO 2LPS FROM 0/0 TO 119/0 OF NH-157 IN THE STATE OF ODISHA.,Ministry Of Road Transport And Highways (State Pwds),MoRTH,ODISHA,2016-08-01,2017-02-01,,287.7,,,,,,,,without_doc,243
2020-10-01,N22000470,250,"SHAHGANJ-BHATNI-PHEPHNA- INDARA, MAU-SHAHGANJ (EXCL. MAU-INDARA) PATCH DOUBLING.",Central Railways,NER,UTTAR PRADESH,2016-04-01,2019-12-01,2021-04-01,1177.96,1028.95,45.56,,,,,,delayed,361
2020-10-01,N24000913,250,WIDENING TO 2LPS FROM 50/0 TO 140/9 OF NH-57 (SONEPUR TO MADHAPUR) IN THE STATE OF ODISHA,Ministry Of Road Transport And Highways (State Pwds),MoRTH,ODISHA,2016-09-01,2017-02-01,,295.67,,,,,,,,without_doc,243
2020-10-01,N22000456,251,INDARA - DOHRIGHAT GAUGE CONVERSION.,Central Railways,NER,UTTAR PRADESH,2016-04-01,2016-04-01,2021-12-01,213,213.35,28.8,,,2021-12-01,,,delayed,361
2020-10-01,N24000914,251,WIDENING TO 2LPS FROM 239/9 TO 294/3 OF NH-57 (NAYAGARH TO KHURDA) IN THE STATE OF ODISHA,Ministry Of Road Transport And Highways (State Pwds),MoRTH,ODISHA,2016-12-01,2018-08-01,,223.5,,,,,,,,without_doc,243
2020-10-01,N22000134,252,CHHAPRA-BALLIA UP,Central Railways,NER,MULTI STATE,2013-03-01,2019-01-01,2022-02-01,295,477.31,482.22,,,2022-02-01,,,delayed,361
2020-10-01,N24000915,252,WIDENING TO 2LPS FROM 58/00 TO 116/10 OF NH-153B (NAKTIDEUL TO BOUDH) IN THE STATE OF ODISHA,Ministry Of Road Transport And Highways (State Pwds),MoRTH,ODISHA,2016-12-01,2018-04-01,,206.88,,,,,,,,without_doc,243
2020-10-01,N22000469,253,AUNRIHAR - JAUNPUR PATCH DOUBLING .,Central Railways,NER,UTTAR PRADESH,2016-04-01,2022-01-01,2022-03-01,600,366.71,169.83,,,,,,delayed,361
2020-10-01,N24000916,253,WIDENING TO 2LPS FROM 173/37 TO 229/40 OF NH-59 IN THE STATE OF ODISHA,Ministry Of Road Transport And Highways (State Pwds),MoRTH,ODISHA,2018-03-01,2018-08-01,,214.23,,,,,,,,without_doc,243
2020-10-01,N22000462,254,ETAH - KASGANJ - NEW LINE,Central Railways,NER,UTTAR PRADESH,2017-04-01,2017-04-01,2022-04-01,276.9,276.9,,,,,,,delayed,361
2020-10-01,N24000917,254,WIDENING TO 2LPS FROM 269/30 TO 328/20 OF NH-49 IN THE STATE OF ODISHA,Ministry Of Road Transport And Highways (State Pwds),MoRTH,ODISHA,2018-03-01,2018-08-01,,199.16,,,,,,,,without_doc,243
2020-10-01,N22000459,255,NANPARA - NEPALGANJ GAUGE CONVERSION.,Central Railways,NER,UTTAR PRADESH,2017-04-01,2017-04-01,2022-10-01,150,150,,,,,,,delayed,361
2020-10-01,N24000920,255,WIDENING FROM TWO LANE TO FOUR LANE WITH PAVED SHOULDER AND STRENGTHNING OF EXISTING PAVEMENT BETWEE,Ministry Of Road Transport And Highways (State Pwds),MoRTH,GUJARAT,2016-03-01,2017-02-01,,223.67,,,,,,,,without_doc,243
2020-10-01,N22000457,256,BAHRAICH - MAILANI GAUGE CONVERSION INCLUDING BY- PASS AT MAILANI.,Central Railways,NER,UTTAR PRADESH,2016-04-01,2022-01-01,2025-03-01,1900,1277.06,,,,2025-03-01,,,delayed,361
2020-10-01,N24000921,256,UPGRADATION TO 2 LANE WITH PAVED SHOULDER WITH RIGID PAVEMETS FROM 37/400 TO KM 66/700 ON NH 848 ON,Ministry Of Road Transport And Highways (State Pwds),MoRTH,GUJARAT,2016-03-01,2016-02-01,,208.34,,,,,,,,without_doc,243
2020-10-01,N22000137,257,BANGURGRAM-GURIYA PATCH DOUBLING,Central Railways,NWR,RAJASTHAN,2012-04-01,2019-12-01,2021-02-01,246.08,395,306.94,,,,,,delayed,362
2020-10-01,N24000922,257,DEVELOPMENT OF CHILODA GANDHINAGAR SARKHEJ OF NH 147 OLD NH 8C FROM KM 0/0 TO KM 44/042 IN THE STATE,Ministry Of Road Transport And Highways (State Pwds),MoRTH,GUJARAT,2017-12-01,2018-11-01,,867.97,,,,,,,,without_doc,243
2020-10-01,N22000155,258,AJMER-BANGURGRAM,Central Railways,NWR,RAJASTHAN,2011-04-01,2019-11-01,2021-03-01,213.39,375,324.37,,,,,,delayed,362
2020-10-01,N24000923,258,UPGRADATION OF NEW NATIONAL HIGHWAY NO 168 TO TWO LANE WITH PAVED SIDE SHOULDER CONFIGURATION BETWEE,Ministry Of Road Transport And Highways (State Pwds),MoRTH,GUJARAT,2018-03-01,2018-11-01,,464.07,,,,,,,,without_doc,244
2020-10-01,N22000152,259,"MAVLI JUNCTION-BARI SADRI, MM OF AJMER- CHITTSURGARH- UDAIPUR",Central Railways,NWR,RAJASTHAN,2013-04-01,2020-03-01,2021-06-01,420.18,420.18,282.54,,,,,,delayed,362
2020-10-01,N24000925,259,CONSTRUCTION OF MISSING LINKS (SINGLE LANE) IN LAKHPAT GADULI HAJIPIR ODMA KHAVDA DHOLAVIRA MAUVANA,Ministry Of Road Transport And Highways (State Pwds),MoRTH,GUJARAT,2018-10-01,2019-05-01,,400.76,,,,,,,,without_doc,244
2020-10-01,220100184,260,"DAUSA-GANGAPUR CITY(NL),NWR",Central Railways,NWR,RAJASTHAN,1997-02-01,2019-02-01,2021-11-01,410.08,860.41,664.4,,780.98,,,,delayed,362
2020-10-01,N24000926,260,CONSTRUCTION OF SIGNATURE BRIDGE BETWEEN DWARKA AND BEY DWARKA AND ITS APPROACHES IN THE STATE OF GU,Ministry Of Road Transport And Highways (State Pwds),MoRTH,GUJARAT,2017-08-01,2018-03-01,,962.43,,,,,,,,without_doc,244
2020-10-01,N22000326,261,PHULERA - DIGANA DOUBLING,Central Railways,NWR,MULTI STATE,2015-05-01,2020-03-01,2022-04-01,600,780,155.47,,,,,,delayed,362
2020-10-01,N24000927,261,REHABILITATION AND UPGRADATION TO 2 LANE WITH PAVED SHOULDER OF MOGA (DESIGN CH 0.000) TO MAKHU (DES,Ministry Of Road Transport And Highways (State Pwds),MoRTH,PUNJAB,2018-03-01,2020-08-01,,293.64,,,,,,,,without_doc,244
2020-10-01,N22000466,262,JODHPUR (RAI KA BAGH) - DEGANA DOUBLING (145 KM),Central Railways,NWR,RAJASTHAN,2018-08-01,2022-08-01,2022-09-01,808.85,808.85,135.39,,,,,,delayed,362
2020-10-01,N24000928,262,FOUR LANING OF 5.122 KM OF NH9(NEW NH 65) FROM KM 269.900(DESIGN CH0.0) TO KM 275/622(DESIGN CH 5.12,Ministry Of Road Transport And Highways (State Pwds),MoRTH,ANDHRA PRADESH,2015-10-01,2015-12-01,,333.21,,,,,,,,without_doc,244
2020-10-01,N22000272,263,ROHTAK-MEHAM HANSI,Central Railways,NR,HARYANA,2012-04-01,2011-12-01,2021-06-01,287,893.45,618.94,,694.6,,,,delayed,362
2020-10-01,N24000930,263,REHABILITATION AND UPGRADATION OF NH67 FROM KM 424.650 TO 487.693 OF GOOTY-TADIPATRI SECTION TO TWO,Ministry Of Road Transport And Highways (State Pwds),MoRTH,ANDHRA PRADESH,2016-11-01,2018-01-01,,378.24,,,,,,,,without_doc,244
2020-10-01,N22000492,264,JALANDHAR-PATHANKOT- JAMMU TAWI,Central Railways,NR,MULTI STATE,2002-03-01,2016-03-01,2021-06-01,625,859,850.5,,,,,,delayed,362
2020-10-01,N24000936,264,REHABILITATION AND UPGRADATION OF NH-42 FROM 76/000 TO KM 102/130 (DESIGN CH. 76/000 TO 99.971 EXCLU,Ministry Of Road Transport And Highways (State Pwds),MoRTH,ANDHRA PRADESH,2018-03-01,2018-08-01,,244.95,,,,245,,,,without_doc,244
2020-10-01,220100133,265,"UDHAMPUR-SRINAGAR- BARAMULLA (NL),NR",Central Railways,NR,JAMMU AND KASHMIR,1995-03-01,2002-11-01,2022-12-01,2500,27949,21853.93,,,,,,delayed,362
2020-10-01,N24000938,265,REHABILITATION AND UPGRADATION OF NEW NH-544DD (OLD SH- 30) FROM DESIGN CHAINAGE KM 0.000 TO 56.000 (,Ministry Of Road Transport And Highways (State Pwds),MoRTH,ANDHRA PRADESH,2018-03-01,2018-07-01,,297.12,,,,294,,,,without_doc,244
2020-10-01,220100188,266,"NANGALDAM-TALWARA(NL),NR",Central Railways,NR,MULTI STATE,1981-03-01,2012-07-01,2024-03-01,450,2200,706.46,,,,,,delayed,362
2020-10-01,N24000943,266,CONSTRUCTION OF A NEW 4 LANE MAJOR BRIDGE ACROSS RIVER KOSI AT PHULAUT INCLUDING RHABILITATION AND,Ministry Of Road Transport And Highways (State Pwds),MoRTH,BIHAR,2018-09-01,,,1478.4,,,,,,,,without_doc,244
2020-10-01,N22000467,267,CHANDIGARH-BADDI,Central Railways,NR,MULTI STATE,2007-04-01,2023-03-01,2025-03-01,328.14,1540.13,241.62,,1540.13,2025-03-01,,,delayed,362
2020-10-01,N24000950,267,"WIDENING, STRENGTHENING AND RECONSTRUCTION OF NH-552- EXTN FROM KM 76/600 TO 112/00 (SAWAI MADHOPUR",Ministry Of Road Transport And Highways (State Pwds),MoRTH,RAJASTHAN,2017-11-01,2018-04-01,,187.82,,,,,,,,without_doc,244
2020-10-01,N22000407,268,DAUND-GULBARGA - DOUBLING (224.9 KM) AND PUNE- GUNTAKAL -ELECTRIFICATION (641.37 KM),Central Railways,RVNL,MAHARASHTR A,2009-03-01,2020-03-01,2021-03-01,713.48,2725,2375.01,,,,,,delayed,362
2020-10-01,N24000957,268,CONSTRUCTION OF TWO LANE FLEXIBLE PAVEMENT WITH PAVED SHOULDER FROM KM 3.650 TO KM 58.325 OF NH-709,Ministry Of Road Transport And Highways (State Pwds),MoRTH,RAJASTHAN,2017-11-01,2018-04-01,,163.95,,,,,,,,without_doc,244
2020-10-01,N22000404,269,"LUCKNOW- PILIBHIT VIA SITAPUR, LAKHIMPUR GC",Central Railways,RVNL,UTTAR PRADESH,2011-04-01,2019-03-01,2021-06-01,927.01,1400,1255.34,,,,,,delayed,362
2020-10-01,N24000958,269,UPGRADATION TO 2 LANE WITH PAVED SHOULDER FROM KM . 0/0 TO 43/900 OF KUNDAL-NAYA KHEDA-JHADOL-SOM-,Ministry Of Road Transport And Highways (State Pwds),MoRTH,RAJASTHAN,2018-02-01,2018-06-01,,370.3,,,,,,,,without_doc,244
2020-10-01,N22000213,270,MULTI MODAL TRANSPORT SYSTEM(MMTS) PHASE-II HYDERABAD,Central Railways,RVNL,TELANGANA,2012-04-01,2016-03-01,2021-12-01,632.68,950,768.26,,,,,,delayed,362
2020-10-01,N24000959,270,UPGRADATION TO 2LANE WITH PAVED SHOULDER FROM KM . 43/900 TO 91/0 OF KUNDAL-NAYA KHEDA-JHADOL-SOM-,Ministry Of Road Transport And Highways (State Pwds),MoRTH,RAJASTHAN,2018-02-01,2018-05-01,,341.79,,,,,,,,without_doc,244
2020-10-01,N22000410,271,SAMBALPUR - TITLAGARH - DOUBLING,Central Railways,RVNL,ODISHA,2006-03-01,2020-03-01,2021-12-01,948.04,2009,1615.23,,,,,,delayed,362
2020-10-01,N24000962,271,REHABILITATION AND UP-GRADATION TO 2 LANE WITH PS 131 TO 189 OF NH-86,Ministry Of Road Transport And Highways (State Pwds),MoRTH,MADHYA PRADESH,2016-09-01,2018-09-01,,178.23,,,,,,,,without_doc,244
2020-10-01,N22000411,272,RAIPUR - TITLAGARH - DOUBLING,Central Railways,RVNL,CHHATISGARH,2007-03-01,2020-03-01,2021-12-01,1402.02,1300,1237.22,,,,,,delayed,363
2020-10-01,N24000980,272,WIDEINING TO TWO/FOUR LANE WITH PAVED SHOULDERS FROM EXISTING KM 182.120 TO KM 227.600 OF NH-167 ON,Ministry Of Road Transport And Highways (State Pwds),MoRTH,TELANGANA,2016-10-01,2019-02-01,,298.32,,,,,,,,without_doc,244
2020-10-01,N22000414,273,BINA - KOTA DOUBLING WITH RE,Central Railways,RVNL,MADHYA PRADESH,2011-04-01,2020-12-01,2021-12-01,1485.85,1835.83,1368.22,,,,,,delayed,363
2020-10-01,N24000981,273,WIDEINING TO TWO/FOUR LANE WITH PAVED SHOULDERS FROM EXISTING KM 180.60 TO KM 223.00 OF NH-63 ON NIZ,Ministry Of Road Transport And Highways (State Pwds),MoRTH,TELANGANA,2016-10-01,2019-03-01,,248.83,,,,,,,,without_doc,244
2020-10-01,N22000144,274,PALANPUR-SAMAKHAYALI (DL),Central Railways,RVNL,GUJARAT,2013-04-01,2021-12-01,2022-03-01,1548.66,1868.89,1628.4,,,,,,delayed,363
2020-10-01,N24000982,274,WIDENING TO TWO LANE WITH PAVED SHOULDERS FROM KM 40/410 TO KM 84/037OF THIRUMALAGIRI TO SURYAPET SE,Ministry Of Road Transport And Highways (State Pwds),MoRTH,TELANGANA,2017-01-01,2019-05-01,,244.54,,,,,,,,without_doc,244
2020-10-01,N22000313,275,VIJAYWADA-GUDUGOLANU- BHIMAVARAM-NARSAPUR DL (221 KM),Central Railways,RVNL,ANDHRA PRADESH,2012-03-01,2020-03-01,2022-03-01,1503.71,3377,2517.02,,,,,,delayed,363
2020-10-01,N24000983,275,WIDENING TO TWO LANE WITH PAVED SHOULDERS FROM KM 0/970 TO KM 40/410 OF JANAGAON-THIRUMALAGIRI OF NH,Ministry Of Road Transport And Highways (State Pwds),MoRTH,TELANGANA,2017-01-01,2019-10-01,,196.52,,,,,,,,without_doc,244
2020-10-01,220100325,276,SUKINDA ROAD - ANGUL (NL)(ECOR),Central Railways,RVNL,ODISHA,1998-04-01,2015-02-01,2022-06-01,1202.7,2440.53,1262.51,,,,,,delayed,363
2020-10-01,N24000984,276,WIDENING TO TWO LANE WITH PAVED SHOULDERS FROM KM 15.525 TO KM 62.880 OF JADCHERLA-KALWAKURTHY SECTI,Ministry Of Road Transport And Highways (State Pwds),MoRTH,TELANGANA,2017-01-01,2019-12-01,,283,,,,,,,,without_doc,245
2020-10-01,N22000412,277,BANASPANI- JAKHPURA - DOUBLING,Central Railways,RVNL,ODISHA,2009-03-01,2019-03-01,2022-06-01,942.95,1536,1077.27,,,,,,delayed,363
2020-10-01,N24000985,277,WIDENING TO TWO LANE WITH PAVED SHOULDERS FROM KM 59.500 TO KM 132.033 OF MANNEGUDA-RAVULAPALLY SECT,Ministry Of Road Transport And Highways (State Pwds),MoRTH,TELANGANA,2017-01-01,2019-05-01,,359.27,,,,,,,,without_doc,245
2020-10-01,N22000413,278,BHIMSEN - JHANSI DOUBLING WITH ELECTRIFICATION,Central Railways,RVNL,UTTAR PRADESH,2012-03-01,2020-12-01,2022-12-01,1183.25,1825,1351.47,,,,,,delayed,363
2020-10-01,N24000986,278,WIDENING TO TWO LANE WITH PAVED SHOULDERS FROM KM 67.00 TO 114.425 OF KALWAKURTHY-MALLEPALLY SECTION,Ministry Of Road Transport And Highways (State Pwds),MoRTH,TELANGANA,2017-01-01,2019-05-01,,300,,,,,,,,without_doc,245
2020-10-01,N22000401,279,VARANASI-MODHOSINGH- ALLAHABAD DOUBLING,Central Railways,RVNL,UTTAR PRADESH,2015-04-01,2022-03-01,2024-12-01,943.6,1000,647.52,,,,,,delayed,363
2020-10-01,N24000987,279,6 LANING FROM KM 9.90 TO KM 19.948 (ARAMGARH-SAMSHABAD SECTION) OF HYDERABAD-SAMSHABAD SECTION OF NH,Ministry Of Road Transport And Highways (State Pwds),MoRTH,TELANGANA,2018-01-01,2020-05-01,,283.15,,,,,,,,without_doc,245
2020-10-01,N22000405,280,MAU-GHAZIPUR-TARIGHAT NEW LINE,Central Railways,RVNL,UTTAR PRADESH,2015-04-01,2023-03-01,2024-12-01,1765.92,1765.92,794.23,,,,,,delayed,363
2020-10-01,N24000988,280,WIDENING AND STRENGTHENING OF EXISTING 2-LANE TO 2-LANE WITH PAVED SHOULDERS FROM KM.159/0 TO 165/4,Ministry Of Road Transport And Highways (State Pwds),MoRTH,TELANGANA,2018-01-01,2019-12-01,,230.03,,,,,,,,without_doc,245
2020-10-01,N22000110,281,NEW WORK FOR CONSTRUCTION OF METRO RAILWAY FROM NSCB AIRPORT TO NEW GARIA VIA RAJARHAT (MTP),Central Railways,RVNL,WEST BENGAL,2010-04-01,2016-03-01,2025-03-01,3951.98,4259.48,2534.65,,,,,,delayed,363
2020-10-01,N24000989,281,WIDENING AND STRENGTHENING OF EXISTING CARRIAGEWAY IN 2 LANE WITH PAVED SHOULDERS FROM KM.25/0 TO 59,Ministry Of Road Transport And Highways (State Pwds),MoRTH,TELANGANA,2018-02-01,2020-06-01,,206.13,,,,,,,,without_doc,245
2020-10-01,N22000111,282,NEW WORK FOR CONSTRUCTION OF METRO RAILWAY FROM JOKA TO BINOY BADAL DINESH BAGH.,Central Railways,RVNL,WEST BENGAL,2010-04-01,2016-03-01,2025-03-01,2913.51,4639,935.49,,,,,,delayed,363
2020-10-01,N24000990,282,REHABILITATION AND UPGRADATION OF NH-167 FROM DESIGN KM.113.900 TO 154.479 (MALLEPALLY - HALIYA SECT,Ministry Of Road Transport And Highways (State Pwds),MoRTH,TELANGANA,2018-02-01,2019-11-01,,294.13,,,,,,,,without_doc,245
2020-10-01,N22000406,283,RISHIKESH - KARNAPRAYAG NEW LINE,Central Railways,RVNL,UTTARAKHAN D,2011-04-01,2024-12-01,2025-03-01,16216,22716.11,2312.41,,,,,,delayed,363
2020-10-01,N24000991,283,REHABILITATION AND UPGRADATION OF NH-167 FROM DESIGN KM.157.707 TO 187.723 (DESIGN LENGTH 30.016 KMS,Ministry Of Road Transport And Highways (State Pwds),MoRTH,TELANGANA,2018-02-01,2019-11-01,,220.28,,,,,,,,without_doc,245
2020-10-01,N22000109,284,NEW WORK FOR CONSTRUCTION OF METRO RAILWAY FROM BARANAGAR TO BARRACKPORE AND DAKSHINESHWAR (MTP),Central Railways,RVNL,WEST BENGAL,2010-04-01,2014-03-01,2025-12-01,2298.42,2733.86,40.86,,,,,,delayed,363
2020-10-01,N24000992,284,REHABILITATION AND UPGRADATION OF HYDERABAD OUTER RING ROAD TO MEDAK SECTION OF NH-765D FROM EXISTIN,Ministry Of Road Transport And Highways (State Pwds),MoRTH,TELANGANA,2018-02-01,2020-04-01,,426.52,,,,,,,,without_doc,245
2020-10-01,N22000409,285,VIZIANAGARAM -SAMABALPUR 3RD LINE,Central Railways,RVNL,ODISHA,1991-01-01,2024-12-01,2026-12-01,2335.67,3327.72,981.47,,,,,,delayed,364
2020-10-01,N24000993,285,REHABILITATION AND UPGRADATION OF NH-167 FROM DESIGN KM.187.723 TO 234.434 (MIRYALAGUDA TO KODAD SEC,Ministry Of Road Transport And Highways (State Pwds),MoRTH,TELANGANA,2018-03-01,2020-09-01,,322.81,,,,,,,,without_doc,245
2020-10-01,N22000287,286,BHADRACHALAM ROAD- SATTUPALLI,Central Railways,SCR,MULTI STATE,2010-04-01,2020-03-01,2021-06-01,704.31,927.94,517.35,,,2022-03-01,,,delayed,364
2020-10-01,N24000994,286,CONSTRUCTION OF SIX LANE ELEVATED CORRIDOR FROM KM.7.950 (UPPAL) TO KM.14.200 OF NH-163 TO DE-CONGES,Ministry Of Road Transport And Highways (State Pwds),MoRTH,TELANGANA,2018-03-01,2020-07-01,,626.76,,,,,,,,without_doc,245
2020-10-01,N22000432,287,MANMAD-PARBHANI-NANDED- SECUNDERABAD-GADWAL- DHONE- GUNTAKAL - TRAIN COLLISION AVOIDANCE SYSTEM (958 K,Central Railways,SCR,TELANGANA,2017-04-01,2022-03-01,2022-12-01,119.73,449.39,7.09,,185,,,,delayed,364
2020-10-01,N24000996,287,REHABILITATION AND UP-GRADATION TO TWO LANE WITH PAVED SHOULDERS FROM KM 0/0 TO 72/6 OF NH-365 (NAKR,Ministry Of Road Transport And Highways (State Pwds),MoRTH,TELANGANA,2017-01-01,2019-10-01,,605.08,,,,,,,,without_doc,245
2020-10-01,220100205,288,"MUNEERABAD- MAHABOOBNAGAR(NL),SCR",Central Railways,SCR,MULTI STATE,1997-04-01,2000-03-01,2023-03-01,1723,3472.59,1078.84,,1,,,,delayed,364
2020-10-01,N24000997,288,REHABILITATION AND UP GRADATION FROM KM. 121/0 TO 154/0 OF NAKAREKAL – MALLAMPALLY SECTION OF NH-365,Ministry Of Road Transport And Highways (State Pwds),MoRTH,TELANGANA,2018-03-01,2019-07-01,,192.67,,,,,,,,without_doc,245
2020-10-01,220100265,289,KOTLPALLI-NARASAPUR (NL) (SCR),Central Railways,SCR,ANDHRA PRADESH,2001-12-01,2009-03-01,2024-03-01,1045.2,2120.16,746.71,,,,,,delayed,364
2020-10-01,N24000998,289,WIDENING AND STRENGTHENING/ RECONSTRUCTION OF EXISTING PAVEMENT TO FOUR ALNE WITH PAVED SHOULDERS FR,Ministry Of Road Transport And Highways (State Pwds),MoRTH,TELANGANA,2019-01-01,,,193.19,,,,,,,,without_doc,245
2020-10-01,N22000261,290,KAZIPET-VIJAYAWADA 3RD LINE WITH ELECTRIFICATION,Central Railways,SCR,MULTI STATE,2012-04-01,2023-03-01,2024-03-01,1856.95,1952.68,487.47,,,2025-03-01,,,delayed,364
2020-10-01,N24000999,290,WIDENING TO 2 LANE WITH PAVED SHOULDER FROM KM 0.00 TO 40.00 ON EPC MODE ON NH 2C,Ministry Of Road Transport And Highways (State Pwds),MoRTH,BIHAR,2016-11-01,2019-10-01,,230.34,,,,232.9,,,,without_doc,245
2020-10-01,N22000288,291,"KADAPA-BANGALORE (NL), KADAPA-PENDLIMARRI PH-I",Central Railways,SCR,MULTI STATE,2008-04-01,2014-03-01,2024-03-01,2132.77,2132.77,346.93,,,,,,delayed,364
2020-10-01,N24001000,291,STRENGTHENING AND WIDENING TO 2 LANE WITH PAVED SHOULDER FROM KM 103.865 TO 142.050 (GAYA-GOH) OF NH,Ministry Of Road Transport And Highways (State Pwds),MoRTH,BIHAR,2018-03-01,,,153.24,,,,,,,,without_doc,245
2020-10-01,N22000367,292,KAZIPET-BALHRSHA,Central Railways,SCR,MULTI STATE,2015-04-01,2021-03-01,2024-03-01,2063.03,2063.03,1222.16,,,,,,delayed,364
2020-10-01,N24001002,292,SARSAM TO KOTHARI,Ministry Of Road Transport And Highways (State Pwds),MoRTH,MAHARASHTRA,2016-02-01,2019-07-01,,545.64,,,,,,,,without_doc,245
2020-10-01,N22000368,293,GUNTUR-GUNTAKAL,Central Railways,SCR,ANDHRA PRADESH,2016-04-01,2022-03-01,2024-03-01,3631,3887.48,984.35,,,2025-03-01,,,delayed,364
2020-10-01,N24001003,293,AKOLA TO AKOT,Ministry Of Road Transport And Highways (State Pwds),MoRTH,MAHARASHTRA,2017-01-01,2019-06-01,,313.95,,,,,,,,without_doc,245
2020-10-01,N22000032,294,MANOHARABAD-KOTHPALL NEW LINE(SCR),Central Railways,SCR,TELANGANA,2006-04-01,2010-03-01,2025-03-01,1160.48,1160.48,466.96,,,,,,delayed,364
2020-10-01,N24001004,294,PATRADEVI TO KARASWADA 4L,Ministry Of Road Transport And Highways (State Pwds),MoRTH,GOA,2017-03-01,2020-05-01,,634.32,,,,,,,,without_doc,245
2020-10-01,N22000286,295,NADIKUDE-SRI KALAHASTI,Central Railways,SCR,ANDHRA PRADESH,2011-04-01,2021-03-01,2025-03-01,2288.7,2643.25,1191.09,,,,,,delayed,364
2020-10-01,N24001005,295,KARASWADA TO BAMBOLIM,Ministry Of Road Transport And Highways (State Pwds),MoRTH,GOA,2017-03-01,2019-12-01,,852.67,,,,,,,,without_doc,246
2020-10-01,N22000438,296,CHHINDWARA NAINPUR MANDLA FORT GAUGE CONVERSION PROJECT,Central Railways,SECR,MADHYA PRADESH,2010-04-01,2019-02-01,2020-12-01,585.93,1268.32,687.95,,,,,,delayed,364
2020-10-01,N24001006,296,AKOT TO ANJANGAON,Ministry Of Road Transport And Highways (State Pwds),MoRTH,MAHARASHTRA,2017-01-01,2019-06-01,,245.77,,,,246,,,,without_doc,246
2020-10-01,220100186,297,"GONDIA-JABALPUR(GC),(SECR)",Central Railways,SECR,MULTI STATE,1997-02-01,2020-04-01,2021-01-01,511.86,1756,1679.29,,,,,,delayed,364
2020-10-01,N24001007,297,ANJANGAON TO MAH/MP BORDER,Ministry Of Road Transport And Highways (State Pwds),MoRTH,MADHYA PRADESH,2017-01-01,2019-06-01,,359,,,,359,,,,without_doc,246
2020-10-01,N22000480,298,WADSA-GADHCHIROLI NEW LINE (52.36 KM),Central Railways,SECR,MAHARASHTR A,2018-06-01,2021-12-01,2023-03-01,229,852.5,39.69,,,,,,delayed,364
2020-10-01,N24001008,298,AJANTHA TO BULDHANA,Ministry Of Road Transport And Highways (State Pwds),MoRTH,A & N ISLANDS,2017-02-01,2019-07-01,,401,,,,401,,,,without_doc,246
2020-10-01,N22000484,299,JHARSUGUDA-BILASPUR 4TH LINE,Central Railways,SECR,CHHATISGAR H,2015-04-01,2021-03-01,2023-03-01,1973,1973.64,185.98,,,,,,delayed,365
2020-10-01,N24001009,299,KHAMGAON TO SHEGAON,Ministry Of Road Transport And Highways (State Pwds),MoRTH,MAHARASHTRA,2017-02-01,2019-05-01,,203.21,,,,203,,,,without_doc,246
2020-10-01,N22000485,300,ANUPPUR-KATNI,Central Railways,SECR,MADHYA PRADESH,2015-04-01,2021-12-01,2023-03-01,1370,1370.94,332.76,,,,,,delayed,365
2020-10-01,N24001010,300,SHEGAON TO DEORI PHATA,Ministry Of Road Transport And Highways (State Pwds),MoRTH,MAHARASHTRA,2017-02-01,2019-05-01,,373.1,,,,373,,,,without_doc,246
2020-10-01,N22000165,301,MANOHARPUR-BONDAMUNDA 3RD LINE DOUBLING,Central Railways,SER,JHARKHAND,2012-04-01,2018-12-01,2021-06-01,258.2,358.68,295.73,,358.68,2018-12-01,,,delayed,365
2020-10-01,N24001011,301,MEHKAR TO CHIKALI,Ministry Of Road Transport And Highways (State Pwds),MoRTH,MAHARASHTRA,2017-02-01,2019-05-01,,322.48,,,,322,,,,without_doc,246
2020-10-01,N22000395,302,ROURKELA JHARSUGUDA THIRD LINE 101 KM,Central Railways,SER,ODISHA,2015-11-01,2020-03-01,2021-12-01,969.83,1312.96,763.06,,1312.96,2020-03-01,,,delayed,365
2020-10-01,N24001012,302,CHIKALI TO KHAMGAON,Ministry Of Road Transport And Highways (State Pwds),MoRTH,MAHARASHTRA,2017-02-01,2019-06-01,,548.03,,,,548,,,,without_doc,246
2020-10-01,N22000396,303,BONDAMUNDA RANCHI DOUBLING,Central Railways,SER,JHARKHAND,2016-03-01,2021-03-01,2022-04-01,1724.2,1993.24,631.22,,,2021-03-01,,,delayed,365
2020-10-01,N24001013,303,DIGRAS DARWAH KARANJA,Ministry Of Road Transport And Highways (State Pwds),MoRTH,MAHARASHTRA,2017-01-01,2019-06-01,,391.06,,,,391,,,,without_doc,246
2020-10-01,N22000160,304,DIGHA-JALESWAR INCLUDING MM FOR DIGHA-EGRA,Central Railways,SER,MULTI STATE,2010-04-01,2015-03-01,2025-03-01,651,1009,7.96,,,,,,delayed,365
2020-10-01,N24001014,304,NANDGAON TO MORSHI,Ministry Of Road Transport And Highways (State Pwds),MoRTH,MAHARASHTRA,2017-01-01,2019-06-01,,385.87,,,,386,,,,without_doc,246
2020-10-01,N22000402,305,BANKURA DAMODAR VALLEY RLY LINE 96 KM GC WITH 6MMS FOR NL,Central Railways,SER,WEST BENGAL,1998-04-01,2003-03-01,2030-03-01,1027.4,2373,485.04,,1966.7,,,,delayed,365
2020-10-01,N24001015,305,MORSHI TO ACHALPUR,Ministry Of Road Transport And Highways (State Pwds),MoRTH,MAHARASHTRA,2017-01-01,2019-06-01,,341.16,,,,341,,,,without_doc,246
2020-10-01,N22000332,306,ARSIKERE-TUMKUR,Central Railways,SWR,KARNATAKA,2015-03-01,2020-03-01,2021-01-01,578,578,583.76,,,,,,delayed,365
2020-10-01,N24001016,306,MORSHI TO MAH/MP BORDER,Ministry Of Road Transport And Highways (State Pwds),MoRTH,MAHARASHTRA,2017-01-01,2019-06-01,,471.61,,,,472,,,,without_doc,246
2020-10-01,N22000325,307,HUBLI- CHIKJAJUR,Central Railways,SWR,KARNATAKA,2015-03-01,2020-03-01,2021-03-01,1156.94,1140.94,1016.57,,,,,,delayed,365
2020-10-01,N24001017,307,DAHEGAON TO KUHI,Ministry Of Road Transport And Highways (State Pwds),MoRTH,MAHARASHTRA,2017-01-01,2019-06-01,,228.89,,,,229,,,,without_doc,246
2020-10-01,N22000333,308,HOTGI-KUDGI-GADAG,Central Railways,SWR,MULTI STATE,2015-03-01,2019-03-01,2021-03-01,1614.59,1870.41,1164.2,,,,,,delayed,365
2020-10-01,N24001018,308,BHANDARA TO GHOTITOK,Ministry Of Road Transport And Highways (State Pwds),MoRTH,MAHARASHTRA,2017-01-01,2019-06-01,,392.83,,,,393,,,,without_doc,246
2020-10-01,N22000258,309,BAGALKOT-KUDACHI NL,Central Railways,SWR,KARNATAKA,2010-04-01,2016-03-01,2023-12-01,986.3,986.3,305.59,,,,,,delayed,365
2020-10-01,N24001019,309,KATOL TO WARUD,Ministry Of Road Transport And Highways (State Pwds),MoRTH,MAHARASHTRA,2017-01-01,2019-06-01,,463.62,,,,664,,,,without_doc,246
2020-10-01,N22000308,310,MARIKUPPAM - KUPPAM,Central Railways,SWR,KARNATAKA,2012-04-01,2016-03-01,2023-12-01,279.54,279.54,32.47,,,,,,delayed,365
2020-10-01,N24001021,310,AMDI TO SAONER,Ministry Of Road Transport And Highways (State Pwds),MoRTH,MAHARASHTRA,2017-01-01,2019-06-01,,396.91,,,,397,,,,without_doc,246
2020-10-01,220100274,311,BANGLORE - SATYAMANGALAM (NL)(SWR),Central Railways,SWR,KARNATAKA,1996-04-01,2002-03-01,2024-03-01,1382.78,1382.78,7.35,,,,,,delayed,365
2020-10-01,N24001022,311,WADI TO ASOLA,Ministry Of Road Transport And Highways (State Pwds),MoRTH,MAHARASHTRA,2017-01-01,2019-09-01,,363.82,,,,364,,,,without_doc,246
2020-10-01,N22000278,312,SHIMOGA-HARIHAR NL,Central Railways,SWR,KARNATAKA,2011-04-01,2016-03-01,2024-03-01,832.47,832.47,0.94,,,,,,delayed,365
2020-10-01,N24001023,312,NAGAJ TO VAIJAPUR,Ministry Of Road Transport And Highways (State Pwds),MoRTH,MAHARASHTRA,2017-01-01,2019-06-01,,376.72,,,,377,,,,without_doc,246
2020-10-01,N22000299,313,GADAG-WADI NL,Central Railways,SWR,KARNATAKA,2013-04-01,2018-12-01,2024-12-01,2841.84,2841.84,226.48,,,,,,delayed,365
2020-10-01,N24001024,313,MANGAON TO DIGHI PORT,Ministry Of Road Transport And Highways (State Pwds),MoRTH,MAHARASHTRA,2017-01-01,2019-07-01,,457.52,,,,,,,,without_doc,246
2020-10-01,N22000373,314,OMALUR-METTURDAM- DOUBLINGWITH ELCTRIFICATION 28.93KM,Central Railways,SR,TAMIL NADU,2013-10-01,2014-04-01,2020-12-01,187.26,350,227.69,,,2021-01-01,,,delayed,365
2020-10-01,N24001025,314,INDAPAUR TO AGARDANDA,Ministry Of Road Transport And Highways (State Pwds),MoRTH,MAHARASHTRA,2017-01-01,2019-07-01,,355.17,,,,,,,,without_doc,246
2020-10-01,N22000441,315,THIRUMAILA - VELACHERY : MASS RAPID TRANSIT SYSTEM (PHASE II),Central Railways,SR,TAMIL NADU,1996-02-01,2005-03-01,2021-09-01,268.87,950,928.36,,,,,,delayed,366
2020-10-01,N24001026,315,WAKAN PALI KHOPOLI,Ministry Of Road Transport And Highways (State Pwds),MoRTH,MAHARASHTRA,2017-01-01,2019-05-01,,376.19,,,,,,,,without_doc,246
2020-10-01,N22000449,316,MANIYACHI - NAGERCOIL (102 KM) DOUBLING,Central Railways,SR,TAMIL NADU,2015-02-01,2022-03-01,2022-06-01,1700,1305,756.45,,,,,,delayed,366
2020-10-01,N24001027,316,SHAHPUR PATGAON SECTION I,Ministry Of Road Transport And Highways (State Pwds),MoRTH,MAHARASHTRA,2018-01-01,2019-12-01,,150.79,,,,,,,,without_doc,246
2020-10-01,N22000451,317,MADURAI - MANIYACHI - TUTICORIN (160 KM) DOUBLING,Central Railways,SR,TAMIL NADU,2015-02-01,2020-03-01,2022-06-01,760,1536,1233.08,,,,,,delayed,366
2020-10-01,N24001028,317,PATGAON KHOPOLI SECTION I,Ministry Of Road Transport And Highways (State Pwds),MoRTH,MAHARASHTRA,2018-01-01,2019-12-01,,170,,,,,,,,without_doc,246
2020-10-01,220100262,318,TIRUCHIRAPPALI-NAGORE- KARAIKKAL(SR)(GC),Central Railways,SR,TAMIL NADU,1995-09-01,2020-03-01,2025-03-01,303.98,1598.58,693.33,,,,,,delayed,366
2020-10-01,N24001029,318,AHMADPUR TO PIMPLA,Ministry Of Road Transport And Highways (State Pwds),MoRTH,MAHARASHTRA,2017-01-01,2019-08-01,,422.38,,,,,,,,without_doc,246
2020-10-01,N22000079,319,MAYLADUTHURAI-THIRUVARUR- KARAIKUDI-THIRU 'PONDI'- AGASTIYAMPALLI,Central Railways,SR,TAMIL NADU,2007-09-01,2019-02-01,2025-03-01,724.69,2910.84,1580.96,,,,,,delayed,366
2020-10-01,N24001030,319,PIMPLA TO MANJARSUMBHA,Ministry Of Road Transport And Highways (State Pwds),MoRTH,MAHARASHTRA,2017-01-01,2019-08-01,,595.77,,,,,,,,without_doc,246
2020-10-01,N22000445,320,TRANSMISSION LINE BETWEEN CHENNAI-HOWRAH ROUTE (1662 KM),Central Railways,SR,TAMIL NADU,2017-02-01,2024-03-01,2026-03-01,1567,1567,,,,,,,delayed,366
2020-10-01,N24001031,320,MANJUSUMBA TO CHUMBALI,Ministry Of Road Transport And Highways (State Pwds),MoRTH,MAHARASHTRA,2017-01-01,2019-08-01,,228.54,,,,,,,,without_doc,247
2020-10-01,N22000215,321,MADURAI-TUTICORIN VIA ARUPPUKKOTTAI,Central Railways,SR,MULTI STATE,2011-04-01,2019-03-01,2027-12-01,120.7,2172.16,221.82,,,,,,delayed,366
2020-10-01,N24001032,321,DEORI TO AMGAON,Ministry Of Road Transport And Highways (State Pwds),MoRTH,MAHARASHTRA,2017-01-01,2019-05-01,,409.62,,,,410,,,,without_doc,247
2020-10-01,N22000416,322,KATNI GRADE SEPARATOR/BYE PASS,Central Railways,WCR,MADHYA PRADESH,2016-08-01,2022-03-01,2022-09-01,582.13,1247.64,228.36,,,,,,delayed,366
2020-10-01,N24001033,322,MANTHA TALUKAS BORDER TO PARTUR,Ministry Of Road Transport And Highways (State Pwds),MoRTH,MAHARASHTRA,2017-01-01,2019-07-01,,486.19,,,,,,,,without_doc,247
2020-10-01,220100314,323,"RAMGANJMUNDI-BHOPAL (NL),WCR",Central Railways,WCR,MADHYA PRADESH,2001-04-01,2021-03-01,2023-03-01,424.6,2909.99,1132.38,,,,,,delayed,366
2020-10-01,N24001034,323,PARTUR TO MAJALGAON,Ministry Of Road Transport And Highways (State Pwds),MoRTH,MAHARASHTRA,2017-01-01,2019-07-01,,420.57,,,,,,,,without_doc,247
2020-10-01,N22000351,324,KATNI - SINGRAULI DOUBLING PROJECT,Central Railways,WCR,MADHYA PRADESH,2015-12-01,2020-03-01,2023-03-01,1763.93,1762.94,867.52,,,,,,delayed,366
2020-10-01,N24001035,324,MANSAR TO SALAIKHURD,Ministry Of Road Transport And Highways (State Pwds),MoRTH,MAHARASHTRA,2018-01-01,2019-12-01,,418.36,,,,,,,,without_doc,247
2020-10-01,N22000415,325,KATNI-BINA 3RD LINE (263 KM),Central Railways,WCR,MADHYA PRADESH,2016-06-01,2022-03-01,2023-03-01,2478.23,2478.23,477.93,,,,,,delayed,366
2020-10-01,N24001036,325,MAJALGAON TO KAIJ,Ministry Of Road Transport And Highways (State Pwds),MoRTH,MAHARASHTRA,2017-01-01,2019-07-01,,413.99,,,,,,,,without_doc,247
2020-10-01,220100232,326,"LALITPUR-SATNA-REWA- SINGRULI NL, (NCR)",Central Railways,WCR,MULTI STATE,1998-09-01,2008-05-01,2025-03-01,247.66,8248.5,2131.17,,,,,,delayed,366
2020-10-01,N24001037,326,KAIJ TO KUSALAM,Ministry Of Road Transport And Highways (State Pwds),MoRTH,MAHARASHTRA,2017-01-01,2019-07-01,,554.78,,,,,,,,without_doc,247
2020-10-01,N22000494,327,DABHOI-CHANDOD (17.07KM) - GC WITH EXTENSION UPTO KEVADIYA(32.68KM) =49.75KM,Central Railways,WR,GUJARAT,2017-04-01,2020-03-01,2020-12-01,691.84,1017.91,453.03,,663.29,2020-12-01,,,delayed,366
2020-10-01,N24001038,327,MAHAD TO RAIGAD FORT,Ministry Of Road Transport And Highways (State Pwds),MoRTH,MAHARASHTRA,2018-07-01,2020-05-01,,237.4,,,,,,,,without_doc,247
2020-10-01,N22000487,328,BHILDI-VIRAMGAM GAUGE CONVERSION INCLUDING GC OF MAHESANA-TARANGA HILL AS MATERIAL MODIFICATION,Central Railways,WR,GUJARAT,1991-02-01,2019-03-01,2021-10-01,551.51,890.76,732.34,,724.7,2021-10-01,,,delayed,367
2020-10-01,N24001039,328,JINTUR TO PARBHANI,Ministry Of Road Transport And Highways (State Pwds),MoRTH,MAHARASHTRA,2017-01-01,,,356.66,,,,,,,,without_doc,247
2020-10-01,N22000145,329,VIRAMGAM-SAMAKHIALI (DL),Central Railways,WR,GUJARAT,2011-04-01,2021-03-01,2022-03-01,1037.15,1389.05,1087.32,,1125.53,2022-03-01,,,delayed,367
2020-10-01,N24001040,329,JAHIRABAD TO LATUR,Ministry Of Road Transport And Highways (State Pwds),MoRTH,MAHARASHTRA,2017-01-01,2019-11-01,,461.96,,,,,,,,without_doc,247
2020-10-01,N22000392,330,SURENDRA NAGAR RAJKOT,Central Railways,WR,GUJARAT,2015-04-01,2021-03-01,2022-12-01,1002.39,1002.39,578.34,,1002.39,2022-12-01,,,delayed,367
2020-10-01,N24001041,330,SHIROD SHAHPURER TO NANDED,Ministry Of Road Transport And Highways (State Pwds),MoRTH,MAHARASHTRA,2017-01-01,2019-07-01,,211.34,,,,,,,,without_doc,247
2020-10-01,N22000123,331,BHUJ-NALIYA(GC) WITH EXTENSION FROM NALIYA TO VAYOR (WR),Central Railways,WR,GUJARAT,2008-04-01,2012-03-01,2023-03-01,318.24,411.62,125.76,,411.62,2023-03-01,,,delayed,367
2020-10-01,N24001042,331,SALAIKHURD TO TIRORA,Ministry Of Road Transport And Highways (State Pwds),MoRTH,MAHARASHTRA,2018-01-01,2019-12-01,,415.25,,,,415.25,,,,without_doc,247
2020-10-01,N22000138,332,CHOTTAUDEPUR-DHAR(NL),Central Railways,WR,MULTI STATE,2007-04-01,2022-03-01,2023-03-01,1347.26,1347.26,864.51,,1347.26,2023-03-01,,,delayed,367
2020-10-01,N24001043,332,NILAJPHATA TO BHANDARA,Ministry Of Road Transport And Highways (State Pwds),MoRTH,MAHARASHTRA,2018-01-01,2020-05-01,,420.63,,,,421,,,,without_doc,247
2020-10-01,N22000143,333,"RAJKOT-VERAVAL,WANSJALIA TO JATALSAR WITH NEW MM FOR SHAPUR-SARADIYA AND SOMNATH-KODINAR (GC)",Central Railways,WR,GUJARAT,1994-04-01,2019-03-01,2023-03-01,320.66,1378.11,540.09,,858.96,2023-03-01,,,delayed,367
2020-10-01,N24001044,333,KALMAB TO RALEGAON,Ministry Of Road Transport And Highways (State Pwds),MoRTH,MAHARASHTRA,2017-01-01,2019-06-01,,467.78,,,,,,,,without_doc,247
2020-10-01,N22000493,334,INDORE-DEWAS-UJJAIN (80 KMS),Central Railways,WR,MADHYA PRADESH,2016-04-01,2020-06-01,2023-03-01,700,603.69,220.79,,603.69,2023-03-01,,,delayed,367
2020-10-01,N24001045,334,JALGAON TO BHADGAON,Ministry Of Road Transport And Highways (State Pwds),MoRTH,MAHARASHTRA,2018-01-01,2019-11-01,,307.54,,,,308,,,,without_doc,247
2020-10-01,N22000121,335,AHMEDABAD-HIMMATNAGAR- UDAIPUR (WR),Central Railways,WR,GUJARAT,2008-04-01,2020-03-01,2023-12-01,829.74,1959.74,1734.11,,1631.73,2023-12-01,,,delayed,367
2020-10-01,N24001046,335,RALEGAON TO RAMTIRTH,Ministry Of Road Transport And Highways (State Pwds),MoRTH,MAHARASHTRA,2017-01-01,2019-07-01,,210.81,,,,,,,,without_doc,247
2020-10-01,N22000120,336,RATLAM-MHOW-KHANDWA- AKOLA (GC),Central Railways,WR,MADHYA PRADESH,2008-04-01,2022-03-01,2024-03-01,3503.69,5912.4,2094.09,,5604.02,2024-03-01,,,delayed,367
2020-10-01,N24001047,336,BHADGAON TO CHALISGAON,Ministry Of Road Transport And Highways (State Pwds),MoRTH,MAHARASHTRA,2018-01-01,2019-11-01,,259.55,,,,260,,,,without_doc,247
2020-10-01,N22000139,337,"DAHOD-INDORE VIA SARDARPUR, JHABUA AND DHAR (NL)",Central Railways,WR,MULTI STATE,2007-04-01,2022-03-01,2025-03-01,1640.04,1640.04,856.74,,1640.04,2025-03-01,,,delayed,367
2020-10-01,N24001048,337,MEHKAR TO AJISPUR,Ministry Of Road Transport And Highways (State Pwds),MoRTH,MAHARASHTRA,2017-01-01,2019-07-01,,232.77,,,,,,,,without_doc,247
2020-10-01,N24000895,338,REHABILITATION AND UP- GRADATION TO 2LPS 81 TO 175,Highways (State Pwds),MoRTH,MADHYA PRADESH,2016-09-01,2019-01-01,2020-11-01,287.34,287.34,194.85,,,2020-03-01,,,delayed,367
2020-10-01,N24001049,338,KARAD TO VITA,Ministry Of Road Transport And Highways (State Pwds),MoRTH,MAHARASHTRA,2018-01-01,2019-12-01,,344.85,,,,245,,,,without_doc,247
2020-10-01,N24000906,339,REHABILITATION AND UP- GRADATION TO 2 LANE WITH PAVED SHOULDER OF MUDKI- JAWAHAR SINGH WALA SECTION OF,Highways (State Pwds),MoRTH,PUNJAB,2018-03-01,2020-06-01,2020-11-01,173.24,173.24,106.35,,192.48,,,,delayed,368
2020-10-01,N24001050,339,VITA TO NAGAJ,Ministry Of Road Transport And Highways (State Pwds),MoRTH,MAHARASHTRA,2018-03-01,2019-12-01,,304.58,,,,305,,,,without_doc,247
2020-10-01,N24000931,340,REHABILITATION AND UPGRADATION OF EXISTING NH- 167 FROM KM 14.900 TO KM 70.00 (DESIGN CH.14.900 TO 69,Highways (State Pwds),MoRTH,ANDHRA PRADESH,2016-11-01,2017-05-01,2020-11-01,290.15,290.15,93.94,,,2020-11-01,,,delayed,368
2020-10-01,N24001051,340,NALDURG TO AKKALKOT,Ministry Of Road Transport And Highways (State Pwds),MoRTH,MAHARASHTRA,2018-02-01,2019-12-01,,274.5,,,,275,,,,without_doc,247
2020-10-01,N24000933,341,CONSTRUCTION OF 4-LANE BYPASS TO VIJAYANAGARAM TOWN ON NH43 (NEW NH26) FROM 537/6 TO 552/0 (RAIPUR-V,Highways (State Pwds),MoRTH,ANDHRA PRADESH,2017-02-01,2017-11-01,2020-11-01,429.43,429.43,276.62,,,2020-11-01,,,delayed,368
2020-10-01,N24001052,341,SANGOLA TO JATH,Ministry Of Road Transport And Highways (State Pwds),MoRTH,MAHARASHTRA,2018-01-01,2019-12-01,,257.38,,,,257,,,,without_doc,247
2020-10-01,N24000942,342,REHABILITATION AND UPGRADATION OF HARPALPUR -SUGIRA FROM KM 89.600 TO KM 133.520 OF NH-76 TO 2-LANE,Highways (State Pwds),MoRTH,UTTAR PRADESH,2016-03-01,2019-11-01,2020-11-01,208.5,208.5,164.97,,,,,,delayed,368
2020-10-01,N24001053,342,KARAD TO TAGAON,Ministry Of Road Transport And Highways (State Pwds),MoRTH,MAHARASHTRA,2017-01-01,2019-06-01,,537.81,,,,538,,,,without_doc,247
2020-10-01,N24001131,343,REHABILITATION AND UPGRADATION OF BALRAMPUR-TULSIPUR FROM KM 323.745 TO KM 351.000 OF NH-730 TO 2-L,Highways (State Pwds),MoRTH,JHARKHAND,2018-03-01,2020-06-01,2020-11-01,212.99,212.99,141.46,,,,,,delayed,368
2020-10-01,N24001054,343,TASGAON TO SHIRDHON,Ministry Of Road Transport And Highways (State Pwds),MoRTH,MAHARASHTRA,2017-01-01,2019-11-01,,195.64,,,,196,,,,without_doc,247
2020-10-01,N24001145,344,WIDENING AND STRENGTHENING OF NH-730A FROM KM 0.00 TO KM 50.675 IN THE STATE OF UTTAR PRADESH,Highways (State Pwds),MoRTH,UTTAR PRADESH,2013-05-01,2015-08-01,2020-11-01,164.54,164.54,139,,165,,,,delayed,368
2020-10-01,N24001055,344,HELWAK TO KARAD,Ministry Of Road Transport And Highways (State Pwds),MoRTH,MAHARASHTRA,2017-02-01,2019-07-01,,416.99,,,,,,,,without_doc,247
2020-10-01,N24001203,345,REHABILITATION AND UPGRADATION OF ALLAHABAD - MIRZAPUR SECTION FROM KM 450.000 TO KM 486.770 (EXCEPT,Highways (State Pwds),MoRTH,UTTAR PRADESH,2016-10-01,2020-03-01,2020-11-01,218.9,218.9,112.47,,,,,,delayed,368
2020-10-01,N24001056,345,TEMBHURNI PANDHARPUR MANGALWEDHA MARWADE UMDI,Ministry Of Road Transport And Highways (State Pwds),MoRTH,MAHARASHTRA,2017-02-01,2019-07-01,,422.02,,,,422,,,,without_doc,248
2020-10-01,N24001207,346,REHABILITATION AND UPGRADATION OF RAMNAGAR TO SISWA BABU SECTION FROM KM 484.000 TO KM 505.120 OF,Highways (State Pwds),MoRTH,UTTAR PRADESH,2018-03-01,2020-02-01,2020-11-01,185.18,185.18,115.87,,,,,,delayed,368
2020-10-01,N24001057,346,KARAD PATAN CHIPLUN GUHAGAR,Ministry Of Road Transport And Highways (State Pwds),MoRTH,MAHARASHTRA,2017-02-01,2019-06-01,,407.19,,,,407,,,,without_doc,248
2020-10-01,N24000306,347,"WIDENING TO 2 LANE, RE- ALIGNMENT AND GEOMETRIC IMPROVEMENT FROM KM 11/00 TO KM 114/618 OF NH-44A IN",Highways (State Pwds),MoRTH,MIZORAM,2010-11-01,2011-03-01,2020-12-01,624.41,992.67,890.74,,,,,,delayed,369
2020-10-01,N24001058,347,KARWANDI TO RAJURI,Ministry Of Road Transport And Highways (State Pwds),MoRTH,MAHARASHTRA,2018-03-01,2019-12-01,,276.95,,,,277,,,,without_doc,248
2020-10-01,N24000312,348,CONSTRUCTION OF 2-LANE NAYABAZAR - LEGSHIP ROAD IN WEST SIKKIM.,Highways (State Pwds),MoRTH,SIKKIM,2013-04-01,2013-08-01,2020-12-01,151.59,151.59,264.02,,370.01,2020-12-01,,,delayed,369
2020-10-01,N24001059,348,SHIVUR TO YEOLA,Ministry Of Road Transport And Highways (State Pwds),MoRTH,MAHARASHTRA,2018-03-01,2019-12-01,,181.08,,,,,,,,without_doc,248
2020-10-01,N24000313,349,CONSTRUCTION OF 2-LANE TARKU DAMTHANG NAMCHI ROAD IN SOUTH SIKKIM.,Highways (State Pwds),MoRTH,SIKKIM,2013-04-01,2013-08-01,2020-12-01,166.27,166.27,238.64,,359.92,2020-12-01,,,delayed,369
2020-10-01,N24001060,349,PALPHATA TO PHULAMBARI,Ministry Of Road Transport And Highways (State Pwds),MoRTH,MAHARASHTRA,2018-03-01,2019-12-01,,227.19,,,,227,,,,without_doc,248
2020-10-01,N24000314,350,CONSTRUCTION OF 2-LANE MELLI MANPUR NAMCHI ROAD IN SOUTH SIKKIM,Highways (State Pwds),MoRTH,SIKKIM,2013-01-01,2013-02-01,2020-12-01,182.28,269.14,258.97,,369.64,2020-12-01,,,delayed,369
2020-10-01,N24001061,350,CHIKALI TO DHAD,Ministry Of Road Transport And Highways (State Pwds),MoRTH,MAHARASHTRA,2018-03-01,2019-12-01,,189.46,,,,189,,,,without_doc,248
2020-10-01,N24000475,351,JABALPUR TO HIREN RIVER SECTION OF NH-12 IN MADHYA PRADESH KM 11/400 TO 66/400,Highways (State Pwds),MoRTH,MADHYA PRADESH,2015-11-01,2020-01-01,2020-12-01,628.45,628.45,382.23,,,2020-09-01,,,delayed,369
2020-10-01,N24001062,351,DHAD BHOKARDAN TO BHOKARDHAN SILLOD,Ministry Of Road Transport And Highways (State Pwds),MoRTH,MAHARASHTRA,2018-03-01,2019-12-01,,336.21,,,,336,,,,without_doc,248
2020-10-01,N24000478,352,GOHARGANJ TO BHOPAL SECTION OF NH-12 IN MADHYA PRADESH KM 43 TO 93,Highways (State Pwds),MoRTH,MADHYA PRADESH,2015-12-01,2020-02-01,2020-12-01,957.54,957.54,680.63,,,2020-08-01,,,delayed,369
2020-10-01,N24001063,352,WADIGODRI TO DHANGRIPIMPRI,Ministry Of Road Transport And Highways (State Pwds),MoRTH,MAHARASHTRA,2018-03-01,2020-02-01,,194.23,,,,194,,,,without_doc,248
2020-10-01,N24000878,353,REHABILITATION AND UPGRADATION OF INTERMEDIATE LANE FLEXIBLE PAVEMENT TO 2 LANE PAVED SHOULDER RIGID,Highways (State Pwds),MoRTH,MADHYA PRADESH,2017-11-01,2018-02-01,2020-12-01,235.91,235.91,167.93,,,2020-05-01,,,delayed,369
2020-10-01,N24001064,353,DHANGIPIMPRI TO JALNA AND AMBAD CHOWK TO MANTH CHOWK,Ministry Of Road Transport And Highways (State Pwds),MoRTH,MAHARASHTRA,2018-03-01,2020-02-01,,217.14,,,,217,,,,without_doc,248
2020-10-01,N24000881,354,UPGRADATION OF PACHORE- SHUJALPUR ROAD TO 2L + PS,Highways (State Pwds),MoRTH,MADHYA PRADESH,2017-11-01,2018-02-01,2020-12-01,184.62,184.62,100.39,,,2020-05-01,,,delayed,369
2020-10-01,N24001065,354,PARBHANI TO GANGKHED,Ministry Of Road Transport And Highways (State Pwds),MoRTH,MAHARASHTRA,2018-03-01,2019-12-01,,238.19,,,,238,,,,without_doc,248
2020-10-01,N24000909,355,JALANDHAR-HOSHIARPUR SECTION OF NH-70 [NEW NH NO. 3] FROM EXISTING KM 11.400 TO KM 49.200,Highways (State Pwds),MoRTH,PUNJAB,2017-10-01,2019-10-01,2020-12-01,1069.59,1069.59,663.5,,,,,,delayed,369
2020-10-01,N24001066,355,LATUR TO PANGAON,Ministry Of Road Transport And Highways (State Pwds),MoRTH,MAHARASHTRA,2018-03-01,2019-12-01,,336.47,,,,336,,,,without_doc,248
2020-10-01,N24000929,356,REHABILITATION AND UPGRADATION OF NH219(NEW NH42) FROM KM 244.930 TO 299.775 (MADANAPALLI PUNGANURU,Highways (State Pwds),MoRTH,ANDHRA PRADESH,2016-09-01,2017-02-01,2020-12-01,372.68,372.68,186.08,,,2020-12-01,,,delayed,369
2020-10-01,N24001067,356,OMREGA TO AUSA,Ministry Of Road Transport And Highways (State Pwds),MoRTH,MAHARASHTRA,2018-03-01,2019-12-01,,272.04,,,,272,,,,without_doc,248
2020-10-01,N24000964,357,CONSTRUCTION OF TIMMAPURAM TO GURJANAPALLE SECTION FROM KM 26.150 TO 41.161 OF NH- 214(NH216)(KAKINAD,Highways (State Pwds),MoRTH,ANDHRA PRADESH,2016-08-01,2017-01-01,2020-12-01,350.61,350.61,323.06,,,2020-12-01,,,delayed,370
2020-10-01,N24001068,357,WASHIM TO DASTAPUR,Ministry Of Road Transport And Highways (State Pwds),MoRTH,MAHARASHTRA,2018-03-01,2019-12-01,,165.51,,,,,,,,without_doc,248
2020-10-01,N24000965,358,REHABILITATION AND UPGRADATION OF DHINDI- DIGAMARRU SECTION FROM KM126/510 TO KM135/740 OF NH214(NH21,Highways (State Pwds),MoRTH,ANDHRA PRADESH,2016-01-01,2016-05-01,2020-12-01,386.09,386.09,199.35,,,2021-01-01,,,delayed,370
2020-10-01,N24001069,358,NANDED TO JALKOT,Ministry Of Road Transport And Highways (State Pwds),MoRTH,MAHARASHTRA,2017-12-01,2019-09-01,,456.93,,,,457,,,,without_doc,248
2020-10-01,N24000970,359,REHABILITAITON AND UPGRADATION OF REPALLE TO EEPPURPALEM SECTION FROM KM 128/927 TO KM 195/000 OF NH,Highways (State Pwds),MoRTH,ANDHRA PRADESH,2017-01-01,2018-01-01,2020-12-01,576.48,576.48,288.92,,,2020-11-01,,,delayed,370
2020-10-01,N24001070,359,DASTAPUR TO KARANJA,Ministry Of Road Transport And Highways (State Pwds),MoRTH,MAHARASHTRA,2018-03-01,2019-12-01,,182.63,,,,,,,,without_doc,248
2020-10-01,N24001001,360,WANDS OF EXISTING SINGLE LANE TO DOUBLE LANE CARRIAGEWAY IN KM 0 TO 40 OF NH-104 IN BIHAR UNDER EPC,Highways (State Pwds),MoRTH,BIHAR,2014-05-01,2016-08-01,2020-12-01,199.98,199.98,174.35,,,,,,delayed,370
2020-10-01,N24001071,360,JALKOT TO TOGRI,Ministry Of Road Transport And Highways (State Pwds),MoRTH,MAHARASHTRA,2018-07-01,2020-08-01,,299.92,,,,300,,,,without_doc,248
2020-10-01,N24001146,361,REHABILITATION AND UPGRADATION OF TULSIPUR - BARHANI SECTION FROM KM 351.000 TO KM 385.000 OF NH- 730,Highways (State Pwds),MoRTH,UTTAR PRADESH,2016-03-01,2019-05-01,2020-12-01,249.5,249.5,182.51,,,,,,delayed,370
2020-10-01,N24001072,361,KHERDA TO NAGZARI,Ministry Of Road Transport And Highways (State Pwds),MoRTH,MAHARASHTRA,2018-03-01,2019-12-01,,181.3,,,,,,,,without_doc,248
2020-10-01,N24001204,362,REHABILITATION AND UPGRADATION OF SULTANPUR BYPASS SECTION OF NH-96 FROM KM 60.000 TO KM 90.865 TO,Highways (State Pwds),MoRTH,UTTAR PRADESH,2016-07-01,2019-10-01,2020-12-01,208.88,208.88,143.96,,,,,,delayed,370
2020-10-01,N24001073,362,KOTHARI TO DHANORA,Ministry Of Road Transport And Highways (State Pwds),MoRTH,MAHARASHTRA,2018-09-01,2020-08-01,,301.38,,,,301,,,,without_doc,248
2020-10-01,N24000870,363,UPGRADATION OF REWA- SIRMOUR ROAD TO 2L + PS,Highways (State Pwds),MoRTH,MADHYA PRADESH,2018-03-01,2018-03-01,2021-01-01,162.56,162.56,124.81,,,2020-05-01,,,delayed,370
2020-10-01,N24001074,363,KHAMGAON TO DEULGAON SAKARSHA,Ministry Of Road Transport And Highways (State Pwds),MoRTH,MAHARASHTRA,2018-03-01,2019-12-01,,249.29,,,,,,,,without_doc,248
2020-10-01,N24000884,364,2 LANING OF BAMEETHA TO SATNA SECTION OF NH-75 FROM KM. 57+400 TO KM. 155+000 IN THE STATE OF MP,Highways (State Pwds),MoRTH,MADHYA PRADESH,2018-03-01,2019-11-01,2021-01-01,191.21,191.21,110.25,,,2020-05-01,,,delayed,370
2020-10-01,N24001075,364,OSMANNAGAR TO KUNDRAL,Ministry Of Road Transport And Highways (State Pwds),MoRTH,MAHARASHTRA,2017-09-01,2020-08-01,,344.25,,,,344,,,,without_doc,248
2020-10-01,N24000890,365,UPGRADATION OF PORSA- BHIND ROAD TO 2L + PS,Highways (State Pwds),MoRTH,MADHYA PRADESH,2018-03-01,2018-08-01,2021-01-01,217.22,226.88,137.66,,226.88,,,,delayed,370
2020-10-01,N24001076,365,DEULGAON SAKARSHA TO MEHKAR,Ministry Of Road Transport And Highways (State Pwds),MoRTH,MAHARASHTRA,2018-03-01,2019-12-01,,219.91,,,,,,,,without_doc,248
2020-10-01,N24000939,366,REHABILITATION AND UPGRADATION OF NEW NH-544E FROM KM. 0.000 TO KM 56.803 OF KODIKONDA - MADAKASIRA,Highways (State Pwds),MoRTH,ANDHRA PRADESH,2018-03-01,2018-11-01,2021-01-01,504.19,504.19,373.19,,504,2021-01-01,,,delayed,371
2020-10-01,N24001077,366,KUNDRAL TO WAZAR,Ministry Of Road Transport And Highways (State Pwds),MoRTH,MAHARASHTRA,2018-01-01,2019-12-01,,225.25,,,,225,,,,without_doc,248
2020-10-01,N24000941,367,REHABILITATION AND UPGRADATION TO 2 LANE WITH PAVED SHOULDER OF MOGA (DESIGN CH 0.000) TO MAKHU (DES,Highways (State Pwds),MoRTH,PUNJAB,2018-03-01,2020-08-01,2021-01-01,293.64,293.64,237.13,,326.84,2021-01-01,,,delayed,371
2020-10-01,N24001078,367,PUNE TO MALE VILLAGE,Ministry Of Road Transport And Highways (State Pwds),MoRTH,MAHARASHTRA,2018-03-01,2019-12-01,,228.31,,,,,,,,without_doc,248
2020-10-01,N24000904,368,CONSTN. OF 4 LANING IN KM.99.00 TO 114.375 PACKAGE-V (EPC) INCLUDING BHIWANI BYPASS,Highways (State Pwds),MoRTH,HARYANA,2017-01-01,2019-03-01,2021-02-01,247.25,247.25,162.62,,,,,,delayed,371
2020-10-01,N24001079,368,ARDHAPUR TO HIMAYATNAGAR,Ministry Of Road Transport And Highways (State Pwds),MoRTH,MAHARASHTRA,2017-12-01,2020-06-01,,426.06,,,,426,,,,without_doc,248
2020-10-01,N24000937,369,REHABILITATION AND UPGRADATION OF NEW NH- 544DD FROM DESIGN CHAINAGE KM 56.00 TO 102.20 OF KALYANDURG,Highways (State Pwds),MoRTH,ANDHRA PRADESH,2018-03-01,2018-08-01,2021-02-01,289.67,289.67,162.29,,290,2021-02-01,,,delayed,371
2020-10-01,N24001080,369,MALE VILLAGE TO PUNE RAIGARH DISTRICT BORDER,Ministry Of Road Transport And Highways (State Pwds),MoRTH,MAHARASHTRA,2018-03-01,2019-12-01,,256.15,,,,,,,,without_doc,248
2020-10-01,N24001209,370,R AND U OF LAKHIMPUR - SISIYA SECTION (KM140.00 TO 188.800) OF NH-730 TO 2L WITH PS,Highways (State Pwds),MoRTH,UTTAR PRADESH,2016-03-01,2020-09-01,2021-02-01,296.5,296.5,141.54,,,,,,delayed,371
2020-10-01,N24001081,370,HIMAYATNAGAR TO PHULSAWANGI,Ministry Of Road Transport And Highways (State Pwds),MoRTH,MAHARASHTRA,2018-03-01,2019-12-01,,294.87,,,,295,,,,without_doc,249
2020-10-01,N24000412,371,MANGAWA-MP/UP BORDER SECTION OF NH-27 (4L) IN MP,Highways (State Pwds),MoRTH,MADHYA PRADESH,2012-01-01,2015-04-01,2021-03-01,410.72,410.72,390,,,2019-06-01,,,delayed,371
2020-10-01,N24001082,371,PUNE RAIGARH DISTRICT BORDER TO MANGAON,Ministry Of Road Transport And Highways (State Pwds),MoRTH,MAHARASHTRA,2018-03-01,2019-12-01,,223.46,,,,,,,,without_doc,249
2020-10-01,N24000886,372,CONSTRUCTION OF ROAD FROM KM. 1 TO KM. 49/4 OF NH- 26A IN THE STATE OF MADHYA PRADESH.,Highways (State Pwds),MoRTH,MADHYA PRADESH,2017-01-01,2017-03-01,2021-03-01,205.05,205.05,108.83,,,2020-09-01,,,delayed,371
2020-10-01,N24001083,372,CHIKLI TO TAKARKHED,Ministry Of Road Transport And Highways (State Pwds),MoRTH,MAHARASHTRA,2018-03-01,2019-12-01,,393.1,,,,393,,,,without_doc,249
2020-10-01,N24000888,373,UPGRADATION OF PAWAI- SALEHA-JASSO-NAGOD ROAD TO 2L + PS,Highways (State Pwds),MoRTH,MADHYA PRADESH,2018-03-01,2018-03-01,2021-03-01,214.69,214.69,42.64,,,2020-12-01,,,delayed,371
2020-10-01,N24001084,373,PAHUR TO BODHWAD,Ministry Of Road Transport And Highways (State Pwds),MoRTH,MAHARASHTRA,2017-01-01,2020-05-01,,244.93,,,,,,,,without_doc,249
2020-10-01,N24000891,374,UPGRADATION OF DABOH-UP BORDER ROAD TO 2L + PS,Highways (State Pwds),MoRTH,MADHYA PRADESH,2018-03-01,2018-03-01,2021-03-01,233.04,233.04,151.12,,,2020-04-01,,,delayed,371
2020-10-01,N24001085,374,TAKARKHED TO JALNA,Ministry Of Road Transport And Highways (State Pwds),MoRTH,MAHARASHTRA,2017-09-01,2019-06-01,,417.9,,,,418,,,,without_doc,249
2020-10-01,N24000892,375,2L+PS OF THIKRI ANJAD SECTION OF NH-347B,Highways (State Pwds),MoRTH,MADHYA PRADESH,2017-11-01,2018-07-01,2021-03-01,249.05,249.05,179.23,,,2020-06-01,,,delayed,371
2020-10-01,N24001086,375,BODHWAD TO STATE BORDER,Ministry Of Road Transport And Highways (State Pwds),MoRTH,MAHARASHTRA,2017-01-01,2019-07-01,,178.26,,,,,,,,without_doc,249
2020-10-01,N24000893,376,UPGRADATION OF BIAORA- MAKSUDANGARH ROAD TO 2L + PS,Highways (State Pwds),MoRTH,MADHYA PRADESH,2017-11-01,2018-02-01,2021-03-01,254.17,254.17,164.68,,,2020-09-01,,,delayed,372
2020-10-01,N24001087,376,MANGRUPHIR TO MAHAN,Ministry Of Road Transport And Highways (State Pwds),MoRTH,MAHARASHTRA,2018-03-01,2019-11-01,,222.13,,,,222,,,,without_doc,249
2020-10-01,N24000894,377,UPGRADATION OF MAKSUDANGARH-SIRONJ ROAD TO 2L + PS,Highways (State Pwds),MoRTH,MADHYA PRADESH,2018-02-01,2018-03-01,2021-03-01,279.44,279.44,133.64,,,,,,delayed,372
2020-10-01,N24001088,377,JALGAON TO NANDURA,Ministry Of Road Transport And Highways (State Pwds),MoRTH,MAHARASHTRA,2018-03-01,2019-12-01,,177.84,,,,177,,,,without_doc,249
2020-10-01,N24000896,378,WIDENING TO 2 LANE PS WITH RECONSTRUCTION OF BRIDGES CULVERT IN KM. 182 TO 266 OF NH-59A,Highways (State Pwds),MoRTH,MADHYA PRADESH,2017-01-01,2019-09-01,2021-03-01,373.82,373.82,156.32,,,2020-09-01,,,delayed,372
2020-10-01,N24001089,378,MALEGAON TO RISOD,Ministry Of Road Transport And Highways (State Pwds),MoRTH,MAHARASHTRA,2018-02-01,2019-12-01,,303.24,,,,303,,,,without_doc,249
2020-10-01,N24000898,379,REHABILITATION AND UPGRADATION OF SINDOOR RIVER TO START OF BARELI BYPASS SECTION OF NH-12 FROM EXIS,Highways (State Pwds),MoRTH,MADHYA PRADESH,2016-01-01,2018-07-01,2021-03-01,809.16,809.16,400.51,,,2020-09-01,,,delayed,372
2020-10-01,N24001090,379,KOLDE TO KHETIYA,Ministry Of Road Transport And Highways (State Pwds),MoRTH,MAHARASHTRA,2017-01-01,2019-07-01,,509.18,,,,,,,,without_doc,249
2020-10-01,N24000899,380,REHABILITATION AND UPGRADATION OF BARELI TO GOHARGANJ SECTION OF NH-12 FROM EXISTING KM 193/0 TO KM,Highways (State Pwds),MoRTH,MADHYA PRADESH,2016-03-01,2019-06-01,2021-03-01,877.79,877.79,601.97,,,2020-07-01,,,delayed,372
2020-10-01,N24001091,380,REHABILITATION AND UPGRADATION OF NH 200 FROM KM 241.553 TO 312.600 MASANIAKALA TO RENGAPALI ODISHA,Ministry Of Road Transport And Highways (State Pwds),MoRTH,MAHARASHTRA,2016-03-01,2019-12-01,,536.65,,,,356,,,,without_doc,249
2020-10-01,N24000934,381,REHABILITATION AND UPGRADATION OF NH326A FROM KM 0/0 TO 41/979 (EXCLUDING KM 2/255 TO 3/372 AND KM 3,Highways (State Pwds),MoRTH,ANDHRA PRADESH,2018-03-01,2018-08-01,2021-03-01,228.32,228.32,90.77,,,2021-03-01,,,delayed,372
2020-10-01,N24001092,381,SATARA TO MHASWAD,Ministry Of Road Transport And Highways (State Pwds),MoRTH,MAHARASHTRA,2017-01-01,2019-07-01,,653.46,,,,,,,,without_doc,249
2020-10-01,N24001141,382,REHABILITATION AND UPGRADATION OF KALUPUR- LALTA FROM KM 285.00 TO KM 326.00 OF NH-76 TO 2-LANE WITH,Highways (State Pwds),MoRTH,UTTAR PRADESH,2016-03-01,2020-01-01,2021-03-01,240.3,240.3,199.35,,240,,,,delayed,372
2020-10-01,N24001093,382,ARNI TO NAIGAINBANDI,Ministry Of Road Transport And Highways (State Pwds),MoRTH,MAHARASHTRA,2017-12-01,2019-12-01,,309.94,,,,310,,,,without_doc,249
2020-10-01,N24001208,383,FOUR LANING WIDENING AND STRENGTHENING OF NH-29E FROM KM 81.420 TO 99.00 SONAULI - GORAKHPUR ROAD (J,Highways (State Pwds),MoRTH,UTTAR PRADESH,2018-03-01,2020-08-01,2021-03-01,288.3,288.3,83.53,,,,,,delayed,372
2020-10-01,N24001094,383,NAIGAONBANDI TO MANGRULPIR,Ministry Of Road Transport And Highways (State Pwds),MoRTH,MAHARASHTRA,2017-12-01,2019-03-01,,244.04,,,,244,,,,without_doc,249
2020-10-01,N24000388,384,INDO-NEPAL BORDER TO RUDHAULI SECTION OF NH-233 IN UTTAR PRADESH KM 0/0 TO 65/870,Highways (State Pwds),MoRTH,MADHYA PRADESH,2013-11-01,2017-05-01,2021-04-01,497.05,881.05,728.49,,,,,,delayed,373
2020-10-01,N24001095,384,SATARA MURVAD PILLOV PANDHARPUR,Ministry Of Road Transport And Highways (State Pwds),MoRTH,MAHARASHTRA,2017-01-01,,,388.44,,,,,,,,without_doc,249
2020-10-01,N24000940,385,REHABILITATION AND UPGRADATION OF KARNATATKA/AP BORDER- GOOTY SECTION FROM KM 368.920 TO KM 424.225 O,Highways (State Pwds),MoRTH,ANDHRA PRADESH,2016-03-01,2016-05-01,2021-04-01,995.09,995.09,473.71,,995,2020-12-01,,,delayed,373
2020-10-01,N24001096,385,TALEGAON TO GONAPUR,Ministry Of Road Transport And Highways (State Pwds),MoRTH,MAHARASHTRA,2018-01-01,2019-03-01,,264.41,,,,264,,,,without_doc,249
2020-10-01,N24001113,386,BARASGAON TO RAHATEE,Highways (State Pwds),MoRTH,MAHARASHT RA,2016-07-01,2018-09-01,2021-04-01,289.11,289.11,57.82,,290,,,,delayed,373
2020-10-01,N24001097,386,SELDOH TO PANVAR,Ministry Of Road Transport And Highways (State Pwds),MoRTH,MAHARASHTRA,2018-07-01,2020-05-01,,404.33,,,,404,,,,without_doc,249
2020-10-01,N24001206,387,REHABILITATION AND UPGRADATION OF EXISTING PAVEMENT TO 2 LANE WITH PS FROM KM 537.000 TO KM 564.750,Highways (State Pwds),MoRTH,UTTAR PRADESH,2018-03-01,2020-04-01,2021-04-01,263.89,242.05,181.1,,,,,,delayed,373
2020-10-01,N24001098,387,WARDHA TO HINGAGHAT,Ministry Of Road Transport And Highways (State Pwds),MoRTH,MAHARASHTRA,2018-01-01,2019-12-01,,216.9,,,,217,,,,without_doc,249
2020-10-01,N24000875,388,REHABILITATION AND UP- GRADATION OF EXISTING INTERMEDIATE LANE FLEXIBLE PAVEMENT TO 2L+PS FLEXIBLE PA,Highways (State Pwds),MoRTH,MADHYA PRADESH,2018-02-01,2018-03-01,2021-05-01,169.63,169.63,22.18,,,,,,delayed,373
2020-10-01,N24001099,388,MHASWAD TO TEMBHURNI,Ministry Of Road Transport And Highways (State Pwds),MoRTH,MAHARASHTRA,2017-01-01,2019-07-01,,488.6,,,,,,,,without_doc,249
2020-10-01,N24000910,389,REHABILITATION AND UP GRADATION TO 2 LANE WITH PAVED SHOULDER OF NH-703A FROM MAKHU (DESIGN CH 0 000,Highways (State Pwds),MoRTH,PUNJAB,2018-03-01,2020-11-01,2021-05-01,170.57,170.57,34.68,,192.48,,,,delayed,373
2020-10-01,N24001100,389,AHMEDNAGAR TO BARAMATI,Ministry Of Road Transport And Highways (State Pwds),MoRTH,MAHARASHTRA,2017-01-01,2019-08-01,,955.4,,,,,,,,without_doc,249
2020-10-01,N24000963,390,REHABILITATION AND UPGRADATION OF NH565 FROM EXISTING KM 361.330(DORNALA T JUNCTION) TO KM 420.800(P,Highways (State Pwds),MoRTH,ANDHRA PRADESH,2018-01-01,2018-08-01,2021-05-01,418.03,418.03,267.38,,,2021-05-01,,,delayed,373
2020-10-01,N24001101,390,KURUDWADI TO PANDHARPUR,Ministry Of Road Transport And Highways (State Pwds),MoRTH,MAHARASHTRA,2017-01-01,2019-07-01,,307.63,,,,,,,,without_doc,249
2020-10-01,N24000969,391,CONSTRUCTION OF 2L+PS FROM PASARLAPUDI-DHINDI (105/700 TO 127.500 OF NH-214) OF NH-216,Highways (State Pwds),MoRTH,ANDHRA PRADESH,2017-01-01,2017-09-01,2021-05-01,263.45,263.45,97.45,,,2021-05-01,,,delayed,373
2020-10-01,N24001102,391,PANDHARPUR TO SANGOLA,Ministry Of Road Transport And Highways (State Pwds),MoRTH,MAHARASHTRA,2017-07-01,2019-07-01,,218.38,,,,,,,,without_doc,249
2020-10-01,N24001173,392,CONSTRUCTION OF MAJOR BRIDGE AT KM 180.865 ACROSS RIVER KRISHNA ON NH-167 HAGARI – JADERCELA SECTION,Highways (State Pwds),MoRTH,KARNATAKA,2017-02-01,2019-05-01,2021-05-01,157.32,157.32,,,188,,,,delayed,373
2020-10-01,N24001103,392,SARAD VANI PIMPALGAON,Ministry Of Road Transport And Highways (State Pwds),MoRTH,MAHARASHTRA,2017-01-01,2019-07-01,,250.46,,,,,,,,without_doc,249
2020-10-01,N24000308,393,CONSTRUCTION OF A NEW 2- LANE HIGHWAY FROM KM 71/00 TO 99/83 IN MIZORAM TO SUPPORT KALADAN MULTI MOD,Highways (State Pwds),MoRTH,MIZORAM,2010-08-01,2010-10-01,2021-06-01,193.69,327.92,295.96,,,,,,delayed,374
2020-10-01,N24001104,393,MALEWADA TO CHIMUR,Ministry Of Road Transport And Highways (State Pwds),MoRTH,MAHARASHTRA,2016-10-01,2019-06-01,,322.55,,,,,,,,without_doc,249
2020-10-01,N24000513,394,UMARIYA TO SHAHDOL SECTION OF NH-78 IN MADYA PRADESH KM 68/4 TO 142/200,Highways (State Pwds),MoRTH,MADHYA PRADESH,2015-03-01,2017-08-01,2021-06-01,511.83,511.83,327.79,,,2021-06-01,,,delayed,374
2020-10-01,N24001105,394,CHIMUR TO WARORA,Ministry Of Road Transport And Highways (State Pwds),MoRTH,MAHARASHTRA,2016-11-01,2019-03-01,,467.7,,,,,,,,without_doc,249
2020-10-01,N24000968,395,REHABILITATION AND UPGRADATION OF MACHILIPATNAM TO AVANIGADDA SECTION FROM KM84/550 - 124/200 OF NH2,Highways (State Pwds),MoRTH,ANDHRA PRADESH,2016-11-01,2017-08-01,2021-06-01,376.25,376.25,264.97,,,2021-06-01,,,delayed,374
2020-10-01,N24001106,395,PEN TO KHOPOLI,Ministry Of Road Transport And Highways (State Pwds),MoRTH,MAHARASHTRA,2018-03-01,2018-03-01,,301.39,,,,302,,,,without_doc,250
2020-10-01,N24001151,396,BALANCE WORK FOR REHABILITATION AND UPGRADATION OF SATNA-BELA SECTION OF NH-75 FROM KM. 155.0 TO KM.,Highways (State Pwds),MoRTH,MADHYA PRADESH,2017-11-01,2018-03-01,2021-06-01,392.33,428.55,294.13,,428.55,2020-09-01,,,delayed,374
2020-10-01,N24001107,396,PANCHARAL TO MANDANGHAR,Ministry Of Road Transport And Highways (State Pwds),MoRTH,MAHARASHTRA,2018-07-01,2020-05-01,,381.08,,,,302,,,,without_doc,250
2020-10-01,N24000966,397,REHABILITATION UPGRADATION OF NH214(NH216) FROM KM41.161 TO KM59.800(GURJANAPALLI TO POLEKURU SECT,Highways (State Pwds),MoRTH,ANDHRA PRADESH,2016-01-01,2016-08-01,2021-07-01,348.95,348.95,200.57,,,2021-07-01,,,delayed,374
2020-10-01,N24001108,397,CHALISGAON TO NANDGAON,Ministry Of Road Transport And Highways (State Pwds),MoRTH,MAHARASHTRA,2018-03-01,2019-12-01,,206.97,,,,207,,,,without_doc,250
2020-10-01,N24000967,398,REHABILITATION AND UPGRADATION OF LOSARI- MACHAVARAM SECTION FROM KM34/230 TO KM84/550 OF NH214(NH216,Highways (State Pwds),MoRTH,ANDHRA PRADESH,2016-03-01,2016-09-01,2021-07-01,444.84,444.84,304.42,,,2021-07-01,,,delayed,374
2020-10-01,N24001109,398,KUSUMBA TO MALEGAON,Ministry Of Road Transport And Highways (State Pwds),MoRTH,MAHARASHTRA,2018-03-01,2019-12-01,,243.45,,,,244,,,,without_doc,250
2020-10-01,N24000885,399,CONSTRUCTION OF ROB AND ITS APPROACHES IN LIEU OF UNMANNED LEVEL CROSSING AT KM 303.9 ON NH-60 (PAND,Highways (State Pwds),MoRTH,WEST BENGAL,2016-03-01,2019-08-01,2021-08-01,160.27,213.97,20.11,,213.97,,,,delayed,374
2020-10-01,N24001110,399,BAMNI TO NAVAEGAON,Ministry Of Road Transport And Highways (State Pwds),MoRTH,MAHARASHTRA,2017-09-01,2020-04-01,,241.69,,,,242,,,,without_doc,250
2020-10-01,N24000887,400,CONSTRUCTION OF TWINS 2- LANE ROB AND ITS APPROACHES IN REPLACEMENT OF EXISTING LEVEL CROSSING GATE N,Highways (State Pwds),MoRTH,WEST BENGAL,2016-06-01,2019-08-01,2021-08-01,236.78,263.26,59.92,,263.26,,,,delayed,374
2020-10-01,N24001111,400,KOLHA TO NASRATPUR,Ministry Of Road Transport And Highways (State Pwds),MoRTH,MAHARASHTRA,2016-04-01,2019-04-01,,281.78,,,,282,,,,without_doc,250
2020-10-01,N24000905,401,REHABILITATION AND UP- GRADATION TO 2-LANE WITH PAVED SHOULDER OF ABOHAR- SITOGUNNO-DABWALI ROAD OF NH,Highways (State Pwds),MoRTH,PUNJAB,2018-03-01,2020-07-01,2021-08-01,322.48,322.48,260.36,,329.86,,,,delayed,375
2020-10-01,N24001112,401,NASRATPUR TO BARASGAON,Ministry Of Road Transport And Highways (State Pwds),MoRTH,MAHARASHTRA,2016-07-01,2019-09-01,,406.54,,,,407,,,,without_doc,250
2020-10-01,N24000907,402,WIDENING AND PAVED SHOULDER OF TOHANA (IN HARYANA) PUNJAB/HARYANA BORDER TO MOONAK-JAKHAL- BUDHLADA,Highways (State Pwds),MoRTH,PUNJAB,2018-03-01,2020-08-01,2021-08-01,293.1,293.1,146.46,,331.6,2021-08-01,,,delayed,375
2020-10-01,N24001114,402,INDAPUR TO VADPALE,Ministry Of Road Transport And Highways (State Pwds),MoRTH,MAHARASHTRA,2017-01-01,2019-12-01,,1202.52,,,,1203,,,,without_doc,250
2020-10-01,N24000401,403,SIDHI TO SINGRAULI SECTION OF NH-75E (4L) IN MP,Highways (State Pwds),MoRTH,MADHYA PRADESH,2011-11-01,2015-09-01,2021-10-01,954.43,1191.51,235.61,,,,,,delayed,375
2020-10-01,N24001115,403,VADPALE TO BHOGAN KHURD,Ministry Of Road Transport And Highways (State Pwds),MoRTH,MAHARASHTRA,2017-01-01,2019-11-01,,1598.47,,,,1560,,,,without_doc,250
2020-10-01,N24000864,404,WIDENING AND UP-GRADATION TO 2-LANE WITH PAVED SHOULDER CONFIGURATION AND GEOMETRIC IMPROVEMENTS FRO,Highways (State Pwds),NHIDCL,MIZORAM,2017-04-01,2019-09-01,2020-10-01,404.29,404.29,22.23,,,2020-10-01,,,delayed,375
2020-10-01,N24001116,404,GADCHIROLI TO MUL,Ministry Of Road Transport And Highways (State Pwds),MoRTH,MAHARASHTRA,2016-12-01,2019-06-01,,484.15,,,,,,,,without_doc,250
2020-10-01,N24000305,405,FOUR LANING OF NUMALIGARH TO JORHAT SECTION FROM KM. 402.500 TO KM. 453.000 (DESIGN KM 403.200 TO KM,Highways (State Pwds),NHIDCL,ASSAM,2015-05-01,2018-05-01,2020-12-01,454.89,454.89,199.92,,,,,,delayed,375
2020-10-01,N24001117,405,MUL TO CHANDRAPUR,Ministry Of Road Transport And Highways (State Pwds),MoRTH,MAHARASHTRA,2016-12-01,2019-07-01,,162.34,,,,,,,,without_doc,250
2020-10-01,N24000682,406,TWO LANING OF JORAM KOLORIANG ROAD (NH 713) ON EPC BASIS FROM DESIGN KM. 44+000 TO KM. 59+363 [EXIS,Highways (State Pwds),NHIDCL,ARUNACHAL PRADESH,2017-02-01,2017-04-01,2021-02-01,168.32,168.32,43.28,,,,,,delayed,375
2020-10-01,N24001118,406,SAKOLI TO BHANDARA,Ministry Of Road Transport And Highways (State Pwds),MoRTH,MAHARASHTRA,2017-01-01,2019-06-01,,362.96,,,,,,,,without_doc,250
2020-10-01,N24000683,407,TWO LANING OF JORAM KOLORIANG ROAD (NH 713) ON EPC BASIS FROM DESIGN KM. 138+000 TO KM. 154+036 [EX,Highways (State Pwds),NHIDCL,ARUNACHAL PRADESH,2017-02-01,2017-04-01,2021-02-01,180.57,180.57,31.05,,,,,,delayed,375
2020-10-01,N24001119,407,NAGBHID TO ARMORI,Ministry Of Road Transport And Highways (State Pwds),MoRTH,MAHARASHTRA,2016-09-01,2019-07-01,,269.05,,,,,,,,without_doc,250
2020-10-01,N24000684,408,CONSTRUCTION OF TWOLANE WITH PAVED SHOULDERS OF JORAM KOLORIANG ROAD (NH 713) ON EPC BASIS FROM EXIS,Highways (State Pwds),NHIDCL,ARUNACHAL PRADESH,2017-02-01,2017-04-01,2021-02-01,216.71,216.71,26.84,,,,,,delayed,375
2020-10-01,N24001120,408,AKKALKOT TO DHUDHNI,Ministry Of Road Transport And Highways (State Pwds),MoRTH,MAHARASHTRA,2016-04-01,2019-02-01,,211.42,,,,,,,,without_doc,250
2020-10-01,N24000685,409,CONSTRUCTION OF TWO LANE WITH PAVED SHOULDERS OF JORAM KOLORIANG ROAD (NH 713) ON EPC BASIS FROM EXI,Highways (State Pwds),NHIDCL,ARUNACHAL PRADESH,2017-02-01,2017-04-01,2021-02-01,167.28,167.28,22.06,,,,,,delayed,376
2020-10-01,N24001121,409,NASHIK TO PETH,Ministry Of Road Transport And Highways (State Pwds),MoRTH,MAHARASHTRA,2015-12-01,2018-11-01,,289.6,,,,,,,,without_doc,250
2020-10-01,N24000678,410,TWO LANING OF AKAJAN LIKABALI BAME ROAD ON EPC BASIS FROM EXISTING KM 71.000 TO KM 99.000 (DESIGN KM,Highways (State Pwds),NHIDCL,ARUNACHAL PRADESH,2017-03-01,2017-04-01,2021-03-01,284.09,284.09,120.47,,284.09,2018-03-01,,,delayed,376
2020-10-01,N24001122,410,PAITHAN TO SHIRUR,Ministry Of Road Transport And Highways (State Pwds),MoRTH,MAHARASHTRA,2017-03-01,2019-06-01,,341.8,,,,,,,,without_doc,250
2020-10-01,N24000582,411,4 LANING OF NH-37 SECTION BETWEEN DEMOW TO END OF MORAN BYPASS (FROM KM. 534.800 TO KM. 561.700) O,Highways (State Pwds),NHIDCL,ASSAM,2016-01-01,2016-01-01,2021-04-01,294.17,294.17,128.07,,,,,,delayed,376
2020-10-01,N24001123,411,SHIRUR TO KHARDA,Ministry Of Road Transport And Highways (State Pwds),MoRTH,MAHARASHTRA,2017-02-01,2019-06-01,,381.77,,,,,,,,without_doc,250
2020-10-01,N24000869,412,TWO- LANE WITH PAVED SHOULDER CONFIGURATION OF IMPHAL - MOREH SECTION OF NH-39 FROM KM 350.00 TO KM,Highways (State Pwds),NHIDCL,MANIPUR,2017-08-01,2018-10-01,2021-10-01,517.57,457.77,137.04,,,,,,delayed,376
2020-10-01,N24001124,412,AURANGABAD TO SILLOD,Ministry Of Road Transport And Highways (State Pwds),MoRTH,MAHARASHTRA,2017-02-01,2019-06-01,,456.32,,,,,,,,without_doc,250
2020-10-01,N24000319,413,4 LANING OF JORHAT TO JHANJI SECTION FROM KM. 453.00 TO KM. 491.08 (DESIGN KM 403.200 TO KM 454.240),Highways (State Pwds),NHIDCL,ASSAM,2015-06-01,2018-06-01,2021-12-01,437.39,407.3,31.31,,,,,,delayed,376
2020-10-01,N24001125,413,SILLOD TO FARDAPUR,Ministry Of Road Transport And Highways (State Pwds),MoRTH,MAHARASHTRA,2017-02-01,2019-06-01,,337.46,,,,,,,,without_doc,250
2020-10-01,N24000320,414,FOUR LANING OF JHANJHI JN TO DEMOW SECTION FROM KM. 491.050 TO KM. 535.250(DESIGN KM 490.800 TO KM 5,Highways (State Pwds),NHIDCL,ASSAM,2015-06-01,2018-06-01,2021-12-01,463.49,398.06,63.06,,,,,,delayed,376
2020-10-01,N24001126,414,FARDAPUR TO JALGAON,Ministry Of Road Transport And Highways (State Pwds),MoRTH,MAHARASHTRA,2017-02-01,2019-06-01,,456.45,,,,,,,,without_doc,250
2020-10-01,N24000677,415,CONSTRUCTION OF MEKA ROING HUNLI FROM EXISTING KM16 OF ROING HUNLI ROAD TO KM 21.500 OF HUNLI AN,Highways (State Pwds),NHIDCL,ARUNACHAL PRADESH,2017-01-01,2017-03-01,2022-03-01,1253.1,1253.1,204.77,,,,,,delayed,376
2020-10-01,N24001127,415,KUMBHARI PHTA TO DEULGAON RAJA,Ministry Of Road Transport And Highways (State Pwds),MoRTH,MAHARASHTRA,2017-02-01,2019-06-01,,406.51,,,,,,,,without_doc,250
2020-10-01,N24000173,416,DEVELOPMENT OF ADIQUATE ROAD CONNECTIVITY TO CHENNAI- ENNORE PORT CONNECTIVITY,Highways (State Pwds),NHAI,TAMIL NADU,2011-06-01,2013-06-01,2020-10-01,600,600,,,,,,,delayed,376
2020-10-01,N24001128,416,BHOKAR TO SARSAM,Ministry Of Road Transport And Highways (State Pwds),MoRTH,MAHARASHTRA,2017-02-01,2019-07-01,,295.09,,,,,,,,without_doc,250
2020-10-01,N24000189,417,SRINAGAR TO BANIHAL,Highways (State Pwds),NHAI,JAMMU AND KASHMIR,2011-06-01,2014-06-01,2020-10-01,1100.7,1100.7,2921.51,,,,,,delayed,376
2020-10-01,N24001130,417,RECONSTRUCTION WITH GEOMETRIC IMPROVMENT OF EXISTING INTERMEDIATE LANE TO 2 LANE WITH PAVED SHOULDER,Ministry Of Road Transport And Highways (State Pwds),MoRTH,UTTARAKHAND,2016-08-01,2017-12-01,,234.88,,,,,,,,without_doc,250
2020-10-01,N24000048,418,NALBARI T BIJNI (AS-7),Highways (State Pwds),NHAI,ASSAM,2003-12-01,2008-04-01,2020-11-01,208,230,344.9,,,,,,delayed,376
2020-10-01,N24001133,418,PARSHURAM GHAT TO ARAWALI,Ministry Of Road Transport And Highways (State Pwds),MoRTH,MAHARASHTRA,2016-04-01,2019-12-01,,983.14,,,,983,,,,without_doc,250
2020-10-01,N24000089,419,"GWALIOR-JHANSI, NH-75",Highways (State Pwds),NHAI,MULTI STATE,2003-12-01,2009-12-01,2020-11-01,604,364.59,334.71,,,2020-08-01,,,delayed,377
2020-10-01,N24001134,419,KANTE TO WAKED,Ministry Of Road Transport And Highways (State Pwds),MoRTH,MAHARASHTRA,2016-03-01,2019-11-01,,1230.02,,,,1230,,,,without_doc,250
2020-10-01,N24000175,420,KANDLA - MUNDRA PORT,Highways (State Pwds),NHAI,GUJARAT,2011-01-01,2013-07-01,2020-11-01,953.88,953.88,976.79,,,,,,delayed,377
2020-10-01,N24001135,420,WAKED TO TALEGAON,Ministry Of Road Transport And Highways (State Pwds),MoRTH,MAHARASHTRA,2016-02-01,2019-02-01,,1244.75,,,,1245,,,,without_doc,251
2020-10-01,N24000201,421,MUZAFFARNAGAR-HARIDWAR,Highways (State Pwds),NHAI,MULTI STATE,2011-09-01,2013-03-01,2020-11-01,754,754,1364.18,,,,,,delayed,377
2020-10-01,N24001136,421,TALGAON TO KALMATH,Ministry Of Road Transport And Highways (State Pwds),MoRTH,MAHARASHTRA,2016-10-01,2020-03-01,,904.7,,,,905,,,,without_doc,251
2020-10-01,N24000423,422,2 LANING WITH PS OF GULABPURA - UNIARA,Highways (State Pwds),NHAI,RAJASTHAN,2015-10-01,2017-10-01,2020-11-01,597,597,587.64,,,,,,delayed,377
2020-10-01,N24001137,422,KALMATH TO ZARAP,Ministry Of Road Transport And Highways (State Pwds),MoRTH,MAHARASHTRA,2016-09-01,2020-03-01,,1338.13,,,,1338,,,,without_doc,251
2020-10-01,N24000432,423,CONSTRUCTION OF NH-4B FROM KM.21.200 TO KM.27.270( D TO E SECTION) AND FROM KM.0.000 TO KM.4.492 ( D,Highways (State Pwds),NHAI,MAHARASHTR A,2015-09-01,2018-05-01,2020-11-01,414.51,414,407.65,,,2020-11-01,,,delayed,377
2020-10-01,N24001138,423,PARLI PIMPLA DAHIGUDA,Ministry Of Road Transport And Highways (State Pwds),MoRTH,MAHARASHTRA,2017-02-01,2019-06-01,,205.72,,,,206,,,,without_doc,251
2020-10-01,N24000554,424,4-LANNING EXISTING KM 263.00 TO 328.00] ADDAHOLE TO BANTAWAL,Highways (State Pwds),NHAI,KARNATAKA,2016-03-01,2019-03-01,2020-11-01,870,870,36.3,,,,,,delayed,377
2020-10-01,N24001139,424,REHABILITATION AND UPGRADATION OF MAU-JASRA FROM KM 326.000 TO KM 379.555 OF NH-76 TO 2-LANE WITH PA,Ministry Of Road Transport And Highways (State Pwds),MoRTH,UTTAR PRADESH,2016-10-01,2020-03-01,,218.94,,,,219,,,,without_doc,251
2020-10-01,N24000653,425,FOUR LANNING OF JHANSI- KHAJURAHO SECTION(PKG-I) FROM KM 0.00 TO KM 76.3(EXISTING KM 106.300 OF NH-2,Highways (State Pwds),NHAI,UTTAR PRADESH,2017-03-01,2020-03-01,2020-11-01,1373.28,1373.28,974.57,,,,,,delayed,377
2020-10-01,N24001140,425,REHABILITATION AND UPGRADATION OF KABRAI-BANDA FROM KM 178.00 TO KM 215.00 OF NH-76 TO 2-LANE WITH P,Ministry Of Road Transport And Highways (State Pwds),MoRTH,UTTAR PRADESH,2016-11-01,2019-09-01,,215.16,,,,215,,,,without_doc,251
2020-10-01,N24000659,426,4-LANNING OF WARANGA- MAHAGAON SECTION(KM 253.7000 TO 320.580),Highways (State Pwds),NHAI,MAHARASHTR A,2017-03-01,2017-03-01,2020-11-01,1059.73,1071,610.87,,,,,,delayed,377
2020-10-01,N24001143,426,REHABILITATION AND UPGRADATION OF PILIBHIT TO PURANPUR SECTION FROM KM 0.00 TO KM 38.00 OF NH-730 TO,Ministry Of Road Transport And Highways (State Pwds),MoRTH,UTTAR PRADESH,2016-10-01,2018-10-01,,176.94,,,,177,,,,without_doc,251
2020-10-01,N24000694,427,FOUR LANING OF VILLUKURI KANNIYAKUMAR ROAD OF KM 70.250 TO 96.700 AND NAGERCOIL TO KAVALKINARU OF NH,Highways (State Pwds),NHAI,TAMIL NADU,2016-03-01,2016-07-01,2020-11-01,641.17,641.17,380.99,,,,,,delayed,377
2020-10-01,N24001144,427,REHABILITATION AND UPGRADATION OF NH-233 FROM KM 65.870 TO KM 122.270 IN THE STATE OF UTTAR PRADESH,Ministry Of Road Transport And Highways (State Pwds),MoRTH,UTTAR PRADESH,2013-10-01,2017-03-01,,445.89,,,,653,,,,without_doc,251
2020-10-01,N24000703,428,FOUR LANNING OF DARAH- JHALWAR-TEENDHAR FROM KM 29.000 TO KM 346.540,Highways (State Pwds),NHAI,RAJASTHAN,2017-10-01,2017-10-01,2020-11-01,964.17,964.17,624.03,,,,,,delayed,377
2020-10-01,N24001147,428,REHABILITATION AND UPGRADATION OF ALLAHABAD -MIRZAPUR FROM KM 400.878 TO KM 450.000 OF NH-76E TO 2-,Ministry Of Road Transport And Highways (State Pwds),MoRTH,UTTAR PRADESH,2016-10-01,2019-02-01,,239.63,,,,,,,,without_doc,251
2020-10-01,N24000156,429,PUNE-SATARA(NH-4),Highways (State Pwds),NHAI,MAHARASHTR A,2010-10-01,2013-03-01,2020-12-01,1724.55,1724.55,2510.11,,,,,,delayed,377
2020-10-01,N24001148,429,REHABILITATION AND UPGRADATION OF PRATAPGARH- ALLAHABAD BYPASS ROAD AND JUNCTION SECTION OF NH-96 F,Ministry Of Road Transport And Highways (State Pwds),MoRTH,UTTAR PRADESH,2016-03-01,2020-01-01,,599.34,,,,,,,,without_doc,251
2020-10-01,N24000208,430,2-LANING WITH PS RAIBAREILI TO ALLAHABAD,Highways (State Pwds),NHAI,UTTAR PRADESH,2012-07-01,2014-01-01,2020-12-01,291.36,469.31,459.07,,469.31,2020-12-01,,,delayed,377
2020-10-01,N24001149,430,RISOD TO HINGOLI,Ministry Of Road Transport And Highways (State Pwds),MoRTH,MAHARASHTRA,2018-02-01,2019-12-01,,355.99,,,,,,,,without_doc,251
2020-10-01,N24000212,431,HARIDWAR DEHRADUN APPROVED LENGTH 69,Highways (State Pwds),NHAI,UTTARAKHAND,2011-11-01,2013-10-01,2020-12-01,478.51,478,315.11,,,,,,delayed,377
2020-10-01,N24001150,431,WARDHA TO ARVI,Ministry Of Road Transport And Highways (State Pwds),MoRTH,MAHARASHTRA,2018-02-01,2020-04-01,,313.58,,,,,,,,without_doc,251
2020-10-01,N24000360,432,2-LANING WITH PAVED SHOULDERS OF RAEBARELI - BANDA SECTION OF NH-232,Highways (State Pwds),NHAI,UTTAR PRADESH,2014-04-01,2016-01-01,2020-12-01,351.34,417.68,433.68,,417.68,2020-12-01,,,delayed,378
2020-10-01,N24001153,432,CONSTRUCTION OF SILCHAR BYPASS ON NH-53 IN ASSAM,Ministry Of Road Transport And Highways (State Pwds),MoRTH,ASSAM,2010-11-01,2014-02-01,,197.37,,,,,,,,without_doc,251
2020-10-01,N24000462,433,4-LANING OF GOA/KARNATAKA BORDER-KUNDAPUR SECTION,Highways (State Pwds),NHAI,KARNATAKA,2014-05-01,2016-08-01,2020-12-01,1655.01,1655.01,1867.51,,,,,,delayed,378
2020-10-01,N24001154,433,WIDENING TO 2 LANE WITH PAVED SHOULDERS FROM KM 54.37 TO 101.400 OF NH-50 UNDER EPC MODE IN THE STAT,Ministry Of Road Transport And Highways (State Pwds),MoRTH,KARNATAKA,2016-08-01,2017-01-01,,367.44,,,,,,,,without_doc,251
2020-10-01,N24000463,434,4 LANING OF NH-31D FROM GHOSHPUKUR - SALSALABARI ( KM 0.00 TO KM . 83.785),Highways (State Pwds),NHAI,WEST BENGAL,2015-12-01,2018-06-01,2020-12-01,1083,1827.15,2082.19,,1827.15,,,,delayed,378
2020-10-01,N24001155,434,WIDENING TO TWO LANE WITH PAVED SHOULDERS FROM KM.125.626 TO 155 OF NH -167 HAGARI JADECHERLA SECT,Ministry Of Road Transport And Highways (State Pwds),MoRTH,KARNATAKA,2016-08-01,2017-01-01,,175.2,,,,,,,,without_doc,251
2020-10-01,N24000471,435,FOUR LANING OF RAMBAN - BANIHAL SECTION OF NH-1A,Highways (State Pwds),NHAI,JAMMU AND KASHMIR,2015-12-01,2019-06-01,2020-12-01,2168.66,2168.66,774.04,,,,,,delayed,378
2020-10-01,N24001156,435,WIDENING TO TWO LANE WITH PAVED SHOULDER FROM KM 544.200 TO KM 594.000 OF NH-150A HOSMANE CROSS – PA,Ministry Of Road Transport And Highways (State Pwds),MoRTH,KARNATAKA,2017-01-01,2017-09-01,,166.67,,,,,,,,without_doc,251
2020-10-01,N24000486,436,FOUR LANING OF YADGIRI - WARANGAL,Highways (State Pwds),NHAI,TELANGANA,2015-12-01,2018-11-01,2020-12-01,1423.96,897.03,944.25,,,2019-07-01,,,delayed,378
2020-10-01,N24001157,436,IMPROVEMENTS AND RECONSTRUCTION TO TWO LANE WITH PAVED SHOULDERS FROM KM 243.20 TO KM 290.20 OF NH,Ministry Of Road Transport And Highways (State Pwds),MoRTH,KARNATAKA,2016-08-01,2017-02-01,,175.5,,,,,,,,without_doc,251
2020-10-01,N24000501,437,FOUR LANING OF FORBESGANJ - JOGBANI,Highways (State Pwds),NHAI,BIHAR,2015-08-01,2018-04-01,2020-12-01,322.09,322.09,77.53,,247,,,,delayed,378
2020-10-01,N24001158,437,RECONSTRUCTION TO TWO LANE WITH PAVED SHOULDERS FROM DS. CH. 442+180 (EX. KM 448.00) TO DS. CH.485+2,Ministry Of Road Transport And Highways (State Pwds),MoRTH,KARNATAKA,2018-03-01,2019-06-01,,159.97,,,,,,,,without_doc,251
2020-10-01,N24000555,438,FOUR LANNING OF TAMIL NADU KERALA BORDER TO VILLUKURI FROM KM. 43.00 TO 70.25 OF NH- 47 UNDER NHDP-PH,Highways (State Pwds),NHAI,TAMIL NADU,2016-02-01,2018-08-01,2020-12-01,707.82,707.82,410.97,,,,,,delayed,378
2020-10-01,N24001159,438,WIDENING TO TWO LANE WITH PAVED SHOULDERS FROM KM 20.150 TO KM 40.00 OF BC ROAD KOTTIGEHARA SECTION,Ministry Of Road Transport And Highways (State Pwds),MoRTH,KARNATAKA,2018-01-01,2018-07-01,,159.7,,,,,,,,without_doc,251
2020-10-01,N24000557,439,FOUR LANNING OF VILLUKURI TO KANYAKUMARI SECTION FROM KM 70.25 TO 96.714 OF NH-47 AND NAGERCOIL TO K,Highways (State Pwds),NHAI,TAMIL NADU,2016-02-01,2018-07-01,2020-12-01,641.17,641.17,380.99,,,,,,delayed,378
2020-10-01,N24001160,439,WIDENING TO TWO LANE WITH PAVED SHOULDER FROM KM 194.900 TO KM 243.200 OF NH-234 BANAVARA-HULIYAR,Ministry Of Road Transport And Highways (State Pwds),MoRTH,KARNATAKA,2017-09-01,2018-10-01,,191.6,,,,,,,,without_doc,251
2020-10-01,N24000602,440,FOUR LANNING OF HUBLI- HOSPET SECTION OF NH-63 FROM KM. 129.249 PHASE-IVB,Highways (State Pwds),NHAI,KARNATAKA,2016-08-01,2020-04-01,2020-12-01,1664.2,1664.2,936.78,,,,,,delayed,378
2020-10-01,N24001161,440,WIDENING TO TWO LANE WITH PAVED SHOULDERS FROM 24.600 TO 70.063 OF MUDIGERE TO KADUR SECTION OF NH-,Ministry Of Road Transport And Highways (State Pwds),MoRTH,KARNATAKA,2017-12-01,2019-01-01,,297.3,,,,,,,,without_doc,252
2020-10-01,N24000622,441,TWO/FOUR LANNING OF BRT TIGER RESERVE BOUNDARY TO BANGALORE SECTION OF NH- 209(EXISTING CHAINAGE FROM,Highways (State Pwds),NHAI,KARNATAKA,2016-09-01,2019-08-01,2020-12-01,950.69,1108,1425.26,,,,,,delayed,378
2020-10-01,N24001162,441,IMPROVEMENT AND RECONSTRUCTION TO TWO LANE WITH PAVED SHOULDERS FROM KM 489.845 (NEW KM.58.125) AN,Ministry Of Road Transport And Highways (State Pwds),MoRTH,KARNATAKA,2018-03-01,2018-10-01,,325.86,,,,,,,,without_doc,252
2020-10-01,N24000663,442,DEVELOPMENT OF DELHI MEERUT EXPRESSWAY FROM KM.0.000 TO KM 27.500 INCLUDING 6/8 LANNING OF NH- 24 FRO,Highways (State Pwds),NHAI,UTTAR PRADESH,2017-03-01,2020-03-01,2020-12-01,1989,1989,683.51,,,,,,delayed,378
2020-10-01,N24001163,442,WIDENING TO 2 LANE WITH PAVED SHOULDERS FROM KM 79.65 TO 118.47 OF NH-150 UNDER EPC MODE IN THE STAT,Ministry Of Road Transport And Highways (State Pwds),MoRTH,KARNATAKA,2016-08-01,2017-02-01,,329.01,,,,,,,,without_doc,252
2020-10-01,N24000188,443,2 LANNING OF MUZAFFARPUR - SONBARSA,Highways (State Pwds),NHAI,BIHAR,2011-05-01,2013-11-01,2021-01-01,511.54,591,574.89,,585,2020-12-01,,,delayed,378
2020-10-01,N24001164,443,WIDENING TO 2 LANE WITH PAVED SHOULDERS FROM KM 0 TO 54 OF NH-50 UNDER EPC MODE IN THE STATE OF KARN,Ministry Of Road Transport And Highways (State Pwds),MoRTH,KARNATAKA,2016-10-01,2017-03-01,,396.96,,,,,,,,without_doc,252
2020-10-01,N24000706,444,BALANCE WORK OF 4-LANNING OF OBEDULLAGANJ TO ITARSI SECTION OF NH-69,Highways (State Pwds),NHAI,MADHYA PRADESH,2017-09-01,2017-09-01,2021-01-01,990.61,990.61,583.46,,,,,,delayed,379
2020-10-01,N24001165,444,WIDENING TO 2 LANE WITH PAVED SHOULDERS FROM KM 34.00 TO 70.900 OF NH-150 UNDER EPC MODE IN THE STAT,Ministry Of Road Transport And Highways (State Pwds),MoRTH,KARNATAKA,2016-11-01,2017-03-01,,314.9,,,,,,,,without_doc,252
2020-10-01,N24000629,445,4-LANNING OF RAIPUR- KODEBAD SECTION OF NH-43 (FROM KM. 10.200 TO KM. 43.400) IN THE STATE OF CHHATTI,Highways (State Pwds),NHAI,MAHARASHTR A,2016-11-01,2019-03-01,2021-02-01,400.25,400.25,74.42,,,,,,delayed,379
2020-10-01,N24001166,445,WIDENING TWO LANE WITH PAVED SHOULDERS FROM FROM KM.56.00 TO 106.00 OF NH-218 (218-KNT-2014-15-775),Ministry Of Road Transport And Highways (State Pwds),MoRTH,KARNATAKA,2015-03-01,2016-01-01,,159.12,,,,,,,,without_doc,252
2020-10-01,N24000652,446,FOUR LANNING OF VIKRAVANDI- SETHIYAHOPU FROM KM 0.000 TO KM 60.250(DESIGN CHAINAGE KM 0.000 TO KM 65.,Highways (State Pwds),NHAI,TAMIL NADU,2017-03-01,2020-03-01,2021-02-01,848.45,848.45,188.6,,932.23,,,,delayed,379
2020-10-01,N24001167,446,WIDENING TWO LANE WITH PAVED SHOULDERS FROM FROM KM.106.00 TO 153.00 OF NH-218 (218-KNT-2014-15-776),Ministry Of Road Transport And Highways (State Pwds),MoRTH,KARNATAKA,2015-03-01,2016-01-01,,165.67,,,,,,,,without_doc,252
2020-10-01,N24000693,447,4-LANNING OF PORBANDAR DWARKA SECTION IN THE STATE OF GUJARAT,Highways (State Pwds),NHAI,GUJARAT,2017-06-01,2020-06-01,2021-02-01,1958.88,1993.81,1116.85,,,,,,delayed,379
2020-10-01,N24001168,447,ESTIMATE FOR WIDENING TWO LANE TO FOUR LANE FROM FROM KM.129.00 TO 144.00 OF NH-63 ANKOLA-GOOTY SECT,Ministry Of Road Transport And Highways (State Pwds),MoRTH,KARNATAKA,2018-05-01,2018-05-01,,171.6,,,,,,,,without_doc,252
2020-10-01,N24000697,448,FOUR LANNING OF CHOLOPURAM-THANJAVUR,Highways (State Pwds),NHAI,TAMIL NADU,2017-08-01,2017-08-01,2021-02-01,1176.37,1176.37,371.73,,,,,,delayed,379
2020-10-01,N24001170,448,REHABILITATION AND UP GRADATION OF CHITRADURGA TO SHIMOGA SECTION OF NH-13 FROM KM.422.000 TO KM.,Ministry Of Road Transport And Highways (State Pwds),MoRTH,KARNATAKA,2014-01-01,2014-08-01,,471.16,,,,,,,,without_doc,252
2020-10-01,N24000702,449,FOUR LANNING BALANCE WORK FOR BHOPAL-BIAORA SECTION OF NH-12 FROM MUBARAKPUR TO BIAORA FROM KM 124.,Highways (State Pwds),NHAI,MADHYA PRADESH,2017-10-01,2017-10-01,2021-02-01,639.97,639.97,447.94,,,,,,delayed,379
2020-10-01,N24001172,449,WIDENING TO TWO LANE WITH PAVED SHOULDER FROM KM 4.40 TO KM 56.00 OF NH-218 BIJAPURA-HUBLI SECTION U,Ministry Of Road Transport And Highways (State Pwds),MoRTH,KARNATAKA,2017-01-01,2017-08-01,,291.49,,,,,,,,without_doc,252
2020-10-01,N24000205,450,SIX LANING OF CHANDIKHOL- JAGATPUR-BHUBANESWAR,Highways (State Pwds),NHAI,ODISHA,2011-12-01,2014-06-01,2021-03-01,1047,1047,1874.43,,,2021-03-01,,,delayed,379
2020-10-01,N24001177,450,WIDENING TO 2-LANE WITH PAVED SHOULDER IN/C. GEOMETRIC IMPROVEMENT FROM KM 318.00 TO KM 339.940 ON C,Ministry Of Road Transport And Highways (State Pwds),MoRTH,TRIPURA,2016-10-01,2020-08-01,,171.9,,,,,,,,without_doc,252
2020-10-01,N24000224,451,DELHI AGRA APPROVED LENGTH 180.0 KM,Highways (State Pwds),NHAI,MULTI STATE,2012-10-01,2015-04-01,2021-03-01,1928.22,2945,2467,,,2017-01-01,,,delayed,379
2020-10-01,N24001178,451,IMPROVEMENT OF CITY PORTION OF KOHIMA AND DIMAPUR CITY OF NH-39 IN THE STATE OF NAGALAND UNDER EPC M,Ministry Of Road Transport And Highways (State Pwds),MoRTH,NAGALAND,2016-11-01,2019-09-01,,336.25,,,,369.96,2020-09-01,,,without_doc,252
2020-10-01,N24000566,452,4 LANNING OF MUKKOLA JUNCTION TO KERALA/ TAMIL NADU BORDER FROM KM 26.500 TO KM 43.000 OF NH-47 IN T,Highways (State Pwds),NHAI,KERALA,2016-04-01,2018-06-01,2021-03-01,804.97,804.97,513.4,,,2020-10-01,,,delayed,379
2020-10-01,N24001181,452,CONSTRUCTION OF A NEW 2-LANE HIGHWAY FROM KM 38/00 TO 71/00 IN MIZORAM TO SUPPORT KALADAN MULTI MOD,Ministry Of Road Transport And Highways (State Pwds),MoRTH,MIZORAM,2010-08-01,2014-09-01,,186.96,,,,,,,,without_doc,252
2020-10-01,N24000619,453,DEVELOPMENT OF FOUR LANNING OF ANGUL- SAMBALPUR SECTION OF NATIONAL HIGHWAY NH-42 (NEW NH-55 IN THE S,Highways (State Pwds),NHAI,ODISHA,2016-09-01,2019-08-01,2021-03-01,2510.04,2510.04,491.51,,,,,,delayed,379
2020-10-01,N24001183,453,REHABILITATION & UPGRADATION OF NH-67 FROM KM 641.000 TO KM 695.000 (DORNALA T JUNCTION TO ATMAKUR S,Ministry Of Road Transport And Highways (State Pwds),MoRTH,ANDHRA PRADESH,2014-07-01,2015-02-01,,251.55,,,,,,,,without_doc,252
2020-10-01,N24000630,454,4-LANNING OF KODEBAD- DHAMTARI SECTION OF NH-43 (FROM KM. 43.400 TO KM. 82.209) IN THE STATE OF CHHAT,Highways (State Pwds),NHAI,MAHARASHTR A,2016-11-01,2019-03-01,2021-03-01,446.17,446.17,47.11,,,,,,delayed,380
2020-10-01,N24001200,454,ALWAR NUH SECTION ON EPC MODE IN THE STATE OF RAJASTHAN.,Ministry Of Road Transport And Highways (State Pwds),MoRTH,RAJASTHAN,2019-03-01,,,178.13,,,,,,,,without_doc,252
2020-10-01,N24000691,455,SIX-LANNING OF GREENFIELD PROPOSED UDAIPUR BYPASS PKG-IV,Highways (State Pwds),NHAI,RAJASTHAN,2017-04-01,2020-04-01,2021-03-01,894,929.32,795,,,,,,delayed,380
2020-10-01,N24001201,455,CONSTRUCTION OF A NEW 4 LANE BRIDGE PARALLEL TO EXISTING MG SETU WITH ITS APPROACHES FROM KM 0.00,Ministry Of Road Transport And Highways (State Pwds),MoRTH,BIHAR,2019-02-01,,,2926.42,,,,,,,,without_doc,252
2020-10-01,N24000807,456,FOUR LANING OF GUNDUGOLANU-DEVARAPALLI- KOVVURU SECTION OF NH-16 FROM KM 15.320 (EXISTING KM 15.700),Highways (State Pwds),NHAI,ANDHRA PRADESH,2018-03-01,2021-03-01,2021-04-01,1532.62,2499,1459.9,,,,,,delayed,380
2020-10-01,N24001202,456,REHABILITATION AND UPGRADATION OF BARAICH -SHRAWAST FROM KM 248.400 TO KM 310.000 OF NH-730 TO 2-LA,Ministry Of Road Transport And Highways (State Pwds),MoRTH,UTTAR PRADESH,2016-03-01,2019-12-01,,388.83,,,,,,,,without_doc,252
2020-10-01,N24000176,457,TWO LANING OF TRICHY - KARAIKUDI AND TRYCHI BYPASS,Highways (State Pwds),NHAI,TAMIL NADU,2010-05-01,2013-05-01,2021-05-01,374,166.9,31.93,,,,,,delayed,380
2020-10-01,N24001210,457,REHABILITATION AND UPGRADATION OF EXISTING PAVEMENT TO FOUR LANE WITH PAVED SHOULDER FROM KM 135.230,Ministry Of Road Transport And Highways (State Pwds),MoRTH,UTTAR PRADESH,2018-03-01,,,306.59,,,,,,,,without_doc,252
2020-10-01,N24000202,458,4-LANING OF FARAKA-RAIGANJ,Highways (State Pwds),NHAI,WEST BENGAL,2011-02-01,2013-08-01,2021-05-01,1078.84,1078.84,2224.47,,,,,,delayed,380
2020-10-01,N24001211,458,IMPROVEMENT AND UP-GRADATION OF EXISITING CARRIAGEWAY TO TWO LANE WITH PAVED SHOULDER FROM KM 0.00 T,Ministry Of Road Transport And Highways (State Pwds),MoRTH,UTTAR PRADESH,2018-11-01,,,281.45,,,,,,,,without_doc,253
2020-10-01,N24000666,459,CONSTRUCTION OF ROAD APPROACHES TO RAIL-CUM- ROAD BRIDGE ACROSS RIVER GANGA AT MUNGER GHAT NEAR MUNGE,Highways (State Pwds),NHAI,BIHAR,2017-03-01,2020-03-01,2021-05-01,235.48,227.77,36.08,,,,,,delayed,380
2020-10-01,N24001217,459,REHABILITATION AND UPGRADATION OF NH 43 KANKER TO BEDMA SECTION KM. 130 TO 180,Ministry Of Road Transport And Highways (State Pwds),MoRTH,CHHATISGARH,2016-01-01,2016-08-01,,497.14,,,,,,,,without_doc,253
2020-10-01,N24000704,460,4-LANNING OF THALSERRY - MAHE BYPASS,Highways (State Pwds),NHAI,KERALA,2017-09-01,2017-09-01,2021-05-01,1124.11,1232.76,419.66,,,,Additional land acquisition,,delayed,380
2020-10-01,N24001218,460,REHABILITATION AND UPGRADATION OF NH 111 FROM KM 163.400 TO 215.800 SHIVNAGAR TO AMBIKAPUR SECTION,Ministry Of Road Transport And Highways (State Pwds),MoRTH,CHHATISGARH,2015-11-01,2017-06-01,,335.32,,,,,,,,without_doc,253
2020-10-01,N24000435,461,CONSTRUCTION OF KARALPHATA INTERCHANGE FROM 3.600 TO KM 6.073 OF NH4B AND FROM 5.300 TO KM 7.422 (,Highways (State Pwds),NHAI,MAHARASHTR A,2015-10-01,2018-05-01,2021-06-01,531.13,730.97,608.02,,,2021-06-01,,,delayed,380
2020-10-01,N24001219,461,REHABILITATION AND UPGRADATION OF NH 200 FROM KM 178.944 TO 241.553 BANARI VILLAGE TO MASANIA KALA V,Ministry Of Road Transport And Highways (State Pwds),MoRTH,CHHATISGARH,2016-01-01,2016-09-01,,476.2,,,,544,,,,without_doc,253
2020-10-01,N24000441,462,CONSTRUCTION OF GAVANPHATA INTERCHANGE FROM 14.740 TO KM 15.894 ( OLD SH -54) PKG-2,Highways (State Pwds),NHAI,MAHARASHTR A,2015-10-01,2018-05-01,2021-06-01,593.26,726.98,551,,,2021-06-01,,,delayed,380
2020-10-01,N24001220,462,REHABILITATION AND UPGRADATION OF NH 200 FROM KM 127.500 TO 178.944 DARRIGHAT TO BANARI SECTION,Ministry Of Road Transport And Highways (State Pwds),MoRTH,CHHATISGARH,2016-03-01,2016-09-01,,491.52,,,,,,,,without_doc,253
2020-10-01,N24000442,463,"CONSTRUCTION OF FLYOVER AT KM.544.650 INCLUDING ROB ,SERVICE ROADS ,FOOTPATH FOR RCC DRAINS ON URBAN",Highways (State Pwds),NHAI,MAHARASHTR A,2015-12-01,2019-03-01,2021-06-01,649.5,649.5,156.8,,,2021-06-01,,,delayed,380
2020-10-01,N24001221,463,REHABILITATION AND UPGRADATION OF NH 78 FROM KM 373.505 TO 469.300 AMBIKAPUR TO PATHALGAON SECTION,Ministry Of Road Transport And Highways (State Pwds),MoRTH,CHHATISGARH,2016-01-01,2016-10-01,,624.98,,,,,,,,without_doc,253
2020-10-01,N24000451,464,6/8 LANING OF ROAD PORT CONNECTIVITY JNPT PHASE II - CONSTRUCTION OF NH-348 - PKG3,Highways (State Pwds),NHAI,MAHARASHTR A,2015-08-01,2018-05-01,2021-06-01,505,504,309.99,,,2019-04-01,,,delayed,381
2020-10-01,N24001222,464,REHABILITATION AND UPGRADATION OF NH 78 FROM KM 469.000 TO 531.000 PATTHALGAON TO KUNKURI,Ministry Of Road Transport And Highways (State Pwds),MoRTH,CHHATISGARH,2016-03-01,2016-07-01,,452.94,,,,,,,,without_doc,253
2020-10-01,N24000558,465,NAGPUR RING ROAD PACKAGE- 1,Highways (State Pwds),NHAI,MAHARASHTR A,2016-03-01,2019-07-01,2021-06-01,546,546,296.11,,,2021-06-01,,,delayed,381
2020-10-01,N24001223,465,WIDENING OF SL TO 2 L KM. 107-184.80 SUKUMA TO KONTA ON NH 221,Ministry Of Road Transport And Highways (State Pwds),MoRTH,CHANDIGARH,2010-03-01,2013-03-01,,179.89,,,,271,,,,without_doc,253
2020-10-01,N24000560,466,NAGPUR RING ROAD PACKAGE- 2,Highways (State Pwds),NHAI,MAHARASHTR A,2016-03-01,2019-07-01,2021-06-01,591.66,591.66,311.91,,,2021-06-01,,,delayed,381
2020-10-01,N24001224,466,REHABILITATION AND UPGRADATION OF NH 78 FROM KM 531.250 TO KM 597.946 KUNKURI TO CG JH BORDER SECTIO,Ministry Of Road Transport And Highways (State Pwds),MoRTH,CHHATISGARH,2017-03-01,2018-01-01,,423.79,,,,,,,,without_doc,253
2020-10-01,N24000671,467,REHABILITATION AND UPGRADATION BY 4-LANING OF SINGHARA TO BINJHABAHAL SECTION FROM KM 311.000 TO KM,Highways (State Pwds),NHAI,ODISHA,2017-03-01,2020-03-01,2021-06-01,1288.07,1420,752.5,,,,,,delayed,381
2020-10-01,N24001225,467,WIDENING OF SL TO 2 L KM. 287.0 TO 292.0 322.0 TO 342.0 AND KM 352.0 TO 400.0 OF NH16 INCLUDING 1,Ministry Of Road Transport And Highways (State Pwds),MoRTH,CHANDIGARH,2010-12-01,2019-01-01,,169.26,,,,299,,,,without_doc,253
2020-10-01,N24000699,468,REHABILITATION AND UP- GRADATION OF BIRAMITRAPUR TO BRAHMANI BYPASS (PKG-I),Highways (State Pwds),NHAI,ODISHA,2017-07-01,2017-07-01,2021-06-01,476.56,476.56,52.19,,,,,,delayed,381
2020-10-01,N24001226,468,REHABILITATION AND UPGRADATION OF NH 216 FROM KM 3.800 TO 90.460 RAIGARH TO SARAIPALLI SECTION,Ministry Of Road Transport And Highways (State Pwds),MoRTH,CHHATISGARH,2014-12-01,2015-03-01,,496.02,,,,,,,,without_doc,253
2020-10-01,N24000449,469,8 LANING OF MUKARBA CHOWK TO PANIPAT,Highways (State Pwds),NHAI,HARYANA,2015-07-01,2019-04-01,2021-09-01,2128.72,2128.72,1070,,,,,,delayed,381
2020-10-01,N24001228,469,UPGRADATION AND WIDENING OF BILASPUR TO MUNGELI SECTION NH-130A,Ministry Of Road Transport And Highways (State Pwds),MoRTH,CHHATISGARH,2017-11-01,2019-05-01,,188.8,,,,,,,,without_doc,253
2020-10-01,N24000662,470,CONSTRUCTION OF PARTIALLY ACESS CONTROLLED FOUR LANE ELEVATED HIGHWAY BETWEEN SAMRALA CHOWK (DESIGN,Highways (State Pwds),NHAI,PUNJAB,2017-03-01,2020-03-01,2021-09-01,754.54,756.27,303.19,,,,,,delayed,381
2020-10-01,N24001229,470,UPGRADATION AND WIDENING OF MP BORDER TO SURAJPUR SECTION NH 43 FROM KM. 245 TO 331,Ministry Of Road Transport And Highways (State Pwds),MoRTH,CHHATISGARH,2014-12-01,2017-11-01,,379.16,,,,,,,,without_doc,253
2020-10-01,N24000692,471,4-LANNING OF END OF PANDOH BYPASS TAKOLI IN H.P,Highways (State Pwds),NHAI,HIMACHAL PRADESH,2017-06-01,2020-06-01,2021-09-01,2485.93,2485.93,788.53,,,,,,delayed,381
2020-10-01,N24001194,471,WIDENING OF EXISTING ROAD TO 2 LANE NH STANDARDS ALONG WITH IMPROVEMENT AND REALIGNMENT FROM NECHIPU,Ministry Of Road Transport And Highways (State Pwds),MoRTH,ARUNACHAL PRADESH,2011-09-01,2020-03-01,,1979,,,,,,,,without_doc,253
2020-10-01,N24000203,472,4-LANING OF BRAHAMPORE- FARAKA,Highways (State Pwds),NHAI,WEST BENGAL,2011-02-01,2013-08-01,2021-12-01,998.79,998.79,1850.4,,,,,,delayed,381
2020-10-01,N24000326,472,CONSTRUCTION OF 2-LANE ROAD FROM KM 33 TO KM 65.00 OF AKAJAN-LIKABALI-BAME ROAD IN ARUNACHAL PRADESH,Ministry Of Road Transport And Highways (State Pwds),NHIDCL,ARUNACHAL PRADESH,2015-07-01,2018-10-01,2018-09-01,197.16,,,,197.16,2015-09-01,,,without_doc,253
2020-10-01,N24000603,473,HOSPET-BELLARY-KARNATAKA AP BORDER,Highways (State Pwds),NHAI,KARNATAKA,2016-08-01,2019-03-01,2021-12-01,1167.42,870,276.5,,,2020-08-01,,,delayed,381
2020-10-01,N24000976,473,2-LANING OF EXISTING AKAJAN LIKABALI BAME ROAD ON EPC BASIS FROM DESIGN KM. 12.000 TO KM. 33.000 (EX,Ministry Of Road Transport And Highways (State Pwds),NHIDCL,ARUNACHAL PRADESH,2015-10-01,2016-01-01,2019-01-01,210.5,,,,210.5,,,,without_doc,253
2020-10-01,N24001231,474,PACKAGE-21 CONSTRUCTION OF EIGHTLANE ACCESS- CONTROLLED EXPRESSWAY CARRIAGEWAY FROM KAMLIYA VILLAGE,Highways (State Pwds),NHAI,MADHYA PRADESH,2019-02-01,2019-12-01,2021-12-01,990.97,990.97,174.97,,,,,,delayed,381
2020-10-01,N24000687,474,FOUR LANING OF DIMAPUR KOHIMA ROAD FROM DESIGN KM 138.775 TO KM 152.490 (EXISTING KM 140.000 TO KM 1,Ministry Of Road Transport And Highways (State Pwds),NHIDCL,NAGALAND,2016-03-01,2016-08-01,2020-06-01,396.52,,,,,,,,without_doc,253
2020-10-01,N24000696,475,SIX LANNING OF AUNTA- SIMARIA(GANGA BRIDGE WITH APPROACH ROADS) SECTION OF NH-31,Highways (State Pwds),NHAI,BIHAR,2017-08-01,2017-08-01,2022-02-01,950.64,950.64,189.78,,,,,,delayed,382
2020-10-01,N24000752,475,(I) CONSTRUCTION OF FOUR/SIX LANING FROM KM 132.375 TO KM 158.058 (TOTAL NEW ALIGNMENT LENGTH OF 20.,Ministry Of Road Transport And Highways (State Pwds),NHIDCL,NAGALAND,2017-02-01,2018-09-01,2020-08-01,387,,,,,,,,without_doc,254
2020-10-01,N24000552,476,4-LANNING EXISTING KM 189.700 TO 237.00] HASSAN TO MARANAHALLY,Highways (State Pwds),NHAI,KARNATAKA,2016-03-01,2019-03-01,2022-03-01,701.4,701.4,86.71,,,,,,delayed,382
2020-10-01,N24000321,476,FOUR LANING FROM BISWANATH CHARIALI TO GOHPUR FROM KM 208 TO KM 264.10 OF NH-52,Ministry Of Road Transport And Highways (State Pwds),NHIDCL,ASSAM,2016-06-01,2019-01-01,,829,,,,,,,,without_doc,254
2020-10-01,N24001232,477,PACKAGE-24 CONSTRUCTION OF EIGHTLANE ACCESS- CONTROLLED EXPRESSWAY CARRIAGEWAY FROM RANNI VILLAGE TO,Highways (State Pwds),NHAI,MADHYA PRADESH,2019-02-01,2020-03-01,2022-04-01,847,847,80.48,,,,,,delayed,382
2020-10-01,N24000322,477,FOUR LANING FROM GOHPUR TO HOLONGI SECTION FROM KM 264.10 OF NH 52 TO KM 20.37 OF NH 52A,Ministry Of Road Transport And Highways (State Pwds),NHIDCL,ASSAM,2015-03-01,2018-11-01,,168.39,,,,,,,,without_doc,254
2020-10-01,N24001233,478,PACKAGE-23 CONSTRUCTION OF DELHI-VADODARA EIGHT LANE ACCESS- CONTROLLED EXPRESSWAY FROM BAWDI VILLAG,Highways (State Pwds),NHAI,MADHYA PRADESH,2019-03-01,2020-05-01,2022-05-01,1047,1047,59.07,,,,,,delayed,382
2020-10-01,N24000323,478,4 LANING FROM KALIABOR TINALI TO DOLABARI SECTION FROM KM 0.0 TO KM 17.3 OF NH 37A INCL. ADDITIONAL,Ministry Of Road Transport And Highways (State Pwds),NHIDCL,ASSAM,2014-10-01,2018-11-01,,588.95,,,,,,,,without_doc,254
2020-10-01,N24000182,479,VARANASI-AURANGABAD KM.786 TO KM.978.40,Highways (State Pwds),NHAI,MULTI STATE,2011-09-01,2014-03-01,2022-12-01,2848,3379.45,2901.2,,,,,,delayed,382
2020-10-01,N24000324,479,2 LANING FROM PASIGHAT TO PANGIN SECTION OF NH-229 FROM KM 41.3 TO KM 58.42 (EXISTING KM 42 TO KM 59,Ministry Of Road Transport And Highways (State Pwds),NHIDCL,ARUNACHAL PRADESH,2015-03-01,2018-05-01,,194.11,,,,,,,,without_doc,254
2020-10-01,N26000114,480,PHASE-I OF CONSOLIDATION OF EXISTING CDR DATA CENTERS AND NIB-P3 DATA CENTERS WITH STATE OF THE ART,Bharat Sanchar Nigam Limited,BSNL,MULTI STATE,2020-03-01,2021-06-01,2021-09-01,431.16,431.16,,,431,,,,delayed,382
2020-10-01,N24000325,480,2 LANING OF SINGER RIVER TO SIZOH NALA IN ARUNACHAL PRADESH ON EPC BASIS,Ministry Of Road Transport And Highways (State Pwds),NHIDCL,ARUNACHAL PRADESH,2015-10-01,2019-01-01,,179.82,,,,,,,,without_doc,254
2020-10-01,N26000101,481,NETWORK FOR SPECTRUM,Bharat Sanchar Nigam Limited,DOT,MULTI STATE,2012-03-01,2015-07-01,2021-06-01,13334,24664,15239,,24664,2020-05-01,,,delayed,382
2020-10-01,N24000327,481,2 LANING FROM LONGDING TO KANUBARI OF NH-52B FROM KM 0 TO KM 47.213 IN ARUNACHAL PRADESH,Ministry Of Road Transport And Highways (State Pwds),NHIDCL,ARUNACHAL PRADESH,2015-03-01,2018-06-01,,394,,,,,,,,without_doc,254
2020-10-01,N28000122,482,AHMEDABAD METRO RAIL PROJECT PHASE 1,Ahmedabad Metro Rail,MEGA,GUJARAT Central Public Works Department,2014-11-01,2018-12-01,2022-11-01,10773,12787,7994.82,,,,,,delayed,382
2020-10-01,N24000328,482,2 LANING WITH PAVED SHOULDER OF AGARTALA-UDAIPUR SECTION OF NH-44 FROM KM 6.800 TO KM 55.00 IN THE S,Ministry Of Road Transport And Highways (State Pwds),NHIDCL,TRIPURA,2014-10-01,2018-03-01,,369,,,,,,,,without_doc,254
2020-10-01,N28000146,483,CONSTRUCTION OF TWO NOS GIRLS HOSTELS AND ONE NO BOYS HOSTEL OF 500 CAPACITY EACH G PLUS 8 STOREYED,Ahmedabad Metro Rail,CPWD,WEST BENGAL,2020-03-01,2020-06-01,2020-11-01,193.83,193.83,0.45,,,,,,delayed,383
2020-10-01,N24000429,483,4 LANING FROM END OF NAGAON BYPASS TO RANGAGARA (KM. 278.60 TO KM. 297.00) OF NH-37ON EPC BASIS,Ministry Of Road Transport And Highways (State Pwds),NHIDCL,ASSAM,2015-12-01,2018-12-01,,225.02,,,,,,,,without_doc,254
2020-10-01,N28000065,484,DIFFERENT BUILDINGS UNDER PHASE 1 NORTH FOR IIT MANDI AT KAMAND,Ahmedabad Metro Rail,CPWD,HIMACHAL PRADESH,2012-11-01,2014-11-01,2020-12-01,270.83,270.83,226.16,,,,,,delayed,383
2020-10-01,N24000430,484,4 LANING FROM GOHPUR TO HOLONGI SECTION FROM KM 264.10 OF NH 52 TO KM 20.37 OF NH 52A,Ministry Of Road Transport And Highways (State Pwds),NHIDCL,ASSAM,2015-12-01,2018-06-01,,223.3,,,,,,,,without_doc,254
2020-10-01,N28000079,485,CONSTRUCTION OF ADDITIONAL COMPLEX FOR THE SUPREME COURT OF INDIA AT LAND ADJOINING PRAGATI MAIDAN,Ahmedabad Metro Rail,CPWD,DELHI,2012-07-01,2015-12-01,2020-12-01,884.3,884.3,805.55,,,,,,delayed,383
2020-10-01,N24000431,485,4 LANING FROM JAMUGURI TO BISWANATH CHARIALI FROM KM 182 TO KM 208 OF NH-52,Ministry Of Road Transport And Highways (State Pwds),NHIDCL,ASSAM,1991-01-01,,,520.01,,,,,,,,without_doc,254
2020-10-01,N28000104,486,NSG AT KOLKATA,Ahmedabad Metro Rail,CPWD,WEST BENGAL,2014-10-01,2018-04-01,2020-12-01,162.88,179.16,165.24,,,,,,delayed,383
2020-10-01,N24000438,486,4 LANING FROM RANGAGARA TO KALIABHOR TINALI FROM KM 297.00 TO KM 315.315 OF NH-37 ON EPC BASIS.,Ministry Of Road Transport And Highways (State Pwds),NHIDCL,ASSAM,2015-12-01,2018-12-01,,289.99,,,,,,,,without_doc,254
2020-10-01,N28000115,487,SETTING UP PHYSICAL INFRASTRUCTURE FOR THE NATIONAL INSTITUTE OF COMMUNICATION FINANCE(NICF) AT GHIT,Ahmedabad Metro Rail,CPWD,DELHI,2016-10-01,2018-03-01,2020-12-01,248.2,248.2,80.1,,,2020-12-01,,,delayed,383
2020-10-01,N24000583,487,4 LANING OF NH 37 SECTION BETWEEN END OF MORAN BYPASS TO BOGIBEEL JUNCTION NEAR LAPETKETA (KM. 561,Ministry Of Road Transport And Highways (State Pwds),NHIDCL,ASSAM,2016-01-01,2016-01-01,,252,,,,,,,,without_doc,254
2020-10-01,N28000102,488,"CONSTRUCTION OF VARIOUS BUILDINGS UNDER PHASE-1B FOR IIT ROPAR, PUNJAB",Ahmedabad Metro Rail,CPWD,PUNJAB,2016-08-01,2019-04-01,2021-01-01,294,350.69,256.79,,350.69,,,,delayed,383
2020-10-01,N24000614,488,2-LANING WITH PAVED SHOULDER OF NH-52 FROM KM 583.450.TO KM 605.600(EXISTING CHAINAGE FROMKM.583.450,Ministry Of Road Transport And Highways (State Pwds),NHIDCL,ARUNACHAL PRADESH,2016-01-01,2016-11-01,,183.65,,,,,,,,without_doc,254
2020-10-01,N28000106,489,"RE-DEVELOPMENT OF GOVT. OF INDIA PRESS, MINTO ROAD, NEW DELHI (SH: CONSTRUCTION OF NEW BUILDING (2 B",Ahmedabad Metro Rail,CPWD,DELHI,2017-11-01,2020-05-01,2021-01-01,238.56,238.56,115.59,,,2021-01-01,,,delayed,383
2020-10-01,N24000616,489,CONSTRUCTION OF 2-LANE ROAD FROM EXISTING KM 21.500 OF HUNLI-ANINI ROAD( NEAR ITHUN BRIDGE) TO KM 37,Ministry Of Road Transport And Highways (State Pwds),NHIDCL,ARUNACHAL PRADESH,2016-04-01,,,245.79,,,,,,,,without_doc,254
2020-10-01,N28000071,490,ESTABLISHMENT OF CENTRAL ARMED POLICE FORCE INSTITUTE OF MEDICAL SCIENCES(CAPFIMS) AT NEW DELHI,Ahmedabad Metro Rail,CPWD,DELHI,2013-10-01,2019-10-01,2021-03-01,1219.21,2000,810.55,,,,,,delayed,383
2020-10-01,N24000617,490,CONSTRUCTION OF 2-LANE ROAD FROM EXISTING KM. 37.500 OF HUNLI-ANINI ROAD (NEAR ITHUN BRIDGE) TO KM.,Ministry Of Road Transport And Highways (State Pwds),NHIDCL,ARUNACHAL PRADESH,2016-04-01,2016-10-01,,198,,,,,,,,without_doc,254
2020-10-01,N28000103,491,"RESIDENTIAL QUATERS FOR HAL,BANGLORE",Ahmedabad Metro Rail,CPWD,KARNATAKA,2016-12-01,2020-02-01,2021-03-01,246.31,246.31,111.89,,,2021-03-01,,,delayed,383
2020-10-01,N24000676,491,CONSTRUCTION OF 2-LANE OF HUNLI-ANINI ROAD FROM KM. 106.20 TO KM. 120,Ministry Of Road Transport And Highways (State Pwds),NHIDCL,ARUNACHAL PRADESH,2016-12-01,2017-01-01,,138.93,,,,155,,,,without_doc,254
2020-10-01,N28000118,492,CONSTRUCTION OF ATAL AKSHAY URJA BHAWAN CGO COMPLEX LODHI ROAD NEW DELHI,Ahmedabad Metro Rail,CPWD,DELHI,2017-10-01,2019-11-01,2021-03-01,271.9,271.9,137.49,,,,,,delayed,383
2020-10-01,N24000679,492,TWO LANING OF EXISTING HAYULIANG HAWAI ROAD ON EPC BASIS FROM DESIGN KM. 17.000 (KHUPA) TO KM. 34.00,Ministry Of Road Transport And Highways (State Pwds),NHIDCL,ARUNACHAL PRADESH,2017-02-01,2017-04-01,,195.23,,,,,,,,without_doc,254
2020-10-01,N28000119,493,"DEVELOPMENT OF PERMANENT CAMPUS FOR IIT JODHPUR (PHASE II) AT KARWAR, JODHPUR RAJASTHAN",Ahmedabad Metro Rail,CPWD,RAJASTHAN,2016-12-01,2019-07-01,2021-03-01,549.31,559.47,458.38,,559.47,2020-12-01,,,delayed,384
2020-10-01,N24000680,493,TWO LANING OF EXISTING HAYULIANG HAWAI ROAD ON EPC BASIS FROM DESIGN KM. 34.000 TO KM. 51.825 [EXIST,Ministry Of Road Transport And Highways (State Pwds),NHIDCL,ARUNACHAL PRADESH,2017-02-01,2017-04-01,,203.36,,,,,,,,without_doc,254
2020-10-01,N28000133,494,"C/O PERMANENT CAMPUS FOR NITAP UNDER PHASE 1B AT TADEPALLIGUDEM, A.P.",Ahmedabad Metro Rail,CPWD,ANDHRA PRADESH,2019-02-01,2020-09-01,2021-03-01,186,205,105.07,,205,2021-03-01,,,delayed,384
2020-10-01,N24000681,494,TWO LANING OF EXISTING KHUPA HAYULIANG HAWAI ROAD ON EPC BASIS FROM DESIGN KM. 0.000 (KHUPA) TO KM.,Ministry Of Road Transport And Highways (State Pwds),NHIDCL,ARUNACHAL PRADESH,2017-01-01,2017-04-01,,194.66,,,,,,,,without_doc,255
2020-10-01,N28000089,495,"C/O OF 152 NOS TYPE-II,304 NOS,TYPE-III,76 NOS, TYPE-IV QTRS. FOR INCOME TAX DEPARTMENT AT CHENNAI",Ahmedabad Metro Rail,CPWD,TAMIL NADU,2015-12-01,2019-10-01,2021-04-01,209,208.96,180.73,,,,,,delayed,384
2020-10-01,N24000686,495,FOUR LANING OF DIMAPUR KOHIMA ROAD FROM DESIGN KM 123.840 TO KM 138.775 (EXISTING KM 124.100 TO KM 1,Ministry Of Road Transport And Highways (State Pwds),NHIDCL,NAGALAND,2016-03-01,2016-08-01,,373.07,,,,,,,,without_doc,255
2020-10-01,N28000098,496,ESTABLISHMENT OF NATIONAL ANIMAL RESOURCE FACILITY FOR BIOMEDICAL RESEARCH AT HYDERABAD,Ahmedabad Metro Rail,CPWD,TELANGANA,2016-10-01,2020-03-01,2021-05-01,209.84,209.84,96,,,,,,delayed,384
2020-10-01,N24000688,496,FOUR LANING OF EXISTING DIMAPUR KOHIMA ROAD FROM DESIGN KM 152.490 TO KM 166.700 (EXISTING KM 156.00,Ministry Of Road Transport And Highways (State Pwds),NHIDCL,NAGALAND,2016-03-01,2016-08-01,,429.52,,,,,,,,without_doc,255
2020-10-01,N28000067,497,2000 BOYS HOSTEL(1000 DOUBLE BEDDED ROOM) AT ISM DHANBAD,Ahmedabad Metro Rail,CPWD,JHARKHAND,2012-09-01,2016-03-01,2021-06-01,171.86,171.86,111.29,,,,,,delayed,384
2020-10-01,N24000689,497,CONSTRUCTION OF FOUR/ SIX LANING FROM KM 132.375 TO KM 158.058 (TOTAL NEW ALIGNMENT LENGTH OF 20.683,Ministry Of Road Transport And Highways (State Pwds),NHIDCL,NAGALAND,2017-02-01,2017-04-01,,507.68,,,,,,,,without_doc,255
2020-10-01,N28000087,498,"CONSTRUCTION OF 108 NOS. GPRA TYPE-VII FLATS IN POCKET-I AT DEEN DAYAL UPADHYAYA MARG, NEW DELHI",Ahmedabad Metro Rail,CPWD,DELHI,2015-06-01,2019-04-01,2021-06-01,197.33,197.33,88.57,,,2020-06-01,,,delayed,384
2020-10-01,N24000690,498,TWO LANING OF EXISTING KHUPA HAYULIANG HAWAI ROAD ON EPC BASIS FROM DESIGN KM. 0.000 (KHUPA) TO KM.,Ministry Of Road Transport And Highways (State Pwds),NHIDCL,ARUNACHAL PRADESH,2017-01-01,2017-04-01,,198.22,,,,,,,,without_doc,255
2020-10-01,N28000111,499,CONSTRUCTION OF ENGINEERING CORE LAB FOR IIT KANPUR,Ahmedabad Metro Rail,CPWD,UTTAR PRADESH,2017-11-01,2020-03-01,2021-06-01,171.72,171.72,53.94,,171.72,,,,delayed,384
2020-10-01,N24000695,499,RHENOK-RORAHTHANG-PAKYONG ON NH 717A,Ministry Of Road Transport And Highways (State Pwds),NHIDCL,SIKKIM,2017-04-01,2017-10-01,,388,,,,,,,,without_doc,255
2020-10-01,N28000117,500,"CONSTRUCTION OF IITB RESEARCH PARK AT IIT BOMBAY, POWAI, MUMBAI",Ahmedabad Metro Rail,CPWD,MAHARASHT RA,2018-01-01,2020-07-01,2021-06-01,223.37,223.37,61.35,,,,,,delayed,384
2020-10-01,N24000741,500,CONSTRUCTION AND UPGRADATION OF EXISTING ROAD TO 2 LANE WITH PAVED SHOULDER FROM KM 368.00 TO KM 399,Ministry Of Road Transport And Highways (State Pwds),NHIDCL,UTTARAKHAND,2018-03-01,2018-05-01,,274.31,,,,,,,,without_doc,255
2020-10-01,N28000110,501,REDEVELOPMENT OF GPRA AT MOHAMMADPUR,Ahmedabad Metro Rail,CPWD,DELHI,2016-10-01,2021-03-01,2021-07-01,422,422,17.11,,,,,,delayed,384
2020-10-01,N24000742,501,2 LANE WITH PAVED SHOULDER FROM KM 399.00 TO KM 430.00 OF KARANPARYAG TO CHAMOLI UNDER CHARDHAM PARI,Ministry Of Road Transport And Highways (State Pwds),NHIDCL,UTTARAKHAND,2018-03-01,2018-06-01,,403.36,,,,,,,,without_doc,255
2020-10-01,N28000100,502,CONSTRUCTION OF ACADEMIC AND RESIDENTIAL COMPLEX UNDER PHASE-II FOR THE CAMPUS OF IIT PATNA,Ahmedabad Metro Rail,CPWD,BIHAR,2016-02-01,2017-06-01,2021-09-01,496.18,498.99,185.61,,496,,,,delayed,384
2020-10-01,N24000743,502,2 LANE WITH PAVED SHOULDER FROM KM 430.00 TO KM 468.00 OF CHAMOLI TO PAINI UNDER CHARDHAM PARIYOJNA,Ministry Of Road Transport And Highways (State Pwds),NHIDCL,UTTARAKHAND,2018-03-01,2018-05-01,,417.24,,,,,,,,without_doc,255
2020-10-01,N28000128,503,REDEVELOPMENT OF GENERAL POOL RESIDENTIAL COLONY AT SRINIWASPURI NEW DELHI PHASE-I,Ahmedabad Metro Rail,CPWD,DELHI,2016-10-01,2021-07-01,2021-09-01,1180,1100.8,20.8,,,,,,delayed,384
2020-10-01,N24000744,503,CONSTRUCTION OF MAJOR BRIDGE OVER MIDDLE STRAIT CREEK BETWEEN KM. 106.590 TO KM. 107.762 OF NH 223 (,Ministry Of Road Transport And Highways (State Pwds),NHIDCL,A & N ISLANDS,2015-03-01,2018-10-01,,262.97,,,,,,,,without_doc,255
2020-10-01,N28000120,504,"CONSTRUCTION OF VARIOUS BUILDINGS UNDER PHASE 1C AT IIT ROPAR, PUNJAB",Ahmedabad Metro Rail,CPWD,PUNJAB,2018-01-01,2020-05-01,2021-10-01,430,387.83,156.42,,387.83,,,,delayed,385
2020-10-01,N24000745,504,"2 LANE WITH HARD SHOLDER , REHABILITATION AND UP GRADATION OF SECTION FROM KM 242.0 TO KM 298.0 OF N",Ministry Of Road Transport And Highways (State Pwds),NHIDCL,A & N ISLANDS,2017-03-01,2017-12-01,,409.85,,,,,,,,without_doc,255
2020-10-01,N28000112,505,C/O NEW HOSPITAL BLOCK FOR SREE CHITRA TIRUNAL INSTITIUTE OF MEDICAL SCIENCE AND TECHNOLOGY (SCTIMST,Ahmedabad Metro Rail,CPWD,KERALA,2017-09-01,2020-03-01,2021-12-01,150.29,150.29,32.13,,,,,,delayed,385
2020-10-01,N24000746,505,CONSTRUCTION OF MAJOR BRIDGE OVER HUMPHREY STRAIT CREEK BETWEEN KM. 129.420 TO KM. 130.600 OF NH 4 C,Ministry Of Road Transport And Highways (State Pwds),NHIDCL,A & N ISLANDS,2015-03-01,2017-04-01,,277.17,,,,,,,,without_doc,255
2020-10-01,N28000114,506,"REDEVELOPMENT OF GENERAL POOL RESIDENTIAL COLONY AT THYAGRAJ NAGAR, NEW DELHI- CONSTRUCTION OF 380 N",Ahmedabad Metro Rail,CPWD,DELHI,2016-10-01,2020-08-01,2021-12-01,392,392,43.86,,,,,,delayed,385
2020-10-01,N24000748,506,REHABILITATION AND UP GRADATION OF SECTION FROM KM 107.760 TO KM 129.445 (AFTER MIDDLE STRAIT TO HUM,Ministry Of Road Transport And Highways (State Pwds),NHIDCL,A & N ISLANDS,2018-02-01,2018-10-01,,391,,,,,,,,without_doc,255
2020-10-01,N28000139,507,CONST OF 152 QTRS 240 BOYS 240 GIRLS 150 NURSES HOSTEL AND OTHER BUILDINGS INCLUDING DEVELOPMENT,Ahmedabad Metro Rail,CPWD,PONDICHERR Y,2018-03-01,2020-09-01,2022-04-01,195,195,10.32,,,2021-01-01,,,delayed,385
2020-10-01,N24000749,507,REHABILITATION AND UP GRADATION OF SECTION FROM KM 206.00 TO KM 242.00 (NIMBUTALA TO AUSTIN CREEK) O,Ministry Of Road Transport And Highways (State Pwds),NHIDCL,A & N ISLANDS,2018-03-01,2018-10-01,,234.27,,,,,,,,without_doc,255
2020-10-01,N28000127,508,CONSTRUCTION OF 300 BEDDED HOSPITAL AND TEACHING BLOCK IN DR YS PARMAR GMC AT NAHAN HIMACHAL PRADESH,Ahmedabad Metro Rail,CPWD,HIMACHAL PRADESH,2018-12-01,2021-06-01,2022-05-01,260,260,25.38,,,,,,delayed,385
2020-10-01,N24000753,508,(II) CONSTRUCTION OF DIMAPUR BYPASS (ASSAM PORTION) OF 4/6 LANE PAVEMENT ON EPC BASIS FROM EXISTING,Ministry Of Road Transport And Highways (State Pwds),NHIDCL,NAGALAND,2018-03-01,2018-09-01,,500.09,,,,336.49,,,,without_doc,255
2020-10-01,N28000126,509,INDIAN INSTITUTE OF SCIENCE EDUCATION AND RESEARCH BERHAMPUR,Ahmedabad Metro Rail,CPWD,ODISHA,2019-01-01,2022-03-01,2022-06-01,790.79,790.79,101.57,,,,,,delayed,385
2020-10-01,N24000754,509,CONSTRUCTION OF TWO LANE WITH HARD SHOULDERS OF CHAKABAMA-ZUNHEBOTO ROAD FROM EXISTING KM 00.000 TO,Ministry Of Road Transport And Highways (State Pwds),NHIDCL,NAGALAND,2018-03-01,2018-09-01,,339.57,,,,,,,,without_doc,255
2020-10-01,N28000140,510,"C/O PERMANENT CAMPUS OF IIT PALAKKAD PHASE IA AT PUDESSERY VILLAGE,KANJIKODE WEST, DISTRICT PALAKKA",Ahmedabad Metro Rail,CPWD,KERALA,2019-07-01,2021-03-01,2022-06-01,753.63,753.63,58.47,,,,,,delayed,385
2020-10-01,N24000755,510,CONSTRUCTION OF TWO LANE WITH HARD SHOULDERS OF CHAKABAMA-ZUNHEBOTO ROAD FROM EXISTING KM 25.760 TO,Ministry Of Road Transport And Highways (State Pwds),NHIDCL,NAGALAND,2018-03-01,2018-09-01,,239.3,,,,,,,,without_doc,255
2020-10-01,N28000056,511,DELHI MRTS PHASE-III,Ahmedabad Metro Rail,DMRC,DELHI,2011-09-01,2016-03-01,2021-03-01,38585,38585,39614.71,,,,,,delayed,385
2020-10-01,N24000756,511,CONSTRUCTION OF TWO LANE WITH HARD SHOULDERS OF CHAKABAMA-ZUNHEBOTO ROAD FROM EXISTING KM 52.370 TO,Ministry Of Road Transport And Highways (State Pwds),NHIDCL,NAGALAND,2018-03-01,2018-09-01,,285.68,,,,,,,,without_doc,255
2020-10-01,N28000136,512,DELHI METRO RAIL EXTENSION FROM NAJAFGARH TO DHANSA BUS STAND,Ahmedabad Metro Rail,DMRC,DELHI,2017-05-01,2020-12-01,2021-09-01,565,565,490.3,,,,,,delayed,385
2020-10-01,N24000757,512,CONSTRUCTION OF TWO LANE WITH HARD SHOULDERS OF CHAKABAMA-ZUNHEBOTO ROAD FROM EXISTING KM 79.040 TO,Ministry Of Road Transport And Highways (State Pwds),NHIDCL,NAGALAND,2018-03-01,2018-09-01,,315.03,,,,,,,,without_doc,256
2020-10-01,N12000098,513,CONSTRUCTION AND MAINTEINANCE OF RURAL ROAD UNDER PMGSY PHASE V,Ahmedabad Metro Rail,HSCL,TRIPURA,2007-03-01,2015-12-01,2021-02-01,149.73,155.66,144.95,,173,,,,delayed,385
2020-10-01,N24000758,513,CONSTRUCTION OF TWO LANE WITH HARD SHOULDERS OF CHAKABAMA-ZUNHEBOTO ROAD FROM EXISTING KM100.345 TO,Ministry Of Road Transport And Highways (State Pwds),NHIDCL,NAGALAND,2018-03-01,2018-09-01,,240.64,,,,,,,,without_doc,256
2020-10-01,N12000099,514,CONSTRUCTION AND MAINTEINANCE OF RURAL ROAD UNDER PMGSY PHASE VI,Ahmedabad Metro Rail,HSCL,TRIPURA,2007-12-01,2016-12-01,2021-03-01,202.61,207.12,189.79,,227,,,,delayed,386
2020-10-01,N24000759,514,CONSTRUCTION OF TWO-LANE WITH HARD SHOULDERS OF PFUTSERO PHEK ROAD FROM EXISTING KM 00.000 TO KM19.9,Ministry Of Road Transport And Highways (State Pwds),NHIDCL,NAGALAND,2018-03-01,2018-09-01,,237.72,,,,,,,,without_doc,256
2020-10-01,N12000100,515,CONSTRUCTION AND MAINTEINANCE OF RURAL ROAD UNDER PMGSY PHASE VIII,Ahmedabad Metro Rail,HSCL,TRIPURA,2011-10-01,2016-12-01,2021-03-01,175.49,175.49,124.87,,206.71,,,,delayed,386
2020-10-01,N24000760,515,CONSTRUCTION OF TWO LANE WITH HARD SHOULDERS OF PFUTSERO-PHEK ROAD FROM EXISTING KM 19.900 TO KM40.0,Ministry Of Road Transport And Highways (State Pwds),NHIDCL,NAGALAND,2018-03-01,2018-09-01,,251.97,,,,,,,,without_doc,256
2020-10-01,N12000103,516,"CONSTRUCTION OF INTERNATIONAL CENTRE FOR PERFORMING ARTS AND CULTURE,SHILONG IN MEGALAYA UNDER NLCPR",Ahmedabad Metro Rail,HSCL,MEGHALAYA,2014-04-01,2017-09-01,2021-03-01,151.33,151.33,143.02,,,,Non receipt of payment,,delayed,386
2020-10-01,N24000761,516,CONSTRUCTION OF TWO LANE WITH HARD SHOULDERS OF PFUTSERO-PHEK ROAD FROM EXISTING KM 40.090 TO KM65.,Ministry Of Road Transport And Highways (State Pwds),NHIDCL,NAGALAND,2018-03-01,2018-09-01,,282.98,,,,,,,,without_doc,256
2020-10-01,N12000108,517,IRRIGATION WORK OF BAGMATI,Ahmedabad Metro Rail,HSCL,BIHAR,2005-10-01,2015-03-01,2021-03-01,956,721.35,712.09,,721.35,,,,delayed,386
2020-10-01,N24000762,517,CONSTRUCTION OF TWO LANE WITH HARD SHOULDERS OF MERANGKONG-TAMLU-MON ROAD FROM EXISTING KM 00.000 TO,Ministry Of Road Transport And Highways (State Pwds),NHIDCL,NAGALAND,2018-03-01,2018-09-01,,215.12,,,,,,,,without_doc,256
2020-10-01,N28000080,518,REDEVELOPMENT OF EAST KIDWAI NAGAR,Ahmedabad Metro Rail,NBCC,DELHI,2012-06-01,2019-11-01,2020-11-01,4264,4720.73,4683.08,,4720.73,2020-11-01,,,delayed,386
2020-10-01,N24000763,518,CONSTRUCTION OF TWO LANE WITH HARD SHOULDERS OF MERANGKONG-TAMLU-MON ROAD FROM EXISTING KM 20.456 TO,Ministry Of Road Transport And Highways (State Pwds),NHIDCL,NAGALAND,2018-03-01,2018-09-01,,215.79,,,,,,,,without_doc,256
2020-10-01,N30000037,519,SEWERAGE SYSTEM WITH SEWER NETWORK PATNA BEUR,Development Corporation Ltd,BUIDCO,BIHAR,2014-12-01,2020-03-01,2020-12-01,225.77,225.77,241.28,,,,,,delayed,386
2020-10-01,N24000764,519,CONSTRUCTION OF TWO LANE WITH HARD SHOULDERS OF MERANGKONG-TAMLU-MON ROAD FROM EXISTING KM 41.065 TO,Ministry Of Road Transport And Highways (State Pwds),NHIDCL,NAGALAND,2018-03-01,2018-09-01,,272.89,,,,,,,,without_doc,256
2020-10-01,N30000038,520,SAIDPUR STP AND ADJOINING NETWORK FOR PATNA BIHAR,Development Corporation Ltd,BUIDCO,BIHAR,2015-04-01,2020-04-01,2020-12-01,184.93,184.93,163.36,,,,,,delayed,386
2020-10-01,N24000765,520,CONSTRUCTION OF TWO LANE WITH HARD SHOULDERS OF MERANGKONG-TAMLU-MON ROAD FROM EXISTING KM 60.345 TO,Ministry Of Road Transport And Highways (State Pwds),NHIDCL,NAGALAND,2018-03-01,2018-09-01,,323.98,,,,,,,,without_doc,256
2020-10-01,N30000043,521,SEWERAGE TREATMENT PLANT AT PAHARI PATNA,Development Corporation Ltd,BUIDCO,BIHAR,2017-05-01,2020-11-01,2020-12-01,191.62,191.62,43,,,,,,delayed,386
2020-10-01,N24000766,521,CONSTRUCTION/UPGRADATION OF ALTERNATIVE HIGHWA TO GANGTOK IN SIKKIM VIA BAGRAKOT-CHUIKHIM-NIMBONG-KA,Ministry Of Road Transport And Highways (State Pwds),NHIDCL,SIKKIM,2017-04-01,2017-11-01,,318.42,,,,,,,,without_doc,256
2020-10-01,N30000035,522,SEWER NETWORKS SPS AND STP HAJIPUR,Development Corporation Ltd,BUIDCO,BIHAR,2018-03-01,2021-08-01,2021-12-01,305.19,305.19,,,,,,,delayed,386
2020-10-01,N24000767,522,CONSTRUCTION OF 2-LANE WITH PAVED SHOULDER INCLUDING GEOMETRIC IMPROVEMENT FROM KM 0.000 TO KM 16.00,Ministry Of Road Transport And Highways (State Pwds),NHIDCL,SIKKIM,2017-03-01,,,375.8,,,,,,,,without_doc,256
2020-10-01,N30000017,523,CONSTRUCTION OF 318 MLD WWTP WITH 10 YEARS O AND M AT CORONATION PILLAR DELHI,Development Corporation Ltd,DJB,DELHI,2018-12-01,2021-01-01,2021-06-01,515.07,515.07,278.37,,,,,,delayed,386
2020-10-01,N24000768,523,CONSTRUCTION OF 2-LANE WITH PAVED SHOULDER INCLUDING GEOMETRIC IMPROVEMENT FROM KM 16.000 TO KM 32.5,Ministry Of Road Transport And Highways (State Pwds),NHIDCL,SIKKIM,2017-11-01,2017-11-01,,290.05,,,,,,,,without_doc,256
2020-10-01,N30000015,524,REHABILITATION AND UP- GRADATION OF PHASE I STP 182 MLD R2,Development Corporation Ltd,DJB,DELHI,2016-05-01,2021-12-01,2022-12-01,211.79,211.79,45.44,,,,,,delayed,386
2020-10-01,N24000769,524,CONSTRUCTION/UPGRADATION OF EXISTING ROAD TO 2-LANE WITH PAVED SHOULDER INCLUDING GEOMETRIC IMPROVEM,Ministry Of Road Transport And Highways (State Pwds),NHIDCL,SIKKIM,2018-03-01,2018-06-01,,264.84,,,,,,,,without_doc,256
2020-10-01,N30000016,525,REHABILITATION AND UPGRADATION OF KONDLI PHASE I STP 45 MLD PHASE II STP 114 MLD AND PHASE III S,Development Corporation Ltd,DJB,DELHI,2016-05-01,2022-02-01,2022-12-01,239.11,239.11,69.57,,,,,,delayed,387
2020-10-01,N24000770,525,CONSTRUCTION OF MECHI BRIDGE AND APPROACHES ON INDIA- NEPAL BORDER LINKING KAKARVITTA AND PANITNAKI I,Ministry Of Road Transport And Highways (State Pwds),NHIDCL,WEST BENGAL,2017-03-01,2018-06-01,,158.65,,,,,,,,without_doc,256
2020-10-01,N30000046,526,SEWERAGE SYSTEM AND STP WORKS AT HALISHAHR,Development Corporation Ltd,KMDA,WEST BENGAL,2014-02-01,2019-12-01,2020-12-01,274.76,274.76,189.36,,,,,,delayed,387
2020-10-01,N24000823,526,FOUR LANING OF NH-52 FROM END OF BISWANATH CHARIALI BY- PASS (KM 208.00) TO GOHPUR (KM 265.50) (TOTAL,Ministry Of Road Transport And Highways (State Pwds),NHIDCL,ASSAM,2015-03-01,2016-01-01,,829,,,,,,,,without_doc,256
2020-10-01,N30000047,527,SEWERAGE SYSTEM WITH SEWER NETWORK AT BARRACKPORE,Development Corporation Ltd,KMDA,WEST BENGAL,2014-12-01,2020-04-01,2020-12-01,272.32,272.32,202.18,,,,,,delayed,387
2020-10-01,N24000855,527,CONSTRUCTION OF 4.5 KM LONG SILKYARA TUNNEL BETWEEN KM 25.40 TO 50.25 KM (TUNNEL WORK),Ministry Of Road Transport And Highways (State Pwds),NHIDCL,UTTARAKHAND,2018-03-01,2018-07-01,,1383.78,,,,,,,,without_doc,256
2020-10-01,N30000002,528,POLAVARAM IRRIGATION PROJECT,Development Corporation Ltd,PPA,ANDHRA PRADESH,2009-02-01,2020-03-01,2021-12-01,10151.04,55548.87,16896.38,,55548.87,2021-11-01,,,delayed,387
2020-10-01,N24000857,528,WIDENING AND UP-GRADATION TO 2-LANE WITH PAVED SHOULDER CONFIGURATION AND GEOMETRIC IMPROVEMENTS FRO,Ministry Of Road Transport And Highways (State Pwds),NHIDCL,MIZORAM,2017-04-01,2019-09-01,,519.09,,,,,,,,without_doc,256
2020-10-01,N30000009,529,SEWERAGE WORKS IN SEWERAGE DISTRICT I OF KANPUR,Development Corporation Ltd,UPJalNigam,UTTAR PRADESH,2016-10-01,2020-08-01,2020-12-01,370.4,370.4,313.72,,,,,,delayed,387
2020-10-01,N24000858,529,WIDENING AND UP-GRADATION TO 2-LANE WITH PAVED SHOULDER CONFIGURATION AND GEOMETRIC IMPROVEMENTS FRO,Ministry Of Road Transport And Highways (State Pwds),NHIDCL,MIZORAM,2017-04-01,2019-09-01,,640.07,,,,,,,,without_doc,256
2020-10-01,N30000011,530,SEWAGE TREATMENT PLANT FOR ASSI-BHU SEWERAGE DISTRICT AT RAMANA,Development Corporation Ltd,UPJalNigam,UTTAR PRADESH,2017-02-01,2019-11-01,2020-12-01,161.31,161.31,50.65,,,,,,delayed,387
2020-10-01,N24000859,530,WIDENING AND UP-GRADATION TO 2-LANE WITH PAVED SHOULDER CONFIGURATION AND GEOMETRIC IMPROVEMENTS FRO,Ministry Of Road Transport And Highways (State Pwds),NHIDCL,MIZORAM,2017-04-01,2019-09-01,,642.96,,,,,,,,without_doc,257
2020-10-01,N30000020,531,SEWERAGE SYSTEM AND STP WORKS PHASE I AT MORADABAD RAMGANGA,Development Corporation Ltd,UPJalNigam,UTTAR PRADESH,2011-02-01,2019-12-01,2020-12-01,279.91,279.91,220.51,,,,,,delayed,387
2020-10-01,N24000861,531,WIDENING AND UP-GRADATION TO 2-LANE WITH PAVED SHOULDER CONFIGURATION AND GEOMETRIC IMPROVEMENTS FRO,Ministry Of Road Transport And Highways (State Pwds),NHIDCL,MIZORAM,2017-04-01,2019-09-01,,473.18,,,,,,,,without_doc,257
2020-10-01,N30000019,532,MATHURA SEWERAGE SCHEME,Development Corporation Ltd,UPJalNigam,UTTAR PRADESH,2017-12-01,2020-12-01,2021-01-01,460.45,460.45,87.15,,,,,,delayed,387
2020-10-01,N24000862,532,WIDENING AND UP-GRADATION TO 2-LANE WITH PAVED SHOULDER CONFIGURATION AND GEOMETRIC IMPROVEMENTS FRO,Ministry Of Road Transport And Highways (State Pwds),NHIDCL,MIZORAM,2017-04-01,2019-09-01,,537.82,,,,,,,,without_doc,257
2020-10-01,N30000012,533,REHABILITATION RENOVATION OF AGRA SEWERAGE SCHEME INTERCEPTION AND DIVERSION WORKS IN AGRA UTTAR PR,Development Corporation Ltd,UPJalNigam,UTTAR PRADESH,2018-12-01,2021-08-01,2022-06-01,857.26,842.25,,,,,,,delayed,387
2020-10-01,N24000863,533,WIDENING AND UP-GRADATION TO 2-LANE WITH PAVED SHOULDER CONFIGURATION AND GEOMETRIC IMPROVEMENTS FRO,Ministry Of Road Transport And Highways (State Pwds),NHIDCL,MIZORAM,2017-04-01,2019-09-01,,518.53,,,,,,,,without_doc,257
2020-10-01,N30000025,534,INTERCEPTION AND DIVERSION WORKS WITH STP AT LUCKNOW UTTAR PRADESH,Development Corporation Ltd,UPJalNigam,UTTAR PRADESH,2019-03-01,2021-07-01,2022-06-01,298.12,298.12,,,,,,,delayed,388
2020-10-01,N24000865,534,WIDENING AND UP-GRADATION TO 2-LANE WITH PAVED SHOULDER CONFIGURATION AND GEOMETRIC IMPROVEMENTS FRO,Ministry Of Road Transport And Highways (State Pwds),NHIDCL,MIZORAM,2017-04-01,2019-09-01,,428.11,,,,,,,,without_doc,257
2020-10-01,N40000001,535,DELHI MUMBAI INDUSTRIAL CORRIDOR,Delhi Mumbai Industrial Corridor,DMIC,MULTI STATE,2011-09-01,2019-09-01,2021-07-01,12579.09,13812.3,6555.07,,,2014-01-01,,,delayed,388
2020-10-01,N24000866,535,UP-GRADATION TO 4-LANE WITH PAVED SHOULDER OF JAMMU- AKHNOOR SECTION OF NH-144A FROM CANAL HEAD (KM 0,Ministry Of Road Transport And Highways (State Pwds),NHIDCL,JAMMU AND KASHMIR,2018-03-01,2018-08-01,,404.17,,,,,,,,without_doc,257
2020-10-01,N40000002,536,INDIA INTERNATIONAL CONVENTION AND EXPO CENTRE,Delhi Mumbai Industrial Corridor,IICC,DELHI,2017-11-01,2019-12-01,2021-10-01,4773,5178,2056.74,,5178,,,,delayed,388
2020-10-01,N24000867,536,WIDENING AND UPGRADATION TO 2 LANE WITH PAVED SHOULDER CONFIGURATION AND GEOMETRIC IMPROVEMENT FROM,Ministry Of Road Transport And Highways (State Pwds),NHIDCL,JAMMU AND KASHMIR,2018-03-01,2018-11-01,,216,,,,,,,,without_doc,257
2020-10-01,N42000006,537,"CONSTRUCTION OF PERMANENT CAMPUS FOR INDIAN INSTITUTE OF TECHNOLOGY, DHARWAD (PHASE 1A)",Central Public Works Department,CPWD,KARNATAKA,2019-07-01,2022-03-01,2022-09-01,851,851,26.1,,851,,,,delayed,388
2020-10-01,N24000868,537,UP-GRADATION TO 4-LANE WITH PAVED SHOULDER OF JAMMU- AKHNOOR ROAD SECTION OF NH-144A FROM GANESH VIHA,Ministry Of Road Transport And Highways (State Pwds),NHIDCL,JAMMU AND KASHMIR,2018-03-01,2019-07-01,,253.44,,,,,,,,without_doc,257
2020-10-01,N42000007,538,"CONSTRUCTION OF PERMANENT CAMPUS FOR IISER AT JANGALAPALLI VILLAGE, YERPEDU MANDAL, CHITTOOR DISTRIC",Central Public Works Department,CPWD,ANDHRA PRADESH,2019-09-01,2022-09-01,2023-02-01,588.72,588.72,,,,,,,delayed,388
2020-10-01,N24000902,538,FOUR LANING OF BALACHERA-HARANGAJAO SECTION OF NH-54 (EXT) FROM KM 275.00 TO KM 244.000 IN THE STATE,Ministry Of Road Transport And Highways (State Pwds),NHIDCL,ASSAM,2017-10-01,,,818,,,,,,,,without_doc,257
2020-10-01,N42000001,539,CONSTRUCTION AND DEVELOPMENT OF NATINAL INSTITUTE OF TECHNOLOGY MEGHALAYA PERMANENT CAMPUS AT SOHRA,Central Public Works Department,RITES,MEGHALAYA,2013-09-01,2014-09-01,2020-12-01,484.32,626.26,,,,,,,delayed,388
2020-10-01,N24000903,539,IMPROVEMENT/WIDENING TO 2-LANE WITH EARTHEN SHOULDERS FROM RANIKOR TO NONGJRI EXISTING CHAINAGE FROM,Ministry Of Road Transport And Highways (State Pwds),NHIDCL,MEGHALAYA,2019-03-01,2019-05-01,,306.28,,,,,,,,without_doc,257
2020-10-01,N24000944,540,CONSTRUCTION OF 2 LANING OF EXISTING HUNLI-ANINI ROAD ON EPC BASIS FROM DESIGN KM 106.200 TO KM 120.,Ministry Of Road Transport And Highways (State Pwds),NHIDCL,ARUNACHAL PRADESH,2016-12-01,,,200.44,,,,,,,,without_doc,257
2020-10-01,N24000946,541,CONSTRUCTION OF 2-LANE ROAD WITH PAVED SHOULDERS FROM KM16.00 OF ROING-HUNLI SECTION TO KM 21.500 OF,Ministry Of Road Transport And Highways (State Pwds),NHIDCL,ARUNACHAL PRADESH,2017-03-01,,,1718.59,,,,,,,,without_doc,257
2020-10-01,N24000947,542,CONSTRUCTION OF 2 LANING OF EXISTING HUNLI-ANINI ROAD ON EPC BASIS FROM DESIGN KM 37.500 TO KM,Ministry Of Road Transport And Highways (State Pwds),NHIDCL,ARUNACHAL PRADESH,2016-05-01,,,259.52,,,,,,,,without_doc,257
2020-10-01,N24000948,543,CONSTRUCTION OF 2 LANING OF EXISTING HUNLI-ANINI ROAD ON EPC BASIS FROM DESIGN KM 53.500 TO KM 92.50,Ministry Of Road Transport And Highways (State Pwds),NHIDCL,ARUNACHAL PRADESH,2016-09-01,,,568.92,,,,,,,,without_doc,257
2020-10-01,N24000949,544,CONSTRUCTION OF 2 LANING OF EXISTING HUNLI-ANINI ROAD ON EPC BASIS FROM DESIGN KM 92.500 TO KM 106.5,Ministry Of Road Transport And Highways (State Pwds),NHIDCL,ARUNACHAL PRADESH,2016-12-01,,,188.78,,,,,,,,without_doc,257
2020-10-01,N24000977,545,BORDUMSA NAMCHIK (BURIDEHING - JAIRAMPUR) ROAD ON NH- 52B (NEW NH-215) FROM KM. 0.15 (STARTING CHAIN,Ministry Of Road Transport And Highways (State Pwds),NHIDCL,ARUNACHAL PRADESH,2015-07-01,,,189.91,,,,,,,,without_doc,257
2020-10-01,N24000978,546,2 LANING FROM KM. 40.00 TO KM. 58.27 OF CHANGLANG/ TIRAP DISTRICT BOUNDARY TO CHANGLANG OF NH-52B IN,Ministry Of Road Transport And Highways (State Pwds),NHIDCL,ARUNACHAL PRADESH,2015-03-01,,,172.75,,,,,,,,without_doc,257
2020-10-01,N24000979,547,TWO-LANING OF HAYULIANG– HAWAI BYPASS ROAD ON EPC BASIS FROM DESIGN KM. 51.825 TO KM. 63.131 EXISTI,Ministry Of Road Transport And Highways (State Pwds),NHIDCL,ARUNACHAL PRADESH,2017-01-01,,,256.66,,,,,,,,without_doc,257
2020-10-01,N24001184,548,IMPROVEMENT OF JUNCTION AT DHAULA KUAN ON NH-8,Ministry Of Road Transport And Highways (State Pwds),NHIDCL,DELHI,2017-07-01,2019-09-01,,269.69,,,,,,,,without_doc,258
2020-10-01,N24001196,549,OUR LANNNING OF DOLABARI TO JAMUGURI SECTION FROM KM 17.300 OF NH 37A TO KM 182.00 OF NH52 IN THE ST,Ministry Of Road Transport And Highways (State Pwds),NHIDCL,ASSAM,2017-03-01,,,1049.51,,,,,,,,without_doc,258
2020-10-01,N24000661,550,4-LANNING OF MAHAGAON-YAVATMAL SECTION(KM 320.580 TO 400.575),Ministry Of Road Transport And Highways (State Pwds),NHAI,MAHARASHTRA,2017-03-01,2020-03-01,2020-08-01,1098.06,,,,,,,,without_doc,258
2020-10-01,N24000489,551,FOUR LANING OF JABALPUR - LAKHNADON,Ministry Of Road Transport And Highways (State Pwds),NHAI,MADHYA PRADESH,2015-03-01,,2015-06-01,928.83,,,,,,,,without_doc,258
2020-10-01,N24000504,552,FOUR LANING OF REWA - KATNI - JABALPUR - PACKAGE -IV,Ministry Of Road Transport And Highways (State Pwds),NHAI,MADHYA PRADESH,2015-03-01,2015-06-01,2015-06-01,810.22,,,,,,,,without_doc,258
2020-10-01,N24000812,553,CAPICITY AUGMENTATION OF THE EXISTING 4 LANE STRETCH FROM ICHAPURAM TO NARASANNAPETA FROM KM 470.415,Ministry Of Road Transport And Highways (State Pwds),NHAI,ANDHRA PRADESH,2018-03-01,2018-05-01,2018-05-01,557.3,,,,,,,,without_doc,258
2020-10-01,N24000728,554,FOUR LANNING WORK FROM HIRAN RIVER TO SINDOOR RIVER,Ministry Of Road Transport And Highways (State Pwds),NHAI,MADHYA PRADESH,2018-01-01,,2018-07-01,770.73,,,,,,,,without_doc,258
2020-10-01,N24000049,555,"DHARAMTUL TO SONAPUR,KM 205-183 (AS-20)",Ministry Of Road Transport And Highways (State Pwds),NHAI,ASSAM,2003-12-01,2008-05-01,2019-06-01,160,,,,,,,,without_doc,258
2020-10-01,N24000063,556,"BRAHMPUTRA BRIDGE,NH NO-31",Ministry Of Road Transport And Highways (State Pwds),NHAI,ASSAM,2003-12-01,2010-04-01,2019-07-01,217.61,,,,,,,,without_doc,258
2020-10-01,N24000047,557,NALBARI TO BIJNI (AS-6),Ministry Of Road Transport And Highways (State Pwds),NHAI,ASSAM,2003-12-01,2008-06-01,2019-09-01,225,,,,,,,,without_doc,258
2020-10-01,N24000586,558,TWO LANNING WITH PAVED SHOULDER OF SALASAR-NAGAUR,Ministry Of Road Transport And Highways (State Pwds),NHAI,RAJASTHAN,2016-06-01,2019-06-01,2019-09-01,637.18,,,,,,,,without_doc,258
2020-10-01,N24000149,559,SIX LANNING OF VADAKKANCHERRY THRISSURESECTION KM 240 270KM,Ministry Of Road Transport And Highways (State Pwds),NHAI,KERALA,2010-02-01,2012-08-01,2019-12-01,617,,,,,,,,without_doc,258
2020-10-01,N24000367,560,2-LANING WITH PAVED SHOULDERS OF TANDA -RAEBARELI,Ministry Of Road Transport And Highways (State Pwds),NHAI,UTTAR PRADESH,2014-04-01,2016-01-01,2020-01-01,495.78,,,,627.93,2020-01-01,,,without_doc,258
2020-10-01,N24000459,561,4 LANING OF KAZHAKKOTTAM TO MUKKOLA SECTION OF NH-47,Ministry Of Road Transport And Highways (State Pwds),NHAI,KERALA,2015-06-01,2020-01-01,2020-01-01,845.24,,,,,,,,without_doc,258
2020-10-01,N24000468,562,FOUR LANING OF REWA - KATNI - JABALPUR - PACKAGE -II,Ministry Of Road Transport And Highways (State Pwds),NHAI,MADHYA PRADESH,2015-03-01,,2020-05-01,795.76,,,,686.13,,,,without_doc,258
2020-10-01,N24000469,563,FOUR LANING OF REWA - KATNI - JABALPUR - PACKAGE -I,Ministry Of Road Transport And Highways (State Pwds),NHAI,MADHYA PRADESH,2015-03-01,,2020-05-01,794.3,,,,679.94,,,,without_doc,258
2020-10-01,N24000426,564,2-LANE WITH PAVED SHOULDER WITH PROVISION OF CAPACITY AUGMENTATION OF RAJASTHAN BORDER-FATEHPUR-SALA,Ministry Of Road Transport And Highways (State Pwds),NHAI,RAJASTHAN,2012-11-01,2016-08-01,2020-06-01,530.07,,,,,,,,without_doc,258
2020-10-01,N24000044,565,SONAPUR TO GUWAHTI (AS-3),Ministry Of Road Transport And Highways (State Pwds),NHAI,ASSAM,2003-12-01,2008-03-01,2020-08-01,245,,,,,,,,without_doc,258
2020-10-01,N24000562,566,4-LANNING OF CHUTMALPUR-GANESHPUR SECTION OF NH-72A FROM KM 0.000 (KM 22.825 OF MH-73) TO KM 17.900,Ministry Of Road Transport And Highways (State Pwds),NHAI,UTTARAKHAND,2016-03-01,,2020-08-01,1443,,,,,,,,without_doc,258
2020-10-01,N24000563,567,4-LANING OF GAGALHERI- SAHARANPUR- YAMUNANAGAR (UP/HARYANA BORDER) SECTION OF NH-73 FROM KM 33.000 (,Ministry Of Road Transport And Highways (State Pwds),NHAI,UTTAR PRADESH,2016-03-01,,2020-08-01,1668,,,,,,,,without_doc,258
2020-10-01,N24000634,568,FOUR LANNING OF TAKOLI-KULLU SECTION OF NH-21 (KM 242+000 TO KM 272+000),Ministry Of Road Transport And Highways (State Pwds),NHAI,HIMACHAL PRADESH,2016-10-01,,2020-08-01,447.75,,,,,,,,without_doc,258
2020-10-01,N24000658,569,4-LANNING OF YAVATMAL-WARDHA SECTION(KM 400.575 TO 465.500),Ministry Of Road Transport And Highways (State Pwds),NHAI,MAHARASHTRA,2017-03-01,2020-03-01,2020-08-01,988.34,,,,,,,,without_doc,258
2020-10-01,N24000708,570,4-LANNING OF STHIYATHOPU-CHOLOPURAM,Ministry Of Road Transport And Highways (State Pwds),NHAI,TAMIL NADU,2017-09-01,2017-09-01,2020-08-01,1227.87,,,,,,,,without_doc,259
2020-10-01,N24000161,571,QUAZIGUND-BANIHAL KM.220.00 TO KM.188.00,Ministry Of Road Transport And Highways (State Pwds),NHAI,JAMMU AND KASHMIR,2010-07-01,2015-07-01,2020-09-01,1987,,,,,,,,without_doc,259
2020-10-01,N24000508,572,FOUR LANING OF AURANGABAD - YEDISHI,Ministry Of Road Transport And Highways (State Pwds),NHAI,MAHARASHTRA,2015-07-01,2018-01-01,2020-09-01,1871.34,,,,2754,2018-12-01,,,without_doc,259
2020-10-01,N24000606,573,TWO LANNING WITH FORMATION OF FOUR LANE OF PROPOSED SHIMLA BYPASS,Ministry Of Road Transport And Highways (State Pwds),NHAI,HIMACHAL PRADESH,2016-08-01,,2020-09-01,1583.18,,,,2173.74,,,,without_doc,259
2020-10-01,N24000794,574,UPGRADATION TO 2 LANE WITH PAVED SHOULDER/4 LANE OF GAGARIA - BAORI KALAN - SERWA - BAKHASAR SECTION,Ministry Of Road Transport And Highways (State Pwds),NHAI,RAJASTHAN,2018-02-01,,2020-09-01,1103.88,,,,,,,,without_doc,259
2020-10-01,240106277,575,"HARANGAJO TO MAIBANG (AS-23), KM.126.450 TO KM.140.700",Ministry Of Road Transport And Highways (State Pwds),NHAI,ASSAM,2003-12-01,2009-02-01,,280,,,,,,,,without_doc,259
2020-10-01,240106278,576,"MAIBANG TO LUMDING (AS-25), KM.83.400 TO KM.111.000",Ministry Of Road Transport And Highways (State Pwds),NHAI,ASSAM,2003-12-01,2009-04-01,,199.81,,,,,,,,without_doc,259
2020-10-01,240106279,577,"MAIBANG TO LUMDING (AS-26), KM.60.500 TO KM.83.400, NH-54",Ministry Of Road Transport And Highways (State Pwds),NHAI,ASSAM,2003-12-01,2008-11-01,,167.64,,,,,,,,without_doc,259
2020-10-01,240106280,578,"MAIBANG TO LUMDING (AS-24), KM.111.000 TO KM.126.450",Ministry Of Road Transport And Highways (State Pwds),NHAI,ASSAM,2003-12-01,2008-11-01,,155.04,,,,,,,,without_doc,259
2020-10-01,N24000062,579,"HARANGAJO TO MAIBANG, NH-54",Ministry Of Road Transport And Highways (State Pwds),NHAI,ASSAM,2003-12-01,2009-07-01,,196,,,,,,,,without_doc,259
2020-10-01,N24000122,580,DELHI/ HARYANA BORDER TO ROHTAK,Ministry Of Road Transport And Highways (State Pwds),NHAI,HARYANA,2007-04-01,2010-05-01,,486,,,,,,,,without_doc,259
2020-10-01,N24000125,581,GUJARAT/MAHARASHTRA BORDERSURAT-HAZIRA PORT SECTION,Ministry Of Road Transport And Highways (State Pwds),NHAI,GUJARAT,2010-03-01,2012-09-01,,1509.1,,,,,,,,without_doc,259
2020-10-01,N24000131,582,SURAT- DAHISAR(SIX LANE) KM 263 TO KM 502,Ministry Of Road Transport And Highways (State Pwds),NHAI,MULTI STATE,2009-02-01,2011-08-01,,1693.75,,,,,,,,without_doc,259
2020-10-01,N24000133,583,PANIPAT-JALANDHAR 6 LANE(KM 96 TO 387.1 KM),Ministry Of Road Transport And Highways (State Pwds),NHAI,HARYANA,2009-05-01,2011-11-01,,1108,,,,,,,,without_doc,259
2020-10-01,N24000136,584,INDORE-JHABUA-GUJRAT/MP,Ministry Of Road Transport And Highways (State Pwds),NHAI,MADHYA PRADESH,2010-10-01,2013-04-01,,1175,,,,,,,,without_doc,259
2020-10-01,N24000138,585,HUNGUND-SURATHKAL AND MANGALORE-KNT/KERALA BORDER,Ministry Of Road Transport And Highways (State Pwds),NHAI,KARNATAKA,2010-09-01,2018-06-01,,946,,,,,,,,without_doc,259
2020-10-01,N24000155,586,4 LANING OF NAGPUR-BETUL,Ministry Of Road Transport And Highways (State Pwds),NHAI,MULTI STATE,2011-02-01,2014-08-01,,2498.76,,,,,,,,without_doc,259
2020-10-01,N24000159,587,INDORE-DEWAS(NH-3),Ministry Of Road Transport And Highways (State Pwds),NHAI,MADHYA PRADESH,2010-11-01,2013-05-01,,325,,,,,,,,without_doc,259
2020-10-01,N24000162,588,NASHRI- CHANANI,Ministry Of Road Transport And Highways (State Pwds),NHAI,JAMMU AND KASHMIR,2011-05-01,2015-06-01,,2159,,,,,,,,without_doc,259
2020-10-01,N24000163,589,JAMMU-UDHAMPUR KM.27.5 TO KM.67.00,Ministry Of Road Transport And Highways (State Pwds),NHAI,JAMMU AND KASHMIR,2010-07-01,2013-07-01,,1813.76,,,,,,,,without_doc,259
2020-10-01,N24000165,590,PATNA-MUZZAFFARPUR,Ministry Of Road Transport And Highways (State Pwds),NHAI,BIHAR,2010-08-01,2013-02-01,,671.3,,,,671.3,,,,without_doc,259
2020-10-01,N24000170,591,GHAZIABAD-ALIGARH NH-91,Ministry Of Road Transport And Highways (State Pwds),NHAI,UTTAR PRADESH,2011-02-01,2013-08-01,,1141,,,,,,,,without_doc,259
2020-10-01,N24000178,592,TIRUPATI - TIRUTHANI - CHENNAI,Ministry Of Road Transport And Highways (State Pwds),NHAI,ANDHRA PRADESH,2011-04-01,2013-10-01,,571,,,,,,,,without_doc,259
2020-10-01,N24000183,593,SIX LANNING OF NELLORE-CHILKALURIPET KM.1182.802 TO KM.1366.547,Ministry Of Road Transport And Highways (State Pwds),NHAI,ANDHRA PRADESH,2011-11-01,2014-05-01,,1535,,,,,,,,without_doc,259
2020-10-01,N24000185,594,PATNA-BAKTZARPUR KM.181.3 TO KM.231.95,Ministry Of Road Transport And Highways (State Pwds),NHAI,BIHAR,2011-09-01,2014-03-01,,574,,,,,,,,without_doc,259
2020-10-01,N24000186,595,2-LANNING WITH PS MOTIHARI-RAXAUL,Ministry Of Road Transport And Highways (State Pwds),NHAI,BIHAR,2011-10-01,2014-04-01,,375.09,,,,,,,,without_doc,260
2020-10-01,N24000187,596,4-LANNING OF CHAPRA-HAJIPUR,Ministry Of Road Transport And Highways (State Pwds),NHAI,BIHAR,2011-01-01,2013-07-01,,575,,,,,,,,without_doc,260
2020-10-01,N24000197,597,PANIKHOLI-RIMOLI,Ministry Of Road Transport And Highways (State Pwds),NHAI,ODISHA,2012-03-01,2014-09-01,,1410,,,,,,,,without_doc,260
2020-10-01,N24000206,598,6-LANING OF DHANKUNI-KHARAGPUR SECTION,Ministry Of Road Transport And Highways (State Pwds),NHAI,WEST BENGAL,2012-04-01,2014-09-01,,1396.18,,,,,,,,without_doc,260
2020-10-01,N24000213,599,2-LANING OF KRISHNAGIRI-TINDIVANAM (APPROVED LENHTH 170 KM),Ministry Of Road Transport And Highways (State Pwds),NHAI,TAMIL NADU,2012-04-01,2014-04-01,,624,,,,,,,,without_doc,260
2020-10-01,N24000215,600,RANCHI-RARGA-JAMSETHPUR,Ministry Of Road Transport And Highways (State Pwds),NHAI,JHARKHAND,2012-12-01,2015-06-01,,1479,,,,,,,,without_doc,260
2020-10-01,N24000219,601,ETAWAH CHAKERI,Ministry Of Road Transport And Highways (State Pwds),NHAI,UTTAR PRADESH,2013-03-01,2015-09-01,,1573,,,,,,,,without_doc,260
2020-10-01,N24000222,602,AHMEDABAD TO VADODARA SECTION,Ministry Of Road Transport And Highways (State Pwds),NHAI,GUJARAT,2013-01-01,2015-12-01,,2125.24,,,,,,,,without_doc,260
2020-10-01,N24000230,603,WIDENING OF KHED-SINNAR STRETCH OF PUNE NASHIK SECTION OF NH-50,Ministry Of Road Transport And Highways (State Pwds),NHAI,MAHARASHTRA,2013-05-01,2014-02-01,,1348.2,,,,,,,,without_doc,260
2020-10-01,N24000232,604,FOUR LANING OF KIRATPUR NEAR CHOUK SECTION (73.20 KM TO186.50 KM),Ministry Of Road Transport And Highways (State Pwds),NHAI,HIMACHAL PRADESH,2013-11-01,2016-11-01,,1916.79,,,,,,,,without_doc,260
2020-10-01,N24000233,605,4 LANNING OF MH-KNT BORDER SANGAREDDY SECTION OF NH-9,Ministry Of Road Transport And Highways (State Pwds),NHAI,TELANGANA,2014-04-01,2016-09-01,,1266.6,,,,,,,,without_doc,260
2020-10-01,N24000344,606,TWO LANING WITH PAVED SHOULDER OF KARAUII - DHOLPUR,Ministry Of Road Transport And Highways (State Pwds),NHAI,RAJASTHAN,2014-09-01,2016-09-01,,425.19,,,,,,,,without_doc,260
2020-10-01,N24000349,607,FOUR LANING OF MADURAI - RAMANATHAPURAM (KM 5. TO KM 81) AND TWO LANING WITH PS KM 81 TO KM 120,Ministry Of Road Transport And Highways (State Pwds),NHAI,TAMIL NADU,2015-05-01,2017-11-01,,1387.11,,,,,,,,without_doc,260
2020-10-01,N24000350,608,TWO LANING WITH PS OF NAGAPATTINAM - THANJAVUR,Ministry Of Road Transport And Highways (State Pwds),NHAI,TAMIL NADU,2015-06-01,2017-12-01,,563.92,,,,,,,,without_doc,260
2020-10-01,N24000356,609,FOUR LANING OF VARANASI BYPASS,Ministry Of Road Transport And Highways (State Pwds),NHAI,UTTAR PRADESH,2015-05-01,2017-05-01,,261.09,,,,,,,,without_doc,260
2020-10-01,N24000359,610,THIRUMAYAM - MANAMADURAI SECTION,Ministry Of Road Transport And Highways (State Pwds),NHAI,TAMIL NADU,2014-07-01,2017-01-01,,401.11,,,,,,,,without_doc,260
2020-10-01,N24000361,611,VADODARA-SURAT SECTION,Ministry Of Road Transport And Highways (State Pwds),NHAI,GUJARAT,2014-03-01,2016-08-01,,503.16,,,,,,,,without_doc,260
2020-10-01,N24000362,612,2 LANING WITH PAVED SHOULDER OF SITARGANJ - TANAKUR SECTION OF NH-125,Ministry Of Road Transport And Highways (State Pwds),NHAI,UTTAR PRADESH,2015-09-01,2016-09-01,,368.73,,,,,,,,without_doc,260
2020-10-01,N24000425,613,4 LANING OF AMRAVATI - CHIKHLI (PKG-I),Ministry Of Road Transport And Highways (State Pwds),NHAI,MAHARASHTRA,2015-07-01,2019-05-01,,2288.18,,,,,,,,without_doc,260
2020-10-01,N24000437,614,CONSTRUCTION OF ISLAMPUR BY PASS,Ministry Of Road Transport And Highways (State Pwds),NHAI,WEST BENGAL,2015-10-01,,,361.15,,,,363.93,,,,without_doc,260
2020-10-01,N24000439,615,4 LANING OF FAGNE - MAH-GUJ BORDER ( PKG-3),Ministry Of Road Transport And Highways (State Pwds),NHAI,MAHARASHTRA,2015-07-01,2019-05-01,,1885.74,,,,,,,,without_doc,260
2020-10-01,N24000443,616,4 LANING OF AMBALA - KAITHAL - PACKAGE -1,Ministry Of Road Transport And Highways (State Pwds),NHAI,HARYANA,2015-12-01,2016-06-01,,602.95,,,,,,,,without_doc,260
2020-10-01,N24000445,617,BIKANER - PHALODI SECTION TO FOUR LANING FROM KM.4.200 TO KM 55.25 AND TWO-LANE PAVED SHOULDER FROM,Ministry Of Road Transport And Highways (State Pwds),NHAI,RAJASTHAN,2014-08-01,2018-04-01,,822.9,,,,,,,,without_doc,260
2020-10-01,N24000448,618,4 LANING OF AMBALA - KAITHAL - PACKAGE -2,Ministry Of Road Transport And Highways (State Pwds),NHAI,HARYANA,2016-01-01,2018-07-01,,574.28,,,,,,,,without_doc,260
2020-10-01,N24000452,619,6 LANING OF AGRA - ETAWAH BYPASS,Ministry Of Road Transport And Highways (State Pwds),NHAI,UTTAR PRADESH,2015-07-01,2019-01-01,,1657.2,,,,,,,,without_doc,261
2020-10-01,N24000453,620,4 LANING OF SOLAPUR YEDISHI SECTION OF NH-211,Ministry Of Road Transport And Highways (State Pwds),NHAI,MAHARASHTRA,2015-01-01,2017-07-01,,972.5,,,,,,,,without_doc,261
2020-10-01,N24000454,621,4-LANING OF SOLAPUR - MAHARASHTRA/ KARNATKA SECTION,Ministry Of Road Transport And Highways (State Pwds),NHAI,MAHARASHTRA,2014-06-01,2016-11-01,,923.04,,,,,,,,without_doc,261
2020-10-01,N24000460,622,4-LANING OF GHAGHRA BRIDGE TO VARANSI ( PACKAGE -I),Ministry Of Road Transport And Highways (State Pwds),NHAI,UTTAR PRADESH,2015-12-01,2016-06-01,,611.65,,,,,,,,without_doc,261
2020-10-01,N24000473,623,FOUR LANING OF PATNA TO KOILWAR,Ministry Of Road Transport And Highways (State Pwds),NHAI,BIHAR,2015-08-01,,,556.07,,,,,,,,without_doc,261
2020-10-01,N24000477,624,GURGAON - KOTPUTLI - JAIPUR (SIX LANE),Ministry Of Road Transport And Highways (State Pwds),NHAI,RAJASTHAN,2008-02-01,2011-10-01,,1673.7,,,,,,,,without_doc,261
2020-10-01,N24000479,625,FOUR LANING OF PARWANOO -SOLAN,Ministry Of Road Transport And Highways (State Pwds),NHAI,HIMACHAL PRADESH,2015-09-01,2018-03-01,,934.46,,,,1302.98,2020-09-01,,,without_doc,261
2020-10-01,N24000480,626,FOUR OF SIMARIA - KHAGARIA SECTION OF NH-31,Ministry Of Road Transport And Highways (State Pwds),NHAI,BIHAR,2015-12-01,2019-04-01,,1041.1,,,,,,,,without_doc,261
2020-10-01,N24000485,627,FOUR LANING WITH PS TALEBANI -SMBALPUR,Ministry Of Road Transport And Highways (State Pwds),NHAI,ODISHA,2015-12-01,,,752.28,,,,,,,,without_doc,261
2020-10-01,N24000488,628,FOUR LANING OF UDHAMBUR - RAMBAN SECTION OF NH-1A,Ministry Of Road Transport And Highways (State Pwds),NHAI,JAMMU AND KASHMIR,2015-12-01,2018-12-01,,2136.97,,,,,,,,without_doc,261
2020-10-01,N24000490,629,FOUR LANING OF HOSPET - CHITRADURGA,Ministry Of Road Transport And Highways (State Pwds),NHAI,KARNATAKA,2015-03-01,2018-08-01,,1388,,,,,,,,without_doc,261
2020-10-01,N24000491,630,FOUR LANING OF SULTANPUR TO VARANASI (PKG-II),Ministry Of Road Transport And Highways (State Pwds),NHAI,UTTAR PRADESH,2016-01-01,2018-06-01,,815.28,,,,,,,,without_doc,261
2020-10-01,N24000493,631,FOUR LANING OF SULTANPUR TO VARANASI (PKG-I),Ministry Of Road Transport And Highways (State Pwds),NHAI,UTTAR PRADESH,2016-01-01,2018-06-01,,1027.53,,,,,,,,without_doc,261
2020-10-01,N24000494,632,FOUR LANING OF GWALIOR-SHIVPURI,Ministry Of Road Transport And Highways (State Pwds),NHAI,MADHYA PRADESH,2013-05-01,2015-11-01,,1055,,,,,,,,without_doc,261
2020-10-01,N24000495,633,FOUR LANING OF SIMGA - SARAGAON,Ministry Of Road Transport And Highways (State Pwds),NHAI,CHHATISGARH,2015-12-01,2018-05-01,,596.67,,,,,,,,without_doc,261
2020-10-01,N24000496,634,FOUR LANING OF GUNA TO BIAORA SECTION OF NH-3 FROM KM 332.100 TO KM. 426.100 IN THE STATE OF MADHYA,Ministry Of Road Transport And Highways (State Pwds),NHAI,MADHYA PRADESH,2015-06-01,2016-03-01,,1012.9,,,,,,,,without_doc,261
2020-10-01,N24000498,635,FOUR LANING OF GHAGHRA BRIDGE TO VARANASI (PKG-III),Ministry Of Road Transport And Highways (State Pwds),NHAI,UTTAR PRADESH,2016-06-01,2018-07-01,,667,,,,,,,,without_doc,261
2020-10-01,N24000499,636,FOUR LANING OF GHAGHRA BRIDGE TO VARANASI (PKG-II),Ministry Of Road Transport And Highways (State Pwds),NHAI,UTTAR PRADESH,2015-12-01,2018-06-01,,667,,,,,,,,without_doc,261
2020-10-01,N24000502,637,FOUR LANING OF SARAGAON - BILASPUR,Ministry Of Road Transport And Highways (State Pwds),NHAI,CHHATISGARH,2015-12-01,2018-04-01,,509.13,,,,,,,,without_doc,261
2020-10-01,N24000503,638,FOUR LANING OF CHANDIGARH - KHARAR,Ministry Of Road Transport And Highways (State Pwds),NHAI,PUNJAB,2015-10-01,2017-12-01,,447.29,,,,,,,,without_doc,261
2020-10-01,N24000505,639,FOUR LANING OF BIAORA –DEWAS SECTION OF NH-3 FROM KM 426.100 TO KM 566.450 IN THE STATE OF MADHYA PR,Ministry Of Road Transport And Highways (State Pwds),NHAI,MADHYA PRADESH,2015-06-01,2019-01-01,,1583.79,,,,,,,,without_doc,261
2020-10-01,N24000507,640,FOUR LANING OF BAKHTIYARPUR - MOKAMA SECTION OF NH-31,Ministry Of Road Transport And Highways (State Pwds),NHAI,BIHAR,2015-12-01,,,1167.45,,,,1182.94,,,,without_doc,261
2020-10-01,N24000509,641,FOUR LANING FROM MPMAHARASHTRA BORDER TO NAGPUR IC KAMPTEE KANOON AND NAGPUR BYPASS,Ministry Of Road Transport And Highways (State Pwds),NHAI,MAHARASHTRA,2010-04-01,2012-06-01,,1170.52,,,,,,,,without_doc,261
2020-10-01,N24000515,642,SIX-LANING OF BARWA ADDA-PANAGARH,Ministry Of Road Transport And Highways (State Pwds),NHAI,WEST BENGAL,2014-04-01,,,1665,,,,,,,,without_doc,261
2020-10-01,N24000517,643,TWO LANING WITH PS OF JOWAI -MEHALAYA /ASSAM BORDER SECTION OF NH-44,Ministry Of Road Transport And Highways (State Pwds),NHAI,MEGHALAYA,2015-12-01,2018-05-01,,479.2,,,,,,,,without_doc,262
2020-10-01,N24000518,644,TWO LANING WITH PS OF BIHARAHARIF -BARBIGHA - MOKAMA,Ministry Of Road Transport And Highways (State Pwds),NHAI,BIHAR,2015-08-01,2019-04-01,,399.54,,,,,,,,without_doc,262
2020-10-01,N24000520,645,TWO LANING WITH PS OF UNCHA NAGLA - KHANUWARA - ROPPAS -DHOLPUR,Ministry Of Road Transport And Highways (State Pwds),NHAI,RAJASTHAN,2015-08-01,,,275.9,,,,,,,,without_doc,262
2020-10-01,N24000521,646,TWO LANING WITH PS OF CHHAPRA -GOPALGANJ,Ministry Of Road Transport And Highways (State Pwds),NHAI,BIHAR,2015-08-01,,,854.8,,,,1038.56,,,,without_doc,262
2020-10-01,N24000522,647,TWO LANING WITH PS OF CHHAPRA -REWAGHAT - MUZAFFARPUR,Ministry Of Road Transport And Highways (State Pwds),NHAI,BIHAR,2015-08-01,2018-04-01,,516.13,,,,649.27,,,,without_doc,262
2020-10-01,N24000528,648,TRICHY - KARUR,Ministry Of Road Transport And Highways (State Pwds),NHAI,TAMIL NADU,2007-03-01,2008-07-01,,516,,,,,,,,without_doc,262
2020-10-01,N24000539,649,MEERUT-BULANDSHAHAR,Ministry Of Road Transport And Highways (State Pwds),NHAI,UTTAR PRADESH,2016-01-01,,,683.24,,,,,,,,without_doc,262
2020-10-01,N24000541,650,DELHI-MEERUT EXPRESSWAY PKG-III 6 LANNING FROM KM 27.740 TO 49.346 KM,Ministry Of Road Transport And Highways (State Pwds),NHAI,UTTAR PRADESH,2016-01-01,2019-06-01,,1081.57,,,,,,,,without_doc,262
2020-10-01,N24000542,651,BALANCE WORK OF 4-LANNING FROM KM 153.000 TO KM 175.000 OF NAGPUR- HYDERABAD SECTION NS-62,Ministry Of Road Transport And Highways (State Pwds),NHAI,MAHARASHTRA,2016-03-01,2018-07-01,,197.69,,,,,,,,without_doc,262
2020-10-01,N24000544,652,ALIGARH MORADABAD SECTION OF NH-93 FROM KM 85.650 TO KM 232.020,Ministry Of Road Transport And Highways (State Pwds),NHAI,UTTAR PRADESH,2016-03-01,2019-04-01,,676.73,,,,,,,,without_doc,262
2020-10-01,N24000545,653,FOUR LANNING OF NH-9 FROM VIJAYWADA-MACHLIPATNAM (KM 0.000 TO 63.800),Ministry Of Road Transport And Highways (State Pwds),NHAI,ANDHRA PRADESH,2016-01-01,2018-11-01,,1134.97,,,,,,,,without_doc,262
2020-10-01,N24000546,654,2 LANE WITH PAVED SHOULDERS ON KULLU TO MANALI (KM 272/00 TO 309/345),Ministry Of Road Transport And Highways (State Pwds),NHAI,HIMACHAL PRADESH,2016-02-01,2019-02-01,,273.2,,,,,,,,without_doc,262
2020-10-01,N24000547,655,4-LANNING OF VARANASI GORAKHPUR SECTION OF NH-29 FROM 12.00 TO 88.00 KM [PACKAGE-II] (GORAKPUR),Ministry Of Road Transport And Highways (State Pwds),NHAI,UTTAR PRADESH,2016-03-01,,,1404.5,,,,,,,,without_doc,262
2020-10-01,N24000548,656,4-LANNING OF MAHULIA BAHARAGORA-JH/WB BORDER SECTION,Ministry Of Road Transport And Highways (State Pwds),NHAI,JHARKHAND,2016-02-01,2019-03-01,,997.15,,,,,,,,without_doc,262
2020-10-01,N24000549,657,4-LANNING OF VARANASI GORAKHPUR SECTION OF NH-29 FROM 88.00 148.00 KM 4-LANNING OF VARANASI GORAKHPU,Ministry Of Road Transport And Highways (State Pwds),NHAI,UTTAR PRADESH,2016-03-01,,,1396.74,,,,,,,,without_doc,262
2020-10-01,N24000551,658,4-LANNING OF VARANASI GORAKHPUR SECTION OF NH-29 FROM 148.00 208.300 KM [PACKAGE-IV],Ministry Of Road Transport And Highways (State Pwds),NHAI,UTTAR PRADESH,2016-03-01,2019-04-01,,1587.49,,,,,,,,without_doc,262
2020-10-01,N24000553,659,"CONSTRUCTION OF ROB –FLYOVER AT RANICHAK, HALDIA",Ministry Of Road Transport And Highways (State Pwds),NHAI,WEST BENGAL,2016-03-01,2018-11-01,,229.37,,,,,,,,without_doc,262
2020-10-01,N24000556,660,FOUR LANNING OF RAMPUR- KATHGODAM SECTION OF NH-87 FROM KM 0.000 (KM. 190.000 OF NH-24) TO KM 42.791,Ministry Of Road Transport And Highways (State Pwds),NHAI,UTTAR PRADESH,2016-03-01,2019-04-01,,899,,,,,,,,without_doc,262
2020-10-01,N24000564,661,4-LANNING OF HARIDWAR-NAGINA SECTION OF NH-74 FROM KM 0.000 (KM 204.300 OF NH-58) TO KM 73.00,Ministry Of Road Transport And Highways (State Pwds),NHAI,UTTAR PRADESH,2016-03-01,,,1408,,,,,,,,without_doc,262
2020-10-01,N24000565,662,4-LANNING OF NAGINA-KASHIPUR SECTION OF NH-74 FROM KM 73.00 TO KM 175.00,Ministry Of Road Transport And Highways (State Pwds),NHAI,UTTAR PRADESH,2016-03-01,,,1737,,,,,,,,without_doc,262
2020-10-01,N24000567,663,FOUR LANING OF BHAVNAGAR-TALAJA SECTION OF NH-8E FROM KM. 7.090 TO KM. 53.585 (DESIGN CH FROM KM. 6.,Ministry Of Road Transport And Highways (State Pwds),NHAI,GUJARAT,2016-05-01,,,998.18,,,,,,,,without_doc,262
2020-10-01,N24000568,664,FOUR LANING OF TALAJA – MAHUVA SECTION OF NH – 8E FROM KM. 53.585 TO KM. 100.100 (DESIGN CHAINAGE FR,Ministry Of Road Transport And Highways (State Pwds),NHAI,GUJARAT,2016-05-01,,,834.64,,,,,,,,without_doc,262
2020-10-01,N24000569,665,FOUR LANING OF KAGAVADAR - UNA SECTION OF NH-8E FROM KM 139.915 TO KM 180.478 (PACKAGE-IV) IN THE ST,Ministry Of Road Transport And Highways (State Pwds),NHAI,GUJARAT,2016-05-01,,,723.64,,,,,,,,without_doc,263
2020-10-01,N24000570,666,FOUR LANING OF UNA TO KODINAR OF NH-8E FROM KM. 180.478 TO KM 221.610 (PACKAGE-V) IN THE STATE OF GU,Ministry Of Road Transport And Highways (State Pwds),NHAI,GUJARAT,2016-05-01,,,763.08,,,,,,,,without_doc,263
2020-10-01,N24000571,667,SIX-LANING OF KAMREJ-CHALTHAN SECTION OF NH-8 FROM KM 248.100 TO KM 264.350 INCLUDING LONG TERM REME,Ministry Of Road Transport And Highways (State Pwds),NHAI,GUJARAT,2016-05-01,,,425.6,,,,,,,,without_doc,263
2020-10-01,N24000587,668,FOUR LANING OF MAHUVA TO KAGAVADAR OF NH-8E FROM KM. 100.100 TO KM 139.915 (DESIGN CHAINAGE FROM KM,Ministry Of Road Transport And Highways (State Pwds),NHAI,RAJASTHAN,2016-06-01,2019-06-01,,763.23,,,,,,,,without_doc,263
2020-10-01,N24000589,669,FOUR LANNING OF BAR-BILARA-JODHPUR SECTION OF NH-112 (EXISTING KM 0+000TO KM,Ministry Of Road Transport And Highways (State Pwds),NHAI,RAJASTHAN,2016-06-01,2019-06-01,,649,,,,,,,,without_doc,263
2020-10-01,N24000590,670,BALANCE WORK OF 4 LANING OF GORAKPUR -GOPALGANJ,Ministry Of Road Transport And Highways (State Pwds),NHAI,BIHAR,2015-05-01,2017-05-01,,581.84,,,,,,,,without_doc,263
2020-10-01,N24000591,671,4/2 LANNING WITH PS DAUSA-LALSOT-KAUTHUN SECTION OF NH- 11A,Ministry Of Road Transport And Highways (State Pwds),NHAI,RAJASTHAN,2016-07-01,,,688.7,,,,,,,,without_doc,263
2020-10-01,N24000592,672,4-LANNING OF KODINAR TO VERAVAL SECTION OF NH-8E FROM KM 221.610 TO KM 263.000,Ministry Of Road Transport And Highways (State Pwds),NHAI,GUJARAT,2016-07-01,,,829.97,,,,,,,,without_doc,263
2020-10-01,N24000593,673,TWO LANNING WITH PAVED SHOULDER OF MANOHARPUR-DAUSA SECTION OF NH-11A(NEW NH-148) FROM KM 62.100 KM,Ministry Of Road Transport And Highways (State Pwds),NHAI,RAJASTHAN,2016-07-01,2018-10-01,,331.46,,,,,,,,without_doc,263
2020-10-01,N24000594,674,TWO/FOUR LANNING WITH PAVED SHOULDERS OF GOVINDPUR (RAIGANJ)-CHAS-WEST BENGAL BORDER SECTION OF NH-,Ministry Of Road Transport And Highways (State Pwds),NHAI,JHARKHAND,2016-07-01,,,458.03,,,,,,,,without_doc,263
2020-10-01,N24000599,675,4 LANNING OF LUCKNOW-SULTANPUR SECTION OF NH-56 FROM KM 11.500,Ministry Of Road Transport And Highways (State Pwds),NHAI,UTTAR PRADESH,2016-08-01,2019-04-01,,2016,,,,,,,,without_doc,263
2020-10-01,N24000600,676,4/6 LANING FROM KHARAR TO LUDHIYANA FROM KM 10.185 (DESIGN CHAINAGE) TO KM 86.199(DESIGN CHAINAGE),Ministry Of Road Transport And Highways (State Pwds),NHAI,PUNJAB,2016-08-01,2019-09-01,,1388.34,,,,,,,,without_doc,263
2020-10-01,N24000601,677,4 LANING FROM PHAGWARA TO RUPNAGAR,Ministry Of Road Transport And Highways (State Pwds),NHAI,PUNJAB,2016-08-01,,,1169.61,,,,,,,,without_doc,263
2020-10-01,N24000605,678,BALANCE WORK OF 2-LANE WITH PAVED SHOULDER OF BHOPAL- SANCHI SECTION,Ministry Of Road Transport And Highways (State Pwds),NHAI,MADHYA PRADESH,2016-08-01,2019-01-01,,227.49,,,,,,,,without_doc,263
2020-10-01,N24000607,679,FOUR LANING OF BARHI-HAZARIBAGH NH-33,Ministry Of Road Transport And Highways (State Pwds),NHAI,JHARKHAND,2016-08-01,2018-08-01,,323.72,,,,,,,,without_doc,263
2020-10-01,N24000608,680,CONSTRUCTION OF FOUR LANING OF UP/HARYANA NH-73,Ministry Of Road Transport And Highways (State Pwds),NHAI,HARYANA,2016-08-01,2019-05-01,,248.97,,,,,,,,without_doc,263
2020-10-01,N24000613,681,FOUR LANNING OF NERCHOWK-PANDOH BYPASS SECTION OF NH-21(PACKAGE-I KM 190.000 TO KM 221.305) UNDER NH,Ministry Of Road Transport And Highways (State Pwds),NHAI,HIMACHAL PRADESH,2016-09-01,,,1273.71,,,,,,,,without_doc,263
2020-10-01,N24000620,682,FOUR LANNING OF CHICHRA-KHARAGPUR SECTION OF NH-6 FROM KM 185.150 TO KM 134.400 INCLUDING REHABILITA,Ministry Of Road Transport And Highways (State Pwds),NHAI,WEST BENGAL,2016-09-01,2018-08-01,,767.03,,,,,,,,without_doc,263
2020-10-01,N24000625,683,CONSTRUCTION OF FLYOVER/UNDERPASS FOR IMPROVEMENT OF EXISTING JUNCTIONS AT IFFCO CHOWK AT KM. 28.211,Ministry Of Road Transport And Highways (State Pwds),NHAI,HARYANA,2016-09-01,2019-05-01,,1004.67,,,,,,,,without_doc,263
2020-10-01,N24000631,684,SIX LANNING FROM EXISTING KM 494.410(DESIGN CHAINAGE 540.595) TO EXISTING KM 509.550(DESIGN CHAINAGE,Ministry Of Road Transport And Highways (State Pwds),NHAI,MAHARASHTRA,2016-11-01,,,290.73,,,,,,,,without_doc,263
2020-10-01,N24000632,685,VIJAYAWADA-GUNDUGOLANU SECTION,Ministry Of Road Transport And Highways (State Pwds),NHAI,ANDHRA PRADESH,2014-09-01,2017-02-01,,1684,,,,,,,,without_doc,264
2020-10-01,N24000635,686,2-LANE WITH PAVED SHOULDERS OF GADU-PORBANDER SECTION,Ministry Of Road Transport And Highways (State Pwds),NHAI,GUJARAT,2016-12-01,,,417.19,,,,,,,,without_doc,264
2020-10-01,N24000637,687,CONSTRUCTION OF GORAKHPUR BYPASS FROM EXISTING KM 79.670 OF NH-29E TO EXISTING KM 251.700 OF NH-28 T,Ministry Of Road Transport And Highways (State Pwds),NHAI,UTTAR PRADESH,2016-12-01,,,534.55,,,,,,,,without_doc,264
2020-10-01,N24000638,688,4 LANING OF KASHIPUR-SITARGANJ SECTION KM. 175.000 TO KM. 252.20,Ministry Of Road Transport And Highways (State Pwds),NHAI,UTTARAKHAND,2012-11-01,2018-07-01,,605.84,,,,,,,,without_doc,264
2020-10-01,N24000648,689,CONSTRUCTION OF NH-28 4-LANE BYPASS STARTING FROM KM 17.600 OF MDR-77C AND TERMINATING AT KM 15.650,Ministry Of Road Transport And Highways (State Pwds),NHAI,UTTAR PRADESH,2017-01-01,,,450.68,,,,,,,,without_doc,264
2020-10-01,N24000650,690,CONSTRUCTION OF FLYOVER FROM LIBERTY CINEMA TO MENTAL HOSPITAL ON NAGPUR OBEDULLAGANJ ROAD IN THE ST,Ministry Of Road Transport And Highways (State Pwds),NHAI,MAHARASHTRA,2017-01-01,2019-05-01,,244.9,,,,,,,,without_doc,264
2020-10-01,N24000651,691,FOUR LANNING OF TULJAPUR-AUSA SECTION,Ministry Of Road Transport And Highways (State Pwds),NHAI,MAHARASHTRA,2017-02-01,2020-02-01,,904.16,,,,,,,,without_doc,264
2020-10-01,N24000654,692,FOUR LANNING OF JHANSI-KHAJURAHO SECTION(PKG-II) OF NH- 75/76 FROM DESIGN CHAINAGE KM 76.3(EXISTING C,Ministry Of Road Transport And Highways (State Pwds),NHAI,UTTAR PRADESH,2017-03-01,2020-03-01,,1184.71,,,,,,,,without_doc,264
2020-10-01,N24000655,693,CONSTRUCTION OF NEW 4-LANE BRIDGE ACROSS VARSOVA CREEK AND ITS APPROACHES WITH INTERCHANGE IN THE ST,Ministry Of Road Transport And Highways (State Pwds),NHAI,MAHARASHTRA,2017-03-01,2020-03-01,,247.02,,,,,,,,without_doc,264
2020-10-01,N24000656,694,4-LANNING OF BODHRE-DHULE SECTION(KM 390.000 TO 452.800),Ministry Of Road Transport And Highways (State Pwds),NHAI,MAHARASHTRA,2017-03-01,2020-03-01,,744.64,,,,,,,,without_doc,264
2020-10-01,N24000657,695,4-LANNING OF WARDHA- BUTIBORI SECTION(KM 465.500 TO 524.690),Ministry Of Road Transport And Highways (State Pwds),NHAI,MAHARASHTRA,2017-03-01,2020-03-01,,1030.44,,,,,,,,without_doc,264
2020-10-01,N24000660,696,DEVELOPMENT OF MULTILANE CARRIAGEWAY FROM KANHAN TO AUTOMATIVE SQUARE (KM 704.200 TO KM 723.000),Ministry Of Road Transport And Highways (State Pwds),NHAI,MAHARASHTRA,2017-03-01,2020-03-01,,296.19,,,,,,,,without_doc,264
2020-10-01,N24000664,697,4-LANNING OF PUNJAB HARYANA BORDER-JIND SECTION OF NH- 71 FROM KM 238.695 TO KM 307.00 ON DBFOT TOLL,Ministry Of Road Transport And Highways (State Pwds),NHAI,HARYANA,2017-03-01,2020-03-01,,639.79,,,,,,,,without_doc,264
2020-10-01,N24000665,698,TWO-LANNING WITH PAVED SHOULDER OF MAHSHKUNT- SAHARSA-PURNEA SECTION FROM EXISTING KM.89.020 (DESIGN,Ministry Of Road Transport And Highways (State Pwds),NHAI,BIHAR,2017-03-01,2020-03-01,,672.89,,,,,,,,without_doc,264
2020-10-01,N24000668,699,SIX LANNING OF RANASTALAM-ANANDAPURAM SECTION OF NH- 16 FROM KM 634.000 TO KM 681.000,Ministry Of Road Transport And Highways (State Pwds),NHAI,ANDHRA PRADESH,2017-03-01,2020-03-01,,1041.62,,,,,,,,without_doc,264
2020-10-01,N24000669,700,4 LANING OF PISKA MORE TO PALMA SECTION(FROM KM 2.9 TO KM 26.00),Ministry Of Road Transport And Highways (State Pwds),NHAI,JHARKHAND,2017-03-01,2020-03-01,,165.5,,,,,,,,without_doc,264
2020-10-01,N24000670,701,4 LANING OF KUTCHERY CHOWK TO BIJU PARA SECTION (FROM KM 0.00 TO KM.34.00),Ministry Of Road Transport And Highways (State Pwds),NHAI,JHARKHAND,2017-03-01,2020-03-01,,239.68,,,,,,,,without_doc,264
2020-10-01,N24000672,702,6-LANNING OF HANDIA-VARANASI SECTION OF NH-2 FROM KM 713.146 TO KM 785.544 IN THE STATE OF UTTAR PRA,Ministry Of Road Transport And Highways (State Pwds),NHAI,UTTAR PRADESH,2017-03-01,2020-03-01,,2064.99,,,,,,,,without_doc,264
2020-10-01,N24000674,703,SIX LANING OF DAVANGERE-HAVERI FROM KM 260+000 TO KM 338+923 OF NH-48(OLD NH-4) STATE OF KARNATAKA,Ministry Of Road Transport And Highways (State Pwds),NHAI,KARNATAKA,2017-03-01,2020-03-01,,831.58,,,,,,,,without_doc,264
2020-10-01,N24000675,704,SIX LANING OF CHITRADURGA-DAVANGERE INCLUDING CHITRADURGA BYPASS(KM 189+000 TO KM 260+000 OF NH-48(O,Ministry Of Road Transport And Highways (State Pwds),NHAI,KARNATAKA,2017-03-01,2020-03-01,,993.16,,,,,,,,without_doc,264
2020-10-01,N24000701,705,JUNAGADH BYPASS,Ministry Of Road Transport And Highways (State Pwds),NHAI,GUJARAT,2017-10-01,2017-10-01,,232.49,,,,,,,,without_doc,265
2020-10-01,N24000705,706,BALANCE WORK OF 4-LANNING OF LALGHATI TO MUBARAKPUR OF NH-12,Ministry Of Road Transport And Highways (State Pwds),NHAI,MADHYA PRADESH,2017-09-01,2017-09-01,,374.4,,,,,2020-08-01,,,without_doc,265
2020-10-01,N24000707,707,4-LANNING OF OTTANCHATRAM BYPASS,Ministry Of Road Transport And Highways (State Pwds),NHAI,TAMIL NADU,2017-09-01,2017-09-01,,244.27,,,,,,,,without_doc,265
2020-10-01,N24000710,708,SIX LANING OF CHENNAI-TADA SECTION OF NH-5 FROM KM 11/0 TO KM 54/4 IN THE STATE OF TAMIL NADU TO BE,Ministry Of Road Transport And Highways (State Pwds),NHAI,TAMIL NADU,2017-12-01,,,379.9,,,,,,,,without_doc,265
2020-10-01,N24000714,709,CONSTRUCTION OF NEW LINK (NH-133B) FROM KM 0/00 (KM 200/87 OF SAHIBANJ BYPASS) IN JHARKHAND TO KM 15,Ministry Of Road Transport And Highways (State Pwds),NHAI,BIHAR,2017-12-01,,,2598,,,,,,,,without_doc,265
2020-10-01,N24000718,710,6-LANING OF EXISTING 2-LANE (I) NANDIGAMA BYPASS FROM KM 220.700 TO KM 226.600 (DESIGN CHAINAGE FROM,Ministry Of Road Transport And Highways (State Pwds),NHAI,ANDHRA PRADESH,2017-12-01,,,328.67,,,,,,,,without_doc,265
2020-10-01,N24000720,711,CAPACITY AUGMENTATION OF THE EXISTING 4 LANE STRETCH FROM ICHHAPURAM TO NARASANNAPETA IN THE STATE O,Ministry Of Road Transport And Highways (State Pwds),NHAI,ANDHRA PRADESH,2017-12-01,,,357,,,,,,,,without_doc,265
2020-10-01,N24000722,712,CONSTRUCTION OF NH-24 4-LANE BYPASS STARTING FROM KM 479.500 OF NH-24 AND TERMINATING AT KM 17.600 O,Ministry Of Road Transport And Highways (State Pwds),NHAI,UTTAR PRADESH,2017-12-01,,,305,,,,,,,,without_doc,265
2020-10-01,N24000723,713,REHABILITATION AND UPGRADATION OF TWO LANING OF MAHESHKHUNT - SAHARSA - PURNEA SECTION PKG - I,Ministry Of Road Transport And Highways (State Pwds),NHAI,BIHAR,2018-01-01,,,573.7,,,,,,,,without_doc,265
2020-10-01,N24000724,714,SIX LANING OF AURANGABAD TO BIHAR - JHARKHAND BORDER (CHORDAHA) SECTION,Ministry Of Road Transport And Highways (State Pwds),NHAI,BIHAR,2018-01-01,,,895.39,,,,,,,,without_doc,265
2020-10-01,N24000725,715,FOUR LANING OF BARHI - KODERMA SECTION OF NH - 31,Ministry Of Road Transport And Highways (State Pwds),NHAI,JHARKHAND,2018-01-01,,,273.46,,,,,,,,without_doc,265
2020-10-01,N24000726,716,SIX LANING OF BIHAR - JHARKHAND BORDER (CHORDAHA) TO GORHAR SECTION,Ministry Of Road Transport And Highways (State Pwds),NHAI,JHARKHAND,2018-01-01,,,1155.16,,,,,,,,without_doc,265
2020-10-01,N24000727,717,FOUR LANING OF DELINKED STRETCH OF SEONI – MP/MH BORDER OF NH-7 (LENGTH 28.70 KM) FROM KM 624.480 TO,Ministry Of Road Transport And Highways (State Pwds),NHAI,MADHYA PRADESH,2018-01-01,,,960.24,,,,,,,,without_doc,265
2020-10-01,N24000733,718,REHABILITATION AND UP-GRADATION OF EXISTING 2-LANE TO 4 LANE OF DUBURI (KM 388.376) TO CHANDIKHOLE (,Ministry Of Road Transport And Highways (State Pwds),NHAI,ODISHA,2018-01-01,,,633.68,,,,,,,,without_doc,265
2020-10-01,N24000740,719,VARANASI RING ROAD PKG - I,Ministry Of Road Transport And Highways (State Pwds),NHAI,UTTAR PRADESH,2018-01-01,,,450.77,,,,,,,,without_doc,265
2020-10-01,N24000751,720,FOUR LANING OF KHAMMAM-ASHWARAOPET SECTION OF NH 365BB,Ministry Of Road Transport And Highways (State Pwds),NHAI,TELANGANA,2017-03-01,2017-03-01,,4429,,,,,,,,without_doc,265
2020-10-01,N24000783,721,2 LANING WITH PAVED SHOULDER FROM KM 30.800 TO KM 70.800 AND 2 LANING WITHOUT PAVED SHOULDER FROM KM,Ministry Of Road Transport And Highways (State Pwds),NHAI,KARNATAKA,2018-02-01,,,486.78,,,,,,,,without_doc,265
2020-10-01,N24000784,722,6-LANING OF KOZHIKODE BYPASS (CALICUT BYPASS) (I.E. VENGALAM JN. TO RAMANATTUKARA JN.) SECTION OF NH,Ministry Of Road Transport And Highways (State Pwds),NHAI,KERALA,2018-02-01,,,1424.77,,,,,,,,without_doc,265
2020-10-01,N24000786,723,FOR REHABILITATION AND UPGRADATION FROM 2-LANE TO 4- LANE OF VARANASI - DEGAMAPUR (PKG-1) UNDER NHDP,Ministry Of Road Transport And Highways (State Pwds),NHAI,UTTAR PRADESH,2018-02-01,,,670.5,,,,,,,,without_doc,265
2020-10-01,N24000789,724,"SIX LANING OF NIDAGATTA-MYSORE SECTION, KM 74.20 TO KM 135.304 OF NH-275, IN THE STATE OF KARNATAKA",Ministry Of Road Transport And Highways (State Pwds),NHAI,KARNATAKA,2018-02-01,,,2177.8,,,,,,,,without_doc,265
2020-10-01,N24000792,725,FOUR LANING OF ALIGARH - KANPUR SECTION PKG-I FROM ALIGARH - BHADWAS,Ministry Of Road Transport And Highways (State Pwds),NHAI,UTTAR PRADESH,2018-03-01,,,809.07,,,,,,,,without_doc,266
2020-10-01,N24000793,726,FOUR LANING OF ALIGARH - KANPUR SECTION PKG-II FROM BHADWAS - KALYANPUR.,Ministry Of Road Transport And Highways (State Pwds),NHAI,UTTAR PRADESH,2018-03-01,,,925.4,,,,,,,,without_doc,266
2020-10-01,N24000795,727,CONSTRUCTION/ UP-GRATION OF FOUR/TWO LANE WITH PAVED SHOULDER OF NH68 FROM TANOT-RAMGARH BHADASAR-JA,Ministry Of Road Transport And Highways (State Pwds),NHAI,RAJASTHAN,2018-02-01,,,741.86,,,,,,,,without_doc,266
2020-10-01,N24000797,728,CONSTRUCTION/ UP-GRADATION OF 2LANE WITH PAVED SHOULDER OF NH FROM RAISINGHNAGAR-POOGAL (DESIGN CH.,Ministry Of Road Transport And Highways (State Pwds),NHAI,RAJASTHAN,2018-02-01,,,716.76,,,,,,,,without_doc,266
2020-10-01,N24000798,729,SIX LANING OF HAPUR BYPASS TO MORADABAD SECTION INCLUDING HAPUR BYPASS FROM KM 50.000 (DESIGN CHAINA,Ministry Of Road Transport And Highways (State Pwds),NHAI,UTTAR PRADESH,2018-03-01,,,2140.93,,,,,,,,without_doc,266
2020-10-01,N24000800,730,4-LANING OF ALIGARH-KANPUR SECTION FROM KM 229.000 (DESIGN CHAINAGE 240.897) TO KM 289.000 (DESIGN C,Ministry Of Road Transport And Highways (State Pwds),NHAI,UTTAR PRADESH,2018-03-01,,,1120.57,,,,,,,,without_doc,266
2020-10-01,N24000802,731,REHABILITATION AND UP-GRADATION FROM 2 LANE TO 4 LANE OF NH STRETCH UNDER NHDP IV B FOR LALGANJ-HANU,Ministry Of Road Transport And Highways (State Pwds),NHAI,UTTAR PRADESH,2018-03-01,,,1025.8,,,,,,,,without_doc,266
2020-10-01,N24000803,732,REHABILITATION AND UP-GRADATION FROM 2 LANE TO 4 LANE OF NH STRETCH UNDER NHDP-IVB FOR DAGAMAGPUR-LA,Ministry Of Road Transport And Highways (State Pwds),NHAI,UTTAR PRADESH,2018-03-01,,,1115.28,,,,,,,,without_doc,266
2020-10-01,N24000804,733,FOUR LANING OF NH-161 FROM MANGLOOR (DESIGN KM 135.751/EXISTING KM 140.873) (DESIGN LENGTH =48.963 K,Ministry Of Road Transport And Highways (State Pwds),NHAI,TELANGANA,2018-03-01,,,802.65,,,,,,,,without_doc,266
2020-10-01,N24000806,734,CONSTRUCTION OF 4 LANE NH-29 BYPASS PHASE-II CONNECTING NH-29 WITH NH-2 AS PART OF VARANASI RING ROA,Ministry Of Road Transport And Highways (State Pwds),NHAI,UTTAR PRADESH,2018-02-01,,,972.77,,,,,,,,without_doc,266
2020-10-01,N24000808,735,FOUR LANE CONNECTIVITY TO VISAKHAPATNAM PORT ROAD FROM KM. 0.000 TO KM.12.700 (DESIGN LENGTH=12.70 K,Ministry Of Road Transport And Highways (State Pwds),NHAI,ARUNACHAL PRADESH,2018-03-01,,,392.6,,,,,,,,without_doc,266
2020-10-01,N24000813,736,DEVELOPMENT OF NEWLY DECLARED NH-527C FROM MAJHAULI TO CHAROUT SECTION TO 2 LANE WITH PAVED SHOULDER,Ministry Of Road Transport And Highways (State Pwds),NHAI,BIHAR,2018-03-01,,,496.2,,,,,,,,without_doc,266
2020-10-01,N24000822,737,FOUR LANING OF NH-161 FROM RAMSANPALLE (DESIGN KM 39.980/EXISTING KM 44.757) TO MANGLOOR (DESIGN KM,Ministry Of Road Transport And Highways (State Pwds),NHAI,TELANGANA,2018-03-01,,,950.63,,,,,,,,without_doc,266
2020-10-01,N24000824,738,FOUR LANING OF NH-161 FROM KANDI (DESIGN KM 0.000) (KM 498.250 OF NH-65) TO RAMSANPALLE (DESIGN KM 3,Ministry Of Road Transport And Highways (State Pwds),NHAI,TELANGANA,2018-03-01,,,857.62,,,,,,,,without_doc,266
2020-10-01,N24000825,739,FOUR LANING OF NH-363 FROM REPALLEWADA (DESIGN KM 40.000/EXISTING KM 288.510) TO TELANGANA/MAHARASHT,Ministry Of Road Transport And Highways (State Pwds),NHAI,TELANGANA,2018-03-01,,,828.29,,,,,,,,without_doc,266
2020-10-01,N24000828,740,TWO LANING WITH PAVED SHOULDER OF MEENSURUTTI (KM. 98.433) TO CHIDAMBARM (KM. 129.965.) SECTION OF N,Ministry Of Road Transport And Highways (State Pwds),NHAI,TAMIL NADU,2018-03-01,,,633.55,,,,,,,,without_doc,266
2020-10-01,N24000830,741,FOUR LANING OF POONDIYANKUPPAM TO SATTANATHAPURAM (DESIGN CH KM. 67.000 TO KM. 123+800) SECTION OF N,Ministry Of Road Transport And Highways (State Pwds),NHAI,TAMIL NADU,2018-03-01,,,2065.96,,,,,,,,without_doc,266
2020-10-01,N24000831,742,FOUR LANING OF PUDUCHERRY - POONDIYANKUPPAM SECTION OF NH 45 A (NEW NH 332) FROM KM 29.000 TO KM 67.,Ministry Of Road Transport And Highways (State Pwds),NHAI,MULTI STATE,2018-03-01,,,1294.47,,,,,,,,without_doc,266
2020-10-01,N24000832,743,FOUR LANING OF VILUPPURAM - PUDUCHERRY SECTION OF NH 45 A (NEW NH 32) FROM KM 0.000 TO KM 29.000 (DE,Ministry Of Road Transport And Highways (State Pwds),NHAI,MULTI STATE,2018-03-01,,,998.7,,,,,,,,without_doc,267
2020-10-01,N24000834,744,CONSTRUCTION OF EIGHT LANE VADODARA KIM EXPRESSWAY FROM KM 254.430 TO KM 279.000 (KIM TO ANKLESHWAR,Ministry Of Road Transport And Highways (State Pwds),NHAI,GUJARAT,2018-03-01,,,1161.39,,,,,,,,without_doc,267
2020-10-01,N24000836,745,REHABILITATION AND UP-GRADATION FROM 2 LANE WITH PAVED SHOULDER FOR BHIWANI-MUNDAL-JIND ROAD FROM DE,Ministry Of Road Transport And Highways (State Pwds),NHAI,HARYANA,2018-03-01,,,275.12,,,,,,,,without_doc,267
2020-10-01,N24000837,746,REHABILITATION AND UP-GRADATION FROM 2 LANE WITH PAVED SHOULDER FOR JIND - KARNAL SECTION FROMEXISTI,Ministry Of Road Transport And Highways (State Pwds),NHAI,HARYANA,2018-03-01,,,307.79,,,,,,,,without_doc,267
2020-10-01,N24000838,747,UPGRADATION TO 2 LANE WITH PAVED SHOULDER/4 LANE OF KHAJUWALA-POOGAL SECTION AND POOGLE -DANTOUR-JA,Ministry Of Road Transport And Highways (State Pwds),NHAI,RAJASTHAN,2018-03-01,,,874.25,,,,,,,,without_doc,267
2020-10-01,N24000840,748,CONSTRUCTION / UP-GRADATION OF 2-LANE WITH PAVED SHOULDER OF NH-70 FROM MUNABAO (NH-25E)-TANOT FROM,Ministry Of Road Transport And Highways (State Pwds),NHAI,RAJASTHAN,2018-03-01,,,1158.35,,,,,,,,without_doc,267
2020-10-01,N24000842,749,REHABILITATION AND AUGMENTATION OF NEW NH 354 (OLD-SH- 25) OF SECTION RAMDAS TO GURDASPUR FROM DESIGN,Ministry Of Road Transport And Highways (State Pwds),NHAI,PUNJAB,2018-03-01,,,199.9,,,,,,,,without_doc,267
2020-10-01,N24000843,750,REHABILITATION AND AUGMENTATION OF NEW NH 354 (OLD-SH- 21) OF SECTION KHEMKARAN TOWN TO START OF AMRI,Ministry Of Road Transport And Highways (State Pwds),NHAI,PUNJAB,2018-03-01,,,196.05,,,,,,,,without_doc,267
2020-10-01,N24000846,751,REHABILITATION AND UPGRADATION TO 2-LANE WITH PAVED SHOULDER FROM JIND-GOHANA ROAD FROM DESIGN CHAIN,Ministry Of Road Transport And Highways (State Pwds),NHAI,HARYANA,2018-03-01,,,198.05,,,,,,,,without_doc,267
2020-10-01,N24000848,752,REHABILITATION AND UPGRADATION OF JHAJJAR-LOHARU SECTION FROM KM 130.770 TO KM 228.630 (DESIGN CHAIN,Ministry Of Road Transport And Highways (State Pwds),NHAI,HARYANA,2018-03-01,,,181.78,,,,,,,,without_doc,267
2020-10-01,N24000850,753,"REDESIGNING, REHABILITATION AND UPGRADATION TO FOUR LANE CONFIGURATION STRENGTHENING OF ROHNA/HASS",Ministry Of Road Transport And Highways (State Pwds),NHAI,HARYANA,2018-03-01,,,551.58,,,,,,,,without_doc,267
2020-10-01,N24001185,754,SIX LANING OF CHAKERI TO ALLAHABAD SECTION OF NH-2 FROM KM 483.687 TO KM 628.753 (DESIGN LENGTH – 14,Ministry Of Road Transport And Highways (State Pwds),NHAI,UTTAR PRADESH,2017-11-01,2019-01-01,,2159,,,,,,,,without_doc,267
2020-10-01,N24001186,755,ISMAILABAD-NARNAUL PKG-5,Ministry Of Road Transport And Highways (State Pwds),NHAI,HARYANA,2019-01-01,2020-02-01,,1051.91,,,,,,,,without_doc,267
2020-10-01,N24001187,756,ISMAILABAD-NARNAUL PKG-6,Ministry Of Road Transport And Highways (State Pwds),NHAI,HARYANA,2019-01-01,,,1120.06,,,,,,,,without_doc,267
2020-10-01,N24001188,757,ISMAILABAD-NARNAUL PKG-7,Ministry Of Road Transport And Highways (State Pwds),NHAI,HARYANA,2019-01-01,,,1137.42,,,,,,,,without_doc,267
2020-10-01,N24001189,758,ISMAILABAD-NARNAUL PKG-8,Ministry Of Road Transport And Highways (State Pwds),NHAI,HARYANA,2019-01-01,,,1033.19,,,,,,,,without_doc,267
2020-10-01,N24001190,759,ISMAILABAD-NARNAUL PKG-2,Ministry Of Road Transport And Highways (State Pwds),NHAI,HARYANA,2019-01-01,2020-01-01,,1243.45,,,,,,,,without_doc,267
2020-10-01,N24001191,760,ISMAILABAD-NARNAUL PKG-3,Ministry Of Road Transport And Highways (State Pwds),NHAI,HARYANA,2019-01-01,2020-06-01,,889.36,,,,,,,,without_doc,267
2020-10-01,N24001192,761,ISMAILABAD-NARNAUL PKG-4,Ministry Of Road Transport And Highways (State Pwds),NHAI,HARYANA,2019-01-01,2020-02-01,,1018.79,,,,,,,,without_doc,267
2020-10-01,N24001193,762,ISMAILABAD-NARNAUL PKG-1,Ministry Of Road Transport And Highways (State Pwds),NHAI,HARYANA,2019-01-01,,,996.65,,,,,,,,without_doc,267
2020-10-01,N24001199,763,CONSTRUCTION OF EIGHT LANE ACCESS CONTROLLED EXPRESSWAY CARRIAGEWAY FROM BARDAWADI VILLAGE TO MANDSA,Ministry Of Road Transport And Highways (State Pwds),NHAI,MADHYA PRADESH,2019-10-01,,,743.88,,,,,,,,without_doc,268
2020-10-01,N24001212,764,CONSTRUCTION OF EIGHT LANE ACCESS CONTROLLED EXPRESSWAY CARRIAGEWAY FROM BANI VILLAGE TO BARDAWADI V,Ministry Of Road Transport And Highways (State Pwds),NHAI,MADHYA PRADESH,2017-12-01,,,656.98,,,,,,,,without_doc,268
2020-10-01,N24001213,765,CONSTRUCTION OF EIGHT LANE ACCESS CONTROLLED EXPRESSWAY CARRIAGEWAY FROM JODMI VILLAGE TO BANI VILLA,Ministry Of Road Transport And Highways (State Pwds),NHAI,MADHYA PRADESH,2017-12-01,,,1094.97,,,,,,,,without_doc,268
2020-10-01,N24001214,766,CONSTRUCTION OF EIGHT LANE ACCESS CONTROLLED EXPRESSWAY CARRIAGEWAY FROM RAJASTHAN/MP BORDER TO JODM,Ministry Of Road Transport And Highways (State Pwds),NHAI,MADHYA PRADESH,2017-12-01,,,217.96,,,,,,,,without_doc,268
2020-10-01,N24001234,767,PACKAGE-25 CONSTRUCTION OF EIGHTLANE ACCESS- CONTROLLED EXPRESSWAY CARRIAGEWAY FROM MIYATI VILLAGE T,Ministry Of Road Transport And Highways (State Pwds),NHAI,MADHYA PRADESH,2019-02-01,2020-03-01,,996.27,,,,,,,,without_doc,268
2020-10-01,N24000172,768,SIX LANNING OF KRISHNAGIRI- WALAJHAPET SECTION KM.0.00 TO KM.148.3 NH-46,Ministry Of Road Transport And Highways (State Pwds),NHAI,TAMIL NADU,2011-09-01,2013-12-01,,1250,,,,,,,,without_doc,268
2020-10-01,N26000065,769,EXECUTION OF TELECOM NETWORK REQUIREMENT OF DEFENCE FORCES,Department Of Telecommunication,DOT,MULTI STATE,2006-05-01,2009-03-01,,1077,,,,,,,,without_doc,268
2020-10-01,N26000102,770,NETWORK FOR SPECTRUM (NFS) TO CONNECT DEFENCE STATIONS ACROSS COUNTRY,Department Of Telecommunication,ITI,MULTI STATE,2014-09-01,2014-09-01,,2111.17,,,,,,,,without_doc,268
2020-10-01,N26000011,771,CONVERGENT BILLING AND CRM-MTNL(DELHI),Department Of Telecommunication,MTNL,DELHI,2005-12-01,2007-02-01,,249,,,,,,,,without_doc,268
2020-10-01,N26000016,772,CONVERGENT BILLING AND CRM(MUMBAI),Department Of Telecommunication,MTNL,MAHARASHTRA,2006-01-01,2007-02-01,,247,,,,,,,,without_doc,268
2020-10-01,N26000099,773,DELHI CONVERGENT BILLING AND CRM PE-5834,Department Of Telecommunication,MTNL,DELHI,2006-02-01,2012-03-01,,229.41,,,,,,,,without_doc,268
2020-10-01,N28000058,774,BANGALORE METRO RAIL PROJECT PHASE-2,Bangalore Metro Rail Corporation Limited,BMRCL,KARNATAKA,2014-02-01,2019-02-01,,26405.14,,,,,,,,without_doc,268
2020-10-01,N28000149,775,"CONSTRUCTION729 QUARTERS (TYPE II-180, TYPE III-364, TYPE IV-112,TYPE V-68, TYPE-VI-5), SHOPS,CO",Bangalore Metro Rail Corporation Limited,CPWD,CHHATISGARH,2019-05-01,2020-09-01,2020-09-01,299.97,,,,,,,,without_doc,268
2020-10-01,N28000075,776,CONSTRUCTION OF MEGA HOSTEL II FOR NIT CALICUT KERALA,Bangalore Metro Rail Corporation Limited,CPWD,KERALA,2010-01-01,2012-10-01,2020-03-01,165.23,,,,,,,,without_doc,268
2020-10-01,N28000130,777,CONSTRUCTION OF PERMANENT CAMPUS OF IIM JAMMU (PHASE 1),Bangalore Metro Rail Corporation Limited,CPWD,JAMMU AND KASHMIR,2019-03-01,2022-07-01,2020-07-01,329,,,,,,,,without_doc,268
2020-10-01,N28000101,778,CONSTRUCTION OF ITBP ROAD TO INDO-CHINA BORDER FROM NYU SOBLA SELA TO TEDANG IN THE STATE OF UTTARA,Bangalore Metro Rail Corporation Limited,CPWD,UTTARAKHAND,2008-12-01,2013-12-01,,114.26,,,,266,,,,without_doc,269
2020-10-01,N28000084,779,CHENNAI METRO RAIL LTD (PHASE 1),Bangalore Metro Rail Corporation Limited,CMRL,TAMIL NADU,2009-02-01,2015-12-01,,14600,,,,,,,,without_doc,269
2020-10-01,N28000097,780,CHENNAI METRO RAIL LTD (PHASE 1 EXT),Bangalore Metro Rail Corporation Limited,CMRL,TAMIL NADU,2016-06-01,2018-03-01,,3770,,,,,2020-12-01,,,without_doc,269
2020-10-01,N28000082,781,REHABILITATION AND STRENGTHENING OF SEWERAGE SYSTEM IN OLD CITY AREA ON SOUTH OF MUSI IN ZONE 2,Bangalore Metro Rail Corporation Limited,JNNURM,ANDHRA PRADESH,2007-08-01,,,246.9,,,,,,,,without_doc,269
2020-10-01,N28000081,782,KOCHI METRO RAIL PROJECT,Bangalore Metro Rail Corporation Limited,KMRCL,KERALA,2012-07-01,2017-07-01,2020-09-01,5181.79,,,,6218.14,2020-09-01,,,without_doc,269
2020-10-01,N28000094,783,LUCKNOW METRO RAIL CORPORATION LTD,Bangalore Metro Rail Corporation Limited,LMRCL,UTTAR PRADESH,2016-01-01,2019-03-01,,6928,,,,6928,,,,without_doc,269
2020-10-01,N28000086,784,MUMBAI METRO LINE 3 (COLABA-BANDRA-SEEPZ),Bangalore Metro Rail Corporation Limited,MMRCL,MAHARASHTRA,2013-07-01,2015-01-01,,23136,,,,,,,,without_doc,269
2020-10-01,N28000085,785,NAGPUR METRO RAIL,Bangalore Metro Rail Corporation Limited,NMRCL,MAHARASHTRA,2014-08-01,2018-03-01,,8680,,,,,,,,without_doc,269
2020-10-01,N30000001,786,PROTECTION OF MAJULI ISLAND FROM FLOOD AND EROSION OF RIVER BRAHMAPUTRA,Brahmaputra Board,BPB,MAHARASHTRA,2017-03-01,2019-12-01,,233.57,,,,,,,,without_doc,269
2020-10-01,N30000027,787,I AND D AND STP WORKS FOR BHAGALPUR,Brahmaputra Board,BUIDCO,BIHAR,2017-10-01,2020-09-01,,254.13,,,,,,,,without_doc,269
2020-10-01,N30000018,788,7 NOS PRIORITIZED STPS 1 NO. SPS AND PERIPHERAL SEWERS IN COMMAND AREA OF NAJAFHARH DRAIN DHANSA TO,Brahmaputra Board,DJB,DELHI,2017-05-01,2020-05-01,,344.81,,,,,,,,without_doc,269
2020-10-01,N30000003,789,SEWAGE TREATMENT PLANT AT JAGJEETPUR AND SARAI,Brahmaputra Board,UKJalNigam,UTTARAKHAND,2017-03-01,2019-08-01,,273.37,,,,,,,,without_doc,269
2020-10-01,N30000004,790,INTERCEPTION AND DIVERSION (I&D)WITH STP AT RISHIKESH,Brahmaputra Board,UKJalNigam,UTTARAKHAND,2017-03-01,2019-11-01,,158,,,,,,,,without_doc,269
2020-10-01,N42000002,791,"CONSTRUCTION OF PERMANENT CAMPUS FOR NATIONAL INSTITUTE OF TECHNOLOGY GOA AT CUNCOLIM, GOA.",Central Public Works Department,CPWD,GOA,2019-05-01,2020-03-01,,303.9,,,,,2020-06-01,,,without_doc,270
2020-10-01,N42000005,792,CONSTRUCTION OF PERMANENT CAMPUS FOR INDIAN INSTITUTE OF TECHNOLOGY TIRUPATI AT MERLAPAKA VILLAGE YE,Central Public Works Department,CPWD,ANDHRA PRADESH,2019-02-01,2020-06-01,,655.34,,,,,,,,without_doc,270
2020-10-01,N42000003,793,STUDY IN INDIA,Central Public Works Department,EDCIL,MULTI STATE,2018-03-01,2018-04-01,,150,,,,,,,,without_doc,270
2020-10-01,N42000004,794,SCHEME FOR PROMOTION OF ACADEMIC AND RESEARCH COLLABORATION,Central Public Works Department,IITKGP,MULTI STATE,2018-08-01,2019-03-01,,418,,,,,,,,without_doc,270
