report_month,ocms_code,sl_no,project_name,sector,agency,state_raw,approval_month,original_doc_month,revised_doc_month,original_cost_cr,revised_cost_cr,cumulative_expenditure_cr,physical_progress_pct,latest_approved_cost_cr,approved_revised_doc_month,delay_months_reported,milestones,annexure,source_page
2020-04-01,N02000010,1,KAKRAPAR ATOMIC POWER PROJECT - 3 AND 4,ATOMIC ENERGY,NPCIL,GUJARAT,2009-10-01,2015-12-01,2021-09-01,11459,16580,14766,,,,69(O),54/70,consolidated,68
2020-04-01,N02000027,2,RAJASTHAN ATOMIC POWER PROJECT -7 AND 8 (2X700 MW),ATOMIC ENERGY,NPCIL,RAJASTHAN,2009-10-01,2016-12-01,2023-03-01,12320,17079,11852,,,,75(O),41/68,consolidated,68
2020-04-01,020100044,3,PROTOTYPE FAST BREEDER REACTOR (BHAVINI 500 MWE),ATOMIC ENERGY,BHAVNI,TAMIL NADU,2003-09-01,2010-09-01,2022-10-01,3492,6840,5872.78,,5677,2016-09-01,145(O),83/87,consolidated,68
2020-04-01,N02000028,4,KUDANKULAM NUCLEAR POWER PROJECT UNIT-3 and 4,ATOMIC ENERGY,NPCIL,"TAMIL NADU, Central Sector Projects",2013-03-01,2020-11-01,2023-11-01,39849,39849,18566,,,,36(O),26/76,consolidated,68
2020-04-01,N04000073,5,CONSTRUCTION OF NEW INTEGRATED TERMINAL BUILDING AT VSI AIRPORT PORTBLAIR,CIVIL AVIATION,AAI,A & N ISLANDS,2013-10-01,2018-09-01,2020-06-01,314.61,441.33,85.79,,,,21(O),0/0,consolidated,68
2020-04-01,N04000083,6,CONSTRUCTION OF NEW INTEGRATED TERMINAL BUILDING AT LGBI AIRPORT GUWAHATI,CIVIL AVIATION,AAI,ASSAM,2016-12-01,2021-03-01,2021-03-01,859.86,860,232.44,,,,0(O),0/0,consolidated,68
2020-04-01,N04000082,7,CONSTRUCTION OF NEW DORNESTIC TERMINAL BUILDING AND OTHER STRUCTURES PHASE I AND II,CIVIL AVIATION,AAI,BIHAR,2018-05-01,2022-10-01,2022-10-01,539.2,539.2,25.64,,,,0(O),0/0,consolidated,68
2020-04-01,N04000076,8,CONSTRUCTION OF COMBINED OPERATIONAL OFFICES FOR DGCA BCAS AAIB AERA AND AAI AT SAFDARJUNG AIRPOR,CIVIL AVIATION,AAI,DELHI,2016-11-01,2020-04-01,2020-12-01,233.38,233.38,84.73,,,,8(O),0/0,consolidated,68
2020-04-01,N04000078,9,CONSTRUCTION OF TERMINAL BUILDING AND ASSOCIATED WORKS AT LEH AIRPORT,CIVIL AVIATION,AAI,JAMMU AND KASHMIR,2018-07-01,2021-09-01,2021-09-01,323.19,323.19,10.14,,,,0(O),0/0,consolidated,68
2020-04-01,N04000079,10,CONSTRUCTION OF NEW INTEGRATED TERMINAL BUILDING RECONSTRUCTION OF OLD TERMINAL BUILDING MODIFICAT,CIVIL AVIATION,AAI,MAHARASHTRA,2017-03-01,2021-04-01,2021-04-01,358.89,358.89,29.73,,,,0(O),0/0,consolidated,68
2020-04-01,N04000074,11,MODERNIZATION OF CHENNAI AIRPORT PHASE II CHENNAI,CIVIL AVIATION,AAI,TAMIL NADU,2018-06-01,2022-02-01,2022-08-01,2467,2467,213.17,,,,6(O),0/0,consolidated,68
2020-04-01,N04000075,12,UPGRADATION OF PASSENGER TERMINAL BUILDING AND AIRSIDE FACILITIES AT TIRUCHIRAPALLI INTERNATIONAL AI,CIVIL AVIATION,AAI,TAMIL NADU,2018-08-01,2021-10-01,2021-10-01,951.28,951.28,71.55,,,,0(O),0/0,consolidated,68
2020-04-01,N04000084,13,CONSTRUCTION OF NEW INTEGRATED TERMINAL BUILDING AND ASSOCIATED WORKS AT AGARTALA AIRPORT,CIVIL AVIATION,AAI,TRIPURA,2015-09-01,2019-06-01,,338.93,339,213.5,,,,,0/0,consolidated,68
2020-04-01,N04000077,14,CCS INTERNATIONAL AIRPORT LUCKNOW,CIVIL AVIATION,AAI,UTTAR PRADESH,2018-06-01,2021-09-01,2021-09-01,1383,1383,210.62,,,,0(O),0/0,consolidated,68
2020-04-01,N04000085,15,CONSTRUCTION OF DOMESTIC PASSENGER TERMINAL BUILDING AT DEHRADUN AIRPORT DEHRADUN,CIVIL AVIATION,AAI,UTTARAKHAND,2018-07-01,2020-09-01,2020-09-01,353.27,353.27,114.29,,,,0(O),0/0,consolidated,69
2020-04-01,N04000080,16,CONSTRUCTION OF ATC TOWER AND TECHNICAL BLOCK AT NSCBI AIRPORT KOLKATA,CIVIL AVIATION,AAI,WEST BENGAL,2016-01-01,2020-03-01,2020-12-01,219.91,219.91,65.45,,,,9(O),0/0,consolidated,69
2020-04-01,N04000081,17,AIRSIDE CAPACITY ENHANCEMENT OF NSBI AIRPORT KOLKATA,CIVIL AVIATION,AAI,WEST BENGAL,2019-01-01,2021-11-01,2021-11-01,264.99,264.99,0.42,,,,0(O),0/0,consolidated,69
2020-04-01,060100093,18,GEVRA EXPANSION OCP (SECL) (35-70) MTY,COAL,SECL,CHHATISGARH,2010-06-01,2023-03-01,2023-03-01,11816.4,11816.4,2924.87,,,2016-03-01,0(O),14/21,consolidated,69
2020-04-01,N06000008,19,KUSMUNDA EXPN.OCP(SECL)(15-50)MTY,COAL,SECL,CHHATISGARH,2013-08-01,2023-03-01,2023-03-01,7612.33,7612.33,2317.67,,,,0(O),7/22,consolidated,69
2020-04-01,N06000045,20,PELMA OCP(15.00MTY),COAL,SECL,CHHATISGARH,2014-11-01,2023-03-01,2023-03-01,1624.59,1624.59,6.58,,,,0(O),1/12,consolidated,69
2020-04-01,N06000075,21,JAGANNATHPOR OCP(3.00MTY),COAL,SECL,CHHATISGARH,2008-09-01,2015-03-01,2022-03-01,152.43,459.49,195.93,,459.49,2020-03-01,84(O),6/11,consolidated,69
2020-04-01,N06000076,22,KARTALI (EAST) OCP (2.50 MTY),COAL,SECL,CHHATISGARH,2008-07-01,2014-03-01,2022-03-01,178.44,178.44,2.92,,,,96(O),2/9,consolidated,69
2020-04-01,N06000081,23,MANIKPUR OC EXPANSION (3.5 MTY),COAL,SECL,CHHATISGARH,2009-12-01,2014-03-01,2021-03-01,321.5,321.5,198.35,,,,84(O),1/6,consolidated,69
2020-04-01,N06000099,24,BAROUD OC EXPANSION (RCE)- 3MTY,COAL,SECL,CHHATISGARH,2012-04-01,2016-03-01,2021-03-01,258.56,258.56,182.04,,,,60(O),4/8,consolidated,69
2020-04-01,N06000104,25,CHHAL OC SEAM -III (6.00 MTY),COAL,SECL,CHHATISGARH,2013-12-01,2022-03-01,2022-03-01,610.63,610.63,116.03,,,,0(O),2/11,consolidated,69
2020-04-01,N06000111,26,BIJARI OC RCE (1.50 MTY),COAL,SECL,CHHATISGARH,2014-05-01,2020-03-01,2021-03-01,164.49,164.49,82.6,,,,12(O),7/9,consolidated,69
2020-04-01,N06000123,27,AMERA OC RCE,COAL,SECL,CHHATISGARH,2015-02-01,2018-03-01,2023-03-01,335.97,335.97,51.21,,,,60(O),1/7,consolidated,69
2020-04-01,N06000135,28,AMGAON OPENCAST PROJECT RCE,COAL,SECL,CHHATISGARH,2015-07-01,2020-03-01,2023-03-01,316.1,316.1,118.13,,,,36(O),1/6,consolidated,69
2020-04-01,N06000136,29,DURGAPUR OPENCAST PROJECT,COAL,SECL,CHHATISGARH,2015-02-01,2023-03-01,2023-03-01,916.24,916.24,4.94,,,,0(O),1/11,consolidated,69
2020-04-01,N06000140,30,MADANNAGAR OPENCAST PROJECT,COAL,SECL,CHHATISGARH,2015-10-01,2024-03-01,2024-03-01,1875.32,1875.32,0,,,,0(O),1/6,consolidated,69
2020-04-01,N06000158,31,VIJAY WEST OPENCAST PROJECT,COAL,SECL,CHHATISGARH,2017-05-01,2026-03-01,2026-03-01,976.95,976.95,75.96,,,,0(O),0/2,consolidated,69
2020-04-01,N06000164,32,MAHAMAYA OPENCAST PROJECT,COAL,SECL,CHHATISGARH,2018-05-01,2026-03-01,2026-03-01,410.26,410.26,9.53,,,,0(O),0/2,consolidated,69
2020-04-01,N06000166,33,JHIRIA WEST OPENCAST PROJECT,COAL,SECL,CHHATISGARH,2018-11-01,2026-03-01,2026-03-01,389.97,389.97,0,,,,0(O),1/2,consolidated,69
2020-04-01,N06000015,34,MAGADH OC 20 MTY (CCL),COAL,CCL,JHARKHAND,2008-08-01,2012-07-01,2025-03-01,706.4,706.4,516.76,,,2025-03-01,152(O),6/6,consolidated,69
2020-04-01,N06000083,35,CHURI BENTI UG (0.81 MTY),COAL,CCL,JHARKHAND,2007-08-01,2011-03-01,2021-03-01,163.51,163.51,107.37,,,,120(O),6/6,consolidated,69
2020-04-01,N06000087,36,RAJRAPPA RCE OCP ( 3.0 MTY),COAL,CCL,JHARKHAND,2009-12-01,2016-03-01,2021-03-01,510.85,510.85,400.97,,,,60(O),6/6,consolidated,69
2020-04-01,N06000088,37,KARMA OCP (1.0MTY),COAL,CCL,JHARKHAND,2009-06-01,2014-03-01,2021-03-01,162.46,162.46,90.75,,,,84(O),6/6,consolidated,70
2020-04-01,N06000096,38,MURAIDIH UG TURN-KEY PROJECT,COAL,BCCL,JHARKHAND,2011-02-01,2014-04-01,,339.88,339.88,12.08,,,,,4/7,consolidated,70
2020-04-01,N06000098,39,MOONIDIH XV SEAM UG,COAL,BCCL,JHARKHAND,2011-08-01,2015-04-01,2022-03-01,1230.27,1230.27,425.41,,,2022-03-01,83(O),2/6,consolidated,70
2020-04-01,N06000103,40,AMRAPALI OC(12MTY),COAL,CCL,JHARKHAND,2012-02-01,2020-03-01,2024-03-01,858.11,858.11,192.47,,,2024-03-01,48(O),7/7,consolidated,70
2020-04-01,N06000106,41,NORTH TISRA AND SOUTH TISRA EXPANSION OCP (6MTY),COAL,BCCL,JHARKHAND,2014-02-01,2021-03-01,2021-03-01,555.52,555.52,5.38,,,,0(O),0/2,consolidated,70
2020-04-01,N06000108,42,KAPURIA UG(PSLW),COAL,BCCL,JHARKHAND,2011-08-01,2017-04-01,,988.35,988.35,45.26,,,,,1/3,consolidated,70
2020-04-01,N06000126,43,MADHUBAND NLW WASHERY,COAL,BCCL,JHARKHAND,2010-08-01,2014-05-01,2020-09-01,289.45,289.45,269.78,,,2020-03-01,76(O),0/8,consolidated,70
2020-04-01,N06000127,44,PATHERDIH NLW WASHERY,COAL,BCCL,JHARKHAND,2012-10-01,2014-04-01,2020-04-01,269.82,269.82,182.14,,,,72(O),0/10,consolidated,70
2020-04-01,N06000143,45,HURA - C OC (3 MTY),COAL,ECL,JHARKHAND,2015-10-01,2022-03-01,2022-03-01,359.69,359.69,119.06,,,,0(O),4/22,consolidated,70
2020-04-01,N06000169,46,CHITRA EAST (RCE) OCP,COAL,ECL,JHARKHAND,2018-08-01,2024-03-01,2024-03-01,513.98,513.98,95.22,,,,0(O),0/17,consolidated,70
2020-04-01,N06000182,47,NORTH URIMARI EXPANSION OCP,COAL,CCL,JHARKHAND,2019-03-01,2023-03-01,2023-03-01,1553.06,1553.06,204.37,,,,0(O),1/1,consolidated,70
2020-04-01,N06000186,48,TETARIAKHAR EXPANSION OCP,COAL,CCL,"JHARKHAND, Central Sector Projects",2019-11-01,2023-03-01,2023-03-01,243.52,243.52,0,,,,0(O),0/0,consolidated,70
2020-04-01,N06000122,49,AMRITDHARA OC PROJECT,COAL,SECL,MADHYA PRADESH,2015-02-01,2023-03-01,2023-03-01,481.6,481.6,0,,,,0(O),2/10,consolidated,70
2020-04-01,N06000124,50,RAJNAGAR OCP RPR (1.70 MTY),COAL,SECL,MADHYA PRADESH,2014-12-01,2021-03-01,2021-03-01,357.8,357.8,105.24,,,,0(O),3/10,consolidated,70
2020-04-01,N06000125,51,KANCHAN OC EXPANSION,COAL,SECL,MADHYA PRADESH,2014-12-01,2021-03-01,2021-03-01,371.04,371.04,47.27,,,,0(O),3/9,consolidated,70
2020-04-01,N06000134,52,BATURA HIGHWALL PROJECT,COAL,SECL,MADHYA PRADESH,2015-07-01,2022-03-01,2022-03-01,231.92,231.92,0,,,,0(O),1/9,consolidated,70
2020-04-01,N06000139,53,MALACHUA OPENCAST PROJECT,COAL,SECL,MADHYA PRADESH,2015-10-01,2023-03-01,2023-03-01,488.33,488.33,27.98,,,,0(O),0/4,consolidated,70
2020-04-01,N06000148,54,AMADAND OPENCAST EXPANSION PROJECT,COAL,SECL,MADHYA PRADESH,2016-03-01,2021-03-01,2021-03-01,869.44,869.44,120.62,,,,0(O),3/6,consolidated,70
2020-04-01,N06000153,55,COAL PROJECT NAME JAMUNIA UG (0.84 MTY),COAL,WCL,MADHYA PRADESH,2016-07-01,2022-03-01,2022-03-01,409.87,409.87,19.96,,,,0(O),0/0,consolidated,70
2020-04-01,N06000159,56,JAYANT EXPANSION OCP 10 TO 20 MTPA,COAL,NCL,"MADHYA PRADESH, Central Sector Projects",2017-05-01,2021-03-01,2021-03-01,1783.09,1783.09,310.55,,,,0(O),2/9,consolidated,70
2020-04-01,N06000162,57,DUDHICHUA EXPANSION OCP (10 TO 20 MTPA),COAL,NCL,MADHYA PRADESH,2017-11-01,2022-03-01,2022-03-01,1255.17,1255.17,123.16,,,,0(O),1/9,consolidated,70
2020-04-01,N06000176,58,SEMARIA OPENCAST PROJECT,COAL,NCL,MADHYA PRADESH,2019-05-01,2026-03-01,2026-03-01,396.58,396.58,0,,,,0(O),1/5,consolidated,70
2020-04-01,N06000178,59,VISHNUPURI UG TO OC MINE,COAL,WCL,MADHYA PRADESH,2018-07-01,2025-03-01,2025-03-01,195.57,195.57,2.94,,,,0(O),0/7,consolidated,70
2020-04-01,N06000183,60,GANDHIGRAM UG MINE,COAL,WCL,MADHYA PRADESH,2019-08-01,2026-03-01,2026-03-01,414.16,414.16,0.5,,,,0(O),0/7,consolidated,70
2020-04-01,N06000184,61,BLOCK-B EXPANSION OPENCAST PROJECT,COAL,NCL,MADHYA PRADESH,2019-07-01,2023-03-01,2023-03-01,998.71,998.71,0,,,,0(O),0/7,consolidated,70
2020-04-01,N06000066,62,PENGANGA OCP(REVISED),COAL,WCL,MAHARASHTRA,2014-09-01,2020-03-01,2020-03-01,441.82,441.82,222.14,,,,,8/11,consolidated,71
2020-04-01,N06000118,63,DINESH OCP,COAL,WCL,MAHARASHTRA,2014-11-01,2020-03-01,2020-03-01,611.16,611.16,415.5,,,,,5/8,consolidated,71
2020-04-01,N06000121,64,BHANEGAON OC,COAL,WCL,MAHARASHTRA,2015-02-01,2023-03-01,2023-03-01,187.94,409.68,130.17,,,,0(O),7/11,consolidated,71
2020-04-01,N06000128,65,NEW MAJRI UG TO OC,COAL,WCL,MAHARASHTRA,2015-05-01,2019-03-01,,295.56,295.56,121.46,,,,,10/13,consolidated,71
2020-04-01,N06000130,66,SINGHORI OC MINE,COAL,WCL,MAHARASHTRA,2015-06-01,2020-03-01,2020-03-01,205.49,205.49,124.43,,,,,7/10,consolidated,71
2020-04-01,N06000131,67,AMALGAMATED PAUNI-II III OC MINE,COAL,WCL,MAHARASHTRA,2015-06-01,2021-03-01,2021-03-01,483.69,483.69,226.74,,,,0(O),3/6,consolidated,71
2020-04-01,N06000132,68,AMALGAMATED YEKONA-I YEKONA-II,COAL,WCL,MAHARASHTRA,2015-08-01,2025-03-01,2025-03-01,727.28,727.28,263.81,,,,0(O),6/13,consolidated,71
2020-04-01,N06000133,69,ADASA UG TO OC,COAL,WCL,MAHARASHTRA,2015-08-01,2023-03-01,2024-03-01,288.9,333.43,40.72,,,,12(O),3/10,consolidated,71
2020-04-01,N06000141,70,KAMPTEE DEEP OC MINE,COAL,WCL,MAHARASHTRA,2015-11-01,2021-03-01,2024-03-01,277.65,313.34,122.23,,,,36(O),3/6,consolidated,71
2020-04-01,N06000142,71,MUNGOLI NIORGUDA EXTENSION (DEEP) OC MINE,COAL,WCL,MAHARASHTRA,2015-11-01,2020-03-01,2020-03-01,498.42,498.42,206.59,,,,,2/6,consolidated,71
2020-04-01,N06000149,72,AMALGAMATED GONDEGAON GHATROHAN OC,COAL,WCL,MAHARASHTRA,2016-02-01,2019-03-01,,198.68,198.68,199.1,,,,,4/9,consolidated,71
2020-04-01,N06000150,73,BHATADI EXPANSION OC MINE,COAL,WCL,MAHARASHTRA,2016-02-01,2019-03-01,,304.52,304.52,155.95,,,,,4/8,consolidated,71
2020-04-01,N06000160,74,KOLAR PIMPRI EXTENSION OC,COAL,WCL,MAHARASHTRA,2017-03-01,2020-03-01,2020-03-01,362.73,362.73,322.62,,,,,0/0,consolidated,71
2020-04-01,N06000177,75,SAONER I UG TO OC PHASE I,COAL,WCL,MAHARASHTRA,2016-11-01,2022-03-01,2022-03-01,162.1,162.1,51.16,,,,0(O),0/6,consolidated,71
2020-04-01,N06000179,76,UKNI DEEP OC,COAL,WCL,MAHARASHTRA,2018-11-01,2021-03-01,2021-03-01,318.14,318.14,154.69,,,,0(O),0/4,consolidated,71
2020-04-01,N06000180,77,BELLORA-NAIGAON DEEP OC,COAL,WCL,MAHARASHTRA,2018-11-01,2021-03-01,2021-03-01,252.71,252.71,58.12,,,,0(O),0/3,consolidated,71
2020-04-01,N06000181,78,GAURI DEEP OC,COAL,WCL,MAHARASHTRA,2016-10-01,2019-03-01,,164.96,164.96,96.36,,,,,1/3,consolidated,71
2020-04-01,N06000154,79,NILJAI EXPANSION (DEEP) OC (3.5 MTY),COAL,WCL,MULTI STATE,2016-08-01,2022-03-01,2022-03-01,319.76,319.76,191.17,,,,0(O),0/3,consolidated,71
2020-04-01,N06000155,80,DHANKASA UG (1.00 MTY),COAL,WCL,MULTI STATE,2016-09-01,2022-03-01,2022-03-01,458.07,458.07,23.42,,,,0(O),1/12,consolidated,71
2020-04-01,N06000157,81,DURGAPUR EXTENSION (DEEP) OC (3.0 MTY),COAL,WCL,MULTI STATE,2017-02-01,2021-03-01,2021-03-01,328,328,200.7,,,,0(O),3/6,consolidated,71
2020-04-01,060100092,82,KULDA OCP (MAHANADI COALFIELDS LTD),COAL,MCL,ODISHA,2005-01-01,2010-03-01,2020-03-01,302.96,302.96,270.32,,,,,10/10,consolidated,71
2020-04-01,N06000034,83,BHUBANESWARI OCP MCL (20.0 MTY),COAL,MCL,ODISHA,2007-12-01,2017-03-01,2020-03-01,490.1,490.1,531.27,,,,,11/12,consolidated,71
2020-04-01,N06000035,84,KANIHA OCP MCL (10.0 MTY),COAL,MCL,ODISHA,2007-12-01,2013-03-01,2022-03-01,457.77,457.77,568.15,,,,108(O),8/9,consolidated,71
2020-04-01,N06000044,85,BALRAM OCP EXTENSION MCL 8.00 MTY,COAL,MCL,ODISHA,2007-12-01,2010-03-01,2022-03-01,172.08,172.08,381.32,,,,144(O),3/4,consolidated,71
2020-04-01,N06000067,86,ANANTA OC EXPANSION PH-III (15.0 MTY),COAL,MCL,ODISHA,2008-08-01,2012-03-01,2021-03-01,207.28,207.28,301,,,,108(O),5/7,consolidated,71
2020-04-01,N06000068,87,HINGULA OC-II EXP. PH-III (15 MTY),COAL,MCL,ODISHA,2008-11-01,2013-03-01,2022-03-01,479.53,479.53,445.09,,4,,108(O),6/9,consolidated,71
2020-04-01,N06000112,88,BASUNDHARA (WEST) OC EXTN(7.00 MTY),COAL,MCL,ODISHA,2014-05-01,2019-03-01,2024-03-01,479.15,479.15,214.07,,,,60(O),3/9,consolidated,72
2020-04-01,N06000113,89,SIARMAL OCP (40.00MTY),COAL,MCL,ODISHA,2014-05-01,2026-03-01,2026-03-01,3756.36,3756.36,1213.54,,,,0(O),7/15,consolidated,72
2020-04-01,N06000114,90,JAGANNATH RE-ORGANISATION OC.(6.00 MTY),COAL,MCL,ODISHA,2014-05-01,2019-03-01,2021-03-01,337.66,337.66,218.79,,,,24(O),5/6,consolidated,72
2020-04-01,N06000115,91,KULDA EXPN OC. (5.00 MTY),COAL,MCL,ODISHA,2014-06-01,2018-03-01,2021-03-01,289.03,289.03,0,,,,36(O),5/6,consolidated,72
2020-04-01,N06000117,92,GARJANBAHAL OCP,COAL,MCL,ODISHA,2014-11-01,2021-03-01,2021-03-01,1375.38,1375.38,454.08,,,,0(O),8/9,consolidated,72
2020-04-01,N06000167,93,INTEGRATED LAKHANPUR-BELPAHAR-LILARI OCP,COAL,MCL,ODISHA,2018-05-01,2027-03-01,2027-03-01,2434.75,2434.75,166.29,,,,0(O),2/12,consolidated,72
2020-04-01,N06000171,94,REORGANISATION OF BHARATPUR OCP EXPANSION,COAL,MCL,ODISHA,2018-11-01,2029-03-01,2029-03-01,2838.87,2838.87,1169.45,,,,0(O),0/9,consolidated,72
2020-04-01,N06000189,95,TALABIRA II AND III OCP,COAL,NLC,"ODISHA, Central Sector Projects",2017-07-01,2020-07-01,2020-07-01,2401.07,2401.07,141.73,,,,0(O),0/0,consolidated,72
2020-04-01,N06000144,96,HADLA LIGNITE MINE PROJECT(1.90 MTPA),COAL,NLC,"RAJASTHAN, Central Sector Projects",2015-03-01,2019-09-01,,522.45,522.45,9.88,,,,,0/0,consolidated,72
2020-04-01,N06000145,97,BITHNOK LIGNITE MINE PROJECT (2.25 MTPA),COAL,NLC,"RAJASTHAN, Central Sector Projects",2015-03-01,2019-12-01,,513.63,513.63,175.3,,,,,0/0,consolidated,72
2020-04-01,N06000187,98,BARSINGSAR THERMAL POWER STATION EXTENSION,COAL,NLC,"RAJASTHAN, Central Sector Projects",2015-03-01,2020-09-01,2020-09-01,2112.6,2112.6,154.13,,,,0(O),0/0,consolidated,72
2020-04-01,N06000188,99,BITHNOK LIGNITE THERMAL POWER STATION,COAL,NLC,"RAJASTHAN, Central Sector Projects",2015-03-01,2020-09-01,2020-09-01,2196.3,2196.3,168.94,,,,0(O),0/0,consolidated,72
2020-04-01,N06000095,100,NEYVELI NEW THERMAL POWER PROJECT(2X500 MW),COAL,NLC,TAMIL NADU,2011-06-01,2015-12-01,2020-05-01,5907.11,7980.79,7068.54,,7980.79,,53(O),34/35,consolidated,72
2020-04-01,N06000138,101,EXPANSION OF MINE-I (LEASE AREA) AND MINE-I A (3.0 TO 7.0 MTPA),COAL,NLC,TAMIL NADU,2013-04-01,2015-06-01,,1458.17,709.06,466.17,,709.06,,,5/7,consolidated,72
2020-04-01,N06000017,102,SHANTIKHANI LONGWALL PROJ-SCCL,COAL,SCCL,TELANGANA,2006-10-01,2012-03-01,2024-03-01,249.03,448.86,326.69,,,,144(O),36/42,consolidated,72
2020-04-01,N06000048,103,KAKATIYA LONGWALL,COAL,SCCL,TELANGANA,2008-12-01,2012-12-01,,453.63,453.63,121.91,,,,,11/44,consolidated,72
2020-04-01,N06000078,104,RAMAGUNDAM OC-II EXTENSION,COAL,SCCL,TELANGANA,2009-12-01,2012-03-01,2023-03-01,418.97,489.62,416.88,,,,132(O),1/2,consolidated,72
2020-04-01,N06000079,105,RKP OCP PHASE-I,COAL,SCCL,TELANGANA,2010-03-01,2015-03-01,2020-03-01,209.78,209.78,137.38,,,,,31/31,consolidated,72
2020-04-01,N06000080,106,MANUGURU OC-II EXTENSION PHASE-II,COAL,SCCL,TELANGANA,2010-03-01,2012-03-01,,181.19,181.19,170.6,,,,,6/6,consolidated,72
2020-04-01,N06000089,107,KISTARAM OCP,COAL,SCCL,TELANGANA,2010-11-01,2015-03-01,2021-03-01,242.29,164.04,123.64,,,,72(O),3/5,consolidated,72
2020-04-01,N06000093,108,RCE OF INDARAM OCP(1.20 MTPA),COAL,SCCL,TELANGANA,2011-07-01,2015-03-01,2021-03-01,162.76,349.28,246.26,,,,72(O),5/29,consolidated,72
2020-04-01,N06000094,109,JALAGAM VENGALA RAO OCP-II,COAL,SCCL,TELANGANA,2011-07-01,2015-03-01,2021-03-01,447.06,473.22,18.6,,,,72(O),10/13,consolidated,72
2020-04-01,N06000100,110,RG OC -III EXTENSION (PHASE -II) PROJECT,COAL,SCCL,TELANGANA,2012-06-01,2015-06-01,2020-03-01,365.01,365.01,182.13,,,,,36/36,consolidated,72
2020-04-01,N06000101,111,KALYANIKHANI OPENCAST PROJECT,COAL,SCCL,TELANGANA,2012-07-01,2016-07-01,2020-03-01,417.33,384.32,116.85,,,,,26/28,consolidated,72
2020-04-01,N06000102,112,RFR OF MANUGURU OC PROJECT,COAL,SCCL,TELANGANA,2012-11-01,2016-03-01,2020-03-01,430.45,415.37,189.91,,,,,38/39,consolidated,72
2020-04-01,N06000129,113,KAKATIYAKHANI OPENCAST-2 PROJECT,COAL,SCCL,TELANGANA,2015-05-01,2019-03-01,2020-03-01,397.09,442.42,101.15,,,,,16/18,consolidated,73
2020-04-01,N06000146,114,KOYAGUDEM OPENCAST PROJECT,COAL,SCCL,"TELANGANA, Central Sector Projects",2015-10-01,2018-03-01,2020-03-01,426.79,426.79,0.72,,,,,0/9,consolidated,73
2020-04-01,N06000147,115,KALYANIKHANI 6 INCLINE PROJECT,COAL,SCCL,TELANGANA,2015-12-01,2020-03-01,2020-03-01,477.65,477.65,2.11,,,,,5/17,consolidated,73
2020-04-01,N06000161,116,KAKATIYAKHANI OPENCAST III PROJECT PHASE-1,COAL,SCCL,TELANGANA,2017-03-01,2019-03-01,2022-03-01,413.84,413.84,123.47,,,,36(O),2/11,consolidated,73
2020-04-01,N06000173,117,SRP OC-II EXPANSION PROJECT,COAL,SCCL,TELANGANA,2016-11-01,2017-04-01,2020-03-01,272.73,272.73,153.75,,,,,1/6,consolidated,73
2020-04-01,N06000174,118,RAMPURAM SHAFT BLOCK,COAL,SCCL,TELANGANA,2016-08-01,2023-03-01,,431.92,431.92,0,,,,,0/9,consolidated,73
2020-04-01,N06000175,119,SRAVANAPALLI OPENCAST PROJECT,COAL,SCCL,TELANGANA,2018-02-01,2023-03-01,,412.7,412.7,0.76,,,,,0/7,consolidated,73
2020-04-01,N06000152,120,NEYVELI UTTAR PRADESH POWER PROJECT LIMITED 1980 MW,COAL,NLC,UTTAR PRADESH,2016-07-01,2021-11-01,2021-11-01,17237,17237.8,9222,,,,0(O),0/0,consolidated,73
2020-04-01,N06000020,121,JHANJRA COMBINED PR(3.50 MTY),COAL,ECL,WEST BENGAL,2015-11-01,2022-03-01,2022-03-01,602.86,602.86,376.09,,,,0(O),9/13,consolidated,73
2020-04-01,N06000109,122,SONEPUR BAZARI (COMB) OCP (8.0 MTY),COAL,ECL,WEST BENGAL,2012-08-01,2018-03-01,2020-10-01,1055.05,1055.05,591.05,,,,31(O),11/16,consolidated,73
2020-04-01,N06000163,123,RANIGANJ MASTER PLAN,COAL,ECL,WEST BENGAL,2009-08-01,2019-08-01,2024-08-01,2661.73,5146.48,378.4,,,,60(O),0/19,consolidated,73
2020-04-01,N06000165,124,SIDULI MINE (OC AND UG),COAL,ECL,WEST BENGAL,2018-05-01,2026-03-01,2026-03-01,535.18,535.18,0.43,,,,0(O),1/22,consolidated,73
2020-04-01,N06000170,125,NAKRAKONDA KUMARDIH B OCP,COAL,ECL,WEST BENGAL,2018-08-01,2029-03-01,2029-03-01,502.68,502.68,0,,,,0(O),0/22,consolidated,73
2020-04-01,N06000172,126,TILABONI UG MINE,COAL,ECL,WEST BENGAL,2019-02-01,2027-03-01,2027-03-01,916.62,916.62,0.12,,,,0(O),0/27,consolidated,73
2020-04-01,N06000185,127,PARASEA- BELBAID REORGANISATION UG MINE,COAL,ECL,WEST BENGAL,2019-07-01,2027-03-01,2027-03-01,826.42,826.42,0,,,,0(O),0/22,consolidated,73
2020-04-01,N08000014,128,GAS TURBO GENERATOR AND HEAT RECOVERY STEAM GENERATOR PROJECT NFL PANIPAT,FERTILISERS,NFL,HARYANA,2018-01-01,2019-11-01,2020-05-01,215.92,215.92,150.23,,,,6(O),0/2,consolidated,73
2020-04-01,N08000018,129,GAS TURBINE GENERATOR AND HEAT RECOVERY STEAM GENERATOR PROJECT AT RCF TROMBAY,FERTILISERS,RCF,MAHARASHTRA,2018-04-01,2020-04-01,2020-07-01,426.72,426.72,288.59,,,,3(O),2/14,consolidated,73
2020-04-01,N08000015,130,GAS TURBO GENERATOR AND HEAT RECOVERY STEAM GENERATOR PROJECT NFL BATHINDA,FERTILISERS,NFL,PUNJAB,2018-01-01,2019-11-01,2020-05-01,218.83,218.83,153.04,,,,6(O),0/2,consolidated,73
2020-04-01,N08000016,131,GAS TURBO GENERATOR AND HEAT RECOVERY STEAM GENERATOR PROJECT NFL NANGAL,FERTILISERS,NFL,PUNJAB,2018-01-01,2019-11-01,2020-05-01,239.81,239.81,167.51,,,,6(O),0/2,consolidated,73
2020-04-01,N10000010,132,5TH STREAM ALUMINA REFINERY EXPANSION PROJECT,MINES,NALCO,ODISHA,2014-12-01,2021-04-01,2022-12-01,5540,5540,131.22,,6429,2022-12-01,20(O),3/4,consolidated,74
2020-04-01,N10000011,133,UTKAL D AND E COAL BLOCK,MINES,NALCO,ODISHA,2016-05-01,2020-01-01,,534,534,320.63,,,,,1/3,consolidated,74
2020-04-01,N10000012,134,CONVERSION OF FLAT BOTTOM SETTLERS AND WASHERS WITH A SINGLE TRAIN OF HRDS AND DCWS IN STREAMS 1 AND,MINES,NALCO,"ODISHA, Central Sector Projects",2015-12-01,2020-11-01,2020-11-01,355,355,87.11,,,,0(O),2/3,consolidated,74
2020-04-01,N10000013,135,SOURCING OF BAUXITE ARRANGEMENT FOR 5TH STREAM ALUMINA REFINERY FROM SOUTH BLOCK MINING LEASE OF PAN,MINES,NALCO,"ODISHA, Central Sector Projects",2017-11-01,2021-04-01,2021-04-01,483,483,0.48,,483,2021-04-01,0(O),2/2,consolidated,74
2020-04-01,N10000014,136,25.5 MW WIND POWER PROJECT AT KAYATHAR IN TAMILNADU,MINES,NALCO,TAMIL NADU,2017-09-01,2019-06-01,2020-12-01,166.62,163.17,135,,163.17,2020-12-01,18(O),1/1,consolidated,74
2020-04-01,N12000117,137,COKE OVEN BATTERY-5,STEEL,RINL,ANDHRA PRADESH,2011-12-01,2017-12-01,2020-08-01,2858,2500,1565.89,,,2020-08-01,32(O),5/6,consolidated,74
2020-04-01,N12000119,138,CENTRAL DISPATCH YARD,STEEL,RINL,ANDHRA PRADESH,2015-08-01,2018-08-01,2020-06-01,320.66,320.66,259.22,,,2020-06-01,22(O),3/4,consolidated,74
2020-04-01,N12000086,139,NMDC INTEGRATED STEEL PLANT,STEEL,NMDC,CHHATISGARH,2010-01-01,2015-05-01,2020-07-01,15525,23140,16771.08,,23140,2020-07-01,62(O),67/86,consolidated,74
2020-04-01,N12000095,140,NEW SINTER PLANT AT BOKARO STEEL PLANT,STEEL,SAIL,JHARKHAND,2015-03-01,2017-10-01,2020-06-01,1034.01,1034.01,462.82,,,2020-06-01,32(O),0/2,consolidated,74
2020-04-01,N12000096,141,MODERNISATION OF STEEL MELTING SHOP NO.1 AT BOKARO STEEL PLANT,STEEL,SAIL,JHARKHAND,2015-05-01,2017-12-01,2020-03-01,1154.18,1154.18,1006.7,,,2020-01-01,,2/2,consolidated,74
2020-04-01,N12000118,142,REBUILDING OF COKE OVEN BATTERY NO-8 AT BSL,STEEL,SAIL,JHARKHAND,2016-11-01,2019-06-01,2020-11-01,262.87,262.87,139.86,,,2020-06-01,17(O),1/1,consolidated,74
2020-04-01,N12000116,143,FORGED WHEEL PLANT,STEEL,RINL,UTTAR PRADESH,2014-04-01,2018-09-01,2020-08-01,1682.85,1682.85,1369.52,,,2020-08-01,23(O),4/5,consolidated,74
2020-04-01,N12000121,144,REPLACEMENT OF CONVERTER SHELLS TOGETHER WITH BOTTOM STIRRING SYSTEM AND INSTALLATION OF SECONDARY E,STEEL,SAIL,WEST BENGAL,2018-12-01,2020-09-01,2020-09-01,263.36,263.36,64.25,,,,0(O),0/4,consolidated,74
2020-04-01,N16000235,145,VISAKH REFINERY MODERNISATION PROJECT,PETROLEUM,HPCL,ANDHRA PRADESH,2016-07-01,2020-07-01,2022-07-01,20928,26264,10725.07,,26264,2022-07-01,24(O),89/111,consolidated,74
2020-04-01,N16000247,146,KG-DWN-98-2 CLUSTER II DEVELOPMENT PROJECT,PETROLEUM,ONGC,ANDHRA PRADESH,2016-03-01,2020-06-01,2021-08-01,34012,34012,6955.34,,,,14(O),15/20,consolidated,74
2020-04-01,N16000269,147,ADDITIONAL FACILITIES AT VIJAYWADA FOR CONVERSION TO TOP ON PARADEEP HYDERABAD PIPELINE,PETROLEUM,IOCL,ANDHRA PRADESH,2015-01-01,2021-03-01,2021-03-01,342,342,0,,,,0(O),0/0,consolidated,74
2020-04-01,N16000270,148,REVAMPING OF MARKETING TERMINAL AT VISHAKHAPATNAM,PETROLEUM,IOCL,ANDHRA PRADESH,2014-07-01,2021-03-01,2021-03-01,247,247,0,,,,0(O),0/0,consolidated,74
2020-04-01,N16000302,149,CONSTRUCTION OF RAIL FED DEPOT AT GUNTAKAL AP,PETROLEUM,IOCL,ANDHRA PRADESH,2017-08-01,2021-04-01,2020-09-01,384.58,384.58,170.89,,,,-7(O),0/0,consolidated,75
2020-04-01,N16000342,150,CONSTRUCTION OF GRASS ROOT PETROLEUM TOP AT ATCHUTAPURAM ANDHRA PRADESH,PETROLEUM,IOCL,ANDHRA PRADESH,2018-08-01,2021-04-01,2021-07-01,466,466,145.6,,,,3(O),0/0,consolidated,75
2020-04-01,N16000343,151,REVAMPING OF FACILITIES AT VIZAG TERMINAL,PETROLEUM,IOCL,ANDHRA PRADESH,2018-04-01,2022-04-01,2023-02-01,355,355,39.62,,,,10(O),0/0,consolidated,75
2020-04-01,N16000350,152,REVAMPING OF VIJAYAWADA TERMINAL FOR CONVERSION TO TOP,PETROLEUM,IOCL,ANDHRA PRADESH,2018-10-01,2021-10-01,2021-10-01,316.2,316.2,22.88,,,,0(O),0/0,consolidated,75
2020-04-01,N16000364,153,DEVELOPMENT OF COASTAL TERMINAL AT KRISHNAPATNAM PORT,PETROLEUM,BPCL,ANDHRA PRADESH,2017-07-01,2021-02-01,2021-02-01,580.2,580.2,68.92,,,,0(O),0/16,consolidated,75
2020-04-01,N16000378,154,SWRO II WITH LLPH FACILITIES,PETROLEUM,HPCL,ANDHRA PRADESH,2019-09-01,2020-07-01,2020-07-01,196.26,196.26,42.58,,,,0(O),1/5,consolidated,75
2020-04-01,N16000381,155,LPG BP PROJECT CHITTOOR,PETROLEUM,IOCL,ANDHRA PRADESH,2019-07-01,2022-07-01,2022-07-01,167,167,3.64,,,,0(O),0/0,consolidated,75
2020-04-01,N16000236,156,DEVELOPMENT OF FACILITIES AT MOINARBAND (SILCHAR) CACHAR ASSAM AS RESITEMENT OF RAMNAGAR DEPOT,PETROLEUM,IOCL,ASSAM,2016-06-01,2019-08-01,2020-12-01,423,502,371.96,,502,,16(O),6/13,consolidated,75
2020-04-01,N16000278,157,PIPELINE NETWORK PROJECT GELEKI ASSAM,PETROLEUM,ONGC,ASSAM,2016-07-01,2020-05-01,2020-05-01,249.85,265.49,155.56,,265.49,,0(O),4/5,consolidated,75
2020-04-01,N16000299,158,CONSTRUCTION OF GROUP GATHERING STATION AT BAGHJAN,PETROLEUM,OIL,ASSAM,2011-07-01,2019-01-01,,350,350,2.06,,,,,0/0,consolidated,75
2020-04-01,N16000331,159,DEVELOPMENT OF SURFACE FACILITIES FOR PRODUCTION AND EVACUATION OF CRUDE OIL AND NATURAL GAS FROM NA,PETROLEUM,OIL,ASSAM,2018-01-01,2020-02-01,2020-10-01,543.91,682.9,96.14,,,2020-06-01,8(O),1/14,consolidated,75
2020-04-01,N16000339,160,BS VI PROJECT AT GUWAHATI REFINERY,PETROLEUM,IOCL,ASSAM,2018-08-01,2020-02-01,2020-04-01,557,557,343.72,,,,2(O),5/5,consolidated,75
2020-04-01,N16000356,161,CONSTRUCTION OF 762 MM DIAMETER GAS PIPELINE FROM BAGHJAN TO CGGS MADHUBAN,PETROLEUM,OIL,ASSAM,2016-06-01,2020-08-01,2020-08-01,224.75,224.75,112.33,,,,0(O),0/0,consolidated,75
2020-04-01,N16000379,162,NUMALIGARH REFINERY EXPANSION PROJECT,PETROLEUM,NRL,ASSAM,2019-01-01,2024-10-01,2024-10-01,22594,22594,43,,,,0(O),0/0,consolidated,75
2020-04-01,N18000148,163,UPGRADATION OF CRUDE OIL PUMP STATIONS OF NAHARKATIYA-BARAUNI CRUDE OIL TRUNK PIPELINE,PETROLEUM,OIL,ASSAM,2012-09-01,2015-03-01,,871.35,1200,565.63,,,,,0/5,consolidated,75
2020-04-01,N16000317,164,LPG BP PROJECT MOTIHARI,PETROLEUM,IOCL,BIHAR,2018-05-01,2021-03-01,2021-03-01,206.5,206.5,52.73,,,,0(O),17/26,consolidated,75
2020-04-01,N16000324,165,DEVLEOPMENT OF GRID INFRASTRUCTURE FOR IMPORTING GRID POWER AT 220 KV AT BARAUNI REFINERY,PETROLEUM,IOCL,BIHAR,2017-12-01,2020-10-01,2020-10-01,199.36,199.36,9.44,,,,0(O),2/2,consolidated,75
2020-04-01,N16000327,166,CITY GAS DISTRIBUTION (CGD) NETWORK PATNA,PETROLEUM,GAIL,BIHAR,2017-10-01,2022-10-01,2022-10-01,359.25,359.25,92.36,,,,0(O),10/10,consolidated,75
2020-04-01,N16000337,167,INSTALLATION OF 'INDJET' UNIT AT BARAUNI REFINERY,PETROLEUM,IOCL,BIHAR,2018-07-01,2021-01-01,2021-01-01,189,189,47.12,,,,0(O),4/8,consolidated,75
2020-04-01,N16000344,168,CONSTRUCTION OF GRASS ROOT POL TERMINAL AT MOTIHARI BIHAR,PETROLEUM,IOCL,BIHAR,2018-04-01,2021-03-01,2021-03-01,522,522,211.21,,,,0(O),0/0,consolidated,75
2020-04-01,N16000348,169,FUEL QUALITY UPGRADATION (NSU NHT CCR NEW UNIT) PROJECT AT BARAUNI REFINERY,PETROLEUM,IOCL,BIHAR,2017-06-01,2019-10-01,2020-05-01,951.64,951.64,612.03,,,,7(O),9/11,consolidated,75
2020-04-01,N16000386,170,BARAUNI REFINERY CAPACITY EXPANSION FROM 6.0 TO 9.0 MMTPA,PETROLEUM,IOCL,BIHAR,2020-01-01,2023-04-01,2023-04-01,14810,14810,121.66,,,,0(O),0/0,consolidated,76
2020-04-01,N16000233,171,CAPACITY AUGMENTATION JAMNAGAR LONI PIPELINE,PETROLEUM,GAIL,GUJARAT,2016-04-01,2018-04-01,2020-06-01,327.78,200,160.8,,,,26(O),18/20,consolidated,76
2020-04-01,N16000279,172,REDEVELOPMENT OF SANTHAL FIELD,PETROLEUM,ONGC,GUJARAT,2017-02-01,2026-03-01,2026-03-01,1162.56,1162.56,507.23,,,,0(O),7/10,consolidated,76
2020-04-01,N16000284,173,INFRASTRUCTURE DEVLOPMENT TO FACILITATE GRID POWER IMPORT AT 220KV AT GUJARAT REFINERY,PETROLEUM,IOCL,"GUJARAT, Central Sector Projects",2016-09-01,2020-07-01,2020-07-01,208.35,208.35,154.52,,,,0(O),10/10,consolidated,76
2020-04-01,N16000309,174,CAPTIVE DHAMRA-HALDIA REFINERY NATURAL GAS PIPELINE WITH SPURLINE TO PARADIP REFINERY,PETROLEUM,IOCL,GUJARAT,2017-08-01,2020-08-01,2020-08-01,1342,1342,6.3,,,,0(O),1/1,consolidated,76
2020-04-01,N16000326,175,CREATING INFRASTRUCTURE AT GUJARAT REFINERY AND DUMAD FOR KOYALI AHMEDNAGAR SOLAPUR PIPELINE,PETROLEUM,IOCL,GUJARAT,2017-10-01,2020-02-01,2020-10-01,906,906,142.07,,,,8(O),4/8,consolidated,76
2020-04-01,N16000336,176,AUGMENTATION OF LPG IMPORT TERMINAL FROM 0.6 MMTPA TO 2.5 MMTPA AT KANDLA GUJARAT,PETROLEUM,IOCL,GUJARAT,2018-03-01,,2022-08-01,588.2,588.2,1.24,,,,,10/17,consolidated,76
2020-04-01,N16000349,177,SUSTAINED EVACUATION OF GAS FROM GANDHAR FIELDS BY INSTALLING A GAS COMPRESSOR AND PIPELINE CONNECTI,PETROLEUM,GAIL,GUJARAT,2018-09-01,2021-02-01,2021-02-01,225.54,225.54,3.54,,,,0(O),4/8,consolidated,76
2020-04-01,N16000377,178,LAB REVAMP AT GUJARAT REFINERY,PETROLEUM,IOCL,"GUJARAT, Central Sector Projects",2019-10-01,2021-12-01,2021-12-01,403,403,46.12,,,,0(O),0/0,consolidated,76
2020-04-01,N16000382,179,ACRYLICS OR OXO-ALCOHOL PROJECT AT GUJARAT REFINERY,PETROLEUM,IOCL,GUJARAT,2019-11-01,2023-05-01,2023-05-01,5251,5251,25.73,,,,0(O),0/0,consolidated,76
2020-04-01,N16000312,180,CONSTRUCTION OF A NEW POL DEPOT AT VILLAGE DATA IN HISAR DISTRICT IN HARYANA,PETROLEUM,HPCL,HARYANA,2017-11-01,2020-11-01,2020-11-01,255,255,140.87,,,,0(O),28/46,consolidated,76
2020-04-01,N16000321,181,CATALYST MANUFACTURING UNIT OF 1500 MTPA CAPACITY AT PANIPAT REFINERY,PETROLEUM,IOCL,HARYANA,2018-04-01,2020-02-01,2020-12-01,206.63,206.63,35.25,,,,10(O),5/6,consolidated,76
2020-04-01,N16000340,182,NAPHTHA CRACKER EXPANSION PROJECT AT PANIPAT,PETROLEUM,IOCL,HARYANA,2018-08-01,2020-08-01,2020-08-01,1636,1636,184.23,,,,0(O),5/6,consolidated,76
2020-04-01,N16000352,183,2ND GENERATION ETHANOL PLANT AT PANIPAT REFINERY,PETROLEUM,IOCL,HARYANA,2019-01-01,2021-01-01,2021-08-01,909,909,35.41,,,,7(O),0/0,consolidated,76
2020-04-01,N16000353,184,ETHANOL PRODUCTION FROM PSA OFF GAS BASED ON LANZATECH TECHNOLOGY AT PANIPAT REFINERY,PETROLEUM,IOCL,HARYANA,2018-10-01,2020-02-01,2021-01-01,598,598,46.48,,,,11(O),4/4,consolidated,76
2020-04-01,N16000355,185,SULTANPUR JHAJJAR HISSAR PIPELINE (SJHPL) PROJECT,PETROLEUM,GAIL,HARYANA,2018-08-01,2020-08-01,2020-09-01,286.42,286.42,18.97,,,2020-09-01,1(O),12/16,consolidated,76
2020-04-01,N16000363,186,INFRASTRUCTURE DEVELOPMENT TO FACILITATE IMPORT OF GRID POWER AT 220 KV PANIPAT,PETROLEUM,IOCL,HARYANA,2018-12-01,2021-06-01,2021-06-01,278.6,278.6,0,,,,0(O),1/3,consolidated,76
2020-04-01,N16000375,187,R and D CAMPUS II AT FARIDABAD,PETROLEUM,IOCL,HARYANA,2019-06-01,2022-12-01,2022-12-01,2281.94,2281.94,0,,,,0(O),0/0,consolidated,76
2020-04-01,N16000376,188,PX-PTA REVAMP AT PANIPAT REFINERY,PETROLEUM,IOCL,HARYANA,2019-08-01,2021-10-01,2021-10-01,1255,1255,106.53,,,,0(O),0/0,consolidated,76
2020-04-01,N16000383,189,COMPRESSED BIO GAS PLANT AT GORAKHPUR,PETROLEUM,IOCL,HARYANA,2019-09-01,2021-07-01,2021-07-01,164.69,164.69,0,,,,0(O),0/0,consolidated,76
2020-04-01,N16000385,190,CITY GAS DISTRIBUTION PROJECT IN GEOGRAPHICAL AREA OF SONIPAT (EAAA) AND JIND DISTRICTS,PETROLEUM,HPCL,"HARYANA, EPC",2018-09-01,2026-09-01,2026-09-01,520,520,43.99,,,,0(O),0/0,consolidated,76
2020-04-01,N16000239,191,DEVELOPMENT PLAN OF CBM - BOKARO BLOCK,PETROLEUM,ONGC,JHARKHAND,2015-12-01,2023-03-01,2022-03-01,823.27,910.23,519.91,,910.23,2022-03-01,-12(O),6/10,consolidated,77
2020-04-01,N16000316,192,120 TMTPA NEW LPG PLANT AT BARHI JHARKAND STATE,PETROLEUM,HPCL,JHARKHAND,2017-06-01,2020-06-01,2021-09-01,161.5,161.5,17.78,,,,15(O),3/12,consolidated,77
2020-04-01,N16000329,193,CITY GAS DISTRIBUTION (CGD) NETWORK RANCHI,PETROLEUM,GAIL,JHARKHAND,2017-10-01,2022-10-01,2022-10-01,226.45,226.45,72.54,,,,0(O),17/17,consolidated,77
2020-04-01,N16000373,194,RESITEMENT OF RANCHI AND DHANBAD OLD POL DEPOT AT BOKARO.,PETROLEUM,BPCL,JHARKHAND,2018-11-01,2022-06-01,2022-06-01,248.55,248.55,36.14,,,,0(O),0/0,consolidated,77
2020-04-01,N16000169,195,STRATEGIC CRUDE OIL STORAGE PROJECT AT PADUR,PETROLEUM,ISPRL,KARNATAKA,2006-01-01,2012-01-01,,993,1693,1549.85,,,,,0/0,consolidated,77
2020-04-01,N16000210,196,GAIL GAS LTD BENGALURU CGD PROJECT,PETROLEUM,GAIL,"KARNATAKA, Central Sector Projects",2015-02-01,2020-02-01,,749,842,606.89,,,,,0/0,consolidated,77
2020-04-01,N16000255,197,CAPACITY ENHANCEMENT/ REVAMP OF NHT- 2/PLATFORMER-2/CCR-2/PSA-2/RSU,PETROLEUM,MANGALORE REFIN,KARNATAKA,2015-05-01,2019-04-01,,224,185,164.61,,207,,,8/8,consolidated,77
2020-04-01,N16000256,198,RAILWAY SIDING PROJECT FOR EVACUATION OF PETCOKE,PETROLEUM,MANGALORE REFIN,KARNATAKA,2015-10-01,2019-03-01,,135,170.7,156.65,,171,,,11/11,consolidated,77
2020-04-01,N16000257,199,BSVI UPGRADATION,PETROLEUM,MANGALORE REFIN,KARNATAKA,2016-09-01,2019-12-01,2021-03-01,1810,1810,1155.57,,1810,2020-07-01,15(O),8/9,consolidated,77
2020-04-01,N16000319,200,SEA WATER DESALINATION PLANT,PETROLEUM,MANGALORE REFIN,"KARNATAKA, Central Sector Projects",2017-11-01,2020-03-01,2021-03-01,581,621,202.16,,,2020-11-01,12(O),2/3,consolidated,77
2020-04-01,N16000347,201,RESITEMENT OF RAICHUR DEPOT TO GULBARGA,PETROLEUM,BPCL,KARNATAKA,2018-10-01,2021-03-01,2021-03-01,206.26,206.26,16.14,,,,0(O),0/15,consolidated,77
2020-04-01,N16000367,202,HASSAN CHERLAPALLI LPG PIPELINE,PETROLEUM,HPCL,KARNATAKA,2019-06-01,2022-06-01,2022-06-01,2166.38,2166.38,42.17,,,,0(O),5/18,consolidated,77
2020-04-01,N16000369,203,CONSTRUCTION OF 80000MT LPG CAVERN AT MANGALORE,PETROLEUM,HPCL,KARNATAKA,2018-12-01,2022-12-01,2022-12-01,854,854,111.06,,,,0(O),9/19,consolidated,77
2020-04-01,N16000380,204,SETTING UP OF PHASE LL FACILITIES FOR HPCL GREEN R AND D CENTRE AT BENGALURU,PETROLEUM,HPCL,KARNATAKA,2018-06-01,2021-11-01,2021-11-01,380,380,107.1,,,,0(O),8/19,consolidated,77
2020-04-01,N16000171,205,LPG TERMINAL AT KOCHI,PETROLEUM,IOCL,KERALA,2015-10-01,2017-10-01,,607.06,714.25,361.85,,,,,40/52,consolidated,77
2020-04-01,N16000227,206,PROPYLENE DERIVATIVES PETROCHEMICAL PROJECT(PDPP) AT KOCHI REFINERY,PETROLEUM,BPCL,KERALA,2014-11-01,2018-08-01,2020-04-01,4588.29,5245.96,4245.5,,,2019-11-01,20(O),0/20,consolidated,77
2020-04-01,N16000263,207,MOTOR SPIRIT BLOCK PROJECT (MSBP) TO PRODUCE BSVI MS AT KOCHI REFINERY,PETROLEUM,BPCL,KERALA,2016-02-01,2020-02-01,2020-10-01,3313,3288.96,1808.81,,,2020-10-01,8(O),0/20,consolidated,77
2020-04-01,N16000314,208,KOCHI SALEM LPG PIPELINE PROJECT,PETROLEUM,BPCL,KERALA,2015-12-01,2019-06-01,2022-02-01,1112,1507.24,579.6,,,2022-02-01,32(O),0/0,consolidated,77
2020-04-01,N16000346,209,SETTING UP OF FACILITIES FOR PRODUCTION OF POLYOLS PROPYLENE GLYCOL AND MONO ETHYLENE GLYCOL AT KOC,PETROLEUM,BPCL,KERALA,2018-09-01,2023-03-01,2023-03-01,11130,11130,113.58,,,,0(O),0/0,consolidated,77
2020-04-01,N16000304,210,PROVISION OF 2ND SPUR FOR TWL GANTRY TWD FACILITY FOR MS AND HSD ADDITIONAL TANKS FOR MS HSD AND,PETROLEUM,IOCL,MADHYA PRADESH,2017-08-01,2020-06-01,2020-10-01,236,236,66.97,,,,4(O),0/0,consolidated,77
2020-04-01,N16000128,211,CONVERSION OF RIG SAGAR SAMRAT TO MOBILE OFFSHORE PRODUCTION UNIT(MOPS),PETROLEUM,ONGC,MAHARASHTRA,2011-03-01,2013-05-01,2020-04-01,861.79,1683.06,1710.14,,,2020-04-01,83(O),4/8,consolidated,78
2020-04-01,N16000204,212,NEELAM REDEVELOPMENT PLAN FOR EXPLOITATION OF BASSEIN AND MUKTA PAY,PETROLEUM,ONGC,MAHARASHTRA,2015-08-01,2019-03-01,2020-05-01,2818.88,2818.88,2907.03,,,2020-05-01,14(O),5/5,consolidated,78
2020-04-01,N16000213,213,LIFE EXTENSION OF WALL PLATFORMS OF MUMBAI HIGH AND HEERA FIELDS,PETROLEUM,ONGC,"MAHARASHTRA, Central Sector Projects",2015-12-01,2018-04-01,2020-05-01,3190.69,3247.19,2433.93,,,2020-05-01,25(O),13/15,consolidated,78
2020-04-01,N16000249,214,KOYALI AHMEDNAGAR SOLAPUR PIPELINE,PETROLEUM,IOCL,MAHARASHTRA,2016-05-01,2021-08-01,2021-08-01,1945,1945,1220.82,,,,0(O),5/5,consolidated,78
2020-04-01,N16000260,215,INSTALLATION OF GASOLINE HYDRO TREATMENT UNIT TO PRODUCE 100% BSVI MS AT MUMBAI REFINERY,PETROLEUM,BPCL,MAHARASHTRA,2016-02-01,2020-02-01,,554,554,375.8,,,,,0/10,consolidated,78
2020-04-01,N16000261,216,MMPL PIPELINE REROUTING PROJECT,PETROLEUM,BPCL,MAHARASHTRA,2013-04-01,2019-12-01,2020-07-01,449.58,449.58,232.49,,,2020-07-01,7(O),0/17,consolidated,78
2020-04-01,N16000267,217,ADDITIONAL FACILITIES AT MANMAD FOR COVERSION TO TOP ON KOYALI-MANMAD- AHMEDNAGAR-SOLAPUR PIPELINE,PETROLEUM,IOCL,MAHARASHTRA,2016-05-01,2021-01-01,2021-04-01,212,212,78.4,,,,3(O),0/0,consolidated,78
2020-04-01,N16000268,218,ADDITIONAL FACILITIES AT SOLAPUR FOR CONVERSION TO TOP ON KOYALI-MANMAD- AHMEDNAGAR-SOLAPUR PIPELINE,PETROLEUM,IOCL,MAHARASHTRA,2016-05-01,2021-01-01,2021-10-01,348,348,127.4,,,,9(O),0/0,consolidated,78
2020-04-01,N16000276,219,ADDITIONAL FACILITIES AT AHMEDNAGAR FOR CONVERSION TO TOP ON KOYALI-MANMAD- AHMEDNAGAR-SOLAPUR PIPELI,PETROLEUM,IOCL,MAHARASHTRA,2016-05-01,2021-01-01,2021-04-01,261,261,90.43,,,,3(O),0/0,consolidated,78
2020-04-01,N16000281,220,MUMBAI REFINERY EXPANSION PROJECT,PETROLEUM,HPCL,MAHARASHTRA,2015-09-01,2020-03-01,,4199,5060,3685.29,,5060,,,112/135,consolidated,78
2020-04-01,N16000297,221,DEVELOPMENT OF R-SERIES FIELDS INCLUDING REVIVAL OF R 12 (RATNA),PETROLEUM,ONGC,MAHARASHTRA,2017-02-01,2021-05-01,2021-12-01,4006.83,4475.92,3081.85,,,2021-12-01,7(O),12/15,consolidated,78
2020-04-01,N16000313,222,PUNE POL STORAGE DEPOT,PETROLEUM,BPCL,MAHARASHTRA,2016-08-01,2020-08-01,2020-08-01,282.64,282.64,180.42,,,,0(O),0/15,consolidated,78
2020-04-01,N16000315,223,180 TMTPA NEW LPG PLANT AT PATALGANGA(DIST RAIGAD) MAHARASHTRA,PETROLEUM,HPCL,MAHARASHTRA,2017-06-01,2020-06-01,2021-09-01,249.26,249.26,63.9,,,,15(O),1/12,consolidated,78
2020-04-01,N16000335,224,PIPELINE REPLACEMENT PROJECT-V (OFFSHORE),PETROLEUM,ONGC,MAHARASHTRA,2018-04-01,2019-12-01,2020-04-01,766.37,766.37,539.43,,,2020-04-01,4(O),5/5,consolidated,78
2020-04-01,N16000357,225,DEVELOPMENT OF NEW MARGINAL FIELD WO 24-3 D30 AND B192 ALONG WITH FACILITY FOR CO2 MITIGATION,PETROLEUM,ONGC,MAHARASHTRA,2019-02-01,2021-05-01,2021-05-01,2292.46,2292.46,974.25,,,,0(O),4/6,consolidated,78
2020-04-01,N16000358,226,MUMBAI HIGH NORTH REDEVELOPMENT PHASE-IV,PETROLEUM,ONGC,MAHARASHTRA,2019-04-01,2022-03-01,2022-03-01,3228.8,3228.8,628.28,,,,0(O),4/6,consolidated,78
2020-04-01,N16000359,227,MUMBAI HIGH SOUTH REDEVELOPMENT PHASE-IV,PETROLEUM,ONGC,MAHARASHTRA,2019-02-01,2021-04-01,2021-05-01,3660.71,3740.05,600.72,,3740.05,,1(O),4/6,consolidated,78
2020-04-01,N16000360,228,HEERA REDEVELOPMENT - PHASE III,PETROLEUM,ONGC,MAHARASHTRA,2019-05-01,2021-12-01,2022-03-01,2494.68,2494.68,423.75,,,,3(O),4/6,consolidated,78
2020-04-01,N16000370,229,PIPELINE REPLACEMENT PROJECT (PRP-VI),PETROLEUM,ONGC,MAHARASHTRA,2019-05-01,2020-12-01,2020-12-01,763.92,763.92,371.84,,,,0(O),4/5,consolidated,78
2020-04-01,N16000167,230,SECONDARY TANK FARM WITH DEHYDRATION FACILITY AND EFFLUENT TREATMENT PLANT AT MADHUBAN,PETROLEUM,OIL,MULTI STATE,2011-07-01,2017-03-01,2020-06-01,352.56,438.84,290.92,,,2020-06-01,39(O),2/15,consolidated,79
2020-04-01,N16000193,231,AUGMENTATION OF PARADIP-HALDIA-DURGAPUR LPG PIPELINE AND ITS EXTENSION UPTO PATNA AND MUZAFFARPUR,PETROLEUM,IOCL,MULTI STATE,2015-01-01,2020-12-01,2020-12-01,1823,3027.9,1158.5,,3027.9,,0(O),5/5,consolidated,79
2020-04-01,N16000194,232,PARADIP HYDERABAD PIPLEINE,PETROLEUM,IOCL,MULTI STATE,2015-01-01,2020-12-01,2020-08-01,2321,3338,2249.87,,3338,,-4(O),5/5,consolidated,79
2020-04-01,N16000196,233,PARADIP LPG IMPORT FACILITY,PETROLEUM,IOCL,MULTI STATE,2015-01-01,2018-07-01,2020-10-01,690,690,413.67,,,,27(O),24/36,consolidated,79
2020-04-01,N16000238,234,MDPL CAPACITY EXPANSION AND PALANPUR VADODARA PIPELINE EXTENSION,PETROLEUM,HPCL,MULTI STATE,2016-09-01,2020-06-01,2020-06-01,1879,1689,1638.06,,,,0(O),24/24,consolidated,79
2020-04-01,N16000258,235,PIPELINE REHABILITATION PROJECT OF 575 KM (PHASE I),PETROLEUM,OIL,MULTI STATE,2016-05-01,2020-10-01,2020-10-01,406,406,131.11,,,,0(O),6/12,consolidated,79
2020-04-01,N16000259,236,AUGMENTATION OF PUMPING CAPACITY OF BARAUNI-BONGAIGAON SECTOR PHASE II,PETROLEUM,OIL,MULTI STATE,2016-09-01,2019-12-01,2020-10-01,571.66,571.66,413.62,,,2020-03-01,10(O),6/22,consolidated,79
2020-04-01,N16000271,237,LAYING OF VIJAIPUR-AURAIYA PIPELINE SECTION OF VIJAIPUR-AURAIYA-PHULPUR PIPELINE PROJECT,PETROLEUM,GAIL,MULTI STATE,2015-07-01,2020-12-01,2020-12-01,2881.4,2000,1441.11,,,,0(O),19/24,consolidated,79
2020-04-01,N16000273,238,DOBHI-DURGAPUR PIPELINE PROJECT,PETROLEUM,GAIL,MULTI STATE,2017-03-01,2020-12-01,2020-12-01,2433,2433,1697.42,,,,0(O),18/24,consolidated,79
2020-04-01,N16000274,239,BOKARO-ANGUL PIPELINE PROJECT,PETROLEUM,GAIL,MULTI STATE,2017-03-01,2020-12-01,2020-12-01,3437,3437,1405.7,,,,0(O),18/24,consolidated,79
2020-04-01,N16000285,240,KOCHI-KOOTTANAD-BANGALORE-MANGALORE PIPELINE PHASE-II,PETROLEUM,GAIL,"MULTI STATE, Central Sector Projects",2009-06-01,2012-12-01,2022-02-01,2915,4915.08,3150.08,,4915.08,2022-02-01,110(O),25/42,consolidated,79
2020-04-01,N16000296,241,EXTENSION OF VISAKH-VIJAYAWADA- SECUNDERABAD PIPELINE (VVSPL) FROM VIJAYAWADA TO DHARMAPURI AND CONST,PETROLEUM,HPCL,MULTI STATE,2017-09-01,2021-03-01,2021-03-01,2677,2677,1322.6,,,,0(O),15/26,consolidated,79
2020-04-01,N16000298,242,50MW WIND ENERGY POWER PROJECT,PETROLEUM,OIL,MULTI STATE,2015-11-01,2017-06-01,,500,500,0,,,,,0/0,consolidated,79
2020-04-01,N16000334,243,BARAUNI-GUWAHATI PIPELINE,PETROLEUM,GAIL,MULTI STATE,2018-06-01,2021-12-01,2021-12-01,3308,3308,1613.13,,,,0(O),12/20,consolidated,79
2020-04-01,N16000384,244,BARMER PALANPUR PIPELINE,PETROLEUM,HPCL,"MULTI STATE, Central Sector Projects",2019-11-01,2022-11-01,2022-11-01,776,776,2.26,,,,0(O),0/20,consolidated,79
2020-04-01,N16000272,245,DHAMRA-ANGUL PIPELINE PROJECT,PETROLEUM,GAIL,ODISHA,2017-03-01,2020-12-01,2020-12-01,1933,1933,1106.62,,,,0(O),18/24,consolidated,79
2020-04-01,N16000277,246,INSTALLATION OF ADDITIONAL CRUDE TANKS (7 NOS) AT PARADIP REFINERY,PETROLEUM,IOCL,ODISHA,2016-05-01,2019-01-01,2020-06-01,429,429,333.03,,,,17(O),6/6,consolidated,79
2020-04-01,N16000283,247,LPG BP PROJECT KHORDHA,PETROLEUM,IOCL,"ODISHA, Central Sector Projects",2016-12-01,2019-12-01,2021-07-01,161.59,161.59,41.48,,,,19(O),18/26,consolidated,79
2020-04-01,N16000289,248,CITY GAS DISTRIBUTION (CGD) NETWORK BHUBANESHWAR,PETROLEUM,GAIL,"ODISHA, Central Sector Projects",2017-07-01,2022-07-01,2022-07-01,243.53,243.53,65.41,,,,0(O),9/10,consolidated,79
2020-04-01,N16000308,249,CAPTIVE NATURAL GAS PIPELINE FROM DAHEJ TO KOYALI REFINERY,PETROLEUM,IOCL,ODISHA,2017-08-01,2021-12-01,2020-12-01,315,315,140.03,,,,-12(O),3/3,consolidated,79
2020-04-01,N16000328,250,CITY GAS DISTRIBUTION (CGD) NETWORK CUTTACK,PETROLEUM,GAIL,ODISHA,2017-07-01,2022-07-01,2022-07-01,182.2,182.2,52.99,,,,0(O),7/9,consolidated,80
2020-04-01,N16000338,251,ETHYLENE GLYCOL PROJECT AT PARADIP,PETROLEUM,IOCL,ODISHA,2018-04-01,2021-10-01,2021-10-01,5654,5654,910.89,,,,0(O),5/10,consolidated,80
2020-04-01,N16000341,252,2G ETHANOL BIO REFINERY AT BARGARH,PETROLEUM,BPCL,ODISHA,2017-08-01,2020-12-01,2020-12-01,750,750,34.73,,,,0(O),0/14,consolidated,80
2020-04-01,N16000345,253,PARADIP SOMNATHPUR HALDIA PIPELINE,PETROLEUM,IOCL,ODISHA,2018-10-01,2021-10-01,2021-10-01,1297.5,1297.5,156.52,,,,0(O),1/1,consolidated,80
2020-04-01,N16000361,254,ADDITIONAL STORAGE TANKS AT PARADIP,PETROLEUM,IOCL,ODISHA,2018-11-01,2021-09-01,2021-09-01,462.3,462.3,0,,,,0(O),0/0,consolidated,80
2020-04-01,N16000362,255,Fuel Quality Upgradation Project at Paradip Refinery,PETROLEUM,IOCL,ODISHA,2019-05-01,2021-08-01,2021-08-01,3361,3361,567.02,,,,0(O),5/11,consolidated,80
2020-04-01,N16000368,256,INSTALLATION OF STANDBY SRU TRAIN OF 525 TPD ALONGWITH INCINERATOR AT PARADIP REFINERY,PETROLEUM,IOCL,ODISHA,2019-06-01,2022-09-01,2022-09-01,371,371,0.5,,,,0(O),0/0,consolidated,80
2020-04-01,N16000374,257,2ND GENERATION LIGNOCELLUOSIC BIOMASS ETHANOL BIOFUEL REFINERY AT BARGARH (ODISHA),PETROLEUM,BPCL,ODISHA,2019-08-01,2022-08-01,2022-08-01,1607,1607,41.68,,,,0(O),0/21,consolidated,80
2020-04-01,N16000318,258,LPG BP PROJECT JODHPUR,PETROLEUM,IOCL,RAJASTHAN,2018-03-01,,2022-02-01,229.8,229.8,75.97,,,,,13/26,consolidated,80
2020-04-01,N16000162,259,ENNORE-TRICHY-MADURAI LPG PIPELINE,PETROLEUM,IOCL,TAMIL NADU,2013-05-01,2020-06-01,2020-06-01,711,711,11.12,,,,0(O),0/0,consolidated,80
2020-04-01,N16000184,260,RESID UPGRADATION PROJECT,PETROLEUM,CPCL,TAMIL NADU,2013-03-01,2015-11-01,,3110.36,3110.36,2915,,,,,52/52,consolidated,80
2020-04-01,N16000234,261,IRUGUR-DEVANGONTHI POL PIPELINE,PETROLEUM,BPCL,TAMIL NADU,2012-11-01,2017-02-01,2021-10-01,678,678,8.54,,,,56(O),0/0,consolidated,80
2020-04-01,N16000241,262,Field Development Plan of Madanam NELP-IV Block CY- ONN-2002,PETROLEUM,ONGC,TAMIL NADU,2015-11-01,2019-03-01,2021-05-01,650.82,650.82,434.89,,,2021-05-01,26(O),4/5,consolidated,80
2020-04-01,N16000253,263,ENNORE THIRUVALLUR BENGALURU PUDUCHERRY NAGAPATTINAM MADURAITUTICORIN GAS PIPELINE,PETROLEUM,IOCL,TAMIL NADU,2016-05-01,2018-12-01,2021-02-01,4497,6025,2290.13,,6025,,26(O),5/5,consolidated,80
2020-04-01,N16000286,264,AUGMENTATION OF CTMPL,PETROLEUM,IOCL,"TAMIL NADU, Central Sector Projects",2016-12-01,2020-06-01,2020-06-01,228,228,58.74,,,,0(O),5/5,consolidated,80
2020-04-01,N16000295,265,BS-VI PROJECTS,PETROLEUM,CPCL,TAMIL NADU,2017-09-01,2019-12-01,2020-06-01,1858,1858,1277.63,,,,6(O),0/0,consolidated,80
2020-04-01,N16000301,266,RE-LIQUIFIED NATURAL GAS,PETROLEUM,CPCL,TAMIL NADU,2017-08-01,2020-08-01,2021-02-01,421,421,177.8,,,,6(O),0/0,consolidated,80
2020-04-01,N16000305,267,CONSTRUCTION OF GRASS ROOT POL TOP AT ASANUR TAMIL NADU,PETROLEUM,IOCL,TAMIL NADU,2017-12-01,2020-10-01,2021-08-01,466.43,466.43,101.05,,,,10(O),0/0,consolidated,80
2020-04-01,N16000351,268,GRASS ROOT TERMINAL AT MALKAPUR,PETROLEUM,IOCL,TELANGANA,2018-12-01,2022-04-01,2023-06-01,611,611,16.73,,,,14(O),0/0,consolidated,80
2020-04-01,N16000288,269,CITY GAS DISTRIBUTION (CGD) NETWORK VARANASI,PETROLEUM,GAIL,"UTTAR PRADESH, Central Sector Projects",2017-04-01,2022-04-01,2022-04-01,287.49,287.49,157.04,,,,0(O),42/43,consolidated,80
2020-04-01,N16000303,270,REVAMPING OF EXISTING FACILITIES/ AUGMENTATION OF FACILITIES AT BAITALPUR DEPOT FOR,PETROLEUM,IOCL,UTTAR PRADESH,2017-08-01,2021-08-01,2021-11-01,318.8,318.8,78.63,,,,3(O),0/0,consolidated,80
2020-04-01,N16000306,271,BS-VI PROJECT AT MATHURA REFINERY,PETROLEUM,IOCL,UTTAR PRADESH,2018-01-01,2019-09-01,2020-01-01,666.64,666.64,493.9,,,,,6/6,consolidated,80
2020-04-01,N16000323,272,INFRASTRUCTURE DEVELOPMENT TO FACILITATE BULK IMPORT OF GRID POWER AT 220 KV AT MATHURA REFINERY,PETROLEUM,IOCL,UTTAR PRADESH,2017-08-01,2020-08-01,2020-08-01,255.4,255.4,8.81,,,,0(O),1/1,consolidated,81
2020-04-01,N16000333,273,AUGMENTATION OF MATHURA-TUNDLA PIPELINE AND ITS EXTENSION FOR HOOK UP WITH BARAUNI- KANPUR PIPELINE A,PETROLEUM,IOCL,UTTAR PRADESH,2018-03-01,2021-12-01,2021-12-01,676,676,289.19,,,,0(O),3/3,consolidated,81
2020-04-01,N16000354,274,120 TMTPA LPG BOTTLING PLANT AT GORAKHPUR UP,PETROLEUM,IOCL,UTTAR PRADESH,2014-03-01,2019-09-01,,204,204,152.42,,,,,6/6,consolidated,81
2020-04-01,N16000365,275,MULTI PRODUCT PIPELINE FROM BINA TERMINAL TO PANKI KANPUR TERMINAL,PETROLEUM,BPCL,UTTAR PRADESH,2017-12-01,2021-12-01,2021-12-01,1524.06,1524.06,24.94,,,,0(O),0/21,consolidated,81
2020-04-01,N16000282,276,SITARGANJ LPG PROJECT,PETROLEUM,IOCL,"UTTARAKHAND, Central Sector Projects",2017-02-01,2020-02-01,2020-10-01,160.1,160.1,59.32,,,,8(O),18/26,consolidated,81
2020-04-01,N16000223,277,HALDIA LPG IMPORT FACILITY,PETROLEUM,BPCL,WEST BENGAL,2015-03-01,2018-10-01,2020-04-01,694,1097.54,871.48,,,2020-02-01,18(O),0/15,consolidated,81
2020-04-01,N16000251,278,HALDIA BARAUNI PRODUCT PIPELINE,PETROLEUM,IOCL,WEST BENGAL,2016-04-01,2020-12-01,2020-12-01,1021,1021,4.45,,,,0(O),0/0,consolidated,81
2020-04-01,N16000275,279,DURGAPUR-HALDIA PIPELINE PROJECT,PETROLEUM,GAIL,WEST BENGAL,2017-03-01,2020-12-01,2020-12-01,1740,1740,714.9,,,,0(O),13/24,consolidated,81
2020-04-01,N16000300,280,KHARAGPUR LPG BOTTLING PLANT,PETROLEUM,IOCL,WEST BENGAL,2017-04-01,2020-04-01,2021-03-01,163.02,163.02,64.23,,,,11(O),17/26,consolidated,81
2020-04-01,N16000332,281,30 INCH CRUDE OIL PIPELINE IN HALDIA-BARAUNI SECTION OF PHBPL AND CONVERSION OF EXISTING 18 INCH HAL,PETROLEUM,IOCL,WEST BENGAL,2018-03-01,2022-09-01,2021-06-01,3712,3696,1203.96,,,,-15(O),3/3,consolidated,81
2020-04-01,180100221,282,SUBANSIRI LOWER H.E.P (8X250 MW) (NHPC),POWER,NHPC,ARUNACHAL PRADESH,2003-09-01,2010-09-01,2023-08-01,6285.33,19496.34,12255.53,,20368.9,2023-08-01,155(O),0/0,consolidated,81
2020-04-01,180100239,283,KAMENG HYDROELECTRIC PROJECT (NEEPCO),POWER,NEEPCO,ARUNACHAL PRADESH,2004-12-01,2009-12-01,2020-06-01,2496.9,7927.34,7969.41,,7927.34,2020-06-01,126(O),30/30,consolidated,81
2020-04-01,180100242,284,BARH STPP(3X660MW) NTPC,POWER,NTPC,BIHAR,2005-02-01,2011-10-01,2021-08-01,8692.97,21312.11,17343.22,,21312.11,2021-08-01,118(O),30/47,consolidated,81
2020-04-01,N18000190,285,BRBCL-NABINAGAR TPP- JV (4X250 MW),POWER,NTPC,BIHAR,2007-01-01,2012-07-01,2020-09-01,5353,9583,8137.06,,7998,,98(O),12/25,consolidated,81
2020-04-01,N18000192,286,NPGCPL-NABINAGAR STPP - JV (3X660 MW),POWER,NTPC,"BIHAR, Joint Venture",2013-01-01,2018-05-01,2021-06-01,12964.6,17304,14493.21,,17304,2021-12-01,37(O),38/45,consolidated,81
2020-04-01,N18000194,287,BUXAR THERMAL POWER PLANT (1320 MW),POWER,SJVN,BIHAR,2019-03-01,2024-01-01,2024-01-01,10439.09,10439.09,900.4,,10439.09,,0(O),16/19,consolidated,81
2020-04-01,N18000140,288,LARA SUPER THERMAL POWER PROJECT STAGE-I (2 X 800 MW),POWER,NTPC,CHHATISGARH,2012-12-01,2017-10-01,2020-07-01,11846,12739.82,13573.71,,,2020-03-01,33(O),39/41,consolidated,81
2020-04-01,N18000266,289,TALAIPALLI COAL MINING PROJECT,POWER,NTPC,CHHATISGARH,2015-09-01,2019-11-01,2019-11-01,3004,3004,1873.22,,,,,0/0,consolidated,81
2020-04-01,N18000188,290,CREATION OF 400/220 KV SUBSTATIONS IN NCT OF DELHI DURING 12TH PLAN PERIOD (PART-A),POWER,PGCIL,DELHI,2015-03-01,2017-05-01,,1394.52,1394.52,457.17,,,,,4/9,consolidated,81
2020-04-01,N18000261,291,TRANSMISSION SYSTEM FOR ULTRA MEGA SOLAR POWER PARK AT BANASKANTHA (RADHANESDA) GUJARAT,POWER,PGCIL,"GUJARAT, Central Sector Projects",2017-05-01,2018-09-01,,175.64,175.64,106.2,,,,,0/0,consolidated,82
2020-04-01,N18000269,292,SUPPLEMENTARY TRANS. SYSTEM FOR UMSPP AT BANASKANTHA (RADHANESDA) GUJARAT,POWER,PGCIL,GUJARAT,2017-12-01,2019-06-01,,193.14,193.14,102.44,,,,,0/0,consolidated,82
2020-04-01,180100210,293,PARBATI HEP (4X200 MW) (NHPC) II,POWER,NHPC,HIMACHAL PRADESH,2002-09-01,2009-09-01,2021-12-01,3919.59,9997.11,8102.04,,9997.11,2021-12-01,147(O),3/5,consolidated,82
2020-04-01,N18000177,294,NORTH KARANPURA STPP (3X660 MW),POWER,NTPC,JHARKHAND,2014-02-01,2019-06-01,2022-03-01,14366.58,15164.05,10379.24,,,2022-03-01,33(O),25/30,consolidated,82
2020-04-01,N18000225,295,PAKRI BARWADIH COAL MINING PROJECT,POWER,NTPC,JHARKHAND,2004-10-01,2017-10-01,,4237.96,4552,3409.98,,4238,,,0/0,consolidated,82
2020-04-01,N18000275,296,PATRATU STPP-I (3X800MW),POWER,NTPC,JHARKHAND,2017-11-01,2023-03-01,2023-03-01,18668,18668,2846.23,,,,0(O),2/2,consolidated,82
2020-04-01,N18000263,297,TRANSMISSION SYSTEM FOR ULTRA MEGA SOLAR POWER AT TUMKUR (PAVAGADA) KARNATAKA PHASE-II (PART-B),POWER,PGCIL,"KARNATAKA, Central Sector Projects",2017-05-01,2019-02-01,2020-05-01,445.89,445.89,332.46,,,,15(O),0/0,consolidated,82
2020-04-01,N18000151,298,GADARWARA SUPER THERMAL POWER PROJECT STAGE-I,POWER,NTPC,MADHYA PRADESH,2013-03-01,2018-01-01,2020-07-01,11638.55,12865.92,12988.07,,,2020-07-01,30(O),40/42,consolidated,82
2020-04-01,N18000205,299,KHARGONE STPP STAGE I (1320 MW),POWER,NTPC,MADHYA PRADESH,2015-03-01,2020-01-01,2020-03-01,9870.51,11148.86,10019.31,,,,,41/41,consolidated,82
2020-04-01,N18000252,300,AMELIA COAL MINE,POWER,THDCIL,"MADHYA PRADESH, Central Sector Projects",2017-01-01,2020-09-01,2020-09-01,2104.21,1587.16,314.18,,,,0(O),9/16,consolidated,82
2020-04-01,N18000132,301,MOUDA STPP STAGE 2,POWER,NTPC,MAHARASHTRA,2012-03-01,2016-09-01,,7921.47,7921.47,5302,,,,,41/41,consolidated,82
2020-04-01,180100078,302,LOKTAK D/S HEP(NHPC),POWER,NHPC,MANIPUR,1999-12-01,2006-06-01,,578.62,578.62,0,,,,,0/0,consolidated,82
2020-04-01,N18000061,303,TR. SYSTEM ASSOCIATED WITH MUNDRA ULTRA MEGA POWER PROJECT,POWER,PGCIL,MULTI STATE,2008-10-01,2012-10-01,,4824.12,5071.94,4595.36,,,,,8/11,consolidated,82
2020-04-01,N18000066,304,NORTH- EAST NORTH WESTERN INTERCONNECTOR I PROJECT,POWER,PGCIL,MULTI STATE,2009-02-01,2013-08-01,2022-03-01,11130.19,14719.1,12824.45,,,,103(O),23/26,consolidated,82
2020-04-01,N18000109,305,SYTEM STRENGTHENING XIII OF SR GRID,POWER,PGCIL,MULTI STATE,2011-10-01,2014-06-01,,487.49,639.46,590.3,,,,,10/12,consolidated,82
2020-04-01,N18000155,306,EASTERN REGION STRENGTHENING SCHEME-V,POWER,PGCIL,MULTI STATE,2013-10-01,2016-04-01,,1364.52,1891.41,1283.6,,,,,8/12,consolidated,82
2020-04-01,N18000157,307,UNIFIED REAL TIME DYNAMIC STATE MEASUREMENT PHASE-I,POWER,PGCIL,MULTI STATE,2014-01-01,2016-04-01,,374.63,374.63,224.83,,,,,0/0,consolidated,82
2020-04-01,N18000164,308,EASTERN REGION STRENGTHENING SCHEME-XII,POWER,PGCIL,MULTI STATE,2014-05-01,2016-11-01,,522.29,546.36,470.71,,,,,8/12,consolidated,82
2020-04-01,N18000168,309,TRANSMISSION SYSTEM STRENGTHENING IN WR- NR TRANSMISSION CORRIDOR FOR IPPS IN CHHATTISGARH,POWER,PGCIL,MULTI STATE,2014-06-01,2018-03-01,,5151.37,5151.37,3269.93,,,,,9/12,consolidated,82
2020-04-01,N18000181,310,TRANSMISSION SYSTEM ASSOICATED WITH TEHRI PUMP STORAGE PLANT (PSP),POWER,PGCIL,MULTI STATE,2015-01-01,2017-10-01,,871.62,871.62,606.81,,,,,0/5,consolidated,82
2020-04-01,N18000182,311,SYSTEM STRENGTHENING IN SOUTHERN REGION - XXIII,POWER,PGCIL,MULTI STATE,2015-01-01,2017-07-01,,203.28,260.03,200.16,,,,,3/5,consolidated,82
2020-04-01,N18000184,312,ESTABLISHMENT OF FIBER OPTIC COMMUNICATION SYSTEM IN NR UNDER FIBER OPTIC EXPANSION PROJECT (ADDITIO,POWER,PGCIL,MULTI STATE,2015-03-01,2018-03-01,,197.4,197.4,85.34,,,,,0/0,consolidated,83
2020-04-01,N18000213,313,TRANSMISSION SYSTEM STRENTHENNING IN INDIAN SYSTEM FOR TRANSFER OF POWER FROM MANGDECHHU HYDROELECTR,POWER,PGCIL,MULTI STATE,2016-03-01,2018-01-01,,808.63,808.63,547.8,,,,,0/0,consolidated,83
2020-04-01,N18000218,314,GREEN ENERGY CORRIDORS - INTER STATE TRANSSMISSION SCHEME PART-D,POWER,PGCIL,MULTI STATE,2016-05-01,2019-05-01,,3519.59,3519.59,2562.41,,,,,0/0,consolidated,83
2020-04-01,N18000219,315,HVDC BIPOLE LINK BETWEEN WR (RAIGARH CHATTISGARH) AND SR (PUGALUR-NORTH TRICHUR-SCHEME-I: RAIGARH-P,POWER,PGCIL,MULTI STATE,2016-05-01,2019-11-01,,14733.37,14733.37,9883.31,,,,,0/0,consolidated,83
2020-04-01,N18000238,316,S/S WORK ASSOCIATED WITH ADDITIONAL INTER REGIONAL AC LINK FOR IMPORT IN TO SOUTHERN REGION I.E WARO,POWER,PGCIL,MULTI STATE,2017-03-01,2019-11-01,,283.72,283.72,196.1,,,,,0/0,consolidated,83
2020-04-01,N18000239,317,TRANSMISSION SYSTEM FOR ULTRA MEGA SOLAR POWER AT TUMKUR (PAVAGADA) KARNATAKA PHASE -II (PART II),POWER,PGCIL,MULTI STATE,2016-10-01,2019-01-01,,408.46,408.46,322.79,,,,,0/0,consolidated,83
2020-04-01,N18000240,318,SUB STATION WORK ASSOCIATED WITH STRENGTHENING OF TRANSMISSION SYSTEM BEYOND VEMAGIRI,POWER,PGCIL,MULTI STATE,2016-10-01,2019-04-01,,608.24,608.24,425.04,,,,,0/0,consolidated,83
2020-04-01,N18000242,319,ESTABLISHMENT OF 220/66KV GIS AT UT CHANDIGARH ALONG WITH 220KV D/C LINE FROM CHANDIGARH GIS TO 400/,POWER,PGCIL,MULTI STATE,2017-02-01,2019-02-01,,322.3,322.3,166.84,,,,,0/0,consolidated,83
2020-04-01,N18000244,320,EASTERN REGION STRENTHENING SCHEME XVII( PART B),POWER,PGCIL,MULTI STATE,2017-02-01,2019-06-01,,235.53,235.53,138.98,,,,,0/0,consolidated,83
2020-04-01,N18000245,321,SYSTEM STRENGTHENING SCHEME IN NORTH REGION XXXVII,POWER,PGCIL,MULTI STATE,2017-03-01,2019-12-01,,379.95,379.95,113.54,,,,,0/0,consolidated,83
2020-04-01,N18000247,322,HVDC BIPOLE LINK BETWEEN WESTERN REGION (RAIGARH CHATTISGARH) AND SOUTHERN REGION (PUGALAR TM) NOR,POWER,PGCIL,MULTI STATE,2017-02-01,2020-04-01,2020-04-01,5070.13,5070.13,3270.48,,,,0(O),0/0,consolidated,83
2020-04-01,N18000249,323,COMPREHENSIVE SCHEME FOR THE STRENGHTENING OF THE TRANSMISSION AND DISTRIBUTION SYSTEM IN A P,POWER,PGCIL,MULTI STATE,2014-12-01,2018-12-01,2020-12-01,4754.42,9072.36,1402.48,,,,24(O),0/0,consolidated,83
2020-04-01,N18000250,324,NORTH EASTERN REGION POWER SYSTEM IMPROVEMENT PROJECT (NERPSIP) FOR SIX (6) STATES,POWER,PGCIL,MULTI STATE,2014-12-01,2018-12-01,2020-12-01,5111.33,6880.36,1886.3,,,,24(O),0/0,consolidated,83
2020-04-01,N18000257,325,STRENGTHENING OF TRANSMISSION SYSTEM BEYOND VEMAGIRI,POWER,PGCIL,"MULTI STATE, Central Sector Projects",2015-12-01,2019-04-01,,3654,3654,3508.04,,,,,0/0,consolidated,83
2020-04-01,N18000258,326,EASTERN REGION STRENGTHENING SCHEME-XVIII,POWER,PGCIL,"MULTI STATE, Central Sector Projects",2017-03-01,2020-07-01,2020-07-01,3500,3500,2039.35,,3500,,0(O),0/0,consolidated,83
2020-04-01,N18000264,327,HVDC BIPOLE LINK BETWEEN WR AND SR -NORTH TRICHUR - SCHEME -II AC SYSTEM STRENGTHENING AT PUGALUR EN,POWER,PGCIL,"MULTI STATE, Central Sector Projects",2017-08-01,2020-02-01,2020-06-01,1931.39,1931.39,1164.36,,,,4(O),0/0,consolidated,84
2020-04-01,N18000267,328,400 KV D/C BAHARAMPUR (PG) - BHERAMERE (B'DESH) LINE CKT II (INDIA PORTION),POWER,PGCIL,MULTI STATE,2017-09-01,2019-09-01,,198.49,198.49,126.26,,,,,0/0,consolidated,84
2020-04-01,N18000268,329,EASTERN REGION STRENGTHENING SCHEME XX,POWER,PGCIL,MULTI STATE,2017-11-01,2020-05-01,2020-05-01,358.83,358.83,177.36,,,,0(O),0/0,consolidated,84
2020-04-01,N18000176,330,DARLIPALLI STPP STAGE-I (2X800 MW),POWER,NTPC,ODISHA,2014-02-01,2018-12-01,2020-08-01,12532.44,13740.53,10257.95,,,2020-08-01,20(O),37/41,consolidated,84
2020-04-01,N18000276,331,ROURKELA PP-II EXPANSION (1X250 MW) - NSPCL,POWER,NTPC,ODISHA,2016-05-01,2018-12-01,2020-08-01,1885.13,1885.13,1486.29,,,,20(O),0/0,consolidated,84
2020-04-01,N18000262,332,TRANSMISSION SYSTEM FOR EVACUTION OF POWER FROM NEYVELI LIGNITE CORP LTD TS - I (REPLACEMENT) IN NEY,POWER,PGCIL,"TAMIL NADU, Central Sector Projects",2017-05-01,2019-07-01,,186.17,186.17,111.47,,,,,0/0,consolidated,84
2020-04-01,N18000212,333,TELANGANA SUPER THERMAL POWER PROJECT PHASE I,POWER,NTPC,TELANGANA,2016-01-01,2020-11-01,2021-09-01,10598.98,10598.98,6940.54,,,2021-09-01,10(O),24/26,consolidated,84
2020-04-01,N18000175,334,TANDA TPP STAGE-II (2X660 MW),POWER,NTPC,UTTAR PRADESH,2014-09-01,2019-07-01,2020-09-01,9188.98,10016.1,7371.4,,,2020-09-01,14(O),36/40,consolidated,84
2020-04-01,N18000193,335,MUNPL-MEJA TPP - JV (2X660 MW),POWER,NTPC,"UTTAR PRADESH, Joint Venture",2012-04-01,2017-02-01,2020-07-01,9750.89,12176.28,10442,,,2020-06-01,41(O),38/40,consolidated,84
2020-04-01,N18000272,336,KHURJA SUPER THERMAL POWER PROJECT,POWER,THDCIL,UTTAR PRADESH,2019-03-01,2023-09-01,2023-09-01,11089.42,11089.42,929.33,,,,0(O),0/11,consolidated,84
2020-04-01,N18000273,337,140 MW BILHAUR SOLAR PV PROJECT BILHAUR UP,POWER,NTPC,UTTAR PRADESH,2018-12-01,2020-09-01,2020-09-01,587.44,587.44,250,,,,0(O),0/0,consolidated,84
2020-04-01,N18000274,338,85 MW BILHAUR SOLAR PV PROJECT BILHAUR UP,POWER,NTPC,UTTAR PRADESH,2019-03-01,2020-11-01,2020-11-01,349,349,125,,,,0(O),0/0,consolidated,84
2020-04-01,N18000014,339,TAPOVAN-VISHNUGAD HEP (4X130MW),POWER,NTPC,UTTARAKHAND,2006-11-01,2013-03-01,2021-12-01,2978.48,5867.38,4370.33,,,2021-12-01,105(O),8/15,consolidated,84
2020-04-01,N18000042,340,VISHNUGAD PIPALKOTI HYDRO ELECTRIC PROJECT,POWER,THDCIL,UTTARAKHAND,2008-08-01,2013-06-01,2023-06-01,2491.58,4397.8,1939.9,,,,120(O),11/17,consolidated,84
2020-04-01,N18000142,341,LATA-TAPOVAN HYDRO ELECTRIC POWER PROJECT 3X57 MW,POWER,NTPC,UTTARAKHAND,2012-07-01,2017-08-01,,1527,1801.07,148.91,,,,,0/15,consolidated,84
2020-04-01,N18000265,342,NAITWAR MORI HEP,POWER,SJVN,UTTARAKHAND,2017-10-01,2021-12-01,2021-12-01,648.33,648.33,356.83,,,,0(O),7/32,consolidated,84
2020-04-01,N18000178,343,RAMMAM-III HEPP (3X40 MW),POWER,NTPC,WEST BENGAL,2014-09-01,2019-09-01,2022-11-01,1381.84,1592.34,517.86,,,2022-11-01,38(O),5/9,consolidated,84
2020-04-01,N18000214,344,EASTERN REGION STRENGTHENNING SCHEME-XV,POWER,PGCIL,WEST BENGAL,2016-04-01,2018-04-01,,454.11,454.11,297.68,,,,,0/0,consolidated,84
2020-04-01,N18000277,345,DURGAPUR PP-III (2X20 MW) - NSPCL,POWER,NTPC,WEST BENGAL,2016-12-01,2018-11-01,2020-08-01,529.68,529.68,294.18,,,,21(O),0/0,consolidated,84
2020-04-01,N20000002,346,LOPMENT OF ADVANCED ULTRA SUPER CRITICAL TECHNOLOGIES IN THERMAL POWER PLANTS IN INDIA,HEAVY INDUSTRY,BHEL,"DELHI, Central Sector Projects",2016-08-01,2019-09-01,,1554,1554,716.25,,17,,,0/0,consolidated,84
2020-04-01,N21000017,347,RESIDENTIAL COMPLEX AND OPD BLOCK AIIMS- MNAGLAGIRI GUNTUR ANDHRA PRADESH,HEALTH AND FAMILY WELFARE,HSCC,"ANDHRA PRADESH, Central Sector Projects",2017-08-01,2019-03-01,2021-01-01,272.19,272.54,204.08,,,,22(O),0/0,consolidated,85
2020-04-01,N21000020,348,HOSPITAL AND TEACHING- AIIMS GUNTUR,HEALTH AND FAMILY WELFARE,HSCC,"ANDHRA PRADESH, Central Sector Projects",2018-03-01,2020-02-01,2021-05-01,601.02,601.02,219.05,,,,10,0/0,consolidated,85
2020-04-01,N21000007,349,LGBRIMH-TEZPUR ASSAM,HEALTH AND FAMILY WELFARE,HSCC,ASSAM,2012-07-01,2014-12-01,2018-03-01,175.57,175.57,163.37,,,,,0/0,consolidated,85
2020-04-01,N21000027,350,ALL INDIA INSTITUTE OF MEDICAL SCIENCE AT GUWAHATI ASSAM,HEALTH AND FAMILY WELFARE,HITES,ASSAM,2017-05-01,2021-05-01,2021-10-01,875,747.8,137.27,,,,5(O),0/0,consolidated,85
2020-04-01,N21000003,351,LHMC NEW DELHI-RE-DEVELOPMENT,HEALTH AND FAMILY WELFARE,HSCC,DELHI,2013-02-01,2013-11-01,2020-09-01,414.11,499.23,337.32,,,,82(O),0/0,consolidated,85
2020-04-01,N21000008,352,AIIMS - MOTHER AND CHILD BLOCK,HEALTH AND FAMILY WELFARE,HSCC,DELHI,2013-12-01,2017-05-01,2020-06-01,204.44,270,210.75,,,,37(O),2/2,consolidated,85
2020-04-01,N21000009,353,AIIMS - OPD(NEW),HEALTH AND FAMILY WELFARE,HSCC,DELHI,2014-08-01,2017-05-01,2020-01-01,293.65,325,304.62,,,,,3/5,consolidated,85
2020-04-01,N21000019,354,GERIATRICS BLOCK- AIIMS DLEHI,HEALTH AND FAMILY WELFARE,HSCC,DELHI,2017-12-01,,2020-05-01,156.56,156.64,80.28,,,,,0/0,consolidated,85
2020-04-01,N21000022,355,SUPER SPECIALITY BLOCK PMSSY GOA,HEALTH AND FAMILY WELFARE,HSCC,"GOA, Central Sector Projects",2018-01-01,,2020-05-01,249.01,249.07,152.26,,,,,0/0,consolidated,85
2020-04-01,N21000011,356,CONSTRUCTION OF HOSPITAL AND OPD BLOCK NCI JHAJJAR,HEALTH AND FAMILY WELFARE,HSCC,HARYANA,2014-09-01,2018-03-01,2019-09-01,505.58,585,586.96,,,,,1/2,consolidated,85
2020-04-01,N21000028,357,AIIMS BILASPUR,HEALTH AND FAMILY WELFARE,NBCC,HIMACHAL PRADESH,2018-04-01,2021-09-01,2021-09-01,1351,1471,408.94,,,,0(O),0/0,consolidated,85
2020-04-01,N21000029,358,CONSTRUCTION OF AIIMS AT JAMMU VIJAYPUR SAMBA JAMMU AND KASHMIR,HEALTH AND FAMILY WELFARE,CPWD,JAMMU AND KASHMIR,2019-03-01,2023-09-01,2023-09-01,1404,1404,0,,,,0(O),0/0,consolidated,85
2020-04-01,N21000030,359,CONSTRUCTION OF AIIMS AT AWANTIPORA SRINAGAR JAMMU AND SRINAGAR,HEALTH AND FAMILY WELFARE,CPWD,JAMMU AND KASHMIR,2019-03-01,2025-09-01,2025-09-01,1577,1828,0,,,,0(O),0/0,consolidated,85
2020-04-01,N21000016,360,RESIDENTIAL COMPLEX AND OPD BLOCK AIIMS NAGPUR MAHARASTRA,HEALTH AND FAMILY WELFARE,HSCC,"MAHARASHTRA, Central Sector Projects",2017-08-01,2019-03-01,2021-03-01,274.19,274.19,231.83,,,,24(O),0/0,consolidated,85
2020-04-01,N21000023,361,HOSPITAL AND TEACHING- AIIMS NAGPUR,HEALTH AND FAMILY WELFARE,HSCC,"MAHARASHTRA, Central Sector Projects",2018-03-01,,2021-06-01,582.99,582.99,275.43,,,,,0/0,consolidated,85
2020-04-01,N21000013,362,NEIGRIHMS SHILLONG MEGHALYA,HEALTH AND FAMILY WELFARE,HSCC,MEGHALAYA,2016-10-01,2018-05-01,2020-12-01,363.99,363.99,220.5,,,,31(O),0/0,consolidated,85
2020-04-01,N21000012,363,SATELLITE CENTRE PGI CHANDIGARH SANGRUR PUNJAB,HEALTH AND FAMILY WELFARE,HSCC,PUNJAB,2016-07-01,2018-02-01,2020-09-01,152.95,177.92,147.31,,,,31(O),1/1,consolidated,85
2020-04-01,N21000026,364,ALL INDIA INSTITUTE OF MEDICAL SCIENCE AT BATHINDA PUNJAB,HEALTH AND FAMILY WELFARE,HITES,PUNJAB,2016-07-01,2020-06-01,2020-10-01,703,557.48,327.76,,,,4(O),0/0,consolidated,85
2020-04-01,N21000021,365,HOSPITAL AND MEDICAL COLLEGE AIIMS RAEBARELI,HEALTH AND FAMILY WELFARE,HSCC,"UTTAR PRADESH, Central Sector Projects",2018-03-01,,2020-09-01,268.84,268.84,181.36,,,,,0/0,consolidated,85
2020-04-01,N21000025,366,ALL INDIA INSTITUTE OF MEDICAL SCIENCE AT GORAKHPUR (U.P.),HEALTH AND FAMILY WELFARE,HITES,UTTAR PRADESH,2016-07-01,2020-04-01,2020-10-01,785,715.06,385.77,,,,6(O),0/0,consolidated,86
2020-04-01,N21000010,367,CONSTRUCTION OF HOSPITAL BLOCK IIT KHARAGPUR,HEALTH AND FAMILY WELFARE,HSCC,WEST BENGAL,2014-12-01,2017-05-01,2019-07-01,168.9,191.2,169.51,,,,,3/3,consolidated,86
2020-04-01,N21000015,368,CNCI KOLKATA WEST BENGAL,HEALTH AND FAMILY WELFARE,HSCC,WEST BENGAL,2016-08-01,2018-09-01,2019-05-01,244,248,224.92,,,,,0/0,consolidated,86
2020-04-01,N21000018,369,RESIDENTIALCOMPLEX AND OPD BLOCK AIIMS KALYANI WEST BENGAL,HEALTH AND FAMILY WELFARE,HSCC,"WEST BENGAL, Central Sector Projects",2017-08-01,2019-03-01,2021-02-01,355.15,355.15,233.51,,,,23(O),0/0,consolidated,86
2020-04-01,N21000024,370,HOSPITAL AND TEACHING- AIIMS KALYANI,HEALTH AND FAMILY WELFARE,HSCC,WEST BENGAL,2018-04-01,2020-02-01,2021-03-01,651.99,651.99,285.33,,,,8,0/0,consolidated,86
2020-04-01,220100192,371,NANDYAL-YERRAGUNTLA(NL) SCR,RAILWAYS,SCR,ANDHRA PRADESH,1996-03-01,2009-02-01,,164.36,1050,999.64,,,,,0/0,consolidated,86
2020-04-01,220100265,372,KOTLPALLI-NARASAPUR (NL) (SCR),RAILWAYS,SCR,ANDHRA PRADESH,2001-12-01,2009-03-01,2023-03-01,1045.2,2120.16,664.46,,,,168(O),0/0,consolidated,86
2020-04-01,N22000265,373,GUDUR-DURGARAJAPATNAM,RAILWAYS,SCR,ANDHRA PRADESH,2011-04-01,,,761.37,761.37,0.52,,,,,0/0,consolidated,86
2020-04-01,N22000282,374,CUMBUM-PRODDATUR,RAILWAYS,SCR,ANDHRA PRADESH,2013-04-01,,,829,829,0.94,,,,,1/1,consolidated,86
2020-04-01,N22000286,375,NADIKUDE-SRI KALAHASTI,RAILWAYS,SCR,ANDHRA PRADESH,2011-04-01,2021-03-01,2024-03-01,2288.7,2643.25,860.07,,,,36(O),0/1,consolidated,86
2020-04-01,N22000313,376,VIJAYWADA-GUDUGOLANU-BHIMAVARAM- NARSAPUR DL (221 KM),RAILWAYS,RVNL,ANDHRA PRADESH,2012-03-01,2020-03-01,2022-03-01,1503.71,2200,1966.03,,,,24(O),0/0,consolidated,86
2020-04-01,N22000366,377,DUVVADA-VIJAYAWADA,RAILWAYS,SCR,ANDHRA PRADESH,2015-04-01,,,3873.07,3873.07,0.38,,,,,0/0,consolidated,86
2020-04-01,N22000368,378,GUNTUR-GUNTAKAL,RAILWAYS,SCR,ANDHRA PRADESH,2016-04-01,2022-03-01,2023-03-01,3631,3631,678.02,,,,12(O),0/0,consolidated,86
2020-04-01,N22000369,379,VIJAYAWADA-GUDUR,RAILWAYS,RVNL,ANDHRA PRADESH,2015-04-01,2023-12-01,2023-12-01,3246.26,3548.67,1384.54,,,,0(O),0/0,consolidated,86
2020-04-01,N22000377,380,KOTTAVALSA - KORAPUT DOUBLING,RAILWAYS,ECOR,ANDHRA PRADESH,2015-04-01,2022-03-01,2024-03-01,2499.71,3382.95,498.31,,2499.71,2024-03-01,24(O),0/0,consolidated,86
2020-04-01,N22000424,381,MULTI MODAL LOGISTICS PARK AT VISHAKHAPATNAM,RAILWAYS,CCOI,ANDHRA PRADESH,2013-01-01,2018-03-01,,387.7,387.7,323.91,,,,,0/0,consolidated,86
2020-04-01,N22000431,382,MULTI MODAL LOGISTICS PARK AT KAKINADA,RAILWAYS,CCOI,ANDHRA PRADESH,2016-08-01,2019-03-01,2020-12-01,234.5,235,14.14,,,,21(O),0/0,consolidated,86
2020-04-01,N22000086,383,NEW B.G. LINE FROM TETELIA TO BYRNIHAT (NATIONAL PROJECT) NEFR,RAILWAYS,NFR,ASSAM,2006-09-01,2019-03-01,2020-03-01,385.2,1348.11,723.03,,1532,,,0/0,consolidated,86
2020-04-01,N22000210,384,AMBARI FALAKATA TO NEW MAYNAGURI,RAILWAYS,NFR,ASSAM,2011-04-01,2019-03-01,2020-03-01,314,798,774.37,,728,,,0/0,consolidated,86
2020-04-01,N22000388,385,BONGAIGAON-GOALPARA-GUWAHATI (176 KM),RAILWAYS,NFR,ASSAM,2015-04-01,2022-03-01,2020-03-01,2232.32,2232.32,1064.75,,2182,2023-03-01,,0/0,consolidated,86
2020-04-01,N22000389,386,DIGARU-HOJAI (102 KM),RAILWAYS,NFR,ASSAM,2015-04-01,2021-03-01,2021-03-01,870.96,2136.01,819.27,,,,0(O),0/0,consolidated,86
2020-04-01,220100240,387,JAYANAGAR-DARBHANGA-NARKATIA GANJ(GC) ECR,RAILWAYS,ECR,BIHAR,1997-04-01,2012-03-01,2020-03-01,324.73,1050,1042.26,,898.53,,,0/0,consolidated,87
2020-04-01,220100257,388,KHAGARIA-KUSHESHWAR ASTHAN (NL) (ECR),RAILWAYS,ECR,BIHAR,1997-04-01,,2022-03-01,162.87,614.45,323.93,,614.45,,,0/0,consolidated,87
2020-04-01,220100303,389,HAJIPUR-SUGAULI VIA VAISHALI (NL) ECR,RAILWAYS,ECR,BIHAR,2003-04-01,,2023-03-01,528.65,2066.78,1474.91,,2066.78,,,0/0,consolidated,87
2020-04-01,220100304,390,KOSI BRIDGE (NL) ECR,RAILWAYS,ECR,BIHAR,2002-04-01,2020-03-01,2020-03-01,499.41,516.02,415.68,,516.02,,,0/0,consolidated,87
2020-04-01,220100311,391,DANIAWAN-BIHARSARIF (NL) ECR,RAILWAYS,ECR,BIHAR,2001-04-01,,,406.92,339,200,,,,,0/0,consolidated,87
2020-04-01,N22000002,392,MANSI-PURNIA (EXTENSION OF MANSI-SAHARSA) GAN ECR,RAILWAYS,ECR,BIHAR,1996-04-01,2012-03-01,2020-03-01,477.88,751.55,675.41,,751.55,,,0/0,consolidated,87
2020-04-01,N22000087,393,NEW B.G. LINE FROM ARARIA TO GALGALIA (THAKURGUNG) NEFR,RAILWAYS,NFR,BIHAR,2006-09-01,2019-03-01,2020-03-01,532.87,2145,967.03,,2145,2024-03-01,,0/0,consolidated,87
2020-04-01,N22000101,394,KISHANGANJ JALALGARH NL NEFR,RAILWAYS,NFR,BIHAR,2008-04-01,2022-03-01,2022-03-01,333.76,360,6.74,,,,0,0/0,consolidated,87
2020-04-01,N22000166,395,ARA-BHABHUA ROAD (NL),RAILWAYS,ECR,BIHAR,2008-04-01,,,633.87,633.87,0.4,,,,,0/0,consolidated,87
2020-04-01,N22000167,396,NAWADA-LAXMIPUR (NL),RAILWAYS,ECR,BIHAR,2008-04-01,,,620.57,620.57,0.31,,,,,0/0,consolidated,87
2020-04-01,N22000168,397,GAYA-DALTONGANJ VIA RAFIGANJ (NL),RAILWAYS,ECR,BIHAR,2008-04-01,,,445.25,445.25,1.15,,,,,0/0,consolidated,87
2020-04-01,N22000170,398,BIHTA-AURANGABAD (NL),RAILWAYS,ECR,BIHAR,2008-04-01,,2024-03-01,326.2,2995.01,1.94,,,,,0/0,consolidated,87
2020-04-01,N22000171,399,SAKRI-HASANPUR ROAD (NL),RAILWAYS,ECR,BIHAR,1999-04-01,,2021-03-01,325,735.2,367.7,,735.2,,,0/0,consolidated,87
2020-04-01,N22000172,400,CHHAPRA-MUZAFFARPUR (NL),RAILWAYS,ECR,BIHAR,2006-04-01,,2022-03-01,378.56,1858.75,378.26,,,,,0/0,consolidated,87
2020-04-01,N22000173,401,DARBANGHA-KUSHESHWARSTHAN (NL),RAILWAYS,ECR,BIHAR,2005-04-01,,,205,205,5.21,,,,,0/0,consolidated,87
2020-04-01,N22000174,402,MOTIHARI-SITAMARHI (NL),RAILWAYS,ECR,BIHAR,2006-04-01,,,211,1006,24.16,,,,,0/0,consolidated,87
2020-04-01,N22000175,403,SITAMARHI-JAYNAGAR-NIRMALI VIA SURSAND (NL),RAILWAYS,ECR,BIHAR,2008-04-01,,,678.62,678.62,17.2,,,,,0/0,consolidated,87
2020-04-01,N22000176,404,MUZAFFARPUR-KATRA-ORAI-JANAKPUR ROAD (NL),RAILWAYS,ECR,BIHAR,2008-04-01,,2024-03-01,228.05,228.05,1.53,,,,,0/0,consolidated,87
2020-04-01,N22000177,405,ARARIA-SUPAUL (NL),RAILWAYS,ECR,BIHAR,2008-04-01,2023-03-01,2023-03-01,1605.17,1605.17,23.55,,1605.17,,0,0/0,consolidated,87
2020-04-01,N22000178,406,KURSELA-BIHARIGANJ (NL),RAILWAYS,ECR,BIHAR,2008-04-01,,,192.56,192.56,0.39,,,,,0/0,consolidated,87
2020-04-01,N22000179,407,MUZAFFARPUR-DARBANGHA (NL),RAILWAYS,ECR,BIHAR,2008-04-01,,,281.3,281.3,0.6,,,,,0/0,consolidated,87
2020-04-01,N22000180,408,SAKRI-NIRMALI AND JHANJHARPUR- LAUKAHABAZAR AND SAHARSA-FORBESGANJ (GC),RAILWAYS,ECR,BIHAR,2004-04-01,,2021-03-01,372.14,1470.5,917.32,,1470.5,,,0/0,consolidated,87
2020-04-01,N22000181,409,JAYNAGAR-BIJALPURA INCLUDING EXTENSION BIJALPURA-BARDIBAS(NEPAL) GC,RAILWAYS,ECR,BIHAR,2009-04-01,2020-03-01,2022-03-01,548,819.01,532.89,,819.01,,24(O),0/0,consolidated,87
2020-04-01,N22000182,410,HAJIPUR-RAMDAYALUNAGAR DOUBLING,RAILWAYS,ECR,BIHAR,2013-04-01,,2020-01-01,213.01,440,441.93,,367.17,,,0/1,consolidated,87
2020-04-01,N22000329,411,SAMASTIPUR-DARBANGHA,RAILWAYS,ECR,BIHAR,2015-05-01,,2023-02-01,380,519.33,236.39,,519.33,,,0/0,consolidated,87
2020-04-01,N22000349,412,KIUL - GAYA DOUBLING PROJECT,RAILWAYS,ECR,BIHAR,2015-12-01,2020-03-01,2021-10-01,1200.2,1200.2,674.24,,1200.2,,19(O),0/1,consolidated,88
2020-04-01,N22000350,413,RAMPUR DUMRA - TAL - RAJENDRAPUL DOUBLING INCLUDING GANGA BRIDGE,RAILWAYS,ECR,BIHAR,2015-12-01,2020-03-01,2021-12-01,1491.47,1491.47,454.95,,,,21(O),1/1,consolidated,88
2020-04-01,N22000374,414,MUZAFFARPUR-SITAMARHI NEW LINE,RAILWAYS,ECR,BIHAR,1991-01-01,2014-07-01,,332.15,546.71,541.43,,546.71,,,0/0,consolidated,88
2020-04-01,N22000472,415,SAGAULI VALMIKINAGAR DOUBLING 109.7 KM,RAILWAYS,ECR,BIHAR,2016-04-01,2021-03-01,2022-03-01,744.04,1215.54,185.51,,1215.54,,12(O),0/0,consolidated,88
2020-04-01,N22000473,416,MUZAFFARPUR SAGAULI DOUBLING 100.60 KM,RAILWAYS,ECR,BIHAR,2016-04-01,2021-03-01,2022-03-01,731.64,1185.73,84.75,,1185.73,,12(O),0/0,consolidated,88
2020-04-01,N22000475,417,RAJGIR HISUA TILAIYA (46KM) INCL. MM NATESHWAR ISLAMPUR,RAILWAYS,ECR,BIHAR,1998-04-01,,2019-10-01,180.82,726.31,537.6,,726.31,,,0/0,consolidated,88
2020-04-01,N22000476,418,FATUHA-ISLAMPUR INCL. MM FOR EXTENSION OF NEW LINE FORM BIHARSHARIF-BARBIGHA DANIYAWAN-BIHARSHARIF,RAILWAYS,ECR,BIHAR,1991-04-01,,2021-12-01,329.39,1483.14,1105.88,,803.11,,,0/0,consolidated,88
2020-04-01,N22000318,419,KIRANDUL - JAGDALPUR DOUBLING,RAILWAYS,ECOR,CHHATISGARH,2012-12-01,2020-03-01,2023-03-01,1160,1160.83,817.11,,1160.83,2023-03-01,36(O),1/1,consolidated,88
2020-04-01,N22000411,420,RAIPUR - TITLAGARH - DOUBLING,RAILWAYS,RVNL,CHHATISGARH,2007-03-01,2020-03-01,2020-12-01,1402.02,1100,1122.87,,,,9(O),0/0,consolidated,88
2020-04-01,N22000425,421,MULTI MODAL LOGISTICS PARK AT NAYA RAIPUR,RAILWAYS,CCOI,CHHATISGARH,2014-05-01,2018-03-01,,207,207,153.83,,,,,0/0,consolidated,88
2020-04-01,N22000483,422,CHAMPA-JHARSUGUDA 3RD LINE,RAILWAYS,SECR,CHHATISGARH,2008-04-01,2019-12-01,,872,1226.51,1066.54,,,,,0/0,consolidated,88
2020-04-01,N22000484,423,JHARSUGUDA-BILASPUR 4TH LINE,RAILWAYS,SECR,CHHATISGARH,2015-04-01,2021-03-01,2023-03-01,1973,1973.64,185.98,,,,24(O),0/1,consolidated,88
2020-04-01,N22000488,424,GEVRA ROAD PENDRA ROAD,RAILWAYS,IRCON,CHHATISGARH,2014-02-01,2022-03-01,2022-12-01,2288,4970.11,647.53,,,,9(O),0/1,consolidated,88
2020-04-01,N22000489,425,KHARSIA DHARAMJAIGARH WITH SPUR LINE EAST CORRIDOR-PHASE I,RAILWAYS,IRCON,CHHATISGARH,2013-04-01,2018-09-01,2021-03-01,3055,3055.15,2200.48,,,,30(O),0/1,consolidated,88
2020-04-01,N22000498,426,CONSTRUCTION OF 3RD LINE BETWEEN PENDRA ROAD AND ANUPPUR (50.1 KM) IN BILASPUR DIVISION OF SEC RAILW,RAILWAYS,RITES,CHHATISGARH,2016-02-01,2020-03-01,,393.98,393.98,290.45,,,,,0/2,consolidated,88
2020-04-01,N22000269,427,GRADE SEPERATOR AT DAYABASTI,RAILWAYS,NR,DELHI,1999-04-01,2024-03-01,2024-03-01,156.65,359,56.22,,,,0,0/0,consolidated,88
2020-04-01,N22000281,428,ANAND VIHAR-TILAK BRIDGE 3RD AND 4TH LINE,RAILWAYS,NR,DELHI,2012-04-01,,2023-03-01,295.68,419,155.09,,,,,0/0,consolidated,88
2020-04-01,N22000121,429,AHMEDABAD-HIMMATNAGAR-UDAIPUR (WR),RAILWAYS,WR,GUJARAT,2008-04-01,2020-03-01,2021-03-01,829.74,1310.23,1567.77,,,,12(O),0/0,consolidated,88
2020-04-01,N22000123,430,BHUJ-NALIYA(GC) WITH EXTENSION FROM NALIYA TO VAYOR (WR),RAILWAYS,WR,GUJARAT,2008-04-01,2012-03-01,2022-03-01,318.24,321.62,125.76,,,,120(O),0/0,consolidated,88
2020-04-01,N22000125,431,BHAVNAGAR-WORKSHOP FACILITIES FOR 50 BG COACHES POH PER MONTH (WR),RAILWAYS,WR,GUJARAT,2006-04-01,2011-03-01,,117.36,202.35,809.4,,196.95,,,0/0,consolidated,88
2020-04-01,N22000140,432,AHMEDABAD-BOTAD (GC),RAILWAYS,RVNL,GUJARAT,2012-04-01,2021-12-01,2021-12-01,975.62,1082.32,1202.24,,,,0(O),0/0,consolidated,88
2020-04-01,N22000141,433,DHASA-JETALSAR (GC),RAILWAYS,RVNL,GUJARAT,2012-04-01,2021-03-01,2021-03-01,644.38,644.38,507.11,,,,0(O),0/0,consolidated,88
2020-04-01,N22000142,434,MIYAGAM-KARJAN-DABHOI-SAMLAYA (GC),RAILWAYS,WR,GUJARAT,2011-04-01,,2021-03-01,844.1,844.1,111.71,,21,,,0/0,consolidated,88
2020-04-01,N22000143,435,RAJKOT-VERAVAL WANSJALIA TO JATALSAR WITH NEW MM FOR SHAPUR-SARADIYA AND SOMNATH- KODINAR (GC),RAILWAYS,WR,GUJARAT,1994-04-01,2019-03-01,2022-03-01,320.66,858.96,534,,,,36(O),0/0,consolidated,89
2020-04-01,N22000144,436,PALANPUR-SAMAKHAYALI (DL),RAILWAYS,RVNL,GUJARAT,2013-04-01,2021-12-01,2022-03-01,1548.66,1548.66,1421.83,,,,3(O),0/0,consolidated,89
2020-04-01,N22000145,437,VIRAMGAM-SAMAKHIALI (DL),RAILWAYS,WR,GUJARAT,2011-04-01,2021-03-01,2022-03-01,1037.15,1037.15,1046.13,,,,12(O),0/0,consolidated,89
2020-04-01,N22000392,438,SURENDRA NAGAR RAJKOT,RAILWAYS,WR,GUJARAT,2015-04-01,2021-03-01,2021-03-01,1002.39,1002.39,485.48,,,,0(O),0/0,consolidated,89
2020-04-01,N22000428,439,MULTI MODAL LOGISTICS PARK AT VARNAMA,RAILWAYS,CCOI,GUJARAT,2013-10-01,2019-03-01,,343,343,222.83,,,,,0/0,consolidated,89
2020-04-01,N22000433,440,GANDHINAGAR REDEVELOPMENT OF STATION ALOGWITH CONSTRUCTION OF 300 ROOMS HOTEL ON AIR SPACE OF STATIO,RAILWAYS,WR,GUJARAT,2017-03-01,,,243.6,243.6,0,,,,,0/0,consolidated,89
2020-04-01,N22000436,441,VIRAR SURAT ROAD OVER BRIDGE IN LIEU OF LEVEL CROSSING NOS 60 64 66 68 69 71 74 75 77 81 AND 82 ALON,RAILWAYS,WR,GUJARAT,2012-03-01,,,248.26,248.26,0,,,,,0/0,consolidated,89
2020-04-01,N22000437,442,PALANPUR KHODIYAR ROAD OVER BRIDGE IN LIEU OF LEVEL CROSSING NOS 208 211C 214 AND 220,RAILWAYS,WR,GUJARAT,2012-03-01,,,153.83,153.83,0,,,,,0/0,consolidated,89
2020-04-01,N22000487,443,BHILDI-VIRAMGAM GAUGE CONVERSION INCLUDING GC OF MAHESANA-TARANGA HILL AS MATERIAL MODIFICATION,RAILWAYS,WR,GUJARAT,1991-02-01,2019-03-01,2020-03-01,551.51,809.07,663.12,,,,,0/0,consolidated,89
2020-04-01,N22000494,444,DABHOI-CHANDOD (17.07KM) -GC WITH EXTENSION UPTO KEVADIYA(32.68KM) =49.75KM,RAILWAYS,WR,GUJARAT,2017-04-01,2020-03-01,2021-03-01,691.84,663.29,227.52,,,,12(O),0/0,consolidated,89
2020-04-01,N22000272,445,ROHTAK-MEHAM HANSI,RAILWAYS,NR,HARYANA,2012-04-01,2011-12-01,2021-03-01,287,750,418.27,,695,,111(O),0/0,consolidated,89
2020-04-01,N22000426,446,MULTI MODAL LOGISTICS PARK AT BARHI,RAILWAYS,CCOI,HARYANA,2015-12-01,2019-03-01,2020-03-01,346.32,346.32,308,,,,,0/0,consolidated,89
2020-04-01,N22000273,447,BHANUPALI-BILASPUR BERI NL,RAILWAYS,RVNL,HIMACHAL PRADESH,2008-04-01,2026-12-01,2025-12-01,2966.99,7000,472.83,,,,-12(O),0/0,consolidated,89
2020-04-01,220100133,448,UDHAMPUR-SRINAGAR-BARAMULLA (NL) NR,RAILWAYS,NR,JAMMU AND KASHMIR,1995-03-01,2002-11-01,2022-06-01,2500,27949,21098.27,,27949,,235(O),0/0,consolidated,89
2020-04-01,220100222,449,KODERMA-RANCHI VIA BARKAKANA (NL) ECR,RAILWAYS,ECR,JHARKHAND,1999-03-01,,2021-03-01,1033.07,3376,3397.51,,3020.95,,,0/0,consolidated,89
2020-04-01,220100305,450,KODERMA-TILAIYA (NL) ECR,RAILWAYS,ECR,JHARKHAND,2002-04-01,,2021-03-01,459.91,1625.87,589.58,,1625.87,,,0/0,consolidated,89
2020-04-01,N22000165,451,MANOHARPUR-BONDAMUNDA 3RD LINE DOUBLING,RAILWAYS,SER,JHARKHAND,2012-04-01,2018-12-01,2021-06-01,258.2,358.68,280.25,,,,30(O),0/0,consolidated,89
2020-04-01,N22000323,452,RAJKHARSWAN- CHAKRADHARPUR 3RD LINE (20 KM) JHARKHAND,RAILWAYS,SER,JHARKHAND,2012-04-01,2016-12-01,2020-06-01,148.77,377,184.85,,,,42(O),0/0,consolidated,89
2020-04-01,N22000396,453,BONDAMUNDA RANCHI DOUBLING,RAILWAYS,SER,JHARKHAND,2016-03-01,2021-03-01,2022-04-01,1724.2,1993.24,487.78,,,,13(O),0/0,consolidated,89
2020-04-01,N22000465,454,GARHWA ROAD-RAMNA,RAILWAYS,ECR,JHARKHAND,2015-03-01,2021-03-01,2020-12-01,348.23,348.23,243.78,,,,-3(O),0/0,consolidated,89
2020-04-01,220100193,455,HUBLI-ANKOLA(NL) SWR,RAILWAYS,SWR,KARNATAKA,1997-04-01,,2024-12-01,2315,3911.65,151.4,,,,,0/0,consolidated,89
2020-04-01,220100274,456,BANGLORE - SATYAMANGALAM (NL)(SWR),RAILWAYS,SWR,KARNATAKA,1996-04-01,2002-03-01,2024-03-01,1382.78,1382.78,7.35,,1382.78,,264(O),0/0,consolidated,89
2020-04-01,N22000256,457,TUMKUR-CHITRADURGA-DAVENGERE NL,RAILWAYS,SWR,KARNATAKA,2011-04-01,,2023-12-01,1801.01,1801.01,61.06,,,,,0/0,consolidated,90
2020-04-01,N22000258,458,BAGALKOT-KUDACHI NL,RAILWAYS,SWR,KARNATAKA,2010-04-01,2016-03-01,2023-12-01,986.3,986.3,303.87,,,,93(O),1/1,consolidated,90
2020-04-01,N22000276,459,CHIKBALLA-PUR-PUTTTAPARTHY-SRI SATYA SAI NILAYAM NL,RAILWAYS,SWR,KARNATAKA,2013-04-01,,2023-12-01,558,692.43,0,,,,,0/0,consolidated,90
2020-04-01,N22000278,460,SHIMOGA-HARIHAR NL,RAILWAYS,SWR,KARNATAKA,2011-04-01,2016-03-01,2024-03-01,832.47,832.47,0.94,,,,96(O),0/0,consolidated,90
2020-04-01,N22000280,461,WHITE FIELD-KOLAR NL,RAILWAYS,SWR,KARNATAKA,2011-04-01,,2023-12-01,348.85,348.85,0.36,,,,,0/0,consolidated,90
2020-04-01,N22000297,462,HOSPET-HUBLI-LONDA-VASCODAGAMA DL,RAILWAYS,RVNL,KARNATAKA,2010-04-01,2023-03-01,2024-03-01,2127,2900,1815.11,,,,12(O),0/1,consolidated,90
2020-04-01,N22000298,463,TORANAGALLU-RANJITPURA DL,RAILWAYS,SWR,KARNATAKA,2011-04-01,,2023-12-01,146.75,167.5,0.34,,,,,0/0,consolidated,90
2020-04-01,N22000299,464,GADAG-WADI NL,RAILWAYS,SWR,KARNATAKA,2013-04-01,2018-12-01,2024-12-01,2841.84,2841.84,213.89,,,,72(O),0/0,consolidated,90
2020-04-01,N22000300,465,CHIKBALLA-PUR-GOWRIBIDANUR NL,RAILWAYS,SWR,KARNATAKA,2013-04-01,,2023-12-01,327.25,367.77,0,,,,,0/0,consolidated,90
2020-04-01,N22000308,466,MARIKUPPAM - KUPPAM,RAILWAYS,SWR,KARNATAKA,2012-04-01,2016-03-01,2023-12-01,279.54,279.54,31.05,,,,93(O),0/0,consolidated,90
2020-04-01,N22000325,467,HUBLI- CHIKJAJUR,RAILWAYS,SWR,KARNATAKA,2015-03-01,2020-03-01,2021-03-01,1156.94,1140.94,961.84,,,,12(O),1/5,consolidated,90
2020-04-01,N22000332,468,ARSIKERE-TUMKUR,RAILWAYS,SWR,KARNATAKA,2015-03-01,2020-03-01,2021-01-01,578,578,574.63,,,2021-01-01,10(O),1/2,consolidated,90
2020-04-01,N22000486,469,KADUR CHIKMAGALUR SAKLESHPUR NEW LINE (93 KM),RAILWAYS,SWR,KARNATAKA,1996-03-01,2017-03-01,2020-03-01,644.78,890,461.86,,,,,0/0,consolidated,90
2020-04-01,220100252,470,ANGAMALI-SABARIMALA (N.L.)(SR),RAILWAYS,SR,KERALA,1998-10-01,,,1566,2815.62,264.28,,,,,0/0,consolidated,90
2020-04-01,N22000191,471,KUMBALAM-TURAVUR,RAILWAYS,SR,KERALA,2011-04-01,,,252.96,252.96,8.5,,,,,0/0,consolidated,90
2020-04-01,N22000204,472,ERNAKULAM-KUMBALAM,RAILWAYS,SR,KERALA,2010-04-01,,,189.24,189.24,6.72,,,,,0/0,consolidated,90
2020-04-01,N22000399,473,TRIVANDRUM-KANYAKUMARI DOUBLING,RAILWAYS,SR,KERALA,2015-02-01,,,1431.9,1431.9,75,,,,,0/0,consolidated,90
2020-04-01,N22000400,474,TURAVUR-AMBALAPUZHA DOUBLING,RAILWAYS,SR,KERALA,2015-02-01,,,1000,828.5,0.08,,,,,0/0,consolidated,90
2020-04-01,N22000443,475,PALAKKAD - SETTING UP OF RAIL COACH FACTORY,RAILWAYS,SR,KERALA,2012-02-01,2016-03-01,,550,550,0,,,,,0/0,consolidated,90
2020-04-01,220100314,476,RAMGANJMUNDI-BHOPAL (NL) WCR,RAILWAYS,WCR,MADHYA PRADESH,2001-04-01,2021-03-01,2023-03-01,424.6,2909.99,1975.34,,,,24(O),0/14,consolidated,90
2020-04-01,220100324,477,CHHINDWARA - NAGPUR (GC)(SECR),RAILWAYS,SECR,MADHYA PRADESH,2005-04-01,,,383.79,1413.76,1351.73,,,,,0/0,consolidated,90
2020-04-01,N22000120,478,RATLAM-MHOW-KHANDWA-AKOLA (GC),RAILWAYS,WR,MADHYA PRADESH,2008-04-01,2022-03-01,2023-03-01,3503.69,3975.22,1809.98,,,,12(O),0/0,consolidated,90
2020-04-01,N22000351,479,KATNI - SINGRAULI DOUBLING PROJECT,RAILWAYS,WCR,MADHYA PRADESH,2015-12-01,2020-03-01,2023-03-01,1763.93,1762.94,867.52,,,,36(O),1/1,consolidated,90
2020-04-01,N22000414,480,BINA - KOTA DOUBLING WITH RE,RAILWAYS,RVNL,MADHYA PRADESH,2011-04-01,2020-12-01,2021-03-01,1485.85,1485.85,1196.74,,,,3(O),0/0,consolidated,90
2020-04-01,N22000415,481,KATNI-BINA 3RD LINE (263 KM),RAILWAYS,WCR,MADHYA PRADESH,2016-06-01,2022-03-01,2023-03-01,2478.23,2478.23,477.93,,,,12(O),0/10,consolidated,90
2020-04-01,N22000416,482,KATNI GRADE SEPARATOR/BYE PASS,RAILWAYS,WCR,MADHYA PRADESH,2016-08-01,2022-03-01,2022-09-01,582.13,1247.64,228.36,,23,,6(O),1/1,consolidated,90
2020-04-01,N22000427,483,MULTI MODAL LOGISTICS PARK AT TIHI,RAILWAYS,CCOI,MADHYA PRADESH,2015-12-01,2019-03-01,2020-02-01,174,174,172.08,,,,,0/0,consolidated,91
2020-04-01,N22000438,484,CHHINDWARA NAINPUR MANDLA FORT GAUGE CONVERSION PROJECT,RAILWAYS,SECR,MADHYA PRADESH,2010-04-01,2019-02-01,2020-12-01,585.93,1268.32,687.95,,,,22(O),0/1,consolidated,91
2020-04-01,N22000485,485,ANUPPUR-KATNI,RAILWAYS,SECR,MADHYA PRADESH,2015-04-01,2021-12-01,2023-03-01,1370,1370.94,332.76,,,,15(O),0/0,consolidated,91
2020-04-01,N22000493,486,INDORE-DEWAS-UJJAIN (80 KMS),RAILWAYS,WR,MADHYA PRADESH,2016-04-01,2020-06-01,2021-06-01,700,603.69,166.81,,,,12(O),0/0,consolidated,91
2020-04-01,220100164,487,BELAPUR-SEAWOOD-URAN ELECTRIFIED DOUBLE LINE(MTP),RAILWAYS,MRTP,MAHARASHTRA,1996-03-01,2004-03-01,2022-03-01,495.44,2980.41,1507.12,,1781.98,,216(O),0/0,consolidated,91
2020-04-01,220100181,488,AHMEDNAGAR-PARLI VAIJNATH(NL) CR,RAILWAYS,CR,MAHARASHTRA,1997-02-01,2021-03-01,2023-03-01,2271.5,4517.49,2560.96,,,,24(O),0/0,consolidated,91
2020-04-01,N22000092,489,MUMBAI URBAN TRANSPORT PROJECT PHASE-II,RAILWAYS,MRTP,MAHARASHTRA,2008-04-01,2014-03-01,2021-03-01,5300,918.53,284.75,,,,84(O),0/0,consolidated,91
2020-04-01,N22000214,490,RUNNING OF 12 CAR TRAINS ON HARBOUR LINE,RAILWAYS,MRTP,MAHARASHTRA,2012-04-01,2016-04-01,,714.1,714.1,65.2,,,,,0/0,consolidated,91
2020-04-01,N22000231,491,WARDHA-NANDED MAHARASHTRA,RAILWAYS,CR,MAHARASHTRA,2008-04-01,2023-03-01,2023-03-01,3168.29,3168.29,1308.2,,,,0(O),0/0,consolidated,91
2020-04-01,N22000233,492,KALYAN-KASARA 3RD LINE,RAILWAYS,CR,MAHARASHTRA,2011-04-01,2021-03-01,2023-03-01,792.89,1377.48,320.83,,,,24(O),0/0,consolidated,91
2020-04-01,N22000247,493,3RD LINE BETWEEN BHUSAWAL-JALGAON,RAILWAYS,CR,MAHARASHTRA,2011-04-01,2019-03-01,2020-03-01,184.06,312,302.94,,199.12,2020-03-01,,0/0,consolidated,91
2020-04-01,N22000250,494,WARDHA-SEWAGRAM NGP 3RD LINE,RAILWAYS,CR,MAHARASHTRA,2012-04-01,2022-03-01,2024-03-01,540.02,540.02,284.1,,,,24(O),0/0,consolidated,91
2020-04-01,N22000353,495,INDORE - MANMAD VIA MALEGAON (368 KM),RAILWAYS,CR,MAHARASHTRA,2016-02-01,2024-03-01,2024-03-01,9968,9968,0,,,,0(O),0/0,consolidated,91
2020-04-01,N22000354,496,PUNE-NASIK (265 KM),RAILWAYS,CR,MAHARASHTRA,2016-02-01,2024-03-01,2024-03-01,2425,5341.68,0,,,,0(O),0/0,consolidated,91
2020-04-01,N22000355,497,VAIBHAVWADI -KOLHAPUR (107 KM),RAILWAYS,CR,MAHARASHTRA,2016-02-01,2024-03-01,,2750,3438.51,0,,,,,0/0,consolidated,91
2020-04-01,N22000356,498,WARDHA-BALHARSHAH - 3RD LINE (132 KM),RAILWAYS,CR,MAHARASHTRA,2015-02-01,2022-03-01,2023-03-01,1272.19,1272.19,377.6,,,,12(O),0/0,consolidated,91
2020-04-01,N22000358,499,ITARSI-NAGPUR (BAL.) - 3RD LINE (267 KM),RAILWAYS,CR,MAHARASHTRA,2015-02-01,2023-03-01,2023-03-01,2449.91,2449.91,237.62,,,,0(O),0/0,consolidated,91
2020-04-01,N22000359,500,PUNE-MIRAJ-LONDA (467 KM),RAILWAYS,CR,MAHARASHTRA,2015-02-01,2024-03-01,2023-03-01,3627.47,3627.47,997.06,,3627,,-12(O),0/0,consolidated,91
2020-04-01,N22000360,501,DAUND - MANMAD (236 KM),RAILWAYS,CR,MAHARASHTRA,2016-02-01,2023-03-01,2023-03-01,1876,2081.27,366.49,,,,0(O),0/0,consolidated,91
2020-04-01,N22000361,502,MANMAD - JALGAON - 3RD LINE (160 KM),RAILWAYS,CR,MAHARASHTRA,2016-02-01,2022-03-01,2024-03-01,1035.16,1035.16,187.05,,,,24(O),0/0,consolidated,91
2020-04-01,N22000362,503,WARDHA - NAGPUR - 4TH LINE (76 KM),RAILWAYS,CR,MAHARASHTRA,2016-02-01,2023-03-01,2024-03-01,637.95,637.95,137.34,,,,12(O),0/0,consolidated,91
2020-04-01,N22000407,504,DAUND-GULBARGA - DOUBLING (224.9 KM) AND PUNE-GUNTAKAL -ELECTRIFICATION (641.37 KM),RAILWAYS,RVNL,MAHARASHTRA,2009-03-01,2020-03-01,2021-03-01,713.48,2300,2131.56,,,,12(O),0/0,consolidated,91
2020-04-01,N22000408,505,DIGHI PORT NEW LINE,RAILWAYS,RVNL,MAHARASHTRA,2015-04-01,2025-12-01,2025-03-01,723.78,723.78,0.19,,,,-9(O),0/0,consolidated,91
2020-04-01,N22000420,506,RAJNANDGAON - NAGPUR - 3RD LINE (SECR),RAILWAYS,SECR,MAHARASHTRA,2016-09-01,2023-03-01,2023-03-01,1908.51,2686.63,540.55,,,,0(O),0/1,consolidated,91
2020-04-01,N22000422,507,MULTI MODAL LOGISTICS TRANSPORT AT MIHAN,RAILWAYS,CCOI,MAHARASHTRA,2013-10-01,2019-03-01,2019-12-01,305,305,265.54,,24,,,0/0,consolidated,91
2020-04-01,N22000434,508,MUMBAI CENTRAL VIRAR VADODARA AHMEDABAAD TRAIN PROTECTION SYSTEM 500 RKM,RAILWAYS,WR,MAHARASHTRA,2010-03-01,,,265.88,265.88,0,,,,,0/0,consolidated,92
2020-04-01,N22000435,509,VIRAR SURAT ROAD OVER BRIDGE IN LIEU OF LEVEL CROSSING NOS 42 46A 48 52 55 102 106 108 130 AND 137 A,RAILWAYS,WR,MAHARASHTRA,2012-03-01,,,217.38,217.38,0,,,,,0/0,consolidated,92
2020-04-01,N22000480,510,WADSA-GADHCHIROLI NEW LINE (52.36 KM),RAILWAYS,SECR,MAHARASHTRA,2018-06-01,2021-12-01,2023-03-01,229,852.5,39.69,,,,15(O),0/1,consolidated,92
2020-04-01,220100288,511,JIRIBAM TO IMPHAL (TUPUI)(NL)(NEFR),RAILWAYS,NFR,MANIPUR,2003-04-01,2011-03-01,2022-03-01,4454.17,12264,10186.16,,13809,,132(O),0/0,consolidated,92
2020-04-01,N22000205,512,NEW BG LINE FROM BYRNIHAT TO SHILLONG,RAILWAYS,NFR,MEGHALAYA,2010-04-01,2021-03-01,2021-03-01,906.46,6000.6,263.67,,,,0(O),0/0,consolidated,92
2020-04-01,N22000100,513,BHAIRABI SAIRONG NL NEFR,RAILWAYS,NFR,MIZORAM,2008-04-01,2014-03-01,2022-03-01,2393.47,5021.45,3615.63,,4968,2022-12-01,96(O),0/0,consolidated,92
2020-04-01,220100186,514,GONDIA-JABALPUR(GC) (SECR),RAILWAYS,SECR,MULTI STATE,1997-02-01,2020-04-01,2021-01-01,511.86,1756,1679.29,,,,9(O),0/1,consolidated,92
2020-04-01,220100188,515,NANGALDAM-TALWARA(NL) NR,RAILWAYS,NR,MULTI STATE,1981-03-01,2012-07-01,2024-03-01,450,2200,672.13,,2010,,140(O),0/0,consolidated,92
2020-04-01,220100205,516,MUNEERABAD-MAHABOOBNAGAR(NL) SCR,RAILWAYS,SCR,MULTI STATE,1997-04-01,2000-03-01,2021-03-01,1723,3472.59,970.69,,1,,252(O),0/0,consolidated,92
2020-04-01,220100232,517,LALITPUR-SATNA-REWA-SINGRULI NL (NCR),RAILWAYS,WCR,MULTI STATE,1998-09-01,2008-05-01,2025-03-01,247.66,8248.5,2053.4,,,,202(O),0/9,consolidated,92
2020-04-01,220100266,518,NEW MAYNAGURI TO JOGIGHOPA VIA CHANGRABANDHA (NL) NEFR,RAILWAYS,NFR,MULTI STATE,2000-04-01,2008-12-01,2021-03-01,1180.19,4100,3470.29,,4541,,147(O),0/0,consolidated,92
2020-04-01,220100273,519,DEOGHAR - SULTANGANJ (INL) ER,RAILWAYS,ER,MULTI STATE,2000-04-01,2013-02-01,2024-03-01,607.09,1425.44,637.56,,,,133(O),0/0,consolidated,92
2020-04-01,220100319,520,HATHUA-BHATNI (N L) (NER),RAILWAYS,NER,MULTI STATE,2005-04-01,2022-12-01,2022-12-01,230.03,230.03,277.14,,,,0(O),0/0,consolidated,92
2020-04-01,N22000131,521,CHHITAUNI TAMKUHI ROAD KUSHINAGAR GOPALGANJ UP,RAILWAYS,NER,MULTI STATE,2007-03-01,2021-12-01,2021-12-01,243.78,895,106.55,,,,0(O),0/0,consolidated,92
2020-04-01,N22000134,522,CHHAPRA-BALLIA UP,RAILWAYS,NER,MULTI STATE,2013-03-01,2019-01-01,2020-01-01,295,477.31,392.44,,,,,0/0,consolidated,92
2020-04-01,N22000138,523,CHOTTAUDEPUR-DHAR(NL),RAILWAYS,WR,MULTI STATE,2007-04-01,2022-03-01,2022-03-01,1347.26,1347.26,757.99,,,,0(O),0/0,consolidated,92
2020-04-01,N22000139,524,DAHOD-INDORE VIA SARDARPUR JHABUA AND DHAR (NL),RAILWAYS,WR,MULTI STATE,2007-04-01,2022-03-01,2023-03-01,1640.04,1640.04,768.28,,,,12(O),0/0,consolidated,92
2020-04-01,N22000147,525,RATLAM-DUNGARPUR VIA BANSWARA (NL),RAILWAYS,NWR,MULTI STATE,2011-04-01,,,2082.75,4262.36,185.91,,,,,0/1,consolidated,92
2020-04-01,N22000148,526,GWALIOR-SEOPURKALA WITH EXTENSION TO KOTA (GC),RAILWAYS,NCR,MULTI STATE,2011-04-01,2022-03-01,2024-12-01,2912.96,3845.6,148.26,,,,33(O),0/3,consolidated,92
2020-04-01,N22000158,527,DHOLPUR-SIRMUTTRA WITH EXTENSION TO GANGAPURCITY AND MOHARI-TANTPUR AND TANPUR-BANSI PAHARPUR,RAILWAYS,NCR,MULTI STATE,2010-04-01,,,2030.5,2030.5,19.07,,,,,0/0,consolidated,92
2020-04-01,N22000160,528,DIGHA-JALESWAR INCLUDING MM FOR DIGHA-EGRA,RAILWAYS,SER,MULTI STATE,2010-04-01,2015-03-01,2025-03-01,651,1009,7.96,,,,120(O),0/0,consolidated,92
2020-04-01,N22000169,529,GAYA-CHATRA (NL),RAILWAYS,ECR,MULTI STATE,2008-04-01,,,415.67,549.75,15.55,,,,,0/0,consolidated,92
2020-04-01,N22000183,530,NEW BONGAIGAON-RANGIA-KAMAKGHYA DOUBLING,RAILWAYS,NFR,MULTI STATE,2013-04-01,2019-03-01,2023-03-01,1798,2042.51,4.14,,2496.67,,48(O),0/0,consolidated,92
2020-04-01,N22000185,531,CHENNAI-CUDDALORE VIA MAMALLAPURAM,RAILWAYS,SR,MULTI STATE,2008-04-01,,,523.52,2300,2.28,,,,,0/0,consolidated,93
2020-04-01,N22000190,532,KURUPPANTHARA-CHINGAVANAM,RAILWAYS,SR,MULTI STATE,2007-04-01,,,270.14,457.08,373.51,,,,,0/0,consolidated,93
2020-04-01,N22000206,533,NEW BG LINE FROM BALURGHAT TO HILLY NFR,RAILWAYS,NFR,MULTI STATE,2010-04-01,2020-03-01,2020-03-01,242.22,471,73.97,,,,,0/0,consolidated,93
2020-04-01,N22000207,534,NEW BG LINE FROM JAGBANI TO BIRATNAGAR,RAILWAYS,NFR,MULTI STATE,2010-04-01,,2021-06-01,241.52,373.87,273.2,,,,,0/0,consolidated,93
2020-04-01,N22000208,535,MURKONGSELEK-PASIGHAT NL,RAILWAYS,NFR,MULTI STATE,2011-04-01,2020-03-01,2020-03-01,414.84,661,141.54,,,,,0/0,consolidated,93
2020-04-01,N22000209,536,NEW JALPAIGURI SILIGURI NEW BONGAIGAON INCLUDING BR LINE AND MM CHALSA NAXAL RAJABHATKHOWA JAINTI,RAILWAYS,NFR,MULTI STATE,1999-04-01,,,819.23,1871,1082.01,,,,,0/0,consolidated,93
2020-04-01,N22000215,537,MADURAI-TUTICORIN VIA ARUPPUKKOTTAI,RAILWAYS,SR,MULTI STATE,2011-04-01,2019-03-01,2019-12-01,120.7,1800,187.92,,,,,0/0,consolidated,93
2020-04-01,N22000216,538,LAKSHMIKANTAPUR-NAMKHANA SUBSEQUENTLY MM FOR NAMKHANA-CHANDRANAGAR KAKDWIP- BUDAKHALI AND CHANDRANAG,RAILWAYS,ER,MULTI STATE,1987-04-01,2006-03-01,2025-03-01,406.99,545.7,148.49,,,,228(O),0/0,consolidated,93
2020-04-01,N22000217,539,SULTANGANJ-KATURIA VIA ASARGANJ TARAPUR AND BELHAR,RAILWAYS,ER,MULTI STATE,2007-04-01,,2025-03-01,450,1261.34,0,,,,,0/0,consolidated,93
2020-04-01,N22000218,540,HANSNABAD-HINGALGANJ NEW BG LINE,RAILWAYS,ER,MULTI STATE,2010-04-01,,2025-03-01,172.03,260.1,10.73,,,,,0/0,consolidated,93
2020-04-01,N22000219,541,PIRPAINTI-JASIDIH,RAILWAYS,ER,MULTI STATE,2013-04-01,2022-03-01,2025-03-01,915.98,2137.81,306.92,,,,36(O),0/0,consolidated,93
2020-04-01,N22000221,542,BANDEL-BOINCHI 3RD LINE,RAILWAYS,ER,MULTI STATE,2011-04-01,,2021-03-01,288.35,418.09,431.14,,,,,0/0,consolidated,93
2020-04-01,N22000222,543,PIRPAINTI-BHAGALPUR,RAILWAYS,ER,MULTI STATE,2011-04-01,,2019-05-01,261.38,502.26,503.08,,,,,0/0,consolidated,93
2020-04-01,N22000224,544,KALINARAYANPUR-KRISHNANAGAR DOUBLING ALONGWITH KRISHNANAGAR - CHAPRA NEW LINE AND NAIHATI-RANAGHAT 3,RAILWAYS,ER,MULTI STATE,2001-04-01,2016-03-01,2025-03-01,923.52,995.1,534.94,,,,108(O),0/0,consolidated,93
2020-04-01,N22000225,545,CHINPAI-SAINTHIA DOUBLING MM FOR PRANTI- SURI CHOWRIGACHA-SAINTHIA VIA KANDI NL,RAILWAYS,ER,MULTI STATE,2005-04-01,2017-03-01,2025-03-01,595.51,769.4,103.08,,,,96(O),0/0,consolidated,93
2020-04-01,N22000227,546,KALINARAYANPUR-SHANTIPUR DOUBLING WITH NEW MM FOR RANAGHAT-DUTTAPHULIA NEW LINE,RAILWAYS,ER,MULTI STATE,2010-04-01,,2025-03-01,174.56,174.56,71.42,,,,,0/0,consolidated,93
2020-04-01,N22000228,547,SONDALIA-CHAMPAPUKUR DOUBLING WITH NEW MM FOR BIRA-CHAKIA NL,RAILWAYS,ER,MULTI STATE,2010-04-01,2016-03-01,2025-03-01,277.28,266.32,175.63,,,,108(O),0/0,consolidated,93
2020-04-01,N22000229,548,DANKUNI-CHANDANPUR 4TH LINE 1ST PHASE OF DANKUNI-SHAKTIGARH 4TH LINE WITH MM BARUIPARA FURFURA NL,RAILWAYS,ER,MULTI STATE,2010-04-01,2017-03-01,2025-03-01,365.17,312.75,317.02,,,,96(O),0/0,consolidated,93
2020-04-01,N22000230,549,HOWRAH DIVISION- PLATFORM SHELTER (40 C CATEGORY STATIONS),RAILWAYS,ER,MULTI STATE,2010-04-01,2018-11-01,2021-03-01,157.94,157.94,51.75,,,,28(O),0/0,consolidated,93
2020-04-01,N22000234,550,BARIARPIUR-MANANPURVIA KHARAGPUER LACHIMPUR-BARAHAT,RAILWAYS,ER,MULTI STATE,2007-04-01,,2025-03-01,450.55,250.55,20.12,,,,,0/0,consolidated,93
2020-04-01,N22000235,551,TARAKESHWAR-MAGRA NEW BG LINE,RAILWAYS,ER,MULTI STATE,2010-04-01,,2025-03-01,365.17,527.54,1.76,,,,,0/0,consolidated,94
2020-04-01,N22000236,552,HANSDIHA-GODDA NL,RAILWAYS,ER,MULTI STATE,2011-04-01,2020-03-01,2021-03-01,542.18,693.8,480.11,,,,12(O),0/0,consolidated,94
2020-04-01,N22000238,553,BOINCHI-SHAKTIGARH 3RD LINE,RAILWAYS,ER,MULTI STATE,2011-04-01,,2021-03-01,175.8,265.36,268.16,,,,,0/0,consolidated,94
2020-04-01,N22000239,554,PRINCEPGHAT-MAJERHAT DOUBLING OF CIRCULAR RAILWAY,RAILWAYS,ER,MULTI STATE,2011-04-01,2017-03-01,2026-03-01,299.6,335.62,1.12,,,,108(O),0/0,consolidated,94
2020-04-01,N22000240,555,NEW ALIPUR TO AKRA MM FOR BUDGE BUDGE- PUJALI NL PUJALI-ULUBERIA(BIRSHIVPUR) AND PUJALI-BAHRAHAT NL,RAILWAYS,ER,MULTI STATE,2010-04-01,2005-03-01,2025-03-01,494.54,494.59,32,,,,240(O),0/0,consolidated,94
2020-04-01,N22000241,556,SONARPUR-CANNING WITH NEW MM FOR KALIKAPUR-MINAKHAN VIA GHATAKPUR NL,RAILWAYS,ER,MULTI STATE,2000-04-01,,2025-03-01,297.47,298.22,52.09,,,,,0/0,consolidated,94
2020-04-01,N22000242,557,CHANDPARA-BANGAON DOUBLING WITH EXENSION TO CHANDBAZAR AND NEW MM FOR BONGAON- PORAMAHESHTALA AND CHA,RAILWAYS,ER,MULTI STATE,2003-04-01,,2025-03-01,337.96,336.96,70.2,,,,,0/0,consolidated,94
2020-04-01,N22000243,558,MAGRAHAT-DIAMOND HARBOUR WITH MM SANGRAMPUR-KRISHANCHANDPUR AND DIAMOND HATBOUR - BAHRAHAT-KULPI NL,RAILWAYS,ER,MULTI STATE,2009-04-01,2012-02-01,2025-03-01,499.96,680.68,161.17,,,,157(O),0/0,consolidated,94
2020-04-01,N22000244,559,LILUAH-DANKUNI 3RD LINE MM FOR DANKUNI- JONGALPARA-FURFURA SHARIF NL,RAILWAYS,ER,MULTI STATE,2009-04-01,2014-03-01,2025-03-01,257.42,257.42,115.8,,,,132(O),0/0,consolidated,94
2020-04-01,N22000249,560,HOWRAH-DEVELOPMENT OF STATION INCLUDING SEGRAGATION OF AARIVAL/DEPARTURE AND OTHER AMENITIES,RAILWAYS,ER,MULTI STATE,2011-04-01,,2025-03-01,166.89,166.89,0.02,,,,,0/0,consolidated,94
2020-04-01,N22000261,561,KAZIPET-VIJAYAWADA 3RD LINE WITH ELECTRIFICATION,RAILWAYS,SCR,MULTI STATE,2012-04-01,2023-03-01,2024-03-01,1856.95,1952.68,333.15,,,,12(O),0/0,consolidated,94
2020-04-01,N22000264,562,BHADRACHALAM-KOVVUR,RAILWAYS,SCR,MULTI STATE,2012-04-01,,,923.23,2184.83,2.46,,,,,1/1,consolidated,94
2020-04-01,N22000274,563,DEOBAND (MUZAFFARNAGAR)- ROORKEE NL,RAILWAYS,NR,MULTI STATE,2007-04-01,,2023-03-01,336.91,791.39,528.89,,791.39,,,0/0,consolidated,94
2020-04-01,N22000277,564,SRINIVASA-PURA-MADANAPALLI NL,RAILWAYS,SWR,MULTI STATE,2013-04-01,,2023-12-01,296,466.65,0,,,,,0/0,consolidated,94
2020-04-01,N22000279,565,RAYADURGA-TUMKUR NL,RAILWAYS,RVNL,MULTI STATE,2007-04-01,,2025-03-01,2062.3,2062.3,982.54,,,,,2/2,consolidated,94
2020-04-01,N22000287,566,BHADRACHALAM ROAD-SATTUPALLI,RAILWAYS,SCR,MULTI STATE,2010-04-01,2020-03-01,,704.31,927.94,303.24,,,,,1/1,consolidated,94
2020-04-01,N22000288,567,KADAPA-BANGALORE (NL) KADAPA-PENDLIMARRI PH-I,RAILWAYS,SCR,MULTI STATE,2008-04-01,2014-03-01,2024-03-01,2132.77,2132.77,350.21,,,,120(O),1/1,consolidated,94
2020-04-01,N22000301,568,MONIGRAM- NIMTITA,RAILWAYS,ER,MULTI STATE,2012-04-01,,2024-03-01,250.93,310.7,301.13,,,,,0/0,consolidated,94
2020-04-01,N22000326,569,PHULERA - DIGANA DOUBLING,RAILWAYS,NWR,MULTI STATE,2015-05-01,2020-03-01,2022-04-01,600,780,111.31,,,,25(O),0/0,consolidated,94
2020-04-01,N22000328,570,YELAHANKA-PENUKONDA,RAILWAYS,SWR,MULTI STATE,2015-05-01,2020-03-01,2020-03-01,860.43,958,795.32,,,,,0/0,consolidated,94
2020-04-01,N22000333,571,HOTGI-KUDGI-GADAG,RAILWAYS,SWR,MULTI STATE,2015-03-01,2019-03-01,2021-03-01,1614.59,1870.41,1107.43,,,,24(O),0/0,consolidated,94
2020-04-01,N22000334,572,HAJIPUR - BACHAWARA,RAILWAYS,ECR,MULTI STATE,2015-05-01,2019-03-01,2021-02-01,678.54,678.54,606.06,,678.54,,23(O),0/38,consolidated,94
2020-04-01,N22000346,573,EASTERN DEDICATED FREIGHT CORRIDOR PROJECT,RAILWAYS,DFCC,"MULTI STATE, Central Sector Projects",2006-10-01,,,11589,28181,0,,30357,,,0/0,consolidated,95
2020-04-01,N22000367,574,KAZIPET-BALHRSHA,RAILWAYS,SCR,MULTI STATE,2015-04-01,2021-03-01,2023-03-01,2063.03,2063.03,880.17,,,,24(O),0/0,consolidated,95
2020-04-01,N22000370,575,GOOTY-DHARMAVARAM-BANGLORE,RAILWAYS,RITES,MULTI STATE,2015-04-01,,,636.38,636.38,0,,,,,0/0,consolidated,95
2020-04-01,N22000463,576,MUMBAI AHMEDABAD HIGH SPEED RAIL PROJECT,RAILWAYS,NHSRCL,MULTI STATE,2015-12-01,2023-12-01,2023-12-01,108000,108000,6708.69,,,,0(O),0/0,consolidated,95
2020-04-01,N22000464,577,WESTERN DEDICATED FREIGHT CORRIDOR,RAILWAYS,DFCC,MULTI STATE,2007-11-01,2020-03-01,,16592,51101,22485,,51101,,,0/0,consolidated,95
2020-04-01,N22000467,578,CHANDIGARH-BADDI,RAILWAYS,NR,MULTI STATE,2007-04-01,2023-03-01,2023-03-01,328.14,1540,239.8,,1540,,0(O),0/0,consolidated,95
2020-04-01,N22000492,579,JALANDHAR-PATHANKOT-JAMMU TAWI,RAILWAYS,NR,MULTI STATE,2002-03-01,2016-03-01,2021-03-01,625,859,850.25,,,,60(O),0/0,consolidated,95
2020-04-01,N22000124,580,NEW LINE FROM DIMAPUR TO ZUBZA(KOHIMA) NATIONAL PROJECT (NEFR),RAILWAYS,NFR,NAGALAND,2006-04-01,2015-03-01,2021-10-01,2326.52,6986.47,963.89,,5806.81,2022-12-01,79(O),0/0,consolidated,95
2020-04-01,N22000196,581,DIMAPUR-TIZIT NL,RAILWAYS,NFR,NAGALAND,2013-04-01,2020-03-01,,4274,4274,0,,,,,0/0,consolidated,95
2020-04-01,220100284,582,KHURDA ROAD-BOLANGIR(NL)ECOR,RAILWAYS,ECOR,ODISHA,1994-04-01,2009-03-01,2024-06-01,2923.13,3791.66,1329.63,,3791.66,,183(O),0/0,consolidated,95
2020-04-01,220100285,583,HARIDASPUR-PARADEEP(NL),RAILWAYS,RVNL,ODISHA,1996-04-01,2017-12-01,,1185.64,1844.47,1883.44,,,,,0/0,consolidated,95
2020-04-01,220100325,584,SUKINDA ROAD - ANGUL (NL)(ECOR),RAILWAYS,RVNL,ODISHA,1998-04-01,2015-02-01,2021-12-01,1202.7,1202.7,1008.33,,,,82(O),0/0,consolidated,95
2020-04-01,220100327,585,KHURDA ROAD - BARANG 3RD LINE (DL) (ECOR),RAILWAYS,RVNL,ODISHA,2000-04-01,2009-03-01,2020-06-01,133.41,396,388.21,,207,2009-03-01,135(O),1/1,consolidated,95
2020-04-01,220100328,586,TALCHER-BIMALAGARH(NL)(ECOR),RAILWAYS,ECOR,ODISHA,2005-04-01,2021-06-01,2025-03-01,810.78,1928.07,793.44,,198.07,2025-03-01,45(O),0/0,consolidated,95
2020-04-01,N22000162,587,CHAMPAJHARAN-BIMALGARH DOUBLING EXTENSION,RAILWAYS,SER,ODISHA,2010-04-01,2015-03-01,,149.9,230,54.46,,,,,0/0,consolidated,95
2020-04-01,N22000315,588,SAMBALPUR-TALCHER DOUBLING,RAILWAYS,ECOR,ODISHA,2011-03-01,2019-02-01,2022-03-01,1111.99,1539.28,1012.42,,1539.28,2022-03-01,37(O),0/0,consolidated,95
2020-04-01,N22000316,589,BHADRAK - NERGUNDI 3RD LINE,RAILWAYS,ECOR,ODISHA,2013-03-01,2020-10-01,2024-03-01,843.04,843.04,161.74,,843.04,2024-03-01,41(O),0/0,consolidated,95
2020-04-01,N22000319,590,SAMBALPUR - ANGUL RLY. ELECTRIFICATION,RAILWAYS,ECOR,ODISHA,2012-03-01,2020-03-01,2021-03-01,155.81,238.03,209.08,,238.03,2021-03-01,12(O),0/0,consolidated,95
2020-04-01,N22000376,591,JAGADALPUR-KORAPUT DOUBLING,RAILWAYS,ECOR,ODISHA,2015-04-01,2022-03-01,2023-03-01,1547.38,1547.38,479.4,,1547.38,2023-03-01,12(O),0/0,consolidated,95
2020-04-01,N22000379,592,KORAPUT - SINGAPUR ROAD DOUBLING,RAILWAYS,ECOR,ODISHA,2015-04-01,2022-03-01,2025-03-01,2361.74,2361.74,260.63,,2361.74,2025-03-01,36(O),0/0,consolidated,95
2020-04-01,N22000380,593,JARAPADA - BUDHAPANK WITH FLY OVER AT TALCHER ROAD 3RD AND 4TH LINE,RAILWAYS,ECOR,ODISHA,2015-04-01,2018-11-01,2022-12-01,701.61,810.02,150.61,,701.61,2022-12-01,49(O),0/0,consolidated,95
2020-04-01,N22000381,594,BUDHAPANK - SALEGAON VIA RAJATGARH 3RD AND 4TH LINE.,RAILWAYS,ECOR,ODISHA,2015-04-01,2018-12-01,2023-03-01,1172.92,1172.92,565.5,,1172.92,2022-03-01,51(O),0/0,consolidated,95
2020-04-01,N22000395,595,ROURKELA JHARSUGUDA THIRD LINE 101 KM,RAILWAYS,SER,ODISHA,2015-11-01,2020-03-01,2021-06-01,969.83,1312.96,637.58,,,,15(O),0/0,consolidated,95
2020-04-01,N22000409,596,VIZIANAGARAM -SAMABALPUR 3RD LINE,RAILWAYS,RVNL,ODISHA,1991-01-01,2024-12-01,2024-12-01,2335.67,2335.68,698.45,,,,0(O),0/0,consolidated,95
2020-04-01,N22000410,597,SAMBALPUR - TITLAGARH - DOUBLING,RAILWAYS,RVNL,ODISHA,2006-03-01,2020-03-01,2021-03-01,948.04,1500,1451.81,,,,12(O),0/0,consolidated,96
2020-04-01,N22000412,598,BANASPANI- JAKHPURA - DOUBLING,RAILWAYS,RVNL,ODISHA,2009-03-01,2019-03-01,2022-06-01,942.95,1120,1046.08,,,,39(O),0/0,consolidated,96
2020-04-01,N22000418,599,EXECUTION OF RAIL CONNECTIVITY PROJECT FOR COAL TRANSPORTATION IN ODISHA FOR MCRL,RAILWAYS,IRCON,ODISHA,2016-04-01,2020-03-01,2023-06-01,5200,1700.43,48,,,,39(O),0/0,consolidated,96
2020-04-01,N22000295,600,QADIAN-BEAS,RAILWAYS,NR,PUNJAB,2011-04-01,,2024-03-01,205.22,841.9,1.73,,,,,0/0,consolidated,96
2020-04-01,220100184,601,DAUSA-GANGAPUR CITY(NL) NWR,RAILWAYS,NWR,RAJASTHAN,1997-02-01,2019-02-01,2021-06-01,410.08,886.41,600.35,,780.98,,28(O),0/0,consolidated,96
2020-04-01,N22000137,602,BANGURGRAM-GURIYA PATCH DOUBLING,RAILWAYS,NWR,RAJASTHAN,2012-04-01,2019-12-01,2021-02-01,246.08,348.55,269.87,,,,14(O),0/0,consolidated,96
2020-04-01,N22000149,603,THIYAT HAMIRA-SANU,RAILWAYS,NWR,RAJASTHAN,2013-04-01,2018-10-01,2019-12-01,236.93,350.45,238.72,,,,,0/0,consolidated,96
2020-04-01,N22000150,604,AJMER-KOTA (NASIRABAD-JAUNDRI),RAILWAYS,NWR,RAJASTHAN,2013-04-01,,,822,1099.54,0,,,,,0/1,consolidated,96
2020-04-01,N22000151,605,PUSHKAR-MERTA,RAILWAYS,NWR,RAJASTHAN,2013-04-01,,,323,432.22,0,,,,,0/0,consolidated,96
2020-04-01,N22000152,606,MAVLI JUNCTION-BARI SADRI MM OF AJMER- CHITTSURGARH-UDAIPUR,RAILWAYS,NWR,RAJASTHAN,2013-04-01,2020-03-01,2021-04-01,420.18,420.18,225.96,,,,13(O),0/0,consolidated,96
2020-04-01,N22000155,607,AJMER-BANGURGRAM,RAILWAYS,NWR,RAJASTHAN,2011-04-01,2019-11-01,2020-12-01,213.39,350,296.15,,,,13(O),0/0,consolidated,96
2020-04-01,N22000157,608,ALWAR-BANDIKUI DOUBLING,RAILWAYS,NWR,RAJASTHAN,2013-04-01,2019-02-01,2020-02-01,242.09,450,416.49,,281.03,,,0/0,consolidated,96
2020-04-01,N22000330,609,AJMER(NASIRABAD)- SAWAI MADHOPUR (CHAUTH KA BARWARA) VIS TONK NL,RAILWAYS,NWR,RAJASTHAN,2015-05-01,,,873.71,1823.14,4.6,,,,,0/0,consolidated,96
2020-04-01,N22000421,610,MULTI MODAL LOGISTICS PARK AT KATHUWAS,RAILWAYS,CCOI,RAJASTHAN,2011-01-01,2018-03-01,2020-03-01,493.17,493.17,464.44,,,,,0/0,consolidated,96
2020-04-01,N22000466,611,JODHPUR (RAI KA BAGH) - DEGANA DOUBLING (145 KM),RAILWAYS,NWR,RAJASTHAN,2018-08-01,2022-08-01,2022-09-01,808.85,808.85,90.88,,,,1(O),0/0,consolidated,96
2020-04-01,N22000102,612,SEVOK RANGPO NEFR,RAILWAYS,NFR,SIKKIM,2008-04-01,2015-12-01,,1339.48,4084.69,332.23,,,,,0/0,consolidated,96
2020-04-01,220100262,613,TIRUCHIRAPPALI-NAGORE-KARAIKKAL(SR)(GC),RAILWAYS,SR,TAMIL NADU,1995-09-01,2020-03-01,2021-03-01,303.98,980,684.1,,,,12(O),0/0,consolidated,96
2020-04-01,N22000028,614,EXTENSION OF MRTS FROM VELACHERY TO STN. THOMAS MTP,RAILWAYS,MRTP,TAMIL NADU,2006-04-01,2013-06-01,,495.74,734.01,445.91,,,,,1/4,consolidated,96
2020-04-01,N22000079,615,MAYLADUTHURAI-THIRUVARUR-KARAIKUDI-THIRU 'PONDI'-AGASTIYAMPALLI,RAILWAYS,SR,TAMIL NADU,2007-09-01,2019-02-01,,724.69,2072.5,1471.6,,,,,0/0,consolidated,96
2020-04-01,N22000084,616,TINDIVANAM-GINGEE-TIRUVANNAMALAI (NL),RAILWAYS,SR,TAMIL NADU,2006-09-01,,,227.4,900,63.28,,,,,0/0,consolidated,96
2020-04-01,N22000085,617,TIDIVANAM-NAGARI (NL),RAILWAYS,SR,TAMIL NADU,2006-09-01,,,582.83,2300,243.44,,,,,0/0,consolidated,96
2020-04-01,N22000184,618,ATTIPPATTU PUTTUR,RAILWAYS,SR,TAMIL NADU,2008-04-01,2019-02-01,,151.84,1105,3.34,,,,,0/0,consolidated,96
2020-04-01,N22000186,619,SRIPERUMBUDUR-GUDUVANCHERY WITH SPUR TO IRUNGATTUKKOTTAI-AVADI-SRIPERUMBUDUR,RAILWAYS,SR,TAMIL NADU,2013-04-01,,,839,1500,0.62,,,,,0/0,consolidated,96
2020-04-01,N22000187,620,CUDDALORE-SALEM VIA VRIDDHACHALAM GC,RAILWAYS,SR,TAMIL NADU,1999-04-01,,,198.68,556.64,305.22,,,,,0/0,consolidated,97
2020-04-01,N22000199,621,ERODE-PALANI,RAILWAYS,SR,TAMIL NADU,2008-04-01,,,288.57,1140,1.63,,,,,0/0,consolidated,97
2020-04-01,N22000201,622,MADURAI-BODINAYAKKANUR,RAILWAYS,SR,TAMIL NADU,2008-04-01,,2020-03-01,164.41,450,206.41,,,,,0/0,consolidated,97
2020-04-01,N22000202,623,CHENGALPATTU-VILLUPURAM DOUBLING WITH NEW MM FOR TAMBARAM-CHENGALPATTU 3RD LINE GC ALONWITH ELECTRIF,RAILWAYS,SR,TAMIL NADU,2007-04-01,,2020-03-01,931.98,951.24,792.82,,,,,0/0,consolidated,97
2020-04-01,N22000373,624,OMALUR-METTURDAM- DOUBLINGWITH ELCTRIFICATION 28.93KM,RAILWAYS,SR,TAMIL NADU,2013-10-01,2014-04-01,,187.26,231.67,167.12,,,,,0/0,consolidated,97
2020-04-01,N22000441,625,THIRUMAILA - VELACHERY : MASS RAPID TRANSIT SYSTEM (PHASE II),RAILWAYS,SR,TAMIL NADU,1996-02-01,2005-03-01,,268.87,950,927.86,,,,,0/0,consolidated,97
2020-04-01,N22000444,626,ATTIPATTU - KORUKKUPETTAI : 3RD LINE (18 KM) DOUBLING,RAILWAYS,SR,TAMIL NADU,1999-02-01,2018-03-01,,257,257,268.31,,257,,,0/0,consolidated,97
2020-04-01,N22000445,627,TRANSMISSION LINE BETWEEN CHENNAI-HOWRAH ROUTE (1662 KM),RAILWAYS,SR,TAMIL NADU,2017-02-01,2024-03-01,2026-03-01,1567,1567,0,,,,24(O),0/0,consolidated,97
2020-04-01,N22000449,628,MANIYACHI - NAGERCOIL (102 KM) DOUBLING,RAILWAYS,SR,TAMIL NADU,2015-02-01,2022-03-01,2022-03-01,1700,1003,252.02,,,,0(O),0/0,consolidated,97
2020-04-01,N22000451,629,MADURAI - MANIYACHI - TUTICORIN (160 KM) DOUBLING,RAILWAYS,SR,TAMIL NADU,2015-02-01,2020-03-01,2021-06-01,760,1182.31,446,,,,15(O),0/0,consolidated,97
2020-04-01,220100220,630,MACHERLA-NALGONDA(NL)(SCR),RAILWAYS,SCR,TELANGANA,1998-07-01,,,458.25,458.26,3.83,,,,,0/0,consolidated,97
2020-04-01,N22000032,631,MANOHARABAD-KOTHPALL NEW LINE(SCR),RAILWAYS,SCR,TELANGANA,2006-04-01,2010-03-01,2023-03-01,1160.48,1160.48,340.48,,,,156(O),1/1,consolidated,97
2020-04-01,N22000213,632,MULTI MODAL TRANSPORT SYSTEM(MMTS) PHASE- II HYDERABAD,RAILWAYS,RVNL,TELANGANA,2012-04-01,2016-03-01,2020-12-01,632.68,816.55,720.7,,,,57(O),0/0,consolidated,97
2020-04-01,N22000259,633,MANUGURU-RAMAGUNDAM,RAILWAYS,SCR,TELANGANA,2013-04-01,,,1112,2911.84,0.92,,,,,1/1,consolidated,97
2020-04-01,N22000394,634,DOUBLING OF TRACK BETWEEN GOOTY AND DHARMAVARAM OF SOUTH CENTRAL RAILWAY,RAILWAYS,RITES,TELANGANA,2015-03-01,2021-03-01,2021-03-01,636.38,636.38,392.54,,,,0(O),3/3,consolidated,97
2020-04-01,N22000403,635,SECUNDERABAD-MAHABUBNAGAR DOUBLING,RAILWAYS,RVNL,TELANGANA,2015-04-01,2024-12-01,2024-12-01,773.94,773.94,556.16,,,,0(O),0/0,consolidated,97
2020-04-01,N22000432,636,MANMAD-PARBHANI-NANDED-SECUNDERABAD- GADWAL-DHONE- GUNTAKAL - TRAIN COLLISION AVOIDANCE SYSTEM (958 K,RAILWAYS,SCR,TELANGANA,2017-04-01,2022-03-01,2022-12-01,119.73,449.39,298.13,,185,,9(O),0/0,consolidated,97
2020-04-01,N22000195,637,AGARTALA-AKHAURA NL,RAILWAYS,NFR,TRIPURA,2012-04-01,2020-03-01,2021-09-01,569.63,670,82.81,,,,18(O),2/3,consolidated,97
2020-04-01,220100318,638,ETAWAH-MAINPURI (NL) NCR,RAILWAYS,NCR,UTTAR PRADESH,1997-04-01,2008-12-01,,120,346,345.51,,,,,0/0,consolidated,97
2020-04-01,N22000094,639,ELECTRIFICATION OF KHURJA-MEERUT- SAHARANPUR AND G'BAD-MEERUT,RAILWAYS,RE,UTTAR PRADESH,2008-02-01,2012-03-01,,171.1,275.08,141.55,,,,,0/0,consolidated,97
2020-04-01,N22000130,640,ANANDNAGAR GHUGHALI VIA MAHRAJGANJ UP,RAILWAYS,NER,UTTAR PRADESH,2013-03-01,,,307,1409.09,0,,,,,0/0,consolidated,97
2020-04-01,N22000136,641,KAPILVASTU-BASTI VIA BANSI SIDHARTHNAGAR BASTI NAUGARH UP,RAILWAYS,NER,UTTAR PRADESH,2013-03-01,,,643,644,0,,,,,0/0,consolidated,97
2020-04-01,N22000294,642,UNCHAHAR-AMETHI,RAILWAYS,NR,UTTAR PRADESH,2012-04-01,,2023-03-01,1229,1265,103.72,,,,,0/0,consolidated,98
2020-04-01,N22000321,643,GHAZIPUR - AUNRIHAR (40 KM),RAILWAYS,NER,UTTAR PRADESH,2014-04-01,,,182.92,197.73,0,,,,,0/0,consolidated,98
2020-04-01,N22000347,644,ROSA-SITAPUR CANTT-BURHWAL DOUBLING,RAILWAYS,NER,UTTAR PRADESH,2015-03-01,2022-03-01,2022-03-01,1295.42,1295.42,517.86,,,,0(O),0/0,consolidated,98
2020-04-01,N22000372,645,MATHURA-PLWAL 4TH LINE (80KM),RAILWAYS,NCR,UTTAR PRADESH,2015-04-01,2020-03-01,,668.7,680,330,,668,,,4/6,consolidated,98
2020-04-01,N22000401,646,VARANASI-MODHOSINGH-ALLAHABAD DOUBLING,RAILWAYS,RVNL,UTTAR PRADESH,2015-04-01,2022-03-01,2024-12-01,943.6,750.56,485.98,,,,33(O),0/0,consolidated,98
2020-04-01,N22000404,647,LUCKNOW- PILIBHIT VIA SITAPUR LAKHIMPUR GC,RAILWAYS,RVNL,UTTAR PRADESH,2011-04-01,2019-03-01,,927.01,1200,1209.55,,,,,0/0,consolidated,98
2020-04-01,N22000405,648,MAU-GHAZIPUR-TARIGHAT NEW LINE,RAILWAYS,RVNL,UTTAR PRADESH,2015-04-01,2023-03-01,2024-12-01,1765.92,1765.92,674.4,,,,21(O),0/0,consolidated,98
2020-04-01,N22000413,649,BHIMSEN - JHANSI DOUBLING WITH ELECTRIFICATION,RAILWAYS,RVNL,UTTAR PRADESH,2012-03-01,2020-12-01,2022-12-01,1183.25,1183.25,1184.32,,,,24(O),0/0,consolidated,98
2020-04-01,N22000417,650,RAMNA - SINGRAULI DOUBLING,RAILWAYS,ECR,UTTAR PRADESH,2015-08-01,2020-03-01,2021-03-01,2436.21,2436.21,773.09,,,,12(O),0/0,consolidated,98
2020-04-01,N22000419,651,KARAILA ROAD - SHAKTINAGAR DOUBLING,RAILWAYS,ECR,UTTAR PRADESH,2015-08-01,2019-03-01,2021-03-01,528.57,528.57,138.42,,,,24(O),0/0,consolidated,98
2020-04-01,N22000456,652,INDARA - DOHRIGHAT GAUGE CONVERSION.,RAILWAYS,NER,UTTAR PRADESH,2016-04-01,2016-04-01,2020-06-01,213,213.35,11.36,,,,50(O),0/0,consolidated,98
2020-04-01,N22000457,653,BAHRAICH - MAILANI GAUGE CONVERSION INCLUDING BY-PASS AT MAILANI.,RAILWAYS,NER,UTTAR PRADESH,2016-04-01,2022-01-01,2022-01-01,1900,1277.06,0,,,,0(O),0/0,consolidated,98
2020-04-01,N22000459,654,NANPARA - NEPALGANJ GAUGE CONVERSION.,RAILWAYS,NER,UTTAR PRADESH,2017-04-01,2017-04-01,2022-10-01,150,150,0,,,,66(O),0/0,consolidated,98
2020-04-01,N22000460,655,PADRAUNA - KUSHINAGAR VIA GORAKHPUR - NEW LINE,RAILWAYS,NER,UTTAR PRADESH,2017-04-01,2018-01-01,,1343,1476.15,0,,,,,0/0,consolidated,98
2020-04-01,N22000461,656,PILIBHIT - SHAHJAHANPUR GAUGE CONVERSION,RAILWAYS,NER,UTTAR PRADESH,2017-04-01,2017-04-01,2020-01-01,622.5,426.74,400.42,,427,,,0/0,consolidated,98
2020-04-01,N22000462,657,ETAH - KASGANJ - NEW LINE,RAILWAYS,NER,UTTAR PRADESH,2017-04-01,2017-04-01,2022-04-01,276.9,276.9,0,,,,60(O),0/0,consolidated,98
2020-04-01,N22000468,658,BURHWAL - GONDA - 3RD RUNNING LINE.,RAILWAYS,NER,UTTAR PRADESH,2016-04-01,,,602.5,714.34,40.34,,,,,0/0,consolidated,98
2020-04-01,N22000469,659,AUNRIHAR - JAUNPUR PATCH DOUBLING .,RAILWAYS,NER,UTTAR PRADESH,2016-04-01,2022-01-01,2022-01-01,600,366.71,79.74,,,,0(O),0/0,consolidated,98
2020-04-01,N22000470,660,SHAHGANJ-BHATNI-PHEPHNA-INDARA MAU- SHAHGANJ (EXCL. MAU-INDARA) PATCH DOUBLING.,RAILWAYS,NER,UTTAR PRADESH,2016-04-01,2019-12-01,2021-04-01,1177.96,1028.95,26.06,,,,16(O),0/0,consolidated,98
2020-04-01,N22000495,661,JHANSI MANIKPUR AND KHAIRAR BHIMSEN DOUBLING,RAILWAYS,NCR,UTTAR PRADESH,2018-03-01,2023-03-01,2023-03-01,4329.53,4329.53,3.9,,,,0(O),0/0,consolidated,98
2020-04-01,N22000496,662,JHANSI BINA DOUBLING,RAILWAYS,NCR,UTTAR PRADESH,2016-09-01,2021-03-01,2021-03-01,2001,2001,416.59,,,,0(O),0/6,consolidated,98
2020-04-01,220100317,663,KICHHA-KHATIMA (NL) - NER,RAILWAYS,NER,UTTARAKHAND,2003-04-01,,,142.45,228.4,0.15,,,,,0/0,consolidated,98
2020-04-01,N22000289,664,HARIDWAR-LAKSAR,RAILWAYS,NR,UTTARAKHAND,2012-04-01,2012-04-01,2020-07-01,219.83,346.63,243.65,,,,0,0/0,consolidated,98
2020-04-01,N22000406,665,RISHIKESH - KARNAPRAYAG NEW LINE,RAILWAYS,RVNL,UTTARAKHAND,2011-04-01,2024-12-01,2025-03-01,16216,16216,1941.37,,,,3(O),0/0,consolidated,98
2020-04-01,220100135,666,NEW BG RLY LINE FROM EKLAKHI-BALURGHAT INCLUDING GAZOLE-ITAHAR(NL) NEFR,RAILWAYS,NFR,WEST BENGAL,1983-04-01,2019-03-01,2020-03-01,297.32,614,275.07,,,,,0/0,consolidated,99
2020-04-01,220100208,667,HOWRAH-AMTA-CHAMPADANGA NL (SER),RAILWAYS,SER,WEST BENGAL,1974-04-01,2007-03-01,,393.46,1026,182.49,,154.3,2007-03-01,,0/0,consolidated,99
2020-04-01,220100268,668,TOLLYGANJ-GARIA WITH EXTENSION TO DUM DUM- NOAPARA AND NOAPARA-NSCB AIRPORT(MTP),RAILWAYS,MRTP,WEST BENGAL,2000-03-01,2006-12-01,,1049.69,3404.92,3837.57,,,,,0/0,consolidated,99
2020-04-01,220100272,669,TARAKESWAR - BISHNUPUR NEW BG LINE (NL) ER,RAILWAYS,ER,WEST BENGAL,2000-04-01,2019-03-01,2025-03-01,1188.91,1619.48,893.76,,,2009-12-01,72(O),0/0,consolidated,99
2020-04-01,N22000091,670,BARDHAMAN-KATWA (GC),RAILWAYS,ER,WEST BENGAL,2007-04-01,2010-12-01,2025-03-01,1106.62,1091.59,909.34,,,2017-12-01,171(O),7/7,consolidated,99
2020-04-01,N22000108,671,NEW WORK FOR CONSTRUCTION OF METRO RAILWAY FROM NOAPARA-BARASAI VIA BIMANBANDER (MTP),RAILWAYS,KOMRCL,WEST BENGAL,2010-04-01,2016-03-01,,2397.72,2397.72,197.2,,,,,0/0,consolidated,99
2020-04-01,N22000109,672,NEW WORK FOR CONSTRUCTION OF METRO RAILWAY FROM BARANAGAR TO BARRACKPORE AND DAKSHINESHWAR (MTP),RAILWAYS,RVNL,WEST BENGAL,2010-04-01,2014-03-01,2025-12-01,2298.42,2733.86,40.13,,,,141(O),0/0,consolidated,99
2020-04-01,N22000110,673,NEW WORK FOR CONSTRUCTION OF METRO RAILWAY FROM NSCB AIRPORT TO NEW GARIA VIA RAJARHAT (MTP),RAILWAYS,RVNL,WEST BENGAL,2010-04-01,2016-03-01,2025-03-01,3951.98,4724.3,2307,,,,108(O),0/0,consolidated,99
2020-04-01,N22000111,674,NEW WORK FOR CONSTRUCTION OF METRO RAILWAY FROM JOKA TO BINOY BADAL DINESH BAGH.,RAILWAYS,RVNL,WEST BENGAL,2010-04-01,2016-03-01,2025-03-01,2913.51,4639,871.04,,,,108(O),0/0,consolidated,99
2020-04-01,N22000135,675,EAST WEST METRO CORRIDOR FROM HOWRAH MAIDAN TO SALT LAKE,RAILWAYS,MRTP,WEST BENGAL,2013-03-01,2016-03-01,2021-06-01,4874.58,8574.97,5892.72,,,,63(O),0/0,consolidated,99
2020-04-01,N22000159,676,BOWAICHANDI-ARAMBAGH,RAILWAYS,SER,WEST BENGAL,2010-04-01,,2025-03-01,267.37,620,40.99,,,,,0/0,consolidated,99
2020-04-01,N22000193,677,NEW BG LINE FROM KALIYAGANJ TO BUNIADPUR,RAILWAYS,NFR,WEST BENGAL,2010-04-01,2022-03-01,2022-03-01,221.42,380,38.2,,,,0,0/0,consolidated,99
2020-04-01,N22000212,678,CIRCULAR RAILWAY INCLUDING REMOUNT ROAD TO SANTOSHPUR,RAILWAYS,MRTP,WEST BENGAL,2009-04-01,,2025-03-01,573.78,268.52,0.03,,,,,0/0,consolidated,99
2020-04-01,N22000302,679,BAZAR SAU -AZIMGANJ JN. DOUBLING,RAILWAYS,ER,WEST BENGAL,2012-04-01,,2021-09-01,255.64,272.2,208.1,,,,,0/0,consolidated,99
2020-04-01,N22000390,680,NEW MAYNAGURI-GUMANIHAT-DOUBLING OF REMAINING PORTION (51.65 KM),RAILWAYS,NFR,WEST BENGAL,2016-04-01,2021-12-01,2020-03-01,602.27,760,576.99,,612,,,0/0,consolidated,99
2020-04-01,N22000402,681,BANKURA DAMODAR VALLEY RLY LINE 96 KM GC WITH 6MMS FOR NL,RAILWAYS,SER,WEST BENGAL,1998-04-01,2003-03-01,2030-03-01,1027.4,2373,485.04,,,,324(O),0/0,consolidated,99
2020-04-01,N22000499,682,NEW JALPAIGURI-SILIGURI-NEW BONGAIGAON GC WITH MM OF NEW LINE OF CHALSA-NAXAL AND RAJABHATKHAWA-JAIN,RAILWAYS,NFR,WEST BENGAL,1999-02-01,2010-04-01,,380.6,1871,1087.6,,,,,0/0,consolidated,99
2020-04-01,N42000002,683,CONSTRUCTION OF PERMANENT CAMPUS FOR NATIONAL INSTITUTE OF TECHNOLOGY GOA AT CUNCOLIM GOA.,HUMAN RESOURCE DEVELOPMENT,CPWD,GOA,2019-05-01,2020-03-01,,303.9,303.9,0,,,,,0/0,consolidated,100
2020-04-01,N42000001,684,CONSTRUCTION AND DEVELOPMENT OF NATINAL INSTITUTE OF TECHNOLOGY MEGHALAYA PERMANENT CAMPUS AT SOHRA,HUMAN RESOURCE DEVELOPMENT,RITES,MEGHALAYA,2013-09-01,2014-09-01,2020-12-01,484.32,626.26,0,,,,75(O),0/0,consolidated,100
2020-04-01,N42000003,685,STUDY IN INDIA,HUMAN RESOURCE DEVELOPMENT,EDCIL,MULTI STATE,2018-03-01,2018-04-01,,150,150,0,,,,,0/0,consolidated,100
2020-04-01,N42000004,686,SCHEME FOR PROMOTION OF ACADEMIC AND RESEARCH COLLABORATION,HUMAN RESOURCE DEVELOPMENT,IITKGP,MULTI STATE,2018-08-01,2019-03-01,,418,418,110,,,,,0/0,consolidated,100
2020-04-01,N24000744,687,CONSTRUCTION OF MAJOR BRIDGE OVER MIDDLE STRAIT CREEK BETWEEN KM. 106.590 TO KM. 107.762 OF NH 223 (,ROAD TRANSPORT AND HIGHWAYS,NHIDCL,A & N ISLANDS,2015-03-01,2018-10-01,,262.97,262.97,0,,,,,0/4,consolidated,100
2020-04-01,N24000745,688,2 LANE WITH HARD SHOLDER REHABILITATION AND UP GRADATION OF SECTION FROM KM 242.0 TO KM 298.0 OF N,ROAD TRANSPORT AND HIGHWAYS,NHIDCL,A & N ISLANDS,2017-03-01,2017-12-01,,409.85,409.85,21.11,,,,,0/4,consolidated,100
2020-04-01,N24000746,689,CONSTRUCTION OF MAJOR BRIDGE OVER HUMPHREY STRAIT CREEK BETWEEN KM. 129.420 TO KM. 130.600 OF NH 4 C,ROAD TRANSPORT AND HIGHWAYS,NHIDCL,A & N ISLANDS,2015-03-01,2017-04-01,,277.17,277.17,159.49,,,,,3/4,consolidated,100
2020-04-01,N24000748,690,REHABILITATION AND UP GRADATION OF SECTION FROM KM 107.760 TO KM 129.445 (AFTER MIDDLE STRAIT TO HUM,ROAD TRANSPORT AND HIGHWAYS,NHIDCL,A & N ISLANDS,2018-02-01,2018-10-01,,391,391,22.17,,,,,0/4,consolidated,100
2020-04-01,N24000749,691,REHABILITATION AND UP GRADATION OF SECTION FROM KM 206.00 TO KM 242.00 (NIMBUTALA TO AUSTIN CREEK) O,ROAD TRANSPORT AND HIGHWAYS,NHIDCL,A & N ISLANDS,2018-03-01,2018-10-01,,234.27,234.27,11.03,,,,,1/4,consolidated,100
2020-04-01,N24000820,692,Rehabilitation and up gradation to 2 lane with paved shoulder configuration from existing km. 122.00,ROAD TRANSPORT AND HIGHWAYS,MoRTH,A & N ISLANDS,2017-11-01,2019-11-01,,237.8,238,7.48,,,,,0/0,consolidated,100
2020-04-01,N24000821,693,RECONSTRUCTION WITH GEOMETRIC IMPROVEMENT OF EXISTING 2 LANE/INTERMEDIATE LANE TO 2LANE WITH PAVED S,ROAD TRANSPORT AND HIGHWAYS,MoRTH,A & N ISLANDS,2017-11-01,2019-11-01,,257.34,238,41.09,,,,,0/0,consolidated,100
2020-04-01,N24001008,694,AJANTHA TO BULDHANA,ROAD TRANSPORT AND HIGHWAYS,MoRTH,A & N ISLANDS,2017-02-01,2019-07-01,2019-07-01,401,401,143.81,,401,,,0/4,consolidated,100
2020-04-01,N24000178,695,TIRUPATI - TIRUTHANI - CHENNAI,ROAD TRANSPORT AND HIGHWAYS,NHAI,"ANDHRA PRADESH, PPP (BOT)",2011-04-01,2013-10-01,,571,571,582.53,,,,,0/0,consolidated,100
2020-04-01,N24000183,696,SIX LANNING OF NELLORE-CHILKALURIPET KM.1182.802 TO KM.1366.547,ROAD TRANSPORT AND HIGHWAYS,NHAI,"ANDHRA PRADESH, PPP (BOT)",2011-11-01,2014-05-01,2020-03-01,1535,1535,3264.4,,,2019-12-01,,0/0,consolidated,100
2020-04-01,N24000274,697,FOUR LANING OF 5.122 KM OF NH9 ( NEW NH 65) FROM KM 269.900 ( DESIGN CH0.0 ) TO KM 275-622( DESIGN C,ROAD TRANSPORT AND HIGHWAYS,MoRTH,ANDHRA PRADESH,2015-07-01,2015-12-01,,333.21,333.21,256.11,,333.21,,,0/2,consolidated,100
2020-04-01,N24000282,698,REHABILITATION AND UPGRADATION OF EXISTING NH-565 FROM KM.86.057 TO 133.922 OF NAGARJUNASAGAR DAM T,ROAD TRANSPORT AND HIGHWAYS,MoRTH,"ANDHRA PRADESH, EPC",2014-01-01,2014-11-01,,195.45,195.45,0,,,,,0/4,consolidated,101
2020-04-01,N24000301,699,REHABILITATION AND UPGRADATION OF NH-219 FROM KM 58-600 TO KM 140-750 IN THE STATE OF ANDHRA PRADES,ROAD TRANSPORT AND HIGHWAYS,MoRTH,"ANDHRA PRADESH, EPC",2015-03-01,2015-10-01,2017-10-01,271.45,271.45,183.64,,,,,3/4,consolidated,101
2020-04-01,N24000302,700,FOUR LANING OF 5.122 KM OF NH9( NEW NH 65) FROM KM 269.900( DESIGN CH0.0 ),ROAD TRANSPORT AND HIGHWAYS,MoRTH,ANDHRA PRADESH,2015-07-01,2015-12-01,,333.21,333.21,256.11,,,,,0/2,consolidated,101
2020-04-01,N24000407,701,FOUR LANING OF 5.122 KM OF NH 9 (NEW NH 65) FROM KM 269/900 (DESIGN CH. 0/0) TO KM 275/022 (DESIGN C,ROAD TRANSPORT AND HIGHWAYS,MoRTH,"ANDHRA PRADESH, EPC",2015-10-01,2015-11-01,,333.21,353.89,256.11,,,,,0/0,consolidated,101
2020-04-01,N24000545,702,FOUR LANNING OF NH-9 FROM VIJAYWADA- MACHLIPATNAM (KM 0.000 TO 63.800),ROAD TRANSPORT AND HIGHWAYS,NHAI,ANDHRA PRADESH,2016-01-01,2018-11-01,,1134.97,1134.97,806.94,,,,,0/0,consolidated,101
2020-04-01,N24000632,703,VIJAYAWADA-GUNDUGOLANU SECTION,ROAD TRANSPORT AND HIGHWAYS,NHAI,ANDHRA PRADESH,2014-09-01,2017-02-01,,1684,1684,54.13,,,,,0/0,consolidated,101
2020-04-01,N24000667,704,REHABILITATION AND UPGRADATION OF NH-4 FROM NALAGAMPALLI TO AP/KARNATAKA BORDER,ROAD TRANSPORT AND HIGHWAYS,NHAI,ANDHRA PRADESH,2017-03-01,2020-03-01,2020-03-01,648.32,511.94,511.34,,,,,0/0,consolidated,101
2020-04-01,N24000668,705,SIX LANNING OF RANASTALAM-ANANDAPURAM SECTION OF NH-16 FROM KM 634.000 TO KM 681.000,ROAD TRANSPORT AND HIGHWAYS,NHAI,ANDHRA PRADESH,2017-03-01,2020-03-01,2020-05-01,1041.62,1187.1,891.9,,,,2(O),0/0,consolidated,101
2020-04-01,N24000700,706,FOUR LANNING OF AP/TN BORDER TO NALAGAMPALLI VILLAGE(KM 133.360 TO 172.00) OF NH-4 (NEW NH-40),ROAD TRANSPORT AND HIGHWAYS,NHAI,"ANDHRA PRADESH, Central Sector Projects",2017-06-01,2017-06-01,2020-08-01,648.33,306,214.78,,,,38(O),0/0,consolidated,101
2020-04-01,N24000718,707,6-LANING OF EXISTING 2-LANE (I) NANDIGAMA BYPASS FROM KM 220.700 TO KM 226.600 (DESIGN CHAINAGE FROM,ROAD TRANSPORT AND HIGHWAYS,NHAI,ANDHRA PRADESH,2017-12-01,,,328.67,328.67,206.07,,,,,0/0,consolidated,101
2020-04-01,N24000719,708,SIX LANING OF NARASANNAPETA – RANASTALAM SECTION OF NH-16 (OLD NH-5) FROM DESIGN KM 580.671 (EXISTIN,ROAD TRANSPORT AND HIGHWAYS,NHAI,ANDHRA PRADESH,2017-12-01,,2021-07-01,1323.15,1323.15,565.48,,,,,0/0,consolidated,101
2020-04-01,N24000720,709,CAPACITY AUGMENTATION OF THE EXISTING 4 LANE STRETCH FROM ICHHAPURAM TO NARASANNAPETA IN THE STATE O,ROAD TRANSPORT AND HIGHWAYS,NHAI,ANDHRA PRADESH,2017-12-01,,,357,357,70.71,,,,,0/0,consolidated,101
2020-04-01,N24000799,710,SIX LANING OF ANANDAPURAM PENDURTHI ANAKAPALLI SECTION OF NH-5 NEW NH-16 FROM KM.681.000 EXISTING KM,ROAD TRANSPORT AND HIGHWAYS,NHAI,ANDHRA PRADESH,2018-02-01,,2021-07-01,1959,1959,933.12,,,,,0/0,consolidated,101
2020-04-01,N24000807,711,FOUR LANING OF GUNDUGOLANU-DEVARAPALLI- KOVVURU SECTION OF NH-16 FROM KM 15.320 (EXISTING KM 15.700),ROAD TRANSPORT AND HIGHWAYS,NHAI,ANDHRA PRADESH,2018-03-01,2021-03-01,2021-04-01,1532.62,2499,757.77,,,,1(O),2/4,consolidated,101
2020-04-01,N24000809,712,SIX LANING OF NH-140 FROM CHITTOR (DESIGN KM 0.000/EXISTING KM 158.000 OF NH-4) TO MALLAVARAM (DESIG,ROAD TRANSPORT AND HIGHWAYS,NHAI,ANDHRA PRADESH,2018-03-01,,2021-07-01,1550.98,1550.98,1752.5,,1730.07,,,0/0,consolidated,101
2020-04-01,N24000810,713,REHABILITATION AND UPGRADATION OF GIDDALUR-VINUKONDA SECTION OF NH-544D FROM DESIGN KM 212.983 (EXIS,ROAD TRANSPORT AND HIGHWAYS,NHAI,ANDHRA PRADESH,2018-03-01,,2021-02-01,565.09,565.09,291.48,,,,,0/0,consolidated,102
2020-04-01,N24000811,714,CONSTRUCTION OF SIX LANING OF DEDICATED PORT ROAD TO KRISHNAPATNAM PORT (PACKAGE- I) KM 0+000 TO KM 1,ROAD TRANSPORT AND HIGHWAYS,NHAI,ANDHRA PRADESH,2018-03-01,,2020-12-01,314.43,314.43,46.12,,,,,0/0,consolidated,102
2020-04-01,N24000812,715,CAPICITY AUGMENTATION OF THE EXISTING 4 LANE STRETCH FROM ICHAPURAM TO NARASANNAPETA FROM KM 470.415,ROAD TRANSPORT AND HIGHWAYS,NHAI,ANDHRA PRADESH,2018-03-01,2020-06-01,2020-06-01,557.3,557.3,270.84,,,,0,0/0,consolidated,102
2020-04-01,N24000928,716,FOUR LANING OF 5.122 KM OF NH9(NEW NH 65) FROM KM 269.900(DESIGN CH0.0) TO KM 275/622(DESIGN CH 5.12,ROAD TRANSPORT AND HIGHWAYS,MoRTH,ANDHRA PRADESH,2015-10-01,2015-12-01,2016-12-01,333.21,355.89,300.39,,,,,2/3,consolidated,102
2020-04-01,N24000929,717,REHABILITATION AND UPGRADATION OF NH219(NEW NH42) FROM KM 244.930 TO 299.775 (MADANAPALLI PUNGANURU,ROAD TRANSPORT AND HIGHWAYS,MoRTH,ANDHRA PRADESH,2016-09-01,2017-02-01,2019-02-01,372.68,372.68,185.04,,,,,2/4,consolidated,102
2020-04-01,N24000930,718,REHABILITATION AND UPGRADATION OF NH67 FROM KM 424.650 TO 487.693 OF GOOTY-TADIPATRI SECTION TO TWO,ROAD TRANSPORT AND HIGHWAYS,MoRTH,ANDHRA PRADESH,2016-11-01,2018-01-01,,378.24,378.24,307.17,,,,,4/4,consolidated,102
2020-04-01,N24000931,719,REHABILITATION AND UPGRADATION OF EXISTING NH-167 FROM KM 14.900 TO KM 70.00 (DESIGN CH.14.900 TO 69,ROAD TRANSPORT AND HIGHWAYS,MoRTH,ANDHRA PRADESH,2016-11-01,2017-05-01,2019-05-01,290.15,290.15,73.11,,,,,1/4,consolidated,102
2020-04-01,N24000932,720,REHABILITATION AND UPGRADATION OF NH-340 FROM KM 0/0 TO KM 60/380 (DESIGN CH. 0/000 TO 60/025 EXCLUD,ROAD TRANSPORT AND HIGHWAYS,MoRTH,ANDHRA PRADESH,2017-01-01,2017-08-01,2020-03-01,319.28,319.28,114.43,,,2020-03-01,,1/4,consolidated,102
2020-04-01,N24000933,721,CONSTRUCTION OF 4-LANE BYPASS TO VIJAYANAGARAM TOWN ON NH43 (NEW NH26) FROM 537/6 TO 552/0 (RAIPUR-V,ROAD TRANSPORT AND HIGHWAYS,MoRTH,ANDHRA PRADESH,2017-02-01,2017-11-01,2019-11-01,429.43,429.43,256.15,,,,,3/4,consolidated,102
2020-04-01,N24000934,722,REHABILITATION AND UPGRADATION OF NH326A FROM KM 0/0 TO 41/979 (EXCLUDING KM 2/255 TO 3/372 AND KM 3,ROAD TRANSPORT AND HIGHWAYS,MoRTH,ANDHRA PRADESH,2018-03-01,2018-08-01,2020-03-01,228.32,228.32,55.25,,,,,2/4,consolidated,102
2020-04-01,N24000936,723,REHABILITATION AND UPGRADATION OF NH-42 FROM 76/000 TO KM 102/130 (DESIGN CH. 76/000 TO 99.971 EXCLU,ROAD TRANSPORT AND HIGHWAYS,MoRTH,ANDHRA PRADESH,2018-03-01,2018-08-01,,244.95,244.95,136.22,,245,,,2/3,consolidated,102
2020-04-01,N24000937,724,REHABILITATION AND UPGRADATION OF NEW NH- 544DD FROM DESIGN CHAINAGE KM 56.00 TO 102.20 OF KALYANDURG,ROAD TRANSPORT AND HIGHWAYS,MoRTH,ANDHRA PRADESH,2018-03-01,2018-08-01,2020-02-01,289.67,289.67,111.65,,290,,,2/4,consolidated,102
2020-04-01,N24000938,725,REHABILITATION AND UPGRADATION OF NEW NH- 544DD (OLD SH-30) FROM DESIGN CHAINAGE KM 0.000 TO 56.000 (,ROAD TRANSPORT AND HIGHWAYS,MoRTH,ANDHRA PRADESH,2018-03-01,2018-07-01,,297.12,294.12,373.98,,294,,,4/4,consolidated,102
2020-04-01,N24000939,726,REHABILITATION AND UPGRADATION OF NEW NH- 544E FROM KM. 0.000 TO KM 56.803 OF KODIKONDA - MADAKASIRA,ROAD TRANSPORT AND HIGHWAYS,MoRTH,ANDHRA PRADESH,2018-03-01,2018-11-01,2020-05-01,504.19,504.19,250.76,,504,,18(O),2/4,consolidated,102
2020-04-01,N24000940,727,REHABILITATION AND UPGRADATION OF KARNATATKA/AP BORDER-GOOTY SECTION FROM KM 368.920 TO KM 424.225 O,ROAD TRANSPORT AND HIGHWAYS,MoRTH,ANDHRA PRADESH,2016-03-01,2016-05-01,2018-05-01,995.09,995.09,419.22,,995,,,2/4,consolidated,103
2020-04-01,N24000963,728,REHABILITATION AND UPGRADATION OF NH565 FROM EXISTING KM 361.330(DORNALA T JUNCTION) TO KM 420.800(P,ROAD TRANSPORT AND HIGHWAYS,MoRTH,ANDHRA PRADESH,2018-01-01,2018-08-01,2020-08-01,418.03,418.03,194.62,,,,24(O),2/4,consolidated,103
2020-04-01,N24000964,729,CONSTRUCTION OF TIMMAPURAM TO GURJANAPALLE SECTION FROM KM 26.150 TO 41.161 OF NH-214(NH216)(KAKINAD,ROAD TRANSPORT AND HIGHWAYS,MoRTH,ANDHRA PRADESH,2016-08-01,2017-01-01,2018-07-01,350.61,350.61,310.25,,,,,3/4,consolidated,103
2020-04-01,N24000965,730,REHABILITATION AND UPGRADATION OF DHINDI- DIGAMARRU SECTION FROM KM126/510 TO KM135/740 OF NH214(NH21,ROAD TRANSPORT AND HIGHWAYS,MoRTH,ANDHRA PRADESH,2016-01-01,2016-05-01,2018-05-01,386.09,386.09,184.26,,,,,2/4,consolidated,103
2020-04-01,N24000966,731,REHABILITATION UPGRADATION OF NH214(NH216) FROM KM41.161 TO KM59.800(GURJANAPALLI TO POLEKURU SECT,ROAD TRANSPORT AND HIGHWAYS,MoRTH,ANDHRA PRADESH,2016-01-01,2016-08-01,2018-08-01,348.95,348.95,169.46,,,,,2/4,consolidated,103
2020-04-01,N24000967,732,REHABILITATION AND UPGRADATION OF LOSARI- MACHAVARAM SECTION FROM KM34/230 TO KM84/550 OF NH214(NH216,ROAD TRANSPORT AND HIGHWAYS,MoRTH,ANDHRA PRADESH,2016-03-01,2016-09-01,2018-09-01,444.84,444.84,273.88,,,,,3/4,consolidated,103
2020-04-01,N24000968,733,REHABILITATION AND UPGRADATION OF MACHILIPATNAM TO AVANIGADDA SECTION FROM KM84/550 - 124/200 OF NH2,ROAD TRANSPORT AND HIGHWAYS,MoRTH,ANDHRA PRADESH,2016-11-01,2017-08-01,2019-08-01,376.25,376.25,228.69,,,,,2/4,consolidated,103
2020-04-01,N24000969,734,CONSTRUCTION OF 2L+PS FROM PASARLAPUDI- DHINDI (105/700 TO 127.500 OF NH-214) OF NH-216,ROAD TRANSPORT AND HIGHWAYS,MoRTH,ANDHRA PRADESH,2017-01-01,2017-09-01,2019-09-01,263.45,263.45,60.26,,,,,0/4,consolidated,103
2020-04-01,N24000970,735,REHABILITAITON AND UPGRADATION OF REPALLE TO EEPPURPALEM SECTION FROM KM 128/927 TO KM 195/000 OF NH,ROAD TRANSPORT AND HIGHWAYS,MoRTH,ANDHRA PRADESH,2017-01-01,2018-01-01,2020-01-01,576.48,576.48,237.3,,,,,1/4,consolidated,103
2020-04-01,N24001183,736,REHABILITATION & UPGRADATION OF NH-67 FROM KM 641.000 TO KM 695.000 (DORNALA T JUNCTION TO ATMAKUR S,ROAD TRANSPORT AND HIGHWAYS,MoRTH,ANDHRA PRADESH,2014-07-01,2015-02-01,,251.55,251.55,7.74,,,,,0/0,consolidated,103
2020-04-01,N24000307,737,TWO LANING OF KHONSA - TISSA - LONGDING (NH- 52B) (42.50 KM) IN ARUNACHAL PRADESH UNDER ARUNACHAL PRA,ROAD TRANSPORT AND HIGHWAYS,MoRTH,"ARUNACHAL PRADESH, ITEM RATE",2011-12-01,2012-02-01,,156.63,276,147.65,,276,,,0/0,consolidated,103
2020-04-01,N24000309,738,TWO LANING OF LALPUL- MANMAO- CHANGLANG ROAD (NH-52B) IN ARUNACHAL PRADESH UNDER ARUNACHAL PRADESH P,ROAD TRANSPORT AND HIGHWAYS,MoRTH,"ARUNACHAL PRADESH, ITEM RATE",2010-11-01,2011-03-01,,305.49,305.49,131.08,,,,,0/0,consolidated,103
2020-04-01,N24000311,739,TWO LANING OF GOBOK - SIJON NALLAH (CORRECSPONDING TO EXISTING CH: 27.00 TO KM75.00) IN ARUNACHAL PR,ROAD TRANSPORT AND HIGHWAYS,MoRTH,"ARUNACHAL PRADESH, ITEM RATE",2012-03-01,2012-05-01,2019-12-01,207.03,389.45,308.09,,389.45,2015-05-01,,0/0,consolidated,103
2020-04-01,N24000324,740,2 LANING FROM PASIGHAT TO PANGIN SECTION OF NH-229 FROM KM 41.3 TO KM 58.42 (EXISTING KM 42 TO KM 59,ROAD TRANSPORT AND HIGHWAYS,NHIDCL,"ARUNACHAL PRADESH, EPC",2015-03-01,2018-05-01,,194.11,194.11,185.09,,,,,4/4,consolidated,104
2020-04-01,N24000325,741,2 LANING OF SINGER RIVER TO SIZOH NALA IN ARUNACHAL PRADESH ON EPC BASIS,ROAD TRANSPORT AND HIGHWAYS,NHIDCL,"ARUNACHAL PRADESH, EPC",2015-10-01,2019-01-01,,179.82,179.82,197.77,,,,,4/4,consolidated,104
2020-04-01,N24000326,742,CONSTRUCTION OF 2-LANE ROAD FROM KM 33 TO KM 65.00 OF AKAJAN-LIKABALI-BAME ROAD IN ARUNACHAL PRADESH,ROAD TRANSPORT AND HIGHWAYS,NHIDCL,"ARUNACHAL PRADESH, EPC",2015-07-01,2018-10-01,2018-09-01,197.16,197.16,84.81,,197.16,2015-09-01,,1/4,consolidated,104
2020-04-01,N24000327,743,2 LANING FROM LONGDING TO KANUBARI OF NH- 52B FROM KM 0 TO KM 47.213 IN ARUNACHAL PRADESH,ROAD TRANSPORT AND HIGHWAYS,NHIDCL,"ARUNACHAL PRADESH, EPC",2015-03-01,2018-06-01,,394,394,349.64,,,,,2/3,consolidated,104
2020-04-01,N24000614,744,2-LANING WITH PAVED SHOULDER OF NH-52 FROM KM 583.450.TO KM 605.600(EXISTING CHAINAGE FROMKM.583.450,ROAD TRANSPORT AND HIGHWAYS,NHIDCL,ARUNACHAL PRADESH,2016-01-01,2016-11-01,,183.65,183.65,152.49,,,,,3/4,consolidated,104
2020-04-01,N24000616,745,CONSTRUCTION OF 2-LANE ROAD FROM EXISTING KM 21.500 OF HUNLI-ANINI ROAD( NEAR ITHUN BRIDGE) TO KM 37,ROAD TRANSPORT AND HIGHWAYS,NHIDCL,ARUNACHAL PRADESH,2016-04-01,,2020-09-01,245.79,245.79,129.43,,,,,2/4,consolidated,104
2020-04-01,N24000617,746,CONSTRUCTION OF 2-LANE ROAD FROM EXISTING KM. 37.500 OF HUNLI-ANINI ROAD (NEAR ITHUN BRIDGE) TO KM.,ROAD TRANSPORT AND HIGHWAYS,NHIDCL,ARUNACHAL PRADESH,2016-04-01,2016-10-01,,198,198,184.62,,,,,3/4,consolidated,104
2020-04-01,N24000618,747,FUNDED ) CONSTRUCTION OF 2-LANE HUNLI-ANINI ROAD FROM KM 53.500 TO KM 92.500 IN THE STATE OF ARUNACH,ROAD TRANSPORT AND HIGHWAYS,NHIDCL,ARUNACHAL PRADESH,2015-11-01,,2020-12-01,434.06,434.06,172.89,,,,,2/4,consolidated,104
2020-04-01,N24000676,748,CONSTRUCTION OF 2-LANE OF HUNLI-ANINI ROAD FROM KM. 106.20 TO KM. 120,ROAD TRANSPORT AND HIGHWAYS,NHIDCL,ARUNACHAL PRADESH,2016-12-01,2017-01-01,,138.93,155,79.91,,155,,,2/4,consolidated,104
2020-04-01,N24000677,749,CONSTRUCTION OF MEKA ROING HUNLI FROM EXISTING KM16 OF ROING HUNLI ROAD TO KM 21.500 OF HUNLI AN,ROAD TRANSPORT AND HIGHWAYS,NHIDCL,ARUNACHAL PRADESH,2017-01-01,2017-03-01,2022-03-01,1253.1,1253.1,204.77,,,,60(O),1/4,consolidated,104
2020-04-01,N24000678,750,TWO LANING OF AKAJAN LIKABALI BAME ROAD ON EPC BASIS FROM EXISTING KM 71.000 TO KM 99.000 (DESIGN KM,ROAD TRANSPORT AND HIGHWAYS,NHIDCL,ARUNACHAL PRADESH,2017-03-01,2017-04-01,2021-03-01,284.09,284.09,112.53,,284.09,2018-03-01,47(O),1/4,consolidated,104
2020-04-01,N24000679,751,TWO LANING OF EXISTING HAYULIANG HAWAI ROAD ON EPC BASIS FROM DESIGN KM. 17.000 (KHUPA) TO KM. 34.00,ROAD TRANSPORT AND HIGHWAYS,NHIDCL,ARUNACHAL PRADESH,2017-02-01,2017-04-01,,195.23,195.23,85.61,,,,,2/4,consolidated,104
2020-04-01,N24000680,752,TWO LANING OF EXISTING HAYULIANG HAWAI ROAD ON EPC BASIS FROM DESIGN KM. 34.000 TO KM. 51.825 [EXIST,ROAD TRANSPORT AND HIGHWAYS,NHIDCL,ARUNACHAL PRADESH,2017-02-01,2017-04-01,,203.36,203.36,100.86,,,,,2/4,consolidated,104
2020-04-01,N24000681,753,TWO LANING OF EXISTING KHUPA HAYULIANG HAWAI ROAD ON EPC BASIS FROM DESIGN KM. 0.000 (KHUPA) TO KM.,ROAD TRANSPORT AND HIGHWAYS,NHIDCL,ARUNACHAL PRADESH,2017-01-01,2017-04-01,,194.66,194.66,97.64,,,,,2/4,consolidated,104
2020-04-01,N24000682,754,TWO LANING OF JORAM KOLORIANG ROAD (NH 713) ON EPC BASIS FROM DESIGN KM. 44+000 TO KM. 59+363 [EXIS,ROAD TRANSPORT AND HIGHWAYS,NHIDCL,ARUNACHAL PRADESH,2017-02-01,2017-04-01,2021-02-01,168.32,168.32,41.48,,,,46(O),1/4,consolidated,105
2020-04-01,N24000683,755,TWO LANING OF JORAM KOLORIANG ROAD (NH 713) ON EPC BASIS FROM DESIGN KM. 138+000 TO KM. 154+036 [EX,ROAD TRANSPORT AND HIGHWAYS,NHIDCL,ARUNACHAL PRADESH,2017-02-01,2017-04-01,2021-02-01,180.57,180.57,18.01,,,,46(O),0/4,consolidated,105
2020-04-01,N24000684,756,CONSTRUCTION OF TWOLANE WITH PAVED SHOULDERS OF JORAM KOLORIANG ROAD (NH 713) ON EPC BASIS FROM EXIS,ROAD TRANSPORT AND HIGHWAYS,NHIDCL,ARUNACHAL PRADESH,2017-02-01,2017-04-01,2021-02-01,216.71,216.71,25.82,,,,46(O),0/4,consolidated,105
2020-04-01,N24000685,757,CONSTRUCTION OF TWO LANE WITH PAVED SHOULDERS OF JORAM KOLORIANG ROAD (NH 713) ON EPC BASIS FROM EXI,ROAD TRANSPORT AND HIGHWAYS,NHIDCL,ARUNACHAL PRADESH,2017-02-01,2017-04-01,2021-02-01,167.28,167.28,22.11,,,,46(O),1/4,consolidated,105
2020-04-01,N24000690,758,TWO LANING OF EXISTING KHUPA HAYULIANG HAWAI ROAD ON EPC BASIS FROM DESIGN KM. 0.000 (KHUPA) TO KM.,ROAD TRANSPORT AND HIGHWAYS,NHIDCL,ARUNACHAL PRADESH,2017-01-01,2017-04-01,,198.22,198.22,97.65,,,,,2/4,consolidated,105
2020-04-01,N24000808,759,FOUR LANE CONNECTIVITY TO VISAKHAPATNAM PORT ROAD FROM KM. 0.000 TO KM.12.700 (DESIGN LENGTH=12.70 K,ROAD TRANSPORT AND HIGHWAYS,NHAI,ARUNACHAL PRADESH,2018-03-01,,,392.6,392.6,0,,,,,0/0,consolidated,105
2020-04-01,N24000944,760,CONSTRUCTION OF 2 LANING OF EXISTING HUNLI- ANINI ROAD ON EPC BASIS FROM DESIGN KM 106.200 TO KM 120.,ROAD TRANSPORT AND HIGHWAYS,NHIDCL,ARUNACHAL PRADESH,2016-12-01,,,200.44,200.44,79.8,,,,,0/0,consolidated,105
2020-04-01,N24000946,761,CONSTRUCTION OF 2-LANE ROAD WITH PAVED SHOULDERS FROM KM16.00 OF ROING-HUNLI SECTION TO KM 21.500 OF,ROAD TRANSPORT AND HIGHWAYS,NHIDCL,ARUNACHAL PRADESH,2017-03-01,,,1718.59,1718.59,204.77,,,,,0/0,consolidated,105
2020-04-01,N24000947,762,CONSTRUCTION OF 2 LANING OF EXISTING HUNLI- ANINI ROAD ON EPC BASIS FROM DESIGN KM 37.500 TO KM,ROAD TRANSPORT AND HIGHWAYS,NHIDCL,ARUNACHAL PRADESH,2016-05-01,,,259.52,259.52,184.51,,,,,0/0,consolidated,105
2020-04-01,N24000948,763,CONSTRUCTION OF 2 LANING OF EXISTING HUNLI- ANINI ROAD ON EPC BASIS FROM DESIGN KM 53.500 TO KM 92.50,ROAD TRANSPORT AND HIGHWAYS,NHIDCL,ARUNACHAL PRADESH,2016-09-01,,,568.92,568.92,172.88,,,,,0/0,consolidated,105
2020-04-01,N24000949,764,CONSTRUCTION OF 2 LANING OF EXISTING HUNLI- ANINI ROAD ON EPC BASIS FROM DESIGN KM 92.500 TO KM 106.5,ROAD TRANSPORT AND HIGHWAYS,NHIDCL,ARUNACHAL PRADESH,2016-12-01,,,188.78,188.78,59.98,,,,,0/0,consolidated,105
2020-04-01,N24000972,765,TWO-LANING OF JORAM – KOLORIANG ROAD (NH- 713) FROM DESIGN KM. 20+000 TO KM. 32+050 [EXISTING KM 20.0,ROAD TRANSPORT AND HIGHWAYS,NHIDCL,ARUNACHAL PRADESH,2017-02-01,,2022-04-01,175.06,175.06,35.02,,,,,0/4,consolidated,105
2020-04-01,N24000973,766,TWO-LANING OF JORAM – KOLORIANG ROAD (NH- 713) FROM DESIGN KM. 32+050 TO KM. 44+000 [EXISTING KM 35.1,ROAD TRANSPORT AND HIGHWAYS,NHIDCL,ARUNACHAL PRADESH,2017-02-01,,2022-04-01,176.12,176.12,34.21,,,,,0/4,consolidated,105
2020-04-01,N24000974,767,TWO-LANING OF JORAM – KOLORIANG ROAD (NH- 713) ON EPC BASIS FROM EXISTING KM 104.850 TO KM 122.600 (D,ROAD TRANSPORT AND HIGHWAYS,NHIDCL,ARUNACHAL PRADESH,2017-02-01,,2021-02-01,199.02,199.02,15.42,,38,,,0/4,consolidated,105
2020-04-01,N24000975,768,TWO-LANING OF JORAM – KOLORIANG ROAD (NH- 713) ON EPC BASIS FROM EXISTING KM 122.600 TO KM 138.000 (D,ROAD TRANSPORT AND HIGHWAYS,NHIDCL,ARUNACHAL PRADESH,2017-02-01,,2021-02-01,184.88,184.88,7.76,,,,,0/4,consolidated,106
2020-04-01,N24000976,769,2-LANING OF EXISTING AKAJAN LIKABALI BAME ROAD ON EPC BASIS FROM DESIGN KM. 12.000 TO KM. 33.000 (EX,ROAD TRANSPORT AND HIGHWAYS,NHIDCL,ARUNACHAL PRADESH,2015-10-01,2016-01-01,2019-01-01,210.5,210.5,126.43,,210.5,,,0/4,consolidated,106
2020-04-01,N24000977,770,BORDUMSA NAMCHIK (BURIDEHING - JAIRAMPUR) ROAD ON NH-52B (NEW NH-215) FROM KM. 0.15 (STARTING CHAIN,ROAD TRANSPORT AND HIGHWAYS,NHIDCL,ARUNACHAL PRADESH,2015-07-01,,,189.91,189.91,154.43,,,,,4/4,consolidated,106
2020-04-01,N24000978,771,2 LANING FROM KM. 40.00 TO KM. 58.27 OF CHANGLANG/ TIRAP DISTRICT BOUNDARY TO CHANGLANG OF NH-52B IN,ROAD TRANSPORT AND HIGHWAYS,NHIDCL,ARUNACHAL PRADESH,2015-03-01,,,172.75,172.75,123.72,,,,,3/4,consolidated,106
2020-04-01,N24000979,772,TWO-LANING OF HAYULIANG– HAWAI BYPASS ROAD ON EPC BASIS FROM DESIGN KM. 51.825 TO KM. 63.131 EXISTI,ROAD TRANSPORT AND HIGHWAYS,NHIDCL,ARUNACHAL PRADESH,2017-01-01,,,256.66,256.66,24.14,,,,,1/4,consolidated,106
2020-04-01,N24001194,773,WIDENING OF EXISTING ROAD TO 2 LANE NH STANDARDS ALONG WITH IMPROVEMENT AND REALIGNMENT FROM NECHIPU,ROAD TRANSPORT AND HIGHWAYS,MoRTH,ARUNACHAL PRADESH,2011-09-01,2020-03-01,,1979,1979,1213.72,,,,,0/0,consolidated,106
2020-04-01,N24001195,774,4 LANING OF NH 415 FROM DESIGN CHAINAGE 29/500 TO 40/400 (ITANAGAR TO BANDARDEWA SECTION) IN THE ST,ROAD TRANSPORT AND HIGHWAYS,MoRTH,ARUNACHAL PRADESH,2016-11-01,,2020-09-01,243.89,243.89,145.31,,,,,0/0,consolidated,106
2020-04-01,240106277,775,HARANGAJO TO MAIBANG (AS-23) KM.126.450 TO KM.140.700,ROAD TRANSPORT AND HIGHWAYS,NHAI,ASSAM,2003-12-01,2009-02-01,2019-07-01,280,520,492.41,,,,,0/0,consolidated,106
2020-04-01,240106278,776,MAIBANG TO LUMDING (AS-25) KM.83.400 TO KM.111.000,ROAD TRANSPORT AND HIGHWAYS,NHAI,ASSAM,2003-12-01,2009-04-01,,199.81,340.14,325.28,,,,,0/0,consolidated,106
2020-04-01,240106279,777,MAIBANG TO LUMDING (AS-26) KM.60.500 TO KM.83.400 NH-54,ROAD TRANSPORT AND HIGHWAYS,NHAI,ASSAM,2003-12-01,2008-11-01,,167.64,435.78,427.96,,,,,0/0,consolidated,106
2020-04-01,240106280,778,MAIBANG TO LUMDING (AS-24) KM.111.000 TO KM.126.450,ROAD TRANSPORT AND HIGHWAYS,NHAI,ASSAM,2003-12-01,2008-11-01,,155.04,255.23,251.39,,,,,0/0,consolidated,106
2020-04-01,N24000044,779,SONAPUR TO GUWAHTI (AS-3),ROAD TRANSPORT AND HIGHWAYS,NHAI,ASSAM,2003-12-01,2008-03-01,2020-08-01,245,174.34,225.65,,,,149(O),0/0,consolidated,106
2020-04-01,N24000047,780,NALBARI TO BIJNI (AS-6),ROAD TRANSPORT AND HIGHWAYS,NHAI,ASSAM,2003-12-01,2008-06-01,2019-09-01,225,225,328.47,,,,,0/0,consolidated,106
2020-04-01,N24000048,781,NALBARI T BIJNI (AS-7),ROAD TRANSPORT AND HIGHWAYS,NHAI,ASSAM,2003-12-01,2008-04-01,2020-06-01,208,230,340.4,,,,146(O),0/0,consolidated,106
2020-04-01,N24000049,782,DHARAMTUL TO SONAPUR KM 205-183 (AS-20),ROAD TRANSPORT AND HIGHWAYS,NHAI,ASSAM,2003-12-01,2008-05-01,2019-06-01,160,167.98,227.79,,,,,0/0,consolidated,106
2020-04-01,N24000062,783,HARANGAJO TO MAIBANG NH-54,ROAD TRANSPORT AND HIGHWAYS,NHAI,ASSAM,2003-12-01,2009-07-01,2018-10-01,196,655.17,655.17,,,,,0/0,consolidated,106
2020-04-01,N24000063,784,BRAHMPUTRA BRIDGE NH NO-31,ROAD TRANSPORT AND HIGHWAYS,NHAI,ASSAM,2003-12-01,2010-04-01,2019-07-01,217.61,360.84,454.21,,,,,0/0,consolidated,106
2020-04-01,N24000305,785,FOUR LANING OF NUMALIGARH TO JORHAT SECTION FROM KM. 402.500 TO KM. 453.000 (DESIGN KM 403.200 TO KM,ROAD TRANSPORT AND HIGHWAYS,NHIDCL,"ASSAM, EPC",2015-05-01,2018-05-01,2020-12-01,454.89,454.89,159.3,,,,31(O),2/4,consolidated,106
2020-04-01,N24000319,786,4 LANING OF JORHAT TO JHANJI SECTION FROM KM. 453.00 TO KM. 491.08 (DESIGN KM 403.200 TO KM 454.240),ROAD TRANSPORT AND HIGHWAYS,NHIDCL,"ASSAM, EPC",2015-06-01,2018-06-01,2021-12-01,437.39,437.39,17.61,,,,42(O),0/4,consolidated,107
2020-04-01,N24000320,787,FOUR LANING OF JHANJHI JN TO DEMOW SECTION FROM KM. 491.050 TO KM. 535.250(DESIGN KM 490.800 TO KM 5,ROAD TRANSPORT AND HIGHWAYS,NHIDCL,"ASSAM, EPC",2015-06-01,2018-06-01,2021-12-01,463.49,463.49,37.32,,,,42(O),0/4,consolidated,107
2020-04-01,N24000321,788,FOUR LANING FROM BISWANATH CHARIALI TO GOHPUR FROM KM 208 TO KM 264.10 OF NH-52,ROAD TRANSPORT AND HIGHWAYS,NHIDCL,"ASSAM, EPC",2016-06-01,2019-01-01,,829,829,320.88,,,,,2/4,consolidated,107
2020-04-01,N24000322,789,FOUR LANING FROM GOHPUR TO HOLONGI SECTION FROM KM 264.10 OF NH 52 TO KM 20.37 OF NH 52A,ROAD TRANSPORT AND HIGHWAYS,NHIDCL,"ASSAM, EPC",2015-03-01,2018-11-01,,168.39,168.39,94.75,,,,,4/4,consolidated,107
2020-04-01,N24000323,790,4 LANING FROM KALIABOR TINALI TO DOLABARI SECTION FROM KM 0.0 TO KM 17.3 OF NH 37A INCL. ADDITIONAL,ROAD TRANSPORT AND HIGHWAYS,NHIDCL,"ASSAM, EPC",2014-10-01,2018-11-01,,588.95,588.95,418.5,,,,,3/4,consolidated,107
2020-04-01,N24000392,791,2 LANING FROM KANUBARI TO START OF BOGIBEEL BRIDGE APPROACHES OF NH-52B(EXTN) IN ASSAM,ROAD TRANSPORT AND HIGHWAYS,MoRTH,"ASSAM, EPC",2010-11-01,2017-05-01,,268.08,268.08,203.15,,,,,0/0,consolidated,107
2020-04-01,N24000396,792,2 LANING OF OF LUMDING-DIPHU- MANJA ROAD (L=54.37 KM.) HAFLONG JATINGA ROAD (L=7.46 KM.) BASKA BAR,ROAD TRANSPORT AND HIGHWAYS,MoRTH,"ASSAM, ITEM RATE",2010-11-01,2011-02-01,,470.2,630.36,386.98,,,,,0/0,consolidated,107
2020-04-01,N24000411,793,STRENGTHENING AND WIDENING OF NH-44 FROM KM.173.125 TO KM. 272.241 OF NH-44 AND ALONG THE KARIMGANJ,ROAD TRANSPORT AND HIGHWAYS,MoRTH,"ASSAM, EPC",2014-11-01,2018-02-01,,218.31,307.47,263.85,,,,,0/0,consolidated,107
2020-04-01,N24000429,794,4 LANING FROM END OF NAGAON BYPASS TO RANGAGARA (KM. 278.60 TO KM. 297.00) OF NH- 37ON EPC BASIS,ROAD TRANSPORT AND HIGHWAYS,NHIDCL,"ASSAM, EPC",2015-12-01,2018-12-01,,225.02,159.2,26,,,,,1/4,consolidated,107
2020-04-01,N24000430,795,4 LANING FROM GOHPUR TO HOLONGI SECTION FROM KM 264.10 OF NH 52 TO KM 20.37 OF NH 52A,ROAD TRANSPORT AND HIGHWAYS,NHIDCL,"ASSAM, EPC",2015-12-01,2018-06-01,,223.3,223.3,94.76,,,,,3/4,consolidated,107
2020-04-01,N24000431,796,4 LANING FROM JAMUGURI TO BISWANATH CHARIALI FROM KM 182 TO KM 208 OF NH-52,ROAD TRANSPORT AND HIGHWAYS,NHIDCL,"ASSAM, EPC",1991-01-01,,,520.01,520.01,73.3,,,,,1/4,consolidated,107
2020-04-01,N24000438,797,4 LANING FROM RANGAGARA TO KALIABHOR TINALI FROM KM 297.00 TO KM 315.315 OF NH-37 ON EPC BASIS.,ROAD TRANSPORT AND HIGHWAYS,NHIDCL,"ASSAM, EPC",2015-12-01,2018-12-01,,289.99,289.99,19.57,,,,,1/4,consolidated,107
2020-04-01,N24000582,798,4 LANING OF NH-37 SECTION BETWEEN DEMOW TO END OF MORAN BYPASS (FROM KM. 534.800 TO KM. 561.700) O,ROAD TRANSPORT AND HIGHWAYS,NHIDCL,"ASSAM, EPC",2016-01-01,2016-01-01,2021-04-01,294.17,294.17,80.85,,,,63(O),1/4,consolidated,107
2020-04-01,N24000583,799,4 LANING OF NH 37 SECTION BETWEEN END OF MORAN BYPASS TO BOGIBEEL JUNCTION NEAR LAPETKETA (KM. 561,ROAD TRANSPORT AND HIGHWAYS,NHIDCL,"ASSAM, EPC",2016-01-01,2016-01-01,,252,252,86.68,,,,,0/4,consolidated,107
2020-04-01,N24000823,800,FOUR LANING OF NH-52 FROM END OF BISWANATH CHARIALI BY-PASS (KM 208.00) TO GOHPUR (KM 265.50) (TOTAL,ROAD TRANSPORT AND HIGHWAYS,NHIDCL,ASSAM,2015-03-01,2016-01-01,,829,829,320.9,,,,,2/3,consolidated,107
2020-04-01,N24000902,801,FOUR LANING OF BALACHERA-HARANGAJAO SECTION OF NH-54 (EXT) FROM KM 275.00 TO KM 244.000 IN THE STATE,ROAD TRANSPORT AND HIGHWAYS,NHIDCL,ASSAM,2017-10-01,,2020-06-01,818,818,63.92,,,,,0/4,consolidated,107
2020-04-01,N24001152,802,STRENGTHENING WITH PAVED SHOULDER FROM KM 30/0 TO KM 46/0 KM 54/0 TO KM 61/0 KM 69/0 TO KM 80/0 AN,ROAD TRANSPORT AND HIGHWAYS,MoRTH,ASSAM,2018-09-01,2021-09-01,2021-09-01,160,160,0.5,,,,0(O),0/0,consolidated,107
2020-04-01,N24001153,803,CONSTRUCTION OF SILCHAR BYPASS ON NH-53 IN ASSAM,ROAD TRANSPORT AND HIGHWAYS,MoRTH,ASSAM,2010-11-01,2014-02-01,,197.37,197.37,88.86,,,,,0/0,consolidated,108
2020-04-01,N24001196,804,OUR LANNNING OF DOLABARI TO JAMUGURI SECTION FROM KM 17.300 OF NH 37A TO KM 182.00 OF NH52 IN THE ST,ROAD TRANSPORT AND HIGHWAYS,NHIDCL,ASSAM,2017-03-01,,,1049.51,1049.51,98.01,,,,,0/0,consolidated,108
2020-04-01,N24000165,805,PATNA-MUZZAFFARPUR,ROAD TRANSPORT AND HIGHWAYS,NHAI,"BIHAR, PPP (ANNUITY)",2010-08-01,2013-02-01,,671.3,671.3,1132.48,,,,,3/4,consolidated,108
2020-04-01,N24000185,806,PATNA-BAKTZARPUR KM.181.3 TO KM.231.95,ROAD TRANSPORT AND HIGHWAYS,NHAI,"BIHAR, PPP (BOT)",2011-09-01,2014-03-01,,574,574,768.73,,,,,0/0,consolidated,108
2020-04-01,N24000186,807,2-LANNING WITH PS MOTIHARI-RAXAUL,ROAD TRANSPORT AND HIGHWAYS,NHAI,BIHAR,2011-10-01,2014-04-01,,375.09,375.09,494.33,,,,,0/0,consolidated,108
2020-04-01,N24000187,808,4-LANNING OF CHAPRA-HAJIPUR,ROAD TRANSPORT AND HIGHWAYS,NHAI,"BIHAR, PPP (ANNUITY)",2011-01-01,2013-07-01,,575,575,850.24,,,,,2/3,consolidated,108
2020-04-01,N24000188,809,2 LANNING OF MUZAFFARPUR - SONBARSA,ROAD TRANSPORT AND HIGHWAYS,NHAI,"BIHAR, PPP (ANNUITY)",2011-05-01,2013-11-01,2020-03-01,511.54,591,572.19,,,,,0/0,consolidated,108
2020-04-01,N24000382,810,REHABILITATION AND UPGRADING TO 2 LANES/2 LANE WITH PAVED SHOULDERS CONFIGURATION OF BIRPUR - BIHPUR,ROAD TRANSPORT AND HIGHWAYS,MoRTH,"BIHAR, EPC",1991-01-01,,,675,675,154.56,,,,,0/0,consolidated,108
2020-04-01,N24000398,811,REHABILITATION AND UPGRADING TO 2 LANES/2 LANE WITH PAVED SHOULDERS CONFIGURATION OF ANISABAD-AURANG,ROAD TRANSPORT AND HIGHWAYS,MoRTH,"BIHAR, ITEM RATE",1991-01-01,2016-08-01,,282.41,322.01,278.45,,,,,0/0,consolidated,108
2020-04-01,N24000402,812,REHABILITATION AND UPGRADING TO 2 LANES/2 LANE WITH PAVED SHOULDERS CONFIGURATION OF ANISABAD-AURANG,ROAD TRANSPORT AND HIGHWAYS,MoRTH,"BIHAR, ITEM RATE",1991-01-01,2016-10-01,,358.22,377.64,325.19,,,,,0/0,consolidated,108
2020-04-01,N24000473,813,FOUR LANING OF PATNA TO KOILWAR,ROAD TRANSPORT AND HIGHWAYS,NHAI,BIHAR,2015-08-01,,,556.07,556.07,0,,,,,0/0,consolidated,108
2020-04-01,N24000480,814,FOUR OF SIMARIA - KHAGARIA SECTION OF NH-31,ROAD TRANSPORT AND HIGHWAYS,NHAI,BIHAR,2015-12-01,2019-04-01,,1041.1,1041.1,214.34,,,,,0/0,consolidated,108
2020-04-01,N24000482,815,FOUR LANING OF KOILWAR TO BHOJPUR,ROAD TRANSPORT AND HIGHWAYS,NHAI,BIHAR,2015-08-01,,,814.04,825.17,646.72,,,,,2/3,consolidated,108
2020-04-01,N24000501,816,FOUR LANING OF FORBESGANJ - JOGBANI,ROAD TRANSPORT AND HIGHWAYS,NHAI,BIHAR,2015-08-01,2018-04-01,2020-12-01,322.09,322.09,77.53,,,,32(O),0/0,consolidated,108
2020-04-01,N24000506,817,FOUR LANING OF BHOJPUR TO BUXAR,ROAD TRANSPORT AND HIGHWAYS,NHAI,BIHAR,1991-01-01,,2020-10-01,642.41,681.67,402.94,,,,,1/2,consolidated,108
2020-04-01,N24000507,818,FOUR LANING OF BAKHTIYARPUR - MOKAMA SECTION OF NH-31,ROAD TRANSPORT AND HIGHWAYS,NHAI,BIHAR,2015-12-01,,,1167.45,1167.45,113.26,,,,,0/0,consolidated,108
2020-04-01,N24000518,819,TWO LANING WITH PS OF BIHARAHARIF -BARBIGHA - MOKAMA,ROAD TRANSPORT AND HIGHWAYS,NHAI,BIHAR,2015-08-01,2019-04-01,,399.54,297.27,509.75,,,,,3/4,consolidated,108
2020-04-01,N24000519,820,REHABILITATION AND UPGRADING TO 2 LANES-2 LANE WITH PAVED SHOULDERS CONFIGURATION OF,ROAD TRANSPORT AND HIGHWAYS,MoRTH,BIHAR,1991-01-01,,,478.35,478.35,0,,,,,0/0,consolidated,108
2020-04-01,N24000521,821,TWO LANING WITH PS OF CHHAPRA -GOPALGANJ,ROAD TRANSPORT AND HIGHWAYS,NHAI,BIHAR,2015-08-01,,,854.8,854.8,558.04,,,,,3/4,consolidated,108
2020-04-01,N24000522,822,TWO LANING WITH PS OF CHHAPRA -REWAGHAT - MUZAFFARPUR,ROAD TRANSPORT AND HIGHWAYS,NHAI,BIHAR,2015-08-01,2018-04-01,,516.13,516.13,395.25,,,,,4/4,consolidated,108
2020-04-01,N24000530,823,REHABILITATION AND UPGRADING TO 2 LANES/2 LANE WITH PAVED SHOULDERS CONFIGURATION OF SITAMARHIKM 40,ROAD TRANSPORT AND HIGHWAYS,MoRTH,"BIHAR, EPC",1991-01-01,,,154.62,154.62,0,,,,,0/0,consolidated,108
2020-04-01,N24000531,824,REHABILITATION AND UPGRADING TO 2 LANES/2 LANE WITH PAVED SHOULDERS (KM 40 TO KM 219.945) OF NH-104,ROAD TRANSPORT AND HIGHWAYS,MoRTH,"BIHAR, EPC",1991-01-01,,,319.68,369.77,113.67,,,,,0/0,consolidated,109
2020-04-01,N24000537,825,REHABILITATION AND UPGRADING TO 2 LANE WITH PAVED SHOULDERS CONFIGURATION AND STRENGTHENING OF ANISH,ROAD TRANSPORT AND HIGHWAYS,MoRTH,BIHAR,2013-10-01,2014-08-01,,278.39,278.39,0,,,,,0/0,consolidated,109
2020-04-01,N24000574,826,ENGINEERING PROCUREMENT AND CONSTRUCTION OF REHABILITATION AND UPGRADING TO 2-LANES/2 -LANE WITH P,ROAD TRANSPORT AND HIGHWAYS,MoRTH,BIHAR,2013-11-01,2016-07-01,,683.83,560.7,597,,,,,0/0,consolidated,109
2020-04-01,N24000575,827,REHABILITATION AND UPGRADING TO 2 LANES/2 LANE WITH PAVED SHOULDERS CONFIGURATION AND STRENGTHENING,ROAD TRANSPORT AND HIGHWAYS,MoRTH,BIHAR,2014-02-01,2016-07-01,,665.5,665.5,0,,,,,0/0,consolidated,109
2020-04-01,N24000576,828,ENGINEERING PROCUREMENT AND CONSTRUCTION OF REHABILITATION AND UPGRADING TO 2-LANES/2 -LANE WITH P,ROAD TRANSPORT AND HIGHWAYS,MoRTH,BIHAR,2016-02-01,2016-05-01,,178.85,152.62,40.44,,,,,0/0,consolidated,109
2020-04-01,N24000577,829,ENGINEERING PROCUREMENT AND CONSTRUCTION OF REHABILITATION AND UPGRADING TO 2-LANES/2 -LANE WITH P,ROAD TRANSPORT AND HIGHWAYS,MoRTH,BIHAR,2016-02-01,2016-06-01,,369.77,369.77,0,,,,,0/0,consolidated,109
2020-04-01,N24000578,830,ENGINEERING PROCUREMENT AND CONSTRUCTION OF REHABILITATION AND UPGRADING TO 2-LANES/2 -LANE WITH P,ROAD TRANSPORT AND HIGHWAYS,MoRTH,BIHAR,2016-02-01,2016-05-01,,553.3,478.35,289.14,,,,,0/0,consolidated,109
2020-04-01,N24000579,831,FOUR LANING OF GAYA-HISUA-RAJGIRI-NALANDA- BIHARSHARIF SECTION (KM0.00 TO 92.935) ON NH- 82 IN BIHAR,ROAD TRANSPORT AND HIGHWAYS,MoRTH,BIHAR,2014-01-01,2016-10-01,,1408.85,925.87,586.18,,,,,0/0,consolidated,109
2020-04-01,N24000580,832,STRENGTHENING AND WIDENING WORK OF EXISTING 2-LANE TO TWO LANE WITH PAVED SHOULDER AND GEMETRIC IMPR,ROAD TRANSPORT AND HIGHWAYS,MoRTH,BIHAR,2015-03-01,2016-07-01,,206.8,206.8,74.04,,,,,0/0,consolidated,109
2020-04-01,N24000581,833,CONSTRUCTION OF BHAGALPUR BYPASS FROM KM 124/175 TO 140/200 OF NH-80 UNDER EPC MODE,ROAD TRANSPORT AND HIGHWAYS,MoRTH,BIHAR,2015-08-01,2015-11-01,,288.24,288.24,286.46,,,,,0/0,consolidated,109
2020-04-01,N24000590,834,BALANCE WORK OF 4 LANING OF GORAKPUR - GOPALGANJ,ROAD TRANSPORT AND HIGHWAYS,NHAI,BIHAR,2015-05-01,2017-05-01,,581.84,581.84,89.69,,,,,0/0,consolidated,109
2020-04-01,N24000610,835,REHABILIATION OF 4-LANE 5.575 KM LONG 4-LANE MG SETU OVER GANGA RIVER ON NH-19 FROM KM 212.72 TO KM,ROAD TRANSPORT AND HIGHWAYS,MoRTH,BIHAR,2016-08-01,2016-12-01,,1742.01,1742.01,1034.37,,,,,0/0,consolidated,109
2020-04-01,N24000665,836,TWO-LANNING WITH PAVED SHOULDER OF MAHSHKUNT-SAHARSA-PURNEA SECTION FROM EXISTING KM.89.020 (DESIGN,ROAD TRANSPORT AND HIGHWAYS,NHAI,BIHAR,2017-03-01,2020-03-01,,672.89,736.01,0,,,,,0/0,consolidated,109
2020-04-01,N24000666,837,CONSTRUCTION OF ROAD APPROACHES TO RAIL- CUM-ROAD BRIDGE ACROSS RIVER GANGA AT MUNGER GHAT NEAR MUNGE,ROAD TRANSPORT AND HIGHWAYS,NHAI,BIHAR,2017-03-01,2020-03-01,2021-05-01,235.48,227.77,11,,,,14(O),0/0,consolidated,109
2020-04-01,N24000696,838,SIX LANNING OF AUNTA-SIMARIA(GANGA BRIDGE WITH APPROACH ROADS) SECTION OF NH-31,ROAD TRANSPORT AND HIGHWAYS,NHAI,"BIHAR, Central Sector Projects",2017-08-01,2017-08-01,2022-02-01,950.64,950.64,102.51,,,,54(O),0/0,consolidated,109
2020-04-01,N24000714,839,CONSTRUCTION OF NEW LINK (NH-133B) FROM KM 0/00 (KM 200/87 OF SAHIBANJ BYPASS) IN JHARKHAND TO KM 15,ROAD TRANSPORT AND HIGHWAYS,NHAI,BIHAR,2017-12-01,,,2598,2598,0,,,,,0/0,consolidated,109
2020-04-01,N24000723,840,REHABILITATION AND UPGRADATION OF TWO LANING OF MAHESHKHUNT - SAHARSA - PURNEA SECTION PKG - I,ROAD TRANSPORT AND HIGHWAYS,NHAI,BIHAR,2018-01-01,,,573.7,573.7,0,,,,,0/0,consolidated,110
2020-04-01,N24000724,841,SIX LANING OF AURANGABAD TO BIHAR - JHARKHAND BORDER (CHORDAHA) SECTION,ROAD TRANSPORT AND HIGHWAYS,NHAI,BIHAR,2018-01-01,,,895.39,895.39,0,,,,,0/0,consolidated,110
2020-04-01,N24000813,842,DEVELOPMENT OF NEWLY DECLARED NH-527C FROM MAJHAULI TO CHAROUT SECTION TO 2 LANE WITH PAVED SHOULDER,ROAD TRANSPORT AND HIGHWAYS,NHAI,BIHAR,2018-03-01,,,496.2,496.2,0,,,,,0/0,consolidated,110
2020-04-01,N24000943,843,CONSTRUCTION OF A NEW 4 LANE MAJOR BRIDGE ACROSS RIVER KOSI AT PHULAUT INCLUDING RHABILITATION AND,ROAD TRANSPORT AND HIGHWAYS,MoRTH,BIHAR,2018-09-01,,,1478.4,1478.4,0,,,,,0/0,consolidated,110
2020-04-01,N24000999,844,WIDENING TO 2 LANE WITH PAVED SHOULDER FROM KM 0.00 TO 40.00 ON EPC MODE ON NH 2C,ROAD TRANSPORT AND HIGHWAYS,MoRTH,BIHAR,2016-11-01,2019-10-01,,230.34,230.34,178.39,,,,,0/0,consolidated,110
2020-04-01,N24001000,845,STRENGTHENING AND WIDENING TO 2 LANE WITH PAVED SHOULDER FROM KM 103.865 TO 142.050 (GAYA-GOH) OF NH,ROAD TRANSPORT AND HIGHWAYS,MoRTH,BIHAR,2018-03-01,,,153.24,153.24,2.06,,,,,0/0,consolidated,110
2020-04-01,N24001001,846,WANDS OF EXISTING SINGLE LANE TO DOUBLE LANE CARRIAGEWAY IN KM 0 TO 40 OF NH-104 IN BIHAR UNDER EPC,ROAD TRANSPORT AND HIGHWAYS,MoRTH,BIHAR,2014-05-01,2016-08-01,2020-12-01,199.98,199.98,153.43,,,,52(O),0/0,consolidated,110
2020-04-01,N24001201,847,CONSTRUCTION OF A NEW 4 LANE BRIDGE PARALLEL TO EXISTING MG SETU WITH ITS APPROACHES FROM KM 0.00,ROAD TRANSPORT AND HIGHWAYS,MoRTH,BIHAR,2019-02-01,,,2926.42,2926.42,0,,,,,0/0,consolidated,110
2020-04-01,N24001223,848,WIDENING OF SL TO 2 L KM. 107-184.80 SUKUMA TO KONTA ON NH 221,ROAD TRANSPORT AND HIGHWAYS,MoRTH,CHANDIGARH,2010-03-01,2013-03-01,,179.89,271,0,,271,,,0/0,consolidated,110
2020-04-01,N24001225,849,WIDENING OF SL TO 2 L KM. 287.0 TO 292.0 322.0 TO 342.0 AND KM 352.0 TO 400.0 OF NH16 INCLUDING 1,ROAD TRANSPORT AND HIGHWAYS,MoRTH,CHANDIGARH,2010-12-01,2019-01-01,,169.26,299,0,,299,,,0/0,consolidated,110
2020-04-01,N24000281,850,REHABILITATION AND UP GRADATION OF NH-12A FROM KM191.422-KM 242.300 CHILPI- KAWARDHA SECTION.,ROAD TRANSPORT AND HIGHWAYS,MoRTH,"CHHATISGARH, EPC",2015-12-01,,,291.05,291.05,182.16,,,,,0/0,consolidated,110
2020-04-01,N24000287,851,REHABILITATION AND UPGRADATION OF NH-111 FROM KM. 82.500 TO 163.400 (KATHGHORA TO SHIVNAGAR SECTION,ROAD TRANSPORT AND HIGHWAYS,MoRTH,"CHHATISGARH, EPC",2015-11-01,2015-12-01,,485.44,485.44,447.13,,,,,0/0,consolidated,110
2020-04-01,N24000495,852,FOUR LANING OF SIMGA - SARAGAON,ROAD TRANSPORT AND HIGHWAYS,NHAI,CHHATISGARH,2015-12-01,2018-05-01,2019-10-01,596.67,596.67,412.52,,,,,0/0,consolidated,110
2020-04-01,N24000502,853,FOUR LANING OF SARAGAON - BILASPUR,ROAD TRANSPORT AND HIGHWAYS,NHAI,CHHATISGARH,2015-12-01,2018-04-01,2018-08-01,509.13,509.13,412.66,,,,,0/0,consolidated,110
2020-04-01,N24000814,854,4-LANE WITH PAVED SHOULDER CONFIGURATION OF BILASPUR-PATHRAPALI (KM.0+000 TO KM. 53+300) SECTION OF,ROAD TRANSPORT AND HIGHWAYS,NHAI,CHHATISGARH,2018-03-01,,2021-03-01,1029.96,1261.05,97.55,,,,,0/0,consolidated,110
2020-04-01,N24001217,855,REHABILITATION AND UPGRADATION OF NH 43 KANKER TO BEDMA SECTION KM. 130 TO 180,ROAD TRANSPORT AND HIGHWAYS,MoRTH,CHHATISGARH,2016-01-01,2016-08-01,,497.14,497.14,187.31,,,,,0/0,consolidated,110
2020-04-01,N24001218,856,REHABILITATION AND UPGRADATION OF NH 111 FROM KM 163.400 TO 215.800 SHIVNAGAR TO AMBIKAPUR SECTION,ROAD TRANSPORT AND HIGHWAYS,MoRTH,CHHATISGARH,2015-11-01,2017-06-01,,335.32,335.32,219.47,,,,,0/0,consolidated,110
2020-04-01,N24001219,857,REHABILITATION AND UPGRADATION OF NH 200 FROM KM 178.944 TO 241.553 BANARI VILLAGE TO MASANIA KALA V,ROAD TRANSPORT AND HIGHWAYS,MoRTH,CHHATISGARH,2016-01-01,2016-09-01,,476.2,544,372.77,,544,,,0/0,consolidated,111
2020-04-01,N24001220,858,REHABILITATION AND UPGRADATION OF NH 200 FROM KM 127.500 TO 178.944 DARRIGHAT TO BANARI SECTION,ROAD TRANSPORT AND HIGHWAYS,MoRTH,CHHATISGARH,2016-03-01,2016-09-01,,491.52,491.52,473.67,,,,,0/0,consolidated,111
2020-04-01,N24001221,859,REHABILITATION AND UPGRADATION OF NH 78 FROM KM 373.505 TO 469.300 AMBIKAPUR TO PATHALGAON SECTION,ROAD TRANSPORT AND HIGHWAYS,MoRTH,CHHATISGARH,2016-01-01,2016-10-01,,624.98,624.98,264.76,,,,,0/0,consolidated,111
2020-04-01,N24001222,860,REHABILITATION AND UPGRADATION OF NH 78 FROM KM 469.000 TO 531.000 PATTHALGAON TO KUNKURI,ROAD TRANSPORT AND HIGHWAYS,MoRTH,CHHATISGARH,2016-03-01,2016-07-01,,452.94,452.94,66.27,,,,,0/0,consolidated,111
2020-04-01,N24001224,861,REHABILITATION AND UPGRADATION OF NH 78 FROM KM 531.250 TO KM 597.946 KUNKURI TO CG JH BORDER SECTIO,ROAD TRANSPORT AND HIGHWAYS,MoRTH,CHHATISGARH,2017-03-01,2018-01-01,,423.79,423.79,194,,,,,0/0,consolidated,111
2020-04-01,N24001226,862,REHABILITATION AND UPGRADATION OF NH 216 FROM KM 3.800 TO 90.460 RAIGARH TO SARAIPALLI SECTION,ROAD TRANSPORT AND HIGHWAYS,MoRTH,CHHATISGARH,2014-12-01,2015-03-01,,496.02,496.02,225.69,,,,,0/0,consolidated,111
2020-04-01,N24001228,863,UPGRADATION AND WIDENING OF BILASPUR TO MUNGELI SECTION NH-130A,ROAD TRANSPORT AND HIGHWAYS,MoRTH,CHHATISGARH,2017-11-01,2019-05-01,,188.8,188.8,0,,,,,0/0,consolidated,111
2020-04-01,N24001229,864,UPGRADATION AND WIDENING OF MP BORDER TO SURAJPUR SECTION NH 43 FROM KM. 245 TO 331,ROAD TRANSPORT AND HIGHWAYS,MoRTH,CHHATISGARH,2014-12-01,2017-11-01,,379.16,379.16,0,,,,,0/0,consolidated,111
2020-04-01,N24001184,865,IMPROVEMENT OF JUNCTION AT DHAULA KUAN ON NH-8,ROAD TRANSPORT AND HIGHWAYS,NHIDCL,DELHI,2017-07-01,2019-09-01,,269.69,269.69,0,,,,,0/0,consolidated,111
2020-04-01,N24000251,866,FOUR LANNING OF NH-4A(NH-748) FROM KM 118 TO 125 INCL.FOUR LANE KHNDEAPAR BRIDGE,ROAD TRANSPORT AND HIGHWAYS,MoRTH,"GOA, EPC",2015-03-01,2018-04-01,,297,297,290.64,,,,,0/1,consolidated,111
2020-04-01,N24000257,867,CONSTRUCTION OF MARGOA WESTERN BYPASS FOR NH-17 (NEW NH-66 ) FROM KM. 26 /200 ( CHAINAGE 00/00) TO K,ROAD TRANSPORT AND HIGHWAYS,MoRTH,GOA,2015-03-01,,,298.33,298.33,160.33,,,,,0/4,consolidated,111
2020-04-01,N24000258,868,CONST. OF MISSING LINK BETWEEN KM. 11/680 TO KM. 14/020 AND WIDENING OF EXISTING TWO LANE ROAD,ROAD TRANSPORT AND HIGHWAYS,MoRTH,"GOA, EPC",2015-03-01,,,184.05,184.05,96.58,,,,,2/4,consolidated,111
2020-04-01,N24000259,869,CONST. OF CANACONA BYPASS FROM KM.68/00 (CH.00/00) TO KM. 85/740 (CH. 7/740 ON PANAJI - MANGALORE SE,ROAD TRANSPORT AND HIGHWAYS,MoRTH,"GOA, EPC",2015-03-01,,,280.16,290.59,219.47,,,,,3/4,consolidated,111
2020-04-01,N24000444,870,CONSTRUCTION OF BRIDGE INCLUDING APPROACHES ACROSS RIVER ZUARI ON NH-17 (NH- 66) ON PANJIM-MANGALORE,ROAD TRANSPORT AND HIGHWAYS,MoRTH,"GOA, EPC",2015-10-01,,,936.4,936.4,262.25,,,,,0/0,consolidated,111
2020-04-01,N24000514,871,WIDENING TO 4/6 LANES OF EXISTING NH-17 FROM KM 531/934 (AFTER ZUARI BR.) TO KM 536/250 JN. WITH VER,ROAD TRANSPORT AND HIGHWAYS,MoRTH,"GOA, EPC",2015-12-01,,,773.98,773.98,259.66,,,,,0/0,consolidated,111
2020-04-01,N24000516,872,WIDENING TO 4/6/8 LANES OF EXISTING NH-17 FROM KM 522/615 (NEAR GMC) TO KM 530/850 JOINING NEW ZUIAR,ROAD TRANSPORT AND HIGHWAYS,MoRTH,"GOA, EPC",2015-12-01,,,819.95,819.95,193.63,,,,,0/0,consolidated,111
2020-04-01,N24001004,873,PATRADEVI TO KARASWADA 4L,ROAD TRANSPORT AND HIGHWAYS,MoRTH,GOA,2017-03-01,2020-05-01,2020-05-01,634.32,634.32,109.33,,,,0(O),1/4,consolidated,111
2020-04-01,N24001005,874,KARASWADA TO BAMBOLIM,ROAD TRANSPORT AND HIGHWAYS,MoRTH,GOA,2017-03-01,2019-12-01,,852.67,852.67,86.04,,,,,1/4,consolidated,112
2020-04-01,N24000125,875,GUJARAT/MAHARASHTRA BORDERSURAT-HAZIRA PORT SECTION,ROAD TRANSPORT AND HIGHWAYS,NHAI,"GUJARAT, PPP (BOT)",2010-03-01,2012-09-01,,1509.1,1509.1,3684.44,,,,,2/3,consolidated,112
2020-04-01,N24000175,876,KANDLA - MUNDRA PORT,ROAD TRANSPORT AND HIGHWAYS,NHAI,"GUJARAT, PPP (BOT)",2011-01-01,2013-07-01,2020-11-01,953.88,953.88,976.79,,,,88(O),0/0,consolidated,112
2020-04-01,N24000222,877,AHMEDABAD TO VADODARA SECTION,ROAD TRANSPORT AND HIGHWAYS,NHAI,"GUJARAT, PPP (BOT)",2013-01-01,2015-12-01,,2125.24,2125.24,4669.71,,,,,3/3,consolidated,112
2020-04-01,N24000361,878,VADODARA-SURAT SECTION,ROAD TRANSPORT AND HIGHWAYS,NHAI,GUJARAT,2014-03-01,2016-08-01,2017-10-01,503.16,503.16,389.5,,,,,0/0,consolidated,112
2020-04-01,N24000567,879,FOUR LANING OF BHAVNAGAR-TALAJA SECTION OF NH-8E FROM KM. 7.090 TO KM. 53.585 (DESIGN CH FROM KM. 6.,ROAD TRANSPORT AND HIGHWAYS,NHAI,GUJARAT,2016-05-01,,,998.18,998.18,441.8,,,,,2/2,consolidated,112
2020-04-01,N24000568,880,FOUR LANING OF TALAJA – MAHUVA SECTION OF NH – 8E FROM KM. 53.585 TO KM. 100.100 (DESIGN CHAINAGE FR,ROAD TRANSPORT AND HIGHWAYS,NHAI,GUJARAT,2016-05-01,,,834.64,834.64,319.33,,,,,1/1,consolidated,112
2020-04-01,N24000569,881,FOUR LANING OF KAGAVADAR - UNA SECTION OF NH-8E FROM KM 139.915 TO KM 180.478 (PACKAGE- IV) IN THE ST,ROAD TRANSPORT AND HIGHWAYS,NHAI,GUJARAT,2016-05-01,,,723.64,723.64,313.19,,,,,2/2,consolidated,112
2020-04-01,N24000570,882,FOUR LANING OF UNA TO KODINAR OF NH-8E FROM KM. 180.478 TO KM 221.610 (PACKAGE-V) IN THE STATE OF GU,ROAD TRANSPORT AND HIGHWAYS,NHAI,GUJARAT,2016-05-01,,,763.08,763.08,392.34,,,,,2/2,consolidated,112
2020-04-01,N24000571,883,SIX-LANING OF KAMREJ-CHALTHAN SECTION OF NH-8 FROM KM 248.100 TO KM 264.350 INCLUDING LONG TERM REME,ROAD TRANSPORT AND HIGHWAYS,NHAI,GUJARAT,2016-05-01,,,425.6,425.6,105.83,,,,,0/0,consolidated,112
2020-04-01,N24000572,884,CONSTRUCTION OF 4-LANE LADDOWAL BYPASS,ROAD TRANSPORT AND HIGHWAYS,NHAI,GUJARAT,2016-05-01,,2020-08-01,364.56,392,291.25,,,,,0/0,consolidated,112
2020-04-01,N24000592,885,4-LANNING OF KODINAR TO VERAVAL SECTION OF NH-8E FROM KM 221.610 TO KM 263.000,ROAD TRANSPORT AND HIGHWAYS,NHAI,GUJARAT,2016-07-01,,2020-01-01,829.97,829.97,195.06,,,,,0/0,consolidated,112
2020-04-01,N24000635,886,2-LANE WITH PAVED SHOULDERS OF GADU- PORBANDER SECTION,ROAD TRANSPORT AND HIGHWAYS,NHAI,GUJARAT,2016-12-01,,2019-09-01,417.19,417.19,264.78,,,,,0/3,consolidated,112
2020-04-01,N24000649,887,SIX LANNING FROM KM. 401.200 TO 494.410 OF NH-8 ON HYBRID ANNUITY MODE UNDER NHDP-V(PKG VI)REG.,ROAD TRANSPORT AND HIGHWAYS,NHAI,GUJARAT,2017-01-01,,2021-01-01,1251.11,1251.11,1084.26,,,,,0/0,consolidated,112
2020-04-01,N24000693,888,4-LANNING OF PORBANDAR DWARKA SECTION IN THE STATE OF GUJARAT,ROAD TRANSPORT AND HIGHWAYS,NHAI,GUJARAT,2017-06-01,2020-06-01,2021-02-01,1958.88,1993.81,1116.85,,,,8(O),0/3,consolidated,112
2020-04-01,N24000701,889,JUNAGADH BYPASS,ROAD TRANSPORT AND HIGHWAYS,NHAI,"GUJARAT, Central Sector Projects",2017-10-01,2017-10-01,,232.49,232.49,0,,,,,0/0,consolidated,112
2020-04-01,N24000801,890,SIX LANING OF SHAMLA JI TO MOTACHILODHA FROM KM 401.200 TO KM 494.410 (LENGTH 93.210 KM) SECTION OF,ROAD TRANSPORT AND HIGHWAYS,NHAI,GUJARAT,2018-02-01,,2021-01-01,1052.21,1449,342.39,,,,,0/0,consolidated,112
2020-04-01,N24000815,891,CONSTRUCTION OF EIGHT LANE VADODARA KIM EXPRESSWAY FROM KM 355.00 TO KM 378.740 (PADRA TO VADODARA S,ROAD TRANSPORT AND HIGHWAYS,NHAI,GUJARAT,2018-03-01,,2021-01-01,2702.05,2043,0,,,,,0/0,consolidated,112
2020-04-01,N24000833,892,CONSTRUCTION OF EIGHT LANE VADODARA KIM EXPRESSWAY FROM KM 279.00 TO 292.00 (ANKLESHWAR TO MANUBAR S,ROAD TRANSPORT AND HIGHWAYS,NHAI,GUJARAT,2018-03-01,,2021-07-01,1437.64,1437.64,564.11,,,,,0/0,consolidated,112
2020-04-01,N24000834,893,CONSTRUCTION OF EIGHT LANE VADODARA KIM EXPRESSWAY FROM KM 254.430 TO KM 279.000 (KIM TO ANKLESHWAR,ROAD TRANSPORT AND HIGHWAYS,NHAI,GUJARAT,2018-03-01,,,1161.39,1161.39,0,,,,,0/0,consolidated,113
2020-04-01,N24000920,894,WIDENING FROM TWO LANE TO FOUR LANE WITH PAVED SHOULDER AND STRENGTHNING OF EXISTING PAVEMENT BETWEE,ROAD TRANSPORT AND HIGHWAYS,MoRTH,GUJARAT,2016-03-01,2017-02-01,,223.67,223.67,112.81,,,,,4/4,consolidated,113
2020-04-01,N24000921,895,UPGRADATION TO 2 LANE WITH PAVED SHOULDER WITH RIGID PAVEMETS FROM 37/400 TO KM 66/700 ON NH 848 ON,ROAD TRANSPORT AND HIGHWAYS,MoRTH,"GUJARAT, EPC",2016-03-01,2016-02-01,,208.34,208.34,112.87,,,,,0/4,consolidated,113
2020-04-01,N24000922,896,DEVELOPMENT OF CHILODA GANDHINAGAR SARKHEJ OF NH 147 OLD NH 8C FROM KM 0/0 TO KM 44/042 IN THE STATE,ROAD TRANSPORT AND HIGHWAYS,MoRTH,"GUJARAT, EPC",2017-12-01,2018-11-01,,867.97,867.97,232.58,,,,,1/4,consolidated,113
2020-04-01,N24000923,897,UPGRADATION OF NEW NATIONAL HIGHWAY NO 168 TO TWO LANE WITH PAVED SIDE SHOULDER CONFIGURATION BETWEE,ROAD TRANSPORT AND HIGHWAYS,MoRTH,"GUJARAT, EPC",2018-03-01,2018-11-01,,464.07,464.07,166.81,,,,,2/4,consolidated,113
2020-04-01,N24000925,898,CONSTRUCTION OF MISSING LINKS (SINGLE LANE) IN LAKHPAT GADULI HAJIPIR ODMA KHAVDA DHOLAVIRA MAUVANA,ROAD TRANSPORT AND HIGHWAYS,MoRTH,"GUJARAT, EPC",2018-10-01,2019-05-01,,400.76,400.76,64.52,,,,,1/4,consolidated,113
2020-04-01,N24000926,899,CONSTRUCTION OF SIGNATURE BRIDGE BETWEEN DWARKA AND BEY DWARKA AND ITS APPROACHES IN THE STATE OF GU,ROAD TRANSPORT AND HIGHWAYS,MoRTH,"GUJARAT, EPC",2017-08-01,2018-03-01,,962.43,962.43,115.08,,,,,0/4,consolidated,113
2020-04-01,N24001197,900,UP GRADATION OF NEWLY DECLARED NH 341 TO TWO LANE WITH PAVED SHOULDER CONFIGURATION BETWEEN KM. 65.4,ROAD TRANSPORT AND HIGHWAYS,MoRTH,GUJARAT,2018-03-01,2021-06-01,2021-06-01,351,351,13.27,,,,0(O),0/0,consolidated,113
2020-04-01,N24000122,901,DELHI/ HARYANA BORDER TO ROHTAK,ROAD TRANSPORT AND HIGHWAYS,NHAI,"HARYANA, PPP (BOT)",2007-04-01,2010-05-01,,486,486,470.01,,,,,0/0,consolidated,113
2020-04-01,N24000133,902,PANIPAT-JALANDHAR 6 LANE(KM 96 TO 387.1 KM),ROAD TRANSPORT AND HIGHWAYS,NHAI,"HARYANA, PPP (BOT)",2009-05-01,2011-11-01,2020-03-01,1108,2967.5,3990.72,,2967.5,,,0/0,consolidated,113
2020-04-01,N24000347,903,FOUR LANING OF HISAR - DABWALI SECTION WITH PS - PACKAGE -I,ROAD TRANSPORT AND HIGHWAYS,NHAI,HARYANA,2015-08-01,2018-02-01,,723.54,1286.84,1163.64,,,,,0/0,consolidated,113
2020-04-01,N24000443,904,4 LANING OF AMBALA - KAITHAL - PACKAGE -1,ROAD TRANSPORT AND HIGHWAYS,NHAI,HARYANA,2015-12-01,2016-06-01,2019-12-01,602.95,507.7,496.22,,507.7,,,0/0,consolidated,113
2020-04-01,N24000448,905,4 LANING OF AMBALA - KAITHAL - PACKAGE -2,ROAD TRANSPORT AND HIGHWAYS,NHAI,HARYANA,2016-01-01,2018-07-01,2019-11-01,574.28,537.16,514.61,,537.16,,,0/0,consolidated,113
2020-04-01,N24000449,906,8 LANING OF MUKARBA CHOWK TO PANIPAT,ROAD TRANSPORT AND HIGHWAYS,NHAI,"HARYANA, PPP (BOT)",2015-07-01,2019-04-01,,2128.72,2128.72,971.24,,,,,0/0,consolidated,113
2020-04-01,N24000492,907,FOUR LANING OF HISAR - DABWALI SECTION WITH PS - PACKAGE -2,ROAD TRANSPORT AND HIGHWAYS,NHAI,HARYANA,2015-11-01,2018-05-01,,867.66,1464.24,1289.81,,,,,0/0,consolidated,113
2020-04-01,N24000608,908,CONSTRUCTION OF FOUR LANING OF UP/HARYANA NH-73,ROAD TRANSPORT AND HIGHWAYS,NHAI,HARYANA,2016-08-01,2019-05-01,2020-05-01,248.97,248.97,262.48,,,,12(O),0/0,consolidated,113
2020-04-01,N24000625,909,CONSTRUCTION OF FLYOVER/UNDERPASS FOR IMPROVEMENT OF EXISTING JUNCTIONS AT IFFCO CHOWK AT KM. 28.211,ROAD TRANSPORT AND HIGHWAYS,NHAI,HARYANA,2016-09-01,2019-05-01,,1004.67,813.45,577.21,,,,,0/0,consolidated,113
2020-04-01,N24000664,910,4-LANNING OF PUNJAB HARYANA BORDER-JIND SECTION OF NH-71 FROM KM 238.695 TO KM 307.00 ON DBFOT TOLL,ROAD TRANSPORT AND HIGHWAYS,NHAI,HARYANA,2017-03-01,2020-03-01,,639.79,552.9,578.15,,,,,0/0,consolidated,113
2020-04-01,N24000835,911,CONSTRUCTION OF 8 LANE DWARKA EXPRESSWAY (NH-248BB PACKAGE IV FROM RAIL OVER BRIDGE (ROB) TILL END P,ROAD TRANSPORT AND HIGHWAYS,NHAI,HARYANA,2018-03-01,,2020-12-01,1484.3,1484.3,147.35,,,,,0/0,consolidated,114
2020-04-01,N24000836,912,REHABILITATION AND UP-GRADATION FROM 2 LANE WITH PAVED SHOULDER FOR BHIWANI-MUNDAL- JIND ROAD FROM DE,ROAD TRANSPORT AND HIGHWAYS,NHAI,HARYANA,2018-03-01,,,275.12,275.12,134.8,,,,,0/0,consolidated,114
2020-04-01,N24000837,913,REHABILITATION AND UP-GRADATION FROM 2 LANE WITH PAVED SHOULDER FOR JIND - KARNAL SECTION FROMEXISTI,ROAD TRANSPORT AND HIGHWAYS,NHAI,HARYANA,2018-03-01,,,307.79,307.79,160.12,,,,,0/0,consolidated,114
2020-04-01,N24000839,914,SIX LANING AND STRENGTHENING OF NEW NH-248A FROM EXISTING KM 11+682 TO EXISTING KM 24+400 IN THE STA,ROAD TRANSPORT AND HIGHWAYS,NHAI,HARYANA,2018-03-01,,2021-07-01,634.7,931.21,143.54,,,,,0/0,consolidated,114
2020-04-01,N24000841,915,SIX LANING AND STREGTHENING OF NH-248A FROM EXISTING KM 2.740 (RAJIV CHOWK) TO KM 11.682 (PACKAGE-I),ROAD TRANSPORT AND HIGHWAYS,NHAI,HARYANA,2018-03-01,,2021-07-01,795.5,799.3,128.56,,,,,0/0,consolidated,114
2020-04-01,N24000846,916,REHABILITATION AND UPGRADATION TO 2-LANE WITH PAVED SHOULDER FROM JIND-GOHANA ROAD FROM DESIGN CHAIN,ROAD TRANSPORT AND HIGHWAYS,NHAI,HARYANA,2018-03-01,,,198.05,198.05,103.34,,,,,0/0,consolidated,114
2020-04-01,N24000848,917,REHABILITATION AND UPGRADATION OF JHAJJAR- LOHARU SECTION FROM KM 130.770 TO KM 228.630 (DESIGN CHAIN,ROAD TRANSPORT AND HIGHWAYS,NHAI,HARYANA,2018-03-01,,2020-06-01,181.78,181.78,76.56,,,,,0/0,consolidated,114
2020-04-01,N24000850,918,REDESIGNING REHABILITATION AND UPGRADATION TO FOUR LANE CONFIGURATION STRENGTHENING OF ROHNA/HASS,ROAD TRANSPORT AND HIGHWAYS,NHAI,HARYANA,2018-03-01,,,551.58,551.58,305.46,,,,,0/0,consolidated,114
2020-04-01,N24000904,919,CONSTN. OF 4 LANING IN KM.99.00 TO 114.375 PACKAGE-V (EPC) INCLUDING BHIWANI BYPASS,ROAD TRANSPORT AND HIGHWAYS,MoRTH,HARYANA,2017-01-01,2019-03-01,2020-06-01,247.25,247.25,144.71,,,,15(O),0/0,consolidated,114
2020-04-01,N24000908,920,CONSTN. OF 4 LANING IN KM.69.00 TO 100.00 DESIGN RD 94.600 TO 125.920 PACKAGE IV (EPC),ROAD TRANSPORT AND HIGHWAYS,MoRTH,HARYANA,2017-01-01,2019-03-01,,276.01,276.01,187.39,,,,,0/0,consolidated,114
2020-04-01,N24001186,921,ISMAILABAD-NARNAUL PKG-5,ROAD TRANSPORT AND HIGHWAYS,NHAI,HARYANA,2019-01-01,,,1051.91,1051.91,301.49,,,,,0/0,consolidated,114
2020-04-01,N24001187,922,ISMAILABAD-NARNAUL PKG-6,ROAD TRANSPORT AND HIGHWAYS,NHAI,HARYANA,2019-01-01,,,1120.06,1120.06,250.18,,,,,0/0,consolidated,114
2020-04-01,N24001188,923,ISMAILABAD-NARNAUL PKG-7,ROAD TRANSPORT AND HIGHWAYS,NHAI,HARYANA,2019-01-01,,,1137.42,1137.42,306.04,,,,,0/0,consolidated,114
2020-04-01,N24001189,924,ISMAILABAD-NARNAUL PKG-8,ROAD TRANSPORT AND HIGHWAYS,NHAI,HARYANA,2019-01-01,,,1033.19,1033.19,209.75,,,,,0/0,consolidated,114
2020-04-01,N24001190,925,ISMAILABAD-NARNAUL PKG-2,ROAD TRANSPORT AND HIGHWAYS,NHAI,HARYANA,2019-01-01,,,1243.45,1243.45,405.84,,,,,0/0,consolidated,114
2020-04-01,N24001191,926,ISMAILABAD-NARNAUL PKG-3,ROAD TRANSPORT AND HIGHWAYS,NHAI,HARYANA,2019-01-01,,,889.36,889.36,284.69,,,,,0/0,consolidated,114
2020-04-01,N24001192,927,ISMAILABAD-NARNAUL PKG-4,ROAD TRANSPORT AND HIGHWAYS,NHAI,HARYANA,2019-01-01,,,1018.79,1018.79,267.69,,,,,0/0,consolidated,114
2020-04-01,N24001193,928,ISMAILABAD-NARNAUL PKG-1,ROAD TRANSPORT AND HIGHWAYS,NHAI,HARYANA,2019-01-01,,,996.65,996.65,350.94,,,,,0/0,consolidated,114
2020-04-01,N24000232,929,FOUR LANING OF KIRATPUR NEAR CHOUK SECTION (73.20 KM TO186.50 KM),ROAD TRANSPORT AND HIGHWAYS,NHAI,"HIMACHAL PRADESH, PPP (BOT)",2013-11-01,2016-11-01,,1916.79,1916.79,1948.92,,,,,0/0,consolidated,114
2020-04-01,N24000479,930,FOUR LANING OF PARWANOO -SOLAN,ROAD TRANSPORT AND HIGHWAYS,NHAI,HIMACHAL PRADESH,2015-09-01,2018-03-01,,934.46,934.46,586.91,,,,,0/0,consolidated,114
2020-04-01,N24000546,931,2 LANE WITH PAVED SHOULDERS ON KULLU TO MANALI (KM 272/00 TO 309/345),ROAD TRANSPORT AND HIGHWAYS,NHAI,HIMACHAL PRADESH,2016-02-01,2019-02-01,,273.2,273.2,662.86,,,,,0/0,consolidated,115
2020-04-01,N24000606,932,TWO LANNING WITH FORMATION OF FOUR LANE OF PROPOSED SHIMLA BYPASS,ROAD TRANSPORT AND HIGHWAYS,NHAI,HIMACHAL PRADESH,2016-08-01,,2020-09-01,1583.18,1583.18,271.06,,,,,0/0,consolidated,115
2020-04-01,N24000613,933,FOUR LANNING OF NERCHOWK-PANDOH BYPASS SECTION OF NH-21(PACKAGE-I KM 190.000 TO KM 221.305) UNDER NH,ROAD TRANSPORT AND HIGHWAYS,NHAI,HIMACHAL PRADESH,2016-09-01,,2020-07-01,1273.71,1273.71,581.4,,,,,0/0,consolidated,115
2020-04-01,N24000634,934,FOUR LANNING OF TAKOLI-KULLU SECTION OF NH- 21 (KM 242+000 TO KM 272+000),ROAD TRANSPORT AND HIGHWAYS,NHAI,HIMACHAL PRADESH,2016-10-01,,2020-08-01,447.75,447.75,1028.99,,,,,0/0,consolidated,115
2020-04-01,N24000692,935,4-LANNING OF END OF PANDOH BYPASS TAKOLI IN H.P,ROAD TRANSPORT AND HIGHWAYS,NHAI,HIMACHAL PRADESH,2017-06-01,2020-06-01,2021-09-01,2485.93,2485.93,596.94,,,,15(O),0/0,consolidated,115
2020-04-01,N24000852,936,FOUR LANING OF SOLAN-KAITHLIGHAT SECTION OF NH-22 (NOW NH-5) FROM KM 106.139 TO KM 129.050 ON EPC M,ROAD TRANSPORT AND HIGHWAYS,NHAI,HIMACHAL PRADESH,2018-03-01,,2021-05-01,478.74,478.74,55.06,,,,,0/0,consolidated,115
2020-04-01,N24000161,937,QUAZIGUND-BANIHAL KM.220.00 TO KM.188.00,ROAD TRANSPORT AND HIGHWAYS,NHAI,"JAMMU AND KASHMIR, PPP (ANNUITY)",2010-07-01,2015-07-01,2020-09-01,1987,1987,2914.72,,,,62(O),0/0,consolidated,115
2020-04-01,N24000162,938,NASHRI- CHANANI,ROAD TRANSPORT AND HIGHWAYS,NHAI,"JAMMU AND KASHMIR, PPP (ANNUITY)",2011-05-01,2015-06-01,,2159,2519,4707.19,,,,,0/0,consolidated,115
2020-04-01,N24000163,939,JAMMU-UDHAMPUR KM.27.5 TO KM.67.00,ROAD TRANSPORT AND HIGHWAYS,NHAI,"JAMMU AND KASHMIR, PPP (ANNUITY)",2010-07-01,2013-07-01,,1813.76,1813.76,2649.18,,,,,0/0,consolidated,115
2020-04-01,N24000189,940,SRINAGAR TO BANIHAL,ROAD TRANSPORT AND HIGHWAYS,NHAI,"JAMMU AND KASHMIR, PPP (ANNUITY)",2011-06-01,2014-06-01,2020-10-01,1100.7,1100.7,2898.41,,,,76(O),0/0,consolidated,115
2020-04-01,N24000471,941,FOUR LANING OF RAMBAN - BANIHAL SECTION OF NH-1A,ROAD TRANSPORT AND HIGHWAYS,NHAI,JAMMU AND KASHMIR,2015-12-01,2019-06-01,2020-12-01,2168.66,2168.66,721.57,,,,18(O),0/0,consolidated,115
2020-04-01,N24000488,942,FOUR LANING OF UDHAMBUR - RAMBAN SECTION OF NH-1A,ROAD TRANSPORT AND HIGHWAYS,NHAI,JAMMU AND KASHMIR,2015-12-01,2018-12-01,2020-07-01,2136.97,2136.97,1276.19,,,,19(O),0/0,consolidated,115
2020-04-01,N24000717,943,CONSTRUCTION OF STAND ALONE RING ROAD/ BYPASS AROUND JAMMU CITY IN THE STATE OF J AND K ON EPC MODE,ROAD TRANSPORT AND HIGHWAYS,NHAI,JAMMU AND KASHMIR,2017-12-01,,2021-01-01,1471.75,1339,744.84,,1339,,,1/3,consolidated,115
2020-04-01,N24000866,944,UP-GRADATION TO 4-LANE WITH PAVED SHOULDER OF JAMMU-AKHNOOR SECTION OF NH-144A FROM CANAL HEAD (KM 0,ROAD TRANSPORT AND HIGHWAYS,NHIDCL,JAMMU AND KASHMIR,2018-03-01,2018-08-01,,404.17,404.17,64.02,,,,,2/4,consolidated,115
2020-04-01,N24000867,945,WIDENING AND UPGRADATION TO 2 LANE WITH PAVED SHOULDER CONFIGURATION AND GEOMETRIC IMPROVEMENT FROM,ROAD TRANSPORT AND HIGHWAYS,NHIDCL,JAMMU AND KASHMIR,2018-03-01,2018-11-01,,216,216,29.18,,,,,0/4,consolidated,115
2020-04-01,N24000868,946,UP-GRADATION TO 4-LANE WITH PAVED SHOULDER OF JAMMU-AKHNOOR ROAD SECTION OF NH-144A FROM GANESH VIHA,ROAD TRANSPORT AND HIGHWAYS,NHIDCL,JAMMU AND KASHMIR,2018-03-01,2019-07-01,,253.44,253.44,0,,,,,0/0,consolidated,115
2020-04-01,N24000215,947,RANCHI-RARGA-JAMSETHPUR,ROAD TRANSPORT AND HIGHWAYS,NHAI,"JHARKHAND, PPP (ANNUITY)",2012-12-01,2015-06-01,,1479,1479,740.26,,,,,0/0,consolidated,115
2020-04-01,N24000548,948,4-LANNING OF MAHULIA BAHARAGORA-JH/WB BORDER SECTION,ROAD TRANSPORT AND HIGHWAYS,NHAI,JHARKHAND,2016-02-01,2019-03-01,,997.15,997.15,728.62,,,,,0/0,consolidated,115
2020-04-01,N24000594,949,TWO/FOUR LANNING WITH PAVED SHOULDERS OF GOVINDPUR (RAIGANJ)-CHAS-WEST BENGAL BORDER SECTION OF NH-,ROAD TRANSPORT AND HIGHWAYS,NHAI,JHARKHAND,2016-07-01,,,458.03,458.03,338.86,,,,,0/0,consolidated,116
2020-04-01,N24000607,950,FOUR LANING OF BARHI-HAZARIBAGH NH-33,ROAD TRANSPORT AND HIGHWAYS,NHAI,JHARKHAND,2016-08-01,2018-08-01,,323.72,323.72,232.58,,,,,0/0,consolidated,116
2020-04-01,N24000669,951,4 LANING OF PISKA MORE TO PALMA SECTION(FROM KM 2.9 TO KM 26.00),ROAD TRANSPORT AND HIGHWAYS,NHAI,JHARKHAND,2017-03-01,2020-03-01,,165.5,172.16,117.09,,,,,0/0,consolidated,116
2020-04-01,N24000670,952,4 LANING OF KUTCHERY CHOWK TO BIJU PARA SECTION (FROM KM 0.00 TO KM.34.00),ROAD TRANSPORT AND HIGHWAYS,NHAI,JHARKHAND,2017-03-01,2020-03-01,,239.68,235.9,91.24,,,,,0/0,consolidated,116
2020-04-01,N24000725,953,FOUR LANING OF BARHI - KODERMA SECTION OF NH - 31,ROAD TRANSPORT AND HIGHWAYS,NHAI,JHARKHAND,2018-01-01,,,273.46,273.46,0,,,,,0/0,consolidated,116
2020-04-01,N24000726,954,SIX LANING OF BIHAR - JHARKHAND BORDER (CHORDAHA) TO GORHAR SECTION,ROAD TRANSPORT AND HIGHWAYS,NHAI,JHARKHAND,2018-01-01,,,1155.16,1155.16,30.13,,,,,0/0,consolidated,116
2020-04-01,N24000854,955,4-LANING OF LOHA - WARANGA SECTION OF NH-361 FROM KM. 187.800 TO KM. 244.369 (DESIGN LENGTH 56.569 K,ROAD TRANSPORT AND HIGHWAYS,NHAI,JHARKHAND,2018-03-01,,2021-03-01,1005.08,1005.08,0,,,,,0/0,consolidated,116
2020-04-01,N24001131,956,REHABILITATION AND UPGRADATION OF BALRAMPUR-TULSIPUR FROM KM 323.745 TO KM 351.000 OF NH-730 TO 2-L,ROAD TRANSPORT AND HIGHWAYS,MoRTH,JHARKHAND,2018-03-01,2020-06-01,2020-06-01,212.99,212.99,99.21,,,,0(O),0/0,consolidated,116
2020-04-01,N24001216,957,WIDENING TO 2 LANE WITH PAVED SHOULDERS AND GEOMETRIC IMPROVEMENT OF NH-114A FROM KM 141 TO KM 184 I,ROAD TRANSPORT AND HIGHWAYS,MoRTH,JHARKHAND,2016-12-01,2021-09-01,2021-09-01,196,196,0,,,,0(O),0/0,consolidated,116
2020-04-01,N24000138,958,HUNGUND-SURATHKAL AND MANGALORE- KNT/KERALA BORDER,ROAD TRANSPORT AND HIGHWAYS,NHAI,KARNATAKA,2010-09-01,2018-06-01,2019-12-01,946,946,818.53,,,,,3/3,consolidated,116
2020-04-01,N24000334,959,STRENGTHENING AND WIDENING TO TWO LANE WITH PAVED SHOULDERS FROM KM.106.00 TO 153.00 OF NH-218 BIJAP,ROAD TRANSPORT AND HIGHWAYS,MoRTH,"KARNATAKA, EPC",2015-03-01,2015-11-01,,165.67,165.67,0,,,,,0/0,consolidated,116
2020-04-01,N24000335,960,STRENGTHENING AND WIDENING TO TWO LANE WITH PAVED SHOULDERS FROM KM.56.00 TO 106.00 OF NH-218 BIJAPU,ROAD TRANSPORT AND HIGHWAYS,MoRTH,"KARNATAKA, EPC",2015-03-01,2015-11-01,,159.12,159.12,0,,,,,0/0,consolidated,116
2020-04-01,N24000376,961,"REHABILITATION AND UPGRADING TO 2 LANES/2 LANE WITH PAVED SHOULDERS CONFIGURATION OF ""MADHUGIRI-MULB",ROAD TRANSPORT AND HIGHWAYS,MoRTH,"KARNATAKA, EPC",1991-01-01,2018-01-01,,219.4,219.4,0,,,,,0/0,consolidated,116
2020-04-01,N24000462,962,4-LANING OF GOA/KARNATAKA BORDER-KUNDAPUR SECTION,ROAD TRANSPORT AND HIGHWAYS,NHAI,"KARNATAKA, PPP (BOT)",2014-05-01,2016-08-01,2020-12-01,1655.01,1655.01,1867.51,,,,52(O),0/0,consolidated,116
2020-04-01,N24000490,963,FOUR LANING OF HOSPET - CHITRADURGA,ROAD TRANSPORT AND HIGHWAYS,NHAI,"KARNATAKA, PPP (BOT)",2015-03-01,2018-08-01,,1388,1388,1250,,,,,0/0,consolidated,116
2020-04-01,N24000552,964,4-LANNING EXISTING KM 189.700 TO 237.00] HASSAN TO MARANAHALLY,ROAD TRANSPORT AND HIGHWAYS,NHAI,KARNATAKA,2016-03-01,2019-03-01,2021-03-01,701.4,701.4,29.48,,,,24(O),0/0,consolidated,116
2020-04-01,N24000554,965,4-LANNING EXISTING KM 263.00 TO 328.00] ADDAHOLE TO BANTAWAL,ROAD TRANSPORT AND HIGHWAYS,NHAI,KARNATAKA,2016-03-01,2019-03-01,2020-11-01,870,870,36.3,,,,20(O),0/0,consolidated,116
2020-04-01,N24000602,966,FOUR LANNING OF HUBLI-HOSPET SECTION OF NH- 63 FROM KM. 129.249 PHASE-IVB,ROAD TRANSPORT AND HIGHWAYS,NHAI,KARNATAKA,2016-08-01,2020-04-01,2020-04-01,1664.2,1664.2,794.87,,,,0(O),0/0,consolidated,117
2020-04-01,N24000603,967,HOSPET-BELLARY-KARNATAKA AP BORDER,ROAD TRANSPORT AND HIGHWAYS,NHAI,KARNATAKA,2016-08-01,2019-03-01,2021-03-01,1167.42,870,265.48,,,2020-08-01,24(O),0/0,consolidated,117
2020-04-01,N24000622,968,TWO/FOUR LANNING OF BRT TIGER RESERVE BOUNDARY TO BANGALORE SECTION OF NH- 209(EXISTING CHAINAGE FROM,ROAD TRANSPORT AND HIGHWAYS,NHAI,KARNATAKA,2016-09-01,2019-08-01,2020-12-01,950.69,1108,1399.33,,,,16(O),0/0,consolidated,117
2020-04-01,N24000674,969,SIX LANING OF DAVANGERE-HAVERI FROM KM 260+000 TO KM 338+923 OF NH-48(OLD NH-4) STATE OF KARNATAKA,ROAD TRANSPORT AND HIGHWAYS,NHAI,KARNATAKA,2017-03-01,2020-03-01,2020-07-01,831.58,1177,776.57,,,,4(O),0/0,consolidated,117
2020-04-01,N24000675,970,SIX LANING OF CHITRADURGA-DAVANGERE INCLUDING CHITRADURGA BYPASS(KM 189+000 TO KM 260+000 OF NH-48(O,ROAD TRANSPORT AND HIGHWAYS,NHAI,KARNATAKA,2017-03-01,2020-03-01,2020-06-01,993.16,1434,854.36,,,,3(O),0/0,consolidated,117
2020-04-01,N24000783,971,2 LANING WITH PAVED SHOULDER FROM KM 30.800 TO KM 70.800 AND 2 LANING WITHOUT PAVED SHOULDER FROM KM,ROAD TRANSPORT AND HIGHWAYS,NHAI,KARNATAKA,2018-02-01,,,486.78,486.78,144.22,,,,,0/0,consolidated,117
2020-04-01,N24000787,972,SIX-LANING OF BANGALORE – NIDAGATTA SECTION KM 18.000 TO KM 74.200 OF NH-275 IN THE STATE OF KARNAT,ROAD TRANSPORT AND HIGHWAYS,NHAI,KARNATAKA,2018-02-01,,2021-11-01,1995.34,2400,1740.36,,,,,0/0,consolidated,117
2020-04-01,N24000789,973,SIX LANING OF NIDAGATTA-MYSORE SECTION KM 74.20 TO KM 135.304 OF NH-275 IN THE STATE OF KARNATAKA,ROAD TRANSPORT AND HIGHWAYS,NHAI,KARNATAKA,2018-02-01,,,2177.8,2450,931.86,,,,,0/0,consolidated,117
2020-04-01,N24001154,974,WIDENING TO 2 LANE WITH PAVED SHOULDERS FROM KM 54.37 TO 101.400 OF NH-50 UNDER EPC MODE IN THE STAT,ROAD TRANSPORT AND HIGHWAYS,MoRTH,KARNATAKA,2016-08-01,2017-01-01,,367.44,367.44,61.95,,,,,0/0,consolidated,117
2020-04-01,N24001155,975,WIDENING TO TWO LANE WITH PAVED SHOULDERS FROM KM.125.626 TO 155 OF NH -167 HAGARI JADECHERLA SECT,ROAD TRANSPORT AND HIGHWAYS,MoRTH,KARNATAKA,2016-08-01,2017-01-01,,175.2,175.2,113.38,,,,,0/0,consolidated,117
2020-04-01,N24001156,976,WIDENING TO TWO LANE WITH PAVED SHOULDER FROM KM 544.200 TO KM 594.000 OF NH-150A HOSMANE CROSS – PA,ROAD TRANSPORT AND HIGHWAYS,MoRTH,KARNATAKA,2017-01-01,2017-09-01,,166.67,166.67,117.05,,,,,0/0,consolidated,117
2020-04-01,N24001157,977,IMPROVEMENTS AND RECONSTRUCTION TO TWO LANE WITH PAVED SHOULDERS FROM KM 243.20 TO KM 290.20 OF NH,ROAD TRANSPORT AND HIGHWAYS,MoRTH,KARNATAKA,2016-08-01,2017-02-01,,175.5,175.5,86.54,,,,,0/0,consolidated,117
2020-04-01,N24001158,978,RECONSTRUCTION TO TWO LANE WITH PAVED SHOULDERS FROM DS. CH. 442+180 (EX. KM 448.00) TO DS. CH.485+2,ROAD TRANSPORT AND HIGHWAYS,MoRTH,KARNATAKA,2018-03-01,2019-06-01,,159.97,159.97,0,,,,,0/0,consolidated,117
2020-04-01,N24001159,979,WIDENING TO TWO LANE WITH PAVED SHOULDERS FROM KM 20.150 TO KM 40.00 OF BC ROAD KOTTIGEHARA SECTION,ROAD TRANSPORT AND HIGHWAYS,MoRTH,KARNATAKA,2018-01-01,2018-07-01,,159.7,159.7,22.79,,,,,0/0,consolidated,117
2020-04-01,N24001160,980,WIDENING TO TWO LANE WITH PAVED SHOULDER FROM KM 194.900 TO KM 243.200 OF NH-234 BANAVARA-HULIYAR,ROAD TRANSPORT AND HIGHWAYS,MoRTH,KARNATAKA,2017-09-01,2018-10-01,,191.6,191.6,26.24,,,,,0/0,consolidated,117
2020-04-01,N24001161,981,WIDENING TO TWO LANE WITH PAVED SHOULDERS FROM 24.600 TO 70.063 OF MUDIGERE TO KADUR SECTION OF NH-,ROAD TRANSPORT AND HIGHWAYS,MoRTH,KARNATAKA,2017-12-01,2019-01-01,,297.3,297.3,0,,,,,0/0,consolidated,118
2020-04-01,N24001162,982,IMPROVEMENT AND RECONSTRUCTION TO TWO LANE WITH PAVED SHOULDERS FROM KM 489.845 (NEW KM.58.125) AN,ROAD TRANSPORT AND HIGHWAYS,MoRTH,KARNATAKA,2018-03-01,2018-10-01,,325.86,325.86,62.54,,,,,0/0,consolidated,118
2020-04-01,N24001163,983,WIDENING TO 2 LANE WITH PAVED SHOULDERS FROM KM 79.65 TO 118.47 OF NH-150 UNDER EPC MODE IN THE STAT,ROAD TRANSPORT AND HIGHWAYS,MoRTH,KARNATAKA,2016-08-01,2017-02-01,,329.01,329.01,135.5,,,,,0/0,consolidated,118
2020-04-01,N24001164,984,WIDENING TO 2 LANE WITH PAVED SHOULDERS FROM KM 0 TO 54 OF NH-50 UNDER EPC MODE IN THE STATE OF KARN,ROAD TRANSPORT AND HIGHWAYS,MoRTH,KARNATAKA,2016-10-01,2017-03-01,,396.96,396.96,113.98,,,,,0/0,consolidated,118
2020-04-01,N24001165,985,WIDENING TO 2 LANE WITH PAVED SHOULDERS FROM KM 34.00 TO 70.900 OF NH-150 UNDER EPC MODE IN THE STAT,ROAD TRANSPORT AND HIGHWAYS,MoRTH,KARNATAKA,2016-11-01,2017-03-01,,314.9,314.9,104.4,,,,,0/0,consolidated,118
2020-04-01,N24001166,986,WIDENING TWO LANE WITH PAVED SHOULDERS FROM FROM KM.56.00 TO 106.00 OF NH-218 (218- KNT-2014-15-775),ROAD TRANSPORT AND HIGHWAYS,MoRTH,KARNATAKA,2015-03-01,2016-01-01,,159.12,159.12,96.22,,,,,0/0,consolidated,118
2020-04-01,N24001167,987,WIDENING TWO LANE WITH PAVED SHOULDERS FROM FROM KM.106.00 TO 153.00 OF NH-218 (218- KNT-2014-15-776),ROAD TRANSPORT AND HIGHWAYS,MoRTH,KARNATAKA,2015-03-01,2016-01-01,,165.67,165.67,87.63,,,,,0/0,consolidated,118
2020-04-01,N24001168,988,ESTIMATE FOR WIDENING TWO LANE TO FOUR LANE FROM FROM KM.129.00 TO 144.00 OF NH-63 ANKOLA-GOOTY SECT,ROAD TRANSPORT AND HIGHWAYS,MoRTH,KARNATAKA,2018-05-01,2018-05-01,2020-05-01,171.6,171.6,0.86,,,,24(O),0/0,consolidated,118
2020-04-01,N24001170,989,REHABILITATION AND UP GRADATION OF CHITRADURGA TO SHIMOGA SECTION OF NH-13 FROM KM.422.000 TO KM.,ROAD TRANSPORT AND HIGHWAYS,MoRTH,KARNATAKA,2014-01-01,2014-08-01,,471.16,471.16,128.32,,,,,0/0,consolidated,118
2020-04-01,N24001172,990,WIDENING TO TWO LANE WITH PAVED SHOULDER FROM KM 4.40 TO KM 56.00 OF NH-218 BIJAPURA- HUBLI SECTION U,ROAD TRANSPORT AND HIGHWAYS,MoRTH,KARNATAKA,2017-01-01,2017-08-01,,291.49,291.49,130,,,,,0/0,consolidated,118
2020-04-01,N24001173,991,CONSTRUCTION OF MAJOR BRIDGE AT KM 180.865 ACROSS RIVER KRISHNA ON NH-167 HAGARI – JADERCELA SECTION,ROAD TRANSPORT AND HIGHWAYS,MoRTH,KARNATAKA,2017-02-01,2019-05-01,2021-05-01,157.32,157.32,0,,188,,24(O),0/0,consolidated,118
2020-04-01,N24000149,992,SIX LANNING OF VADAKKANCHERRY THRISSURESECTION KM 240 270KM,ROAD TRANSPORT AND HIGHWAYS,NHAI,"KERALA, PPP (BOT)",2010-02-01,2012-08-01,2019-12-01,617,617,943.17,,,,,0/0,consolidated,118
2020-04-01,N24000260,993,CONSTRUCTION OF 6.80 KM 2 LANE WITH PAVED SHOULDERS ALAPPUZHA BYPASS ON NH47 NEW NH 66 FROM KM 408.1,ROAD TRANSPORT AND HIGHWAYS,MoRTH,"KERALA, EPC",2014-01-01,2017-09-01,,255.75,348.43,290.12,,348,,,0/0,consolidated,118
2020-04-01,N24000459,994,4 LANING OF KAZHAKKOTTAM TO MUKKOLA SECTION OF NH-47,ROAD TRANSPORT AND HIGHWAYS,NHAI,KERALA,2015-06-01,,2020-01-01,845.24,941,868.11,,,,,0/0,consolidated,118
2020-04-01,N24000566,995,4 LANNING OF MUKKOLA JUNCTION TO KERALA/ TAMIL NADU BORDER FROM KM 26.500 TO KM 43.000 OF NH-47 IN T,ROAD TRANSPORT AND HIGHWAYS,NHAI,KERALA,2016-04-01,2018-06-01,2020-03-01,804.97,804.97,472.41,,,,,0/0,consolidated,118
2020-04-01,N24000704,996,4-LANNING OF THALSERRY -MAHE BYPASS,ROAD TRANSPORT AND HIGHWAYS,NHAI,"KERALA, Central Sector Projects",2017-09-01,2017-09-01,2021-05-01,1124.11,1232.76,315.72,,,,44(O),0/0,consolidated,118
2020-04-01,N24000784,997,6-LANING OF KOZHIKODE BYPASS (CALICUT BYPASS) (I.E. VENGALAM JN. TO RAMANATTUKARA JN.) SECTION OF NH,ROAD TRANSPORT AND HIGHWAYS,NHAI,KERALA,2018-02-01,,,1424.77,1853.42,14.19,,,,,0/0,consolidated,119
2020-04-01,N24000136,998,INDORE-JHABUA-GUJRAT/MP,ROAD TRANSPORT AND HIGHWAYS,NHAI,"MADHYA PRADESH, PPP (BOT)",2010-10-01,2013-04-01,,1175,1175,1509.96,,,,,4/4,consolidated,119
2020-04-01,N24000159,999,INDORE-DEWAS(NH-3),ROAD TRANSPORT AND HIGHWAYS,NHAI,"MADHYA PRADESH, PPP (BOT)",2010-11-01,2013-05-01,,325,475,469.54,,,,,3/3,consolidated,119
2020-04-01,N24000375,1000,SATANA-BELA SECTION OF NH-75(4L) IN MP,ROAD TRANSPORT AND HIGHWAYS,MoRTH,"MADHYA PRADESH, BOT (TOLL)",2012-01-01,2015-08-01,,320.48,320.48,189.49,,,,,0/0,consolidated,119
2020-04-01,N24000378,1001,BARELA-MANDLA SECTION OF NH-12A IN MADHYA PRADESH KM 22/8 TO KM 89/6 OF NH-12A,ROAD TRANSPORT AND HIGHWAYS,MoRTH,"MADHYA PRADESH, EPC",2015-06-01,,2020-07-01,390.51,390.51,209.67,,,,,0/0,consolidated,119
2020-04-01,N24000388,1002,INDO-NEPAL BORDER TO RUDHAULI SECTION OF NH-233 IN UTTAR PRADESH KM 0/0 TO 65/870,ROAD TRANSPORT AND HIGHWAYS,MoRTH,"MADHYA PRADESH, EPC",2013-11-01,2017-05-01,2020-05-01,497.05,881.05,655.1,,,,36(O),0/0,consolidated,119
2020-04-01,N24000395,1003,BAMITHA-SATANA (2L+PS) OF NH-75 IN MP,ROAD TRANSPORT AND HIGHWAYS,MoRTH,"MADHYA PRADESH, BOT (TOLL)",2015-08-01,,,257.8,257,12.38,,,,,0/0,consolidated,119
2020-04-01,N24000401,1004,SIDHI TO SINGRAULI SECTION OF NH-75E (4L) IN MP,ROAD TRANSPORT AND HIGHWAYS,MoRTH,"MADHYA PRADESH, BOT (TOLL)",2011-11-01,2015-09-01,2021-10-01,954.43,1191.51,235.61,,,,73(O),0/0,consolidated,119
2020-04-01,N24000412,1005,MANGAWA-MP/UP BORDER SECTION OF NH-27 (4L) IN MP,ROAD TRANSPORT AND HIGHWAYS,MoRTH,"MADHYA PRADESH, BOT (TOLL)",2012-01-01,2015-04-01,2019-10-01,410.72,410.72,390,,,,,0/0,consolidated,119
2020-04-01,N24000468,1006,FOUR LANING OF REWA - KATNI - JABALPUR - PACKAGE -II,ROAD TRANSPORT AND HIGHWAYS,NHAI,MADHYA PRADESH,2015-03-01,,2020-03-01,795.76,686.26,686.26,,686.26,,,0/0,consolidated,119
2020-04-01,N24000469,1007,FOUR LANING OF REWA - KATNI - JABALPUR - PACKAGE -I,ROAD TRANSPORT AND HIGHWAYS,NHAI,MADHYA PRADESH,2015-03-01,,2020-03-01,794.3,691.38,688.22,,688.22,,,0/0,consolidated,119
2020-04-01,N24000475,1008,JABALPUR TO HIREN RIVER SECTION OF NH-12 IN MADHYA PRADESH KM 11/400 TO 66/400,ROAD TRANSPORT AND HIGHWAYS,MoRTH,"MADHYA PRADESH, EPC",2015-11-01,2020-01-01,2020-09-01,628.45,628.45,323.76,,,,8(O),0/0,consolidated,119
2020-04-01,N24000478,1009,GOHARGANJ TO BHOPAL SECTION OF NH-12 IN MADHYA PRADESH KM 43 TO 93,ROAD TRANSPORT AND HIGHWAYS,MoRTH,"MADHYA PRADESH, EPC",2015-12-01,2020-02-01,2020-08-01,957.54,957.54,573.28,,,,6(O),0/0,consolidated,119
2020-04-01,N24000489,1010,FOUR LANING OF JABALPUR - LAKHNADON,ROAD TRANSPORT AND HIGHWAYS,NHAI,MADHYA PRADESH,2015-03-01,,2015-06-01,928.83,928.83,767.92,,,,,0/0,consolidated,119
2020-04-01,N24000494,1011,FOUR LANING OF GWALIOR-SHIVPURI,ROAD TRANSPORT AND HIGHWAYS,NHAI,"MADHYA PRADESH, PPP (BOT)",2013-05-01,2015-11-01,,1055,1601.77,1393.4,,,,,0/0,consolidated,119
2020-04-01,N24000496,1012,FOUR LANING OF GUNA TO BIAORA SECTION OF NH-3 FROM KM 332.100 TO KM. 426.100 IN THE STATE OF MADHYA,ROAD TRANSPORT AND HIGHWAYS,NHAI,MADHYA PRADESH,2015-06-01,2016-03-01,,1012.9,1012.9,226.1,,,,,0/0,consolidated,119
2020-04-01,N24000504,1013,FOUR LANING OF REWA - KATNI - JABALPUR - PACKAGE -IV,ROAD TRANSPORT AND HIGHWAYS,NHAI,MADHYA PRADESH,2015-03-01,2015-06-01,2015-06-01,810.22,810.22,721.69,,,,,0/0,consolidated,119
2020-04-01,N24000505,1014,FOUR LANING OF BIAORA –DEWAS SECTION OF NH- 3 FROM KM 426.100 TO KM 566.450 IN THE STATE OF MADHYA PR,ROAD TRANSPORT AND HIGHWAYS,NHAI,"MADHYA PRADESH, PPP (BOT)",2015-06-01,2019-01-01,2019-10-01,1583.79,1583.79,1648.9,,,2019-10-01,,0/3,consolidated,119
2020-04-01,N24000513,1015,UMARIYA TO SHAHDOL SECTION OF NH-78 IN MADYA PRADESH KM 68/4 TO 142/200,ROAD TRANSPORT AND HIGHWAYS,MoRTH,"MADHYA PRADESH, EPC",2015-03-01,2017-08-01,2021-06-01,511.83,511.83,287.83,,,,46(O),0/0,consolidated,119
2020-04-01,N24000605,1016,BALANCE WORK OF 2-LANE WITH PAVED SHOULDER OF BHOPAL-SANCHI SECTION,ROAD TRANSPORT AND HIGHWAYS,NHAI,MADHYA PRADESH,2016-08-01,2019-01-01,,227.49,227.49,129.93,,,,,3/4,consolidated,119
2020-04-01,N24000702,1017,FOUR LANNING BALANCE WORK FOR BHOPAL- BIAORA SECTION OF NH-12 FROM MUBARAKPUR TO BIAORA FROM KM 124.,ROAD TRANSPORT AND HIGHWAYS,NHAI,"MADHYA PRADESH, Central Sector Projects",2017-10-01,2017-10-01,,639.97,639.97,331.84,,,,,2/4,consolidated,120
2020-04-01,N24000705,1018,BALANCE WORK OF 4-LANNING OF LALGHATI TO MUBARAKPUR OF NH-12,ROAD TRANSPORT AND HIGHWAYS,NHAI,"MADHYA PRADESH, Central Sector Projects",2017-09-01,2017-09-01,,374.4,204.65,155.83,,,,,3/4,consolidated,120
2020-04-01,N24000706,1019,BALANCE WORK OF 4-LANNING OF OBEDULLAGANJ TO ITARSI SECTION OF NH-69,ROAD TRANSPORT AND HIGHWAYS,NHAI,"MADHYA PRADESH, Central Sector Projects",2017-09-01,2017-09-01,2021-01-01,990.61,990.61,397.89,,,,40(O),0/4,consolidated,120
2020-04-01,N24000709,1020,BALANCE WORK FOR FOUR LANING OF ITARSI TO BETUL SECTION OF NH69 FROM KM 63.000 TO KM 137.00 (DESIGN,ROAD TRANSPORT AND HIGHWAYS,NHAI,MADHYA PRADESH,2017-12-01,,,950.27,950.27,168.05,,,,,2/4,consolidated,120
2020-04-01,N24000727,1021,FOUR LANING OF DELINKED STRETCH OF SEONI – MP/MH BORDER OF NH-7 (LENGTH 28.70 KM) FROM KM 624.480 TO,ROAD TRANSPORT AND HIGHWAYS,NHAI,MADHYA PRADESH,2018-01-01,,,960.24,960.24,328.34,,,,,0/0,consolidated,120
2020-04-01,N24000728,1022,FOUR LANNING WORK FROM HIRAN RIVER TO SINDOOR RIVER,ROAD TRANSPORT AND HIGHWAYS,NHAI,MADHYA PRADESH,2018-01-01,,,770.73,770.73,59.45,,,,,0/0,consolidated,120
2020-04-01,N24000870,1023,UPGRADATION OF REWA-SIRMOUR ROAD TO 2L + PS,ROAD TRANSPORT AND HIGHWAYS,MoRTH,MADHYA PRADESH,2018-03-01,2018-03-01,2020-05-01,162.56,162.56,118.52,,,,26(O),0/0,consolidated,120
2020-04-01,N24000872,1024,UPGRADATION OF MORENA-PORSA ROAD TO 2L + PS,ROAD TRANSPORT AND HIGHWAYS,MoRTH,MADHYA PRADESH,2018-03-01,2018-08-01,2020-06-01,166.21,166.21,67.45,,,,22(O),0/0,consolidated,120
2020-04-01,N24000875,1025,REHABILITATION AND UP-GRADATION OF EXISTING INTERMEDIATE LANE FLEXIBLE PAVEMENT TO 2L+PS FLEXIBLE PA,ROAD TRANSPORT AND HIGHWAYS,MoRTH,MADHYA PRADESH,2018-02-01,2018-03-01,2020-07-01,169.63,169.63,14.67,,,,28(O),0/0,consolidated,120
2020-04-01,N24000878,1026,REHABILITATION AND UPGRADATION OF INTERMEDIATE LANE FLEXIBLE PAVEMENT TO 2 LANE PAVED SHOULDER RIGID,ROAD TRANSPORT AND HIGHWAYS,MoRTH,MADHYA PRADESH,2017-11-01,2018-02-01,2020-05-01,235.91,235.91,156.89,,,,27(O),0/0,consolidated,120
2020-04-01,N24000881,1027,UPGRADATION OF PACHORE- SHUJALPUR ROAD TO 2L + PS,ROAD TRANSPORT AND HIGHWAYS,MoRTH,MADHYA PRADESH,2017-11-01,2018-02-01,2020-05-01,184.62,184.62,77.33,,,,27(O),0/0,consolidated,120
2020-04-01,N24000884,1028,2 LANING OF BAMEETHA TO SATNA SECTION OF NH-75 FROM KM. 57+400 TO KM. 155+000 IN THE STATE OF MP,ROAD TRANSPORT AND HIGHWAYS,MoRTH,MADHYA PRADESH,2018-03-01,2019-11-01,2020-05-01,191.21,191.21,84.15,,,,6(O),0/0,consolidated,120
2020-04-01,N24000886,1029,CONSTRUCTION OF ROAD FROM KM. 1 TO KM. 49/4 OF NH-26A IN THE STATE OF MADHYA PRADESH.,ROAD TRANSPORT AND HIGHWAYS,MoRTH,MADHYA PRADESH,2017-01-01,2017-03-01,2020-09-01,205.05,205.05,94.29,,,,42(O),0/0,consolidated,120
2020-04-01,N24000888,1030,UPGRADATION OF PAWAI-SALEHA-JASSO-NAGOD ROAD TO 2L + PS,ROAD TRANSPORT AND HIGHWAYS,MoRTH,MADHYA PRADESH,2018-03-01,2018-03-01,2020-12-01,214.69,214.69,30.44,,,,33(O),0/0,consolidated,120
2020-04-01,N24000890,1031,UPGRADATION OF PORSA-BHIND ROAD TO 2L + PS,ROAD TRANSPORT AND HIGHWAYS,MoRTH,MADHYA PRADESH,2018-03-01,2018-08-01,2020-06-01,217.22,226.88,86.83,,,,22(O),0/0,consolidated,120
2020-04-01,N24000891,1032,UPGRADATION OF DABOH-UP BORDER ROAD TO 2L + PS,ROAD TRANSPORT AND HIGHWAYS,MoRTH,MADHYA PRADESH,2018-03-01,2018-03-01,2020-04-01,233.04,233.04,131.22,,,,25(O),0/0,consolidated,120
2020-04-01,N24000892,1033,2L+PS OF THIKRI ANJAD SECTION OF NH-347B,ROAD TRANSPORT AND HIGHWAYS,MoRTH,MADHYA PRADESH,2017-11-01,2018-07-01,2020-05-01,249.05,249.05,162.4,,,,22(O),0/0,consolidated,120
2020-04-01,N24000893,1034,UPGRADATION OF BIAORA-MAKSUDANGARH ROAD TO 2L + PS,ROAD TRANSPORT AND HIGHWAYS,MoRTH,MADHYA PRADESH,2017-11-01,2018-02-01,2020-09-01,254.17,254.17,162.4,,,,31(O),0/0,consolidated,120
2020-04-01,N24000894,1035,UPGRADATION OF MAKSUDANGARH-SIRONJ ROAD TO 2L + PS,ROAD TRANSPORT AND HIGHWAYS,MoRTH,MADHYA PRADESH,2018-02-01,2018-03-01,2020-04-01,279.44,279.44,102.61,,,,25(O),0/0,consolidated,121
2020-04-01,N24000895,1036,REHABILITATION AND UP-GRADATION TO 2LPS 81 TO 175,ROAD TRANSPORT AND HIGHWAYS,MoRTH,MADHYA PRADESH,2016-09-01,2019-01-01,2020-03-01,287.34,287.34,158.05,,,,,0/0,consolidated,121
2020-04-01,N24000896,1037,WIDENING TO 2 LANE PS WITH RECONSTRUCTION OF BRIDGES CULVERT IN KM. 182 TO 266 OF NH- 59A,ROAD TRANSPORT AND HIGHWAYS,MoRTH,MADHYA PRADESH,2017-01-01,2019-09-01,2020-09-01,373.82,373.82,143.3,,,,12(O),0/0,consolidated,121
2020-04-01,N24000898,1038,REHABILITATION AND UPGRADATION OF SINDOOR RIVER TO START OF BARELI BYPASS SECTION OF NH-12 FROM EXIS,ROAD TRANSPORT AND HIGHWAYS,MoRTH,MADHYA PRADESH,2016-01-01,2018-07-01,2020-09-01,809.16,809.16,353.9,,,,26(O),0/0,consolidated,121
2020-04-01,N24000899,1039,REHABILITATION AND UPGRADATION OF BARELI TO GOHARGANJ SECTION OF NH-12 FROM EXISTING KM 193/0 TO KM,ROAD TRANSPORT AND HIGHWAYS,MoRTH,MADHYA PRADESH,2016-03-01,2019-06-01,2020-07-01,877.79,877.79,545.3,,,,13(O),0/0,consolidated,121
2020-04-01,N24000962,1040,REHABILITATION AND UP-GRADATION TO 2 LANE WITH PS 131 TO 189 OF NH-86,ROAD TRANSPORT AND HIGHWAYS,MoRTH,MADHYA PRADESH,2016-09-01,2018-09-01,2019-09-01,178.23,178.23,122.99,,,,,0/0,consolidated,121
2020-04-01,N24001007,1041,ANJANGAON TO MAH/MP BORDER,ROAD TRANSPORT AND HIGHWAYS,MoRTH,MADHYA PRADESH,2017-01-01,2019-06-01,,359,359,236.8,,359,,,0/4,consolidated,121
2020-04-01,N24001151,1042,BALANCE WORK FOR REHABILITATION AND UPGRADATION OF SATNA-BELA SECTION OF NH-75 FROM KM. 155.0 TO KM.,ROAD TRANSPORT AND HIGHWAYS,MoRTH,MADHYA PRADESH,2017-11-01,2018-03-01,2020-09-01,392.33,428.55,263.96,,,,30(O),0/0,consolidated,121
2020-04-01,N24001198,1043,CONSTRUCTION TO TWO LANE WITH PAVED SHOULDERS WITH FLEXIBLE PAVEMENT ON KHALGHAT TO SARWARDEWLA ROAD,ROAD TRANSPORT AND HIGHWAYS,MoRTH,MADHYA PRADESH,2019-01-01,2021-03-01,2021-03-01,264.5,264.5,0,,,,0(O),0/0,consolidated,121
2020-04-01,N24001199,1044,CONSTRUCTION OF EIGHT LANE ACCESS CONTROLLED EXPRESSWAY CARRIAGEWAY FROM BARDAWADI VILLAGE TO MANDSA,ROAD TRANSPORT AND HIGHWAYS,NHAI,MADHYA PRADESH,2019-10-01,,,743.88,743.88,0,,,,,0/0,consolidated,121
2020-04-01,N24001212,1045,CONSTRUCTION OF EIGHT LANE ACCESS CONTROLLED EXPRESSWAY CARRIAGEWAY FROM BANI VILLAGE TO BARDAWADI V,ROAD TRANSPORT AND HIGHWAYS,NHAI,MADHYA PRADESH,2017-12-01,,,656.98,656.98,2.48,,,,,0/0,consolidated,121
2020-04-01,N24001213,1046,CONSTRUCTION OF EIGHT LANE ACCESS CONTROLLED EXPRESSWAY CARRIAGEWAY FROM JODMI VILLAGE TO BANI VILLA,ROAD TRANSPORT AND HIGHWAYS,NHAI,MADHYA PRADESH,2017-12-01,,,1094.97,1094.97,1.51,,,,,0/0,consolidated,121
2020-04-01,N24001214,1047,CONSTRUCTION OF EIGHT LANE ACCESS CONTROLLED EXPRESSWAY CARRIAGEWAY FROM RAJASTHAN/MP BORDER TO JODM,ROAD TRANSPORT AND HIGHWAYS,NHAI,MADHYA PRADESH,2017-12-01,,,217.96,217.96,0.5,,,,,0/0,consolidated,121
2020-04-01,N24000156,1048,PUNE-SATARA(NH-4),ROAD TRANSPORT AND HIGHWAYS,NHAI,"MAHARASHTRA, PPP (BOT)",2010-10-01,2013-03-01,2020-05-01,1724.55,1724.55,2451.91,,,,86(O),0/0,consolidated,121
2020-04-01,N24000230,1049,WIDENING OF KHED-SINNAR STRETCH OF PUNE NASHIK SECTION OF NH-50,ROAD TRANSPORT AND HIGHWAYS,NHAI,"MAHARASHTRA, PPP (BOT)",2013-05-01,2014-02-01,,1348.2,1348.2,1792.9,,,,,2/2,consolidated,121
2020-04-01,N24000252,1050,CONSTRUCTION OF MAJOR BRIDGE WITH APPROACHES ACROSS PRANHITA RIVER AT KM 57.300 ON NH-63(16),ROAD TRANSPORT AND HIGHWAYS,MoRTH,"MAHARASHTRA, EPC",2015-03-01,,,168.3,168.3,80,,,,,0/4,consolidated,121
2020-04-01,N24000253,1051,CONSTRUCTION OF MAJOR/MINOR BRIDGE AND ROB IN 4 LANNING OF NH-66(17) MUMBAI-GOA ROAD FROM KM 161 TO,ROAD TRANSPORT AND HIGHWAYS,MoRTH,"MAHARASHTRA, EPC",2014-08-01,2016-07-01,,187.79,187.79,76.62,,,,,0/12,consolidated,122
2020-04-01,N24000254,1052,REHABILATION AND UPGRADATION OF NH-222(61) FOM KM 342.00 TO 444.00,ROAD TRANSPORT AND HIGHWAYS,MoRTH,"MAHARASHTRA, EPC",2014-01-01,,,446.77,446.77,278.5,,,,,3/4,consolidated,122
2020-04-01,N24000275,1053,WIDENING NH-848 FROM KM 16.000 TO 34.000 39.000 TO 57.000 AND KM 62.000 TO 65/600/JOB NO 992/15-16,ROAD TRANSPORT AND HIGHWAYS,MoRTH,"MAHARASHTRA, EPC",2015-10-01,,,289.6,289.6,90.65,,,,,0/0,consolidated,122
2020-04-01,N24000276,1054,CONSTRUCTION OF HIGH LEVEL BRIDGE ACROSS INDRAVATI RIVER ON NH-63 (ERSTWHILE NH-16) AND CONSTRUCTION,ROAD TRANSPORT AND HIGHWAYS,MoRTH,"MAHARASHTRA, ITEM RATE",2011-12-01,,,156.26,247.95,175,,227,,,0/0,consolidated,122
2020-04-01,N24000332,1055,REHABILITATION AND UPGRADATION OF END OF AHMEDNAGAR BYPASS TO KHARWANDI KASAR SECTION OF NH-222 FROM,ROAD TRANSPORT AND HIGHWAYS,MoRTH,"MAHARASHTRA, EPC",2015-01-01,,,225.81,225.81,85.11,,,,,0/0,consolidated,122
2020-04-01,N24000425,1056,4 LANING OF AMRAVATI - CHIKHLI (PKG-I),ROAD TRANSPORT AND HIGHWAYS,NHAI,"MAHARASHTRA, PPP (BOT)",2015-07-01,2019-05-01,,2288.18,2288.18,487.81,,,,,0/0,consolidated,122
2020-04-01,N24000432,1057,CONSTRUCTION OF NH-4B FROM KM.21.200 TO KM.27.270( D TO E SECTION) AND FROM KM.0.000 TO KM.4.492 ( D,ROAD TRANSPORT AND HIGHWAYS,NHAI,MAHARASHTRA,2015-09-01,2018-05-01,2020-05-01,414.51,414,548.46,,,,24(O),0/1,consolidated,122
2020-04-01,N24000435,1058,CONSTRUCTION OF KARALPHATA INTERCHANGE FROM 3.600 TO KM 6.073 OF NH4B AND FROM 5.300 TO KM 7.422 (,ROAD TRANSPORT AND HIGHWAYS,NHAI,MAHARASHTRA,2015-10-01,2018-05-01,2020-12-01,531.13,730.75,533.03,,,,31(O),0/0,consolidated,122
2020-04-01,N24000439,1059,4 LANING OF FAGNE - MAH-GUJ BORDER ( PKG-3),ROAD TRANSPORT AND HIGHWAYS,NHAI,"MAHARASHTRA, EPC",2015-07-01,2019-05-01,,1885.74,1885.74,1636.02,,,,,0/0,consolidated,122
2020-04-01,N24000441,1060,CONSTRUCTION OF GAVANPHATA INTERCHANGE FROM 14.740 TO KM 15.894 ( OLD SH -54) PKG-2,ROAD TRANSPORT AND HIGHWAYS,NHAI,MAHARASHTRA,2015-10-01,2018-05-01,2020-12-01,593.26,699.7,509.96,,699.7,2020-12-01,31(O),0/1,consolidated,122
2020-04-01,N24000442,1061,CONSTRUCTION OF FLYOVER AT KM.544.650 INCLUDING ROB SERVICE ROADS FOOTPATH FOR RCC DRAINS ON URBAN,ROAD TRANSPORT AND HIGHWAYS,NHAI,MAHARASHTRA,2015-12-01,2019-03-01,2021-04-01,649.5,649.5,156.8,,,,25(O),0/0,consolidated,122
2020-04-01,N24000451,1062,6/8 LANING OF ROAD PORT CONNECTIVITY JNPT PHASE II -CONSTRUCTION OF NH-348 - PKG3,ROAD TRANSPORT AND HIGHWAYS,NHAI,MAHARASHTRA,2015-08-01,2018-05-01,2020-12-01,505,504,266.71,,,2019-04-01,31(O),0/1,consolidated,122
2020-04-01,N24000453,1063,4 LANING OF SOLAPUR YEDISHI SECTION OF NH- 211,ROAD TRANSPORT AND HIGHWAYS,NHAI,"MAHARASHTRA, PPP (BOT)",2015-01-01,2017-07-01,2020-03-01,972.5,972.5,1492,,,2019-12-01,,0/0,consolidated,122
2020-04-01,N24000454,1064,4-LANING OF SOLAPUR - MAHARASHTRA/ KARNATKA SECTION,ROAD TRANSPORT AND HIGHWAYS,NHAI,"MAHARASHTRA, PPP (BOT)",2014-06-01,2016-11-01,2020-05-01,923.04,923.04,775.9,,,,42(O),0/0,consolidated,122
2020-04-01,N24000508,1065,FOUR LANING OF AURANGABAD - YEDISHI,ROAD TRANSPORT AND HIGHWAYS,NHAI,"MAHARASHTRA, PPP (BOT)",2015-07-01,2018-01-01,,1871.34,1871.34,3544.79,,,,,0/0,consolidated,122
2020-04-01,N24000509,1066,FOUR LANING FROM MPMAHARASHTRA BORDER TO NAGPUR IC KAMPTEE KANOON AND NAGPUR BYPASS,ROAD TRANSPORT AND HIGHWAYS,NHAI,MAHARASHTRA,2010-04-01,2012-06-01,,1170.52,1170.52,2051.36,,,,,0/0,consolidated,122
2020-04-01,N24000542,1067,BALANCE WORK OF 4-LANNING FROM KM 153.000 TO KM 175.000 OF NAGPUR- HYDERABAD SECTION NS-62,ROAD TRANSPORT AND HIGHWAYS,NHAI,MAHARASHTRA,2016-03-01,2018-07-01,,197.69,197.69,151.11,,,,,0/0,consolidated,122
2020-04-01,N24000558,1068,NAGPUR RING ROAD PACKAGE-1,ROAD TRANSPORT AND HIGHWAYS,NHAI,MAHARASHTRA,2016-03-01,2019-07-01,2020-12-01,546,546,269.67,,,,17(O),0/0,consolidated,122
2020-04-01,N24000560,1069,NAGPUR RING ROAD PACKAGE-2,ROAD TRANSPORT AND HIGHWAYS,NHAI,MAHARASHTRA,2016-03-01,2019-07-01,2020-12-01,591.66,591.66,310.56,,,,17(O),0/0,consolidated,123
2020-04-01,N24000584,1070,4-LANNING OF NH17 AND NEW NO. NH66 FROM KM 161/600 TO 205/400 UNDER HYBRID ANNUITY MODE,ROAD TRANSPORT AND HIGHWAYS,MoRTH,MAHARASHTRA,2016-03-01,,,1142.62,1142.62,836.85,,,,,0/0,consolidated,123
2020-04-01,N24000585,1071,4-LANNING OF NH17 AND NEW NO. NH66 FROM KM 241/300 TO 281/300 UNDER HYBRID ANNUITY MODE,ROAD TRANSPORT AND HIGHWAYS,MoRTH,MAHARASHTRA,2016-03-01,,,1101.58,1101.58,315,,,,,0/0,consolidated,123
2020-04-01,N24000627,1072,4-LANNING OF CHIKHLI TO TARSOD (FROM KM 360- 422.700),ROAD TRANSPORT AND HIGHWAYS,NHAI,MAHARASHTRA,2016-11-01,,2021-07-01,1071.61,1048.1,669.35,,,,,2/4,consolidated,123
2020-04-01,N24000628,1073,4-LANNING OF TARSOD-FAGNE(FROM KM 422.700- 510.00),ROAD TRANSPORT AND HIGHWAYS,NHAI,MAHARASHTRA,2016-11-01,,2021-07-01,1064.88,1021,130,,,,,0/4,consolidated,123
2020-04-01,N24000629,1074,4-LANNING OF RAIPUR-KODEBAD SECTION OF NH- 43 (FROM KM. 10.200 TO KM. 43.400) IN THE STATE OF CHHATTI,ROAD TRANSPORT AND HIGHWAYS,NHAI,MAHARASHTRA,2016-11-01,2019-03-01,2021-02-01,400.25,400.25,64.89,,,,23(O),0/0,consolidated,123
2020-04-01,N24000630,1075,4-LANNING OF KODEBAD-DHAMTARI SECTION OF NH-43 (FROM KM. 43.400 TO KM. 82.209) IN THE STATE OF CHHAT,ROAD TRANSPORT AND HIGHWAYS,NHAI,MAHARASHTRA,2016-11-01,2019-03-01,2021-03-01,446.17,446.17,38.97,,,,24(O),0/0,consolidated,123
2020-04-01,N24000631,1076,SIX LANNING FROM EXISTING KM 494.410(DESIGN CHAINAGE 540.595) TO EXISTING KM 509.550(DESIGN CHAINAGE,ROAD TRANSPORT AND HIGHWAYS,NHAI,MAHARASHTRA,2016-11-01,,,290.73,315,246.7,,,,,0/0,consolidated,123
2020-04-01,N24000650,1077,CONSTRUCTION OF FLYOVER FROM LIBERTY CINEMA TO MENTAL HOSPITAL ON NAGPUR OBEDULLAGANJ ROAD IN THE ST,ROAD TRANSPORT AND HIGHWAYS,NHAI,MAHARASHTRA,2017-01-01,2019-05-01,,244.9,244.9,251.87,,,,,0/0,consolidated,123
2020-04-01,N24000651,1078,FOUR LANNING OF TULJAPUR-AUSA SECTION,ROAD TRANSPORT AND HIGHWAYS,NHAI,MAHARASHTRA,2017-02-01,2020-02-01,2020-05-01,904.16,904.16,855.25,,911.07,2017-11-01,3(O),0/0,consolidated,123
2020-04-01,N24000655,1079,CONSTRUCTION OF NEW 4-LANE BRIDGE ACROSS VARSOVA CREEK AND ITS APPROACHES WITH INTERCHANGE IN THE ST,ROAD TRANSPORT AND HIGHWAYS,NHAI,MAHARASHTRA,2017-03-01,2020-03-01,2021-02-01,247.02,157.49,31.97,,,2021-02-01,11(O),0/0,consolidated,123
2020-04-01,N24000656,1080,4-LANNING OF BODHRE-DHULE SECTION(KM 390.000 TO 452.800),ROAD TRANSPORT AND HIGHWAYS,NHAI,MAHARASHTRA,2017-03-01,2020-03-01,2020-03-01,744.64,982,0,,,,,0/0,consolidated,123
2020-04-01,N24000657,1081,4-LANNING OF WARDHA- BUTIBORI SECTION(KM 465.500 TO 524.690),ROAD TRANSPORT AND HIGHWAYS,NHAI,MAHARASHTRA,2017-03-01,2020-03-01,2020-05-01,1030.44,1065.51,1015.76,,,,2(O),0/3,consolidated,123
2020-04-01,N24000658,1082,4-LANNING OF YAVATMAL-WARDHA SECTION(KM 400.575 TO 465.500),ROAD TRANSPORT AND HIGHWAYS,NHAI,MAHARASHTRA,2017-03-01,2020-03-01,2020-08-01,988.34,1043.28,1035,,,,5(O),3/3,consolidated,123
2020-04-01,N24000659,1083,4-LANNING OF WARANGA-MAHAGAON SECTION(KM 253.7000 TO 320.580),ROAD TRANSPORT AND HIGHWAYS,NHAI,MAHARASHTRA,2017-03-01,2017-03-01,2020-11-01,1059.73,1071,610.87,,,,44(O),0/0,consolidated,123
2020-04-01,N24000660,1084,DEVELOPMENT OF MULTILANE CARRIAGEWAY FROM KANHAN TO AUTOMATIVE SQUARE (KM 704.200 TO KM 723.000),ROAD TRANSPORT AND HIGHWAYS,NHAI,MAHARASHTRA,2017-03-01,2020-03-01,2020-03-01,296.19,254,254.85,,,,,0/0,consolidated,123
2020-04-01,N24000661,1085,4-LANNING OF MAHAGAON-YAVATMAL SECTION(KM 320.580 TO 400.575),ROAD TRANSPORT AND HIGHWAYS,NHAI,MAHARASHTRA,2017-03-01,2020-03-01,2020-08-01,1098.06,1160.64,1068.76,,,,5(O),0/3,consolidated,123
2020-04-01,N24000713,1086,SIX LANING OF PIMPALGAON-NASHIK-GONDE SECTION OF NH-3 FROM KM 380.000 TO 440.000 IN THE STATE OF MAH,ROAD TRANSPORT AND HIGHWAYS,NHAI,MAHARASHTRA,2017-12-01,,2020-10-01,404.94,448.18,196.05,,,,,0/0,consolidated,124
2020-04-01,N24000729,1087,4-LANING FROM AURANGABAD TO KARODI (KM 290.200 TO 320.104),ROAD TRANSPORT AND HIGHWAYS,NHAI,MAHARASHTRA,2018-01-01,,2021-08-01,607,607,187.53,,,,,0/1,consolidated,124
2020-04-01,N24000730,1088,4-LANING FROM KARODI TO TELWADI (KM 320.104 TO 375.000),ROAD TRANSPORT AND HIGHWAYS,NHAI,MAHARASHTRA,2018-01-01,,2021-04-01,621,621,383.83,,,,,2/3,consolidated,124
2020-04-01,N24000847,1089,CONSTRUCTION OF FLYOVER AT LAKHANI TOWN ON NH-53 (OLD NH-6),ROAD TRANSPORT AND HIGHWAYS,NHAI,"MAHARASHTRA, EPC",2018-03-01,,2020-11-01,291.53,291.53,78.8,,,,,0/0,consolidated,124
2020-04-01,N24000849,1090,CONSTRUCTION OF FLYOVER IN SAKOLI TOWN ON NH-53 (OLD NH-6),ROAD TRANSPORT AND HIGHWAYS,NHAI,"MAHARASHTRA, EPC",2018-03-01,,2020-11-01,289.21,289.21,50.1,,,,,0/0,consolidated,124
2020-04-01,N24000851,1091,CONSTRUCTION OF 8 LANING OF EXISTING 4 LANE VADAPE TO THANE FROM KM 539.202 TO KM 563.000 SECTION OF,ROAD TRANSPORT AND HIGHWAYS,NHAI,MAHARASHTRA,2018-03-01,,2021-07-01,1162.92,1162.92,15.42,,,,,0/0,consolidated,124
2020-04-01,N24000853,1092,FOUR LANING OF AKKALKOT-SOLAPUR SECTION OF NH-150E WITH PAVED SHOULDER FROM DESIGN CHAINAGE KM. 99.4,ROAD TRANSPORT AND HIGHWAYS,NHAI,MAHARASHTRA,2018-03-01,,2020-12-01,642.13,807,428.94,,,,,0/0,consolidated,124
2020-04-01,N24001002,1093,SARSAM TO KOTHARI,ROAD TRANSPORT AND HIGHWAYS,MoRTH,MAHARASHTRA,2016-02-01,2019-07-01,,545.64,545.64,113.53,,,,,0/4,consolidated,124
2020-04-01,N24001003,1094,AKOLA TO AKOT,ROAD TRANSPORT AND HIGHWAYS,MoRTH,MAHARASHTRA,2017-01-01,2019-06-01,,313.95,313.95,48.24,,,,,0/4,consolidated,124
2020-04-01,N24001006,1095,AKOT TO ANJANGAON,ROAD TRANSPORT AND HIGHWAYS,MoRTH,MAHARASHTRA,2017-01-01,2019-06-01,,245.77,245.77,158.98,,246,,,0/4,consolidated,124
2020-04-01,N24001009,1096,KHAMGAON TO SHEGAON,ROAD TRANSPORT AND HIGHWAYS,MoRTH,MAHARASHTRA,2017-02-01,2019-05-01,2019-12-01,203.21,203.21,146.79,,203,,,0/0,consolidated,124
2020-04-01,N24001010,1097,SHEGAON TO DEORI PHATA,ROAD TRANSPORT AND HIGHWAYS,MoRTH,MAHARASHTRA,2017-02-01,2019-05-01,2019-12-01,373.1,373.1,193.43,,373,,,0/4,consolidated,124
2020-04-01,N24001011,1098,MEHKAR TO CHIKALI,ROAD TRANSPORT AND HIGHWAYS,MoRTH,MAHARASHTRA,2017-02-01,2019-05-01,,322.48,322.48,229.08,,322,,,0/4,consolidated,124
2020-04-01,N24001012,1099,CHIKALI TO KHAMGAON,ROAD TRANSPORT AND HIGHWAYS,MoRTH,MAHARASHTRA,2017-02-01,2019-06-01,2019-10-01,548.03,548.03,319,,548,,,0/4,consolidated,124
2020-04-01,N24001013,1100,DIGRAS DARWAH KARANJA,ROAD TRANSPORT AND HIGHWAYS,MoRTH,MAHARASHTRA,2017-01-01,2019-06-01,2020-06-01,391.06,391.06,147,,391,,12(O),0/0,consolidated,124
2020-04-01,N24001014,1101,NANDGAON TO MORSHI,ROAD TRANSPORT AND HIGHWAYS,MoRTH,MAHARASHTRA,2017-01-01,2019-06-01,2019-12-01,385.87,385.87,232.75,,386,,,0/0,consolidated,124
2020-04-01,N24001015,1102,MORSHI TO ACHALPUR,ROAD TRANSPORT AND HIGHWAYS,MoRTH,MAHARASHTRA,2017-01-01,2019-06-01,,341.16,341.16,289.29,,341,,,0/0,consolidated,124
2020-04-01,N24001016,1103,MORSHI TO MAH/MP BORDER,ROAD TRANSPORT AND HIGHWAYS,MoRTH,MAHARASHTRA,2017-01-01,2019-06-01,,471.61,471.61,192.9,,472,,,0/0,consolidated,124
2020-04-01,N24001017,1104,DAHEGAON TO KUHI,ROAD TRANSPORT AND HIGHWAYS,MoRTH,MAHARASHTRA,2017-01-01,2019-06-01,,228.89,228.89,146,,229,,,3/4,consolidated,124
2020-04-01,N24001018,1105,BHANDARA TO GHOTITOK,ROAD TRANSPORT AND HIGHWAYS,MoRTH,MAHARASHTRA,2017-01-01,2019-06-01,,392.83,392.83,286.6,,393,,,0/0,consolidated,124
2020-04-01,N24001019,1106,KATOL TO WARUD,ROAD TRANSPORT AND HIGHWAYS,MoRTH,MAHARASHTRA,2017-01-01,2019-06-01,2019-08-01,463.62,463.62,241.34,,664,,,0/4,consolidated,124
2020-04-01,N24001021,1107,AMDI TO SAONER,ROAD TRANSPORT AND HIGHWAYS,MoRTH,MAHARASHTRA,2017-01-01,2019-06-01,2019-08-01,396.91,396.91,254.48,,397,,,3/4,consolidated,124
2020-04-01,N24001022,1108,WADI TO ASOLA,ROAD TRANSPORT AND HIGHWAYS,MoRTH,MAHARASHTRA,2017-01-01,2019-09-01,2020-09-01,363.82,363.82,92.1,,364,,12(O),1/4,consolidated,125
2020-04-01,N24001023,1109,NAGAJ TO VAIJAPUR,ROAD TRANSPORT AND HIGHWAYS,MoRTH,MAHARASHTRA,2017-01-01,2019-06-01,2019-12-01,376.72,376.72,204.81,,377,,,0/4,consolidated,125
2020-04-01,N24001024,1110,MANGAON TO DIGHI PORT,ROAD TRANSPORT AND HIGHWAYS,MoRTH,MAHARASHTRA,2017-01-01,2019-07-01,2020-07-01,457.52,457.52,277.98,,,,12(O),2/4,consolidated,125
2020-04-01,N24001025,1111,INDAPAUR TO AGARDANDA,ROAD TRANSPORT AND HIGHWAYS,MoRTH,MAHARASHTRA,2017-01-01,2019-07-01,2019-12-01,355.17,355.17,169.87,,,,,3/4,consolidated,125
2020-04-01,N24001026,1112,WAKAN PALI KHOPOLI,ROAD TRANSPORT AND HIGHWAYS,MoRTH,MAHARASHTRA,2017-01-01,2019-05-01,2020-05-01,376.19,376.19,37.03,,,,12(O),1/4,consolidated,125
2020-04-01,N24001027,1113,SHAHPUR PATGAON SECTION I,ROAD TRANSPORT AND HIGHWAYS,MoRTH,MAHARASHTRA,2018-01-01,2019-12-01,2019-12-01,150.79,150.79,21.42,,,,,1/4,consolidated,125
2020-04-01,N24001028,1114,PATGAON KHOPOLI SECTION I,ROAD TRANSPORT AND HIGHWAYS,MoRTH,MAHARASHTRA,2018-01-01,2019-12-01,2019-12-01,170,170,72.57,,,,,0/4,consolidated,125
2020-04-01,N24001029,1115,AHMADPUR TO PIMPLA,ROAD TRANSPORT AND HIGHWAYS,MoRTH,MAHARASHTRA,2017-01-01,2019-08-01,2019-08-01,422.38,422.38,169.58,,,,,2/4,consolidated,125
2020-04-01,N24001030,1116,PIMPLA TO MANJARSUMBHA,ROAD TRANSPORT AND HIGHWAYS,MoRTH,MAHARASHTRA,2017-01-01,2019-08-01,2019-08-01,595.77,595.77,172.44,,,,,2/4,consolidated,125
2020-04-01,N24001031,1117,MANJUSUMBA TO CHUMBALI,ROAD TRANSPORT AND HIGHWAYS,MoRTH,MAHARASHTRA,2017-01-01,2019-08-01,2019-08-01,228.54,228.54,114.3,,,,,2/4,consolidated,125
2020-04-01,N24001032,1118,DEORI TO AMGAON,ROAD TRANSPORT AND HIGHWAYS,MoRTH,MAHARASHTRA,2017-01-01,2019-05-01,2020-05-01,409.62,409.62,149.78,,410,,12(O),0/4,consolidated,125
2020-04-01,N24001033,1119,MANTHA TALUKAS BORDER TO PARTUR,ROAD TRANSPORT AND HIGHWAYS,MoRTH,MAHARASHTRA,2017-01-01,2019-07-01,2019-07-01,486.19,486.19,250.55,,,,,2/4,consolidated,125
2020-04-01,N24001034,1120,PARTUR TO MAJALGAON,ROAD TRANSPORT AND HIGHWAYS,MoRTH,MAHARASHTRA,2017-01-01,2019-07-01,2019-07-01,420.57,420.57,195.39,,,,,2/4,consolidated,125
2020-04-01,N24001035,1121,MANSAR TO SALAIKHURD,ROAD TRANSPORT AND HIGHWAYS,MoRTH,MAHARASHTRA,2018-01-01,2019-12-01,,418.36,418.36,142.13,,,,,0/4,consolidated,125
2020-04-01,N24001036,1122,MAJALGAON TO KAIJ,ROAD TRANSPORT AND HIGHWAYS,MoRTH,MAHARASHTRA,2017-01-01,2019-07-01,2019-07-01,413.99,413.99,299.33,,,,,0/0,consolidated,125
2020-04-01,N24001037,1123,KAIJ TO KUSALAM,ROAD TRANSPORT AND HIGHWAYS,MoRTH,MAHARASHTRA,2017-01-01,2019-07-01,2019-07-01,554.78,554.78,212.9,,,,,2/4,consolidated,125
2020-04-01,N24001038,1124,MAHAD TO RAIGAD FORT,ROAD TRANSPORT AND HIGHWAYS,MoRTH,MAHARASHTRA,2018-07-01,2020-05-01,2020-05-01,237.4,237.4,8.34,,,,0(O),0/4,consolidated,125
2020-04-01,N24001039,1125,JINTUR TO PARBHANI,ROAD TRANSPORT AND HIGHWAYS,MoRTH,MAHARASHTRA,2017-01-01,,,356.66,356.66,65.88,,,,,0/4,consolidated,125
2020-04-01,N24001040,1126,JAHIRABAD TO LATUR,ROAD TRANSPORT AND HIGHWAYS,MoRTH,MAHARASHTRA,2017-01-01,2019-11-01,2019-11-01,461.96,461.96,170.43,,,,,2/4,consolidated,125
2020-04-01,N24001041,1127,SHIROD SHAHPURER TO NANDED,ROAD TRANSPORT AND HIGHWAYS,MoRTH,MAHARASHTRA,2017-01-01,2019-07-01,2019-07-01,211.34,211.34,112.83,,,,,2/4,consolidated,125
2020-04-01,N24001042,1128,SALAIKHURD TO TIRORA,ROAD TRANSPORT AND HIGHWAYS,MoRTH,MAHARASHTRA,2018-01-01,2019-12-01,,415.25,415.25,111.22,,415.25,,,0/4,consolidated,125
2020-04-01,N24001043,1129,NILAJPHATA TO BHANDARA,ROAD TRANSPORT AND HIGHWAYS,MoRTH,MAHARASHTRA,2018-01-01,2020-05-01,2020-05-01,420.63,420.63,50.6,,421,,0(O),0/4,consolidated,125
2020-04-01,N24001044,1130,KALMAB TO RALEGAON,ROAD TRANSPORT AND HIGHWAYS,MoRTH,MAHARASHTRA,2017-01-01,2019-06-01,,467.78,467.78,301.91,,,,,0/4,consolidated,125
2020-04-01,N24001045,1131,JALGAON TO BHADGAON,ROAD TRANSPORT AND HIGHWAYS,MoRTH,MAHARASHTRA,2018-01-01,2019-11-01,,307.54,307.54,159.59,,308,,,0/4,consolidated,125
2020-04-01,N24001046,1132,RALEGAON TO RAMTIRTH,ROAD TRANSPORT AND HIGHWAYS,MoRTH,MAHARASHTRA,2017-01-01,2019-07-01,,210.81,210.81,120.69,,,,,0/4,consolidated,125
2020-04-01,N24001047,1133,BHADGAON TO CHALISGAON,ROAD TRANSPORT AND HIGHWAYS,MoRTH,MAHARASHTRA,2018-01-01,2019-11-01,,259.55,259.55,182.24,,260,,,0/0,consolidated,125
2020-04-01,N24001048,1134,MEHKAR TO AJISPUR,ROAD TRANSPORT AND HIGHWAYS,MoRTH,MAHARASHTRA,2017-01-01,2019-07-01,,232.77,232.77,92.51,,,,,0/0,consolidated,126
2020-04-01,N24001049,1135,KARAD TO VITA,ROAD TRANSPORT AND HIGHWAYS,MoRTH,MAHARASHTRA,2018-01-01,2019-12-01,,344.85,344.85,98.86,,245,,,0/4,consolidated,126
2020-04-01,N24001050,1136,VITA TO NAGAJ,ROAD TRANSPORT AND HIGHWAYS,MoRTH,MAHARASHTRA,2018-03-01,2019-12-01,,304.58,304.58,24.82,,305,,,0/4,consolidated,126
2020-04-01,N24001051,1137,NALDURG TO AKKALKOT,ROAD TRANSPORT AND HIGHWAYS,MoRTH,MAHARASHTRA,2018-02-01,2019-12-01,,274.5,274.5,66.39,,275,,,0/4,consolidated,126
2020-04-01,N24001052,1138,SANGOLA TO JATH,ROAD TRANSPORT AND HIGHWAYS,MoRTH,MAHARASHTRA,2018-01-01,2019-12-01,,257.38,257.38,94.15,,257,,,0/4,consolidated,126
2020-04-01,N24001053,1139,KARAD TO TAGAON,ROAD TRANSPORT AND HIGHWAYS,MoRTH,MAHARASHTRA,2017-01-01,2019-06-01,2020-06-01,537.81,537.81,110.97,,538,,12(O),0/4,consolidated,126
2020-04-01,N24001054,1140,TASGAON TO SHIRDHON,ROAD TRANSPORT AND HIGHWAYS,MoRTH,MAHARASHTRA,2017-01-01,2019-11-01,2019-11-01,195.64,195.64,169.73,,196,,,0/4,consolidated,126
2020-04-01,N24001055,1141,HELWAK TO KARAD,ROAD TRANSPORT AND HIGHWAYS,MoRTH,MAHARASHTRA,2017-02-01,2019-07-01,,416.99,416.99,137.4,,,,,0/4,consolidated,126
2020-04-01,N24001056,1142,TEMBHURNI PANDHARPUR MANGALWEDHA MARWADE UMDI,ROAD TRANSPORT AND HIGHWAYS,MoRTH,MAHARASHTRA,2017-02-01,2019-07-01,,422.02,422.02,247.01,,422,,,0/0,consolidated,126
2020-04-01,N24001057,1143,KARAD PATAN CHIPLUN GUHAGAR,ROAD TRANSPORT AND HIGHWAYS,MoRTH,MAHARASHTRA,2017-02-01,2019-06-01,2020-06-01,407.19,407.19,25.68,,407,,12(O),0/4,consolidated,126
2020-04-01,N24001058,1144,KARWANDI TO RAJURI,ROAD TRANSPORT AND HIGHWAYS,MoRTH,MAHARASHTRA,2018-03-01,2019-12-01,2019-12-01,276.95,276.95,114.47,,277,,,0/4,consolidated,126
2020-04-01,N24001059,1145,SHIVUR TO YEOLA,ROAD TRANSPORT AND HIGHWAYS,MoRTH,MAHARASHTRA,2018-03-01,2019-12-01,2019-12-01,181.08,181.08,7.5,,,,,0/4,consolidated,126
2020-04-01,N24001060,1146,PALPHATA TO PHULAMBARI,ROAD TRANSPORT AND HIGHWAYS,MoRTH,MAHARASHTRA,2018-03-01,2019-12-01,2019-12-01,227.19,227.19,91.23,,227,,,0/4,consolidated,126
2020-04-01,N24001061,1147,CHIKALI TO DHAD,ROAD TRANSPORT AND HIGHWAYS,MoRTH,MAHARASHTRA,2018-03-01,2019-12-01,2019-12-01,189.46,189.46,59.54,,189,,,0/4,consolidated,126
2020-04-01,N24001062,1148,DHAD BHOKARDAN TO BHOKARDHAN SILLOD,ROAD TRANSPORT AND HIGHWAYS,MoRTH,MAHARASHTRA,2018-03-01,2019-12-01,2019-12-01,336.21,336.21,88.66,,336,,,0/4,consolidated,126
2020-04-01,N24001063,1149,WADIGODRI TO DHANGRIPIMPRI,ROAD TRANSPORT AND HIGHWAYS,MoRTH,MAHARASHTRA,2018-03-01,2020-02-01,,194.23,194.23,88.23,,194,,,0/4,consolidated,126
2020-04-01,N24001064,1150,DHANGIPIMPRI TO JALNA AND AMBAD CHOWK TO MANTH CHOWK,ROAD TRANSPORT AND HIGHWAYS,MoRTH,MAHARASHTRA,2018-03-01,2020-02-01,2020-02-01,217.14,217.14,116.77,,217,,,0/4,consolidated,126
2020-04-01,N24001065,1151,PARBHANI TO GANGKHED,ROAD TRANSPORT AND HIGHWAYS,MoRTH,MAHARASHTRA,2018-03-01,2019-12-01,2019-12-01,238.19,238.19,85.85,,238,,,0/4,consolidated,126
2020-04-01,N24001066,1152,LATUR TO PANGAON,ROAD TRANSPORT AND HIGHWAYS,MoRTH,MAHARASHTRA,2018-03-01,2019-12-01,2019-12-01,336.47,336.47,142.18,,336,,,0/4,consolidated,126
2020-04-01,N24001067,1153,OMREGA TO AUSA,ROAD TRANSPORT AND HIGHWAYS,MoRTH,MAHARASHTRA,2018-03-01,2019-12-01,2019-12-01,272.04,272.04,164.24,,272,,,0/4,consolidated,126
2020-04-01,N24001068,1154,WASHIM TO DASTAPUR,ROAD TRANSPORT AND HIGHWAYS,MoRTH,MAHARASHTRA,2018-03-01,2019-12-01,2019-12-01,165.51,165.51,83.45,,,,,1/4,consolidated,126
2020-04-01,N24001069,1155,NANDED TO JALKOT,ROAD TRANSPORT AND HIGHWAYS,MoRTH,MAHARASHTRA,2017-12-01,2019-09-01,2019-09-01,456.93,456.93,105.95,,457,,,1/4,consolidated,126
2020-04-01,N24001070,1156,DASTAPUR TO KARANJA,ROAD TRANSPORT AND HIGHWAYS,MoRTH,MAHARASHTRA,2018-03-01,2019-12-01,2019-12-01,182.63,182.63,114.4,,,,,2/4,consolidated,126
2020-04-01,N24001071,1157,JALKOT TO TOGRI,ROAD TRANSPORT AND HIGHWAYS,MoRTH,MAHARASHTRA,2018-07-01,2020-08-01,2020-08-01,299.92,299.92,19.25,,300,,0(O),0/4,consolidated,126
2020-04-01,N24001072,1158,KHERDA TO NAGZARI,ROAD TRANSPORT AND HIGHWAYS,MoRTH,MAHARASHTRA,2018-03-01,2019-12-01,2019-12-01,181.3,181.3,111.5,,59,,,0/4,consolidated,126
2020-04-01,N24001073,1159,KOTHARI TO DHANORA,ROAD TRANSPORT AND HIGHWAYS,MoRTH,MAHARASHTRA,2018-09-01,2020-08-01,2020-08-01,301.38,301.38,59.42,,301,,0(O),0/0,consolidated,127
2020-04-01,N24001074,1160,KHAMGAON TO DEULGAON SAKARSHA,ROAD TRANSPORT AND HIGHWAYS,MoRTH,MAHARASHTRA,2018-03-01,2019-12-01,2019-12-01,249.29,249.29,116.2,,,,,0/0,consolidated,127
2020-04-01,N24001075,1161,OSMANNAGAR TO KUNDRAL,ROAD TRANSPORT AND HIGHWAYS,MoRTH,MAHARASHTRA,2017-09-01,2020-08-01,2020-08-01,344.25,344.25,71.18,,344,,0(O),0/4,consolidated,127
2020-04-01,N24001076,1162,DEULGAON SAKARSHA TO MEHKAR,ROAD TRANSPORT AND HIGHWAYS,MoRTH,MAHARASHTRA,2018-03-01,2019-12-01,2019-12-01,219.91,219.91,123.76,,,,,0/0,consolidated,127
2020-04-01,N24001077,1163,KUNDRAL TO WAZAR,ROAD TRANSPORT AND HIGHWAYS,MoRTH,MAHARASHTRA,2018-01-01,2019-12-01,,225.25,225.25,163.75,,225,,,2/4,consolidated,127
2020-04-01,N24001078,1164,PUNE TO MALE VILLAGE,ROAD TRANSPORT AND HIGHWAYS,MoRTH,MAHARASHTRA,2018-03-01,2019-12-01,2019-12-01,228.31,228.31,20.5,,,,,0/0,consolidated,127
2020-04-01,N24001079,1165,ARDHAPUR TO HIMAYATNAGAR,ROAD TRANSPORT AND HIGHWAYS,MoRTH,MAHARASHTRA,2017-12-01,2020-06-01,2020-06-01,426.06,426.06,91.97,,426,,0(O),1/4,consolidated,127
2020-04-01,N24001080,1166,MALE VILLAGE TO PUNE RAIGARH DISTRICT BORDER,ROAD TRANSPORT AND HIGHWAYS,MoRTH,MAHARASHTRA,2018-03-01,2019-12-01,,256.15,256.15,44,,,,,0/0,consolidated,127
2020-04-01,N24001081,1167,HIMAYATNAGAR TO PHULSAWANGI,ROAD TRANSPORT AND HIGHWAYS,MoRTH,MAHARASHTRA,2018-03-01,2019-12-01,,294.87,294.87,54.3,,295,,,1/4,consolidated,127
2020-04-01,N24001082,1168,PUNE RAIGARH DISTRICT BORDER TO MANGAON,ROAD TRANSPORT AND HIGHWAYS,MoRTH,MAHARASHTRA,,2019-12-01,2019-12-01,223.46,223.46,21.42,,,,,0/0,consolidated,127
2020-04-01,N24001083,1169,CHIKLI TO TAKARKHED,ROAD TRANSPORT AND HIGHWAYS,MoRTH,MAHARASHTRA,2018-03-01,2019-12-01,,393.1,393.1,166.97,,393,,,2/4,consolidated,127
2020-04-01,N24001084,1170,PAHUR TO BODHWAD,ROAD TRANSPORT AND HIGHWAYS,MoRTH,MAHARASHTRA,2017-01-01,2020-05-01,2020-05-01,244.93,244.93,77.23,,,,0(O),0/4,consolidated,127
2020-04-01,N24001085,1171,TAKARKHED TO JALNA,ROAD TRANSPORT AND HIGHWAYS,MoRTH,MAHARASHTRA,2017-09-01,2019-06-01,,417.9,417.9,138.26,,418,,,0/4,consolidated,127
2020-04-01,N24001086,1172,BODHWAD TO STATE BORDER,ROAD TRANSPORT AND HIGHWAYS,MoRTH,MAHARASHTRA,2017-01-01,2019-07-01,,178.26,178.26,124.95,,,,,0/4,consolidated,127
2020-04-01,N24001087,1173,MANGRUPHIR TO MAHAN,ROAD TRANSPORT AND HIGHWAYS,MoRTH,MAHARASHTRA,2018-03-01,2019-11-01,,222.13,222.13,96.63,,222,,,0/4,consolidated,127
2020-04-01,N24001088,1174,JALGAON TO NANDURA,ROAD TRANSPORT AND HIGHWAYS,MoRTH,MAHARASHTRA,2018-03-01,2019-12-01,,177.84,177.84,73.69,,177,,,0/0,consolidated,127
2020-04-01,N24001089,1175,MALEGAON TO RISOD,ROAD TRANSPORT AND HIGHWAYS,MoRTH,MAHARASHTRA,2018-02-01,2019-12-01,2019-12-01,303.24,303.24,138.97,,303,,,0/4,consolidated,127
2020-04-01,N24001090,1176,KOLDE TO KHETIYA,ROAD TRANSPORT AND HIGHWAYS,MoRTH,MAHARASHTRA,2017-01-01,2019-07-01,,509.18,509.18,205.93,,,,,0/4,consolidated,127
2020-04-01,N24001091,1177,REHABILITATION AND UPGRADATION OF NH 200 FROM KM 241.553 TO 312.600 MASANIAKALA TO RENGAPALI ODISHA,ROAD TRANSPORT AND HIGHWAYS,MoRTH,MAHARASHTRA,2016-03-01,2019-12-01,2019-12-01,536.65,536.65,488.1,,356,,,0/0,consolidated,127
2020-04-01,N24001092,1178,SATARA TO MHASWAD,ROAD TRANSPORT AND HIGHWAYS,MoRTH,MAHARASHTRA,2017-01-01,2019-07-01,,653.46,653.46,275.42,,,,,0/4,consolidated,127
2020-04-01,N24001093,1179,ARNI TO NAIGAINBANDI,ROAD TRANSPORT AND HIGHWAYS,MoRTH,MAHARASHTRA,2017-12-01,2019-12-01,,309.94,309.94,71.32,,310,,,0/0,consolidated,127
2020-04-01,N24001094,1180,NAIGAONBANDI TO MANGRULPIR,ROAD TRANSPORT AND HIGHWAYS,MoRTH,MAHARASHTRA,2017-12-01,2019-03-01,,244.04,244.04,44.94,,244,,,0/0,consolidated,127
2020-04-01,N24001095,1181,SATARA MURVAD PILLOV PANDHARPUR,ROAD TRANSPORT AND HIGHWAYS,MoRTH,MAHARASHTRA,2017-01-01,,,388.44,388.44,191.77,,,,,0/0,consolidated,127
2020-04-01,N24001096,1182,TALEGAON TO GONAPUR,ROAD TRANSPORT AND HIGHWAYS,MoRTH,MAHARASHTRA,2018-01-01,2019-03-01,,264.41,264.41,53.71,,264,,,0/0,consolidated,127
2020-04-01,N24001097,1183,SELDOH TO PANVAR,ROAD TRANSPORT AND HIGHWAYS,MoRTH,MAHARASHTRA,2018-07-01,2020-05-01,2020-05-01,404.33,404.33,44.19,,404,,0(O),0/4,consolidated,127
2020-04-01,N24001098,1184,WARDHA TO HINGAGHAT,ROAD TRANSPORT AND HIGHWAYS,MoRTH,MAHARASHTRA,2018-01-01,2019-12-01,,216.9,216.9,82.54,,217,,,1/4,consolidated,128
2020-04-01,N24001099,1185,MHASWAD TO TEMBHURNI,ROAD TRANSPORT AND HIGHWAYS,MoRTH,MAHARASHTRA,2017-01-01,2019-07-01,,488.6,488.6,250.71,,,,,0/4,consolidated,128
2020-04-01,N24001100,1186,AHMEDNAGAR TO BARAMATI,ROAD TRANSPORT AND HIGHWAYS,MoRTH,MAHARASHTRA,2017-01-01,2019-08-01,2019-08-01,955.4,955.4,390.5,,,,,0/4,consolidated,128
2020-04-01,N24001101,1187,KURUDWADI TO PANDHARPUR,ROAD TRANSPORT AND HIGHWAYS,MoRTH,MAHARASHTRA,2017-01-01,2019-07-01,,307.63,307.63,173.17,,,,,0/4,consolidated,128
2020-04-01,N24001102,1188,PANDHARPUR TO SANGOLA,ROAD TRANSPORT AND HIGHWAYS,MoRTH,MAHARASHTRA,2017-07-01,2019-07-01,,218.38,218.38,168.75,,,,,0/4,consolidated,128
2020-04-01,N24001103,1189,SARAD VANI PIMPALGAON,ROAD TRANSPORT AND HIGHWAYS,MoRTH,MAHARASHTRA,2017-01-01,2019-07-01,,250.46,250.46,107.63,,,,,0/4,consolidated,128
2020-04-01,N24001104,1190,MALEWADA TO CHIMUR,ROAD TRANSPORT AND HIGHWAYS,MoRTH,MAHARASHTRA,2016-10-01,2019-06-01,2020-06-01,322.55,322.55,184.91,,,,12(O),2/4,consolidated,128
2020-04-01,N24001105,1191,CHIMUR TO WARORA,ROAD TRANSPORT AND HIGHWAYS,MoRTH,MAHARASHTRA,2016-11-01,2019-03-01,,467.7,467.7,156.72,,,,,0/4,consolidated,128
2020-04-01,N24001106,1192,PEN TO KHOPOLI,ROAD TRANSPORT AND HIGHWAYS,MoRTH,MAHARASHTRA,2018-03-01,2018-03-01,,301.39,301.39,17.09,,302,,,0/4,consolidated,128
2020-04-01,N24001107,1193,PANCHARAL TO MANDANGHAR,ROAD TRANSPORT AND HIGHWAYS,MoRTH,MAHARASHTRA,2018-07-01,2020-05-01,2020-05-01,381.08,381.08,13.03,,302,,0(O),0/4,consolidated,128
2020-04-01,N24001108,1194,CHALISGAON TO NANDGAON,ROAD TRANSPORT AND HIGHWAYS,MoRTH,MAHARASHTRA,2018-03-01,2019-12-01,,206.97,206.97,94.89,,207,,,0/4,consolidated,128
2020-04-01,N24001109,1195,KUSUMBA TO MALEGAON,ROAD TRANSPORT AND HIGHWAYS,MoRTH,MAHARASHTRA,2018-03-01,2019-12-01,,243.45,243.45,96.02,,244,,,0/4,consolidated,128
2020-04-01,N24001110,1196,BAMNI TO NAVAEGAON,ROAD TRANSPORT AND HIGHWAYS,MoRTH,MAHARASHTRA,2017-09-01,2020-04-01,2020-04-01,241.69,241.69,109.29,,242,,0(O),1/4,consolidated,128
2020-04-01,N24001111,1197,KOLHA TO NASRATPUR,ROAD TRANSPORT AND HIGHWAYS,MoRTH,MAHARASHTRA,2016-04-01,2019-04-01,2020-04-01,281.78,281.78,29.73,,282,,12(O),0/4,consolidated,128
2020-04-01,N24001112,1198,NASRATPUR TO BARASGAON,ROAD TRANSPORT AND HIGHWAYS,MoRTH,MAHARASHTRA,2016-07-01,2019-09-01,,406.54,406.54,147,,407,,,2/4,consolidated,128
2020-04-01,N24001113,1199,BARASGAON TO RAHATEE,ROAD TRANSPORT AND HIGHWAYS,MoRTH,MAHARASHTRA,2016-07-01,2018-09-01,2021-04-01,289.11,289.11,33.82,,290,,31(O),0/4,consolidated,128
2020-04-01,N24001114,1200,INDAPUR TO VADPALE,ROAD TRANSPORT AND HIGHWAYS,MoRTH,MAHARASHTRA,2017-01-01,2019-12-01,,1202.52,1202.52,635.9,,1203,,,1/4,consolidated,128
2020-04-01,N24001115,1201,VADPALE TO BHOGAN KHURD,ROAD TRANSPORT AND HIGHWAYS,MoRTH,MAHARASHTRA,2017-01-01,2019-11-01,,1598.47,1598.47,768.91,,1560,,,1/4,consolidated,128
2020-04-01,N24001116,1202,GADCHIROLI TO MUL,ROAD TRANSPORT AND HIGHWAYS,MoRTH,MAHARASHTRA,2016-12-01,2019-06-01,,484.15,484.15,162.31,,,,,2/4,consolidated,128
2020-04-01,N24001117,1203,MUL TO CHANDRAPUR,ROAD TRANSPORT AND HIGHWAYS,MoRTH,MAHARASHTRA,2016-12-01,2019-07-01,2019-07-01,162.34,162.34,32.8,,,,,1/4,consolidated,128
2020-04-01,N24001118,1204,SAKOLI TO BHANDARA,ROAD TRANSPORT AND HIGHWAYS,MoRTH,MAHARASHTRA,2017-01-01,2019-06-01,,362.96,362.96,37.83,,,,,0/4,consolidated,128
2020-04-01,N24001119,1205,NAGBHID TO ARMORI,ROAD TRANSPORT AND HIGHWAYS,MoRTH,MAHARASHTRA,2016-09-01,2019-07-01,,269.05,269.05,222.91,,,,,0/4,consolidated,128
2020-04-01,N24001120,1206,AKKALKOT TO DHUDHNI,ROAD TRANSPORT AND HIGHWAYS,MoRTH,MAHARASHTRA,2016-04-01,2019-02-01,,211.42,211.42,131.85,,,,,0/4,consolidated,128
2020-04-01,N24001121,1207,NASHIK TO PETH,ROAD TRANSPORT AND HIGHWAYS,MoRTH,MAHARASHTRA,2015-12-01,2018-11-01,2019-11-01,289.6,289.6,129.81,,,,,0/4,consolidated,128
2020-04-01,N24001122,1208,PAITHAN TO SHIRUR,ROAD TRANSPORT AND HIGHWAYS,MoRTH,MAHARASHTRA,2017-03-01,2019-06-01,,341.8,341.8,107.89,,,,,0/4,consolidated,128
2020-04-01,N24001123,1209,SHIRUR TO KHARDA,ROAD TRANSPORT AND HIGHWAYS,MoRTH,MAHARASHTRA,2017-02-01,2019-06-01,,381.77,381.77,157.79,,61,,,0/4,consolidated,128
2020-04-01,N24001124,1210,AURANGABAD TO SILLOD,ROAD TRANSPORT AND HIGHWAYS,MoRTH,MAHARASHTRA,2017-02-01,2019-06-01,,456.32,456.32,116.75,,,,,0/4,consolidated,129
2020-04-01,N24001125,1211,SILLOD TO FARDAPUR,ROAD TRANSPORT AND HIGHWAYS,MoRTH,MAHARASHTRA,2017-02-01,2019-06-01,,337.46,337.46,68.22,,,,,0/4,consolidated,129
2020-04-01,N24001126,1212,FARDAPUR TO JALGAON,ROAD TRANSPORT AND HIGHWAYS,MoRTH,MAHARASHTRA,2017-02-01,2019-06-01,,456.45,456.45,97.74,,,,,0/4,consolidated,129
2020-04-01,N24001127,1213,KUMBHARI PHTA TO DEULGAON RAJA,ROAD TRANSPORT AND HIGHWAYS,MoRTH,MAHARASHTRA,2017-02-01,2019-06-01,,406.51,406.51,280.69,,,,,0/0,consolidated,129
2020-04-01,N24001128,1214,BHOKAR TO SARSAM,ROAD TRANSPORT AND HIGHWAYS,MoRTH,MAHARASHTRA,2017-02-01,2019-07-01,,295.09,295.99,179.64,,,,,0/4,consolidated,129
2020-04-01,N24001132,1215,BHOGAN KHURD TO KASHEDI,ROAD TRANSPORT AND HIGHWAYS,MoRTH,MAHARASHTRA,2017-09-01,2021-06-01,2021-06-01,743.21,743.21,131.87,,743,,0(O),1/4,consolidated,129
2020-04-01,N24001133,1216,PARSHURAM GHAT TO ARAWALI,ROAD TRANSPORT AND HIGHWAYS,MoRTH,MAHARASHTRA,2016-04-01,2019-12-01,,983.14,983.14,655.15,,983,,,1/4,consolidated,129
2020-04-01,N24001134,1217,KANTE TO WAKED,ROAD TRANSPORT AND HIGHWAYS,MoRTH,MAHARASHTRA,2016-03-01,2019-11-01,,1230.02,1230.02,566.61,,1230,,,1/4,consolidated,129
2020-04-01,N24001135,1218,WAKED TO TALEGAON,ROAD TRANSPORT AND HIGHWAYS,MoRTH,MAHARASHTRA,2016-02-01,2019-02-01,,1244.75,1244.75,357.6,,1245,,,0/0,consolidated,129
2020-04-01,N24001136,1219,TALGAON TO KALMATH,ROAD TRANSPORT AND HIGHWAYS,MoRTH,MAHARASHTRA,2016-10-01,2020-03-01,,904.7,904.7,604.05,,905,,,2/4,consolidated,129
2020-04-01,N24001137,1220,KALMATH TO ZARAP,ROAD TRANSPORT AND HIGHWAYS,MoRTH,MAHARASHTRA,2016-09-01,2020-03-01,,1338.13,1338.13,959.51,,1338,,,3/5,consolidated,129
2020-04-01,N24001138,1221,PARLI PIMPLA DAHIGUDA,ROAD TRANSPORT AND HIGHWAYS,MoRTH,MAHARASHTRA,2017-02-01,2019-06-01,2020-06-01,205.72,205.72,30.42,,206,,12(O),1/4,consolidated,129
2020-04-01,N24001149,1222,RISOD TO HINGOLI,ROAD TRANSPORT AND HIGHWAYS,MoRTH,MAHARASHTRA,2018-02-01,2019-12-01,,355.99,355.99,175.97,,,,,0/0,consolidated,129
2020-04-01,N24001150,1223,WARDHA TO ARVI,ROAD TRANSPORT AND HIGHWAYS,MoRTH,MAHARASHTRA,2018-02-01,2020-04-01,2020-04-01,313.58,313.58,32.96,,,,0(O),0/4,consolidated,129
2020-04-01,N24000869,1224,TWO- LANE WITH PAVED SHOULDER CONFIGURATION OF IMPHAL - MOREH SECTION OF NH-39 FROM KM 350.00 TO KM,ROAD TRANSPORT AND HIGHWAYS,NHIDCL,MANIPUR,2017-08-01,2018-10-01,2021-10-01,517.57,457.77,137.04,,,,36(O),2/4,consolidated,129
2020-04-01,N24001174,1225,STRENGTHENING OF EXISTING TWO LANE I/C PAVED SHOULDER FROM MAO - SENAPATI FROM KM 212.325 TO KM 260.,ROAD TRANSPORT AND HIGHWAYS,MoRTH,MANIPUR,2016-10-01,2020-11-01,2020-11-01,235.31,235.31,97.25,,,,0(O),0/0,consolidated,129
2020-04-01,N24000517,1226,TWO LANING WITH PS OF JOWAI -MEHALAYA /ASSAM BORDER SECTION OF NH-44,ROAD TRANSPORT AND HIGHWAYS,NHAI,MEGHALAYA,2015-12-01,2018-05-01,2019-10-01,479.2,479.2,712.89,,,,,0/0,consolidated,129
2020-04-01,N24000771,1227,WIDENING TO 2-LANE WITH GEOMETRIC IMPROVEMENTS OF TURA DALU ROAD UNDER JICA FUNDING FROM KM 85.000 T,ROAD TRANSPORT AND HIGHWAYS,NHIDCL,MEGHALAYA,2017-04-01,,2021-09-01,553.51,553.51,48.63,,,,,0/4,consolidated,129
2020-04-01,N24000903,1228,IMPROVEMENT/WIDENING TO 2-LANE WITH EARTHEN SHOULDERS FROM RANIKOR TO NONGJRI EXISTING CHAINAGE FROM,ROAD TRANSPORT AND HIGHWAYS,NHIDCL,MEGHALAYA,2019-03-01,2019-05-01,,306.28,306.28,53.09,,,,,1/4,consolidated,129
2020-04-01,N24000306,1229,WIDENING TO 2 LANE RE-ALIGNMENT AND GEOMETRIC IMPROVEMENT FROM KM 11/00 TO KM 114/618 OF NH-44A IN,ROAD TRANSPORT AND HIGHWAYS,MoRTH,"MIZORAM, ITEM RATE",2010-11-01,2011-03-01,2020-12-01,624.41,992.67,886.01,,,,117(O),0/0,consolidated,129
2020-04-01,N24000308,1230,CONSTRUCTION OF A NEW 2-LANE HIGHWAY FROM KM 71/00 TO 99/83 IN MIZORAM TO SUPPORT KALADAN MULTI MOD,ROAD TRANSPORT AND HIGHWAYS,MoRTH,"MIZORAM, ITEM RATE",2010-08-01,2010-10-01,2021-06-01,193.69,327.92,258.71,,,,128(O),0/0,consolidated,130
2020-04-01,N24000415,1231,CONSTRUCTION OF A NEW 2-LANE HIGHWAY FROM KM 0.00 (ON NH-54 NEAR LAWNGTLAI),ROAD TRANSPORT AND HIGHWAYS,MoRTH,"MIZORAM, ITEM RATE",2010-08-01,2010-10-01,,195.04,377.99,312.41,,,2020-12-01,,0/0,consolidated,130
2020-04-01,N24000857,1232,WIDENING AND UP-GRADATION TO 2-LANE WITH PAVED SHOULDER CONFIGURATION AND GEOMETRIC IMPROVEMENTS FRO,ROAD TRANSPORT AND HIGHWAYS,NHIDCL,MIZORAM,2017-04-01,2019-09-01,,519.09,519.09,22.52,,,,,0/0,consolidated,130
2020-04-01,N24000858,1233,WIDENING AND UP-GRADATION TO 2-LANE WITH PAVED SHOULDER CONFIGURATION AND GEOMETRIC IMPROVEMENTS FRO,ROAD TRANSPORT AND HIGHWAYS,NHIDCL,MIZORAM,2017-04-01,2019-09-01,,640.07,640.07,0,,,,,0/0,consolidated,130
2020-04-01,N24000859,1234,WIDENING AND UP-GRADATION TO 2-LANE WITH PAVED SHOULDER CONFIGURATION AND GEOMETRIC IMPROVEMENTS FRO,ROAD TRANSPORT AND HIGHWAYS,NHIDCL,MIZORAM,2017-04-01,2019-09-01,,642.96,642.96,0,,,,,0/0,consolidated,130
2020-04-01,N24000861,1235,WIDENING AND UP-GRADATION TO 2-LANE WITH PAVED SHOULDER CONFIGURATION AND GEOMETRIC IMPROVEMENTS FRO,ROAD TRANSPORT AND HIGHWAYS,NHIDCL,MIZORAM,2017-04-01,2019-09-01,,473.18,473.18,0,,,,,0/0,consolidated,130
2020-04-01,N24000862,1236,WIDENING AND UP-GRADATION TO 2-LANE WITH PAVED SHOULDER CONFIGURATION AND GEOMETRIC IMPROVEMENTS FRO,ROAD TRANSPORT AND HIGHWAYS,NHIDCL,MIZORAM,2017-04-01,2019-09-01,,537.82,537.82,0,,,,,0/0,consolidated,130
2020-04-01,N24000863,1237,WIDENING AND UP-GRADATION TO 2-LANE WITH PAVED SHOULDER CONFIGURATION AND GEOMETRIC IMPROVEMENTS FRO,ROAD TRANSPORT AND HIGHWAYS,NHIDCL,MIZORAM,2017-04-01,2019-09-01,,518.53,518.53,0,,,,,0/0,consolidated,130
2020-04-01,N24000864,1238,WIDENING AND UP-GRADATION TO 2-LANE WITH PAVED SHOULDER CONFIGURATION AND GEOMETRIC IMPROVEMENTS FRO,ROAD TRANSPORT AND HIGHWAYS,NHIDCL,MIZORAM,2017-04-01,2019-09-01,,404.29,404.29,0,,,,,0/0,consolidated,130
2020-04-01,N24000865,1239,WIDENING AND UP-GRADATION TO 2-LANE WITH PAVED SHOULDER CONFIGURATION AND GEOMETRIC IMPROVEMENTS FRO,ROAD TRANSPORT AND HIGHWAYS,NHIDCL,MIZORAM,2017-04-01,2019-09-01,,428.11,428.11,0,,,,,0/0,consolidated,130
2020-04-01,N24001181,1240,CONSTRUCTION OF A NEW 2-LANE HIGHWAY FROM KM 38/00 TO 71/00 IN MIZORAM TO SUPPORT KALADAN MULTI MOD,ROAD TRANSPORT AND HIGHWAYS,MoRTH,MIZORAM,2010-08-01,2014-09-01,2020-06-01,186.96,305.61,279.13,,,,69(O),0/0,consolidated,130
2020-04-01,N24000089,1241,GWALIOR-JHANSI NH-75,ROAD TRANSPORT AND HIGHWAYS,NHAI,"MULTI STATE, PPP (ANNUITY)",2003-12-01,2009-12-01,2020-07-01,604,364.59,271.8,,,2018-08-01,127(O),0/0,consolidated,130
2020-04-01,N24000131,1242,SURAT- DAHISAR(SIX LANE) KM 263 TO KM 502,ROAD TRANSPORT AND HIGHWAYS,NHAI,"MULTI STATE, PPP (BOT)",2009-02-01,2011-08-01,,1693.75,1693.75,2848.49,,,,,2/2,consolidated,130
2020-04-01,N24000155,1243,4 LANING OF NAGPUR-BETUL,ROAD TRANSPORT AND HIGHWAYS,NHAI,"MULTI STATE, PPP (ANNUITY)",2011-02-01,2014-08-01,,2498.76,2498.76,2531.46,,,,,0/0,consolidated,130
2020-04-01,N24000182,1244,VARANASI-AURANGABAD KM.786 TO KM.978.40,ROAD TRANSPORT AND HIGHWAYS,NHAI,"MULTI STATE, PPP (BOT)",2011-09-01,2014-03-01,2020-06-01,2848,2848,1159.1,,,,75(O),0/0,consolidated,130
2020-04-01,N24000201,1245,MUZAFFARNAGAR-HARIDWAR,ROAD TRANSPORT AND HIGHWAYS,NHAI,"MULTI STATE, PPP (BOT)",2011-09-01,2013-03-01,2020-11-01,754,754,1364.18,,,,92(O),0/0,consolidated,130
2020-04-01,N24000224,1246,DELHI AGRA APPROVED LENGTH 180.0 KM,ROAD TRANSPORT AND HIGHWAYS,NHAI,"MULTI STATE, PPP (BOT)",2012-10-01,2015-04-01,2020-06-01,1928.22,2945,2467,,63,2017-01-01,62(O),0/4,consolidated,130
2020-04-01,N24000624,1247,SIX LANNING FROM KM 287.400 TO KM 401.200 SECTION OF NH- 8 IN THE STATE OF RAJASTHAN AND GUJARAT(APP,ROAD TRANSPORT AND HIGHWAYS,NHAI,MULTI STATE,2016-09-01,,2020-11-01,1244.1,1244.1,1496,,,,,0/0,consolidated,131
2020-04-01,N24000831,1248,FOUR LANING OF PUDUCHERRY - POONDIYANKUPPAM SECTION OF NH 45 A (NEW NH 332) FROM KM 29.000 TO KM 67.,ROAD TRANSPORT AND HIGHWAYS,NHAI,MULTI STATE,2018-03-01,,,1294.47,1296,0,,,,,0/0,consolidated,131
2020-04-01,N24000832,1249,FOUR LANING OF VILUPPURAM - PUDUCHERRY SECTION OF NH 45 A (NEW NH 32) FROM KM 0.000 TO KM 29.000 (DE,ROAD TRANSPORT AND HIGHWAYS,NHAI,MULTI STATE,2018-03-01,,,998.7,962,0,,,,,0/0,consolidated,131
2020-04-01,N24000315,1250,WIDENING OF 2(TWO) LANING OF LONGLENG- CHANTONGYA ROAD MON-TAMLU-MERANGKONG ROAD PHEK- PFUTSERO ROA,ROAD TRANSPORT AND HIGHWAYS,MoRTH,"NAGALAND, ITEM RATE",2010-12-01,2011-02-01,,1296,1296,0,,,,,0/0,consolidated,131
2020-04-01,N24000686,1251,FOUR LANING OF DIMAPUR KOHIMA ROAD FROM DESIGN KM 123.840 TO KM 138.775 (EXISTING KM 124.100 TO KM 1,ROAD TRANSPORT AND HIGHWAYS,NHIDCL,NAGALAND,2016-03-01,2016-08-01,,373.07,387,238.29,,,,,2/4,consolidated,131
2020-04-01,N24000687,1252,FOUR LANING OF DIMAPUR KOHIMA ROAD FROM DESIGN KM 138.775 TO KM 152.490 (EXISTING KM 140.000 TO KM 1,ROAD TRANSPORT AND HIGHWAYS,NHIDCL,NAGALAND,2016-03-01,2016-08-01,2020-06-01,396.52,339.55,247.43,,,,46(O),2/4,consolidated,131
2020-04-01,N24000688,1253,FOUR LANING OF EXISTING DIMAPUR KOHIMA ROAD FROM DESIGN KM 152.490 TO KM 166.700 (EXISTING KM 156.00,ROAD TRANSPORT AND HIGHWAYS,NHIDCL,NAGALAND,2016-03-01,2016-08-01,,429.52,340,193.99,,,,,2/4,consolidated,131
2020-04-01,N24000689,1254,CONSTRUCTION OF FOUR/ SIX LANING FROM KM 132.375 TO KM 158.058 (TOTAL NEW ALIGNMENT LENGTH OF 20.683,ROAD TRANSPORT AND HIGHWAYS,NHIDCL,NAGALAND,2017-02-01,2017-04-01,,507.68,507.68,129.13,,,,,1/4,consolidated,131
2020-04-01,N24000752,1255,(I) CONSTRUCTION OF FOUR/SIX LANING FROM KM 132.375 TO KM 158.058 (TOTAL NEW ALIGNMENT LENGTH OF 20.,ROAD TRANSPORT AND HIGHWAYS,NHIDCL,NAGALAND,2017-02-01,2018-09-01,2020-08-01,387,387,160.56,,,,23(O),1/4,consolidated,131
2020-04-01,N24000753,1256,(II) CONSTRUCTION OF DIMAPUR BYPASS (ASSAM PORTION) OF 4/6 LANE PAVEMENT ON EPC BASIS FROM EXISTING,ROAD TRANSPORT AND HIGHWAYS,NHIDCL,NAGALAND,2018-03-01,2018-09-01,,500.09,336.49,0,,336.49,,,0/0,consolidated,131
2020-04-01,N24000754,1257,CONSTRUCTION OF TWO LANE WITH HARD SHOULDERS OF CHAKABAMA-ZUNHEBOTO ROAD FROM EXISTING KM 00.000 TO,ROAD TRANSPORT AND HIGHWAYS,NHIDCL,NAGALAND,2018-03-01,2018-09-01,,339.57,233.35,38.97,,,,,0/0,consolidated,131
2020-04-01,N24000755,1258,CONSTRUCTION OF TWO LANE WITH HARD SHOULDERS OF CHAKABAMA- ZUNHEBOTO ROAD FROM EXISTING KM 25.760 TO,ROAD TRANSPORT AND HIGHWAYS,NHIDCL,NAGALAND,2018-03-01,2018-09-01,,239.3,174.7,19.48,,174.7,2019-05-01,,0/4,consolidated,131
2020-04-01,N24000756,1259,CONSTRUCTION OF TWO LANE WITH HARD SHOULDERS OF CHAKABAMA- ZUNHEBOTO ROAD FROM EXISTING KM 52.370 TO,ROAD TRANSPORT AND HIGHWAYS,NHIDCL,NAGALAND,2018-03-01,2018-09-01,,285.68,285.68,19.52,,,,,0/4,consolidated,131
2020-04-01,N24000757,1260,CONSTRUCTION OF TWO LANE WITH HARD SHOULDERS OF CHAKABAMA-ZUNHEBOTO ROAD FROM EXISTING KM 79.040 TO,ROAD TRANSPORT AND HIGHWAYS,NHIDCL,NAGALAND,2018-03-01,2018-09-01,,315.03,315.03,24.42,,,,,0/4,consolidated,131
2020-04-01,N24000758,1261,CONSTRUCTION OF TWO LANE WITH HARD SHOULDERS OF CHAKABAMA-ZUNHEBOTO ROAD FROM EXISTING KM100.345 TO,ROAD TRANSPORT AND HIGHWAYS,NHIDCL,NAGALAND,2018-03-01,2018-09-01,,240.64,240.64,35.38,,,,,0/4,consolidated,131
2020-04-01,N24000759,1262,CONSTRUCTION OF TWO-LANE WITH HARD SHOULDERS OF PFUTSERO PHEK ROAD FROM EXISTING KM 00.000 TO KM19.9,ROAD TRANSPORT AND HIGHWAYS,NHIDCL,NAGALAND,2018-03-01,2018-09-01,,237.72,237.72,57.18,,,,,1/2,consolidated,132
2020-04-01,N24000760,1263,CONSTRUCTION OF TWO LANE WITH HARD SHOULDERS OF PFUTSERO-PHEK ROAD FROM EXISTING KM 19.900 TO KM40.0,ROAD TRANSPORT AND HIGHWAYS,NHIDCL,NAGALAND,2018-03-01,2018-09-01,,251.97,251.97,46.25,,,,,0/2,consolidated,132
2020-04-01,N24000761,1264,CONSTRUCTION OF TWO LANE WITH HARD SHOULDERS OF PFUTSERO-PHEK ROAD FROM EXISTING KM 40.090 TO KM65.,ROAD TRANSPORT AND HIGHWAYS,NHIDCL,NAGALAND,2018-03-01,2018-09-01,,282.98,192.6,53.5,,,,,0/2,consolidated,132
2020-04-01,N24000762,1265,CONSTRUCTION OF TWO LANE WITH HARD SHOULDERS OF MERANGKONG-TAMLU-MON ROAD FROM EXISTING KM 00.000 TO,ROAD TRANSPORT AND HIGHWAYS,NHIDCL,NAGALAND,2018-03-01,2018-09-01,,215.12,215.12,51.98,,,,,1/4,consolidated,132
2020-04-01,N24000763,1266,CONSTRUCTION OF TWO LANE WITH HARD SHOULDERS OF MERANGKONG-TAMLU-MON ROAD FROM EXISTING KM 20.456 TO,ROAD TRANSPORT AND HIGHWAYS,NHIDCL,NAGALAND,2018-03-01,2018-09-01,,215.79,215.79,28.28,,,,,1/4,consolidated,132
2020-04-01,N24000764,1267,CONSTRUCTION OF TWO LANE WITH HARD SHOULDERS OF MERANGKONG-TAMLU-MON ROAD FROM EXISTING KM 41.065 TO,ROAD TRANSPORT AND HIGHWAYS,NHIDCL,NAGALAND,2018-03-01,2018-09-01,,272.89,272.89,7.61,,,,,0/4,consolidated,132
2020-04-01,N24000765,1268,CONSTRUCTION OF TWO LANE WITH HARD SHOULDERS OF MERANGKONG-TAMLU-MON ROAD FROM EXISTING KM 60.345 TO,ROAD TRANSPORT AND HIGHWAYS,NHIDCL,NAGALAND,2018-03-01,2018-09-01,,323.98,323.98,0,,,,,0/4,consolidated,132
2020-04-01,N24001175,1269,STRENGTHENING AND WIDENING TO TWO LANE WITH PAVED SHOULDER OF NH-61 FROM KM 40.00 TO KM 72.40 UNDER,ROAD TRANSPORT AND HIGHWAYS,MoRTH,NAGALAND,2016-10-01,2020-12-01,2020-12-01,167.62,167.62,61.37,,,,0(O),0/0,consolidated,132
2020-04-01,N24001176,1270,STRENGTHENING AND WIDENING TO TWO LANE WITH PAVED SHOULDER OF NH-61 FROM KM 40.00 TO KM 72.40 UNDER,ROAD TRANSPORT AND HIGHWAYS,MoRTH,NAGALAND,2016-10-01,2020-12-01,2020-12-01,172.63,172.63,77.3,,,,0(O),0/0,consolidated,132
2020-04-01,N24001178,1271,IMPROVEMENT OF CITY PORTION OF KOHIMA AND DIMAPUR CITY OF NH-39 IN THE STATE OF NAGALAND UNDER EPC M,ROAD TRANSPORT AND HIGHWAYS,MoRTH,NAGALAND,2016-11-01,2019-09-01,,336.25,336.25,151.1,,,,,0/0,consolidated,132
2020-04-01,N24001179,1272,CONSTRUCTION OF 2 LANE WITH PAVED SHOULDER FROM KM. 168 TO 183.783 (YESEMYONG TO UNGER) ON MOKOKCHUN,ROAD TRANSPORT AND HIGHWAYS,MoRTH,NAGALAND,2017-03-01,2020-11-01,2020-11-01,217.35,217.35,35.1,,,,0(O),0/0,consolidated,132
2020-04-01,N24001180,1273,WIDENING OF EXISTING SINGLE/INTERMEDIATE LANE ROAD TO 2 LANE ROAD FROM KM. 83.00 TO KM 101.00 ON NH-,ROAD TRANSPORT AND HIGHWAYS,MoRTH,NAGALAND,2019-03-01,2022-12-01,2022-12-01,237.51,237.51,0,,,,0(O),0/0,consolidated,132
2020-04-01,N24000197,1274,PANIKHOLI-RIMOLI,ROAD TRANSPORT AND HIGHWAYS,NHAI,"ODISHA, PPP (BOT)",2012-03-01,2014-09-01,,1410,1410,1935.14,,,,,0/0,consolidated,132
2020-04-01,N24000205,1275,SIX LANING OF CHANDIKHOL-JAGATPUR- BHUBANESWAR,ROAD TRANSPORT AND HIGHWAYS,NHAI,"ODISHA, PPP (BOT)",2011-12-01,2014-06-01,2019-03-01,1047,1047,1874.43,,,,,0/0,consolidated,132
2020-04-01,N24000379,1276,REHABILITATION AND UPGRADING TO 2 LANES/2 LANE WITH PAVED SHOULDERS CONFIGURATION OF BHOJPUR-CHHATAB,ROAD TRANSPORT AND HIGHWAYS,MoRTH,"ODISHA, EPC",1991-01-01,2017-10-01,,218.63,218.63,29.27,,65,,,0/0,consolidated,132
2020-04-01,N24000414,1277,REHABILITATION AND UPGRADING TO 2 LANES/2 LANE WITH PAVED SHOULDERS CONFIGURATION OF NABARANGPUR-KOK,ROAD TRANSPORT AND HIGHWAYS,MoRTH,ODISHA,1991-01-01,2018-05-01,,229.41,229.41,6.65,,,,,0/0,consolidated,133
2020-04-01,N24000417,1278,REHABILITATION AND UP-GRADATION OF NH-149 FROM KM 0.00 TO KM 68.280 (PALLAHARA-PITRI JUNCTION) IN TH,ROAD TRANSPORT AND HIGHWAYS,MoRTH,"ODISHA, EPC",2014-07-01,2017-01-01,,342.05,342.05,258.91,,,,,0/0,consolidated,133
2020-04-01,N24000427,1279,4 LANING OF BAHARAGORA - SINGHARA,ROAD TRANSPORT AND HIGHWAYS,NHAI,ODISHA,2015-07-01,,2021-03-01,1282.94,1282.94,307.5,,,,,0/0,consolidated,133
2020-04-01,N24000485,1280,FOUR LANING WITH PS TALEBANI -SMBALPUR,ROAD TRANSPORT AND HIGHWAYS,NHAI,ODISHA,2015-12-01,,,752.28,752.28,76.78,,,,,0/1,consolidated,133
2020-04-01,N24000523,1281,WIDENING TO 2 LANE AND IMPROVEMENT FROM KM 100/700 TO 186/700 OF VIJAYWADA RANCI ROUTE IN ODISHA,ROAD TRANSPORT AND HIGHWAYS,MoRTH,"ODISHA, EPC",2011-12-01,2017-11-01,,159.39,159.39,210.29,,,,,0/0,consolidated,133
2020-04-01,N24000527,1282,WIDENING TO 2 LANE AND IMPROVEMENT VIJAYWADA RANCI ROUTE FROM KM 377-700 TO 471-900 (BERHMAPUR-TAPTA,ROAD TRANSPORT AND HIGHWAYS,MoRTH,"ODISHA, EPC",2011-12-01,2015-08-01,,191.08,191.08,99.98,,,,,0/0,consolidated,133
2020-04-01,N24000550,1283,JHARPOKHARIA-BARIPADA-BALESHWAR SECTION,ROAD TRANSPORT AND HIGHWAYS,NHAI,ODISHA,2016-02-01,,2020-03-01,1069.65,1069.65,553.51,,,,,0/0,consolidated,133
2020-04-01,N24000619,1284,DEVELOPMENT OF FOUR LANNING OF ANGUL- SAMBALPUR SECTION OF NATIONAL HIGHWAY NH- 42 (NEW NH-55 IN THE S,ROAD TRANSPORT AND HIGHWAYS,NHAI,ODISHA,2016-09-01,2019-08-01,2021-03-01,2510.04,2510.04,358.51,,,,19(O),0/0,consolidated,133
2020-04-01,N24000633,1285,REHABILITAITON AND UPGRADATION TO FOUR LANING OF BINJHABAHAL TO TELEBANI SECTION KM 414.000 TO KM 4,ROAD TRANSPORT AND HIGHWAYS,NHAI,ODISHA,2016-10-01,,2021-03-01,1008.96,1008.96,647.17,,,,,0/0,consolidated,133
2020-04-01,N24000639,1286,WIDENING AND STRENFTHENING OF EXISITNG SL IL TO 2 LANE CARRIAGEWAY WITH PAVED SHOULDER INCLUDING GEO,ROAD TRANSPORT AND HIGHWAYS,MoRTH,ODISHA,2014-03-01,2016-05-01,,191.5,192,136.19,,192,,,0/0,consolidated,133
2020-04-01,N24000640,1287,WIDENING AND STRENGTHENING OF EXISTING SINGLE INTERMEDIATE LANE CARRIAGEWAY TO 2 LANE CARRIAGE WAY W,ROAD TRANSPORT AND HIGHWAYS,MoRTH,ODISHA,2015-01-01,2018-04-01,,326.63,326.63,249.26,,327,,,0/0,consolidated,133
2020-04-01,N24000641,1288,WIDENING AND STRENGTHENING OF EXISTING SL IL DL TO 2 LANE CARRIAGEWAY WITH PAVED SHOULDER FROM KM,ROAD TRANSPORT AND HIGHWAYS,MoRTH,ODISHA,2015-02-01,2017-10-01,,239.91,160,147.25,,240,,,0/0,consolidated,133
2020-04-01,N24000644,1289,REHABILITATION AND UPGRADATION OF NH-149 FROM KM 0.00 TO KM 68.280 (PALLAHARA TO PITRI JUNCTION) IN,ROAD TRANSPORT AND HIGHWAYS,MoRTH,ODISHA,2014-07-01,2017-01-01,,342.05,342,258.91,,342,,,0/0,consolidated,133
2020-04-01,N24000645,1290,REHABILITATION AND UPGRADING TO 2 LANE WITH PAVED SHOULDER CONFIGURATION AND STRENGTHENING OF NAUPAR,ROAD TRANSPORT AND HIGHWAYS,MoRTH,ODISHA,2013-08-01,2016-06-01,,171.96,172,88.3,,172,,,0/0,consolidated,133
2020-04-01,N24000646,1291,WIDENING OF EXISTING IL DL TO 2-LANE WITH 1.5 M WIDE PAVED SHOULDER FROM KM 0.0 TO KM 45.750 (BOLANG,ROAD TRANSPORT AND HIGHWAYS,MoRTH,ODISHA,2016-06-01,2018-06-01,,157.3,157.3,97.29,,157,,,0/0,consolidated,133
2020-04-01,N24000671,1292,REHABILITATION AND UPGRADATION BY 4-LANING OF SINGHARA TO BINJHABAHAL SECTION FROM KM 311.000 TO KM,ROAD TRANSPORT AND HIGHWAYS,NHAI,ODISHA,2017-03-01,2020-03-01,2021-03-01,1288.07,1420,532.31,,,,12(O),0/0,consolidated,133
2020-04-01,N24000699,1293,REHABILITATION AND UP-GRADATION OF BIRAMITRAPUR TO BRAHMANI BYPASS (PKG-I),ROAD TRANSPORT AND HIGHWAYS,NHAI,"ODISHA, Central Sector Projects",2017-07-01,2017-07-01,2021-06-01,476.56,476.56,1.49,,,,47(O),0/0,consolidated,133
2020-04-01,N24000715,1294,REHABILITATION AND UPGRADATION OF CUTTACK ANGUL SECTION OF NH-42 (NEW NH-55) TO 4 LANE (KM. 0+400 TO,ROAD TRANSPORT AND HIGHWAYS,NHAI,ODISHA,2017-12-01,,2021-06-01,686.65,686.65,114.36,,,,,0/0,consolidated,134
2020-04-01,N24000716,1295,REHABILITATION AND UPGRADATION OF FOUR LANING OF NH-23 (NEW NH NO. 143) FROM KM. 240.250 I.E. BRAHMA,ROAD TRANSPORT AND HIGHWAYS,NHAI,ODISHA,2017-12-01,,2021-06-01,417.51,417.51,58.19,,,,,0/0,consolidated,134
2020-04-01,N24000731,1296,REHABILITATION AND UP-GRADATION OF EXISTING 2-LANE TO 4 LANE OF KOIDA (KM206.20) TO RAJAMUNDA (KM 25,ROAD TRANSPORT AND HIGHWAYS,NHAI,ODISHA,2018-01-01,,2021-06-01,953.09,953.09,224.11,,,,,0/0,consolidated,134
2020-04-01,N24000732,1297,REHABILITATION AND UP-GRADATION OF EXISTING 2-LANE TO 4 LANE OF RIMULI (KM 163.0) TO KOIDA (KM 206.2,ROAD TRANSPORT AND HIGHWAYS,NHAI,ODISHA,2018-01-01,,2021-06-01,668.86,668.86,175.29,,,,,0/0,consolidated,134
2020-04-01,N24000733,1298,REHABILITATION AND UP-GRADATION OF EXISTING 2-LANE TO 4 LANE OF DUBURI (KM 388.376) TO CHANDIKHOLE (,ROAD TRANSPORT AND HIGHWAYS,NHAI,ODISHA,2018-01-01,,,633.68,633.68,0,,,,,0/0,consolidated,134
2020-04-01,N24000734,1299,REHABILITATION AND UP-GRADATION OF EXISTING 2-LANE TO FOUR LANE FROM TALCHAR TO END OF KAMAKHYANAG,ROAD TRANSPORT AND HIGHWAYS,NHAI,ODISHA,2018-01-01,,2021-08-01,614.48,614.48,93,,,,,0/0,consolidated,134
2020-04-01,N24000735,1300,REHABILITATION AND UP GRADATION OF EXISTING 2-LANE TO 4-LANE STANDARDS TO END OF KAMAKHYANAGAR BYPAS,ROAD TRANSPORT AND HIGHWAYS,NHAI,ODISHA,2018-01-01,,2021-08-01,564.66,564.66,89.77,,,,,0/0,consolidated,134
2020-04-01,N24000736,1301,REHABILITATION AND UPGRADATION OF CUTTACK- ANGUL SECTION TO 4 LANE (KM 60.20) TO (KM 112.0) PKG II ON,ROAD TRANSPORT AND HIGHWAYS,NHAI,ODISHA,2018-01-01,,2021-06-01,686.65,686.65,105.69,,,,,0/0,consolidated,134
2020-04-01,N24000737,1302,REHABILITATION SIX LANING UPGRADATION CHANDIKHOLE BHADRAK,ROAD TRANSPORT AND HIGHWAYS,NHAI,ODISHA,2018-01-01,,2021-06-01,1522,1522,243.52,,,,,0/0,consolidated,134
2020-04-01,N24000738,1303,REHABILITATION AND UPGRADATION OF SIX LANING OF BHADRAK BALESHWAR SECTION (KM 136.50) TO (KM 199.141,ROAD TRANSPORT AND HIGHWAYS,NHAI,ODISHA,2018-01-01,,2021-06-01,999,999,0,,,,,0/0,consolidated,134
2020-04-01,N24000739,1304,REHABILITATION AND UP-GRADATION TO 4-LANING OF RAJAMUNDA-BARKOTE SECTION OF NH-23 (NEW NH NO. 143) (,ROAD TRANSPORT AND HIGHWAYS,NHAI,ODISHA,2018-01-01,,2021-06-01,503.88,503.88,8.84,,,,,0/0,consolidated,134
2020-04-01,N24000844,1305,SIX LANNING OF NH-5 (NEW NH-16) FROM TANGI TO BHUBANESHWAR (KM 355.000 TO KM 414.000),ROAD TRANSPORT AND HIGHWAYS,NHAI,"ODISHA, EPC",2018-03-01,,2021-04-01,806.11,806.11,21.39,,,,,0/0,consolidated,134
2020-04-01,N24000911,1306,WIDENING TO 2LPS FROM 181/0 TO 239/28 (BHAWANIPATNA TO KOKSARA) OF NH-26.,ROAD TRANSPORT AND HIGHWAYS,MoRTH,ODISHA,2016-03-01,2016-12-01,,165.06,165.06,92.59,,,,,0/0,consolidated,134
2020-04-01,N24000912,1307,WIDENING TO 2LPS FROM 0/0 TO 119/0 OF NH-157 IN THE STATE OF ODISHA.,ROAD TRANSPORT AND HIGHWAYS,MoRTH,ODISHA,2016-08-01,2017-02-01,,287.7,287.7,153.9,,,,,0/0,consolidated,134
2020-04-01,N24000913,1308,WIDENING TO 2LPS FROM 50/0 TO 140/9 OF NH-57 (SONEPUR TO MADHAPUR) IN THE STATE OF ODISHA,ROAD TRANSPORT AND HIGHWAYS,MoRTH,ODISHA,2016-09-01,2017-02-01,,295.67,295.67,127.75,,,,,0/0,consolidated,134
2020-04-01,N24000914,1309,WIDENING TO 2LPS FROM 239/9 TO 294/3 OF NH-57 (NAYAGARH TO KHURDA) IN THE STATE OF ODISHA,ROAD TRANSPORT AND HIGHWAYS,MoRTH,ODISHA,2016-12-01,2018-08-01,,223.5,223.5,44.52,,,,,0/0,consolidated,134
2020-04-01,N24000915,1310,WIDENING TO 2LPS FROM 58/00 TO 116/10 OF NH- 153B (NAKTIDEUL TO BOUDH) IN THE STATE OF ODISHA,ROAD TRANSPORT AND HIGHWAYS,MoRTH,ODISHA,2016-12-01,2018-04-01,,206.88,206.88,41.69,,,,,0/0,consolidated,134
2020-04-01,N24000916,1311,WIDENING TO 2LPS FROM 173/37 TO 229/40 OF NH- 59 IN THE STATE OF ODISHA,ROAD TRANSPORT AND HIGHWAYS,MoRTH,ODISHA,2018-03-01,2018-08-01,,214.23,214.23,23.44,,,,,0/0,consolidated,135
2020-04-01,N24000917,1312,WIDENING TO 2LPS FROM 269/30 TO 328/20 OF NH- 49 IN THE STATE OF ODISHA,ROAD TRANSPORT AND HIGHWAYS,MoRTH,ODISHA,2018-03-01,2018-08-01,,199.16,199.16,25.63,,,,,0/0,consolidated,135
2020-04-01,N24000385,1313,DEVELOPMENT TO FOUR LANE WITH PAVED SHOULDERS OF SHAHKOT-MOGA SECTION OF NH- 71 (NEW NH-52) FROM EXIS,ROAD TRANSPORT AND HIGHWAYS,MoRTH,"PUNJAB, EPC",2015-12-01,,,766.36,766.36,685.36,,,,,0/0,consolidated,135
2020-04-01,N24000389,1314,4-LANING OF LAMBRA-SHAHKOT SECTION OF NH- 71 FROM KM 12.00 TO 44.600,ROAD TRANSPORT AND HIGHWAYS,MoRTH,"PUNJAB, EPC",2015-11-01,,,847.02,847.02,795,,,,,0/0,consolidated,135
2020-04-01,N24000391,1315,4-LANING OF MOGA -TALLEWAL SECTION OF NH-71 FROM KM 77.200 TO 114.00,ROAD TRANSPORT AND HIGHWAYS,MoRTH,"PUNJAB, EPC",2015-11-01,,,889.24,904.82,739.41,,,,,0/0,consolidated,135
2020-04-01,N24000483,1316,FOUR LANNING OF LUDHIYANA- TALWANDI SECTION,ROAD TRANSPORT AND HIGHWAYS,NHAI,PUNJAB,2014-09-01,,2020-06-01,479,479,453.8,,,,,0/0,consolidated,135
2020-04-01,N24000503,1317,FOUR LANING OF CHANDIGARH - KHARAR,ROAD TRANSPORT AND HIGHWAYS,NHAI,PUNJAB,2015-10-01,2017-12-01,2020-06-01,447.29,746.43,614.07,,,,30(O),0/0,consolidated,135
2020-04-01,N24000524,1318,WIDENING STG.OF EXISTING TWO-LANE CARRIAGEWAY TO FOUR LANES WITH PAVED SIDE SHOULDERS OF HARIKE-ZIRA,ROAD TRANSPORT AND HIGHWAYS,MoRTH,"PUNJAB, EPC",2015-06-01,,,892.17,892.17,648.44,,,,,0/0,consolidated,135
2020-04-01,N24000600,1319,4/6 LANING FROM KHARAR TO LUDHIYANA FROM KM 10.185 (DESIGN CHAINAGE) TO KM 86.199(DESIGN CHAINAGE),ROAD TRANSPORT AND HIGHWAYS,NHAI,PUNJAB,2016-08-01,2019-09-01,,1388.34,2587.5,1449,,,,,0/0,consolidated,135
2020-04-01,N24000601,1320,4 LANING FROM PHAGWARA TO RUPNAGAR,ROAD TRANSPORT AND HIGHWAYS,NHAI,PUNJAB,2016-08-01,,2020-04-01,1169.61,2280,1260.97,,,,,0/0,consolidated,135
2020-04-01,N24000662,1321,CONSTRUCTION OF PARTIALLY ACESS CONTROLLED FOUR LANE ELEVATED HIGHWAY BETWEEN SAMRALA CHOWK (DESIGN,ROAD TRANSPORT AND HIGHWAYS,NHAI,PUNJAB,2017-03-01,2020-03-01,2021-08-01,754.54,756.27,235.44,,,,17(O),0/0,consolidated,135
2020-04-01,N24000791,1322,FOUR LANING OF EXISTING TWO LANE WITH PS FROM TALWANDI BHAI TO FEROZPUR IN THE STATE OF PUNJAB,ROAD TRANSPORT AND HIGHWAYS,NHAI,PUNJAB,2018-02-01,,2021-01-01,261.76,207,147.79,,,,,0/0,consolidated,135
2020-04-01,N24000842,1323,REHABILITATION AND AUGMENTATION OF NEW NH 354 (OLD-SH-25) OF SECTION RAMDAS TO GURDASPUR FROM DESIGN,ROAD TRANSPORT AND HIGHWAYS,NHAI,"PUNJAB, EPC",2018-03-01,,,199.9,199.9,112.43,,,,,0/0,consolidated,135
2020-04-01,N24000843,1324,REHABILITATION AND AUGMENTATION OF NEW NH 354 (OLD-SH-21) OF SECTION KHEMKARAN TOWN TO START OF AMRI,ROAD TRANSPORT AND HIGHWAYS,NHAI,"PUNJAB, EPC",2018-03-01,,2020-01-01,196.05,196.05,143.03,,,,,0/0,consolidated,135
2020-04-01,N24000905,1325,REHABILITATION AND UP-GRADATION TO 2-LANE WITH PAVED SHOULDER OF ABOHAR-SITOGUNNO- DABWALI ROAD OF NH,ROAD TRANSPORT AND HIGHWAYS,MoRTH,PUNJAB,2018-03-01,2020-07-01,2020-07-01,322.48,322.48,153.18,,,,0(O),0/0,consolidated,135
2020-04-01,N24000906,1326,REHABILITATION AND UP-GRADATION TO 2 LANE WITH PAVED SHOULDER OF MUDKI-JAWAHAR SINGH WALA SECTION OF,ROAD TRANSPORT AND HIGHWAYS,MoRTH,PUNJAB,2018-03-01,2020-06-01,2020-06-01,173.24,173.24,56.66,,,,0(O),0/0,consolidated,135
2020-04-01,N24000907,1327,WIDENING AND PAVED SHOULDER OF TOHANA (IN HARYANA) PUNJAB/HARYANA BORDER TO MOONAK-JAKHAL-BUDHLADA,ROAD TRANSPORT AND HIGHWAYS,MoRTH,PUNJAB,2018-03-01,2020-08-01,2020-08-01,293.1,293.1,63.14,,,,0(O),0/0,consolidated,136
2020-04-01,N24000909,1328,JALANDHAR-HOSHIARPUR SECTION OF NH-70 [NEW NH NO. 3] FROM EXISTING KM 11.400 TO KM 49.200,ROAD TRANSPORT AND HIGHWAYS,MoRTH,PUNJAB,2017-10-01,2019-10-01,2020-12-01,1069.59,1069.59,663.5,,,,14(O),0/0,consolidated,136
2020-04-01,N24000910,1329,REHABILITATION AND UP GRADATION TO 2 LANE WITH PAVED SHOULDER OF NH-703A FROM MAKHU (DESIGN CH 0 000,ROAD TRANSPORT AND HIGHWAYS,MoRTH,PUNJAB,2018-03-01,2020-11-01,2021-05-01,170.57,170.57,8.14,,,,6(O),0/0,consolidated,136
2020-04-01,N24000927,1330,REHABILITATION AND UPGRADATION TO 2 LANE WITH PAVED SHOULDER OF MOGA (DESIGN CH 0.000) TO MAKHU (DES,ROAD TRANSPORT AND HIGHWAYS,MoRTH,PUNJAB,2018-03-01,2020-08-01,2020-08-01,293.64,293.64,28.24,,,,0(O),0/0,consolidated,136
2020-04-01,N24000941,1331,REHABILITATION AND UPGRADATION TO 2 LANE WITH PAVED SHOULDER OF MOGA (DESIGN CH 0.000) TO MAKHU (DES,ROAD TRANSPORT AND HIGHWAYS,MoRTH,PUNJAB,2018-03-01,2020-08-01,2020-08-01,293.64,293.64,134.32,,,,0(O),0/0,consolidated,136
2020-04-01,N24000294,1332,WIDENING AND STRENGTHENING OF NH-65 TO FOUR LANES WITH PAVED SHOULDERS FROM EXISTING KM 267+500 TO K,ROAD TRANSPORT AND HIGHWAYS,MoRTH,"RAJASTHAN, EPC",2014-10-01,2015-01-01,,269.22,269.22,33.24,,,,,0/0,consolidated,136
2020-04-01,N24000295,1333,WIDENING AND STRENGHENING OF NH-65 TO TWO LANES WITH PAVED SHOULDERS FROM EXISTING,ROAD TRANSPORT AND HIGHWAYS,MoRTH,"RAJASTHAN, EPC",2014-10-01,2015-01-01,,257.09,257.09,14.18,,,,,0/0,consolidated,136
2020-04-01,N24000296,1334,REHABILITATION AND UPGRADING TO 2 LANES-2 LANE WITH PAVED SHOULDERS,ROAD TRANSPORT AND HIGHWAYS,MoRTH,"RAJASTHAN, EPC",2013-10-01,2014-05-01,,278.87,278.87,0,,,,,0/0,consolidated,136
2020-04-01,N24000297,1335,REHABILITATION AND UPGRADING TO 2 LNES-2 LANE WITH PAVED SHOULDERS CONFIGURATION AND STRENGTHENING O,ROAD TRANSPORT AND HIGHWAYS,MoRTH,"RAJASTHAN, ITEM RATE",1991-01-01,2014-04-01,,376.52,376.52,0,,,,,0/0,consolidated,136
2020-04-01,N24000298,1336,WIDENING AND STRENGTHENING OF NH-15 TO TWO LANES WITH PAVED SHOULDER FROM EXISTING KM 173/0 TO KM 24,ROAD TRANSPORT AND HIGHWAYS,MoRTH,"RAJASTHAN, EPC",2015-02-01,2015-03-01,,383.4,383.4,244.68,,,,,0/0,consolidated,136
2020-04-01,N24000333,1337,WIDENING TO 4 LANE WITH PAVED SHOULDER WITH CC PAVEMENT FROM KM 256/550 TO KM 289/500 ON KOTA-DARAH,ROAD TRANSPORT AND HIGHWAYS,MoRTH,"RAJASTHAN, EPC",2015-12-01,2018-06-01,,621.43,621.43,387.22,,,,,0/4,consolidated,136
2020-04-01,N24000344,1338,TWO LANING WITH PAVED SHOULDER OF KARAUII - DHOLPUR,ROAD TRANSPORT AND HIGHWAYS,NHAI,RAJASTHAN,2014-09-01,2016-09-01,2019-10-01,425.19,425.19,276.4,,,,,0/0,consolidated,136
2020-04-01,N24000423,1339,2 LANING WITH PS OF GULABPURA - UNIARA,ROAD TRANSPORT AND HIGHWAYS,NHAI,RAJASTHAN,2015-10-01,2017-10-01,,597,597,587.64,,,,,3/4,consolidated,136
2020-04-01,N24000426,1340,2-LANE WITH PAVED SHOULDER WITH PROVISION OF CAPACITY AUGMENTATION OF RAJASTHAN BORDER-FATEHPUR-SALA,ROAD TRANSPORT AND HIGHWAYS,NHAI,"RAJASTHAN, PPP (BOT)",2012-11-01,2016-08-01,2020-06-01,530.07,530.07,556.02,,,,46(O),0/0,consolidated,136
2020-04-01,N24000445,1341,BIKANER - PHALODI SECTION TO FOUR LANING FROM KM.4.200 TO KM 55.25 AND TWO-LANE PAVED SHOULDER FROM,ROAD TRANSPORT AND HIGHWAYS,NHAI,"RAJASTHAN, PPP (BOT)",2014-08-01,2018-04-01,,822.9,822.9,844.08,,,,,0/0,consolidated,136
2020-04-01,N24000467,1342,NH 79 OF CHITTORGARH NEEMUCH MP BORDER KM 183 000 TO KM 221 400 BY FOUR LANING WITH PAVED SHOULDER A,ROAD TRANSPORT AND HIGHWAYS,MoRTH,"RAJASTHAN, BOT (TOLL)",2012-09-01,2013-10-01,,511,511,2323.04,,,,,0/0,consolidated,137
2020-04-01,N24000470,1343,NH 79 CHITTORGARH NEEMUCH MP BORDER FOUR LANING AND NH 113 NIMBAHERA PRATAPGARH TWO LANING,ROAD TRANSPORT AND HIGHWAYS,MoRTH,"RAJASTHAN, BOT (TOLL)",2012-09-01,2013-10-01,,511,511,492,,,,,0/4,consolidated,137
2020-04-01,N24000477,1344,GURGAON - KOTPUTLI - JAIPUR (SIX LANE),ROAD TRANSPORT AND HIGHWAYS,NHAI,"RAJASTHAN, PPP (BOT)",2008-02-01,2011-10-01,,1673.7,1673.7,3326.93,,,,,0/0,consolidated,137
2020-04-01,N24000520,1345,TWO LANING WITH PS OF UNCHA NAGLA - KHANUWARA - ROPPAS -DHOLPUR,ROAD TRANSPORT AND HIGHWAYS,NHAI,RAJASTHAN,2015-08-01,,2019-10-01,275.9,275.9,289.13,,,,,0/0,consolidated,137
2020-04-01,N24000586,1346,TWO LANNING WITH PAVED SHOULDER OF SALASAR-NAGAUR,ROAD TRANSPORT AND HIGHWAYS,NHAI,"RAJASTHAN, PPP (BOT)",2016-06-01,2019-06-01,2019-09-01,637.18,637.18,550.35,,,,,0/0,consolidated,137
2020-04-01,N24000587,1347,FOUR LANING OF MAHUVA TO KAGAVADAR OF NH- 8E FROM KM. 100.100 TO KM 139.915 (DESIGN CHAINAGE FROM KM,ROAD TRANSPORT AND HIGHWAYS,NHAI,"RAJASTHAN, PPP (BOT)",2016-06-01,2019-06-01,2019-11-01,763.23,763.23,439.88,,,,,1/1,consolidated,137
2020-04-01,N24000589,1348,FOUR LANNING OF BAR-BILARA-JODHPUR SECTION OF NH-112 (EXISTING KM 0+000TO KM,ROAD TRANSPORT AND HIGHWAYS,NHAI,RAJASTHAN,2016-06-01,2019-06-01,2019-09-01,649,649,410.79,,,,,0/0,consolidated,137
2020-04-01,N24000591,1349,4/2 LANNING WITH PS DAUSA-LALSOT-KAUTHUN SECTION OF NH-11A,ROAD TRANSPORT AND HIGHWAYS,NHAI,RAJASTHAN,2016-07-01,,2020-02-01,688.7,688.7,870.48,,,,,0/0,consolidated,137
2020-04-01,N24000593,1350,TWO LANNING WITH PAVED SHOULDER OF MANOHARPUR-DAUSA SECTION OF NH-11A(NEW NH-148) FROM KM 62.100 KM,ROAD TRANSPORT AND HIGHWAYS,NHAI,RAJASTHAN,2016-07-01,2018-10-01,,331.46,331.46,267.94,,,,,0/0,consolidated,137
2020-04-01,N24000604,1351,2-LANE WITH PAVED SHOULDER TONK- SAWAIMADHOPUR,ROAD TRANSPORT AND HIGHWAYS,NHAI,RAJASTHAN,2016-08-01,2019-01-01,,320.3,320.3,237.81,,,,,4/4,consolidated,137
2020-04-01,N24000621,1352,SIX LANNING OF KISHANGARH UDAIPUR AHMEDABAD SECTION FROM KM.90.000 (NEAR GULABPURA) TO KM. 214.870 (,ROAD TRANSPORT AND HIGHWAYS,NHAI,RAJASTHAN,2016-09-01,,2021-01-01,1239.82,1730.2,1590.51,,,,,3/4,consolidated,137
2020-04-01,N24000623,1353,SIX LANNING OF CHITTORGARH-UDAIPUR SECTION OF NH-76 FROM DESIGN CHAINAGE KM. 214.870 TO KM 308.370 I,ROAD TRANSPORT AND HIGHWAYS,NHAI,RAJASTHAN,2016-09-01,,2020-05-01,1100.19,1145.31,1093,,,,,0/0,consolidated,137
2020-04-01,N24000636,1354,6-LANNING OF KISHANGARH TO GULABPURA SECTION OF NH-79A AND NH-79 IN THE STATE OF RAJASATHAN(PACKAGE-,ROAD TRANSPORT AND HIGHWAYS,NHAI,RAJASTHAN,2016-12-01,,2020-08-01,1031.95,1031.95,367,,,,,0/0,consolidated,137
2020-04-01,N24000691,1355,SIX-LANNING OF GREENFIELD PROPOSED UDAIPUR BYPASS PKG-IV,ROAD TRANSPORT AND HIGHWAYS,NHAI,RAJASTHAN,2017-04-01,2020-04-01,2020-09-01,894,929.32,777,,,,5(O),0/0,consolidated,137
2020-04-01,N24000703,1356,FOUR LANNING OF DARAH-JHALWAR-TEENDHAR FROM KM 29.000 TO KM 346.540,ROAD TRANSPORT AND HIGHWAYS,NHAI,"RAJASTHAN, Central Sector Projects",2017-10-01,2017-10-01,2020-11-01,964.17,964.17,390.91,,,,37(O),0/0,consolidated,137
2020-04-01,N24000711,1357,FOUR LANING OF DANGIAWAS (KM 96.595 TO NH- 112) TO JAJIWAL (KM 283.500 OF NH 65 NAGAUR ROAD) SECTIO,ROAD TRANSPORT AND HIGHWAYS,NHAI,RAJASTHAN,2017-12-01,,2020-12-01,1308.73,1308.73,221.14,,,,,0/0,consolidated,137
2020-04-01,N24000794,1358,UPGRADATION TO 2 LANE WITH PAVED SHOULDER/4 LANE OF GAGARIA - BAORI KALAN - SERWA - BAKHASAR SECTION,ROAD TRANSPORT AND HIGHWAYS,NHAI,RAJASTHAN,2018-02-01,,2020-09-01,1103.88,1103.88,404.43,,70,,,0/0,consolidated,137
2020-04-01,N24000795,1359,CONSTRUCTION/ UP-GRATION OF FOUR/TWO LANE WITH PAVED SHOULDER OF NH68 FROM TANOT- RAMGARH BHADASAR-JA,ROAD TRANSPORT AND HIGHWAYS,NHAI,RAJASTHAN,2018-02-01,,,741.86,741.86,0,,,,,0/0,consolidated,138
2020-04-01,N24000797,1360,CONSTRUCTION/ UP-GRADATION OF 2LANE WITH PAVED SHOULDER OF NH FROM RAISINGHNAGAR- POOGAL (DESIGN CH.,ROAD TRANSPORT AND HIGHWAYS,NHAI,RAJASTHAN,2018-02-01,,,716.76,716.76,283.46,,,,,0/0,consolidated,138
2020-04-01,N24000838,1361,UPGRADATION TO 2 LANE WITH PAVED SHOULDER/4 LANE OF KHAJUWALA-POOGAL SECTION AND POOGLE -DANTOUR-JA,ROAD TRANSPORT AND HIGHWAYS,NHAI,RAJASTHAN,2018-03-01,,,874.25,874.25,288.37,,,,,0/0,consolidated,138
2020-04-01,N24000840,1362,CONSTRUCTION / UP-GRADATION OF 2-LANE WITH PAVED SHOULDER OF NH-70 FROM MUNABAO (NH- 25E)-TANOT FROM,ROAD TRANSPORT AND HIGHWAYS,NHAI,RAJASTHAN,2018-03-01,,,1158.35,1158.35,496.04,,,,,0/0,consolidated,138
2020-04-01,N24000950,1363,WIDENING STRENGTHENING AND RECONSTRUCTION OF NH-552- EXTN FROM KM 76/600 TO 112/00 (SAWAI MADHOPUR,ROAD TRANSPORT AND HIGHWAYS,MoRTH,RAJASTHAN,2017-11-01,2018-04-01,,187.82,187.82,114.05,,,,,2/4,consolidated,138
2020-04-01,N24000951,1364,NETRA VILLAGE TO MANDORE SECTION OF NH-65 KM 267+500 TO 296+070 (4L) UNDER EPC.,ROAD TRANSPORT AND HIGHWAYS,MoRTH,RAJASTHAN,2014-10-01,2015-01-01,,382.81,382.81,336.67,,,,,4/4,consolidated,138
2020-04-01,N24000952,1365,UP-GRADATION TO TWO LANE WITH PAVED SHOULDER FOR SECTION FROM KM 58.000 TO KM 91.600 (BALOTRA TO SAN,ROAD TRANSPORT AND HIGHWAYS,MoRTH,RAJASTHAN,2017-01-01,2017-11-01,,179.32,179.32,128.05,,,,,3/4,consolidated,138
2020-04-01,N24000953,1366,CONSTRUCTION OF NAGAUR BYPASS FROM EXISTING KM 166/260 TO KM 180/500 OF NH-65 ON EPC MODE.,ROAD TRANSPORT AND HIGHWAYS,MoRTH,RAJASTHAN,2016-03-01,2016-09-01,,155.77,155.77,111.53,,,,,3/4,consolidated,138
2020-04-01,N24000954,1367,NAGAUR-BIKANER OF NH-11 (2L+PS) UNDER PPP.,ROAD TRANSPORT AND HIGHWAYS,MoRTH,RAJASTHAN,2012-01-01,2014-01-01,,378.07,478.73,188.98,,478.73,,,1/4,consolidated,138
2020-04-01,N24000955,1368,CITTORGARH-NEEMACH (4L) OF NH-79 AND NIMBAHARA PRATAPGARH (2L+PS) OF NH-113 UNDER PPP.,ROAD TRANSPORT AND HIGHWAYS,MoRTH,RAJASTHAN,2012-10-01,2013-10-01,,511.21,511.21,814.79,,,,,3/4,consolidated,138
2020-04-01,N24000956,1369,DEVELOPMENT AND OPERATION OF BIKANER- SURATGARH SECTION OF NH-15 BY 2L+PS IN THE STATE OF RAJASTHAN,ROAD TRANSPORT AND HIGHWAYS,MoRTH,RAJASTHAN,2009-03-01,2013-09-01,,501,671.54,659.98,,671.54,,,3/4,consolidated,138
2020-04-01,N24000957,1370,CONSTRUCTION OF TWO LANE FLEXIBLE PAVEMENT WITH PAVED SHOULDER FROM KM 3.650 TO KM 58.325 OF NH-709,ROAD TRANSPORT AND HIGHWAYS,MoRTH,RAJASTHAN,2017-11-01,2018-04-01,,163.95,163.95,105.53,,,,,3/4,consolidated,138
2020-04-01,N24000958,1371,UPGRADATION TO 2 LANE WITH PAVED SHOULDER FROM KM . 0/0 TO 43/900 OF KUNDAL-NAYA KHEDA- JHADOL-SOM-,ROAD TRANSPORT AND HIGHWAYS,MoRTH,RAJASTHAN,2018-02-01,2018-06-01,,370.3,370.3,235.35,,,,,1/4,consolidated,138
2020-04-01,N24000959,1372,UPGRADATION TO 2LANE WITH PAVED SHOULDER FROM KM . 43/900 TO 91/0 OF KUNDAL-NAYA KHEDA-JHADOL-SOM-,ROAD TRANSPORT AND HIGHWAYS,MoRTH,RAJASTHAN,2018-02-01,2018-05-01,,341.79,341.79,152.48,,,,,1/4,consolidated,138
2020-04-01,N24000960,1373,CONSTRUCTION OF 4 LANING BY CC PAVEMENT ON KOTA-DARAH OF NH-12 FROM 256/550 TO 289/550 UNDER EPC.,ROAD TRANSPORT AND HIGHWAYS,MoRTH,RAJASTHAN,2015-12-01,2016-10-01,,621.43,621.43,430.8,,,,,3/4,consolidated,138
2020-04-01,N24000961,1374,UP-GRADATION TO 2 LANE WITH PAVED SHOULDER FOR SECTION FROM KM 118.900 TO KM 156.955 BALOTRA TOSANDE,ROAD TRANSPORT AND HIGHWAYS,MoRTH,RAJASTHAN,2017-01-01,2017-07-01,,163.54,163.54,108.35,,,,,2/4,consolidated,139
2020-04-01,N24001200,1375,ALWAR NUH SECTION ON EPC MODE IN THE STATE OF RAJASTHAN.,ROAD TRANSPORT AND HIGHWAYS,MoRTH,RAJASTHAN,2019-03-01,,,178.13,178.13,48.53,,,,,0/0,consolidated,139
2020-04-01,N24000312,1376,CONSTRUCTION OF 2-LANE NAYABAZAR - LEGSHIP ROAD IN WEST SIKKIM.,ROAD TRANSPORT AND HIGHWAYS,MoRTH,SIKKIM,2013-04-01,2013-08-01,2019-12-01,151.59,151.59,196.76,,,,,0/0,consolidated,139
2020-04-01,N24000313,1377,CONSTRUCTION OF 2-LANE TARKU DAMTHANG NAMCHI ROAD IN SOUTH SIKKIM.,ROAD TRANSPORT AND HIGHWAYS,MoRTH,"SIKKIM, ITEM RATE",2013-04-01,2013-08-01,,166.27,166.27,141.31,,,,,0/0,consolidated,139
2020-04-01,N24000314,1378,CONSTRUCTION OF 2-LANE MELLI MANPUR NAMCHI ROAD IN SOUTH SIKKIM,ROAD TRANSPORT AND HIGHWAYS,MoRTH,"SIKKIM, ITEM RATE",2013-01-01,2013-02-01,2019-12-01,182.28,269.14,185.49,,,,,0/0,consolidated,139
2020-04-01,N24000695,1379,RHENOK-RORAHTHANG-PAKYONG ON NH 717A,ROAD TRANSPORT AND HIGHWAYS,NHIDCL,"SIKKIM, Central Sector Projects",2017-04-01,2017-10-01,,388,447.37,193.01,,,,,2/4,consolidated,139
2020-04-01,N24000766,1380,CONSTRUCTION/UPGRADATION OF ALTERNATIVE HIGHWA TO GANGTOK IN SIKKIM VIA BAGRAKOT- CHUIKHIM-NIMBONG-KA,ROAD TRANSPORT AND HIGHWAYS,NHIDCL,SIKKIM,2017-04-01,2017-11-01,,318.42,318.42,66.63,,,,,2/4,consolidated,139
2020-04-01,N24000767,1381,CONSTRUCTION OF 2-LANE WITH PAVED SHOULDER INCLUDING GEOMETRIC IMPROVEMENT FROM KM 0.000 TO KM 16.00,ROAD TRANSPORT AND HIGHWAYS,NHIDCL,SIKKIM,2017-03-01,,,375.8,375.8,77.39,,,,,0/0,consolidated,139
2020-04-01,N24000768,1382,CONSTRUCTION OF 2-LANE WITH PAVED SHOULDER INCLUDING GEOMETRIC IMPROVEMENT FROM KM 16.000 TO KM 32.5,ROAD TRANSPORT AND HIGHWAYS,NHIDCL,SIKKIM,2017-11-01,2017-11-01,,290.05,290.05,54.13,,,,,1/4,consolidated,139
2020-04-01,N24000769,1383,CONSTRUCTION/UPGRADATION OF EXISTING ROAD TO 2-LANE WITH PAVED SHOULDER INCLUDING GEOMETRIC IMPROVEM,ROAD TRANSPORT AND HIGHWAYS,NHIDCL,SIKKIM,2018-03-01,2018-06-01,,264.84,264.84,0,,,,,0/4,consolidated,139
2020-04-01,N24000172,1384,SIX LANNING OF KRISHNAGIRI- WALAJHAPET SECTION KM.0.00 TO KM.148.3 NH-46,ROAD TRANSPORT AND HIGHWAYS,NHAI,"TAMIL NADU, PPP (BOT)",2011-09-01,2013-12-01,2020-06-01,1250,1250,1336.07,,,,78(O),0/0,consolidated,139
2020-04-01,N24000173,1385,DEVELOPMENT OF ADIQUATE ROAD CONNECTIVITY TO CHENNAI- ENNORE PORT CONNECTIVITY,ROAD TRANSPORT AND HIGHWAYS,NHAI,TAMIL NADU,2011-06-01,2013-06-01,2020-08-01,600,600,329.92,,,,86(O),0/0,consolidated,139
2020-04-01,N24000176,1386,TWO LANING OF TRICHY - KARAIKUDI AND TRYCHI BYPASS,ROAD TRANSPORT AND HIGHWAYS,NHAI,"TAMIL NADU, PPP (ANNUITY)",2010-05-01,2013-05-01,2021-03-01,374,374,253.16,,,,94(O),0/0,consolidated,139
2020-04-01,N24000177,1387,2 LANING OF DINDIGUL - PERIGULAM THENI- KUMILI,ROAD TRANSPORT AND HIGHWAYS,NHAI,"TAMIL NADU, PPP (ANNUITY)",2011-09-01,2013-08-01,,485,485,406.68,,,,,0/0,consolidated,139
2020-04-01,N24000213,1388,2-LANING OF KRISHNAGIRI-TINDIVANAM (APPROVED LENHTH 170 KM),ROAD TRANSPORT AND HIGHWAYS,NHAI,"TAMIL NADU, PPP (ANNUITY)",2012-04-01,2014-04-01,,624,624,350.79,,,,,0/0,consolidated,139
2020-04-01,N24000316,1389,CONSTRUCTION OF PAVED SHOULDERS IN KM.81/0 TO 203/0 INCLUDING RECONSTRUCTION AND WIDENING OF CULVERT,ROAD TRANSPORT AND HIGHWAYS,MoRTH,"TAMIL NADU, EPC",2015-03-01,2015-08-01,,258.97,268.92,0,,,,,0/0,consolidated,139
2020-04-01,N24000317,1390,REHABILITATION AND UPGRADATION OF NH 226 E FROM 0-1 - 66-20 TO 2 LANE WITH PAVED SHOULDERS ON EPC MO,ROAD TRANSPORT AND HIGHWAYS,MoRTH,"TAMIL NADU, EPC",2015-03-01,2015-07-01,,157.18,162,0,,162,,,0/0,consolidated,139
2020-04-01,N24000318,1391,CONSTRUCTION OF PAVED SHOULDERS INCULDING STRENGTHENING OF EXISTING CARRIAGEWAY FROM KM 0-0-51-0 I-,ROAD TRANSPORT AND HIGHWAYS,MoRTH,"TAMIL NADU, EPC",2015-11-01,2015-08-01,,154.14,154.14,0,,,,,0/0,consolidated,140
2020-04-01,N24000349,1392,FOUR LANING OF MADURAI - RAMANATHAPURAM (KM 5. TO KM 81) AND TWO LANING WITH PS KM 81 TO KM 120,ROAD TRANSPORT AND HIGHWAYS,NHAI,TAMIL NADU,2015-05-01,2017-11-01,,1387.11,1387.11,980.46,,,,,0/0,consolidated,140
2020-04-01,N24000350,1393,TWO LANING WITH PS OF NAGAPATTINAM - THANJAVUR,ROAD TRANSPORT AND HIGHWAYS,NHAI,TAMIL NADU,2015-06-01,2017-12-01,,563.92,563.92,93.53,,,,,0/0,consolidated,140
2020-04-01,N24000359,1394,THIRUMAYAM - MANAMADURAI SECTION,ROAD TRANSPORT AND HIGHWAYS,NHAI,TAMIL NADU,2014-07-01,2017-01-01,,401.11,401.11,273.89,,,,,0/0,consolidated,140
2020-04-01,N24000528,1395,TRICHY - KARUR,ROAD TRANSPORT AND HIGHWAYS,NHAI,"TAMIL NADU, PPP (BOT)",2007-03-01,2008-07-01,,516,516,886.96,,,,,0/0,consolidated,140
2020-04-01,N24000555,1396,FOUR LANNING OF TAMIL NADU KERALA BORDER TO VILLUKURI FROM KM. 43.00 TO 70.25 OF NH-47 UNDER NHDP-PH,ROAD TRANSPORT AND HIGHWAYS,NHAI,TAMIL NADU,2016-02-01,2018-08-01,2020-09-01,707.82,707.82,383.93,,,,25(O),0/0,consolidated,140
2020-04-01,N24000557,1397,FOUR LANNING OF VILLUKURI TO KANYAKUMARI SECTION FROM KM 70.25 TO 96.714 OF NH-47 AND NAGERCOIL TO K,ROAD TRANSPORT AND HIGHWAYS,NHAI,TAMIL NADU,2016-02-01,2018-07-01,2020-08-01,641.17,641.17,372.92,,,2020-08-01,25(O),0/0,consolidated,140
2020-04-01,N24000652,1398,FOUR LANNING OF VIKRAVANDI-SETHIYAHOPU FROM KM 0.000 TO KM 60.250(DESIGN CHAINAGE KM 0.000 TO KM 65.,ROAD TRANSPORT AND HIGHWAYS,NHAI,TAMIL NADU,2017-03-01,2020-03-01,2021-02-01,848.45,848.45,110.69,,,,11(O),0/0,consolidated,140
2020-04-01,N24000694,1399,FOUR LANING OF VILLUKURI KANNIYAKUMAR ROAD OF KM 70.250 TO 96.700 AND NAGERCOIL TO KAVALKINARU OF NH,ROAD TRANSPORT AND HIGHWAYS,NHAI,"TAMIL NADU, Central Sector Projects",2016-03-01,2016-07-01,2020-08-01,641.17,641.17,372.92,,,,49(O),0/0,consolidated,140
2020-04-01,N24000697,1400,FOUR LANNING OF CHOLOPURAM-THANJAVUR,ROAD TRANSPORT AND HIGHWAYS,NHAI,"TAMIL NADU, Central Sector Projects",2017-08-01,2017-08-01,2021-04-01,1176.37,1176.37,214.79,,,,44(O),0/0,consolidated,140
2020-04-01,N24000707,1401,4-LANNING OF OTTANCHATRAM BYPASS,ROAD TRANSPORT AND HIGHWAYS,NHAI,"TAMIL NADU, Central Sector Projects",2017-09-01,2017-09-01,2020-04-01,244.27,244.27,177.41,,,,31(O),0/0,consolidated,140
2020-04-01,N24000708,1402,4-LANNING OF STHIYATHOPU-CHOLOPURAM,ROAD TRANSPORT AND HIGHWAYS,NHAI,"TAMIL NADU, Central Sector Projects",2017-09-01,2017-09-01,2020-08-01,1227.87,1227.87,387.4,,,,35(O),0/0,consolidated,140
2020-04-01,N24000710,1403,SIX LANING OF CHENNAI-TADA SECTION OF NH-5 FROM KM 11/0 TO KM 54/4 IN THE STATE OF TAMIL NADU TO BE,ROAD TRANSPORT AND HIGHWAYS,NHAI,TAMIL NADU,2017-12-01,,,379.9,379.9,125.68,,,,,0/0,consolidated,140
2020-04-01,N24000785,1404,FOUR LANING OF TRICHY TO KALLAGAM SECTION ON NH-227 IN THE STATE OF TAMIL NADU,ROAD TRANSPORT AND HIGHWAYS,NHAI,TAMIL NADU,2018-02-01,,2021-02-01,1166.26,1166.26,163.29,,,,,0/0,consolidated,140
2020-04-01,N24000826,1405,FOUR LANINIG OF CHETTIKULAM TO NATHAM SECTION OF NH-785 FROM CHETTIKULUM (KM 7.300) TO NATHAM (KM. 3,ROAD TRANSPORT AND HIGHWAYS,NHAI,"TAMIL NADU, EPC",2018-03-01,,2020-11-01,505.35,505.35,100.44,,,,,0/0,consolidated,140
2020-04-01,N24000827,1406,FOUR LANING OF MADURAI- CHETTIKULAM SECTION OF NH-785 FROM MADURAI (KM 0/000) TO CHETTICULAM (7/300),ROAD TRANSPORT AND HIGHWAYS,NHAI,"TAMIL NADU, EPC",2018-03-01,,2020-11-01,628.71,628.71,120.55,,,,,0/0,consolidated,140
2020-04-01,N24000828,1407,TWO LANING WITH PAVED SHOULDER OF MEENSURUTTI (KM. 98.433) TO CHIDAMBARM (KM. 129.965.) SECTION OF N,ROAD TRANSPORT AND HIGHWAYS,NHAI,TAMIL NADU,2018-03-01,,,633.55,482.04,0,,,,,0/0,consolidated,140
2020-04-01,N24000829,1408,FOUR LANING OF KALAGAM TO KARUPPUR FROM KM.38+700 TO KM. 50+382 AND TWO LANING WITH PAVED SHOULDERS,ROAD TRANSPORT AND HIGHWAYS,NHAI,TAMIL NADU,2018-03-01,,2021-04-01,1016.92,1071,0,,,,,0/0,consolidated,140
2020-04-01,N24000830,1409,FOUR LANING OF POONDIYANKUPPAM TO SATTANATHAPURAM (DESIGN CH KM. 67.000 TO KM. 123+800) SECTION OF N,ROAD TRANSPORT AND HIGHWAYS,NHAI,TAMIL NADU,2018-03-01,,,2065.96,2169,0,,,,,0/0,consolidated,141
2020-04-01,N24000233,1410,4 LANNING OF MH-KNT BORDER SANGAREDDY SECTION OF NH-9,ROAD TRANSPORT AND HIGHWAYS,NHAI,"TELANGANA, PPP (BOT)",2014-04-01,2016-09-01,,1266.6,1544,1446.45,,,,,0/0,consolidated,141
2020-04-01,N24000245,1411,REHABILITATION AND UPGRADATION OF NH -565 FROM KM 1.00 TO 86.057 (NAKREKAL TO NAGARJUNSAGAR DAM SECT,ROAD TRANSPORT AND HIGHWAYS,MoRTH,"TELANGANA, EPC",2014-01-01,2016-03-01,,270,270,19.84,,,,,1/4,consolidated,141
2020-04-01,N24000248,1412,EPC- CORRIDOR APPROACH WORKS - NH (O): WIDENING EXISTING 2 LANE TO 2 LANE WITH PAVED SHOULDERS IN KM,ROAD TRANSPORT AND HIGHWAYS,MoRTH,"TELANGANA, EPC",2015-03-01,2017-01-01,,153.21,153.21,100.1,,,,,0/0,consolidated,141
2020-04-01,N24000486,1413,FOUR LANING OF YADGIRI - WARANGAL,ROAD TRANSPORT AND HIGHWAYS,NHAI,TELANGANA,2015-12-01,2018-11-01,2020-09-01,1423.96,897.03,833.14,,,2019-07-01,22(O),0/0,consolidated,141
2020-04-01,N24000751,1414,FOUR LANING OF KHAMMAM-ASHWARAOPET SECTION OF NH 365BB,ROAD TRANSPORT AND HIGHWAYS,NHAI,TELANGANA,2017-03-01,2017-03-01,,4429,4429,0,,,,,0/0,consolidated,141
2020-04-01,N24000804,1415,FOUR LANING OF NH-161 FROM MANGLOOR (DESIGN KM 135.751/EXISTING KM 140.873) (DESIGN LENGTH =48.963 K,ROAD TRANSPORT AND HIGHWAYS,NHAI,TELANGANA,2018-03-01,,,802.65,802.65,178.46,,,,,0/0,consolidated,141
2020-04-01,N24000822,1416,FOUR LANING OF NH-161 FROM RAMSANPALLE (DESIGN KM 39.980/EXISTING KM 44.757) TO MANGLOOR (DESIGN KM,ROAD TRANSPORT AND HIGHWAYS,NHAI,TELANGANA,2018-03-01,,,950.63,950.63,295.51,,,,,0/0,consolidated,141
2020-04-01,N24000824,1417,FOUR LANING OF NH-161 FROM KANDI (DESIGN KM 0.000) (KM 498.250 OF NH-65) TO RAMSANPALLE (DESIGN KM 3,ROAD TRANSPORT AND HIGHWAYS,NHAI,TELANGANA,2018-03-01,,,857.62,857.62,5.31,,,,,0/0,consolidated,141
2020-04-01,N24000825,1418,FOUR LANING OF NH-363 FROM REPALLEWADA (DESIGN KM 40.000/EXISTING KM 288.510) TO TELANGANA/MAHARASHT,ROAD TRANSPORT AND HIGHWAYS,NHAI,TELANGANA,2018-03-01,,,828.29,828.29,0,,,,,0/0,consolidated,141
2020-04-01,N24000980,1419,WIDEINING TO TWO/FOUR LANE WITH PAVED SHOULDERS FROM EXISTING KM 182.120 TO KM 227.600 OF NH-167 ON,ROAD TRANSPORT AND HIGHWAYS,MoRTH,TELANGANA,2016-10-01,2019-02-01,2020-06-01,298.32,298.32,83.57,,,,16(O),0/0,consolidated,141
2020-04-01,N24000981,1420,WIDEINING TO TWO/FOUR LANE WITH PAVED SHOULDERS FROM EXISTING KM 180.60 TO KM 223.00 OF NH-63 ON NIZ,ROAD TRANSPORT AND HIGHWAYS,MoRTH,TELANGANA,2016-10-01,2019-03-01,,248.83,248.83,91.52,,,,,0/0,consolidated,141
2020-04-01,N24000982,1421,WIDENING TO TWO LANE WITH PAVED SHOULDERS FROM KM 40/410 TO KM 84/037OF THIRUMALAGIRI TO SURYAPET SE,ROAD TRANSPORT AND HIGHWAYS,MoRTH,TELANGANA,2017-01-01,2019-05-01,,244.54,244.54,138.52,,,,,0/0,consolidated,141
2020-04-01,N24000983,1422,WIDENING TO TWO LANE WITH PAVED SHOULDERS FROM KM 0/970 TO KM 40/410 OF JANAGAON- THIRUMALAGIRI OF NH,ROAD TRANSPORT AND HIGHWAYS,MoRTH,TELANGANA,2017-01-01,2019-10-01,,196.52,196.52,103.22,,,,,0/0,consolidated,141
2020-04-01,N24000984,1423,WIDENING TO TWO LANE WITH PAVED SHOULDERS FROM KM 15.525 TO KM 62.880 OF JADCHERLA- KALWAKURTHY SECTI,ROAD TRANSPORT AND HIGHWAYS,MoRTH,TELANGANA,2017-01-01,2019-12-01,,283,283,166.22,,,,,0/0,consolidated,141
2020-04-01,N24000985,1424,WIDENING TO TWO LANE WITH PAVED SHOULDERS FROM KM 59.500 TO KM 132.033 OF MANNEGUDA- RAVULAPALLY SECT,ROAD TRANSPORT AND HIGHWAYS,MoRTH,TELANGANA,2017-01-01,2019-05-01,,359.27,359.27,237.9,,,,,0/0,consolidated,142
2020-04-01,N24000986,1425,WIDENING TO TWO LANE WITH PAVED SHOULDERS FROM KM 67.00 TO 114.425 OF KALWAKURTHY- MALLEPALLY SECTION,ROAD TRANSPORT AND HIGHWAYS,MoRTH,TELANGANA,2017-01-01,2019-05-01,,300,300,100.33,,,,,0/0,consolidated,142
2020-04-01,N24000987,1426,6 LANING FROM KM 9.90 TO KM 19.948 (ARAMGARH- SAMSHABAD SECTION) OF HYDERABAD- SAMSHABAD SECTION OF NH,ROAD TRANSPORT AND HIGHWAYS,MoRTH,TELANGANA,2018-01-01,2020-05-01,2020-05-01,283.15,283.15,42.22,,,,0(O),0/0,consolidated,142
2020-04-01,N24000988,1427,WIDENING AND STRENGTHENING OF EXISTING 2- LANE TO 2-LANE WITH PAVED SHOULDERS FROM KM.159/0 TO 165/4,ROAD TRANSPORT AND HIGHWAYS,MoRTH,TELANGANA,2018-01-01,2019-12-01,,230.03,230.03,127.98,,,,,0/0,consolidated,142
2020-04-01,N24000989,1428,WIDENING AND STRENGTHENING OF EXISTING CARRIAGEWAY IN 2 LANE WITH PAVED SHOULDERS FROM KM.25/0 TO 59,ROAD TRANSPORT AND HIGHWAYS,MoRTH,TELANGANA,2018-02-01,2020-06-01,2020-06-01,206.13,206.13,127.86,,,,0(O),0/0,consolidated,142
2020-04-01,N24000990,1429,REHABILITATION AND UPGRADATION OF NH-167 FROM DESIGN KM.113.900 TO 154.479 (MALLEPALLY - HALIYA SECT,ROAD TRANSPORT AND HIGHWAYS,MoRTH,TELANGANA,2018-02-01,2019-11-01,,294.13,294.13,39.44,,,,,0/0,consolidated,142
2020-04-01,N24000991,1430,REHABILITATION AND UPGRADATION OF NH-167 FROM DESIGN KM.157.707 TO 187.723 (DESIGN LENGTH 30.016 KMS,ROAD TRANSPORT AND HIGHWAYS,MoRTH,TELANGANA,2018-02-01,2019-11-01,,220.28,220.28,37.58,,,,,0/0,consolidated,142
2020-04-01,N24000992,1431,REHABILITATION AND UPGRADATION OF HYDERABAD OUTER RING ROAD TO MEDAK SECTION OF NH-765D FROM EXISTIN,ROAD TRANSPORT AND HIGHWAYS,MoRTH,TELANGANA,2018-02-01,2020-04-01,2020-04-01,426.52,426.52,225.51,,,,0(O),0/0,consolidated,142
2020-04-01,N24000993,1432,REHABILITATION AND UPGRADATION OF NH-167 FROM DESIGN KM.187.723 TO 234.434 (MIRYALAGUDA TO KODAD SEC,ROAD TRANSPORT AND HIGHWAYS,MoRTH,TELANGANA,2018-03-01,2020-09-01,2020-09-01,322.81,322.81,1.66,,,,0(O),0/0,consolidated,142
2020-04-01,N24000994,1433,CONSTRUCTION OF SIX LANE ELEVATED CORRIDOR FROM KM.7.950 (UPPAL) TO KM.14.200 OF NH-163 TO DE-CONGES,ROAD TRANSPORT AND HIGHWAYS,MoRTH,TELANGANA,2018-03-01,2020-07-01,2020-07-01,626.76,626.76,80.66,,,,0(O),0/0,consolidated,142
2020-04-01,N24000996,1434,REHABILITATION AND UP-GRADATION TO TWO LANE WITH PAVED SHOULDERS FROM KM 0/0 TO 72/6 OF NH-365 (NAKR,ROAD TRANSPORT AND HIGHWAYS,MoRTH,TELANGANA,2017-01-01,2019-10-01,,605.08,605.08,273.88,,,,,0/0,consolidated,142
2020-04-01,N24000997,1435,REHABILITATION AND UP GRADATION FROM KM. 121/0 TO 154/0 OF NAKAREKAL – MALLAMPALLY SECTION OF NH-365,ROAD TRANSPORT AND HIGHWAYS,MoRTH,TELANGANA,2018-03-01,2019-07-01,,192.67,192.67,107.37,,,,,0/0,consolidated,142
2020-04-01,N24000998,1436,WIDENING AND STRENGTHENING/ RECONSTRUCTION OF EXISTING PAVEMENT TO FOUR ALNE WITH PAVED SHOULDERS FR,ROAD TRANSPORT AND HIGHWAYS,MoRTH,TELANGANA,2019-01-01,,,193.19,193.19,0,,,,,0/0,consolidated,142
2020-04-01,N24000328,1437,2 LANING WITH PAVED SHOULDER OF AGARTALA- UDAIPUR SECTION OF NH-44 FROM KM 6.800 TO KM 55.00 IN THE S,ROAD TRANSPORT AND HIGHWAYS,NHIDCL,"TRIPURA, EPC",2014-10-01,2018-03-01,,369,369,322.69,,,,,3/4,consolidated,142
2020-04-01,N24001177,1438,WIDENING TO 2-LANE WITH PAVED SHOULDER IN/C. GEOMETRIC IMPROVEMENT FROM KM 318.00 TO KM 339.940 ON C,ROAD TRANSPORT AND HIGHWAYS,MoRTH,TRIPURA,2016-10-01,2020-08-01,2020-08-01,171.9,171.9,31.2,,,,0(O),0/0,consolidated,143
2020-04-01,N24000170,1439,GHAZIABAD-ALIGARH NH-91,ROAD TRANSPORT AND HIGHWAYS,NHAI,"UTTAR PRADESH, PPP (BOT)",2011-02-01,2013-08-01,,1141,1141,1715.42,,,,,0/0,consolidated,143
2020-04-01,N24000208,1440,2-LANING WITH PS RAIBAREILI TO ALLAHABAD,ROAD TRANSPORT AND HIGHWAYS,NHAI,"UTTAR PRADESH, PPP (BOT)",2012-07-01,2014-01-01,,291.36,291.36,459.07,,,,,0/0,consolidated,143
2020-04-01,N24000219,1441,ETAWAH CHAKERI,ROAD TRANSPORT AND HIGHWAYS,NHAI,"UTTAR PRADESH, PPP (BOT)",2013-03-01,2015-09-01,,1573,1573,2078.25,,,,,0/0,consolidated,143
2020-04-01,N24000331,1442,CONSTRUCTION OF RING ROAD FOR RAEBARELI CITY (PHASE -I) ON EASTERN SIDE OF NH 24B,ROAD TRANSPORT AND HIGHWAYS,MoRTH,"UTTAR PRADESH, EPC",2014-01-01,2016-03-01,,282.41,282.41,155.53,,,,,0/0,consolidated,143
2020-04-01,N24000356,1443,FOUR LANING OF VARANASI BYPASS,ROAD TRANSPORT AND HIGHWAYS,NHAI,UTTAR PRADESH,2015-05-01,2017-05-01,,261.09,261.09,240.96,,,,,0/0,consolidated,143
2020-04-01,N24000360,1444,2-LANING WITH PAVED SHOULDERS OF RAEBARELI - BANDA SECTION OF NH-232,ROAD TRANSPORT AND HIGHWAYS,NHAI,UTTAR PRADESH,2014-04-01,2016-01-01,,351.34,351.34,433.68,,,,,0/0,consolidated,143
2020-04-01,N24000362,1445,2 LANING WITH PAVED SHOULDER OF SITARGANJ - TANAKUR SECTION OF NH-125,ROAD TRANSPORT AND HIGHWAYS,NHAI,UTTAR PRADESH,2015-09-01,2016-09-01,,368.73,368.73,239.04,,,,,0/0,consolidated,143
2020-04-01,N24000364,1446,2-LANING WITH PS SITARGANJ BAREILY SECTION,ROAD TRANSPORT AND HIGHWAYS,NHAI,UTTAR PRADESH,2014-06-01,2016-01-01,,301.04,301.04,207.94,,,,,0/0,consolidated,143
2020-04-01,N24000367,1447,2-LANING WITH PAVED SHOULDERS OF TANDA - RAEBARELI,ROAD TRANSPORT AND HIGHWAYS,NHAI,UTTAR PRADESH,2014-04-01,2016-01-01,,495.78,495.78,633.24,,,,,0/0,consolidated,143
2020-04-01,N24000371,1448,RUDHAULI TO GHAGRA BRIDGE SECTION OF NH-233 IN UTTAR PRADESH KM 65/870 TO 122/270,ROAD TRANSPORT AND HIGHWAYS,MoRTH,"UTTAR PRADESH, EPC",2013-10-01,2017-03-01,,445.89,653.29,464.05,,,,,0/0,consolidated,143
2020-04-01,N24000373,1449,2-LANING OF LALPUL-MANMAO-CHANGLANG ROAD(NH-52B) (NEW NH NO.215)FROM KM 0.00 TO KM 68.30INTHE STATE,ROAD TRANSPORT AND HIGHWAYS,MoRTH,"UTTAR PRADESH, ITEM RATE",2010-11-01,2017-03-01,,305.49,305.49,131.08,,,,,0/0,consolidated,143
2020-04-01,N24000452,1450,6 LANING OF AGRA - ETAWAH BYPASS,ROAD TRANSPORT AND HIGHWAYS,NHAI,"UTTAR PRADESH, PPP (BOT)",2015-07-01,2019-01-01,,1657.2,1657.2,2345,,,,,0/0,consolidated,143
2020-04-01,N24000460,1451,4-LANING OF GHAGHRA BRIDGE TO VARANSI ( PACKAGE -I),ROAD TRANSPORT AND HIGHWAYS,NHAI,UTTAR PRADESH,2015-12-01,2016-06-01,,611.65,611.65,728.24,,,,,0/0,consolidated,143
2020-04-01,N24000491,1452,FOUR LANING OF SULTANPUR TO VARANASI (PKG- II),ROAD TRANSPORT AND HIGHWAYS,NHAI,UTTAR PRADESH,2016-01-01,2018-06-01,2020-06-01,815.28,815.28,520.89,,,,24(O),0/0,consolidated,143
2020-04-01,N24000493,1453,FOUR LANING OF SULTANPUR TO VARANASI (PKG-I),ROAD TRANSPORT AND HIGHWAYS,NHAI,UTTAR PRADESH,2016-01-01,2018-06-01,2020-06-01,1027.53,1027.53,601.13,,,,24(O),0/0,consolidated,143
2020-04-01,N24000498,1454,FOUR LANING OF GHAGHRA BRIDGE TO VARANASI (PKG-III),ROAD TRANSPORT AND HIGHWAYS,NHAI,UTTAR PRADESH,2016-06-01,2018-07-01,2020-04-01,667,667,464.05,,,,21(O),0/0,consolidated,143
2020-04-01,N24000499,1455,FOUR LANING OF GHAGHRA BRIDGE TO VARANASI (PKG-II),ROAD TRANSPORT AND HIGHWAYS,NHAI,UTTAR PRADESH,2015-12-01,2018-06-01,2020-04-01,667,667,549.07,,,,22(O),0/0,consolidated,143
2020-04-01,N24000511,1456,WIDNG WITH PS AND STRNG FROM KM.0.00 TO 50.675 OF NH-730A EPC MODE,ROAD TRANSPORT AND HIGHWAYS,MoRTH,"UTTAR PRADESH, EPC",2013-05-01,2015-08-01,,164.54,164.54,126.41,,,,,0/0,consolidated,143
2020-04-01,N24000539,1457,MEERUT-BULANDSHAHAR,ROAD TRANSPORT AND HIGHWAYS,NHAI,UTTAR PRADESH,2016-01-01,,,683.24,987.94,727.69,,,,,0/2,consolidated,143
2020-04-01,N24000541,1458,DELHI-MEERUT EXPRESSWAY PKG-III 6 LANNING FROM KM 27.740 TO 49.346 KM,ROAD TRANSPORT AND HIGHWAYS,NHAI,UTTAR PRADESH,2016-01-01,2019-06-01,2019-09-01,1081.57,1057.6,1051.87,,,,,0/0,consolidated,143
2020-04-01,N24000544,1459,ALIGARH MORADABAD SECTION OF NH-93 FROM KM 85.650 TO KM 232.020,ROAD TRANSPORT AND HIGHWAYS,NHAI,UTTAR PRADESH,2016-03-01,2019-04-01,,676.73,676.73,945.17,,,,,0/0,consolidated,144
2020-04-01,N24000547,1460,4-LANNING OF VARANASI GORAKHPUR SECTION OF NH-29 FROM 12.00 TO 88.00 KM [PACKAGE-II] (GORAKPUR),ROAD TRANSPORT AND HIGHWAYS,NHAI,UTTAR PRADESH,2016-03-01,,,1404.5,1404.5,2977.58,,,,,0/0,consolidated,144
2020-04-01,N24000549,1461,4-LANNING OF VARANASI GORAKHPUR SECTION OF NH-29 FROM 88.00 148.00 KM 4-LANNING OF VARANASI GORAKHPU,ROAD TRANSPORT AND HIGHWAYS,NHAI,UTTAR PRADESH,2016-03-01,,,1396.74,1396.74,227.26,,,,,0/0,consolidated,144
2020-04-01,N24000551,1462,4-LANNING OF VARANASI GORAKHPUR SECTION OF NH-29 FROM 148.00 208.300 KM [PACKAGE-IV],ROAD TRANSPORT AND HIGHWAYS,NHAI,UTTAR PRADESH,2016-03-01,2019-04-01,,1587.49,2982,276.87,,,,,0/0,consolidated,144
2020-04-01,N24000556,1463,FOUR LANNING OF RAMPUR- KATHGODAM SECTION OF NH-87 FROM KM 0.000 (KM. 190.000 OF NH-24) TO KM 42.791,ROAD TRANSPORT AND HIGHWAYS,NHAI,UTTAR PRADESH,2016-03-01,2019-04-01,2020-07-01,899,899,641.51,,,,15(O),0/0,consolidated,144
2020-04-01,N24000563,1464,4-LANING OF GAGALHERI- SAHARANPUR- YAMUNANAGAR (UP/HARYANA BORDER) SECTION OF NH-73 FROM KM 33.000 (,ROAD TRANSPORT AND HIGHWAYS,NHAI,UTTAR PRADESH,2016-03-01,,2020-05-01,1668,1668,946.08,,,,,0/0,consolidated,144
2020-04-01,N24000564,1465,4-LANNING OF HARIDWAR-NAGINA SECTION OF NH- 74 FROM KM 0.000 (KM 204.300 OF NH-58) TO KM 73.00,ROAD TRANSPORT AND HIGHWAYS,NHAI,UTTAR PRADESH,2016-03-01,,2020-07-01,1408,1408,442.7,,,,,0/0,consolidated,144
2020-04-01,N24000565,1466,4-LANNING OF NAGINA-KASHIPUR SECTION OF NH- 74 FROM KM 73.00 TO KM 175.00,ROAD TRANSPORT AND HIGHWAYS,NHAI,UTTAR PRADESH,2016-03-01,,2020-04-01,1737,1737,1159.07,,,,,0/0,consolidated,144
2020-04-01,N24000599,1467,4 LANNING OF LUCKNOW-SULTANPUR SECTION OF NH-56 FROM KM 11.500,ROAD TRANSPORT AND HIGHWAYS,NHAI,UTTAR PRADESH,2016-08-01,2019-04-01,2019-11-01,2016,2016,1996,,,,,0/0,consolidated,144
2020-04-01,N24000637,1468,CONSTRUCTION OF GORAKHPUR BYPASS FROM EXISTING KM 79.670 OF NH-29E TO EXISTING KM 251.700 OF NH-28 T,ROAD TRANSPORT AND HIGHWAYS,NHAI,UTTAR PRADESH,2016-12-01,,2019-09-01,534.55,531,433.62,,,,,0/0,consolidated,144
2020-04-01,N24000648,1469,CONSTRUCTION OF NH-28 4-LANE BYPASS STARTING FROM KM 17.600 OF MDR-77C AND TERMINATING AT KM 15.650,ROAD TRANSPORT AND HIGHWAYS,NHAI,UTTAR PRADESH,2017-01-01,,,450.68,450.68,397.62,,,,,0/0,consolidated,144
2020-04-01,N24000653,1470,FOUR LANNING OF JHANSI-KHAJURAHO SECTION(PKG-I) FROM KM 0.00 TO KM 76.3(EXISTING KM 106.300 OF NH-2,ROAD TRANSPORT AND HIGHWAYS,NHAI,UTTAR PRADESH,2017-03-01,2020-03-01,2020-11-01,1373.28,1373.28,571.96,,,,8(O),0/4,consolidated,144
2020-04-01,N24000654,1471,FOUR LANNING OF JHANSI-KHAJURAHO SECTION(PKG-II) OF NH-75/76 FROM DESIGN CHAINAGE KM 76.3(EXISTING C,ROAD TRANSPORT AND HIGHWAYS,NHAI,UTTAR PRADESH,2017-03-01,2020-03-01,2020-08-01,1184.71,1310,563.15,,,,5(O),0/4,consolidated,144
2020-04-01,N24000663,1472,DEVELOPMENT OF DELHI MEERUT EXPRESSWAY FROM KM.0.000 TO KM 27.500 INCLUDING 6/8 LANNING OF NH-24 FRO,ROAD TRANSPORT AND HIGHWAYS,NHAI,UTTAR PRADESH,2017-03-01,2020-03-01,2020-12-01,1989,1989,893.62,,,,9(O),0/0,consolidated,144
2020-04-01,N24000672,1473,6-LANNING OF HANDIA-VARANASI SECTION OF NH-2 FROM KM 713.146 TO KM 785.544 IN THE STATE OF UTTAR PRA,ROAD TRANSPORT AND HIGHWAYS,NHAI,UTTAR PRADESH,2017-03-01,2020-03-01,2020-06-01,2064.99,2447,2118.76,,,,3(O),0/0,consolidated,144
2020-04-01,N24000712,1474,DESIGN AND CONSTRUCTION OF DELHI-MEERUT EXPRESSWAY FROM DASNA TO MEERUT FROM 27.740 OF NH-24 TO KM,ROAD TRANSPORT AND HIGHWAYS,NHAI,UTTAR PRADESH,2017-12-01,,2020-12-01,1232.21,1087,565.6,,,,,0/0,consolidated,145
2020-04-01,N24000721,1475,ADDITIONAL FACILITY FOR 4-LANE DIVIDED HIGHWAY OF KM 52.250 TO KM 130.560 OF NH-58 (MEERUT-MUZAFFARN,ROAD TRANSPORT AND HIGHWAYS,NHAI,UTTAR PRADESH,2017-12-01,,2020-12-01,207,207,34.77,,,,,0/0,consolidated,145
2020-04-01,N24000722,1476,CONSTRUCTION OF NH-24 4-LANE BYPASS STARTING FROM KM 479.500 OF NH-24 AND TERMINATING AT KM 17.600 O,ROAD TRANSPORT AND HIGHWAYS,NHAI,UTTAR PRADESH,2017-12-01,,,305,305,0,,,,,0/0,consolidated,145
2020-04-01,N24000740,1477,VARANASI RING ROAD PKG - I,ROAD TRANSPORT AND HIGHWAYS,NHAI,UTTAR PRADESH,2018-01-01,,,450.77,450.77,0,,,,,0/0,consolidated,145
2020-04-01,N24000786,1478,FOR REHABILITATION AND UPGRADATION FROM 2- LANE TO 4-LANE OF VARANASI - DEGAMAPUR (PKG- 1) UNDER NHDP,ROAD TRANSPORT AND HIGHWAYS,NHAI,UTTAR PRADESH,2018-02-01,,,670.5,670.5,75.1,,,,,0/0,consolidated,145
2020-04-01,N24000792,1479,FOUR LANING OF ALIGARH - KANPUR SECTION PKG-I FROM ALIGARH - BHADWAS,ROAD TRANSPORT AND HIGHWAYS,NHAI,UTTAR PRADESH,2018-03-01,,,809.07,809.07,201.96,,,,,0/0,consolidated,145
2020-04-01,N24000793,1480,FOUR LANING OF ALIGARH - KANPUR SECTION PKG-II FROM BHADWAS - KALYANPUR.,ROAD TRANSPORT AND HIGHWAYS,NHAI,UTTAR PRADESH,2018-03-01,,,925.4,1197,608.66,,,,,0/0,consolidated,145
2020-04-01,N24000796,1481,CONSTRUCTION OF NH-24 EXTENSION 4-LANE BYPASS STARTING FROM BEHTA ROAD AND TERMINATING AT SITAPUR RO,ROAD TRANSPORT AND HIGHWAYS,NHAI,UTTAR PRADESH,2018-03-01,,2021-12-01,1117.84,1117.84,0,,,,,0/0,consolidated,145
2020-04-01,N24000798,1482,SIX LANING OF HAPUR BYPASS TO MORADABAD SECTION INCLUDING HAPUR BYPASS FROM KM 50.000 (DESIGN CHAINA,ROAD TRANSPORT AND HIGHWAYS,NHAI,UTTAR PRADESH,2018-03-01,,,2140.93,2140.93,1230.96,,,,,0/0,consolidated,145
2020-04-01,N24000800,1483,4-LANING OF ALIGARH-KANPUR SECTION FROM KM 229.000 (DESIGN CHAINAGE 240.897) TO KM 289.000 (DESIGN C,ROAD TRANSPORT AND HIGHWAYS,NHAI,UTTAR PRADESH,2018-03-01,,,1120.57,1332,632,,,,,0/0,consolidated,145
2020-04-01,N24000802,1484,REHABILITATION AND UP-GRADATION FROM 2 LANE TO 4 LANE OF NH STRETCH UNDER NHDP IV B FOR LALGANJ-HANU,ROAD TRANSPORT AND HIGHWAYS,NHAI,UTTAR PRADESH,2018-03-01,,,1025.8,677.07,222.94,,,,,0/0,consolidated,145
2020-04-01,N24000803,1485,REHABILITATION AND UP-GRADATION FROM 2 LANE TO 4 LANE OF NH STRETCH UNDER NHDP-IVB FOR DAGAMAGPUR-LA,ROAD TRANSPORT AND HIGHWAYS,NHAI,UTTAR PRADESH,2018-03-01,,,1115.28,770.04,332.69,,,,,0/0,consolidated,145
2020-04-01,N24000806,1486,CONSTRUCTION OF 4 LANE NH-29 BYPASS PHASE-II CONNECTING NH-29 WITH NH-2 AS PART OF VARANASI RING ROA,ROAD TRANSPORT AND HIGHWAYS,NHAI,UTTAR PRADESH,2018-02-01,,,972.77,972.77,494.71,,,,,0/0,consolidated,145
2020-04-01,N24000877,1487,R AND U OF KHUTAR -LAKHIMPUR SECTION (KM 82.00 TO KM140.00) OF NH-730 TO 2L WITH PS,ROAD TRANSPORT AND HIGHWAYS,MoRTH,UTTAR PRADESH,2016-11-01,,,326.99,326.99,4.03,,327,,,0/0,consolidated,145
2020-04-01,N24000942,1488,REHABILITATION AND UPGRADATION OF HARPALPUR -SUGIRA FROM KM 89.600 TO KM 133.520 OF NH-76 TO 2-LANE,ROAD TRANSPORT AND HIGHWAYS,MoRTH,UTTAR PRADESH,2016-03-01,2019-11-01,2020-03-01,208.5,208.5,141.54,,,,,0/0,consolidated,145
2020-04-01,N24001139,1489,REHABILITATION AND UPGRADATION OF MAU- JASRA FROM KM 326.000 TO KM 379.555 OF NH-76 TO 2-LANE WITH PA,ROAD TRANSPORT AND HIGHWAYS,MoRTH,UTTAR PRADESH,2016-10-01,2020-03-01,2020-03-01,218.94,218.94,120.69,,219,,,0/0,consolidated,146
2020-04-01,N24001140,1490,REHABILITATION AND UPGRADATION OF KABRAI- BANDA FROM KM 178.00 TO KM 215.00 OF NH-76 TO 2-LANE WITH P,ROAD TRANSPORT AND HIGHWAYS,MoRTH,UTTAR PRADESH,2016-11-01,2019-09-01,2019-10-01,215.16,215.16,160.61,,215,,,0/0,consolidated,146
2020-04-01,N24001141,1491,REHABILITATION AND UPGRADATION OF KALUPUR- LALTA FROM KM 285.00 TO KM 326.00 OF NH-76 TO 2-LANE WITH,ROAD TRANSPORT AND HIGHWAYS,MoRTH,UTTAR PRADESH,2016-03-01,2020-01-01,2020-03-01,240.3,240.3,198.06,,240,,,0/0,consolidated,146
2020-04-01,N24001143,1492,REHABILITATION AND UPGRADATION OF PILIBHIT TO PURANPUR SECTION FROM KM 0.00 TO KM 38.00 OF NH-730 TO,ROAD TRANSPORT AND HIGHWAYS,MoRTH,UTTAR PRADESH,2016-10-01,2018-10-01,2019-09-01,176.94,176.94,141.11,,177,,,0/0,consolidated,146
2020-04-01,N24001144,1493,REHABILITATION AND UPGRADATION OF NH-233 FROM KM 65.870 TO KM 122.270 IN THE STATE OF UTTAR PRADESH,ROAD TRANSPORT AND HIGHWAYS,MoRTH,UTTAR PRADESH,2013-10-01,2017-03-01,2019-10-01,445.89,653.29,469.64,,653,,,0/0,consolidated,146
2020-04-01,N24001145,1494,WIDENING AND STRENGTHENING OF NH-730A FROM KM 0.00 TO KM 50.675 IN THE STATE OF UTTAR PRADESH,ROAD TRANSPORT AND HIGHWAYS,MoRTH,UTTAR PRADESH,2013-05-01,2015-08-01,2020-03-01,164.54,164.54,127.34,,165,,,0/0,consolidated,146
2020-04-01,N24001146,1495,REHABILITATION AND UPGRADATION OF TULSIPUR -BARHANI SECTION FROM KM 351.000 TO KM 385.000 OF NH-730,ROAD TRANSPORT AND HIGHWAYS,MoRTH,UTTAR PRADESH,2016-03-01,2019-05-01,2020-03-01,249.5,249.5,160.6,,,,,0/0,consolidated,146
2020-04-01,N24001147,1496,REHABILITATION AND UPGRADATION OF ALLAHABAD -MIRZAPUR FROM KM 400.878 TO KM 450.000 OF NH-76E TO 2-,ROAD TRANSPORT AND HIGHWAYS,MoRTH,UTTAR PRADESH,2016-10-01,2019-02-01,2019-07-01,239.63,239.63,212.53,,,,,0/0,consolidated,146
2020-04-01,N24001148,1497,REHABILITATION AND UPGRADATION OF PRATAPGARH-ALLAHABAD BYPASS ROAD AND JUNCTION SECTION OF NH-96 F,ROAD TRANSPORT AND HIGHWAYS,MoRTH,UTTAR PRADESH,2016-03-01,2020-01-01,2020-03-01,599.34,599.34,492.15,,,,,0/0,consolidated,146
2020-04-01,N24001185,1498,SIX LANING OF CHAKERI TO ALLAHABAD SECTION OF NH-2 FROM KM 483.687 TO KM 628.753 (DESIGN LENGTH – 14,ROAD TRANSPORT AND HIGHWAYS,NHAI,"UTTAR PRADESH, PPP BOT (Hybrid Annuity)",2017-11-01,2019-01-01,,2159,2159,755,,,,,0/0,consolidated,146
2020-04-01,N24001202,1499,REHABILITATION AND UPGRADATION OF BARAICH - SHRAWAST FROM KM 248.400 TO KM 310.000 OF NH- 730 TO 2-LA,ROAD TRANSPORT AND HIGHWAYS,MoRTH,UTTAR PRADESH,2016-03-01,2019-12-01,2020-01-01,388.83,388.83,304.7,,,,,0/0,consolidated,146
2020-04-01,N24001203,1500,REHABILITATION AND UPGRADATION OF ALLAHABAD -MIRZAPUR SECTION FROM KM 450.000 TO KM 486.770 (EXCEPT,ROAD TRANSPORT AND HIGHWAYS,MoRTH,UTTAR PRADESH,2016-10-01,2020-03-01,2020-03-01,218.9,218.9,64.59,,,,,0/0,consolidated,146
2020-04-01,N24001204,1501,REHABILITATION AND UPGRADATION OF SULTANPUR BYPASS SECTION OF NH-96 FROM KM 60.000 TO KM 90.865 TO,ROAD TRANSPORT AND HIGHWAYS,MoRTH,UTTAR PRADESH,2016-07-01,2019-10-01,2020-06-01,208.88,208.88,95.59,,,,8(O),0/0,consolidated,146
2020-04-01,N24001205,1502,R AND U FROM KM 385.00 TO KM 420.000 TO 2- LANE WITH PS (EXCLUDING ROB AND ITS APPROACHES AT KM.404,ROAD TRANSPORT AND HIGHWAYS,MoRTH,UTTAR PRADESH,2016-12-01,2019-10-01,2020-04-01,209.1,209.1,160.28,,,,6(O),0/0,consolidated,146
2020-04-01,N24001206,1503,REHABILITATION AND UPGRADATION OF EXISTING PAVEMENT TO 2 LANE WITH PS FROM KM 537.000 TO KM 564.750,ROAD TRANSPORT AND HIGHWAYS,MoRTH,UTTAR PRADESH,2018-03-01,2020-04-01,2020-04-01,263.89,242.05,139.94,,,,0(O),0/0,consolidated,147
2020-04-01,N24001207,1504,REHABILITATION AND UPGRADATION OF RAMNAGAR TO SISWA BABU SECTION FROM KM 484.000 TO KM 505.120 OF,ROAD TRANSPORT AND HIGHWAYS,MoRTH,UTTAR PRADESH,2018-03-01,2020-02-01,2020-03-01,185.18,185.18,79.93,,,,,0/0,consolidated,147
2020-04-01,N24001208,1505,FOUR LANING WIDENING AND STRENGTHENING OF NH-29E FROM KM 81.420 TO 99.00 SONAULI - GORAKHPUR ROAD (J,ROAD TRANSPORT AND HIGHWAYS,MoRTH,UTTAR PRADESH,2018-03-01,2020-08-01,2020-08-01,288.3,288.3,54.06,,,,0(O),0/0,consolidated,147
2020-04-01,N24001209,1506,R AND U OF LAKHIMPUR - SISIYA SECTION (KM140.00 TO 188.800) OF NH-730 TO 2L WITH PS,ROAD TRANSPORT AND HIGHWAYS,MoRTH,UTTAR PRADESH,2016-03-01,2020-09-01,2020-09-01,296.5,296.5,74.77,,,,0(O),0/0,consolidated,147
2020-04-01,N24001210,1507,REHABILITATION AND UPGRADATION OF EXISTING PAVEMENT TO FOUR LANE WITH PAVED SHOULDER FROM KM 135.230,ROAD TRANSPORT AND HIGHWAYS,MoRTH,UTTAR PRADESH,2018-03-01,,,306.59,306.59,0,,,,,0/0,consolidated,147
2020-04-01,N24001211,1508,IMPROVEMENT AND UP-GRADATION OF EXISITING CARRIAGEWAY TO TWO LANE WITH PAVED SHOULDER FROM KM 0.00 T,ROAD TRANSPORT AND HIGHWAYS,MoRTH,UTTAR PRADESH,2018-11-01,,,281.45,281.45,0,,,,,0/0,consolidated,147
2020-04-01,N24001230,1509,IMPROVEMENT AND UP-GRADATION OF EXISTING CARRIAGEWAY TO TWO LANE WITH PAVED SHOULDER FROM KM 0.00 KM,ROAD TRANSPORT AND HIGHWAYS,MoRTH,UTTAR PRADESH,2018-11-01,2020-12-01,2020-12-01,281.45,281.45,2.36,,,,0(O),0/0,consolidated,147
2020-04-01,N24000212,1510,HARIDWAR DEHRADUN APPROVED LENGTH 69,ROAD TRANSPORT AND HIGHWAYS,NHAI,UTTARAKHAND,2011-11-01,2013-10-01,2020-08-01,478.51,478,315.11,,,,82(O),0/0,consolidated,147
2020-04-01,N24000559,1511,FOUR LANNING OF RAMPUR- KATHGODAM SECTION OF NH-87 FROM KM 42.791 (DESIGN CHAINAGE 43.446) TO KM 88,ROAD TRANSPORT AND HIGHWAYS,NHAI,UTTARAKHAND,2016-03-01,,2020-10-01,720,720,348.16,,,,,0/0,consolidated,147
2020-04-01,N24000562,1512,4-LANNING OF CHUTMALPUR-GANESHPUR SECTION OF NH-72A FROM KM 0.000 (KM 22.825 OF MH-73) TO KM 17.900,ROAD TRANSPORT AND HIGHWAYS,NHAI,UTTARAKHAND,2016-03-01,,2020-06-01,1443,1443,1246.85,,,,,0/0,consolidated,147
2020-04-01,N24000638,1513,4 LANING OF KASHIPUR-SITARGANJ SECTION KM. 175.000 TO KM. 252.20,ROAD TRANSPORT AND HIGHWAYS,NHAI,UTTARAKHAND,2012-11-01,2018-07-01,2020-02-01,605.84,722.46,722.46,,,,,0/0,consolidated,147
2020-04-01,N24000741,1514,CONSTRUCTION AND UPGRADATION OF EXISTING ROAD TO 2 LANE WITH PAVED SHOULDER FROM KM 368.00 TO KM 399,ROAD TRANSPORT AND HIGHWAYS,NHIDCL,UTTARAKHAND,2018-03-01,2018-05-01,,274.31,274.31,29.13,,,,,1/4,consolidated,147
2020-04-01,N24000742,1515,2 LANE WITH PAVED SHOULDER FROM KM 399.00 TO KM 430.00 OF KARANPARYAG TO CHAMOLI UNDER CHARDHAM PARI,ROAD TRANSPORT AND HIGHWAYS,NHIDCL,UTTARAKHAND,2018-03-01,2018-06-01,,403.36,403.36,99.65,,,,,1/4,consolidated,147
2020-04-01,N24000743,1516,2 LANE WITH PAVED SHOULDER FROM KM 430.00 TO KM 468.00 OF CHAMOLI TO PAINI UNDER CHARDHAM PARIYOJNA,ROAD TRANSPORT AND HIGHWAYS,NHIDCL,UTTARAKHAND,2018-03-01,2018-05-01,,417.24,417.24,112.62,,,,,1/4,consolidated,147
2020-04-01,N24000772,1517,RECONSTRUCTION WITH GEOMETRIC IMPROVEMENT OF EXISTING 2 LANE/INTERMEDIATE LANE TO 2LANE WITH PAVED S,ROAD TRANSPORT AND HIGHWAYS,MoRTH,UTTARAKHAND,2017-12-01,2019-12-01,,257.34,257.34,62.79,,,,,0/0,consolidated,147
2020-04-01,N24000773,1518,RECONSTRUCTION WITH GEOMETRIC IMPROVEMENT OF EXISTING 2 LANE/INTERMEDIATE LANE TO 2LANE WITH PAVED S,ROAD TRANSPORT AND HIGHWAYS,MoRTH,UTTARAKHAND,2017-12-01,2019-12-01,,200.34,200.34,31,,,,,0/0,consolidated,148
2020-04-01,N24000774,1519,WIDENING OF EXISTING SINGLE LANE ROAD TO TWO LANE WITH PAVED SHOULDERS CONFIGURATION FROM KM. 235.00,ROAD TRANSPORT AND HIGHWAYS,MoRTH,UTTARAKHAND,2017-12-01,2019-12-01,,248.22,248.22,57.2,,,,,0/0,consolidated,148
2020-04-01,N24000775,1520,RECONSTRUCTION WITH GEOMETRIC IMPROVEMENT OF EXISTING 2 LANE/INTERMEDIATE LANE TO 2LANE WITH PAVED S,ROAD TRANSPORT AND HIGHWAYS,MoRTH,UTTARAKHAND,2017-06-01,2019-06-01,,282.08,282.08,77.05,,,,,0/0,consolidated,148
2020-04-01,N24000776,1521,RECONSTRUCTION WITH GEOMETIC IMPROVEMENT OF EXISTING TWO LANE TO 2- LANE WITH PAVED SHOULDERS CONFIG,ROAD TRANSPORT AND HIGHWAYS,MoRTH,UTTARAKHAND,2017-11-01,2019-11-01,,232.81,232.81,59.44,,,,,0/0,consolidated,148
2020-04-01,N24000777,1522,RECONSTRUCTION WITH GEOMETIC IMPROVEMENT OF SINGLE LANE TO 2- LANE WITH PAVED SHOULDER CONFIGURATION,ROAD TRANSPORT AND HIGHWAYS,MoRTH,UTTARAKHAND,2017-11-01,2019-11-01,,283.51,283.51,126.38,,,,,0/0,consolidated,148
2020-04-01,N24000778,1523,RECONSTRUCTION WITH GEOMETRIC IMPROVEMENT OF EXISTING SINGLE/INTERMEDIATE LANE TO 2LANE WITH PAVED S,ROAD TRANSPORT AND HIGHWAYS,MoRTH,UTTARAKHAND,2017-11-01,2019-11-01,,266.52,266.52,144.27,,,,,0/0,consolidated,148
2020-04-01,N24000779,1524,RECONSTRUCTION WITH GEOMETRIC IMPROVEMENT OF EXISTING SINGLE/INTERMEDIATE LANE TO 2 LANE WITH EAR,ROAD TRANSPORT AND HIGHWAYS,MoRTH,UTTARAKHAND,2018-02-01,2020-02-01,,418.88,418.88,88,,,,,0/0,consolidated,148
2020-04-01,N24000780,1525,REHABILITATION AND UP GRADATION OF 2 LANE/ 2 LANE WITH PAVED SHOULDER FROM EXISTING KM. 172.900 TO K,ROAD TRANSPORT AND HIGHWAYS,MoRTH,UTTARAKHAND,2018-02-01,,,293.68,293.68,11.57,,,,,0/0,consolidated,148
2020-04-01,N24000781,1526,CONSTRUCTION OF KUND BYPASS FROM EXISTING KM 33+130 TO KM 41+260 (EXISTING LENGTH: 8.130 KM); DESIGN,ROAD TRANSPORT AND HIGHWAYS,MoRTH,UTTARAKHAND,2018-05-01,2020-05-01,2020-05-01,248,248,0,,,,0(O),0/0,consolidated,148
2020-04-01,N24000782,1527,REHABILITATION AND UPGRADATION OF 2 LANE WITH PAVED SHOULDER FROM EXISTING KM. 195.175 TO KM. 220.00,ROAD TRANSPORT AND HIGHWAYS,MoRTH,UTTARAKHAND,2018-03-01,,,460.73,461,0,,,,,0/0,consolidated,148
2020-04-01,N24000855,1528,CONSTRUCTION OF 4.5 KM LONG SILKYARA TUNNEL BETWEEN KM 25.40 TO 50.25 KM (TUNNEL WORK),ROAD TRANSPORT AND HIGHWAYS,NHIDCL,UTTARAKHAND,2018-03-01,2018-07-01,,1383.78,1383.78,149.06,,,,,1/5,consolidated,148
2020-04-01,N24001130,1529,RECONSTRUCTION WITH GEOMETRIC IMPROVMENT OF EXISTING INTERMEDIATE LANE TO 2 LANE WITH PAVED SHOULDER,ROAD TRANSPORT AND HIGHWAYS,MoRTH,UTTARAKHAND,2016-08-01,2017-12-01,,234.88,208.89,118.26,,,,,0/0,consolidated,148
2020-04-01,N24000202,1530,4-LANING OF FARAKA-RAIGANJ,ROAD TRANSPORT AND HIGHWAYS,NHAI,"WEST BENGAL, PPP (BOT)",2011-02-01,2013-08-01,2021-05-01,1078.84,1078.84,2206.35,,,,93(O),3/4,consolidated,148
2020-04-01,N24000203,1531,4-LANING OF BRAHAMPORE-FARAKA,ROAD TRANSPORT AND HIGHWAYS,NHAI,"WEST BENGAL, PPP (BOT)",2011-02-01,2013-08-01,2021-12-01,998.79,998.79,1832.25,,,,100(O),3/4,consolidated,148
2020-04-01,N24000206,1532,6-LANING OF DHANKUNI-KHARAGPUR SECTION,ROAD TRANSPORT AND HIGHWAYS,NHAI,"WEST BENGAL, PPP (BOT)",2012-04-01,2014-09-01,2020-03-01,1396.18,1396.18,2894.94,,,,,0/0,consolidated,148
2020-04-01,N24000397,1533,REHABILITATION AND UPGRADING TO 2 LANES/2 LANE WITH PAVED SHOULDERS CONFIGURATION OF BANKUARA- PURUL,ROAD TRANSPORT AND HIGHWAYS,MoRTH,WEST BENGAL,1991-01-01,2018-03-01,,322,322,56.41,,,,,0/0,consolidated,148
2020-04-01,N24000437,1534,CONSTRUCTION OF ISLAMPUR BY PASS,ROAD TRANSPORT AND HIGHWAYS,NHAI,WEST BENGAL,2015-10-01,,,361.15,361.15,186.64,,,,,0/0,consolidated,149
2020-04-01,N24000463,1535,4 LANING OF NH-31D FROM GHOSHPUKUR - SALSALABARI ( KM 0.00 TO KM . 83.785),ROAD TRANSPORT AND HIGHWAYS,NHAI,WEST BENGAL,2015-12-01,2018-06-01,,1083,1083,1487.87,,,,,0/0,consolidated,149
2020-04-01,N24000515,1536,SIX-LANING OF BARWA ADDA-PANAGARH,ROAD TRANSPORT AND HIGHWAYS,NHAI,"WEST BENGAL, PPP (BOT)",2014-04-01,,,1665,1665,4357.89,,,,,0/0,consolidated,149
2020-04-01,N24000553,1537,CONSTRUCTION OF ROB –FLYOVER AT RANICHAK HALDIA,ROAD TRANSPORT AND HIGHWAYS,NHAI,WEST BENGAL,2016-03-01,2018-11-01,2020-08-01,229.37,229.37,112.94,,,2020-08-01,21(O),0/0,consolidated,149
2020-04-01,N24000620,1538,FOUR LANNING OF CHICHRA-KHARAGPUR SECTION OF NH-6 FROM KM 185.150 TO KM 134.400 INCLUDING REHABILITA,ROAD TRANSPORT AND HIGHWAYS,NHAI,WEST BENGAL,2016-09-01,2018-08-01,2019-09-01,767.03,767.03,602.43,,,,,0/0,consolidated,149
2020-04-01,N24000770,1539,CONSTRUCTION OF MECHI BRIDGE AND APPROACHES ON INDIA-NEPAL BORDER LINKING KAKARVITTA AND PANITNAKI I,ROAD TRANSPORT AND HIGHWAYS,NHIDCL,WEST BENGAL,2017-03-01,2018-06-01,,158.65,158.65,78.47,,,,,0/0,consolidated,149
2020-04-01,N24000790,1540,REHABILITATION AND UP GRADATION TO FOUR LANING OF NH-31D FROM KM 113.200 TO KM 154.854 (PACKAGE IIA),ROAD TRANSPORT AND HIGHWAYS,NHAI,WEST BENGAL,2018-03-01,,2021-07-01,1261.98,1261.98,793.49,,,,,0/0,consolidated,149
2020-04-01,N24000871,1541,PROPOSED DEVELOPMENT FOR ROAD CORRIDOR COMPONENT OF AH-02 INVOLVING NH-327B NH-31C NH-31 NH-10 O,ROAD TRANSPORT AND HIGHWAYS,MoRTH,WEST BENGAL,2014-08-01,2017-11-01,2019-05-01,600.87,720.97,660.97,,720.97,2019-05-01,,0/0,consolidated,149
2020-04-01,N24000873,1542,PROPOSED DEVELOPMENT FOR ROAD CORRIDOR COMPONENT OF AH-48 INVOLVING NH-717 NH-31 NH-31C NH-317A O,ROAD TRANSPORT AND HIGHWAYS,MoRTH,WEST BENGAL,2014-08-01,2017-11-01,2019-06-01,823.2,937.76,760.05,,937.76,2019-06-01,,0/0,consolidated,149
2020-04-01,N24000874,1543,CONSTRUCTION OF NEW ROAD AT THE MISSING LINK PORTION OF NH-81 ALONG THE APPROVED ALIGNMENT BETWEEN H,ROAD TRANSPORT AND HIGHWAYS,MoRTH,WEST BENGAL,2016-03-01,2018-11-01,2019-11-01,271.17,291.2,111.4,,291.2,2019-11-01,,0/0,consolidated,149
2020-04-01,N24000876,1544,REHABILITATION AND UPGRADATION TO 2-LANE WITH PAVED SHOULDER CONFIGURATION OF NANDAKUMAR-CONTAI-CHAN,ROAD TRANSPORT AND HIGHWAYS,MoRTH,WEST BENGAL,2017-01-01,2019-09-01,,396.86,396.86,213.29,,396.86,,,0/0,consolidated,149
2020-04-01,N24000879,1545,UPGRADATION OF NH-31C WITH A MINIMUM OF 2- LANE WITH PAVED SHOULDER CONFIGURATION STARTING FROM KM 10,ROAD TRANSPORT AND HIGHWAYS,MoRTH,WEST BENGAL,2017-03-01,2019-11-01,,202.69,202.69,126.54,,202.69,,,0/0,consolidated,149
2020-04-01,N24000880,1546,UPGRADATION OF NH-81 WITH A MINIMUM OF 2- LANE WITH PAVED SHOULDER CONFIGURATION STARTING FROM KM 19.,ROAD TRANSPORT AND HIGHWAYS,MoRTH,WEST BENGAL,2018-02-01,2020-09-01,2020-09-01,426.18,426.18,231.04,,426.18,,0(O),0/0,consolidated,149
2020-04-01,N24000882,1547,UPGRADATION OF NH-512 WITH A MINIMUM 2-LANE WITH PAVED SHOULDER CONFIGURATION STARTING FROM CH 82.4,ROAD TRANSPORT AND HIGHWAYS,MoRTH,WEST BENGAL,2018-02-01,2020-11-01,2020-11-01,218.7,218.7,61.57,,218.7,,0(O),0/0,consolidated,149
2020-04-01,N24000883,1548,DEVELOPMENT OF 4-LANING SECTION OF NH-31 FROM KM 551.36 (GHOSHPUKUR) TO KM 563.26 (BIHAR MORE BAGDO,ROAD TRANSPORT AND HIGHWAYS,MoRTH,WEST BENGAL,2018-03-01,2020-10-01,2020-10-01,254.3,254.3,63.43,,254.3,,0(O),0/0,consolidated,149
2020-04-01,N24000885,1549,CONSTRUCTION OF ROB AND ITS APPROACHES IN LIEU OF UNMANNED LEVEL CROSSING AT KM 303.9 ON NH-60 (PAND,ROAD TRANSPORT AND HIGHWAYS,MoRTH,WEST BENGAL,2016-03-01,2019-08-01,2021-08-01,160.27,213.97,20.11,,213.97,,24(O),0/0,consolidated,150
2020-04-01,N24000887,1550,CONSTRUCTION OF TWINS 2-LANE ROB AND ITS APPROACHES IN REPLACEMENT OF EXISTING LEVEL CROSSING GATE N,ROAD TRANSPORT AND HIGHWAYS,MoRTH,WEST BENGAL,2016-06-01,2019-08-01,2021-08-01,236.78,263.26,59.92,,263.26,,24(O),0/0,consolidated,150
2020-04-01,N24000889,1551,REHABILITATION AND UPGRADATION OF PUNDIBARI TO BAXIRHAT (WB/ASSAM BORDER) SECTION OF NH-31 FROM KM 7,ROAD TRANSPORT AND HIGHWAYS,MoRTH,WEST BENGAL,2014-04-01,2017-08-01,2019-07-01,279.7,398.52,340.03,,398.52,2019-07-01,,0/0,consolidated,150
2020-04-01,N25000072,1552,JAL MARG VIKAS PROJECT,SHIPPING AND PORTS,IWAI,MULTI STATE,2018-01-01,2023-03-01,2023-03-01,4200,5369.18,1566.99,,,,0(O),0/0,consolidated,150
2020-04-01,N26000105,1553,GSM-RF EXPANSION PROJECT MTNL DELHI (3G),TELECOMMUNICATIONS,MTNL,DELHI,2016-06-01,2017-06-01,,418.26,418.26,367.04,,,,,0/0,consolidated,150
2020-04-01,N26000113,1554,MAHARASTRA ACCESS LOT 2 GSM PHASE VIII.4 PROJECT,TELECOMMUNICATIONS,BSNL,"MAHARASHTRA, Central Sector Projects",2018-01-01,2018-10-01,2020-06-01,231.8,240.1,119.92,,240.1,2020-06-01,20(O),0/0,consolidated,150
2020-04-01,N26000101,1555,NETWORK FOR SPECTRUM,TELECOMMUNICATIONS,DOT,MULTI STATE,2012-03-01,2015-07-01,2020-05-01,13334,24664,12146,,,,58(O),0/0,consolidated,150
2020-04-01,N26000102,1556,NETWORK FOR SPECTRUM (NFS) TO CONNECT DEFENCE STATIONS ACROSS COUNTRY,TELECOMMUNICATIONS,ITI,"MULTI STATE, Central Sector Projects",2014-09-01,2014-09-01,,2111.17,2011.17,253.9,,,,,0/70,consolidated,150
2020-04-01,N26000114,1557,PHASE-I OF CONSOLIDATION OF EXISTING CDR DATA CENTERS AND NIB-P3 DATA CENTERS WITH STATE OF THE ART,TELECOMMUNICATIONS,BSNL,"MULTI STATE, Central Sector Projects",2020-03-01,2021-06-01,2021-09-01,431.16,431.16,0,,431,,3(O),0/0,consolidated,150
2020-04-01,N12000104,1558,CONSTRUCTION OF 123 BLOCKS IN TELENGANA AND 167 BLOCKS IN A.P. FOR INDOOR SPORTS HALL UNDER RGKA,URBAN DEVELOPMENT,HSCL,ANDHRA PRADESH,2014-07-01,,,232,232,0,,,,,0/0,consolidated,150
2020-04-01,N28000082,1559,REHABILITATION AND STRENGTHENING OF SEWERAGE SYSTEM IN OLD CITY AREA ON SOUTH OF MUSI IN ZONE 2,URBAN DEVELOPMENT,JNNURM,ANDHRA PRADESH,2007-08-01,,,246.9,246.9,0,,,,,0/0,consolidated,150
2020-04-01,N28000108,1560,CONSTRACTION OF NIT AP PHASE 1A AT TADEPALLIGUIDEM AP,URBAN DEVELOPMENT,CPWD,ANDHRA PRADESH,2018-01-01,2019-03-01,,206.58,206.58,185.84,,,,,7/7,consolidated,150
2020-04-01,N28000133,1561,C/O PERMANENT CAMPUS FOR NITAP UNDER PHASE 1B AT TADEPALLIGUDEM A.P.,URBAN DEVELOPMENT,CPWD,ANDHRA PRADESH,2019-02-01,2020-09-01,2020-09-01,186,186,56.61,,199,,0(O),1/7,consolidated,151
2020-04-01,N12000108,1562,IRRIGATION WORK OF BAGMATI,URBAN DEVELOPMENT,HSCL,BIHAR,2005-10-01,2015-03-01,2021-03-01,956,713,698.77,,,,72(O),0/0,consolidated,151
2020-04-01,N28000100,1563,CONSTRUCTION OF ACADEMIC AND RESIDENTIAL COMPLEX UNDER PHASE-II FOR THE CAMPUS OF IIT PATNA,URBAN DEVELOPMENT,CPWD,BIHAR,2016-02-01,2017-06-01,2021-03-01,496.18,498.99,142.31,,496,,45(O),1/6,consolidated,151
2020-04-01,N28000056,1564,DELHI MRTS PHASE-III,URBAN DEVELOPMENT,DMRC,DELHI,2011-09-01,2016-03-01,,38585,38585,34763,,,,,0/0,consolidated,151
2020-04-01,N28000071,1565,ESTABLISHMENT OF CENTRAL ARMED POLICE FORCE INSTITUTE OF MEDICAL SCIENCES(CAPFIMS) AT NEW DELHI,URBAN DEVELOPMENT,CPWD,DELHI,2013-10-01,2019-10-01,2021-03-01,1219.21,2000,460.53,,,,17(O),0/7,consolidated,151
2020-04-01,N28000079,1566,CONSTRUCTION OF ADDITIONAL COMPLEX FOR THE SUPREME COURT OF INDIA AT LAND ADJOINING PRAGATI MAIDAN,URBAN DEVELOPMENT,CPWD,DELHI,2012-07-01,2015-12-01,,884.3,884.3,746.48,,,,,0/0,consolidated,151
2020-04-01,N28000080,1567,REDEVELOPMENT OF EAST KIDWAI NAGAR,URBAN DEVELOPMENT,NBCC,DELHI,2012-06-01,2019-11-01,2020-09-01,4264,4720.73,4589.8,,4720.73,2020-05-01,10(O),3/7,consolidated,151
2020-04-01,N28000087,1568,CONSTRUCTION OF 108 NOS. GPRA TYPE-VII FLATS IN POCKET-I AT DEEN DAYAL UPADHYAYA MARG NEW DELHI,URBAN DEVELOPMENT,CPWD,DELHI,2015-06-01,2019-04-01,2020-12-01,197.33,197.33,67.43,,,,20(O),1/2,consolidated,151
2020-04-01,N28000105,1569,REDEVELOPMENT OF GPRA COLONY AT NAUROJI NAGAR,URBAN DEVELOPMENT,NBCC,DELHI,2016-07-01,,,2694,2694,0,,,,,0/0,consolidated,151
2020-04-01,N28000106,1570,RE-DEVELOPMENT OF GOVT. OF INDIA PRESS MINTO ROAD NEW DELHI (SH: CONSTRUCTION OF NEW BUILDING (2 B,URBAN DEVELOPMENT,CPWD,DELHI,2017-11-01,2020-05-01,2020-09-01,238.56,238.56,63.67,,,,4(O),1/2,consolidated,151
2020-04-01,N28000110,1571,REDEVELOPMENT OF GPRA AT MOHAMMADPUR,URBAN DEVELOPMENT,CPWD,DELHI,2016-10-01,,2020-12-01,422,422,15.11,,,,,0/0,consolidated,151
2020-04-01,N28000114,1572,REDEVELOPMENT OF GENERAL POOL RESIDENTIAL COLONY AT THYAGRAJ NAGAR NEW DELHI- CONSTRUCTION OF 380 N,URBAN DEVELOPMENT,CPWD,DELHI,2016-10-01,,2021-03-01,392,392,22.94,,,,,0/0,consolidated,151
2020-04-01,N28000115,1573,SETTING UP PHYSICAL INFRASTRUCTURE FOR THE NATIONAL INSTITUTE OF COMMUNICATION FINANCE(NICF) AT GHIT,URBAN DEVELOPMENT,CPWD,DELHI,2016-10-01,2018-04-01,2020-08-01,248.2,248.2,52.95,,,,28(O),0/0,consolidated,151
2020-04-01,N28000118,1574,CONSTRUCTION OF ATAL AKSHAY URJA BHAWAN CGO COMPLEX LODHI ROAD NEW DELHI,URBAN DEVELOPMENT,CPWD,DELHI,2017-10-01,2019-11-01,2020-08-01,271.9,271.9,83.09,,,,9(O),0/0,consolidated,151
2020-04-01,N28000123,1575,CONSTRUCTION OF 76 NOS MS FLATS FOR HONORABLE MPS OF LOK SABHA AT DR BD MARG NEW DELHI,URBAN DEVELOPMENT,CPWD,DELHI,2017-07-01,2020-07-01,2020-11-01,218.72,218.72,98.55,,,,0,0/2,consolidated,151
2020-04-01,N28000128,1576,REDEVELOPMENT OF GENERAL POOL RESIDENTIAL COLONY AT SRINIWASPURI NEW DELHI PHASE-I,URBAN DEVELOPMENT,CPWD,DELHI,2016-10-01,2021-07-01,2021-07-01,1180,1100.8,9.96,,,,0(O),0/0,consolidated,151
2020-04-01,N28000129,1577,REDEVELOPMENT OF GPRA AT KASTURBA NAGAR PHASE I,URBAN DEVELOPMENT,CPWD,DELHI,2016-10-01,2022-03-01,2022-03-01,1128,1128,1.52,,,,0(O),0/0,consolidated,151
2020-04-01,N28000132,1578,CONSTRUCTION OF GRAMEEN VIKAS BHAWAN (2BASEMENTS+ GROUND+9 FLOORS) FOR MINISTRY OF RURAL DEVELOPMENT,URBAN DEVELOPMENT,CPWD,DELHI,2018-11-01,2021-07-01,2021-07-01,361.6,361.6,12.44,,,,0(O),0/2,consolidated,151
2020-04-01,N28000135,1579,DELHI METRO PHASE IV THREE PRIORITY CORRIDORS,URBAN DEVELOPMENT,DMRC,DELHI,2019-07-01,2025-03-01,2025-03-01,24948.65,24948.65,162.46,,84,,0(O),0/0,consolidated,151
2020-04-01,N28000136,1580,DELHI METRO RAIL EXTENSION FROM NAJAFGARH TO DHANSA BUS STAND,URBAN DEVELOPMENT,DMRC,DELHI,2017-05-01,2020-12-01,2020-12-01,565,565,443.39,,,,0(O),0/0,consolidated,152
2020-04-01,N28000122,1581,AHMEDABAD METRO RAIL PROJECT PHASE 1,URBAN DEVELOPMENT,MEGA,GUJARAT,2014-11-01,2018-12-01,2020-07-01,10773,10773,6863.68,,,,19(O),0/0,consolidated,152
2020-04-01,N28000137,1582,AHMEDABAD METRO RAIL PROJECT PHASE II,URBAN DEVELOPMENT,MEGA,GUJARAT,2019-03-01,2024-03-01,2024-03-01,5384.17,5384.17,5.45,,,,0(O),0/0,consolidated,152
2020-04-01,N28000138,1583,SURAT METRO RAIL PROJECT,URBAN DEVELOPMENT,MEGA,GUJARAT,2019-03-01,2024-03-01,2024-03-01,12020.32,12020.32,6.03,,,,0(O),0/0,consolidated,152
2020-04-01,N28000065,1584,DIFFERENT BUILDINGS UNDER PHASE 1 NORTH FOR IIT MANDI AT KAMAND,URBAN DEVELOPMENT,CPWD,HIMACHAL PRADESH,2012-11-01,2014-11-01,2020-05-01,270.83,270.83,199.91,,,,66(O),2/8,consolidated,152
2020-04-01,N28000127,1585,CONSTRUCTION OF 300 BEDDED HOSPITAL AND TEACHING BLOCK IN DR YS PARMAR GMC AT NAHAN HIMACHAL PRADESH,URBAN DEVELOPMENT,CPWD,HIMACHAL PRADESH,2018-12-01,2021-06-01,2021-09-01,260,260,12.5,,,,3(O),0/0,consolidated,152
2020-04-01,N28000130,1586,CONSTRUCTION OF PERMANENT CAMPUS OF IIM JAMMU (PHASE 1),URBAN DEVELOPMENT,CPWD,JAMMU AND KASHMIR,2019-03-01,,,329,329,0,,,,,0/0,consolidated,152
2020-04-01,N28000131,1587,CONSTRUCTION OF PERMANENT CAMPUS IIT JAMMU (PHASE 1C),URBAN DEVELOPMENT,CPWD,JAMMU AND KASHMIR,2018-01-01,,,676,676,0,,,,,0/0,consolidated,152
2020-04-01,N12000109,1588,CONSTRUCTION OF RURAL ROADS WITH FIVE YEAR MAINTEINANCE UNDER PMGSY-JHARKHAND,URBAN DEVELOPMENT,HSCL,JHARKHAND,2007-12-01,2016-06-01,,253.92,253.92,193.97,,253.92,,,0/0,consolidated,152
2020-04-01,N12000110,1589,CONSTRUCTION OF ROAD AND BRIDGE IN GIRIDHI KODERMA HAZARIBAG RAMGARH AND CHATRA DISTRICT,URBAN DEVELOPMENT,HSCL,JHARKHAND,2007-12-01,2018-03-01,,200,200,131.15,,,,,0/0,consolidated,152
2020-04-01,N12000111,1590,CONSTRUCTION OF RURAL ROAD DEVELOPMENT AUTHORITY UNDER PHASE-XII,URBAN DEVELOPMENT,HSCL,JHARKHAND,2014-02-01,2016-12-01,,787.29,787.29,285.3,,,,,0/0,consolidated,152
2020-04-01,N12000112,1591,CONSTRUCTION OF ROAD AND BRIDGE UNDER PMGSY,URBAN DEVELOPMENT,HSCL,JHARKHAND,2013-04-01,2018-04-01,,170,170,88.91,,,,,0/0,consolidated,152
2020-04-01,N28000067,1592,2000 BOYS HOSTEL(1000 DOUBLE BEDDED ROOM) AT ISM DHANBAD,URBAN DEVELOPMENT,CPWD,JHARKHAND,2012-09-01,2016-03-01,2020-09-01,171.86,171.86,97.7,,,,54(O),1/6,consolidated,152
2020-04-01,N12000101,1593,CONSTRUCTION OF MEDICAL COLLEGE AND HOSPITAL AT GULBARGA,URBAN DEVELOPMENT,HSCL,KARNATAKA,2005-05-01,2014-02-01,2016-08-01,768.88,1125.98,1125.98,,1070.97,,,0/0,consolidated,152
2020-04-01,N12000102,1594,CONSTRUCTION OF PARAMEDICAL AND ALLIED HEALTH INSTITUTE AT GULBARGA,URBAN DEVELOPMENT,HSCL,KARNATAKA,2011-07-01,2015-12-01,2017-06-01,324.87,270.24,270.24,,324.87,,,0/0,consolidated,152
2020-04-01,N28000058,1595,BANGALORE METRO RAIL PROJECT PHASE-2,URBAN DEVELOPMENT,BMRCL,KARNATAKA,2014-02-01,2019-02-01,,26405.14,26405.14,499.85,,,,,0/0,consolidated,152
2020-04-01,N28000103,1596,RESIDENTIAL QUATERS FOR HAL BANGLORE,URBAN DEVELOPMENT,CPWD,KARNATAKA,2016-12-01,2020-02-01,2020-09-01,246.31,246.31,100.45,,,,7(O),4/10,consolidated,152
2020-04-01,N28000075,1597,CONSTRUCTION OF MEGA HOSTEL II FOR NIT CALICUT KERALA,URBAN DEVELOPMENT,CPWD,KERALA,2010-01-01,2012-10-01,2020-03-01,165.23,165.23,110.11,,,,,1/8,consolidated,152
2020-04-01,N28000081,1598,KOCHI METRO RAIL PROJECT,URBAN DEVELOPMENT,KMRCL,KERALA,2012-07-01,2017-07-01,2020-05-01,5181.79,6218.14,5877.89,,,,34(O),0/0,consolidated,152
2020-04-01,N28000112,1599,C/O NEW HOSPITAL BLOCK FOR SREE CHITRA TIRUNAL INSTITIUTE OF MEDICAL SCIENCE AND TECHNOLOGY (SCTIMST,URBAN DEVELOPMENT,CPWD,KERALA,2017-09-01,2020-03-01,2021-03-01,150.29,150.29,24.34,,,,12(O),2/7,consolidated,152
2020-04-01,N28000140,1600,C/O PERMANENT CAMPUS OF IIT PALAKKAD PHASE IA AT PUDESSERY VILLAGE KANJIKODE WEST DISTRICT PALAKKA,URBAN DEVELOPMENT,CPWD,"KERALA, Central Sector Projects",2019-07-01,2021-03-01,2022-06-01,753.63,753.63,32,,,,15(O),0/0,consolidated,153
2020-04-01,N28000124,1601,BHOPAL METRO RAIL,URBAN DEVELOPMENT,MPMRCL,MADHYA PRADESH,2018-11-01,2023-02-01,2023-02-01,6941.4,6941.4,65.95,,,,0(O),0/0,consolidated,153
2020-04-01,N28000125,1602,INDORE METRO RAIL,URBAN DEVELOPMENT,MPMRCL,MADHYA PRADESH,2018-11-01,2023-02-01,2023-02-01,7500.8,7500.8,59.12,,,,0(O),0/0,consolidated,153
2020-04-01,N28000085,1603,NAGPUR METRO RAIL,URBAN DEVELOPMENT,NMRCL,MAHARASHTRA,2014-08-01,2018-03-01,2019-12-01,8680,8680,7008.6,,,,,0/0,consolidated,153
2020-04-01,N28000086,1604,MUMBAI METRO LINE 3 (COLABA-BANDRA-SEEPZ),URBAN DEVELOPMENT,MMRCL,MAHARASHTRA,2013-07-01,2015-01-01,2020-05-01,23136,23136,0,,,,64(O),0/0,consolidated,153
2020-04-01,N28000117,1605,CONSTRUCTION OF IITB RESEARCH PARK AT IIT BOMBAY POWAI MUMBAI,URBAN DEVELOPMENT,CPWD,MAHARASHTRA,2018-01-01,2020-07-01,2021-06-01,223.37,223.37,56,,,2020-12-01,11(O),4/14,consolidated,153
2020-04-01,N28000121,1606,PUNE METRO RAIL PROJECT (PHASE 1),URBAN DEVELOPMENT,MMRC,MAHARASHTRA,2016-12-01,2021-11-01,2022-03-01,11420,11420,4225.09,,11420,2022-03-01,4(O),0/0,consolidated,153
2020-04-01,N28000092,1607,NIT ACADEMIC BUILDING AT IMPHAL MANIPUR,URBAN DEVELOPMENT,CPWD,"MANIPUR, Central Sector Projects",2014-02-01,2015-03-01,2020-10-01,216.69,216.69,52,,,,67(O),0/10,consolidated,153
2020-04-01,N12000103,1608,CONSTRUCTION OF INTERNATIONAL CENTRE FOR PERFORMING ARTS AND CULTURE SHILONG IN MEGALAYA UNDER NLCPR,URBAN DEVELOPMENT,HSCL,MEGHALAYA,2014-04-01,2017-09-01,2020-09-01,151.33,151.33,133.64,,,,36(O),0/0,consolidated,153
2020-04-01,N28000134,1609,DELHI GHAZIABAD MEERUT RRTS CORRIDOR,URBAN DEVELOPMENT,NCRTC,MULTI STATE,2019-03-01,2025-06-01,2025-06-01,30274,30274,954.71,,,,0(O),0/0,consolidated,153
2020-04-01,N28000126,1610,INDIAN INSTITUTE OF SCIENCE EDUCATION AND RESEARCH BERHAMPUR,URBAN DEVELOPMENT,CPWD,ODISHA,2019-01-01,2022-03-01,2022-06-01,790.79,790.79,57.94,,,,3(O),0/5,consolidated,153
2020-04-01,N28000139,1611,CONST OF 152 QTRS 240 BOYS 240 GIRLS 150 NURSES HOSTEL AND OTHER BUILDINGS INCLUDING DEVELOPMENT,URBAN DEVELOPMENT,CPWD,PONDICHERRY,2018-03-01,2020-09-01,2021-01-01,195,195,0,,,,4(O),0/33,consolidated,153
2020-04-01,N28000088,1612,CONSTRUCTION OF DIFFERENT BUILDINGS UNDER PHASE-I FOR IIT ROPAR AT ROPAR PUNJAB,URBAN DEVELOPMENT,CPWD,PUNJAB,2014-02-01,2017-05-01,2020-06-01,388,490,445.37,,500.18,,37(O),8/12,consolidated,153
2020-04-01,N28000102,1613,CONSTRUCTION OF VARIOUS BUILDINGS UNDER PHASE-1B FOR IIT ROPAR PUNJAB,URBAN DEVELOPMENT,CPWD,PUNJAB,2016-08-01,2019-04-01,2020-08-01,294,350.69,232.87,,350.69,,16(O),7/8,consolidated,153
2020-04-01,N28000120,1614,CONSTRUCTION OF VARIOUS BUILDINGS UNDER PHASE 1C AT IIT ROPAR PUNJAB,URBAN DEVELOPMENT,CPWD,PUNJAB,2018-01-01,2020-05-01,2021-03-01,430,387.83,134.56,,387.83,,10(O),1/5,consolidated,153
2020-04-01,N12000107,1615,CONSTRUCTION OF MEDICAL COLLEGE CAMPUS FOR 100 MBBS ADMISSION ANNUALLY AND UP- GRADATION OF GOVT. DIS,URBAN DEVELOPMENT,HSCL,RAJASTHAN,2015-05-01,2017-03-01,,189,189,112.22,,,,,0/0,consolidated,153
2020-04-01,N28000119,1616,DEVELOPMENT OF PERMANENT CAMPUS FOR IIT JODHPUR (PHASE II) AT KARWAR JODHPUR RAJASTHAN,URBAN DEVELOPMENT,CPWD,RAJASTHAN,2016-12-01,2019-07-01,2020-08-01,549.31,559.47,373.45,,559.47,2020-03-01,13(O),3/6,consolidated,153
2020-04-01,N28000084,1617,CHENNAI METRO RAIL LTD (PHASE 1),URBAN DEVELOPMENT,CMRL,TAMIL NADU,2009-02-01,2015-12-01,,14600,19058,16352.87,,,,,12/24,consolidated,153
2020-04-01,N28000089,1618,C/O OF 152 NOS TYPE-II 304 NOS TYPE-III 76 NOS TYPE-IV QTRS. FOR INCOME TAX DEPARTMENT AT CHENNAI,URBAN DEVELOPMENT,CPWD,TAMIL NADU,2015-12-01,2019-10-01,2020-07-01,209,209,205.81,,,,9(O),1/6,consolidated,153
2020-04-01,N28000097,1619,CHENNAI METRO RAIL LTD (PHASE 1 EXT),URBAN DEVELOPMENT,CMRL,TAMIL NADU,2016-06-01,2018-03-01,,3770,3770,2547.61,,,2020-06-01,,5/21,consolidated,154
2020-04-01,N28000109,1620,CONSTRUCTION OF 726 Nos RESIDENTIAL QUARTERS CHENNAI,URBAN DEVELOPMENT,CPWD,TAMIL NADU,2017-11-01,,2021-11-01,348.77,348.77,31.98,,,,,0/8,consolidated,154
2020-04-01,N28000098,1621,ESTABLISHMENT OF NATIONAL ANIMAL RESOURCE FACILITY FOR BIOMEDICAL RESEARCH AT HYDERABAD,URBAN DEVELOPMENT,CPWD,TELANGANA,2016-10-01,2020-03-01,2021-05-01,209.84,209.84,84.57,,,,14(O),1/5,consolidated,154
2020-04-01,N12000098,1622,CONSTRUCTION AND MAINTEINANCE OF RURAL ROAD UNDER PMGSY PHASE V,URBAN DEVELOPMENT,HSCL,TRIPURA,2007-03-01,2015-12-01,2020-12-01,149.73,155.66,144.95,,173,,60(O),0/0,consolidated,154
2020-04-01,N12000099,1623,CONSTRUCTION AND MAINTEINANCE OF RURAL ROAD UNDER PMGSY PHASE VI,URBAN DEVELOPMENT,HSCL,TRIPURA,2007-12-01,2016-12-01,2020-12-01,202.61,207.12,189.62,,227,,48(O),0/0,consolidated,154
2020-04-01,N12000100,1624,CONSTRUCTION AND MAINTEINANCE OF RURAL ROAD UNDER PMGSY PHASE VIII,URBAN DEVELOPMENT,HSCL,TRIPURA,2011-10-01,2016-12-01,2020-12-01,175.49,175.49,124.87,,206.71,,48(O),0/0,consolidated,154
2020-04-01,N28000094,1625,LUCKNOW METRO RAIL CORPORATION LTD,URBAN DEVELOPMENT,LMRCL,UTTAR PRADESH,2016-01-01,2019-03-01,,6928,6928,2536.77,,6928,,,0/0,consolidated,154
2020-04-01,N28000111,1626,CONSTRUCTION OF ENGINEERING CORE LAB FOR IIT KANPUR,URBAN DEVELOPMENT,CPWD,UTTAR PRADESH,2017-11-01,2020-03-01,,171.72,171.72,45,,,,,0/0,consolidated,154
2020-04-01,N28000101,1627,CONSTRUCTION OF ITBP ROAD TO INDO-CHINA BORDER FROM NYU SOBLA SELA TO TEDANG IN THE STATE OF UTTARA,URBAN DEVELOPMENT,CPWD,UTTARAKHAND,2008-12-01,2013-12-01,,114.26,266,0,,266,,,0/0,consolidated,154
2020-04-01,N12000114,1628,CONSTRUCTION OF WORKSHOPS AND BUILDINGS FOR 24 NOS NEW INDUSTRIAL TRAINING INSTITUTES(ITI) WEST BENG,URBAN DEVELOPMENT,HSCL,"WEST BENGAL, Central Sector Projects",2012-08-01,2016-03-01,,185.37,185.37,178.3,,,,,0/0,consolidated,154
2020-04-01,N28000062,1629,CONSTRUCTION OF PERMANENT CAMPUS OF IISER KOLKATA AT HARINGHANTA KALYANI NADIA,URBAN DEVELOPMENT,CPWD,WEST BENGAL,2014-02-01,2016-08-01,,156.57,156.57,159.35,,,,,16/16,consolidated,154
2020-04-01,N28000104,1630,NSG AT KOLKATA,URBAN DEVELOPMENT,CPWD,"WEST BENGAL, Central Sector Projects",2014-10-01,2018-04-01,2020-06-01,162.88,162.88,159.32,,,,26(O),5/6,consolidated,154
2020-04-01,N30000002,1631,POLAVARAM IRRIGATION PROJECT,WATER RESOURCES,PPA,"ANDHRA PRADESH, National Project",2009-02-01,2020-03-01,2021-12-01,10151.04,55548.87,32535.8,,,,21(O),0/19,consolidated,154
2020-04-01,N30000026,1632,SEWER NETWORK SPS AND STP BEGUSARAI,WATER RESOURCES,BUIDCO,BIHAR,2018-03-01,2021-07-01,2021-07-01,230.06,230.06,0,,,,0(O),0/0,consolidated,154
2020-04-01,N30000027,1633,I AND D AND STP WORKS FOR BHAGALPUR,WATER RESOURCES,BUIDCO,BIHAR,2017-10-01,2020-09-01,2020-09-01,254.13,254.13,0.05,,,,0(O),0/0,consolidated,154
2020-04-01,N30000028,1634,I AND D AND STP AT CHAPPRA,WATER RESOURCES,BUIDCO,BIHAR,2018-11-01,2020-12-01,2020-12-01,236.15,236.15,0.06,,,,0(O),0/0,consolidated,154
2020-04-01,N30000035,1635,SEWER NETWORKS SPS AND STP HAJIPUR,WATER RESOURCES,BUIDCO,BIHAR,2018-03-01,2021-08-01,2021-08-01,305.19,305.19,0,,,,0(O),0/0,consolidated,154
2020-04-01,N30000036,1636,SEWER NETWORKS SPS AND STP MUNGER,WATER RESOURCES,BUIDCO,BIHAR,2018-03-01,2021-10-01,2021-10-01,294.02,294.02,0,,,,0(O),0/0,consolidated,154
2020-04-01,N30000037,1637,SEWERAGE SYSTEM WITH SEWER NETWORK PATNA BEUR,WATER RESOURCES,BUIDCO,BIHAR,2014-12-01,2020-03-01,,225.77,225.77,183.57,,87,,,0/0,consolidated,154
2020-04-01,N30000038,1638,SAIDPUR STP AND ADJOINING NETWORK FOR PATNA BIHAR,WATER RESOURCES,BUIDCO,BIHAR,2015-04-01,2020-04-01,2020-04-01,184.93,184.93,163.36,,,,0(O),0/0,consolidated,155
2020-04-01,N30000039,1639,SAIDPUR SEWER NETWORK PATNA,WATER RESOURCES,BUIDCO,BIHAR,2015-04-01,2021-01-01,2021-01-01,268.63,268.63,192.8,,,,0(O),0/0,consolidated,155
2020-04-01,N30000040,1640,SEWERAGE SCHEME AT PAHARI ZONE V PATNA,WATER RESOURCES,BUIDCO,BIHAR,2017-05-01,2021-04-01,2021-04-01,356.37,356.37,66.44,,,,0(O),0/0,consolidated,155
2020-04-01,N30000041,1641,SEWERAGE SCHEME AT PAHARI ZONE IVA S PATNA,WATER RESOURCES,BUIDCO,BIHAR,2017-05-01,2021-05-01,2021-05-01,184.86,184.86,103.13,,,,0(O),0/0,consolidated,155
2020-04-01,N30000043,1642,SEWERAGE TREATMENT PLANT AT PAHARI PATNA,WATER RESOURCES,BUIDCO,BIHAR,2017-05-01,2020-11-01,2020-11-01,191.62,191.62,37.7,,,,0(O),0/0,consolidated,155
2020-04-01,N30000044,1643,SEWERAGE SYSTEM WITH SEWER NETWORK PATNA KARMALICHAK,WATER RESOURCES,BUIDCO,BIHAR,2017-03-01,2021-05-01,2021-05-01,277.42,277.42,85.87,,,,0(O),0/0,consolidated,155
2020-04-01,N30000050,1644,SEWERAGE SYSTEM AND STP FOR KANKARBAG ZONE PATNA,WATER RESOURCES,BUIDCO,BIHAR,2017-08-01,2022-06-01,2022-06-01,578.89,578.89,0.29,,,,0(O),0/0,consolidated,155
2020-04-01,N30000051,1645,SEWERAGE SYSTEM AND STP FOR DIGHA ZONE PATNA,WATER RESOURCES,BUIDCO,BIHAR,2017-08-01,2022-06-01,2022-06-01,824,824,0.41,,,,0(O),0/0,consolidated,155
2020-04-01,N30000014,1646,CONSTRUCTION OF 564 MLD 124 MGD WASTE WATER TREATMENT PLANT WITH EFFLUENT STANDARDS OF BOD – 10MG/L,WATER RESOURCES,DJB,DELHI,2017-03-01,2022-12-01,2022-12-01,665.78,665.78,94.4,,,,0(O),0/0,consolidated,155
2020-04-01,N30000015,1647,REHABILITATION AND UP-GRADATION OF PHASE I STP 182 MLD R2,WATER RESOURCES,DJB,DELHI,2016-05-01,2021-12-01,2021-12-01,211.79,211.79,39.14,,,,0(O),0/0,consolidated,155
2020-04-01,N30000016,1648,REHABILITATION AND UPGRADATION OF KONDLI PHASE I STP 45 MLD PHASE II STP 114 MLD AND PHASE III S,WATER RESOURCES,DJB,DELHI,2016-05-01,2022-02-01,2022-02-01,239.11,239.11,42.77,,,,0(O),0/0,consolidated,155
2020-04-01,N30000017,1649,CONSTRUCTION OF 318 MLD WWTP WITH 10 YEARS O AND M AT CORONATION PILLAR DELHI,WATER RESOURCES,DJB,DELHI,2018-12-01,2021-01-01,2021-01-01,515.07,515.07,246.01,,,,0(O),0/0,consolidated,155
2020-04-01,N30000018,1650,7 NOS PRIORITIZED STPS 1 NO. SPS AND PERIPHERAL SEWERS IN COMMAND AREA OF NAJAFHARH DRAIN DHANSA TO,WATER RESOURCES,DJB,DELHI,2017-05-01,2020-05-01,2020-05-01,344.81,344.81,0,,,,0(O),0/0,consolidated,155
2020-04-01,N30000001,1651,PROTECTION OF MAJULI ISLAND FROM FLOOD AND EROSION OF RIVER BRAHMAPUTRA,WATER RESOURCES,BPB,MAHARASHTRA,2017-03-01,2019-12-01,,233.57,233.57,32.2,,,,,0/0,consolidated,155
2020-04-01,N30000006,1652,INTERCEPTION DIVERSION AND TREATMENT WORKS FOR NAINI DISTRICT G PHAPHAMAU DISTRICT F AND JHUSI AREA,WATER RESOURCES,UPJalNigam,UTTAR PRADESH,2017-05-01,2021-09-01,2021-09-01,767.59,767.59,0.01,,,,0(O),0/0,consolidated,155
2020-04-01,N30000007,1653,INTEGRATED PROJECT FOR DEVELOPMENT OF STPS IN ALLAHABAD ALONG WITH EXISTING ASSETS,WATER RESOURCES,UPJalNigam,UTTAR PRADESH,2018-03-01,2021-09-01,2021-09-01,904,904,0,,,,0(O),0/0,consolidated,155
2020-04-01,N30000008,1654,FARRUKHABAD I AND D AND STP WORKS HAM,WATER RESOURCES,UPJalNigam,UTTAR PRADESH,2017-10-01,2022-03-01,2022-03-01,213.62,213.62,0,,,,0(O),0/0,consolidated,155
2020-04-01,N30000009,1655,SEWERAGE WORKS IN SEWERAGE DISTRICT I OF KANPUR,WATER RESOURCES,UPJalNigam,UTTAR PRADESH,2016-10-01,2020-08-01,2020-08-01,370.4,370.4,268.59,,,,0(O),0/0,consolidated,155
2020-04-01,N30000010,1656,STP AT PANKHA KANPUR AND INTEGRATION WITH EXISTING STPS,WATER RESOURCES,UPJalNigam,UTTAR PRADESH,2018-03-01,2021-09-01,2021-09-01,967.23,967.23,0,,,,0(O),0/0,consolidated,155
2020-04-01,N30000011,1657,SEWAGE TREATMENT PLANT FOR ASSI-BHU SEWERAGE DISTRICT AT RAMANA,WATER RESOURCES,UPJalNigam,UTTAR PRADESH,2017-02-01,2019-11-01,,161.31,161.31,37.6,,,,,0/0,consolidated,155
2020-04-01,N30000012,1658,REHABILITATION RENOVATION OF AGRA SEWERAGE SCHEME INTERCEPTION AND DIVERSION WORKS IN AGRA UTTAR PR,WATER RESOURCES,UPJalNigam,UTTAR PRADESH,2018-12-01,2021-08-01,2021-08-01,857.26,857.26,0,,,,0(O),0/0,consolidated,156
2020-04-01,N30000013,1659,INTERCEPTION AND DIVERSION WORKS WITH STP AT BAREILLY UTTAR PRADESH,WATER RESOURCES,UPJalNigam,UTTAR PRADESH,2019-03-01,2021-08-01,2021-08-01,271.39,271.39,0,,,,0(O),0/0,consolidated,156
2020-04-01,N30000019,1660,MATHURA SEWERAGE SCHEME,WATER RESOURCES,UPJalNigam,UTTAR PRADESH,2017-12-01,2020-12-01,2020-12-01,460.45,460.45,56.83,,,,0(O),0/0,consolidated,156
2020-04-01,N30000020,1661,SEWERAGE SYSTEM AND STP WORKS PHASE I AT MORADABAD RAMGANGA,WATER RESOURCES,UPJalNigam,UTTAR PRADESH,2011-02-01,2019-12-01,,279.91,279.91,199.59,,,,,0/0,consolidated,156
2020-04-01,N30000021,1662,INTERCEPTION AND DIVERSION WORKS AND STP AT MUZAFFARNAGAR UTTAR PRADESH,WATER RESOURCES,UPJalNigam,UTTAR PRADESH,2019-01-01,2021-12-01,2021-12-01,231.79,231.79,0,,,,0(O),0/0,consolidated,156
2020-04-01,N30000022,1663,INTERCEPTION AND DIVERSION WORKS AND SEWAGE TREATMENT PLANT AT JAUNPUR UTTAR PRADESH,WATER RESOURCES,UPJalNigam,UTTAR PRADESH,2019-01-01,2021-10-01,2021-10-01,206.05,206.05,1.57,,,,0(O),0/0,consolidated,156
2020-04-01,N30000023,1664,SEWERAGE SCHEME INTERCEPTION AND DIVERSION WORKS AT AGRA,WATER RESOURCES,UPJalNigam,UTTAR PRADESH,2019-02-01,2021-08-01,2021-08-01,317.19,317.19,0,,,,0(O),0/0,consolidated,156
2020-04-01,N30000024,1665,SEWERAGE SCHEME INTERCEPTION AND DIVERSION WITH STP WORKS AT MEERUT UTTAR PRADESH,WATER RESOURCES,UPJalNigam,UTTAR PRADESH,2019-02-01,2022-06-01,2022-06-01,681.78,681.78,0,,,,0(O),0/0,consolidated,156
2020-04-01,N30000025,1666,INTERCEPTION AND DIVERSION WORKS WITH STP AT LUCKNOW UTTAR PRADESH,WATER RESOURCES,UPJalNigam,UTTAR PRADESH,2019-03-01,2021-07-01,2021-07-01,298.12,298.12,0,,,,0(O),0/0,consolidated,156
2020-04-01,N30000003,1667,SEWAGE TREATMENT PLANT AT JAGJEETPUR AND SARAI,WATER RESOURCES,UKJalNigam,UTTARAKHAND,2017-03-01,2019-08-01,,273.37,273.37,53.19,,,,,0/0,consolidated,156
2020-04-01,N30000004,1668,INTERCEPTION AND DIVERSION (I&D)WITH STP AT RISHIKESH,WATER RESOURCES,UKJalNigam,UTTARAKHAND,2017-03-01,2019-11-01,,158,158,0,,,,,0/0,consolidated,156
2020-04-01,N30000029,1669,DETAILED PROJECT REPORT FOR I AND D SEWERAGE SYSTEM AND STP FOR ASANSOL AND KULTI TOWNS,WATER RESOURCES,KMDA,WEST BENGAL,2019-01-01,2022-04-01,2022-04-01,384.96,384.96,0,,,,0(O),0/0,consolidated,156
2020-04-01,N30000030,1670,INTERCEPTION AND DIVERSION WORKS WITH STP FOR DRAINS FALLING IN RIVER DAMODAR AT DURGAPURL,WATER RESOURCES,KMDA,WEST BENGAL,2019-03-01,2022-04-01,2022-04-01,287.53,287.53,0,,,,0(O),0/0,consolidated,156
2020-04-01,N30000031,1671,I AND D AND STP WORKS AT BURDWAN WEST BENGAL,WATER RESOURCES,KMDA,WEST BENGAL,2018-12-01,2022-04-01,2022-04-01,234.31,234.31,0,,,,0(O),0/0,consolidated,156
2020-04-01,N30000032,1672,INTERCEPTION AND DIVERSION WITH STP AT MAHESHTALA,WATER RESOURCES,KMDA,WEST BENGAL,2018-05-01,2022-02-01,2022-02-01,198.43,198.43,0,,,,0(O),0/0,consolidated,156
2020-04-01,N30000033,1673,INTEGRATION OF STPS WITH REHABILITATION AND O AND M OF EXISTING ASSETS,WATER RESOURCES,KMDA,WEST BENGAL,2018-03-01,2022-06-01,2022-06-01,165.16,165.16,0,,,,0(O),0/0,consolidated,156
2020-04-01,N30000034,1674,INTERCEPTION DIVERSION TREATMENT WORKS AT TOLLYS NULLAH ADI GANGA,WATER RESOURCES,KMDA,WEST BENGAL,2017-08-01,2022-09-01,2022-09-01,307.12,307.12,0,,,,0(O),0/0,consolidated,156
2020-04-01,N30000042,1675,INTERCEPTION AND DIVERSION WITH STP AT HUGHLY-CHINSURAH,WATER RESOURCES,KMDA,WEST BENGAL,2018-05-01,2022-02-01,2022-02-01,160,160,0,,,,0(O),0/0,consolidated,156
2020-04-01,N30000045,1676,INTERCEPTION DIVERSION AND TREATMENT WORKS AT HOWRAH,WATER RESOURCES,KMDA,WEST BENGAL,2017-08-01,2021-12-01,2021-12-01,185.22,185.22,0,,,,0(O),0/0,consolidated,157
2020-04-01,N30000046,1677,SEWERAGE SYSTEM AND STP WORKS AT HALISHAHR,WATER RESOURCES,KMDA,WEST BENGAL,2014-02-01,2019-12-01,,274.76,274.76,171.8,,,,,0/0,consolidated,157
2020-04-01,N30000047,1678,SEWERAGE SYSTEM WITH SEWER NETWORK AT BARRACKPORE,WATER RESOURCES,KMDA,WEST BENGAL,2014-12-01,2020-04-01,2020-04-01,272.32,272.32,191.36,,,,0(O),0/0,consolidated,157
2020-04-01,N30000048,1679,INTERCEPTION DIVERSION AND TREATMENT WORKS AT BARANAGAR AND KAMARAHATI,WATER RESOURCES,KMDA,WEST BENGAL,2018-01-01,2021-12-01,2021-12-01,172.1,172.1,0,,,,0(O),0/0,consolidated,157
2020-04-01,N30000049,1680,INTERCEPTION AND DIVERSION WITH STP AT BALLY,WATER RESOURCES,KMDA,WEST BENGAL,2017-10-01,2021-12-01,2021-12-01,164.93,164.93,0,,,,0(O),0/0,consolidated,157
2020-04-01,N40000002,1681,INDIA INTERNATIONAL CONVENTION AND EXPO CENTRE,COMMERCE AND INDUSTRY,IICC,DELHI,2017-11-01,2019-12-01,2020-09-01,4773,5178,1309.65,,,,9(O),0/0,consolidated,157
2020-04-01,N40000001,1682,DELHI MUMBAI INDUSTRIAL CORRIDOR,COMMERCE AND INDUSTRY,DMIC,MULTI STATE,2011-09-01,2019-09-01,2020-09-01,12579.09,12579.09,778.93,,,,12(O),0/0,consolidated,157
