report_month,ocms_code,sl_no,project_name,sector,agency,state_raw,approval_month,original_doc_month,revised_doc_month,original_cost_cr,revised_cost_cr,cumulative_expenditure_cr,physical_progress_pct,latest_approved_cost_cr,approved_revised_doc_month,delay_months_reported,milestones,annexure,source_page
2021-04-01,020100044,1,"PROTOTYPE FAST BREEDER REACTOR (BHAVINI, 500 MWE)",Bhavini Limited,BHAVNI,TAMIL NADU Nuclear Power Corporation Of India Limited,2003-09-01,2010-09-01,2022-10-01,3492,6840,5935.96,,5677,2016-09-01,,,delayed,332
2021-04-01,N04000086,1,"CO CIVIL AVIATION REASEARCH ORG. (PH-II) AT BEGUMPET AIRPORT, HYDRABAD",Airport Authority Of India Limited,,,2020-05-01,2022-05-01,2022-05-01,353.61,353.61,61.13,,,,,,on_schedule,306
2021-04-01,N06000127,1,PATHERDIH NLW WASHERY,Bharat Coking Coal Limited,BCCL,JHARKHAND,2012-10-01,2014-04-01,2020-04-01,269.82,,,,,,,,without_doc,207
2021-04-01,N06000173,1,SRP OC-II EXPANSION PROJECT,Singareni Colliers Company Limitted,SCCL,TELANGANA,2016-11-01,,2022-03-01,272.73,272.73,153.75,,,,,2/6,without_original_doc,199
2021-04-01,N02000010,2,KAKRAPAR ATOMIC POWER PROJECT - 3 AND 4,Bhavini Limited,NPCIL,GUJARAT,2009-10-01,2015-12-01,2022-02-01,11459,16580,16488,,,,,,delayed,332
2021-04-01,N04000088,2,"C/O NEW GREENFIELD AIRPORT AT HISSAR, RAJKOT, GUJARAT",Airport Authority Of India Limited,,,2018-01-01,2022-08-01,2022-08-01,1405,1405,250.63,,,,,,on_schedule,306
2021-04-01,N06000106,2,NORTH TISRA AND SOUTH TISRA EXPANSION OCP (6MTY),Bharat Coking Coal Limited,BCCL,JHARKHAND Eastern Coal Fields Limited,2014-02-01,2021-03-01,,555.52,,,,,,,,without_doc,207
2021-04-01,N16000318,2,LPG BP PROJECT JODHPUR,Indian Oil Corporation Limited,IOCL,RAJASTHAN,2018-03-01,2022-05-01,2022-05-01,229.8,229.8,81.48,,,,0(R3),17/26,without_original_doc,199
2021-04-01,N02000027,3,RAJASTHAN ATOMIC POWER PROJECT -7 AND 8 (2X700 MW),Bhavini Limited,NPCIL,RAJASTHAN,2009-10-01,2016-12-01,2023-03-01,12320,17079,13206,,,,,,delayed,332
2021-04-01,N04000078,3,CONSTRUCTION OF TERMINAL BUILDING AND ASSOCIATED WORKS AT LEH AIRPORT,Airport Authority Of India Limited,,,2018-07-01,2021-09-01,2021-09-01,346.27,480.33,51.11,,,,,,on_schedule,306
2021-04-01,N06000163,3,RANIGANJ MASTER PLAN,Bharat Coking Coal Limited,ECL,WEST BENGAL Mahanadi Coal Fields Limited,2009-08-01,2019-08-01,,2661.73,,,,,,,,without_doc,207
2021-04-01,N16000336,3,"AUGMENTATION OF LPG IMPORT TERMINAL FROM 0.6 MMTPA TO 2.5 MMTPA AT KANDLA, GUJARAT",Indian Oil Corporation Limited,IOCL,GUJARAT,2018-03-01,2023-05-01,2023-05-01,588.2,730.2,77.3,,730.2,,0(R3),12/17,without_original_doc,199
2021-04-01,N02000028,4,KUDANKULAM NUCLEAR POWER PROJECT UNIT-3 and 4,Bhavini Limited,NPCIL,TAMIL NADU,2013-03-01,2020-11-01,2023-11-01,39849,39849,23925,,,,,,delayed,332
2021-04-01,N04000091,4,C/O OF NITB AND ASSOCIATED WORK AT VIJAYAWADA AIRPORT,Airport Authority Of India Limited,,,2020-04-01,2023-03-01,2023-03-01,611.8,611.8,21.25,,,,,,on_schedule,306
2021-04-01,N06000067,4,ANANTA OC EXPANSION PH-III (15.0 MTY),Bharat Coking Coal Limited,MCL,ODISHA Neyveli Lignite Corporation,2008-08-01,2012-03-01,2021-03-01,207.28,,,,,,,,without_doc,207
2021-04-01,N21000019,4,GERIATRICS BLOCK- AIIMS DLEHI,Ltd,HSCC,DELHI,2017-12-01,,2021-06-01,156.56,190.34,143.14,,,,,0/0,without_original_doc,199
2021-04-01,N28000150,4,C/O AIIMS AT AWANTIPORA (KASHMIR) JAMMU AND KASHMIR,Central Public Works Department,,,2019-03-01,2025-09-01,2024-05-01,1828,1828,,,,,,,ahead,196
2021-04-01,N04000073,5,"CONSTRUCTION OF NEW INTEGRATED TERMINAL BUILDING AT VSI AIRPORT, PORTBLAIR",Airport Authority Of India Limited,AAI,A & N ISLANDS,2013-10-01,2018-09-01,2021-06-01,417.23,707.73,379.95,,707.73,2020-09-01,NIL,,delayed,332
2021-04-01,N04000079,5,"CONSTRUCTION OF NEW INTEGRATED TERMINAL BUILDING, RECONSTRUCTION OF OLD TERMINAL BUILDING, MODIFICAT",Airport Authority Of India Limited,,,2017-03-01,2021-04-01,2021-04-01,475.39,475.39,88.11,,,,,,on_schedule,306
2021-04-01,N06000189,5,TALABIRA II AND III OCP,Bharat Coking Coal Limited,NLC,ODISHA,2017-07-01,2020-07-01,2020-04-01,2401.07,,,,,,,,without_doc,207
2021-04-01,N21000020,5,HOSPITAL AND TEACHING- AIIMS GUNTUR,Ltd,HSCC,ANDHRA PRADESH,2018-03-01,,2021-06-01,601.02,601.02,400.25,,,,,0/0,without_original_doc,199
2021-04-01,N04000084,6,CONSTRUCTION OF NEW INTEGRATED TERMINAL BUILDING AND ASSOCIATED WORKS AT AGARTALA AIRPORT,Airport Authority Of India Limited,AAI,TRIPURA,2015-09-01,2019-06-01,2021-06-01,438.28,402,366.61,,,2020-12-01,NIL,,delayed,332
2021-04-01,N06000182,6,NORTH URIMARI EXPANSION OCP,Central Coal Fields Limited,,,2019-03-01,2023-03-01,2023-03-01,1553.06,1553.06,277.47,,,,,,on_schedule,306
2021-04-01,N06000095,6,NEYVELI NEW THERMAL POWER PROJECT(2X500 MW),Bharat Coking Coal Limited,NLC,TAMIL NADU,2011-06-01,2015-12-01,2021-02-01,5907.11,,,,7980.79,,,,without_doc,207
2021-04-01,N21000023,6,HOSPITAL AND TEACHING- AIIMS NAGPUR,Ltd,HSCC,MAHARASHTRA,2018-03-01,,2021-06-01,582.99,582.99,482.32,,,,,0/0,without_original_doc,199
2021-04-01,N04000080,7,CONSTRUCTION OF ATC TOWER AND TECHNICAL BLOCK AT NSCBI AIRPORT KOLKATA,Airport Authority Of India Limited,AAI,WEST BENGAL,2016-01-01,2020-03-01,2021-12-01,458,458,135.6,,,2021-12-01,,,delayed,332
2021-04-01,N06000186,7,TETARIAKHAR EXPANSION OCP,Central Coal Fields Limited,Eastern Coal Fields Limited,,2019-11-01,2023-03-01,2023-03-01,243.52,243.52,39.79,,,,,,on_schedule,306
2021-04-01,N06000144,7,HADLA LIGNITE MINE PROJECT(1.90 MTPA),Bharat Coking Coal Limited,NLC,RAJASTHAN,2015-03-01,2019-09-01,,522.45,,,,,,,,without_doc,207
2021-04-01,N21000024,7,HOSPITAL AND TEACHING- AIIMS KALYANI,Ltd,HSCC,WEST BENGAL,2018-04-01,,2021-06-01,651.99,651.99,503.55,,,,,0/0,without_original_doc,199
2021-04-01,N16000308,7,CAPTIVE NATURAL GAS PIPELINE FROM DAHEJ TO KOYALI REFINERY,Gas Authority Of India Limited,,,2017-08-01,2021-12-01,2021-08-01,315,315,208.09,,,,,,ahead,196
2021-04-01,N04000085,8,"CONSTRUCTION OF DOMESTIC PASSENGER TERMINAL BUILDING AT DEHRADUN AIRPORT, DEHRADUN",Airport Authority Of India Limited,AAI,UTTARAKHAND,2018-07-01,2020-09-01,2021-12-01,456.86,456.86,286.85,,,,NIL,,delayed,332
2021-04-01,N06000172,8,TILABONI UG MINE,Central Coal Fields Limited,,,2019-02-01,2027-03-01,2027-03-01,916.62,916.62,0.61,,,,,,on_schedule,306
2021-04-01,N06000187,8,BARSINGSAR THERMAL POWER STATION EXTENSION,Bharat Coking Coal Limited,NLC,RAJASTHAN,2015-03-01,2020-09-01,,2112.6,,,,,,,,without_doc,207
2021-04-01,220100222,8,"KODERMA-RANCHI VIA BARKAKANA (NL),ECR",East Central Railways,ECR,JHARKHAND,1999-03-01,,2022-03-01,1033.07,3550,3567.2,,,,,0/0,without_original_doc,199
2021-04-01,N16000405,8,"SETTING UP LUBE COMPLEX AT VILLAGES AMULLAVOYAL AND VAIKKADU, CHENNAI AS RESITEMENT OF EXISTING FACI",Gas Authority Of India Limited,,,2020-10-01,2023-12-01,2023-05-01,1398,1398,80.68,,,,,,ahead,196
2021-04-01,N04000087,9,UPGRADATION OF JABALPUR AIRPORT,Airport Authority Of India Limited,AAI,MADHYA PRADESH,2016-06-01,2021-06-01,2021-12-01,412.24,412.24,195.7,,,,Diversion of Road Crossing,,delayed,332
2021-04-01,N06000170,9,NAKRAKONDA KUMARDIH B OCP,Central Coal Fields Limited,,,2018-08-01,2029-03-01,2029-03-01,502.68,502.68,12.62,,,,,,on_schedule,306
2021-04-01,N06000188,9,BITHNOK LIGNITE THERMAL POWER STATION,Bharat Coking Coal Limited,NLC,RAJASTHAN,2015-03-01,2020-09-01,,2196.3,,,,,,,,without_doc,207
2021-04-01,N22000476,9,"FATUHA-ISLAMPUR INCL. MM FOR EXTENSION OF NEW LINE FORM BIHARSHARIF-BARBIGHA, DANIYAWAN- BIHARSHARIF",East Central Railways,ECR,BIHAR,1991-04-01,,2022-03-01,329.39,1483.14,1207.52,,,,,0/0,without_original_doc,199
2021-04-01,N16000332,9,30 INCH CRUDE OIL PIPELINE IN HALDIA-BARAUNI SECTION OF PHBPL AND CONVERSION OF EXISTING 18 INCH HAL,Gas Authority Of India Limited,,,2018-03-01,2022-09-01,2022-03-01,3712,3696,1995.95,,,,,,ahead,196
2021-04-01,N04000089,10,EXT AND STR. OF EXISTING RUNWAY 08/26 AT TIRUPATI AIRPORT,Airport Authority Of India Limited,AAI,ANDHRA PRADESH,2017-08-01,2020-02-01,2021-12-01,177.1,177.1,86.01,,,2021-06-01,1. A portion of the site,,delayed,333
2021-04-01,N06000191,10,SHYAMSUNDARPUR UG INCLUDING SAPI UNIT,Central Coal Fields Limited,,,2020-04-01,2025-03-01,2025-03-01,483.65,483.65,1.82,,,,,,on_schedule,306
2021-04-01,N06000145,10,BITHNOK LIGNITE MINE PROJECT (2.25 MTPA),Bharat Coking Coal Limited,NLC,RAJASTHAN Singareni Colliers Company Limitted,2015-03-01,2019-12-01,,513.63,,,,,,,,without_doc,207
2021-04-01,220100303,10,"HAJIPUR-SUGAULI VIA VAISHALI (NL), ECR",East Central Railways,ECR,BIHAR,2003-04-01,,2023-03-01,528.65,2066.78,1560.44,,,,,0/0,without_original_doc,199
2021-04-01,N04000076,11,"CONSTRUCTION OF COMBINED OPERATIONAL OFFICES FOR DGCA, BCAS, AAIB, AERA AND AAI AT SAFDARJUNG AIRPOR",Airport Authority Of India Limited,AAI,DELHI,2016-11-01,2020-04-01,2022-03-01,303.8,303.8,167.55,,351.21,,NIL,,delayed,333
2021-04-01,N06000165,11,SIDULI MINE (OC AND UG),Central Coal Fields Limited,,,2018-05-01,2026-03-01,2026-03-01,535.18,535.18,1.39,,,,,,on_schedule,306
2021-04-01,N06000102,11,RFR OF MANUGURU OC PROJECT,Bharat Coking Coal Limited,SCCL,TELANGANA South-Eastern Coal Fields Limited,2012-11-01,2016-03-01,2021-03-01,430.45,,,,,,,,without_doc,207
2021-04-01,220100305,11,"KODERMA-TILAIYA (NL), ECR",East Central Railways,ECR,JHARKHAND,2002-04-01,,2023-03-01,459.91,1625.87,758.44,,,,,0/0,without_original_doc,200
2021-04-01,N04000083,12,CONSTRUCTION OF NEW INTEGRATED TERMINAL BUILDING AT LGBI AIRPORT GUWAHATI,Airport Authority Of India Limited,AAI,ASSAM,2016-12-01,2021-03-01,2022-03-01,1142,1232,368.37,,,2022-03-01,Transportation strike from,,delayed,333
2021-04-01,N06000169,12,CHITRA EAST (RCE) OCP,Central Coal Fields Limited,,,2018-08-01,2024-03-01,2024-03-01,513.98,513.98,121.23,,,,,,on_schedule,306
2021-04-01,N06000081,12,MANIKPUR OC EXPANSION (3.5 MTY),Bharat Coking Coal Limited,SECL,CHHATISGARH Western Coal Fields Limited,2009-12-01,2014-03-01,2021-03-01,321.5,,,,,,,,without_doc,207
2021-04-01,N22000172,12,CHHAPRA-MUZAFFARPUR (NL),East Central Railways,ECR,BIHAR,2006-04-01,,2023-03-01,378.56,1858.75,386.35,,,,,0/0,without_original_doc,200
2021-04-01,N22000359,12,PUNE-MIRAJ-LONDA (467 KM),Central Railways,Metropolitan Rapid Transport Projects,,2015-02-01,2024-03-01,2023-03-01,3627.47,3627.47,1204.21,,,,,,ahead,197
2021-04-01,N04000075,13,UPGRADATION OF PASSENGER TERMINAL BUILDING AND AIRSIDE FACILITIES AT TIRUCHIRAPALLI INTERNATIONAL AI,Airport Authority Of India Limited,AAI,TAMIL NADU,2018-08-01,2021-10-01,2022-07-01,951.28,951.28,408.94,,,,NIL,,delayed,333
2021-04-01,N06000185,13,PARASEA- BELBAID REORGANISATION UG MINE,Central Coal Fields Limited,,,2019-07-01,2027-03-01,2027-03-01,826.42,826.42,0.03,,,,,,on_schedule,306
2021-04-01,N06000131,13,AMALGAMATED PAUNI-II III OC MINE,Bharat Coking Coal Limited,WCL,MAHARASHTRA,2015-06-01,2021-03-01,2021-03-01,483.69,,,,499,,,,without_doc,207
2021-04-01,N22000177,13,ARARIA-SUPAUL (NL),East Central Railways,ECR,BIHAR,2008-04-01,,2023-03-01,1605.17,1605.17,53.52,,,,,0/0,without_original_doc,200
2021-04-01,N04000074,14,"MODERNIZATION OF CHENNAI AIRPORT PHASE II, CHENNAI",Airport Authority Of India Limited,AAI,TAMIL NADU,2018-06-01,2022-02-01,2022-08-01,2467,2467,608.22,,,,NIL,,delayed,333
2021-04-01,N06000143,14,HURA - C OC (3 MTY),Central Coal Fields Limited,Mahanadi Coal Fields Limited,,2015-10-01,2022-03-01,2022-03-01,359.69,359.69,247.51,,,,,,on_schedule,306
2021-04-01,N10000014,14,25.5 MW WIND POWER PROJECT AT KAYATHAR IN TAMILNADU,National Aluminum Company Limited (Nalco),NALCO,TAMIL NADU 2 04,2017-09-01,2019-06-01,2020-12-01,166.62,,,,163.17,2021-06-01,,,without_doc,207
2021-04-01,N22000180,14,SAKRI-NIRMALI AND JHANJHARPUR- LAUKAHABAZAR AND SAHARSA- FORBESGANJ (GC),East Central Railways,ECR,BIHAR,2004-04-01,,2023-03-01,372.14,1470.5,1288.24,,,,,0/0,without_original_doc,200
2021-04-01,N22000390,14,NEW MAYNAGURI-GUMANIHAT-DOUBLING OF REMAINING PORTION (51.65 KM),Central Railways,Rail Vikas Nigam Ltd.,,2016-04-01,2021-12-01,2021-04-01,602.27,2144.78,921.83,,,,,,ahead,197
2021-04-01,N04000077,15,"CCS INTERNATIONAL AIRPORT , LUCKNOW",Airport Authority Of India Limited,AAI,UTTAR PRADESH,2018-06-01,2021-09-01,2022-09-01,1383,1383,369.66,,,,,,delayed,333
2021-04-01,N06000171,15,REORGANISATION OF BHARATPUR OCP EXPANSION,Central Coal Fields Limited,,,2018-11-01,2029-03-01,2029-03-01,2838.87,2838.87,1236.9,,,,,,on_schedule,306
2021-04-01,N10000012,15,CONVERSION OF FLAT BOTTOM SETTLERS AND WASHERS WITH A SINGLE TRAIN OF HRDS AND DCWS IN STREAMS 1 AND,National Aluminum Company Limited (Nalco),NALCO,ODISHA,2015-12-01,2020-11-01,2021-02-01,355,,,,,,,,without_doc,208
2021-04-01,220100257,15,KHAGARIA-KUSHESHWAR ASTHAN (NL) (ECR),East Central Railways,ECR,BIHAR,1997-04-01,,2023-12-01,162.87,614.45,348.95,,,,,0/0,without_original_doc,200
2021-04-01,N22000273,15,BHANUPALI-BILASPUR BERI NL,Central Railways,,,2008-04-01,2026-12-01,2025-12-01,2966.99,6753.42,926.84,,,,,,ahead,197
2021-04-01,N04000081,16,"AIRSIDE CAPACITY ENHANCEMENT OF NSBI AIRPORT, KOLKATA",Airport Authority Of India Limited,AAI,WEST BENGAL,2019-01-01,2021-11-01,2022-10-01,389.71,389.71,140.62,,,2022-10-01,,,delayed,333
2021-04-01,N06000167,16,INTEGRATED LAKHANPUR-BELPAHAR-LILARI OCP,Central Coal Fields Limited,,,2018-05-01,2027-03-01,2027-03-01,2434.75,2434.75,181.04,,,,,,on_schedule,306
2021-04-01,N10000011,16,UTKAL D AND E COAL BLOCK,National Aluminum Company Limited (Nalco),NALCO,ODISHA,2016-05-01,2020-01-01,,534,,,,,,,,without_doc,208
2021-04-01,N22000170,16,BIHTA-AURANGABAD (NL),East Central Railways,ECR,BIHAR,2008-04-01,,2024-03-01,326.2,2995.01,2.08,,,,,0/0,without_original_doc,200
2021-04-01,N22000408,16,DIGHI PORT NEW LINE,Central Railways,,,2015-04-01,2025-12-01,2025-03-01,723.78,723.78,0.19,,,,,,ahead,197
2021-04-01,N04000082,17,"CONSTRUCTION OF NEW DORNESTIC TERMINAL BUILDING AND OTHER STRUCTURES, PHASE I AND II",Airport Authority Of India Limited,AAI,BIHAR,2018-05-01,2022-10-01,2023-03-01,1216.9,1216.9,205.04,,,,Vacation of RCC Hangar of,,delayed,333
2021-04-01,N06000113,17,SIARMAL OCP (40.00MTY),Central Coal Fields Limited,Northern Coal Fields Limited,,2014-05-01,2026-03-01,2026-03-01,3756.36,3756.36,1986.09,,,,,,on_schedule,306
2021-04-01,N16000313,17,PUNE POL STORAGE DEPOT,Bharat Petroleum Corporation Limited,BPCL,MAHARASHTRA Chennai Petroleum Corporation Limited,2016-08-01,2020-08-01,2021-03-01,282.64,,,,,,,,without_doc,208
2021-04-01,N22000176,17,MUZAFFARPUR-KATRA-ORAI-JANAKPUR ROAD (NL),East Central Railways,ECR,BIHAR,2008-04-01,,2024-03-01,228.05,228.05,1.53,,,,,0/0,without_original_doc,200
2021-04-01,N22000297,17,HOSPET-HUBLI-LONDA-VASCODAGAMA DL,Central Railways,South Central Railway,,2010-04-01,2023-03-01,2022-12-01,2127,3000,2208.46,,,,,,ahead,197
2021-04-01,N04000090,18,DEVELOPMENT OF TUTICORIN AIRPORT,Airport Authority Of India Limited,AAI,TAMIL NADU,2019-06-01,2022-03-01,2023-03-01,380.87,380.87,5.99,,,2022-03-01,NIL,,delayed,334
2021-04-01,N06000176,18,SEMARIA OPENCAST PROJECT,Central Coal Fields Limited,,,2019-05-01,2026-03-01,2026-03-01,396.58,396.58,,,,,,,on_schedule,307
2021-04-01,N16000295,18,BS-VI PROJECTS,Bharat Petroleum Corporation Limited,CPCL,TAMIL NADU Hindustan Petroleum Corporation Limited,2017-09-01,2019-12-01,,1858,,,,,,,,without_doc,208
2021-04-01,N22000329,18,SAMASTIPUR-DARBANGHA,East Central Railways,ECR,BIHAR Eastern Railways,2015-05-01,,2025-03-01,380,519.33,282.65,,,,,0/0,without_original_doc,200
2021-04-01,N06000126,19,MADHUBAND NLW WASHERY,Bharat Coking Coal Limited,BCCL,JHARKHAND,2010-08-01,2014-05-01,2021-07-01,289.45,289.45,281.33,,,,,,delayed,334
2021-04-01,N06000184,19,BLOCK-B EXPANSION OPENCAST PROJECT,Central Coal Fields Limited,,,2019-07-01,2023-03-01,2023-03-01,998.71,998.71,,,,,,,on_schedule,307
2021-04-01,N16000407,19,220 KV GRID SUPPLY,Bharat Petroleum Corporation Limited,HPCL,ANDHRA PRADESH,2020-10-01,2021-03-01,,303.4,,,,,,,,without_doc,208
2021-04-01,N22000238,19,BOINCHI-SHAKTIGARH 3RD LINE,East Central Railways,ER,MULTI STATE,2011-04-01,,2022-03-01,175.8,495.1,288.51,,,,,0/0,without_original_doc,200
2021-04-01,N06000098,20,MOONIDIH XV SEAM UG,Bharat Coking Coal Limited,BCCL,JHARKHAND,2011-08-01,2015-04-01,2022-03-01,1230.27,1230.27,463.92,,,,,,delayed,334
2021-04-01,N06000196,20,NIGAHI EXPANSION OCP (15 TO 25 MTPA),Central Coal Fields Limited,,,2020-11-01,2025-03-01,2025-03-01,1729.68,1729.68,,,,,,,on_schedule,307
2021-04-01,N16000281,20,MUMBAI REFINERY EXPANSION PROJECT,Bharat Petroleum Corporation Limited,HPCL,MAHARASHTRA Indian Oil Corporation Limited,2015-09-01,2020-03-01,,4199,,,,5060,,,,without_doc,208
2021-04-01,N22000302,20,BAZAR SAU -AZIMGANJ JN. DOUBLING,East Central Railways,ER,WEST BENGAL,2012-04-01,,2022-03-01,255.64,272.2,261.26,,,,,0/0,without_original_doc,200
2021-04-01,N06000195,21,2.0 MTPA BHOJUDIH NLW WASHERY,Bharat Coking Coal Limited,BCCL,WEST BENGAL,2015-12-01,2017-03-01,2022-03-01,304.13,341.22,40.84,,341.22,,,,delayed,334
2021-04-01,N06000192,21,BINA KAKRI AMALGAMATION OCP 14 MTPA,Central Coal Fields Limited,South-Eastern Coal Fields Limited,,2020-08-01,2024-03-01,2024-03-01,836.42,836.42,60.07,,,,,,on_schedule,307
2021-04-01,N16000302,21,"CONSTRUCTION OF RAIL FED DEPOT AT GUNTAKAL, AP",Bharat Petroleum Corporation Limited,IOCL,ANDHRA PRADESH,2017-08-01,2021-04-01,2021-03-01,384.58,,,,,2021-03-01,,,without_doc,208
2021-04-01,N22000301,21,MONIGRAM- NIMTITA,East Central Railways,ER,MULTI STATE,2012-04-01,,2024-03-01,250.93,310.7,293.1,,,,,0/0,without_original_doc,200
2021-04-01,N06000194,22,PATHERDIH 2.5 NLW COAL WASHERY,Bharat Coking Coal Limited,BCCL,JHARKHAND,2015-10-01,2018-04-01,2022-06-01,243,334.27,18.35,,334.27,,,,delayed,334
2021-04-01,N06000008,22,KUSMUNDA EXPN.OCP(SECL)(15-50)MTY,Central Coal Fields Limited,,,2013-08-01,2023-03-01,2023-03-01,7612.33,7612.33,2745.45,,,,,,on_schedule,307
2021-04-01,N16000162,22,ENNORE-TRICHY-MADURAI LPG PIPELINE,Bharat Petroleum Corporation Limited,IOCL,TAMIL NADU Oil India Limited,2013-05-01,2020-06-01,,711,,,,,,,,without_doc,208
2021-04-01,N22000217,22,"SULTANGANJ-KATURIA VIA ASARGANJ, TARAPUR AND BELHAR",East Central Railways,ER,MULTI STATE,2007-04-01,,2025-03-01,450,1261.34,,,,,,0/0,without_original_doc,200
2021-04-01,N06000096,23,MURAIDIH UG TURN-KEY PROJECT,Bharat Coking Coal Limited,BCCL,JHARKHAND Central Coal Fields Limited,2011-02-01,2014-04-01,2023-04-01,339.88,339.88,24.23,,,,,,delayed,334
2021-04-01,N06000166,23,JHIRIA WEST OPENCAST PROJECT,Central Coal Fields Limited,,,2018-11-01,2026-03-01,2026-03-01,389.97,389.97,,,,,,,on_schedule,307
2021-04-01,N16000167,23,SECONDARY TANK FARM WITH DEHYDRATION FACILITY AND EFFLUENT TREATMENT PLANT AT MADHUBAN,Bharat Petroleum Corporation Limited,OIL,MULTI STATE,2011-07-01,2017-03-01,2021-03-01,352.56,,,,,,,,without_doc,208
2021-04-01,N22000218,23,HANSNABAD-HINGALGANJ NEW BG LINE,East Central Railways,ER,MULTI STATE,2010-04-01,,2025-03-01,172.03,260.1,11.74,,,,,0/0,without_original_doc,200
2021-04-01,N06000083,24,CHURI BENTI UG (0.81 MTY),Bharat Coking Coal Limited,CCL,JHARKHAND,2007-08-01,2011-03-01,2022-03-01,163.51,163.51,107.27,,,,,,delayed,334
2021-04-01,N06000134,24,BATURA HIGHWALL PROJECT,Central Coal Fields Limited,,,2015-07-01,2022-03-01,2022-03-01,231.92,231.92,1.62,,,,,,on_schedule,307
2021-04-01,180100078,24,LOKTAK D/S HEP(NHPC),National Hydro-Electric Power Corporation,NHPC,MANIPUR National Thermal Power Corporation,1999-12-01,2006-06-01,,578.62,,,,,,,,without_doc,208
2021-04-01,N22000227,24,KALINARAYANPUR-SHANTIPUR DOUBLING WITH NEW MM FOR RANAGHAT- DUTTAPHULIA NEW LINE,East Central Railways,ER,MULTI STATE,2010-04-01,,2025-03-01,174.56,174.56,71.43,,,,,0/0,without_original_doc,200
2021-04-01,N06000087,25,RAJRAPPA RCE OCP ( 3.0 MTY),Bharat Coking Coal Limited,CCL,JHARKHAND,2009-12-01,2016-03-01,2022-03-01,510.85,510.85,426.3,,,,,,delayed,334
2021-04-01,N06000200,25,DIPKA OC EXPANSION 40 MTY,Central Coal Fields Limited,,,2020-12-01,2029-03-01,2029-03-01,5241.4,5241.4,1931.58,,,,,,on_schedule,307
2021-04-01,N18000193,25,MUNPL-MEJA TPP - JV (2X660 MW),National Hydro-Electric Power Corporation,NTPC,UTTAR PRADESH,2012-04-01,2017-02-01,2021-01-01,9750.89,,,,,,,,without_doc,208
2021-04-01,N22000234,25,"BARIARPIUR-MANANPURVIA KHARAGPUER, LACHIMPUR-BARAHAT",East Central Railways,ER,MULTI STATE,2007-04-01,,2025-03-01,450.55,250.55,20.11,,,,,0/0,without_original_doc,200
2021-04-01,N06000088,26,KARMA OCP (1.0MTY),Bharat Coking Coal Limited,CCL,JHARKHAND,2009-06-01,2014-03-01,2022-03-01,162.46,162.46,98.21,,,,,,delayed,334
2021-04-01,060100093,26,GEVRA EXPANSION OCP (SECL) (35-70) MTY,Central Coal Fields Limited,,,2010-06-01,2023-03-01,2023-03-01,11816.4,11816.4,4487.05,,,2016-03-01,,,on_schedule,307
2021-04-01,N18000273,26,140 MW BILHAUR SOLAR PV PROJECT BILHAUR UP,National Hydro-Electric Power Corporation,NTPC,UTTAR PRADESH,2018-12-01,2020-09-01,2021-01-01,587.44,,,,,,,,without_doc,208
2021-04-01,N22000235,26,TARAKESHWAR-MAGRA NEW BG LINE,East Central Railways,ER,MULTI STATE,2010-04-01,,2025-03-01,365.17,527.54,1.76,,,,,0/0,without_original_doc,200
2021-04-01,N06000103,27,RECAST EPR AMRAPALI OC,Bharat Coking Coal Limited,CCL,JHARKHAND,2012-02-01,2020-03-01,2024-03-01,4983.58,4983.58,245.85,,4983.58,2024-03-01,,,delayed,334
2021-04-01,N06000045,27,PELMA OCP(15.00MTY),Central Coal Fields Limited,,,2014-11-01,2023-03-01,2023-03-01,1624.59,1624.59,9.09,,,,,,on_schedule,307
2021-04-01,N18000151,27,GADARWARA SUPER THERMAL POWER PROJECT STAGE-I,National Hydro-Electric Power Corporation,NTPC,MADHYA PRADESH,2013-03-01,2018-01-01,2021-02-01,11638.55,,,,,,,,without_doc,208
2021-04-01,N22000241,27,SONARPUR-CANNING WITH NEW MM FOR KALIKAPUR-MINAKHAN VIA GHATAKPUR NL,East Central Railways,ER,MULTI STATE,2000-04-01,,2025-03-01,297.47,298.22,52.09,,,,,0/0,without_original_doc,200
2021-04-01,N06000015,28,MAGADH EXPANSION OC(51 MTY),Bharat Coking Coal Limited,CCL,JHARKHAND Eastern Coal Fields Limited,2008-08-01,2012-07-01,2025-03-01,6964.33,706.4,706.2,,6964.33,2025-03-01,,,delayed,334
2021-04-01,N06000104,28,CHHAL OC SEAM -III (6.00 MTY),Central Coal Fields Limited,,,2013-12-01,2022-03-01,2022-03-01,610.63,610.63,152.93,,,,,,on_schedule,307
2021-04-01,N18000175,28,TANDA TPP STAGE-II (2X660 MW),National Hydro-Electric Power Corporation,NTPC,UTTAR PRADESH,2014-09-01,2019-07-01,2021-03-01,9188.98,,,,,2021-03-01,,,without_doc,208
2021-04-01,N22000242,28,CHANDPARA-BANGAON DOUBLING WITH EXENSION TO CHANDBAZAR AND NEW MM FOR BONGAON-PORAMAHESHTALA AND CHA,East Central Railways,ER,MULTI STATE,2003-04-01,,2025-03-01,337.96,336.96,70.2,,,,,0/0,without_original_doc,200
2021-04-01,N06000109,29,SONEPUR BAZARI (COMB) OCP (8.0 MTY),Bharat Coking Coal Limited,ECL,WEST BENGAL,2012-08-01,2018-03-01,2021-10-01,1055.05,1055.05,669.82,,,,1. Rehabilitation of PAFs:,,delayed,334
2021-04-01,N06000140,29,MADANNAGAR OPENCAST PROJECT,Central Coal Fields Limited,,,2015-10-01,2024-03-01,2024-03-01,1875.32,1875.32,,,,,,,on_schedule,307
2021-04-01,N18000132,29,MOUDA STPP STAGE 2,National Hydro-Electric Power Corporation,NTPC,MAHARASHTRA,2012-03-01,2016-09-01,,7921.47,,,,,,,,without_doc,208
2021-04-01,N22000249,29,HOWRAH-DEVELOPMENT OF STATION INCLUDING SEGRAGATION OF AARIVAL/DEPARTURE AND OTHER AMENITIES,East Central Railways,ER,MULTI STATE Metropolitan Rapid Transport Projects,2011-04-01,,2025-03-01,166.89,166.89,0.02,,,,,0/0,without_original_doc,200
2021-04-01,N06000020,30,EXPANSION PR OF JHANJRA UG(5.00 MTY),Bharat Coking Coal Limited,ECL,WEST BENGAL Mahanadi Coal Fields Limited,2015-11-01,2022-03-01,2029-03-01,1210.12,1210.12,26.05,,,2029-03-01,,,delayed,334
2021-04-01,N06000164,30,MAHAMAYA OPENCAST PROJECT,Central Coal Fields Limited,,,2018-05-01,2026-03-01,2026-03-01,410.26,410.26,28.26,,,,,,on_schedule,307
2021-04-01,N18000140,30,LARA SUPER THERMAL POWER PROJECT STAGE-I (2 X 800 MW),National Hydro-Electric Power Corporation,NTPC,CHHATISGARH 2 05,2012-12-01,2017-10-01,,11846,,,,,,,,without_doc,208
2021-04-01,N22000212,30,CIRCULAR RAILWAY INCLUDING REMOUNT ROAD TO SANTOSHPUR,East Central Railways,MRTP,WEST BENGAL North East Frontier Railway,2009-04-01,,2025-03-01,573.78,268.52,0.03,,,,,0/0,without_original_doc,201
2021-04-01,N06000068,31,HINGULA OC-II EXP. PH-III (15 MTY),Bharat Coking Coal Limited,MCL,ODISHA,2008-11-01,2013-03-01,2022-03-01,479.53,479.53,475.14,,,,,,delayed,335
2021-04-01,N06000199,31,PORDA CHIMTAPANI OCP (10 MTY),Central Coal Fields Limited,,,2020-12-01,2029-03-01,2029-03-01,2310.12,2310.12,,,,,,,on_schedule,307
2021-04-01,N18000142,31,LATA-TAPOVAN HYDRO ELECTRIC POWER PROJECT 3X57 MW,National Hydro-Electric Power Corporation,NTPC,UTTARAKHAND,2012-07-01,2017-08-01,,1527,,,,,,,,without_doc,209
2021-04-01,N22000207,31,NEW BG LINE FROM JAGBANI TO BIRATNAGAR,East Central Railways,NFR,MULTI STATE North Eastern Railway,2010-04-01,,2021-12-01,241.52,373.87,287.09,,,,,0/0,without_original_doc,201
2021-04-01,N06000112,32,BASUNDHARA (WEST) OC EXTN(7.00 MTY),Bharat Coking Coal Limited,MCL,ODISHA,2014-05-01,2019-03-01,2024-03-01,479.15,479.15,278.53,,,,,,delayed,335
2021-04-01,N06000122,32,AMRITDHARA OC PROJECT,Central Coal Fields Limited,,,2015-02-01,2023-03-01,2023-03-01,481.6,481.6,,,,,,,on_schedule,307
2021-04-01,N18000205,32,KHARGONE STPP STAGE I (1320 MW),National Hydro-Electric Power Corporation,NTPC,MADHYA PRADESH,2015-03-01,2020-01-01,,9870.51,,,,,,,,without_doc,209
2021-04-01,N22000468,32,BURHWAL - GONDA - 3RD RUNNING LINE.,East Central Railways,NER,UTTAR PRADESH Northern Railway,2016-04-01,,2023-12-01,602.5,714.34,40.34,,,,,0/0,without_original_doc,201
2021-04-01,N06000117,33,GARJANBAHAL OCP,Bharat Coking Coal Limited,MCL,ODISHA,2014-11-01,2021-03-01,2024-03-01,1375.38,1375.38,504.36,,,,,,delayed,335
2021-04-01,N06000197,33,BAROUD OC EXPANSION (3-10 MTY),Central Coal Fields Limited,,,2020-08-01,2029-03-01,2029-03-01,2309.8,2309.8,275.61,,,,,,on_schedule,307
2021-04-01,N18000225,33,PAKRI BARWADIH COAL MINING PROJECT,National Hydro-Electric Power Corporation,NTPC,JHARKHAND,2004-10-01,2017-10-01,,4237.96,,,,4238,,,,without_doc,209
2021-04-01,N22000274,33,DEOBAND (MUZAFFARNAGAR)- ROORKEE NL,East Central Railways,NR,MULTI STATE,2007-04-01,,2023-03-01,336.91,791.39,572.99,,,,,0/0,without_original_doc,201
2021-04-01,N06000035,34,EXPANSION PR OF GOPAL JI KANIHA OCP(30.0 MTY),Bharat Coking Coal Limited,MCL,ODISHA,2007-12-01,2013-03-01,2028-03-01,8416.19,8416.19,890.78,,8416.19,2028-03-01,,,delayed,335
2021-04-01,N06000158,34,VIJAY WEST OPENCAST PROJECT,Central Coal Fields Limited,,,2017-05-01,2026-03-01,2026-03-01,976.95,976.95,75.96,,,,,,on_schedule,307
2021-04-01,N18000266,34,TALAIPALLI COAL MINING PROJECT,National Hydro-Electric Power Corporation,NTPC,CHHATISGARH,2015-09-01,2019-11-01,,3004,,,,,,,,without_doc,209
2021-04-01,N22000294,34,UNCHAHAR-AMETHI,East Central Railways,NR,UTTAR PRADESH,2012-04-01,,2023-03-01,1229,1265,103.72,,,,,0/0,without_original_doc,201
2021-04-01,N06000044,35,EXPANSION PR OF BALRAM EXPANSION OCP(15 MTY),Bharat Coking Coal Limited,MCL,ODISHA,2007-12-01,2010-03-01,2029-03-01,3504.21,3504.21,607.83,,3504.21,2029-03-01,,,delayed,335
2021-04-01,N06000198,35,JAMPALI OCP RCE,Central Coal Fields Limited,Western Coal Fields Limited,,2020-05-01,2024-03-01,2024-03-01,278.64,278.64,183.02,,,,,,on_schedule,307
2021-04-01,N18000287,35,JETSAR SOLAR 160 MW,National Hydro-Electric Power Corporation,NTPC,RAJASTHAN North East Electric Power Corporation,2019-12-01,2021-03-01,,702.28,,,,,,,,without_doc,209
2021-04-01,N22000281,35,ANAND VIHAR-TILAK BRIDGE 3RD AND 4TH LINE,East Central Railways,NR,DELHI,2012-04-01,,2023-09-01,295.68,419,127.91,,,,,0/0,without_original_doc,201
2021-04-01,N06000034,36,BHUBANESWARI EXPENSION OCP(40.0 MTY),Bharat Coking Coal Limited,MCL,ODISHA Neyveli Lignite Corporation,2007-12-01,2017-03-01,2031-03-01,3145.45,3145.45,612.55,,,,,,delayed,335
2021-04-01,N06000178,36,VISHNUPURI UG TO OC MINE,Central Coal Fields Limited,,,2018-07-01,2025-03-01,2025-03-01,195.57,195.57,2.94,,,,,,on_schedule,307
2021-04-01,180100239,36,KAMENG HYDROELECTRIC PROJECT (NEEPCO),National Hydro-Electric Power Corporation,NEEPCO,ARUNACHAL PRADESH Power Grid Corporation Of India Limited,2004-12-01,2009-12-01,,2496.9,,,,7927.34,2021-02-01,,,without_doc,209
2021-04-01,N22000269,36,GRADE SEPERATOR AT DAYABASTI,East Central Railways,NR,DELHI,1999-04-01,,2024-03-01,156.65,359,111.51,,,,,0/0,without_original_doc,201
2021-04-01,N06000152,37,NEYVELI UTTAR PRADESH POWER PROJECT LIMITED 1980 MW,Bharat Coking Coal Limited,NLC,UTTAR PRADESH,2016-07-01,2021-11-01,2022-07-01,17237,17237.8,11574.21,,,2022-07-01,,,delayed,335
2021-04-01,N06000132,37,AMALGAMATED YEKONA-I YEKONA-II,Central Coal Fields Limited,,,2015-08-01,2025-03-01,2025-03-01,727.28,745.03,365.38,,,,,,on_schedule,307
2021-04-01,N18000239,37,TRANSMISSION SYSTEM FOR ULTRA MEGA SOLAR POWER AT TUMKUR (PAVAGADA) KARNATAKA PHASE -II (PART II),National Hydro-Electric Power Corporation,PGCIL,MULTI STATE,2016-10-01,2019-01-01,2020-04-01,408.46,,,,516.12,2020-09-01,,,without_doc,209
2021-04-01,N22000295,37,QADIAN-BEAS,East Central Railways,NR,PUNJAB South Eastern Railway,2011-04-01,,2024-03-01,205.22,841.9,1.73,,,,,0/0,without_original_doc,201
2021-04-01,N06000193,38,PACHWARA SOUTH COAL BLOCK,Bharat Coking Coal Limited,NLC,JHARKHAND,2013-07-01,2022-08-01,2023-09-01,1795.01,1795.01,34.88,,,,,,delayed,335
2021-04-01,N06000121,38,BHANEGAON OC,Central Coal Fields Limited,,,2015-02-01,2023-03-01,2023-03-01,187.94,409.68,86.81,,,,,,on_schedule,307
2021-04-01,N18000267,38,400 KV D/C BAHARAMPUR (PG) - BHERAMERE (B'DESH) LINE CKT II (INDIA PORTION),National Hydro-Electric Power Corporation,PGCIL,MULTI STATE,2017-09-01,2019-09-01,2020-05-01,198.49,,,,,2020-09-01,,,without_doc,209
2021-04-01,N22000159,38,BOWAICHANDI-ARAMBAGH,East Central Railways,SER,WEST BENGAL South Western Railway,2010-04-01,,2025-03-01,267.37,620,40.99,,,,,0/0,without_original_doc,201
2021-04-01,N06000138,39,EXPANSION OF MINE-I (LEASE AREA) AND MINE-I A (3.0 TO 7.0 MTPA),Bharat Coking Coal Limited,NLC,TAMIL NADU Northern Coal Fields Limited,2013-04-01,2015-06-01,2025-03-01,1458.17,709.06,484.81,,709.06,2025-03-01,,,delayed,335
2021-04-01,N06000154,39,NILJAI EXPANSION (DEEP) OC (3.5 MTY),Central Coal Fields Limited,,,2016-08-01,2022-03-01,2022-03-01,319.76,404.45,246.02,,,,,,on_schedule,307
2021-04-01,N18000155,39,EASTERN REGION STRENGTHENING SCHEME-V,National Hydro-Electric Power Corporation,PGCIL,MULTI STATE,2013-10-01,2016-04-01,2020-07-01,1364.52,,,,1891.41,2020-09-01,,,without_doc,209
2021-04-01,N22000256,39,TUMKUR-CHITRADURGA-DAVENGERE NL,East Central Railways,SWR,KARNATAKA,2011-04-01,,2023-12-01,1801.01,1967,71.56,,,,,0/0,without_original_doc,201
2021-04-01,N06000159,40,JAYANT EXPANSION OCP 10 TO 20 MTPA,Bharat Coking Coal Limited,NCL,MADHYA PRADESH,2017-05-01,2021-03-01,2022-03-01,1783.09,1783.09,622.66,,,,,,delayed,335
2021-04-01,N06000183,40,GANDHIGRAM UG MINE,Central Coal Fields Limited,,,2019-08-01,2026-03-01,2026-03-01,414.16,414.16,0.87,,,,,,on_schedule,307
2021-04-01,N18000261,40,TRANSMISSION SYSTEM FOR ULTRA MEGA SOLAR POWER PARK AT BANASKANTHA (RADHANESDA) GUJARAT,National Hydro-Electric Power Corporation,PGCIL,GUJARAT,2017-05-01,2018-09-01,2020-09-01,175.64,,,,,2020-11-01,,,without_doc,209
2021-04-01,N22000276,40,CHIKBALLA-PUR-PUTTTAPARTHY-SRI SATYA SAI NILAYAM NL,East Central Railways,SWR,KARNATAKA,2013-04-01,,2023-12-01,558,558,,,,,,0/0,without_original_doc,201
2021-04-01,N06000162,41,DUDHICHUA EXPANSION OCP (10 TO 20 MTPA),Bharat Coking Coal Limited,NCL,MADHYA PRADESH Singareni Colliers Company Limitted,2017-11-01,2022-03-01,2023-03-01,1255.17,1255.17,152.16,,,,,,delayed,335
2021-04-01,N28000109,41,CONSTRUCTION OF 726 Nos RESIDENTIAL QUARTERS CHENNAI,Central Public Works Department,,,2017-11-01,2021-11-01,2021-11-01,348.77,348.77,123.99,,,,,,on_schedule,308
2021-04-01,N18000269,41,SUPPLEMENTARY TRANS. SYSTEM FOR UMSPP AT BANASKANTHA (RADHANESDA) GUJARAT,National Hydro-Electric Power Corporation,PGCIL,GUJARAT,2017-12-01,2019-06-01,2020-09-01,193.14,,,,,2020-11-01,,,without_doc,209
2021-04-01,N22000277,41,SRINIVASA-PURA-MADANAPALLI NL,East Central Railways,SWR,MULTI STATE,2013-04-01,,2023-12-01,296,296.1,0.01,,,,,0/0,without_original_doc,201
2021-04-01,N06000089,42,KISTARAM OCP,Bharat Coking Coal Limited,SCCL,TELANGANA,2010-11-01,2015-03-01,2022-03-01,242.29,164.04,129.58,,,,,,delayed,335
2021-04-01,N21000029,42,"CONSTRUCTION OF AIIMS AT JAMMU VIJAYPUR, SAMBA JAMMU AND KASHMIR",HEALTH AND FAMILY WELFARE,,,2019-03-01,2023-09-01,2023-09-01,1404,1404,200.58,,,,,,on_schedule,308
2021-04-01,N18000181,42,TRANSMISSION SYSTEM ASSOICATED WITH TEHRI PUMP STORAGE PLANT (PSP),National Hydro-Electric Power Corporation,PGCIL,MULTI STATE,2015-01-01,2017-10-01,2021-01-01,871.62,,,,902.49,2021-05-01,,,without_doc,209
2021-04-01,N22000280,42,WHITE FIELD-KOLAR NL,East Central Railways,SWR,KARNATAKA,2011-04-01,,2023-12-01,348.85,348.85,0.36,,,,,0/0,without_original_doc,201
2021-04-01,N06000093,43,RCE OF INDARAM OCP(1.20 MTPA),Bharat Coking Coal Limited,SCCL,TELANGANA,2011-07-01,2015-03-01,2022-03-01,162.76,349.28,251.14,,,,,,delayed,335
2021-04-01,N21000030,43,CONSTRUCTION OF AIIMS AT AWANTIPORA SRINAGAR JAMMU AND SRINAGAR,HEALTH AND FAMILY WELFARE,National Building Construcion Corporation Ltd,,2019-03-01,2025-09-01,2025-09-01,1577,1828,,,,,,,on_schedule,308
2021-04-01,N18000263,43,TRANSMISSION SYSTEM FOR ULTRA MEGA SOLAR POWER AT TUMKUR (PAVAGADA) KARNATAKA PHASE-II (PART-B),National Hydro-Electric Power Corporation,PGCIL,KARNATAKA,2017-05-01,2019-02-01,2021-02-01,445.89,,,,675.73,2021-02-01,,,without_doc,209
2021-04-01,N22000298,43,TORANAGALLU-RANJITPURA DL,East Central Railways,SWR,KARNATAKA,2011-04-01,,2023-12-01,146.75,167.5,0.34,,,,,0/0,without_original_doc,201
2021-04-01,N06000101,44,KALYANIKHANI OPENCAST PROJECT,Bharat Coking Coal Limited,SCCL,TELANGANA,2012-07-01,2016-07-01,2022-03-01,417.33,384.32,131.62,,,,,,delayed,335
2021-04-01,N21000028,44,AIIMS BILASPUR,HEALTH AND FAMILY WELFARE,,,2018-04-01,2021-09-01,2021-09-01,1351,1471,712.04,,,,,,on_schedule,308
2021-04-01,N18000061,44,TR. SYSTEM ASSOCIATED WITH MUNDRA ULTRA MEGA POWER PROJECT,National Hydro-Electric Power Corporation,PGCIL,MULTI STATE,2008-10-01,2012-10-01,2021-03-01,4824.12,,,,5071.94,2020-11-01,,,without_doc,209
2021-04-01,N22000300,44,CHIKBALLA-PUR-GOWRIBIDANUR NL,East Central Railways,SWR,KARNATAKA,2013-04-01,,2023-12-01,327.25,327.25,,,,,,0/0,without_original_doc,201
2021-04-01,N06000129,45,KAKATIYAKHANI OPENCAST-2 PROJECT,Bharat Coking Coal Limited,SCCL,TELANGANA,2015-05-01,2019-03-01,2022-03-01,397.09,442.42,109.25,,,,,,delayed,336
2021-04-01,N45000001,45,"CONSTRUCTION OF SEPARATE FAMILY ACCOMMODATION (440 NOS.) (PHASE- C/O 336 NOS. TYPE- II QTRS , 96",Central Public Works Department,,,2020-01-01,2022-05-01,2022-05-01,166.98,166.98,0.29,,,,,,on_schedule,308
2021-04-01,N18000109,45,SYTEM STRENGTHENING XIII OF SR GRID,National Hydro-Electric Power Corporation,PGCIL,MULTI STATE,2011-10-01,2014-06-01,,487.49,,,,,,,,without_doc,209
2021-04-01,220100193,45,"HUBLI-ANKOLA(NL),SWR",East Central Railways,SWR,KARNATAKA,1997-04-01,,2024-12-01,2315,3911.65,157.01,,,,,0/0,without_original_doc,201
2021-04-01,N06000161,46,KAKATIYAKHANI OPENCAST III PROJECT PHASE-1,Bharat Coking Coal Limited,SCCL,TELANGANA,2017-03-01,2019-03-01,2022-03-01,413.84,413.84,230.95,,,,,,delayed,336
2021-04-01,N45000002,46,BUILDING OF THE FORCE HEADQUARTER INCLUDING SECTOR HQR RAF,Central Public Works Department,,,2019-06-01,2022-07-01,2022-07-01,277.35,277.35,10.6,,,,,,on_schedule,308
2021-04-01,N18000168,46,TRANSMISSION SYSTEM STRENGTHENING IN WR-NR TRANSMISSION CORRIDOR FOR IPPS IN CHHATTISGARH,National Hydro-Electric Power Corporation,PGCIL,MULTI STATE,2014-06-01,2018-03-01,,5151.37,,,,,,,,without_doc,209
2021-04-01,N22000279,46,RAYADURGA-TUMKUR NL,East Central Railways,SWR,MULTI STATE Southern Railway,2007-04-01,,2025-03-01,2062.3,2432.5,1127.71,,,,,2/2,without_original_doc,201
2021-04-01,N06000078,47,RAMAGUNDAM OC-II EXTENSION,Bharat Coking Coal Limited,SCCL,TELANGANA,2009-12-01,2012-03-01,2023-03-01,418.97,489.62,416.07,,,,,,delayed,336
2021-04-01,N28000147,47,C/O SEPARATE FAMILY ACCOMMODATION (PHASE-I) WHICH INCLUDES C/O 440 NOS. RESIDENTIAL QTRS. I.E. TYPE-,Central Public Works Department,,,2020-01-01,2023-10-01,2023-10-01,166.98,166.98,,,167,,,,on_schedule,308
2021-04-01,N18000182,47,SYSTEM STRENGTHENING IN SOUTHERN REGION - XXIII,National Hydro-Electric Power Corporation,PGCIL,MULTI STATE,2015-01-01,2017-07-01,,203.28,,,,,,,,without_doc,209
2021-04-01,N22000202,47,CHENGALPATTU-VILLUPURAM DOUBLING WITH NEW MM FOR TAMBARAM- CHENGALPATTU 3RD LINE GC ALONWITH ELECTRIF,East Central Railways,SR,TAMIL NADU,2007-04-01,2021-05-01,2021-05-01,931.98,1121,928.75,,,,0(R3),0/0,without_original_doc,201
2021-04-01,N06000094,48,JALAGAM VENGALA RAO OCP-II,Bharat Coking Coal Limited,SCCL,TELANGANA South-Eastern Coal Fields Limited,2011-07-01,2015-03-01,2023-03-01,447.06,473.22,79.04,,,,,,delayed,336
2021-04-01,N42000008,48,ESTABLISHMENT OF PERMANENT CAMPUS PHASE 1 OF IIM SIRMAUR,HUMAN RESOURCE DEVELOPMENT,,,2018-09-01,2022-06-01,2022-06-01,392.51,392.51,38.44,,,,,,on_schedule,308
2021-04-01,N18000218,48,GREEN ENERGY CORRIDORS - INTER STATE TRANSSMISSION SCHEME PART-D,National Hydro-Electric Power Corporation,PGCIL,MULTI STATE,2016-05-01,2019-05-01,,3519.59,,,,,,,,without_doc,209
2021-04-01,N22000201,48,MADURAI-BODINAYAKKANUR,East Central Railways,SR,TAMIL NADU,2008-04-01,2021-10-01,2021-09-01,164.41,608.13,375.67,,,,-1(R3),0/0,without_original_doc,202
2021-04-01,N06000075,49,JAGANNATHPOR OCP(3.00MTY),Bharat Coking Coal Limited,SECL,CHHATISGARH,2008-09-01,2015-03-01,2022-03-01,152.43,459.49,202.9,,459.49,2020-03-01,,,delayed,336
2021-04-01,N28000141,49,"C/O PERMANENT CAMPUS OF IIT BHILAI AT KUTHELABHATA, DURG CHHATTISGARH, STAGE I PHASE I.",HUMAN RESOURCE DEVELOPMENT,,,2020-03-01,2022-07-01,2022-07-01,808.62,808.62,57.42,,,,,,on_schedule,308
2021-04-01,N18000238,49,S/S WORK ASSOCIATED WITH ADDITIONAL INTER REGIONAL AC LINK FOR IMPORT IN TO SOUTHERN REGION I.E WARO,National Hydro-Electric Power Corporation,PGCIL,MULTI STATE,2017-03-01,2019-11-01,,283.72,,,,,,,,without_doc,209
2021-04-01,N22000190,49,KURUPPANTHARA-CHINGAVANAM,East Central Railways,SR,MULTI STATE,2007-04-01,,2021-12-01,270.14,457.08,439.49,,,,,0/0,without_original_doc,202
2021-04-01,N06000076,50,KARTALI (EAST) OCP (2.50 MTY),Bharat Coking Coal Limited,SECL,CHHATISGARH,2008-07-01,2014-03-01,2022-03-01,178.44,178.44,6.5,,,,,,delayed,336
2021-04-01,N28000131,50,CONSTRUCTION OF PERMANENT CAMPUS IIT JAMMU (PHASE 1C),HUMAN RESOURCE DEVELOPMENT,,,2018-01-01,2023-04-01,2023-04-01,676,676,,,,,,,on_schedule,308
2021-04-01,N18000240,50,SUB STATION WORK ASSOCIATED WITH STRENGTHENING OF TRANSMISSION SYSTEM BEYOND VEMAGIRI,National Hydro-Electric Power Corporation,PGCIL,MULTI STATE,2016-10-01,2019-04-01,,608.24,,,,,,,,without_doc,209
2021-04-01,N22000185,50,CHENNAI-CUDDALORE VIA MAMALLAPURAM,East Central Railways,SR,MULTI STATE,2008-04-01,,2024-03-01,523.52,1205,2.28,,,,,0/0,without_original_doc,202
2021-04-01,N06000148,51,AMADAND OPENCAST EXPANSION PROJECT,Bharat Coking Coal Limited,SECL,MADHYA PRADESH,2016-03-01,2021-03-01,2022-03-01,869.44,869.44,123.17,,,,,,delayed,336
2021-04-01,N28000130,51,CONSTRUCTION OF PERMANENT CAMPUS OF IIM JAMMU (PHASE 1),HUMAN RESOURCE DEVELOPMENT,,,2019-03-01,2022-07-01,2022-07-01,329,329,,,,,,,on_schedule,308
2021-04-01,N18000257,51,STRENGTHENING OF TRANSMISSION SYSTEM BEYOND VEMAGIRI,National Hydro-Electric Power Corporation,PGCIL,MULTI STATE 2 06,2015-12-01,2019-04-01,,3654,,,,,,,,without_doc,209
2021-04-01,N22000187,51,CUDDALORE-SALEM VIA VRIDDHACHALAM GC,East Central Railways,SR,TAMIL NADU,1999-04-01,,2024-03-01,198.68,559.95,52.5,,,,,0/0,without_original_doc,202
2021-04-01,N06000123,52,AMERA OC RCE,Bharat Coking Coal Limited,SECL,CHHATISGARH,2015-02-01,2018-03-01,2023-03-01,335.97,335.97,49.49,,,,,,delayed,336
2021-04-01,N16000373,52,RESITEMENT OF RANCHI AND DHANBAD OLD POL DEPOT AT BOKARO.,Bharat Petroleum Corporation Limited,,,2018-11-01,2022-06-01,2022-06-01,248.55,248.55,109.38,,,,,,on_schedule,309
2021-04-01,N20000002,52,LOPMENT OF ADVANCED ULTRA SUPER CRITICAL TECHNOLOGIES IN THERMAL POWER PLANTS IN INDIA,Bharat Heavy Electricals Limited,BHEL,DELHI,2016-08-01,2019-09-01,,1554,,,,,,,,without_doc,210
2021-04-01,N22000085,52,TIDIVANAM-NAGARI (NL),East Central Railways,SR,TAMIL NADU Western Railway,2006-09-01,,2025-12-01,582.83,582.83,239.49,,,,,0/0,without_original_doc,202
2021-04-01,N06000135,53,AMGAON OPENCAST PROJECT RCE,Bharat Coking Coal Limited,SECL,CHHATISGARH,2015-07-01,2020-03-01,2023-03-01,316.1,316.1,141.02,,,,,,delayed,336
2021-04-01,N16000346,53,"SETTING UP OF FACILITIES FOR PRODUCTION OF POLYOLS, PROPYLENE GLYCOL AND MONO ETHYLENE GLYCOL AT KOC",Bharat Petroleum Corporation Limited,,,2018-09-01,2023-03-01,2023-03-01,11130,11130,379.09,,,,,,on_schedule,309
2021-04-01,N21000007,53,"LGBRIMH-TEZPUR, ASSAM",Hospital Services Consultancy Corporation Ltd,HSCC,ASSAM,2012-07-01,2014-12-01,2018-03-01,175.57,,,,,,,,without_doc,210
2021-04-01,N22000142,53,MIYAGAM-KARJAN-DABHOI-SAMLAYA (GC),East Central Railways,WR,GUJARAT,2011-04-01,2024-03-01,2024-03-01,844.1,844.1,186.59,,844.1,,0(R3),0/0,without_original_doc,202
2021-04-01,N06000125,54,KANCHAN OC EXPANSION,Bharat Coking Coal Limited,SECL,MADHYA PRADESH,2014-12-01,2021-03-01,2024-03-01,371.04,371.04,77.27,,,,,,delayed,336
2021-04-01,N16000365,54,MULTI PRODUCT PIPELINE FROM BINA TERMINAL TO PANKI KANPUR TERMINAL,Bharat Petroleum Corporation Limited,,,2017-12-01,2021-12-01,2021-12-01,1524.06,1524.06,785.64,,,,,,on_schedule,309
2021-04-01,N21000015,54,CNCI KOLKATA WEST BENGAL,Hospital Services Consultancy Corporation Ltd,HSCC,WEST BENGAL,2016-08-01,2018-09-01,2019-05-01,244,,,,,,,,without_doc,210
2021-04-01,N24000281,54,REHABILITATION AND UP GRADATION OF NH-12A FROM KM191.422-KM 242.300 CHILPI- KAWARDHA SECTION.,(State Pwds),MoRTH,CHHATISGARH,2015-12-01,2021-06-01,2021-06-01,291.05,291.05,212.46,,,,0(R3),0/0,without_original_doc,202
2021-04-01,N06000124,55,RAJNAGAR OCP RPR (1.70 MTY),Bharat Coking Coal Limited,SECL,MADHYA PRADESH,2014-12-01,2021-03-01,2024-04-01,357.8,357.8,100.63,,,2024-04-01,,,delayed,336
2021-04-01,N16000374,55,2ND GENERATION LIGNOCELLUOSIC BIOMASS ETHANOL BIOFUEL REFINERY AT BARGARH (ODISHA),Bharat Petroleum Corporation Limited,,,2019-08-01,2022-08-01,2022-08-01,1607,1607,255.22,,,,,,on_schedule,309
2021-04-01,N21000010,55,"CONSTRUCTION OF HOSPITAL BLOCK, IIT, KHARAGPUR",Hospital Services Consultancy Corporation Ltd,HSCC,WEST BENGAL,2014-12-01,2017-05-01,2019-07-01,168.9,,,,,,,,without_doc,210
2021-04-01,N24000378,55,BARELA-MANDLA SECTION OF NH-12A IN MADHYA PRADESH KM 22/8 TO KM 89/6 OF NH-12A,(State Pwds),MoRTH,MADHYA PRADESH,2015-06-01,2021-03-01,2021-06-01,390.51,390.51,257.01,,,,3(R3),0/0,without_original_doc,202
2021-04-01,N06000136,56,DURGAPUR OPENCAST PROJECT,Bharat Coking Coal Limited,SECL,CHHATISGARH Western Coal Fields Limited,2015-02-01,2023-03-01,2026-03-01,916.24,916.24,11.38,,,,,,delayed,336
2021-04-01,N16000410,56,KEROSENE HYDROTREATER (KHT) UNIT INTEGRATED WITH EXISTING DIESEL HYDROTREATER (DHT) UNIT AT MUMBAI R,Bharat Petroleum Corporation Limited,,,2020-08-01,2023-03-01,2023-03-01,697,697,155.18,,,,,,on_schedule,309
2021-04-01,N21000011,56,CONSTRUCTION OF HOSPITAL AND OPD BLOCK NCI JHAJJAR,Hospital Services Consultancy Corporation Ltd,HSCC,HARYANA,2014-09-01,2018-03-01,2019-09-01,505.58,,,,,,,,without_doc,210
2021-04-01,N24000877,56,R AND U OF KHUTAR -LAKHIMPUR SECTION (KM 82.00 TO KM140.00) OF NH-730 TO 2L WITH PS,(State Pwds),MoRTH,UTTAR PRADESH National Highways And Infrastructure Development Corporation Ltd.,2016-11-01,,2021-09-01,326.99,326.99,105.89,,327,,,0/0,without_original_doc,202
2021-04-01,N06000130,57,SINGHORI OC MINE,Bharat Coking Coal Limited,WCL,MAHARASHTRA,2015-06-01,2020-03-01,2021-09-01,205.49,205.49,138.12,,,,,,delayed,336
2021-04-01,N16000397,57,ENHANCING PRODUCTION OF LUBE OIL BASE STOCK (LOBS) PROJECT AT MUMBAI REFINERY,Bharat Petroleum Corporation Limited,Gas Authority Of India Limited,,2020-07-01,2021-12-01,2021-12-01,640,640,326.57,,,,,,on_schedule,309
2021-04-01,N21000009,57,AIIMS - OPD(NEW),Hospital Services Consultancy Corporation Ltd,HSCC,DELHI,2014-08-01,2017-05-01,2020-01-01,293.65,,,,,,,,without_doc,210
2021-04-01,N24000771,57,WIDENING TO 2-LANE WITH GEOMETRIC IMPROVEMENTS OF TURA DALU ROAD UNDER JICA FUNDING FROM KM 85.000 T,(State Pwds),NHIDCL,MEGHALAYA,2017-04-01,,2021-09-01,553.51,553.51,75.51,,,,,2/4,without_original_doc,202
2021-04-01,N06000149,58,AMALGAMATED GONDEGAON GHATROHAN OC,Bharat Coking Coal Limited,WCL,MAHARASHTRA,2016-02-01,2019-03-01,2022-03-01,198.68,325.18,253.17,,,,,,delayed,336
2021-04-01,N16000329,58,"CITY GAS DISTRIBUTION (CGD) NETWORK, RANCHI",Bharat Petroleum Corporation Limited,,,2017-10-01,2022-10-01,2022-10-01,226.45,226.45,110.99,,,,,,on_schedule,309
2021-04-01,N21000016,58,"RESIDENTIAL COMPLEX AND OPD BLOCK, AIIMS, NAGPUR MAHARASTRA",Hospital Services Consultancy Corporation Ltd,HSCC,MAHARASHTRA,2017-08-01,2019-03-01,2021-01-01,274.19,,,,,,,,without_doc,210
2021-04-01,N24000972,58,TWO-LANING OF JORAM – KOLORIANG ROAD (NH-713) FROM DESIGN KM. 20+000 TO KM. 32+050 [EXISTING KM 20.0,(State Pwds),NHIDCL,ARUNACHAL PRADESH,2017-02-01,,2022-04-01,175.06,175.06,82.18,,,,,2/4,without_original_doc,202
2021-04-01,N06000160,59,KOLAR PIMPRI EXTENSION OC,Bharat Coking Coal Limited,WCL,MAHARASHTRA,2017-03-01,2020-03-01,2022-09-01,362.73,402.9,330.34,,,,,,delayed,336
2021-04-01,N16000328,59,"CITY GAS DISTRIBUTION (CGD) NETWORK, CUTTACK",Bharat Petroleum Corporation Limited,,,2017-07-01,2022-07-01,2022-07-01,182.2,182.2,78.03,,,,,,on_schedule,309
2021-04-01,N21000022,59,SUPER SPECIALITY BLOCK PMSSY GOA,Hospital Services Consultancy Corporation Ltd,HSCC,GOA,2018-01-01,,2021-01-01,249.01,,,,,,,,without_doc,210
2021-04-01,N24000973,59,TWO-LANING OF JORAM – KOLORIANG ROAD (NH-713) FROM DESIGN KM. 32+050 TO KM. 44+000 [EXISTING KM 35.1,(State Pwds),NHIDCL,ARUNACHAL PRADESH National Highways Authority Of India,2017-02-01,,2022-04-01,176.12,176.12,67.95,,,,,2/4,without_original_doc,202
2021-04-01,N06000179,60,UKNI DEEP OC,Bharat Coking Coal Limited,WCL,MAHARASHTRA,2018-11-01,2021-03-01,2022-09-01,318.14,318.14,211.41,,,,,,delayed,336
2021-04-01,N16000289,60,CITY GAS DISTRIBUTION (CGD) NETWORK BHUBANESHWAR,Bharat Petroleum Corporation Limited,,,2017-07-01,2022-07-01,2022-07-01,243.53,243.53,115.28,,,,,,on_schedule,309
2021-04-01,N21000008,60,AIIMS - MOTHER AND CHILD BLOCK,Hospital Services Consultancy Corporation Ltd,HSCC,DELHI,2013-12-01,2017-05-01,2021-03-01,204.44,,,,,,,,without_doc,210
2021-04-01,N24000844,60,SIX LANNING OF NH-5 (NEW NH-16) FROM TANGI TO BHUBANESHWAR (KM 355.000 TO KM 414.000),(State Pwds),NHAI,ODISHA,2018-03-01,,2021-04-01,806.11,806.11,189.7,,,,,0/0,without_original_doc,202
2021-04-01,N06000180,61,BELLORA-NAIGAON DEEP OC,Bharat Coking Coal Limited,WCL,MAHARASHTRA,2018-11-01,2021-03-01,2022-09-01,252.71,252.71,101.09,,,,,,delayed,336
2021-04-01,N16000288,61,CITY GAS DISTRIBUTION (CGD) NETWORK VARANASI,Bharat Petroleum Corporation Limited,,,2017-04-01,2022-04-01,2022-04-01,287.49,345.15,200.77,,,,,,on_schedule,309
2021-04-01,N21000012,61,SATELLITE CENTRE PGI CHANDIGARH SANGRUR PUNJAB,Hospital Services Consultancy Corporation Ltd,HSCC,PUNJAB,2016-07-01,2018-02-01,2021-03-01,152.95,,,,,,,,without_doc,210
2021-04-01,N24000572,61,CONSTRUCTION OF 4-LANE LADDOWAL BYPASS,(State Pwds),NHAI,GUJARAT,2016-05-01,,2021-04-01,364.56,392,353.42,,,,,0/0,without_original_doc,203
2021-04-01,N06000157,62,DURGAPUR EXTENSION (DEEP) OC (3.0 MTY),Bharat Coking Coal Limited,WCL,MULTI STATE,2017-02-01,2021-03-01,2023-09-01,328,328,295.83,,,,,,delayed,337
2021-04-01,N16000398,62,MUMBAI NAGPUR JHARSUGUDA PIPELINE PROJECT,Bharat Petroleum Corporation Limited,,,2020-06-01,2023-05-01,2023-05-01,7844.25,7844.25,1079.1,,,,,,on_schedule,309
2021-04-01,N21000017,62,"RESIDENTIAL COMPLEX AND OPD BLOCK, AIIMS-MNAGLAGIRI GUNTUR, ANDHRA PRADESH",Hospital Services Consultancy Corporation Ltd,HSCC,ANDHRA PRADESH,2017-08-01,2019-03-01,2021-03-01,272.19,,,,,,,,without_doc,210
2021-04-01,N24000730,62,4-LANING FROM KARODI TO TELWADI (KM 320.104 TO 375.000),(State Pwds),NHAI,MAHARASHTRA,2018-01-01,,2021-04-01,621,621,591.21,,,,,2/3,without_original_doc,203
2021-04-01,N06000133,63,ADASA UG TO OC,Bharat Coking Coal Limited,WCL,MAHARASHTRA,2015-08-01,2023-03-01,2024-03-01,288.9,333.43,142.27,,313.34,,,,delayed,337
2021-04-01,N16000327,63,CITY GAS DISTRIBUTION (CGD) NETWORK PATNA,Bharat Petroleum Corporation Limited,,,2017-10-01,2022-10-01,2022-10-01,359.25,359.25,143.73,,,,,,on_schedule,309
2021-04-01,N21000021,63,HOSPITAL AND MEDICAL COLLEGE AIIMS RAEBARELI,Hospital Services Consultancy Corporation Ltd,HSCC,UTTAR PRADESH,2018-03-01,,2021-03-01,268.84,,,,,,,,without_doc,210
2021-04-01,N24000624,63,SIX LANNING FROM KM 287.400 TO KM 401.200 SECTION OF NH- 8 IN THE STATE OF RAJASTHAN AND GUJARAT(APP,(State Pwds),NHAI,MULTI STATE,2016-09-01,,2021-05-01,1244.1,1244.1,1590,,,,,0/0,without_original_doc,203
2021-04-01,N06000141,64,REVISED PR FOR AMALGAMATED INDER KAMPTEE DEEP OC (3.2 MTY),Bharat Coking Coal Limited,WCL,MAHARASHTRA,,2021-03-01,2024-03-01,,313.34,148.72,,,,,,delayed,337
2021-04-01,N16000388,64,SRIKAKULAM ANGUL PIPELINE PROJECT,Bharat Petroleum Corporation Limited,,,2019-09-01,2022-07-01,2022-07-01,2658.34,2658.34,245.5,,,,,,on_schedule,309
2021-04-01,N22000247,64,3RD LINE BETWEEN BHUSAWAL-JALGAON,Central Railways,CR,MAHARASHTRA Container Corporation Of India,2011-04-01,2019-03-01,,184.06,,,,,,,,without_doc,210
2021-04-01,N24000852,64,"FOUR LANING OF SOLAN-KAITHLIGHAT SECTION OF NH-22 (NOW NH-5) FROM KM 106.139 TO KM 129.050, ON EPC M",(State Pwds),NHAI,HIMACHAL PRADESH,2018-03-01,,2021-05-01,478.74,478.74,127.42,,,,,0/0,without_original_doc,203
2021-04-01,N06000155,65,RECAST PR FOR DHANKASA UG (1.00 MTY),Bharat Coking Coal Limited,WCL,MULTI STATE,2016-09-01,2022-03-01,2025-03-01,289.29,289.3,35.95,,,,,,delayed,337
2021-04-01,N16000389,65,"CITY GAS DISTRIBUTION, JAMSHEDPUR",Bharat Petroleum Corporation Limited,,,2017-10-01,2022-10-01,2022-10-01,221.45,221.45,92.99,,,,,,on_schedule,309
2021-04-01,N22000424,65,MULTI MODAL LOGISTICS PARK AT VISHAKHAPATNAM,Central Railways,CCOI,ANDHRA PRADESH,2013-01-01,2018-03-01,2021-03-01,387.7,,,,,,,,without_doc,210
2021-04-01,N24000633,65,"REHABILITAITON AND UPGRADATION TO FOUR LANING OF BINJHABAHAL TO TELEBANI SECTION, KM 414.000 TO KM 4",(State Pwds),NHAI,ODISHA,2016-10-01,,2021-06-01,1008.96,1008.96,930.39,,,,,0/0,without_original_doc,203
2021-04-01,N06000142,66,RPR FOR MUNGOLI NIORGUDA EXTENSION (DEEP) OC (4.375 MTY),Bharat Coking Coal Limited,WCL,MAHARASHTRA,2015-11-01,2020-03-01,2026-03-01,851.6,826.8,230.5,,,,,,delayed,337
2021-04-01,N16000391,66,DHAMRA HALDIA PIPELINE PROJECT,Bharat Petroleum Corporation Limited,,,2020-03-01,2022-11-01,2022-11-01,1030.65,1030.65,53.1,,,,,,on_schedule,309
2021-04-01,N22000422,66,MULTI MODAL LOGISTICS TRANSPORT AT MIHAN,Central Railways,CCOI,MAHARASHTRA 2 07,2013-10-01,2019-03-01,2020-12-01,305,,,,,,,,without_doc,210
2021-04-01,N24000715,66,REHABILITATION AND UPGRADATION OF CUTTACK ANGUL SECTION OF NH-42 (NEW NH-55) TO 4 LANE (KM. 0+400 TO,(State Pwds),NHAI,ODISHA,2017-12-01,,2021-06-01,686.65,686.65,227.63,,,,,0/0,without_original_doc,203
2021-04-01,N06000153,67,RPR FOR JAMUNIA UG (0.90 MTY),Bharat Coking Coal Limited,WCL,MADHYA PRADESH,2016-07-01,2022-03-01,2026-03-01,281.25,281.25,21.35,,,,,,delayed,337
2021-04-01,N16000334,67,BARAUNI-GUWAHATI PIPELINE,Bharat Petroleum Corporation Limited,Hindustan Petroleum Corporation Limited,,2018-06-01,2021-12-01,2021-12-01,3308,3060,2272.3,,,,,,on_schedule,309
2021-04-01,N22000426,67,MULTI MODAL LOGISTICS PARK AT BARHI,Central Railways,CCOI,HARYANA,2015-12-01,2019-03-01,2021-03-01,346.32,,,,,,,,without_doc,211
2021-04-01,N24000716,67,REHABILITATION AND UPGRADATION OF FOUR LANING OF NH-23 (NEW NH NO. 143) FROM KM. 240.250 I.E. BRAHMA,(State Pwds),NHAI,ODISHA,,,2021-06-01,417.51,417.51,127.61,,,,,0/0,without_original_doc,203
2021-04-01,N06000128,68,NEW MAJRI UG TO OC,Bharat Coking Coal Limited,WCL,MAHARASHTRA,2015-05-01,2019-03-01,2026-09-01,295.56,496.38,164.25,,,,,,delayed,337
2021-04-01,N16000380,68,SETTING UP OF PHASE LL FACILITIES FOR HPCL GREEN R AND D CENTRE AT BENGALURU,Bharat Petroleum Corporation Limited,,,2018-06-01,2021-11-01,2021-11-01,380,380,222.2,,,,,,on_schedule,309
2021-04-01,N22000421,68,MULTI MODAL LOGISTICS PARK AT KATHUWAS,Central Railways,CCOI,RAJASTHAN,2011-01-01,2018-03-01,,493.17,,,,,,,,without_doc,211
2021-04-01,N24000732,68,REHABILITATION AND UP-GRADATION OF EXISTING 2-LANE TO 4 LANE OF RIMULI (KM 163.0) TO KOIDA (KM 206.2,(State Pwds),NHAI,ODISHA,2018-01-01,,2021-06-01,668.86,668.86,276.59,,,,,0/0,without_original_doc,203
2021-04-01,N06000150,69,BHATADI EXPANSION OC MINE,Bharat Coking Coal Limited,WCL,MAHARASHTRA,2016-02-01,2019-03-01,2026-09-01,304.52,729.86,160.67,,,,,,delayed,337
2021-04-01,N16000367,69,HASSAN CHERLAPALLI LPG PIPELINE,Bharat Petroleum Corporation Limited,,,2019-06-01,2022-06-01,2022-06-01,2166.38,2166.38,922.06,,,,,,on_schedule,309
2021-04-01,N22000425,69,MULTI MODAL LOGISTICS PARK AT NAYA RAIPUR,Central Railways,CCOI,CHHATISGARH,2014-05-01,2018-03-01,,207,,,,,,,,without_doc,211
2021-04-01,N24000736,69,REHABILITATION AND UPGRADATION OF CUTTACK-ANGUL SECTION TO 4 LANE (KM 60.20) TO (KM 112.0) PKG II ON,(State Pwds),NHAI,ODISHA,2018-01-01,,2021-06-01,686.65,686.65,261.74,,,,,0/0,without_original_doc,203
2021-04-01,N06000118,70,PR FOR DINESH(MAKARDHOKRA III) EXPANSION OC (8.0 MTY),Bharat Coking Coal Limited,WCL,MAHARASHTRA,2014-11-01,2020-03-01,2027-03-01,1184.33,1184.33,383.13,,,,,,delayed,337
2021-04-01,N16000384,70,BARMER PALANPUR PIPELINE,Bharat Petroleum Corporation Limited,,,2019-11-01,2022-11-01,2022-11-01,776,776,215.96,,,,,,on_schedule,309
2021-04-01,N22000427,70,MULTI MODAL LOGISTICS PARK AT TIHI,Central Railways,CCOI,MADHYA PRADESH,2015-12-01,2019-03-01,,174,,,,,,,,without_doc,211
2021-04-01,N24000737,70,REHABILITATION SIX LANING UPGRADATION CHANDIKHOLE BHADRAK,(State Pwds),NHAI,ODISHA,2018-01-01,,2021-06-01,1522,1522,304.4,,,,,0/0,without_original_doc,203
2021-04-01,N28000089,71,"C/O OF 152 NOS TYPE-II,304 NOS,TYPE-III,76 NOS, TYPE-IV QTRS. FOR INCOME TAX DEPARTMENT AT CHENNAI",Central Public Works Department,CPWD,TAMIL NADU,,2019-10-01,2021-07-01,,208.96,205.72,,,,,,delayed,337
2021-04-01,N16000408,71,SULPHUR FORMING UNIT IN SRU,Bharat Petroleum Corporation Limited,,,2020-10-01,2021-08-01,2021-08-01,210.94,210.94,117.03,,,,,,on_schedule,309
2021-04-01,N22000428,71,MULTI MODAL LOGISTICS PARK AT VARNAMA,Central Railways,CCOI,GUJARAT,2013-10-01,2019-03-01,,343,,,,,,,,without_doc,211
2021-04-01,N24000738,71,REHABILITATION AND UPGRADATION OF SIX LANING OF BHADRAK BALESHWAR SECTION (KM 136.50) TO (KM 199.141,(State Pwds),NHAI,ODISHA,2018-01-01,,2021-06-01,999,999,102.7,,,,,0/0,without_original_doc,203
2021-04-01,N08000015,72,GAS TURBO GENERATOR AND HEAT RECOVERY STEAM GENERATOR PROJECT NFL BATHINDA,National Fertiliser Limited,NFL,PUNJAB,2018-01-01,2019-11-01,2021-04-01,218.83,218.83,191.3,,,2021-05-01,,,delayed,337
2021-04-01,N16000406,72,RUF PITCH LOADING GANTRY,Bharat Petroleum Corporation Limited,,,2020-10-01,2022-11-01,2022-11-01,332.61,332.61,0.01,,,,,,on_schedule,309
2021-04-01,N22000431,72,MULTI MODAL LOGISTICS PARK AT KAKINADA,Central Railways,CCOI,ANDHRA PRADESH Dedicated Freight Corridor Corporation Of India Ltd,2016-08-01,2019-03-01,,234.5,,,,,,,,without_doc,211
2021-04-01,N24000739,72,REHABILITATION AND UP-GRADATION TO 4- LANING OF RAJAMUNDA-BARKOTE SECTION OF NH-23 (NEW NH NO. 143) (,(State Pwds),NHAI,ODISHA,2018-01-01,,2021-06-01,503.88,503.88,25.4,,,,,0/0,without_original_doc,203
2021-04-01,N08000016,73,GAS TURBO GENERATOR AND HEAT RECOVERY STEAM GENERATOR PROJECT NFL NANGAL,National Fertiliser Limited,NFL,PUNJAB,2018-01-01,2019-11-01,2021-04-01,239.81,239.81,199.11,,,2021-05-01,,,delayed,338
2021-04-01,N16000369,73,CONSTRUCTION OF 80000MT LPG CAVERN AT MANGALORE,Bharat Petroleum Corporation Limited,,,2018-12-01,2022-12-01,2022-12-01,854,854,150.14,,,,,,on_schedule,310
2021-04-01,N22000346,73,EASTERN DEDICATED FREIGHT CORRIDOR PROJECT,Central Railways,DFCC,MULTI STATE,2006-10-01,,,11589,,,,30357,,,,without_doc,211
2021-04-01,N24000815,73,CONSTRUCTION OF EIGHT LANE VADODARA KIM EXPRESSWAY FROM KM 355.00 TO KM 378.740 (PADRA TO VADODARA S,(State Pwds),NHAI,GUJARAT,2018-03-01,,2021-06-01,2702.05,2043,1327.65,,,,,0/0,without_original_doc,203
2021-04-01,N08000014,74,GAS TURBO GENERATOR AND HEAT RECOVERY STEAM GENERATOR PROJECT NFL PANIPAT,National Fertiliser Limited,NFL,HARYANA Rashtriya Chemical & Fertiliser Limited,2018-01-01,2019-11-01,2021-05-01,215.92,215.92,168.3,,,2021-06-01,,,delayed,338
2021-04-01,N16000402,74,"SECOND GENERATION ETHANOL BIOREFINERY PROJECT, BATHINDA, PUNJAB",Bharat Petroleum Corporation Limited,Indian Oil Corporation Limited,,2020-05-01,2023-02-01,2023-02-01,1421.46,1244.5,76.19,,,,,,on_schedule,310
2021-04-01,N22000464,74,WESTERN DEDICATED FREIGHT CORRIDOR,Central Railways,DFCC,MULTI STATE East Central Railways,2007-11-01,2020-03-01,,16592,,,,51101,,,,without_doc,211
2021-04-01,N24000483,74,FOUR LANNING OF LUDHIYANA- TALWANDI SECTION,(State Pwds),NHAI,PUNJAB,2014-09-01,,2021-07-01,479,479,456.8,,,,,0/0,without_original_doc,203
2021-04-01,N08000018,75,GAS TURBINE GENERATOR AND HEAT RECOVERY STEAM GENERATOR PROJECT AT RCF TROMBAY,National Fertiliser Limited,RCF,MAHARASHTRA,2018-04-01,2020-04-01,2021-07-01,426.72,426.72,288.8,,,2021-03-01,,,delayed,338
2021-04-01,N16000338,75,ETHYLENE GLYCOL PROJECT AT PARADIP,Bharat Petroleum Corporation Limited,,,2018-04-01,2021-10-01,2021-10-01,5654,5654,2826.29,,,,,,on_schedule,310
2021-04-01,N22000171,75,SAKRI-HASANPUR ROAD (NL),Central Railways,ECR,BIHAR,1999-04-01,,2021-03-01,325,,,,,,,,without_doc,211
2021-04-01,N24000627,75,4-LANNING OF CHIKHLI TO TARSOD (FROM KM 360-422.700),(State Pwds),NHAI,MAHARASHTRA,2016-11-01,,2021-07-01,1071.61,1048.1,965.72,,,,,3/4,without_original_doc,204
2021-04-01,N10000010,76,5TH STREAM ALUMINA REFINERY EXPANSION PROJECT,Limited (Nalco),NALCO,ODISHA,2014-12-01,2021-04-01,2022-12-01,5540,5540,731.55,,6435.9,2022-12-01,,,delayed,338
2021-04-01,N16000333,76,AUGMENTATION OF MATHURA-TUNDLA PIPELINE AND ITS EXTENSION FOR HOOK UP WITH BARAUNI-KANPUR PIPELINE A,Bharat Petroleum Corporation Limited,,,2018-03-01,2022-08-01,2022-08-01,676,676,433.41,,,,,,on_schedule,310
2021-04-01,220100304,76,"KOSI BRIDGE (NL), ECR",Central Railways,ECR,BIHAR,2002-04-01,2020-03-01,,499.41,,,,,,,,without_doc,211
2021-04-01,N24000628,76,4-LANNING OF TARSOD-FAGNE(FROM KM 422.700-510.00),(State Pwds),NHAI,MAHARASHTRA,2016-11-01,2022-01-01,2021-07-01,1064.88,1021,336.32,,,,-6(R3),1/4,without_original_doc,204
2021-04-01,N10000013,77,SOURCING OF BAUXITE ARRANGEMENT FOR 5TH STREAM ALUMINA REFINERY FROM SOUTH BLOCK MINING LEASE OF PAN,Limited (Nalco),NALCO,ODISHA,2017-11-01,2021-04-01,2023-03-01,483,483,0.92,,483,2023-03-01,,,delayed,338
2021-04-01,N16000376,77,PX-PTA REVAMP AT PANIPAT REFINERY,Bharat Petroleum Corporation Limited,,,2019-08-01,2021-10-01,2021-10-01,1255,1255,185.11,,,,,,on_schedule,310
2021-04-01,220100311,77,"DANIAWAN-BIHARSARIF (NL), ECR",Central Railways,ECR,BIHAR,2001-04-01,,,406.92,,,,,,,,without_doc,211
2021-04-01,N24000719,77,SIX LANING OF NARASANNAPETA – RANASTALAM SECTION OF NH-16 (OLD NH- 5) FROM DESIGN KM 580.671 (EXISTIN,(State Pwds),NHAI,ANDHRA PRADESH,2017-12-01,,2021-07-01,1323.15,1323.15,785.33,,,,,0/0,without_original_doc,204
2021-04-01,N12000086,78,NMDC INTEGRATED STEEL PLANT,Corporation (Nmdc),NMDC,CHHATISGAR H Rastriya Ispat Nigam Limited,2010-01-01,2015-05-01,2021-07-01,15525,21940,18516.49,,21940,2021-07-01,,,delayed,338
2021-04-01,N16000249,78,KOYALI AHMEDNAGAR SOLAPUR PIPELINE,Bharat Petroleum Corporation Limited,,,2016-05-01,2022-02-01,2022-02-01,1945,1945,1536.61,,,,,,on_schedule,310
2021-04-01,N22000166,78,ARA-BHABHUA ROAD (NL),Central Railways,ECR,BIHAR,2008-04-01,,,633.87,,,,,,,,without_doc,211
2021-04-01,N24000790,78,REHABILITATION AND UP GRADATION TO FOUR LANING OF NH-31D FROM KM 113.200 TO KM 154.854 (PACKAGE IIA),(State Pwds),NHAI,WEST BENGAL,2018-03-01,,2021-07-01,1261.98,1952.2,934.06,,,,,0/0,without_original_doc,204
2021-04-01,N12000116,79,FORGED WHEEL PLANT,Corporation (Nmdc),RINL,UTTAR PRADESH,2014-04-01,2018-09-01,2021-06-01,1682.85,1682.85,1564.62,,,2021-06-01,No,,delayed,338
2021-04-01,N16000382,79,ACRYLICS OR OXO-ALCOHOL PROJECT AT GUJARAT REFINERY,Bharat Petroleum Corporation Limited,,,2019-11-01,2023-05-01,2023-05-01,5251,5251,192.5,,,,,,on_schedule,310
2021-04-01,N22000167,79,NAWADA-LAXMIPUR (NL),Central Railways,ECR,BIHAR,2008-04-01,,,620.57,,,,,,,,without_doc,211
2021-04-01,N24000791,79,FOUR LANING OF EXISTING TWO LANE WITH PS FROM TALWANDI BHAI TO FEROZPUR IN THE STATE OF PUNJAB,(State Pwds),NHAI,PUNJAB,2018-02-01,,2021-07-01,261.76,207,200.74,,,,,0/0,without_original_doc,204
2021-04-01,N12000117,80,COKE OVEN BATTERY-5,Corporation (Nmdc),RINL,ANDHRA PRADESH Steel Authority Of India Limited (Sail),2011-12-01,2017-12-01,2021-12-01,2858,2558,1838.96,,262.87,2021-12-01,No,,delayed,339
2021-04-01,N16000403,80,"CONSTRUCTION OF CAPTIVE POL LPG JETTY AT KAMARAJAR PORT, CHENNAI",Bharat Petroleum Corporation Limited,,,2020-10-01,2023-09-01,2023-09-01,921,921,19.14,,,,,,on_schedule,310
2021-04-01,N22000168,80,GAYA-DALTONGANJ VIA RAFIGANJ (NL),Central Railways,ECR,BIHAR,2008-04-01,,,445.25,,,,,,,,without_doc,211
2021-04-01,N24000833,80,CONSTRUCTION OF EIGHT LANE VADODARA KIM EXPRESSWAY FROM KM 279.00 TO 292.00 (ANKLESHWAR TO MANUBAR S,(State Pwds),NHAI,GUJARAT,2018-03-01,,2021-07-01,1437.64,1437.64,564.11,,,,,0/0,without_original_doc,204
2021-04-01,N12000118,81,REBUILDING OF COKE OVEN BATTERY NO-8 AT BSL,Corporation (Nmdc),SAIL,JHARKHAND,,2019-06-01,2021-08-01,,262.87,185.85,,,2021-05-01,,,delayed,339
2021-04-01,N16000396,81,INTEGRATED PARA XYLENE (PX) AND PURIFIED TEREPHTHALIC ACID (PTA) PROJECT AT PARADIP REFINERY,Bharat Petroleum Corporation Limited,,,2020-07-01,2024-01-01,2024-01-01,13805,13805,92.75,,,,,,on_schedule,310
2021-04-01,N22000169,81,GAYA-CHATRA (NL),Central Railways,ECR,MULTI STATE,2008-04-01,,,415.67,,,,,,,,without_doc,211
2021-04-01,N24000839,81,SIX LANING AND STRENGTHENING OF NEW NH-248A FROM EXISTING KM 11+682 TO EXISTING KM 24+400 IN THE STA,(State Pwds),NHAI,HARYANA,2018-03-01,,2021-07-01,634.7,931.21,268.17,,,,,0/0,without_original_doc,204
2021-04-01,N12000121,82,REPLACEMENT OF CONVERTER SHELLS TOGETHER WITH BOTTOM STIRRING SYSTEM AND INSTALLATION OF SECONDARY E,Corporation (Nmdc),SAIL,WEST BENGAL,2018-12-01,2020-09-01,2021-09-01,263.36,263.36,215.38,,,2021-03-01,,,delayed,339
2021-04-01,N16000377,82,LAB REVAMP AT GUJARAT REFINERY,Bharat Petroleum Corporation Limited,,,2019-10-01,2021-12-01,2021-12-01,403,403,103.74,,,,,,on_schedule,310
2021-04-01,N22000173,82,DARBANGHA-KUSHESHWARSTHAN (NL),Central Railways,ECR,BIHAR,2005-04-01,,,205,,,,,,,,without_doc,211
2021-04-01,N24000841,82,SIX LANING AND STREGTHENING OF NH- 248A FROM EXISTING KM 2.740 (RAJIV CHOWK) TO KM 11.682 (PACKAGE-I),(State Pwds),NHAI,HARYANA,2018-03-01,,2021-07-01,795.5,799.3,213.17,,,,,0/0,without_original_doc,204
2021-04-01,N12000095,83,NEW SINTER PLANT AT BOKARO STEEL PLANT,Corporation (Nmdc),SAIL,JHARKHAND,2015-03-01,2017-10-01,2021-12-01,1034.01,1034.01,537.82,,,2021-12-01,,,delayed,339
2021-04-01,N16000409,83,PETROCHEMICAL AND LUBE INTEGRATION PROJECT AT GUJARAT REFINERY,Bharat Petroleum Corporation Limited,,,2020-09-01,2024-09-01,2024-09-01,18936,18936,715.09,,,,,,on_schedule,310
2021-04-01,N22000174,83,MOTIHARI-SITAMARHI (NL),Central Railways,ECR,BIHAR,2006-04-01,,,211,,,,,,,,without_doc,211
2021-04-01,N24000851,83,CONSTRUCTION OF 8 LANING OF EXISTING 4 LANE VADAPE TO THANE FROM KM 539.202 TO KM 563.000 SECTION OF,(State Pwds),NHAI,MAHARASHTRA,2018-03-01,,2021-07-01,1162.92,1162.92,58.2,,,,,0/0,without_original_doc,204
2021-04-01,N16000261,84,MMPL PIPELINE REROUTING PROJECT,Limited,BPCL,MAHARASHTR A,2013-04-01,2019-12-01,2021-04-01,449.58,449.58,396.13,,,2021-04-01,,,delayed,339
2021-04-01,N16000286,84,AUGMENTATION OF CTMPL,Bharat Petroleum Corporation Limited,,,2016-12-01,2021-11-01,2021-11-01,228,228,140.61,,,,,,on_schedule,310
2021-04-01,N22000175,84,SITAMARHI-JAYNAGAR-NIRMALI VIA SURSAND (NL),Central Railways,ECR,BIHAR,2008-04-01,,,678.62,,,,,,,,without_doc,211
2021-04-01,N24000709,84,BALANCE WORK FOR FOUR LANING OF ITARSI TO BETUL SECTION OF NH69 FROM KM 63.000 TO KM 137.00 (DESIGN,(State Pwds),NHAI,MADHYA PRADESH,2017-12-01,,2021-08-01,950.27,950.27,224.81,,,,,3/4,without_original_doc,204
2021-04-01,N16000227,85,PROPYLENE DERIVATIVES PETROCHEMICAL PROJECT(PDPP) AT KOCHI REFINERY,Limited,BPCL,KERALA,2014-11-01,2018-08-01,2021-05-01,4588.29,5245.96,5076,,5245.96,2019-11-01,,,delayed,339
2021-04-01,N16000395,85,INFRASTRUCTURE DEVELOPMENT FOR UTILIZATION OF NATURAL GAS AT PARADIP REFINERY,Bharat Petroleum Corporation Limited,,,2020-01-01,2022-07-01,2022-07-01,202.16,202.16,18.34,,,,,,on_schedule,310
2021-04-01,N22000178,85,KURSELA-BIHARIGANJ (NL),Central Railways,ECR,BIHAR,2008-04-01,,,192.56,,,,,,,,without_doc,211
2021-04-01,N24000729,85,4-LANING FROM AURANGABAD TO KARODI (KM 290.200 TO 320.104),(State Pwds),NHAI,MAHARASHTRA,2018-01-01,,2021-08-01,607,607,440.92,,,,,0/1,without_original_doc,204
2021-04-01,N16000263,86,MOTOR SPIRIT BLOCK PROJECT (MSBP) TO PRODUCE BSVI MS AT KOCHI REFINERY,Limited,BPCL,KERALA,2016-02-01,2020-02-01,2021-05-01,3313,3288.96,2967.01,,,2021-03-01,,,delayed,339
2021-04-01,N16000393,86,INSTALLATION OF SECOND CATALYTIC DEWAXING UNIT (CDW-II) AT HALDIA REFINERY,Bharat Petroleum Corporation Limited,,,2020-06-01,2023-01-01,2023-01-01,1019,1019,58.94,,,,,,on_schedule,310
2021-04-01,N22000179,86,MUZAFFARPUR-DARBANGHA (NL),Central Railways,ECR,BIHAR,2008-04-01,,,281.3,,,,,,,,without_doc,211
2021-04-01,N24000734,86,REHABILITATION AND UP-GRADATION OF EXISTING 2-LANE TO FOUR LANE FROM TALCHAR TO END OF KAMAKHYANAG,(State Pwds),NHAI,ODISHA,2018-01-01,,2021-08-01,614.48,614.48,217.4,,,,,0/0,without_original_doc,204
2021-04-01,N16000347,87,RESITEMENT OF RAICHUR DEPOT TO GULBARGA,Limited,BPCL,KARNATAKA,2018-10-01,2021-03-01,2021-05-01,206.26,206.26,132.84,,,,,,delayed,339
2021-04-01,N16000411,87,AUGUMENTATION OF SALAYA MATHURA CRUDE OIL PIPELINE SYSTEM,Bharat Petroleum Corporation Limited,,,2020-10-01,2023-08-01,2023-08-01,1614,1614,,,,,,,on_schedule,310
2021-04-01,N22000182,87,HAJIPUR-RAMDAYALUNAGAR DOUBLING,Central Railways,ECR,BIHAR,2013-04-01,,,213.01,,,,,,,,without_doc,211
2021-04-01,N24000735,87,REHABILITATION AND UP GRADATION OF EXISTING 2-LANE TO 4-LANE STANDARDS TO END OF KAMAKHYANAGAR BYPAS,(State Pwds),NHAI,ODISHA,2018-01-01,,2021-08-01,564.66,564.66,240,,,,,0/1,without_original_doc,204
2021-04-01,N16000314,88,KOCHI SALEM LPG PIPELINE PROJECT,Limited,BPCL,KERALA,2015-12-01,2019-06-01,2022-02-01,1112,1507.24,730,,1507.24,,,,delayed,339
2021-04-01,N16000400,88,REPLACEMENT OF EXISTING TWIN 42” OFFSHORE PIPELINES AT VADINAR ALONG WITH TWO EXISTING PIPELINE END,Bharat Petroleum Corporation Limited,,,2020-06-01,2022-12-01,2022-12-01,1378,1378,24.39,,,,,,on_schedule,310
2021-04-01,N22000374,88,MUZAFFARPUR-SITAMARHI NEW LINE,Central Railways,ECR,BIHAR,1991-01-01,2014-07-01,,332.15,,,,,,,,without_doc,211
2021-04-01,N24000785,88,FOUR LANING OF TRICHY TO KALLAGAM SECTION ON NH-227 IN THE STATE OF TAMIL NADU,(State Pwds),NHAI,TAMIL NADU,2018-02-01,,2021-08-01,1166.26,1296.93,220.78,,,,,0/0,without_original_doc,204
2021-04-01,N16000234,89,IRUGUR-DEVANGONTHI POL PIPELINE,Limited,BPCL,TAMIL NADU,2012-11-01,2017-02-01,2022-08-01,678,1472,19.44,,1472,2022-08-01,,,delayed,339
2021-04-01,N16000381,89,LPG BP PROJECT CHITTOOR,Bharat Petroleum Corporation Limited,,,2019-07-01,2022-07-01,2022-07-01,167,167,8.89,,,,,,on_schedule,310
2021-04-01,N22000475,89,RAJGIR HISUA TILAIYA (46KM) INCL. MM NATESHWAR ISLAMPUR,Central Railways,ECR,BIHAR Eastern Railways 2 08,1998-04-01,,,180.82,,,,,,,,without_doc,211
2021-04-01,N24000826,89,FOUR LANINIG OF CHETTIKULAM TO NATHAM SECTION OF NH-785 FROM CHETTIKULUM (KM 7.300) TO NATHAM (KM. 3,(State Pwds),NHAI,TAMIL NADU,2018-03-01,,2021-08-01,505.35,505.35,243.3,,,,,0/0,without_original_doc,205
2021-04-01,N16000364,90,DEVELOPMENT OF COASTAL TERMINAL AT KRISHNAPATNAM PORT,Limited,BPCL,ANDHRA PRADESH Chennai Petroleum Corporation Limited,2017-07-01,2021-02-01,2023-03-01,580.2,580.2,155.84,,,,,,delayed,340
2021-04-01,N16000399,90,MUZAFFARPUR-MOTIHARI LPG PIPELINE,Bharat Petroleum Corporation Limited,,,2020-06-01,2022-08-01,2022-08-01,403,403,1.77,,,,,,on_schedule,310
2021-04-01,N22000222,90,PIRPAINTI-BHAGALPUR,Central Railways,ER,MULTI STATE,2011-04-01,,2019-05-01,261.38,,,,,,,,without_doc,212
2021-04-01,N24000849,90,CONSTRUCTION OF FLYOVER IN SAKOLI TOWN ON NH-53 (OLD NH-6),(State Pwds),NHAI,MAHARASHTRA,2018-03-01,2021-02-01,2021-08-01,289.21,289.21,194.57,,,,6(R3),0/0,without_original_doc,205
2021-04-01,N16000301,91,RE-LIQUIFIED NATURAL GAS,Limited,CPCL,TAMIL NADU Gas Authority Of India Limited,2017-08-01,2020-08-01,2021-09-01,421,300,241.01,,,,,,delayed,340
2021-04-01,N16000386,91,BARAUNI REFINERY CAPACITY EXPANSION FROM 6.0 TO 9.0 MMTPA,Bharat Petroleum Corporation Limited,Mangalore Refinery And Petrochemicals Limited,,2020-01-01,2023-04-01,2023-04-01,14810,14810,934.7,,,,,,on_schedule,310
2021-04-01,N22000221,91,BANDEL-BOINCHI 3RD LINE,Central Railways,ER,MULTI STATE,2011-04-01,,2021-03-01,288.35,,,,,,,,without_doc,212
2021-04-01,N24000636,91,6-LANNING OF KISHANGARH TO GULABPURA SECTION OF NH-79A AND NH- 79 IN THE STATE OF RAJASATHAN(PACKAGE-,(State Pwds),NHAI,RAJASTHAN,2016-12-01,,2021-09-01,1031.95,1031.95,374.05,,,,,0/0,without_original_doc,205
2021-04-01,N16000233,92,CAPACITY AUGMENTATION JAMNAGAR LONI PIPELINE,Limited,GAIL,GUJARAT,2016-04-01,2018-04-01,2021-06-01,327.78,200,196.5,,,,,,delayed,340
2021-04-01,N16000401,92,DEVANGONTHI MARKETING TERMINAL,Bharat Petroleum Corporation Limited,Numaligarh Refinery Limited,,2020-06-01,2023-06-01,2023-06-01,200,200,2.26,,,,,,on_schedule,310
2021-04-01,N22000230,92,HOWRAH DIVISION- PLATFORM SHELTER (40 C CATEGORY STATIONS),Central Railways,ER,MULTI STATE,2010-04-01,2018-11-01,2021-03-01,157.94,,,,,,,,without_doc,212
2021-04-01,N24000809,92,SIX LANING OF NH-140 FROM CHITTOR (DESIGN KM 0.000/EXISTING KM 158.000 OF NH-4) TO MALLAVARAM (DESIG,(State Pwds),NHAI,ANDHRA PRADESH,2018-03-01,,2021-09-01,1550.98,1550.98,1401,,,,,0/0,without_original_doc,205
2021-04-01,N16000273,93,DOBHI-DURGAPUR PIPELINE PROJECT,Limited,GAIL,MULTI STATE,2017-03-01,2020-12-01,2021-06-01,2433,2433,2110.7,,,2021-12-01,,,delayed,340
2021-04-01,N16000379,93,NUMALIGARH REFINERY EXPANSION PROJECT 6 MMTPA REFINARY,Bharat Petroleum Corporation Limited,,,2019-01-01,2024-10-01,2024-10-01,12366,12366,168.82,,,,,,on_schedule,310
2021-04-01,N22000236,93,HANSDIHA-GODDA NL,Central Railways,ER,MULTI STATE Kolkata Metro Rail Corporation Limited,2011-04-01,2020-03-01,2021-03-01,542.18,,,,,,,,without_doc,212
2021-04-01,N24000482,93,FOUR LANING OF KOILWAR TO BHOJPUR,(State Pwds),NHAI,BIHAR,2015-08-01,,2021-10-01,814.04,825.17,512.04,,,,,2/4,without_original_doc,205
2021-04-01,N16000355,94,SULTANPUR JHAJJAR HISSAR PIPELINE (SJHPL) PROJECT,Limited,GAIL,HARYANA,2018-08-01,2020-08-01,2021-06-01,286.42,327.01,186,,327.01,2021-05-01,,,delayed,340
2021-04-01,N16000394,94,NUMALIGARH REFINERY EXPANSION PROJECT COIT AND PIPELINES,Bharat Petroleum Corporation Limited,Oil & Natural Gas Corporation Limited,,2019-01-01,2024-10-01,2024-10-01,10228,10228,117.34,,,,,,on_schedule,311
2021-04-01,N22000108,94,NEW WORK FOR CONSTRUCTION OF METRO RAILWAY FROM NOAPARA-BARASAI VIA BIMANBANDER (MTP),Central Railways,KOMRCL,WEST BENGAL Metropolitan Rapid Transport Projects,2010-04-01,2016-03-01,,2397.72,,,,,,,,without_doc,212
2021-04-01,N24000799,94,SIX LANING OF ANANDAPURAM PENDURTHI ANAKAPALLI SECTION OF NH-5 NEW NH-16 FROM KM.681.000 EXISTING KM,(State Pwds),NHAI,ANDHRA PRADESH,2018-02-01,,2021-10-01,1959,1959,1211.72,,,,,0/0,without_original_doc,205
2021-04-01,N16000271,95,LAYING OF VIJAIPUR-AURAIYA PIPELINE SECTION OF VIJAIPUR- AURAIYA-PHULPUR PIPELINE PROJECT,Limited,GAIL,MULTI STATE,2015-07-01,2020-12-01,2021-09-01,2881.4,2000,1607.7,,,,,,delayed,340
2021-04-01,N16000279,95,REDEVELOPMENT OF SANTHAL FIELD,Bharat Petroleum Corporation Limited,,,2017-02-01,2026-03-01,2026-03-01,1162.56,970.3,832.63,,,,,,on_schedule,311
2021-04-01,220100268,95,TOLLYGANJ-GARIA WITH EXTENSION TO DUM DUM-NOAPARA AND NOAPARA-NSCB AIRPORT(MTP),Central Railways,MRTP,WEST BENGAL,2000-03-01,2006-12-01,,1049.69,,,,,,,,without_doc,212
2021-04-01,N24000787,95,"SIX-LANING OF BANGALORE – NIDAGATTA SECTION, KM 18.000 TO KM 74.200 OF NH- 275 IN THE STATE OF KARNAT",(State Pwds),NHAI,KARNATAKA,2018-02-01,,2021-11-01,1995.34,2400,3088.59,,,,,0/0,without_original_doc,205
2021-04-01,N16000390,96,HARIDWAR RISHIKESH DEHRADUN PIPELINE PROJECT,Limited,GAIL,UTTAR PRADESH,2018-08-01,2021-04-01,2021-10-01,217.92,217.92,89.8,,217.92,,,,delayed,340
2021-04-01,N16000360,96,HEERA REDEVELOPMENT - PHASE III,Bharat Petroleum Corporation Limited,,,2019-06-01,2022-03-01,2022-03-01,2494.68,2354.72,1421.11,,,,,,on_schedule,311
2021-04-01,N22000092,96,MUMBAI URBAN TRANSPORT PROJECT PHASE-II,Central Railways,MRTP,MAHARASHTRA,2008-04-01,2014-03-01,,5300,,,,,,,,without_doc,212
2021-04-01,N24000796,96,CONSTRUCTION OF NH-24 EXTENSION 4- LANE BYPASS STARTING FROM BEHTA ROAD AND TERMINATING AT SITAPUR RO,(State Pwds),NHAI,UTTAR PRADESH,2018-03-01,,2021-12-01,1117.84,1117.84,,,,,,0/0,without_original_doc,205
2021-04-01,N16000272,97,DHAMRA-ANGUL PIPELINE PROJECT,Limited,GAIL,ODISHA,2017-03-01,2020-12-01,2021-12-01,1933,1933,1268.75,,,2021-12-01,,,delayed,340
2021-04-01,N16000404,97,REDEVELOPMENT OF NANDASAN FIELD,Bharat Petroleum Corporation Limited,,,2020-02-01,2022-08-01,2022-08-01,444.87,444.87,87.4,,,,,,on_schedule,311
2021-04-01,N22000214,97,RUNNING OF 12 CAR TRAINS ON HARBOUR LINE,Central Railways,MRTP,MAHARASHTRA North Central Railway,2012-04-01,2016-04-01,,714.1,,,,,,,,without_doc,212
2021-04-01,N24000827,97,FOUR LANING OF MADURAI- CHETTIKULAM SECTION OF NH-785 FROM MADURAI (KM 0/000) TO CHETTICULAM (7/300),(State Pwds),NHAI,TAMIL NADU,2018-03-01,,2021-12-01,628.71,628.71,310.06,,,,,0/0,without_original_doc,205
2021-04-01,N16000274,98,BOKARO-ANGUL PIPELINE PROJECT,Limited,GAIL,MULTI STATE,2017-03-01,2020-12-01,2021-12-01,3437,3048,1852.9,,3048,2021-12-01,,,delayed,340
2021-04-01,N16000297,98,DEVELOPMENT OF R-SERIES FIELDS INCLUDING REVIVAL R 12 (RATNA),Bharat Petroleum Corporation Limited,,,,2021-05-01,2021-05-01,4006.83,3596,3514.02,,,2021-05-01,,,on_schedule,311
2021-04-01,220100318,98,"ETAWAH-MAINPURI (NL),NCR",Central Railways,NCR,UTTAR PRADESH,1997-04-01,2008-12-01,,120,,,,,,,,without_doc,212
2021-04-01,N24001199,98,CONSTRUCTION OF EIGHT LANE ACCESS CONTROLLED EXPRESSWAY CARRIAGEWAY FROM BARDAWADI VILLAGE TO MANDSA,(State Pwds),NHAI,MADHYA PRADESH,2019-10-01,,2021-12-01,743.88,743.89,298.54,,,,,0/3,without_original_doc,205
2021-04-01,N16000275,99,DURGAPUR-HALDIA PIPELINE PROJECT,Limited,GAIL,WEST BENGAL,2017-03-01,2020-12-01,2021-12-01,1740,1740,764.5,,,2021-12-01,,,delayed,340
2021-04-01,N18000284,99,RAMAGUNDAM FLOATING SOLAR 100 MW,National Thermal Power Corporation,,,2019-06-01,2021-04-01,2021-04-01,401.9,401.9,,,,,,,on_schedule,311
2021-04-01,N22000158,99,DHOLPUR-SIRMUTTRA WITH EXTENSION TO GANGAPURCITY AND MOHARI-TANTPUR AND TANPUR-BANSI PAHARPUR,Central Railways,NCR,MULTI STATE,2010-04-01,,,2030.5,,,,,,,,without_doc,212
2021-04-01,N24000829,99,FOUR LANING OF KALAGAM TO KARUPPUR FROM KM.38+700 TO KM. 50+382 AND TWO LANING WITH PAVED SHOULDERS,(State Pwds),NHAI,TAMIL NADU,2018-03-01,,2022-01-01,1016.92,1071,218.47,,,,,0/0,without_original_doc,205
2021-04-01,N16000349,100,SUSTAINED EVACUATION OF GAS FROM GANDHAR FIELDS BY INSTALLING A GAS COMPRESSOR AND PIPELINE CONNECTI,Limited,GAIL,GUJARAT,2018-09-01,2021-02-01,2021-12-01,225.54,247.9,40.1,,247.9,,,,delayed,340
2021-04-01,N18000290,100,ETTAYAPURAM SOLAR 230MW,National Thermal Power Corporation,,,2020-03-01,2021-09-01,2021-09-01,1316.22,1316.22,,,,,,,on_schedule,311
2021-04-01,N22000372,100,MATHURA-PLWAL 4TH LINE (80KM),Central Railways,NCR,UTTAR PRADESH,2015-04-01,2020-03-01,,668.7,,,,668,,,,without_doc,212
2021-04-01,N24000847,100,CONSTRUCTION OF FLYOVER AT LAKHANI TOWN ON NH-53 (OLD NH-6),(State Pwds),NHAI,MAHARASHTRA,2018-03-01,2021-08-01,2022-02-01,291.53,291.53,150.06,,,,6(R3),0/0,without_original_doc,205
2021-04-01,N16000285,101,KOCHI-KOOTTANAD- BANGALORE-MANGALORE PIPELINE PHASE-II,Limited,GAIL,MULTI STATE Hindustan Petroleum Corporation Limited,2009-06-01,2012-12-01,2022-02-01,2915,5909,3607.2,,5909,2022-02-01,,,delayed,340
2021-04-01,N18000289,101,FATEHGARH SOLAR 296MW,National Thermal Power Corporation,,,2020-03-01,2021-09-01,2021-09-01,1749.31,1749.31,,,,,,,on_schedule,311
2021-04-01,N22000496,101,JHANSI BINA DOUBLING,Central Railways,NCR,UTTAR PRADESH North East Frontier Railway,2016-09-01,2021-03-01,,2001,,,,,,,,without_doc,212
2021-04-01,N24001213,101,CONSTRUCTION OF EIGHT LANE ACCESS CONTROLLED EXPRESSWAY CARRIAGEWAY FROM JODMI VILLAGE TO BANI VILLA,(State Pwds),NHAI,MADHYA PRADESH,2017-12-01,,2022-02-01,1094.97,1094.97,,,,,,2/4,without_original_doc,205
2021-04-01,N16000312,102,CONSTRUCTION OF A NEW POL DEPOT AT VILLAGE DATA IN HISAR DISTRICT IN HARYANA,Limited,HPCL,HARYANA,2017-11-01,2020-11-01,2021-06-01,255,300,271.7,,300,2021-06-01,,,delayed,341
2021-04-01,N18000283,102,KAWAS SOLAR 56 MW,National Thermal Power Corporation,Satluj Jal Vidyut Nigam Limited,,2020-08-01,2021-10-01,2021-10-01,261.8,261.8,,,,,,,on_schedule,311
2021-04-01,N22000210,102,AMBARI FALAKATA TO NEW MAYNAGURI,Central Railways,NFR,ASSAM,2011-04-01,2019-03-01,2021-03-01,314,,,,486.96,,,,without_doc,212
2021-04-01,N24000485,102,FOUR LANING WITH PS TALEBANI - SMBALPUR,(State Pwds),NHAI,ODISHA,2015-12-01,,2022-03-01,752.28,752.28,213.52,,202,,,0/1,without_original_doc,205
2021-04-01,N16000378,103,SWRO II WITH LLPH FACILITIES,Limited,HPCL,ANDHRA PRADESH,2019-09-01,2020-07-01,2021-07-01,196.26,196.26,92.38,,,,,,delayed,341
2021-04-01,N18000194,103,BUXAR THERMAL POWER PLANT (1320 MW),National Thermal Power Corporation,,,2019-03-01,2024-01-01,2024-01-01,10439.09,10439.09,2035.5,,,,,,on_schedule,311
2021-04-01,220100135,103,"NEW BG RLY LINE FROM EKLAKHI-BALURGHAT INCLUDING GAZOLE-ITAHAR(NL),NEFR",Central Railways,NFR,WEST BENGAL,1983-04-01,2019-03-01,,297.32,,,,200.34,,,,without_doc,212
2021-04-01,N24000731,103,REHABILITATION AND UP-GRADATION OF EXISTING 2-LANE TO 4 LANE OF KOIDA (KM206.20) TO RAJAMUNDA (KM 25,(State Pwds),NHAI,ODISHA,2018-01-01,,2022-03-01,953.09,953.09,332.04,,,,,0/0,without_original_doc,206
2021-04-01,N16000315,104,"180 TMTPA NEW LPG PLANT AT PATALGANGA(DIST RAIGAD), MAHARASHTRA",Limited,HPCL,MAHARASHTR A,2017-06-01,2020-06-01,2021-09-01,249.26,249.26,134.44,,,2021-12-01,,,delayed,341
2021-04-01,N18000279,104,LUHRI HYDROELECTRIC PROJECT (STAGE1),National Thermal Power Corporation,,,2020-11-01,2026-01-01,2026-01-01,1810.56,1810.56,422.46,,,,,,on_schedule,311
2021-04-01,N22000102,104,"SEVOK RANGPO, NEFR",Central Railways,NFR,SIKKIM,2008-04-01,2015-12-01,,1339.48,,,,,,,,without_doc,212
2021-04-01,N24000811,104,CONSTRUCTION OF SIX LANING OF DEDICATED PORT ROAD TO KRISHNAPATNAM PORT (PACKAGE-I) KM 0+000 TO KM 1,(State Pwds),NHAI,ANDHRA PRADESH,2018-03-01,,2022-03-01,314.43,314.43,85.61,,,,,0/0,without_original_doc,206
2021-04-01,N16000316,105,120 TMTPA NEW LPG PLANT AT BARHI JHARKAND STATE,Limited,HPCL,JHARKHAND,2017-06-01,2020-06-01,2021-09-01,161.5,161.5,78.18,,,2021-09-01,,,delayed,341
2021-04-01,N18000265,105,NAITWAR MORI HEP,National Thermal Power Corporation,,,2017-10-01,2021-12-01,2021-12-01,648.33,947.89,577.17,,,,,,on_schedule,311
2021-04-01,N22000193,105,NEW BG LINE FROM KALIYAGANJ TO BUNIADPUR,Central Railways,NFR,WEST BENGAL,2010-04-01,,,221.42,,,,,,,,without_doc,212
2021-04-01,N24001212,105,CONSTRUCTION OF EIGHT LANE ACCESS CONTROLLED EXPRESSWAY CARRIAGEWAY FROM BANI VILLAGE TO BARDAWADI V,(State Pwds),NHAI,MADHYA PRADESH,2017-12-01,,2022-11-01,656.98,840,105.5,,,,,0/4,without_original_doc,206
2021-04-01,N16000235,106,VISAKH REFINERY MODERNISATION PROJECT,Limited,HPCL,ANDHRA PRADESH,2016-07-01,2020-07-01,2022-07-01,20928,26264,14820.38,,26264,2022-07-01,,,delayed,341
2021-04-01,N22000355,106,VAIBHAVWADI -KOLHAPUR (107 KM),Central Railways,,,2016-02-01,2024-03-01,2024-03-01,2750,3438.51,,,,,,,on_schedule,311
2021-04-01,N22000196,106,DIMAPUR-TIZIT NL,Central Railways,NFR,NAGALAND,2013-04-01,2020-03-01,,4274,,,,,,,,without_doc,212
2021-04-01,N28000105,106,REDEVELOPMENT OF GPRA COLONY AT NAUROJI NAGAR,Ltd,NBCC,DELHI,2016-07-01,,2022-12-01,2694,2694,744.73,,,,,0/9,without_original_doc,206
2021-04-01,N16000296,107,EXTENSION OF VISAKH- VIJAYAWADA-SECUNDERABAD PIPELINE (VVSPL) FROM VIJAYAWADA TO DHARMAPURI AND CONST,Limited,HPCL,MULTI STATE,2017-09-01,2021-06-01,2022-08-01,2677,3072,2239.96,,,2022-08-01,,,delayed,341
2021-04-01,N22000231,107,WARDHA-NANDED MAHARASHTRA,Central Railways,,,2008-04-01,2023-03-01,2023-03-01,3168.29,3168.29,1352.27,,,,,,on_schedule,311
2021-04-01,N22000205,107,NEW BG LINE FROM BYRNIHAT TO SHILLONG,Central Railways,NFR,MEGHALAYA,2010-04-01,2021-03-01,,906.46,,,,1202.33,,,,without_doc,212
2021-04-01,N16000385,108,CITY GAS DISTRIBUTION PROJECT IN GEOGRAPHICAL AREA OF SONIPAT (EAAA) AND JIND DISTRICTS,Limited,HPCL,HARYANA,2018-09-01,2026-09-01,2027-02-01,520,520,126.72,,,2027-02-01,,,delayed,341
2021-04-01,N22000354,108,PUNE-NASIK (265 KM),Central Railways,,,2016-02-01,2024-03-01,2024-03-01,2425,5341.68,,,,,,,on_schedule,311
2021-04-01,N22000206,108,NEW BG LINE FROM BALURGHAT TO HILLY NFR,Central Railways,NFR,MULTI STATE,2010-04-01,2020-03-01,,242.22,,,,,,,,without_doc,212
2021-04-01,N16000387,109,CITY GAS DISTRIBUTION IN UP AND UK,Limited,HPCL,UTTAR PRADESH Indian Oil Corporation Limited,2019-03-01,2029-03-01,2029-08-01,3450.2,3450.2,235.43,,,2029-08-01,,,delayed,341
2021-04-01,N22000360,109,DAUND - MANMAD (236 KM),Central Railways,,,2016-02-01,2023-03-01,2023-03-01,1876,2081.27,445.15,,,,,,on_schedule,311
2021-04-01,N22000209,109,NEW JALPAIGURI SILIGURI NEW BONGAIGAON INCLUDING BR LINE AND MM CHALSA NAXAL RAJABHATKHOWA JAINTI,Central Railways,NFR,MULTI STATE,1999-04-01,,,819.23,,,,,,,,without_doc,212
2021-04-01,N16000196,110,PARADIP LPG IMPORT FACILITY,Limited,IOCL,MULTI STATE,2015-01-01,2018-07-01,2021-05-01,690,690,545.44,,,2021-05-01,,,delayed,341
2021-04-01,N22000353,110,INDORE - MANMAD VIA MALEGAON (368 KM),Central Railways,North Central Railway,,2016-02-01,2024-03-01,2024-03-01,9968,9968,,,,,,,on_schedule,311
2021-04-01,N22000499,110,NEW JALPAIGURI-SILIGURI-NEW BONGAIGAON GC WITH MM OF NEW LINE OF CHALSA-NAXAL AND RAJABHATKHAWA-JAIN,Central Railways,NFR,WEST BENGAL 2 09,1999-02-01,2010-04-01,,380.6,,,,,,,,without_doc,212
2021-04-01,N16000236,111,"DEVELOPMENT OF FACILITIES AT MOINARBAND (SILCHAR) , CACHAR , ASSAM AS RESITEMENT OF RAMNAGAR DEPOT",Limited,IOCL,ASSAM,2016-06-01,2019-08-01,2021-06-01,423,502,422.12,,,2021-06-01,,,delayed,341
2021-04-01,N22000495,111,JHANSI MANIKPUR AND KHAIRAR BHIMSEN DOUBLING,Central Railways,North Eastern Railway,,2018-03-01,2023-03-01,2023-03-01,4329.53,4329.53,33.37,,,,,,on_schedule,312
2021-04-01,N22000101,111,"KISHANGANJ JALALGARH, NL, NEFR",Central Railways,NFR,BIHAR,2008-04-01,,,333.76,,,,,,,,without_doc,213
2021-04-01,N16000282,112,SITARGANJ LPG PROJECT,Limited,IOCL,UTTARAKHAND,2017-02-01,2020-02-01,2021-06-01,160.1,160.1,93.54,,,2021-06-01,,,delayed,341
2021-04-01,N22000131,112,CHHITAUNI TAMKUHI ROAD KUSHINAGAR GOPALGANJ UP,Central Railways,,,2007-03-01,2021-12-01,2021-12-01,243.78,895,111.89,,,,,,on_schedule,312
2021-04-01,N22000208,112,MURKONGSELEK-PASIGHAT NL,Central Railways,NFR,MULTI STATE North Eastern Railway,2011-04-01,2020-03-01,,414.84,,,,,,,,without_doc,213
2021-04-01,N16000337,113,INSTALLATION OF 'INDJET' UNIT AT BARAUNI REFINERY,Limited,IOCL,BIHAR,2018-07-01,2021-01-01,2021-06-01,189,189,149.34,,,2021-06-01,,,delayed,341
2021-04-01,220100319,113,HATHUA-BHATNI (N L) (NER),Central Railways,,,2005-04-01,2022-12-01,2022-12-01,230.03,230.03,277.14,,,,,,on_schedule,312
2021-04-01,N22000461,113,PILIBHIT - SHAHJAHANPUR GAUGE CONVERSION,Central Railways,NER,UTTAR PRADESH,2017-04-01,2017-04-01,2021-03-01,622.5,,,,427,,,,without_doc,213
2021-04-01,N16000339,114,BS VI PROJECT AT GUWAHATI REFINERY,Limited,IOCL,ASSAM,2018-08-01,2020-02-01,2021-06-01,557,557,496.45,,,2021-06-01,,,delayed,342
2021-04-01,N22000347,114,ROSA-SITAPUR CANTT-BURHWAL DOUBLING,Central Railways,National High Speed Rail Corporation Limited,,2015-03-01,2022-03-01,2022-03-01,1295.42,1295.42,1111.5,,,,,,on_schedule,312
2021-04-01,220100317,114,KICHHA-KHATIMA (NL) - NER,Central Railways,NER,UTTARAKHAND,2003-04-01,,,142.45,,,,,,,,without_doc,213
2021-04-01,N16000321,115,CATALYST MANUFACTURING UNIT OF 1500 MTPA CAPACITY AT PANIPAT REFINERY,Limited,IOCL,HARYANA,2018-04-01,2020-02-01,2021-08-01,206.63,206.63,93.11,,,2021-08-01,,,delayed,342
2021-04-01,N22000463,115,MUMBAI AHMEDABAD HIGH SPEED RAIL PROJECT,Central Railways,Rail Vikas Nigam Ltd.,,2015-12-01,2023-12-01,2023-12-01,108000,108000,12039.69,,,,,,on_schedule,312
2021-04-01,N22000130,115,ANANDNAGAR GHUGHALI VIA MAHRAJGANJ UP,Central Railways,NER,UTTAR PRADESH,2013-03-01,,,307,,,,,,,,without_doc,213
2021-04-01,N16000267,116,ADDITIONAL FACILITIES AT MANMAD FOR COVERSION TO TOP ON KOYALI-MANMAD- AHMEDNAGAR-SOLAPUR PIPELINE,Limited,IOCL,MAHARASHTRA,2016-05-01,2021-01-01,2021-09-01,212,212,148.29,,,,,,delayed,342
2021-04-01,N22000501,116,MATHURA-JHANSI-3RD LINE (273.80 KM),Central Railways,,,2016-06-01,2023-12-01,2023-12-01,3677.76,3677.76,446.65,,,,,,on_schedule,312
2021-04-01,N22000136,116,KAPILVASTU-BASTI VIA BANSI SIDHARTHNAGAR BASTI NAUGARH UP,Central Railways,NER,UTTAR PRADESH,2013-03-01,,,643,,,,,,,,without_doc,213
2021-04-01,N16000276,117,ADDITIONAL FACILITIES AT AHMEDNAGAR FOR CONVERSION TO TOP ON KOYALI-MANMAD- AHMEDNAGAR-SOLAPUR PIPELI,Limited,IOCL,MAHARASHTRA,2016-05-01,2021-01-01,2021-09-01,261,261,158.24,,,,,,delayed,342
2021-04-01,N22000369,117,VIJAYAWADA-GUDUR,Central Railways,,,2015-04-01,2023-12-01,2023-12-01,3246.26,3548.68,2224.17,,,,,,on_schedule,312
2021-04-01,N22000321,117,GHAZIPUR - AUNRIHAR (40 KM),Central Railways,NER,UTTAR PRADESH,2014-04-01,,,182.92,,,,,,,,without_doc,213
2021-04-01,N16000304,118,"PROVISION OF 2ND SPUR FOR TWL GANTRY, TWD FACILITY FOR MS AND HSD, ADDITIONAL TANKS FOR MS,HSD AND",Limited,IOCL,MADHYA PRADESH,2017-08-01,2020-06-01,2021-09-01,236,293,161.05,,293,2021-09-01,,,delayed,342
2021-04-01,N22000403,118,SECUNDERABAD-MAHABUBNAGAR DOUBLING,Central Railways,,,2015-04-01,2024-12-01,2024-12-01,773.94,850,705.5,,,,,,on_schedule,312
2021-04-01,N22000460,118,PADRAUNA - KUSHINAGAR VIA GORAKHPUR - NEW LINE,Central Railways,NER,UTTAR PRADESH North Western Railway,2017-04-01,2018-01-01,,1343,,,,,,,,without_doc,213
2021-04-01,N16000317,119,LPG BP PROJECT MOTIHARI,Limited,IOCL,BIHAR,2018-05-01,2021-03-01,2021-09-01,206.5,206.5,134.97,,,2021-09-01,,,delayed,342
2021-04-01,N22000140,119,AHMEDABAD-BOTAD (GC),Central Railways,,,2012-04-01,2021-12-01,2021-12-01,975.62,1500,1497.74,,,,,,on_schedule,312
2021-04-01,N22000149,119,THIYAT HAMIRA-SANU,Central Railways,NWR,RAJASTHAN,2013-04-01,2018-10-01,2020-01-01,236.93,,,,,,,,without_doc,213
2021-04-01,N16000268,120,ADDITIONAL FACILITIES AT SOLAPUR FOR CONVERSION TO TOP ON KOYALI-MANMAD- AHMEDNAGAR-SOLAPUR PIPELINE,Limited,IOCL,MAHARASHTRA,2016-05-01,2021-01-01,2021-10-01,348,348,217.55,,,,,,delayed,342
2021-04-01,N24001132,120,BHOGAN KHURD TO KASHEDI,Ministry Of Road Transport And Highways (State Pwds),,,2017-09-01,2021-06-01,2021-06-01,743.21,743.21,193.08,,743,,,,on_schedule,312
2021-04-01,N22000157,120,ALWAR-BANDIKUI DOUBLING,Central Railways,NWR,RAJASTHAN,2013-04-01,2019-02-01,2020-02-01,242.09,,,,,,,,without_doc,213
2021-04-01,N16000300,121,KHARAGPUR LPG BOTTLING PLANT,Limited,IOCL,WEST BENGAL,2017-04-01,2020-04-01,2021-10-01,163.02,163.02,101.52,,,2021-10-01,,,delayed,342
2021-04-01,N24001307,121,WIDENING TO 2-LANE WITH PAVED SHOULDER IN/C GEOMETRIC IMPROVEMENT FROM KM 397.00 TO KM 422.00 ( 25 K,Ministry Of Road Transport And Highways (State Pwds),,,2017-01-01,2022-12-01,2022-12-01,197.67,197.67,5.75,,,,,,on_schedule,312
2021-04-01,N22000137,121,BANGURGRAM-GURIYA PATCH DOUBLING,Central Railways,NWR,RAJASTHAN,2012-04-01,2019-12-01,2021-02-01,246.08,,,,,,,,without_doc,213
2021-04-01,N16000326,122,CREATING INFRASTRUCTURE AT GUJARAT REFINERY AND DUMAD FOR KOYALI AHMEDNAGAR SOLAPUR PIPELINE,Limited,IOCL,GUJARAT,2017-10-01,2020-02-01,2021-10-01,906,906,279.82,,,2021-10-01,,,delayed,342
2021-04-01,N24001180,122,WIDENING OF EXISTING SINGLE/INTERMEDIATE LANE ROAD TO 2 LANE ROAD FROM KM. 83.00 TO KM 101.00 ON NH-,Ministry Of Road Transport And Highways (State Pwds),,,2019-03-01,2022-12-01,2022-12-01,237.51,237.51,60.04,,,,,,on_schedule,312
2021-04-01,N22000155,122,AJMER-BANGURGRAM,Central Railways,NWR,RAJASTHAN,2011-04-01,2019-11-01,2021-03-01,213.39,,,,,,,,without_doc,213
2021-04-01,N16000303,123,REVAMPING OF EXISTING FACILITIES/ AUGMENTATION OF FACILITIES AT BAITALPUR DEPOT FOR,Limited,IOCL,UTTAR PRADESH,2017-08-01,2021-08-01,2021-11-01,318.8,318.8,147.52,,,,,,delayed,342
2021-04-01,N24001240,123,NAGAUR-BIKANER SECTION FROM KM 177.00 TO KM 267.325 ON NH-89,Ministry Of Road Transport And Highways (State Pwds),,,2020-03-01,2022-08-01,2022-08-01,370.36,370.36,90.45,,,,,,on_schedule,312
2021-04-01,N22000147,123,RATLAM-DUNGARPUR VIA BANSWARA (NL),Central Railways,NWR,MULTI STATE,2011-04-01,,,2082.75,,,,,,,,without_doc,213
2021-04-01,N16000323,124,INFRASTRUCTURE DEVELOPMENT TO FACILITATE BULK IMPORT OF GRID POWER AT 220 KV AT MATHURA REFINERY,Limited,IOCL,UTTAR PRADESH,2017-08-01,2020-08-01,2021-11-01,255.4,255.4,64.34,,1823,2021-11-01,,,delayed,343
2021-04-01,N24001216,124,WIDENING TO 2 LANE WITH PAVED SHOULDERS AND GEOMETRIC IMPROVEMENT OF NH-114A FROM KM 141 TO KM 184 I,Ministry Of Road Transport And Highways (State Pwds),,,2016-12-01,2021-09-01,2021-09-01,196,196,47.95,,,,,,on_schedule,312
2021-04-01,N22000150,124,AJMER-KOTA (NASIRABAD-JAUNDRI),Central Railways,NWR,RAJASTHAN,2013-04-01,,,822,,,,,,,,without_doc,213
2021-04-01,N16000193,125,AUGMENTATION OF PARADIP- HALDIA-DURGAPUR LPG PIPELINE AND ITS EXTENSION UPTO PATNA AND MUZAFFARPUR,Limited,IOCL,MULTI STATE,,2021-03-01,2021-12-01,3027.9,3027.9,1957.55,,,2021-12-01,,,delayed,343
2021-04-01,N24001197,125,UP GRADATION OF NEWLY DECLARED NH 341 TO TWO LANE WITH PAVED SHOULDER CONFIGURATION BETWEEN KM. 65.4,Ministry Of Road Transport And Highways (State Pwds),,,2018-03-01,2021-06-01,2021-06-01,351,351,128.7,,,,,,on_schedule,312
2021-04-01,N22000151,125,PUSHKAR-MERTA,Central Railways,NWR,RAJASTHAN,2013-04-01,,,323,,,,,,,,without_doc,213
2021-04-01,N16000342,126,"CONSTRUCTION OF GRASS ROOT PETROLEUM TOP AT ATCHUTAPURAM, ANDHRA PRADESH",Limited,IOCL,ANDHRA PRADESH,2018-08-01,2021-04-01,2021-12-01,466,466,256.49,,,2021-12-01,,,delayed,343
2021-04-01,N24001152,126,"STRENGTHENING WITH PAVED SHOULDER FROM KM 30/0 TO KM 46/0, KM 54/0 TO KM 61/0, KM 69/0 TO KM 80/0 AN",Ministry Of Road Transport And Highways (State Pwds),National Highways And Infrastructure Development Corporation Ltd.,,2018-09-01,2021-09-01,2021-09-01,160,160,101.7,,,,,,on_schedule,312
2021-04-01,N22000330,126,AJMER(NASIRABAD)- SAWAI MADHOPUR (CHAUTH KA BARWARA) VIS TONK NL,Central Railways,NWR,RAJASTHAN Northern Railway,2015-05-01,,,873.71,,,,,,,,without_doc,213
2021-04-01,N16000344,127,"CONSTRUCTION OF GRASS ROOT POL TERMINAL AT MOTIHARI, BIHAR",Limited,IOCL,BIHAR,2018-04-01,2021-03-01,2021-12-01,522,522,323.87,,,2021-12-01,,,delayed,343
2021-04-01,N24001253,127,"CONSTRUCTION, OPERATION AND MAINTENANCE OF Z-MORH TUNNEL INCLUDING APPROACHES ON NH-01 SRINAGAR- SONA",Ministry Of Road Transport And Highways (State Pwds),,,2019-12-01,2023-12-01,2023-12-01,2680.42,2680.42,,,,,,,on_schedule,313
2021-04-01,N22000289,127,HARIDWAR-LAKSAR,Central Railways,NR,UTTARAKHAND Rail India Technical And Economic Service,2012-04-01,,,219.83,,,,,,,,without_doc,213
2021-04-01,N16000305,128,"CONSTRUCTION OF GRASS ROOT POL TOP AT ASANUR, TAMIL NADU",Limited,IOCL,TAMIL NADU,2017-12-01,2020-10-01,2022-01-01,466.43,466.43,207.05,,,2022-01-01,,,delayed,343
2021-04-01,N24001257,128,CONSTRUCTION OF 2-LANE WITH PAVED SHOULDER OF KOHIMA-BYPASS ROAD FROM DESIGN KM21.0 TO KM32.0 [DESIG,Ministry Of Road Transport And Highways (State Pwds),,,2020-08-01,2022-10-01,2022-10-01,159.85,159.85,,,,,,,on_schedule,313
2021-04-01,N22000394,128,DOUBLING OF TRACK BETWEEN GOOTY AND DHARMAVARAM OF SOUTH CENTRAL RAILWAY,Central Railways,RITES,TELANGANA,2015-03-01,2021-03-01,2021-03-01,636.38,,,,,,,,without_doc,213
2021-04-01,N16000253,129,ENNORE THIRUVALLUR BENGALURU PUDUCHERRY NAGAPATTINAM MADURAITUTICORIN GAS PIPELINE,Limited,IOCL,TAMIL NADU,2016-05-01,2018-12-01,2022-02-01,4497,6025,3681.97,,6025,2022-02-01,,,delayed,343
2021-04-01,N24001274,129,IMPROVEMENT/UPGRADATION OF EXISTING 2-LANE TO 4- LANE DIVIDED HIGHWAY FROM TAPHOU KUKI TO DAILI SECTI,Ministry Of Road Transport And Highways (State Pwds),,,2020-08-01,2022-04-01,2022-04-01,379.39,379.39,,,,,,,on_schedule,313
2021-04-01,N22000370,129,GOOTY-DHARMAVARAM-BANGLORE,Central Railways,RITES,MULTI STATE Rail Vikas Nigam Ltd.,2015-04-01,,,636.38,,,,,,,,without_doc,213
2021-04-01,N16000353,130,ETHANOL PRODUCTION FROM PSA OFF GAS BASED ON LANZATECH TECHNOLOGY AT PANIPAT REFINERY,Limited,IOCL,HARYANA,2018-10-01,2020-02-01,2022-02-01,598,598,293.8,,,2022-02-01,,,delayed,343
2021-04-01,N24001264,130,UP-GRADATION TO 2-LANE WITH PAVED SHOULDER FROM KM 12.850 TO KM20.300 OF 7.450KM LENGTH ON GOHA-KHEL,Ministry Of Road Transport And Highways (State Pwds),,,2020-07-01,2022-04-01,2022-04-01,228.39,228.39,,,,,,,on_schedule,313
2021-04-01,N22000141,130,DHASA-JETALSAR (GC),Central Railways,RVNL,GUJARAT,2012-04-01,2021-03-01,2021-03-01,644.38,,,,,,,,without_doc,213
2021-04-01,N16000171,131,LPG TERMINAL AT KOCHI,Limited,IOCL,KERALA,2015-10-01,2017-10-01,2022-03-01,607.06,1236,394.74,,1236,2022-03-01,,,delayed,343
2021-04-01,N24001248,131,WIDENING/IMPROVEMENT TO 4-LANE WITH PAVED SHOULDER FROM CH.75.330KM TO CH.88.00KM (DESIGN CH.71.800,Ministry Of Road Transport And Highways (State Pwds),,,2020-08-01,2022-04-01,2022-04-01,208.84,208.84,,,,,,,on_schedule,313
2021-04-01,220100285,131,HARIDASPUR-PARADEEP(NL),Central Railways,RVNL,ODISHA,1996-04-01,2017-12-01,,1185.64,,,,,,,,without_doc,213
2021-04-01,N16000194,132,PARADIP HYDERABAD PIPLEINE,Limited,IOCL,MULTI STATE,2015-01-01,2020-12-01,2022-03-01,2321,3338,2923.7,,3338,2022-03-01,,,delayed,343
2021-04-01,N24001275,132,IMPROVEMENT/UPGRADATION OF EXISTING 2-LANE TO 4- LANE DIVIDED HIGHWAY FROM DAILI TO KURAOPOKPI SECTIO,Ministry Of Road Transport And Highways (State Pwds),,,2020-08-01,2022-04-01,2022-04-01,268.98,268.98,,,,,,,on_schedule,313
2021-04-01,220100327,132,KHURDA ROAD - BARANG 3RD LINE (DL) (ECOR),Central Railways,RVNL,ODISHA Railway Electrification 2 10,2000-04-01,2009-03-01,,133.41,,,,207,2009-03-01,,,without_doc,213
2021-04-01,N16000283,133,LPG BP PROJECT KHORDHA,Limited,IOCL,ODISHA,2016-12-01,2019-12-01,2022-03-01,161.59,161.59,49.59,,,2022-03-01,,,delayed,343
2021-04-01,N24001244,133,CONSTRUCTION OF 2-LANING WITH HARD SHOULDERS OF ARROWA-KHUPA-HAYULIANG SECTION OF NH-113 FROM CH.68.,Ministry Of Road Transport And Highways (State Pwds),,,2020-08-01,2022-04-01,2022-04-01,301.06,301.06,,,,,,,on_schedule,313
2021-04-01,N22000094,133,ELECTRIFICATION OF KHURJA-MEERUT-SAHARANPUR AND G'BAD-MEERUT,Central Railways,RE,UTTAR PRADESH South Central Railway,2008-02-01,2012-03-01,,171.1,,,,,,,,without_doc,214
2021-04-01,N16000345,134,PARADIP SOMNATHPUR HALDIA PIPELINE,Limited,IOCL,ODISHA,2018-10-01,2021-10-01,2022-03-01,1297.5,1297.5,722.93,,,,,,delayed,343
2021-04-01,N24001247,134,2-LANING FROM MANU-SIMLUNG ( PKG I),Ministry Of Road Transport And Highways (State Pwds),,,2020-03-01,2022-01-01,2022-01-01,247.76,247.76,2.6,,,,,,on_schedule,313
2021-04-01,220100192,134,"NANDYAL-YERRAGUNTLA(NL),SCR",Central Railways,SCR,ANDHRA PRADESH,1996-03-01,2009-02-01,,164.36,,,,,,,,without_doc,214
2021-04-01,N16000350,135,REVAMPING OF VIJAYAWADA TERMINAL FOR CONVERSION TO TOP,Limited,IOCL,ANDHRA PRADESH,2018-10-01,2021-10-01,2022-03-01,316.2,316.2,98.14,,,2022-03-01,,,delayed,344
2021-04-01,N24001262,135,CONSTRUCTION & UPGRADATION OFEXISTINGROAD TO 2- LANE WITH PAVED SHOULDER INCLUDING GEOMETRIC IMPROVEM,Ministry Of Road Transport And Highways (State Pwds),,,2020-07-01,2023-04-01,2023-04-01,345.38,345.38,,,,,,,on_schedule,313
2021-04-01,N22000259,135,MANUGURU-RAMAGUNDAM,Central Railways,SCR,TELANGANA,2013-04-01,,,1112,,,,,,,,without_doc,214
2021-04-01,N16000352,136,2ND GENERATION ETHANOL PLANT AT PANIPAT REFINERY,Limited,IOCL,HARYANA,2019-01-01,2021-01-01,2022-03-01,909,909,309.94,,,2022-03-01,,,delayed,344
2021-04-01,N24001272,136,2-LANING OF CHURACHANDPUR TUIVAI SECTION OF NH-102B (PKG- 4A),Ministry Of Road Transport And Highways (State Pwds),,,2020-03-01,2022-06-01,2022-06-01,167.95,167.95,1.12,,,,,,on_schedule,313
2021-04-01,N22000265,136,GUDUR-DURGARAJAPATNAM,Central Railways,SCR,ANDHRA PRADESH,2011-04-01,,,761.37,,,,,,,,without_doc,214
2021-04-01,N16000383,137,COMPRESSED BIO GAS PLANT AT GORAKHPUR,Limited,IOCL,HARYANA,2019-09-01,2021-07-01,2022-03-01,164.69,164.69,13.16,,,2022-03-01,,,delayed,344
2021-04-01,N24001288,137,CONSTRUCTION OF 2-LANE WITH PAVED SHOULDER OF KOHIMA-BYPASS ROAD FROM DESIGN KM 0.00 TO KM 10.500 [D,Ministry Of Road Transport And Highways (State Pwds),,,2020-08-01,2022-04-01,2022-04-01,232.29,232.29,,,,,,,on_schedule,313
2021-04-01,N22000282,137,CUMBUM-PRODDATUR,Central Railways,SCR,ANDHRA PRADESH,2013-04-01,,,829,,,,,,,,without_doc,214
2021-04-01,N16000340,138,NAPHTHA CRACKER EXPANSION PROJECT AT PANIPAT,Limited,IOCL,HARYANA,2018-08-01,2020-08-01,2022-04-01,1636,1636,723.59,,,2022-04-01,,,delayed,344
2021-04-01,N24001277,138,CONSTRUCTION OF CHHIATHLANG -SERCHHIP BYPASS (PKG- 1) ON AIZAWL-TUIPANG SECTION OF NH-54,Ministry Of Road Transport And Highways (State Pwds),,,2020-09-01,2022-10-01,2022-10-01,275.02,275.02,14.15,,,,,,on_schedule,313
2021-04-01,N22000366,138,DUVVADA-VIJAYAWADA,Central Railways,SCR,ANDHRA PRADESH South East Central Railway,2015-04-01,,,3873.07,,,,,,,,without_doc,214
2021-04-01,N16000361,139,ADDITIONAL STORAGE TANKS AT PARADIP,Limited,IOCL,ODISHA,2018-11-01,2021-09-01,2022-06-01,462.3,462.3,23.19,,,2022-06-01,,,delayed,344
2021-04-01,N24001266,139,UP-GRADATION TO 2-LANE WITH PAVED SHOULDER FROM KM 20.300 TO KM 29.030 OF 8.730 KM LENGTH ON GOHA-K,Ministry Of Road Transport And Highways (State Pwds),,,2020-07-01,2022-04-01,2022-04-01,210.79,210.79,,,,,,,on_schedule,313
2021-04-01,220100324,139,CHHINDWARA - NAGPUR (GC)(SECR),Central Railways,SECR,MADHYA PRADESH,2005-04-01,,,383.79,,,,,,,,without_doc,214
2021-04-01,N16000363,140,"INFRASTRUCTURE DEVELOPMENT TO FACILITATE IMPORT OF GRID POWER AT 220 KV, PANIPAT",Limited,IOCL,HARYANA,2018-12-01,2021-06-01,2022-07-01,278.6,278.6,44.73,,,2022-07-01,,,delayed,344
2021-04-01,N24001256,140,CONSTRUCTION OF (I) CONNECTING ROAD FROM Z-MORH TUNNEL TO ZOJILA TUNNEL AND (II) 14.150 KM LONG BI-D,Ministry Of Road Transport And Highways (State Pwds),,,2020-08-01,2026-09-01,2026-09-01,6808.69,6808.69,,,,,,,on_schedule,313
2021-04-01,N22000483,140,CHAMPA-JHARSUGUDA 3RD LINE,Central Railways,SECR,CHHATISGARH South Eastern Railway,2008-04-01,2019-12-01,,872,,,,,,,,without_doc,214
2021-04-01,N16000324,141,DEVLEOPMENT OF GRID INFRASTRUCTURE FOR IMPORTING GRID POWER AT 220 KV AT BARAUNI REFINERY,Limited,IOCL,BIHAR,2017-12-01,2020-10-01,2022-08-01,199.36,199.36,34.4,,,2022-08-01,,,delayed,344
2021-04-01,N24001273,141,2-LANING OF CHURACHANDPUR TUIVAI SECTION OF NH-102B (PKG- 4B),Ministry Of Road Transport And Highways (State Pwds),,,2020-07-01,2022-08-01,2022-08-01,177.76,177.76,0.64,,,,,,on_schedule,313
2021-04-01,N22000323,141,RAJKHARSWAN- CHAKRADHARPUR 3RD LINE (20 KM) JHARKHAND,Central Railways,SER,JHARKHAND,2012-04-01,2016-12-01,2020-08-01,148.77,,,,,,,,without_doc,214
2021-04-01,N16000362,142,Fuel Quality Upgradation Project at Paradip Refinery,Limited,IOCL,ODISHA,2019-05-01,2021-08-01,2022-09-01,3361,3361,1665.03,,,2022-09-01,,,delayed,344
2021-04-01,N24001249,142,2-LANING FROM MANU-SIMLUNG ( PKG III),Ministry Of Road Transport And Highways (State Pwds),,,2020-06-01,2022-01-01,2022-01-01,347.36,347.36,,,,,,,on_schedule,313
2021-04-01,220100208,142,HOWRAH-AMTA-CHAMPADANGA NL (SER),Central Railways,SER,WEST BENGAL,1974-04-01,2007-03-01,,393.46,,,,154.3,2007-03-01,,,without_doc,214
2021-04-01,N16000343,143,REVAMPING OF FACILITIES AT VIZAG TERMINAL,Limited,IOCL,ANDHRA PRADESH,2018-04-01,2022-04-01,2023-02-01,355,355,106.53,,,,,,delayed,344
2021-04-01,N24001284,143,2 LANING OF KOHIMA - JESSAMI SECTION (PACKAGE III),Ministry Of Road Transport And Highways (State Pwds),,,2020-03-01,2022-06-01,2022-06-01,361.53,361.53,13.17,,,,,,on_schedule,313
2021-04-01,N22000162,143,CHAMPAJHARAN-BIMALGARH DOUBLING EXTENSION,Central Railways,SER,ODISHA Southern Railway,2010-04-01,2015-03-01,,149.9,,,,,,,,without_doc,214
2021-04-01,N16000368,144,INSTALLATION OF STANDBY SRU TRAIN OF 525 TPD ALONGWITH INCINERATOR AT PARADIP REFINERY,Limited,IOCL,ODISHA,2019-06-01,2022-09-01,2023-03-01,371,371,4.44,,,2023-03-01,,,delayed,344
2021-04-01,N24001251,144,CONSTUCTION/UPGRADATION OF EXISTING HIGHWAY TO 2 LANE WITH PAVED SHOULDER FROM KM 0.00 TO KM 13.00 N,Ministry Of Road Transport And Highways (State Pwds),,,2019-03-01,2022-04-01,2022-04-01,402.94,402.94,,,,,,,on_schedule,313
2021-04-01,N22000373,144,OMALUR-METTURDAM- DOUBLINGWITH ELCTRIFICATION 28.93KM,Central Railways,SR,TAMIL NADU,2013-10-01,2014-04-01,2020-12-01,187.26,,,,,,,,without_doc,214
2021-04-01,N16000375,145,R and D CAMPUS II AT FARIDABAD,Limited,IOCL,HARYANA,2019-06-01,2022-12-01,2023-07-01,2281.94,2281.94,431.31,,,2023-07-01,,,delayed,344
2021-04-01,N24001252,145,CONSTUCTION/UPGRADATION OF EXISTING HIGHWAY TO 2 LANE WITH PAVED SHOULDER FROM KM 13.00 TO KM 25.600,Ministry Of Road Transport And Highways (State Pwds),,,2020-08-01,2023-04-01,2023-04-01,295.97,295.97,,,,,,,on_schedule,313
2021-04-01,220100252,145,ANGAMALI-SABARIMALA (N.L.)(SR),Central Railways,SR,KERALA,1998-10-01,,,1566,,,,,,,,without_doc,214
2021-04-01,N16000351,146,GRASS ROOT TERMINAL AT MALKAPUR,Limited,IOCL,TELANGANA Mangalore Refinery And Petrochemicals Limited,2018-12-01,2022-04-01,2023-08-01,611,611,76.47,,,,,,delayed,344
2021-04-01,N24001287,146,2 LANING OF KOHIMA - JESSAMI SECTION (PACKAGE V),Ministry Of Road Transport And Highways (State Pwds),,,2020-04-01,2021-12-01,2021-12-01,330.8,330.8,11.57,,,,,,on_schedule,314
2021-04-01,N22000084,146,TINDIVANAM-GINGEE-TIRUVANNAMALAI (NL),Central Railways,SR,TAMIL NADU,2006-09-01,,,227.4,,,,,,,,without_doc,214
2021-04-01,N16000319,147,SEA WATER DESALINATION PLANT,Limited,MANGALORE REFIN,KARNATAKA,2017-11-01,2020-03-01,2021-07-01,581,637,489.1,,637,2020-11-01,,,delayed,345
2021-04-01,N24001279,147,CONSTRUCTION OF TWO LANE WITH PAVED SHOULDER OF SELLING-DULTE SECTION OF NH-06 (PKG-II),Ministry Of Road Transport And Highways (State Pwds),,,2020-03-01,2022-07-01,2022-07-01,216.49,216.49,28.93,,,,,,on_schedule,314
2021-04-01,N22000184,147,ATTIPPATTU PUTTUR,Central Railways,SR,TAMIL NADU,2008-04-01,2019-02-01,,151.84,,,,,,,,without_doc,214
2021-04-01,N16000257,148,BSVI UPGRADATION,Limited,MANGALORE REFIN,KARNATAKA Oil & Natural Gas Corporation Limited,2016-09-01,2019-12-01,2022-02-01,1810,1810,1658.31,,1810,2021-04-01,,,delayed,345
2021-04-01,N24001269,148,2-LANING OF CHURACHANDPUR TUIVAI SECTION OF NH-102B (PKG- IB),Ministry Of Road Transport And Highways (State Pwds),,,2020-03-01,2022-03-01,2022-03-01,216.49,216.49,3.35,,,,,,on_schedule,314
2021-04-01,N22000186,148,SRIPERUMBUDUR-GUDUVANCHERY WITH SPUR TO IRUNGATTUKKOTTAI-AVADI-SRIPERUMBUDUR,Central Railways,SR,TAMIL NADU,2013-04-01,,,839,,,,,,,,without_doc,214
2021-04-01,N16000278,149,"PIPELINE NETWORK PROJECT GELEKI, ASSAM",Limited,ONGC,ASSAM,2016-07-01,2020-05-01,2021-05-01,249.85,303.75,199.31,,303.75,2021-05-01,,,delayed,345
2021-04-01,N24001283,149,CONSTRUCTION OF TWO LANE WITH PAVED SHOULDER OF SELLING-DULTE SECTION OF NH-06 (PKG-IV),Ministry Of Road Transport And Highways (State Pwds),,,2020-03-01,2022-07-01,2022-07-01,281.78,281.78,38.4,,,,,,on_schedule,314
2021-04-01,N22000191,149,KUMBALAM-TURAVUR,Central Railways,SR,KERALA,2011-04-01,,,252.96,,,,,,,,without_doc,214
2021-04-01,N16000370,150,PIPELINE REPLACEMENT PROJECT (PRP-VI),Limited,ONGC,MAHARASHTR A,2019-05-01,2020-12-01,2021-05-01,763.92,733.86,757.62,,,2021-05-01,,,delayed,345
2021-04-01,N24001270,150,2-LANING OF CHURACHANDPUR TUIVAI SECTION OF NH-102B (PKG- 2A),Ministry Of Road Transport And Highways (State Pwds),,,2020-03-01,2022-06-01,2022-06-01,292.24,292.24,1.74,,,,,,on_schedule,314
2021-04-01,N22000199,150,ERODE-PALANI,Central Railways,SR,TAMIL NADU,2008-04-01,,,288.57,,,,,,,,without_doc,214
2021-04-01,N16000241,151,Field Development Plan of Madanam NELP-IV Block CY-ONN- 2002,Limited,ONGC,TAMIL NADU,2015-11-01,2019-03-01,2021-09-01,650.82,624.35,447.05,,,2021-09-01,,,delayed,345
2021-04-01,N24001245,151,CONSTRUCTION OF 2-LANING WITH HARD SHOULDERS OF DEMWE-BRAHMAKUND SECTION OF NH-13 FROM CH.0.00 KM TO,Ministry Of Road Transport And Highways (State Pwds),,,2020-09-01,2022-05-01,2022-05-01,353.9,353.9,4.21,,,,,,on_schedule,314
2021-04-01,N22000204,151,ERNAKULAM-KUMBALAM,Central Railways,SR,KERALA,2010-04-01,,,189.24,,,,,,,,without_doc,214
2021-04-01,N16000357,152,"DEVELOPMENT OF NEW MARGINAL FIELD WO 24-3, D30 AND B192 ALONG WITH FACILITY FOR CO2 MITIGATION",Limited,ONGC,MAHARASHTR A,2019-02-01,2021-05-01,2021-12-01,2292.46,2203.71,1757.87,,,2021-12-01,,,delayed,345
2021-04-01,N24001271,152,2-LANING OF CHURACHANDPUR TUIVAI SECTION OF NH-102B (PKG- 2B),Ministry Of Road Transport And Highways (State Pwds),,,2020-06-01,2022-08-01,2022-08-01,365.53,365.53,3.35,,,,,,on_schedule,314
2021-04-01,N22000399,152,TRIVANDRUM-KANYAKUMARI DOUBLING,Central Railways,SR,KERALA,2015-02-01,,,1431.9,,,,,,,,without_doc,214
2021-04-01,N16000359,153,MUMBAI HIGH SOUTH REDEVELOPMENT PHASE-IV,Limited,ONGC,MAHARASHTR A,2019-05-01,2021-05-01,2022-01-01,3660.71,3740.05,2808.52,,3740.05,2022-01-01,,,delayed,345
2021-04-01,N24001278,153,CONSTRUCTION OF TWO LANE WITH PAVED SHOULDER OF SELLING-DULTE SECTION OF NH-06 (PKG-I),Ministry Of Road Transport And Highways (State Pwds),,,2020-03-01,2022-07-01,2022-07-01,206.88,206.88,9.33,,,,,,on_schedule,314
2021-04-01,N22000400,153,TURAVUR-AMBALAPUZHA DOUBLING,Central Railways,SR,KERALA,2015-02-01,,,1000,,,,,,,,without_doc,214
2021-04-01,N16000128,154,CONVERSION OF RIG SAGAR SAMRAT TO MOBILE OFFSHORE PRODUCTION UNIT(MOPS),Limited,ONGC,MAHARASHTR A,2011-03-01,2013-05-01,2022-02-01,861.79,2001,1551.48,,1846.46,2022-02-01,,,delayed,345
2021-04-01,N24001267,154,REHABILITATION AND UP-GRADATION OF ROAD FROM DESIGN KM 11.800 TO KM 25.250 OF KAILASHAHAR-KURTI BRID,Ministry Of Road Transport And Highways (State Pwds),,,2020-03-01,2022-07-01,2022-07-01,178.43,178.43,,,,,,,on_schedule,314
2021-04-01,N22000443,154,PALAKKAD - SETTING UP OF RAIL COACH FACTORY,Central Railways,SR,KERALA 2 11,2012-02-01,2016-03-01,,550,,,,,,,,without_doc,214
2021-04-01,N16000213,155,LIFE EXTENSION OF WALL PLATFORMS OF MUMBAI HIGH AND HEERA FIELDS,Limited,ONGC,MAHARASHTR A,2015-12-01,2018-04-01,2022-05-01,3190.69,3375.9,2786.78,,3375.9,2022-05-01,,,delayed,345
2021-04-01,N24001259,155,UPGRADATION OF EXISTING ROAD TO 2-LANE WITH PAVED SHOULDER FROM KOHIMA TO MAO FROM KM 185.540 TO KM,Ministry Of Road Transport And Highways (State Pwds),,,2020-09-01,2022-04-01,2022-04-01,315.63,315.63,,,,,,,on_schedule,314
2021-04-01,N22000444,155,ATTIPATTU - KORUKKUPETTAI : 3RD LINE (18 KM) DOUBLING,Central Railways,SR,TAMIL NADU Western Railway,1999-02-01,2018-03-01,,257,,,,257,,,,without_doc,215
2021-04-01,N16000247,156,KG-DWN-98-2 CLUSTER II DEVELOPMENT PROJECT,Limited,ONGC,ANDHRA PRADESH,2016-03-01,2020-06-01,2022-06-01,34012,25090,11254.33,,,2022-06-01,,,delayed,345
2021-04-01,N24001261,156,CONSTRUCTION & UPGRADATION OFEXISTINGROAD TO 2- LANE WITH PAVED SHOULDER INCLUDING GEOMETRIC IMPROVEM,Ministry Of Road Transport And Highways (State Pwds),,,2020-08-01,2023-04-01,2023-04-01,311,311,,,,,,,on_schedule,314
2021-04-01,N22000494,156,DABHOI-CHANDOD (17.07KM) -GC WITH EXTENSION UPTO KEVADIYA(32.68KM) =49.75KM,Central Railways,WR,GUJARAT,2017-04-01,2020-03-01,2021-02-01,691.84,,,,1017.91,2021-02-01,,,without_doc,215
2021-04-01,N16000358,157,MUMBAI HIGH NORTH REDEVELOPMENT PHASE-IV,Limited,ONGC,MAHARASHTR A Oil India Limited,2019-04-01,2022-03-01,2023-05-01,3228.8,3976.67,1188.33,,3976.67,2023-05-01,,,delayed,345
2021-04-01,N24001260,157,CONSTRUCTION OF 2-LANE WITH HARD SHOULDER OF PEREN-DIMAPUR SECTION ON NH129A FROM DESIGN KM109.494 T,Ministry Of Road Transport And Highways (State Pwds),,,2020-09-01,2022-04-01,2022-04-01,257.15,257.15,17.77,,,,,,on_schedule,314
2021-04-01,N22000125,157,BHAVNAGAR-WORKSHOP FACILITIES FOR 50 BG COACHES POH PER MONTH (WR),Central Railways,WR,GUJARAT,2006-04-01,2011-03-01,,117.36,,,,196.95,,,,without_doc,215
2021-04-01,N16000331,158,DEVELOPMENT OF SURFACE FACILITIES FOR PRODUCTION AND EVACUATION OF CRUDE OIL AND NATURAL GAS FROM NA,Limited,OIL,ASSAM,2018-01-01,2020-02-01,2021-06-01,543.91,652.1,320.3,,,,,,delayed,346
2021-04-01,N24001254,158,CONSTUCTION/UPGRADATION OF EXISTING HIGHWAY TO 2 LANE WITH PAVED SHOULDER FROM KM 26.10 TO KM 40.00,Ministry Of Road Transport And Highways (State Pwds),,,2020-03-01,2022-06-01,2022-06-01,242.97,242.97,,,,,,,on_schedule,314
2021-04-01,N22000433,158,GANDHINAGAR REDEVELOPMENT OF STATION ALOGWITH CONSTRUCTION OF 300 ROOMS HOTEL ON AIR SPACE OF STATIO,Central Railways,WR,GUJARAT,2017-03-01,,,243.6,,,,,,,,without_doc,215
2021-04-01,N16000356,159,"CONSTRUCTION OF 762 MM DIAMETER GAS PIPELINE FROM BAGHJAN TO CGGS, MADHUBAN",Limited,OIL,ASSAM,2016-06-01,2020-08-01,2021-06-01,224.75,222.21,166.48,,,,,,delayed,346
2021-04-01,N24001276,159,IMPROVEMENT/UPGRADATION OF EXISTING 2-LANE TO 4- LANE DIVIDED HIGHWAY FROM KURAOPOKPI TO SEKMAI SECTI,Ministry Of Road Transport And Highways (State Pwds),,,2020-08-01,2022-04-01,2022-04-01,228.97,228.97,,,,,,,on_schedule,314
2021-04-01,N22000434,159,MUMBAI CENTRAL VIRAR VADODARA AHMEDABAAD TRAIN PROTECTION SYSTEM 500 RKM,Central Railways,WR,MAHARASHTRA,2010-03-01,,,265.88,,,,,,,,without_doc,215
2021-04-01,N16000259,160,AUGMENTATION OF PUMPING CAPACITY OF BARAUNI- BONGAIGAON SECTOR PHASE II,Limited,OIL,MULTI STATE,2016-09-01,2019-12-01,2021-08-01,571.66,571.66,471.81,,,,,,delayed,346
2021-04-01,N24001268,160,IMPROVEMENT/WIDENING TO 2 LANING OF STRETCH FROM KHONGSANG TO TAMENGLONG OF NH-137,Ministry Of Road Transport And Highways (State Pwds),,,2019-03-01,2022-07-01,2022-07-01,471,471,,,,,,,on_schedule,314
2021-04-01,N22000435,160,VIRAR SURAT ROAD OVER BRIDGE IN LIEU OF LEVEL CROSSING NOS 42 46A 48 52 55 102 106 108 130 AND 137 A,Central Railways,WR,MAHARASHTRA,2012-03-01,,,217.38,,,,,,,,without_doc,215
2021-04-01,N16000258,161,PIPELINE REHABILITATION PROJECT OF 575 KM (PHASE I),Limited,OIL,MULTI STATE,2016-05-01,2020-10-01,2022-03-01,406,406,225.67,,,,,,delayed,346
2021-04-01,N24001255,161,CONSTRUCTION OF 2-LANE WITH PAVED SHOULDER OF KOHIMA-BYPASS ROAD FROM DESIGN KM10.500 TO 21.00KM [D,Ministry Of Road Transport And Highways (State Pwds),,,2020-09-01,2022-10-01,2022-10-01,277.44,277.44,,,,,,,on_schedule,314
2021-04-01,N22000436,161,VIRAR SURAT ROAD OVER BRIDGE IN LIEU OF LEVEL CROSSING NOS 60 64 66 68 69 71 74 75 77 81 AND 82 ALON,Central Railways,WR,GUJARAT,2012-03-01,,,248.26,,,,,,,,without_doc,215
2021-04-01,N28000118,162,CONSTRUCTION OF ATAL AKSHAY URJA BHAWAN CGO COMPLEX LODHI ROAD NEW DELHI,Central Public Works Department,CPWD,DELHI Chenab Velley Power Projects [P] Limited,2017-10-01,2019-11-01,2021-06-01,271.9,271.9,240.96,,,,,,delayed,346
2021-04-01,N24001246,162,4-LANING OF HAPACHARA - TULUNGIA SECTION,Ministry Of Road Transport And Highways (State Pwds),,,2020-03-01,2022-12-01,2022-12-01,220.2,220.2,,,,,,,on_schedule,314
2021-04-01,N22000437,162,PALANPUR KHODIYAR ROAD OVER BRIDGE IN LIEU OF LEVEL CROSSING NOS 208 211C 214 AND 220,Central Railways,WR,GUJARAT,2012-03-01,,,153.83,,,,,,,,without_doc,215
2021-04-01,N18000172,163,PAKAL DUL HYDRO ELECTRIC PROJECT (1000 MW),Central Public Works Department,CVPPPL,JAMMU AND KASHMIR National Hydro-Electric Power Corporation,2014-10-01,2020-04-01,2025-07-01,8112.12,8112.12,1766.91,,,,,,delayed,346
2021-04-01,N24001280,163,2 LANING OF KOHIMA - JESSAMI SECTION (PACKAGE I),Ministry Of Road Transport And Highways (State Pwds),,,2020-03-01,2022-06-01,2022-06-01,320.97,320.97,18.73,,,,,,on_schedule,314
2021-04-01,N24001236,163,WIDENING FROM 2 LANE TO 4 LANE AND STRENTHENING THE EXISTING CARRIAGE WAY FROM KM 36/0 -80/0 OF SALE,Central Public Works Department,CPWD,TAMIL NADU Ministry Of Road Transport And Highways (State Pwds),2019-03-01,2019-11-01,,297.55,,,,,,,,without_doc,215
2021-04-01,180100210,164,PARBATI HEP (4X200 MW) (NHPC) II,Central Public Works Department,NHPC,HIMACHAL PRADESH,2002-09-01,2009-09-01,2022-07-01,3919.59,9897.59,8945.1,,9897.59,2022-07-01,,,delayed,346
2021-04-01,N24001286,164,2-LANING OF CHANGTONGYA TO LONGLENG ROAD OF NH- 702 (PKG-I),Ministry Of Road Transport And Highways (State Pwds),,,2020-03-01,2022-06-01,2022-06-01,278.95,278.95,56.76,,,,,,on_schedule,314
2021-04-01,N24000939,164,REHABILITATION AND UPGRADATION OF NEW NH-544E FROM KM. 0.000 TO KM 56.803 OF KODIKONDA - MADAKASIRA,Central Public Works Department,MoRTH,ANDHRA PRADESH,2018-03-01,2018-11-01,2021-01-01,504.19,,,,504,,,,without_doc,215
2021-04-01,180100221,165,SUBANSIRI LOWER H.E.P (8X250 MW) (NHPC),Central Public Works Department,NHPC,ARUNACHAL PRADESH National Thermal Power Corporation,2003-09-01,2010-09-01,2023-08-01,6285.33,19992.43,13732.39,,19992.43,2023-08-01,,,delayed,346
2021-04-01,N24001285,165,2 LANING OF KOHIMA - JESSAMI SECTION (PACKAGE IV),Ministry Of Road Transport And Highways (State Pwds),,,2020-03-01,2021-12-01,2021-12-01,330.78,330.78,23.74,,,,,,on_schedule,315
2021-04-01,N24000937,165,REHABILITATION AND UPGRADATION OF NEW NH-544DD FROM DESIGN CHAINAGE KM 56.00 TO 102.20 OF KALYANDURG,Central Public Works Department,MoRTH,ANDHRA PRADESH,2018-03-01,2018-08-01,2021-02-01,289.67,,,,290,,,,without_doc,215
2021-04-01,N18000274,166,85 MW BILHAUR SOLAR PV PROJECT BILHAUR UP,Central Public Works Department,NTPC,UTTAR PRADESH,2019-03-01,2020-11-01,2021-04-01,349,349,226,,,,,,delayed,346
2021-04-01,N24001265,166,REHABILITATION & UPGRADATION OF ROAD FROM DESIGN KM 0.00 TO KM 11.800 OF KAILASHAHAR-KURTI BRIDGE SE,Ministry Of Road Transport And Highways (State Pwds),,,2020-03-01,2022-07-01,2022-07-01,154.51,154.51,,,,,,,on_schedule,315
2021-04-01,N24000301,166,REHABILITATION AND UPGRADATION OF NH-219 FROM KM 58-600 TO KM 140-750 IN THE STATE OF ANDHRA PRADES,Central Public Works Department,MoRTH,ANDHRA PRADESH,2015-03-01,2015-10-01,2021-03-01,271.45,,,,,,,,without_doc,215
2021-04-01,N18000176,167,DARLIPALLI STPP STAGE-I (2X800 MW),Central Public Works Department,NTPC,ODISHA,2014-02-01,2018-12-01,2021-05-01,12532.44,13140.91,11730.23,,13140.91,2021-05-01,Support of State Govt. of,,delayed,347
2021-04-01,N24001282,167,2 LANING OF KOHIMA - JESSAMI SECTION (PACKAGE II),Ministry Of Road Transport And Highways (State Pwds),,,2020-03-01,2022-06-01,2022-06-01,355.79,355.79,31.76,,,,,,on_schedule,315
2021-04-01,N24000412,167,MANGAWA-MP/UP BORDER SECTION OF NH-27 (4L) IN MP,Central Public Works Department,MoRTH,MADHYA PRADESH,2012-01-01,2015-04-01,2021-03-01,410.72,,,,,,,,without_doc,215
2021-04-01,N18000190,168,BRBCL-NABINAGAR TPP- JV (4X250 MW),Central Public Works Department,NTPC,BIHAR,,2012-07-01,2021-07-01,10566,10566,8847.06,,,2020-06-01,Support of State Govt.,,delayed,347
2021-04-01,N24001258,168,CONSTRUCTION OF 2-LANE WITH PAVED SHOULDER OF KOHIMA-BYPASS ROAD FROM DSIGN KM32.0 TO KM43.454 [DES,Ministry Of Road Transport And Highways (State Pwds),,,2020-08-01,2022-04-01,2022-04-01,202.36,202.36,,,,,,,on_schedule,315
2021-04-01,N24000934,168,REHABILITATION AND UPGRADATION OF NH326A FROM KM 0/0 TO 41/979 (EXCLUDING KM 2/255 TO 3/372 AND KM 3,Central Public Works Department,MoRTH,ANDHRA PRADESH,2018-03-01,2018-08-01,2021-03-01,228.32,,,,,,,,without_doc,215
2021-04-01,N18000276,169,ROURKELA PP-II EXPANSION (1X250 MW) - NSPCL,Central Public Works Department,NTPC,ODISHA,2016-05-01,2018-12-01,2021-07-01,1885.13,1885.13,1763.69,,,,,,delayed,347
2021-04-01,N24001281,169,CONSTRUCTION OF TWO LANE WITH PAVED SHOULDER OF SELLING-DULTE SECTION OF NH-06 (PKG-III),Ministry Of Road Transport And Highways (State Pwds),,,2020-03-01,2022-07-01,2022-07-01,292.24,292.24,29,,,,,,on_schedule,315
2021-04-01,N24000950,169,"WIDENING, STRENGTHENING AND RECONSTRUCTION OF NH-552- EXTN FROM KM 76/600 TO 112/00 (SAWAI MADHOPUR",Central Public Works Department,MoRTH,RAJASTHAN,2017-11-01,2018-04-01,2021-03-01,187.82,,,,,,,,without_doc,215
2021-04-01,N18000277,170,DURGAPUR PP-III (2X20 MW) - NSPCL,Central Public Works Department,NTPC,WEST BENGAL,2016-12-01,2018-11-01,2021-07-01,529.68,529.68,418.49,,,,,,delayed,347
2021-04-01,N24001250,170,WIDENING/IMPROVEMENT TO 4-LANE WITH PAVED SHOULDER FROM KM 66.00 TO KM 81.00 (DESIGN CHAINAGE 65.923,Ministry Of Road Transport And Highways (State Pwds),,,2020-08-01,2022-03-01,2022-03-01,278.46,278.46,12.06,,,,,,on_schedule,315
2021-04-01,N24000957,170,CONSTRUCTION OF TWO LANE FLEXIBLE PAVEMENT WITH PAVED SHOULDER FROM KM 3.650 TO KM 58.325 OF NH-709,Central Public Works Department,MoRTH,RAJASTHAN,2017-11-01,2018-04-01,2021-03-01,163.95,,,,,,,,without_doc,215
2021-04-01,N18000288,171,KAYAMKULAM SOLAR 70 MW,Central Public Works Department,NTPC,KERALA,2019-09-01,2021-06-01,2021-10-01,403.62,403.62,53.13,,,2021-10-01,,,delayed,347
2021-04-01,N24001263,171,REHABILITATION & UPGRADATION OF ROAD FROM KM 0.00 TO KM 18.600 OF KUMARGHAT-KAILASHAHAR SECTION,Ministry Of Road Transport And Highways (State Pwds),National Highways Authority Of India,,2020-06-01,2022-01-01,2022-01-01,277.5,277.5,,,,,,,on_schedule,315
2021-04-01,N24001200,171,ALWAR NUH SECTION ON EPC MODE IN THE STATE OF RAJASTHAN.,Central Public Works Department,MoRTH,RAJASTHAN 2 12,2019-03-01,,2021-03-01,178.13,,,,,,,,without_doc,215
2021-04-01,N18000192,172,NPGCPL-NABINAGAR STPP - JV (3X660 MW),Central Public Works Department,NTPC,BIHAR,2013-01-01,2018-05-01,2021-12-01,12964.6,17304,15787.92,,17304,,,,delayed,347
2021-04-01,N24001302,172,PREPATION OF FEASIBILITY/DPR OF CONSTRUCTION OF NEW 4-LANE ELEVATED ROAD FROM CHENNAI PORT TO MADURA,Ministry Of Road Transport And Highways (State Pwds),,,2020-07-01,2021-12-01,2021-12-01,3426,3426,,,,,,,on_schedule,315
2021-04-01,N24000932,172,REHABILITATION AND UPGRADATION OF NH-340 FROM KM 0/0 TO KM 60/380 (DESIGN CH. 0/000 TO 60/025 EXCLUD,Central Public Works Department,MoRTH,ANDHRA PRADESH,2017-01-01,2017-08-01,2019-08-01,319.28,,,,,,,,without_doc,216
2021-04-01,N18000280,173,DEVIKOT SOLAR 90MW,Central Public Works Department,NTPC,UTTAR PRADESH,2020-03-01,2021-09-01,2022-01-01,501.29,501.29,118.11,,,2022-01-01,,,delayed,347
2021-04-01,N24001306,173,TWO / FOUR LANING OF RAEBARELI - JAGDISHPUR SECTION OF NH-330A FROM KM. 0.000 TO KM. 47.800 (DESIGN,Ministry Of Road Transport And Highways (State Pwds),,,2020-10-01,2023-03-01,2023-03-01,724.6,724.6,,,,,,,on_schedule,315
2021-04-01,N24001174,173,STRENGTHENING OF EXISTING TWO LANE I/C PAVED SHOULDER FROM MAO - SENAPATI FROM KM 212.325 TO KM 260.,Central Public Works Department,MoRTH,MANIPUR,2016-10-01,2020-11-01,2020-11-01,235.31,,,,,,,,without_doc,216
2021-04-01,N18000281,174,DEVIKOT SOLAR 150MW,Central Public Works Department,NTPC,UTTAR PRADESH,2020-01-01,2021-09-01,2022-01-01,798.24,798.24,34.64,,,2022-01-01,,,delayed,347
2021-04-01,N28000132,174,CONSTRUCTION OF GRAMEEN VIKAS BHAWAN (2BASEMENTS+ GROUND+9 FLOORS) FOR MINISTRY OF RURAL DEVELOPMENT,Central Public Works Department,,,2018-11-01,2021-07-01,2021-07-01,361.6,361.6,12.44,,,,,,on_schedule,315
2021-04-01,N24001179,174,CONSTRUCTION OF 2 LANE WITH PAVED SHOULDER FROM KM. 168 TO 183.783 (YESEMYONG TO UNGER) ON MOKOKCHUN,Central Public Works Department,MoRTH,NAGALAND,2017-03-01,2020-11-01,2020-11-01,217.35,,,,,2021-05-01,,,without_doc,216
2021-04-01,N18000282,175,NOKHRA,Central Public Works Department,NTPC,UTTAR PRADESH,2020-03-01,2021-09-01,2022-01-01,1722.14,1722.14,132.85,,,2022-01-01,,,delayed,347
2021-04-01,N25000072,175,JAL MARG VIKAS PROJECT,Inland Waterways Authority Of India,,,2018-01-01,2023-03-01,2023-03-01,5369.18,4633.81,1871.35,,,,,,on_schedule,315
2021-04-01,N24000306,175,"WIDENING TO 2 LANE, RE-ALIGNMENT AND GEOMETRIC IMPROVEMENT FROM KM 11/00 TO KM 114/618 OF NH-44A IN",Central Public Works Department,MoRTH,MIZORAM,2010-11-01,2011-03-01,2020-12-01,624.41,,,,,,,,without_doc,216
2021-04-01,N18000285,176,SAMBHU KI BHURJ SOLAR 250 MW,Central Public Works Department,NTPC,RAJASTHAN,2020-01-01,2021-09-01,2022-01-01,1522.71,1522.71,437.6,,,2022-01-01,,,delayed,348
2021-04-01,N12000124,176,NMDC SLURRY PIPE LINE PROJECT - PHASE-1,National Mineral Development Corporation (Nmdc),Steel Authority Of India Limited (Sail),,2015-11-01,2023-06-01,2023-06-01,2907,2907,256.24,,,,,,on_schedule,315
2021-04-01,N24000391,176,4-LANING OF MOGA -TALLEWAL SECTION OF NH-71 FROM KM 77.200 TO 114.00,Central Public Works Department,MoRTH,PUNJAB,2015-11-01,,2020-12-01,889.24,,,,,,,,without_doc,216
2021-04-01,N18000286,177,SAMBHU KI BHURJ-II SOLAR 300MW,Central Public Works Department,NTPC,RAJASTHAN,2020-03-01,2021-09-01,2022-01-01,1782,1782,200.75,,,2022-01-01,,,delayed,348
2021-04-01,N12000123,177,REBUILDING OF COKE OVEN BATTERY NO. 7 and 8 AT BSP,National Mineral Development Corporation (Nmdc),,,2020-11-01,2023-12-01,2023-12-01,542.24,542.24,31.68,,,,,,on_schedule,316
2021-04-01,N24000964,177,CONSTRUCTION OF TIMMAPURAM TO GURJANAPALLE SECTION FROM KM 26.150 TO 41.161 OF NH-214(NH216)(KAKINAD,Central Public Works Department,MoRTH,ANDHRA PRADESH,2016-08-01,2017-01-01,2020-12-01,350.61,,,,,,,,without_doc,216
2021-04-01,N18000212,178,TELANGANA SUPER THERMAL POWER PROJECT PHASE I,Central Public Works Department,NTPC,TELANGANA,2016-01-01,2020-11-01,2022-07-01,10598.98,10997.7,8368.64,,10997.7,2022-07-01,,,delayed,348
2021-04-01,N12000122,178,REBUILDING OF COKE OVEN BATTERY-2 ALONGWITH AUGMENTATION OF COKE HANDLING AND GAS HANDLING FACILITY,National Mineral Development Corporation (Nmdc),,,2020-11-01,2023-05-01,2023-05-01,377.18,377.18,32.76,,,,,,on_schedule,316
2021-04-01,N24001175,178,STRENGTHENING AND WIDENING TO TWO LANE WITH PAVED SHOULDER OF NH-61 FROM KM 40.00 TO KM 72.40 UNDER,Central Public Works Department,MoRTH,NAGALAND,2016-10-01,2020-12-01,2020-12-01,167.62,,,,,2021-09-01,,,without_doc,216
2021-04-01,N18000177,179,NORTH KARANPURA STPP (3X660 MW),Central Public Works Department,NTPC,JHARKHAND,2014-02-01,2019-06-01,2022-10-01,14366.58,15389.42,11722.1,,,2022-10-01,Support of State Govt of,,delayed,348
2021-04-01,N28000138,179,SURAT METRO RAIL PROJECT,Ahmedabad Metro Rail,,,2019-03-01,2024-03-01,2024-03-01,12020.32,12020.32,20.65,,,,,,on_schedule,316
2021-04-01,N24001176,179,STRENGTHENING AND WIDENING TO TWO LANE WITH PAVED SHOULDER OF NH-61 FROM KM 40.00 TO KM 72.40 UNDER,Central Public Works Department,MoRTH,NAGALAND,2016-10-01,2020-12-01,2020-12-01,172.63,,,,,2021-09-01,,,without_doc,216
2021-04-01,N18000014,180,TAPOVAN-VISHNUGAD HEP (4X130MW),Central Public Works Department,NTPC,UTTARAKHAN D,2006-11-01,2013-03-01,2022-12-01,2978.48,5867.38,4913.02,,5867.38,2021-12-01,Award of Srinagar to,,delayed,349
2021-04-01,N28000137,180,AHMEDABAD METRO RAIL PROJECT PHASE II,Ahmedabad Metro Rail,Central Public Works Department,,2019-03-01,2024-03-01,2024-03-01,5384.17,5384.17,63.77,,,,,,on_schedule,316
2021-04-01,N24000889,180,REHABILITATION AND UPGRADATION OF PUNDIBARI TO BAXIRHAT (WB/ASSAM BORDER) SECTION OF NH-31 FROM KM 7,Central Public Works Department,MoRTH,WEST BENGAL,2014-04-01,2017-08-01,2020-02-01,279.7,,,,398.52,2020-01-01,,,without_doc,216
2021-04-01,180100242,181,BARH STPP(3X660MW) NTPC,Central Public Works Department,NTPC,BIHAR,2005-02-01,2011-10-01,2023-07-01,8692.97,21312.11,18595.56,,21312.11,2023-07-01,•Support required for early,,delayed,350
2021-04-01,N28000129,181,REDEVELOPMENT OF GPRA AT KASTURBA NAGAR PHASE I,Ahmedabad Metro Rail,Delhi Metro Rail Corporation,,2016-10-01,2022-03-01,2022-03-01,1128,1128,22,,,,,,on_schedule,316
2021-04-01,N24001205,181,R AND U FROM KM 385.00 TO KM 420.000 TO 2- LANE WITH PS (EXCLUDING ROB AND ITS APPROACHES AT KM.404,Central Public Works Department,MoRTH,UTTAR PRADESH,2016-12-01,2019-10-01,2020-04-01,209.1,,,,,,,,without_doc,216
2021-04-01,N18000275,182,PATRATU STPP-I (3X800MW),Central Public Works Department,NTPC,JHARKHAND,2017-11-01,2023-03-01,2024-09-01,18668,17112,4351.86,,,,Support requested for,,delayed,350
2021-04-01,N28000135,182,DELHI METRO PHASE IV THREE PRIORITY CORRIDORS,Ahmedabad Metro Rail,Lucknow Metro Rail Corporation Limited,,2019-07-01,2025-03-01,2025-03-01,24948.65,24948.65,1763.02,,,,,,on_schedule,316
2021-04-01,N24000287,182,REHABILITATION AND UPGRADATION OF NH-111 FROM KM. 82.500 TO 163.400 (KATHGHORA TO SHIVNAGAR SECTION,Central Public Works Department,MoRTH,CHHATISGARH,2015-11-01,2015-12-01,2020-05-01,485.44,,,,,2020-05-01,,,without_doc,216
2021-04-01,N18000178,183,RAMMAM-III HEPP (3X40 MW),Central Public Works Department,NTPC,WEST BENGAL Power Grid Corporation Of India Limited,2014-09-01,2019-09-01,2024-12-01,1381.84,1381.54,668.04,,,2024-12-01,•All inputs as regards to,,delayed,351
2021-04-01,N28000144,183,KANPUR METRO RAIL PROJECT,Ahmedabad Metro Rail,,,2019-05-01,2024-03-01,2024-03-01,11076.48,11076.48,,,,,,,on_schedule,316
2021-04-01,N24001195,183,4 LANING OF NH 415 FROM DESIGN CHAINAGE 29/500 TO 40/400 (ITANAGAR TO BANDARDEWA SECTION) IN THE ST,Central Public Works Department,MoRTH,ARUNACHAL PRADESH,2016-11-01,,2020-09-01,243.89,,,,,,,,without_doc,216
2021-04-01,N18000213,184,TRANSMISSION SYSTEM STRENTHENNING IN INDIAN SYSTEM FOR TRANSFER OF POWER FROM MANGDECHHU HYDROELECTR,Central Public Works Department,PGCIL,MULTI STATE,2016-03-01,2018-01-01,2021-05-01,808.63,808.63,662.19,,,2021-04-01,,,delayed,351
2021-04-01,N28000145,184,AGRA METRO RAIL PROJECT,Ahmedabad Metro Rail,Maharastra Metro Rail Corporation Ltd.,,2019-05-01,2024-03-01,2024-03-01,8379.62,8379.62,,,,,,,on_schedule,316
2021-04-01,N24001220,184,REHABILITATION AND UPGRADATION OF NH 200 FROM KM 127.500 TO 178.944 DARRIGHAT TO BANARI SECTION,Central Public Works Department,MoRTH,CHHATISGARH,2016-03-01,2016-09-01,2020-10-01,491.52,,,,512.77,2020-10-01,,,without_doc,216
2021-04-01,N18000214,185,EASTERN REGION STRENGTHENNING SCHEME-XV,Central Public Works Department,PGCIL,WEST BENGAL,2016-04-01,2018-04-01,2021-05-01,454.11,454.11,343.81,,,2021-03-01,,,delayed,351
2021-04-01,N28000121,185,PUNE METRO RAIL PROJECT (PHASE 1),Ahmedabad Metro Rail,Madhya Pradesh Metro Rail Co Limited,,2016-12-01,2021-11-01,2021-11-01,11420,11420,6214.58,,,,,,on_schedule,316
2021-04-01,N24000884,185,2 LANING OF BAMEETHA TO SATNA SECTION OF NH-75 FROM KM. 57+400 TO KM. 155+000 IN THE STATE OF MP,Central Public Works Department,MoRTH,MADHYA PRADESH,2018-03-01,2019-11-01,2021-01-01,191.21,,,,,,,,without_doc,216
2021-04-01,N18000268,186,EASTERN REGION STRENGTHENING SCHEME XX,Central Public Works Department,PGCIL,MULTI STATE,2017-11-01,2020-05-01,2021-05-01,358.83,358.83,253.49,,,2021-05-01,,,delayed,351
2021-04-01,N28000124,186,BHOPAL METRO RAIL,Ahmedabad Metro Rail,,,2018-11-01,2023-02-01,2023-02-01,6941.4,6941.4,174.53,,,,,,on_schedule,316
2021-04-01,N24001131,186,REHABILITATION AND UPGRADATION OF BALRAMPUR-TULSIPUR FROM KM 323.745 TO KM 351.000 OF NH-730 TO 2-L,Central Public Works Department,MoRTH,JHARKHAND,2018-03-01,2020-06-01,2021-01-01,212.99,,,,,,,,without_doc,216
2021-04-01,N18000157,187,UNIFIED REAL TIME DYNAMIC STATE MEASUREMENT PHASE-I,Central Public Works Department,PGCIL,MULTI STATE,2014-01-01,2016-04-01,2021-06-01,374.63,374.63,246.8,,,2017-12-01,,,delayed,351
2021-04-01,N28000125,187,INDORE METRO RAIL,Ahmedabad Metro Rail,National Capital Region Transport Corp,,2018-11-01,2023-02-01,2023-02-01,7500.8,7500.8,130.21,,,,,,on_schedule,316
2021-04-01,N24001145,187,WIDENING AND STRENGTHENING OF NH-730A FROM KM 0.00 TO KM 50.675 IN THE STATE OF UTTAR PRADESH,Central Public Works Department,MoRTH,UTTAR PRADESH,2013-05-01,2015-08-01,2021-01-01,164.54,,,,165,,,,without_doc,216
2021-04-01,N18000164,188,EASTERN REGION STRENGTHENING SCHEME-XII,Central Public Works Department,PGCIL,MULTI STATE,2014-05-01,2016-11-01,2021-06-01,522.29,546.36,478.29,,546.36,2021-09-01,,,delayed,351
2021-04-01,N28000134,188,DELHI GHAZIABAD MEERUT RRTS CORRIDOR,Ahmedabad Metro Rail,Patna Metro Rail Corporation,,2019-03-01,2025-06-01,2025-06-01,30274,30274,3416.31,,,,,,on_schedule,316
2021-04-01,N24001207,188,REHABILITATION AND UPGRADATION OF RAMNAGAR TO SISWA BABU SECTION FROM KM 484.000 TO KM 505.120 OF,Central Public Works Department,MoRTH,UTTAR PRADESH,2018-03-01,2020-02-01,2021-01-01,185.18,,,,,,,,without_doc,216
2021-04-01,N18000184,189,ESTABLISHMENT OF FIBER OPTIC COMMUNICATION SYSTEM IN NR UNDER FIBER OPTIC EXPANSION PROJECT (ADDITIO,Central Public Works Department,PGCIL,MULTI STATE,2015-03-01,2018-03-01,2021-06-01,197.4,197.4,90.05,,,,,,delayed,351
2021-04-01,N28000148,189,PATNA METRO RAIL CORPORATION LIMITED,Ahmedabad Metro Rail,,,2019-02-01,2024-06-01,2024-06-01,13365.77,13365.77,231.97,,,,,,on_schedule,316
2021-04-01,N24000878,189,REHABILITATION AND UPGRADATION OF INTERMEDIATE LANE FLEXIBLE PAVEMENT TO 2 LANE PAVED SHOULDER RIGID,Central Public Works Department,MoRTH,MADHYA PRADESH 2 13,2017-11-01,2018-02-01,2021-02-01,235.91,,,,,2021-02-01,,,without_doc,216
2021-04-01,N18000219,190,"HVDC BIPOLE LINK BETWEEN WR (RAIGARH, CHATTISGARH) AND SR (PUGALUR-NORTH TRICHUR-SCHEME-I: RAIGARH-P",Central Public Works Department,PGCIL,MULTI STATE,2016-05-01,2019-11-01,2021-06-01,14733.37,14733.37,11552.37,,,2021-04-01,,,delayed,351
2021-04-01,N30000051,190,"SEWERAGE SYSTEM AND STP FOR DIGHA ZONE, PATNA",Bihar Urban Infrastructure Development Corporation Ltd,,,2017-08-01,2022-06-01,2022-06-01,824,824,40.09,,,,,,on_schedule,316
2021-04-01,N24000904,190,CONSTN. OF 4 LANING IN KM.99.00 TO 114.375 PACKAGE-V (EPC) INCLUDING BHIWANI BYPASS,Central Public Works Department,MoRTH,HARYANA,2017-01-01,2019-03-01,2021-02-01,247.25,,,,,,,,without_doc,217
2021-04-01,N18000244,191,EASTERN REGION STRENTHENING SCHEME XVII( PART B),Central Public Works Department,PGCIL,MULTI STATE,2017-02-01,2019-06-01,2021-06-01,235.53,235.53,151.12,,,2021-08-01,,,delayed,352
2021-04-01,N30000040,191,SEWERAGE SCHEME AT PAHARI ZONE V PATNA,Bihar Urban Infrastructure Development Corporation Ltd,,,2017-05-01,2021-04-01,2021-04-01,356.37,356.37,93.34,,,,,,on_schedule,317
2021-04-01,N24000942,191,REHABILITATION AND UPGRADATION OF HARPALPUR -SUGIRA FROM KM 89.600 TO KM 133.520 OF NH-76 TO 2-LANE,Central Public Works Department,MoRTH,UTTAR PRADESH,2016-03-01,2019-11-01,2021-02-01,208.5,,,,,,,,without_doc,217
2021-04-01,N18000247,192,"HVDC BIPOLE LINK BETWEEN WESTERN REGION (RAIGARH, CHATTISGARH) AND SOUTHERN REGION (PUGALAR, TM) NOR",Central Public Works Department,PGCIL,MULTI STATE,2017-02-01,2020-04-01,2021-06-01,5070.13,5070.13,4101.57,,,2021-06-01,,,delayed,352
2021-04-01,N30000044,192,SEWERAGE SYSTEM WITH SEWER NETWORK PATNA KARMALICHAK,Bihar Urban Infrastructure Development Corporation Ltd,,,2017-03-01,2021-05-01,2021-05-01,277.42,277.42,146.23,,,,,,on_schedule,317
2021-04-01,N24000883,192,"DEVELOPMENT OF 4-LANING SECTION OF NH-31 FROM KM 551.36 (GHOSHPUKUR) TO KM 563.26 (BIHAR MORE, BAGDO",Central Public Works Department,MoRTH,WEST BENGAL,2018-03-01,2020-10-01,2021-03-01,254.3,,,,254.3,,,,without_doc,217
2021-04-01,N18000258,193,EASTERN REGION STRENGTHENING SCHEME-XVIII,Central Public Works Department,PGCIL,MULTI STATE,2017-03-01,2020-07-01,2021-06-01,3500,3994,2917.31,,3500,2020-12-01,,,delayed,352
2021-04-01,N30000036,193,"SEWER NETWORKS, SPS AND STP, MUNGER",Bihar Urban Infrastructure Development Corporation Ltd,,,2018-03-01,2021-10-01,2021-10-01,294.02,294.02,,,,,,,on_schedule,317
2021-04-01,N24001141,193,REHABILITATION AND UPGRADATION OF KALUPUR-LALTA FROM KM 285.00 TO KM 326.00 OF NH-76 TO 2-LANE WITH,Central Public Works Department,MoRTH,UTTAR PRADESH,2016-03-01,2020-01-01,2021-03-01,240.3,,,,240,,,,without_doc,217
2021-04-01,N18000262,194,TRANSMISSION SYSTEM FOR EVACUTION OF POWER FROM NEYVELI LIGNITE CORP LTD TS - I (REPLACEMENT) IN NEY,Central Public Works Department,PGCIL,TAMIL NADU,2017-05-01,2019-07-01,2021-06-01,186.17,219.66,157.2,,219.66,2021-04-01,,,delayed,352
2021-04-01,N30000050,194,SEWERAGE SYSTEM AND STP FOR KANKARBAG ZONE PATNA,Bihar Urban Infrastructure Development Corporation Ltd,,,2017-08-01,2022-06-01,2022-06-01,578.89,578.89,40.09,,,,,,on_schedule,317
2021-04-01,N24001146,194,REHABILITATION AND UPGRADATION OF TULSIPUR -BARHANI SECTION FROM KM 351.000 TO KM 385.000 OF NH-730,Central Public Works Department,MoRTH,UTTAR PRADESH,2016-03-01,2019-05-01,2021-03-01,249.5,,,,,,,,without_doc,217
2021-04-01,N18000264,195,HVDC BIPOLE LINK BETWEEN WR AND SR -NORTH TRICHUR - SCHEME -II AC SYSTEM STRENGTHENING AT PUGALUR EN,Central Public Works Department,PGCIL,MULTI STATE,2017-08-01,2020-02-01,2021-06-01,1931.39,1931.39,1709.25,,,2021-06-01,,,delayed,352
2021-04-01,N30000041,195,SEWERAGE SCHEME AT PAHARI ZONE IVA S PATNA,Bihar Urban Infrastructure Development Corporation Ltd,,,2017-05-01,2021-05-01,2021-05-01,184.86,184.86,152.78,,,,,,on_schedule,317
2021-04-01,N24001203,195,REHABILITATION AND UPGRADATION OF ALLAHABAD -MIRZAPUR SECTION FROM KM 450.000 TO KM 486.770 (EXCEPT,Central Public Works Department,MoRTH,UTTAR PRADESH,2016-10-01,2020-03-01,2021-03-01,218.9,,,,,,,,without_doc,217
2021-04-01,N18000188,196,CREATION OF 400/220 KV SUBSTATIONS IN NCT OF DELHI DURING 12TH PLAN PERIOD (PART-A),Central Public Works Department,PGCIL,DELHI,2015-03-01,2017-05-01,2021-09-01,1394.52,1394.52,534.89,,,2021-09-01,,,delayed,352
2021-04-01,N30000026,196,SEWER NETWORK SPS AND STP BEGUSARAI,Bihar Urban Infrastructure Development Corporation Ltd,Delhi Jal Board,,2018-03-01,2021-07-01,2021-07-01,230.06,230.06,73.63,,,,,,on_schedule,317
2021-04-01,N24001204,196,REHABILITATION AND UPGRADATION OF SULTANPUR BYPASS SECTION OF NH-96 FROM KM 60.000 TO KM 90.865 TO,Central Public Works Department,MoRTH,UTTAR PRADESH,2016-07-01,2019-10-01,2021-03-01,208.88,,,,,,,,without_doc,217
2021-04-01,N18000242,197,ESTABLISHMENT OF 220/66KV GIS AT UT CHANDIGARH ALONG WITH 220KV D/C LINE FROM CHANDIGARH GIS TO 400/,Central Public Works Department,PGCIL,MULTI STATE,2017-02-01,2019-02-01,2021-09-01,322.3,322.3,201.55,,,2021-06-01,,,delayed,352
2021-04-01,N30000014,197,CONSTRUCTION OF 564 MLD 124 MGD WASTE WATER TREATMENT PLANT WITH EFFLUENT STANDARDS OF BOD – 10MG/L,Bihar Urban Infrastructure Development Corporation Ltd,Kolkata Metropolitan Development Authority,,2017-03-01,2022-12-01,2022-12-01,665.78,665.78,194.55,,,,,,on_schedule,317
2021-04-01,N24001208,197,FOUR LANING WIDENING AND STRENGTHENING OF NH-29E FROM KM 81.420 TO 99.00 SONAULI - GORAKHPUR ROAD (J,Central Public Works Department,MoRTH,UTTAR PRADESH,2018-03-01,2020-08-01,2021-03-01,288.3,,,,,,,,without_doc,217
2021-04-01,N18000245,198,SYSTEM STRENGTHENING SCHEME IN NORTH REGION XXXVII,Central Public Works Department,PGCIL,MULTI STATE,2017-03-01,2019-12-01,2021-09-01,379.95,379.95,232.02,,,2021-06-01,,,delayed,352
2021-04-01,N30000045,198,"INTERCEPTION, DIVERSION AND TREATMENT WORKS AT HOWRAH",Bihar Urban Infrastructure Development Corporation Ltd,,,2017-08-01,2021-12-01,2021-12-01,185.22,185.22,,,,,,,on_schedule,317
2021-04-01,N24001224,198,REHABILITATION AND UPGRADATION OF NH 78 FROM KM 531.250 TO KM 597.946 KUNKURI TO CG JH BORDER SECTIO,Central Public Works Department,MoRTH,CHHATISGARH,2017-03-01,2018-01-01,2021-03-01,423.79,,,,,2021-03-01,,,without_doc,217
2021-04-01,N18000250,199,NORTH EASTERN REGION POWER SYSTEM IMPROVEMENT PROJECT (NERPSIP) FOR SIX (6) STATES,Central Public Works Department,PGCIL,MULTI STATE,2014-12-01,2018-12-01,2021-12-01,5111.33,6700,2767.14,,6700,,,,delayed,352
2021-04-01,N30000029,199,DETAILED PROJECT REPORT FOR I AND D SEWERAGE SYSTEM AND STP FOR ASANSOL AND KULTI TOWNS,Bihar Urban Infrastructure Development Corporation Ltd,,,2019-01-01,2022-04-01,2022-04-01,384.96,384.96,,,,,,,on_schedule,317
2021-04-01,N24000245,199,REHABILITATION AND UPGRADATION OF NH -565 FROM KM 1.00 TO 86.057 (NAKREKAL TO NAGARJUNSAGAR DAM SECT,Central Public Works Department,MoRTH,TELANGANA,2014-01-01,2016-03-01,,270,,,,,,,,without_doc,217
2021-04-01,N18000066,200,NORTH- EAST NORTH WESTERN INTERCONNECTOR I PROJECT,Central Public Works Department,PGCIL,MULTI STATE,2009-02-01,2013-08-01,2022-08-01,11130.19,14719.1,12894.95,,14719.1,2022-08-01,,,delayed,352
2021-04-01,N30000030,200,INTERCEPTION AND DIVERSION WORKS WITH STP FOR DRAINS FALLING IN RIVER DAMODAR AT DURGAPURL,Bihar Urban Infrastructure Development Corporation Ltd,,,2019-03-01,2022-04-01,2022-04-01,287.53,287.53,,,,,,,on_schedule,317
2021-04-01,N24000248,200,EPC- CORRIDOR APPROACH WORKS - NH (O): WIDENING EXISTING 2 LANE TO 2 LANE WITH PAVED SHOULDERS IN KM,Central Public Works Department,MoRTH,TELANGANA,2015-03-01,2017-01-01,,153.21,,,,,,,,without_doc,217
2021-04-01,N18000249,201,COMPREHENSIVE SCHEME FOR THE STRENGHTENING OF THE TRANSMISSION AND DISTRIBUTION SYSTEM IN A P,Central Public Works Department,PGCIL,MULTI STATE Thdc India Limited,2014-12-01,2018-12-01,2024-03-01,4754.42,9129.32,2163.3,,9129.32,,,,delayed,352
2021-04-01,N30000033,201,INTEGRATION OF STPS WITH REHABILITATION AND O AND M OF EXISTING ASSETS,Bihar Urban Infrastructure Development Corporation Ltd,,,2018-03-01,2022-06-01,2022-06-01,165.16,165.16,,,,,,,on_schedule,317
2021-04-01,N24000251,201,FOUR LANNING OF NH-4A(NH-748) FROM KM 118 TO 125 INCL.FOUR LANE KHNDEAPAR BRIDGE,Central Public Works Department,MoRTH,GOA,2015-03-01,2018-04-01,,297,,,,,,,,without_doc,217
2021-04-01,N18000252,202,AMELIA COAL MINE,Central Public Works Department,THDCIL,MADHYA PRADESH,2017-01-01,2020-09-01,2022-08-01,2104.21,1587.16,495.58,,,2022-08-01,1.,,delayed,353
2021-04-01,N30000034,202,INTERCEPTION DIVERSION TREATMENT WORKS AT TOLLYS NULLAH ADI GANGA,Bihar Urban Infrastructure Development Corporation Ltd,,,2017-08-01,2022-09-01,2022-09-01,307.12,307.12,,,,,,,on_schedule,317
2021-04-01,N24000252,202,CONSTRUCTION OF MAJOR BRIDGE WITH APPROACHES ACROSS PRANHITA RIVER AT KM 57.300 ON NH-63(16),Central Public Works Department,MoRTH,MAHARASHTRA,2015-03-01,,,168.3,,,,,,,,without_doc,217
2021-04-01,N18000042,203,VISHNUGAD PIPALKOTI HYDRO ELECTRIC PROJECT,Central Public Works Department,THDCIL,UTTARAKHA ND,2008-08-01,2013-06-01,2023-12-01,2491.58,3860.35,2223.06,,,,Permission for Mining at,,delayed,353
2021-04-01,N30000049,203,INTERCEPTION AND DIVERSION WITH STP AT BALLY,Bihar Urban Infrastructure Development Corporation Ltd,,,2017-10-01,2021-12-01,2021-12-01,164.93,164.93,,,,,,,on_schedule,317
2021-04-01,N24000253,203,CONSTRUCTION OF MAJOR/MINOR BRIDGE AND ROB IN 4 LANNING OF NH-66(17) MUMBAI-GOA ROAD FROM KM 161 TO,Central Public Works Department,MoRTH,MAHARASHTRA,2014-08-01,2016-07-01,,187.79,,,,,,,,without_doc,217
2021-04-01,N18000272,204,KHURJA SUPER THERMAL POWER PROJECT,Central Public Works Department,THDCIL,UTTAR PRADESH,2019-03-01,2023-09-01,2024-08-01,11089.42,11089.42,1767.11,,,,•,,delayed,354
2021-04-01,N30000048,204,"INTERCEPTION, DIVERSION AND TREATMENT WORKS AT BARANAGAR AND KAMARAHATI",Bihar Urban Infrastructure Development Corporation Ltd,,,2018-01-01,2021-12-01,2021-12-01,172.1,172.1,,,,,,,on_schedule,317
2021-04-01,N24000254,204,REHABILATION AND UPGRADATION OF NH-222(61) FOM KM 342.00 TO 444.00,Central Public Works Department,MoRTH,MAHARASHTRA,2014-01-01,,,446.77,,,,,,,,without_doc,217
2021-04-01,N28000098,205,ESTABLISHMENT OF NATIONAL ANIMAL RESOURCE FACILITY FOR BIOMEDICAL RESEARCH AT HYDERABAD,Central Public Works Department,CPWD,TELANGANA,2016-10-01,2020-03-01,2021-05-01,209.84,209.84,136.48,,,,,,delayed,354
2021-04-01,N30000031,205,I AND D AND STP WORKS AT BURDWAN WEST BENGAL,Bihar Urban Infrastructure Development Corporation Ltd,Uttar Pradesh Jal Nigam,,2018-12-01,2022-04-01,2022-04-01,234.31,234.31,,,,,,,on_schedule,317
2021-04-01,N24000257,205,CONSTRUCTION OF MARGOA WESTERN BYPASS FOR NH-17 (NEW NH-66 ) FROM KM. 26 /200 ( CHAINAGE 00/00) TO K,Central Public Works Department,MoRTH,GOA,2015-03-01,,,298.33,,,,,,,,without_doc,217
2021-04-01,N28000112,206,C/O NEW HOSPITAL BLOCK FOR SREE CHITRA TIRUNAL INSTITIUTE OF MEDICAL SCIENCE AND TECHNOLOGY (SCTIMST,Central Public Works Department,CPWD,KERALA,2017-09-01,2020-03-01,2021-12-01,150.29,150.29,43.43,,,,,,delayed,354
2021-04-01,N30000013,206,"INTERCEPTION AND DIVERSION WORKS WITH STP AT BAREILLY, UTTAR PRADESH",Bihar Urban Infrastructure Development Corporation Ltd,,,2019-03-01,2021-08-01,2021-08-01,271.39,271.39,,,,,,,on_schedule,317
2021-04-01,N24000258,206,CONST. OF MISSING LINK BETWEEN KM. 11/680 TO KM. 14/020 AND WIDENING OF EXISTING TWO LANE ROAD,Central Public Works Department,MoRTH,GOA,2015-03-01,,,184.05,,,,,,,,without_doc,217
2021-04-01,N28000139,207,CONST OF 152 QTRS 240 BOYS 240 GIRLS 150 NURSES HOSTEL AND OTHER BUILDINGS INCLUDING DEVELOPMENT,Central Public Works Department,CPWD,PONDICHERR Y,2018-03-01,2020-09-01,2022-04-01,195,195,16.41,,,,,,delayed,354
2021-04-01,N30000008,207,FARRUKHABAD I AND D AND STP WORKS HAM,Bihar Urban Infrastructure Development Corporation Ltd,,,2017-10-01,2022-03-01,2022-03-01,213.62,261.12,,,,,,,on_schedule,317
2021-04-01,N24000259,207,CONST. OF CANACONA BYPASS FROM KM.68/00 (CH.00/00) TO KM. 85/740 (CH. 7/740 ON PANAJI - MANGALORE SE,Central Public Works Department,MoRTH,GOA 2 14,2015-03-01,,,280.16,,,,,,,,without_doc,217
2021-04-01,N28000127,208,CONSTRUCTION OF 300 BEDDED HOSPITAL AND TEACHING BLOCK IN DR YS PARMAR GMC AT NAHAN HIMACHAL PRADESH,Central Public Works Department,CPWD,HIMACHAL PRADESH Hll Infra Tech Services Limited,2018-12-01,2021-06-01,2022-05-01,260,260,25.38,,,,,,delayed,354
2021-04-01,N30000021,208,INTERCEPTION AND DIVERSION WORKS AND STP AT MUZAFFARNAGAR UTTAR PRADESH,Bihar Urban Infrastructure Development Corporation Ltd,,,2019-01-01,2021-12-01,2021-12-01,231.79,234.03,,,,,,,on_schedule,317
2021-04-01,N24000260,208,CONSTRUCTION OF 6.80 KM 2 LANE WITH PAVED SHOULDERS ALAPPUZHA BYPASS ON NH47 NEW NH 66 FROM KM 408.1,Central Public Works Department,MoRTH,KERALA,2014-01-01,2017-09-01,,255.75,,,,348,,,,without_doc,218
2021-04-01,N21000025,209,ALL INDIA INSTITUTE OF MEDICAL SCIENCE AT GORAKHPUR (U.P.),Central Public Works Department,HITES,UTTAR PRADESH,2016-07-01,2020-04-01,2021-07-01,785,715.06,548.39,,,,,,delayed,354
2021-04-01,N30000024,209,SEWERAGE SCHEME INTERCEPTION AND DIVERSION WITH STP WORKS AT MEERUT UTTAR PRADESH,Bihar Urban Infrastructure Development Corporation Ltd,,,2019-02-01,2022-06-01,2022-06-01,681.78,690.71,,,,,,,on_schedule,317
2021-04-01,N24000274,209,FOUR LANING OF 5.122 KM OF NH9 ( NEW NH 65) FROM KM 269.900 ( DESIGN CH0.0 ) TO KM 275-622( DESIGN C,Central Public Works Department,MoRTH,ANDHRA PRADESH,2015-07-01,2015-12-01,,333.21,,,,333.21,,,,without_doc,218
2021-04-01,N21000026,210,"ALL INDIA INSTITUTE OF MEDICAL SCIENCE AT BATHINDA, PUNJAB",Central Public Works Department,HITES,PUNJAB,2016-07-01,2020-06-01,2021-07-01,703,557.48,469.13,,,,,,delayed,355
2021-04-01,N30000022,210,INTERCEPTION AND DIVERSION WORKS AND SEWAGE TREATMENT PLANT AT JAUNPUR UTTAR PRADESH,Bihar Urban Infrastructure Development Corporation Ltd,,,2019-01-01,2021-10-01,2021-10-01,206.05,206.05,29.26,,,,,,on_schedule,317
2021-04-01,N24000275,210,"WIDENING NH-848 FROM KM 16.000 TO 34.000, 39.000 TO 57.000 AND KM 62.000 TO 65/600/JOB NO 992/15-16",Central Public Works Department,MoRTH,MAHARASHTRA,2015-10-01,,,289.6,,,,,,,,without_doc,218
2021-04-01,N21000027,211,"ALL INDIA INSTITUTE OF MEDICAL SCIENCE AT GUWAHATI, ASSAM",Central Public Works Department,HITES,ASSAM Hospital Services Consultancy Corporation Ltd,2017-05-01,2021-05-01,2022-07-01,875,747.8,331.55,,,,,,delayed,355
2021-04-01,N30000007,211,INTEGRATED PROJECT FOR DEVELOPMENT OF STPS IN ALLAHABAD ALONG WITH EXISTING ASSETS,Bihar Urban Infrastructure Development Corporation Ltd,,,2018-03-01,2021-09-01,2021-09-01,904,904,136.55,,,,,,on_schedule,318
2021-04-01,N24000276,211,CONSTRUCTION OF HIGH LEVEL BRIDGE ACROSS INDRAVATI RIVER ON NH-63 (ERSTWHILE NH-16) AND CONSTRUCTION,Central Public Works Department,MoRTH,MAHARASHTRA,2011-12-01,,,156.26,,,,227,,,,without_doc,218
2021-04-01,N21000003,212,LHMC NEW DELHI-RE- DEVELOPMENT,Central Public Works Department,HSCC,DELHI,2013-02-01,2013-11-01,2021-05-01,414.11,499.23,494.72,,,,,,delayed,355
2021-04-01,N30000010,212,STP AT PANKHA KANPUR AND INTEGRATION WITH EXISTING STPS,Bihar Urban Infrastructure Development Corporation Ltd,,,2018-03-01,2021-09-01,2021-09-01,967.23,967.23,40.59,,,,,,on_schedule,318
2021-04-01,N24000282,212,REHABILITATION AND UPGRADATION OF EXISTING NH-565 FROM KM.86.057 TO 133.922 OF NAGARJUNASAGAR DAM T,Central Public Works Department,MoRTH,ANDHRA PRADESH,2014-01-01,2014-11-01,,195.45,,,,,,,,without_doc,218
2021-04-01,N21000018,213,"RESIDENTIALCOMPLEX AND OPD BLOCK, AIIMS, KALYANI WEST BENGAL",Central Public Works Department,HSCC,WEST BENGAL,2017-08-01,2019-03-01,2021-06-01,355.15,355.15,298.76,,,,,,delayed,355
2021-04-01,N30000006,213,"INTERCEPTION, DIVERSION AND TREATMENT WORKS FOR NAINI DISTRICT G PHAPHAMAU DISTRICT F AND JHUSI AREA",Bihar Urban Infrastructure Development Corporation Ltd,,,2017-05-01,2021-09-01,2021-09-01,767.59,767.59,76.71,,,,,,on_schedule,318
2021-04-01,N24000294,213,WIDENING AND STRENGTHENING OF NH-65 TO FOUR LANES WITH PAVED SHOULDERS FROM EXISTING KM 267+500 TO K,Central Public Works Department,MoRTH,RAJASTHAN,2014-10-01,2015-01-01,,269.22,,,,,,,,without_doc,218
2021-04-01,N21000013,214,NEIGRIHMS SHILLONG MEGHALYA,Central Public Works Department,HSCC,MEGHALAYA,2016-10-01,2018-05-01,2021-12-01,363.99,363.99,239.89,,,,,,delayed,355
2021-04-01,N24000295,214,WIDENING AND STRENGHENING OF NH-65 TO TWO LANES WITH PAVED SHOULDERS FROM EXISTING,Central Public Works Department,MoRTH,RAJASTHAN,2014-10-01,2015-01-01,,257.09,,,,,,,,without_doc,218
2021-04-01,220100181,215,AHMEDNAGAR-PARLI VAIJNATH(NL) CR,Central Railways,CR,MAHARASHTRA,1997-02-01,2021-03-01,2023-03-01,2271.5,4517.49,2648.51,,,,,,delayed,355
2021-04-01,N24000296,215,REHABILITATION AND UPGRADING TO 2 LANES-2 LANE WITH PAVED SHOULDERS,Central Public Works Department,MoRTH,RAJASTHAN,2013-10-01,2014-05-01,,278.87,,,,,,,,without_doc,218
2021-04-01,N22000233,216,KALYAN-KASARA 3RD LINE,Central Railways,CR,MAHARASHTRA,2011-04-01,2021-03-01,2023-03-01,792.89,1377.48,335.23,,,,,,delayed,355
2021-04-01,N24000297,216,REHABILITATION AND UPGRADING TO 2 LNES-2 LANE WITH PAVED SHOULDERS CONFIGURATION AND STRENGTHENING O,Central Public Works Department,MoRTH,RAJASTHAN,1991-01-01,2014-04-01,,376.52,,,,,,,,without_doc,218
2021-04-01,N22000356,217,WARDHA-BALHARSHAH - 3RD LINE (132 KM),Central Railways,CR,MAHARASHTRA,2015-02-01,2022-03-01,2023-03-01,1272.19,1283.49,408.7,,,,,,delayed,355
2021-04-01,N24000298,217,WIDENING AND STRENGTHENING OF NH-15 TO TWO LANES WITH PAVED SHOULDER FROM EXISTING KM 173/0 TO KM 24,Central Public Works Department,MoRTH,RAJASTHAN,2015-02-01,2015-03-01,,383.4,,,,,,,,without_doc,218
2021-04-01,N22000250,218,WARDHA-SEWAGRAM NGP 3RD LINE,Central Railways,CR,MAHARASHTRA,2012-04-01,2022-03-01,2024-03-01,540.02,540.02,272.55,,,,,,delayed,355
2021-04-01,N24000302,218,FOUR LANING OF 5.122 KM OF NH9( NEW NH 65) FROM KM 269.900( DESIGN CH0.0 ),Central Public Works Department,MoRTH,ANDHRA PRADESH,2015-07-01,2015-12-01,,333.21,,,,,,,,without_doc,218
2021-04-01,N22000358,219,ITARSI-NAGPUR (BAL.) - 3RD LINE (267 KM),Central Railways,CR,MAHARASHTRA,2015-02-01,2023-03-01,2024-03-01,2449.91,2449.91,332.19,,,,,,delayed,355
2021-04-01,N24000307,219,TWO LANING OF KHONSA - TISSA - LONGDING (NH-52B) (42.50 KM) IN ARUNACHAL PRADESH UNDER ARUNACHAL PRA,Central Public Works Department,MoRTH,ARUNACHAL PRADESH,2011-12-01,2012-02-01,,156.63,,,,276,,,,without_doc,218
2021-04-01,N22000361,220,MANMAD - JALGAON - 3RD LINE (160 KM),Central Railways,CR,MAHARASHTRA,2016-02-01,2022-03-01,2024-03-01,1035.16,1035.16,244.12,,,,,,delayed,355
2021-04-01,N24000309,220,TWO LANING OF LALPUL- MANMAO- CHANGLANG ROAD (NH-52B) IN ARUNACHAL PRADESH UNDER ARUNACHAL PRADESH P,Central Public Works Department,MoRTH,ARUNACHAL PRADESH,2010-11-01,2011-03-01,,305.49,,,,,,,,without_doc,218
2021-04-01,N22000362,221,WARDHA - NAGPUR - 4TH LINE (76 KM),Central Railways,CR,MAHARASHTRA East Central Railways,2016-02-01,2023-03-01,2024-03-01,637.95,637.95,182.65,,,,,,delayed,355
2021-04-01,N24000311,221,TWO LANING OF GOBOK - SIJON NALLAH (CORRECSPONDING TO EXISTING CH: 27.00 TO KM75.00) IN ARUNACHAL PR,Central Public Works Department,MoRTH,ARUNACHAL PRADESH,2012-03-01,2012-05-01,,207.03,,,,,2018-06-01,,,without_doc,218
2021-04-01,N22000334,222,HAJIPUR - BACHAWARA,Central Railways,ECR,MULTI STATE,2015-05-01,2019-03-01,2021-05-01,678.54,929.86,848.39,,678.54,,,,delayed,356
2021-04-01,N24000315,222,"WIDENING OF 2(TWO) LANING OF LONGLENG-CHANTONGYA ROAD, MON-TAMLU-MERANGKONG ROAD, PHEK- PFUTSERO ROA",Central Public Works Department,MoRTH,NAGALAND,2010-12-01,2011-02-01,,1296,,,,,,,,without_doc,218
2021-04-01,N22000002,223,MANSI-PURNIA (EXTENSION OF MANSI-SAHARSA) GAN ECR,Central Railways,ECR,BIHAR,1996-04-01,2012-03-01,2021-07-01,477.88,751.55,694.88,,283.95,,,,delayed,356
2021-04-01,N24000316,223,CONSTRUCTION OF PAVED SHOULDERS IN KM.81/0 TO 203/0 INCLUDING RECONSTRUCTION AND WIDENING OF CULVERT,Central Public Works Department,MoRTH,TAMIL NADU,2015-03-01,2015-08-01,,258.97,,,,,,,,without_doc,218
2021-04-01,N22000419,224,KARAILA ROAD - SHAKTINAGAR DOUBLING,Central Railways,ECR,UTTAR PRADESH,,2019-03-01,2022-03-01,,528.57,179.78,,,,,,delayed,356
2021-04-01,N24000317,224,REHABILITATION AND UPGRADATION OF NH 226 E FROM 0-1 - 66- 20 TO 2 LANE WITH PAVED SHOULDERS ON EPC MO,Central Public Works Department,MoRTH,TAMIL NADU,2015-03-01,2015-07-01,,157.18,,,,162,,,,without_doc,218
2021-04-01,N22000465,225,GARHWA ROAD-RAMNA,Central Railways,ECR,JHARKHAND,2015-03-01,2021-03-01,2022-03-01,348.23,348.23,336.32,,,,,,delayed,356
2021-04-01,N24000318,225,CONSTRUCTION OF PAVED SHOULDERS INCULDING STRENGTHENING OF EXISTING CARRIAGEWAY FROM KM 0-0-51-0 I-,Central Public Works Department,MoRTH,TAMIL NADU 2 15,2015-11-01,2015-08-01,,154.14,,,,,,,,without_doc,218
2021-04-01,N22000473,226,MUZAFFARPUR SAGAULI DOUBLING 100.60 KM,Central Railways,ECR,BIHAR,2016-04-01,2021-03-01,2022-06-01,731.64,1185.73,217.95,,,,,,delayed,356
2021-04-01,N24000331,226,CONSTRUCTION OF RING ROAD FOR RAEBARELI CITY (PHASE -I) ON EASTERN SIDE OF NH 24B,Central Public Works Department,MoRTH,UTTAR PRADESH,2014-01-01,2016-03-01,,282.41,,,,,,,,without_doc,219
2021-04-01,220100240,227,"JAYANAGAR-DARBHANGA- NARKATIA GANJ(GC),ECR",Central Railways,ECR,BIHAR,1997-04-01,2012-03-01,2022-11-01,324.73,1070,1069.58,,,,,,delayed,356
2021-04-01,N24000332,227,REHABILITATION AND UPGRADATION OF END OF AHMEDNAGAR BYPASS TO KHARWANDI KASAR SECTION OF NH-222 FROM,Central Public Works Department,MoRTH,MAHARASHTRA,2015-01-01,,,225.81,,,,,,,,without_doc,219
2021-04-01,N22000181,228,JAYNAGAR-BIJALPURA INCLUDING EXTENSION BIJALPURA-BARDIBAS(NEPAL) GC,Central Railways,ECR,BIHAR,2009-04-01,2020-03-01,2023-03-01,548,819.01,535.44,,,,,,delayed,356
2021-04-01,N24000333,228,WIDENING TO 4 LANE WITH PAVED SHOULDER WITH CC PAVEMENT FROM KM 256/550 TO KM 289/500 ON KOTA-DARAH,Central Public Works Department,MoRTH,RAJASTHAN,2015-12-01,2018-06-01,,621.43,,,,,,,,without_doc,219
2021-04-01,N22000349,229,KIUL - GAYA DOUBLING PROJECT,Central Railways,ECR,BIHAR,2015-12-01,2020-03-01,2023-03-01,1200.2,1200.2,578.18,,1200.2,,,,delayed,356
2021-04-01,N24000334,229,STRENGTHENING AND WIDENING TO TWO LANE WITH PAVED SHOULDERS FROM KM.106.00 TO 153.00 OF NH-218 BIJAP,Central Public Works Department,MoRTH,KARNATAKA,2015-03-01,2015-11-01,,165.67,,,,,,,,without_doc,219
2021-04-01,N22000350,230,RAMPUR DUMRA - TAL - RAJENDRAPUL DOUBLING INCLUDING GANGA BRIDGE,Central Railways,ECR,BIHAR,2015-12-01,2020-03-01,2023-03-01,1491.47,1491.47,508.88,,,,,,delayed,356
2021-04-01,N24000335,230,STRENGTHENING AND WIDENING TO TWO LANE WITH PAVED SHOULDERS FROM KM.56.00 TO 106.00 OF NH-218 BIJAPU,Central Public Works Department,MoRTH,KARNATAKA,2015-03-01,2015-11-01,,159.12,,,,,,,,without_doc,219
2021-04-01,N22000417,231,RAMNA - SINGRAULI DOUBLING,Central Railways,ECR,UTTAR PRADESH,,2020-03-01,2024-03-01,2436.21,2436.21,1138.31,,,,,,delayed,356
2021-04-01,N24000371,231,RUDHAULI TO GHAGRA BRIDGE SECTION OF NH-233 IN UTTAR PRADESH KM 65/870 TO 122/270,Central Public Works Department,MoRTH,UTTAR PRADESH,2013-10-01,2017-03-01,,445.89,,,,,,,,without_doc,219
2021-04-01,N22000472,232,SAGAULI VALMIKINAGAR DOUBLING 109.7 KM,Central Railways,ECR,BIHAR East Coast Railway,2016-04-01,2021-03-01,2024-03-01,744.04,1215.54,426.72,,,,,,delayed,356
2021-04-01,N24000373,232,2-LANING OF LALPUL-MANMAO-CHANGLANG ROAD(NH-52B) (NEW NH NO.215)FROM KM 0.00 TO KM 68.30INTHE STATE,Central Public Works Department,MoRTH,UTTAR PRADESH,2010-11-01,2017-03-01,,305.49,,,,,,,,without_doc,219
2021-04-01,N22000315,233,SAMBALPUR-TALCHER DOUBLING,Central Railways,ECOR,ODISHA,2011-03-01,2019-02-01,2021-12-01,1111.99,1539.28,1109.06,,,,,,delayed,356
2021-04-01,N24000375,233,SATANA-BELA SECTION OF NH-75(4L) IN MP,Central Public Works Department,MoRTH,MADHYA PRADESH,2012-01-01,2015-08-01,,320.48,,,,,,,,without_doc,219
2021-04-01,N22000319,234,SAMBALPUR - ANGUL RLY. ELECTRIFICATION,Central Railways,ECOR,ODISHA,2012-03-01,2020-03-01,2022-03-01,155.81,238.03,221.48,,238.03,2021-03-01,,,delayed,356
2021-04-01,N24000376,234,"REHABILITATION AND UPGRADING TO 2 LANES/2 LANE WITH PAVED SHOULDERS CONFIGURATION OF ""MADHUGIRI-MULB",Central Public Works Department,MoRTH,KARNATAKA,1991-01-01,2018-01-01,,219.4,,,,,,,,without_doc,219
2021-04-01,N22000318,235,KIRANDUL - JAGDALPUR DOUBLING,Central Railways,ECOR,CHHATISGAR H,2012-12-01,2020-03-01,2023-03-01,1160,1160.83,950.18,,1160.83,2023-03-01,,,delayed,356
2021-04-01,N24000379,235,REHABILITATION AND UPGRADING TO 2 LANES/2 LANE WITH PAVED SHOULDERS CONFIGURATION OF BHOJPUR-CHHATAB,Central Public Works Department,MoRTH,ODISHA,1991-01-01,2017-10-01,,218.63,,,,,,,,without_doc,219
2021-04-01,N22000376,236,JAGADALPUR-KORAPUT DOUBLING,Central Railways,ECOR,ODISHA,2015-04-01,2022-03-01,2023-03-01,1547.38,1547.38,612.77,,1547.38,2023-03-01,,,delayed,356
2021-04-01,N24000382,236,REHABILITATION AND UPGRADING TO 2 LANES/2 LANE WITH PAVED SHOULDERS CONFIGURATION OF BIRPUR - BIHPUR,Central Public Works Department,MoRTH,BIHAR,1991-01-01,,,675,,,,,,,,without_doc,219
2021-04-01,N22000316,237,BHADRAK - NERGUNDI 3RD LINE,Central Railways,ECOR,ODISHA,2013-03-01,2020-10-01,2024-03-01,843.04,843.04,227.52,,843.04,2024-03-01,,,delayed,357
2021-04-01,N24000385,237,DEVELOPMENT TO FOUR LANE WITH PAVED SHOULDERS OF SHAHKOT-MOGA SECTION OF NH-71 (NEW NH-52) FROM EXIS,Central Public Works Department,MoRTH,PUNJAB,2015-12-01,,,766.36,,,,,,,,without_doc,219
2021-04-01,N22000377,238,KOTTAVALSA - KORAPUT DOUBLING,Central Railways,ECOR,ANDHRA PRADESH,2015-04-01,2022-03-01,2024-03-01,2499.71,2499.71,671.08,,,2024-03-01,,,delayed,357
2021-04-01,N24000389,238,4-LANING OF LAMBRA-SHAHKOT SECTION OF NH-71 FROM KM 12.00 TO 44.600,Central Public Works Department,MoRTH,PUNJAB,2015-11-01,,,847.02,,,,,,,,without_doc,219
2021-04-01,N22000380,239,JARAPADA - BUDHAPANK WITH FLY OVER AT TALCHER ROAD 3RD AND 4TH LINE,Central Railways,ECOR,ODISHA,2015-04-01,2018-11-01,2024-03-01,701.61,810.02,171.45,,,,,,delayed,357
2021-04-01,N24000392,239,2 LANING FROM KANUBARI TO START OF BOGIBEEL BRIDGE APPROACHES OF NH-52B(EXTN) IN ASSAM,Central Public Works Department,MoRTH,ASSAM,2010-11-01,2017-05-01,,268.08,,,,,,,,without_doc,219
2021-04-01,N22000381,240,BUDHAPANK - SALEGAON VIA RAJATGARH 3RD AND 4TH LINE.,Central Railways,ECOR,ODISHA,2015-04-01,2018-12-01,2024-03-01,1172.92,1172.92,613.52,,1172.92,2024-03-01,,,delayed,357
2021-04-01,N24000395,240,BAMITHA-SATANA (2L+PS) OF NH-75 IN MP,Central Public Works Department,MoRTH,MADHYA PRADESH,2015-08-01,,,257.8,,,,,,,,without_doc,219
2021-04-01,220100328,241,TALCHER- BIMALAGARH(NL)(ECOR),Central Railways,ECOR,ODISHA,2005-04-01,2021-06-01,2025-03-01,810.78,1928.07,873.81,,1928.07,2025-03-01,,,delayed,357
2021-04-01,N24000396,241,2 LANING OF OF LUMDING-DIPHU- MANJA ROAD (L=54.37 KM.) HAFLONG JATINGA ROAD (L=7.46 KM.) BASKA BAR,Central Public Works Department,MoRTH,ASSAM,2010-11-01,2011-02-01,,470.2,,,,,,,,without_doc,219
2021-04-01,220100284,242,KHURDA ROAD- BOLANGIR(NL)ECOR,Central Railways,ECOR,ODISHA,1994-04-01,2009-03-01,2026-03-01,2923.13,3791.66,1506.95,,3791.66,2026-03-01,,,delayed,357
2021-04-01,N24000397,242,REHABILITATION AND UPGRADING TO 2 LANES/2 LANE WITH PAVED SHOULDERS CONFIGURATION OF BANKUARA- PURUL,Central Public Works Department,MoRTH,WEST BENGAL,1991-01-01,2018-03-01,,322,,,,,,,,without_doc,219
2021-04-01,N22000379,243,KORAPUT - SINGAPUR ROAD DOUBLING,Central Railways,ECOR,ODISHA Eastern Railways,2015-04-01,2022-03-01,2026-03-01,2361.74,2361.74,432.17,,2361.74,2026-03-01,,,delayed,357
2021-04-01,N24000398,243,REHABILITATION AND UPGRADING TO 2 LANES/2 LANE WITH PAVED SHOULDERS CONFIGURATION OF ANISABAD-AURANG,Central Public Works Department,MoRTH,BIHAR 2 16,1991-01-01,2016-08-01,,282.41,,,,,,,,without_doc,219
2021-04-01,220100273,244,"DEOGHAR - SULTANGANJ (INL), ER",Central Railways,ER,MULTI STATE,2000-04-01,2013-02-01,2024-03-01,607.09,1425.44,638.05,,,,,,delayed,357
2021-04-01,N24000402,244,REHABILITATION AND UPGRADING TO 2 LANES/2 LANE WITH PAVED SHOULDERS CONFIGURATION OF ANISABAD-AURANG,Central Public Works Department,MoRTH,BIHAR,1991-01-01,2016-10-01,,358.22,,,,,,,,without_doc,220
2021-04-01,220100272,245,"TARAKESWAR - BISHNUPUR NEW BG LINE (NL), ER",Central Railways,ER,WEST BENGAL,2000-04-01,2019-03-01,2025-03-01,1188.91,1619.48,905.06,,,2009-12-01,Land Acquisition –,,delayed,358
2021-04-01,N24000407,245,FOUR LANING OF 5.122 KM OF NH 9 (NEW NH 65) FROM KM 269/900 (DESIGN CH. 0/0) TO KM 275/022 (DESIGN C,Central Public Works Department,MoRTH,ANDHRA PRADESH,2015-10-01,2015-11-01,,333.21,,,,,,,,without_doc,220
2021-04-01,N22000091,246,BARDHAMAN-KATWA (GC),Central Railways,ER,WEST BENGAL,2007-04-01,2010-12-01,2025-03-01,1106.62,1091.59,990.33,,,,Govt. of West Bengal to,,delayed,358
2021-04-01,N24000414,246,REHABILITATION AND UPGRADING TO 2 LANES/2 LANE WITH PAVED SHOULDERS CONFIGURATION OF NABARANGPUR-KOK,Central Public Works Department,MoRTH,ODISHA,1991-01-01,2018-05-01,,229.41,,,,,,,,without_doc,220
2021-04-01,N22000216,247,"LAKSHMIKANTAPUR-NAMKHANA SUBSEQUENTLY MM FOR NAMKHANA-CHANDRANAGAR, KAKDWIP-BUDAKHALI AND CHANDRANAG",Central Railways,ER,MULTI STATE,1987-04-01,2006-03-01,2025-03-01,406.99,545.7,149.31,,,,Land is required for,,delayed,358
2021-04-01,N24000417,247,REHABILITATION AND UP-GRADATION OF NH-149 FROM KM 0.00 TO KM 68.280 (PALLAHARA-PITRI JUNCTION) IN TH,Central Public Works Department,MoRTH,ODISHA,2014-07-01,2017-01-01,,342.05,,,,,,,,without_doc,220
2021-04-01,N22000219,248,PIRPAINTI-JASIDIH,Central Railways,ER,MULTI STATE,2013-04-01,2022-03-01,2025-03-01,915.98,2137.81,388.53,,,,1. Jharkhand & Bihar,,delayed,359
2021-04-01,N24000444,248,CONSTRUCTION OF BRIDGE INCLUDING APPROACHES ACROSS RIVER ZUARI ON NH-17 (NH-66) ON PANJIM-MANGALORE,Central Public Works Department,MoRTH,GOA,2015-10-01,,,936.4,,,,,,,,without_doc,220
2021-04-01,N22000224,249,KALINARAYANPUR- KRISHNANAGAR DOUBLING ALONGWITH KRISHNANAGAR - CHAPRA NEW LINE AND NAIHATI-RANAGHAT 3,Central Railways,ER,MULTI STATE,2001-04-01,2016-03-01,2025-03-01,923.52,995.1,645.97,,,,1 Krishnanagar City,,delayed,359
2021-04-01,N24000467,249,NH 79 OF CHITTORGARH NEEMUCH MP BORDER KM 183 000 TO KM 221 400 BY FOUR LANING WITH PAVED SHOULDER A,Central Public Works Department,MoRTH,RAJASTHAN,2012-09-01,2013-10-01,,511,,,,,,,,without_doc,220
2021-04-01,N22000225,250,"CHINPAI-SAINTHIA DOUBLING, MM FOR PRANTI-SURI, CHOWRIGACHA-SAINTHIA VIA KANDI NL",Central Railways,ER,MULTI STATE,2005-04-01,2017-03-01,2025-03-01,595.51,769.4,103.86,,,,Suri – Prantik New Line,,delayed,359
2021-04-01,N24000470,250,NH 79 CHITTORGARH NEEMUCH MP BORDER FOUR LANING AND NH 113 NIMBAHERA PRATAPGARH TWO LANING,Central Public Works Department,MoRTH,RAJASTHAN,2012-09-01,2013-10-01,,511,,,,,,,,without_doc,220
2021-04-01,N22000228,251,SONDALIA-CHAMPAPUKUR DOUBLING WITH NEW MM FOR BIRA-CHAKIA NL,Central Railways,ER,MULTI STATE,2010-04-01,2016-03-01,2025-03-01,277.28,266.32,191.22,,,,For Bira - Chakla (11.50),,delayed,359
2021-04-01,N24000511,251,WIDNG WITH PS AND STRNG FROM KM.0.00 TO 50.675 OF NH-730A EPC MODE,Central Public Works Department,MoRTH,UTTAR PRADESH,2013-05-01,2015-08-01,,164.54,,,,,,,,without_doc,220
2021-04-01,N22000229,252,"DANKUNI-CHANDANPUR 4TH LINE, 1ST PHASE OF DANKUNI- SHAKTIGARH 4TH LINE WITH MM BARUIPARA FURFURA NL",Central Railways,ER,MULTI STATE,2010-04-01,2017-03-01,2025-03-01,365.17,439.3,411.65,,,,Baruipara – Furfura (12.30,,delayed,359
2021-04-01,N24000514,252,WIDENING TO 4/6 LANES OF EXISTING NH-17 FROM KM 531/934 (AFTER ZUARI BR.) TO KM 536/250 JN. WITH VER,Central Public Works Department,MoRTH,GOA,2015-12-01,,,773.98,,,,,,,,without_doc,220
2021-04-01,N22000240,253,"NEW ALIPUR TO AKRA, MM FOR BUDGE BUDGE-PUJALI NL, PUJALI-ULUBERIA(BIRSHIVPUR) AND PUJALI-BAHRAHAT NL",Central Railways,ER,MULTI STATE,2010-04-01,2005-03-01,2025-03-01,494.54,494.59,32,,,,Budge Budge to Pujali,,delayed,360
2021-04-01,N24000516,253,WIDENING TO 4/6/8 LANES OF EXISTING NH-17 FROM KM 522/615 (NEAR GMC) TO KM 530/850 JOINING NEW ZUIAR,Central Public Works Department,MoRTH,GOA,2015-12-01,,,819.95,,,,,,,,without_doc,220
2021-04-01,N22000243,254,MAGRAHAT-DIAMOND HARBOUR WITH MM SANGRAMPUR- KRISHANCHANDPUR AND DIAMOND HATBOUR - BAHRAHAT-KULPI NL,Central Railways,ER,MULTI STATE,2009-04-01,2012-02-01,2025-03-01,499.96,680.68,164.09,,,,Sangrampur –,,delayed,360
2021-04-01,N24000519,254,REHABILITATION AND UPGRADING TO 2 LANES-2 LANE WITH PAVED SHOULDERS CONFIGURATION OF,Central Public Works Department,MoRTH,BIHAR,1991-01-01,,,478.35,,,,,,,,without_doc,220
2021-04-01,N22000244,255,"LILUAH-DANKUNI 3RD LINE, MM FOR DANKUNI-JONGALPARA- FURFURA SHARIF NL",Central Railways,ER,MULTI STATE,2009-04-01,2014-03-01,2025-03-01,257.42,257.42,107.35,,,,226.542 acres of land,,delayed,360
2021-04-01,N24000523,255,WIDENING TO 2 LANE AND IMPROVEMENT FROM KM 100/700 TO 186/700 OF VIJAYWADA RANCI ROUTE IN ODISHA,Central Public Works Department,MoRTH,ODISHA,2011-12-01,2017-11-01,,159.39,,,,,,,,without_doc,220
2021-04-01,N22000239,256,PRINCEPGHAT-MAJERHAT DOUBLING OF CIRCULAR RAILWAY,Central Railways,ER,MULTI STATE Indian Railway Construction Company Limited,2011-04-01,2017-03-01,2026-03-01,299.6,335.62,1.12,,,,,,delayed,360
2021-04-01,N24000524,256,WIDENING STG.OF EXISTING TWO-LANE CARRIAGEWAY TO FOUR LANES WITH PAVED SIDE SHOULDERS OF HARIKE-ZIRA,Central Public Works Department,MoRTH,PUNJAB,2015-06-01,,,892.17,,,,,,,,without_doc,220
2021-04-01,N22000489,257,KHARSIA DHARAMJAIGARH WITH SPUR LINE EAST CORRIDOR-PHASE I,Central Railways,IRCON,CHHATISGAR H,2013-04-01,2018-09-01,2022-03-01,3055,3055.15,2431.72,,,,,,delayed,360
2021-04-01,N24000527,257,WIDENING TO 2 LANE AND IMPROVEMENT VIJAYWADA RANCI ROUTE FROM KM 377-700 TO 471-900 (BERHMAPUR-TAPTA,Central Public Works Department,MoRTH,ODISHA,2011-12-01,2015-08-01,,191.08,,,,,,,,without_doc,220
2021-04-01,N22000488,258,GEVRA ROAD PENDRA ROAD,Central Railways,IRCON,CHHATISGAR H,2014-02-01,2022-03-01,2023-12-01,2288,4970.11,866.16,,,,,,delayed,360
2021-04-01,N24000530,258,REHABILITATION AND UPGRADING TO 2 LANES/2 LANE WITH PAVED SHOULDERS CONFIGURATION OF SITAMARHIKM 40,Central Public Works Department,MoRTH,BIHAR,1991-01-01,,,154.62,,,,,,,,without_doc,220
2021-04-01,N22000418,259,EXECUTION OF RAIL CONNECTIVITY PROJECT FOR COAL TRANSPORTATION IN ODISHA FOR MCRL,Central Railways,IRCON,ODISHA Metropolitan Rapid Transport Projects,2016-04-01,2020-03-01,2024-03-01,5200,962,54.75,,,,,,delayed,360
2021-04-01,N24000531,259,REHABILITATION AND UPGRADING TO 2 LANES/2 LANE WITH PAVED SHOULDERS (KM 40 TO KM 219.945) OF NH-104,Central Public Works Department,MoRTH,BIHAR,1991-01-01,,,319.68,,,,,,,,without_doc,220
2021-04-01,N22000135,260,EAST WEST METRO CORRIDOR FROM HOWRAH MAIDAN TO SALT LAKE,Central Railways,MRTP,WEST BENGAL,2013-03-01,2016-03-01,2021-06-01,4874.58,8574.97,5892.72,,,,,,delayed,360
2021-04-01,N24000537,260,REHABILITATION AND UPGRADING TO 2 LANE WITH PAVED SHOULDERS CONFIGURATION AND STRENGTHENING OF ANISH,Central Public Works Department,MoRTH,BIHAR,2013-10-01,2014-08-01,,278.39,,,,,,,,without_doc,220
2021-04-01,N22000028,261,"EXTENSION OF MRTS FROM VELACHERY TO STN. THOMAS, MTP",Central Railways,MRTP,TAMIL NADU,2006-04-01,2013-06-01,2021-12-01,495.74,734.01,510.69,,,2022-06-01,,,delayed,361
2021-04-01,N24000574,261,"ENGINEERING, PROCUREMENT, AND CONSTRUCTION OF REHABILITATION AND UPGRADING TO 2-LANES/2 -LANE WITH P",Central Public Works Department,MoRTH,BIHAR 2 17,2013-11-01,2016-07-01,,683.83,,,,,,,,without_doc,220
2021-04-01,220100164,262,BELAPUR-SEAWOOD-URAN ELECTRIFIED DOUBLE LINE(MTP),Central Railways,MRTP,MAHARASHTR A North Central Railway,1996-03-01,2004-03-01,2022-03-01,495.44,2980.41,1768.25,,,,,,delayed,361
2021-04-01,N24000575,262,REHABILITATION AND UPGRADING TO 2 LANES/2 LANE WITH PAVED SHOULDERS CONFIGURATION AND STRENGTHENING,Central Public Works Department,MoRTH,BIHAR,2014-02-01,2016-07-01,,665.5,,,,,,,,without_doc,221
2021-04-01,N22000148,263,GWALIOR-SEOPURKALA WITH EXTENSION TO KOTA (GC),Central Railways,NCR,MULTI STATE North East Frontier Railway,2011-04-01,2022-03-01,2024-12-01,2912.96,3845.6,148.26,,,,,,delayed,361
2021-04-01,N24000576,263,"ENGINEERING, PROCUREMENT, AND CONSTRUCTION OF REHABILITATION AND UPGRADING TO 2-LANES/2 -LANE WITH P",Central Public Works Department,MoRTH,BIHAR,2016-02-01,2016-05-01,,178.85,,,,,,,,without_doc,221
2021-04-01,220100266,264,"NEW MAYNAGURI TO JOGIGHOPA VIA CHANGRABANDHA (NL),NEFR",Central Railways,NFR,MULTI STATE,2000-04-01,2008-12-01,2021-05-01,1180.19,4541.38,3804.55,,2531.34,,,,delayed,361
2021-04-01,N24000577,264,"ENGINEERING, PROCUREMENT, AND CONSTRUCTION OF REHABILITATION AND UPGRADING TO 2-LANES/2 -LANE WITH P",Central Public Works Department,MoRTH,BIHAR,2016-02-01,2016-06-01,,369.77,,,,,,,,without_doc,221
2021-04-01,N22000389,265,DIGARU-HOJAI (102 KM),Central Railways,NFR,ASSAM,2015-04-01,2021-03-01,2021-05-01,870.96,1873.21,1309.41,,,,,,delayed,361
2021-04-01,N24000578,265,"ENGINEERING, PROCUREMENT, AND CONSTRUCTION OF REHABILITATION AND UPGRADING TO 2-LANES/2 -LANE WITH P",Central Public Works Department,MoRTH,BIHAR,2016-02-01,2016-05-01,,553.3,,,,,,,,without_doc,221
2021-04-01,N22000195,266,AGARTALA-AKHAURA NL,Central Railways,NFR,TRIPURA,2012-04-01,2020-03-01,2022-03-01,569.63,742,200.28,,,,,,delayed,361
2021-04-01,N24000579,266,FOUR LANING OF GAYA-HISUA-RAJGIRI-NALANDA-BIHARSHARIF SECTION (KM0.00 TO 92.935) ON NH-82 IN BIHAR,Central Public Works Department,MoRTH,BIHAR,2014-01-01,2016-10-01,,1408.85,,,,,,,,without_doc,221
2021-04-01,N22000086,267,"NEW B.G. LINE FROM TETELIA TO BYRNIHAT (NATIONAL PROJECT), NEFR",Central Railways,NFR,ASSAM,2006-09-01,2019-03-01,2023-03-01,385.2,1043,837.67,,,,,,delayed,361
2021-04-01,N24000580,267,STRENGTHENING AND WIDENING WORK OF EXISTING 2-LANE TO TWO LANE WITH PAVED SHOULDER AND GEMETRIC IMPR,Central Public Works Department,MoRTH,BIHAR,2015-03-01,2016-07-01,,206.8,,,,,,,,without_doc,221
2021-04-01,N22000100,268,"BHAIRABI SAIRONG, NL, NEFR",Central Railways,NFR,MIZORAM,2008-04-01,2014-03-01,2023-03-01,2393.47,5521.45,3954.28,,5021.45,,,,delayed,361
2021-04-01,N24000581,268,CONSTRUCTION OF BHAGALPUR BYPASS FROM KM 124/175 TO 140/200 OF NH-80 UNDER EPC MODE,Central Public Works Department,MoRTH,BIHAR,2015-08-01,2015-11-01,,288.24,,,,,,,,without_doc,221
2021-04-01,N22000388,269,BONGAIGAON-GOALPARA- GUWAHATI (176 KM),Central Railways,NFR,ASSAM,2015-04-01,2022-03-01,2023-03-01,2232.32,2950,1620.12,,,,,,delayed,361
2021-04-01,N24000584,269,4-LANNING OF NH17 AND NEW NO. NH66 FROM KM 161/600 TO 205/400 UNDER HYBRID ANNUITY MODE,Central Public Works Department,MoRTH,MAHARASHTRA,2016-03-01,,,1142.62,,,,,,,,without_doc,221
2021-04-01,220100288,270,JIRIBAM TO IMPHAL (TUPUI)(NL)(NEFR),Central Railways,NFR,MANIPUR,2003-04-01,2011-03-01,2023-12-01,4454.17,12264.15,10994.55,,,,,,delayed,361
2021-04-01,N24000585,270,4-LANNING OF NH17 AND NEW NO. NH66 FROM KM 241/300 TO 281/300 UNDER HYBRID ANNUITY MODE,Central Public Works Department,MoRTH,MAHARASHTRA,2016-03-01,,,1101.58,,,,,,,,without_doc,221
2021-04-01,N22000087,271,"NEW B.G. LINE FROM ARARIA TO GALGALIA (THAKURGUNG), NEFR",Central Railways,NFR,BIHAR,2006-09-01,2019-03-01,2024-03-01,532.87,2145,1001.65,,2132.03,,,,delayed,361
2021-04-01,N24000610,271,"REHABILIATION OF 4-LANE 5.575 KM LONG,4-LANE MG SETU OVER GANGA RIVER ON NH-19 FROM KM 212.72 TO KM",Central Public Works Department,MoRTH,BIHAR,2016-08-01,2016-12-01,,1742.01,,,,,,,,without_doc,221
2021-04-01,N22000183,272,NEW BONGAIGAON-RANGIA- KAMAKGHYA DOUBLING,Central Railways,NFR,MULTI STATE,2013-04-01,2019-03-01,2024-03-01,1798,2042.51,136.41,,2042.51,,,,delayed,361
2021-04-01,N24000639,272,WIDENING AND STRENFTHENING OF EXISITNG SL IL TO 2 LANE CARRIAGEWAY WITH PAVED SHOULDER INCLUDING GEO,Central Public Works Department,MoRTH,ODISHA,2014-03-01,2016-05-01,,191.5,,,,192,,,,without_doc,221
2021-04-01,N22000124,273,NEW LINE FROM DIMAPUR TO ZUBZA(KOHIMA) NATIONAL PROJECT (NEFR),Central Railways,NFR,NAGALAND North Eastern Railway,2006-04-01,2015-03-01,2024-12-01,2326.52,6911,1204.64,,,,,,delayed,361
2021-04-01,N24000640,273,WIDENING AND STRENGTHENING OF EXISTING SINGLE INTERMEDIATE LANE CARRIAGEWAY TO 2 LANE CARRIAGE WAY W,Central Public Works Department,MoRTH,ODISHA,2015-01-01,2018-04-01,,326.63,,,,327,,,,without_doc,221
2021-04-01,N22000470,274,"SHAHGANJ-BHATNI-PHEPHNA- INDARA, MAU-SHAHGANJ (EXCL. MAU-INDARA) PATCH DOUBLING.",Central Railways,NER,UTTAR PRADESH,2016-04-01,2019-12-01,2021-04-01,1177.96,1028.95,172.26,,,,,,delayed,362
2021-04-01,N24000641,274,WIDENING AND STRENGTHENING OF EXISTING SL IL DL TO 2 LANE CARRIAGEWAY WITH PAVED SHOULDER FROM KM,Central Public Works Department,MoRTH,ODISHA,2015-02-01,2017-10-01,,239.91,,,,240,,,,without_doc,221
2021-04-01,N22000456,275,INDARA - DOHRIGHAT GAUGE CONVERSION.,Central Railways,NER,UTTAR PRADESH,2016-04-01,2016-04-01,2021-12-01,213,213.35,12.86,,,,,,delayed,362
2021-04-01,N24000644,275,REHABILITATION AND UPGRADATION OF NH-149 FROM KM 0.00 TO KM 68.280 (PALLAHARA TO PITRI JUNCTION) IN,Central Public Works Department,MoRTH,ODISHA,2014-07-01,2017-01-01,,342.05,,,,342,,,,without_doc,221
2021-04-01,N22000134,276,CHHAPRA-BALLIA UP,Central Railways,NER,MULTI STATE,2013-03-01,2019-01-01,2022-02-01,295,477.31,378.98,,,,,,delayed,362
2021-04-01,N24000645,276,REHABILITATION AND UPGRADING TO 2 LANE WITH PAVED SHOULDER CONFIGURATION AND STRENGTHENING OF NAUPAR,Central Public Works Department,MoRTH,ODISHA,2013-08-01,2016-06-01,,171.96,,,,172,,,,without_doc,221
2021-04-01,N22000469,277,AUNRIHAR - JAUNPUR PATCH DOUBLING .,Central Railways,NER,UTTAR PRADESH,2016-04-01,2022-01-01,2022-03-01,600,366.71,117.64,,,,,,delayed,362
2021-04-01,N24000646,277,WIDENING OF EXISTING IL DL TO 2-LANE WITH 1.5 M WIDE PAVED SHOULDER FROM KM 0.0 TO KM 45.750 (BOLANG,Central Public Works Department,MoRTH,ODISHA,2016-06-01,2018-06-01,,157.3,,,,157,,,,without_doc,221
2021-04-01,N22000462,278,ETAH - KASGANJ - NEW LINE,Central Railways,NER,UTTAR PRADESH,2017-04-01,2017-04-01,2022-04-01,276.9,276.9,,,,,,,delayed,362
2021-04-01,N24000772,278,RECONSTRUCTION WITH GEOMETRIC IMPROVEMENT OF EXISTING 2 LANE/INTERMEDIATE LANE TO 2LANE WITH PAVED S,Central Public Works Department,MoRTH,UTTARAKHAND,2017-12-01,2019-12-01,,257.34,,,,,,,,without_doc,221
2021-04-01,N22000459,279,NANPARA - NEPALGANJ GAUGE CONVERSION.,Central Railways,NER,UTTAR PRADESH,2017-04-01,2017-04-01,2022-10-01,150,150,,,,,,,delayed,362
2021-04-01,N24000773,279,RECONSTRUCTION WITH GEOMETRIC IMPROVEMENT OF EXISTING 2 LANE/INTERMEDIATE LANE TO 2LANE WITH PAVED S,Central Public Works Department,MoRTH,UTTARAKHAND 2 18,2017-12-01,2019-12-01,,200.34,,,,,,,,without_doc,221
2021-04-01,N22000457,280,BAHRAICH - MAILANI GAUGE CONVERSION INCLUDING BY- PASS AT MAILANI.,Central Railways,NER,UTTAR PRADESH North Western Railway,2016-04-01,2022-01-01,2025-03-01,1900,1277.06,,,,,,,delayed,362
2021-04-01,N24000774,280,WIDENING OF EXISTING SINGLE LANE ROAD TO TWO LANE WITH PAVED SHOULDERS CONFIGURATION FROM KM. 235.00,Central Public Works Department,MoRTH,UTTARAKHAND,2017-12-01,2019-12-01,,248.22,,,,,,,,without_doc,222
2021-04-01,N22000152,281,"MAVLI JUNCTION-BARI SADRI, MM OF AJMER- CHITTSURGARH- UDAIPUR",Central Railways,NWR,RAJASTHAN,2013-04-01,2020-03-01,2021-06-01,420.18,480,357.41,,,,,,delayed,362
2021-04-01,N24000775,281,RECONSTRUCTION WITH GEOMETRIC IMPROVEMENT OF EXISTING 2 LANE/INTERMEDIATE LANE TO 2LANE WITH PAVED S,Central Public Works Department,MoRTH,UTTARAKHAND,2017-06-01,2019-06-01,,282.08,,,,,,,,without_doc,222
2021-04-01,220100184,282,"DAUSA-GANGAPUR CITY(NL),NWR",Central Railways,NWR,RAJASTHAN,1997-02-01,2019-02-01,2022-06-01,410.08,860.41,709.62,,,,,,delayed,362
2021-04-01,N24000776,282,RECONSTRUCTION WITH GEOMETIC IMPROVEMENT OF EXISTING TWO LANE TO 2- LANE WITH PAVED SHOULDERS CONFIG,Central Public Works Department,MoRTH,UTTARAKHAND,2017-11-01,2019-11-01,,232.81,,,,,,,,without_doc,222
2021-04-01,N22000326,283,PHULERA - DIGANA DOUBLING,Central Railways,NWR,MULTI STATE,2015-05-01,2020-03-01,2022-10-01,600,701.81,236.13,,,,,,delayed,362
2021-04-01,N24000777,283,RECONSTRUCTION WITH GEOMETIC IMPROVEMENT OF SINGLE LANE TO 2- LANE WITH PAVED SHOULDER CONFIGURATION,Central Public Works Department,MoRTH,UTTARAKHAND,2017-11-01,2019-11-01,,283.51,,,,,,,,without_doc,222
2021-04-01,N22000466,284,JODHPUR (RAI KA BAGH) - DEGANA DOUBLING (145 KM),Central Railways,NWR,RAJASTHAN Northern Railway,2018-08-01,2022-08-01,2022-11-01,808.85,808.85,232.42,,,,,,delayed,362
2021-04-01,N24000778,284,RECONSTRUCTION WITH GEOMETRIC IMPROVEMENT OF EXISTING SINGLE/INTERMEDIATE LANE TO 2LANE WITH PAVED S,Central Public Works Department,MoRTH,UTTARAKHAND,2017-11-01,2019-11-01,,266.52,,,,,,,,without_doc,222
2021-04-01,N22000272,285,ROHTAK-MEHAM HANSI,Central Railways,NR,HARYANA,2012-04-01,2011-12-01,2021-06-01,287,893.45,705.53,,,,,,delayed,362
2021-04-01,N24000779,285,RECONSTRUCTION WITH GEOMETRIC IMPROVEMENT OF EXISTING SINGLE/INTERMEDIATE LANE TO 2 LANE WITH EAR,Central Public Works Department,MoRTH,UTTARAKHAND,2018-02-01,2020-02-01,,418.88,,,,,,,,without_doc,222
2021-04-01,N22000492,286,JALANDHAR-PATHANKOT- JAMMU TAWI,Central Railways,NR,MULTI STATE,2002-03-01,2016-03-01,2021-06-01,625,859,852.73,,,,,,delayed,362
2021-04-01,N24000780,286,REHABILITATION AND UP GRADATION OF 2 LANE/ 2 LANE WITH PAVED SHOULDER FROM EXISTING KM. 172.900 TO K,Central Public Works Department,MoRTH,UTTARAKHAND,2018-02-01,,,293.68,,,,,,,,without_doc,222
2021-04-01,220100133,287,"UDHAMPUR-SRINAGAR- BARAMULLA (NL),NR",Central Railways,NR,JAMMU AND KASHMIR,1995-03-01,2002-11-01,2022-12-01,2500,27949,24040.61,,,,,,delayed,363
2021-04-01,N24000781,287,CONSTRUCTION OF KUND BYPASS FROM EXISTING KM 33+130 TO KM 41+260 (EXISTING LENGTH: 8.130 KM); DESIGN,Central Public Works Department,MoRTH,UTTARAKHAND,2018-05-01,2020-05-01,,248,,,,,,,,without_doc,222
2021-04-01,220100188,288,"NANGALDAM-TALWARA(NL),NR",Central Railways,NR,MULTI STATE,1981-03-01,2012-07-01,2024-03-01,450,2200,714.78,,,,,,delayed,363
2021-04-01,N24000782,288,REHABILITATION AND UPGRADATION OF 2 LANE WITH PAVED SHOULDER FROM EXISTING KM. 195.175 TO KM. 220.00,Central Public Works Department,MoRTH,UTTARAKHAND,2018-03-01,,,460.73,,,,,,,,without_doc,222
2021-04-01,N22000467,289,CHANDIGARH-BADDI,Central Railways,NR,MULTI STATE,2007-04-01,2023-03-01,2025-03-01,328.14,1540.13,242.04,,1540.13,2025-03-01,,,delayed,363
2021-04-01,N24000820,289,Rehabilitation and up gradation to 2 lane with paved shoulder configuration from existing km. 122.00,Central Public Works Department,MoRTH,A & N ISLANDS,2017-11-01,2019-11-01,,237.8,,,,,,,,without_doc,222
2021-04-01,N22000502,290,"MANSA-BHATINDA (PHASE-I), INCL. NEW MATERIAL MODIFICATION FOR RAMA MANDI (RAMAN) - SADA SINGHWALA VI",Central Railways,NR,PUNJAB Rail India Technical And Economic Service,2009-06-01,2016-08-01,2025-08-01,404,404,226.25,,,,,,delayed,363
2021-04-01,N24000821,290,RECONSTRUCTION WITH GEOMETRIC IMPROVEMENT OF EXISTING 2 LANE/INTERMEDIATE LANE TO 2LANE WITH PAVED S,Central Public Works Department,MoRTH,A & N ISLANDS,2017-11-01,2019-11-01,,257.34,,,,,,,,without_doc,222
2021-04-01,N22000498,291,CONSTRUCTION OF 3RD LINE BETWEEN PENDRA ROAD AND ANUPPUR (50.1 KM) IN BILASPUR DIVISION OF SEC RAILW,Central Railways,RITES,CHHATISGAR H Rail Vikas Nigam Ltd.,2016-02-01,2020-03-01,2021-06-01,393.98,393.98,350.81,,,,,,delayed,363
2021-04-01,N24000871,291,"PROPOSED DEVELOPMENT FOR ROAD CORRIDOR COMPONENT OF AH-02 INVOLVING NH-327B, NH-31C, NH-31 NH-10 O",Central Public Works Department,MoRTH,WEST BENGAL,2014-08-01,2017-11-01,,600.87,,,,720.97,,,,without_doc,222
2021-04-01,N22000213,292,MULTI MODAL TRANSPORT SYSTEM(MMTS) PHASE-II HYDERABAD,Central Railways,RVNL,TELANGANA,2012-04-01,2016-03-01,2021-12-01,632.68,950,810.96,,,,,,delayed,363
2021-04-01,N24000872,292,UPGRADATION OF MORENA-PORSA ROAD TO 2L + PS,Central Public Works Department,MoRTH,MADHYA PRADESH,2018-03-01,2018-08-01,,166.21,,,,,,,,without_doc,222
2021-04-01,N22000407,293,DAUND-GULBARGA - DOUBLING (224.9 KM) AND PUNE- GUNTAKAL -ELECTRIFICATION (641.37 KM),Central Railways,RVNL,MAHARASHTR A,2009-03-01,2020-03-01,2021-12-01,713.48,2725,2554.71,,948.04,,,,delayed,363
2021-04-01,N24000873,293,"PROPOSED DEVELOPMENT FOR ROAD CORRIDOR COMPONENT OF AH-48 INVOLVING NH-717, NH-31, NH-31C, NH-317A O",Central Public Works Department,MoRTH,WEST BENGAL,2014-08-01,2017-11-01,,823.2,,,,937.76,,,,without_doc,222
2021-04-01,N22000410,294,SAMBALPUR - TITLAGARH - DOUBLING,Central Railways,RVNL,ODISHA,,2020-03-01,2021-12-01,,2009,1875.48,,,,,,delayed,363
2021-04-01,N24000879,294,UPGRADATION OF NH-31C WITH A MINIMUM OF 2-LANE WITH PAVED SHOULDER CONFIGURATION STARTING FROM KM 10,Central Public Works Department,MoRTH,WEST BENGAL,2017-03-01,2019-11-01,,202.69,,,,202.69,,,,without_doc,222
2021-04-01,N22000411,295,RAIPUR - TITLAGARH - DOUBLING,Central Railways,RVNL,CHHATISGARH,2007-03-01,2020-03-01,2021-12-01,1402.02,1300,1294.72,,,,,,delayed,363
2021-04-01,N24000906,295,REHABILITATION AND UP-GRADATION TO 2 LANE WITH PAVED SHOULDER OF MUDKI-JAWAHAR SINGH WALA SECTION OF,Central Public Works Department,MoRTH,PUNJAB,2018-03-01,2020-06-01,,173.24,,,,,,,,without_doc,222
2021-04-01,N22000414,296,BINA - KOTA DOUBLING WITH RE,Central Railways,RVNL,MADHYA PRADESH,2011-04-01,2020-12-01,2021-12-01,1485.85,1835.83,1571.35,,,,,,delayed,363
2021-04-01,N24000907,296,WIDENING AND PAVED SHOULDER OF TOHANA (IN HARYANA) PUNJAB/HARYANA BORDER TO MOONAK-JAKHAL-BUDHLADA,Central Public Works Department,MoRTH,PUNJAB,2018-03-01,2020-08-01,,293.1,,,,,,,,without_doc,222
2021-04-01,N22000144,297,PALANPUR-SAMAKHAYALI (DL),Central Railways,RVNL,GUJARAT,2013-04-01,2021-12-01,2022-03-01,1548.66,1868.89,1831.45,,,,,,delayed,363
2021-04-01,N24000908,297,CONSTN. OF 4 LANING IN KM.69.00 TO 100.00 DESIGN RD 94.600 TO 125.920 PACKAGE IV (EPC),Central Public Works Department,MoRTH,HARYANA 2 19,2017-01-01,2019-03-01,,276.01,,,,,,,,without_doc,222
2021-04-01,N22000313,298,VIJAYWADA-GUDUGOLANU- BHIMAVARAM-NARSAPUR DL (221 KM),Central Railways,RVNL,ANDHRA PRADESH,2012-03-01,2020-03-01,2022-03-01,1503.71,3377,2683.67,,,,,,delayed,363
2021-04-01,N24000911,298,WIDENING TO 2LPS FROM 181/0 TO 239/28 (BHAWANIPATNA TO KOKSARA) OF NH-26.,Central Public Works Department,MoRTH,ODISHA,2016-03-01,2016-12-01,,165.06,,,,,,,,without_doc,223
2021-04-01,220100325,299,SUKINDA ROAD - ANGUL (NL)(ECOR),Central Railways,RVNL,ODISHA,1998-04-01,2015-02-01,2022-06-01,1202.7,2440.53,1337.54,,,,,,delayed,364
2021-04-01,N24000912,299,WIDENING TO 2LPS FROM 0/0 TO 119/0 OF NH-157 IN THE STATE OF ODISHA.,Central Public Works Department,MoRTH,ODISHA,2016-08-01,2017-02-01,,287.7,,,,,,,,without_doc,223
2021-04-01,N22000404,300,"LUCKNOW- PILIBHIT VIA SITAPUR, LAKHIMPUR GC",Central Railways,RVNL,UTTAR PRADESH,2011-04-01,2019-03-01,2022-06-01,927.01,1400,1331.76,,,,,,delayed,364
2021-04-01,N24000913,300,WIDENING TO 2LPS FROM 50/0 TO 140/9 OF NH-57 (SONEPUR TO MADHAPUR) IN THE STATE OF ODISHA,Central Public Works Department,MoRTH,ODISHA,2016-09-01,2017-02-01,,295.67,,,,,,,,without_doc,223
2021-04-01,N22000412,301,BANASPANI- JAKHPURA - DOUBLING,Central Railways,RVNL,ODISHA,2009-03-01,2019-03-01,2022-06-01,942.95,1536,1089.84,,,,,,delayed,364
2021-04-01,N24000914,301,WIDENING TO 2LPS FROM 239/9 TO 294/3 OF NH-57 (NAYAGARH TO KHURDA) IN THE STATE OF ODISHA,Central Public Works Department,MoRTH,ODISHA,2016-12-01,2018-08-01,,223.5,,,,,,,,without_doc,223
2021-04-01,N22000413,302,BHIMSEN - JHANSI DOUBLING WITH ELECTRIFICATION,Central Railways,RVNL,UTTAR PRADESH,2012-03-01,2020-12-01,2022-12-01,1183.25,1825,1411.49,,,,,,delayed,364
2021-04-01,N24000915,302,WIDENING TO 2LPS FROM 58/00 TO 116/10 OF NH-153B (NAKTIDEUL TO BOUDH) IN THE STATE OF ODISHA,Central Public Works Department,MoRTH,ODISHA,2016-12-01,2018-04-01,,206.88,,,,,,,,without_doc,223
2021-04-01,N22000401,303,VARANASI-MODHOSINGH- ALLAHABAD DOUBLING,Central Railways,RVNL,UTTAR PRADESH,2015-04-01,2022-03-01,2024-12-01,943.6,1000,688.03,,,,,,delayed,364
2021-04-01,N24000916,303,WIDENING TO 2LPS FROM 173/37 TO 229/40 OF NH-59 IN THE STATE OF ODISHA,Central Public Works Department,MoRTH,ODISHA,2018-03-01,2018-08-01,,214.23,,,,,,,,without_doc,223
2021-04-01,N22000405,304,MAU-GHAZIPUR-TARIGHAT NEW LINE,Central Railways,RVNL,UTTAR PRADESH,2015-04-01,2023-03-01,2024-12-01,1765.92,1765.92,887.48,,,,,,delayed,364
2021-04-01,N24000917,304,WIDENING TO 2LPS FROM 269/30 TO 328/20 OF NH-49 IN THE STATE OF ODISHA,Central Public Works Department,MoRTH,ODISHA,2018-03-01,2018-08-01,,199.16,,,,,,,,without_doc,223
2021-04-01,N22000110,305,NEW WORK FOR CONSTRUCTION OF METRO RAILWAY FROM NSCB AIRPORT TO NEW GARIA VIA RAJARHAT (MTP),Central Railways,RVNL,WEST BENGAL,2010-04-01,2016-03-01,2025-03-01,3951.98,4259.48,2734.83,,2913.51,,,,delayed,364
2021-04-01,N24000922,305,DEVELOPMENT OF CHILODA GANDHINAGAR SARKHEJ OF NH 147 OLD NH 8C FROM KM 0/0 TO KM 44/042 IN THE STATE,Central Public Works Department,MoRTH,GUJARAT,2017-12-01,2018-11-01,,867.97,,,,,,,,without_doc,223
2021-04-01,N22000111,306,NEW WORK FOR CONSTRUCTION OF METRO RAILWAY FROM JOKA TO BINOY BADAL DINESH BAGH.,Central Railways,RVNL,WEST BENGAL,,2016-03-01,2025-03-01,,4639,1119.31,,,,,,delayed,364
2021-04-01,N24000923,306,UPGRADATION OF NEW NATIONAL HIGHWAY NO 168 TO TWO LANE WITH PAVED SIDE SHOULDER CONFIGURATION BETWEE,Central Public Works Department,MoRTH,GUJARAT,2018-03-01,2018-11-01,,464.07,,,,,,,,without_doc,223
2021-04-01,N22000406,307,RISHIKESH - KARNAPRAYAG NEW LINE,Central Railways,RVNL,UTTARAKHAN D,2011-04-01,2024-12-01,2025-03-01,16216,22716.11,2997.71,,,,,,delayed,364
2021-04-01,N24000925,307,CONSTRUCTION OF MISSING LINKS (SINGLE LANE) IN LAKHPAT GADULI HAJIPIR ODMA KHAVDA DHOLAVIRA MAUVANA,Central Public Works Department,MoRTH,GUJARAT,2018-10-01,2019-05-01,,400.76,,,,,,,,without_doc,223
2021-04-01,N22000109,308,NEW WORK FOR CONSTRUCTION OF METRO RAILWAY FROM BARANAGAR TO BARRACKPORE AND DAKSHINESHWAR (MTP),Central Railways,RVNL,WEST BENGAL,2010-04-01,2014-03-01,2025-12-01,2298.42,2733.86,40.46,,,,,,delayed,364
2021-04-01,N24000926,308,CONSTRUCTION OF SIGNATURE BRIDGE BETWEEN DWARKA AND BEY DWARKA AND ITS APPROACHES IN THE STATE OF GU,Central Public Works Department,MoRTH,GUJARAT,2017-08-01,2018-03-01,,962.43,,,,,,,,without_doc,223
2021-04-01,N22000409,309,VIZIANAGARAM -SAMABALPUR 3RD LINE,Central Railways,RVNL,ODISHA South Central Railway,1991-01-01,2024-12-01,2026-12-01,2335.67,3327.72,1317.36,,,,,,delayed,364
2021-04-01,N24000927,309,REHABILITATION AND UPGRADATION TO 2 LANE WITH PAVED SHOULDER OF MOGA (DESIGN CH 0.000) TO MAKHU (DES,Central Public Works Department,MoRTH,PUNJAB,2018-03-01,2020-08-01,,293.64,,,,,,,,without_doc,223
2021-04-01,N22000287,310,BHADRACHALAM ROAD- SATTUPALLI,Central Railways,SCR,MULTI STATE,2010-04-01,2020-03-01,2021-06-01,704.31,927.94,534.34,,,2022-03-01,,,delayed,364
2021-04-01,N24000928,310,FOUR LANING OF 5.122 KM OF NH9(NEW NH 65) FROM KM 269.900(DESIGN CH0.0) TO KM 275/622(DESIGN CH 5.12,Central Public Works Department,MoRTH,ANDHRA PRADESH,2015-10-01,2015-12-01,,333.21,,,,,,,,without_doc,223
2021-04-01,N22000432,311,MANMAD-PARBHANI-NANDED- SECUNDERABAD-GADWAL- DHONE- GUNTAKAL - TRAIN COLLISION AVOIDANCE SYSTEM (958 K,Central Railways,SCR,TELANGANA,2017-04-01,2022-03-01,2022-12-01,119.73,449.39,7.09,,185,,,,delayed,365
2021-04-01,N24000930,311,REHABILITATION AND UPGRADATION OF NH67 FROM KM 424.650 TO 487.693 OF GOOTY-TADIPATRI SECTION TO TWO,Central Public Works Department,MoRTH,ANDHRA PRADESH,2016-11-01,2018-01-01,,378.24,,,,,,,,without_doc,223
2021-04-01,220100205,312,"MUNEERABAD- MAHABOOBNAGAR(NL),SCR",Central Railways,SCR,MULTI STATE,1997-04-01,2000-03-01,2023-03-01,1723,3421.35,1895.77,,1,,,,delayed,365
2021-04-01,N24000936,312,REHABILITATION AND UPGRADATION OF NH-42 FROM 76/000 TO KM 102/130 (DESIGN CH. 76/000 TO 99.971 EXCLU,Central Public Works Department,MoRTH,ANDHRA PRADESH,2018-03-01,2018-08-01,,244.95,,,,245,,,,without_doc,223
2021-04-01,220100265,313,KOTLPALLI-NARASAPUR (NL) (SCR),Central Railways,SCR,ANDHRA PRADESH,2001-12-01,2009-03-01,2024-03-01,1045.2,2120.16,883.52,,,,,,delayed,365
2021-04-01,N24000938,313,REHABILITATION AND UPGRADATION OF NEW NH-544DD (OLD SH- 30) FROM DESIGN CHAINAGE KM 0.000 TO 56.000 (,Central Public Works Department,MoRTH,ANDHRA PRADESH,2018-03-01,2018-07-01,,297.12,,,,294,,,,without_doc,223
2021-04-01,N22000032,314,MANOHARABAD-KOTHPALL NEW LINE(SCR),Central Railways,SCR,TELANGANA,2006-04-01,2010-03-01,2024-03-01,1160.48,1160.48,502.93,,,,,,delayed,365
2021-04-01,N24000941,314,REHABILITATION AND UPGRADATION TO 2 LANE WITH PAVED SHOULDER OF MOGA (DESIGN CH 0.000) TO MAKHU (DES,Central Public Works Department,MoRTH,PUNJAB,2018-03-01,2020-08-01,,293.64,,,,,,,,without_doc,223
2021-04-01,N22000261,315,KAZIPET-VIJAYAWADA 3RD LINE WITH ELECTRIFICATION,Central Railways,SCR,MULTI STATE,2012-04-01,2023-03-01,2024-03-01,1856.95,1952.68,567.51,,,,,,delayed,365
2021-04-01,N24000943,315,CONSTRUCTION OF A NEW 4 LANE MAJOR BRIDGE ACROSS RIVER KOSI AT PHULAUT INCLUDING RHABILITATION AND,Central Public Works Department,MoRTH,BIHAR,2018-09-01,,,1478.4,,,,,,,,without_doc,223
2021-04-01,N22000286,316,NADIKUDE-SRI KALAHASTI,Central Railways,SCR,ANDHRA PRADESH,2011-04-01,2021-03-01,2024-03-01,2288.7,2643.25,1231.85,,,,,,delayed,365
2021-04-01,N24000962,316,REHABILITATION AND UP-GRADATION TO 2 LANE WITH PS 131 TO 189 OF NH-86,Central Public Works Department,MoRTH,MADHYA PRADESH 2 20,2016-09-01,2018-09-01,,178.23,,,,,,,,without_doc,223
2021-04-01,N22000367,317,KAZIPET-BALHRSHA,Central Railways,SCR,MULTI STATE,2015-04-01,2021-03-01,2024-03-01,2063.03,2063.03,1416.78,,,,,,delayed,365
2021-04-01,N24000965,317,REHABILITATION AND UPGRADATION OF DHINDI-DIGAMARRU SECTION FROM KM126/510 TO KM135/740 OF NH214(NH21,Central Public Works Department,MoRTH,ANDHRA PRADESH,2016-01-01,2016-05-01,,386.09,,,,,,,,without_doc,224
2021-04-01,N22000368,318,GUNTUR-GUNTAKAL,Central Railways,SCR,ANDHRA PRADESH,2016-04-01,2022-03-01,2024-03-01,3631,3887.48,1144.64,,,,,,delayed,365
2021-04-01,N24000967,318,REHABILITATION AND UPGRADATION OF LOSARI-MACHAVARAM SECTION FROM KM34/230 TO KM84/550 OF NH214(NH216,Central Public Works Department,MoRTH,ANDHRA PRADESH,2016-03-01,2016-09-01,,444.84,,,,,,,,without_doc,224
2021-04-01,N22000288,319,"KADAPA-BANGALORE (NL), KADAPA-PENDLIMARRI PH-I",Central Railways,SCR,MULTI STATE South East Central Railway,2008-04-01,2014-03-01,2027-03-01,2132.77,3037.95,350.54,,,,,,delayed,365
2021-04-01,N24000968,319,REHABILITATION AND UPGRADATION OF MACHILIPATNAM TO AVANIGADDA SECTION FROM KM84/550 - 124/200 OF NH2,Central Public Works Department,MoRTH,ANDHRA PRADESH,2016-11-01,2017-08-01,,376.25,,,,,,,,without_doc,224
2021-04-01,220100186,320,"GONDIA-JABALPUR(GC),(SECR)",Central Railways,SECR,MULTI STATE,1997-02-01,2020-04-01,2021-04-01,511.86,2005.25,1777.22,,,,,,delayed,365
2021-04-01,N24000970,320,REHABILITAITON AND UPGRADATION OF REPALLE TO EEPPURPALEM SECTION FROM KM 128/927 TO KM 195/000 OF NH,Central Public Works Department,MoRTH,ANDHRA PRADESH,2017-01-01,2018-01-01,,576.48,,,,,,,,without_doc,224
2021-04-01,N22000438,321,CHHINDWARA NAINPUR MANDLA FORT GAUGE CONVERSION PROJECT,Central Railways,SECR,MADHYA PRADESH,2010-04-01,2019-02-01,2021-12-01,585.93,1268.32,941.56,,,,,,delayed,365
2021-04-01,N24000980,321,WIDEINING TO TWO/FOUR LANE WITH PAVED SHOULDERS FROM EXISTING KM 182.120 TO KM 227.600 OF NH-167 ON,Central Public Works Department,MoRTH,TELANGANA,2016-10-01,2019-02-01,,298.32,,,,,,,,without_doc,224
2021-04-01,N22000420,322,RAJNANDGAON - NAGPUR - 3RD LINE (SECR),Central Railways,SECR,MAHARASHTR A,2016-09-01,2023-03-01,2023-12-01,1908.51,3524.81,982.38,,,,,,delayed,365
2021-04-01,N24000981,322,WIDEINING TO TWO/FOUR LANE WITH PAVED SHOULDERS FROM EXISTING KM 180.60 TO KM 223.00 OF NH-63 ON NIZ,Central Public Works Department,MoRTH,TELANGANA,2016-10-01,2019-03-01,,248.83,,,,,,,,without_doc,224
2021-04-01,N22000484,323,JHARSUGUDA-BILASPUR 4TH LINE,Central Railways,SECR,CHHATISGAR H,2015-04-01,2021-03-01,2023-12-01,1973,2135.34,351.35,,,,,,delayed,365
2021-04-01,N24000982,323,WIDENING TO TWO LANE WITH PAVED SHOULDERS FROM KM 40/410 TO KM 84/037OF THIRUMALAGIRI TO SURYAPET SE,Central Public Works Department,MoRTH,TELANGANA,2017-01-01,2019-05-01,,244.54,,,,,,,,without_doc,224
2021-04-01,N22000485,324,ANUPPUR-KATNI,Central Railways,SECR,MADHYA PRADESH,2015-04-01,2021-12-01,2023-12-01,1370,1370.94,470.49,,,,,,delayed,365
2021-04-01,N24000983,324,WIDENING TO TWO LANE WITH PAVED SHOULDERS FROM KM 0/970 TO KM 40/410 OF JANAGAON-THIRUMALAGIRI OF NH,Central Public Works Department,MoRTH,TELANGANA,2017-01-01,2019-10-01,,196.52,,,,,,,,without_doc,224
2021-04-01,N22000480,325,WADSA-GADHCHIROLI NEW LINE (52.36 KM),Central Railways,SECR,MAHARASHTR A South Eastern Railway,2018-06-01,2021-12-01,2024-12-01,229,1096,39.79,,,,,,delayed,366
2021-04-01,N24000984,325,WIDENING TO TWO LANE WITH PAVED SHOULDERS FROM KM 15.525 TO KM 62.880 OF JADCHERLA-KALWAKURTHY SECTI,Central Public Works Department,MoRTH,TELANGANA,2017-01-01,2019-12-01,,283,,,,,,,,without_doc,224
2021-04-01,N22000165,326,MANOHARPUR-BONDAMUNDA 3RD LINE DOUBLING,Central Railways,SER,JHARKHAND,2012-04-01,2018-12-01,2021-04-01,258.2,358.68,314.33,,358.68,2018-12-01,,,delayed,366
2021-04-01,N24000985,326,WIDENING TO TWO LANE WITH PAVED SHOULDERS FROM KM 59.500 TO KM 132.033 OF MANNEGUDA-RAVULAPALLY SECT,Central Public Works Department,MoRTH,TELANGANA,2017-01-01,2019-05-01,,359.27,,,,,,,,without_doc,224
2021-04-01,N22000395,327,ROURKELA JHARSUGUDA THIRD LINE 101 KM,Central Railways,SER,ODISHA,2015-11-01,2020-03-01,2021-12-01,969.83,1312.96,940,,1312.96,2020-03-01,,,delayed,366
2021-04-01,N24000986,327,WIDENING TO TWO LANE WITH PAVED SHOULDERS FROM KM 67.00 TO 114.425 OF KALWAKURTHY-MALLEPALLY SECTION,Central Public Works Department,MoRTH,TELANGANA,2017-01-01,2019-05-01,,300,,,,,,,,without_doc,224
2021-04-01,N22000396,328,BONDAMUNDA RANCHI DOUBLING,Central Railways,SER,JHARKHAND,2016-03-01,2021-03-01,2023-12-01,1724.2,1724.2,839.51,,,2021-03-01,,,delayed,366
2021-04-01,N24000987,328,6 LANING FROM KM 9.90 TO KM 19.948 (ARAMGARH-SAMSHABAD SECTION) OF HYDERABAD-SAMSHABAD SECTION OF NH,Central Public Works Department,MoRTH,TELANGANA,2018-01-01,2020-05-01,,283.15,,,,,,,,without_doc,224
2021-04-01,N22000160,329,DIGHA-JALESWAR INCLUDING MM FOR DIGHA-EGRA,Central Railways,SER,MULTI STATE,2010-04-01,2015-03-01,2025-03-01,651,1009,7.96,,,,,,delayed,366
2021-04-01,N24000988,329,WIDENING AND STRENGTHENING OF EXISTING 2-LANE TO 2-LANE WITH PAVED SHOULDERS FROM KM.159/0 TO 165/4,Central Public Works Department,MoRTH,TELANGANA,2018-01-01,2019-12-01,,230.03,,,,,,,,without_doc,224
2021-04-01,N22000402,330,BANKURA DAMODAR VALLEY RLY LINE 96 KM GC WITH 6MMS FOR NL,Central Railways,SER,WEST BENGAL South Western Railway,1998-04-01,2003-03-01,2030-03-01,1027.4,2373,485.04,,1966.7,,,,delayed,366
2021-04-01,N24000989,330,WIDENING AND STRENGTHENING OF EXISTING CARRIAGEWAY IN 2 LANE WITH PAVED SHOULDERS FROM KM.25/0 TO 59,Central Public Works Department,MoRTH,TELANGANA,2018-02-01,2020-06-01,,206.13,,,,,,,,without_doc,224
2021-04-01,N22000328,331,YELAHANKA-PENUKONDA,Central Railways,SWR,MULTI STATE,2015-05-01,2020-03-01,2021-06-01,860.43,1147,911.86,,,,,,delayed,366
2021-04-01,N24000990,331,REHABILITATION AND UPGRADATION OF NH-167 FROM DESIGN KM.113.900 TO 154.479 (MALLEPALLY - HALIYA SECT,Central Public Works Department,MoRTH,TELANGANA,2018-02-01,2019-11-01,,294.13,,,,,,,,without_doc,224
2021-04-01,N22000332,332,ARSIKERE-TUMKUR,Central Railways,SWR,KARNATAKA,2015-03-01,2020-03-01,2021-06-01,578,783,620.29,,,2021-06-01,,,delayed,366
2021-04-01,N24000991,332,REHABILITATION AND UPGRADATION OF NH-167 FROM DESIGN KM.157.707 TO 187.723 (DESIGN LENGTH 30.016 KMS,Central Public Works Department,MoRTH,TELANGANA,2018-02-01,2019-11-01,,220.28,,,,,,,,without_doc,224
2021-04-01,N22000325,333,HUBLI- CHIKJAJUR,Central Railways,SWR,KARNATAKA,2015-03-01,2020-03-01,2023-03-01,1156.94,1656,1160.49,,,2023-03-01,,,delayed,366
2021-04-01,N24000992,333,REHABILITATION AND UPGRADATION OF HYDERABAD OUTER RING ROAD TO MEDAK SECTION OF NH-765D FROM EXISTIN,Central Public Works Department,MoRTH,TELANGANA,2018-02-01,2020-04-01,,426.52,,,,,,,,without_doc,224
2021-04-01,N22000258,334,BAGALKOT-KUDACHI NL,Central Railways,SWR,KARNATAKA,2010-04-01,2016-03-01,2023-12-01,986.3,986.3,312.23,,,,,,delayed,366
2021-04-01,N24000993,334,REHABILITATION AND UPGRADATION OF NH-167 FROM DESIGN KM.187.723 TO 234.434 (MIRYALAGUDA TO KODAD SEC,Central Public Works Department,MoRTH,TELANGANA 2 21,2018-03-01,2020-09-01,,322.81,,,,,,,,without_doc,224
2021-04-01,N22000308,335,MARIKUPPAM - KUPPAM,Central Railways,SWR,KARNATAKA,2012-04-01,2016-03-01,2023-12-01,279.54,279.54,35.29,,,,,,delayed,366
2021-04-01,N24000994,335,CONSTRUCTION OF SIX LANE ELEVATED CORRIDOR FROM KM.7.950 (UPPAL) TO KM.14.200 OF NH-163 TO DE-CONGES,Central Public Works Department,MoRTH,TELANGANA,2018-03-01,2020-07-01,,626.76,,,,,,,,without_doc,225
2021-04-01,220100274,336,BANGLORE - SATYAMANGALAM (NL)(SWR),Central Railways,SWR,KARNATAKA,1996-04-01,2002-03-01,2024-03-01,1382.78,1382.78,7.35,,,,,,delayed,366
2021-04-01,N24000996,336,REHABILITATION AND UP-GRADATION TO TWO LANE WITH PAVED SHOULDERS FROM KM 0/0 TO 72/6 OF NH-365 (NAKR,Central Public Works Department,MoRTH,TELANGANA,2017-01-01,2019-10-01,,605.08,,,,,,,,without_doc,225
2021-04-01,N22000278,337,SHIMOGA-HARIHAR NL,Central Railways,SWR,KARNATAKA,2011-04-01,2016-03-01,2024-03-01,832.47,832.47,0.94,,,,,,delayed,366
2021-04-01,N24000997,337,REHABILITATION AND UP GRADATION FROM KM. 121/0 TO 154/0 OF NAKAREKAL – MALLAMPALLY SECTION OF NH-365,Central Public Works Department,MoRTH,TELANGANA,2018-03-01,2019-07-01,,192.67,,,,,,,,without_doc,225
2021-04-01,N22000333,338,HOTGI-KUDGI-GADAG,Central Railways,SWR,MULTI STATE,2015-03-01,2019-03-01,2024-03-01,1614.59,1870.41,1341.15,,,2024-03-01,,,delayed,366
2021-04-01,N24000998,338,WIDENING AND STRENGTHENING/ RECONSTRUCTION OF EXISTING PAVEMENT TO FOUR ALNE WITH PAVED SHOULDERS FR,Central Public Works Department,MoRTH,TELANGANA,2019-01-01,,,193.19,,,,,,,,without_doc,225
2021-04-01,N22000486,339,KADUR CHIKMAGALUR SAKLESHPUR NEW LINE (93 KM),Central Railways,SWR,KARNATAKA,1996-03-01,2017-03-01,2025-03-01,644.78,998,463.45,,,2025-03-01,,,delayed,366
2021-04-01,N24000999,339,WIDENING TO 2 LANE WITH PAVED SHOULDER FROM KM 0.00 TO 40.00 ON EPC MODE ON NH 2C,Central Public Works Department,MoRTH,BIHAR,2016-11-01,2019-10-01,,230.34,,,,,,,,without_doc,225
2021-04-01,N22000299,340,GADAG-WADI NL,Central Railways,SWR,KARNATAKA Southern Railway,2013-04-01,2018-12-01,2025-06-01,2841.84,2841.84,304.83,,,,,,delayed,366
2021-04-01,N24001000,340,STRENGTHENING AND WIDENING TO 2 LANE WITH PAVED SHOULDER FROM KM 103.865 TO 142.050 (GAYA-GOH) OF NH,Central Public Works Department,MoRTH,BIHAR,2018-03-01,,,153.24,,,,,,,,without_doc,225
2021-04-01,N22000441,341,THIRUMAILA - VELACHERY : MASS RAPID TRANSIT SYSTEM (PHASE II),Central Railways,SR,TAMIL NADU,1996-02-01,2005-03-01,2021-09-01,268.87,950,928.36,,,,,,delayed,367
2021-04-01,N24001001,341,WANDS OF EXISTING SINGLE LANE TO DOUBLE LANE CARRIAGEWAY IN KM 0 TO 40 OF NH-104 IN BIHAR UNDER EPC,Central Public Works Department,MoRTH,BIHAR,2014-05-01,2016-08-01,,199.98,,,,,,,,without_doc,225
2021-04-01,N22000449,342,MANIYACHI - NAGERCOIL (102 KM) DOUBLING,Central Railways,SR,TAMIL NADU,2015-02-01,2022-03-01,2022-06-01,1700,1305,756.45,,,,,,delayed,367
2021-04-01,N24001002,342,SARSAM TO KOTHARI,Central Public Works Department,MoRTH,MAHARASHTRA,2016-02-01,2019-07-01,,545.64,,,,,,,,without_doc,225
2021-04-01,N22000451,343,MADURAI - MANIYACHI - TUTICORIN (160 KM) DOUBLING,Central Railways,SR,TAMIL NADU,2015-02-01,2020-03-01,2022-06-01,760,1536,1233.08,,,,,,delayed,367
2021-04-01,N24001003,343,AKOLA TO AKOT,Central Public Works Department,MoRTH,MAHARASHTRA,2017-01-01,2019-06-01,,313.95,,,,,,,,without_doc,225
2021-04-01,220100262,344,TIRUCHIRAPPALI-NAGORE- KARAIKKAL(SR)(GC),Central Railways,SR,TAMIL NADU,1995-09-01,2020-03-01,2025-03-01,303.98,1720,701.37,,,,,,delayed,367
2021-04-01,N24001004,344,PATRADEVI TO KARASWADA 4L,Central Public Works Department,MoRTH,GOA,2017-03-01,2020-05-01,,634.32,,,,,,,,without_doc,225
2021-04-01,N22000079,345,MAYLADUTHURAI-THIRUVARUR- KARAIKUDI-THIRU 'PONDI'- AGASTIYAMPALLI,Central Railways,SR,TAMIL NADU,2007-09-01,2019-02-01,2025-03-01,724.69,2910.84,1621.4,,,,,,delayed,367
2021-04-01,N24001005,345,KARASWADA TO BAMBOLIM,Central Public Works Department,MoRTH,GOA,2017-03-01,2019-12-01,,852.67,,,,,,,,without_doc,225
2021-04-01,N22000445,346,TRANSMISSION LINE BETWEEN CHENNAI-HOWRAH ROUTE (1662 KM),Central Railways,SR,TAMIL NADU,2017-02-01,2024-03-01,2026-03-01,1567,1567,,,,,,,delayed,367
2021-04-01,N24001006,346,AKOT TO ANJANGAON,Central Public Works Department,MoRTH,MAHARASHTRA,2017-01-01,2019-06-01,,245.77,,,,246,,,,without_doc,225
2021-04-01,N22000215,347,MADURAI-TUTICORIN VIA ARUPPUKKOTTAI,Central Railways,SR,MULTI STATE West Central Railway,2011-04-01,2019-03-01,2027-12-01,120.7,2172.16,262.36,,,,,,delayed,367
2021-04-01,N24001007,347,ANJANGAON TO MAH/MP BORDER,Central Public Works Department,MoRTH,MADHYA PRADESH,2017-01-01,2019-06-01,,359,,,,359,,,,without_doc,225
2021-04-01,220100314,348,"RAMGANJMUNDI-BHOPAL (NL),WCR",Central Railways,WCR,MADHYA PRADESH,2001-04-01,2021-03-01,2023-03-01,424.6,2909.99,1229.79,,,2029-03-01,,,delayed,367
2021-04-01,N24001008,348,AJANTHA TO BULDHANA,Central Public Works Department,MoRTH,A & N ISLANDS,2017-02-01,2019-07-01,,401,,,,401,,,,without_doc,225
2021-04-01,N22000415,349,KATNI-BINA 3RD LINE (263 KM),Central Railways,WCR,MADHYA PRADESH,2016-06-01,2022-03-01,2023-03-01,2478.23,2478.23,477.93,,,,,,delayed,367
2021-04-01,N24001009,349,KHAMGAON TO SHEGAON,Central Public Works Department,MoRTH,MAHARASHTRA,2017-02-01,2019-05-01,,203.21,,,,203,,,,without_doc,225
2021-04-01,N22000416,350,KATNI GRADE SEPARATOR/BYE PASS,Central Railways,WCR,MADHYA PRADESH,2016-08-01,2022-03-01,2023-03-01,582.13,1247.64,296.69,,1247.64,,,,delayed,367
2021-04-01,N24001010,350,SHEGAON TO DEORI PHATA,Central Public Works Department,MoRTH,MAHARASHTRA,2017-02-01,2019-05-01,,373.1,,,,373,,,,without_doc,225
2021-04-01,N22000351,351,KATNI - SINGRAULI DOUBLING PROJECT,Central Railways,WCR,MADHYA PRADESH,2015-12-01,2020-03-01,2024-03-01,1763.93,1762.94,1156.42,,,,Work is suffering badly on,,delayed,368
2021-04-01,N24001011,351,MEHKAR TO CHIKALI,Central Public Works Department,MoRTH,MAHARASHTRA,2017-02-01,2019-05-01,,322.48,,,,322,,,,without_doc,225
2021-04-01,220100232,352,"LALITPUR-SATNA-REWA- SINGRULI NL, (NCR)",Central Railways,WCR,MULTI STATE Western Railway,1998-09-01,2008-05-01,2025-03-01,247.66,8248.5,2131.17,,,,,,delayed,369
2021-04-01,N24001012,352,CHIKALI TO KHAMGAON,Central Public Works Department,MoRTH,MAHARASHTRA,2017-02-01,2019-06-01,,548.03,,,,548,,,,without_doc,225
2021-04-01,N22000487,353,BHILDI-VIRAMGAM GAUGE CONVERSION INCLUDING GC OF MAHESANA-TARANGA HILL AS MATERIAL MODIFICATION,Central Railways,WR,GUJARAT,1991-02-01,2019-03-01,2021-10-01,551.51,890.76,745.11,,890.76,2021-10-01,,,delayed,369
2021-04-01,N24001013,353,DIGRAS DARWAH KARANJA,Central Public Works Department,MoRTH,MAHARASHTRA,2017-01-01,2019-06-01,,391.06,,,,391,,,,without_doc,225
2021-04-01,N22000145,354,VIRAMGAM-SAMAKHIALI (DL),Central Railways,WR,GUJARAT,2011-04-01,2021-03-01,2021-12-01,1037.15,1389.05,1125.73,,1389.05,2021-12-01,,,delayed,369
2021-04-01,N24001014,354,NANDGAON TO MORSHI,Central Public Works Department,MoRTH,MAHARASHTRA,2017-01-01,2019-06-01,,385.87,,,,386,,,,without_doc,225
2021-04-01,N22000392,355,SURENDRA NAGAR RAJKOT,Central Railways,WR,GUJARAT,2015-04-01,2021-03-01,2022-12-01,1002.39,1002.39,653.86,,1002.39,2022-12-01,,,delayed,369
2021-04-01,N24001015,355,MORSHI TO ACHALPUR,Central Public Works Department,MoRTH,MAHARASHTRA,2017-01-01,2019-06-01,,341.16,,,,341,,,,without_doc,225
2021-04-01,N22000123,356,BHUJ-NALIYA(GC) WITH EXTENSION FROM NALIYA TO VAYOR (WR),Central Railways,WR,GUJARAT,2008-04-01,2012-03-01,2023-03-01,318.24,411.62,126.05,,411.62,2023-03-01,,,delayed,369
2021-04-01,N24001016,356,MORSHI TO MAH/MP BORDER,Central Public Works Department,MoRTH,MAHARASHTRA,2017-01-01,2019-06-01,,471.61,,,,472,,,,without_doc,225
2021-04-01,N22000138,357,CHOTTAUDEPUR-DHAR(NL),Central Railways,WR,MULTI STATE,2007-04-01,2022-03-01,2023-03-01,1347.26,1347.26,907.54,,1347.26,2023-03-01,,,delayed,369
2021-04-01,N24001017,357,DAHEGAON TO KUHI,Central Public Works Department,MoRTH,MAHARASHTRA 2 22,2017-01-01,2019-06-01,,228.89,,,,229,,,,without_doc,225
2021-04-01,N22000139,358,"DAHOD-INDORE VIA SARDARPUR, JHABUA AND DHAR (NL)",Central Railways,WR,MULTI STATE,2007-04-01,2022-03-01,2023-03-01,1640.04,1640.04,866.42,,1640.04,2023-03-01,,,delayed,369
2021-04-01,N24001018,358,BHANDARA TO GHOTITOK,Central Public Works Department,MoRTH,MAHARASHTRA,2017-01-01,2019-06-01,,392.83,,,,393,,,,without_doc,226
2021-04-01,N22000143,359,"RAJKOT-VERAVAL,WANSJALIA TO JATALSAR WITH NEW MM FOR SHAPUR-SARADIYA AND SOMNATH-KODINAR (GC)",Central Railways,WR,GUJARAT,1994-04-01,2019-03-01,2023-03-01,320.66,1378.11,540.09,,1378.11,2023-03-01,,,delayed,369
2021-04-01,N24001019,359,KATOL TO WARUD,Central Public Works Department,MoRTH,MAHARASHTRA,2017-01-01,2019-06-01,,463.62,,,,664,,,,without_doc,226
2021-04-01,N22000493,360,INDORE-DEWAS-UJJAIN (80 KMS),Central Railways,WR,MADHYA PRADESH,2016-04-01,2020-06-01,2023-03-01,700,603.69,254.73,,603.69,2023-03-01,,,delayed,369
2021-04-01,N24001021,360,AMDI TO SAONER,Central Public Works Department,MoRTH,MAHARASHTRA,2017-01-01,2019-06-01,,396.91,,,,397,,,,without_doc,226
2021-04-01,N22000120,361,RATLAM-MHOW-KHANDWA- AKOLA (GC),Central Railways,WR,MADHYA PRADESH,2008-04-01,2022-03-01,2024-03-01,3503.69,5912.4,2161.74,,5912.4,2024-03-01,,,delayed,369
2021-04-01,N24001022,361,WADI TO ASOLA,Central Public Works Department,MoRTH,MAHARASHTRA,2017-01-01,2019-09-01,,363.82,,,,364,,,,without_doc,226
2021-04-01,N22000121,362,AHMEDABAD-HIMMATNAGAR- UDAIPUR (WR),Central Railways,WR,GUJARAT,2008-04-01,2020-03-01,2024-03-01,829.74,1959.74,1799,,1959.74,2024-03-01,,,delayed,369
2021-04-01,N24001023,362,NAGAJ TO VAIJAPUR,Central Public Works Department,MoRTH,MAHARASHTRA,2017-01-01,2019-06-01,,376.72,,,,377,,,,without_doc,226
2021-04-01,N24000388,363,INDO-NEPAL BORDER TO RUDHAULI SECTION OF NH-233 IN UTTAR PRADESH KM 0/0 TO 65/870,Highways (State Pwds),MoRTH,MADHYA PRADESH,2013-11-01,2017-05-01,2021-04-01,497.05,881.05,754.27,,,,,,delayed,370
2021-04-01,N24001024,363,MANGAON TO DIGHI PORT,Central Public Works Department,MoRTH,MAHARASHTRA,2017-01-01,2019-07-01,,457.52,,,,,,,,without_doc,226
2021-04-01,N24000940,364,REHABILITATION AND UPGRADATION OF KARNATATKA/AP BORDER- GOOTY SECTION FROM KM 368.920 TO KM 424.225 O,Highways (State Pwds),MoRTH,ANDHRA PRADESH,2016-03-01,2016-05-01,2021-04-01,995.09,995.09,476.77,,995,,,,delayed,370
2021-04-01,N24001025,364,INDAPAUR TO AGARDANDA,Central Public Works Department,MoRTH,MAHARASHTRA,2017-01-01,2019-07-01,,355.17,,,,,,,,without_doc,226
2021-04-01,N24000958,365,UPGRADATION TO 2 LANE WITH PAVED SHOULDER FROM KM . 0/0 TO 43/900 OF KUNDAL-NAYA KHEDA-JHADOL-SOM-,Highways (State Pwds),MoRTH,RAJASTHAN,2018-02-01,2018-06-01,2021-04-01,370.3,370.3,290,,,,,,delayed,370
2021-04-01,N24001026,365,WAKAN PALI KHOPOLI,Central Public Works Department,MoRTH,MAHARASHTRA,2017-01-01,2019-05-01,,376.19,,,,,,,,without_doc,226
2021-04-01,N24000478,366,GOHARGANJ TO BHOPAL SECTION OF NH-12 IN MADHYA PRADESH KM 43 TO 93,Highways (State Pwds),MoRTH,MADHYA PRADESH,2015-12-01,2020-02-01,2021-04-01,957.54,957.54,756.69,,,2021-04-01,,,delayed,370
2021-04-01,N24001027,366,SHAHPUR PATGAON SECTION I,Central Public Works Department,MoRTH,MAHARASHTRA,2018-01-01,2019-12-01,,150.79,,,,,,,,without_doc,226
2021-04-01,N24000882,367,UPGRADATION OF NH-512 WITH A MINIMUM 2-LANE WITH PAVED SHOULDER CONFIGURATION STARTING FROM CH 82.4,Highways (State Pwds),MoRTH,WEST BENGAL,2018-02-01,2020-11-01,2021-04-01,218.7,218.7,104.09,,218.7,2020-04-01,,,delayed,370
2021-04-01,N24001028,367,PATGAON KHOPOLI SECTION I,Central Public Works Department,MoRTH,MAHARASHTRA,2018-01-01,2019-12-01,,170,,,,,,,,without_doc,226
2021-04-01,N24000892,368,2L+PS OF THIKRI ANJAD SECTION OF NH-347B,Highways (State Pwds),MoRTH,MADHYA PRADESH,2017-11-01,2018-07-01,2021-04-01,249.05,249.05,195.13,,,2021-03-01,,,delayed,370
2021-04-01,N24001029,368,AHMADPUR TO PIMPLA,Central Public Works Department,MoRTH,MAHARASHTRA,2017-01-01,2019-08-01,,422.38,,,,,,,,without_doc,226
2021-04-01,N24000899,369,REHABILITATION AND UPGRADATION OF BARELI TO GOHARGANJ SECTION OF NH-12 FROM EXISTING KM 193/0 TO KM,Highways (State Pwds),MoRTH,MADHYA PRADESH,2016-03-01,2019-06-01,2021-04-01,877.79,877.79,687.99,,,2021-04-01,,,delayed,370
2021-04-01,N24001030,369,PIMPLA TO MANJARSUMBHA,Central Public Works Department,MoRTH,MAHARASHTRA,2017-01-01,2019-08-01,,595.77,,,,,,,,without_doc,226
2021-04-01,N24000933,370,CONSTRUCTION OF 4-LANE BYPASS TO VIJAYANAGARAM TOWN ON NH43 (NEW NH26) FROM 537/6 TO 552/0 (RAIPUR-V,Highways (State Pwds),MoRTH,ANDHRA PRADESH,2017-02-01,2017-11-01,2021-04-01,429.43,429.43,256.15,,,2021-04-01,,,delayed,370
2021-04-01,N24001031,370,MANJUSUMBA TO CHUMBALI,Central Public Works Department,MoRTH,MAHARASHTRA,2017-01-01,2019-08-01,,228.54,,,,,,,,without_doc,226
2021-04-01,N24001113,371,BARASGAON TO RAHATEE,Highways (State Pwds),MoRTH,MAHARASHT RA,2016-07-01,2018-09-01,2021-04-01,289.11,289.11,101.9,,290,,,,delayed,370
2021-04-01,N24001032,371,DEORI TO AMGAON,Central Public Works Department,MoRTH,MAHARASHTRA,2017-01-01,2019-05-01,,409.62,,,,410,,,,without_doc,226
2021-04-01,N24001144,372,REHABILITATION AND UPGRADATION OF NH-233 FROM KM 65.870 TO KM 122.270 IN THE STATE OF UTTAR PRADESH,Highways (State Pwds),MoRTH,UTTAR PRADESH,2013-10-01,2017-03-01,2021-04-01,445.89,653.29,754.4,,653,,,,delayed,371
2021-04-01,N24001033,372,MANTHA TALUKAS BORDER TO PARTUR,Central Public Works Department,MoRTH,MAHARASHTRA,2017-01-01,2019-07-01,,486.19,,,,,,,,without_doc,226
2021-04-01,N24001206,373,REHABILITATION AND UPGRADATION OF EXISTING PAVEMENT TO 2 LANE WITH PS FROM KM 537.000 TO KM 564.750,Highways (State Pwds),MoRTH,UTTAR PRADESH,,2020-04-01,2021-04-01,,242.05,188.43,,,,,,delayed,371
2021-04-01,N24001034,373,PARTUR TO MAJALGAON,Central Public Works Department,MoRTH,MAHARASHTRA,2017-01-01,2019-07-01,,420.57,,,,,,,,without_doc,226
2021-04-01,N24000876,374,REHABILITATION AND UPGRADATION TO 2-LANE WITH PAVED SHOULDER CONFIGURATION OF NANDAKUMAR-CONTAI-CHAN,Highways (State Pwds),MoRTH,WEST BENGAL,2017-01-01,2019-09-01,2021-05-01,396.86,396.86,242.98,,396.86,2020-11-01,,,delayed,371
2021-04-01,N24001035,374,MANSAR TO SALAIKHURD,Central Public Works Department,MoRTH,MAHARASHTRA,2018-01-01,2019-12-01,,418.36,,,,,,,,without_doc,226
2021-04-01,N24000898,375,REHABILITATION AND UPGRADATION OF SINDOOR RIVER TO START OF BARELI BYPASS SECTION OF NH-12 FROM EXIS,Highways (State Pwds),MoRTH,MADHYA PRADESH,2016-01-01,2018-07-01,2021-05-01,809.16,809.16,573.85,,,2021-05-01,,,delayed,371
2021-04-01,N24001036,375,MAJALGAON TO KAIJ,Central Public Works Department,MoRTH,MAHARASHTRA,2017-01-01,2019-07-01,,413.99,,,,,,,,without_doc,226
2021-04-01,N24000910,376,REHABILITATION AND UP GRADATION TO 2 LANE WITH PAVED SHOULDER OF NH-703A FROM MAKHU (DESIGN CH 0 000,Highways (State Pwds),MoRTH,PUNJAB,2018-03-01,2020-11-01,2021-05-01,170.57,170.57,54.53,,,,,,delayed,371
2021-04-01,N24001037,376,KAIJ TO KUSALAM,Central Public Works Department,MoRTH,MAHARASHTRA,2017-01-01,2019-07-01,,554.78,,,,,,,,without_doc,226
2021-04-01,N24000963,377,REHABILITATION AND UPGRADATION OF NH565 FROM EXISTING KM 361.330(DORNALA T JUNCTION) TO KM 420.800(P,Highways (State Pwds),MoRTH,ANDHRA PRADESH,2018-01-01,2018-08-01,2021-05-01,418.03,418.03,194.62,,,2021-05-01,,,delayed,371
2021-04-01,N24001038,377,MAHAD TO RAIGAD FORT,Central Public Works Department,MoRTH,MAHARASHTRA,2018-07-01,2020-05-01,,237.4,,,,,,,,without_doc,226
2021-04-01,N24000969,378,CONSTRUCTION OF 2L+PS FROM PASARLAPUDI-DHINDI (105/700 TO 127.500 OF NH-214) OF NH-216,Highways (State Pwds),MoRTH,ANDHRA PRADESH,2017-01-01,2017-09-01,2021-05-01,263.45,263.45,97.45,,157.32,,,,delayed,371
2021-04-01,N24001039,378,JINTUR TO PARBHANI,Central Public Works Department,MoRTH,MAHARASHTRA,2017-01-01,,,356.66,,,,,,,,without_doc,226
2021-04-01,N24001173,379,CONSTRUCTION OF MAJOR BRIDGE AT KM 180.865 ACROSS RIVER KRISHNA ON NH-167 HAGARI – JADERCELA SECTION,Highways (State Pwds),MoRTH,KARNATAKA,,2019-05-01,2021-05-01,188,157.32,,,,,,,delayed,371
2021-04-01,N24001040,379,JAHIRABAD TO LATUR,Central Public Works Department,MoRTH,MAHARASHTRA,2017-01-01,2019-11-01,,461.96,,,,,,,,without_doc,226
2021-04-01,N24001209,380,R AND U OF LAKHIMPUR - SISIYA SECTION (KM140.00 TO 188.800) OF NH-730 TO 2L WITH PS,Highways (State Pwds),MoRTH,UTTAR PRADESH,2016-03-01,2020-09-01,2021-05-01,296.5,296.5,199.95,,,,,,delayed,372
2021-04-01,N24001041,380,SHIROD SHAHPURER TO NANDED,Central Public Works Department,MoRTH,MAHARASHTRA,2017-01-01,2019-07-01,,211.34,,,,,,,,without_doc,226
2021-04-01,N24000308,381,CONSTRUCTION OF A NEW 2- LANE HIGHWAY FROM KM 71/00 TO 99/83 IN MIZORAM TO SUPPORT KALADAN MULTI MOD,Highways (State Pwds),MoRTH,MIZORAM,2010-08-01,2010-10-01,2021-06-01,193.69,327.92,301.46,,,,,,delayed,372
2021-04-01,N24001042,381,SALAIKHURD TO TIRORA,Central Public Works Department,MoRTH,MAHARASHTRA,2018-01-01,2019-12-01,,415.25,,,,415.25,,,,without_doc,226
2021-04-01,N24000312,382,CONSTRUCTION OF 2-LANE NAYABAZAR - LEGSHIP ROAD IN WEST SIKKIM.,Highways (State Pwds),MoRTH,SIKKIM,2013-04-01,2013-08-01,2021-06-01,151.59,370.01,281.74,,370.01,2021-06-01,,,delayed,372
2021-04-01,N24001043,382,NILAJPHATA TO BHANDARA,Central Public Works Department,MoRTH,MAHARASHTRA 2 23,2018-01-01,2020-05-01,,420.63,,,,421,,,,without_doc,226
2021-04-01,N24000313,383,CONSTRUCTION OF 2-LANE TARKU DAMTHANG NAMCHI ROAD IN SOUTH SIKKIM.,Highways (State Pwds),MoRTH,SIKKIM,2013-04-01,2013-08-01,2021-06-01,166.27,359.92,243.59,,359.92,2021-06-01,,,delayed,372
2021-04-01,N24001044,383,KALMAB TO RALEGAON,Central Public Works Department,MoRTH,MAHARASHTRA,2017-01-01,2019-06-01,,467.78,,,,,,,,without_doc,227
2021-04-01,N24000314,384,CONSTRUCTION OF 2-LANE MELLI MANPUR NAMCHI ROAD IN SOUTH SIKKIM,Highways (State Pwds),MoRTH,SIKKIM,2013-01-01,2013-02-01,2021-06-01,182.28,369.64,274.07,,369.64,2021-06-01,,,delayed,372
2021-04-01,N24001045,384,JALGAON TO BHADGAON,Central Public Works Department,MoRTH,MAHARASHTRA,2018-01-01,2019-11-01,,307.54,,,,308,,,,without_doc,227
2021-04-01,N24000415,385,CONSTRUCTION OF A NEW 2- LANE HIGHWAY FROM KM 0.00 (ON NH-54 NEAR LAWNGTLAI),Highways (State Pwds),MoRTH,MIZORAM,2010-08-01,2010-10-01,2021-06-01,195.04,377.99,331.49,,,,,,delayed,372
2021-04-01,N24001046,385,RALEGAON TO RAMTIRTH,Central Public Works Department,MoRTH,MAHARASHTRA,2017-01-01,2019-07-01,,210.81,,,,,,,,without_doc,227
2021-04-01,N24000475,386,JABALPUR TO HIREN RIVER SECTION OF NH-12 IN MADHYA PRADESH KM 11/400 TO 66/400,Highways (State Pwds),MoRTH,MADHYA PRADESH,2015-11-01,2020-01-01,2021-06-01,628.45,628.45,439.63,,,2021-01-01,,,delayed,372
2021-04-01,N24001047,386,BHADGAON TO CHALISGAON,Central Public Works Department,MoRTH,MAHARASHTRA,2018-01-01,2019-11-01,,259.55,,,,260,,,,without_doc,227
2021-04-01,N24000513,387,UMARIYA TO SHAHDOL SECTION OF NH-78 IN MADYA PRADESH KM 68/4 TO 142/200,Highways (State Pwds),MoRTH,MADHYA PRADESH,2015-03-01,2017-08-01,2021-06-01,511.83,511.83,375.5,,,2021-06-01,,,delayed,372
2021-04-01,N24001048,387,MEHKAR TO AJISPUR,Central Public Works Department,MoRTH,MAHARASHTRA,2017-01-01,2019-07-01,,232.77,,,,,,,,without_doc,227
2021-04-01,N24000870,388,UPGRADATION OF REWA- SIRMOUR ROAD TO 2L + PS,Highways (State Pwds),MoRTH,MADHYA PRADESH,2018-03-01,2018-03-01,2021-06-01,162.56,162.56,129.98,,,,,,delayed,372
2021-04-01,N24001049,388,KARAD TO VITA,Central Public Works Department,MoRTH,MAHARASHTRA,2018-01-01,2019-12-01,,344.85,,,,245,,,,without_doc,227
2021-04-01,N24000875,389,REHABILITATION AND UP- GRADATION OF EXISTING INTERMEDIATE LANE FLEXIBLE PAVEMENT TO 2L+PS FLEXIBLE PA,Highways (State Pwds),MoRTH,MADHYA PRADESH,2018-02-01,2018-03-01,2021-06-01,169.63,169.63,46.52,,,,,,delayed,372
2021-04-01,N24001050,389,VITA TO NAGAJ,Central Public Works Department,MoRTH,MAHARASHTRA,2018-03-01,2019-12-01,,304.58,,,,305,,,,without_doc,227
2021-04-01,N24000881,390,UPGRADATION OF PACHORE- SHUJALPUR ROAD TO 2L + PS,Highways (State Pwds),MoRTH,MADHYA PRADESH,2017-11-01,2018-02-01,2021-06-01,184.62,184.62,86.32,,,2021-06-01,,,delayed,372
2021-04-01,N24001051,390,NALDURG TO AKKALKOT,Central Public Works Department,MoRTH,MAHARASHTRA,2018-02-01,2019-12-01,,274.5,,,,275,,,,without_doc,227
2021-04-01,N24000886,391,CONSTRUCTION OF ROAD FROM KM. 1 TO KM. 49/4 OF NH- 26A IN THE STATE OF MADHYA PRADESH.,Highways (State Pwds),MoRTH,MADHYA PRADESH,2017-01-01,2017-03-01,2021-06-01,205.05,205.05,123.2,,,,,,delayed,373
2021-04-01,N24001052,391,SANGOLA TO JATH,Central Public Works Department,MoRTH,MAHARASHTRA,2018-01-01,2019-12-01,,257.38,,,,257,,,,without_doc,227
2021-04-01,N24000891,392,UPGRADATION OF DABOH-UP BORDER ROAD TO 2L + PS,Highways (State Pwds),MoRTH,MADHYA PRADESH,2018-03-01,2018-03-01,2021-06-01,233.04,233.04,158.22,,,,,,delayed,373
2021-04-01,N24001053,392,KARAD TO TAGAON,Central Public Works Department,MoRTH,MAHARASHTRA,2017-01-01,2019-06-01,,537.81,,,,538,,,,without_doc,227
2021-04-01,N24000893,393,UPGRADATION OF BIAORA- MAKSUDANGARH ROAD TO 2L + PS,Highways (State Pwds),MoRTH,MADHYA PRADESH,2017-11-01,2018-02-01,2021-06-01,254.17,254.17,164.68,,,2021-03-01,,,delayed,373
2021-04-01,N24001054,393,TASGAON TO SHIRDHON,Central Public Works Department,MoRTH,MAHARASHTRA,2017-01-01,2019-11-01,,195.64,,,,196,,,,without_doc,227
2021-04-01,N24000894,394,UPGRADATION OF MAKSUDANGARH-SIRONJ ROAD TO 2L + PS,Highways (State Pwds),MoRTH,MADHYA PRADESH,2018-02-01,2018-03-01,2021-06-01,279.44,279.44,156.14,,,2020-12-01,,,delayed,373
2021-04-01,N24001055,394,HELWAK TO KARAD,Central Public Works Department,MoRTH,MAHARASHTRA,2017-02-01,2019-07-01,,416.99,,,,,,,,without_doc,227
2021-04-01,N24000896,395,WIDENING TO 2 LANE PS WITH RECONSTRUCTION OF BRIDGES CULVERT IN KM. 182 TO 266 OF NH-59A,Highways (State Pwds),MoRTH,MADHYA PRADESH,2017-01-01,2019-09-01,2021-06-01,373.82,373.82,197.04,,,2021-06-01,,,delayed,373
2021-04-01,N24001056,395,TEMBHURNI PANDHARPUR MANGALWEDHA MARWADE UMDI,Central Public Works Department,MoRTH,MAHARASHTRA,2017-02-01,2019-07-01,,422.02,,,,422,,,,without_doc,227
2021-04-01,N24000929,396,REHABILITATION AND UPGRADATION OF NH219(NEW NH42) FROM KM 244.930 TO 299.775 (MADANAPALLI PUNGANURU,Highways (State Pwds),MoRTH,ANDHRA PRADESH,2016-09-01,2017-02-01,2021-06-01,372.68,372.68,185.04,,,2021-06-01,,,delayed,373
2021-04-01,N24001057,396,KARAD PATAN CHIPLUN GUHAGAR,Central Public Works Department,MoRTH,MAHARASHTRA,2017-02-01,2019-06-01,,407.19,,,,407,,,,without_doc,227
2021-04-01,N24000959,397,UPGRADATION TO 2LANE WITH PAVED SHOULDER FROM KM . 43/900 TO 91/0 OF KUNDAL- NAYA KHEDA-JHADOL-SOM-,Highways (State Pwds),MoRTH,RAJASTHAN,2018-02-01,2018-05-01,2021-06-01,341.79,341.79,208,,,,,,delayed,373
2021-04-01,N24001058,397,KARWANDI TO RAJURI,Central Public Works Department,MoRTH,MAHARASHTRA,2018-03-01,2019-12-01,,276.95,,,,277,,,,without_doc,227
2021-04-01,N24001091,398,REHABILITATION AND UPGRADATION OF NH 200 FROM KM 241.553 TO 312.600 MASANIAKALA TO RENGAPALI ODISHA,Highways (State Pwds),MoRTH,MAHARASHT RA,2016-03-01,2019-12-01,2021-06-01,536.65,536.65,539.35,,356,2021-06-01,,,delayed,373
2021-04-01,N24001059,398,SHIVUR TO YEOLA,Central Public Works Department,MoRTH,MAHARASHTRA,2018-03-01,2019-12-01,,181.08,,,,,,,,without_doc,227
2021-04-01,N24001151,399,BALANCE WORK FOR REHABILITATION AND UPGRADATION OF SATNA-BELA SECTION OF NH-75 FROM KM. 155.0 TO KM.,Highways (State Pwds),MoRTH,MADHYA PRADESH,2017-11-01,2018-03-01,2021-06-01,392.33,428.55,351.92,,428.55,2021-06-01,,,delayed,373
2021-04-01,N24001060,399,PALPHATA TO PHULAMBARI,Central Public Works Department,MoRTH,MAHARASHTRA,2018-03-01,2019-12-01,,227.19,,,,227,,,,without_doc,227
2021-04-01,N24001181,400,CONSTRUCTION OF A NEW 2- LANE HIGHWAY FROM KM 38/00 TO 71/00 IN MIZORAM TO SUPPORT KALADAN MULTI MOD,Highways (State Pwds),MoRTH,MIZORAM,2010-08-01,2014-09-01,2021-06-01,186.96,322.24,298.52,,,,,,delayed,374
2021-04-01,N24001061,400,CHIKALI TO DHAD,Central Public Works Department,MoRTH,MAHARASHTRA,2018-03-01,2019-12-01,,189.46,,,,189,,,,without_doc,227
2021-04-01,N24001217,401,REHABILITATION AND UPGRADATION OF NH 43 KANKER TO BEDMA SECTION KM. 130 TO 180,Highways (State Pwds),MoRTH,CHHATISGAR H,2016-01-01,2016-08-01,2021-06-01,497.14,572.66,270.56,,572.66,2021-06-01,,,delayed,374
2021-04-01,N24001062,401,DHAD BHOKARDAN TO BHOKARDHAN SILLOD,Central Public Works Department,MoRTH,MAHARASHTRA,2018-03-01,2019-12-01,,336.21,,,,336,,,,without_doc,227
2021-04-01,N24001218,402,REHABILITATION AND UPGRADATION OF NH 111 FROM KM 163.400 TO 215.800 SHIVNAGAR TO AMBIKAPUR SECTION,Highways (State Pwds),MoRTH,CHHATISGAR H,2015-11-01,2017-06-01,2021-06-01,335.32,335.32,269.15,,,2021-06-01,,,delayed,374
2021-04-01,N24001063,402,WADIGODRI TO DHANGRIPIMPRI,Central Public Works Department,MoRTH,MAHARASHTRA,2018-03-01,2020-02-01,,194.23,,,,194,,,,without_doc,227
2021-04-01,N24001219,403,REHABILITATION AND UPGRADATION OF NH 200 FROM KM 178.944 TO 241.553 BANARI VILLAGE TO MASANIA KALA V,Highways (State Pwds),MoRTH,CHHATISGAR H,2016-01-01,2016-09-01,2021-06-01,476.2,544,400.38,,543.73,2021-06-01,,,delayed,374
2021-04-01,N24001064,403,DHANGIPIMPRI TO JALNA AND AMBAD CHOWK TO MANTH CHOWK,Central Public Works Department,MoRTH,MAHARASHTRA,2018-03-01,2020-02-01,,217.14,,,,217,,,,without_doc,227
2021-04-01,N24001221,404,REHABILITATION AND UPGRADATION OF NH 78 FROM KM 373.505 TO 469.300 AMBIKAPUR TO PATHALGAON SECTION,Highways (State Pwds),MoRTH,CHHATISGAR H,2016-01-01,2016-10-01,2021-06-01,624.98,731.5,416.16,,731.5,2021-06-01,,,delayed,374
2021-04-01,N24001065,404,PARBHANI TO GANGKHED,Central Public Works Department,MoRTH,MAHARASHTRA,2018-03-01,2019-12-01,,238.19,,,,238,,,,without_doc,227
2021-04-01,N24001222,405,REHABILITATION AND UPGRADATION OF NH 78 FROM KM 469.000 TO 531.000 PATTHALGAON TO KUNKURI,Highways (State Pwds),MoRTH,CHHATISGAR H,2016-03-01,2016-07-01,2021-06-01,452.94,435.61,94.34,,435.61,2021-06-01,,,delayed,374
2021-04-01,N24001066,405,LATUR TO PANGAON,Central Public Works Department,MoRTH,MAHARASHTRA,2018-03-01,2019-12-01,,336.47,,,,336,,,,without_doc,227
2021-04-01,N24001226,406,REHABILITATION AND UPGRADATION OF NH 216 FROM KM 3.800 TO 90.460 RAIGARH TO SARAIPALLI SECTION,Highways (State Pwds),MoRTH,CHHATISGAR H,2014-12-01,2015-03-01,2021-06-01,496.02,496.02,240.11,,,2021-06-01,,,delayed,374
2021-04-01,N24001067,406,OMREGA TO AUSA,Central Public Works Department,MoRTH,MAHARASHTRA,2018-03-01,2019-12-01,,272.04,,,,272,,,,without_doc,227
2021-04-01,N24001228,407,UPGRADATION AND WIDENING OF BILASPUR TO MUNGELI SECTION NH-130A,Highways (State Pwds),MoRTH,CHHATISGAR H,2017-11-01,2019-05-01,2021-06-01,188.8,188.8,78.69,,,2021-06-01,,,delayed,374
2021-04-01,N24001068,407,WASHIM TO DASTAPUR,Central Public Works Department,MoRTH,MAHARASHTRA 2 24,2018-03-01,2019-12-01,,165.51,,,,,,,,without_doc,227
2021-04-01,N24001229,408,UPGRADATION AND WIDENING OF MP BORDER TO SURAJPUR SECTION NH 43 FROM KM. 245 TO 331,Highways (State Pwds),MoRTH,CHHATISGAR H,2014-12-01,2017-11-01,2021-06-01,379.16,379.16,272.43,,,2021-06-01,,,delayed,375
2021-04-01,N24001069,408,NANDED TO JALKOT,Central Public Works Department,MoRTH,MAHARASHTRA,2017-12-01,2019-09-01,,456.93,,,,457,,,,without_doc,228
2021-04-01,N24001230,409,IMPROVEMENT AND UP- GRADATION OF EXISTING CARRIAGEWAY TO TWO LANE WITH PAVED SHOULDER FROM KM 0.00 KM,Highways (State Pwds),MoRTH,UTTAR PRADESH,2018-11-01,2020-12-01,2021-06-01,281.45,281.45,72.05,,,,,,delayed,375
2021-04-01,N24001070,409,DASTAPUR TO KARANJA,Central Public Works Department,MoRTH,MAHARASHTRA,2018-03-01,2019-12-01,,182.63,,,,,,,,without_doc,228
2021-04-01,N24000931,410,REHABILITATION AND UPGRADATION OF EXISTING NH- 167 FROM KM 14.900 TO KM 70.00 (DESIGN CH.14.900 TO 69,Highways (State Pwds),MoRTH,ANDHRA PRADESH,2016-11-01,2017-05-01,2021-07-01,290.15,290.15,73.11,,,2021-07-01,,,delayed,375
2021-04-01,N24001071,410,JALKOT TO TOGRI,Central Public Works Department,MoRTH,MAHARASHTRA,2018-07-01,2020-08-01,,299.92,,,,300,,,,without_doc,228
2021-04-01,N24000966,411,REHABILITATION UPGRADATION OF NH214(NH216) FROM KM41.161 TO KM59.800(GURJANAPALLI TO POLEKURU SECT,Highways (State Pwds),MoRTH,ANDHRA PRADESH,2016-01-01,2016-08-01,2021-07-01,348.95,348.95,200.57,,,,,,delayed,375
2021-04-01,N24001072,411,KHERDA TO NAGZARI,Central Public Works Department,MoRTH,MAHARASHTRA,2018-03-01,2019-12-01,,181.3,,,,,,,,without_doc,228
2021-04-01,N24001177,412,WIDENING TO 2-LANE WITH PAVED SHOULDER IN/C. GEOMETRIC IMPROVEMENT FROM KM 318.00 TO KM 339.940 ON C,Highways (State Pwds),MoRTH,TRIPURA,2016-10-01,2020-08-01,2021-07-01,171.9,171.9,123.81,,,,,,delayed,375
2021-04-01,N24001073,412,KOTHARI TO DHANORA,Central Public Works Department,MoRTH,MAHARASHTRA,2018-09-01,2020-08-01,,301.38,,,,301,,,,without_doc,228
2021-04-01,N24000905,413,REHABILITATION AND UP- GRADATION TO 2-LANE WITH PAVED SHOULDER OF ABOHAR- SITOGUNNO-DABWALI ROAD OF NH,Highways (State Pwds),MoRTH,PUNJAB,2018-03-01,2020-07-01,2021-08-01,322.48,322.48,271.72,,,,,,delayed,375
2021-04-01,N24001074,413,KHAMGAON TO DEULGAON SAKARSHA,Central Public Works Department,MoRTH,MAHARASHTRA,2018-03-01,2019-12-01,,249.29,,,,,,,,without_doc,228
2021-04-01,N24000909,414,JALANDHAR-HOSHIARPUR SECTION OF NH-70 [NEW NH NO. 3] FROM EXISTING KM 11.400 TO KM 49.200,Highways (State Pwds),MoRTH,PUNJAB,2017-10-01,2019-10-01,2021-08-01,1069.59,1069.59,692.14,,,,,,delayed,375
2021-04-01,N24001075,414,OSMANNAGAR TO KUNDRAL,Central Public Works Department,MoRTH,MAHARASHTRA,2017-09-01,2020-08-01,,344.25,,,,344,,,,without_doc,228
2021-04-01,N24000888,415,UPGRADATION OF PAWAI- SALEHA-JASSO-NAGOD ROAD TO 2L + PS,Highways (State Pwds),MoRTH,MADHYA PRADESH,2018-03-01,2018-03-01,2021-09-01,214.69,214.69,69.34,,,,,,delayed,375
2021-04-01,N24001076,415,DEULGAON SAKARSHA TO MEHKAR,Central Public Works Department,MoRTH,MAHARASHTRA,2018-03-01,2019-12-01,,219.91,,,,,,,,without_doc,228
2021-04-01,N24000890,416,UPGRADATION OF PORSA- BHIND ROAD TO 2L + PS,Highways (State Pwds),MoRTH,MADHYA PRADESH,2018-03-01,2018-08-01,2021-09-01,217.22,226.88,170.96,,,2021-09-01,,,delayed,375
2021-04-01,N24001077,416,KUNDRAL TO WAZAR,Central Public Works Department,MoRTH,MAHARASHTRA,2018-01-01,2019-12-01,,225.25,,,,225,,,,without_doc,228
2021-04-01,N24000401,417,SIDHI TO SINGRAULI SECTION OF NH-75E (4L) IN MP,Highways (State Pwds),MoRTH,MADHYA PRADESH,2011-11-01,2015-09-01,2021-10-01,954.43,1191.51,235.61,,,,,,delayed,376
2021-04-01,N24001078,417,PUNE TO MALE VILLAGE,Central Public Works Department,MoRTH,MAHARASHTRA,2018-03-01,2019-12-01,,228.31,,,,,,,,without_doc,228
2021-04-01,N24001198,418,CONSTRUCTION TO TWO LANE WITH PAVED SHOULDERS WITH FLEXIBLE PAVEMENT ON KHALGHAT TO SARWARDEWLA ROAD,Highways (State Pwds),MoRTH,MADHYA PRADESH,2019-01-01,2021-03-01,2021-11-01,264.5,264.5,85.7,,,2021-11-01,,,delayed,376
2021-04-01,N24001079,418,ARDHAPUR TO HIMAYATNAGAR,Central Public Works Department,MoRTH,MAHARASHTRA,2017-12-01,2020-06-01,,426.06,,,,426,,,,without_doc,228
2021-04-01,N24000880,419,UPGRADATION OF NH-81 WITH A MINIMUM OF 2-LANE WITH PAVED SHOULDER CONFIGURATION STARTING FROM KM 19.,Highways (State Pwds),MoRTH,WEST BENGAL,2018-02-01,2020-09-01,2021-12-01,426.18,426.18,249.01,,426.18,,,,delayed,376
2021-04-01,N24001080,419,MALE VILLAGE TO PUNE RAIGARH DISTRICT BORDER,Central Public Works Department,MoRTH,MAHARASHTRA,2018-03-01,2019-12-01,,256.15,,,,,,,,without_doc,228
2021-04-01,N24000887,420,CONSTRUCTION OF TWINS 2- LANE ROB AND ITS APPROACHES IN REPLACEMENT OF EXISTING LEVEL CROSSING GATE N,Highways (State Pwds),MoRTH,WEST BENGAL,2016-06-01,2019-08-01,2021-12-01,236.78,263.26,65.84,,263.26,,,,delayed,376
2021-04-01,N24001081,420,HIMAYATNAGAR TO PHULSAWANGI,Central Public Works Department,MoRTH,MAHARASHTRA,2018-03-01,2019-12-01,,294.87,,,,295,,,,without_doc,228
2021-04-01,N24001241,421,UP-GRADATION TO TWO LANING WITH PAVED SHOULDER OF AJMER-NAGAUR SECTION BY EXECUTING BALANCE WORK FRO,Highways (State Pwds),MoRTH,RAJASTHAN,2020-03-01,2020-08-01,2022-08-01,255.23,255.23,1.66,,,,,,delayed,376
2021-04-01,N24001082,421,PUNE RAIGARH DISTRICT BORDER TO MANGAON,Central Public Works Department,MoRTH,MAHARASHTRA,2018-03-01,2019-12-01,,223.46,,,,,,,,without_doc,228
2021-04-01,N24001242,422,REHABILATION AND UPGRADATION TO 2 LANE WITH PAVED SHPULDERS CONFIGURATION OF BEAWAR- ASIND SECTION (K,Highways (State Pwds),MoRTH,RAJASTHAN,2020-08-01,2020-11-01,2022-08-01,196.23,196,,,,,,,delayed,376
2021-04-01,N24001083,422,CHIKLI TO TAKARKHED,Central Public Works Department,MoRTH,MAHARASHTRA,2018-03-01,2019-12-01,,393.1,,,,393,,,,without_doc,228
2021-04-01,N24000885,423,CONSTRUCTION OF ROB AND ITS APPROACHES IN LIEU OF UNMANNED LEVEL CROSSING AT KM 303.9 ON NH-60 (PAND,Highways (State Pwds),MoRTH,WEST BENGAL National Highways And Infrastructure Development Corporation Ltd.,2016-03-01,2019-08-01,2022-11-01,160.27,213.97,25.64,,213.97,,,,delayed,376
2021-04-01,N24001084,423,PAHUR TO BODHWAD,Central Public Works Department,MoRTH,MAHARASHTRA,2017-01-01,2020-05-01,,244.93,,,,,,,,without_doc,228
2021-04-01,N24000582,424,4 LANING OF NH-37 SECTION BETWEEN DEMOW TO END OF MORAN BYPASS (FROM KM. 534.800 TO KM. 561.700) O,Highways (State Pwds),NHIDCL,ASSAM,2016-01-01,2016-01-01,2021-04-01,294.17,294.17,121.82,,,,,,delayed,376
2021-04-01,N24001085,424,TAKARKHED TO JALNA,Central Public Works Department,MoRTH,MAHARASHTRA,2017-09-01,2019-06-01,,417.9,,,,418,,,,without_doc,228
2021-04-01,N24000686,425,FOUR LANING OF DIMAPUR KOHIMA ROAD FROM DESIGN KM 123.840 TO KM 138.775 (EXISTING KM 124.100 TO KM 1,Highways (State Pwds),NHIDCL,NAGALAND,2016-03-01,2016-08-01,2021-05-01,373.07,387,245.8,,,,,,delayed,377
2021-04-01,N24001086,425,BODHWAD TO STATE BORDER,Central Public Works Department,MoRTH,MAHARASHTRA,2017-01-01,2019-07-01,,178.26,,,,,,,,without_doc,228
2021-04-01,N24000687,426,FOUR LANING OF DIMAPUR KOHIMA ROAD FROM DESIGN KM 138.775 TO KM 152.490 (EXISTING KM 140.000 TO KM 1,Highways (State Pwds),NHIDCL,NAGALAND,2016-03-01,2016-08-01,2021-05-01,396.52,339.55,252.49,,,,,,delayed,377
2021-04-01,N24001087,426,MANGRUPHIR TO MAHAN,Central Public Works Department,MoRTH,MAHARASHTRA,2018-03-01,2019-11-01,,222.13,,,,222,,,,without_doc,228
2021-04-01,N24000688,427,FOUR LANING OF EXISTING DIMAPUR KOHIMA ROAD FROM DESIGN KM 152.490 TO KM 166.700 (EXISTING KM 156.00,Highways (State Pwds),NHIDCL,NAGALAND,2016-03-01,2016-08-01,2021-05-01,429.52,340,193.99,,,,,,delayed,377
2021-04-01,N24001088,427,JALGAON TO NANDURA,Central Public Works Department,MoRTH,MAHARASHTRA,2018-03-01,2019-12-01,,177.84,,,,177,,,,without_doc,228
2021-04-01,N24000869,428,TWO- LANE WITH PAVED SHOULDER CONFIGURATION OF IMPHAL - MOREH SECTION OF NH-39 FROM KM 350.00 TO KM,Highways (State Pwds),NHIDCL,MANIPUR,2017-08-01,2018-10-01,2021-10-01,517.57,457.77,137.04,,,,,,delayed,377
2021-04-01,N24001089,428,MALEGAON TO RISOD,Central Public Works Department,MoRTH,MAHARASHTRA,2018-02-01,2019-12-01,,303.24,,,,303,,,,without_doc,228
2021-04-01,N24000762,429,CONSTRUCTION OF TWO LANE WITH HARD SHOULDERS OF MERANGKONG-TAMLU-MON ROAD FROM EXISTING KM 00.000 TO,Highways (State Pwds),NHIDCL,NAGALAND,2018-03-01,2018-09-01,2021-11-01,215.12,215.12,100.9,,,,,,delayed,377
2021-04-01,N24001090,429,KOLDE TO KHETIYA,Central Public Works Department,MoRTH,MAHARASHTRA,2017-01-01,2019-07-01,,509.18,,,,,,,,without_doc,228
2021-04-01,N24000319,430,4 LANING OF JORHAT TO JHANJI SECTION FROM KM. 453.00 TO KM. 491.08 (DESIGN KM 403.200 TO KM 454.240),Highways (State Pwds),NHIDCL,ASSAM,2015-06-01,2018-06-01,2021-12-01,437.39,407.3,21.46,,,,,,delayed,377
2021-04-01,N24001092,430,SATARA TO MHASWAD,Central Public Works Department,MoRTH,MAHARASHTRA,2017-01-01,2019-07-01,,653.46,,,,,,,,without_doc,228
2021-04-01,N24000320,431,FOUR LANING OF JHANJHI JN TO DEMOW SECTION FROM KM. 491.050 TO KM. 535.250(DESIGN KM 490.800 TO KM 5,Highways (State Pwds),NHIDCL,ASSAM,2015-06-01,2018-06-01,2021-12-01,463.49,398.06,59.71,,,,,,delayed,377
2021-04-01,N24001093,431,ARNI TO NAIGAINBANDI,Central Public Works Department,MoRTH,MAHARASHTRA,2017-12-01,2019-12-01,,309.94,,,,310,,,,without_doc,228
2021-04-01,N24000757,432,CONSTRUCTION OF TWO LANE WITH HARD SHOULDERS OF CHAKABAMA-ZUNHEBOTO ROAD FROM EXISTING KM 79.040 TO,Highways (State Pwds),NHIDCL,NAGALAND,2018-03-01,2018-09-01,2021-12-01,315.03,315.03,88.52,,,,,,delayed,377
2021-04-01,N24001094,432,NAIGAONBANDI TO MANGRULPIR,Central Public Works Department,MoRTH,MAHARASHTRA 2 25,2017-12-01,2019-03-01,,244.04,,,,244,,,,without_doc,228
2021-04-01,N24000758,433,CONSTRUCTION OF TWO LANE WITH HARD SHOULDERS OF CHAKABAMA-ZUNHEBOTO ROAD FROM EXISTING KM100.345 TO,Highways (State Pwds),NHIDCL,NAGALAND,2018-03-01,2018-09-01,2021-12-01,240.64,240.64,102.51,,,,,,delayed,377
2021-04-01,N24001095,433,SATARA MURVAD PILLOV PANDHARPUR,Central Public Works Department,MoRTH,MAHARASHTRA,2017-01-01,,,388.44,,,,,,,,without_doc,229
2021-04-01,N24000763,434,CONSTRUCTION OF TWO LANE WITH HARD SHOULDERS OF MERANGKONG-TAMLU-MON ROAD FROM EXISTING KM 20.456 TO,Highways (State Pwds),NHIDCL,NAGALAND,2018-03-01,2018-09-01,2021-12-01,215.79,215.79,67.3,,,,,,delayed,378
2021-04-01,N24001096,434,TALEGAON TO GONAPUR,Central Public Works Department,MoRTH,MAHARASHTRA,2018-01-01,2019-03-01,,264.41,,,,264,,,,without_doc,229
2021-04-01,N24000677,435,CONSTRUCTION OF MEKA ROING HUNLI FROM EXISTING KM16 OF ROING HUNLI ROAD TO KM 21.500 OF HUNLI AN,Highways (State Pwds),NHIDCL,ARUNACHAL PRADESH,2017-01-01,2017-03-01,2022-03-01,1253.1,1253.1,204.77,,,,,,delayed,378
2021-04-01,N24001097,435,SELDOH TO PANVAR,Central Public Works Department,MoRTH,MAHARASHTRA,2018-07-01,2020-05-01,,404.33,,,,404,,,,without_doc,229
2021-04-01,N24000755,436,CONSTRUCT ION OF TWO LANE WITH HARD SHOULDERS OF CHAKABAMA- ZUNHEBOTO ROAD FROM EXISTING KM 25.760 TO,Highways (State Pwds),NHIDCL,NAGALAND,2018-03-01,2018-09-01,2022-05-01,239.3,239.3,102.01,,,,,,delayed,378
2021-04-01,N24001098,436,WARDHA TO HINGAGHAT,Central Public Works Department,MoRTH,MAHARASHTRA,2018-01-01,2019-12-01,,216.9,,,,217,,,,without_doc,229
2021-04-01,N24000754,437,CONSTRUCTION OF TWO LANE WITH HARD SHOULDERS OF CHAKABAMA-ZUNHEBOTO ROAD FROM EXISTING KM 00.000 TO,Highways (State Pwds),NHIDCL,NAGALAND,2018-03-01,2018-09-01,2022-07-01,339.57,339.57,141.46,,,,,,delayed,378
2021-04-01,N24001099,437,MHASWAD TO TEMBHURNI,Central Public Works Department,MoRTH,MAHARASHTRA,2017-01-01,2019-07-01,,488.6,,,,,,,,without_doc,229
2021-04-01,N24000756,438,CONSTRUCT ION OF TWO LANE WITH HARD SHOULDERS OF CHAKABAMA- ZUNHEBOTO ROAD FROM EXISTING KM 52.370 TO,Highways (State Pwds),NHIDCL,NAGALAND,2018-03-01,2018-09-01,2022-09-01,285.68,285.68,77.91,,,,,,delayed,378
2021-04-01,N24001100,438,AHMEDNAGAR TO BARAMATI,Central Public Works Department,MoRTH,MAHARASHTRA,2017-01-01,2019-08-01,,955.4,,,,,,,,without_doc,229
2021-04-01,N24000764,439,CONSTRUCTION OF TWO LANE WITH HARD SHOULDERS OF MERANGKONG-TAMLU-MON ROAD FROM EXISTING KM 41.065 TO,Highways (State Pwds),NHIDCL,NAGALAND,2018-03-01,2018-09-01,2022-10-01,272.89,272.89,51.17,,,,,,delayed,378
2021-04-01,N24001101,439,KURUDWADI TO PANDHARPUR,Central Public Works Department,MoRTH,MAHARASHTRA,2017-01-01,2019-07-01,,307.63,,,,,,,,without_doc,229
2021-04-01,N24000753,440,(II) CONSTRUCTION OF DIMAPUR BYPASS (ASSAM PORTION) OF 4/6 LANE PAVEMENT ON EPC BASIS FROM EXISTING,Highways (State Pwds),NHIDCL,NAGALAND,2018-03-01,2018-09-01,2022-11-01,500.09,336.49,79.51,,336.49,,,,delayed,378
2021-04-01,N24001102,440,PANDHARPUR TO SANGOLA,Central Public Works Department,MoRTH,MAHARASHTRA,2017-07-01,2019-07-01,,218.38,,,,,,,,without_doc,229
2021-04-01,N24000765,441,CONSTRUCTION OF TWO LANE WITH HARD SHOULDERS OF MERANGKONG-TAMLU-MON ROAD FROM EXISTING KM 60.345 TO,Highways (State Pwds),NHIDCL,NAGALAND,2018-03-01,2018-09-01,2022-11-01,323.98,323.98,42.54,,,,,,delayed,378
2021-04-01,N24001103,441,SARAD VANI PIMPALGAON,Central Public Works Department,MoRTH,MAHARASHTRA,2017-01-01,2019-07-01,,250.46,,,,,,,,without_doc,229
2021-04-01,N24000857,442,WIDENING AND UP-GRADATION TO 2-LANE WITH PAVED SHOULDER CONFIGURATION AND GEOMETRIC IMPROVEMENTS FRO,Highways (State Pwds),NHIDCL,MIZORAM,2017-04-01,2019-09-01,2023-04-01,519.09,519.09,56.58,,,,,,delayed,379
2021-04-01,N24001104,442,MALEWADA TO CHIMUR,Central Public Works Department,MoRTH,MAHARASHTRA,2016-10-01,2019-06-01,,322.55,,,,,,,,without_doc,229
2021-04-01,N24000861,443,WIDENING AND UP-GRADATION TO 2-LANE WITH PAVED SHOULDER CONFIGURATION AND GEOMETRIC IMPROVEMENTS FRO,Highways (State Pwds),NHIDCL,MIZORAM,2017-04-01,2019-09-01,2023-04-01,473.18,473.18,81,,,,,,delayed,379
2021-04-01,N24001105,443,CHIMUR TO WARORA,Central Public Works Department,MoRTH,MAHARASHTRA,2016-11-01,2019-03-01,,467.7,,,,,,,,without_doc,229
2021-04-01,N24000862,444,WIDENING AND UP-GRADATION TO 2-LANE WITH PAVED SHOULDER CONFIGURATION AND GEOMETRIC IMPROVEMENTS FRO,Highways (State Pwds),NHIDCL,MIZORAM,2017-04-01,2019-09-01,2023-04-01,537.82,537.82,100.74,,,,,,delayed,379
2021-04-01,N24001106,444,PEN TO KHOPOLI,Central Public Works Department,MoRTH,MAHARASHTRA,2018-03-01,2018-03-01,,301.39,,,,302,,,,without_doc,229
2021-04-01,N24000859,445,WIDENING AND UP-GRADATION TO 2-LANE WITH PAVED SHOULDER CONFIGURATION AND GEOMETRIC IMPROVEMENTS FRO,Highways (State Pwds),NHIDCL,MIZORAM,2017-04-01,2019-09-01,2023-06-01,642.96,642.96,82,,,,,,delayed,379
2021-04-01,N24001107,445,PANCHARAL TO MANDANGHAR,Central Public Works Department,MoRTH,MAHARASHTRA,2018-07-01,2020-05-01,,381.08,,,,302,,,,without_doc,229
2021-04-01,N24000863,446,WIDENING AND UP-GRADATION TO 2-LANE WITH PAVED SHOULDER CONFIGURATION AND GEOMETRIC IMPROVEMENTS FRO,Highways (State Pwds),NHIDCL,MIZORAM,2017-04-01,2019-09-01,2023-06-01,518.53,518.53,108.99,,,,,,delayed,379
2021-04-01,N24001108,446,CHALISGAON TO NANDGAON,Central Public Works Department,MoRTH,MAHARASHTRA,2018-03-01,2019-12-01,,206.97,,,,207,,,,without_doc,229
2021-04-01,N24000858,447,WIDENING AND UP-GRADATION TO 2-LANE WITH PAVED SHOULDER CONFIGURATION AND GEOMETRIC IMPROVEMENTS FRO,Highways (State Pwds),NHIDCL,MIZORAM,2017-04-01,2019-09-01,2023-07-01,640.07,640.07,3.25,,,,,,delayed,379
2021-04-01,N24001109,447,KUSUMBA TO MALEGAON,Central Public Works Department,MoRTH,MAHARASHTRA,2018-03-01,2019-12-01,,243.45,,,,244,,,,without_doc,229
2021-04-01,N24000865,448,WIDENING AND UP-GRADATION TO 2-LANE WITH PAVED SHOULDER CONFIGURATION AND GEOMETRIC IMPROVEMENTS FRO,Highways (State Pwds),NHIDCL,MIZORAM,2017-04-01,2019-09-01,2023-09-01,428.11,428.11,48.03,,,,,,delayed,379
2021-04-01,N24001110,448,BAMNI TO NAVAEGAON,Central Public Works Department,MoRTH,MAHARASHTRA,2017-09-01,2020-04-01,,241.69,,,,242,,,,without_doc,229
2021-04-01,N24000864,449,WIDENING AND UP-GRADATION TO 2-LANE WITH PAVED SHOULDER CONFIGURATION AND GEOMETRIC IMPROVEMENTS FRO,Highways (State Pwds),NHIDCL,MIZORAM National Highways Authority Of India,2017-04-01,2019-09-01,2024-04-01,404.29,404.29,17.77,,,,,,delayed,379
2021-04-01,N24001111,449,KOLHA TO NASRATPUR,Central Public Works Department,MoRTH,MAHARASHTRA,2016-04-01,2019-04-01,,281.78,,,,282,,,,without_doc,229
2021-04-01,N24000807,450,FOUR LANING OF GUNDUGOLANU-DEVARAPALLI- KOVVURU SECTION OF NH-16 FROM KM 15.320 (EXISTING KM 15.700),Highways (State Pwds),NHAI,ANDHRA PRADESH,2018-03-01,2021-03-01,2021-04-01,1532.62,2499,761.73,,,2021-10-01,,,delayed,380
2021-04-01,N24001112,450,NASRATPUR TO BARASGAON,Central Public Works Department,MoRTH,MAHARASHTRA,2016-07-01,2019-09-01,,406.54,,,,407,,,,without_doc,229
2021-04-01,N24000202,451,4-LANING OF FARAKA-RAIGANJ,Highways (State Pwds),NHAI,WEST BENGAL,2011-02-01,2013-08-01,2021-05-01,1078.84,1078.84,2295.18,,,,,,delayed,380
2021-04-01,N24001114,451,INDAPUR TO VADPALE,Central Public Works Department,MoRTH,MAHARASHTRA,2017-01-01,2019-12-01,,1202.52,,,,1203,,,,without_doc,229
2021-04-01,N24000664,452,4-LANNING OF PUNJAB HARYANA BORDER-JIND SECTION OF NH-71 FROM KM 238.695 TO KM 307.00 ON DBFOT TOLL,Highways (State Pwds),NHAI,HARYANA,2017-03-01,2020-03-01,2021-05-01,639.79,552.9,597.77,,,2021-05-01,,,delayed,380
2021-04-01,N24001115,452,VADPALE TO BHOGAN KHURD,Central Public Works Department,MoRTH,MAHARASHTRA,2017-01-01,2019-11-01,,1598.47,,,,1560,,,,without_doc,229
2021-04-01,N24000666,453,CONSTRUCTION OF ROAD APPROACHES TO RAIL-CUM- ROAD BRIDGE ACROSS RIVER GANGA AT MUNGER GHAT NEAR MUNGE,Highways (State Pwds),NHAI,BIHAR,2017-03-01,2020-03-01,2021-05-01,235.48,227.77,36.08,,,,,,delayed,380
2021-04-01,N24001116,453,GADCHIROLI TO MUL,Central Public Works Department,MoRTH,MAHARASHTRA,2016-12-01,2019-06-01,,484.15,,,,,,,,without_doc,229
2021-04-01,N24000704,454,4-LANNING OF THALSERRY - MAHE BYPASS,Highways (State Pwds),NHAI,KERALA,2017-09-01,2017-09-01,2021-05-01,1124.11,1232.76,527.67,,,,,,delayed,380
2021-04-01,N24001117,454,MUL TO CHANDRAPUR,Central Public Works Department,MoRTH,MAHARASHTRA,2016-12-01,2019-07-01,,162.34,,,,,,,,without_doc,229
2021-04-01,N24000224,455,DELHI AGRA APPROVED LENGTH 180.0 KM,Highways (State Pwds),NHAI,MULTI STATE,2012-10-01,2015-04-01,2021-06-01,1928.22,3182.34,3087,,,2021-01-01,,,delayed,380
2021-04-01,N24001118,455,SAKOLI TO BHANDARA,Central Public Works Department,MoRTH,MAHARASHTRA,2017-01-01,2019-06-01,,362.96,,,,,,,,without_doc,229
2021-04-01,N24000435,456,CONSTRUCTION OF KARALPHATA INTERCHANGE FROM 3.600 TO KM 6.073 OF NH4B AND FROM 5.300 TO KM 7.422 (,Highways (State Pwds),NHAI,MAHARASHTR A,2015-10-01,2018-05-01,2021-06-01,531.13,730.97,653.06,,,2021-06-01,,,delayed,380
2021-04-01,N24001119,456,NAGBHID TO ARMORI,Central Public Works Department,MoRTH,MAHARASHTRA,2016-09-01,2019-07-01,,269.05,,,,,,,,without_doc,229
2021-04-01,N24000441,457,CONSTRUCTION OF GAVANPHATA INTERCHANGE FROM 14.740 TO KM 15.894 ( OLD SH -54) PKG-2,Highways (State Pwds),NHAI,MAHARASHTR A,2015-10-01,2018-05-01,2021-06-01,593.26,690.17,595.33,,,2021-06-01,,,delayed,380
2021-04-01,N24001120,457,AKKALKOT TO DHUDHNI,Central Public Works Department,MoRTH,MAHARASHTRA 2 26,2016-04-01,2019-02-01,,211.42,,,,,,,,without_doc,229
2021-04-01,N24000451,458,6/8 LANING OF ROAD PORT CONNECTIVITY JNPT PHASE II - CONSTRUCTION OF NH-348 - PKG3,Highways (State Pwds),NHAI,MAHARASHTR A,2015-08-01,2018-05-01,2021-06-01,505,504,385.08,,,2019-04-01,,,delayed,380
2021-04-01,N24001121,458,NASHIK TO PETH,Central Public Works Department,MoRTH,MAHARASHTRA,2015-12-01,2018-11-01,,289.6,,,,,,,,without_doc,230
2021-04-01,N24000671,459,REHABILITATION AND UPGRADATION BY 4-LANING OF SINGHARA TO BINJHABAHAL SECTION FROM KM 311.000 TO KM,Highways (State Pwds),NHAI,ODISHA,2017-03-01,2020-03-01,2021-06-01,1288.07,1420,842.24,,,,,,delayed,380
2021-04-01,N24001122,459,PAITHAN TO SHIRUR,Central Public Works Department,MoRTH,MAHARASHTRA,2017-03-01,2019-06-01,,341.8,,,,,,,,without_doc,230
2021-04-01,N24000699,460,REHABILITATION AND UP- GRADATION OF BIRAMITRAPUR TO BRAHMANI BYPASS (PKG-I),Highways (State Pwds),NHAI,ODISHA,2017-07-01,2017-07-01,2021-06-01,476.56,476.56,52.19,,,,,,delayed,381
2021-04-01,N24001123,460,SHIRUR TO KHARDA,Central Public Works Department,MoRTH,MAHARASHTRA,2017-02-01,2019-06-01,,381.77,,,,,,,,without_doc,230
2021-04-01,N24000691,461,SIX-LANNING OF GREENFIELD PROPOSED UDAIPUR BYPASS PKG-IV,Highways (State Pwds),NHAI,RAJASTHAN,2017-04-01,2020-04-01,2021-07-01,894,929.32,810,,,,,,delayed,381
2021-04-01,N24001124,461,AURANGABAD TO SILLOD,Central Public Works Department,MoRTH,MAHARASHTRA,2017-02-01,2019-06-01,,456.32,,,,,,,,without_doc,230
2021-04-01,N24000176,462,TWO LANING OF TRICHY - KARAIKUDI AND TRYCHI BYPASS,Highways (State Pwds),NHAI,TAMIL NADU,2010-05-01,2013-05-01,2021-08-01,374,166.9,54.22,,,,,,delayed,381
2021-04-01,N24001125,462,SILLOD TO FARDAPUR,Central Public Works Department,MoRTH,MAHARASHTRA,2017-02-01,2019-06-01,,337.46,,,,,,,,without_doc,230
2021-04-01,N24000449,463,8 LANING OF MUKARBA CHOWK TO PANIPAT,Highways (State Pwds),NHAI,HARYANA,2015-07-01,2019-04-01,2021-09-01,2128.72,2128.72,1070,,,,,,delayed,381
2021-04-01,N24001126,463,FARDAPUR TO JALGAON,Central Public Works Department,MoRTH,MAHARASHTRA,2017-02-01,2019-06-01,,456.45,,,,,,,,without_doc,230
2021-04-01,N24000692,464,4-LANNING OF END OF PANDOH BYPASS TAKOLI IN H.P,Highways (State Pwds),NHAI,HIMACHAL PRADESH,2017-06-01,2020-06-01,2021-09-01,2485.93,2485.93,827.64,,,,,,delayed,381
2021-04-01,N24001127,464,KUMBHARI PHTA TO DEULGAON RAJA,Central Public Works Department,MoRTH,MAHARASHTRA,2017-02-01,2019-06-01,,406.51,,,,,,,,without_doc,230
2021-04-01,N24000558,465,NAGPUR RING ROAD PACKAGE- 1,Highways (State Pwds),NHAI,MAHARASHTR A,2016-03-01,2019-07-01,2021-12-01,546,546,307.08,,,2021-06-01,,,delayed,381
2021-04-01,N24001128,465,BHOKAR TO SARSAM,Central Public Works Department,MoRTH,MAHARASHTRA,2017-02-01,2019-07-01,,295.09,,,,,,,,without_doc,230
2021-04-01,N24000560,466,NAGPUR RING ROAD PACKAGE- 2,Highways (State Pwds),NHAI,MAHARASHTR A,2016-03-01,2019-07-01,2021-12-01,591.66,591.66,318.3,,1167.42,2021-06-01,,,delayed,381
2021-04-01,N24001130,466,RECONSTRUCTION WITH GEOMETRIC IMPROVMENT OF EXISTING INTERMEDIATE LANE TO 2 LANE WITH PAVED SHOULDER,Central Public Works Department,MoRTH,UTTARAKHAND,2016-08-01,2017-12-01,,234.88,,,,,,,,without_doc,230
2021-04-01,N24000603,467,HOSPET-BELLARY-KARNATAKA AP BORDER,Highways (State Pwds),NHAI,KARNATAKA,,2019-03-01,2021-12-01,,870,333.68,,,2021-01-01,,,delayed,381
2021-04-01,N24001133,467,PARSHURAM GHAT TO ARAWALI,Central Public Works Department,MoRTH,MAHARASHTRA,2016-04-01,2019-12-01,,983.14,,,,983,,,,without_doc,230
2021-04-01,N24000652,468,FOUR LANNING OF VIKRAVANDI- SETHIYAHOPU FROM KM 0.000 TO KM 60.250(DESIGN CHAINAGE KM 0.000 TO KM 65.,Highways (State Pwds),NHAI,TAMIL NADU,2017-03-01,2020-03-01,2021-12-01,848.45,848.45,222.06,,932.23,,,,delayed,381
2021-04-01,N24001134,468,KANTE TO WAKED,Central Public Works Department,MoRTH,MAHARASHTRA,2016-03-01,2019-11-01,,1230.02,,,,1230,,,,without_doc,230
2021-04-01,N24000662,469,CONSTRUCTION OF PARTIALLY ACESS CONTROLLED FOUR LANE ELEVATED HIGHWAY BETWEEN SAMRALA CHOWK (DESIGN,Highways (State Pwds),NHAI,PUNJAB,2017-03-01,2020-03-01,2021-12-01,754.54,756.27,379.05,,,,,,delayed,381
2021-04-01,N24001135,469,WAKED TO TALEGAON,Central Public Works Department,MoRTH,MAHARASHTRA,2016-02-01,2019-02-01,,1244.75,,,,1245,,,,without_doc,230
2021-04-01,N24001231,470,PACKAGE-21 CONSTRUCTION OF EIGHTLANE ACCESS- CONTROLLED EXPRESSWAY CARRIAGEWAY FROM KAMLIYA VILLAGE,Highways (State Pwds),NHAI,MADHYA PRADESH,2019-02-01,2019-12-01,2021-12-01,990.97,990.97,569.29,,,,,,delayed,381
2021-04-01,N24001136,470,TALGAON TO KALMATH,Central Public Works Department,MoRTH,MAHARASHTRA,2016-10-01,2020-03-01,,904.7,,,,905,,,,without_doc,230
2021-04-01,N24000213,471,2-LANING OF KRISHNAGIRI- TINDIVANAM (APPROVED LENHTH 170 KM),Highways (State Pwds),NHAI,TAMIL NADU,2012-04-01,2014-04-01,2022-01-01,624,624,8.56,,,,,,delayed,382
2021-04-01,N24001137,471,KALMATH TO ZARAP,Central Public Works Department,MoRTH,MAHARASHTRA,2016-09-01,2020-03-01,,1338.13,,,,1338,,,,without_doc,230
2021-04-01,N24000696,472,SIX LANNING OF AUNTA- SIMARIA(GANGA BRIDGE WITH APPROACH ROADS) SECTION OF NH-31,Highways (State Pwds),NHAI,BIHAR,2017-08-01,2017-08-01,2022-02-01,950.64,950.64,200.18,,,,,,delayed,382
2021-04-01,N24001138,472,PARLI PIMPLA DAHIGUDA,Central Public Works Department,MoRTH,MAHARASHTRA,2017-02-01,2019-06-01,,205.72,,,,206,,,,without_doc,230
2021-04-01,N24000442,473,"CONSTRUCTION OF FLYOVER AT KM.544.650 INCLUDING ROB ,SERVICE ROADS ,FOOTPATH FOR RCC DRAINS ON URBAN",Highways (State Pwds),NHAI,MAHARASHTR A,2015-12-01,2019-03-01,2022-03-01,649.5,649.5,209.18,,,2021-12-01,,,delayed,382
2021-04-01,N24001139,473,REHABILITATION AND UPGRADATION OF MAU-JASRA FROM KM 326.000 TO KM 379.555 OF NH-76 TO 2-LANE WITH PA,Central Public Works Department,MoRTH,UTTAR PRADESH,2016-10-01,2020-03-01,,218.94,,,,219,,,,without_doc,230
2021-04-01,N24000552,474,4-LANNING EXISTING KM 189.700 TO 237.00] HASSAN TO MARANAHALLY,Highways (State Pwds),NHAI,KARNATAKA,2016-03-01,2019-03-01,2022-03-01,701.4,701.4,132.05,,,2022-03-01,,,delayed,382
2021-04-01,N24001140,474,REHABILITATION AND UPGRADATION OF KABRAI-BANDA FROM KM 178.00 TO KM 215.00 OF NH-76 TO 2-LANE WITH P,Central Public Works Department,MoRTH,UTTAR PRADESH,2016-11-01,2019-09-01,,215.16,,,,215,,,,without_doc,230
2021-04-01,N24001232,475,PACKAGE-24 CONSTRUCTION OF EIGHTLANE ACCESS- CONTROLLED EXPRESSWAY CARRIAGEWAY FROM RANNI VILLAGE TO,Highways (State Pwds),NHAI,MADHYA PRADESH,2019-02-01,2020-03-01,2022-04-01,847,847,393.93,,,,,,delayed,382
2021-04-01,N24001143,475,REHABILITATION AND UPGRADATION OF PILIBHIT TO PURANPUR SECTION FROM KM 0.00 TO KM 38.00 OF NH-730 TO,Central Public Works Department,MoRTH,UTTAR PRADESH,2016-10-01,2018-10-01,,176.94,,,,177,,,,without_doc,230
2021-04-01,N24001233,476,PACKAGE-23 CONSTRUCTION OF DELHI-VADODARA EIGHT LANE ACCESS- CONTROLLED EXPRESSWAY FROM BAWDI VILLAG,Highways (State Pwds),NHAI,MADHYA PRADESH,2019-03-01,2020-05-01,2022-05-01,1047,1047,367.12,,,,,,delayed,382
2021-04-01,N24001147,476,REHABILITATION AND UPGRADATION OF ALLAHABAD -MIRZAPUR FROM KM 400.878 TO KM 450.000 OF NH-76E TO 2-,Central Public Works Department,MoRTH,UTTAR PRADESH,2016-10-01,2019-02-01,,239.63,,,,,,,,without_doc,230
2021-04-01,N24000203,477,4-LANING OF BRAHAMPORE- FARAKA,Highways (State Pwds),NHAI,WEST BENGAL,2011-02-01,2013-08-01,2022-06-01,998.79,998.79,1878.7,,,,,,delayed,382
2021-04-01,N24001148,477,REHABILITATION AND UPGRADATION OF PRATAPGARH- ALLAHABAD BYPASS ROAD AND JUNCTION SECTION OF NH-96 F,Central Public Works Department,MoRTH,UTTAR PRADESH,2016-03-01,2020-01-01,,599.34,,,,,,,,without_doc,230
2021-04-01,N24000697,478,FOUR LANNING OF CHOLOPURAM-THANJAVUR,Highways (State Pwds),NHAI,TAMIL NADU,2017-08-01,2017-08-01,2022-07-01,1176.37,1176.37,462.14,,,,,,delayed,382
2021-04-01,N24001149,478,RISOD TO HINGOLI,Central Public Works Department,MoRTH,MAHARASHTRA,2018-02-01,2019-12-01,,355.99,,,,,,,,without_doc,230
2021-04-01,N24000708,479,4-LANNING OF STHIYATHOPU- CHOLOPURAM,Highways (State Pwds),NHAI,TAMIL NADU,2017-09-01,2017-09-01,2022-07-01,1227.87,1227.87,566.14,,,,,,delayed,382
2021-04-01,N24001150,479,WARDHA TO ARVI,Central Public Works Department,MoRTH,MAHARASHTRA,2018-02-01,2020-04-01,,313.58,,,,,,,,without_doc,230
2021-04-01,N24000182,480,VARANASI-AURANGABAD KM.786 TO KM.978.40,Highways (State Pwds),NHAI,MULTI STATE,2011-09-01,2014-03-01,2022-12-01,2848,3379.45,2901.2,,,,,,delayed,382
2021-04-01,N24001153,480,CONSTRUCTION OF SILCHAR BYPASS ON NH-53 IN ASSAM,Central Public Works Department,MoRTH,ASSAM 2 27,2010-11-01,2014-02-01,,197.37,,,,,,,,without_doc,230
2021-04-01,N26000114,481,PHASE-I OF CONSOLIDATION OF EXISTING CDR DATA CENTERS AND NIB-P3 DATA CENTERS WITH STATE OF THE ART,Bharat Sanchar Nigam Limited,BSNL,MULTI STATE Central Public Works Department,2020-03-01,2021-06-01,2021-11-01,431.16,431.16,,,431,,,,delayed,383
2021-04-01,N24001154,481,WIDENING TO 2 LANE WITH PAVED SHOULDERS FROM KM 54.37 TO 101.400 OF NH-50 UNDER EPC MODE IN THE STAT,Central Public Works Department,MoRTH,KARNATAKA,2016-08-01,2017-01-01,,367.44,,,,,,,,without_doc,231
2021-04-01,N28000115,482,SETTING UP PHYSICAL INFRASTRUCTURE FOR THE NATIONAL INSTITUTE OF COMMUNICATION FINANCE(NICF) AT GHIT,Bharat Sanchar Nigam Limited,CPWD,DELHI Department Of Telecommunication,2016-10-01,2018-03-01,2021-06-01,248.2,248.2,145.26,,,,,,delayed,383
2021-04-01,N24001155,482,WIDENING TO TWO LANE WITH PAVED SHOULDERS FROM KM.125.626 TO 155 OF NH -167 HAGARI JADECHERLA SECT,Central Public Works Department,MoRTH,KARNATAKA,2016-08-01,2017-01-01,,175.2,,,,,,,,without_doc,231
2021-04-01,N26000101,483,NETWORK FOR SPECTRUM,Bharat Sanchar Nigam Limited,DOT,MULTI STATE,2012-03-01,2015-07-01,2021-07-01,13334,24664,17845,,,,,,delayed,383
2021-04-01,N24001156,483,WIDENING TO TWO LANE WITH PAVED SHOULDER FROM KM 544.200 TO KM 594.000 OF NH-150A HOSMANE CROSS – PA,Central Public Works Department,MoRTH,KARNATAKA,2017-01-01,2017-09-01,,166.67,,,,,,,,without_doc,231
2021-04-01,N28000122,484,AHMEDABAD METRO RAIL PROJECT PHASE 1,Ahmedabad Metro Rail,MEGA,GUJARAT Bangalore Metro Rail Corporation Limited,2014-11-01,2018-12-01,2022-08-01,10773,12787,8768.08,,,,,,delayed,383
2021-04-01,N24001157,484,IMPROVEMENTS AND RECONSTRUCTION TO TWO LANE WITH PAVED SHOULDERS FROM KM 243.20 TO KM 290.20 OF NH,Central Public Works Department,MoRTH,KARNATAKA,2016-08-01,2017-02-01,,175.5,,,,,,,,without_doc,231
2021-04-01,N28000058,485,BANGALORE METRO RAIL PROJECT PHASE-2,Ahmedabad Metro Rail,BMRCL,KARNATAKA Central Public Works Department,2014-02-01,2019-02-01,2024-06-01,26405.14,30695.12,17021.86,,30695.12,2021-03-01,,,delayed,383
2021-04-01,N24001158,485,RECONSTRUCTION TO TWO LANE WITH PAVED SHOULDERS FROM DS. CH. 442+180 (EX. KM 448.00) TO DS. CH.485+2,Central Public Works Department,MoRTH,KARNATAKA,2018-03-01,2019-06-01,,159.97,,,,,,,,without_doc,231
2021-04-01,N28000110,486,REDEVELOPMENT OF GPRA AT MOHAMMADPUR,Ahmedabad Metro Rail,CPWD,DELHI,2016-10-01,2021-03-01,2021-07-01,422,422,70.75,,,2021-07-01,,,delayed,383
2021-04-01,N24001159,486,WIDENING TO TWO LANE WITH PAVED SHOULDERS FROM KM 20.150 TO KM 40.00 OF BC ROAD KOTTIGEHARA SECTION,Central Public Works Department,MoRTH,KARNATAKA,2018-01-01,2018-07-01,,159.7,,,,,,,,without_doc,231
2021-04-01,N28000087,487,"CONSTRUCTION OF 108 NOS. GPRA TYPE-VII FLATS IN POCKET-I AT DEEN DAYAL UPADHYAYA MARG, NEW DELHI",Ahmedabad Metro Rail,CPWD,DELHI,2015-06-01,2019-04-01,2021-12-01,197.33,197.33,106.16,,,2021-06-01,,,delayed,383
2021-04-01,N24001160,487,WIDENING TO TWO LANE WITH PAVED SHOULDER FROM KM 194.900 TO KM 243.200 OF NH-234 BANAVARA-HULIYAR,Central Public Works Department,MoRTH,KARNATAKA,2017-09-01,2018-10-01,,191.6,,,,,,,,without_doc,231
2021-04-01,N28000114,488,"REDEVELOPMENT OF GENERAL POOL RESIDENTIAL COLONY AT THYAGRAJ NAGAR, NEW DELHI- CONSTRUCTION OF 380 N",Ahmedabad Metro Rail,CPWD,DELHI,2016-10-01,2020-08-01,2022-03-01,392,392,73.79,,,,,,delayed,383
2021-04-01,N24001161,488,WIDENING TO TWO LANE WITH PAVED SHOULDERS FROM 24.600 TO 70.063 OF MUDIGERE TO KADUR SECTION OF NH-,Central Public Works Department,MoRTH,KARNATAKA,2017-12-01,2019-01-01,,297.3,,,,,,,,without_doc,231
2021-04-01,N28000128,489,REDEVELOPMENT OF GENERAL POOL RESIDENTIAL COLONY AT SRINIWASPURI NEW DELHI PHASE-I,Ahmedabad Metro Rail,CPWD,DELHI Delhi Metro Rail Corporation,2016-10-01,2021-07-01,2024-12-01,1180,1100.8,35.63,,,,,,delayed,383
2021-04-01,N24001162,489,IMPROVEMENT AND RECONSTRUCTION TO TWO LANE WITH PAVED SHOULDERS FROM KM 489.845 (NEW KM.58.125) AN,Central Public Works Department,MoRTH,KARNATAKA,2018-03-01,2018-10-01,,325.86,,,,,,,,without_doc,231
2021-04-01,N28000056,490,DELHI MRTS PHASE-III,Ahmedabad Metro Rail,DMRC,DELHI,2011-09-01,2016-03-01,2021-09-01,38585,38585,39182.53,,,,,,delayed,384
2021-04-01,N24001163,490,WIDENING TO 2 LANE WITH PAVED SHOULDERS FROM KM 79.65 TO 118.47 OF NH-150 UNDER EPC MODE IN THE STAT,Central Public Works Department,MoRTH,KARNATAKA,2016-08-01,2017-02-01,,329.01,,,,,,,,without_doc,231
2021-04-01,N28000136,491,DELHI METRO RAIL EXTENSION FROM NAJAFGARH TO DHANSA BUS STAND,Ahmedabad Metro Rail,DMRC,DELHI Mumbai Metro Rail Corporation Ltd,2017-05-01,2020-12-01,2021-09-01,565,565,438.37,,,,,,delayed,384
2021-04-01,N24001164,491,WIDENING TO 2 LANE WITH PAVED SHOULDERS FROM KM 0 TO 54 OF NH-50 UNDER EPC MODE IN THE STATE OF KARN,Central Public Works Department,MoRTH,KARNATAKA,2016-10-01,2017-03-01,,396.96,,,,,,,,without_doc,231
2021-04-01,N28000086,492,MUMBAI METRO LINE 3 (COLABA-BANDRA-SEEPZ),Ahmedabad Metro Rail,MMRCL,MAHARASHT RA,2013-07-01,2015-01-01,2023-03-01,23136,33406,17039.36,,,,,,delayed,384
2021-04-01,N24001165,492,WIDENING TO 2 LANE WITH PAVED SHOULDERS FROM KM 34.00 TO 70.900 OF NH-150 UNDER EPC MODE IN THE STAT,Central Public Works Department,MoRTH,KARNATAKA,2016-11-01,2017-03-01,,314.9,,,,,,,,without_doc,231
2021-04-01,N30000001,493,PROTECTION OF MAJULI ISLAND FROM FLOOD AND EROSION OF RIVER BRAHMAPUTRA,Brahmaputra Board,BPB,MAHARASHTRA Bihar Urban Infrastructure Development Corporation Ltd,2017-03-01,2019-12-01,2021-12-01,233.57,233.57,173.71,,,,,,delayed,384
2021-04-01,N24001166,493,WIDENING TWO LANE WITH PAVED SHOULDERS FROM FROM KM.56.00 TO 106.00 OF NH-218 (218-KNT-2014-15-775),Central Public Works Department,MoRTH,KARNATAKA,2015-03-01,2016-01-01,,159.12,,,,,,,,without_doc,231
2021-04-01,N30000028,494,I AND D AND STP AT CHAPPRA,Brahmaputra Board,BUIDCO,BIHAR,2018-11-01,2020-12-01,2021-04-01,236.15,236.15,46.5,,,2021-06-01,,,delayed,384
2021-04-01,N24001167,494,WIDENING TWO LANE WITH PAVED SHOULDERS FROM FROM KM.106.00 TO 153.00 OF NH-218 (218-KNT-2014-15-776),Central Public Works Department,MoRTH,KARNATAKA,2015-03-01,2016-01-01,,165.67,,,,,,,,without_doc,231
2021-04-01,N30000038,495,SAIDPUR STP AND ADJOINING NETWORK FOR PATNA BIHAR,Brahmaputra Board,BUIDCO,BIHAR,2015-04-01,2020-04-01,2021-06-01,184.93,184.93,163.36,,,,,,delayed,384
2021-04-01,N24001168,495,ESTIMATE FOR WIDENING TWO LANE TO FOUR LANE FROM FROM KM.129.00 TO 144.00 OF NH-63 ANKOLA-GOOTY SECT,Central Public Works Department,MoRTH,KARNATAKA,2018-05-01,2018-05-01,,171.6,,,,,,,,without_doc,231
2021-04-01,N30000035,496,SEWER NETWORKS SPS AND STP HAJIPUR,Brahmaputra Board,BUIDCO,BIHAR Delhi Jal Board,2018-03-01,2021-08-01,2021-12-01,305.19,305.19,,,,,,,delayed,384
2021-04-01,N24001170,496,REHABILITATION AND UP GRADATION OF CHITRADURGA TO SHIMOGA SECTION OF NH-13 FROM KM.422.000 TO KM.,Central Public Works Department,MoRTH,KARNATAKA,2014-01-01,2014-08-01,,471.16,,,,,,,,without_doc,231
2021-04-01,N30000017,497,CONSTRUCTION OF 318 MLD WWTP WITH 10 YEARS O AND M AT CORONATION PILLAR DELHI,Brahmaputra Board,DJB,DELHI,2018-12-01,2021-01-01,2021-06-01,515.07,515.07,336.27,,,,,,delayed,384
2021-04-01,N24001172,497,WIDENING TO TWO LANE WITH PAVED SHOULDER FROM KM 4.40 TO KM 56.00 OF NH-218 BIJAPURA-HUBLI SECTION U,Central Public Works Department,MoRTH,KARNATAKA,2017-01-01,2017-08-01,,291.49,,,,,,,,without_doc,231
2021-04-01,N30000015,498,REHABILITATION AND UP- GRADATION OF PHASE I STP 182 MLD R2,Brahmaputra Board,DJB,DELHI,2016-05-01,2021-12-01,2022-12-01,211.79,211.79,87.31,,,,,,delayed,384
2021-04-01,N24001178,498,IMPROVEMENT OF CITY PORTION OF KOHIMA AND DIMAPUR CITY OF NH-39 IN THE STATE OF NAGALAND UNDER EPC M,Central Public Works Department,MoRTH,NAGALAND 2 28,2016-11-01,2019-09-01,,336.25,,,,369.96,2020-11-01,,,without_doc,231
2021-04-01,N30000016,499,REHABILITATION AND UPGRADATION OF KONDLI PHASE I STP 45 MLD PHASE II STP 114 MLD AND PHASE III S,Brahmaputra Board,DJB,DELHI Kolkata Metropolitan Development Authority,2016-05-01,2022-02-01,2022-12-01,239.11,239.11,129.67,,,,,,delayed,384
2021-04-01,N24001183,499,REHABILITATION & UPGRADATION OF NH-67 FROM KM 641.000 TO KM 695.000 (DORNALA T JUNCTION TO ATMAKUR S,Central Public Works Department,MoRTH,ANDHRA PRADESH,2014-07-01,2015-02-01,,251.55,,,,,,,,without_doc,232
2021-04-01,N30000046,500,SEWERAGE SYSTEM AND STP WORKS AT HALISHAHR,Brahmaputra Board,KMDA,WEST BENGAL,2014-02-01,2019-12-01,2021-05-01,274.76,274.76,202.13,,,2021-05-01,,,delayed,385
2021-04-01,N24001201,500,CONSTRUCTION OF A NEW 4 LANE BRIDGE PARALLEL TO EXISTING MG SETU WITH ITS APPROACHES FROM KM 0.00,Central Public Works Department,MoRTH,BIHAR,2019-02-01,,,2926.42,,,,,,,,without_doc,232
2021-04-01,N30000032,501,INTERCEPTION AND DIVERSION WITH STP AT MAHESHTALA,Brahmaputra Board,KMDA,WEST BENGAL,2018-05-01,2022-02-01,2022-06-01,198.43,224.69,,,224.69,,,,delayed,385
2021-04-01,N24001202,501,REHABILITATION AND UPGRADATION OF BARAICH -SHRAWAST FROM KM 248.400 TO KM 310.000 OF NH-730 TO 2-LA,Central Public Works Department,MoRTH,UTTAR PRADESH,2016-03-01,2019-12-01,,388.83,,,,,,,,without_doc,232
2021-04-01,N30000042,502,INTERCEPTION AND DIVERSION WITH STP AT HUGHLY- CHINSURAH,Brahmaputra Board,KMDA,WEST BENGAL Polavaram Project Authority,2018-05-01,2022-02-01,2022-10-01,160,154.73,,,154.73,,,,delayed,385
2021-04-01,N24001210,502,REHABILITATION AND UPGRADATION OF EXISTING PAVEMENT TO FOUR LANE WITH PAVED SHOULDER FROM KM 135.230,Central Public Works Department,MoRTH,UTTAR PRADESH,2018-03-01,,,306.59,,,,,,,,without_doc,232
2021-04-01,N30000002,503,POLAVARAM IRRIGATION PROJECT,Brahmaputra Board,PPA,ANDHRA PRADESH Uttar Pradesh Jal Nigam,2009-02-01,2020-03-01,2022-04-01,10151.04,55548.87,17325.2,,55548.87,2021-11-01,,,delayed,385
2021-04-01,N24001211,503,IMPROVEMENT AND UP-GRADATION OF EXISITING CARRIAGEWAY TO TWO LANE WITH PAVED SHOULDER FROM KM 0.00 T,Central Public Works Department,MoRTH,UTTAR PRADESH,2018-11-01,,,281.45,,,,,,,,without_doc,232
2021-04-01,N30000019,504,MATHURA SEWERAGE SCHEME,Brahmaputra Board,UPJalNigam,UTTAR PRADESH,2017-12-01,2020-12-01,2021-05-01,460.45,460.45,216.89,,,,,,delayed,385
2021-04-01,N24001223,504,WIDENING OF SL TO 2 L KM. 107-184.80 SUKUMA TO KONTA ON NH 221,Central Public Works Department,MoRTH,CHANDIGARH,2010-03-01,2013-03-01,,179.89,,,,271,2019-05-01,,,without_doc,232
2021-04-01,N30000025,505,INTERCEPTION AND DIVERSION WORKS WITH STP AT LUCKNOW UTTAR PRADESH,Brahmaputra Board,UPJalNigam,UTTAR PRADESH,2019-03-01,2021-07-01,2022-06-01,298.12,213.91,,,213.91,,,,delayed,385
2021-04-01,N24001225,505,WIDENING OF SL TO 2 L KM. 287.0 TO 292.0 322.0 TO 342.0 AND KM 352.0 TO 400.0 OF NH16 INCLUDING 1,Central Public Works Department,MoRTH,CHANDIGARH,2010-12-01,2019-01-01,,169.26,,,,299,,,,without_doc,232
2021-04-01,N28000103,506,"RESIDENTIAL QUATERS FOR HAL,BANGLORE",Central Public Works Department,CPWD,KARNATAKA,2016-12-01,2020-02-01,2021-12-01,246.31,210,131.46,,,,,,delayed,385
2021-04-01,N24001237,506,WIDENING TO 4 LANE / 4 LANE WITH PAVED SHOULDERS WITH STRENGTHENING OF EXISTING CARRIAGEWAY IN KM 0/,Central Public Works Department,MoRTH,TAMIL NADU,2016-01-01,2016-09-01,,162.72,,,,,,,,without_doc,232
2021-04-01,N28000102,507,"CONSTRUCTION OF VARIOUS BUILDINGS UNDER PHASE-1B FOR IIT ROPAR, PUNJAB",DEVELOPMENT,CPWD,PUNJAB,2016-08-01,2019-04-01,2021-05-01,294,350.69,276.69,,,,,,delayed,385
2021-04-01,N24001238,507,CONSTRUCTION OF FLYOVER FROM KM 604/252 TO 607/060 (MARTHANDAM JUNCTION) AND FROM KM 630/116 TO 631/,Central Public Works Department,MoRTH,TAMIL NADU,2016-05-01,2017-01-01,,307.7,,,,,,,,without_doc,232
2021-04-01,N28000067,508,2000 BOYS HOSTEL(1000 DOUBLE BEDDED ROOM) AT ISM DHANBAD,DEVELOPMENT,CPWD,JHARKHAND,2012-09-01,2016-03-01,2021-06-01,171.86,171.86,111.29,,,,,,delayed,386
2021-04-01,N24001239,508,WIDENING AND STRENGTHENING FROM 2 LANE TO 2 LANE WITH PAVED SHOULDER IN AN AGGREGATE LENGTH OF 38 KM,Central Public Works Department,MoRTH,TAMIL NADU,2018-03-01,2019-06-01,,240.38,,,,,,,,without_doc,232
2021-04-01,N28000111,509,CONSTRUCTION OF ENGINEERING CORE LAB FOR IIT KANPUR,DEVELOPMENT,CPWD,UTTAR PRADESH,2017-11-01,2020-03-01,2021-06-01,171.72,171.72,53.94,,,,,,delayed,386
2021-04-01,N24001243,509,"BALANCE WORK FOR ""IMPROVEMENT OF EXISTING SINGLE INTERMEDIATE LANE ROAD OF NH-44 TO BE 2-LANE ROAD W",Central Public Works Department,MoRTH,ASSAM,2020-03-01,2020-12-01,,166.94,,,,,,,,without_doc,232
2021-04-01,N28000117,510,"CONSTRUCTION OF IITB RESEARCH PARK AT IIT BOMBAY, POWAI, MUMBAI",DEVELOPMENT,CPWD,MAHARASHT RA,2018-01-01,2020-07-01,2021-06-01,223.37,223.37,61.35,,,,,,delayed,386
2021-04-01,N24001289,510,CONSTRUCTION OF 2 LANE ROAD OF POTIN TO PANGIN SECTION OF NH 13 FROM KM 0.00 TO KM 44.35 (PACKAGE 1),Central Public Works Department,MoRTH,ARUNACHAL PRADESH,2019-03-01,2020-02-01,,403.68,,,,,,,,without_doc,232
2021-04-01,N28000100,511,CONSTRUCTION OF ACADEMIC AND RESIDENTIAL COMPLEX UNDER PHASE-II FOR THE CAMPUS OF IIT PATNA,DEVELOPMENT,CPWD,BIHAR,2016-02-01,2017-06-01,2021-10-01,496.18,498.99,224.58,,496,,,,delayed,386
2021-04-01,N24001290,511,CONSTRUCTION OF 2 LANE ROAD OF POTIN TO PANGIN SECTION OF NH 13 FROM KM 44.35 TO KM 77.95 (PACKAGE 2,Central Public Works Department,MoRTH,ARUNACHAL PRADESH,2019-03-01,2020-02-01,,342.55,,,,,,,,without_doc,232
2021-04-01,N28000120,512,"CONSTRUCTION OF VARIOUS BUILDINGS UNDER PHASE 1C AT IIT ROPAR, PUNJAB",DEVELOPMENT,CPWD,PUNJAB,2018-01-01,2020-05-01,2022-02-01,430,387.83,199.99,,,,,,delayed,386
2021-04-01,N24001291,512,CONSTRUCTION OF 2 LANE ROAD OF POTIN TO PANGIN SECTION OF NH 13 FROM KM 77.95 TO KM 117.56 (PACKAGE,Central Public Works Department,MoRTH,ARUNACHAL PRADESH,2019-03-01,2020-11-01,,421.48,,,,,,,,without_doc,232
2021-04-01,N28000126,513,INDIAN INSTITUTE OF SCIENCE EDUCATION AND RESEARCH BERHAMPUR,DEVELOPMENT,CPWD,ODISHA,2019-01-01,2022-03-01,2022-06-01,790.79,790.79,173.98,,,,,,delayed,386
2021-04-01,N24001292,513,CONSTRUCTION OF 2 LANE ROAD OF POTIN TO PANGIN SECTION OF NH 13 FROM KM 117.56 TO KM 163.59 (PACKAGE,Central Public Works Department,MoRTH,ARUNACHAL PRADESH,2019-03-01,2020-11-01,,543.05,,,,,,,,without_doc,232
2021-04-01,N28000140,514,"C/O PERMANENT CAMPUS OF IIT PALAKKAD PHASE IA AT PUDESSERY VILLAGE,KANJIKODE WEST, DISTRICT PALAKKA",DEVELOPMENT,CPWD,KERALA,2019-07-01,2021-03-01,2022-06-01,753.63,753.63,58.47,,,,,,delayed,386
2021-04-01,N24001293,514,CONSTRUCTION OF 2 LANE ROAD OF POTIN TO PANGIN SECTION OF NH 13 FROM KM 206.66 TO KM 247.05 (PACKAGE,Central Public Works Department,MoRTH,ARUNACHAL PRADESH,2019-03-01,2020-10-01,,486.7,,,,,,,,without_doc,232
2021-04-01,N28000142,515,"CONSTRUCTION OF PERMANENT CAMPUS OF INDIAN INSTITUTE OF MANAGEMENT (IIM) AMRITSAR, PUNJAB.",DEVELOPMENT,CPWD,PUNJAB,2019-10-01,2022-05-01,2022-08-01,348.24,348.24,18.71,,,,,,delayed,386
2021-04-01,N24001294,515,CONSTRUCTION OF 2 LANE ROAD OF POTIN TO PANGIN SECTION OF NH 13 FROM KM 247.05 TO KM 284.92 (PACKAGE,Central Public Works Department,MoRTH,ARUNACHAL PRADESH,2019-03-01,2020-02-01,,560.39,,,,,,,,without_doc,232
2021-04-01,N42000006,516,"CONSTRUCTION OF PERMANENT CAMPUS FOR INDIAN INSTITUTE OF TECHNOLOGY, DHARWAD (PHASE 1A)",DEVELOPMENT,CPWD,KARNATAKA,2019-07-01,2022-03-01,2022-09-01,851,851,26.1,,851,,,,delayed,386
2021-04-01,N24001295,516,CONSTRUCTION OF 2 LANE ROAD OF POTIN TO PANGIN SECTION OF NH 13 FROM KM 284.92 TO KM 314.25 (PACKAGE,Central Public Works Department,MoRTH,ARUNACHAL PRADESH 2 29,2019-03-01,2020-09-01,,347.78,,,,,,,,without_doc,232
2021-04-01,N42000009,517,PERMANENT CAMPUS FOR IIM BODH GAYA,DEVELOPMENT,CPWD,BIHAR,2018-09-01,2020-09-01,2022-11-01,375,375,48.46,,,,,,delayed,386
2021-04-01,N24001296,517,CONSTRUCTION OF 2 LANE ROAD OF POTIN TO PANGIN SECTION OF NH 13 FROM KM 314.25 TO KM 351.383 (PACKAG,Central Public Works Department,MoRTH,ARUNACHAL PRADESH,2019-03-01,2020-10-01,,394.27,,,,,,,,without_doc,233
2021-04-01,N42000007,518,"CONSTRUCTION OF PERMANENT CAMPUS FOR IISER AT JANGALAPALLI VILLAGE, YERPEDU MANDAL, CHITTOOR DISTRIC",DEVELOPMENT,CPWD,ANDHRA PRADESH,2019-09-01,2022-09-01,2023-01-01,588.72,588.72,14.8,,,,,,delayed,387
2021-04-01,N24001297,518,CONSTRUCTION OF 2 LANE ROAD OF POTIN TO PANGIN SECTION OF NH 13 FROM KM 163.59 TO KM 206.66 (PACKAGE,Central Public Works Department,MoRTH,ARUNACHAL PRADESH,2019-03-01,2020-11-01,,450.65,,,,,,,,without_doc,233
2021-04-01,N28000071,519,ESTABLISHMENT OF CENTRAL ARMED POLICE FORCE INSTITUTE OF MEDICAL SCIENCES(CAPFIMS) AT NEW DELHI,HOME AFFAIRS,CPWD,DELHI,2013-10-01,2019-10-01,2021-12-01,1219.21,2000,906.04,,,,,,delayed,387
2021-04-01,N24000895,519,REHABILITATION AND UP-GRADATION TO 2LPS 81 TO 175,Central Public Works Department,MoRTH,MADHYA PRADESH,2016-09-01,2019-01-01,2020-11-01,287.34,,,,,2020-09-01,,,without_doc,233
2021-04-01,N28000104,520,NSG AT KOLKATA,HOME AFFAIRS,CPWD,WEST BENGAL,2014-10-01,2018-04-01,2021-12-01,162.88,238,171.19,,238,2021-12-01,,,delayed,387
2021-04-01,N24001194,520,WIDENING OF EXISTING ROAD TO 2 LANE NH STANDARDS ALONG WITH IMPROVEMENT AND REALIGNMENT FROM NECHIPU,Central Public Works Department,MoRTH,ARUNACHAL PRADESH National Highways And Infrastructure Development Corporation Ltd.,2011-09-01,2020-03-01,,1979,,,,,,,,without_doc,233
2021-04-01,N12000098,521,CONSTRUCTION AND MAINTEINANCE OF RURAL ROAD UNDER PMGSY PHASE V,Construction Limited,HSCL,TRIPURA,2007-03-01,2015-12-01,2021-10-01,149.73,155.66,144.95,,173,,,,delayed,387
2021-04-01,N24000976,521,2-LANING OF EXISTING AKAJAN LIKABALI BAME ROAD ON EPC BASIS FROM DESIGN KM. 12.000 TO KM. 33.000 (EX,Central Public Works Department,NHIDCL,ARUNACHAL PRADESH,2015-10-01,2016-01-01,2019-01-01,210.5,,,,210.5,,,,without_doc,233
2021-04-01,N12000099,522,CONSTRUCTION AND MAINTEINANCE OF RURAL ROAD UNDER PMGSY PHASE VI,Construction Limited,HSCL,TRIPURA,2007-12-01,2016-12-01,2021-10-01,202.61,207.12,190.22,,227,,,,delayed,387
2021-04-01,N24000752,522,(I) CONSTRUCTION OF FOUR/SIX LANING FROM KM 132.375 TO KM 158.058 (TOTAL NEW ALIGNMENT LENGTH OF 20.,Central Public Works Department,NHIDCL,NAGALAND,2017-02-01,2018-09-01,2020-09-01,387,,,,,,,,without_doc,233
2021-04-01,N12000100,523,CONSTRUCTION AND MAINTEINANCE OF RURAL ROAD UNDER PMGSY PHASE VIII,Construction Limited,HSCL,TRIPURA,2011-10-01,2016-12-01,2021-12-01,175.49,175.49,124.87,,206.71,,,,delayed,387
2021-04-01,N24000305,523,FOUR LANING OF NUMALIGARH TO JORHAT SECTION FROM KM. 402.500 TO KM. 453.000 (DESIGN KM 403.200 TO KM,Central Public Works Department,NHIDCL,ASSAM,2015-05-01,2018-05-01,2020-12-01,454.89,,,,,,,,without_doc,233
2021-04-01,N40000001,524,DELHI MUMBAI INDUSTRIAL CORRIDOR,Delhi Mumbai Industrial Corridor,DMIC,MULTI STATE India International Convention And Expo Centre,2011-09-01,2019-09-01,2021-07-01,12579.09,13812.3,8915.05,,,2014-01-01,,,delayed,387
2021-04-01,N24000683,524,TWO LANING OF JORAM KOLORIANG ROAD (NH 713) ON EPC BASIS FROM DESIGN KM. 138+000 TO KM. 154+036 [EX,Central Public Works Department,NHIDCL,ARUNACHAL PRADESH,2017-02-01,2017-04-01,2021-02-01,180.57,,,,,,,,without_doc,233
2021-04-01,N40000002,525,INDIA INTERNATIONAL CONVENTION AND EXPO CENTRE,Delhi Mumbai Industrial Corridor,IICC,DELHI,2017-11-01,2019-12-01,2021-12-01,4773,5178,2557.37,,,,,,delayed,388
2021-04-01,N24000678,525,TWO LANING OF AKAJAN LIKABALI BAME ROAD ON EPC BASIS FROM EXISTING KM 71.000 TO KM 99.000 (DESIGN KM,Central Public Works Department,NHIDCL,ARUNACHAL PRADESH,2017-03-01,2017-04-01,2021-03-01,284.09,,,,284.09,2018-03-01,,,without_doc,233
2021-04-01,N24000321,526,FOUR LANING FROM BISWANATH CHARIALI TO GOHPUR FROM KM 208 TO KM 264.10 OF NH-52,Central Public Works Department,NHIDCL,ASSAM,2016-06-01,2019-01-01,,829,,,,,,,,without_doc,233
2021-04-01,N24000322,527,FOUR LANING FROM GOHPUR TO HOLONGI SECTION FROM KM 264.10 OF NH 52 TO KM 20.37 OF NH 52A,Central Public Works Department,NHIDCL,ASSAM,2015-03-01,2018-11-01,,168.39,,,,,,,,without_doc,233
2021-04-01,N24000323,528,4 LANING FROM KALIABOR TINALI TO DOLABARI SECTION FROM KM 0.0 TO KM 17.3 OF NH 37A INCL. ADDITIONAL,Central Public Works Department,NHIDCL,ASSAM,2014-10-01,2018-11-01,,588.95,,,,,,,,without_doc,233
2021-04-01,N24000326,529,CONSTRUCTION OF 2-LANE ROAD FROM KM 33 TO KM 65.00 OF AKAJAN-LIKABALI-BAME ROAD IN ARUNACHAL PRADESH,Central Public Works Department,NHIDCL,ARUNACHAL PRADESH,2015-07-01,2018-10-01,,197.16,,,,,,,,without_doc,233
2021-04-01,N24000327,530,2 LANING FROM LONGDING TO KANUBARI OF NH-52B FROM KM 0 TO KM 47.213 IN ARUNACHAL PRADESH,Central Public Works Department,NHIDCL,ARUNACHAL PRADESH,2015-03-01,2018-06-01,,394,,,,,,,,without_doc,233
2021-04-01,N24000328,531,2 LANING WITH PAVED SHOULDER OF AGARTALA-UDAIPUR SECTION OF NH-44 FROM KM 6.800 TO KM 55.00 IN THE S,Central Public Works Department,NHIDCL,TRIPURA,2014-10-01,2018-03-01,,369,,,,,,,,without_doc,233
2021-04-01,N24000430,532,4 LANING FROM GOHPUR TO HOLONGI SECTION FROM KM 264.10 OF NH 52 TO KM 20.37 OF NH 52A,Central Public Works Department,NHIDCL,ASSAM,2015-12-01,2018-06-01,,223.3,,,,,,,,without_doc,233
2021-04-01,N24000431,533,4 LANING FROM JAMUGURI TO BISWANATH CHARIALI FROM KM 182 TO KM 208 OF NH-52,Central Public Works Department,NHIDCL,ASSAM,1991-01-01,,,520.01,,,,,,,,without_doc,233
2021-04-01,N24000438,534,4 LANING FROM RANGAGARA TO KALIABHOR TINALI FROM KM 297.00 TO KM 315.315 OF NH-37 ON EPC BASIS.,Central Public Works Department,NHIDCL,ASSAM 2 30,2015-12-01,2018-12-01,,289.99,,,,,,,,without_doc,233
2021-04-01,N24000583,535,4 LANING OF NH 37 SECTION BETWEEN END OF MORAN BYPASS TO BOGIBEEL JUNCTION NEAR LAPETKETA (KM. 561,Central Public Works Department,NHIDCL,ASSAM,2016-01-01,2016-01-01,,252,,,,,,,,without_doc,234
2021-04-01,N24000616,536,CONSTRUCTION OF 2-LANE ROAD FROM EXISTING KM 21.500 OF HUNLI-ANINI ROAD( NEAR ITHUN BRIDGE) TO KM 37,Central Public Works Department,NHIDCL,ARUNACHAL PRADESH,2016-04-01,,,245.79,,,,,,,,without_doc,234
2021-04-01,N24000617,537,CONSTRUCTION OF 2-LANE ROAD FROM EXISTING KM. 37.500 OF HUNLI-ANINI ROAD (NEAR ITHUN BRIDGE) TO KM.,Central Public Works Department,NHIDCL,ARUNACHAL PRADESH,2016-04-01,2016-10-01,,198,,,,,,,,without_doc,234
2021-04-01,N24000618,538,FUNDED ) CONSTRUCTION OF 2-LANE HUNLI-ANINI ROAD FROM KM 53.500 TO KM 92.500 IN THE STATE OF ARUNACH,Central Public Works Department,NHIDCL,ARUNACHAL PRADESH,2015-11-01,,,434.06,,,,,,,,without_doc,234
2021-04-01,N24000676,539,CONSTRUCTION OF 2-LANE OF HUNLI-ANINI ROAD FROM KM. 106.20 TO KM. 120,Central Public Works Department,NHIDCL,ARUNACHAL PRADESH,2016-12-01,2017-01-01,,138.93,,,,155,,,,without_doc,234
2021-04-01,N24000679,540,TWO LANING OF EXISTING HAYULIANG HAWAI ROAD ON EPC BASIS FROM DESIGN KM. 17.000 (KHUPA) TO KM. 34.00,Central Public Works Department,NHIDCL,ARUNACHAL PRADESH,2017-02-01,2017-04-01,,195.23,,,,,,,,without_doc,234
2021-04-01,N24000680,541,TWO LANING OF EXISTING HAYULIANG HAWAI ROAD ON EPC BASIS FROM DESIGN KM. 34.000 TO KM. 51.825 [EXIST,Central Public Works Department,NHIDCL,ARUNACHAL PRADESH,2017-02-01,2017-04-01,,203.36,,,,,,,,without_doc,234
2021-04-01,N24000681,542,TWO LANING OF EXISTING KHUPA HAYULIANG HAWAI ROAD ON EPC BASIS FROM DESIGN KM. 0.000 (KHUPA) TO KM.,Central Public Works Department,NHIDCL,ARUNACHAL PRADESH,2017-01-01,2017-04-01,,194.66,,,,,,,,without_doc,234
2021-04-01,N24000685,543,CONSTRUCTION OF TWO LANE WITH PAVED SHOULDERS OF JORAM KOLORIANG ROAD (NH 713) ON EPC BASIS FROM EXI,Central Public Works Department,NHIDCL,ARUNACHAL PRADESH,2017-02-01,2017-04-01,,167.28,,,,,,,,without_doc,234
2021-04-01,N24000689,544,CONSTRUCTION OF FOUR/ SIX LANING FROM KM 132.375 TO KM 158.058 (TOTAL NEW ALIGNMENT LENGTH OF 20.683,Central Public Works Department,NHIDCL,NAGALAND,2017-02-01,2017-04-01,,507.68,,,,,,,,without_doc,234
2021-04-01,N24000690,545,TWO LANING OF EXISTING KHUPA HAYULIANG HAWAI ROAD ON EPC BASIS FROM DESIGN KM. 0.000 (KHUPA) TO KM.,Central Public Works Department,NHIDCL,ARUNACHAL PRADESH,2017-01-01,2017-04-01,,198.22,,,,,,,,without_doc,234
2021-04-01,N24000695,546,RHENOK-RORAHTHANG-PAKYONG ON NH 717A,Central Public Works Department,NHIDCL,SIKKIM,2017-04-01,2017-10-01,,388,,,,,,,,without_doc,234
2021-04-01,N24000741,547,CONSTRUCTION AND UPGRADATION OF EXISTING ROAD TO 2 LANE WITH PAVED SHOULDER FROM KM 368.00 TO KM 399,Central Public Works Department,NHIDCL,UTTARAKHAND,2018-03-01,2018-05-01,,274.31,,,,,,,,without_doc,234
2021-04-01,N24000742,548,2 LANE WITH PAVED SHOULDER FROM KM 399.00 TO KM 430.00 OF KARANPARYAG TO CHAMOLI UNDER CHARDHAM PARI,Central Public Works Department,NHIDCL,UTTARAKHAND,2018-03-01,2018-06-01,,403.36,,,,,,,,without_doc,234
2021-04-01,N24000743,549,2 LANE WITH PAVED SHOULDER FROM KM 430.00 TO KM 468.00 OF CHAMOLI TO PAINI UNDER CHARDHAM PARIYOJNA,Central Public Works Department,NHIDCL,UTTARAKHAND,2018-03-01,2018-05-01,,417.24,,,,,,,,without_doc,234
2021-04-01,N24000744,550,CONSTRUCTION OF MAJOR BRIDGE OVER MIDDLE STRAIT CREEK BETWEEN KM. 106.590 TO KM. 107.762 OF NH 223 (,Central Public Works Department,NHIDCL,A & N ISLANDS,2015-03-01,2018-10-01,,262.97,,,,,,,,without_doc,234
2021-04-01,N24000745,551,"2 LANE WITH HARD SHOLDER , REHABILITATION AND UP GRADATION OF SECTION FROM KM 242.0 TO KM 298.0 OF N",Central Public Works Department,NHIDCL,A & N ISLANDS,2017-03-01,2017-12-01,,409.85,,,,,,,,without_doc,234
2021-04-01,N24000746,552,CONSTRUCTION OF MAJOR BRIDGE OVER HUMPHREY STRAIT CREEK BETWEEN KM. 129.420 TO KM. 130.600 OF NH 4 C,Central Public Works Department,NHIDCL,A & N ISLANDS 2 31,2015-03-01,2017-04-01,,277.17,,,,,,,,without_doc,234
2021-04-01,N24000748,553,REHABILITATION AND UP GRADATION OF SECTION FROM KM 107.760 TO KM 129.445 (AFTER MIDDLE STRAIT TO HUM,Central Public Works Department,NHIDCL,A & N ISLANDS,2018-02-01,2018-10-01,,391,,,,,,,,without_doc,235
2021-04-01,N24000749,554,REHABILITATION AND UP GRADATION OF SECTION FROM KM 206.00 TO KM 242.00 (NIMBUTALA TO AUSTIN CREEK) O,Central Public Works Department,NHIDCL,A & N ISLANDS,2018-03-01,2018-10-01,,234.27,,,,,,,,without_doc,235
2021-04-01,N24000759,555,CONSTRUCTION OF TWO-LANE WITH HARD SHOULDERS OF PFUTSERO PHEK ROAD FROM EXISTING KM 00.000 TO KM19.9,Central Public Works Department,NHIDCL,NAGALAND,2018-03-01,2018-09-01,,237.72,,,,,,,,without_doc,235
2021-04-01,N24000760,556,CONSTRUCTION OF TWO LANE WITH HARD SHOULDERS OF PFUTSERO-PHEK ROAD FROM EXISTING KM 19.900 TO KM40.0,Central Public Works Department,NHIDCL,NAGALAND,2018-03-01,2018-09-01,,251.97,,,,,,,,without_doc,235
2021-04-01,N24000761,557,CONSTRUCTION OF TWO LANE WITH HARD SHOULDERS OF PFUTSERO-PHEK ROAD FROM EXISTING KM 40.090 TO KM65.,Central Public Works Department,NHIDCL,NAGALAND,2018-03-01,2018-09-01,,282.98,,,,,,,,without_doc,235
2021-04-01,N24000766,558,CONSTRUCTION/UPGRADATION OF ALTERNATIVE HIGHWA TO GANGTOK IN SIKKIM VIA BAGRAKOT-CHUIKHIM-NIMBONG-KA,Central Public Works Department,NHIDCL,SIKKIM,2017-04-01,2017-11-01,,318.42,,,,,,,,without_doc,235
2021-04-01,N24000767,559,CONSTRUCTION OF 2-LANE WITH PAVED SHOULDER INCLUDING GEOMETRIC IMPROVEMENT FROM KM 0.000 TO KM 16.00,Central Public Works Department,NHIDCL,SIKKIM,2017-03-01,,,375.8,,,,,,,,without_doc,235
2021-04-01,N24000768,560,CONSTRUCTION OF 2-LANE WITH PAVED SHOULDER INCLUDING GEOMETRIC IMPROVEMENT FROM KM 16.000 TO KM 32.5,Central Public Works Department,NHIDCL,SIKKIM,2017-11-01,2017-11-01,,290.05,,,,,,,,without_doc,235
2021-04-01,N24000769,561,CONSTRUCTION/UPGRADATION OF EXISTING ROAD TO 2-LANE WITH PAVED SHOULDER INCLUDING GEOMETRIC IMPROVEM,Central Public Works Department,NHIDCL,SIKKIM,2018-03-01,2018-06-01,,264.84,,,,,,,,without_doc,235
2021-04-01,N24000823,562,FOUR LANING OF NH-52 FROM END OF BISWANATH CHARIALI BY- PASS (KM 208.00) TO GOHPUR (KM 265.50) (TOTAL,Central Public Works Department,NHIDCL,ASSAM,2015-03-01,2016-01-01,,829,,,,,,,,without_doc,235
2021-04-01,N24000855,563,CONSTRUCTION OF 4.5 KM LONG SILKYARA TUNNEL BETWEEN KM 25.40 TO 50.25 KM (TUNNEL WORK),Central Public Works Department,NHIDCL,UTTARAKHAND,2018-03-01,2018-07-01,,1383.78,,,,,,,,without_doc,235
2021-04-01,N24000866,564,UP-GRADATION TO 4-LANE WITH PAVED SHOULDER OF JAMMU- AKHNOOR SECTION OF NH-144A FROM CANAL HEAD (KM 0,Central Public Works Department,NHIDCL,JAMMU AND KASHMIR,2018-03-01,2018-08-01,,404.17,,,,,,,,without_doc,235
2021-04-01,N24000867,565,WIDENING AND UPGRADATION TO 2 LANE WITH PAVED SHOULDER CONFIGURATION AND GEOMETRIC IMPROVEMENT FROM,Central Public Works Department,NHIDCL,JAMMU AND KASHMIR,2018-03-01,2018-11-01,,216,,,,,,,,without_doc,235
2021-04-01,N24000868,566,UP-GRADATION TO 4-LANE WITH PAVED SHOULDER OF JAMMU- AKHNOOR ROAD SECTION OF NH-144A FROM GANESH VIHA,Central Public Works Department,NHIDCL,JAMMU AND KASHMIR,2018-03-01,2019-07-01,,253.44,,,,,,,,without_doc,235
2021-04-01,N24000902,567,FOUR LANING OF BALACHERA-HARANGAJAO SECTION OF NH-54 (EXT) FROM KM 275.00 TO KM 244.000 IN THE STATE,Central Public Works Department,NHIDCL,ASSAM,2017-10-01,,,818,,,,,,,,without_doc,235
2021-04-01,N24000903,568,IMPROVEMENT/WIDENING TO 2-LANE WITH EARTHEN SHOULDERS FROM RANIKOR TO NONGJRI EXISTING CHAINAGE FROM,Central Public Works Department,NHIDCL,MEGHALAYA,2019-03-01,2019-05-01,,306.28,,,,,,,,without_doc,235
2021-04-01,N24000944,569,CONSTRUCTION OF 2 LANING OF EXISTING HUNLI-ANINI ROAD ON EPC BASIS FROM DESIGN KM 106.200 TO KM 120.,Central Public Works Department,NHIDCL,ARUNACHAL PRADESH,2016-12-01,,,200.44,,,,,,,,without_doc,235
2021-04-01,N24000946,570,CONSTRUCTION OF 2-LANE ROAD WITH PAVED SHOULDERS FROM KM16.00 OF ROING-HUNLI SECTION TO KM 21.500 OF,Central Public Works Department,NHIDCL,ARUNACHAL PRADESH 2 32,2017-03-01,,,1718.59,,,,,,,,without_doc,235
2021-04-01,N24000948,571,CONSTRUCTION OF 2 LANING OF EXISTING HUNLI-ANINI ROAD ON EPC BASIS FROM DESIGN KM 53.500 TO KM 92.50,Central Public Works Department,NHIDCL,ARUNACHAL PRADESH,2016-09-01,,,568.92,,,,,,,,without_doc,236
2021-04-01,N24000949,572,CONSTRUCTION OF 2 LANING OF EXISTING HUNLI-ANINI ROAD ON EPC BASIS FROM DESIGN KM 92.500 TO KM 106.5,Central Public Works Department,NHIDCL,ARUNACHAL PRADESH,2016-12-01,,,188.78,,,,,,,,without_doc,236
2021-04-01,N24000978,573,2 LANING FROM KM. 40.00 TO KM. 58.27 OF CHANGLANG/ TIRAP DISTRICT BOUNDARY TO CHANGLANG OF NH-52B IN,Central Public Works Department,NHIDCL,ARUNACHAL PRADESH,2015-03-01,,,172.75,,,,,,,,without_doc,236
2021-04-01,N24000979,574,TWO-LANING OF HAYULIANG– HAWAI BYPASS ROAD ON EPC BASIS FROM DESIGN KM. 51.825 TO KM. 63.131 EXISTI,Central Public Works Department,NHIDCL,ARUNACHAL PRADESH,2017-01-01,,,256.66,,,,,,,,without_doc,236
2021-04-01,N24001184,575,IMPROVEMENT OF JUNCTION AT DHAULA KUAN ON NH-8,Central Public Works Department,NHIDCL,DELHI,2017-07-01,2019-09-01,,269.69,,,,,,,,without_doc,236
2021-04-01,N24001196,576,OUR LANNNING OF DOLABARI TO JAMUGURI SECTION FROM KM 17.300 OF NH 37A TO KM 182.00 OF NH52 IN THE ST,Central Public Works Department,NHIDCL,ASSAM National Highways Authority Of India,2017-03-01,,,1049.51,,,,,,,,without_doc,236
2021-04-01,N24000459,577,4 LANING OF KAZHAKKOTTAM TO MUKKOLA SECTION OF NH-47,Central Public Works Department,NHAI,KERALA,2015-06-01,,2020-01-01,845.24,,,,,,,,without_doc,236
2021-04-01,N24000550,578,JHARPOKHARIA-BARIPADA-BALESHWAR SECTION,Central Public Works Department,NHAI,ODISHA,2016-02-01,,2021-01-01,1069.65,,,,,,,,without_doc,236
2021-04-01,N24000621,579,SIX LANNING OF KISHANGARH UDAIPUR AHMEDABAD SECTION FROM KM.90.000 (NEAR GULABPURA) TO KM. 214.870 (,Central Public Works Department,NHAI,RAJASTHAN,2016-09-01,,2021-01-01,1239.82,,,,,,,,without_doc,236
2021-04-01,N24000706,580,BALANCE WORK OF 4-LANNING OF OBEDULLAGANJ TO ITARSI SECTION OF NH-69,Central Public Works Department,NHAI,MADHYA PRADESH,2017-09-01,2017-09-01,2021-01-01,990.61,,,,,,,,without_doc,236
2021-04-01,N24000629,581,4-LANNING OF RAIPUR-KODEBAD SECTION OF NH-43 (FROM KM. 10.200 TO KM. 43.400) IN THE STATE OF CHHATTI,Central Public Works Department,NHAI,MAHARASHTRA,2016-11-01,2019-03-01,2021-02-01,400.25,,,,,,,,without_doc,236
2021-04-01,N24000694,582,FOUR LANING OF VILLUKURI KANNIYAKUMAR ROAD OF KM 70.250 TO 96.700 AND NAGERCOIL TO KAVALKINARU OF NH,Central Public Works Department,NHAI,TAMIL NADU,2016-03-01,2016-07-01,2021-02-01,641.17,,,,,,,,without_doc,236
2021-04-01,N24000205,583,SIX LANING OF CHANDIKHOL-JAGATPUR-BHUBANESWAR,Central Public Works Department,NHAI,ODISHA,2011-12-01,2014-06-01,2021-03-01,1047,,,,,,,,without_doc,236
2021-04-01,N24000427,584,4 LANING OF BAHARAGORA - SINGHARA,Central Public Works Department,NHAI,ODISHA,2015-07-01,,2021-03-01,1282.94,,,,,,,,without_doc,236
2021-04-01,N24000566,585,4 LANNING OF MUKKOLA JUNCTION TO KERALA/ TAMIL NADU BORDER FROM KM 26.500 TO KM 43.000 OF NH-47 IN T,Central Public Works Department,NHAI,KERALA,2016-04-01,2018-06-01,2021-03-01,804.97,,,,,,,,without_doc,236
2021-04-01,N24000619,586,DEVELOPMENT OF FOUR LANNING OF ANGUL-SAMBALPUR SECTION OF NATIONAL HIGHWAY NH-42 (NEW NH-55 IN THE S,Central Public Works Department,NHAI,ODISHA,2016-09-01,2019-08-01,2021-03-01,2510.04,,,,,,,,without_doc,236
2021-04-01,N24000630,587,4-LANNING OF KODEBAD-DHAMTARI SECTION OF NH-43 (FROM KM. 43.400 TO KM. 82.209) IN THE STATE OF CHHAT,Central Public Works Department,NHAI,MAHARASHTRA,2016-11-01,2019-03-01,2021-03-01,446.17,,,,,,,,without_doc,236
2021-04-01,N24000634,588,FOUR LANNING OF TAKOLI-KULLU SECTION OF NH-21 (KM 242+000 TO KM 272+000),Central Public Works Department,NHAI,HIMACHAL PRADESH,2016-10-01,,2020-08-01,447.75,,,,,,,,without_doc,236
2021-04-01,N24000703,589,FOUR LANNING OF DARAH-JHALWAR-TEENDHAR FROM KM 29.000 TO KM 346.540,Central Public Works Department,NHAI,RAJASTHAN,2017-10-01,2017-10-01,2020-11-01,964.17,,,,,,,,without_doc,236
2021-04-01,N24000501,590,FOUR LANING OF FORBESGANJ - JOGBANI,Central Public Works Department,NHAI,BIHAR 2 33,2015-08-01,2018-04-01,2020-12-01,322.09,,,,,,,,without_doc,236
2021-04-01,N24000489,591,FOUR LANING OF JABALPUR - LAKHNADON,Central Public Works Department,NHAI,MADHYA PRADESH,2015-03-01,,2015-06-01,928.83,,,,,,,,without_doc,237
2021-04-01,N24000504,592,FOUR LANING OF REWA - KATNI - JABALPUR - PACKAGE -IV,Central Public Works Department,NHAI,MADHYA PRADESH,2015-03-01,2015-06-01,2015-06-01,810.22,,,,,,,,without_doc,237
2021-04-01,N24000728,593,FOUR LANNING WORK FROM HIRAN RIVER TO SINDOOR RIVER,Central Public Works Department,NHAI,MADHYA PRADESH,2018-01-01,,2018-07-01,770.73,,,,,,,,without_doc,237
2021-04-01,N24000049,594,"DHARAMTUL TO SONAPUR,KM 205-183 (AS-20)",Central Public Works Department,NHAI,ASSAM,2003-12-01,2008-05-01,2019-06-01,160,,,,,,,,without_doc,237
2021-04-01,N24000063,595,"BRAHMPUTRA BRIDGE,NH NO-31",Central Public Works Department,NHAI,ASSAM,2003-12-01,2010-04-01,2019-07-01,217.61,,,,,,,,without_doc,237
2021-04-01,N24000047,596,NALBARI TO BIJNI (AS-6),Central Public Works Department,NHAI,ASSAM,2003-12-01,2008-06-01,2019-09-01,225,,,,,,,,without_doc,237
2021-04-01,N24000586,597,TWO LANNING WITH PAVED SHOULDER OF SALASAR-NAGAUR,Central Public Works Department,NHAI,RAJASTHAN,2016-06-01,2019-06-01,2019-09-01,637.18,,,,,,,,without_doc,237
2021-04-01,N24000367,598,2-LANING WITH PAVED SHOULDERS OF TANDA -RAEBARELI,Central Public Works Department,NHAI,UTTAR PRADESH,2014-04-01,2016-01-01,2020-01-01,495.78,,,,627.93,2020-01-01,,,without_doc,237
2021-04-01,N24000468,599,FOUR LANING OF REWA - KATNI - JABALPUR - PACKAGE -II,Central Public Works Department,NHAI,MADHYA PRADESH,2015-03-01,,2020-05-01,795.76,,,,686.13,,,,without_doc,237
2021-04-01,N24000469,600,FOUR LANING OF REWA - KATNI - JABALPUR - PACKAGE -I,Central Public Works Department,NHAI,MADHYA PRADESH,2015-03-01,,2020-05-01,794.3,,,,679.94,,,,without_doc,237
2021-04-01,N24000426,601,2-LANE WITH PAVED SHOULDER WITH PROVISION OF CAPACITY AUGMENTATION OF RAJASTHAN BORDER-FATEHPUR-SALA,Central Public Works Department,NHAI,RAJASTHAN,2012-11-01,2016-08-01,2020-06-01,530.07,,,,,,,,without_doc,237
2021-04-01,N24000044,602,SONAPUR TO GUWAHTI (AS-3),Central Public Works Department,NHAI,ASSAM,2003-12-01,2008-03-01,2020-08-01,245,,,,,,,,without_doc,237
2021-04-01,N24000161,603,QUAZIGUND-BANIHAL KM.220.00 TO KM.188.00,Central Public Works Department,NHAI,JAMMU AND KASHMIR,2010-07-01,2015-07-01,2020-09-01,1987,,,,,,,,without_doc,237
2021-04-01,N24000794,604,UPGRADATION TO 2 LANE WITH PAVED SHOULDER/4 LANE OF GAGARIA - BAORI KALAN - SERWA - BAKHASAR SECTION,Central Public Works Department,NHAI,RAJASTHAN,2018-02-01,,2020-09-01,1103.88,,,,,,,,without_doc,237
2021-04-01,N24000173,605,DEVELOPMENT OF ADIQUATE ROAD CONNECTIVITY TO CHENNAI- ENNORE PORT CONNECTIVITY,Central Public Works Department,NHAI,TAMIL NADU,2011-06-01,2013-06-01,2020-10-01,600,,,,,,,,without_doc,237
2021-04-01,N24000189,606,SRINAGAR TO BANIHAL,Central Public Works Department,NHAI,JAMMU AND KASHMIR,2011-06-01,2014-06-01,2020-10-01,1100.7,,,,,,,,without_doc,237
2021-04-01,N24000713,607,SIX LANING OF PIMPALGAON-NASHIK-GONDE SECTION OF NH-3 FROM KM 380.000 TO 440.000 IN THE STATE OF MAH,Central Public Works Department,NHAI,MAHARASHTRA,2017-12-01,,2020-10-01,404.94,,,,,,,,without_doc,237
2021-04-01,N24000432,608,CONSTRUCTION OF NH-4B FROM KM.21.200 TO KM.27.270( D TO E SECTION) AND FROM KM.0.000 TO KM.4.492 ( D,Central Public Works Department,NHAI,MAHARASHTRA,2015-09-01,2018-05-01,2020-11-01,414.51,,,,,2020-11-01,,,without_doc,237
2021-04-01,N24000554,609,4-LANNING EXISTING KM 263.00 TO 328.00] ADDAHOLE TO BANTAWAL,Central Public Works Department,NHAI,KARNATAKA,2016-03-01,2019-03-01,2020-11-01,870,,,,,,,,without_doc,237
2021-04-01,N24000208,610,2-LANING WITH PS RAIBAREILI TO ALLAHABAD,Central Public Works Department,NHAI,UTTAR PRADESH,2012-07-01,2014-01-01,2020-12-01,291.36,,,,469.31,2020-12-01,,,without_doc,237
2021-04-01,N24000360,611,2-LANING WITH PAVED SHOULDERS OF RAEBARELI - BANDA SECTION OF NH-232,Central Public Works Department,NHAI,UTTAR PRADESH,2014-04-01,2016-01-01,2020-12-01,351.34,,,,417.68,2020-12-01,,,without_doc,237
2021-04-01,N24000462,612,4-LANING OF GOA/KARNATAKA BORDER-KUNDAPUR SECTION,Central Public Works Department,NHAI,KARNATAKA,2014-05-01,2016-08-01,2020-12-01,1655.01,,,,,,,,without_doc,237
2021-04-01,N24000471,613,FOUR LANING OF RAMBAN - BANIHAL SECTION OF NH-1A,Central Public Works Department,NHAI,JAMMU AND KASHMIR 2 34,2015-12-01,2019-06-01,2020-12-01,2168.66,,,,,,,,without_doc,237
2021-04-01,N24000602,614,FOUR LANNING OF HUBLI-HOSPET SECTION OF NH-63 FROM KM. 129.249 PHASE-IVB,Central Public Works Department,NHAI,KARNATAKA,2016-08-01,2020-04-01,2020-12-01,1664.2,,,,,,,,without_doc,238
2021-04-01,N24000835,615,CONSTRUCTION OF 8 LANE DWARKA EXPRESSWAY (NH-248BB PACKAGE IV FROM RAIL OVER BRIDGE (ROB) TILL END P,Central Public Works Department,NHAI,HARYANA,2018-03-01,2021-06-01,2020-12-01,1484.3,,,,,,,,without_doc,238
2021-04-01,N24000188,616,2 LANNING OF MUZAFFARPUR - SONBARSA,Central Public Works Department,NHAI,BIHAR,2011-05-01,2013-11-01,2021-01-01,511.54,,,,585,2020-12-01,,,without_doc,238
2021-04-01,N24000717,617,CONSTRUCTION OF STAND ALONE RING ROAD/ BYPASS AROUND JAMMU CITY IN THE STATE OF J AND K ON EPC MODE,Central Public Works Department,NHAI,JAMMU AND KASHMIR,2017-12-01,,2021-01-01,1471.75,,,,1339,,,,without_doc,238
2021-04-01,N24000801,618,SIX LANING OF SHAMLA JI TO MOTACHILODHA FROM KM 401.200 TO KM 494.410 (LENGTH 93.210 KM) SECTION OF,Central Public Works Department,NHAI,GUJARAT,2018-02-01,,2021-01-01,1052.21,,,,,,,,without_doc,238
2021-04-01,N24000048,619,NALBARI T BIJNI (AS-7),Central Public Works Department,NHAI,ASSAM,2003-12-01,2008-04-01,2021-02-01,208,,,,,,,,without_doc,238
2021-04-01,N24000557,620,FOUR LANNING OF VILLUKURI TO KANYAKUMARI SECTION FROM KM 70.25 TO 96.714 OF NH-47 AND NAGERCOIL TO K,Central Public Works Department,NHAI,TAMIL NADU,2016-02-01,2018-07-01,2021-02-01,641.17,,,,,,,,without_doc,238
2021-04-01,N24000693,621,4-LANNING OF PORBANDAR DWARKA SECTION IN THE STATE OF GUJARAT,Central Public Works Department,NHAI,GUJARAT,2017-06-01,2020-06-01,2021-02-01,1958.88,,,,,,,,without_doc,238
2021-04-01,N24000810,622,REHABILITATION AND UPGRADATION OF GIDDALUR-VINUKONDA SECTION OF NH-544D FROM DESIGN KM 212.983 (EXIS,Central Public Works Department,NHAI,ANDHRA PRADESH,2018-03-01,,2021-02-01,565.09,,,,,,,,without_doc,238
2021-04-01,N24000156,623,PUNE-SATARA(NH-4),Central Public Works Department,NHAI,MAHARASHTRA,2010-10-01,2013-03-01,2021-03-01,1724.55,,,,,,,,without_doc,238
2021-04-01,N24000486,624,FOUR LANING OF YADGIRI - WARANGAL,Central Public Works Department,NHAI,TELANGANA,2015-12-01,2018-11-01,2021-03-01,1423.96,,,,,2019-07-01,,,without_doc,238
2021-04-01,N24000555,625,FOUR LANNING OF TAMIL NADU KERALA BORDER TO VILLUKURI FROM KM. 43.00 TO 70.25 OF NH-47 UNDER NHDP-PH,Central Public Works Department,NHAI,TAMIL NADU,2016-02-01,2018-08-01,2021-03-01,707.82,,,,,,,,without_doc,238
2021-04-01,N24000623,626,SIX LANNING OF CHITTORGARH-UDAIPUR SECTION OF NH-76 FROM DESIGN CHAINAGE KM. 214.870 TO KM 308.370 I,Central Public Works Department,NHAI,RAJASTHAN,2016-09-01,,2021-03-01,1100.19,,,,,,,,without_doc,238
2021-04-01,N24000710,627,SIX LANING OF CHENNAI-TADA SECTION OF NH-5 FROM KM 11/0 TO KM 54/4 IN THE STATE OF TAMIL NADU TO BE,Central Public Works Department,NHAI,TAMIL NADU,2017-12-01,,2021-03-01,379.9,,,,,,,,without_doc,238
2021-04-01,N24000814,628,4-LANE WITH PAVED SHOULDER CONFIGURATION OF BILASPUR- PATHRAPALI (KM.0+000 TO KM. 53+300) SECTION OF,Central Public Works Department,NHAI,CHHATISGARH,2018-03-01,,2021-03-01,1029.96,,,,,,,,without_doc,238
2021-04-01,240106277,629,"HARANGAJO TO MAIBANG (AS-23), KM.126.450 TO KM.140.700",Central Public Works Department,NHAI,ASSAM,2003-12-01,2009-02-01,,280,,,,,,,,without_doc,238
2021-04-01,240106278,630,"MAIBANG TO LUMDING (AS-25), KM.83.400 TO KM.111.000",Central Public Works Department,NHAI,ASSAM,2003-12-01,2009-04-01,,199.81,,,,,,,,without_doc,238
2021-04-01,240106279,631,"MAIBANG TO LUMDING (AS-26), KM.60.500 TO KM.83.400, NH-54",Central Public Works Department,NHAI,ASSAM,2003-12-01,2008-11-01,,167.64,,,,,,,,without_doc,238
2021-04-01,240106280,632,"MAIBANG TO LUMDING (AS-24), KM.111.000 TO KM.126.450",Central Public Works Department,NHAI,ASSAM,2003-12-01,2008-11-01,,155.04,,,,,,,,without_doc,238
2021-04-01,N24000062,633,"HARANGAJO TO MAIBANG, NH-54",Central Public Works Department,NHAI,ASSAM,2003-12-01,2009-07-01,,196,,,,,,,,without_doc,238
2021-04-01,N24000089,634,"GWALIOR-JHANSI, NH-75",Central Public Works Department,NHAI,MULTI STATE 2 35,2003-12-01,2009-12-01,,604,,,,,,,,without_doc,238
2021-04-01,N24000122,635,DELHI/ HARYANA BORDER TO ROHTAK,Central Public Works Department,NHAI,HARYANA,2007-04-01,2010-05-01,,486,,,,,,,,without_doc,239
2021-04-01,N24000125,636,GUJARAT/MAHARASHTRA BORDERSURAT-HAZIRA PORT SECTION,Central Public Works Department,NHAI,GUJARAT,2010-03-01,2012-09-01,,1509.1,,,,,,,,without_doc,239
2021-04-01,N24000131,637,SURAT- DAHISAR(SIX LANE) KM 263 TO KM 502,Central Public Works Department,NHAI,MULTI STATE,2009-02-01,2011-08-01,,1693.75,,,,,,,,without_doc,239
2021-04-01,N24000133,638,PANIPAT-JALANDHAR 6 LANE(KM 96 TO 387.1 KM),Central Public Works Department,NHAI,HARYANA,2009-05-01,2011-11-01,,1108,,,,,,,,without_doc,239
2021-04-01,N24000136,639,INDORE-JHABUA-GUJRAT/MP,Central Public Works Department,NHAI,MADHYA PRADESH,2010-10-01,2013-04-01,,1175,,,,,,,,without_doc,239
2021-04-01,N24000138,640,HUNGUND-SURATHKAL AND MANGALORE-KNT/KERALA BORDER,Central Public Works Department,NHAI,KARNATAKA,2010-09-01,2018-06-01,,946,,,,,,,,without_doc,239
2021-04-01,N24000149,641,SIX LANNING OF VADAKKANCHERRY THRISSURESECTION KM 240 270KM,Central Public Works Department,NHAI,KERALA,2010-02-01,2012-08-01,,617,,,,,,,,without_doc,239
2021-04-01,N24000155,642,4 LANING OF NAGPUR-BETUL,Central Public Works Department,NHAI,MULTI STATE,2011-02-01,2014-08-01,,2498.76,,,,,,,,without_doc,239
2021-04-01,N24000159,643,INDORE-DEWAS(NH-3),Central Public Works Department,NHAI,MADHYA PRADESH,2010-11-01,2013-05-01,,325,,,,,,,,without_doc,239
2021-04-01,N24000162,644,NASHRI- CHANANI,Central Public Works Department,NHAI,JAMMU AND KASHMIR,2011-05-01,2015-06-01,,2159,,,,,,,,without_doc,239
2021-04-01,N24000163,645,JAMMU-UDHAMPUR KM.27.5 TO KM.67.00,Central Public Works Department,NHAI,JAMMU AND KASHMIR,2010-07-01,2013-07-01,,1813.76,,,,,,,,without_doc,239
2021-04-01,N24000165,646,PATNA-MUZZAFFARPUR,Central Public Works Department,NHAI,BIHAR,2010-08-01,2013-02-01,,671.3,,,,,,,,without_doc,239
2021-04-01,N24000170,647,GHAZIABAD-ALIGARH NH-91,Central Public Works Department,NHAI,UTTAR PRADESH,2011-02-01,2013-08-01,,1141,,,,,,,,without_doc,239
2021-04-01,N24000175,648,KANDLA - MUNDRA PORT,Central Public Works Department,NHAI,GUJARAT,2011-01-01,2013-07-01,,953.88,,,,,,,,without_doc,239
2021-04-01,N24000178,649,TIRUPATI - TIRUTHANI - CHENNAI,Central Public Works Department,NHAI,ANDHRA PRADESH,2011-04-01,2013-10-01,,571,,,,,,,,without_doc,239
2021-04-01,N24000183,650,SIX LANNING OF NELLORE-CHILKALURIPET KM.1182.802 TO KM.1366.547,Central Public Works Department,NHAI,ANDHRA PRADESH,2011-11-01,2014-05-01,,1535,,,,,,,,without_doc,239
2021-04-01,N24000185,651,PATNA-BAKTZARPUR KM.181.3 TO KM.231.95,Central Public Works Department,NHAI,BIHAR,2011-09-01,2014-03-01,,574,,,,,,,,without_doc,239
2021-04-01,N24000186,652,2-LANNING WITH PS MOTIHARI-RAXAUL,Central Public Works Department,NHAI,BIHAR,2011-10-01,2014-04-01,,375.09,,,,,,,,without_doc,239
2021-04-01,N24000187,653,4-LANNING OF CHAPRA-HAJIPUR,Central Public Works Department,NHAI,BIHAR,2011-01-01,2013-07-01,,575,,,,,,,,without_doc,239
2021-04-01,N24000197,654,PANIKHOLI-RIMOLI,Central Public Works Department,NHAI,ODISHA,2012-03-01,2014-09-01,,1410,,,,,,,,without_doc,239
2021-04-01,N24000201,655,MUZAFFARNAGAR-HARIDWAR,Central Public Works Department,NHAI,MULTI STATE,2011-09-01,2013-03-01,,754,,,,,,,,without_doc,239
2021-04-01,N24000206,656,6-LANING OF DHANKUNI-KHARAGPUR SECTION,Central Public Works Department,NHAI,WEST BENGAL,2012-04-01,2014-09-01,,1396.18,,,,,,,,without_doc,239
2021-04-01,N24000212,657,HARIDWAR DEHRADUN APPROVED LENGTH 69,Central Public Works Department,NHAI,UTTARAKHAND,2011-11-01,2013-10-01,,478.51,,,,,,,,without_doc,239
2021-04-01,N24000215,658,RANCHI-RARGA-JAMSETHPUR,Central Public Works Department,NHAI,JHARKHAND,2012-12-01,2015-06-01,,1479,,,,,,,,without_doc,239
2021-04-01,N24000219,659,ETAWAH CHAKERI,Central Public Works Department,NHAI,UTTAR PRADESH 2 36,2013-03-01,2015-09-01,,1573,,,,,,,,without_doc,239
2021-04-01,N24000222,660,AHMEDABAD TO VADODARA SECTION,Central Public Works Department,NHAI,GUJARAT,2013-01-01,2015-12-01,,2125.24,,,,,,,,without_doc,240
2021-04-01,N24000230,661,WIDENING OF KHED-SINNAR STRETCH OF PUNE NASHIK SECTION OF NH-50,Central Public Works Department,NHAI,MAHARASHTRA,2013-05-01,2014-02-01,,1348.2,,,,,,,,without_doc,240
2021-04-01,N24000232,662,FOUR LANING OF KIRATPUR NEAR CHOUK SECTION (73.20 KM TO186.50 KM),Central Public Works Department,NHAI,HIMACHAL PRADESH,2013-11-01,2016-11-01,,1916.79,,,,,,,,without_doc,240
2021-04-01,N24000233,663,4 LANNING OF MH-KNT BORDER SANGAREDDY SECTION OF NH-9,Central Public Works Department,NHAI,TELANGANA,2014-04-01,2016-09-01,,1266.6,,,,,,,,without_doc,240
2021-04-01,N24000344,664,TWO LANING WITH PAVED SHOULDER OF KARAUII - DHOLPUR,Central Public Works Department,NHAI,RAJASTHAN,2014-09-01,2016-09-01,,425.19,,,,,,,,without_doc,240
2021-04-01,N24000349,665,FOUR LANING OF MADURAI - RAMANATHAPURAM (KM 5. TO KM 81) AND TWO LANING WITH PS KM 81 TO KM 120,Central Public Works Department,NHAI,TAMIL NADU,2015-05-01,2017-11-01,,1387.11,,,,,,,,without_doc,240
2021-04-01,N24000350,666,TWO LANING WITH PS OF NAGAPATTINAM - THANJAVUR,Central Public Works Department,NHAI,TAMIL NADU,2015-06-01,2017-12-01,,563.92,,,,,,,,without_doc,240
2021-04-01,N24000356,667,FOUR LANING OF VARANASI BYPASS,Central Public Works Department,NHAI,UTTAR PRADESH,2015-05-01,2017-05-01,,261.09,,,,,,,,without_doc,240
2021-04-01,N24000359,668,THIRUMAYAM - MANAMADURAI SECTION,Central Public Works Department,NHAI,TAMIL NADU,2014-07-01,2017-01-01,,401.11,,,,,,,,without_doc,240
2021-04-01,N24000361,669,VADODARA-SURAT SECTION,Central Public Works Department,NHAI,GUJARAT,2014-03-01,2016-08-01,,503.16,,,,,,,,without_doc,240
2021-04-01,N24000362,670,2 LANING WITH PAVED SHOULDER OF SITARGANJ - TANAKUR SECTION OF NH-125,Central Public Works Department,NHAI,UTTAR PRADESH,2015-09-01,2016-09-01,,368.73,,,,,,,,without_doc,240
2021-04-01,N24000423,671,2 LANING WITH PS OF GULABPURA - UNIARA,Central Public Works Department,NHAI,RAJASTHAN,2015-10-01,2017-10-01,,597,,,,,,,,without_doc,240
2021-04-01,N24000425,672,4 LANING OF AMRAVATI - CHIKHLI (PKG-I),Central Public Works Department,NHAI,MAHARASHTRA,2015-07-01,2019-05-01,,2288.18,,,,,,,,without_doc,240
2021-04-01,N24000437,673,CONSTRUCTION OF ISLAMPUR BY PASS,Central Public Works Department,NHAI,WEST BENGAL,2015-10-01,,,361.15,,,,,,,,without_doc,240
2021-04-01,N24000439,674,4 LANING OF FAGNE - MAH-GUJ BORDER ( PKG-3),Central Public Works Department,NHAI,MAHARASHTRA,2015-07-01,2019-05-01,,1885.74,,,,,,,,without_doc,240
2021-04-01,N24000443,675,4 LANING OF AMBALA - KAITHAL - PACKAGE -1,Central Public Works Department,NHAI,HARYANA,2015-12-01,2016-06-01,,602.95,,,,,,,,without_doc,240
2021-04-01,N24000445,676,BIKANER - PHALODI SECTION TO FOUR LANING FROM KM.4.200 TO KM 55.25 AND TWO-LANE PAVED SHOULDER FROM,Central Public Works Department,NHAI,RAJASTHAN,2014-08-01,2018-04-01,,822.9,,,,,,,,without_doc,240
2021-04-01,N24000448,677,4 LANING OF AMBALA - KAITHAL - PACKAGE -2,Central Public Works Department,NHAI,HARYANA,2016-01-01,2018-07-01,,574.28,,,,,,,,without_doc,240
2021-04-01,N24000452,678,6 LANING OF AGRA - ETAWAH BYPASS,Central Public Works Department,NHAI,UTTAR PRADESH,2015-07-01,2019-01-01,,1657.2,,,,,,,,without_doc,240
2021-04-01,N24000453,679,4 LANING OF SOLAPUR YEDISHI SECTION OF NH-211,Central Public Works Department,NHAI,MAHARASHTRA,2015-01-01,2017-07-01,,972.5,,,,,,,,without_doc,240
2021-04-01,N24000454,680,4-LANING OF SOLAPUR - MAHARASHTRA/ KARNATKA SECTION,Central Public Works Department,NHAI,MAHARASHTRA,2014-06-01,2016-11-01,,923.04,,,,,,,,without_doc,240
2021-04-01,N24000460,681,4-LANING OF GHAGHRA BRIDGE TO VARANSI ( PACKAGE -I),Central Public Works Department,NHAI,UTTAR PRADESH,2015-12-01,2016-06-01,,611.65,,,,,,,,without_doc,240
2021-04-01,N24000463,682,4 LANING OF NH-31D FROM GHOSHPUKUR - SALSALABARI ( KM 0.00 TO KM . 83.785),Central Public Works Department,NHAI,WEST BENGAL,2015-12-01,2018-06-01,,1083,,,,,,,,without_doc,240
2021-04-01,N24000473,683,FOUR LANING OF PATNA TO KOILWAR,Central Public Works Department,NHAI,BIHAR 2 37,2015-08-01,,,556.07,,,,,,,,without_doc,240
2021-04-01,N24000477,684,GURGAON - KOTPUTLI - JAIPUR (SIX LANE),Central Public Works Department,NHAI,RAJASTHAN,2008-02-01,2011-10-01,,1673.7,,,,,,,,without_doc,241
2021-04-01,N24000479,685,FOUR LANING OF PARWANOO -SOLAN,Central Public Works Department,NHAI,HIMACHAL PRADESH,2015-09-01,2018-03-01,,934.46,,,,,,,,without_doc,241
2021-04-01,N24000480,686,FOUR OF SIMARIA - KHAGARIA SECTION OF NH-31,Central Public Works Department,NHAI,BIHAR,2015-12-01,2019-04-01,,1041.1,,,,,,,,without_doc,241
2021-04-01,N24000488,687,FOUR LANING OF UDHAMBUR - RAMBAN SECTION OF NH-1A,Central Public Works Department,NHAI,JAMMU AND KASHMIR,2015-12-01,2018-12-01,,2136.97,,,,,,,,without_doc,241
2021-04-01,N24000490,688,FOUR LANING OF HOSPET - CHITRADURGA,Central Public Works Department,NHAI,KARNATAKA,2015-03-01,2018-08-01,,1388,,,,,,,,without_doc,241
2021-04-01,N24000491,689,FOUR LANING OF SULTANPUR TO VARANASI (PKG-II),Central Public Works Department,NHAI,UTTAR PRADESH,2016-01-01,2018-06-01,,815.28,,,,,,,,without_doc,241
2021-04-01,N24000493,690,FOUR LANING OF SULTANPUR TO VARANASI (PKG-I),Central Public Works Department,NHAI,UTTAR PRADESH,2016-01-01,2018-06-01,,1027.53,,,,,,,,without_doc,241
2021-04-01,N24000494,691,FOUR LANING OF GWALIOR-SHIVPURI,Central Public Works Department,NHAI,MADHYA PRADESH,2013-05-01,2015-11-01,,1055,,,,,,,,without_doc,241
2021-04-01,N24000495,692,FOUR LANING OF SIMGA - SARAGAON,Central Public Works Department,NHAI,CHHATISGARH,2015-12-01,2018-05-01,,596.67,,,,,,,,without_doc,241
2021-04-01,N24000496,693,FOUR LANING OF GUNA TO BIAORA SECTION OF NH-3 FROM KM 332.100 TO KM. 426.100 IN THE STATE OF MADHYA,Central Public Works Department,NHAI,MADHYA PRADESH,2015-06-01,2016-03-01,,1012.9,,,,,,,,without_doc,241
2021-04-01,N24000498,694,FOUR LANING OF GHAGHRA BRIDGE TO VARANASI (PKG-III),Central Public Works Department,NHAI,UTTAR PRADESH,2016-06-01,2018-07-01,,667,,,,,,,,without_doc,241
2021-04-01,N24000499,695,FOUR LANING OF GHAGHRA BRIDGE TO VARANASI (PKG-II),Central Public Works Department,NHAI,UTTAR PRADESH,2015-12-01,2018-06-01,,667,,,,,,,,without_doc,241
2021-04-01,N24000502,696,FOUR LANING OF SARAGAON - BILASPUR,Central Public Works Department,NHAI,CHHATISGARH,2015-12-01,2018-04-01,,509.13,,,,,,,,without_doc,241
2021-04-01,N24000503,697,FOUR LANING OF CHANDIGARH - KHARAR,Central Public Works Department,NHAI,PUNJAB,2015-10-01,2017-12-01,,447.29,,,,,,,,without_doc,241
2021-04-01,N24000506,698,FOUR LANING OF BHOJPUR TO BUXAR,Central Public Works Department,NHAI,BIHAR,1991-01-01,,,642.41,,,,,,,,without_doc,241
2021-04-01,N24000507,699,FOUR LANING OF BAKHTIYARPUR - MOKAMA SECTION OF NH-31,Central Public Works Department,NHAI,BIHAR,2015-12-01,,,1167.45,,,,,,,,without_doc,241
2021-04-01,N24000508,700,FOUR LANING OF AURANGABAD - YEDISHI,Central Public Works Department,NHAI,MAHARASHTRA,2015-07-01,2018-01-01,,1871.34,,,,,,,,without_doc,241
2021-04-01,N24000509,701,FOUR LANING FROM MPMAHARASHTRA BORDER TO NAGPUR IC KAMPTEE KANOON AND NAGPUR BYPASS,Central Public Works Department,NHAI,MAHARASHTRA,2010-04-01,2012-06-01,,1170.52,,,,,,,,without_doc,241
2021-04-01,N24000515,702,SIX-LANING OF BARWA ADDA-PANAGARH,Central Public Works Department,NHAI,WEST BENGAL,2014-04-01,,,1665,,,,,,,,without_doc,241
2021-04-01,N24000517,703,TWO LANING WITH PS OF JOWAI -MEHALAYA /ASSAM BORDER SECTION OF NH-44,Central Public Works Department,NHAI,MEGHALAYA,2015-12-01,2018-05-01,,479.2,,,,,,,,without_doc,241
2021-04-01,N24000518,704,TWO LANING WITH PS OF BIHARAHARIF -BARBIGHA - MOKAMA,Central Public Works Department,NHAI,BIHAR,2015-08-01,2019-04-01,,399.54,,,,,,,,without_doc,241
2021-04-01,N24000520,705,TWO LANING WITH PS OF UNCHA NAGLA - KHANUWARA - ROPPAS -DHOLPUR,Central Public Works Department,NHAI,RAJASTHAN,2015-08-01,,,275.9,,,,,,,,without_doc,241
2021-04-01,N24000521,706,TWO LANING WITH PS OF CHHAPRA -GOPALGANJ,Central Public Works Department,NHAI,BIHAR,2015-08-01,,,854.8,,,,,,,,without_doc,241
2021-04-01,N24000522,707,TWO LANING WITH PS OF CHHAPRA -REWAGHAT - MUZAFFARPUR,Central Public Works Department,NHAI,BIHAR 2 38,2015-08-01,2018-04-01,,516.13,,,,,,,,without_doc,241
2021-04-01,N24000528,708,TRICHY - KARUR,Central Public Works Department,NHAI,TAMIL NADU,2007-03-01,2008-07-01,,516,,,,,,,,without_doc,242
2021-04-01,N24000539,709,MEERUT-BULANDSHAHAR,Central Public Works Department,NHAI,UTTAR PRADESH,2016-01-01,,,683.24,,,,,,,,without_doc,242
2021-04-01,N24000541,710,DELHI-MEERUT EXPRESSWAY PKG-III 6 LANNING FROM KM 27.740 TO 49.346 KM,Central Public Works Department,NHAI,UTTAR PRADESH,2016-01-01,2019-06-01,,1081.57,,,,,,,,without_doc,242
2021-04-01,N24000542,711,BALANCE WORK OF 4-LANNING FROM KM 153.000 TO KM 175.000 OF NAGPUR- HYDERABAD SECTION NS-62,Central Public Works Department,NHAI,MAHARASHTRA,2016-03-01,2018-07-01,,197.69,,,,,,,,without_doc,242
2021-04-01,N24000544,712,ALIGARH MORADABAD SECTION OF NH-93 FROM KM 85.650 TO KM 232.020,Central Public Works Department,NHAI,UTTAR PRADESH,2016-03-01,2019-04-01,,676.73,,,,,,,,without_doc,242
2021-04-01,N24000545,713,FOUR LANNING OF NH-9 FROM VIJAYWADA-MACHLIPATNAM (KM 0.000 TO 63.800),Central Public Works Department,NHAI,ANDHRA PRADESH,2016-01-01,2018-11-01,,1134.97,,,,,,,,without_doc,242
2021-04-01,N24000546,714,2 LANE WITH PAVED SHOULDERS ON KULLU TO MANALI (KM 272/00 TO 309/345),Central Public Works Department,NHAI,HIMACHAL PRADESH,2016-02-01,2019-02-01,,273.2,,,,,,,,without_doc,242
2021-04-01,N24000547,715,4-LANNING OF VARANASI GORAKHPUR SECTION OF NH-29 FROM 12.00 TO 88.00 KM [PACKAGE-II] (GORAKPUR),Central Public Works Department,NHAI,UTTAR PRADESH,2016-03-01,,,1404.5,,,,,,,,without_doc,242
2021-04-01,N24000548,716,4-LANNING OF MAHULIA BAHARAGORA-JH/WB BORDER SECTION,Central Public Works Department,NHAI,JHARKHAND,2016-02-01,2019-03-01,,997.15,,,,,,,,without_doc,242
2021-04-01,N24000549,717,4-LANNING OF VARANASI GORAKHPUR SECTION OF NH-29 FROM 88.00 148.00 KM 4-LANNING OF VARANASI GORAKHPU,Central Public Works Department,NHAI,UTTAR PRADESH,2016-03-01,,,1396.74,,,,,,,,without_doc,242
2021-04-01,N24000551,718,4-LANNING OF VARANASI GORAKHPUR SECTION OF NH-29 FROM 148.00 208.300 KM [PACKAGE-IV],Central Public Works Department,NHAI,UTTAR PRADESH,2016-03-01,2019-04-01,,1587.49,,,,,,,,without_doc,242
2021-04-01,N24000553,719,"CONSTRUCTION OF ROB –FLYOVER AT RANICHAK, HALDIA",Central Public Works Department,NHAI,WEST BENGAL,2016-03-01,2018-11-01,,229.37,,,,,,,,without_doc,242
2021-04-01,N24000556,720,FOUR LANNING OF RAMPUR- KATHGODAM SECTION OF NH-87 FROM KM 0.000 (KM. 190.000 OF NH-24) TO KM 42.791,Central Public Works Department,NHAI,UTTAR PRADESH,2016-03-01,2019-04-01,,899,,,,,,,,without_doc,242
2021-04-01,N24000559,721,FOUR LANNING OF RAMPUR- KATHGODAM SECTION OF NH-87 FROM KM 42.791 (DESIGN CHAINAGE 43.446) TO KM 88,Central Public Works Department,NHAI,UTTARAKHAND,2016-03-01,,,720,,,,,,,,without_doc,242
2021-04-01,N24000562,722,4-LANNING OF CHUTMALPUR-GANESHPUR SECTION OF NH-72A FROM KM 0.000 (KM 22.825 OF MH-73) TO KM 17.900,Central Public Works Department,NHAI,UTTARAKHAND,2016-03-01,,,1443,,,,,,,,without_doc,242
2021-04-01,N24000563,723,4-LANING OF GAGALHERI- SAHARANPUR- YAMUNANAGAR (UP/HARYANA BORDER) SECTION OF NH-73 FROM KM 33.000 (,Central Public Works Department,NHAI,UTTAR PRADESH,2016-03-01,,,1668,,,,,,,,without_doc,242
2021-04-01,N24000564,724,4-LANNING OF HARIDWAR-NAGINA SECTION OF NH-74 FROM KM 0.000 (KM 204.300 OF NH-58) TO KM 73.00,Central Public Works Department,NHAI,UTTAR PRADESH,2016-03-01,,,1408,,,,,,,,without_doc,242
2021-04-01,N24000565,725,4-LANNING OF NAGINA-KASHIPUR SECTION OF NH-74 FROM KM 73.00 TO KM 175.00,Central Public Works Department,NHAI,UTTAR PRADESH,2016-03-01,,,1737,,,,,,,,without_doc,242
2021-04-01,N24000567,726,FOUR LANING OF BHAVNAGAR-TALAJA SECTION OF NH-8E FROM KM. 7.090 TO KM. 53.585 (DESIGN CH FROM KM. 6.,Central Public Works Department,NHAI,GUJARAT,2016-05-01,,,998.18,,,,,,,,without_doc,242
2021-04-01,N24000568,727,FOUR LANING OF TALAJA – MAHUVA SECTION OF NH – 8E FROM KM. 53.585 TO KM. 100.100 (DESIGN CHAINAGE FR,Central Public Works Department,NHAI,GUJARAT 2 39,2016-05-01,,,834.64,,,,,,,,without_doc,242
2021-04-01,N24000569,728,FOUR LANING OF KAGAVADAR - UNA SECTION OF NH-8E FROM KM 139.915 TO KM 180.478 (PACKAGE-IV) IN THE ST,Central Public Works Department,NHAI,GUJARAT,2016-05-01,,,723.64,,,,,,,,without_doc,243
2021-04-01,N24000570,729,FOUR LANING OF UNA TO KODINAR OF NH-8E FROM KM. 180.478 TO KM 221.610 (PACKAGE-V) IN THE STATE OF GU,Central Public Works Department,NHAI,GUJARAT,2016-05-01,,,763.08,,,,,,,,without_doc,243
2021-04-01,N24000571,730,SIX-LANING OF KAMREJ-CHALTHAN SECTION OF NH-8 FROM KM 248.100 TO KM 264.350 INCLUDING LONG TERM REME,Central Public Works Department,NHAI,GUJARAT,2016-05-01,,,425.6,,,,,,,,without_doc,243
2021-04-01,N24000587,731,FOUR LANING OF MAHUVA TO KAGAVADAR OF NH-8E FROM KM. 100.100 TO KM 139.915 (DESIGN CHAINAGE FROM KM,Central Public Works Department,NHAI,RAJASTHAN,2016-06-01,2019-06-01,,763.23,,,,,,,,without_doc,243
2021-04-01,N24000589,732,FOUR LANNING OF BAR-BILARA-JODHPUR SECTION OF NH-112 (EXISTING KM 0+000TO KM,Central Public Works Department,NHAI,RAJASTHAN,2016-06-01,2019-06-01,,649,,,,,,,,without_doc,243
2021-04-01,N24000590,733,BALANCE WORK OF 4 LANING OF GORAKPUR -GOPALGANJ,Central Public Works Department,NHAI,BIHAR,2015-05-01,2017-05-01,,581.84,,,,,,,,without_doc,243
2021-04-01,N24000591,734,4/2 LANNING WITH PS DAUSA-LALSOT-KAUTHUN SECTION OF NH- 11A,Central Public Works Department,NHAI,RAJASTHAN,2016-07-01,,,688.7,,,,,,,,without_doc,243
2021-04-01,N24000592,735,4-LANNING OF KODINAR TO VERAVAL SECTION OF NH-8E FROM KM 221.610 TO KM 263.000,Central Public Works Department,NHAI,GUJARAT,2016-07-01,,,829.97,,,,,,,,without_doc,243
2021-04-01,N24000593,736,TWO LANNING WITH PAVED SHOULDER OF MANOHARPUR-DAUSA SECTION OF NH-11A(NEW NH-148) FROM KM 62.100 KM,Central Public Works Department,NHAI,RAJASTHAN,2016-07-01,2018-10-01,,331.46,,,,,,,,without_doc,243
2021-04-01,N24000594,737,TWO/FOUR LANNING WITH PAVED SHOULDERS OF GOVINDPUR (RAIGANJ)-CHAS-WEST BENGAL BORDER SECTION OF NH-,Central Public Works Department,NHAI,JHARKHAND,2016-07-01,,,458.03,,,,,,,,without_doc,243
2021-04-01,N24000599,738,4 LANNING OF LUCKNOW-SULTANPUR SECTION OF NH-56 FROM KM 11.500,Central Public Works Department,NHAI,UTTAR PRADESH,2016-08-01,2019-04-01,,2016,,,,,,,,without_doc,243
2021-04-01,N24000600,739,4/6 LANING FROM KHARAR TO LUDHIYANA FROM KM 10.185 (DESIGN CHAINAGE) TO KM 86.199(DESIGN CHAINAGE),Central Public Works Department,NHAI,PUNJAB,2016-08-01,2019-09-01,,1388.34,,,,,,,,without_doc,243
2021-04-01,N24000601,740,4 LANING FROM PHAGWARA TO RUPNAGAR,Central Public Works Department,NHAI,PUNJAB,2016-08-01,,,1169.61,,,,,,,,without_doc,243
2021-04-01,N24000605,741,BALANCE WORK OF 2-LANE WITH PAVED SHOULDER OF BHOPAL- SANCHI SECTION,Central Public Works Department,NHAI,MADHYA PRADESH,2016-08-01,2019-01-01,,227.49,,,,,,,,without_doc,243
2021-04-01,N24000606,742,TWO LANNING WITH FORMATION OF FOUR LANE OF PROPOSED SHIMLA BYPASS,Central Public Works Department,NHAI,HIMACHAL PRADESH,2016-08-01,,,1583.18,,,,,,,,without_doc,243
2021-04-01,N24000607,743,FOUR LANING OF BARHI-HAZARIBAGH NH-33,Central Public Works Department,NHAI,JHARKHAND,2016-08-01,2018-08-01,,323.72,,,,,,,,without_doc,243
2021-04-01,N24000608,744,CONSTRUCTION OF FOUR LANING OF UP/HARYANA NH-73,Central Public Works Department,NHAI,HARYANA,2016-08-01,2019-05-01,,248.97,,,,,,,,without_doc,243
2021-04-01,N24000613,745,FOUR LANNING OF NERCHOWK-PANDOH BYPASS SECTION OF NH-21(PACKAGE-I KM 190.000 TO KM 221.305) UNDER NH,Central Public Works Department,NHAI,HIMACHAL PRADESH,2016-09-01,,,1273.71,,,,,,,,without_doc,243
2021-04-01,N24000620,746,FOUR LANNING OF CHICHRA-KHARAGPUR SECTION OF NH-6 FROM KM 185.150 TO KM 134.400 INCLUDING REHABILITA,Central Public Works Department,NHAI,WEST BENGAL,2016-09-01,2018-08-01,,767.03,,,,,,,,without_doc,243
2021-04-01,N24000622,747,TWO/FOUR LANNING OF BRT TIGER RESERVE BOUNDARY TO BANGALORE SECTION OF NH-209(EXISTING CHAINAGE FROM,Central Public Works Department,NHAI,KARNATAKA 2 40,2016-09-01,2019-08-01,,950.69,,,,,,,,without_doc,243
2021-04-01,N24000625,748,CONSTRUCTION OF FLYOVER/UNDERPASS FOR IMPROVEMENT OF EXISTING JUNCTIONS AT IFFCO CHOWK AT KM. 28.211,Central Public Works Department,NHAI,HARYANA,2016-09-01,2019-05-01,,1004.67,,,,,,,,without_doc,244
2021-04-01,N24000631,749,SIX LANNING FROM EXISTING KM 494.410(DESIGN CHAINAGE 540.595) TO EXISTING KM 509.550(DESIGN CHAINAGE,Central Public Works Department,NHAI,MAHARASHTRA,2016-11-01,,,290.73,,,,,,,,without_doc,244
2021-04-01,N24000632,750,VIJAYAWADA-GUNDUGOLANU SECTION,Central Public Works Department,NHAI,ANDHRA PRADESH,2014-09-01,2017-02-01,,1684,,,,,,,,without_doc,244
2021-04-01,N24000635,751,2-LANE WITH PAVED SHOULDERS OF GADU-PORBANDER SECTION,Central Public Works Department,NHAI,GUJARAT,2016-12-01,,,417.19,,,,,,,,without_doc,244
2021-04-01,N24000637,752,CONSTRUCTION OF GORAKHPUR BYPASS FROM EXISTING KM 79.670 OF NH-29E TO EXISTING KM 251.700 OF NH-28 T,Central Public Works Department,NHAI,UTTAR PRADESH,2016-12-01,,,534.55,,,,,,,,without_doc,244
2021-04-01,N24000638,753,4 LANING OF KASHIPUR-SITARGANJ SECTION KM. 175.000 TO KM. 252.20,Central Public Works Department,NHAI,UTTARAKHAND,2012-11-01,2018-07-01,,605.84,,,,,,,,without_doc,244
2021-04-01,N24000648,754,CONSTRUCTION OF NH-28 4-LANE BYPASS STARTING FROM KM 17.600 OF MDR-77C AND TERMINATING AT KM 15.650,Central Public Works Department,NHAI,UTTAR PRADESH,2017-01-01,,,450.68,,,,,,,,without_doc,244
2021-04-01,N24000649,755,SIX LANNING FROM KM. 401.200 TO 494.410 OF NH-8 ON HYBRID ANNUITY MODE UNDER NHDP-V(PKG VI)REG.,Central Public Works Department,NHAI,GUJARAT,2017-01-01,,,1251.11,,,,,,,,without_doc,244
2021-04-01,N24000650,756,CONSTRUCTION OF FLYOVER FROM LIBERTY CINEMA TO MENTAL HOSPITAL ON NAGPUR OBEDULLAGANJ ROAD IN THE ST,Central Public Works Department,NHAI,MAHARASHTRA,2017-01-01,2019-05-01,,244.9,,,,,,,,without_doc,244
2021-04-01,N24000651,757,FOUR LANNING OF TULJAPUR-AUSA SECTION,Central Public Works Department,NHAI,MAHARASHTRA,2017-02-01,2020-02-01,,904.16,,,,,,,,without_doc,244
2021-04-01,N24000653,758,FOUR LANNING OF JHANSI-KHAJURAHO SECTION(PKG-I) FROM KM 0.00 TO KM 76.3(EXISTING KM 106.300 OF NH-2,Central Public Works Department,NHAI,UTTAR PRADESH,2017-03-01,2020-03-01,,1373.28,,,,,,,,without_doc,244
2021-04-01,N24000654,759,FOUR LANNING OF JHANSI-KHAJURAHO SECTION(PKG-II) OF NH- 75/76 FROM DESIGN CHAINAGE KM 76.3(EXISTING C,Central Public Works Department,NHAI,UTTAR PRADESH,2017-03-01,2020-03-01,,1184.71,,,,,,,,without_doc,244
2021-04-01,N24000655,760,CONSTRUCTION OF NEW 4-LANE BRIDGE ACROSS VARSOVA CREEK AND ITS APPROACHES WITH INTERCHANGE IN THE ST,Central Public Works Department,NHAI,MAHARASHTRA,2017-03-01,2020-03-01,,247.02,,,,,,,,without_doc,244
2021-04-01,N24000656,761,4-LANNING OF BODHRE-DHULE SECTION(KM 390.000 TO 452.800),Central Public Works Department,NHAI,MAHARASHTRA,2017-03-01,2020-03-01,,744.64,,,,,,,,without_doc,244
2021-04-01,N24000657,762,4-LANNING OF WARDHA- BUTIBORI SECTION(KM 465.500 TO 524.690),Central Public Works Department,NHAI,MAHARASHTRA,2017-03-01,2020-03-01,,1030.44,,,,,,,,without_doc,244
2021-04-01,N24000658,763,4-LANNING OF YAVATMAL-WARDHA SECTION(KM 400.575 TO 465.500),Central Public Works Department,NHAI,MAHARASHTRA,2017-03-01,2020-03-01,,988.34,,,,,,,,without_doc,244
2021-04-01,N24000659,764,4-LANNING OF WARANGA-MAHAGAON SECTION(KM 253.7000 TO 320.580),Central Public Works Department,NHAI,MAHARASHTRA,2017-03-01,2017-03-01,,1059.73,,,,,,,,without_doc,244
2021-04-01,N24000660,765,DEVELOPMENT OF MULTILANE CARRIAGEWAY FROM KANHAN TO AUTOMATIVE SQUARE (KM 704.200 TO KM 723.000),Central Public Works Department,NHAI,MAHARASHTRA,2017-03-01,2020-03-01,,296.19,,,,,,,,without_doc,244
2021-04-01,N24000661,766,4-LANNING OF MAHAGAON-YAVATMAL SECTION(KM 320.580 TO 400.575),Central Public Works Department,NHAI,MAHARASHTRA,2017-03-01,2020-03-01,,1098.06,,,,,,,,without_doc,244
2021-04-01,N24000663,767,DEVELOPMENT OF DELHI MEERUT EXPRESSWAY FROM KM.0.000 TO KM 27.500 INCLUDING 6/8 LANNING OF NH-24 FRO,Central Public Works Department,NHAI,UTTAR PRADESH 2 41,2017-03-01,2020-03-01,,1989,,,,,,,,without_doc,244
2021-04-01,N24000665,768,TWO-LANNING WITH PAVED SHOULDER OF MAHSHKUNT- SAHARSA-PURNEA SECTION FROM EXISTING KM.89.020 (DESIGN,Central Public Works Department,NHAI,BIHAR,2017-03-01,2020-03-01,,672.89,,,,,,,,without_doc,245
2021-04-01,N24000668,769,SIX LANNING OF RANASTALAM-ANANDAPURAM SECTION OF NH- 16 FROM KM 634.000 TO KM 681.000,Central Public Works Department,NHAI,ANDHRA PRADESH,2017-03-01,2020-03-01,,1041.62,,,,,,,,without_doc,245
2021-04-01,N24000672,770,6-LANNING OF HANDIA-VARANASI SECTION OF NH-2 FROM KM 713.146 TO KM 785.544 IN THE STATE OF UTTAR PRA,Central Public Works Department,NHAI,UTTAR PRADESH,2017-03-01,2020-03-01,,2064.99,,,,,,,,without_doc,245
2021-04-01,N24000674,771,SIX LANING OF DAVANGERE-HAVERI FROM KM 260+000 TO KM 338+923 OF NH-48(OLD NH-4) STATE OF KARNATAKA,Central Public Works Department,NHAI,KARNATAKA,2017-03-01,2020-03-01,,831.58,,,,,,,,without_doc,245
2021-04-01,N24000675,772,SIX LANING OF CHITRADURGA-DAVANGERE INCLUDING CHITRADURGA BYPASS(KM 189+000 TO KM 260+000 OF NH-48(O,Central Public Works Department,NHAI,KARNATAKA,2017-03-01,2020-03-01,,993.16,,,,,,,,without_doc,245
2021-04-01,N24000701,773,JUNAGADH BYPASS,Central Public Works Department,NHAI,GUJARAT,2017-10-01,2017-10-01,,232.49,,,,,,,,without_doc,245
2021-04-01,N24000702,774,FOUR LANNING BALANCE WORK FOR BHOPAL-BIAORA SECTION OF NH-12 FROM MUBARAKPUR TO BIAORA FROM KM 124.,Central Public Works Department,NHAI,MADHYA PRADESH,2017-10-01,2017-10-01,,639.97,,,,,,,,without_doc,245
2021-04-01,N24000705,775,BALANCE WORK OF 4-LANNING OF LALGHATI TO MUBARAKPUR OF NH-12,Central Public Works Department,NHAI,MADHYA PRADESH,2017-09-01,2017-09-01,,374.4,,,,,,,,without_doc,245
2021-04-01,N24000707,776,4-LANNING OF OTTANCHATRAM BYPASS,Central Public Works Department,NHAI,TAMIL NADU,2017-09-01,2017-09-01,,244.27,,,,,,,,without_doc,245
2021-04-01,N24000711,777,FOUR LANING OF DANGIAWAS (KM 96.595 TO NH-112) TO JAJIWAL (KM 283.500 OF NH 65 NAGAUR ROAD) SECTIO,Central Public Works Department,NHAI,RAJASTHAN,2017-12-01,,,1308.73,,,,,,,,without_doc,245
2021-04-01,N24000712,778,DESIGN AND CONSTRUCTION OF DELHI-MEERUT EXPRESSWAY FROM DASNA TO MEERUT FROM 27.740 OF NH-24 TO KM,Central Public Works Department,NHAI,UTTAR PRADESH,2017-12-01,,,1232.21,,,,,,,,without_doc,245
2021-04-01,N24000714,779,CONSTRUCTION OF NEW LINK (NH-133B) FROM KM 0/00 (KM 200/87 OF SAHIBANJ BYPASS) IN JHARKHAND TO KM 15,Central Public Works Department,NHAI,BIHAR,2017-12-01,,,2598,,,,,,,,without_doc,245
2021-04-01,N24000718,780,6-LANING OF EXISTING 2-LANE (I) NANDIGAMA BYPASS FROM KM 220.700 TO KM 226.600 (DESIGN CHAINAGE FROM,Central Public Works Department,NHAI,ANDHRA PRADESH,2017-12-01,,,328.67,,,,,,,,without_doc,245
2021-04-01,N24000720,781,CAPACITY AUGMENTATION OF THE EXISTING 4 LANE STRETCH FROM ICHHAPURAM TO NARASANNAPETA IN THE STATE O,Central Public Works Department,NHAI,ANDHRA PRADESH,2017-12-01,,,357,,,,,,,,without_doc,245
2021-04-01,N24000721,782,ADDITIONAL FACILITY FOR 4-LANE DIVIDED HIGHWAY OF KM 52.250 TO KM 130.560 OF NH-58 (MEERUT-MUZAFFARN,Central Public Works Department,NHAI,UTTAR PRADESH,2017-12-01,,,207,,,,,,,,without_doc,245
2021-04-01,N24000722,783,CONSTRUCTION OF NH-24 4-LANE BYPASS STARTING FROM KM 479.500 OF NH-24 AND TERMINATING AT KM 17.600 O,Central Public Works Department,NHAI,UTTAR PRADESH,2017-12-01,,,305,,,,,,,,without_doc,245
2021-04-01,N24000723,784,REHABILITATION AND UPGRADATION OF TWO LANING OF MAHESHKHUNT - SAHARSA - PURNEA SECTION PKG - I,Central Public Works Department,NHAI,BIHAR,2018-01-01,,,573.7,,,,,,,,without_doc,245
2021-04-01,N24000724,785,SIX LANING OF AURANGABAD TO BIHAR - JHARKHAND BORDER (CHORDAHA) SECTION,Central Public Works Department,NHAI,BIHAR,2018-01-01,,,895.39,,,,,,,,without_doc,245
2021-04-01,N24000725,786,FOUR LANING OF BARHI - KODERMA SECTION OF NH - 31,Central Public Works Department,NHAI,JHARKHAND 2 42,2018-01-01,,,273.46,,,,,,,,without_doc,245
2021-04-01,N24000726,787,SIX LANING OF BIHAR - JHARKHAND BORDER (CHORDAHA) TO GORHAR SECTION,Central Public Works Department,NHAI,JHARKHAND,2018-01-01,,,1155.16,,,,,,,,without_doc,246
2021-04-01,N24000727,788,FOUR LANING OF DELINKED STRETCH OF SEONI – MP/MH BORDER OF NH-7 (LENGTH 28.70 KM) FROM KM 624.480 TO,Central Public Works Department,NHAI,MADHYA PRADESH,2018-01-01,,,960.24,,,,,,,,without_doc,246
2021-04-01,N24000733,789,REHABILITATION AND UP-GRADATION OF EXISTING 2-LANE TO 4 LANE OF DUBURI (KM 388.376) TO CHANDIKHOLE (,Central Public Works Department,NHAI,ODISHA,2018-01-01,,,633.68,,,,,,,,without_doc,246
2021-04-01,N24000740,790,VARANASI RING ROAD PKG - I,Central Public Works Department,NHAI,UTTAR PRADESH,2018-01-01,,,450.77,,,,,,,,without_doc,246
2021-04-01,N24000751,791,FOUR LANING OF KHAMMAM-ASHWARAOPET SECTION OF NH 365BB,Central Public Works Department,NHAI,TELANGANA,2017-03-01,2017-03-01,,4429,,,,,,,,without_doc,246
2021-04-01,N24000783,792,2 LANING WITH PAVED SHOULDER FROM KM 30.800 TO KM 70.800 AND 2 LANING WITHOUT PAVED SHOULDER FROM KM,Central Public Works Department,NHAI,KARNATAKA,2018-02-01,,,486.78,,,,,,,,without_doc,246
2021-04-01,N24000784,793,6-LANING OF KOZHIKODE BYPASS (CALICUT BYPASS) (I.E. VENGALAM JN. TO RAMANATTUKARA JN.) SECTION OF NH,Central Public Works Department,NHAI,KERALA,2018-02-01,,,1424.77,,,,,,,,without_doc,246
2021-04-01,N24000786,794,FOR REHABILITATION AND UPGRADATION FROM 2-LANE TO 4- LANE OF VARANASI - DEGAMAPUR (PKG-1) UNDER NHDP,Central Public Works Department,NHAI,UTTAR PRADESH,2018-02-01,,,670.5,,,,,,,,without_doc,246
2021-04-01,N24000789,795,"SIX LANING OF NIDAGATTA-MYSORE SECTION, KM 74.20 TO KM 135.304 OF NH-275, IN THE STATE OF KARNATAKA",Central Public Works Department,NHAI,KARNATAKA,2018-02-01,,,2177.8,,,,,,,,without_doc,246
2021-04-01,N24000792,796,FOUR LANING OF ALIGARH - KANPUR SECTION PKG-I FROM ALIGARH - BHADWAS,Central Public Works Department,NHAI,UTTAR PRADESH,2018-03-01,,,809.07,,,,,,,,without_doc,246
2021-04-01,N24000793,797,FOUR LANING OF ALIGARH - KANPUR SECTION PKG-II FROM BHADWAS - KALYANPUR.,Central Public Works Department,NHAI,UTTAR PRADESH,2018-03-01,,,925.4,,,,,,,,without_doc,246
2021-04-01,N24000795,798,CONSTRUCTION/ UP-GRATION OF FOUR/TWO LANE WITH PAVED SHOULDER OF NH68 FROM TANOT-RAMGARH BHADASAR-JA,Central Public Works Department,NHAI,RAJASTHAN,2018-02-01,,,741.86,,,,,,,,without_doc,246
2021-04-01,N24000797,799,CONSTRUCTION/ UP-GRADATION OF 2LANE WITH PAVED SHOULDER OF NH FROM RAISINGHNAGAR-POOGAL (DESIGN CH.,Central Public Works Department,NHAI,RAJASTHAN,2018-02-01,,,716.76,,,,,,,,without_doc,246
2021-04-01,N24000798,800,SIX LANING OF HAPUR BYPASS TO MORADABAD SECTION INCLUDING HAPUR BYPASS FROM KM 50.000 (DESIGN CHAINA,Central Public Works Department,NHAI,UTTAR PRADESH,2018-03-01,,,2140.93,,,,,,,,without_doc,246
2021-04-01,N24000800,801,4-LANING OF ALIGARH-KANPUR SECTION FROM KM 229.000 (DESIGN CHAINAGE 240.897) TO KM 289.000 (DESIGN C,Central Public Works Department,NHAI,UTTAR PRADESH,2018-03-01,,,1120.57,,,,,,,,without_doc,246
2021-04-01,N24000802,802,REHABILITATION AND UP-GRADATION FROM 2 LANE TO 4 LANE OF NH STRETCH UNDER NHDP IV B FOR LALGANJ-HANU,Central Public Works Department,NHAI,UTTAR PRADESH,2018-03-01,,,1025.8,,,,,,,,without_doc,246
2021-04-01,N24000803,803,REHABILITATION AND UP-GRADATION FROM 2 LANE TO 4 LANE OF NH STRETCH UNDER NHDP-IVB FOR DAGAMAGPUR-LA,Central Public Works Department,NHAI,UTTAR PRADESH,2018-03-01,,,1115.28,,,,,,,,without_doc,246
2021-04-01,N24000804,804,FOUR LANING OF NH 161 FROM MANGLOOR (DESIGN KM 135.751 EXISTING KM 140.873) (DESIGN LENGTH 48.963 K,Central Public Works Department,NHAI,TELANGANA,2018-03-01,,,802.65,,,,,,,,without_doc,246
2021-04-01,N24000806,805,CONSTRUCTION OF 4 LANE NH-29 BYPASS PHASE-II CONNECTING NH-29 WITH NH-2 AS PART OF VARANASI RING ROA,Central Public Works Department,NHAI,UTTAR PRADESH 2 43,2018-02-01,,,972.77,,,,,,,,without_doc,246
2021-04-01,N24000808,806,FOUR LANE CONNECTIVITY TO VISAKHAPATNAM PORT ROAD FROM KM. 0.000 TO KM.12.700 (DESIGN LENGTH=12.70 K,Central Public Works Department,NHAI,ARUNACHAL PRADESH,2018-03-01,,,392.6,,,,,,,,without_doc,247
2021-04-01,N24000812,807,CAPICITY AUGMENTATION OF THE EXISTING 4 LANE STRETCH FROM ICHAPURAM TO NARASANNAPETA FROM KM 470.415,Central Public Works Department,NHAI,ANDHRA PRADESH,2018-03-01,,,557.3,,,,,,,,without_doc,247
2021-04-01,N24000813,808,DEVELOPMENT OF NEWLY DECLARED NH-527C FROM MAJHAULI TO CHAROUT SECTION TO 2 LANE WITH PAVED SHOULDER,Central Public Works Department,NHAI,BIHAR,2018-03-01,,,496.2,,,,,,,,without_doc,247
2021-04-01,N24000822,809,FOUR LANING OF NH 161 FROM RAMSANPALLE (DESIGN KM 39.980 EXISTING KM 44.757) TO MANGLOOR (DESIGN KM,Central Public Works Department,NHAI,TELANGANA,2018-03-01,,,950.63,,,,,,,,without_doc,247
2021-04-01,N24000824,810,FOUR LANING OF NH 161 FROM KANDI (DESIGN KM 0.000) (KM 498.250 OF NH 65) TO RAMSANPALLE (DESIGN KM 3,Central Public Works Department,NHAI,TELANGANA,2018-03-01,,,857.62,,,,,,,,without_doc,247
2021-04-01,N24000825,811,FOUR LANING OF NH-363 FROM REPALLEWADA (DESIGN KM 40.000/EXISTING KM 288.510) TO TELANGANA/MAHARASHT,Central Public Works Department,NHAI,TELANGANA,2018-03-01,,,828.29,,,,,,,,without_doc,247
2021-04-01,N24000828,812,TWO LANING WITH PAVED SHOULDER OF MEENSURUTTI (KM. 98.433) TO CHIDAMBARM (KM. 129.965.) SECTION OF N,Central Public Works Department,NHAI,TAMIL NADU,2018-03-01,,,633.55,,,,,,,,without_doc,247
2021-04-01,N24000830,813,FOUR LANING OF POONDIYANKUPPAM TO SATTANATHAPURAM (DESIGN CH KM. 67.000 TO KM. 123+800) SECTION OF N,Central Public Works Department,NHAI,TAMIL NADU,2018-03-01,,,2065.96,,,,,,,,without_doc,247
2021-04-01,N24000831,814,FOUR LANING OF PUDUCHERRY - POONDIYANKUPPAM SECTION OF NH 45 A (NEW NH 332) FROM KM 29.000 TO KM 67.,Central Public Works Department,NHAI,MULTI STATE,2018-03-01,,,1294.47,,,,,,,,without_doc,247
2021-04-01,N24000832,815,FOUR LANING OF VILUPPURAM - PUDUCHERRY SECTION OF NH 45 A (NEW NH 32) FROM KM 0.000 TO KM 29.000 (DE,Central Public Works Department,NHAI,MULTI STATE,2018-03-01,,,998.7,,,,,,,,without_doc,247
2021-04-01,N24000834,816,CONSTRUCTION OF EIGHT LANE VADODARA KIM EXPRESSWAY FROM KM 254.430 TO KM 279.000 (KIM TO ANKLESHWAR,Central Public Works Department,NHAI,GUJARAT,2018-03-01,,,1161.39,,,,,,,,without_doc,247
2021-04-01,N24000836,817,REHABILITATION AND UP-GRADATION FROM 2 LANE WITH PAVED SHOULDER FOR BHIWANI-MUNDAL-JIND ROAD FROM DE,Central Public Works Department,NHAI,HARYANA,2018-03-01,,,275.12,,,,,,,,without_doc,247
2021-04-01,N24000837,818,REHABILITATION AND UP-GRADATION FROM 2 LANE WITH PAVED SHOULDER FOR JIND - KARNAL SECTION FROMEXISTI,Central Public Works Department,NHAI,HARYANA,2018-03-01,,,307.79,,,,,,,,without_doc,247
2021-04-01,N24000838,819,UPGRADATION TO 2 LANE WITH PAVED SHOULDER/4 LANE OF KHAJUWALA-POOGAL SECTION AND POOGLE -DANTOUR-JA,Central Public Works Department,NHAI,RAJASTHAN,2018-03-01,,,874.25,,,,,,,,without_doc,247
2021-04-01,N24000840,820,CONSTRUCTION / UP-GRADATION OF 2-LANE WITH PAVED SHOULDER OF NH-70 FROM MUNABAO (NH-25E)-TANOT FROM,Central Public Works Department,NHAI,RAJASTHAN,2018-03-01,,,1158.35,,,,,,,,without_doc,247
2021-04-01,N24000842,821,REHABILITATION AND AUGMENTATION OF NEW NH 354 (OLD-SH- 25) OF SECTION RAMDAS TO GURDASPUR FROM DESIGN,Central Public Works Department,NHAI,PUNJAB,2018-03-01,,,199.9,,,,,,,,without_doc,247
2021-04-01,N24000843,822,REHABILITATION AND AUGMENTATION OF NEW NH 354 (OLD-SH- 21) OF SECTION KHEMKARAN TOWN TO START OF AMRI,Central Public Works Department,NHAI,PUNJAB,2018-03-01,,,196.05,,,,,,,,without_doc,247
2021-04-01,N24000846,823,REHABILITATION AND UPGRADATION TO 2-LANE WITH PAVED SHOULDER FROM JIND-GOHANA ROAD FROM DESIGN CHAIN,Central Public Works Department,NHAI,HARYANA 2 44,2018-03-01,,,198.05,,,,,,,,without_doc,247
2021-04-01,N24000848,824,REHABILITATION AND UPGRADATION OF JHAJJAR-LOHARU SECTION FROM KM 130.770 TO KM 228.630 (DESIGN CHAIN,Central Public Works Department,NHAI,HARYANA,2018-03-01,,,181.78,,,,,,,,without_doc,248
2021-04-01,N24000850,825,"REDESIGNING, REHABILITATION AND UPGRADATION TO FOUR LANE CONFIGURATION STRENGTHENING OF ROHNA/HASS",Central Public Works Department,NHAI,HARYANA,2018-03-01,,,551.58,,,,,,,,without_doc,248
2021-04-01,N24000853,826,FOUR LANING OF AKKALKOT-SOLAPUR SECTION OF NH-150E WITH PAVED SHOULDER FROM DESIGN CHAINAGE KM. 99.4,Central Public Works Department,NHAI,MAHARASHTRA,2018-03-01,,,642.13,,,,,,,,without_doc,248
2021-04-01,N24000854,827,4-LANING OF LOHA - WARANGA SECTION OF NH-361 FROM KM. 187.800 TO KM. 244.369 (DESIGN LENGTH 56.569 K,Central Public Works Department,NHAI,JHARKHAND,2018-03-01,,,1005.08,,,,,,,,without_doc,248
2021-04-01,N24001185,828,SIX LANING OF CHAKERI TO ALLAHABAD SECTION OF NH-2 FROM KM 483.687 TO KM 628.753 (DESIGN LENGTH – 14,Central Public Works Department,NHAI,UTTAR PRADESH,2017-11-01,2019-01-01,,2159,,,,,,,,without_doc,248
2021-04-01,N24001186,829,ISMAILABAD-NARNAUL PKG-5,Central Public Works Department,NHAI,HARYANA,2019-01-01,,,1051.91,,,,,,,,without_doc,248
2021-04-01,N24001187,830,ISMAILABAD-NARNAUL PKG-6,Central Public Works Department,NHAI,HARYANA,2019-01-01,,,1120.06,,,,,,,,without_doc,248
2021-04-01,N24001188,831,ISMAILABAD-NARNAUL PKG-7,Central Public Works Department,NHAI,HARYANA,2019-01-01,,,1137.42,,,,,,,,without_doc,248
2021-04-01,N24001189,832,ISMAILABAD-NARNAUL PKG-8,Central Public Works Department,NHAI,HARYANA,2019-01-01,,,1033.19,,,,,,,,without_doc,248
2021-04-01,N24001190,833,ISMAILABAD-NARNAUL PKG-2,Central Public Works Department,NHAI,HARYANA,2019-01-01,,,1243.45,,,,,,,,without_doc,248
2021-04-01,N24001191,834,ISMAILABAD-NARNAUL PKG-3,Central Public Works Department,NHAI,HARYANA,2019-01-01,,,889.36,,,,,,,,without_doc,248
2021-04-01,N24001192,835,ISMAILABAD-NARNAUL PKG-4,Central Public Works Department,NHAI,HARYANA,2019-01-01,,,1018.79,,,,,,,,without_doc,248
2021-04-01,N24001193,836,ISMAILABAD-NARNAUL PKG-1,Central Public Works Department,NHAI,HARYANA,2019-01-01,,,996.65,,,,,,,,without_doc,248
2021-04-01,N24001214,837,CONSTRUCTION OF EIGHT LANE ACCESS CONTROLLED EXPRESSWAY CARRIAGEWAY FROM RAJASTHAN/MP BORDER TO JODM,Central Public Works Department,NHAI,MADHYA PRADESH,2017-12-01,,,217.96,,,,,,,,without_doc,248
2021-04-01,N24001234,838,PACKAGE-25 CONSTRUCTION OF EIGHTLANE ACCESS- CONTROLLED EXPRESSWAY CARRIAGEWAY FROM MIYATI VILLAGE T,Central Public Works Department,NHAI,MADHYA PRADESH,2019-02-01,2020-03-01,,996.27,,,,,,,,without_doc,248
2021-04-01,N24001298,839,SIX LANING OF EXISTING 4-LANE ROAD FROM GUNDUGOLANU (DESIGN KM 1023.280) TO KALAPARRU (DESIGN KM 105,Central Public Works Department,NHAI,ANDHRA PRADESH,2018-09-01,2020-01-01,,597.67,,,,,,,,without_doc,248
2021-04-01,N24001299,840,SIX LANING OF EXISTING 4-LANE ROAD FROM KALAPARRU (DESIGN KM 1050.680) TO CHINNA AVUTUPALLI (DESIGN,Central Public Works Department,NHAI,ANDHRA PRADESH,2018-09-01,2019-02-01,,617.41,,,,,,,,without_doc,248
2021-04-01,N24001300,841,6-LANING OF VIJAYAWADA BYPASS FROM CHINNA AVUTUPALLI (DESIGN CH.0+000) TO GOLLAPUDI (DESIGN CH. 30+0,Central Public Works Department,NHAI,ANDHRA PRADESH,2019-11-01,2021-02-01,,1226.88,,,,,,,,without_doc,248
2021-04-01,N24001301,842,6-LANING OF VIJAYAWADA BYPASS FROM GOLLAPUDI (DESIGN CH. 30+000) TO CHINNAKAKANI (DESIGN CH. 47+881),Central Public Works Department,NHAI,ANDHRA PRADESH,2019-11-01,2021-02-01,,1601.1,,,,,,,,without_doc,248
2021-04-01,N24001303,843,BALANCE WORK OF 4- LANING OF PATNA-GAYA-DOBHI SECTION (KM. 0.00 TO KM. 127.217) OF NH-83 IN THE STAT,Central Public Works Department,NHAI,BIHAR 2 45,2013-10-01,2020-12-01,,649.9,,,,,,,,without_doc,248
2021-04-01,N24001304,844,BALANCE WORK OF 4- LANING OF PATNA-GAYA-DOBHI SECTION (KM. 39.00 TO KM. 83.00) OF NH-83 IN THE STATE,Central Public Works Department,NHAI,BIHAR,2013-10-01,2020-11-01,,446.97,,,,,,,,without_doc,249
2021-04-01,N24001305,845,BALANCE WORK OF 4- L ANING OF PATNA-GAYA-DOBHI SECTION (KM.83.00 TO KM. 127.217) OF NH-83 IN THE STA,Central Public Works Department,NHAI,BIHAR,2013-10-01,2020-11-01,,464.09,,,,,,,,without_doc,249
2021-04-01,N24000172,846,SIX LANNING OF KRISHNAGIRI- WALAJHAPET SECTION KM.0.00 TO KM.148.3 NH-46,Central Public Works Department,NHAI,TAMIL NADU,2011-09-01,2013-12-01,,1250,,,,,,,,without_doc,249
2021-04-01,N28000079,847,CONSTRUCTION OF ADDITIONAL COMPLEX FOR THE SUPREME COURT OF INDIA AT LAND ADJOINING PRAGATI MAIDAN,Central Public Works Department,CPWD,DELHI,2012-07-01,2015-12-01,,884.3,,,,,,,,without_doc,249
2021-04-01,N28000101,848,CONSTRUCTION OF ITBP ROAD TO INDO-CHINA BORDER FROM NYU SOBLA SELA TO TEDANG IN THE STATE OF UTTARA,Central Public Works Department,CPWD,UTTARAKHAND,2008-12-01,2013-12-01,,114.26,,,,266,,,,without_doc,249
2021-04-01,N28000106,849,"RE-DEVELOPMENT OF GOVT. OF INDIA PRESS, MINTO ROAD, NEW DELHI (SH: CONSTRUCTION OF NEW BUILDING (2 B",Central Public Works Department,CPWD,DELHI,2017-11-01,2020-05-01,,238.56,,,,,,,,without_doc,249
2021-04-01,N28000123,850,CONSTRUCTION OF 76 NOS MS FLATS FOR HONORABLE MPS OF LOK SABHA AT DR BD MARG NEW DELHI,Central Public Works Department,CPWD,DELHI,,2020-11-01,,218.72,,,,,,,,without_doc,249
2021-04-01,N28000143,851,C/O STEEL STRUCTURE BUILDINGS USING PRE-ENGINEERED TECHNOLOGY AT AFRICA AVENUE AND KG MARG,Central Public Works Department,CPWD,DELHI,2020-02-01,2020-11-01,,532,,,,,,,,without_doc,249
2021-04-01,N28000149,852,"CONSTRUCTION729 QUARTERS (TYPE II-180, TYPE III-364, TYPE IV-112,TYPE V-68, TYPE-VI-5), SHOPS,CO",Central Public Works Department,CPWD,CHHATISGARH Chennai Metro Rail Ltd,2019-05-01,2020-09-01,,299.97,,,,,,,,without_doc,249
2021-04-01,N28000097,853,CHENNAI METRO RAIL LTD (PHASE 1 EXT),Central Public Works Department,CMRL,TAMIL NADU,2016-06-01,2018-03-01,2021-03-01,3770,,,,,,,,without_doc,249
2021-04-01,N28000084,854,CHENNAI METRO RAIL LTD (PHASE 1),Central Public Works Department,CMRL,TAMIL NADU Kochi Metro Rail Corporation Ltd,2009-02-01,2015-12-01,,14600,,,,,,,,without_doc,249
2021-04-01,N28000081,855,KOCHI METRO RAIL PROJECT,Central Public Works Department,KMRCL,KERALA Lucknow Metro Rail Corporation Limited,2012-07-01,2017-07-01,2020-09-01,5181.79,,,,,,,,without_doc,249
2021-04-01,N28000094,856,LUCKNOW METRO RAIL CORPORATION LTD,Central Public Works Department,LMRCL,UTTAR PRADESH Nagpur Metro Rail Corporation Ltd,2016-01-01,2019-03-01,,6928,,,,6928,,,,without_doc,249
2021-04-01,N28000085,857,NAGPUR METRO RAIL,Central Public Works Department,NMRCL,MAHARASHTRA National Building Construcion Corporation Ltd,2014-08-01,2018-03-01,,8680,,,,,,,,without_doc,249
2021-04-01,N28000080,858,REDEVELOPMENT OF EAST KIDWAI NAGAR,Central Public Works Department,NBCC,DELHI,2012-06-01,2019-11-01,,4264,,,,,,,,without_doc,249
2021-04-01,N30000037,859,SEWERAGE SYSTEM WITH SEWER NETWORK PATNA BEUR,Bihar Urban Infrastructure Development Corporation Ltd,BUIDCO,BIHAR,2014-12-01,2020-03-01,2021-03-01,225.77,,,,,,,,without_doc,250
2021-04-01,N30000027,860,I AND D AND STP WORKS FOR BHAGALPUR,Bihar Urban Infrastructure Development Corporation Ltd,BUIDCO,BIHAR,2017-10-01,2020-09-01,,254.13,,,,,,,,without_doc,250
2021-04-01,N30000039,861,SAIDPUR SEWER NETWORK PATNA,Bihar Urban Infrastructure Development Corporation Ltd,BUIDCO,BIHAR,2015-04-01,2021-01-01,,268.63,,,,,,,,without_doc,250
2021-04-01,N30000043,862,SEWERAGE TREATMENT PLANT AT PAHARI PATNA,Bihar Urban Infrastructure Development Corporation Ltd,BUIDCO,BIHAR Delhi Jal Board,2017-05-01,2020-11-01,,191.62,,,,,2021-03-01,,,without_doc,250
2021-04-01,N30000018,863,7 NOS PRIORITIZED STPS 1 NO. SPS AND PERIPHERAL SEWERS IN COMMAND AREA OF NAJAFHARH DRAIN DHANSA TO,Bihar Urban Infrastructure Development Corporation Ltd,DJB,DELHI Hindustan Steelwork Construction Limited,2017-05-01,2020-05-01,,344.81,,,,,,,,without_doc,250
2021-04-01,N12000108,864,IRRIGATION WORK OF BAGMATI,Bihar Urban Infrastructure Development Corporation Ltd,HSCL,BIHAR Kolkata Metropolitan Development Authority,2005-10-01,2015-03-01,,956,,,,,,,,without_doc,250
2021-04-01,N30000047,865,SEWERAGE SYSTEM WITH SEWER NETWORK AT BARRACKPORE,Bihar Urban Infrastructure Development Corporation Ltd,KMDA,WEST BENGAL Uttar Pradesh Jal Nigam,2014-12-01,2020-04-01,2021-03-01,272.32,,,,,,,,without_doc,250
2021-04-01,N30000020,866,SEWERAGE SYSTEM AND STP WORKS PHASE I AT MORADABAD RAMGANGA,Bihar Urban Infrastructure Development Corporation Ltd,UPJalNigam,UTTAR PRADESH,2011-02-01,2019-12-01,2021-01-01,279.91,,,,330.05,,,,without_doc,250
2021-04-01,N30000011,867,SEWAGE TREATMENT PLANT FOR ASSI-BHU SEWERAGE DISTRICT AT RAMANA,Bihar Urban Infrastructure Development Corporation Ltd,UPJalNigam,UTTAR PRADESH,2017-02-01,2019-11-01,2021-03-01,161.31,,,,,,,,without_doc,250
2021-04-01,N30000009,868,SEWERAGE WORKS IN SEWERAGE DISTRICT I OF KANPUR,Bihar Urban Infrastructure Development Corporation Ltd,UPJalNigam,UTTAR PRADESH Uttarakhand Pey Jal Nigam,2016-10-01,2020-08-01,,370.4,,,,430.49,2021-03-01,,,without_doc,250
2021-04-01,N30000003,869,SEWAGE TREATMENT PLANT AT JAGJEETPUR AND SARAI,Bihar Urban Infrastructure Development Corporation Ltd,UKJalNigam,UTTARAKHAND,2017-03-01,2019-08-01,,273.37,,,,,,,,without_doc,250
2021-04-01,N30000004,870,INTERCEPTION AND DIVERSION WITH STP AT RISHIKESH,Bihar Urban Infrastructure Development Corporation Ltd,UKJalNigam,UTTARAKHAND,2017-03-01,2019-11-01,,158,,,,,2021-03-01,,,without_doc,250
2021-04-01,N40000003,871,"CONSTRUCTION OF A NEW STATE OF ART EDUCATIONAL CAMPUS FOR IIFT AT MAIDAN GARHI, NEW DELHI",National Building Construcion Corporation Ltd,NBCC,DELHI,2018-06-01,2020-10-01,,302.64,,,,,,,,without_doc,250
2021-04-01,N28000065,872,DIFFERENT BUILDINGS UNDER PHASE 1 NORTH FOR IIT MANDI AT KAMAND,Central Public Works Department,CPWD,HIMACHAL PRADESH 2 47,2012-11-01,2014-11-01,,270.83,,,,,,,,without_doc,250
2021-04-01,N28000075,873,CONSTRUCTION OF MEGA HOSTEL II FOR NIT CALICUT KERALA,Central Public Works Department,CPWD,KERALA,2010-01-01,2012-10-01,,165.23,,,,,,,,without_doc,251
2021-04-01,N28000119,874,"DEVELOPMENT OF PERMANENT CAMPUS FOR IIT JODHPUR (PHASE II) AT KARWAR, JODHPUR RAJASTHAN",Central Public Works Department,CPWD,RAJASTHAN,2016-12-01,2019-07-01,,549.31,,,,,,,,without_doc,251
2021-04-01,N28000133,875,"C/O PERMANENT CAMPUS FOR NITAP UNDER PHASE 1B AT TADEPALLIGUDEM, A.P.",Central Public Works Department,CPWD,ANDHRA PRADESH,2019-02-01,2020-09-01,,186,,,,199,,,,without_doc,251
2021-04-01,N28000146,876,CONSTRUCTION OF TWO NOS GIRLS HOSTELS AND ONE NO BOYS HOSTEL OF 500 CAPACITY EACH G PLUS 8 STOREYED,Central Public Works Department,CPWD,WEST BENGAL,2020-03-01,2020-06-01,,193.83,,,,,,,,without_doc,251
2021-04-01,N42000002,877,"CONSTRUCTION OF PERMANENT CAMPUS FOR NATIONAL INSTITUTE OF TECHNOLOGY GOA AT CUNCOLIM, GOA.",Central Public Works Department,CPWD,GOA,2019-05-01,2020-03-01,,303.9,,,,,,,,without_doc,251
2021-04-01,N42000005,878,CONSTRUCTION OF PERMANENT CAMPUS FOR INDIAN INSTITUTE OF TECHNOLOGY TIRUPATI AT MERLAPAKA VILLAGE YE,Central Public Works Department,CPWD,ANDHRA PRADESH Edcil(India) Limited,2019-02-01,2020-06-01,,655.34,,,,,,,,without_doc,251
2021-04-01,N42000003,879,STUDY IN INDIA,Central Public Works Department,EDCIL,"MULTI STATE Indian Institute Of Technology, Kharagpur",2018-03-01,2018-04-01,,150,,,,,,,,without_doc,251
2021-04-01,N42000004,880,SCHEME FOR PROMOTION OF ACADEMIC AND RESEARCH COLLABORATION,Central Public Works Department,IITKGP,MULTI STATE Rail India Technical And Economic Service,2018-08-01,2019-03-01,,418,,,,,,,,without_doc,251
2021-04-01,N42000001,881,CONSTRUCTION AND DEVELOPMENT OF NATINAL INSTITUTE OF TECHNOLOGY MEGHALAYA PERMANENT CAMPUS AT SOHRA,Central Public Works Department,RITES,MEGHALAYA,2013-09-01,2014-09-01,,484.32,,,,,,,,without_doc,251
2021-04-01,N12000103,882,"CONSTRUCTION OF INTERNATIONAL CENTRE FOR PERFORMING ARTS AND CULTURE,SHILONG IN MEGALAYA UNDER NLCPR",Hindustan Steelwork Construction Limited,HSCL,MEGHALAYA,2014-04-01,2017-09-01,2021-03-01,151.33,,,,,,,,without_doc,251
