report_month,ocms_code,sl_no,project_name,sector,agency,state_raw,approval_month,original_doc_month,revised_doc_month,original_cost_cr,revised_cost_cr,cumulative_expenditure_cr,physical_progress_pct,latest_approved_cost_cr,approved_revised_doc_month,delay_months_reported,milestones,annexure,source_page
2022-10-01,020100044,1,"PROTOTYPE FAST BREEDER REACTOR (BHAVINI, 500 MWE)",Bhavini Limited,BHAVNI,TAMIL NADU Nuclear Power Corporation Of India Limited,2003-09-01,2010-09-01,2024-09-01,3492,7500,6458.73,,6840,2022-10-01,,,delayed,280
2022-10-01,N02000029,1,KUDANKULAM NUCLEAR POWER PROJECT 5 AND 6,Nuclear Power Corporation Of India Limited,,,2017-06-01,2027-09-01,2027-09-01,49621,49621,6922,,,,,,on_schedule,242
2022-10-01,N04000084,1,CONSTRUCTION OF NEW INTEGRATED TERMINAL BUILDING AND ASSOCIATED WORKS AT AGARTALA AIRPORT,Airport Authority Of India Limited,AAI,TRIPURA,2015-09-01,2019-06-01,2021-12-01,438.28,,,,,2021-12-01,,,without_doc,363
2022-10-01,N16000318,1,LPG BP PROJECT JODHPUR,Indian Oil Corporation Limited,IOCL,RAJASTHAN,2018-03-01,2023-03-01,2023-03-01,229.8,229.8,140.76,,,,0(R3),18/26,without_original_doc,390
2022-10-01,N08000019,1,AN MELT PROJECT AT RCF TROMBAY,Rashtriya Chemical & Fertiliser Limited,,,2022-05-01,2024-09-01,2024-07-01,187.27,187.27,0.8,,187.27,,,,ahead,240
2022-10-01,N02000010,2,KAKRAPAR ATOMIC POWER PROJECT - 3 AND 4,Bhavini Limited,NPCIL,GUJARAT,2009-10-01,2015-12-01,2023-06-01,11459,19220,19158,,19220,,,,delayed,280
2022-10-01,N04000098,2,DEVELOPMENT OF GWALIOR AIRPORT PHASE 01,Airport Authority Of India Limited,,,2021-10-01,2023-08-01,2023-08-01,446.12,446.12,61.46,,,,,,on_schedule,242
2022-10-01,N06000143,2,HURA - C OC (3 MTY),Eastern Coal Fields Limited,ECL,JHARKHAND Mahanadi Coal Fields Limited,2015-10-01,2022-03-01,2022-03-01,359.69,,,,,,,,without_doc,363
2022-10-01,N16000336,2,"AUGMENTATION OF LPG IMPORT TERMINAL FROM 0.6 MMTPA TO 2.5 MMTPA AT KANDLA, GUJARAT",Indian Oil Corporation Limited,IOCL,GUJARAT,2018-03-01,2023-03-01,2023-03-01,588.2,730.2,334.58,,,,0(R3),14/17,without_original_doc,390
2022-10-01,N28000150,2,C/O AIIMS AT AWANTIPORA (KASHMIR) JAMMU AND KASHMIR,Cpwd For Health,,,2019-03-01,2025-09-01,2024-05-01,1828,1828,303.17,,,,,,ahead,240
2022-10-01,N02000028,3,KUDANKULAM NUCLEAR POWER PROJECT UNIT-3 and 4,Bhavini Limited,NPCIL,TAMIL NADU,2013-03-01,2020-11-01,2023-11-01,39849,39849,32456,,,,,,delayed,280
2022-10-01,N06000216,3,REVISED PROJECT REPORT MAGADH EXPANSION OCP,Central Coal Fields Limited,,,2020-08-01,2028-03-01,2028-03-01,7254.37,7254.37,786.58,,,,,,on_schedule,242
2022-10-01,N06000225,3,ANANTA OCP EXPANSION PH III,Eastern Coal Fields Limited,MCL,ODISHA,2008-08-01,2012-03-01,,228.08,,,,,,,,without_doc,363
2022-10-01,N18000278,3,KIRU HYDRO ELECTRIC PROJECT,Chenab Velley Power Projects [P] Limited,CVPPPL,JAMMU AND KASHMIR,2019-03-01,2024-08-01,2025-07-01,4287.59,4287.59,830.35,,,,11(R3),0/0,without_original_doc,390
2022-10-01,N02000027,4,RAJASTHAN ATOMIC POWER PROJECT -7 AND 8 (2X700 MW),Bhavini Limited,NPCIL,RAJASTHAN,2009-10-01,2016-12-01,2023-12-01,12320,17079,15196,,17079,,,,delayed,280
2022-10-01,N06000239,4,SIRKA OCP,Central Coal Fields Limited,,,2020-05-01,2025-03-01,2025-03-01,222.82,222.82,136.79,,,,,,on_schedule,242
2022-10-01,N06000249,4,SUBHADRA OCP,Eastern Coal Fields Limited,MCL,ODISHA Neyveli Lignite Corporation,2021-05-01,2027-03-01,,1693.81,,,,,2029-03-01,,,without_doc,363
2022-10-01,N21000020,4,HOSPITAL AND TEACHING- AIIMS GUNTUR,Ltd,HSCC,ANDHRA PRADESH,2018-03-01,,2022-10-01,601.02,601.02,585.04,,,,,0/0,without_original_doc,390
2022-10-01,N16000409,4,PETROCHEMICAL AND LUBE INTEGRATION PROJECT AT GUJARAT REFINERY,Indian Oil Corporation Limited,,,2020-09-01,2024-09-01,2024-08-01,18936,18936,1806.74,,,,,,ahead,240
2022-10-01,N04000073,5,"CONSTRUCTION OF NEW INTEGRATED TERMINAL BUILDING AT VSI AIRPORT, PORTBLAIR",Airport Authority Of India Limited,AAI,A & N ISLANDS,2013-10-01,2018-09-01,2022-12-01,417.23,707.73,582.4,,707.73,,Nil,,delayed,280
2022-10-01,N06000237,5,KOTRE BASANTPUR PACHMO OCP,Central Coal Fields Limited,,,2020-08-01,2032-03-01,2032-03-01,861.06,861.06,139.5,,,,,,on_schedule,242
2022-10-01,N06000144,5,HADLA LIGNITE MINE PROJECT(1.90 MTPA),Eastern Coal Fields Limited,NLC,RAJASTHAN,2015-03-01,2019-09-01,2019-09-01,522.45,,,,,,,,without_doc,363
2022-10-01,220100305,5,"KODERMA-TILAIYA (NL), ECR",East Central Railways,ECR,JHARKHAND,2002-04-01,,2024-03-01,459.91,1625.87,1177.82,,1625.87,,,0/0,without_original_doc,390
2022-10-01,N04000076,6,"CONSTRUCTION OF COMBINED OPERATIONAL OFFICES FOR DGCA, BCAS, AAIB, AERA AND AAI AT SAFDARJUNG AIRPOR",Airport Authority Of India Limited,AAI,DELHI,2016-11-01,2020-04-01,2022-12-01,303.8,3151.21,259.35,,351.21,2022-12-01,Nil,,delayed,280
2022-10-01,N06000245,6,EXPANSION OF KONAR OCP,Central Coal Fields Limited,,,2022-01-01,2032-03-01,2032-03-01,799.34,799.34,263.25,,,,,,on_schedule,242
2022-10-01,N06000095,6,NEYVELI NEW THERMAL POWER PROJECT(2X500 MW),Eastern Coal Fields Limited,NLC,TAMIL NADU,2011-06-01,2015-12-01,2021-02-01,5907.11,,,,,,,,without_doc,363
2022-10-01,N22000180,6,SAKRI-NIRMALI AND JHANJHARPUR- LAUKAHABAZAR AND SAHARSA- FORBESGANJ (GC),East Central Railways,ECR,BIHAR,2004-04-01,,2024-03-01,372.14,1700,1786.55,,1470.5,,,0/0,without_original_doc,390
2022-10-01,N18000194,6,BUXAR THERMAL POWER PLANT (1320 MW),National Thermal Power Corporation,,,2019-03-01,2024-01-01,2023-12-01,10439.09,10439.09,6334.62,,,,,,ahead,240
2022-10-01,N04000085,7,"CONSTRUCTION OF DOMESTIC PASSENGER TERMINAL BUILDING AT DEHRADUN AIRPORT, DEHRADUN",Airport Authority Of India Limited,AAI,UTTARAKHAND,2018-07-01,2020-09-01,2022-12-01,456.86,456.86,383.66,,,,Nil,,delayed,280
2022-10-01,N06000247,7,EXPANSION OF ASHOK OCP,Central Coal Fields Limited,,,2021-05-01,2026-03-01,2026-03-01,2898.28,2898.28,186.46,,,,,,on_schedule,242
2022-10-01,N06000145,7,BITHNOK LIGNITE MINE PROJECT (2.25 MTPA),Eastern Coal Fields Limited,NLC,RAJASTHAN,2015-03-01,2019-12-01,,513.63,,,,,,,,without_doc,363
2022-10-01,N22000476,7,"FATUHA-ISLAMPUR INCL. MM FOR EXTENSION OF NEW LINE FORM BIHARSHARIF-BARBIGHA, DANIYAWAN- BIHARSHARIF",East Central Railways,ECR,BIHAR,1991-04-01,,2024-03-01,329.39,1510,1566.82,,1483.14,,,0/0,without_original_doc,390
2022-10-01,N22000273,7,BHANUPALI-BILASPUR BERI NL,Rail Vikas Nigam Ltd.,,,2008-04-01,2026-12-01,2025-03-01,2966.99,6753.42,3307.78,,,,,,ahead,240
2022-10-01,N04000089,8,EXT AND STR. OF EXISTING RUNWAY 08/26 AT TIRUPATI AIRPORT,Airport Authority Of India Limited,AAI,ANDHRA PRADESH,2017-08-01,2020-02-01,2022-12-01,177.1,177.1,139.12,,,2022-12-01,1. A portion of the site,,delayed,281
2022-10-01,N06000243,8,EPR ROHINI KARKATA OCP,Central Coal Fields Limited,,,2021-01-01,2025-03-01,2025-03-01,1020.42,1020.42,88.22,,,,,,on_schedule,242
2022-10-01,N06000187,8,BARSINGSAR THERMAL POWER STATION EXTENSION,Eastern Coal Fields Limited,NLC,RAJASTHAN,2015-03-01,2020-09-01,,2112.6,,,,,,,,without_doc,363
2022-10-01,220100303,8,"HAJIPUR-SUGAULI VIA VAISHALI (NL), ECR",East Central Railways,ECR,BIHAR,2003-04-01,,2024-12-01,528.65,2066.78,1672.85,,2066.78,,,0/0,without_original_doc,390
2022-10-01,N24001364,8,DABOKA KATHKATI PACKAGE-2,Ltd.,,,2021-03-01,2024-01-01,2023-01-01,335.88,335.88,142.24,,,,,,ahead,241
2022-10-01,N04000093,9,"EXTENSION OF TERMINAL BUILDING, PTT, APRON AND CAR PARK AT SURAT AIRPORT.",Airport Authority Of India Limited,AAI,GUJARAT,2018-08-01,2021-02-01,2022-12-01,353.25,353.25,160.61,,,,Nil,,delayed,281
2022-10-01,N06000186,9,TETARIAKHAR EXPANSION OCP,Central Coal Fields Limited,,,2019-11-01,2023-03-01,2023-03-01,243.52,243.52,48.22,,,,,,on_schedule,242
2022-10-01,N06000188,9,BITHNOK LIGNITE THERMAL POWER STATION,Eastern Coal Fields Limited,NLC,RAJASTHAN South-Eastern Coal Fields Limited,2015-03-01,2020-09-01,,2196.3,,,,,,,,without_doc,363
2022-10-01,N22000171,9,SAKRI-HASANPUR ROAD (NL),East Central Railways,ECR,BIHAR,1999-04-01,,2024-12-01,325,735.2,421,,735.2,,,0/0,without_original_doc,390
2022-10-01,N24001365,9,DABOKA KATHKATI PACKAGE-4,Ltd.,,,2021-02-01,2023-12-01,2022-12-01,260.07,260.07,257.46,,,,,,ahead,241
2022-10-01,N04000086,10,"CO CIVIL AVIATION REASEARCH ORG. (PH-II) AT BEGUMPET AIRPORT, HYDRABAD",Airport Authority Of India Limited,AAI,TELANGANA,2020-05-01,2022-05-01,2023-03-01,353.61,353.61,194.71,,,2023-03-01,Nil,,delayed,281
2022-10-01,N06000217,10,EXPANSION PROJECT AMRAPALI OCP,Central Coal Fields Limited,,,2020-08-01,2028-03-01,2028-03-01,5136.15,5136.15,412.85,,,,,,on_schedule,242
2022-10-01,N06000134,10,BATURA HIGHWALL PROJECT,Eastern Coal Fields Limited,SECL,MADHYA PRADESH,2015-07-01,2022-03-01,2022-03-01,231.92,,,,,,,,without_doc,363
2022-10-01,N22000329,10,SAMASTIPUR-DARBANGHA,East Central Railways,ECR,BIHAR,2015-05-01,,2024-12-01,380,519.33,351.3,,519.33,,,0/0,without_original_doc,390
2022-10-01,N24001405,10,CHURACHANPUR TUIVAI PKG-3,Ltd.,,,2021-07-01,2023-10-01,2023-08-01,673.27,673.27,106.28,,,,,,ahead,241
2022-10-01,N04000087,11,UPGRADATION OF JABALPUR AIRPORT,Airport Authority Of India Limited,AAI,MADHYA PRADESH,2016-06-01,2021-06-01,2023-03-01,412.24,412.24,295.83,,,,Nil,,delayed,281
2022-10-01,N06000238,11,CHANDRAGUPT OCP,Central Coal Fields Limited,,,2020-08-01,2032-03-01,2032-03-01,973.5,973.5,204.84,,,,,,on_schedule,242
2022-10-01,N06000232,11,JAGANNATHPUR OC RCE (3.0 MTY),Eastern Coal Fields Limited,SECL,CHHATISGARH Western Coal Fields Limited,2016-07-01,2020-03-01,2022-03-01,459.49,,,,,,,,without_doc,363
2022-10-01,220100257,11,KHAGARIA-KUSHESHWAR ASTHAN (NL) (ECR),East Central Railways,ECR,BIHAR,1997-04-01,,2025-03-01,162.87,614.45,370.5,,614.45,,,0/0,without_original_doc,391
2022-10-01,N24001438,11,MERANGKONG-TAMLU-MON (MTM) PKG-5,Ltd.,,,2021-07-01,2023-12-01,2023-03-01,161.73,161.73,11.38,,,,,,ahead,241
2022-10-01,N04000075,12,UPGRADATION OF PASSENGER TERMINAL BUILDING AND AIRSIDE FACILITIES AT TIRUCHIRAPALLI INTERNATIONAL AI,Airport Authority Of India Limited,AAI,TAMIL NADU,2018-08-01,2021-10-01,2023-04-01,951.28,951.28,697.1,,,,Nil,,delayed,281
2022-10-01,N06000242,12,EPR PUNDI OCP,Central Coal Fields Limited,,,2020-11-01,2024-03-01,2024-03-01,713.35,713.35,234.97,,,,,,on_schedule,242
2022-10-01,N06000154,12,NILJAI EXPANSION (DEEP) OC (3.5 MTY),Eastern Coal Fields Limited,WCL,MULTI STATE,2016-08-01,2022-03-01,2022-03-01,319.76,,,,319.76,,,,without_doc,363
2022-10-01,N22000177,12,ARARIA-SUPAUL (NL),East Central Railways,ECR,BIHAR Eastern Railways,2008-04-01,,2025-12-01,1605.17,1605.17,224,,1605.17,,,0/0,without_original_doc,391
2022-10-01,N24001406,12,PEREN-DIMAPUR SECTION PKG-2,Ltd.,National Highways Authority Of India,,2021-07-01,2023-03-01,2023-02-01,258.52,258.52,52.94,,,,,,ahead,241
2022-10-01,N04000081,13,"AIRSIDE CAPACITY ENHANCEMENT OF NSBI AIRPORT, KOLKATA",Airport Authority Of India Limited,AAI,WEST BENGAL,2019-01-01,2021-11-01,2023-04-01,389.71,389.71,345.06,,,,2,,delayed,281
2022-10-01,N06000218,13,UCE OF EPR OF NORTH URIMARI OCP,Central Coal Fields Limited,,,2021-07-01,2026-03-01,2026-03-01,778.8,778.8,517.35,,,,,,on_schedule,242
2022-10-01,N06000179,13,UKNI DEEP OC,Eastern Coal Fields Limited,WCL,MAHARASHTRA,2018-11-01,2021-03-01,2022-09-01,318.14,,,,,,,,without_doc,363
2022-10-01,N22000302,13,BAZAR SAU -AZIMGANJ JN. DOUBLING,East Central Railways,ER,WEST BENGAL,2012-04-01,,2022-12-01,255.64,272.2,335,,,,,0/0,without_original_doc,391
2022-10-01,N04000094,14,DEVELOPMENT OF AYODHYA AIRPORT PHASE-01,Airport Authority Of India Limited,AAI,UTTAR PRADESH,2021-03-01,2022-12-01,2023-05-01,242.14,242.14,83.23,,,,As above.,,delayed,281
2022-10-01,N06000240,14,JHARKHAND LAIYO OCP,Central Coal Fields Limited,,,2020-08-01,2031-03-01,2031-03-01,764.57,764.57,152.92,,,,,,on_schedule,242
2022-10-01,N06000180,14,BELLORA-NAIGAON DEEP OC,Eastern Coal Fields Limited,WCL,MAHARASHTRA,2018-11-01,2021-03-01,2022-09-01,252.71,,,,,2022-09-01,,,without_doc,363
2022-10-01,N22000301,14,MONIGRAM- NIMTITA,East Central Railways,ER,MULTI STATE North Central Railway,2012-04-01,,2023-03-01,250.93,310.7,484.79,,,,,0/0,without_original_doc,391
2022-10-01,N04000091,15,C/O OF NITB AND ASSOCIATED WORK AT VIJAYAWADA AIRPORT,Airport Authority Of India Limited,AAI,ANDHRA PRADESH,2020-04-01,2023-03-01,2023-07-01,611.8,611.8,175.77,,,,Nil,,delayed,281
2022-10-01,N06000241,15,EPR TAPIN SOUTH OCP,Central Coal Fields Limited,,,2020-11-01,2025-03-01,2025-03-01,230.41,230.41,18.14,,,,,,on_schedule,242
2022-10-01,N06000255,15,NEW MAJARI UG TO OC (3.0 MTY),Eastern Coal Fields Limited,WCL,MAHARASHTRA,2019-05-01,2027-03-01,,496.38,,,,,,,,without_doc,363
2022-10-01,N22000158,15,DHOLPUR-SIRMUTTRA WITH EXTENSION TO GANGAPURCITY AND MOHARI-TANTPUR AND TANPUR-BANSI PAHARPUR,East Central Railways,NCR,MULTI STATE North East Frontier Railway,2010-04-01,2026-03-01,2027-12-01,2030.5,746.83,22.79,,746.83,,21(R3),0/0,without_original_doc,391
2022-10-01,N04000088,16,"C/O NEW GREENFIELD AIRPORT AT HISSAR, RAJKOT, GUJARAT",Airport Authority Of India Limited,AAI,GUJARAT,2018-01-01,2022-08-01,2023-08-01,1405,1405,773.11,,,,1) Relocation of Juna,,delayed,282
2022-10-01,N06000246,16,EXPANSION OF KARO OCP,Central Coal Fields Limited,Eastern Coal Fields Limited,,2022-01-01,2026-03-01,2026-03-01,908.47,908.47,99.07,,,,,,on_schedule,242
2022-10-01,N06000256,16,BHANEGAON OC (1.15MTY),Eastern Coal Fields Limited,WCL,MAHARASHTRA 360,2022-09-01,2028-03-01,,494.6,,,,,,,,without_doc,363
2022-10-01,N22000207,16,NEW BG LINE FROM JAGBANI TO BIRATNAGAR,East Central Railways,NFR,MULTI STATE North Eastern Railway,2010-04-01,,2023-03-01,241.52,401.65,343.3,,,,,0/0,without_original_doc,391
2022-10-01,N04000077,17,"CCS INTERNATIONAL AIRPORT , LUCKNOW",Airport Authority Of India Limited,AAI,UTTAR PRADESH,2018-06-01,2021-09-01,2023-09-01,1383,2445,797.96,,,,,,delayed,282
2022-10-01,N06000172,17,TILABONI UG MINE,Central Coal Fields Limited,,,2019-02-01,2027-03-01,2027-03-01,916.62,916.62,5.89,,,,,,on_schedule,243
2022-10-01,N06000257,17,AMALGAMATED DHANKASA JAMUNIA UG (1.84 MTY),Eastern Coal Fields Limited,WCL,MADHYA PRADESH,2022-09-01,2027-03-01,,497.01,,,,,,,,without_doc,364
2022-10-01,N22000468,17,BURHWAL - GONDA - 3RD RUNNING LINE.,East Central Railways,NER,UTTAR PRADESH Northern Railway,2016-04-01,,2023-12-01,602.5,800,202.01,,,,,0/0,without_original_doc,391
2022-10-01,N04000079,18,"CONSTRUCTION OF NEW INTEGRATED TERMINAL BUILDING, RECONSTRUCTION OF OLD TERMINAL BUILDING, MODIFICAT",Airport Authority Of India Limited,AAI,MAHARASHTRA,2017-03-01,2021-04-01,2023-09-01,475.39,475.39,266.79,,,,Nil,,delayed,282
2022-10-01,N06000236,18,MOHANPUR EXPANSION OC PHASE II,Central Coal Fields Limited,,,2020-11-01,2025-03-01,2025-03-01,888.99,888.99,28.52,,,,,,on_schedule,243
2022-10-01,N28000109,18,CONSTRUCTION OF 726 Nos RESIDENTIAL QUARTERS CHENNAI,Cpwd For Finance,CPWD FOR FINANC,TAMIL NADU National Projects Construction Corporation Limited,2017-11-01,2021-11-01,,348.77,,,,,,,,without_doc,364
2022-10-01,N22000274,18,DEOBAND (MUZAFFARNAGAR)- ROORKEE NL,East Central Railways,NR,MULTI STATE,2007-04-01,,2023-09-01,336.91,791.39,572.99,,,,,0/0,without_original_doc,391
2022-10-01,N04000095,19,EXTENSION OF EXISTING INTEGRATED TERMINAL BUILDING AND ALLIED WORKS AT GOA AIRPORT.,Airport Authority Of India Limited,AAI,GOA,2017-11-01,2021-09-01,2023-09-01,255.69,255.69,29.87,,,,Conscent to Establish,,delayed,282
2022-10-01,N06000169,19,CHITRA EAST (RCE) OCP,Central Coal Fields Limited,,,2018-08-01,2024-03-01,2024-03-01,513.98,513.98,173.07,,,,,,on_schedule,243
2022-10-01,N07000001,19,"C/O RESIDENTIAL COMPLEX BUILDING FOR CENTRAL BOARD OF INDIRECT TAXES AND CUSTOMS AT SECTOR-9, DWARKA",Cpwd For Finance,NPCC,DELHI,2018-07-01,2022-04-01,2022-04-01,228.5,,,,220.27,,,,without_doc,364
2022-10-01,N22000281,19,ANAND VIHAR-TILAK BRIDGE 3RD AND 4TH LINE,East Central Railways,NR,DELHI South Western Railway,2012-04-01,,2023-09-01,295.68,419,133.78,,,,,0/0,without_original_doc,391
2022-10-01,N04000096,20,"EXTENSION OF RUNWAY WITH BLAST PAD, RESA, TAXIWAY, APRON, GSE AREA, ISOLATION BAY, NEW DOMESTIC TERM",Airport Authority Of India Limited,AAI,MAHARASHTRA,2017-06-01,2020-12-01,2023-09-01,255.68,255.68,205.35,,,,Process of acquisition of,,delayed,282
2022-10-01,N06000165,20,SIDULI MINE (OC AND UG),Central Coal Fields Limited,,,2018-05-01,2026-03-01,2026-03-01,535.18,535.18,2.65,,,,,,on_schedule,243
2022-10-01,N16000333,20,AUGMENTATION OF MATHURA-TUNDLA PIPELINE AND ITS EXTENSION FOR HOOK UP WITH BARAUNI-KANPUR PIPELINE A,Indian Oil Corporation Limited,IOCL,UTTAR PRADESH,2018-03-01,2022-08-01,2022-08-01,676,,,,,,,,without_doc,364
2022-10-01,N22000256,20,TUMKUR-CHITRADURGA-DAVENGERE NL,East Central Railways,SWR,KARNATAKA,2011-04-01,,2025-03-01,1801.01,2000.97,106.51,,,,,0/0,without_original_doc,391
2022-10-01,N04000092,21,CONSTRUCTION OF NEW GREEN FIELD AIRPORT AT HOLLONGI ITANAGAR ARUNACHAL PRADESH,Airport Authority Of India Limited,AAI,ARUNACHAL PRADESH,2019-02-01,2022-08-01,2023-10-01,645.63,645.63,541.67,,,2023-06-01,Land acquisition for,,delayed,282
2022-10-01,N06000185,21,PARASEA- BELBAID REORGANISATION UG MINE,Central Coal Fields Limited,,,2019-07-01,2027-03-01,2027-03-01,826.42,826.42,3.13,,,,,,on_schedule,243
2022-10-01,N16000342,21,"CONSTRUCTION OF GRASS ROOT PETROLEUM TOP AT ATCHUTAPURAM, ANDHRA PRADESH",Indian Oil Corporation Limited,IOCL,ANDHRA PRADESH,2018-08-01,2021-04-01,2022-09-01,466,,,,,2022-09-01,,,without_doc,364
2022-10-01,N22000279,21,RAYADURGA-TUMKUR NL,East Central Railways,SWR,MULTI STATE,2007-04-01,,2025-12-01,2062.3,2404.03,1118.22,,,,,2/2,without_original_doc,391
2022-10-01,N04000078,22,CONSTRUCTION OF TERMINAL BUILDING AND ASSOCIATED WORKS AT LEH AIRPORT,Airport Authority Of India Limited,AAI,LADAKH,2018-07-01,2021-09-01,2023-12-01,346.27,480.33,205.48,,,,Nil,,delayed,282
2022-10-01,N06000170,22,NAKRAKONDA KUMARDIH B OCP,Central Coal Fields Limited,,,2018-08-01,2029-03-01,2029-03-01,502.68,502.68,40.82,,,,,,on_schedule,243
2022-10-01,N16000350,22,REVAMPING OF VIJAYAWADA TERMINAL FOR CONVERSION TO TOP,Indian Oil Corporation Limited,IOCL,ANDHRA PRADESH,2018-10-01,2021-10-01,2022-09-01,316.2,,,,,2022-09-01,,,without_doc,364
2022-10-01,220100193,22,"HUBLI-ANKOLA(NL),SWR",East Central Railways,SWR,KARNATAKA Southern Railway,1997-04-01,,2028-03-01,2315,5174.3,159.44,,,,,0/0,without_original_doc,391
2022-10-01,N04000080,23,CONSTRUCTION OF ATC TOWER AND TECHNICAL BLOCK AT NSCBI AIRPORT KOLKATA,Airport Authority Of India Limited,AAI,WEST BENGAL,2016-01-01,2020-03-01,2024-03-01,458,458,194.8,,,,Nil,,delayed,282
2022-10-01,N06000220,23,SONEPUR BAZARI EXPANSION OC,Central Coal Fields Limited,,,2021-07-01,2029-03-01,2029-03-01,5365.88,5365.88,178.02,,5366,,,,on_schedule,243
2022-10-01,N16000162,23,ENNORE-TRICHY-MADURAI LPG PIPELINE,Indian Oil Corporation Limited,IOCL,TAMIL NADU,2013-05-01,2020-06-01,,711,,,,,,,,without_doc,364
2022-10-01,N22000201,23,MADURAI-BODINAYAKKANUR,East Central Railways,SR,TAMIL NADU,2008-04-01,2022-10-01,2022-10-01,164.41,592.9,480.66,,,,0(R3),0/0,without_original_doc,391
2022-10-01,N04000082,24,"CONSTRUCTION OF NEW DORNESTIC TERMINAL BUILDING AND OTHER STRUCTURES, PHASE I AND II",Airport Authority Of India Limited,AAI,BIHAR,2018-05-01,2022-10-01,2024-03-01,1216.9,1216.9,343.64,,,,AUGUMENTATION OF,,delayed,282
2022-10-01,N06000223,24,EXPANSION PR OF JHANJRA UG (5.00 MTY),Central Coal Fields Limited,,,2020-04-01,2029-03-01,2029-03-01,1210.12,1210.12,162.87,,,,,,on_schedule,243
2022-10-01,N18000142,24,LATA-TAPOVAN HYDRO ELECTRIC POWER PROJECT 3X57 MW,National Thermal Power Corporation,NTPC,UTTARAKHAND Power Grid Corporation Of India Limited,2012-07-01,2017-08-01,,1527,,,,,,,,without_doc,364
2022-10-01,N22000399,24,TRIVANDRUM-KANYAKUMARI DOUBLING,East Central Railways,SR,KERALA,2015-02-01,,2024-03-01,1431.9,1431.9,1153.9,,,,,0/0,without_original_doc,391
2022-10-01,N04000090,25,DEVELOPMENT OF TUTICORIN AIRPORT,Airport Authority Of India Limited,AAI,TAMIL NADU,2019-06-01,2022-03-01,2024-03-01,380.87,380.87,81.05,,,,Nil,,delayed,282
2022-10-01,N06000191,25,SHYAMSUNDARPUR UG INCLUDING SAPI UNIT,Central Coal Fields Limited,,,2020-04-01,2025-03-01,2025-03-01,483.65,483.65,13.81,,,,,,on_schedule,243
2022-10-01,N18000164,25,EASTERN REGION STRENGTHENING SCHEME-XII,National Thermal Power Corporation,PGCIL,MULTI STATE,2014-05-01,2016-11-01,2022-04-01,522.29,,,,,,,,without_doc,364
2022-10-01,N22000400,25,TURAVUR-AMBALAPUZHA DOUBLING,East Central Railways,SR,KERALA,2015-02-01,,2025-03-01,1000,1339,0.93,,,,,0/0,without_original_doc,391
2022-10-01,N04000074,26,"MODERNIZATION OF CHENNAI AIRPORT PHASE II, CHENNAI",Airport Authority Of India Limited,AAI,TAMIL NADU,2018-06-01,2022-02-01,2024-12-01,2467,2467,1100.85,,,2024-12-01,Nil,,delayed,283
2022-10-01,N06000244,26,BONJEMEHARI EXPANSION OCP,Central Coal Fields Limited,Mahanadi Coal Fields Limited,,2021-08-01,2025-03-01,2025-03-01,570.12,570.12,5.37,,,,,,on_schedule,243
2022-10-01,N18000315,26,EASTERN REGION STRENGTHENING SCHEME - XXIII,National Thermal Power Corporation,PGCIL,MULTI STATE,2020-07-01,2021-06-01,2022-04-01,239.89,,,,,,,,without_doc,364
2022-10-01,N22000085,26,TIDIVANAM-NAGARI (NL),East Central Railways,SR,TAMIL NADU Western Railway,2006-09-01,2025-12-01,2025-12-01,582.83,3500.79,659.19,,,,0(R3),0/0,without_original_doc,391
2022-10-01,N04000083,27,CONSTRUCTION OF NEW INTEGRATED TERMINAL BUILDING AT LGBI AIRPORT GUWAHATI,Airport Authority Of India Limited,AAI,ASSAM,2016-12-01,2021-03-01,2025-03-01,1142,1232,519.68,,,,,,delayed,283
2022-10-01,N06000230,27,BALARAM EXPANSION OCP,Central Coal Fields Limited,,,2020-08-01,2029-03-01,2029-03-01,3504.21,3504.21,631.72,,,,,,on_schedule,243
2022-10-01,N18000258,27,EASTERN REGION STRENGTHENING SCHEME-XVIII,National Thermal Power Corporation,PGCIL,MULTI STATE Satluj Jal Vidyut Nigam Limited,2017-03-01,2020-07-01,2022-08-01,3500,,,,3500,,,,without_doc,364
2022-10-01,N22000434,27,MUMBAI CENTRAL VIRAR VADODARA AHMEDABAAD TRAIN PROTECTION SYSTEM 500 RKM,East Central Railways,WR,MAHARASHTRA,2010-03-01,,2024-03-01,265.88,311.36,,,,,,0/0,without_original_doc,391
2022-10-01,N06000126,28,MADHUBAND NLW WASHERY,Bharat Coking Coal Limited,BCCL,JHARKHAND,2010-08-01,2014-05-01,2022-12-01,289.45,302,297.18,,302,,,,delayed,283
2022-10-01,N06000171,28,REORGANISATION OF BHARATPUR OCP EXPANSION,Central Coal Fields Limited,,,2018-11-01,2029-03-01,2029-03-01,2838.87,2838.87,1390.94,,,,,,on_schedule,243
2022-10-01,N18000340,28,RAGHANESDA SOLAR POWER PROJECT,National Thermal Power Corporation,SJVN,GUJARAT,2022-06-01,2023-12-01,,642.15,,,,,,,,without_doc,364
2022-10-01,N22000435,28,VIRAR SURAT ROAD OVER BRIDGE IN LIEU OF LEVEL CROSSING NOS 42 46A 48 52 55 102 106 108 130 AND 137 A,East Central Railways,WR,MAHARASHTRA,2012-03-01,,2024-03-01,217.38,393.62,219.72,,,,,0/0,without_original_doc,392
2022-10-01,N06000195,29,2.0 MTPA BHOJUDIH NLW WASHERY,Bharat Coking Coal Limited,BCCL,WEST BENGAL,2015-12-01,2017-03-01,2022-12-01,304.13,341.22,160.9,,341.22,,,,delayed,283
2022-10-01,N06000113,29,SIARMAL OCP (40.00MTY),Central Coal Fields Limited,,,2014-05-01,2026-03-01,2026-03-01,3756.36,3756.36,2808.64,,,,,,on_schedule,243
2022-10-01,N28000112,29,C/O NEW HOSPITAL BLOCK FOR SREE CHITRA TIRUNAL INSTITIUTE OF MEDICAL SCIENCE AND TECHNOLOGY (SCTIMST,Cpwd For Health,CPWD FOR HEALTH,KERALA,2017-09-01,2020-03-01,2020-03-01,150.29,,,,,,,,without_doc,365
2022-10-01,N22000436,29,VIRAR SURAT ROAD OVER BRIDGE IN LIEU OF LEVEL CROSSING NOS 60 64 66 68 69 71 74 75 77 81 AND 82 ALON,East Central Railways,WR,GUJARAT,2012-03-01,,2024-03-01,248.26,528.49,127.92,,,,,0/0,without_original_doc,392
2022-10-01,N06000194,30,PATHERDIH 2.5 NLW COAL WASHERY,Bharat Coking Coal Limited,BCCL,JHARKHAND,2015-10-01,2018-04-01,2023-06-01,243,334.27,51.24,,334.27,,,,delayed,283
2022-10-01,N06000227,30,BHUBANESWARI EXPANSION OCP,Central Coal Fields Limited,,,2020-08-01,2031-03-01,2031-03-01,3145.45,3145.45,864.5,,,,,,on_schedule,243
2022-10-01,N28000139,30,CONST OF 152 QTRS 240 BOYS 240 GIRLS 150 NURSES HOSTEL AND OTHER BUILDINGS INCLUDING DEVELOPMENT,Cpwd For Health,CPWD FOR HEALTH,PONDICHERRY,2018-03-01,2020-09-01,2020-09-01,195,,,,,,,,without_doc,365
2022-10-01,N22000142,30,MIYAGAM-KARJAN-DABHOI-SAMLAYA (GC),East Central Railways,WR,GUJARAT,2011-04-01,2025-10-01,2025-10-01,844.1,844.1,399.52,,844.1,,0(R3),0/0,without_original_doc,392
2022-10-01,N06000106,31,NORTH TISRA AND SOUTH TISRA EXPANSION OCP (6MTY),Bharat Coking Coal Limited,BCCL,JHARKHAND,2014-02-01,2021-03-01,2023-09-01,555.52,555.52,20.53,,,,,,delayed,283
2022-10-01,N06000229,31,GOPALJI-KANIHA OCP,Central Coal Fields Limited,,,2020-08-01,2028-03-01,2028-03-01,8416.19,8416.19,1295.13,,,,,,on_schedule,243
2022-10-01,N28000127,31,CONSTRUCTION OF 300 BEDDED HOSPITAL AND TEACHING BLOCK IN DR YS PARMAR GMC AT NAHAN HIMACHAL PRADESH,Cpwd For Health,CPWD FOR HEALTH,HIMACHAL PRADESH,2018-12-01,2021-06-01,2021-06-01,260,,,,,,,,without_doc,365
2022-10-01,N24000780,31,REHABILITATION AND UP GRADATION OF 2 LANE/ 2 LANE WITH PAVED SHOULDER FROM EXISTING KM. 172.900 TO K,(State Pwds),MoRTH,UTTARAKHAND,2018-02-01,2022-10-01,2022-10-01,293.68,293.68,185.08,,,,0(R3),0/0,without_original_doc,392
2022-10-01,N06000098,32,MOONIDIH XV SEAM UG,Bharat Coking Coal Limited,BCCL,JHARKHAND,2011-08-01,2019-03-01,2024-04-01,1230.27,1230.27,559.03,,,,,,delayed,283
2022-10-01,N06000167,32,INTEGRATED LAKHANPUR-BELPAHAR-LILARI OCP,Central Coal Fields Limited,Neyveli Lignite Corporation,,2018-05-01,2027-03-01,2027-03-01,2434.75,2434.75,1003.54,,,,,,on_schedule,243
2022-10-01,N28000098,32,ESTABLISHMENT OF NATIONAL ANIMAL RESOURCE FACILITY FOR BIOMEDICAL RESEARCH AT HYDERABAD,Cpwd For Health,CPWD FOR HEALTH,TELANGANA Hll Infra Tech Services Limited,2016-10-01,2020-03-01,,209.84,,,,,,,,without_doc,365
2022-10-01,N24000531,32,REHABILITATION AND UPGRADING TO 2 LANES/2 LANE WITH PAVED SHOULDERS (KM 40 TO KM 219.945) OF NH-104,(State Pwds),MoRTH,BIHAR,1991-01-01,2022-11-01,2022-11-01,319.68,404.1,400.67,,404.1,,0(R3),0/0,without_original_doc,392
2022-10-01,N06000096,33,MURAIDIH UG TURN-KEY PROJECT,Bharat Coking Coal Limited,BCCL,JHARKHAND Central Coal Fields Limited,2011-02-01,2014-04-01,2025-10-01,339.88,339.88,130.52,,,,,,delayed,283
2022-10-01,N06000193,33,PACHWARA SOUTH COAL BLOCK,Central Coal Fields Limited,,,2013-07-01,2028-09-01,2028-09-01,1795.01,1795.01,41.37,,,,,,on_schedule,243
2022-10-01,N21000025,33,ALL INDIA INSTITUTE OF MEDICAL SCIENCE AT GORAKHPUR (U.P.),Cpwd For Health,HITES,UTTAR PRADESH,2016-07-01,2020-04-01,,785,,,,,,,,without_doc,365
2022-10-01,N24001210,33,REHABILITATION AND UPGRADATION OF EXISTING PAVEMENT TO FOUR LANE WITH PAVED SHOULDER FROM KM 135.230,(State Pwds),MoRTH,UTTAR PRADESH,2018-03-01,,2022-11-01,306.59,306.59,219.78,,,,,0/0,without_original_doc,392
2022-10-01,N06000083,34,CHURI BENTI UG (0.81 MTY),Bharat Coking Coal Limited,CCL,JHARKHAND,2007-08-01,2011-03-01,2023-03-01,163.51,163.51,134.46,,,,,,delayed,283
2022-10-01,N06000189,34,TALABIRA II AND III OCP,Central Coal Fields Limited,Northern Coal Fields Limited,,2017-07-01,2027-01-01,2027-01-01,2401.07,2401.07,948.7,,,,,,on_schedule,243
2022-10-01,N21000026,34,"ALL INDIA INSTITUTE OF MEDICAL SCIENCE AT BATHINDA, PUNJAB",Cpwd For Health,HITES,PUNJAB,2016-07-01,2020-06-01,,703,,,,,,,,without_doc,365
2022-10-01,N24000444,34,CONSTRUCTION OF BRIDGE INCLUDING APPROACHES ACROSS RIVER ZUARI ON NH-17 (NH-66) ON PANJIM-MANGALORE,(State Pwds),MoRTH,GOA,2015-10-01,2022-09-01,2022-12-01,936.4,936.4,611.47,,,,3(R3),0/0,without_original_doc,392
2022-10-01,N06000087,35,RAJRAPPA RCE OCP ( 3.0 MTY),Bharat Coking Coal Limited,CCL,JHARKHAND,2009-12-01,2016-03-01,2023-03-01,510.85,510.85,487.44,,,,,,delayed,283
2022-10-01,N06000184,35,BLOCK-B EXPANSION OPENCAST PROJECT,Central Coal Fields Limited,,,2019-07-01,2023-03-01,2023-03-01,998.71,998.71,6.55,,,,,,on_schedule,243
2022-10-01,N21000027,35,"ALL INDIA INSTITUTE OF MEDICAL SCIENCE AT GUWAHATI, ASSAM",Cpwd For Health,HITES,ASSAM Hospital Services Consultancy Corporation Ltd,2017-05-01,2021-05-01,,875,,,,890.14,,,,without_doc,365
2022-10-01,N24001211,35,IMPROVEMENT AND UP-GRADATION OF EXISITING CARRIAGEWAY TO TWO LANE WITH PAVED SHOULDER FROM KM 0.00 T,(State Pwds),MoRTH,UTTAR PRADESH,2018-11-01,,2022-12-01,281.45,319.96,214.15,,,,,0/0,without_original_doc,392
2022-10-01,N06000088,36,KARMA OCP (1.0MTY),Bharat Coking Coal Limited,CCL,JHARKHAND Eastern Coal Fields Limited,2009-06-01,2014-03-01,2023-03-01,162.46,162.46,94.42,,,,,,delayed,283
2022-10-01,N06000192,36,BINA KAKRI AMALGAMATION OCP 14 MTPA,Central Coal Fields Limited,,,2020-08-01,2024-03-01,2024-03-01,836.42,836.42,175.89,,,,,,on_schedule,243
2022-10-01,N21000007,36,"LGBRIMH-TEZPUR, ASSAM",Cpwd For Health,HSCC,ASSAM,2012-07-01,2014-12-01,2018-03-01,175.57,,,,,,,,without_doc,365
2022-10-01,N24000998,36,WIDENING AND STRENGTHENING/ RECONSTRUCTION OF EXISTING PAVEMENT TO FOUR ALNE WITH PAVED SHOULDERS FR,(State Pwds),MoRTH,TELANGANA,2019-01-01,2023-01-01,2023-01-01,193.19,249.72,189.47,,249.72,,0(R3),0/0,without_original_doc,392
2022-10-01,N06000163,37,RANIGANJ MASTER PLAN,Bharat Coking Coal Limited,ECL,WEST BENGAL Mahanadi Coal Fields Limited,2009-08-01,2019-08-01,2024-08-01,2661.73,5146.48,652.29,,,,1.Publication of final figure,,delayed,284
2022-10-01,N06000196,37,NIGAHI EXPANSION OCP (15 TO 25 MTPA),Central Coal Fields Limited,,,2020-11-01,2025-03-01,2025-03-01,1729.68,1729.68,59.34,,,,,,on_schedule,243
2022-10-01,N21000009,37,AIIMS - OPD(NEW),Cpwd For Health,HSCC,DELHI,2014-08-01,2017-05-01,2020-01-01,293.65,,,,,,,,without_doc,365
2022-10-01,N24000585,37,4-LANNING OF NH17 AND NEW NO. NH66 FROM KM 241/300 TO 281/300 UNDER HYBRID ANNUITY MODE,(State Pwds),MoRTH,MAHARASHTRA,2016-03-01,,2023-03-01,1101.58,1101.58,395.64,,,,,0/0,without_original_doc,392
2022-10-01,N06000068,38,HINGULA OC-II EXP. PH-III (15 MTY),Bharat Coking Coal Limited,MCL,ODISHA,2008-11-01,2013-03-01,2024-03-01,479.53,868.37,887.17,,,,,,delayed,284
2022-10-01,N06000208,38,KHADIA EXPANSION OCP,Central Coal Fields Limited,Singareni Colliers Company Limitted,,2021-06-01,2025-03-01,2025-03-01,491.67,491.67,6.16,,,,,,on_schedule,243
2022-10-01,N21000011,38,CONSTRUCTION OF HOSPITAL AND OPD BLOCK NCI JHAJJAR,Cpwd For Health,HSCC,HARYANA,2014-09-01,2018-03-01,2020-04-01,505.58,,,,,,,,without_doc,365
2022-10-01,N24000877,38,R AND U OF KHUTAR -LAKHIMPUR SECTION (KM 82.00 TO KM140.00) OF NH-730 TO 2L WITH PS,(State Pwds),MoRTH,UTTAR PRADESH,2016-11-01,,2023-03-01,326.99,326.99,225.63,,327,,,0/0,without_original_doc,392
2022-10-01,N06000112,39,BASUNDHARA (WEST) OC EXTN(7.00 MTY),Bharat Coking Coal Limited,MCL,ODISHA,2014-05-01,2019-03-01,2024-03-01,479.15,479.15,252.12,,,,,,delayed,284
2022-10-01,N06000210,39,RCE OF RAMAGUNDAM OPENCAST II EXTENSION,Central Coal Fields Limited,,,,2023-03-01,2023-03-01,489.62,489.62,367.41,,,,,,on_schedule,244
2022-10-01,N21000010,39,"CONSTRUCTION OF HOSPITAL BLOCK, IIT, KHARAGPUR",Cpwd For Health,HSCC,WEST BENGAL,2014-12-01,2017-05-01,2021-01-01,168.9,,,,,,,,without_doc,365
2022-10-01,N24000378,39,BARELA-MANDLA SECTION OF NH-12A IN MADHYA PRADESH KM 22/8 TO KM 89/6 OF NH-12A,(State Pwds),MoRTH,MADHYA PRADESH,2015-06-01,2021-03-01,2023-06-01,390.51,390.51,320.5,,,,27(R3),0/0,without_original_doc,393
2022-10-01,N06000117,40,GARJANBAHAL OCP,Bharat Coking Coal Limited,MCL,ODISHA,2014-11-01,2021-03-01,2026-03-01,1375.38,1375.38,736.07,,,,,,delayed,284
2022-10-01,N06000203,40,NAINI COAL MINE,Central Coal Fields Limited,,,2020-03-01,2024-03-01,2024-03-01,494.3,494.3,294.91,,,,,,on_schedule,244
2022-10-01,N21000016,40,"RESIDENTIAL COMPLEX AND OPD BLOCK, AIIMS, NAGPUR MAHARASTRA",Cpwd For Health,HSCC,MAHARASHTRA,2017-08-01,2019-03-01,2021-01-01,274.19,,,,,,,,without_doc,365
2022-10-01,N24000382,40,REHABILITATION AND UPGRADING TO 2 LANES/2 LANE WITH PAVED SHOULDERS CONFIGURATION OF BIRPUR - BIHPUR,(State Pwds),MoRTH,BIHAR,1991-01-01,2022-06-01,2023-06-01,675,780.77,452.73,,780.77,,12(R3),0/0,without_original_doc,393
2022-10-01,N06000248,41,KULDA EXPANSION OCP- 15 MTY,Bharat Coking Coal Limited,MCL,ODISHA Neyveli Lignite Corporation,2014-06-01,2018-03-01,2026-03-01,348.16,348.16,166.9,,,,,,delayed,284
2022-10-01,N06000202,41,GODAVARIKHANI COAL MINE,Central Coal Fields Limited,South-Eastern Coal Fields Limited,,2019-07-01,2023-03-01,2023-03-01,438.98,438.98,124.75,,,,,,on_schedule,244
2022-10-01,N21000017,41,"RESIDENTIAL COMPLEX AND OPD BLOCK, AIIMS-MNAGLAGIRI GUNTUR, ANDHRA PRADESH",Cpwd For Health,HSCC,ANDHRA PRADESH,2017-08-01,2019-03-01,2021-02-01,272.19,,,,,,,,without_doc,365
2022-10-01,N24000943,41,CONSTRUCTION OF A NEW 4 LANE MAJOR BRIDGE ACROSS RIVER KOSI AT PHULAUT INCLUDING RHABILITATION AND,(State Pwds),MoRTH,BIHAR National Highways And Infrastructure Development Corporation Ltd.,2018-09-01,,2024-06-01,1478.4,1478.4,234.79,,,,,0/0,without_original_doc,393
2022-10-01,N06000152,42,NEYVELI UTTAR PRADESH POWER PROJECT LIMITED 1980 MW,Bharat Coking Coal Limited,NLC,UTTAR PRADESH,2016-07-01,2021-11-01,2023-11-01,17237,17237.8,14198.14,,,,1. Acquisition of Balance,,delayed,285
2022-10-01,N06000008,42,KUSMUNDA EXPN.OCP(SECL)(15-50)MTY,Central Coal Fields Limited,,,2013-08-01,2023-03-01,2023-03-01,7612.33,7612.33,3698.52,,,,,,on_schedule,244
2022-10-01,N21000012,42,SATELLITE CENTRE PGI CHANDIGARH SANGRUR PUNJAB,Cpwd For Health,HSCC,PUNJAB,2016-07-01,2018-02-01,2021-04-01,152.95,,,,,,,,without_doc,365
2022-10-01,N24000431,42,4 LANING FROM JAMUGURI TO BISWANATH CHARIALI FROM KM 182 TO KM 208 OF NH- 52,(State Pwds),NHIDCL,ASSAM,1991-01-01,2019-06-01,2022-11-01,520.01,520.01,249.7,,,,41(R3),3/4,without_original_doc,393
2022-10-01,N06000138,43,EXPANSION OF MINE-I (LEASE AREA) AND MINE-I A (3.0 TO 7.0 MTPA),Bharat Coking Coal Limited,NLC,TAMIL NADU Northern Coal Fields Limited,2013-04-01,2015-06-01,2027-09-01,1458.17,709.06,527.46,,,,,,delayed,285
2022-10-01,N06000199,43,PORDA CHIMTAPANI OCP (10 MTY),Central Coal Fields Limited,,,2020-12-01,2029-03-01,2029-03-01,2310.12,2310.12,,,,,,,on_schedule,244
2022-10-01,N21000021,43,HOSPITAL AND MEDICAL COLLEGE AIIMS RAEBARELI,Cpwd For Health,HSCC,UTTAR PRADESH,2018-03-01,,2021-05-01,268.84,,,,,,,,without_doc,365
2022-10-01,N24000771,43,WIDENING TO 2-LANE WITH GEOMETRIC IMPROVEMENTS OF TURA DALU ROAD UNDER JICA FUNDING FROM KM 85.000 T,(State Pwds),NHIDCL,MEGHALAYA,2017-04-01,2021-09-01,2022-11-01,553.51,553.51,236.27,,,,14(R3),2/4,without_original_doc,393
2022-10-01,N06000159,44,JAYANT EXPANSION OCP 10 TO 20 MTPA,Bharat Coking Coal Limited,NCL,MADHYA PRADESH,2017-05-01,2021-03-01,2023-03-01,1783.09,1783.09,1286.8,,,,,,delayed,285
2022-10-01,N06000233,44,RAMPUR BATURA OC (4.0 MTY),Central Coal Fields Limited,,,2019-07-01,2026-03-01,2026-03-01,1248.93,1248.93,291.94,,,,,,on_schedule,244
2022-10-01,N21000022,44,SUPER SPECIALITY BLOCK PMSSY GOA,Cpwd For Health,HSCC,GOA,2018-01-01,,2021-05-01,249.01,,,,,,,,without_doc,365
2022-10-01,N24000616,44,CONSTRUCTION OF 2-LANE ROAD FROM EXISTING KM 21.500 OF HUNLI-ANINI ROAD( NEAR ITHUN BRIDGE) TO KM 37,(State Pwds),NHIDCL,ARUNACHAL PRADESH,,2021-01-01,2022-12-01,245.79,245.79,224.65,,322.15,,23(R3),3/4,without_original_doc,393
2022-10-01,N06000162,45,DUDHICHUA EXPANSION OCP (10 TO 20 MTPA),Bharat Coking Coal Limited,NCL,MADHYA PRADESH Singareni Colliers Company Limitted,2017-11-01,2022-03-01,2023-03-01,1255.17,1255.17,889.41,,,,,,delayed,285
2022-10-01,N06000136,45,DURGAPUR OPENCAST PROJECT,Central Coal Fields Limited,,,2015-02-01,2023-03-01,2023-03-01,916.24,916.24,13.24,,,,,,on_schedule,244
2022-10-01,N21000008,45,AIIMS - MOTHER AND CHILD BLOCK,Cpwd For Health,HSCC,DELHI,2013-12-01,2017-05-01,2021-06-01,204.44,,,,,,,,without_doc,365
2022-10-01,N24000944,45,CONSTRUCTION OF 2 LANING OF EXISTING HUNLI-ANINI ROAD ON EPC BASIS FROM DESIGN KM 106.200 TO KM 120.,(State Pwds),NHIDCL,ARUNACHAL PRADESH,2016-12-01,2021-08-01,2022-12-01,200.44,200.44,135.92,,,,16(R3),3/4,without_original_doc,393
2022-10-01,N06000211,46,RCE OF INDARAM OPENCAST PROJECT,Bharat Coking Coal Limited,SCCL,TELANGANA,2017-08-01,2021-03-01,2023-03-01,349.28,349.28,332.1,,,,,,delayed,285
2022-10-01,N06000166,46,JHIRIA WEST OPENCAST PROJECT,Central Coal Fields Limited,,,2018-11-01,2026-03-01,2026-03-01,389.97,389.97,4.11,,,,,,on_schedule,244
2022-10-01,N21000003,46,LHMC NEW DELHI-RE-DEVELOPMENT,Cpwd For Health,HSCC,DELHI,2013-02-01,2013-11-01,2021-09-01,414.11,,,,,,,,without_doc,365
2022-10-01,N24000949,46,CONSTRUCTION OF 2 LANING OF EXISTING HUNLI-ANINI ROAD ON EPC BASIS FROM DESIGN KM 92.500 TO KM 106.5,(State Pwds),NHIDCL,ARUNACHAL PRADESH,2016-12-01,2021-12-01,2022-12-01,188.78,188.78,142.23,,,,12(R3),3/4,without_original_doc,393
2022-10-01,N06000212,47,RCE-II OF JALAGAM VENGALRAO OPENCAST PROJECT-II,Bharat Coking Coal Limited,SCCL,TELANGANA,2019-03-01,2021-03-01,2023-03-01,473.22,473.22,429.87,,,,,,delayed,285
2022-10-01,N06000200,47,DIPKA OC EXPANSION 40 MTY,Central Coal Fields Limited,,,2020-12-01,2029-03-01,2029-03-01,5241.4,5241.4,2054.1,,,,,,on_schedule,244
2022-10-01,N21000015,47,CNCI KOLKATA WEST BENGAL,Cpwd For Health,HSCC,WEST BENGAL,2016-08-01,2018-09-01,2021-12-01,244,,,,,,,,without_doc,365
2022-10-01,N24000948,47,CONSTRUCTION OF 2 LANING OF EXISTING HUNLI-ANINI ROAD ON EPC BASIS FROM DESIGN KM 53.500 TO KM 92.50,(State Pwds),NHIDCL,ARUNACHAL PRADESH,2016-09-01,2021-05-01,2023-03-01,568.92,568.92,390.6,,,,22(R3),0/4,without_original_doc,393
2022-10-01,N06000213,48,RCE OF KALYANIKHANI OPENCAST PROJECT,Bharat Coking Coal Limited,SCCL,TELANGANA,2016-03-01,2020-03-01,2023-03-01,384.32,384.32,175.62,,,,,,delayed,285
2022-10-01,060100093,48,GEVRA EXPANSION OCP (SECL) (35-70) MTY,Central Coal Fields Limited,,,2010-06-01,2023-03-01,2023-03-01,11816.4,11816.4,5308.64,,,,,,on_schedule,244
2022-10-01,N21000018,48,"RESIDENTIALCOMPLEX AND OPD BLOCK, AIIMS, KALYANI WEST BENGAL",Cpwd For Health,HSCC,WEST BENGAL,2017-08-01,2019-03-01,2021-12-01,355.15,,,,,,,,without_doc,365
2022-10-01,N24000767,48,CONSTRUCTION OF 2-LANE WITH PAVED SHOULDER INCLUDING GEOMETRIC IMPROVEMENT FROM KM 0.000 TO KM 16.00,(State Pwds),NHIDCL,SIKKIM,2017-03-01,2022-04-01,2023-04-01,375.8,375.8,101.72,,,,12(R3),2/4,without_original_doc,393
2022-10-01,N06000215,49,RCE OF KISTARAM OPENCAST PROJECT,Bharat Coking Coal Limited,SCCL,TELANGANA,2017-03-01,2021-03-01,2023-03-01,164.04,164.04,143.08,,,,,,delayed,285
2022-10-01,N06000045,49,PELMA OCP(15.00MTY),Central Coal Fields Limited,,,2014-11-01,2023-03-01,2023-03-01,1624.59,1624.59,11.53,,,,,,on_schedule,244
2022-10-01,N21000023,49,HOSPITAL AND TEACHING- AIIMS NAGPUR,Cpwd For Health,HSCC,MAHARASHTRA 362,2018-03-01,,2021-12-01,582.99,,,,,,,,without_doc,365
2022-10-01,N24000902,49,FOUR LANING OF BALACHERA- HARANGAJAO SECTION OF NH-54 (EXT) FROM KM 275.00 TO KM 244.000 IN THE STATE,(State Pwds),NHIDCL,ASSAM,2017-10-01,2021-06-01,2023-04-01,818,818,494.33,,887.68,,22(R3),2/4,without_original_doc,393
2022-10-01,N06000161,50,KAKATIYAKHANI OPENCAST III PROJECT PHASE-1,Bharat Coking Coal Limited,SCCL,TELANGANA,2017-03-01,2022-03-01,2024-03-01,413.84,413.84,348.74,,,,,,delayed,285
2022-10-01,N06000140,50,MADANNAGAR OPENCAST PROJECT,Central Coal Fields Limited,,,2015-10-01,2024-03-01,2024-03-01,1875.32,1875.32,,,,,,,on_schedule,244
2022-10-01,N21000024,50,HOSPITAL AND TEACHING- AIIMS KALYANI,Cpwd For Health,HSCC,WEST BENGAL,2018-04-01,,2021-12-01,651.99,,,,,,,,without_doc,366
2022-10-01,N24000979,50,TWO-LANING OF HAYULIANG– HAWAI BYPASS ROAD ON EPC BASIS FROM DESIGN KM. 51.825 TO KM. 63.131 EXISTI,(State Pwds),NHIDCL,ARUNACHAL PRADESH,2017-01-01,2023-05-01,2023-05-01,256.66,256.66,,,,,0(R3),1/4,without_original_doc,393
2022-10-01,N06000173,51,SRP OC-II EXPANSION PROJECT,Bharat Coking Coal Limited,SCCL,TELANGANA,2016-11-01,2018-03-01,2024-03-01,272.73,272.73,153.75,,,,,,delayed,285
2022-10-01,N06000164,51,MAHAMAYA OPENCAST PROJECT,Central Coal Fields Limited,,,2018-05-01,2026-03-01,2026-03-01,410.26,410.26,83.73,,,,,,on_schedule,244
2022-10-01,N21000019,51,GERIATRICS BLOCK- AIIMS DLEHI,Cpwd For Health,HSCC,DELHI Nbcc For Health,2017-12-01,,2022-01-01,156.56,,,,,,,,without_doc,366
2022-10-01,N24000946,51,CONSTRUCTION OF 2-LANE ROAD WITH PAVED SHOULDERS FROM KM16.00 OF ROING-HUNLI SECTION TO KM 21.500 OF,(State Pwds),NHIDCL,ARUNACHAL PRADESH National Highways Authority Of India,2017-03-01,2022-02-01,2024-03-01,1718.59,1718.59,543.26,,390,,25(R3),2/4,without_original_doc,393
2022-10-01,N06000204,52,VENKATESH KHANI COAL MINE,Bharat Coking Coal Limited,SCCL,TELANGANA,2020-10-01,2023-03-01,2024-03-01,484.51,484.51,70.9,,,,,,delayed,285
2022-10-01,N06000122,52,AMRITDHARA OC PROJECT,Central Coal Fields Limited,,,2015-02-01,2023-03-01,2023-03-01,481.6,481.6,0.91,,,,,,on_schedule,244
2022-10-01,N21000028,52,AIIMS BILASPUR,Cpwd For Health,NBCC FOR HEALTH,HIMACHAL PRADESH,2018-04-01,2021-09-01,2022-09-01,1351,,,,,,,,without_doc,366
2022-10-01,N24000550,52,JHARPOKHARIA-BARIPADA-BALESHWAR SECTION,(State Pwds),NHAI,ODISHA,2016-02-01,,2022-10-01,1069.65,1069.65,856.21,,,,,0/0,without_original_doc,394
2022-10-01,N06000214,53,RCE OF KAKATHIYAKHANI OC - 2 PROJECT,Bharat Coking Coal Limited,SCCL,TELANGANA South-Eastern Coal Fields Limited,2017-08-01,2020-03-01,2024-03-01,442.42,442.42,149.19,,,,,,delayed,285
2022-10-01,N06000158,53,VIJAY WEST OPENCAST PROJECT,Central Coal Fields Limited,,,2017-05-01,2026-03-01,2026-03-01,976.95,976.95,87.96,,,,,,on_schedule,244
2022-10-01,N22000428,53,MULTI MODAL LOGISTICS PARK AT VARNAMA,Container Corporation Of India,CCOI,GUJARAT,2013-10-01,2019-03-01,2019-03-01,343,,,,,,,,without_doc,366
2022-10-01,N24000627,53,4-LANNING OF CHIKHLI TO TARSOD (FROM KM 360-422.700),(State Pwds),NHAI,MAHARASHTRA,2016-11-01,2021-12-01,2022-10-01,1071.61,1048.1,1266,,,,10(R3),3/4,without_original_doc,394
2022-10-01,N06000123,54,AMERA OC RCE,Bharat Coking Coal Limited,SECL,CHHATISGARH,2015-02-01,2018-03-01,2023-03-01,335.97,335.97,48.69,,,,,,delayed,286
2022-10-01,N06000207,54,BATURA WEST OC PROJECT (0.80 MTY),Central Coal Fields Limited,,,2021-03-01,2028-03-01,2028-03-01,496.28,496.28,,,,,,,on_schedule,244
2022-10-01,N22000431,54,MULTI MODAL LOGISTICS PARK AT KAKINADA,Container Corporation Of India,CCOI,ANDHRA PRADESH Dedicated Freight Corridor Corporation Of India Ltd,2016-08-01,2019-03-01,2019-03-01,234.5,,,,,,,,without_doc,366
2022-10-01,N24000716,54,REHABILITATION AND UPGRADATION OF FOUR LANING OF NH-23 (NEW NH NO. 143) FROM KM. 240.250 I.E. BRAHMA,(State Pwds),NHAI,ODISHA,2017-12-01,,2022-10-01,417.51,417.51,323.13,,,,,0/0,without_original_doc,394
2022-10-01,N06000135,55,AMGAON OPENCAST PROJECT RCE,Bharat Coking Coal Limited,SECL,CHHATISGARH,2015-07-01,2020-03-01,2023-03-01,316.1,316.1,154.68,,357.8,,,,delayed,286
2022-10-01,N06000197,55,BAROUD OC EXPANSION (3-10 MTY),Central Coal Fields Limited,,,2020-08-01,2029-03-01,2029-03-01,2309.8,2309.8,496.8,,,,,,on_schedule,244
2022-10-01,N22000464,55,WESTERN DEDICATED FREIGHT CORRIDOR,Container Corporation Of India,DFCC,MULTI STATE,2007-11-01,2020-03-01,2020-03-01,16592,,,,51101,,,,without_doc,366
2022-10-01,N24000734,55,REHABILITATION AND UP-GRADATION OF EXISTING 2-LANE TO FOUR LANE FROM TALCHAR TO END OF KAMAKHYANAG,(State Pwds),NHAI,ODISHA,2018-01-01,,2022-10-01,614.48,614.48,440,,,,,0/0,without_original_doc,394
2022-10-01,N06000124,56,RAJNAGAR OCP RPR (1.70 MTY),Bharat Coking Coal Limited,SECL,MADHYA PRADESH,,2021-03-01,2024-03-01,,357.8,87.12,,,,,,delayed,286
2022-10-01,N06000198,56,JAMPALI OCP RCE,Central Coal Fields Limited,Western Coal Fields Limited,,2020-05-01,2024-03-01,2024-03-01,278.64,278.64,194.37,,,,,,on_schedule,244
2022-10-01,N22000346,56,EASTERN DEDICATED FREIGHT CORRIDOR PROJECT,Container Corporation Of India,DFCC,MULTI STATE East Central Railways,2006-10-01,,,11589,,,,30357,,,,without_doc,366
2022-10-01,N24000735,56,REHABILITATION AND UP GRADATION OF EXISTING 2-LANE TO 4-LANE STANDARDS TO END OF KAMAKHYANAGAR BYPAS,(State Pwds),NHAI,ODISHA,2018-01-01,,2022-10-01,564.66,564.66,452.72,,,,,0/1,without_original_doc,394
2022-10-01,N06000125,57,KANCHAN OC EXPANSION,Bharat Coking Coal Limited,SECL,MADHYA PRADESH,2014-12-01,2021-03-01,2024-03-01,371.04,371.04,89.5,,,,,,delayed,286
2022-10-01,N06000205,57,GHONSA EXPANSION DEEP OC,Central Coal Fields Limited,,,2021-03-01,2028-03-01,2028-03-01,241.72,241.72,57,,,,,,on_schedule,244
2022-10-01,220100222,57,"KODERMA-RANCHI VIA BARKAKANA (NL),ECR",Container Corporation Of India,ECR,JHARKHAND,1999-03-01,,2022-07-01,1033.07,,,,3020.95,,,,without_doc,366
2022-10-01,N24000787,57,"SIX-LANING OF BANGALORE – NIDAGATTA SECTION, KM 18.000 TO KM 74.200 OF NH- 275 IN THE STATE OF KARNAT",(State Pwds),NHAI,KARNATAKA,2018-02-01,,2022-10-01,1995.34,2400,3568.06,,,,,0/0,without_original_doc,394
2022-10-01,N06000104,58,CHHAL OC SEAM -III (6.00 MTY),Bharat Coking Coal Limited,SECL,CHHATISGARH,2013-12-01,2022-03-01,2025-03-01,610.63,610.63,357.42,,,2025-03-01,,,delayed,286
2022-10-01,N06000132,58,AMALGAMATED YEKONA-I YEKONA-II,Central Coal Fields Limited,,,2015-08-01,2025-03-01,2025-03-01,727.28,727.28,465.98,,,,,,on_schedule,244
2022-10-01,N22000334,58,HAJIPUR - BACHAWARA,Container Corporation Of India,ECR,MULTI STATE East Coast Railway,2015-05-01,2019-03-01,2022-07-01,678.54,,,,678.54,,,,without_doc,366
2022-10-01,N24000824,58,FOUR LANING OF NH 161 FROM KANDI (DESIGN KM 0.000) (KM 498.250 OF NH 65) TO RAMSANPALLE (DESIGN KM 3,(State Pwds),NHAI,TELANGANA,2018-03-01,,2022-10-01,857.62,857.62,599.69,,,,,0/0,without_original_doc,394
2022-10-01,N06000148,59,AMADAND OPENCAST EXPANSION PROJECT,Bharat Coking Coal Limited,SECL,MADHYA PRADESH,2016-03-01,2021-03-01,2025-03-01,869.44,869.44,171.54,,,2025-03-01,,,delayed,286
2022-10-01,N06000254,59,BHATADI EXPANSION OC,Central Coal Fields Limited,,,2020-02-01,2028-03-01,2028-03-01,729.86,729.86,150.16,,,,,,on_schedule,244
2022-10-01,N22000315,59,SAMBALPUR-TALCHER DOUBLING,Container Corporation Of India,ECOR,ODISHA Eastern Railways,2011-03-01,2019-02-01,2019-02-01,1111.99,,,,,,,,without_doc,366
2022-10-01,N24001214,59,CONSTRUCTION OF EIGHT LANE ACCESS CONTROLLED EXPRESSWAY CARRIAGEWAY FROM RAJASTHAN/MP BORDER TO JODM,(State Pwds),NHAI,MADHYA PRADESH,2017-12-01,,2022-10-01,217.96,884,813,,,,,3/4,without_original_doc,394
2022-10-01,N06000076,60,KARTALI (EAST) OCP (2.50 MTY),Bharat Coking Coal Limited,SECL,CHHATISGARH Western Coal Fields Limited,2008-07-01,2014-03-01,2026-03-01,178.44,178.44,16.13,,,,,,delayed,286
2022-10-01,N06000252,60,SINGHORI DEEP OC,Central Coal Fields Limited,,,2022-05-01,2029-03-01,2029-03-01,421.84,421.84,86.08,,,,,,on_schedule,244
2022-10-01,N22000221,60,BANDEL-BOINCHI 3RD LINE,Container Corporation Of India,ER,MULTI STATE,2011-04-01,2021-09-01,2022-05-01,288.35,,,,,,,,without_doc,366
2022-10-01,N24000485,60,FOUR LANING WITH PS TALEBANI - SMBALPUR,(State Pwds),NHAI,ODISHA,2015-12-01,,2022-11-01,752.28,752.28,379.01,,,,,0/1,without_original_doc,394
2022-10-01,N06000157,61,DURGAPUR EXTENSION (DEEP) OC (3.0 MTY),Bharat Coking Coal Limited,WCL,MULTI STATE,2017-02-01,2021-03-01,2023-09-01,328,328,304.53,,,,,,delayed,286
2022-10-01,N06000253,61,MAKARDHOKDA I EXPANSION OC,Central Coal Fields Limited,,,2022-06-01,2026-03-01,2026-03-01,497.06,497.06,135.18,,,,,,on_schedule,244
2022-10-01,N22000238,61,BOINCHI-SHAKTIGARH 3RD LINE,Container Corporation Of India,ER,MULTI STATE Kolkata Metro Rail Corporation Limited,2011-04-01,,2022-09-01,175.8,,,,,,,,without_doc,366
2022-10-01,N24000628,61,4-LANNING OF TARSOD-FAGNE(FROM KM 422.700-510.00),(State Pwds),NHAI,MAHARASHTRA,2016-11-01,2022-08-01,2022-11-01,1064.88,1021,663.9,,,,3(R3),2/4,without_original_doc,394
2022-10-01,N28000089,62,"C/O OF 152 NOS TYPE-II,304 NOS,TYPE-III,76 NOS, TYPE-IV QTRS. FOR INCOME TAX DEPARTMENT AT CHENNAI",Cpwd For Finance,CPWD FOR FINANC,TAMIL NADU,2015-12-01,2019-10-01,2022-10-01,209,262,229.17,,,2022-10-01,,,delayed,286
2022-10-01,N06000251,62,SAONER UG MINE I EXPANSION,Central Coal Fields Limited,,,2022-01-01,2028-03-01,2028-03-01,253.51,253.51,24.86,,,,,,on_schedule,245
2022-10-01,N22000108,62,NEW WORK FOR CONSTRUCTION OF METRO RAILWAY FROM NOAPARA-BARASAI VIA BIMANBANDER (MTP),Container Corporation Of India,KOMRCL,WEST BENGAL Metropolitan Rapid Transport Projects,2010-04-01,2016-03-01,2016-03-01,2397.72,,,,,,,,without_doc,366
2022-10-01,N24000799,62,SIX LANING OF ANANDAPURAM PENDURTHI ANAKAPALLI SECTION OF NH-5 NEW NH-16 FROM KM.681.000 EXISTING KM,(State Pwds),NHAI,ANDHRA PRADESH,2018-02-01,2021-11-01,2022-11-01,1959,1959,1416.51,,2909,,12(R3),0/0,without_original_doc,394
2022-10-01,N10000015,63,"CONSTRUCTION OF BASEMENTG FLOOR10 STORIES BUILDING FOR THE STATE OF THE ART, DG, GSI AT SECTOR-V, SA",Central Public Works Department,CPWD,WEST BENGAL National Aluminum Company Limited (Nalco),2019-04-01,2022-04-01,2024-12-01,255.37,255.37,26.5,,,,,,delayed,286
2022-10-01,N06000222,63,DINESH (MAKARDHOKDA-III) OC (8.0 MTY),Central Coal Fields Limited,,,2020-02-01,2027-03-01,2027-03-01,1184.33,1184.33,531.13,,,,,,on_schedule,245
2022-10-01,N22000092,63,MUMBAI URBAN TRANSPORT PROJECT PHASE-II,Container Corporation Of India,MRTP,MAHARASHTRA,2008-04-01,2014-03-01,2014-03-01,5300,,,,,,,,without_doc,366
2022-10-01,N24000852,63,"FOUR LANING OF SOLAN-KAITHLIGHAT SECTION OF NH-22 (NOW NH-5) FROM KM 106.139 TO KM 129.050, ON EPC M",(State Pwds),NHAI,HIMACHAL PRADESH,2018-03-01,2022-11-01,2022-11-01,478.74,1135.08,934.85,,,,0(R3),0/0,without_original_doc,394
2022-10-01,N10000014,64,25.5 MW WIND POWER PROJECT AT KAYATHAR IN TAMILNADU,Central Public Works Department,NALCO,TAMIL NADU,2017-09-01,2019-06-01,2022-12-01,166.62,163.17,135,,163.17,2022-12-01,Extension of NFR (Noted,,delayed,287
2022-10-01,N06000219,64,ADASA UG TO OC (1.50 MTY),Central Coal Fields Limited,,,2018-11-01,2024-03-01,2024-03-01,333.43,333.43,176.6,,,,,,on_schedule,245
2022-10-01,N22000135,64,EAST WEST METRO CORRIDOR FROM HOWRAH MAIDAN TO SALT LAKE,Container Corporation Of India,MRTP,WEST BENGAL North East Frontier Railway,2013-03-01,2016-03-01,2016-03-01,4874.58,,,,,,,,without_doc,366
2022-10-01,N24001212,64,CONSTRUCTION OF EIGHT LANE ACCESS CONTROLLED EXPRESSWAY CARRIAGEWAY FROM BANI VILLAGE TO BARDAWADI V,(State Pwds),NHAI,MADHYA PRADESH,2017-12-01,,2022-11-01,656.98,840,741,,,,,2/4,without_original_doc,394
2022-10-01,N10000011,65,UTKAL D AND E COAL BLOCK,Central Public Works Department,NALCO,ODISHA,2016-05-01,2020-01-01,2023-11-01,534,667.23,496.53,,667.23,2023-11-01,1) Balance Land Acquisition,,delayed,287
2022-10-01,N06000250,65,TAWA III UG MINE,Central Coal Fields Limited,,,2021-12-01,2027-03-01,2027-03-01,324.25,324.25,10.2,,,,,,on_schedule,245
2022-10-01,N22000195,65,AGARTALA-AKHAURA NL,Container Corporation Of India,NFR,TRIPURA,2012-04-01,2020-03-01,2022-09-01,569.63,,,,,2022-06-01,,,without_doc,366
2022-10-01,N24000506,65,FOUR LANING OF BHOJPUR TO BUXAR,(State Pwds),NHAI,BIHAR,1991-01-01,,2022-12-01,642.41,681.67,704.93,,,,,3/4,without_original_doc,394
2022-10-01,N10000012,66,CONVERSION OF FLAT BOTTOM SETTLERS AND WASHERS WITH A SINGLE TRAIN OF HRDS AND DCWS IN STREAMS 1 AND,Central Public Works Department,NALCO,ODISHA,2015-12-01,2020-11-01,2023-12-01,355,581,78.79,,581,2023-12-01,,,delayed,287
2022-10-01,N06000209,66,DHUPTALA OC(SASTI UG TO OC),Central Coal Fields Limited,,,2019-02-01,2028-03-01,2028-03-01,720.87,720.87,134.64,,,,,,on_schedule,245
2022-10-01,N22000205,66,NEW BG LINE FROM BYRNIHAT TO SHILLONG,Container Corporation Of India,NFR,MEGHALAYA North Eastern Railway,2010-04-01,2021-03-01,,906.46,,,,1202.33,,,,without_doc,366
2022-10-01,N24000570,66,FOUR LANING OF UNA TO KODINAR OF NH- 8E FROM KM. 180.478 TO KM 221.610 (PACKAGE-V) IN THE STATE OF GU,(State Pwds),NHAI,GUJARAT,2016-05-01,,2022-12-01,763.08,763.08,408.37,,,,,2/2,without_original_doc,395
2022-10-01,N10000013,67,SOURCING OF BAUXITE ARRANGEMENT FOR 5TH STREAM ALUMINA REFINERY FROM SOUTH BLOCK MINING LEASE OF PAN,Central Public Works Department,NALCO,ODISHA,2017-11-01,2021-04-01,2023-12-01,483,483,79.02,,483,2023-12-01,,,delayed,287
2022-10-01,N06000183,67,GANDHIGRAM UG MINE,Central Coal Fields Limited,,,2019-08-01,2026-03-01,2026-03-01,414.16,414.16,21.89,,,,,,on_schedule,245
2022-10-01,N22000347,67,ROSA-SITAPUR CANTT-BURHWAL DOUBLING,Container Corporation Of India,NER,UTTAR PRADESH,2015-03-01,2022-03-01,2022-03-01,1295.42,,,,,,,,without_doc,367
2022-10-01,N24000592,67,4-LANNING OF KODINAR TO VERAVAL SECTION OF NH-8E FROM KM 221.610 TO KM 263.000,(State Pwds),NHAI,GUJARAT,2016-07-01,,2022-12-01,829.97,829.97,329.71,,,,,0/0,without_original_doc,395
2022-10-01,N10000010,68,5TH STREAM ALUMINA REFINERY EXPANSION PROJECT,Central Public Works Department,NALCO,ODISHA,2014-12-01,2021-04-01,2024-01-01,4103,5055,1657.11,,5055,2024-01-01,,,delayed,287
2022-10-01,N06000235,68,GAURI PAUNI EXPANSION OC,Central Coal Fields Limited,,,2020-08-01,2029-03-01,2029-03-01,337.38,337.38,48.04,,,,,,on_schedule,245
2022-10-01,N22000469,68,AUNRIHAR - JAUNPUR PATCH DOUBLING .,Container Corporation Of India,NER,UTTAR PRADESH,2016-04-01,2022-01-01,2022-03-01,600,,,,,,,,without_doc,367
2022-10-01,N24000710,68,SIX LANING OF CHENNAI-TADA SECTION OF NH-5 FROM KM 11/0 TO KM 54/4 IN THE STATE OF TAMIL NADU TO BE,(State Pwds),NHAI,TAMIL NADU,2017-12-01,,2022-12-01,379.9,379.9,278.18,,,,,0/0,without_original_doc,395
2022-10-01,N12000086,69,NMDC INTEGRATED STEEL PLANT,Corporation (Nmdc),NMDC,CHHATISGAR H,2010-01-01,2015-05-01,2023-03-01,15525,21940,21316.54,,21940,2023-03-01,,,delayed,287
2022-10-01,N06000206,69,SASTI EXPANSION OC,Central Coal Fields Limited,,,2020-08-01,2026-03-01,2026-03-01,371.59,371.59,52.55,,,,,,on_schedule,245
2022-10-01,N22000134,69,CHHAPRA-BALLIA UP,Container Corporation Of India,NER,MULTI STATE,2013-03-01,2019-01-01,,295,,,,,,,,without_doc,367
2022-10-01,N24000785,69,FOUR LANING OF TRICHY TO KALLAGAM SECTION ON NH-227 IN THE STATE OF TAMIL NADU,(State Pwds),NHAI,TAMIL NADU,,,2022-12-01,1166.26,1422.13,444.08,,1296.93,,,0/0,without_original_doc,395
2022-10-01,N12000124,70,NMDC SLURRY PIPE LINE PROJECT - PHASE-1,Corporation (Nmdc),NMDC,CHHATISGAR H Steel Authority Of India Limited (Sail),,2023-06-01,2024-07-01,,2907,1000.99,,,,,,delayed,287
2022-10-01,N06000231,70,MUNGOLI NIRGUDA EXTENSION (DEEP) OC,Central Coal Fields Limited,,,2020-11-01,2026-03-01,2026-03-01,826.8,826.8,314.1,,,,,,on_schedule,245
2022-10-01,N22000456,70,INDARA - DOHRIGHAT GAUGE CONVERSION.,Container Corporation Of India,NER,UTTAR PRADESH,2016-04-01,2016-04-01,,213,,,,,,,,without_doc,367
2022-10-01,N24000792,70,FOUR LANING OF ALIGARH - KANPUR SECTION PKG-I FROM ALIGARH - BHADWAS,(State Pwds),NHAI,UTTAR PRADESH,2018-03-01,,2022-12-01,809.07,1065.7,1110.48,,,,,0/0,without_original_doc,395
2022-10-01,N12000118,71,REBUILDING OF COKE OVEN BATTERY NO-8 AT BSL,Corporation (Nmdc),SAIL,JHARKHAND,2016-11-01,2019-06-01,2022-11-01,262.87,262.87,273.24,,,2022-06-01,,,delayed,288
2022-10-01,N06000226,71,AMALGAMATED INDER-KAMPTEE DEEP OC (3.20 MTY),Central Coal Fields Limited,,,2018-09-01,2024-03-01,2024-03-01,313.34,313.34,170.18,,,,,,on_schedule,245
2022-10-01,N22000470,71,"SHAHGANJ-BHATNI-PHEPHNA-INDARA, MAU-SHAHGANJ (EXCL. MAU-INDARA) PATCH DOUBLING.",Container Corporation Of India,NER,UTTAR PRADESH North Western Railway,2016-04-01,2019-12-01,,1177.96,,,,,,,,without_doc,367
2022-10-01,N24000795,71,CONSTRUCTION/ UP-GRATION OF FOUR/TWO LANE WITH PAVED SHOULDER OF NH68 FROM TANOT-RAMGARH BHADASAR-JA,(State Pwds),NHAI,RAJASTHAN,2018-02-01,2021-10-01,2022-12-01,741.86,649,185.59,,649,,14(R3),0/0,without_original_doc,395
2022-10-01,N12000095,72,NEW SINTER PLANT AT BOKARO STEEL PLANT,Corporation (Nmdc),SAIL,JHARKHAND,2015-03-01,2017-10-01,2024-06-01,1034.01,1034.01,795.77,,,2021-12-01,,,delayed,288
2022-10-01,N06000178,72,VISHNUPURI UG TO OC MINE,Central Coal Fields Limited,,,2018-07-01,2025-03-01,2025-03-01,195.57,195.57,2.94,,,,,,on_schedule,245
2022-10-01,220100184,72,"DAUSA-GANGAPUR CITY(NL),NWR",Container Corporation Of India,NWR,RAJASTHAN Northern Railway,1997-02-01,2019-02-01,2022-06-01,410.08,,,,,,,,without_doc,367
2022-10-01,N24000796,72,CONSTRUCTION OF NH-24 EXTENSION 4- LANE BYPASS STARTING FROM BEHTA ROAD AND TERMINATING AT SITAPUR RO,(State Pwds),NHAI,UTTAR PRADESH,2018-03-01,,2022-12-01,1117.84,1117.84,84.1,,,,,0/0,without_original_doc,395
2022-10-01,N16000314,73,KOCHI SALEM LPG PIPELINE PROJECT,Limited,BPCL,KERALA,2015-12-01,2019-06-01,2023-02-01,1112,1507.24,994.52,,1507.24,2023-02-01,Kerala State: Delays in,,delayed,288
2022-10-01,N42000010,73,ADDITIONAL INFRASTRUCTURE AT IISC BANGALORE SH RCC MONOLITHIC FOR MEN WOMEN HOSTEL,Central Public Works Department,Cpwd Of Higher Education,,2021-08-01,2024-02-01,2024-02-01,316.25,316.25,,,,,,,on_schedule,245
2022-10-01,N22000272,73,ROHTAK-MEHAM HANSI,Container Corporation Of India,NR,HARYANA National High Speed Rail Corporation Limited,2012-04-01,2011-12-01,2011-12-01,287,,,,,,,,without_doc,367
2022-10-01,N24000826,73,FOUR LANINIG OF CHETTIKULAM TO NATHAM SECTION OF NH-785 FROM CHETTIKULUM (KM 7.300) TO NATHAM (KM. 3,(State Pwds),NHAI,TAMIL NADU,2018-03-01,,2022-12-01,505.35,505.35,255.05,,,,,0/0,without_original_doc,395
2022-10-01,N16000364,74,DEVELOPMENT OF COASTAL TERMINAL AT KRISHNAPATNAM PORT,Limited,BPCL,ANDHRA PRADESH,2017-07-01,2021-02-01,2023-03-01,580.2,580.2,420.86,,,,,,delayed,288
2022-10-01,N28000131,74,CONSTRUCTION OF PERMANENT CAMPUS IIT JAMMU (PHASE 1C),Central Public Works Department,,,2018-01-01,2023-04-01,2023-04-01,676,676,0.15,,,,,,on_schedule,245
2022-10-01,N22000463,74,MUMBAI AHMEDABAD HIGH SPEED RAIL PROJECT,Container Corporation Of India,NHSRCL,MULTI STATE Rail India Technical And Economic Service,2015-12-01,2023-12-01,,108000,,,,,,,,without_doc,367
2022-10-01,N24000829,74,FOUR LANING OF KALAGAM TO KARUPPUR FROM KM.38+700 TO KM. 50+382 AND TWO LANING WITH PAVED SHOULDERS,(State Pwds),NHAI,TAMIL NADU,2018-03-01,,2022-12-01,1016.92,1308.88,492.86,,1282.3,,,0/0,without_original_doc,395
2022-10-01,N16000373,75,RESITEMENT OF RANCHI AND DHANBAD OLD POL DEPOT AT BOKARO.,Limited,BPCL,JHARKHAND,2018-11-01,2022-06-01,2023-03-01,248.55,248.55,189.96,,,2023-03-01,Activities on 18 acres of,,delayed,289
2022-10-01,N40000001,75,NATIONAL INDUSTRIAL CORRIDOR PROJECT,Dmic For Dpiit,,,2011-09-01,2027-03-01,2027-03-01,20084,20084,9680.31,,,2027-03-01,,,on_schedule,245
2022-10-01,N22000394,75,DOUBLING OF TRACK BETWEEN GOOTY AND DHARMAVARAM OF SOUTH CENTRAL RAILWAY,Container Corporation Of India,RITES,TELANGANA Rail Vikas Nigam Ltd.,2015-03-01,2021-03-01,,636.38,,,,998.06,2022-12-01,,,without_doc,367
2022-10-01,N24000825,75,FOUR LANING OF NH-363 FROM REPALLEWADA (DESIGN KM 40.000/EXISTING KM 288.510) TO TELANGANA/MAHARASHT,(State Pwds),NHAI,TELANGANA,2018-03-01,2021-03-01,2023-02-01,828.29,828.29,287.9,,1140.5,,23(R3),0/0,without_original_doc,395
2022-10-01,N16000374,76,"Setting up of Integated 2G and 1G Bio-Ethanol Refinery at Bargarh, Odisha",Limited,BPCL,ODISHA,2019-08-01,2022-08-01,2023-06-01,1607,1607,548.7,,,2023-06-01,,,delayed,289
2022-10-01,N21000029,76,"CONSTRUCTION OF AIIMS AT JAMMU VIJAYPUR, SAMBA JAMMU AND KASHMIR",Cpwd For Health,,,2019-03-01,2023-09-01,2023-09-01,1404,1404,742.8,,,,,,on_schedule,245
2022-10-01,N22000313,76,VIJAYWADA-GUDUGOLANU-BHIMAVARAM-NARSAPUR DL (221 KM),Container Corporation Of India,RVNL,ANDHRA PRADESH,2012-03-01,2020-03-01,2022-06-01,1503.71,,,,,2022-06-01,,,without_doc,367
2022-10-01,N24000854,76,4-LANING OF LOHA - WARANGA SECTION OF NH-361 FROM KM. 187.800 TO KM. 244.369 (DESIGN LENGTH 56.569 K,(State Pwds),NHAI,JHARKHAND,2018-03-01,2023-02-01,2023-02-01,1005.08,1005.08,,,,,0(R3),0/0,without_original_doc,395
2022-10-01,N16000234,77,IRUGUR-DEVANGONTHI POL PIPELINE,Limited,BPCL,TAMIL NADU Gas Authority Of India Limited,2012-11-01,2017-02-01,2026-03-01,678,1472,19.51,,1472,2022-08-01,Delay due to RoU issues in,,delayed,289
2022-10-01,N10000016,77,POTTANGI BAUXITE MINES,National Aluminum Company Limited (Nalco),,,2018-05-01,2024-12-01,2024-12-01,1437,1381,334.33,,,2024-12-01,,,on_schedule,246
2022-10-01,N22000407,77,DAUND-GULBARGA - DOUBLING (224.9 KM) AND PUNE-GUNTAKAL -ELECTRIFICATION (641.37 KM),Container Corporation Of India,RVNL,MAHARASHTRA South Central Railway,2009-03-01,2020-03-01,2022-07-01,713.48,,,,,2022-08-01,,,without_doc,367
2022-10-01,N24000483,77,FOUR LANNING OF LUDHIYANA- TALWANDI SECTION,(State Pwds),NHAI,PUNJAB,2014-09-01,2023-03-01,2023-03-01,479,479,456.8,,479,,0(R3),3/4,without_original_doc,395
2022-10-01,N16000349,78,SUSTAINED EVACUATION OF GAS FROM GANDHAR FIELDS BY INSTALLING A GAS COMPRESSOR AND PIPELINE CONNECTI,Limited,GAIL,GUJARAT,2018-09-01,2021-02-01,2022-10-01,225.54,247.9,177.94,,,,Nil,,delayed,289
2022-10-01,N16000410,78,KEROSENE HYDROTREATER (KHT) UNIT INTEGRATED WITH EXISTING DIESEL HYDROTREATER (DHT) UNIT AT MUMBAI R,Bharat Petroleum Corporation Limited,,,2020-08-01,2023-03-01,2023-03-01,697,697,512.48,,,,,,on_schedule,246
2022-10-01,N22000264,78,BHADRACHALAM-KOVVUR,Container Corporation Of India,SCR,MULTI STATE,2012-04-01,,,923.23,,,,,,,,without_doc,367
2022-10-01,N24000507,78,FOUR LANING OF BAKHTIYARPUR - MOKAMA SECTION OF NH-31,(State Pwds),NHAI,BIHAR,2015-12-01,,2023-03-01,1167.45,1182.94,442.96,,,,,0/0,without_original_doc,395
2022-10-01,N16000355,79,SULTANPUR JHAJJAR HISSAR PIPELINE (SJHPL) PROJECT,Limited,GAIL,HARYANA,2018-08-01,2020-08-01,2022-12-01,286.42,327.01,265,,327,2022-06-01,Stiff resistance from,,delayed,290
2022-10-01,N16000452,79,CONSTRUCTION OF LUBE OIL BLENDING AND FILLING PLANT AT RASAYANI,Bharat Petroleum Corporation Limited,,,2022-05-01,2024-03-01,2024-03-01,423.39,423.39,40.79,,,,,,on_schedule,246
2022-10-01,N22000432,79,MANMAD-PARBHANI-NANDED-SECUNDERABAD-GADWAL-DHONE- GUNTAKAL - TRAIN COLLISION AVOIDANCE SYSTEM (958 K,Container Corporation Of India,SCR,TELANGANA,2017-04-01,2022-03-01,,119.73,,,,185,,,,without_doc,367
2022-10-01,N24000564,79,4-LANNING OF HARIDWAR-NAGINA SECTION OF NH-74 FROM KM 0.000 (KM 204.300 OF NH-58) TO KM 73.00,(State Pwds),NHAI,UTTAR PRADESH,2016-03-01,2022-12-01,2023-03-01,1408,1504.64,1060.4,,1504.64,,3(R3),1/4,without_original_doc,395
2022-10-01,N16000390,80,HARIDWAR RISHIKESH DEHRADUN PIPELINE PROJECT,Limited,GAIL,UTTAR PRADESH,2018-08-01,2021-04-01,2022-12-01,217.92,217.92,129.4,,,2022-12-01,,,delayed,290
2022-10-01,N16000442,80,DEBOTTLENECKING AND AUGMENTATION OF CRYOGENIC FACILITIES AT URAN LPG IMPORT TERMINAL,Bharat Petroleum Corporation Limited,Chennai Petroleum Corporation Limited,,2021-04-01,2024-06-01,2024-06-01,1164.69,1164.69,77.04,,,,,,on_schedule,246
2022-10-01,N22000286,80,NADIKUDE-SRI KALAHASTI,Container Corporation Of India,SCR,ANDHRA PRADESH,2011-04-01,2021-03-01,,2288.7,,,,,,,,without_doc,367
2022-10-01,N24000613,80,FOUR LANNING OF NERCHOWK-PANDOH BYPASS SECTION OF NH-21(PACKAGE-I KM 190.000 TO KM 221.305) UNDER NH,(State Pwds),NHAI,HIMACHAL PRADESH,2016-09-01,,2023-03-01,1273.71,1273.71,1121.37,,,,,0/0,without_original_doc,396
2022-10-01,N16000272,81,DHAMRA-ANGUL PIPELINE PROJECT,Limited,GAIL,ODISHA,2017-03-01,2020-12-01,2023-01-01,1933,2105.7,1911.3,,2105.7,2022-11-01,1) Delay in grant of Forest,,delayed,290
2022-10-01,N16000434,81,CBR 9 MMTPA PROJECT,Bharat Petroleum Corporation Limited,Gas Authority Of India Limited,,2021-01-01,2025-06-01,2025-06-01,31580,31580,748.97,,,,,,on_schedule,246
2022-10-01,N24000422,81,REHABILITATION AND UPGRADATION OF NH-42 FROM KM 4-350 TO KM 75-600,Ministry Of Road Transport And Highways (State Pwds),MoRTH,ANDHRA PRADESH,2015-03-01,2015-09-01,2015-09-01,309.01,,,,,,,,without_doc,367
2022-10-01,N24000709,81,BALANCE WORK FOR FOUR LANING OF ITARSI TO BETUL SECTION OF NH69 FROM KM 63.000 TO KM 137.00 (DESIGN,(State Pwds),NHAI,MADHYA PRADESH,2017-12-01,,2023-03-01,950.27,950.27,454.01,,,,,4/4,without_original_doc,396
2022-10-01,N16000274,82,BOKARO-ANGUL PIPELINE PROJECT,Limited,GAIL,MULTI STATE,2017-03-01,2020-12-01,2023-01-01,3437,3048,2495.2,,,2022-11-01,1) Delay in receipt of Forest,,delayed,290
2022-10-01,N16000430,82,SETTING UP 500KTPA PROPANE DEHYDROGENATION INTEGRATED WITH POLYPROPYLENE UNIT ALONG WITH OFFSITE AND,Bharat Petroleum Corporation Limited,,,2019-05-01,2025-04-01,2025-04-01,8797,8797,481.9,,,,,,on_schedule,246
2022-10-01,N24000252,82,CONSTRUCTION OF MAJOR BRIDGE WITH APPROACHES ACROSS PRANHITA RIVER AT KM 57.300 ON NH-63(16),Ministry Of Road Transport And Highways (State Pwds),MoRTH,MAHARASHTRA,2015-03-01,,2019-06-01,168.3,,,,,,,,without_doc,367
2022-10-01,N24000725,82,FOUR LANING OF BARHI - KODERMA SECTION OF NH - 31,(State Pwds),NHAI,JHARKHAND,2018-01-01,,2023-03-01,273.46,276.17,175.09,,,,,0/0,without_original_doc,396
2022-10-01,N16000329,83,"CITY GAS DISTRIBUTION (CGD) NETWORK, RANCHI",Limited,GAIL,JHARKHAND,2017-10-01,2022-10-01,2023-03-01,226.45,226.45,191.5,,,,NIL,,delayed,290
2022-10-01,N16000429,83,60 KTA POLYPROPYLENE PROJECT,Bharat Petroleum Corporation Limited,,,2019-03-01,2024-04-01,2024-04-01,910.56,910.56,237,,,,,,on_schedule,246
2022-10-01,N24001127,83,KUMBHARI PHTA TO DEULGAON RAJA,Ministry Of Road Transport And Highways (State Pwds),MoRTH,MAHARASHTRA 364,2017-02-01,2019-06-01,2019-06-01,406.51,,,,,,,,without_doc,367
2022-10-01,N24000733,83,REHABILITATION AND UP-GRADATION OF EXISTING 2-LANE TO 4 LANE OF DUBURI (KM 388.376) TO CHANDIKHOLE (,(State Pwds),NHAI,ODISHA,,,2023-03-01,633.68,633.68,320,,,,,0/1,without_original_doc,396
2022-10-01,N16000275,84,DURGAPUR-HALDIA PIPELINE PROJECT,Limited,GAIL,WEST BENGAL,2017-03-01,2020-12-01,2023-06-01,1740,1740,1138.5,,,2023-06-01,Non – availability of RoU in,,delayed,290
2022-10-01,N16000398,84,MUMBAI NAGPUR JHARSUGUDA PIPELINE PROJECT,Bharat Petroleum Corporation Limited,Hindustan Petroleum Corporation Limited,,2020-06-01,2023-05-01,2023-05-01,7844.25,7844.25,3270.4,,,,,,on_schedule,246
2022-10-01,N24001054,84,TASGAON TO SHIRDHON,Ministry Of Road Transport And Highways (State Pwds),MoRTH,MAHARASHTRA,2017-01-01,2019-11-01,2019-07-01,195.64,,,,196,,,,without_doc,368
2022-10-01,N24000738,84,REHABILITATION AND UPGRADATION OF SIX LANING OF BHADRAK BALESHWAR SECTION (KM 136.50) TO (KM 199.141,(State Pwds),NHAI,ODISHA,2018-01-01,,2023-03-01,999,999,309.51,,,,,0/0,without_original_doc,396
2022-10-01,N16000334,85,BARAUNI-GUWAHATI PIPELINE,Limited,GAIL,MULTI STATE,2018-06-01,2021-12-01,2023-06-01,3308,3308,2962.1,,,2023-06-01,Delay in RoU acquisition in,,delayed,290
2022-10-01,N16000402,85,"SECOND GENERATION ETHANOL BIOREFINERY PROJECT, BATHINDA, PUNJAB",Bharat Petroleum Corporation Limited,,,2020-05-01,2023-02-01,2023-02-01,1421.46,1421.46,549.2,,,,,,on_schedule,246
2022-10-01,N24000982,85,WIDENING TO TWO LANE WITH PAVED SHOULDERS FROM KM 40/410 TO KM 84/037OF THIRUMALAGIRI TO SURYAPET SE,Ministry Of Road Transport And Highways (State Pwds),MoRTH,TELANGANA,2017-01-01,2019-05-01,2019-08-01,244.54,,,,,2019-08-01,,,without_doc,368
2022-10-01,N24000806,85,CONSTRUCTION OF 4 LANE NH-29 BYPASS PHASE-II CONNECTING NH-29 WITH NH-2 AS PART OF VARANASI RING ROA,(State Pwds),NHAI,UTTAR PRADESH,2018-02-01,,2023-03-01,972.77,1441,494.71,,1603.94,,,0/0,without_original_doc,396
2022-10-01,N16000391,86,DHAMRA HALDIA PIPELINE PROJECT,Limited,GAIL,MULTI STATE,2020-03-01,2022-11-01,2023-06-01,1030.65,1030.65,465.4,,,2023-06-01,Delay in RoU acquisition in,,delayed,290
2022-10-01,N16000413,86,AUGMENTATION OF FACILITIES AT THE EXISTING RAIPUR DEPOT,Bharat Petroleum Corporation Limited,,,2021-03-01,2024-03-01,2024-03-01,456,456,122.77,,,,,,on_schedule,246
2022-10-01,N24000245,86,REHABILITATION AND UPGRADATION OF NH -565 FROM KM 1.00 TO 86.057 (NAKREKAL TO NAGARJUNSAGAR DAM SECT,Ministry Of Road Transport And Highways (State Pwds),MoRTH,TELANGANA,2014-01-01,2016-03-01,2019-09-01,270,,,,,2019-09-01,,,without_doc,368
2022-10-01,N24000715,86,REHABILITATION AND UPGRADATION OF CUTTACK ANGUL SECTION OF NH-42 (NEW NH-55) TO 4 LANE (KM. 0+400 TO,(State Pwds),NHAI,ODISHA,2017-12-01,,2023-06-01,686.65,686.65,339.5,,,,,0/0,without_original_doc,396
2022-10-01,N16000388,87,SRIKAKULAM ANGUL PIPELINE PROJECT,Limited,GAIL,MULTI STATE,2019-09-01,2022-07-01,2023-07-01,2658.34,2658.34,1054,,,2023-07-01,,,delayed,290
2022-10-01,N16000447,87,NEW LPG PLANT AT VARANASI,Bharat Petroleum Corporation Limited,,,2017-08-01,2024-05-01,2024-05-01,194.62,194.62,71.29,,,,,,on_schedule,246
2022-10-01,N24001009,87,KHAMGAON TO SHEGAON,Ministry Of Road Transport And Highways (State Pwds),MoRTH,MAHARASHTRA,2017-02-01,2019-05-01,2019-09-01,203.21,,,,203,,,,without_doc,368
2022-10-01,N24000723,87,REHABILITATION AND UPGRADATION OF TWO LANING OF MAHESHKHUNT - SAHARSA - PURNEA SECTION PKG - I,(State Pwds),NHAI,BIHAR,2018-01-01,2019-12-01,2023-06-01,573.7,726.99,252.33,,644.5,,42(R3),0/0,without_original_doc,396
2022-10-01,N16000289,88,CITY GAS DISTRIBUTION (CGD) NETWORK BHUBANESHWAR,Limited,GAIL,ODISHA,2017-07-01,2022-07-01,2023-08-01,243.53,243.53,203.4,,,,,,delayed,290
2022-10-01,N16000384,88,BARMER PALANPUR PIPELINE,Bharat Petroleum Corporation Limited,,,2019-11-01,2022-11-01,2022-11-01,776,776,588.89,,,,,,on_schedule,246
2022-10-01,N24000983,88,WIDENING TO TWO LANE WITH PAVED SHOULDERS FROM KM 0/970 TO KM 40/410 OF JANAGAON-THIRUMALAGIRI OF NH,Ministry Of Road Transport And Highways (State Pwds),MoRTH,TELANGANA,2017-01-01,2019-10-01,2019-10-01,196.52,,,,,2019-10-01,,,without_doc,368
2022-10-01,N24000736,88,REHABILITATION AND UPGRADATION OF CUTTACK-ANGUL SECTION TO 4 LANE (KM 60.20) TO (KM 112.0) PKG II ON,(State Pwds),NHAI,ODISHA,2018-01-01,,2023-06-01,686.65,686.65,254,,,,,0/0,without_original_doc,396
2022-10-01,N16000328,89,"CITY GAS DISTRIBUTION (CGD) NETWORK, CUTTACK",Limited,GAIL,ODISHA,2017-07-01,2022-07-01,2023-08-01,182.2,182.2,116.5,,,,NIL,,delayed,290
2022-10-01,N16000432,89,HP CRUDE TO OLEFINS AND AROMATICS TECHNOLOGY DEMO UNIT AT VISAKH REFINERY,Bharat Petroleum Corporation Limited,,,2021-09-01,2024-06-01,2024-06-01,160,160,0.13,,,,,,on_schedule,246
2022-10-01,N24000776,89,RECONSTRUCTION WITH GEOMETIC IMPROVEMENT OF EXISTING TWO LANE TO 2- LANE WITH PAVED SHOULDERS CONFIG,Ministry Of Road Transport And Highways (State Pwds),MoRTH,UTTARAKHAND,2017-11-01,2019-11-01,2019-11-01,232.81,,,,,,,,without_doc,368
2022-10-01,N24000739,89,REHABILITATION AND UP-GRADATION TO 4- LANING OF RAJAMUNDA-BARKOTE SECTION OF NH-23 (NEW NH NO. 143) (,(State Pwds),NHAI,ODISHA,2018-01-01,,2023-06-01,503.88,503.88,159.77,,,,,0/0,without_original_doc,396
2022-10-01,N16000389,90,"CITY GAS DISTRIBUTION, JAMSHEDPUR",Limited,GAIL,JHARKHAND,2017-10-01,2022-10-01,2023-08-01,221.45,221.45,135.45,,,,NIL,,delayed,290
2022-10-01,N16000440,90,BHATINDA SANGRUR PIPELINE,Bharat Petroleum Corporation Limited,Indian Oil Corporation Limited,,2021-11-01,2024-04-01,2024-04-01,367,367,12.42,,,,,,on_schedule,246
2022-10-01,N24000777,90,RECONSTRUCTION WITH GEOMETIC IMPROVEMENT OF SINGLE LANE TO 2- LANE WITH PAVED SHOULDER CONFIGURATION,Ministry Of Road Transport And Highways (State Pwds),MoRTH,UTTARAKHAND,2017-11-01,2019-11-01,2019-11-01,283.51,,,,,,,,without_doc,368
2022-10-01,N24000813,90,DEVELOPMENT OF NEWLY DECLARED NH- 527C FROM MAJHAULI TO CHAROUT SECTION TO 2 LANE WITH PAVED SHOULDER,(State Pwds),NHAI,BIHAR,2018-03-01,,2023-06-01,496.2,537.17,185,,,,,0/0,without_original_doc,396
2022-10-01,N16000327,91,CITY GAS DISTRIBUTION (CGD) NETWORK PATNA,Limited,GAIL,BIHAR,2017-10-01,2022-10-01,2023-10-01,359.25,359.25,236.91,,,,NIL,,delayed,290
2022-10-01,N16000418,91,CGD PROJECT AT COIMBATORE DISTRICT,Bharat Petroleum Corporation Limited,,,2018-10-01,2030-03-01,2030-03-01,2998,2998,239.11,,,,,,on_schedule,246
2022-10-01,N24000821,91,RECONSTRUCTION WITH GEOMETRIC IMPROVEMENT OF EXISTING 2 LANE/INTERMEDIATE LANE TO 2LANE WITH PAVED S,Ministry Of Road Transport And Highways (State Pwds),MoRTH,A & N ISLANDS,2017-11-01,2019-11-01,2019-11-01,257.34,,,,,,,,without_doc,368
2022-10-01,N24000828,91,TWO LANING WITH PAVED SHOULDER OF MEENSURUTTI (KM. 98.433) TO CHIDAMBARM (KM. 129.965.) SECTION OF N,(State Pwds),NHAI,TAMIL NADU,2018-03-01,2023-08-01,2023-08-01,633.55,736.33,68.39,,664.1,,0(R3),0/0,without_original_doc,396
2022-10-01,N16000285,92,KOCHI-KOOTTANAD- BANGALORE-MANGALORE PIPELINE PHASE-II,Limited,GAIL,MULTI STATE Hindustan Petroleum Corporation Limited,2009-06-01,2012-12-01,2025-02-01,2915,5909,3573.2,,5909,2025-02-01,Non - availability of,,delayed,291
2022-10-01,N16000427,92,"CGD PROJECT AT SHEIKHPURA, JAMUI AND DEOGHAR DISTRICTS",Bharat Petroleum Corporation Limited,,,2019-06-01,2028-02-01,2028-02-01,303,303,157.39,,,,,,on_schedule,247
2022-10-01,N24001014,92,NANDGAON TO MORSHI,Ministry Of Road Transport And Highways (State Pwds),MoRTH,MAHARASHTRA,2017-01-01,2019-06-01,2019-11-01,385.87,,,,386,,,,without_doc,368
2022-10-01,N24000835,92,CONSTRUCTION OF 8 LANE DWARKA EXPRESSWAY (NH-248BB PACKAGE IV FROM RAIL OVER BRIDGE (ROB) TILL END P,(State Pwds),NHAI,HARYANA,2018-03-01,,2023-08-01,1484.3,1484.3,963.17,,,,,0/0,without_original_doc,396
2022-10-01,N16000315,93,"180 TMTPA NEW LPG PLANT AT PATALGANGA(DIST RAIGAD), MAHARASHTRA",Limited,HPCL,MAHARASHTR A,2017-06-01,2020-06-01,2022-11-01,249.26,278.5,269.84,,278.5,2022-09-01,,,delayed,291
2022-10-01,N16000446,93,EXPANSION OF CRYOGENICS GROUP BY SETTING UP NEW MANUFACTURING FACILITY,Bharat Petroleum Corporation Limited,,,2021-09-01,2023-10-01,2023-10-01,378,378,60.35,,,,,,on_schedule,247
2022-10-01,N24001119,93,NAGBHID TO ARMORI,Ministry Of Road Transport And Highways (State Pwds),MoRTH,MAHARASHTRA,2016-09-01,2019-07-01,2019-11-01,269.05,,,,,,,,without_doc,368
2022-10-01,N24000851,93,CONSTRUCTION OF 8 LANING OF EXISTING 4 LANE VADAPE TO THANE FROM KM 539.202 TO KM 563.000 SECTION OF,(State Pwds),NHAI,MAHARASHTRA,2018-03-01,,2023-10-01,1162.92,1182.87,86.41,,1182.87,,,0/0,without_original_doc,397
2022-10-01,N16000367,94,HASSAN CHERLAPALLI LPG PIPELINE,Limited,HPCL,KARNATAKA,2019-06-01,2022-06-01,2022-12-01,2166.38,2166.38,1852.46,,,,,,delayed,291
2022-10-01,N16000411,94,AUGUMENTATION OF SALAYA MATHURA CRUDE OIL PIPELINE SYSTEM,Bharat Petroleum Corporation Limited,,,2020-10-01,2023-08-01,2023-08-01,1614,1614,239.42,,,,,,on_schedule,247
2022-10-01,N24000772,94,RECONSTRUCTION WITH GEOMETRIC IMPROVEMENT OF EXISTING 2 LANE/INTERMEDIATE LANE TO 2LANE WITH PAVED S,Ministry Of Road Transport And Highways (State Pwds),MoRTH,UTTARAKHAND,2017-12-01,2019-12-01,2019-12-01,257.34,,,,,,,,without_doc,368
2022-10-01,N24000515,94,SIX-LANING OF BARWA ADDA-PANAGARH,(State Pwds),NHAI,WEST BENGAL,2014-04-01,,2023-12-01,1665,2360.65,4525.06,,,,,0/0,without_original_doc,397
2022-10-01,N16000378,95,SWRO II WITH LLPH FACILITIES,Limited,HPCL,ANDHRA PRADESH,2019-09-01,2020-07-01,2023-03-01,196.26,196.26,132.39,,,,,,delayed,291
2022-10-01,N16000382,95,ACRYLICS OR OXO-ALCOHOL PROJECT AT GUJARAT REFINERY,Bharat Petroleum Corporation Limited,,,2019-11-01,2023-05-01,2023-05-01,5251,5251,1746.34,,,,,,on_schedule,247
2022-10-01,N24000773,95,RECONSTRUCTION WITH GEOMETRIC IMPROVEMENT OF EXISTING 2 LANE/INTERMEDIATE LANE TO 2LANE WITH PAVED S,Ministry Of Road Transport And Highways (State Pwds),MoRTH,UTTARAKHAND,2017-12-01,2019-12-01,2019-12-01,200.34,,,,,,,,without_doc,368
2022-10-01,N24000783,95,2 LANING WITH PAVED SHOULDER FROM KM 30.800 TO KM 70.800 AND 2 LANING WITHOUT PAVED SHOULDER FROM KM,(State Pwds),NHAI,KARNATAKA,2018-02-01,,2023-12-01,486.78,486.78,171.98,,,,,3/3,without_original_doc,397
2022-10-01,N16000408,96,SULPHUR FORMING UNIT IN SRU,Limited,HPCL,ANDHRA PRADESH,2020-10-01,2021-08-01,2023-03-01,210.94,210.94,144.7,,,,,,delayed,291
2022-10-01,N16000414,96,EXPANSION OF GUWAHATI REFINERY FROM 1 TO 1.2 MMTPA ALONG WITH INSTALLATION OF CATALYTIC REFORMING UN,Bharat Petroleum Corporation Limited,,,2021-05-01,2023-10-01,2023-10-01,412,412,62.87,,,,,,on_schedule,247
2022-10-01,N24000774,96,WIDENING OF EXISTING SINGLE LANE ROAD TO TWO LANE WITH PAVED SHOULDERS CONFIGURATION FROM KM. 235.00,Ministry Of Road Transport And Highways (State Pwds),MoRTH,UTTARAKHAND,2017-12-01,2019-12-01,2019-12-01,248.22,,,,,,,,without_doc,368
2022-10-01,N24000784,96,6-LANING OF KOZHIKODE BYPASS (CALICUT BYPASS) (I.E. VENGALAM JN. TO RAMANATTUKARA JN.) SECTION OF NH,(State Pwds),NHAI,KERALA,2018-02-01,,2024-01-01,1424.77,1862.77,212.45,,1862.77,,,0/0,without_original_doc,397
2022-10-01,N16000235,97,VISAKH REFINERY MODERNISATION PROJECT,Limited,HPCL,ANDHRA PRADESH,2016-07-01,2020-07-01,2023-10-01,20928,26264,20465.28,,,,,,delayed,291
2022-10-01,N16000441,97,"REVAMPING OF FACILITIES AT EXISTING GUWAHATI TERMINAL, ASSAM",Bharat Petroleum Corporation Limited,,,2022-03-01,2026-07-01,2026-07-01,277,277,1.59,,,,,,on_schedule,247
2022-10-01,N24000984,97,WIDENING TO TWO LANE WITH PAVED SHOULDERS FROM KM 15.525 TO KM 62.880 OF JADCHERLA-KALWAKURTHY SECTI,Ministry Of Road Transport And Highways (State Pwds),MoRTH,TELANGANA,2017-01-01,2019-12-01,2019-12-01,283,,,,,2019-12-01,,,without_doc,368
2022-10-01,N24000830,97,FOUR LANING OF POONDIYANKUPPAM TO SATTANATHAPURAM (DESIGN CH KM. 67.000 TO KM. 123+800) SECTION OF N,(State Pwds),NHAI,TAMIL NADU,2018-03-01,,2024-01-01,2065.96,2169,,,,,,0/0,without_original_doc,397
2022-10-01,N16000406,98,RUF PITCH LOADING GANTRY,Limited,HPCL,ANDHRA PRADESH,2020-10-01,2022-11-01,2023-10-01,332.61,332.61,62.89,,,,,,delayed,291
2022-10-01,N16000419,98,CGD PROJECT AT SALEM DISTRICT,Bharat Petroleum Corporation Limited,,,2018-10-01,2030-03-01,2030-03-01,1304,1304,71.84,,,,,,on_schedule,247
2022-10-01,N24001016,98,MORSHI TO MAH/MP BORDER,Ministry Of Road Transport And Highways (State Pwds),MoRTH,MAHARASHTRA,2017-01-01,2019-06-01,2019-12-01,471.61,,,,472,,,,without_doc,368
2022-10-01,N24000711,98,FOUR LANING OF DANGIAWAS (KM 96.595 TO NH-112) TO JAJIWAL (KM 283.500 OF NH 65 NAGAUR ROAD) SECTIO,(State Pwds),NHAI,RAJASTHAN,2017-12-01,,2024-02-01,1308.73,1308.73,221.14,,,,,0/0,without_original_doc,397
2022-10-01,N16000369,99,CONSTRUCTION OF 80000MT LPG CAVERN AT MANGALORE,Limited,HPCL,KARNATAKA,2018-12-01,2022-12-01,2023-12-01,854,854,260.54,,,2023-12-01,,,delayed,291
2022-10-01,N16000451,99,CBR ASANUR PIPELINE AND ITS HOOK UP WITH EXISTING CHENNAI TRICHY MADURAI PRODUCT PIPELINE,Bharat Petroleum Corporation Limited,,,2022-03-01,2024-11-01,2024-11-01,564,564,,,,,,,on_schedule,247
2022-10-01,N24001018,99,BHANDARA TO GHOTITOK,Ministry Of Road Transport And Highways (State Pwds),MoRTH,MAHARASHTRA,2017-01-01,2019-06-01,2019-12-01,392.83,,,,393,,,,without_doc,368
2022-10-01,N24000717,99,CONSTRUCTION OF STAND ALONE RING ROAD/ BYPASS AROUND JAMMU CITY IN THE STATE OF J AND K ON EPC MODE,(State Pwds),NHAI,JAMMU AND KASHMIR,2017-12-01,2018-10-01,2024-03-01,1471.75,1339,1285.22,,,,65(R3),2/3,without_original_doc,397
2022-10-01,N16000385,100,CITY GAS DISTRIBUTION PROJECT IN GEOGRAPHICAL AREA OF SONIPAT (EAAA) AND JIND DISTRICTS,Limited,HPCL,HARYANA,2018-09-01,2026-09-01,2027-02-01,520,520,294.39,,,,,,delayed,291
2022-10-01,N16000438,100,"GRASS ROOT POL TERMINAL AT VALLUR, CHENNAI",Bharat Petroleum Corporation Limited,,,2022-01-01,2024-07-01,2024-07-01,827,827,75.04,,,,,,on_schedule,247
2022-10-01,N24001076,100,DEULGAON SAKARSHA TO MEHKAR,Ministry Of Road Transport And Highways (State Pwds),MoRTH,MAHARASHTRA,2018-03-01,2019-12-01,2019-12-01,219.91,,,,,,,,without_doc,368
2022-10-01,N24000724,100,SIX LANING OF AURANGABAD TO BIHAR - JHARKHAND BORDER (CHORDAHA) SECTION,(State Pwds),NHAI,BIHAR,2018-01-01,,2024-04-01,895.39,895.39,1369.9,,,,,0/0,without_original_doc,397
2022-10-01,N16000387,101,CITY GAS DISTRIBUTION IN UP AND UK,Limited,HPCL,UTTAR PRADESH,2019-03-01,2029-03-01,2029-08-01,3450.2,3450.2,819.14,,,,,,delayed,291
2022-10-01,N16000437,101,"REVAMPING, AUGMENTATION OF FACILITIES AT EXISTING PORT TERMINAL AT MANGALORE",Bharat Petroleum Corporation Limited,,,2022-01-01,2025-07-01,2025-07-01,463,463,26.29,,,,,,on_schedule,247
2022-10-01,N24001012,101,CHIKALI TO KHAMGAON,Ministry Of Road Transport And Highways (State Pwds),MoRTH,MAHARASHTRA,2017-02-01,2019-06-01,2020-01-01,548.03,,,,548,,,,without_doc,368
2022-10-01,N24000790,101,REHABILITATION AND UP GRADATION TO FOUR LANING OF NH-31D FROM KM 113.200 TO KM 154.854 (PACKAGE IIA),(State Pwds),NHAI,WEST BENGAL,2018-03-01,,2024-06-01,1261.98,2145.96,208,,2145.96,,,0/0,without_original_doc,397
2022-10-01,N16000392,102,CITY GAS DISTRIBUTION IN WEST BENGAL,Limited,HPCL,WEST BENGAL Indian Oil Corporation Limited,2019-03-01,2031-03-01,2031-08-01,5830.2,5830.2,314.32,,,,,,delayed,291
2022-10-01,N16000453,102,INSTALLATION OF BITUMEN MANUFACTURING UNIT ALONG WITH ALLIED FACILITIES AT BARAUNI,Bharat Petroleum Corporation Limited,,,2022-01-01,2024-09-01,2024-09-01,389,389,7.29,,,,,,on_schedule,247
2022-10-01,N24001019,102,KATOL TO WARUD,Ministry Of Road Transport And Highways (State Pwds),MoRTH,MAHARASHTRA,2017-01-01,2019-06-01,2020-01-01,463.62,,,,664,,,,without_doc,368
2022-10-01,N24000567,102,FOUR LANING OF BHAVNAGAR-TALAJA SECTION OF NH-8E FROM KM. 7.090 TO KM. 53.585 (DESIGN CH FROM KM. 6.,(State Pwds),NHAI,GUJARAT,2016-05-01,,2024-08-01,998.18,998.18,781.17,,,,,2/2,without_original_doc,397
2022-10-01,N16000300,103,KHARAGPUR LPG BOTTLING PLANT,Limited,IOCL,WEST BENGAL,2017-04-01,2020-04-01,2022-10-01,163.02,207.36,153.78,,207.36,2022-10-01,,,delayed,291
2022-10-01,N16000455,103,LAYING OF POL PIPELINES IN COMMON CORRIDOR FOR PROPOSED GRASS ROOT TERMINAL AT VALLUR (CHENNAI),Bharat Petroleum Corporation Limited,,,2022-01-01,2024-07-01,2024-07-01,829,829,0.15,,,,,,on_schedule,247
2022-10-01,N24001021,103,AMDI TO SAONER,Ministry Of Road Transport And Highways (State Pwds),MoRTH,MAHARASHTRA,2017-01-01,2019-06-01,2020-02-01,396.91,,,,397,,,,without_doc,368
2022-10-01,N24000714,103,CONSTRUCTION OF NEW LINK (NH-133B) FROM KM 0/00 (KM 200/87 OF SAHIBANJ BYPASS) IN JHARKHAND TO KM 15,(State Pwds),NHAI,BIHAR,2017-12-01,,2024-10-01,2598,1962.5,737.89,,,,,0/0,without_original_doc,397
2022-10-01,N16000326,104,CREATING INFRASTRUCTURE AT GUJARAT REFINERY AND DUMAD FOR KOYALI AHMEDNAGAR SOLAPUR PIPELINE,Limited,IOCL,GUJARAT,2017-10-01,2020-02-01,2022-10-01,906,906,435.46,,,2022-10-01,,,delayed,292
2022-10-01,N16000396,104,INTEGRATED PARA XYLENE (PX) AND PURIFIED TEREPHTHALIC ACID (PTA) PROJECT AT PARADIP REFINERY,Bharat Petroleum Corporation Limited,,,2020-07-01,2024-01-01,2024-01-01,13805,13805,1614.3,,,,,,on_schedule,247
2022-10-01,N24001011,104,MEHKAR TO CHIKALI,Ministry Of Road Transport And Highways (State Pwds),MoRTH,MAHARASHTRA,2017-02-01,2019-05-01,2020-03-01,322.48,,,,322,,,,without_doc,368
2022-10-01,N28000105,104,REDEVELOPMENT OF GPRA COLONY AT NAUROJI NAGAR,Ltd,NBCC,DELHI,2016-07-01,,2023-03-01,2694,2694,1415.36,,,,,0/9,without_original_doc,397
2022-10-01,N16000323,105,INFRASTRUCTURE DEVELOPMENT TO FACILITATE BULK IMPORT OF GRID POWER AT 220 KV AT MATHURA REFINERY,Limited,IOCL,UTTAR PRADESH,2017-08-01,2020-08-01,2022-11-01,255.4,255.4,190.5,,,2022-11-01,,,delayed,292
2022-10-01,N16000457,105,CAPACITY EXPANSION OF DIGBOI REFINERY FROM 0.65 TO 1.0 MMTPA,Bharat Petroleum Corporation Limited,,,2022-06-01,2025-10-01,2025-10-01,768,768,1.07,,,,,,on_schedule,247
2022-10-01,N24001074,105,KHAMGAON TO DEULGAON SAKARSHA,Ministry Of Road Transport And Highways (State Pwds),MoRTH,MAHARASHTRA,2018-03-01,2019-12-01,2020-03-01,249.29,,,,,,,,without_doc,369
2022-10-01,N16000171,106,LPG TERMINAL AT KOCHI,Limited,IOCL,KERALA,2015-10-01,2017-10-01,2022-12-01,607.06,1236,716.73,,1236,2022-03-01,,,delayed,292
2022-10-01,N16000458,106,POLY BUTADIENE RUBBER PLANT AT PANIPAT,Bharat Petroleum Corporation Limited,,,2022-03-01,2025-03-01,2025-03-01,1459,1459,65.48,,,,,,on_schedule,247
2022-10-01,N24001137,106,KALMATH TO ZARAP,Ministry Of Road Transport And Highways (State Pwds),MoRTH,MAHARASHTRA,2016-09-01,2020-03-01,2020-03-01,1338.13,,,,2617.44,,,,without_doc,369
2022-10-01,N16000193,107,AUGMENTATION OF PARADIP- HALDIA-DURGAPUR LPG PIPELINE AND ITS EXTENSION UPTO PATNA AND MUZAFFARPUR,Limited,IOCL,MULTI STATE,2015-01-01,2021-03-01,2022-12-01,1823,3027.9,2486.87,,3027.9,2022-06-01,,,delayed,292
2022-10-01,N16000456,107,ATF PIPELINE FROM JAWAHARLAL NEHRU PORT TRUST (JNPT) TO NAVI MUMBAI INTERNATIONAL AIRPORT (NMIA),Bharat Petroleum Corporation Limited,,,2022-09-01,2025-08-01,2025-08-01,165,165,,,,,,,on_schedule,247
2022-10-01,N24000992,107,REHABILITATION AND UPGRADATION OF HYDERABAD OUTER RING ROAD TO MEDAK SECTION OF NH-765D FROM EXISTIN,Ministry Of Road Transport And Highways (State Pwds),MoRTH,TELANGANA,2018-02-01,2020-04-01,2020-07-01,426.52,,,,,2020-07-01,,,without_doc,369
2022-10-01,N16000194,108,PARADIP HYDERABAD PIPLEINE,Limited,IOCL,MULTI STATE,2015-01-01,2020-12-01,2022-12-01,2321,3338,3312.51,,3338,2023-02-01,,,delayed,292
2022-10-01,N16000454,108,INSTALLATION OF NEW BITUMEN UNIT ALONG WITH ALLIED FACILITIES AT GUJARAT,Bharat Petroleum Corporation Limited,,,2022-01-01,2024-09-01,2024-09-01,328,328,7.55,,,,,,on_schedule,247
2022-10-01,N24001044,108,KALMAB TO RALEGAON,Ministry Of Road Transport And Highways (State Pwds),MoRTH,MAHARASHTRA,2017-01-01,2019-06-01,2020-08-01,467.78,,,,,,,,without_doc,369
2022-10-01,N16000249,109,KOYALI AHMEDNAGAR SOLAPUR PIPELINE,Limited,IOCL,MAHARASHTRA,2016-05-01,2022-02-01,2022-12-01,1945,2251,1831.32,,2251,2022-12-01,1. Stiff resistance in opening,,delayed,292
2022-10-01,N16000412,109,CAPACITY EXPANSION OF PANIPAT REFINERY FROM 15 TO 25 MMTPA,Bharat Petroleum Corporation Limited,,,2021-02-01,2024-09-01,2024-09-01,34627,34627,1031.53,,,,,,on_schedule,247
2022-10-01,N24001017,109,DAHEGAON TO KUHI,Ministry Of Road Transport And Highways (State Pwds),MoRTH,MAHARASHTRA,2017-01-01,2019-06-01,2020-09-01,228.89,,,,229,,,,without_doc,369
2022-10-01,N16000268,110,ADDITIONAL FACILITIES AT SOLAPUR FOR CONVERSION TO TOP ON KOYALI-MANMAD- AHMEDNAGAR-SOLAPUR PIPELINE,Limited,IOCL,MAHARASHTRA,2016-05-01,2021-01-01,2022-12-01,348,437,286.46,,437,,,,delayed,292
2022-10-01,N16000435,110,NEW MUNDRA-PANIPAT CRUDE OIL PIPELINE,Bharat Petroleum Corporation Limited,Indradhanush Gas Grid Ltd,,2021-12-01,2024-10-01,2024-10-01,9028,9028,875.9,,,,,,on_schedule,247
2022-10-01,N24001068,110,WASHIM TO DASTAPUR,Ministry Of Road Transport And Highways (State Pwds),MoRTH,MAHARASHTRA,2018-03-01,2019-12-01,2020-09-01,165.51,,,,,,,,without_doc,369
2022-10-01,N16000338,111,ETHYLENE GLYCOL PROJECT AT PARADIP,Limited,IOCL,ODISHA,2018-04-01,2021-10-01,2022-12-01,5654,5654,4091.03,,,2022-12-01,,,delayed,292
2022-10-01,N16000439,111,NORTH EAST GAS GRID,Bharat Petroleum Corporation Limited,Numaligarh Refinery Limited,,2020-11-01,2024-03-01,2024-03-01,9265,9265,2690.44,,,2024-03-01,,,on_schedule,247
2022-10-01,N24001070,111,DASTAPUR TO KARANJA,Ministry Of Road Transport And Highways (State Pwds),MoRTH,MAHARASHTRA,2018-03-01,2019-12-01,2020-09-01,182.63,,,,,,,,without_doc,369
2022-10-01,N16000345,112,PARADIP SOMNATHPUR HALDIA PIPELINE,Limited,IOCL,ODISHA,2018-10-01,2021-10-01,2022-12-01,1297.5,1297.5,1037.73,,,2022-07-01,,,delayed,292
2022-10-01,N16000379,112,NUMALIGARH REFINERY EXPANSION PROJECT 6 MMTPA REFINARY,Bharat Petroleum Corporation Limited,,,2019-01-01,2024-10-01,2024-10-01,12366,18968,2514.27,,,,,,on_schedule,247
2022-10-01,N24001072,112,KHERDA TO NAGZARI,Ministry Of Road Transport And Highways (State Pwds),MoRTH,MAHARASHTRA,2018-03-01,2019-12-01,2020-09-01,181.3,,,,,,,,without_doc,369
2022-10-01,N16000352,113,2ND GENERATION ETHANOL PLANT AT PANIPAT REFINERY,Limited,IOCL,HARYANA,2019-01-01,2021-01-01,2022-12-01,909,909,702.13,,,2022-08-01,,,delayed,292
2022-10-01,N16000394,113,NUMALIGARH REFINERY EXPANSION PROJECT COIT AND PIPELINES,Bharat Petroleum Corporation Limited,Oil & Natural Gas Corporation Limited,,2019-01-01,2024-10-01,2024-10-01,10228,9058,3905,,,,,,on_schedule,248
2022-10-01,N24000778,113,RECONSTRUCTION WITH GEOMETRIC IMPROVEMENT OF EXISTING SINGLE/INTERMEDIATE LANE TO 2LANE WITH PAVED S,Ministry Of Road Transport And Highways (State Pwds),MoRTH,UTTARAKHAND,2017-11-01,2019-11-01,2020-10-01,266.52,,,,,2020-10-01,,,without_doc,369
2022-10-01,N16000353,114,ETHANOL PRODUCTION FROM PSA OFF GAS BASED ON LANZATECH TECHNOLOGY AT PANIPAT REFINERY,Limited,IOCL,HARYANA,2018-10-01,2020-02-01,2022-12-01,598,753.89,621.17,,753.89,2022-07-01,,,delayed,293
2022-10-01,N16000279,114,REDEVELOPMENT OF SANTHAL FIELD,Bharat Petroleum Corporation Limited,,,2017-02-01,2026-03-01,2026-03-01,1162.56,1162.56,931.89,,,,,,on_schedule,248
2022-10-01,N24000985,114,WIDENING TO TWO LANE WITH PAVED SHOULDERS FROM KM 59.500 TO KM 132.033 OF MANNEGUDA-RAVULAPALLY SECT,Ministry Of Road Transport And Highways (State Pwds),MoRTH,TELANGANA,2017-01-01,2019-05-01,2020-10-01,359.27,,,,,2020-10-01,,,without_doc,369
2022-10-01,N16000361,115,ADDITIONAL STORAGE TANKS AT PARADIP,Limited,IOCL,ODISHA,2018-11-01,2021-09-01,2022-12-01,462.3,543,317.77,,543,2022-12-01,,,delayed,293
2022-10-01,N16000433,115,"GAS ASSISTED GRAVITY DRAINAGE SCHEME, KASOMARIGAON",Bharat Petroleum Corporation Limited,,,2021-08-01,2023-02-01,2023-02-01,218.38,218.38,39.42,,,,,,on_schedule,248
2022-10-01,N24001089,115,MALEGAON TO RISOD,Ministry Of Road Transport And Highways (State Pwds),MoRTH,MAHARASHTRA,2018-02-01,2019-12-01,2020-10-01,303.24,,,,303,,,,without_doc,369
2022-10-01,N16000399,116,MUZAFFARPUR-MOTIHARI LPG PIPELINE,Limited,IOCL,BIHAR,2020-06-01,2022-08-01,2022-12-01,403,403,219.49,,,2022-12-01,Delay in purchase of land at,,delayed,293
2022-10-01,N16000444,116,COMMERCIAL POLYMER FLOODING PROJECT IN BECHRAJI FIELD,Bharat Petroleum Corporation Limited,,,2022-01-01,2024-11-01,2024-11-01,621.4,621.4,78.18,,,,,,on_schedule,248
2022-10-01,N24001136,116,TALGAON TO KALMATH,Ministry Of Road Transport And Highways (State Pwds),MoRTH,MAHARASHTRA,2016-10-01,2020-03-01,2020-10-01,904.7,,,,1428.09,,,,without_doc,369
2022-10-01,N16000283,117,LPG BP PROJECT KHORDHA,Limited,IOCL,ODISHA,2016-12-01,2019-12-01,2023-01-01,161.59,161.59,107.93,,,2023-01-01,,,delayed,293
2022-10-01,N16000428,117,REDEVELOPMENT OF LINCH FIELD,Bharat Petroleum Corporation Limited,,,2021-04-01,2025-03-01,2025-03-01,631.03,631.03,212.55,,,,,,on_schedule,248
2022-10-01,N24000988,117,WIDENING AND STRENGTHENING OF EXISTING 2-LANE TO 2-LANE WITH PAVED SHOULDERS FROM KM.159/0 TO 165/4,Ministry Of Road Transport And Highways (State Pwds),MoRTH,TELANGANA,2018-01-01,2019-12-01,2020-11-01,230.03,,,,,2020-11-01,,,without_doc,369
2022-10-01,N16000376,118,PX-PTA REVAMP AT PANIPAT REFINERY,Limited,IOCL,HARYANA,2019-08-01,2021-12-01,2023-01-01,1255,1255,681.83,,,2023-01-01,,,delayed,293
2022-10-01,N16000445,118,DEVELOPMENT OF JHARIA CBM BLOCK (PHASE-1),Bharat Petroleum Corporation Limited,,,2019-11-01,2024-01-01,2024-01-01,431,431,37.93,,,,,,on_schedule,248
2022-10-01,N24001006,118,AKOT TO ANJANGAON,Ministry Of Road Transport And Highways (State Pwds),MoRTH,MAHARASHTRA,2017-01-01,2019-06-01,2020-11-01,245.77,,,,246,,,,without_doc,369
2022-10-01,N16000282,119,SITARGANJ LPG PROJECT,Limited,IOCL,UTTARAKHAND,2017-02-01,2020-02-01,2023-02-01,160.1,160.1,116.4,,,2022-10-01,,,delayed,293
2022-10-01,N16000431,119,REDEVELOPMENT OF SOBHASAN COMPLEX,Bharat Petroleum Corporation Limited,,,2021-08-01,2026-02-01,2026-02-01,885.63,885.63,231.36,,,,,,on_schedule,248
2022-10-01,N24001010,119,SHEGAON TO DEORI PHATA,Ministry Of Road Transport And Highways (State Pwds),MoRTH,MAHARASHTRA,2017-02-01,2019-05-01,2020-11-01,373.1,,,,373,,,,without_doc,369
2022-10-01,N16000321,120,CATALYST MANUFACTURING UNIT OF 1500 MTPA CAPACITY AT PANIPAT REFINERY,Limited,IOCL,HARYANA,2018-04-01,2020-02-01,2023-02-01,206.63,340.76,230.2,,340.76,2023-02-01,,,delayed,293
2022-10-01,N16000443,120,CREATION OF GAS DEHYDRATION FACILITIES,Bharat Petroleum Corporation Limited,,,2022-03-01,2024-05-01,2024-05-01,209.33,209.33,,,,,,,on_schedule,248
2022-10-01,N24001085,120,TAKARKHED TO JALNA,Ministry Of Road Transport And Highways (State Pwds),MoRTH,MAHARASHTRA,2017-09-01,2019-06-01,2020-11-01,417.9,,,,418,,,,without_doc,369
2022-10-01,N16000332,121,30 INCH CRUDE OIL PIPELINE IN HALDIA-BARAUNI SECTION OF PHBPL AND CONVERSION OF EXISTING 18 INCH HAL,Limited,IOCL,WEST BENGAL,2018-03-01,2022-09-01,2023-02-01,3712,3696,2707.75,,3696,2023-02-01,,,delayed,293
2022-10-01,N16000436,121,PIPELINE REPLACEMENT PROJECT - VII,Bharat Petroleum Corporation Limited,Oil India Limited,,2022-01-01,2024-05-01,2024-05-01,3183.58,3183.58,179.18,,,,,,on_schedule,248
2022-10-01,N24001086,121,BODHWAD TO STATE BORDER,Ministry Of Road Transport And Highways (State Pwds),MoRTH,MAHARASHTRA,2017-01-01,2019-07-01,2020-11-01,178.26,,,,,,,,without_doc,369
2022-10-01,N16000340,122,NAPHTHA CRACKER EXPANSION PROJECT AT PANIPAT,Limited,IOCL,HARYANA,2018-08-01,2020-08-01,2023-02-01,1636,1636,1134.76,,,2023-02-01,,,delayed,294
2022-10-01,N16000449,122,UPGRADATION OF FACILITIES OF NUMALIGARH-SILIGURI PRODUCT PIPELINE (NSPL) FOR TRANSPORTATION OF ADDIT,Bharat Petroleum Corporation Limited,,,2021-06-01,2024-12-01,2024-12-01,860,860,18.95,,,,,,on_schedule,248
2022-10-01,N24001088,122,JALGAON TO NANDURA,Ministry Of Road Transport And Highways (State Pwds),MoRTH,MAHARASHTRA,2018-03-01,2019-12-01,2020-11-01,177.84,,,,177,,,,without_doc,369
2022-10-01,N16000343,123,REVAMPING OF FACILITIES AT VIZAG TERMINAL,Limited,IOCL,ANDHRA PRADESH,2018-04-01,2022-04-01,2023-02-01,355,355,158.86,,,,,,delayed,294
2022-10-01,N16000450,123,"PROJECT TO CONSTRUCT A FIELD GAS GATHERING STATION AT BAGHJAN AREA FOR COLLECTION,PROCESSING",Bharat Petroleum Corporation Limited,,,2020-12-01,2024-07-01,2024-07-01,430.76,430.76,35.2,,,,,,on_schedule,248
2022-10-01,N24001128,123,BHOKAR TO SARSAM,Ministry Of Road Transport And Highways (State Pwds),MoRTH,MAHARASHTRA,2017-02-01,2019-07-01,2020-11-01,295.09,,,,,,,,without_doc,369
2022-10-01,N16000303,124,REVAMPING OF EXISTING FACILITIES/ AUGMENTATION OF FACILITIES AT BAITALPUR DEPOT FOR,Limited,IOCL,UTTAR PRADESH,2017-08-01,2021-08-01,2023-03-01,318.8,318.8,209.48,,,2023-03-01,,,delayed,294
2022-10-01,N18000324,124,RATLE HE PROJECT,National Hydro-Electric Power Corporation,Power Grid Corporation Of India Limited,,2021-02-01,2026-02-01,2026-02-01,5281.94,5281.94,118.18,,,2026-02-01,,,on_schedule,248
2022-10-01,N24001015,124,MORSHI TO ACHALPUR,Ministry Of Road Transport And Highways (State Pwds),MoRTH,MAHARASHTRA,2017-01-01,2019-06-01,2020-12-01,341.16,,,,341,,,,without_doc,369
2022-10-01,N16000368,125,INSTALLATION OF STANDBY SRU TRAIN OF 525 TPD ALONGWITH INCINERATOR AT PARADIP REFINERY,Limited,IOCL,ODISHA,2019-06-01,2022-09-01,2023-03-01,371,427.1,115.99,,427.1,2023-03-01,,,delayed,294
2022-10-01,N18000316,125,NORTH EASTERN REGION STRENGTHENING SCHEME-XII,National Hydro-Electric Power Corporation,,,2021-05-01,2023-03-01,2023-03-01,576.42,576.42,89.15,,,,,,on_schedule,248
2022-10-01,N24001023,125,NAGAJ TO VAIJAPUR,Ministry Of Road Transport And Highways (State Pwds),MoRTH,MAHARASHTRA,2017-01-01,2019-06-01,2020-12-01,376.72,,,,377,,,,without_doc,369
2022-10-01,N16000395,126,INFRASTRUCTURE DEVELOPMENT FOR UTILIZATION OF NATURAL GAS AT PARADIP REFINERY,Limited,IOCL,ODISHA,2020-01-01,2022-07-01,2023-03-01,202.16,202.16,117.92,,,,,,delayed,294
2022-10-01,N18000337,126,TRANSMISSION NETWORK EXPANSION IN GUJARAT TO INCREASE ATC FROM ISTS: PART B,National Hydro-Electric Power Corporation,,,2022-07-01,2023-06-01,2023-06-01,4546.26,4546.26,73.77,,,,,,on_schedule,248
2022-10-01,N24001047,126,BHADGAON TO CHALISGAON,Ministry Of Road Transport And Highways (State Pwds),MoRTH,MAHARASHTRA,2018-01-01,2019-11-01,2020-12-01,259.55,,,,260,,,,without_doc,369
2022-10-01,N16000324,127,DEVLEOPMENT OF GRID INFRASTRUCTURE FOR IMPORTING GRID POWER AT 220 KV AT BARAUNI REFINERY,Limited,IOCL,BIHAR,2017-12-01,2020-10-01,2023-06-01,199.36,199.36,142.16,,,2023-06-01,,,delayed,294
2022-10-01,N18000338,127,TRANSMISSION NETWORK EXPANSION IN GUJARAT TO INCREASE ATC FROM ISTS: PART C,National Hydro-Electric Power Corporation,,,2022-07-01,2025-03-01,2025-03-01,186.19,186.19,2.59,,,,,,on_schedule,248
2022-10-01,N24001051,127,NALDURG TO AKKALKOT,Ministry Of Road Transport And Highways (State Pwds),MoRTH,MAHARASHTRA,2018-02-01,2019-12-01,2020-12-01,274.5,,,,275,,,,without_doc,369
2022-10-01,N16000381,128,LPG BP PROJECT CHITTOOR,Limited,IOCL,ANDHRA PRADESH,2019-07-01,2022-07-01,2023-06-01,167,167,51.95,,,2023-06-01,,,delayed,294
2022-10-01,N18000332,128,TRANSMISSION SYSTEM STRENGTHENING SCHEME FOR EVACUATION OF POWER FROM SOLAR ENERGY ZONES IN RAJASTHA,National Hydro-Electric Power Corporation,,,2022-05-01,2023-11-01,2023-11-01,1666,1666,52.68,,,,,,on_schedule,248
2022-10-01,N24001066,128,LATUR TO PANGAON,Ministry Of Road Transport And Highways (State Pwds),MoRTH,MAHARASHTRA,2018-03-01,2019-12-01,2020-12-01,336.47,,,,336,,,,without_doc,370
2022-10-01,N16000383,129,COMPRESSED BIO GAS PLANT AT GORAKHPUR,Limited,IOCL,HARYANA,2019-09-01,2021-07-01,2023-06-01,164.69,164.69,90.88,,,2022-03-01,,,delayed,294
2022-10-01,N18000341,129,POWERGRID NEEMUCH TRANSMISSION SYSTEM LIMITED,National Hydro-Electric Power Corporation,,,2022-08-01,2024-02-01,2024-02-01,863.99,863.99,,,,,,,on_schedule,248
2022-10-01,N24001077,129,KUNDRAL TO WAZAR,Ministry Of Road Transport And Highways (State Pwds),MoRTH,MAHARASHTRA,2018-01-01,2019-12-01,2020-12-01,225.25,,,,225,,,,without_doc,370
2022-10-01,N16000363,130,"INFRASTRUCTURE DEVELOPMENT TO FACILITATE IMPORT OF GRID POWER AT 220 KV, PANIPAT",Limited,IOCL,HARYANA,2018-12-01,2021-06-01,2023-07-01,278.6,278.6,172.6,,,2023-07-01,,,delayed,294
2022-10-01,N18000299,130,"TRANSMISSION SYSTEM FOR POWER EVACUATION FROM ARUN-3 (900MW) HEP, NEPAL OF M/S SAPDC-INDIAN PORTION",National Hydro-Electric Power Corporation,,,2021-05-01,2023-04-01,2023-04-01,179.29,179.29,87.37,,,,,,on_schedule,249
2022-10-01,N24001083,130,CHIKLI TO TAKARKHED,Ministry Of Road Transport And Highways (State Pwds),MoRTH,MAHARASHTRA,2018-03-01,2019-12-01,2020-12-01,393.1,,,,393,,,,without_doc,370
2022-10-01,N16000375,131,R and D CAMPUS II AT FARIDABAD,Limited,IOCL,HARYANA,2019-06-01,2022-12-01,2023-07-01,2281.94,2281.94,840.29,,3219.94,2023-07-01,,,delayed,294
2022-10-01,N18000327,131,"NORTH EAST-NORTHERN/ WESTERN INTERCONNECTOR-I, PART-C",National Hydro-Electric Power Corporation,,,2019-03-01,2023-03-01,2023-03-01,1326,1326,1100.01,,,,,,on_schedule,249
2022-10-01,N24000989,131,WIDENING AND STRENGTHENING OF EXISTING CARRIAGEWAY IN 2 LANE WITH PAVED SHOULDERS FROM KM.25/0 TO 59,Ministry Of Road Transport And Highways (State Pwds),MoRTH,TELANGANA,2018-02-01,2020-06-01,2021-01-01,206.13,,,,,2021-01-01,,,without_doc,370
2022-10-01,N16000351,132,GRASS ROOT TERMINAL AT MALKAPUR,Limited,IOCL,TELANGANA,2018-12-01,2022-04-01,2023-08-01,611,611,207.81,,,,,,delayed,294
2022-10-01,N18000328,132,TS FOR EVACUATION OF POWER FROM PAKALDUL HEP IN CHENAB VALLEY HEPS - LTA SYSTEM,National Hydro-Electric Power Corporation,,,2022-02-01,2025-04-01,2025-04-01,318.12,318.12,45.46,,,,,,on_schedule,249
2022-10-01,N24001045,132,JALGAON TO BHADGAON,Ministry Of Road Transport And Highways (State Pwds),MoRTH,MAHARASHTRA,2018-01-01,2019-11-01,2021-01-01,307.54,,,,308,,,,without_doc,370
2022-10-01,N16000253,133,ENNORE THIRUVALLUR BENGALURU PUDUCHERRY NAGAPATTINAM MADURAITUTICORIN GAS PIPELINE,Limited,IOCL,TAMIL NADU,2016-05-01,2018-12-01,2023-11-01,4497,6025,5052.88,,6025,2023-11-01,1. Delay in finalization of,,delayed,295
2022-10-01,N18000329,133,AUGMENTATION OF TRANSFORMATION CAPACITY IN SOUTHERN REGION.,National Hydro-Electric Power Corporation,,,2022-03-01,2023-03-01,2023-03-01,176.22,176.22,2.28,,,,,,on_schedule,249
2022-10-01,N24001063,133,WADIGODRI TO DHANGRIPIMPRI,Ministry Of Road Transport And Highways (State Pwds),MoRTH,MAHARASHTRA,2018-03-01,2020-02-01,2021-01-01,194.23,,,,194,,,,without_doc,370
2022-10-01,N16000393,134,INSTALLATION OF SECOND CATALYTIC DEWAXING UNIT (CDW-II) AT HALDIA REFINERY,Limited,IOCL,WEST BENGAL,,2023-01-01,2023-11-01,,1019,428.89,,,,,,delayed,295
2022-10-01,N18000331,134,TRANSMISSION SYSTEM STRENGTHENING SCHEME FOR EVACUATION OF POWER FROM SOLAR ENERGY ZONES IN RAJASTHA,National Hydro-Electric Power Corporation,,,2022-02-01,2023-09-01,2023-09-01,359.47,359.47,9.29,,,,,,on_schedule,249
2022-10-01,N24001130,134,RECONSTRUCTION WITH GEOMETRIC IMPROVMENT OF EXISTING INTERMEDIATE LANE TO 2 LANE WITH PAVED SHOULDER,Ministry Of Road Transport And Highways (State Pwds),MoRTH,UTTARAKHAND,2016-08-01,2017-12-01,2021-01-01,234.88,,,,,2021-01-01,,,without_doc,370
2022-10-01,N16000400,135,REPLACEMENT OF EXISTING TWIN 42” OFFSHORE PIPELINES AT VADINAR ALONG WITH TWO EXISTING PIPELINE END,Limited,IOCL,GUJARAT,2020-06-01,2022-12-01,2023-12-01,1378,1378,444.06,,,,,,delayed,295
2022-10-01,N18000330,135,TRANSMISSION SYSTEM STRENGTHENING FOR SRINAGAR- LEH TRANSMISSION SYSTEM,National Hydro-Electric Power Corporation,Satluj Jal Vidyut Nigam Limited,,2022-03-01,2024-12-01,2024-12-01,288.71,288.71,,,,,,,on_schedule,249
2022-10-01,N24001103,135,SARAD VANI PIMPALGAON,Ministry Of Road Transport And Highways (State Pwds),MoRTH,MAHARASHTRA,2017-01-01,2019-07-01,2021-03-01,250.46,,,,,,,,without_doc,370
2022-10-01,N16000403,136,"CONSTRUCTION OF CAPTIVE POL LPG JETTY AT KAMARAJAR PORT, CHENNAI",Limited,IOCL,TAMIL NADU,2020-10-01,2023-09-01,2024-02-01,921,921,92.4,,,,,,delayed,295
2022-10-01,N18000298,136,PARASAN SOLAR POWER PROJECT,National Hydro-Electric Power Corporation,,,2021-08-01,2022-12-01,2022-12-01,392.3,392.3,439.21,,,,,,on_schedule,249
2022-10-01,N24001108,136,CHALISGAON TO NANDGAON,Ministry Of Road Transport And Highways (State Pwds),MoRTH,MAHARASHTRA,2018-03-01,2019-12-01,2021-03-01,206.97,,,,207,,,,without_doc,370
2022-10-01,N16000405,137,"SETTING UP LUBE COMPLEX AT VILLAGES AMULLAVOYAL AND VAIKKADU, CHENNAI AS RESITEMENT OF EXISTING FACI",Limited,IOCL,TAMIL NADU,2020-10-01,2023-12-01,2024-02-01,1398,1398,357.49,,,,,,delayed,295
2022-10-01,N18000279,137,LUHRI HYDROELECTRIC PROJECT (STAGE1),National Hydro-Electric Power Corporation,,,2020-11-01,2026-01-01,2026-01-01,1810.56,1810.56,889.05,,,,,,on_schedule,249
2022-10-01,N24001110,137,BAMNI TO NAVAEGAON,Ministry Of Road Transport And Highways (State Pwds),MoRTH,MAHARASHTRA,2017-09-01,2020-04-01,2021-03-01,241.69,,,,242,,,,without_doc,370
2022-10-01,N16000362,138,Fuel Quality Upgradation Project at Paradip Refinery,Limited,IOCL,ODISHA,2019-05-01,2021-08-01,2024-03-01,3361,3361,2306.62,,,2024-03-01,,,delayed,295
2022-10-01,N18000291,138,DHAULASIDH HYDROELECTRIC PROJECT (66 MW),National Hydro-Electric Power Corporation,,,2020-10-01,2025-11-01,2025-11-01,687.97,687.97,307.08,,,,,,on_schedule,249
2022-10-01,N24001121,138,NASHIK TO PETH,Ministry Of Road Transport And Highways (State Pwds),MoRTH,MAHARASHTRA,2015-12-01,2018-11-01,2021-04-01,289.6,,,,,,,,without_doc,370
2022-10-01,N16000386,139,BARAUNI REFINERY CAPACITY EXPANSION FROM 6.0 TO 9.0 MMTPA,Limited,IOCL,BIHAR,2020-01-01,2023-04-01,2024-12-01,14810,14810,4322.97,,,,State Govt/Local Govt,,delayed,295
2022-10-01,N18000336,139,GUJRAI SOLAR POWER PROJECT,National Hydro-Electric Power Corporation,,,2022-06-01,2023-08-01,2023-08-01,279.94,279.94,36.91,,,,,,on_schedule,249
2022-10-01,N24001160,139,WIDENING TO TWO LANE WITH PAVED SHOULDER FROM KM 194.900 TO KM 243.200 OF NH-234 BANAVARA-HULIYAR,Ministry Of Road Transport And Highways (State Pwds),MoRTH,KARNATAKA,2017-09-01,2018-10-01,2021-04-01,191.6,,,,,2021-04-01,,,without_doc,370
2022-10-01,N16000417,140,CGD PROJECT AT REWA DISTRICT,Limited,IOCL,MADHYA PRADESH,2018-10-01,2027-02-01,2028-09-01,177,177,84.66,,,2028-09-01,,,delayed,295
2022-10-01,N18000334,140,GURHAH SOLAR POWER PROJECT,National Hydro-Electric Power Corporation,,,2022-05-01,2023-08-01,2023-08-01,466.82,466.82,51.35,,,,,,on_schedule,249
2022-10-01,N24001162,140,IMPROVEMENT AND RECONSTRUCTION TO TWO LANE WITH PAVED SHOULDERS FROM KM 489.845 (NEW KM.58.125) AN,Ministry Of Road Transport And Highways (State Pwds),MoRTH,KARNATAKA,2018-03-01,2018-10-01,2021-04-01,325.86,,,,,2021-04-01,,,without_doc,370
2022-10-01,N16000415,141,"CGD PROJECT AT AURANGABAD, KAIMUR AND ROHTAS DISTRICTS",Limited,IOCL,BIHAR,2018-10-01,2027-08-01,2029-02-01,176,176,103.7,,,2029-02-01,,,delayed,296
2022-10-01,N18000335,141,BIKANER SOLAR POWER PROJECT,National Hydro-Electric Power Corporation,,,2022-04-01,2024-05-01,2024-05-01,5491.89,6023.89,1001.44,,532,,,,on_schedule,249
2022-10-01,N24000996,141,REHABILITATION AND UP-GRADATION TO TWO LANE WITH PAVED SHOULDERS FROM KM 0/0 TO 72/6 OF NH-365 (NAKR,Ministry Of Road Transport And Highways (State Pwds),MoRTH,TELANGANA,2017-01-01,2019-10-01,2021-06-01,605.08,,,,,2021-06-01,,,without_doc,370
2022-10-01,N16000422,142,"CGD PROJECT AT ARWAL, JEHANABAD, BHOJPUR AND BUXAR DISTRICTS",Limited,IOCL,BIHAR,2019-06-01,2028-02-01,2029-08-01,439,439,148.06,,,2029-08-01,,,delayed,296
2022-10-01,N22000359,142,PUNE-MIRAJ-LONDA (467 KM),Central Railways,Rail Vikas Nigam Ltd.,,2015-02-01,2024-03-01,2024-03-01,3627.47,3627.47,2363.44,,3627,,,,on_schedule,249
2022-10-01,N24001035,142,MANSAR TO SALAIKHURD,Ministry Of Road Transport And Highways (State Pwds),MoRTH,MAHARASHTRA,2018-01-01,2019-12-01,2021-06-01,418.36,,,,,,,,without_doc,370
2022-10-01,N16000424,143,"CGD PROJECT AT LAKHISARAI, MUNGER AND BHAGALPUR DISTRICTS",Limited,IOCL,BIHAR,2019-06-01,2028-02-01,2029-08-01,347,347,128.39,,,2029-08-01,,,delayed,296
2022-10-01,N22000297,143,HOSPET-HUBLI-LONDA-VASCODAGAMA DL,Central Railways,,,2010-04-01,2023-03-01,2023-03-01,2127,3300,2836.71,,,,,,on_schedule,249
2022-10-01,N24001064,143,DHANGIPIMPRI TO JALNA AND AMBAD CHOWK TO MANTH CHOWK,Ministry Of Road Transport And Highways (State Pwds),MoRTH,MAHARASHTRA,2018-03-01,2020-02-01,2021-06-01,217.14,,,,217,,,,without_doc,370
2022-10-01,N16000425,144,"CGD PROJECT AT MUZAFFARPUR, VAISHALI, SARAN AND SAMASTIPUR DISTRICTS",Limited,IOCL,BIHAR,2019-06-01,2028-02-01,2029-08-01,2996,2996,413.35,,613,2029-08-01,,,delayed,296
2022-10-01,N22000369,144,VIJAYAWADA-GUDUR,Central Railways,,,2015-04-01,2023-12-01,2023-12-01,3246.26,3548.68,4231.74,,,,,,on_schedule,249
2022-10-01,N24000584,144,4-LANNING OF NH17 AND NEW NO. NH66 FROM KM 161/600 TO 205/400 UNDER HYBRID ANNUITY MODE,Ministry Of Road Transport And Highways (State Pwds),MoRTH,MAHARASHTRA,2016-03-01,,2021-07-01,1142.62,,,,1907.03,,,,without_doc,370
2022-10-01,N16000416,145,"CGD PROJECT AT BOKARO, HAZARIBAGH AND RAMGARH DISTRICTS",Limited,IOCL,JHARKHAND,,2029-12-01,2030-03-01,,613,200.66,,,2030-03-01,,,delayed,296
2022-10-01,N22000501,145,MATHURA-JHANSI-3RD LINE (273.80 KM),Central Railways,,,2016-06-01,2023-12-01,2023-12-01,3677.76,3677.76,3618.21,,,,,,on_schedule,249
2022-10-01,N24000986,145,WIDENING TO TWO LANE WITH PAVED SHOULDERS FROM KM 67.00 TO 114.425 OF KALWAKURTHY-MALLEPALLY SECTION,Ministry Of Road Transport And Highways (State Pwds),MoRTH,TELANGANA,2017-01-01,2019-05-01,2021-07-01,300,,,,,2021-07-01,,,without_doc,370
2022-10-01,N16000420,146,"CGD PROJECT AT SRIKAKULAM, VISAKHAPATNAM AND VIZIANAGARAM DISTRICTS",Limited,IOCL,ANDHRA PRADESH,2019-06-01,2027-08-01,2030-03-01,2880,2880,148.84,,,2030-03-01,,,delayed,296
2022-10-01,N24001180,146,WIDENING OF EXISTING SINGLE/INTERMEDIATE LANE ROAD TO 2 LANE ROAD FROM KM. 83.00 TO KM 101.00 ON NH-,Ministry Of Road Transport And Highways (State Pwds),,,2019-03-01,2022-12-01,2022-12-01,237.51,237.51,177.27,,,,,,on_schedule,250
2022-10-01,N24001055,146,HELWAK TO KARAD,Ministry Of Road Transport And Highways (State Pwds),MoRTH,MAHARASHTRA,2017-02-01,2019-07-01,2021-07-01,416.99,,,,,,,,without_doc,370
2022-10-01,N16000421,147,"CGD PROJECT AT ARARIA, PURNIA, KATIHAR AND KISHANGANJ DISTRICTS",Limited,IOCL,BIHAR,2019-06-01,2029-12-01,2030-03-01,988,988,56.2,,,2030-03-01,,,delayed,296
2022-10-01,N24001296,147,CONSTRUCTION OF 2 LANE ROAD OF POTIN TO PANGIN SECTION OF NH 13 FROM KM 314.25 TO KM 351.383 (PACKAG,Ministry Of Road Transport And Highways (State Pwds),,,2019-03-01,2027-03-01,2027-03-01,394.27,394.27,198.44,,,,,,on_schedule,250
2022-10-01,N24001098,147,WARDHA TO HINGAGHAT,Ministry Of Road Transport And Highways (State Pwds),MoRTH,MAHARASHTRA,2018-01-01,2019-12-01,2021-07-01,216.9,,,,217,,,,without_doc,370
2022-10-01,N16000423,148,"CGD PROJECT AT KHAGARIA, SAHARSA AND MADHEPURA",Limited,IOCL,BIHAR,2019-06-01,2029-12-01,2030-03-01,163,163,43.53,,,2030-03-01,,,delayed,296
2022-10-01,N24001421,148,CONSTRUCTION OF 6 LANE BRIDGE ON GANGA ON NH-96 AND ITS APPROACHES IN PHAPHAMAU ALLAHABAD ON EPC MOD,Ministry Of Road Transport And Highways (State Pwds),,,2018-07-01,2024-02-01,2024-02-01,1948.25,1948.25,531.15,,,,,,on_schedule,250
2022-10-01,N24001109,148,KUSUMBA TO MALEGAON,Ministry Of Road Transport And Highways (State Pwds),MoRTH,MAHARASHTRA,2018-03-01,2019-12-01,2021-07-01,243.45,,,,244,,,,without_doc,370
2022-10-01,N16000426,149,CGD PROJECT AT NAWADA AND KODERMA DISTRICTS,Limited,IOCL,MULTI STATE Mangalore Refinery And Petrochemicals Limited,2019-06-01,2029-12-01,2030-03-01,169,169,51.48,,,2030-03-01,,,delayed,296
2022-10-01,N24001290,149,CONSTRUCTION OF 2 LANE ROAD OF POTIN TO PANGIN SECTION OF NH 13 FROM KM 44.35 TO KM 77.95 (PACKAGE 2,Ministry Of Road Transport And Highways (State Pwds),,,2019-03-01,2027-03-01,2027-03-01,342.55,342.55,304.85,,,,,,on_schedule,250
2022-10-01,N24001100,149,AHMEDNAGAR TO BARAMATI,Ministry Of Road Transport And Highways (State Pwds),MoRTH,MAHARASHTRA,2017-01-01,2019-08-01,2021-08-01,955.4,,,,,,,,without_doc,370
2022-10-01,N16000401,150,DEVANGONTHI MARKETING TERMINAL,Limited,MANGALORE REFIN,KARNATAKA Oil & Natural Gas Corporation Limited,2020-06-01,2023-06-01,2024-01-01,200,304,74.36,,304,2024-01-01,,,delayed,296
2022-10-01,N24001293,150,CONSTRUCTION OF 2 LANE ROAD OF POTIN TO PANGIN SECTION OF NH 13 FROM KM 206.66 TO KM 247.05 (PACKAGE,Ministry Of Road Transport And Highways (State Pwds),,,2019-03-01,2027-03-01,2027-03-01,486.7,486.7,227.24,,,,,,on_schedule,250
2022-10-01,N24000896,150,WIDENING TO 2 LANE PS WITH RECONSTRUCTION OF BRIDGES CULVERT IN KM. 182 TO 266 OF NH-59A,Ministry Of Road Transport And Highways (State Pwds),MoRTH,MADHYA PRADESH,2017-01-01,2019-09-01,2021-09-01,373.82,,,,,2021-09-01,,,without_doc,371
2022-10-01,N16000128,151,CONVERSION OF RIG SAGAR SAMRAT TO MOBILE OFFSHORE PRODUCTION UNIT(MOPS),Limited,ONGC,MAHARASHTR A,2011-03-01,2013-05-01,2022-12-01,861.79,2001.34,1681.69,,2001.34,2022-12-01,,,delayed,296
2022-10-01,N24001372,151,BALANCE WORK 2-LANING OF LALPUL MANMAO CHANGLANG ROAD (NH-215) ON EPC MODE IN THE STATE OF ARUNACH,Ministry Of Road Transport And Highways (State Pwds),,,2021-02-01,2024-03-01,2024-03-01,588.09,588.09,147.04,,,,,,on_schedule,250
2022-10-01,N24001067,151,OMREGA TO AUSA,Ministry Of Road Transport And Highways (State Pwds),MoRTH,MAHARASHTRA,2018-03-01,2019-12-01,2021-09-01,272.04,,,,272,,,,without_doc,371
2022-10-01,N16000241,152,Field Development Plan of Madanam NELP-IV Block CY-ONN- 2002,Limited,ONGC,TAMIL NADU,2015-11-01,2019-03-01,2022-12-01,650.82,650.82,463.47,,,2021-09-01,Facilities: Grant of CTE is,,delayed,297
2022-10-01,N24001292,152,CONSTRUCTION OF 2 LANE ROAD OF POTIN TO PANGIN SECTION OF NH 13 FROM KM 117.56 TO KM 163.59 (PACKAGE,Ministry Of Road Transport And Highways (State Pwds),,,2019-03-01,2027-03-01,2027-03-01,543.05,543.05,241.4,,,,,,on_schedule,250
2022-10-01,N24001135,152,WAKED TO TALEGAON,Ministry Of Road Transport And Highways (State Pwds),MoRTH,MAHARASHTRA,2016-02-01,2019-02-01,2021-11-01,1244.75,,,,1245,,,,without_doc,371
2022-10-01,N16000357,153,"DEVELOPMENT OF NEW MARGINAL FIELD WO 24-3, D30 AND B192 ALONG WITH FACILITY FOR CO2 MITIGATION",Limited,ONGC,MAHARASHTR A,2019-02-01,2021-05-01,2022-12-01,2292.46,2292.46,2315.13,,,2022-12-01,,,delayed,297
2022-10-01,N24001375,153,4 LANING OF ITANAGAR TO BANDARDEWA SECTION OF NH- 415 FROM KM 40+430 TO KM 51+735 (PACKAGE B) ON EPC,Ministry Of Road Transport And Highways (State Pwds),,,2020-06-01,2027-03-01,2027-03-01,496.47,496.47,32.74,,,,,,on_schedule,250
2022-10-01,N24001177,153,WIDENING TO 2-LANE WITH PAVED SHOULDER IN/C. GEOMETRIC IMPROVEMENT FROM KM 318.00 TO KM 339.940 ON C,Ministry Of Road Transport And Highways (State Pwds),MoRTH,TRIPURA,2016-10-01,2020-08-01,2021-11-01,171.9,,,,,,,,without_doc,371
2022-10-01,N16000370,154,PIPELINE REPLACEMENT PROJECT (PRP-VI),Limited,ONGC,MAHARASHTR A,2019-05-01,2020-12-01,2022-12-01,763.92,829.58,830.87,,,2022-12-01,,,delayed,297
2022-10-01,N24001408,154,CONSTRUCTION OF 2-LANE MAJOR BRIDGE INCLUDING APPROACHESOVER BRAHMAPUTRA BETWEEN MAJULI ON NORTH BAN,Ministry Of Road Transport And Highways (State Pwds),,,2021-02-01,2025-07-01,2025-07-01,925.47,925.47,2.54,,,,,,on_schedule,250
2022-10-01,N24000258,154,CONST. OF MISSING LINK BETWEEN KM. 11/680 TO KM. 14/020 AND WIDENING OF EXISTING TWO LANE ROAD,Ministry Of Road Transport And Highways (State Pwds),MoRTH,GOA,2015-03-01,,2021-12-01,184.05,,,,,,,,without_doc,371
2022-10-01,N16000404,155,REDEVELOPMENT OF NANDASAN FIELD,Limited,ONGC,GUJARAT,2020-02-01,2022-08-01,2023-02-01,444.87,444.87,377.87,,,2023-02-01,,,delayed,297
2022-10-01,N24001307,155,WIDENING TO 2-LANE WITH PAVED SHOULDER IN/C GEOMETRIC IMPROVEMENT FROM KM 397.00 TO KM 422.00 ( 25 K,Ministry Of Road Transport And Highways (State Pwds),,,2017-01-01,2022-12-01,2022-12-01,197.67,236.18,121.99,,,,,,on_schedule,250
2022-10-01,N24001094,155,NAIGAONBANDI TO MANGRULPIR,Ministry Of Road Transport And Highways (State Pwds),MoRTH,MAHARASHTRA,2017-12-01,2019-03-01,2021-12-01,244.04,,,,244,,,,without_doc,371
2022-10-01,N16000360,156,HEERA REDEVELOPMENT - PHASE III,Limited,ONGC,MAHARASHTR A,2019-06-01,2022-03-01,2023-03-01,2494.68,2494.68,2225.11,,,2023-03-01,,,delayed,297
2022-10-01,N24001373,156,BALANCE WORK OF 2-LANING OF LONGDING– TISSA- KHONSA ROAD (NH-215) ON EPC MODE IN THE STATE OF ARUNAC,Ministry Of Road Transport And Highways (State Pwds),,,2020-01-01,2024-02-01,2024-02-01,358.26,358.26,142.26,,,,,,on_schedule,250
2022-10-01,N24001194,156,WIDENING OF EXISTING ROAD TO 2 LANE NH STANDARDS ALONG WITH IMPROVEMENT AND REALIGNMENT FROM NECHIPU,Ministry Of Road Transport And Highways (State Pwds),MoRTH,ARUNACHAL PRADESH,2011-09-01,2021-12-01,2021-12-01,1979,,,,,,,,without_doc,371
2022-10-01,N16000213,157,LIFE EXTENSION OF WALL PLATFORMS OF MUMBAI HIGH AND HEERA FIELDS,Limited,ONGC,MAHARASHTR A,2015-12-01,2018-04-01,2023-05-01,3190.69,3375.9,2911.17,,3375.9,2023-05-01,,,delayed,297
2022-10-01,N24001376,157,WIDENING OF EXISTING ROAD TO 2 LANE WITH PAVED SHOULDER FROM HUKANJURI TO KHONSA SECTION OF NH- 315A,Ministry Of Road Transport And Highways (State Pwds),,,2021-03-01,2027-03-01,2027-03-01,182.55,182.55,28.97,,,,,,on_schedule,250
2022-10-01,N24001209,157,R AND U OF LAKHIMPUR - SISIYA SECTION (KM140.00 TO 188.800) OF NH-730 TO 2L WITH PS,Ministry Of Road Transport And Highways (State Pwds),MoRTH,UTTAR PRADESH,2016-03-01,2020-09-01,2021-12-01,296.5,,,,,,,,without_doc,371
2022-10-01,N16000247,158,KG-DWN-98-2 CLUSTER II DEVELOPMENT PROJECT,Limited,ONGC,ANDHRA PRADESH,2016-03-01,2020-06-01,2023-05-01,34012,31040,20235.4,,,2023-05-01,,,delayed,297
2022-10-01,N24001447,158,REHABILITATION AND UPGRADATION TO 2-LANE CONFIGURATION OF HAMIRPUR-KARNOHAL SECTION (KM 141.000 TO K,Ministry Of Road Transport And Highways (State Pwds),,,2020-08-01,2024-12-01,2024-12-01,371.93,371.93,,,,,,,on_schedule,250
2022-10-01,N24001025,158,INDAPAUR TO AGARDANDA,Ministry Of Road Transport And Highways (State Pwds),MoRTH,MAHARASHTRA,2017-01-01,2019-07-01,2022-02-01,355.17,,,,,,,,without_doc,371
2022-10-01,N16000358,159,MUMBAI HIGH NORTH REDEVELOPMENT PHASE-IV,Limited,ONGC,MAHARASHTR A,2019-04-01,2022-03-01,2023-05-01,3228.8,3976.67,2952.93,,3976.67,2023-05-01,,,delayed,297
2022-10-01,N24001442,159,CONSTRUCTION OF 2-LANE WITH PAVED SHOULDER GANGTOK BYPASS ROAD FROM RANIPOOL TO BURTUK (L=23.316KM),Ministry Of Road Transport And Highways (State Pwds),,,2021-10-01,2024-05-01,2024-05-01,385.15,385.15,8.95,,,,,,on_schedule,250
2022-10-01,N24001041,159,SHIROD SHAHPURER TO NANDED,Ministry Of Road Transport And Highways (State Pwds),MoRTH,MAHARASHTRA,2017-01-01,2019-07-01,2022-02-01,211.34,,,,,,,,without_doc,371
2022-10-01,N16000239,160,DEVELOPMENT PLAN OF CBM - BOKARO BLOCK,Limited,ONGC,JHARKHAND Oil India Limited,2015-12-01,2023-03-01,2024-03-01,823.27,1137.79,861.39,,1137.79,2024-03-01,There is delay in drilling of,,delayed,297
2022-10-01,N24001374,160,4-LANING OF ITANAGAR TO BANDARDEWA SECTION OF NH- 415 FROM KM 51+700 TO KM 59+199 (PACKAGE-C) ON EPC,Ministry Of Road Transport And Highways (State Pwds),,,2020-06-01,2027-03-01,2027-03-01,437.6,437.6,65.29,,,,,,on_schedule,250
2022-10-01,N24001084,160,PAHUR TO BODHWAD,Ministry Of Road Transport And Highways (State Pwds),MoRTH,MAHARASHTRA,2017-01-01,2020-05-01,2022-02-01,244.93,,,,,,,,without_doc,371
2022-10-01,N16000331,161,DEVELOPMENT OF SURFACE FACILITIES FOR PRODUCTION AND EVACUATION OF CRUDE OIL AND NATURAL GAS FROM NA,Limited,OIL,ASSAM,2018-01-01,2020-02-01,2022-12-01,543.91,638.6,425.2,,,2022-12-01,,,delayed,297
2022-10-01,N24001427,161,CONSTRUCTION OF ROB WITH APPROACHES IN LIEU OF L C NO 165 OF AHMEDABAD PALANPUR BETWEEN RAILWAY STAT,Ministry Of Road Transport And Highways (State Pwds),,,2020-06-01,2023-04-01,2023-04-01,166.21,166.21,71.8,,,,,,on_schedule,250
2022-10-01,N24001087,161,MANGRUPHIR TO MAHAN,Ministry Of Road Transport And Highways (State Pwds),MoRTH,MAHARASHTRA,2018-03-01,2019-11-01,2022-02-01,222.13,,,,222,,,,without_doc,371
2022-10-01,N18000172,162,PAKAL DUL HYDRO ELECTRIC PROJECT (1000 MW),Limited,CVPPPL,JAMMU AND KASHMIR National Hydro-Electric Power Corporation,2014-10-01,2020-04-01,2025-07-01,8112.12,8112.12,2574.46,,,2025-07-01,Signing of PPA for 1000MW,,delayed,298
2022-10-01,N24001289,162,CONSTRUCTION OF 2 LANE ROAD OF POTIN TO PANGIN SECTION OF NH 13 FROM KM 0.00 TO KM 44.35 (PACKAGE 1),Ministry Of Road Transport And Highways (State Pwds),,,2019-03-01,2027-03-01,2027-03-01,403.68,403.68,234.97,,,,,,on_schedule,250
2022-10-01,N24000257,162,CONSTRUCTION OF MARGOA WESTERN BYPASS FOR NH-17 (NEW NH-66 ) FROM KM. 26 /200 ( CHAINAGE 00/00) TO K,Ministry Of Road Transport And Highways (State Pwds),MoRTH,GOA,2015-03-01,2021-12-01,2022-03-01,298.33,,,,354.43,,,,without_doc,371
2022-10-01,N18000323,163,KALPI SOLAR POWER PROJECT,Limited,NHPC,UTTAR PRADESH,2020-07-01,2022-03-01,2022-12-01,314.64,337.77,227.46,,337.77,2022-12-01,,,delayed,298
2022-10-01,N24001295,163,CONSTRUCTION OF 2 LANE ROAD OF POTIN TO PANGIN SECTION OF NH 13 FROM KM 284.92 TO KM 314.25 (PACKAGE,Ministry Of Road Transport And Highways (State Pwds),,,2019-03-01,2027-03-01,2027-03-01,347.78,347.78,276.79,,,,,,on_schedule,251
2022-10-01,N24000514,163,WIDENING TO 4/6 LANES OF EXISTING NH-17 FROM KM 531/934 (AFTER ZUARI BR.) TO KM 536/250 JN. WITH VER,Ministry Of Road Transport And Highways (State Pwds),MoRTH,GOA,2015-12-01,,2022-03-01,773.98,,,,,,,,without_doc,371
2022-10-01,180100210,164,PARBATI HEP (4X200 MW) (NHPC) II,Limited,NHPC,HIMACHAL PRADESH,2002-09-01,2009-09-01,2023-12-01,3919.59,11134.54,10069.6,,11134.54,2023-12-01,,,delayed,298
2022-10-01,N24001291,164,CONSTRUCTION OF 2 LANE ROAD OF POTIN TO PANGIN SECTION OF NH 13 FROM KM 77.95 TO KM 117.56 (PACKAGE,Ministry Of Road Transport And Highways (State Pwds),,,2019-03-01,2027-03-01,2027-03-01,421.48,421.48,164.99,,,,,,on_schedule,251
2022-10-01,N24000516,164,WIDENING TO 4/6/8 LANES OF EXISTING NH-17 FROM KM 522/615 (NEAR GMC) TO KM 530/850 JOINING NEW ZUIAR,Ministry Of Road Transport And Highways (State Pwds),MoRTH,GOA,2015-12-01,,2022-03-01,819.95,,,,,,,,without_doc,371
2022-10-01,180100221,165,SUBANSIRI LOWER H.E.P (8X250 MW) (NHPC),Limited,NHPC,ARUNACHAL PRADESH,2003-09-01,2010-09-01,2024-03-01,6285.33,19992.43,16675.08,,19992.43,2024-03-01,,,delayed,298
2022-10-01,N24001297,165,CONSTRUCTION OF 2 LANE ROAD OF POTIN TO PANGIN SECTION OF NH 13 FROM KM 163.59 TO KM 206.66 (PACKAGE,Ministry Of Road Transport And Highways (State Pwds),,,2019-03-01,2027-03-01,2027-03-01,450.65,450.65,146.52,,,,,,on_schedule,251
2022-10-01,N24000990,165,REHABILITATION AND UPGRADATION OF NH-167 FROM DESIGN KM.113.900 TO 154.479 (MALLEPALLY - HALIYA SECT,Ministry Of Road Transport And Highways (State Pwds),MoRTH,TELANGANA,2018-02-01,2019-11-01,2022-03-01,294.13,,,,,2022-03-01,,,without_doc,371
2022-10-01,N18000326,166,RANGIT IV HE PROJECT,Limited,NHPC,SIKKIM,2021-03-01,2024-05-01,2024-08-01,938.29,938.29,350.81,,938.29,2024-08-01,,,delayed,298
2022-10-01,N24001294,166,CONSTRUCTION OF 2 LANE ROAD OF POTIN TO PANGIN SECTION OF NH 13 FROM KM 247.05 TO KM 284.92 (PACKAGE,Ministry Of Road Transport And Highways (State Pwds),National Highways And Infrastructure Development Corporation Ltd.,,2019-03-01,2027-03-01,2027-03-01,560.39,560.39,336.58,,,,,,on_schedule,251
2022-10-01,N24001000,166,STRENGTHENING AND WIDENING TO 2 LANE WITH PAVED SHOULDER FROM KM 103.865 TO 142.050 (GAYA-GOH) OF NH,Ministry Of Road Transport And Highways (State Pwds),MoRTH,BIHAR,2018-03-01,2022-03-01,2022-03-01,153.24,,,,,,,,without_doc,371
2022-10-01,N18000325,167,TEESTA VI HE PROJECT,Limited,NHPC,SIKKIM National Thermal Power Corporation,2019-03-01,2024-03-01,2025-07-01,5748.04,5748.04,1874.27,,,2025-07-01,,,delayed,298
2022-10-01,N24001253,167,"CONSTRUCTION, OPERATION AND MAINTENANCE OF Z-MORH TUNNEL INCLUDING APPROACHES ON NH-01 SRINAGAR- SONA",Ministry Of Road Transport And Highways (State Pwds),,,2019-12-01,2023-12-01,2023-12-01,2680.42,2680.42,550,,,,,,on_schedule,251
2022-10-01,N24001005,167,KARASWADA TO BAMBOLIM,Ministry Of Road Transport And Highways (State Pwds),MoRTH,GOA,2017-03-01,2019-12-01,2022-03-01,852.67,,,,,,,,without_doc,371
2022-10-01,N18000280,168,DEVIKOT SOLAR 90MW,Limited,NTPC,UTTAR PRADESH,2020-03-01,2021-09-01,2022-11-01,501.29,524.83,508.16,,,2023-01-01,,,delayed,298
2022-10-01,N24001349,168,MARIAM - PEREN PKG-1A,Ministry Of Road Transport And Highways (State Pwds),,,2021-02-01,2022-12-01,2022-12-01,226.32,226.32,21.91,,,,,,on_schedule,251
2022-10-01,N24001013,168,DIGRAS DARWAH KARANJA,Ministry Of Road Transport And Highways (State Pwds),MoRTH,MAHARASHTRA,2017-01-01,2019-06-01,2022-03-01,391.06,,,,391,,,,without_doc,371
2022-10-01,N18000281,169,DEVIKOT SOLAR 150MW,Limited,NTPC,UTTAR PRADESH,2020-01-01,2021-09-01,2022-11-01,798.24,852.9,646.25,,,2022-11-01,,,delayed,298
2022-10-01,N24001358,169,TLABUNG - LUNGLEI PKG-A,Ministry Of Road Transport And Highways (State Pwds),,,2021-03-01,2022-12-01,2022-12-01,698.44,698.44,37.51,,,,,,on_schedule,251
2022-10-01,N24001024,169,MANGAON TO DIGHI PORT,Ministry Of Road Transport And Highways (State Pwds),MoRTH,MAHARASHTRA,2017-01-01,2019-07-01,2022-03-01,457.52,,,,,,,,without_doc,371
2022-10-01,N18000290,170,ETTAYAPURAM SOLAR 230MW,Limited,NTPC,TAMIL NADU,2020-03-01,2021-09-01,2022-11-01,1316.22,1316.22,1102.63,,,2022-11-01,,,delayed,298
2022-10-01,N24001277,170,CONSTRUCTION OF CHHIATHLANG -SERCHHIP BYPASS (PKG- 1) ON AIZAWL-TUIPANG SECTION OF NH-54,Ministry Of Road Transport And Highways (State Pwds),,,2020-09-01,2022-10-01,2022-10-01,275.02,275.02,62.52,,,,,,on_schedule,251
2022-10-01,N24001028,170,PATGAON KHOPOLI SECTION I,Ministry Of Road Transport And Highways (State Pwds),MoRTH,MAHARASHTRA,2018-01-01,2019-12-01,2022-03-01,170,,,,,,,,without_doc,371
2022-10-01,N18000282,171,NOKHRA,Limited,NTPC,UTTAR PRADESH,2020-03-01,2021-09-01,2023-01-01,1722.14,1803.19,1555.29,,,2023-01-01,,,delayed,298
2022-10-01,N24001450,171,DABOKA KATHKATI PACKAGE-6,Ministry Of Road Transport And Highways (State Pwds),,,2021-09-01,2024-07-01,2024-07-01,625.64,625.64,159.98,,,,,,on_schedule,251
2022-10-01,N24001031,171,MANJUSUMBA TO CHUMBALI,Ministry Of Road Transport And Highways (State Pwds),MoRTH,MAHARASHTRA,2017-01-01,2019-08-01,2022-03-01,228.54,,,,,,,,without_doc,372
2022-10-01,N18000277,172,DURGAPUR PP-III (2X20 MW) - NSPCL,Limited,NTPC,WEST BENGAL,2016-12-01,2018-11-01,2023-03-01,529.68,679,552.04,,633.8,2022-12-01,None,,delayed,298
2022-10-01,N24001328,172,JIA BHARALI BRIDGE ALONG WITH ITS APPROACH ROAD,Ministry Of Road Transport And Highways (State Pwds),,,2020-12-01,2023-08-01,2023-08-01,804,804,252.53,,,,,,on_schedule,251
2022-10-01,N24001033,172,MANTHA TALUKAS BORDER TO PARTUR,Ministry Of Road Transport And Highways (State Pwds),MoRTH,MAHARASHTRA,2017-01-01,2019-07-01,2022-03-01,486.19,,,,,,,,without_doc,372
2022-10-01,N18000292,173,ANTA SOLAR 90 MW,Limited,NTPC,RAJASTHAN,2021-01-01,2022-03-01,2023-04-01,382.22,382.22,48.41,,,2023-04-01,,,delayed,298
2022-10-01,N24001397,173,GOHA-KHELLANI PKG-3,Ministry Of Road Transport And Highways (State Pwds),,,2021-02-01,2023-03-01,2023-03-01,431.28,431.28,75.64,,,,,,on_schedule,251
2022-10-01,N24001040,173,JAHIRABAD TO LATUR,Ministry Of Road Transport And Highways (State Pwds),MoRTH,MAHARASHTRA,2017-01-01,2019-11-01,2022-03-01,461.96,,,,,,,,without_doc,372
2022-10-01,N18000212,174,TELANGANA SUPER THERMAL POWER PROJECT PHASE I,Limited,NTPC,TELANGANA,2016-01-01,2020-11-01,2023-06-01,10598.98,10998,9710.05,,,2022-07-01,,,delayed,298
2022-10-01,N24001407,174,PEREN-DIMAPUR PKG-5,Ministry Of Road Transport And Highways (State Pwds),,,2021-02-01,2023-03-01,2023-03-01,207.33,207.33,,,,,,,on_schedule,251
2022-10-01,N24001042,174,SALAIKHURD TO TIRORA,Ministry Of Road Transport And Highways (State Pwds),MoRTH,MAHARASHTRA,2018-01-01,2019-12-01,2022-03-01,415.25,,,,415.25,,,,without_doc,372
2022-10-01,N18000296,175,"150 MW SOLAR PV PROJECT IN GUJARAT (LIMBDI, MESANKA AND RADHANPUR)",Limited,NTPC,GUJARAT,2021-05-01,2022-09-01,2023-08-01,674.92,674.92,76.91,,,,,,delayed,298
2022-10-01,N24001256,175,CONSTRUCTION OF (I) CONNECTING ROAD FROM Z-MORH TUNNEL TO ZOJILA TUNNEL AND (II) 14.150 KM LONG BI-D,Ministry Of Road Transport And Highways (State Pwds),,,2020-08-01,2026-09-01,2026-09-01,6808.69,6808.69,678.9,,,,,,on_schedule,251
2022-10-01,N24001046,175,RALEGAON TO RAMTIRTH,Ministry Of Road Transport And Highways (State Pwds),MoRTH,MAHARASHTRA,2017-01-01,2019-07-01,2022-03-01,210.81,,,,,,,,without_doc,372
2022-10-01,N18000293,176,BHENSARA 320 MW,Limited,NTPC,RAJASTHAN,2021-01-01,2022-07-01,2023-10-01,1221.73,1221.73,147.15,,,2023-10-01,,,delayed,299
2022-10-01,N24001362,176,RISHI BORDER- ROLEP- MENLA PKG- 3B,Ministry Of Road Transport And Highways (State Pwds),,,2020-12-01,2024-02-01,2024-02-01,410.6,379.3,28.55,,,2024-02-01,,,on_schedule,251
2022-10-01,N24001048,176,MEHKAR TO AJISPUR,Ministry Of Road Transport And Highways (State Pwds),MoRTH,MAHARASHTRA,2017-01-01,2019-07-01,2022-03-01,232.77,,,,,,,,without_doc,372
2022-10-01,N18000294,177,CHHATTARGARH 150 MW,Limited,NTPC,RAJASTHAN,2021-02-01,2022-07-01,2023-10-01,599.99,599.99,186.26,,,2023-10-01,,,delayed,299
2022-10-01,N24001346,177,KARGIL-ZANSKR PACKAGE-6,Ministry Of Road Transport And Highways (State Pwds),,,2021-01-01,2024-05-01,2024-05-01,239.81,239.81,96.47,,,,,,on_schedule,251
2022-10-01,N24001049,177,KARAD TO VITA,Ministry Of Road Transport And Highways (State Pwds),MoRTH,MAHARASHTRA,2018-01-01,2019-12-01,2022-03-01,344.85,,,,245,,,,without_doc,372
2022-10-01,N18000295,178,GUJARAT 200 MW (GUVNL TENDER),Limited,NTPC,GUJARAT,2021-01-01,2022-07-01,2023-10-01,842.27,842.27,92.08,,,2022-10-01,,,delayed,299
2022-10-01,N24001355,178,DULTE- KWALKULH - CHAMPAI PKG.1,Ministry Of Road Transport And Highways (State Pwds),,,2021-03-01,2022-12-01,2022-12-01,374.39,374.39,138.45,,,,,,on_schedule,251
2022-10-01,N24001052,178,SANGOLA TO JATH,Ministry Of Road Transport And Highways (State Pwds),MoRTH,MAHARASHTRA,2018-01-01,2019-12-01,2022-03-01,257.38,,,,257,,,,without_doc,372
2022-10-01,N18000319,179,DAYAPAR WIND ENERGY PROJECT 150MW,Limited,NTPC,GUJARAT,2021-11-01,2023-05-01,2023-11-01,937.8,937.8,135.05,,,2023-11-01,,,delayed,299
2022-10-01,N24001348,179,KARGIL-ZANSKR PACKAGE-8,Ministry Of Road Transport And Highways (State Pwds),,,2021-03-01,2023-01-01,2023-01-01,398.37,398.37,50.53,,,,,,on_schedule,251
2022-10-01,N24001056,179,TEMBHURNI PANDHARPUR MANGALWEDHA MARWADE UMDI,Ministry Of Road Transport And Highways (State Pwds),MoRTH,MAHARASHTRA,2017-02-01,2019-07-01,2022-03-01,422.02,,,,422,,,,without_doc,372
2022-10-01,N18000286,180,SAMBHU KI BHURJ-II SOLAR 300MW,Limited,NTPC,RAJASTHAN,2020-03-01,2021-09-01,2023-12-01,1782,1782,1211.69,,,2023-01-01,,,delayed,299
2022-10-01,N24001361,180,RISHI BORDER- ROLEP- MENLA PKG- 2A,Ministry Of Road Transport And Highways (State Pwds),,,2021-01-01,2023-09-01,2023-09-01,332.2,332.2,19.69,,,,,,on_schedule,251
2022-10-01,N24001059,180,SHIVUR TO YEOLA,Ministry Of Road Transport And Highways (State Pwds),MoRTH,MAHARASHTRA,2018-03-01,2019-12-01,2022-03-01,181.08,,,,,,,,without_doc,372
2022-10-01,180100242,181,BARH STPP(3X660MW) NTPC,Limited,NTPC,BIHAR,2005-02-01,2011-10-01,2024-03-01,8692.97,21312.11,20343,,21312.11,2023-07-01,Bakhtiyarpur ROR line:,,delayed,299
2022-10-01,N24001395,181,KHELLANI-KHANABAL PKG-4,Ministry Of Road Transport And Highways (State Pwds),,,2021-07-01,2023-08-01,2023-08-01,859.67,859.67,25.5,,,,,,on_schedule,251
2022-10-01,N24001060,181,PALPHATA TO PHULAMBARI,Ministry Of Road Transport And Highways (State Pwds),MoRTH,MAHARASHTRA,2018-03-01,2019-12-01,2022-03-01,227.19,,,,227,,,,without_doc,372
2022-10-01,N18000320,182,NOKH PLOT-1 SOLAR PV PROJECT 245MW,Limited,NTPC,RAJASTHAN,2022-03-01,2023-08-01,2024-04-01,1352.71,1352.71,43.1,,,2024-04-01,,,delayed,299
2022-10-01,N24001262,182,CONSTRUCTION AND UPGRADATION OFEXISTINGROAD TO 2- LANE WITH PAVED SHOULDER INCLUDING GEOMETRIC IMPROV,Ministry Of Road Transport And Highways (State Pwds),,,2020-07-01,2023-04-01,2023-04-01,345.38,345.38,115.75,,,,,,on_schedule,251
2022-10-01,N24001062,182,DHAD BHOKARDAN TO BHOKARDHAN SILLOD,Ministry Of Road Transport And Highways (State Pwds),MoRTH,MAHARASHTRA,2018-03-01,2019-12-01,2022-03-01,336.21,,,,336,,,,without_doc,372
2022-10-01,N18000321,183,NOKH PLOT-2 SOLAR PV PROJECT 245MW,Limited,NTPC,RAJASTHAN,2022-03-01,2023-08-01,2024-04-01,1409.52,1409.52,52.09,,,2024-04-01,,,delayed,299
2022-10-01,N24001398,183,MARIAM - PEREN (PKG 2A),Ministry Of Road Transport And Highways (State Pwds),,,2021-07-01,2023-03-01,2023-03-01,204.58,204.58,77.38,,,,,,on_schedule,252
2022-10-01,N24001065,183,PARBHANI TO GANGKHED,Ministry Of Road Transport And Highways (State Pwds),MoRTH,MAHARASHTRA,2018-03-01,2019-12-01,2022-03-01,238.19,,,,238,,,,without_doc,372
2022-10-01,N18000322,184,NOKH PLOT-3 SOLAR PV PROJECT 245MW,Limited,NTPC,RAJASTHAN,2022-03-01,2023-08-01,2024-04-01,1426.94,1426.94,50.39,,,2024-04-01,,,delayed,299
2022-10-01,N24001396,184,KHELLANI-KHANABAL PKG-5,Ministry Of Road Transport And Highways (State Pwds),,,2021-07-01,2023-02-01,2023-02-01,497.09,497.09,25.62,,,,,,on_schedule,252
2022-10-01,N24001071,184,JALKOT TO TOGRI,Ministry Of Road Transport And Highways (State Pwds),MoRTH,MAHARASHTRA,2018-07-01,2020-08-01,2022-03-01,299.92,,,,300,,,,without_doc,372
2022-10-01,N18000177,185,NORTH KARANPURA STPP (3X660 MW),Limited,NTPC,JHARKHAND,2014-02-01,2019-06-01,2024-06-01,14366.58,17007,13445.16,,,2022-10-01,1.Maintaining Law & order,,delayed,299
2022-10-01,N24001452,185,DIBRUGARH-LAHOAL-CHABUA BYPASS PACKAGE-2,Ministry Of Road Transport And Highways (State Pwds),,,2022-04-01,2024-07-01,2024-07-01,170.95,170.95,0.02,,,,,,on_schedule,252
2022-10-01,N24001082,185,PUNE RAIGARH DISTRICT BORDER TO MANGAON,Ministry Of Road Transport And Highways (State Pwds),MoRTH,MAHARASHTRA,2018-03-01,2019-12-01,2022-03-01,223.46,,,,,,,,without_doc,372
2022-10-01,N18000014,186,TAPOVAN-VISHNUGAD HEP (4X130MW),Limited,NTPC,UTTARAKHAN D,2006-11-01,2013-03-01,2024-12-01,2978.48,7103,5578.77,,5867.38,2021-12-01,,,delayed,300
2022-10-01,N24001333,186,TWO- LANE WITH PAVED SHOULDER CONFIGURATION OF IMPHAL - MOREH SECTION OF NH-39 FROM KM 330 TO KM 350,Ministry Of Road Transport And Highways (State Pwds),,,2019-09-01,2023-05-01,2023-05-01,761.54,761.54,300.72,,,,,,on_schedule,252
2022-10-01,N24001090,186,KOLDE TO KHETIYA,Ministry Of Road Transport And Highways (State Pwds),MoRTH,MAHARASHTRA,2017-01-01,2019-07-01,2022-03-01,509.18,,,,,,,,without_doc,372
2022-10-01,N18000275,187,PATRATU STPP-I (3X800MW),Limited,NTPC,JHARKHAND,2017-11-01,2023-03-01,2025-03-01,18668,18668,9361.34,,,,Readiness of Start-up,,delayed,300
2022-10-01,N24001261,187,CONSTRUCTION AND UPGRADATION OFEXISTINGROAD TO 2- LANE WITH PAVED SHOULDER INCLUDING GEOMETRIC IMPROV,Ministry Of Road Transport And Highways (State Pwds),,,2020-08-01,2023-04-01,2023-04-01,311,311,50.95,,,,,,on_schedule,252
2022-10-01,N24001096,187,TALEGAON TO GONAPUR,Ministry Of Road Transport And Highways (State Pwds),MoRTH,MAHARASHTRA,2018-01-01,2019-03-01,2022-03-01,264.41,,,,264,,,,without_doc,372
2022-10-01,N18000178,188,RAMMAM-III HEPP (3X40 MW),Limited,NTPC,WEST BENGAL Power Grid Corporation Of India Limited,2014-09-01,2019-09-01,2026-09-01,1381.84,1803,824.79,,,2024-12-01,Support required from Govt.,,delayed,300
2022-10-01,N24001345,188,KARGIL-ZANSKR PACKAGE-3,Ministry Of Road Transport And Highways (State Pwds),,,2020-08-01,2023-01-01,2023-01-01,381.01,381.01,37.32,,,,,,on_schedule,252
2022-10-01,N24001101,188,KURUDWADI TO PANDHARPUR,Ministry Of Road Transport And Highways (State Pwds),MoRTH,MAHARASHTRA,2017-01-01,2019-07-01,2022-03-01,307.63,,,,,,,,without_doc,372
2022-10-01,N18000245,189,SYSTEM STRENGTHENING SCHEME IN NORTH REGION XXXVII,Limited,PGCIL,MULTI STATE,2017-03-01,2019-12-01,2022-11-01,379.95,379.95,272.91,,,,,,delayed,300
2022-10-01,N24001404,189,TAMENGLONG - MAHUR PKG-4,Ministry Of Road Transport And Highways (State Pwds),,,2021-07-01,2023-03-01,2023-03-01,198.77,198.77,16.45,,,,,,on_schedule,252
2022-10-01,N24001102,189,PANDHARPUR TO SANGOLA,Ministry Of Road Transport And Highways (State Pwds),MoRTH,MAHARASHTRA,2017-07-01,2019-07-01,2022-03-01,218.38,,,,,,,,without_doc,372
2022-10-01,N18000301,190,TRANSMISSION SYSTEM FOR PROVIDING CONNECTIVITY TO RE PROJECTS AT BHUJ-II (2000 MW) IN GUJARAT,Limited,PGCIL,GUJARAT,2019-10-01,2021-08-01,2022-11-01,1031,1143,1000.7,,,,,,delayed,300
2022-10-01,N24001440,190,KEIFANG - TUVAI PKG-1,Ministry Of Road Transport And Highways (State Pwds),,,2021-09-01,2023-05-01,2023-05-01,492.94,492.94,19.53,,,,,,on_schedule,252
2022-10-01,N24001113,190,BARASGAON TO RAHATEE,Ministry Of Road Transport And Highways (State Pwds),MoRTH,MAHARASHTRA,2016-07-01,2018-09-01,2022-03-01,289.11,,,,290,,,,without_doc,372
2022-10-01,N18000184,191,ESTABLISHMENT OF FIBER OPTIC COMMUNICATION SYSTEM IN NR UNDER FIBER OPTIC EXPANSION PROJECT (ADDITIO,Limited,PGCIL,MULTI STATE,2015-03-01,2018-03-01,2022-12-01,197.4,197.4,196.19,,,,,,delayed,300
2022-10-01,N24001246,191,4-LANING OF HAPACHARA - TULUNGIA SECTION,Ministry Of Road Transport And Highways (State Pwds),,,2020-03-01,2022-12-01,2022-12-01,220.2,220.2,97.7,,,,,,on_schedule,252
2022-10-01,N24001116,191,GADCHIROLI TO MUL,Ministry Of Road Transport And Highways (State Pwds),MoRTH,MAHARASHTRA,2016-12-01,2019-06-01,2022-03-01,484.15,,,,,,,,without_doc,372
2022-10-01,N18000242,192,ESTABLISHMENT OF 220/66KV GIS AT UT CHANDIGARH ALONG WITH 220KV D/C LINE FROM CHANDIGARH GIS TO 400/,Limited,PGCIL,MULTI STATE,2017-02-01,2019-02-01,2022-12-01,322.3,322.3,211.5,,,,,,delayed,300
2022-10-01,N24001326,192,4-L DHUBRI PHULBARI BRIDGE WITH APPROACH ROAD,Ministry Of Road Transport And Highways (State Pwds),,,2020-11-01,2028-09-01,2028-09-01,4997.04,4997.04,466.71,,,,,,on_schedule,252
2022-10-01,N24001149,192,RISOD TO HINGOLI,Ministry Of Road Transport And Highways (State Pwds),MoRTH,MAHARASHTRA,2018-02-01,2019-12-01,2022-03-01,355.99,,,,,,,,without_doc,372
2022-10-01,N18000244,193,EASTERN REGION STRENTHENING SCHEME XVII( PART B),Limited,PGCIL,MULTI STATE,2017-02-01,2019-06-01,2022-12-01,235.53,243.74,165.36,,,,,,delayed,301
2022-10-01,N24001437,193,TAMENGLONG - MAHUR PKG-6,Ministry Of Road Transport And Highways (State Pwds),,,2021-09-01,2023-05-01,2023-05-01,311.18,311.18,22.84,,,,,,on_schedule,252
2022-10-01,N24001150,193,WARDHA TO ARVI,Ministry Of Road Transport And Highways (State Pwds),MoRTH,MAHARASHTRA,2018-02-01,2020-04-01,2022-03-01,313.58,,,,,,,,without_doc,372
2022-10-01,N18000262,194,TRANSMISSION SYSTEM FOR EVACUTION OF POWER FROM NEYVELI LIGNITE CORP LTD TS - I (REPLACEMENT) IN NEY,Limited,PGCIL,TAMIL NADU,2017-05-01,2019-07-01,2022-12-01,186.17,219.66,173.55,,,,,,delayed,301
2022-10-01,N24001394,194,KHELLANI-KHANABAL PKG-2,Ministry Of Road Transport And Highways (State Pwds),,,2021-07-01,2023-02-01,2023-02-01,512.43,512.43,9.78,,,,,,on_schedule,252
2022-10-01,N24001195,194,4 LANING OF NH 415 FROM DESIGN CHAINAGE 29/500 TO 40/400 (ITANAGAR TO BANDARDEWA SECTION) IN THE ST,Ministry Of Road Transport And Highways (State Pwds),MoRTH,ARUNACHAL PRADESH,2016-11-01,,2022-03-01,243.89,,,,,,,,without_doc,372
2022-10-01,N18000302,195,IMPLEMENTATION OF 500 MVAR THYRISTOR CONTROLLED REACTOR AT KURUKSHETRA,Limited,PGCIL,HARYANA,2019-01-01,2022-03-01,2022-12-01,267.33,267.33,104.93,,,,,,delayed,301
2022-10-01,N24001321,195,DEMBUEN - BRUNI,Ministry Of Road Transport And Highways (State Pwds),,,2020-12-01,2023-03-01,2023-03-01,606.63,606.63,167.37,,,,,,on_schedule,252
2022-10-01,N24001078,195,PUNE TO MALE VILLAGE,Ministry Of Road Transport And Highways (State Pwds),MoRTH,MAHARASHTRA 369,2018-03-01,2019-12-01,2022-04-01,228.31,,,,,,,,without_doc,372
2022-10-01,N18000313,196,NORTH EASTERN REGION STRENGTHENING SCHEME - III,Limited,PGCIL,MULTI STATE,2015-09-01,2017-12-01,2022-12-01,167.31,167.31,129.51,,,,,,delayed,301
2022-10-01,N24001344,196,KARGIL-ZANSKR PACKAGE-2,Ministry Of Road Transport And Highways (State Pwds),,,2021-03-01,2023-01-01,2023-01-01,404.89,404.89,6.02,,,,,,on_schedule,252
2022-10-01,N24001080,196,MALE VILLAGE TO PUNE RAIGARH DISTRICT BORDER,Ministry Of Road Transport And Highways (State Pwds),MoRTH,MAHARASHTRA,2018-03-01,2019-12-01,2022-04-01,256.15,,,,,,,,without_doc,373
2022-10-01,N18000314,197,"TRANSMISSION SYSTEM FOR PROVIDING CONNECTIVITY TO RE PROJECTS AT BIKANER (PG), FATEHGARH-II AND BHAD",Limited,PGCIL,RAJASTHAN,2020-01-01,2021-01-01,2022-12-01,562.86,562.86,379.07,,,,,,delayed,301
2022-10-01,N24001357,197,DULTE- KWALKULH - CHAMPAI PKG.3,Ministry Of Road Transport And Highways (State Pwds),,,2021-03-01,2023-06-01,2023-06-01,674.71,674.71,188.81,,,,,,on_schedule,252
2022-10-01,N24000282,197,REHABILITATION AND UPGRADATION OF EXISTING NH-565 FROM KM.86.057 TO 133.922 OF NAGARJUNASAGAR DAM T,Ministry Of Road Transport And Highways (State Pwds),MoRTH,ANDHRA PRADESH,2014-01-01,2014-11-01,2022-05-01,195.45,,,,,2022-05-01,,,without_doc,373
2022-10-01,N18000317,198,RELIABLE COMMUNICATION SCHEME UNDER CENTRAL SECTOR FOR NORTHERN REGION,Limited,PGCIL,MULTI STATE,2018-11-01,2021-11-01,2022-12-01,241.38,241.38,225.09,,,,,,delayed,301
2022-10-01,N24001436,198,TAMENGLONG - MAHUR PKG-5,Ministry Of Road Transport And Highways (State Pwds),,,2021-08-01,2023-05-01,2023-05-01,477.86,477.86,14.26,,,,,,on_schedule,252
2022-10-01,N24000610,198,"REHABILIATION OF 4-LANE 5.575 KM LONG,4-LANE MG SETU OVER GANGA RIVER ON NH-19 FROM KM 212.72 TO KM",Ministry Of Road Transport And Highways (State Pwds),MoRTH,BIHAR,2016-08-01,2016-12-01,2022-05-01,1742.01,,,,,2022-06-01,,,without_doc,373
2022-10-01,N18000339,199,RELIABLE COMMUNICATION SCHEME UNDER CENTRAL SECTOR FOR SOUTHERN REGION,Limited,PGCIL,MULTI STATE,2018-11-01,2021-11-01,2022-12-01,173.94,173.94,116.08,,,,,,delayed,301
2022-10-01,N24001351,199,MARIAM - PEREN PKG-2B,Ministry Of Road Transport And Highways (State Pwds),,,2021-02-01,2022-12-01,2022-12-01,232.26,232.26,38.22,,,,,,on_schedule,252
2022-10-01,N24000894,199,UPGRADATION OF MAKSUDANGARH-SIRONJ ROAD TO 2L + PS,Ministry Of Road Transport And Highways (State Pwds),MoRTH,MADHYA PRADESH,2018-02-01,2018-03-01,2022-05-01,279.44,,,,,2021-11-01,,,without_doc,373
2022-10-01,N18000300,200,TRANSMISSION SYSTEM STRENGTHENING SCHEME FOR EVACUATION OF POWER FROM SOLAR ENERGY ZONES IN RAJASTHA,Limited,PGCIL,RAJASTHAN,2021-05-01,2022-09-01,2023-01-01,1184.88,1184.88,182.88,,,,,,delayed,301
2022-10-01,N24001434,200,JOGIGHOPA BRIDGE,Ministry Of Road Transport And Highways (State Pwds),,,2021-08-01,2024-11-01,2024-11-01,746.76,746.76,15.98,,,,,,on_schedule,252
2022-10-01,N24000925,200,CONSTRUCTION OF MISSING LINKS (SINGLE LANE) IN LAKHPAT GADULI HAJIPIR ODMA KHAVDA DHOLAVIRA MAUVANA,Ministry Of Road Transport And Highways (State Pwds),MoRTH,GUJARAT,2018-10-01,2019-05-01,2022-05-01,400.76,,,,394.44,,,,without_doc,373
2022-10-01,N18000304,201,TRANSMISSION SYSTEM STRENGTHENING SCHEME FOR EVACUATION OF POWER FROM SOLAR ENERGY ZONES IN RAJASTHA,Limited,PGCIL,RAJASTHAN,2021-03-01,2022-12-01,2023-03-01,1340.81,1340.81,720.58,,,,,,delayed,301
2022-10-01,N24001356,201,DULTE- KWALKULH - CHAMPAI PKG.2,Ministry Of Road Transport And Highways (State Pwds),,,2021-03-01,2022-12-01,2022-12-01,233.25,233.25,55.9,,,,,,on_schedule,252
2022-10-01,N24000527,201,WIDENING TO 2 LANE AND IMPROVEMENT VIJAYWADA RANCI ROUTE FROM KM 377-700 TO 471-900 (BERHMAPUR-TAPTA,Ministry Of Road Transport And Highways (State Pwds),MoRTH,ODISHA,2011-12-01,2015-08-01,2022-06-01,191.08,,,,,2022-06-01,,,without_doc,373
2022-10-01,N18000308,202,NORTHERN REGION SYSTEM STRENGTHENING - XL,Limited,PGCIL,MULTI STATE,2019-02-01,2020-12-01,2023-03-01,572.98,572.98,299.52,,,,,,delayed,301
2022-10-01,N24001343,202,KARGIL-ZANSKR PACKAGE-1,Ministry Of Road Transport And Highways (State Pwds),,,2021-03-01,2023-01-01,2023-01-01,384.23,384.23,30.91,,,,,,on_schedule,252
2022-10-01,N24000574,202,"ENGINEERING, PROCUREMENT, AND CONSTRUCTION OF REHABILITATION AND UPGRADING TO 2-LANES/2 -LANE WITH P",Ministry Of Road Transport And Highways (State Pwds),MoRTH,BIHAR,2013-11-01,2016-07-01,2022-06-01,683.83,,,,828.45,2022-06-01,,,without_doc,373
2022-10-01,N18000264,203,HVDC BIPOLE LINK BETWEEN WR AND SR -NORTH TRICHUR - SCHEME -II AC SYSTEM STRENGTHENING AT PUGALUR EN,Limited,PGCIL,MULTI STATE,2017-08-01,2020-02-01,2023-04-01,1931.39,2635.55,1895.52,,,,,,delayed,301
2022-10-01,N24001368,203,TULUNGIA-JOGIGHOPA-PAIKAN ROAD PKG-7,Ministry Of Road Transport And Highways (State Pwds),,,2021-03-01,2024-01-01,2024-01-01,286.72,286.72,25.9,,,,,,on_schedule,252
2022-10-01,N24000966,203,REHABILITATION UPGRADATION OF NH214(NH216) FROM KM41.161 TO KM59.800(GURJANAPALLI TO POLEKURU SECT,Ministry Of Road Transport And Highways (State Pwds),MoRTH,ANDHRA PRADESH,2016-01-01,2016-08-01,2022-06-01,348.95,,,,,2022-06-01,,,without_doc,373
2022-10-01,N18000306,204,TRANSMISSION SYSTEM STRENGTHENING SCHEME FOR EVACUATION OF POWER FROM SOLAR ENERGY ZONES IN RAJASTHA,Limited,PGCIL,RAJASTHAN,2021-06-01,2022-12-01,2023-08-01,1562,1562,561.26,,,,,,delayed,302
2022-10-01,N24001433,204,REHABILITATION OF SECTION FROM KM 298.00 TO KM 330.662 PKG-8,Ministry Of Road Transport And Highways (State Pwds),,,2021-04-01,2023-07-01,2023-07-01,154.61,154.61,,,,,,,on_schedule,252
2022-10-01,N24000980,204,WIDEINING TO TWO/FOUR LANE WITH PAVED SHOULDERS FROM EXISTING KM 182.120 TO KM 227.600 OF NH-167 ON,Ministry Of Road Transport And Highways (State Pwds),MoRTH,TELANGANA,2016-10-01,2019-02-01,2022-06-01,298.32,,,,,2022-06-01,,,without_doc,373
2022-10-01,N18000307,205,TRANSMISSION SYSTEM STRENGTHENING SCHEME FOR EVACUATION OF POWER FROM SOLAR ENERGY ZONES IN RAJASTHA,Limited,PGCIL,RAJASTHAN,2021-06-01,2022-12-01,2023-08-01,1006,1006,694.44,,,,,,delayed,302
2022-10-01,N24001360,205,RANIKOR-MAHESHKHOLA- BAGHMARA (RMB) PKG-3,Ministry Of Road Transport And Highways (State Pwds),,,2021-03-01,2022-12-01,2022-12-01,260.21,260.21,88.26,,,,,,on_schedule,252
2022-10-01,N24000991,205,REHABILITATION AND UPGRADATION OF NH-167 FROM DESIGN KM.157.707 TO 187.723 (DESIGN LENGTH 30.016 KMS,Ministry Of Road Transport And Highways (State Pwds),MoRTH,TELANGANA,2018-02-01,2019-11-01,2022-06-01,220.28,,,,,2022-06-01,,,without_doc,373
2022-10-01,N18000303,206,TRANSMISSION SYSTEM STRENGTHENING SCHEME FOR EVACUATION OF POWER FROM SOLAR ENERGY ZONES IN RAJASTHA,Limited,PGCIL,RAJASTHAN,2021-03-01,2022-12-01,2023-09-01,353.85,353.85,176.3,,,,,,delayed,302
2022-10-01,N24001366,206,DABOKA KATHKATI PACKAGE-5,Ministry Of Road Transport And Highways (State Pwds),,,2021-03-01,2023-01-01,2023-01-01,288.85,288.85,65.12,,,,,,on_schedule,252
2022-10-01,N24000993,206,REHABILITATION AND UPGRADATION OF NH-167 FROM DESIGN KM.187.723 TO 234.434 (MIRYALAGUDA TO KODAD SEC,Ministry Of Road Transport And Highways (State Pwds),MoRTH,TELANGANA,2018-03-01,2020-09-01,2022-06-01,322.81,,,,,2022-06-01,,,without_doc,373
2022-10-01,N18000250,207,NORTH EASTERN REGION POWER SYSTEM IMPROVEMENT PROJECT (NERPSIP) FOR SIX (6) STATES,Limited,PGCIL,MULTI STATE,2014-12-01,2018-12-01,2024-01-01,5111.33,6700,4237.7,,,,,,delayed,302
2022-10-01,N24001400,207,SENAPATI- IMPHAL PKG-5B,Ministry Of Road Transport And Highways (State Pwds),,,2021-03-01,2023-01-01,2023-01-01,211.7,211.7,,,,,,,on_schedule,253
2022-10-01,N24000997,207,REHABILITATION AND UP GRADATION FROM KM. 121/0 TO 154/0 OF NAKAREKAL – MALLAMPALLY SECTION OF NH-365,Ministry Of Road Transport And Highways (State Pwds),MoRTH,TELANGANA,2018-03-01,2019-07-01,2022-06-01,192.67,,,,,2022-06-01,,,without_doc,373
2022-10-01,N18000305,208,TRANSMISSION SYSTEM STRENGTHENING SCHEME FOR EVACUATION OF POWER FROM SOLAR ENERGY ZONES IN RAJASTHA,Limited,PGCIL,RAJASTHAN,2021-06-01,2022-12-01,2024-02-01,713.82,713.82,371.31,,,,,,delayed,302
2022-10-01,N24001353,208,IMPHAL - KHONGSANG PKG-2,Ministry Of Road Transport And Highways (State Pwds),,,2021-03-01,2022-12-01,2022-12-01,195.14,195.14,29.55,,,,,,on_schedule,253
2022-10-01,N24001004,208,PATRADEVI TO KARASWADA 4L,Ministry Of Road Transport And Highways (State Pwds),MoRTH,GOA,2017-03-01,2020-05-01,2022-06-01,634.32,,,,,,,,without_doc,373
2022-10-01,N18000249,209,COMPREHENSIVE SCHEME FOR THE STRENGHTENING OF THE TRANSMISSION AND DISTRIBUTION SYSTEM IN A P,Limited,PGCIL,MULTI STATE Satluj Jal Vidyut Nigam Limited,2014-12-01,2018-12-01,2024-03-01,4754.42,9129.32,4445.24,,,,,,delayed,302
2022-10-01,N24001314,209,IMPROVEMENT/WIDENING TO 2-LANE WITH PAVED SHOULDER FROM (DESIGN KM 10.670 TO KM 37.550) BETWEEN SHIL,Ministry Of Road Transport And Highways (State Pwds),,,2020-11-01,2023-12-01,2023-12-01,525.68,525.68,341.23,,,,,,on_schedule,253
2022-10-01,N24001027,209,SHAHPUR PATGAON SECTION I,Ministry Of Road Transport And Highways (State Pwds),MoRTH,MAHARASHTRA,2018-01-01,2019-12-01,2022-06-01,150.79,,,,,,,,without_doc,373
2022-10-01,N18000297,210,Bagodara Solar Power Project,Limited,SJVN,GUJARAT,2021-05-01,2022-10-01,2022-12-01,339.35,339.35,132.62,,,,,,delayed,302
2022-10-01,N24001451,210,DIBRUGARH-LAHOAL-CHABUA BYPASS PACKAGE-1,Ministry Of Road Transport And Highways (State Pwds),,,2022-03-01,2024-07-01,2024-07-01,215.27,215.27,0.06,,,,,,on_schedule,253
2022-10-01,N24001029,210,AHMADPUR TO PIMPLA,Ministry Of Road Transport And Highways (State Pwds),MoRTH,MAHARASHTRA,2017-01-01,2019-08-01,2022-06-01,422.38,,,,,,,,without_doc,373
2022-10-01,N18000265,211,NAITWAR MORI HEP,Limited,SJVN,UTTARAKHAN D Thdc India Limited,2017-10-01,2021-12-01,2023-02-01,648.33,1149,969.56,,,,1. Stay imposed by Hon’ble,,delayed,302
2022-10-01,N24001402,211,TAMENGLONG - MAHUR PKG-1,Ministry Of Road Transport And Highways (State Pwds),,,2021-07-01,2023-03-01,2023-03-01,185.8,185.8,16.8,,,,,,on_schedule,253
2022-10-01,N24001030,211,PIMPLA TO MANJARSUMBHA,Ministry Of Road Transport And Highways (State Pwds),MoRTH,MAHARASHTRA,2017-01-01,2019-08-01,2022-06-01,595.77,,,,,,,,without_doc,373
2022-10-01,N18000252,212,AMELIA COAL MINE,Limited,THDCIL,MADHYA PRADESH,2017-01-01,2020-09-01,2022-11-01,2104.21,1587.16,816.62,,,,(i),,delayed,303
2022-10-01,N24001359,212,TLABUNG - LUNGLEI PKG-B,Ministry Of Road Transport And Highways (State Pwds),,,2021-03-01,2023-01-01,2023-01-01,740.58,740.58,34.05,,,,,,on_schedule,253
2022-10-01,N24001032,212,DEORI TO AMGAON,Ministry Of Road Transport And Highways (State Pwds),MoRTH,MAHARASHTRA,2017-01-01,2019-05-01,2022-06-01,409.62,,,,410,,,,without_doc,373
2022-10-01,N18000010,213,TEHRI PUMPED STORAGE PLANT(1000MW),Limited,THDCIL,UTTARAKHA ND,2006-07-01,2016-02-01,2023-10-01,1657,4825.6,4875.25,,,2022-06-01,,,delayed,303
2022-10-01,N24001352,213,IMPHAL – MOREH PACKAGE- 3,Ministry Of Road Transport And Highways (State Pwds),,,2021-03-01,2022-12-01,2022-12-01,259.31,259.31,112.33,,,,,,on_schedule,253
2022-10-01,N24001034,213,PARTUR TO MAJALGAON,Ministry Of Road Transport And Highways (State Pwds),MoRTH,MAHARASHTRA,2017-01-01,2019-07-01,2022-06-01,420.57,,,,,,,,without_doc,373
2022-10-01,N18000272,214,KHURJA SUPER THERMAL POWER PROJECT,Limited,THDCIL,UTTAR PRADESH,2019-03-01,2023-09-01,2024-08-01,11089.42,11089.42,5468.48,,,,,,delayed,303
2022-10-01,N24001341,214,KHELLANI-KHANABAL PKG-3,Ministry Of Road Transport And Highways (State Pwds),,,2021-03-01,2022-12-01,2022-12-01,398.51,398.51,24.74,,,,,,on_schedule,253
2022-10-01,N24001037,214,KAIJ TO KUSALAM,Ministry Of Road Transport And Highways (State Pwds),MoRTH,MAHARASHTRA,2017-01-01,2019-07-01,2022-06-01,554.78,,,,,,,,without_doc,373
2022-10-01,N18000042,215,VISHNUGAD PIPALKOTI HYDRO ELECTRIC PROJECT,Limited,THDCIL,UTTARAKHA ND,2008-08-01,2013-06-01,2025-05-01,2491.58,3860.35,2724.91,,3860.35,,•All Law & order issues,,delayed,303
2022-10-01,N24001330,215,KARGIL-ZANSKR PACKAGE-5,Ministry Of Road Transport And Highways (State Pwds),,,2020-08-01,2023-12-01,2023-12-01,169.79,169.79,140.98,,,,,,on_schedule,253
2022-10-01,N24001050,215,VITA TO NAGAJ,Ministry Of Road Transport And Highways (State Pwds),MoRTH,MAHARASHTRA,2018-03-01,2019-12-01,2022-06-01,304.58,,,,305,,,,without_doc,373
2022-10-01,N21000013,216,NEIGRIHMS SHILLONG MEGHALYA,Corporation Ltd,HSCC,MEGHALAYA,2016-10-01,2018-05-01,2022-11-01,363.99,363.99,307.7,,,,,,delayed,303
2022-10-01,N24001399,216,IMPHAL – MOREH (PACKAGE 4),Ministry Of Road Transport And Highways (State Pwds),,,2021-03-01,2023-01-01,2023-01-01,277.99,277.99,61.76,,,,,,on_schedule,253
2022-10-01,N24001058,216,KARWANDI TO RAJURI,Ministry Of Road Transport And Highways (State Pwds),MoRTH,MAHARASHTRA,2018-03-01,2019-12-01,2022-06-01,276.95,,,,277,,,,without_doc,373
2022-10-01,N22000231,217,WARDHA-NANDED MAHARASHTRA,Central Railways,CR,MAHARASHTRA,2008-04-01,2023-03-01,2024-03-01,3168.29,3445.48,1557.36,,,,,,delayed,304
2022-10-01,N24001363,217,MANU-SIMLUNG ( PKG 4),Ministry Of Road Transport And Highways (State Pwds),,,2021-03-01,2022-12-01,2022-12-01,354.79,354.79,27.08,,,,,,on_schedule,253
2022-10-01,N24001061,217,CHIKALI TO DHAD,Ministry Of Road Transport And Highways (State Pwds),MoRTH,MAHARASHTRA,2018-03-01,2019-12-01,2022-06-01,189.46,,,,189,,,,without_doc,374
2022-10-01,N22000250,218,WARDHA-SEWAGRAM NGP 3RD LINE,Central Railways,CR,MAHARASHTRA,2012-04-01,2022-03-01,2024-03-01,540.02,540.02,373,,,,,,delayed,304
2022-10-01,N24001252,218,CONSTUCTION/UPGRADATION OF EXISTING HIGHWAY TO 2 LANE WITH PAVED SHOULDER FROM KM 13.00 TO KM 25.600,Ministry Of Road Transport And Highways (State Pwds),,,2020-08-01,2023-04-01,2023-04-01,295.97,295.97,84.58,,,,,,on_schedule,253
2022-10-01,N24001069,218,NANDED TO JALKOT,Ministry Of Road Transport And Highways (State Pwds),MoRTH,MAHARASHTRA,2017-12-01,2019-09-01,2022-06-01,456.93,,,,457,,,,without_doc,374
2022-10-01,N22000356,219,WARDHA-BALHARSHAH - 3RD LINE (132 KM),Central Railways,CR,MAHARASHTRA,2015-02-01,2022-03-01,2024-03-01,1272.19,1384.72,646.28,,,,,,delayed,304
2022-10-01,N24001315,219,TADADEGE - HENKAR,Ministry Of Road Transport And Highways (State Pwds),,,2021-02-01,2023-03-01,2023-03-01,550.45,550.45,24.48,,,,,,on_schedule,253
2022-10-01,N24001075,219,OSMANNAGAR TO KUNDRAL,Ministry Of Road Transport And Highways (State Pwds),MoRTH,MAHARASHTRA,2017-09-01,2020-08-01,2022-06-01,344.25,,,,344,,,,without_doc,374
2022-10-01,N22000358,220,ITARSI-NAGPUR (BAL.) - 3RD LINE (267 KM),Central Railways,CR,MAHARASHTRA,2015-02-01,2023-03-01,2024-03-01,2449.91,2449.91,726.37,,,,,,delayed,304
2022-10-01,N24001313,220,IMPROVEMENT/WIDENING TO 2-L WITH PAVED SHOULDER FROM (DESIGN KM 0.00 TO KM 10.670) / 4-LANING FROM (,Ministry Of Road Transport And Highways (State Pwds),,,2020-11-01,2023-12-01,2023-12-01,351.12,351.12,171.79,,,,,,on_schedule,253
2022-10-01,N24001079,220,ARDHAPUR TO HIMAYATNAGAR,Ministry Of Road Transport And Highways (State Pwds),MoRTH,MAHARASHTRA,2017-12-01,2020-06-01,2022-06-01,426.06,,,,426,,,,without_doc,374
2022-10-01,N22000361,221,MANMAD - JALGAON - 3RD LINE (160 KM),Central Railways,CR,MAHARASHTRA,2016-02-01,2022-03-01,2024-03-01,1035.16,1035.16,593.35,,637.95,,,,delayed,304
2022-10-01,N24001342,221,DONIPAWA TO ASHAJIPORA BYPASS PKG-7,Ministry Of Road Transport And Highways (State Pwds),,,2021-03-01,2022-12-01,2022-12-01,260.4,260.4,8.26,,,,,,on_schedule,253
2022-10-01,N24001081,221,HIMAYATNAGAR TO PHULSAWANGI,Ministry Of Road Transport And Highways (State Pwds),MoRTH,MAHARASHTRA,2018-03-01,2019-12-01,2022-06-01,294.87,,,,295,,,,without_doc,374
2022-10-01,N22000362,222,WARDHA - NAGPUR - 4TH LINE (76 KM),Central Railways,CR,MAHARASHTRA,,2023-03-01,2024-03-01,,637.95,350.77,,,,,,delayed,304
2022-10-01,N24001335,222,IMPROVEMENT/WIDENING TO 2-LANE WITH PAVED SHOULDER / 4-LANING FROM (DESIGN KM 63.530 TO KM 71.520) B,Ministry Of Road Transport And Highways (State Pwds),,,,2023-12-01,2023-12-01,284.21,284.21,44.52,,,,,,on_schedule,253
2022-10-01,N24001093,222,ARNI TO NAIGAINBANDI,Ministry Of Road Transport And Highways (State Pwds),MoRTH,MAHARASHTRA,2017-12-01,2019-12-01,2022-06-01,309.94,,,,310,,,,without_doc,374
2022-10-01,220100181,223,AHMEDNAGAR-PARLI VAIJNATH(NL) CR,Central Railways,CR,MAHARASHTRA,1997-02-01,2021-03-01,2025-03-01,2271.5,4805.17,3228.58,,,,,,delayed,304
2022-10-01,N24001334,223,IMPROVEMENT/WIDENING TO 2-LANE WITH PAVED SHOULDER FROM (DESIGN KM 45.760 TO KM 63.530) BETWEEN SHIL,Ministry Of Road Transport And Highways (State Pwds),,,2020-11-01,2023-12-01,2023-12-01,445.51,445.51,179.1,,,,,,on_schedule,253
2022-10-01,N24001095,223,SATARA MURVAD PILLOV PANDHARPUR,Ministry Of Road Transport And Highways (State Pwds),MoRTH,MAHARASHTRA,2017-01-01,,2022-06-01,388.44,,,,,,,,without_doc,374
2022-10-01,N22000233,224,KALYAN-KASARA 3RD LINE,Central Railways,CR,MAHARASHTRA,2011-04-01,2021-03-01,2025-03-01,792.89,792.89,555.99,,,,,,delayed,304
2022-10-01,N24001347,224,KARGIL-ZANSKR PACKAGE-7,Ministry Of Road Transport And Highways (State Pwds),,,2021-01-01,2024-06-01,2024-06-01,308.86,308.86,99.61,,,,,,on_schedule,253
2022-10-01,N24001104,224,MALEWADA TO CHIMUR,Ministry Of Road Transport And Highways (State Pwds),MoRTH,MAHARASHTRA,2016-10-01,2019-06-01,2022-06-01,322.55,,,,,,,,without_doc,374
2022-10-01,N22000360,225,DAUND - MANMAD (236 KM),Central Railways,CR,MAHARASHTRA East Central Railways,2016-02-01,2023-03-01,2025-03-01,1876,2081.27,974.24,,,,,,delayed,304
2022-10-01,N24001403,225,TAMENGLONG - MAHUR PKG-2,Ministry Of Road Transport And Highways (State Pwds),National Highways Authority Of India,,2021-07-01,2023-03-01,2023-03-01,483.87,483.87,63.23,,,,,,on_schedule,253
2022-10-01,N24001105,225,CHIMUR TO WARORA,Ministry Of Road Transport And Highways (State Pwds),MoRTH,MAHARASHTRA,2016-11-01,2019-03-01,2022-06-01,467.7,,,,,,,,without_doc,374
2022-10-01,N22000349,226,KIUL - GAYA DOUBLING PROJECT,Central Railways,ECR,BIHAR,2015-12-01,2020-03-01,2023-03-01,1200.2,1200.2,1164.26,,1200.2,,,,delayed,304
2022-10-01,N24001432,226,"6L FLYOVER AT BORAGAON, GORCHUK, LOKHRA AND BASISTHA JUNCTION ON GUWAHATI BYPASS SECTION FROM KM 146",Ministry Of Road Transport And Highways (State Pwds),,,2021-12-01,2024-08-01,2024-08-01,300,300,85.24,,,,,,on_schedule,253
2022-10-01,N24001106,226,PEN TO KHOPOLI,Ministry Of Road Transport And Highways (State Pwds),MoRTH,MAHARASHTRA,2018-03-01,2018-03-01,2022-06-01,301.39,,,,302,,,,without_doc,374
2022-10-01,N22000419,227,KARAILA ROAD - SHAKTINAGAR DOUBLING,Central Railways,ECR,UTTAR PRADESH,2015-08-01,2019-03-01,2023-03-01,528.57,528.57,465.63,,,,,,delayed,304
2022-10-01,N24001419,227,DELHI-AMRITSAR-KATRA EXPRESSWAY (PHASE-I PKG-XI) FROM JUNCTION WITH JALANDHAR - KAPURTHALA ROAD (NH-,Ministry Of Road Transport And Highways (State Pwds),,,2021-02-01,2024-04-01,2024-04-01,1269.96,1269.96,,,,,,,on_schedule,253
2022-10-01,N24001111,227,KOLHA TO NASRATPUR,Ministry Of Road Transport And Highways (State Pwds),MoRTH,MAHARASHTRA,2016-04-01,2019-04-01,2022-06-01,281.78,,,,282,,,,without_doc,374
2022-10-01,220100240,228,"JAYANAGAR-DARBHANGA- NARKATIA GANJ(GC),ECR",Central Railways,ECR,BIHAR,1997-04-01,2012-03-01,2023-06-01,324.73,1110,1129.55,,967.29,,,,delayed,304
2022-10-01,N24001417,228,DELHI-AMRITSAR-KATRA EXPRESSWAY FROM JUNCTION WITH LUDHIANA-MOGA ROAD (NH-5) NEAR MULLANPUR DAKHA TO,Ministry Of Road Transport And Highways (State Pwds),,,2020-12-01,2024-04-01,2024-04-01,1234.4,1234.4,,,,,,,on_schedule,254
2022-10-01,N24001112,228,NASRATPUR TO BARASGAON,Ministry Of Road Transport And Highways (State Pwds),MoRTH,MAHARASHTRA,2016-07-01,2019-09-01,2022-06-01,406.54,,,,407,,,,without_doc,374
2022-10-01,N22000350,229,RAMPUR DUMRA - TAL - RAJENDRAPUL DOUBLING INCLUDING GANGA BRIDGE,Central Railways,ECR,BIHAR,2015-12-01,2020-03-01,2023-12-01,1491.47,1491.47,669.55,,,,,,delayed,304
2022-10-01,N24001445,229,CONSTRUCTION OF FOUR LANE EXPRESSWAY FROM START OF VEJALLKA VILLAGE TO START OF DSIR ZONE OF AHMEDAB,Ministry Of Road Transport And Highways (State Pwds),,,2020-05-01,2023-07-01,2023-07-01,691.52,691.52,116.2,,,,,,on_schedule,254
2022-10-01,N24001114,229,INDAPUR TO VADPALE,Ministry Of Road Transport And Highways (State Pwds),MoRTH,MAHARASHTRA,2017-01-01,2019-12-01,2022-06-01,1202.52,,,,1203,,,,without_doc,374
2022-10-01,N22000417,230,RAMNA - SINGRAULI DOUBLING,Central Railways,ECR,UTTAR PRADESH,,2020-03-01,2024-03-01,2436.21,2436.21,2011.96,,,,,,delayed,304
2022-10-01,N24001415,230,DELHI-AMRITSAR-KATRA EXPRESSWAY FROM JUNCTION WITH PATIALA-BATHINDA ROAD (NH-7) NEAR BHAWANIGARH TO,Ministry Of Road Transport And Highways (State Pwds),,,2020-12-01,2024-04-01,2024-04-01,881,881,,,,,,,on_schedule,254
2022-10-01,N24001115,230,VADPALE TO BHOGAN KHURD,Ministry Of Road Transport And Highways (State Pwds),MoRTH,MAHARASHTRA,2017-01-01,2019-11-01,2022-06-01,1598.47,,,,1560,,,,without_doc,374
2022-10-01,N22000473,231,MUZAFFARPUR SAGAULI DOUBLING 100.60 KM,Central Railways,ECR,BIHAR,2016-04-01,2021-03-01,2024-03-01,731.64,1185.73,667.62,,1185.73,,,,delayed,304
2022-10-01,N24001443,231,CONSTRUCTION OF FOUR LANE EXPRESSWAY FROM START OF SARDAR PATEL RING ROAD TO SINDHREJ VILLAGE (CH. 0,Ministry Of Road Transport And Highways (State Pwds),,,2020-05-01,2024-03-01,2024-03-01,690.3,690.3,107.24,,,,,,on_schedule,254
2022-10-01,N24001117,231,MUL TO CHANDRAPUR,Ministry Of Road Transport And Highways (State Pwds),MoRTH,MAHARASHTRA,2016-12-01,2019-07-01,2022-06-01,162.34,,,,,,,,without_doc,374
2022-10-01,N22000472,232,SAGAULI VALMIKINAGAR DOUBLING 109.7 KM,Central Railways,ECR,BIHAR,2016-04-01,2021-03-01,2024-12-01,744.04,1215.54,712.35,,1215.54,,,,delayed,304
2022-10-01,N24001420,232,DELHI-AMRITSAR-KATRA EXPRESSWAY (PHASE-I PKG-XII) FROM JUNCTION WITH AMRITSAR-MEHTA- SRIHARGOBINDPUR-,Ministry Of Road Transport And Highways (State Pwds),,,2021-02-01,2024-04-01,2024-04-01,853.66,853.66,,,,,,,on_schedule,254
2022-10-01,N24001118,232,SAKOLI TO BHANDARA,Ministry Of Road Transport And Highways (State Pwds),MoRTH,MAHARASHTRA,2017-01-01,2019-06-01,2022-06-01,362.96,,,,,,,,without_doc,374
2022-10-01,N22000181,233,JAYNAGAR-BIJALPURA INCLUDING EXTENSION BIJALPURA-BARDIBAS(NEPAL) GC,Central Railways,ECR,BIHAR East Coast Railway,2009-04-01,2020-03-01,2025-03-01,548,783.83,543.54,,548,,,,delayed,305
2022-10-01,N24001418,233,DELHI-AMRITSAR-KATRA EXPRESSWAY FROM CH.KM 303+900 TO KM 319+400 OF MAIN EXPRESSWAY) AND AMRITSAR CO,Ministry Of Road Transport And Highways (State Pwds),,,2020-12-01,2024-04-01,2024-04-01,1094.46,1094.46,,,,,,,on_schedule,254
2022-10-01,N24001124,233,AURANGABAD TO SILLOD,Ministry Of Road Transport And Highways (State Pwds),MoRTH,MAHARASHTRA,2017-02-01,2019-06-01,2022-06-01,456.32,,,,,,,,without_doc,374
2022-10-01,N22000316,234,BHADRAK - NERGUNDI 3RD LINE,Central Railways,ECOR,ODISHA,2013-03-01,2020-10-01,2024-03-01,843.04,843.04,480.71,,,,,,delayed,305
2022-10-01,N24001449,234,DEVELOPMENT OF MULTIMODAL LOGISTICS PARK AT BANGALORE AND EXTERNAL CONNECTIVITY TO THE MULTI MODEL L,Ministry Of Road Transport And Highways (State Pwds),,,2022-06-01,2025-03-01,2025-03-01,1769.7,1769.7,2.04,,,,,,on_schedule,254
2022-10-01,N24001125,234,SILLOD TO FARDAPUR,Ministry Of Road Transport And Highways (State Pwds),MoRTH,MAHARASHTRA,2017-02-01,2019-06-01,2022-06-01,337.46,,,,,,,,without_doc,374
2022-10-01,N22000318,235,KIRANDUL - JAGDALPUR DOUBLING,Central Railways,ECOR,CHHATISGAR H,2012-12-01,2020-03-01,2024-03-01,1160,1440,1113.44,,,,,,delayed,305
2022-10-01,N24001444,235,CONSTRUCTION OF FOUR LANE EXPRESSWAY FROM START OF SINDHREJ VILLAGE (CH. 22.00 TO CH. 48.52) SECTION,Ministry Of Road Transport And Highways (State Pwds),,,2020-05-01,2024-01-01,2024-01-01,882,882,21.92,,,,,,on_schedule,254
2022-10-01,N24001126,235,FARDAPUR TO JALGAON,Ministry Of Road Transport And Highways (State Pwds),MoRTH,MAHARASHTRA,2017-02-01,2019-06-01,2022-06-01,456.45,,,,,,,,without_doc,374
2022-10-01,N22000376,236,JAGADALPUR-KORAPUT DOUBLING,Central Railways,ECOR,ODISHA,2015-04-01,2022-03-01,2024-03-01,1547.38,1547.38,863.01,,,,,,delayed,305
2022-10-01,N24001414,236,DELHI-AMRITSAR-KATRA EXPRESSWAY (PHASE-I PKG-VI) FROM JUNCTION WITH PATIALA-SAMANA-PATRAN ROAD (SH- 1,Ministry Of Road Transport And Highways (State Pwds),,,2020-12-01,2024-01-01,2024-01-01,733,733,,,,2024-04-01,,,on_schedule,254
2022-10-01,N24001138,236,PARLI PIMPLA DAHIGUDA,Ministry Of Road Transport And Highways (State Pwds),MoRTH,MAHARASHTRA,2017-02-01,2019-06-01,2022-06-01,205.72,,,,206,,,,without_doc,374
2022-10-01,220100328,237,TALCHER- BIMALAGARH(NL)(ECOR),Central Railways,ECOR,ODISHA,2005-04-01,2021-06-01,2025-03-01,810.78,1928.07,1062.35,,1928.07,,Acquisition of balance,,delayed,305
2022-10-01,N24001446,237,CONSTRUCTION OF FOUR LANE EXPRESSWAY FROM START OF DSIR ZONE OF AHMEDABAD DISTRICT TO ADHELAI VILLAG,Ministry Of Road Transport And Highways (State Pwds),,,2020-05-01,2023-12-01,2023-12-01,894,894,218.32,,,,,,on_schedule,254
2022-10-01,N24001159,237,WIDENING TO TWO LANE WITH PAVED SHOULDERS FROM KM 20.150 TO KM 40.00 OF BC ROAD KOTTIGEHARA SECTION,Ministry Of Road Transport And Highways (State Pwds),MoRTH,KARNATAKA,2018-01-01,2018-07-01,2022-06-01,159.7,,,,,2021-03-01,,,without_doc,374
2022-10-01,N22000380,238,JARAPADA - BUDHAPANK WITH FLY OVER AT TALCHER ROAD 3RD AND 4TH LINE,Central Railways,ECOR,ODISHA,2015-04-01,2018-11-01,2025-03-01,701.61,810.02,179.43,,,,,,delayed,305
2022-10-01,N25000072,238,JAL MARG VIKAS PROJECT,Inland Waterways Authority Of India,,,2018-01-01,2023-03-01,2023-03-01,5369.18,4633.81,2194.69,,,,,,on_schedule,254
2022-10-01,N24001216,238,WIDENING TO 2 LANE WITH PAVED SHOULDERS AND GEOMETRIC IMPROVEMENT OF NH-114A FROM KM 141 TO KM 184 I,Ministry Of Road Transport And Highways (State Pwds),MoRTH,JHARKHAND,2016-12-01,2021-09-01,2022-06-01,196,,,,,2022-06-01,,,without_doc,374
2022-10-01,N22000381,239,BUDHAPANK - SALEGAON VIA RAJATGARH 3RD AND 4TH LINE.,Central Railways,ECOR,ODISHA,2015-04-01,2018-12-01,2025-03-01,1172.92,1172.92,861.85,,,,,,delayed,305
2022-10-01,N38000001,239,CENTRE FOR DISABILITY SPORTS,Central Public Works Department,,,2019-02-01,2024-03-01,2024-03-01,170.99,170.99,73.8,,,,,,on_schedule,254
2022-10-01,N24000965,239,REHABILITATION AND UPGRADATION OF DHINDI-DIGAMARRU SECTION FROM KM126/510 TO KM135/740 OF NH214(NH21,Ministry Of Road Transport And Highways (State Pwds),MoRTH,ANDHRA PRADESH,2016-01-01,2016-05-01,2022-07-01,386.09,,,,316.06,2022-07-01,,,without_doc,374
2022-10-01,220100284,240,KHURDA ROAD- BOLANGIR(NL)ECOR,Central Railways,ECOR,ODISHA,1994-04-01,2009-03-01,2025-12-01,2923.13,3791.66,2078.01,,,2025-12-01,Complete handover of,,delayed,305
2022-10-01,N12000127,240,SCREENING PLANT-III AT KIRANDUL,National Mineral Development Corporation (Nmdc),Steel Authority Of India Limited (Sail),,2021-03-01,2024-08-01,2024-08-01,2092.97,2092.97,432.83,,,,,,on_schedule,255
2022-10-01,N24001161,240,WIDENING TO TWO LANE WITH PAVED SHOULDERS FROM 24.600 TO 70.063 OF MUDIGERE TO KADUR SECTION OF NH-,Ministry Of Road Transport And Highways (State Pwds),MoRTH,KARNATAKA,2017-12-01,2019-01-01,2022-07-01,297.3,,,,,2021-07-01,,,without_doc,375
2022-10-01,N22000379,241,KORAPUT - SINGAPUR ROAD DOUBLING,Central Railways,ECOR,ODISHA,2015-04-01,2022-03-01,2026-03-01,2361.74,2361.74,774.51,,2361.74,2026-03-01,,,delayed,305
2022-10-01,N12000123,241,REBUILDING OF COKE OVEN BATTERY NO. 7 and 8 AT BSP,National Mineral Development Corporation (Nmdc),,,2020-11-01,2023-12-01,2023-12-01,542.24,542.24,130.6,,,,,,on_schedule,255
2022-10-01,N24001164,241,WIDENING TO 2 LANE WITH PAVED SHOULDERS FROM KM 0 TO 54 OF NH-50 UNDER EPC MODE IN THE STATE OF KARN,Ministry Of Road Transport And Highways (State Pwds),MoRTH,KARNATAKA,2016-10-01,2017-03-01,2022-07-01,396.96,,,,,2021-03-01,,,without_doc,375
2022-10-01,N22000377,242,KOTTAVALSA - KORAPUT DOUBLING,Central Railways,ECOR,ANDHRA PRADESH Eastern Railways,2015-04-01,2022-03-01,2026-09-01,2499.71,2499.71,1029.6,,,,,,delayed,306
2022-10-01,N12000126,242,UP GRADATION OF AUTOMATION SYSTEM OF HOT STRIP MILL AT BOKARO STEEL PLANT,National Mineral Development Corporation (Nmdc),,,2022-02-01,2024-06-01,2024-06-01,207.74,207.74,12.98,,,,,,on_schedule,255
2022-10-01,N24001172,242,WIDENING TO TWO LANE WITH PAVED SHOULDER FROM KM 4.40 TO KM 56.00 OF NH-218 BIJAPURA-HUBLI SECTION U,Ministry Of Road Transport And Highways (State Pwds),MoRTH,KARNATAKA,2017-01-01,2017-08-01,2022-07-01,291.49,,,,,2021-01-01,,,without_doc,375
2022-10-01,N22000229,243,"DANKUNI-CHANDANPUR 4TH LINE, 1ST PHASE OF DANKUNI- SHAKTIGARH 4TH LINE WITH MM BARUIPARA FURFURA NL",Central Railways,ER,MULTI STATE,2010-04-01,2017-03-01,2022-10-01,365.17,439.3,544.92,,,,Baruipara – Furfura (12.30,,delayed,306
2022-10-01,N12000125,243,INSTALLATION OF 4TH SLAB CASTER ALONG WITH ITS AUXILIARIES AND A NEW LADLE FURNACE IN SMS-II AT RSP,National Mineral Development Corporation (Nmdc),,,2022-01-01,2025-05-01,2025-05-01,970.18,970.18,85,,,,,,on_schedule,255
2022-10-01,N24000332,243,REHABILITATION AND UPGRADATION OF END OF AHMEDNAGAR BYPASS TO KHARWANDI KASAR SECTION OF NH-222 FROM,Ministry Of Road Transport And Highways (State Pwds),MoRTH,MAHARASHTRA,2015-01-01,,2022-09-01,225.81,,,,,,,,without_doc,375
2022-10-01,N22000219,244,PIRPAINTI-JASIDIH,Central Railways,ER,MULTI STATE,2013-04-01,2022-03-01,2023-03-01,915.98,2137.81,593.13,,,,1.,,delayed,306
2022-10-01,N12000122,244,REBUILDING OF COKE OVEN BATTERY-2 ALONGWITH AUGMENTATION OF COKE HANDLING AND GAS HANDLING FACILITY,National Mineral Development Corporation (Nmdc),,,2020-11-01,2023-05-01,2023-05-01,377.18,377.18,155.5,,,,,,on_schedule,255
2022-10-01,N24000645,244,REHABILITATION AND UPGRADING TO 2 LANE WITH PAVED SHOULDER CONFIGURATION AND STRENGTHENING OF NAUPAR,Ministry Of Road Transport And Highways (State Pwds),MoRTH,ODISHA,2013-08-01,2016-06-01,2022-09-01,171.96,,,,172,2022-09-01,,,without_doc,375
2022-10-01,220100272,245,"TARAKESWAR - BISHNUPUR NEW BG LINE (NL), ER",Central Railways,ER,WEST BENGAL Indian Railway Construction Company Limited,2000-04-01,2019-03-01,2025-03-01,1188.91,1619.48,909.2,,,2009-12-01,1.,,delayed,306
2022-10-01,N28000137,245,AHMEDABAD METRO RAIL PROJECT PHASE II,Ahmedabad Metro Rail,Bangalore Metro Rail Corporation Limited,,2019-03-01,2024-03-01,2024-03-01,5384.17,5384.17,817.47,,,,,,on_schedule,255
2022-10-01,N24000893,245,UPGRADATION OF BIAORA-MAKSUDANGARH ROAD TO 2L + PS,Ministry Of Road Transport And Highways (State Pwds),MoRTH,MADHYA PRADESH,2017-11-01,2018-02-01,2022-09-01,254.17,,,,,2022-03-01,,,without_doc,375
2022-10-01,N22000489,246,KHARSIA DHARAMJAIGARH WITH SPUR LINE EAST CORRIDOR-PHASE I,Central Railways,IRCON,CHHATISGAR H,2013-04-01,2018-09-01,2023-12-01,3055,3500,3005.59,,,,1-Agitation by Land losers.,,delayed,307
2022-10-01,N28000151,246,BANGALORE METRO RAIL PROJECT LIMITED. PHASE. 2A AND 2B,Ahmedabad Metro Rail,Central Public Works Department,,2021-06-01,2026-06-01,2026-06-01,14788.1,14788.1,2942.84,,,,,,on_schedule,255
2022-10-01,N24001002,246,SARSAM TO KOTHARI,Ministry Of Road Transport And Highways (State Pwds),MoRTH,MAHARASHTRA,2016-02-01,2019-07-01,2022-09-01,545.64,,,,,,,,without_doc,375
2022-10-01,N22000488,247,GEVRA ROAD PENDRA ROAD,Central Railways,IRCON,CHHATISGAR H,2014-02-01,2022-03-01,2024-12-01,2288,4970.11,1605.49,,,,,,delayed,307
2022-10-01,N28000153,247,"CONSTRUCTION OF 184 MULTI STORIED FLATS FOR HON'BLE MPS AT BKS MARG, NEW DELHI",Ahmedabad Metro Rail,National Capital Region Transport Corp,,2022-01-01,2024-11-01,2024-11-01,646.52,646.52,,,,,,,on_schedule,255
2022-10-01,N24001003,247,AKOLA TO AKOT,Ministry Of Road Transport And Highways (State Pwds),MoRTH,MAHARASHTRA,2017-01-01,2019-06-01,2022-09-01,313.95,,,,,,,,without_doc,375
2022-10-01,N22000418,248,EXECUTION OF RAIL CONNECTIVITY PROJECT FOR COAL TRANSPORTATION IN ODISHA FOR MCRL,Central Railways,IRCON,ODISHA Metropolitan Rapid Transport Projects,2016-04-01,2020-03-01,2025-12-01,5200,5200,,,,,,,delayed,307
2022-10-01,N28000134,248,DELHI GHAZIABAD MEERUT RRTS CORRIDOR,Ahmedabad Metro Rail,,,2019-03-01,2025-06-01,2025-06-01,30274,30274,10989,,,,,,on_schedule,255
2022-10-01,N24001026,248,WAKAN PALI KHOPOLI,Ministry Of Road Transport And Highways (State Pwds),MoRTH,MAHARASHTRA,2017-01-01,2019-05-01,2022-09-01,376.19,,,,,,,,without_doc,375
2022-10-01,220100164,249,BELAPUR-SEAWOOD-URAN ELECTRIFIED DOUBLE LINE(MTP),Central Railways,MRTP,MAHARASHTR A,1996-03-01,2004-03-01,2023-03-01,495.44,2980.41,2078.06,,,,,,delayed,307
2022-10-01,N30000014,249,CONSTRUCTION OF 564 MLD 124 MGD WASTE WATER TREATMENT PLANT WITH EFFLUENT STANDARDS OF BOD – 10MG/L,Delhi Jal Board,,,2017-03-01,2022-12-01,2022-12-01,665.78,665.78,427.91,,,,,,on_schedule,255
2022-10-01,N24001039,249,JINTUR TO PARBHANI,Ministry Of Road Transport And Highways (State Pwds),MoRTH,MAHARASHTRA,2017-01-01,,2022-09-01,356.66,,,,,,,,without_doc,375
2022-10-01,N22000028,250,"EXTENSION OF MRTS FROM VELACHERY TO STN. THOMAS, MTP",Central Railways,MRTP,TAMIL NADU North Central Railway,2006-04-01,2013-06-01,2023-03-01,495.74,734.01,560.92,,,,,,delayed,307
2022-10-01,N24001043,250,NILAJPHATA TO BHANDARA,Ministry Of Road Transport And Highways (State Pwds),MoRTH,MAHARASHTRA,2018-01-01,2020-05-01,2022-09-01,420.63,,,,421,,,,without_doc,375
2022-10-01,N22000496,251,JHANSI BINA DOUBLING,Central Railways,NCR,UTTAR PRADESH,2016-09-01,2021-03-01,2023-12-01,2001,2001,1043.73,,2001,,,,delayed,307
2022-10-01,N24001057,251,KARAD PATAN CHIPLUN GUHAGAR,Ministry Of Road Transport And Highways (State Pwds),MoRTH,MAHARASHTRA,2017-02-01,2019-06-01,2022-09-01,407.19,,,,407,,,,without_doc,375
2022-10-01,N22000148,252,GWALIOR-SEOPURKALA WITH EXTENSION TO KOTA (GC),Central Railways,NCR,MULTI STATE,2011-04-01,2022-03-01,2024-12-01,2912.96,3845.6,937,,,,,,delayed,307
2022-10-01,N24001073,252,KOTHARI TO DHANORA,Ministry Of Road Transport And Highways (State Pwds),MoRTH,MAHARASHTRA,2018-09-01,2020-08-01,2022-09-01,301.38,,,,301,,,,without_doc,375
2022-10-01,N22000495,253,JHANSI MANIKPUR AND KHAIRAR BHIMSEN DOUBLING,Central Railways,NCR,UTTAR PRADESH North East Frontier Railway,2018-03-01,2023-03-01,2026-03-01,4329.53,4329.53,109.37,,,,,,delayed,307
2022-10-01,N24001092,253,SATARA TO MHASWAD,Ministry Of Road Transport And Highways (State Pwds),MoRTH,MAHARASHTRA,2017-01-01,2019-07-01,2022-09-01,653.46,,,,,,,,without_doc,375
2022-10-01,N22000087,254,"NEW B.G. LINE FROM ARARIA TO GALGALIA (THAKURGUNG), NEFR",Central Railways,NFR,BIHAR,2006-09-01,2019-03-01,2023-12-01,532.87,2650,1276.86,,,,,,delayed,307
2022-10-01,N24001099,254,MHASWAD TO TEMBHURNI,Ministry Of Road Transport And Highways (State Pwds),MoRTH,MAHARASHTRA,2017-01-01,2019-07-01,2022-09-01,488.6,,,,,,,,without_doc,375
2022-10-01,N22000100,255,"BHAIRABI SAIRONG, NL, NEFR",Central Railways,NFR,MIZORAM,2008-04-01,2014-03-01,2023-12-01,2393.47,6527.45,5533.76,,5021.45,,,,delayed,307
2022-10-01,N24001123,255,SHIRUR TO KHARDA,Ministry Of Road Transport And Highways (State Pwds),MoRTH,MAHARASHTRA,2017-02-01,2019-06-01,2022-09-01,381.77,,,,,,,,without_doc,375
2022-10-01,N22000102,256,"SEVOK RANGPO, NEFR",Central Railways,NFR,SIKKIM,2008-04-01,2015-12-01,2023-12-01,1339.48,7876.92,3290.96,,,,,,delayed,307
2022-10-01,N24001132,256,BHOGAN KHURD TO KASHEDI,Ministry Of Road Transport And Highways (State Pwds),MoRTH,MAHARASHTRA,2017-09-01,2021-06-01,2022-09-01,743.21,,,,743,,,,without_doc,375
2022-10-01,N22000183,257,NEW BONGAIGAON-RANGIA- KAMAKGHYA DOUBLING,Central Railways,NFR,MULTI STATE,2013-04-01,2019-03-01,2023-12-01,1798,2047.51,1225.05,,,,,,delayed,307
2022-10-01,N24001133,257,PARSHURAM GHAT TO ARAWALI,Ministry Of Road Transport And Highways (State Pwds),MoRTH,MAHARASHTRA,2016-04-01,2019-12-01,2022-09-01,983.14,,,,2226.11,,,,without_doc,375
2022-10-01,N22000086,258,"NEW B.G. LINE FROM TETELIA TO BYRNIHAT (NATIONAL PROJECT), NEFR",Central Railways,NFR,ASSAM,2006-09-01,2019-03-01,2024-03-01,385.2,1145.79,1017.58,,,,,,delayed,308
2022-10-01,N24001166,258,WIDENING TWO LANE WITH PAVED SHOULDERS FROM FROM KM.56.00 TO 106.00 OF NH-218 (218-KNT-2014-15-775),Ministry Of Road Transport And Highways (State Pwds),MoRTH,KARNATAKA,2015-03-01,2016-01-01,2022-09-01,159.12,,,,,2021-12-01,,,without_doc,375
2022-10-01,N22000206,259,NEW BG LINE FROM BALURGHAT TO HILLY NFR,Central Railways,NFR,MULTI STATE,2010-04-01,2020-03-01,2024-03-01,242.22,632.63,80.18,,,,,,delayed,308
2022-10-01,N24000248,259,EPC- CORRIDOR APPROACH WORKS - NH (O): WIDENING EXISTING 2 LANE TO 2 LANE WITH PAVED SHOULDERS IN KM,Ministry Of Road Transport And Highways (State Pwds),MoRTH,TELANGANA,2015-03-01,2017-01-01,,153.21,,,,,,,,without_doc,375
2022-10-01,N22000388,260,BONGAIGAON-GOALPARA- GUWAHATI (176 KM),Central Railways,NFR,ASSAM,2015-04-01,2022-03-01,2024-03-01,2232.32,4059.65,2350.59,,,,,,delayed,308
2022-10-01,N24000254,260,REHABILATION AND UPGRADATION OF NH-222(61) FOM KM 342.00 TO 444.00,Ministry Of Road Transport And Highways (State Pwds),MoRTH,MAHARASHTRA,2014-01-01,,,446.77,,,,,,,,without_doc,375
2022-10-01,N22000208,261,MURKONGSELEK-PASIGHAT NL,Central Railways,NFR,MULTI STATE,2011-04-01,2020-03-01,2024-10-01,414.84,983.55,345.77,,,,,,delayed,308
2022-10-01,N24000301,261,REHABILITATION AND UPGRADATION OF NH-219 FROM KM 58-600 TO KM 140-750 IN THE STATE OF ANDHRA PRADES,Ministry Of Road Transport And Highways (State Pwds),MoRTH,ANDHRA PRADESH 372,2015-03-01,2015-10-01,,271.45,,,,,,,,without_doc,375
2022-10-01,220100288,262,JIRIBAM TO IMPHAL (TUPUI)(NL)(NEFR),Central Railways,NFR,MANIPUR,2003-04-01,2011-03-01,2025-03-01,4454.17,14322.79,13049.34,,12264.15,,,,delayed,308
2022-10-01,N24000306,262,"WIDENING TO 2 LANE, RE-ALIGNMENT AND GEOMETRIC IMPROVEMENT FROM KM 11/00 TO KM 114/618 OF NH-44A IN",Ministry Of Road Transport And Highways (State Pwds),MoRTH,MIZORAM,2010-11-01,2011-03-01,,624.41,,,,1109.88,2022-12-01,,,without_doc,376
2022-10-01,N22000124,263,NEW LINE FROM DIMAPUR TO ZUBZA(KOHIMA) NATIONAL PROJECT (NEFR),Central Railways,NFR,NAGALAND North Eastern Railway,,2015-03-01,2026-03-01,,6663,1887.66,,,,,,delayed,308
2022-10-01,N24000308,263,CONSTRUCTION OF A NEW 2-LANE HIGHWAY FROM KM 71/00 TO 99/83 IN MIZORAM TO SUPPORT KALADAN MULTI MOD,Ministry Of Road Transport And Highways (State Pwds),MoRTH,MIZORAM,2010-08-01,2010-10-01,,193.69,,,,374.59,2022-12-01,,,without_doc,376
2022-10-01,N22000459,264,NANPARA - NEPALGANJ GAUGE CONVERSION.,Central Railways,NER,UTTAR PRADESH North Western Railway,2017-04-01,2017-04-01,2022-10-01,150,341.66,1.01,,,,,,delayed,308
2022-10-01,N24000391,264,4-LANING OF MOGA -TALLEWAL SECTION OF NH-71 FROM KM 77.200 TO 114.00,Ministry Of Road Transport And Highways (State Pwds),MoRTH,PUNJAB,2015-11-01,,,889.24,,,,,,,,without_doc,376
2022-10-01,N22000326,265,PHULERA - DIGANA DOUBLING,Central Railways,NWR,MULTI STATE,2015-05-01,2020-03-01,2022-10-01,600,701.81,490.93,,,,,,delayed,308
2022-10-01,N24000412,265,MANGAWA-MP/UP BORDER SECTION OF NH-27 (4L) IN MP,Ministry Of Road Transport And Highways (State Pwds),MoRTH,MADHYA PRADESH,2012-01-01,2015-04-01,,410.72,,,,,,,,without_doc,376
2022-10-01,N22000466,266,JODHPUR (RAI KA BAGH) - DEGANA DOUBLING (145 KM),Central Railways,NWR,RAJASTHAN Northern Railway,2018-08-01,2022-08-01,2022-11-01,808.85,808.85,685.68,,,,,,delayed,308
2022-10-01,N24000415,266,CONSTRUCTION OF A NEW 2-LANE HIGHWAY FROM KM 0.00 (ON NH-54 NEAR LAWNGTLAI),Ministry Of Road Transport And Highways (State Pwds),MoRTH,MIZORAM,2010-08-01,2010-10-01,,195.04,,,,434.65,2022-12-01,,,without_doc,376
2022-10-01,220100133,267,"UDHAMPUR-SRINAGAR- BARAMULLA (NL),NR",Central Railways,NR,JAMMU AND KASHMIR,1995-03-01,2002-11-01,2023-06-01,2500,37012.26,31638.11,,37012.26,2023-06-01,1. Law & Order issues,,delayed,308
2022-10-01,N24000511,267,WIDNG WITH PS AND STRNG FROM KM.0.00 TO 50.675 OF NH-730A EPC MODE,Ministry Of Road Transport And Highways (State Pwds),MoRTH,UTTAR PRADESH,2013-05-01,2015-08-01,,164.54,,,,,,,,without_doc,376
2022-10-01,220100188,268,"NANGALDAM-TALWARA(NL),NR",Central Railways,NR,MULTI STATE,1981-03-01,2012-07-01,2024-11-01,450,2017.96,845.23,,,,,,delayed,308
2022-10-01,N24000639,268,WIDENING AND STRENFTHENING OF EXISITNG SL IL TO 2 LANE CARRIAGEWAY WITH PAVED SHOULDER INCLUDING GEO,Ministry Of Road Transport And Highways (State Pwds),MoRTH,ODISHA,2014-03-01,2016-05-01,,191.5,,,,192,,,,without_doc,376
2022-10-01,N22000467,269,CHANDIGARH-BADDI,Central Railways,NR,MULTI STATE,2007-04-01,2023-03-01,2025-06-01,328.14,1540.14,485.02,,1540.14,2025-06-01,,,delayed,308
2022-10-01,N24000782,269,REHABILITATION AND UPGRADATION OF 2 LANE WITH PAVED SHOULDER FROM EXISTING KM. 195.175 TO KM. 220.00,Ministry Of Road Transport And Highways (State Pwds),MoRTH,UTTARAKHAND,2018-03-01,,,460.73,,,,,,,,without_doc,376
2022-10-01,N22000502,270,"MANSA-BHATINDA (PHASE-I), INCL. NEW MATERIAL MODIFICATION FOR RAMA MANDI (RAMAN) - SADA SINGHWALA VI",Central Railways,NR,PUNJAB Rail Vikas Nigam Ltd.,2009-06-01,2016-08-01,2025-08-01,404,404,190,,,,,,delayed,309
2022-10-01,N24000912,270,WIDENING TO 2LPS FROM 0/0 TO 119/0 OF NH-157 IN THE STATE OF ODISHA.,Ministry Of Road Transport And Highways (State Pwds),MoRTH,ODISHA,2016-08-01,2017-02-01,,287.7,,,,,2022-11-01,,,without_doc,376
2022-10-01,220100325,271,SUKINDA ROAD - ANGUL (NL)(ECOR),Central Railways,RVNL,ODISHA,1998-04-01,2015-02-01,2022-12-01,1202.7,2440.53,2256.73,,,,,,delayed,309
2022-10-01,N24000913,271,WIDENING TO 2LPS FROM 50/0 TO 140/9 OF NH-57 (SONEPUR TO MADHAPUR) IN THE STATE OF ODISHA,Ministry Of Road Transport And Highways (State Pwds),MoRTH,ODISHA,2016-09-01,2017-02-01,,295.67,,,,,2022-11-01,,,without_doc,376
2022-10-01,220100327,272,KHURDA ROAD - BARANG 3RD LINE (DL) (ECOR),Central Railways,RVNL,ODISHA,2000-04-01,2009-03-01,2022-12-01,133.41,433,462.43,,207,2009-03-01,,,delayed,309
2022-10-01,N24000928,272,FOUR LANING OF 5.122 KM OF NH9(NEW NH 65) FROM KM 269.900(DESIGN CH0.0) TO KM 275/622(DESIGN CH 5.12,Ministry Of Road Transport And Highways (State Pwds),MoRTH,ANDHRA PRADESH,2015-10-01,2015-12-01,,333.21,,,,,,,,without_doc,376
2022-10-01,N22000144,273,PALANPUR-SAMAKHAYALI (DL),Central Railways,RVNL,GUJARAT,2013-04-01,2021-12-01,2022-12-01,1548.66,2538.01,2519.12,,,,,,delayed,309
2022-10-01,N24000929,273,REHABILITATION AND UPGRADATION OF NH219(NEW NH42) FROM KM 244.930 TO 299.775 (MADANAPALLI PUNGANURU,Ministry Of Road Transport And Highways (State Pwds),MoRTH,ANDHRA PRADESH,2016-09-01,2017-02-01,,372.68,,,,,,,,without_doc,376
2022-10-01,N22000213,274,MULTI MODAL TRANSPORT SYSTEM(MMTS) PHASE-II HYDERABAD,Central Railways,RVNL,TELANGANA,2012-04-01,2016-03-01,2022-12-01,632.68,950,630.64,,,,,,delayed,309
2022-10-01,N24000931,274,REHABILITATION AND UPGRADATION OF EXISTING NH-167 FROM KM 14.900 TO KM 70.00 (DESIGN CH.14.900 TO 69,Ministry Of Road Transport And Highways (State Pwds),MoRTH,ANDHRA PRADESH,2016-11-01,2017-05-01,,290.15,,,,,,,,without_doc,376
2022-10-01,N22000401,275,VARANASI-MODHOSINGH- ALLAHABAD DOUBLING,Central Railways,RVNL,UTTAR PRADESH,2015-04-01,2022-03-01,2022-12-01,943.6,1500,1188.19,,,,,,delayed,309
2022-10-01,N24000932,275,REHABILITATION AND UPGRADATION OF NH-340 FROM KM 0/0 TO KM 60/380 (DESIGN CH. 0/000 TO 60/025 EXCLUD,Ministry Of Road Transport And Highways (State Pwds),MoRTH,ANDHRA PRADESH,2017-01-01,2017-08-01,,319.28,,,,,,,,without_doc,376
2022-10-01,N22000410,276,SAMBALPUR - TITLAGARH - DOUBLING,Central Railways,RVNL,ODISHA,2006-03-01,2020-03-01,2022-12-01,948.04,2009,2398.39,,,,,,delayed,309
2022-10-01,N24000933,276,CONSTRUCTION OF 4-LANE BYPASS TO VIJAYANAGARAM TOWN ON NH43 (NEW NH26) FROM 537/6 TO 552/0 (RAIPUR-V,Ministry Of Road Transport And Highways (State Pwds),MoRTH,ANDHRA PRADESH,2017-02-01,2017-11-01,,429.43,,,,,,,,without_doc,376
2022-10-01,N22000411,277,RAIPUR - TITLAGARH - DOUBLING,Central Railways,RVNL,CHHATISGARH,2007-03-01,2020-03-01,2022-12-01,1402.02,1300,1429.99,,,,,,delayed,309
2022-10-01,N24000934,277,REHABILITATION AND UPGRADATION OF NH326A FROM KM 0/0 TO 41/979 (EXCLUDING KM 2/255 TO 3/372 AND KM 3,Ministry Of Road Transport And Highways (State Pwds),MoRTH,ANDHRA PRADESH,2018-03-01,2018-08-01,,228.32,,,,,,,,without_doc,376
2022-10-01,N22000413,278,BHIMSEN - JHANSI DOUBLING WITH ELECTRIFICATION,Central Railways,RVNL,UTTAR PRADESH,2012-03-01,2020-12-01,2022-12-01,1183.25,2203.53,2127.95,,,,,,delayed,309
2022-10-01,N24000937,278,REHABILITATION AND UPGRADATION OF NEW NH-544DD FROM DESIGN CHAINAGE KM 56.00 TO 102.20 OF KALYANDURG,Ministry Of Road Transport And Highways (State Pwds),MoRTH,ANDHRA PRADESH,2018-03-01,2018-08-01,,289.67,,,,290,,,,without_doc,376
2022-10-01,N22000414,279,BINA - KOTA DOUBLING WITH RE,Central Railways,RVNL,MADHYA PRADESH,2011-04-01,2020-12-01,2022-12-01,1485.85,1835.83,2392.87,,,,,,delayed,309
2022-10-01,N24000939,279,REHABILITATION AND UPGRADATION OF NEW NH-544E FROM KM. 0.000 TO KM 56.803 OF KODIKONDA - MADAKASIRA,Ministry Of Road Transport And Highways (State Pwds),MoRTH,ANDHRA PRADESH,2018-03-01,2018-11-01,,504.19,,,,504,,,,without_doc,376
2022-10-01,N22000451,280,MADURAI - MANIYACHI - TUTICORIN (160 KM) DOUBLING,Central Railways,RVNL,TAMIL NADU,2015-02-01,2020-03-01,2022-12-01,760,1536,1688.99,,,,,,delayed,309
2022-10-01,N24000950,280,"WIDENING, STRENGTHENING AND RECONSTRUCTION OF NH-552- EXTN FROM KM 76/600 TO 112/00 (SAWAI MADHOPUR",Ministry Of Road Transport And Highways (State Pwds),MoRTH,RAJASTHAN,2017-11-01,2018-04-01,,187.82,,,,,,,,without_doc,376
2022-10-01,N22000412,281,BANASPANI- JAKHPURA - DOUBLING,Central Railways,RVNL,ODISHA,2009-03-01,2019-03-01,2023-03-01,942.95,1552.26,1489.71,,,,,,delayed,309
2022-10-01,N24000958,281,UPGRADATION TO 2 LANE WITH PAVED SHOULDER FROM KM . 0/0 TO 43/900 OF KUNDAL-NAYA KHEDA-JHADOL-SOM-,Ministry Of Road Transport And Highways (State Pwds),MoRTH,RAJASTHAN,2018-02-01,2018-06-01,,370.3,,,,,,,,without_doc,377
2022-10-01,N22000449,282,MANIYACHI - NAGERCOIL (102 KM) DOUBLING,Central Railways,RVNL,TAMIL NADU,2015-02-01,2022-03-01,2023-05-01,1700,1305,1326.16,,,,,,delayed,309
2022-10-01,N24000963,282,REHABILITATION AND UPGRADATION OF NH565 FROM EXISTING KM 361.330(DORNALA T JUNCTION) TO KM 420.800(P,Ministry Of Road Transport And Highways (State Pwds),MoRTH,ANDHRA PRADESH,2018-01-01,2018-08-01,,418.03,,,,,,,,without_doc,377
2022-10-01,N22000404,283,"LUCKNOW- PILIBHIT VIA SITAPUR, LAKHIMPUR GC",Central Railways,RVNL,UTTAR PRADESH,2011-04-01,2019-03-01,2023-12-01,927.01,1457.79,1414.08,,,,,,delayed,309
2022-10-01,N24000967,283,REHABILITATION AND UPGRADATION OF LOSARI-MACHAVARAM SECTION FROM KM34/230 TO KM84/550 OF NH214(NH216,Ministry Of Road Transport And Highways (State Pwds),MoRTH,ANDHRA PRADESH,2016-03-01,2016-09-01,,444.84,,,,,,,,without_doc,377
2022-10-01,N22000405,284,MAU-GHAZIPUR-TARIGHAT NEW LINE,Central Railways,RVNL,UTTAR PRADESH,2015-04-01,2023-03-01,2024-12-01,1765.92,1765.92,1354.03,,,,,,delayed,310
2022-10-01,N24000968,284,REHABILITATION AND UPGRADATION OF MACHILIPATNAM TO AVANIGADDA SECTION FROM KM84/550 - 124/200 OF NH2,Ministry Of Road Transport And Highways (State Pwds),MoRTH,ANDHRA PRADESH,2016-11-01,2017-08-01,,376.25,,,,,,,,without_doc,377
2022-10-01,N22000406,285,RISHIKESH - KARNAPRAYAG NEW LINE,Central Railways,RVNL,UTTARAKHAN D,2011-04-01,2024-12-01,2025-03-01,16216,24659,9808.79,,,,,,delayed,310
2022-10-01,N24001007,285,ANJANGAON TO MAH/MP BORDER,Ministry Of Road Transport And Highways (State Pwds),MoRTH,MADHYA PRADESH,2017-01-01,2019-06-01,,359,,,,359,,,,without_doc,377
2022-10-01,N22000111,286,NEW WORK FOR CONSTRUCTION OF METRO RAILWAY FROM JOKA TO BINOY BADAL DINESH BAGH.,Central Railways,RVNL,WEST BENGAL,2010-04-01,2016-03-01,2025-07-01,2913.51,4834.54,2477.21,,,,,,delayed,310
2022-10-01,N24001008,286,AJANTHA TO BULDHANA,Ministry Of Road Transport And Highways (State Pwds),MoRTH,A & N ISLANDS,2017-02-01,2019-07-01,,401,,,,401,,,,without_doc,377
2022-10-01,N22000109,287,NEW WORK FOR CONSTRUCTION OF METRO RAILWAY FROM BARANAGAR TO BARRACKPORE AND DAKSHINESHWAR (MTP),Central Railways,RVNL,WEST BENGAL,2010-04-01,2014-03-01,2025-12-01,2298.42,2733.86,340.64,,,,,,delayed,310
2022-10-01,N24001141,287,REHABILITATION AND UPGRADATION OF KALUPUR-LALTA FROM KM 285.00 TO KM 326.00 OF NH-76 TO 2-LANE WITH,Ministry Of Road Transport And Highways (State Pwds),MoRTH,UTTAR PRADESH,2016-03-01,2020-01-01,,240.3,,,,240,,,,without_doc,377
2022-10-01,N22000110,288,NEW WORK FOR CONSTRUCTION OF METRO RAILWAY FROM NSCB AIRPORT TO NEW GARIA VIA RAJARHAT (MTP),Central Railways,RVNL,WEST BENGAL,2010-04-01,2016-03-01,2026-03-01,3951.98,8964.35,4369.87,,,,,,delayed,310
2022-10-01,N24001175,288,STRENGTHENING AND WIDENING TO TWO LANE WITH PAVED SHOULDER OF NH-61 FROM KM 40.00 TO KM 72.40 UNDER,Ministry Of Road Transport And Highways (State Pwds),MoRTH,NAGALAND,2016-10-01,2020-12-01,,167.62,,,,,2021-09-01,,,without_doc,377
2022-10-01,N22000409,289,VIZIANAGARAM -SAMABALPUR 3RD LINE,Central Railways,RVNL,ODISHA South Central Railway,1991-01-01,2024-12-01,2026-12-01,2335.67,3327.72,2855.61,,,,,,delayed,310
2022-10-01,N24001176,289,STRENGTHENING AND WIDENING TO TWO LANE WITH PAVED SHOULDER OF NH-61 FROM KM 40.00 TO KM 72.40 UNDER,Ministry Of Road Transport And Highways (State Pwds),MoRTH,NAGALAND,2016-10-01,2020-12-01,,172.63,,,,,2021-09-01,,,without_doc,377
2022-10-01,220100205,290,"MUNEERABAD- MAHABOOBNAGAR(NL),SCR",Central Railways,SCR,MULTI STATE,1997-04-01,2000-03-01,2023-03-01,1723,3381.68,2220.99,,1,,,,delayed,310
2022-10-01,N24001181,290,CONSTRUCTION OF A NEW 2-LANE HIGHWAY FROM KM 38/00 TO 71/00 IN MIZORAM TO SUPPORT KALADAN MULTI MOD,Ministry Of Road Transport And Highways (State Pwds),MoRTH,MIZORAM,2010-08-01,2014-09-01,,186.96,,,,,2022-11-01,,,without_doc,377
2022-10-01,N22000367,291,KAZIPET-BALHRSHA,Central Railways,SCR,MULTI STATE,2015-04-01,2021-03-01,2024-03-01,2063.03,2063.03,1941,,,,,,delayed,310
2022-10-01,N24001201,291,CONSTRUCTION OF A NEW 4 LANE BRIDGE PARALLEL TO EXISTING MG SETU WITH ITS APPROACHES FROM KM 0.00,Ministry Of Road Transport And Highways (State Pwds),MoRTH,BIHAR,2019-02-01,,,2926.42,,,,,,,,without_doc,377
2022-10-01,N22000032,292,MANOHARABAD-KOTHPALL NEW LINE(SCR),Central Railways,SCR,TELANGANA,2006-04-01,2010-03-01,2025-03-01,1160.48,2250,797.92,,,,,,delayed,310
2022-10-01,N24001236,292,WIDENING FROM 2 LANE TO 4 LANE AND STRENTHENING THE EXISTING CARRIAGE WAY FROM KM 36/0 -80/0 OF SALE,Ministry Of Road Transport And Highways (State Pwds),MoRTH,TAMIL NADU,2019-03-01,2019-11-01,,297.55,,,,,,,,without_doc,377
2022-10-01,N22000261,293,KAZIPET-VIJAYAWADA 3RD LINE WITH ELECTRIFICATION,Central Railways,SCR,MULTI STATE,2012-04-01,2023-03-01,2025-03-01,1856.95,1952.68,984.34,,,,,,delayed,310
2022-10-01,N24001239,293,WIDENING AND STRENGTHENING FROM 2 LANE TO 2 LANE WITH PAVED SHOULDER IN AN AGGREGATE LENGTH OF 38 KM,Ministry Of Road Transport And Highways (State Pwds),MoRTH,TAMIL NADU,2018-03-01,2019-06-01,,240.38,,,,212.74,,,,without_doc,377
2022-10-01,N22000368,294,GUNTUR-GUNTAKAL,Central Railways,SCR,ANDHRA PRADESH,2016-04-01,2022-03-01,2025-03-01,3631,3887.48,1829.35,,,,,,delayed,310
2022-10-01,N24001241,294,UP-GRADATION TO TWO LANING WITH PAVED SHOULDER OF AJMER-NAGAUR SECTION BY EXECUTING BALANCE WORK FRO,Ministry Of Road Transport And Highways (State Pwds),MoRTH,RAJASTHAN,2020-03-01,2020-08-01,,255.23,,,,,,,,without_doc,377
2022-10-01,220100265,295,KOTLPALLI-NARASAPUR (NL) (SCR),Central Railways,SCR,ANDHRA PRADESH South East Central Railway,2001-12-01,2009-03-01,2027-03-01,1045.2,2500.98,1105.07,,,,,,delayed,310
2022-10-01,N24001242,295,REHABILATION AND UPGRADATION TO 2 LANE WITH PAVED SHPULDERS CONFIGURATION OF BEAWAR-ASIND SECTION (K,Ministry Of Road Transport And Highways (State Pwds),MoRTH,RAJASTHAN,2020-08-01,2020-11-01,,196.23,,,,,,,,without_doc,377
2022-10-01,N22000420,296,RAJNANDGAON - NAGPUR - 3RD LINE (SECR),Central Railways,SECR,MAHARASHTR A,2016-09-01,2023-03-01,2023-12-01,1908.51,3176.6,1956.11,,,2023-12-01,,,delayed,310
2022-10-01,N24001243,296,"BALANCE WORK FOR ""IMPROVEMENT OF EXISTING SINGLE INTERMEDIATE LANE ROAD OF NH-44 TO BE 2-LANE ROAD W",Ministry Of Road Transport And Highways (State Pwds),MoRTH,ASSAM,2020-03-01,2020-12-01,,166.94,,,,,2022-12-01,,,without_doc,377
2022-10-01,N22000484,297,JHARSUGUDA-BILASPUR 4TH LINE,Central Railways,SECR,CHHATISGAR H,2015-04-01,2021-03-01,2023-12-01,1973,2135.34,1180.31,,2135.34,2023-12-01,,,delayed,311
2022-10-01,N24001369,297,WIDENING TO 2 LANES WITH PAVED SHOULDERS FROM KM.87/000 TO 133/720 (NATTUKAL TO THANAU JN. IN PALAKK,Ministry Of Road Transport And Highways (State Pwds),MoRTH,KERALA,2017-02-01,2017-08-01,,294.28,,,,296.53,2022-03-01,,,without_doc,377
2022-10-01,N22000485,298,ANUPPUR-KATNI,Central Railways,SECR,MADHYA PRADESH,2015-04-01,2021-12-01,2023-12-01,1370,1370.94,944.09,,,2023-12-01,,,delayed,311
2022-10-01,N24001370,298,WIDENING TO 2-LANE WITH PAVED SHOULDERS FROM KM 119/017 TO KM 161/300 ON NH 85 (OLD NH 49),Ministry Of Road Transport And Highways (State Pwds),MoRTH,KERALA,2017-02-01,2017-09-01,,380.76,,,,372.87,2022-01-01,,,without_doc,377
2022-10-01,N22000480,299,WADSA-GADHCHIROLI NEW LINE (52.36 KM),Central Railways,SECR,MAHARASHTR A South Eastern Railway,2018-06-01,2021-12-01,2025-12-01,229,1096,88.4,,,,,,delayed,311
2022-10-01,N24001380,299,WIDENING EXISTING 2 LANE TO 4 LANE WITH PAVED SHOULDER INCLUDING STRENGTHENING CARRIAGEWAY FROM KM 8,Ministry Of Road Transport And Highways (State Pwds),MoRTH,TAMIL NADU,2020-08-01,2021-02-01,,302.62,,,,,,,,without_doc,378
2022-10-01,N22000395,300,ROURKELA JHARSUGUDA THIRD LINE 101 KM,Central Railways,SER,ODISHA,2015-11-01,2020-03-01,2022-12-01,969.83,1312.97,1304.02,,1312.97,,,,delayed,311
2022-10-01,N24001381,300,REHABILITATION AND UPGRADATION TO 2-LANE/2-LANE WITH PAVED SHOULDERS/4-LANE CONFIGURATION OF PAONTA,Ministry Of Road Transport And Highways (State Pwds),MoRTH,HIMACHAL PRADESH,2020-08-01,2021-04-01,,272.98,,,,,,,,without_doc,378
2022-10-01,N22000509,301,TALGARIA TO BOKARO N/CABIN DOUBLING(38 KM),Central Railways,SER,JHARKHAND,2018-04-01,2021-12-01,2023-01-01,390.39,511.75,288.41,,,,,,delayed,311
2022-10-01,N24001382,301,REHABILITATION AND UPGRADATION TO 2-LANE CONFIGURATION OF HEWNA-ASHYARI SECTION (KM 25.000 TO KM 50.,Ministry Of Road Transport And Highways (State Pwds),MoRTH,HIMACHAL PRADESH,2020-08-01,2021-03-01,,242.8,,,,,,,,without_doc,378
2022-10-01,N22000510,302,PURULIA TO KOTSHILA DOUBLING (39.1 KM),Central Railways,SER,WEST BENGAL,2018-04-01,2022-06-01,2023-12-01,338,393.83,39.33,,,,,,delayed,311
2022-10-01,N24001383,302,REHABILITATION AND UPGRADATION TO INTERMEDIATE LANE CONFIGURATION OF SHRI KYARI-GUMMA SECTION (KM 75,Ministry Of Road Transport And Highways (State Pwds),MoRTH,HIMACHAL PRADESH,2020-08-01,2021-04-01,,349.2,,,,,,,,without_doc,378
2022-10-01,N22000396,303,BONDAMUNDA RANCHI DOUBLING,Central Railways,SER,JHARKHAND,2016-03-01,2021-03-01,2024-03-01,1724.2,1724.2,1414.03,,,,,,delayed,311
2022-10-01,N24001384,303,REHABILITATION AND UP GRADATION OF NH-544E FROM KM 56/803 TO KM 99/179 OF MADAKASIRA TO SIRA SECTION,Ministry Of Road Transport And Highways (State Pwds),MoRTH,ANDHRA PRADESH,2020-03-01,2021-03-01,,207.79,,,,,,,,without_doc,378
2022-10-01,N22000506,304,NARAYANGARH TO BHADRAK 3RD LINE (155 KM),Central Railways,SER,MULTI STATE,2019-03-01,2023-05-01,2024-12-01,1866.31,1866.31,684.84,,,,,,delayed,311
2022-10-01,N24001409,304,4L+PS OF RAS-BEAWAR SECTION (KM 0.00 TO KM 30.00) OF NH- 158 (GNHCP) WORLD BANK. PKG-I.,Ministry Of Road Transport And Highways (State Pwds),MoRTH,RAJASTHAN,2020-07-01,2021-09-01,,319.09,,,,,,,,without_doc,378
2022-10-01,N22000508,305,LODHMA TO PISKA LINK LINE BY PASSING HATIA/RANCHI WITH Y CONNECTION (17.2 KM),Central Railways,SER,JHARKHAND South Western Railway,2018-04-01,2022-06-01,2025-12-01,428.65,472.5,6.76,,,,,,delayed,311
2022-10-01,N24001410,305,4L+PS OF BEAWAR-ASIND SECTION (KM 30.00 TO KM 74.00) OF NH-158 (GNHCP) WORLD BANK. PKG-II,Ministry Of Road Transport And Highways (State Pwds),MoRTH,RAJASTHAN,2020-08-01,2020-12-01,,216.72,,,,,,,,without_doc,378
2022-10-01,N22000325,306,HUBLI- CHIKJAJUR,Central Railways,SWR,KARNATAKA,2015-03-01,2020-03-01,2022-12-01,1156.94,1954.21,1400.88,,,,,,delayed,311
2022-10-01,N24001411,306,4L+PS OF NH -58 FROM BEAWAR-GOMTI (OLD CH KM 58.245 TO KM. 108.600) PKG-I.,Ministry Of Road Transport And Highways (State Pwds),MoRTH,RAJASTHAN,2020-12-01,2021-10-01,,379.23,,,,,,,,without_doc,378
2022-10-01,N22000333,307,HOTGI-KUDGI-GADAG,Central Railways,SWR,MULTI STATE,2015-03-01,2019-03-01,2024-02-01,1614.59,1878,1628.23,,,,,,delayed,311
2022-10-01,N24001412,307,4L+PS OF NH -58 FROM BEAWAR-GOMTI (OLD CH KM 108.600 TO KM 144 KM 158.419 TO KM 173.300 PKG-II.,Ministry Of Road Transport And Highways (State Pwds),MoRTH,RAJASTHAN,2020-12-01,2021-10-01,,339.65,,,,,,,,without_doc,378
2022-10-01,N22000308,308,MARIKUPPAM - KUPPAM,Central Railways,SWR,KARNATAKA,2012-04-01,2016-03-01,2024-03-01,279.54,279.54,36.45,,,,Out of 28.54 Ha of land in,,delayed,311
2022-10-01,N24001413,308,2L+PS FROM KM 148/170 TO 211 /100 (DEVAL- DUNGARPUR- HIRATA - VARDA-SAGWARA) SECTION OF NH-927A. PKG-,Ministry Of Road Transport And Highways (State Pwds),MoRTH,RAJASTHAN,2021-02-01,2021-11-01,,240.99,,,,,,,,without_doc,378
2022-10-01,N22000299,309,GADAG-WADI NL,Central Railways,SWR,KARNATAKA,2013-04-01,2018-12-01,2025-06-01,2841.84,2841.84,504.53,,,,Out of 1607.46 Ha of land,,delayed,312
2022-10-01,N24001422,309,REHABILITATION AND UPGRADATION TO 2-LANE CONFIGURATION OF ASHYARI-SHRI KYARI SECTION (KM 50.000 TO K,Ministry Of Road Transport And Highways (State Pwds),MoRTH,HIMACHAL PRADESH,2021-02-01,2021-09-01,,345.89,,,,,,,,without_doc,378
2022-10-01,N22000278,310,SHIMOGA-HARIHAR NL,Central Railways,SWR,KARNATAKA,2011-04-01,2016-03-01,2026-03-01,832.47,832.47,0.94,,,,GoK have not initiated land,,delayed,312
2022-10-01,N24001441,310,REHABILITATION AND UPGRADATION OF NONGSTOIN TO WAHKAJI SECTION OF PROJECT ROAD KM 0.000 TO KM 43.06,Ministry Of Road Transport And Highways (State Pwds),MoRTH,MEGHALAYA,2020-08-01,2022-02-01,,302.88,,,,,,,,without_doc,378
2022-10-01,N22000486,311,KADUR CHIKMAGALUR SAKLESHPUR NEW LINE (93 KM),Central Railways,SWR,KARNATAKA,1996-03-01,2017-03-01,2026-03-01,644.78,826.18,499.14,,889,,Out of 132.35 Ha of land,,delayed,312
2022-10-01,N24001448,311,UPGRADATION OF ADHALGAON-JAMKHED SECTION OF NH-548 D FROM KM 132/600 TO KM 195/375 TO TWO LANE WITH,Ministry Of Road Transport And Highways (State Pwds),MoRTH,MAHARASHTRA,2021-11-01,2022-02-01,,223.35,,,,,,,,without_doc,378
2022-10-01,N22000258,312,BAGALKOT-KUDACHI NL,Central Railways,SWR,KARNATAKA Southern Railway,2010-04-01,2016-03-01,2026-12-01,986.3,1530.09,333.7,,1378,,Out of 995.14 Ha of land,,delayed,312
2022-10-01,N24001454,312,WIDENING FROM TWO LANE TO TWO LANE WITH PAVED SHOULDER FROM KM 34/000 TO 49/000 AND TWO LANE TO FOUR,Ministry Of Road Transport And Highways (State Pwds),MoRTH,TAMIL NADU,2022-02-01,2022-08-01,,184.15,,,,,,,,without_doc,378
2022-10-01,N22000079,313,MAYLADUTHURAI-THIRUVARUR- KARAIKUDI-THIRU 'PONDI'- AGASTIYAMPALLI,Central Railways,SR,TAMIL NADU,2007-09-01,2019-02-01,2025-03-01,724.69,3081.2,1792.5,,,,,,delayed,312
2022-10-01,N24001455,313,CONSTRUCTION OF 4 LANE WITH PAVED SHOULDERS THIRUVAYARU BYPASS IN BETWEEN EXISTING KM.55/926 TO 62/6,Ministry Of Road Transport And Highways (State Pwds),MoRTH,TAMIL NADU,2022-02-01,2022-08-01,,191.33,,,,,,,,without_doc,378
2022-10-01,N22000215,314,MADURAI-TUTICORIN VIA ARUPPUKKOTTAI,Central Railways,SR,MULTI STATE West Central Railway,2011-04-01,2019-03-01,2027-12-01,120.7,2053.39,322.21,,,2027-12-01,,,delayed,312
2022-10-01,N24001456,314,REHABILITATION AND UPGRADATION TO 2 LANE WITH PS OF RADHAITA TO PILIBHIT SECTION OF 46.130 KM,Ministry Of Road Transport And Highways (State Pwds),MoRTH,UTTAR PRADESH,2020-04-01,2024-02-01,,199.39,,,,,,,,without_doc,378
2022-10-01,220100314,315,"RAMGANJMUNDI-BHOPAL (NL),WCR",Central Railways,WCR,MADHYA PRADESH,2001-04-01,2021-03-01,2024-03-01,424.6,3032.46,1722.35,,,2024-03-01,,,delayed,312
2022-10-01,N24001457,315,REHABILITATION AND UPGRADATION TO 2 LANE WITH PS OF MIRANPUR KATRA TO RADHAITA SECTION OF NH-730C F,Ministry Of Road Transport And Highways (State Pwds),MoRTH,UTTAR PRADESH,2020-04-01,2024-07-01,,172.5,,,,,,,,without_doc,378
2022-10-01,N22000415,316,KATNI-BINA 3RD LINE (263 KM),Central Railways,WCR,MADHYA PRADESH,2016-06-01,2022-03-01,2024-03-01,2478.23,2938,1450.69,,2938,2024-03-01,,,delayed,312
2022-10-01,N24001458,316,MOPA AIRPORT,Ministry Of Road Transport And Highways (State Pwds),MoRTH,GOA,2021-12-01,2022-04-01,,1183.16,,,,,,,,without_doc,378
2022-10-01,N22000416,317,KATNI GRADE SEPARATOR/BYE PASS,Central Railways,WCR,MADHYA PRADESH,2016-08-01,2022-03-01,2024-09-01,582.13,1247.64,763.52,,,,,,delayed,312
2022-10-01,N24001459,317,CONSTRUCTION OF 1 ROB CUM FLYOVER FROM KM 136.200 TO 137.800 AND 2 FLYOVERS,Ministry Of Road Transport And Highways (State Pwds),MoRTH,UTTAR PRADESH,2022-01-01,2024-04-01,,297.06,,,,,,,,without_doc,379
2022-10-01,N22000351,318,KATNI - SINGRAULI DOUBLING PROJECT,Central Railways,WCR,MADHYA PRADESH,2015-12-01,2020-03-01,2024-10-01,1763.93,2445.3,1774.87,,2445.3,,,,delayed,313
2022-10-01,N24001460,318,CONSTRUCTION OF 4 LANE ELEVATED VIADUCT AT KM. 7.500 MUNSHI PULIA OF NH-24A,Ministry Of Road Transport And Highways (State Pwds),MoRTH,UTTAR PRADESH,2021-12-01,2024-09-01,,170.6,,,,,,,,without_doc,379
2022-10-01,220100232,319,"LALITPUR-SATNA-REWA- SINGRULI NL, (NCR)",Central Railways,WCR,MULTI STATE Western Railway,1998-09-01,2008-05-01,2025-03-01,247.66,8248.5,2427.33,,,,,,delayed,313
2022-10-01,N24001461,319,2-LANE WITH PS OF BEWAR TO NEAR KARRI VILLAGE SECTION OF NH-92 FROM KM.0.00 TO 30.00 UNDER GNHCP,Ministry Of Road Transport And Highways (State Pwds),MoRTH,UTTAR PRADESH,2020-04-01,2024-03-01,,236.47,,,,,,,,without_doc,379
2022-10-01,N22000145,320,VIRAMGAM-SAMAKHIALI (DL),Central Railways,WR,GUJARAT,2011-04-01,2021-03-01,2022-12-01,1037.15,1394.02,1318.8,,1125.53,2022-12-01,,,delayed,313
2022-10-01,N24001462,320,2-LANE WITH PS OF NEAR KARRI VILLAGE TO ETAWAH SECTION OF NH-92 FROM KM.30.000 TO 57.346 UNDER GNHCP,Ministry Of Road Transport And Highways (State Pwds),MoRTH,UTTAR PRADESH,2020-04-01,2024-07-01,,211.09,,,,,,,,without_doc,379
2022-10-01,N22000392,321,SURENDRA NAGAR RAJKOT,Central Railways,WR,GUJARAT,2015-04-01,2021-03-01,2022-12-01,1002.39,1119.12,996.58,,1042.12,2022-12-01,,,delayed,313
2022-10-01,N24001463,321,ALLAHGANJ TO MIRANPUR KATRA SECTION OF NH-730C FROM KM.52.770 TO 114.00,Ministry Of Road Transport And Highways (State Pwds),MoRTH,UTTAR PRADESH,2020-04-01,2024-07-01,,294.84,,,,,,,,without_doc,379
2022-10-01,N22000493,322,INDORE-DEWAS-UJJAIN (80 KMS),Central Railways,WR,MADHYA PRADESH,2016-04-01,2020-06-01,2023-03-01,700,640.75,508.29,,603.69,2023-03-01,,,delayed,313
2022-10-01,N24001464,322,PROJECTS- REHABILITATION AND UPGRADATION OF NH-731A FROM KM 0.00 TO KM.35.00,Ministry Of Road Transport And Highways (State Pwds),MoRTH,UTTAR PRADESH,2021-03-01,2023-08-01,,264.86,,,,,,,,without_doc,379
2022-10-01,N22000121,323,AHMEDABAD-HIMMATNAGAR- UDAIPUR (WR),Central Railways,WR,GUJARAT,2008-04-01,2020-03-01,2024-03-01,829.74,2448.99,2163.65,,1631.75,2024-03-01,,,delayed,313
2022-10-01,N24001465,323,WIDENING OF EXISTING SINGLE LANE / INTERMEDIATE LANE ROAD TO 2 LANE FROM KM 101 TO KM 125 OF NH 61 I,Ministry Of Road Transport And Highways (State Pwds),MoRTH,NAGALAND,2020-06-01,2024-09-01,,252.19,,,,,,,,without_doc,379
2022-10-01,N22000123,324,BHUJ-NALIYA(GC) WITH EXTENSION FROM NALIYA TO VAYOR (WR),Central Railways,WR,GUJARAT,2008-04-01,2012-03-01,2024-03-01,318.24,1083.17,252.7,,322.19,2024-03-01,,,delayed,313
2022-10-01,N24001466,324,WIDENING TO EXISTING SINGLE LANE /INTERMEDIATE LANE TO 2 LANE FROM KM185.00 TO KM 220.00 OF NH-61 (N,Ministry Of Road Transport And Highways (State Pwds),MoRTH,NAGALAND,2021-03-01,2024-07-01,,297.24,,,,,,,,without_doc,379
2022-10-01,N22000138,325,CHOTTAUDEPUR-DHAR(NL),Central Railways,WR,MULTI STATE,2007-04-01,2022-03-01,2024-12-01,1347.26,1524.68,1068.76,,1524.68,2024-12-01,,,delayed,313
2022-10-01,N24001467,325,WIDENING TO EXISTING SINGRE/INTERMEDIATE RANE TO 2 LANE FROM KM 135 TO KM 147 AND FROM KM 156.00 TO,Ministry Of Road Transport And Highways (State Pwds),MoRTH,NAGALAND,2021-03-01,2024-02-01,,226.44,,,,,,,,without_doc,379
2022-10-01,N22000504,326,ANAND GODHRA DOUBLING PROJECT 79 KMS,Central Railways,WR,GUJARAT,2017-04-01,2020-03-01,2024-12-01,692.25,692.26,21.54,,692.26,2024-12-01,,,delayed,313
2022-10-01,N24001468,326,REPANPALLI TO SIRONCHA,Ministry Of Road Transport And Highways (State Pwds),MoRTH,MAHARASHTRA,2022-03-01,2022-06-01,,282.07,,,,,,,,without_doc,379
2022-10-01,N22000505,327,MEHSANA PALANPUR DOUBLING PROJECT 65.10 KMS,Central Railways,WR,GUJARAT,2018-04-01,2024-03-01,2024-12-01,537.31,584.31,2.44,,537.31,2024-12-01,,,delayed,313
2022-10-01,N24001469,327,IMPROVEMENT AND UPGRADATION TO TWO LANE WITH PAVED SHOULDER CONFIGURATION FROM EXISTING KM 55.00 TO,Ministry Of Road Transport And Highways (State Pwds),MoRTH,UTTAR PRADESH,2021-11-01,2024-05-01,,307.11,,,,,,,,without_doc,379
2022-10-01,N22000139,328,"DAHOD-INDORE VIA SARDARPUR, JHABUA AND DHAR (NL)",Central Railways,WR,MULTI STATE,2007-04-01,2022-03-01,2025-03-01,1640.04,1873.1,934.51,,1873.1,2025-03-01,,,delayed,313
2022-10-01,N24001179,328,CONSTRUCTION OF 2 LANE WITH PAVED SHOULDER FROM KM. 168 TO 183.783 (YESEMYONG TO UNGER) ON MOKOKCHUN,Ministry Of Road Transport And Highways (State Pwds),MoRTH,NAGALAND National Highways And Infrastructure Development Corporation Ltd.,2017-03-01,2020-11-01,,217.35,,,,,2022-12-01,,,without_doc,379
2022-10-01,N22000120,329,RATLAM-MHOW-KHANDWA- AKOLA (GC),Central Railways,WR,MADHYA PRADESH,2008-04-01,2022-03-01,2026-03-01,3503.69,6383.82,2529.21,,5839.02,2026-03-01,,,delayed,313
2022-10-01,N24000582,329,4 LANING OF NH-37 SECTION BETWEEN DEMOW TO END OF MORAN BYPASS (FROM KM. 534.800 TO KM. 561.700) O,Ministry Of Road Transport And Highways (State Pwds),NHIDCL,ASSAM,2016-01-01,2016-01-01,2016-01-01,294.17,,,,,,,,without_doc,379
2022-10-01,N22000503,330,NIMACH BADI SADRI NEW LINE PROJECT,Central Railways,WR,MADHYA PRADESH,2017-04-01,2022-03-01,2026-03-01,495.18,495.18,1.01,,495.18,2026-03-01,,,delayed,313
2022-10-01,N24000319,330,4 LANING OF JORHAT TO JHANJI SECTION FROM KM. 453.00 TO KM. 491.08 (DESIGN KM 403.200 TO KM 454.240),Ministry Of Road Transport And Highways (State Pwds),NHIDCL,ASSAM,2015-06-01,2018-06-01,2018-06-01,437.39,,,,,,,,without_doc,379
2022-10-01,N24000775,331,RECONSTRUCTION WITH GEOMETRIC IMPROVEMENT OF EXISTING 2 LANE/INTERMEDIATE LANE TO 2LANE WITH PAVED S,Highways (State Pwds),MoRTH,UTTARAKHA ND,2017-06-01,2019-06-01,2022-10-01,282.08,282.08,206.46,,418.88,2022-10-01,,,delayed,314
2022-10-01,N24001275,331,IMPROVEMENT/UPGRADATION OF EXISTING 2-LANE TO 4-LANE DIVIDED HIGHWAY FROM DAILI TO KURAOPOKPI SECTIO,Ministry Of Road Transport And Highways (State Pwds),NHIDCL,MANIPUR,2020-08-01,2022-04-01,2022-04-01,268.98,,,,,,,,without_doc,379
2022-10-01,N24000779,332,RECONSTRUCTION WITH GEOMETRIC IMPROVEMENT OF EXISTING SINGLE/INTERMEDIATE LANE TO 2 LANE WITH EAR,Highways (State Pwds),MoRTH,UTTARAKHA ND,,2020-02-01,2022-10-01,,418.88,264.67,,,2022-10-01,,,delayed,314
2022-10-01,N24001276,332,IMPROVEMENT/UPGRADATION OF EXISTING 2-LANE TO 4-LANE DIVIDED HIGHWAY FROM KURAOPOKPI TO SEKMAI SECTI,Ministry Of Road Transport And Highways (State Pwds),NHIDCL,MANIPUR,2020-08-01,2022-04-01,2022-04-01,228.97,,,,,,,,without_doc,379
2022-10-01,N24000781,333,CONSTRUCTION OF KUND BYPASS FROM EXISTING KM 33+130 TO KM 41+260 (EXISTING LENGTH: 8.130 KM); DESIGN,Highways (State Pwds),MoRTH,UTTARAKHA ND,2018-05-01,2020-05-01,2022-10-01,248,248,111.85,,,2022-10-01,,,delayed,314
2022-10-01,N24000755,333,CONSTRUCTION OF TWO LANE WITH HARD SHOULDERS OF CHAKABAMA-ZUNHEBOTO ROAD FROM EXISTING KM 25.760 TO,Ministry Of Road Transport And Highways (State Pwds),NHIDCL,NAGALAND,2018-03-01,2018-09-01,2022-05-01,239.3,,,,,,,,without_doc,379
2022-10-01,N24000820,334,Rehabilitation and up gradation to 2 lane with paved shoulder configuration from existing km. 122.00,Highways (State Pwds),MoRTH,A & N ISLANDS,2017-11-01,2019-11-01,2022-10-01,237.8,238,94.55,,,,,,delayed,314
2022-10-01,N24000695,334,RHENOK-RORAHTHANG-PAKYONG ON NH 717A,Ministry Of Road Transport And Highways (State Pwds),NHIDCL,SIKKIM,2017-04-01,2017-10-01,2022-06-01,388,,,,530.67,2022-06-01,,,without_doc,379
2022-10-01,N24000904,335,CONSTN. OF 4 LANING IN KM.99.00 TO 114.375 PACKAGE-V (EPC) INCLUDING BHIWANI BYPASS,Highways (State Pwds),MoRTH,HARYANA,2017-01-01,2019-03-01,2022-10-01,247.25,247.25,195.15,,,,On account of delay in,,delayed,314
2022-10-01,N24000749,335,REHABILITATION AND UP GRADATION OF SECTION FROM KM 206.00 TO KM 242.00 (NIMBUTALA TO AUSTIN CREEK) O,Ministry Of Road Transport And Highways (State Pwds),NHIDCL,A & N ISLANDS 376,2018-03-01,2018-10-01,2022-06-01,234.27,,,,,,,,without_doc,379
2022-10-01,N24000917,336,WIDENING TO 2LPS FROM 269/30 TO 328/20 OF NH-49 IN THE STATE OF ODISHA,Highways (State Pwds),MoRTH,ODISHA,2018-03-01,2018-08-01,2022-10-01,199.16,199.16,101.34,,,2022-10-01,,,delayed,314
2022-10-01,N24000762,336,CONSTRUCTION OF TWO LANE WITH HARD SHOULDERS OF MERANGKONG-TAMLU-MON ROAD FROM EXISTING KM 00.000 TO,Ministry Of Road Transport And Highways (State Pwds),NHIDCL,NAGALAND,2018-03-01,2018-09-01,2022-06-01,215.12,,,,,,,,without_doc,380
2022-10-01,N24000941,337,REHABILITATION AND UPGRADATION TO 2 LANE WITH PAVED SHOULDER OF MOGA (DESIGN CH 0.000) TO MAKHU (DES,Highways (State Pwds),MoRTH,PUNJAB,2018-03-01,2020-08-01,2022-10-01,293.64,293.64,289.7,,,,COVID and delay in design,,delayed,314
2022-10-01,N24001435,337,4-LANING OF DERGAON TOWN,Ministry Of Road Transport And Highways (State Pwds),NHIDCL,ASSAM,2020-03-01,2022-06-01,2022-06-01,287.63,,,,,,,,without_doc,380
2022-10-01,N24001165,338,WIDENING TO 2 LANE WITH PAVED SHOULDERS FROM KM 34.00 TO 70.900 OF NH-150 UNDER EPC MODE IN THE STAT,Highways (State Pwds),MoRTH,KARNATAKA,2016-11-01,2017-03-01,2022-10-01,314.9,314.9,209.24,,,2021-03-01,,,delayed,314
2022-10-01,N24000754,338,CONSTRUCTION OF TWO LANE WITH HARD SHOULDERS OF CHAKABAMA-ZUNHEBOTO ROAD FROM EXISTING KM 00.000 TO,Ministry Of Road Transport And Highways (State Pwds),NHIDCL,NAGALAND,2018-03-01,2018-09-01,2022-07-01,339.57,,,,,,,,without_doc,380
2022-10-01,N24001182,339,CONSTRUCTION OF 2-LANE WITH PAVED SHOULDER OF FLEXIBLE PAVEMENT FROM KM 42.80 TO KM 60.30 ON NH NO.1,Highways (State Pwds),MoRTH,MIZORAM,2017-01-01,2021-01-01,2022-10-01,205.95,205.95,164.98,,,,,,delayed,314
2022-10-01,N24001265,339,REHABILITATION AND UPGRADATION OF ROAD FROM DESIGN KM 0.00 TO KM 11.800 OF KAILASHAHAR-KURTI BRIDGE,Ministry Of Road Transport And Highways (State Pwds),NHIDCL,TRIPURA,2020-03-01,2022-07-01,2022-07-01,154.51,,,,,2023-03-01,,,without_doc,380
2022-10-01,N24000576,340,"ENGINEERING, PROCUREMENT, AND CONSTRUCTION OF REHABILITATION AND UPGRADING TO 2-LANES/2 - LANE WITH P",Highways (State Pwds),MoRTH,BIHAR,2016-02-01,2016-05-01,2022-11-01,178.85,225.06,221.01,,225.06,2022-06-01,,,delayed,315
2022-10-01,N24001311,340,KAILASHAHAR TO KHOWAI PKG-2,Ministry Of Road Transport And Highways (State Pwds),NHIDCL,TRIPURA,2020-11-01,2022-07-01,2022-07-01,206.78,,,,,2023-02-01,,,without_doc,380
2022-10-01,N24000578,341,"ENGINEERING, PROCUREMENT, AND CONSTRUCTION OF REHABILITATION AND UPGRADING TO 2-LANES/2 - LANE WITH P",Highways (State Pwds),MoRTH,BIHAR,2016-02-01,2016-05-01,2022-11-01,553.3,587.41,556.97,,587.41,2022-03-01,,,delayed,315
2022-10-01,N24000322,341,FOUR LANING FROM GOHPUR TO HOLONGI SECTION FROM KM 264.10 OF NH 52 TO KM 20.37 OF NH 52A,Ministry Of Road Transport And Highways (State Pwds),NHIDCL,ASSAM,2015-03-01,2018-11-01,2022-08-01,168.39,,,,,,,,without_doc,380
2022-10-01,N24000870,342,UPGRADATION OF REWA- SIRMOUR ROAD TO 2L + PS,Highways (State Pwds),MoRTH,MADHYA PRADESH,2018-03-01,2018-03-01,2022-11-01,162.56,162.56,137.52,,,2021-10-01,,,delayed,315
2022-10-01,N24000690,342,TWO LANING OF EXISTING KHUPA HAYULIANG HAWAI ROAD ON EPC BASIS FROM DESIGN KM. 0.000 (KHUPA) TO KM.,Ministry Of Road Transport And Highways (State Pwds),NHIDCL,ARUNACHAL PRADESH,2017-01-01,2017-04-01,2022-08-01,198.22,,,,,,,,without_doc,380
2022-10-01,N24000890,343,UPGRADATION OF PORSA- BHIND ROAD TO 2L + PS,Highways (State Pwds),MoRTH,MADHYA PRADESH,2018-03-01,2018-08-01,2022-11-01,217.22,226.88,210.12,,,2021-09-01,,,delayed,315
2022-10-01,N24000752,343,(I) CONSTRUCTION OF FOUR/SIX LANING FROM KM 132.375 TO KM 158.058 (TOTAL NEW ALIGNMENT LENGTH OF 20.,Ministry Of Road Transport And Highways (State Pwds),NHIDCL,NAGALAND,2017-02-01,2018-09-01,2022-08-01,387,,,,,,,,without_doc,380
2022-10-01,N24000892,344,2L+PS OF THIKRI ANJAD SECTION OF NH-347B,Highways (State Pwds),MoRTH,MADHYA PRADESH,2017-11-01,2018-07-01,2022-11-01,249.05,249.05,221.19,,,2021-08-01,,,delayed,315
2022-10-01,N24001249,344,2-LANING FROM MANU-SIMLUNG ( PKG III),Ministry Of Road Transport And Highways (State Pwds),NHIDCL,TRIPURA,2020-06-01,2022-01-01,2022-08-01,347.36,,,,,2022-08-01,,,without_doc,380
2022-10-01,N24000914,345,WIDENING TO 2LPS FROM 239/9 TO 294/3 OF NH-57 (NAYAGARH TO KHURDA) IN THE STATE OF ODISHA,Highways (State Pwds),MoRTH,ODISHA,2016-12-01,2018-08-01,2022-11-01,223.5,223.5,132.37,,,2022-11-01,,,delayed,315
2022-10-01,N24000756,345,CONSTRUCTION OF TWO LANE WITH HARD SHOULDERS OF CHAKABAMA-ZUNHEBOTO ROAD FROM EXISTING KM 52.370 TO,Ministry Of Road Transport And Highways (State Pwds),NHIDCL,NAGALAND,2018-03-01,2018-09-01,2022-09-01,285.68,,,,,,,,without_doc,380
2022-10-01,N24000915,346,WIDENING TO 2LPS FROM 58/00 TO 116/10 OF NH-153B (NAKTIDEUL TO BOUDH) IN THE STATE OF ODISHA,Highways (State Pwds),MoRTH,ODISHA,2016-12-01,2018-04-01,2022-11-01,206.88,206.88,134.11,,,2022-11-01,,,delayed,315
2022-10-01,N24000903,346,IMPROVEMENT/WIDENING TO 2-LANE WITH EARTHEN SHOULDERS FROM RANIKOR TO NONGJRI EXISTING CHAINAGE FROM,Ministry Of Road Transport And Highways (State Pwds),NHIDCL,MEGHALAYA,2019-03-01,2019-05-01,2022-09-01,306.28,,,,,,,,without_doc,380
2022-10-01,N24000916,347,WIDENING TO 2LPS FROM 173/37 TO 229/40 OF NH-59 IN THE STATE OF ODISHA,Highways (State Pwds),MoRTH,ODISHA,2018-03-01,2018-08-01,2022-11-01,214.23,214.23,138.74,,,2022-11-01,,,delayed,315
2022-10-01,N24001323,347,KHELLANI-KHANABAL PKG-1,Ministry Of Road Transport And Highways (State Pwds),NHIDCL,JAMMU AND KASHMIR,2021-03-01,2022-09-01,2022-09-01,486.45,,,,,,,,without_doc,380
2022-10-01,N24000940,348,REHABILITATION AND UPGRADATION OF KARNATATKA/AP BORDER- GOOTY SECTION FROM KM 368.920 TO KM 424.225 O,Highways (State Pwds),MoRTH,ANDHRA PRADESH,2016-03-01,2016-05-01,2022-11-01,995.09,995.09,643.54,,995,,,,delayed,315
2022-10-01,N24001324,348,KHELLANI-KHANABAL PKG-6,Ministry Of Road Transport And Highways (State Pwds),NHIDCL,JAMMU AND KASHMIR,2021-02-01,2022-09-01,2022-09-01,285.28,,,,,,,,without_doc,380
2022-10-01,N24001151,349,BALANCE WORK FOR REHABILITATION AND UPGRADATION OF SATNA-BELA SECTION OF NH-75 FROM KM. 155.0 TO KM.,Highways (State Pwds),MoRTH,MADHYA PRADESH,2017-11-01,2018-03-01,2022-11-01,392.33,428.55,420.2,,,2021-06-01,,,delayed,315
2022-10-01,N24000769,349,CONSTRUCTION/UPGRADATION OF EXISTING ROAD TO 2-LANE WITH PAVED SHOULDER INCLUDING GEOMETRIC IMPROVEM,Ministry Of Road Transport And Highways (State Pwds),NHIDCL,SIKKIM,2018-03-01,2018-06-01,,264.84,,,,,,,,without_doc,380
2022-10-01,N24001208,350,FOUR LANING WIDENING AND STRENGTHENING OF NH-29E FROM KM 81.420 TO 99.00 SONAULI - GORAKHPUR ROAD (J,Highways (State Pwds),MoRTH,UTTAR PRADESH,2018-03-01,2020-08-01,2022-11-01,288.3,323.36,244.09,,,,,,delayed,316
2022-10-01,N24001196,350,OUR LANNNING OF DOLABARI TO JAMUGURI SECTION FROM KM 17.300 OF NH 37A TO KM 182.00 OF NH52 IN THE ST,Ministry Of Road Transport And Highways (State Pwds),NHIDCL,ASSAM,2017-03-01,,,1049.51,,,,,,,,without_doc,380
2022-10-01,N24000247,351,REHABILITATION AND UPGRADATION OF NH-221 FROM KM 121/0 TO 165/00 (OF VIJAYAWADA-JAGDALPUR RUDRAMPUR,Highways (State Pwds),MoRTH,TELANGANA,2014-10-01,2017-02-01,2022-12-01,295.47,295.47,214.36,,,2022-12-01,,,delayed,316
2022-10-01,N24001453,351,IMPHAL - KHONGSANG PKG-4,Ministry Of Road Transport And Highways (State Pwds),NHIDCL,MANIPUR,2021-08-01,2023-12-01,,579.63,,,,,,,,without_doc,380
2022-10-01,N24000334,352,STRENGTHENING AND WIDENING TO TWO LANE WITH PAVED SHOULDERS FROM KM.106.00 TO 153.00 OF NH-218 BIJAP,Highways (State Pwds),MoRTH,KARNATAKA,2015-03-01,2015-11-01,2022-12-01,165.67,165.67,124.52,,,,,,delayed,316
2022-10-01,N24000746,352,CONSTRUCTION OF MAJOR BRIDGE OVER HUMPHREY STRAIT CREEK BETWEEN KM. 129.420 TO KM. 130.600 OF NH 4 C,Ministry Of Road Transport And Highways (State Pwds),NHIDCL,A & N ISLANDS National Highways Authority Of India,2015-03-01,2017-04-01,,277.17,,,,,2020-04-01,,,without_doc,380
2022-10-01,N24000475,353,JABALPUR TO HIREN RIVER SECTION OF NH-12 IN MADHYA PRADESH KM 11/400 TO 66/400,Highways (State Pwds),MoRTH,MADHYA PRADESH,2015-11-01,2020-01-01,2022-12-01,628.45,628.45,467.04,,,2021-06-01,,,delayed,316
2022-10-01,N24000731,353,REHABILITATION AND UP-GRADATION OF EXISTING 2-LANE TO 4 LANE OF KOIDA (KM206.20) TO RAJAMUNDA (KM 25,Ministry Of Road Transport And Highways (State Pwds),NHAI,ODISHA,2018-01-01,,2022-07-01,953.09,,,,,,,,without_doc,380
2022-10-01,N24000478,354,GOHARGANJ TO BHOPAL SECTION OF NH-12 IN MADHYA PRADESH KM 43 TO 93,Highways (State Pwds),MoRTH,MADHYA PRADESH,2015-12-01,2020-02-01,2022-12-01,957.54,927.73,784.39,,,2021-08-01,,,delayed,316
2022-10-01,N24000170,354,GHAZIABAD-ALIGARH NH-91,Ministry Of Road Transport And Highways (State Pwds),NHAI,UTTAR PRADESH,2011-02-01,2013-08-01,2013-08-01,1141,,,,,,,,without_doc,380
2022-10-01,N24000513,355,UMARIYA TO SHAHDOL SECTION OF NH-78 IN MADYA PRADESH KM 68/4 TO 142/200,Highways (State Pwds),MoRTH,MADHYA PRADESH,2015-03-01,2017-08-01,2022-12-01,511.83,511.83,455.78,,,2021-06-01,,,delayed,316
2022-10-01,N24000653,355,FOUR LANNING OF JHANSI-KHAJURAHO SECTION(PKG-I) FROM KM 0.00 TO KM 76.3(EXISTING KM 106.300 OF NH-2,Ministry Of Road Transport And Highways (State Pwds),NHAI,UTTAR PRADESH,2017-03-01,2020-03-01,2022-08-01,1373.28,,,,,,,,without_doc,381
2022-10-01,N24000876,356,REHABILITATION AND UPGRADATION TO 2-LANE WITH PAVED SHOULDER CONFIGURATION OF NANDAKUMAR-CONTAI-CHAN,Highways (State Pwds),MoRTH,WEST BENGAL,2017-01-01,2019-09-01,2022-12-01,396.86,396.86,306.25,,,2022-03-01,,,delayed,316
2022-10-01,N24000654,356,FOUR LANNING OF JHANSI-KHAJURAHO SECTION(PKG-II) OF NH- 75/76 FROM DESIGN CHAINAGE KM 76.3(EXISTING C,Ministry Of Road Transport And Highways (State Pwds),NHAI,UTTAR PRADESH,2017-03-01,2020-03-01,2022-09-01,1184.71,,,,,,,,without_doc,381
2022-10-01,N24000881,357,UPGRADATION OF PACHORE- SHUJALPUR ROAD TO 2L + PS,Highways (State Pwds),MoRTH,MADHYA PRADESH,2017-11-01,2018-02-01,2022-12-01,184.62,184.62,142.28,,,2021-09-01,,,delayed,316
2022-10-01,N24000219,357,ETAWAH CHAKERI,Ministry Of Road Transport And Highways (State Pwds),NHAI,UTTAR PRADESH,2013-03-01,2015-09-01,2016-01-01,1573,,,,,,,,without_doc,381
2022-10-01,N24000886,358,CONSTRUCTION OF ROAD FROM KM. 1 TO KM. 49/4 OF NH- 26A IN THE STATE OF MADHYA PRADESH.,Highways (State Pwds),MoRTH,MADHYA PRADESH,2017-01-01,2017-03-01,2022-12-01,205.05,205.05,137.88,,,2021-12-01,,,delayed,316
2022-10-01,N24000222,358,AHMEDABAD TO VADODARA SECTION,Ministry Of Road Transport And Highways (State Pwds),NHAI,GUJARAT,2013-01-01,2015-12-01,2018-11-01,2125.24,,,,,2018-11-01,,,without_doc,381
2022-10-01,N24000891,359,UPGRADATION OF DABOH-UP BORDER ROAD TO 2L + PS,Highways (State Pwds),MoRTH,MADHYA PRADESH,2018-03-01,2018-03-01,2022-12-01,233.04,233.04,184.37,,,2021-10-01,,,delayed,317
2022-10-01,N24000362,359,2 LANING WITH PAVED SHOULDER OF SITARGANJ - TANAKUR SECTION OF NH-125,Ministry Of Road Transport And Highways (State Pwds),NHAI,UTTAR PRADESH,2015-09-01,2016-09-01,2018-11-01,368.73,,,,503.36,,,,without_doc,381
2022-10-01,N24000898,360,REHABILITATION AND UPGRADATION OF SINDOOR RIVER TO START OF BARELI BYPASS SECTION OF NH-12 FROM EXIS,Highways (State Pwds),MoRTH,MADHYA PRADESH,2016-01-01,2018-07-01,2022-12-01,809.16,809.16,635,,,2021-05-01,,,delayed,317
2022-10-01,N24000360,360,2-LANING WITH PAVED SHOULDERS OF RAEBARELI - BANDA SECTION OF NH-232,Ministry Of Road Transport And Highways (State Pwds),NHAI,UTTAR PRADESH,2014-04-01,2016-01-01,2019-01-01,351.34,,,,589.04,,,,without_doc,381
2022-10-01,N24000899,361,REHABILITATION AND UPGRADATION OF BARELI TO GOHARGANJ SECTION OF NH-12 FROM EXISTING KM 193/0 TO KM,Highways (State Pwds),MoRTH,MADHYA PRADESH,2016-03-01,2019-06-01,2022-12-01,877.79,949.54,807.22,,,2021-04-01,,,delayed,317
2022-10-01,N24001185,361,SIX LANING OF CHAKERI TO ALLAHABAD SECTION OF NH-2 FROM KM 483.687 TO KM 628.753 (DESIGN LENGTH – 14,Ministry Of Road Transport And Highways (State Pwds),NHAI,UTTAR PRADESH,2017-11-01,2019-01-01,2019-01-01,2159,,,,2262,,,,without_doc,381
2022-10-01,N24000907,362,WIDENING AND PAVED SHOULDER OF TOHANA (IN HARYANA) PUNJAB/HARYANA BORDER TO MOONAK-JAKHAL- BUDHLADA,Highways (State Pwds),MoRTH,PUNJAB,2018-03-01,2020-08-01,2022-12-01,293.1,293.1,262.14,,,,"""Delay due to approval of",,delayed,317
2022-10-01,N24000544,362,ALIGARH MORADABAD SECTION OF NH-93 FROM KM 85.650 TO KM 232.020,Ministry Of Road Transport And Highways (State Pwds),NHAI,UTTAR PRADESH,2016-03-01,2019-04-01,2019-03-01,676.73,,,,,,,,without_doc,381
2022-10-01,N24000909,363,JALANDHAR-HOSHIARPUR SECTION OF NH-70 [NEW NH NO. 3] FROM EXISTING KM 11.400 TO KM 49.200,Highways (State Pwds),MoRTH,PUNJAB,2017-10-01,2019-10-01,2022-12-01,1069.59,1069.59,739.08,,,,Work in District Hoshiarpur,,delayed,317
2022-10-01,N24000356,363,FOUR LANING OF VARANASI BYPASS,Ministry Of Road Transport And Highways (State Pwds),NHAI,UTTAR PRADESH,2015-05-01,2017-05-01,2019-05-01,261.09,,,,839,,,,without_doc,381
2022-10-01,N24000910,364,REHABILITATION AND UP GRADATION TO 2 LANE WITH PAVED SHOULDER OF NH-703A FROM MAKHU (DESIGN CH 0 000,Highways (State Pwds),MoRTH,PUNJAB,2018-03-01,2020-11-01,2022-12-01,170.57,170.57,87.84,,192.48,,LA issue for ROB in Km 12,,delayed,317
2022-10-01,N24000722,364,CONSTRUCTION OF NH-24 4-LANE BYPASS STARTING FROM KM 479.500 OF NH-24 AND TERMINATING AT KM 17.600 O,Ministry Of Road Transport And Highways (State Pwds),NHAI,UTTAR PRADESH,2017-12-01,,2019-05-01,305,,,,,,,,without_doc,381
2022-10-01,N24000964,365,CONSTRUCTION OF TIMMAPURAM TO GURJANAPALLE SECTION FROM KM 26.150 TO 41.161 OF NH- 214(NH216)(KAKINAD,Highways (State Pwds),MoRTH,ANDHRA PRADESH,2016-08-01,2017-01-01,2022-12-01,350.61,350.61,333.79,,263.45,2022-12-01,Delay in LA,,delayed,318
2022-10-01,N24000448,365,4 LANING OF AMBALA - KAITHAL - PACKAGE -2,Ministry Of Road Transport And Highways (State Pwds),NHAI,HARYANA,2016-01-01,2018-07-01,2019-07-01,574.28,,,,,,,,without_doc,381
2022-10-01,N24000969,366,CONSTRUCTION OF 2L+PS FROM PASARLAPUDI-DHINDI (105/700 TO 127.500 OF NH-214) OF NH-216,Highways (State Pwds),MoRTH,ANDHRA PRADESH,,2017-09-01,2022-12-01,263.45,263.45,127.85,,,2022-12-01,LA issues,,delayed,318
2022-10-01,N24000342,366,TWO LANE WITH PAVED SHOULDERS OF BIJAPUR - GULBARGA - HOMNABAD - SECTION OF NH-218 ( NEW NH NO -50),Ministry Of Road Transport And Highways (State Pwds),NHAI,KARNATAKA,2015-05-01,2017-09-01,2019-09-01,709,,,,,,,,without_doc,381
2022-10-01,N24000970,367,REHABILITAITON AND UPGRADATION OF REPALLE TO EEPPURPALEM SECTION FROM KM 128/927 TO KM 195/000 OF NH,Highways (State Pwds),MoRTH,ANDHRA PRADESH,2017-01-01,2018-01-01,2022-12-01,576.48,686.13,536.92,,,,,,delayed,318
2022-10-01,N24000635,367,2-LANE WITH PAVED SHOULDERS OF GADU-PORBANDER SECTION,Ministry Of Road Transport And Highways (State Pwds),NHAI,GUJARAT,2016-12-01,,2019-09-01,417.19,,,,,,,,without_doc,381
2022-10-01,N24000987,368,6 LANING FROM KM 9.90 TO KM 19.948 (ARAMGARH- SAMSHABAD SECTION) OF HYDERABAD-SAMSHABAD SECTION OF NH,Highways (State Pwds),MoRTH,TELANGANA,2018-01-01,2020-05-01,2022-12-01,283.15,283.15,215.07,,,2022-12-01,,,delayed,318
2022-10-01,N24000453,368,4 LANING OF SOLAPUR YEDISHI SECTION OF NH-211,Ministry Of Road Transport And Highways (State Pwds),NHAI,MAHARASHTRA,2015-01-01,2017-07-01,2019-10-01,972.5,,,,,,,,without_doc,381
2022-10-01,N24001022,369,WADI TO ASOLA,Highways (State Pwds),MoRTH,MAHARASHT RA,2017-01-01,2019-09-01,2022-12-01,363.82,363.82,136.74,,364,,,,delayed,318
2022-10-01,N24000208,369,2-LANING WITH PS RAIBAREILI TO ALLAHABAD,Ministry Of Road Transport And Highways (State Pwds),NHAI,UTTAR PRADESH,2012-07-01,2014-01-01,2019-12-01,291.36,,,,480.31,,,,without_doc,381
2022-10-01,N24001038,370,MAHAD TO RAIGAD FORT,Highways (State Pwds),MoRTH,MAHARASHT RA,2018-07-01,2020-05-01,2022-12-01,237.4,237.4,31.41,,,,,,delayed,318
2022-10-01,N24000459,370,4 LANING OF KAZHAKKOTTAM TO MUKKOLA SECTION OF NH-47,Ministry Of Road Transport And Highways (State Pwds),NHAI,KERALA,2015-06-01,2020-01-01,2020-01-01,845.24,,,,,,,,without_doc,381
2022-10-01,N24001053,371,KARAD TO TAGAON,Highways (State Pwds),MoRTH,MAHARASHT RA,2017-01-01,2019-06-01,2022-12-01,537.81,537.81,237,,538,,,,delayed,318
2022-10-01,N24000122,371,DELHI/ HARYANA BORDER TO ROHTAK,Ministry Of Road Transport And Highways (State Pwds),NHAI,HARYANA,2007-04-01,2010-05-01,2020-03-01,486,,,,,,,,without_doc,381
2022-10-01,N24001097,372,SELDOH TO PANVAR,Highways (State Pwds),MoRTH,MAHARASHT RA,2018-07-01,2020-05-01,2022-12-01,404.33,404.33,119.53,,404,,,,delayed,318
2022-10-01,N24000432,372,CONSTRUCTION OF NH-4B FROM KM.21.200 TO KM.27.270( D TO E SECTION) AND FROM KM.0.000 TO KM.4.492 ( D,Ministry Of Road Transport And Highways (State Pwds),NHAI,MAHARASHTRA,2015-09-01,2018-05-01,2020-11-01,414.51,,,,414,2020-11-01,,,without_doc,381
2022-10-01,N24001107,373,PANCHARAL TO MANDANGHAR,Highways (State Pwds),MoRTH,MAHARASHT RA,2018-07-01,2020-05-01,2022-12-01,381.08,381.08,21.02,,302,,,,delayed,318
2022-10-01,N24000522,373,TWO LANING WITH PS OF CHHAPRA -REWAGHAT - MUZAFFARPUR,Ministry Of Road Transport And Highways (State Pwds),NHAI,BIHAR,2015-08-01,2018-04-01,2021-01-01,516.13,,,,,,,,without_doc,381
2022-10-01,N24001122,374,PAITHAN TO SHIRUR,Highways (State Pwds),MoRTH,MAHARASHT RA,2017-03-01,2019-06-01,2022-12-01,341.8,341.8,203.09,,,,,,delayed,318
2022-10-01,N24000437,374,CONSTRUCTION OF ISLAMPUR BY PASS,Ministry Of Road Transport And Highways (State Pwds),NHAI,WEST BENGAL,2015-10-01,,2021-02-01,361.15,,,,416,,,,without_doc,381
2022-10-01,N24001134,375,KANTE TO WAKED,Highways (State Pwds),MoRTH,MAHARASHT RA,2016-03-01,2019-11-01,2022-12-01,1230.02,1230.02,664.06,,1230,,,,delayed,318
2022-10-01,N24000601,375,4 LANING FROM PHAGWARA TO RUPNAGAR,Ministry Of Road Transport And Highways (State Pwds),NHAI,PUNJAB,2016-08-01,,2021-05-01,1169.61,,,,,,,,without_doc,381
2022-10-01,N24001152,376,"STRENGTHENING WITH PAVED SHOULDER FROM KM 30/0 TO KM 46/0, KM 54/0 TO KM 61/0, KM 69/0 TO KM 80/0 AN",Highways (State Pwds),MoRTH,ASSAM,2018-09-01,2021-09-01,2022-12-01,160,160,139.02,,,2022-12-01,,,delayed,318
2022-10-01,N24000206,376,6-LANING OF DHANKUNI-KHARAGPUR SECTION,Ministry Of Road Transport And Highways (State Pwds),NHAI,WEST BENGAL,2012-04-01,2014-09-01,2021-08-01,1396.18,,,,,,,,without_doc,381
2022-10-01,N24001156,377,WIDENING TO TWO LANE WITH PAVED SHOULDER FROM KM 544.200 TO KM 594.000 OF NH- 150A HOSMANE CROSS – PA,Highways (State Pwds),MoRTH,KARNATAKA,2017-01-01,2017-09-01,2022-12-01,166.67,264.34,181.61,,,2019-04-01,,,delayed,319
2022-10-01,N24000721,377,ADDITIONAL FACILITY FOR 4-LANE DIVIDED HIGHWAY OF KM 52.250 TO KM 130.560 OF NH-58 (MEERUT-MUZAFFARN,Ministry Of Road Transport And Highways (State Pwds),NHAI,UTTAR PRADESH,2017-12-01,,2021-09-01,207,,,,,,,,without_doc,382
2022-10-01,N24001157,378,IMPROVEMENTS AND RECONSTRUCTION TO TWO LANE WITH PAVED SHOULDERS FROM KM 243.20 TO KM 290.20 OF NH,Highways (State Pwds),MoRTH,KARNATAKA,2016-08-01,2017-02-01,2022-12-01,175.5,241.6,164.41,,241.6,2020-12-01,,,delayed,319
2022-10-01,N24000693,378,4-LANNING OF PORBANDAR DWARKA SECTION IN THE STATE OF GUJARAT,Ministry Of Road Transport And Highways (State Pwds),NHAI,GUJARAT,2017-06-01,2020-06-01,2021-10-01,1958.88,,,,2047.39,,,,without_doc,382
2022-10-01,N24001168,379,ESTIMATE FOR WIDENING TWO LANE TO FOUR LANE FROM FROM KM.129.00 TO 144.00 OF NH-63 ANKOLA-GOOTY SECT,Highways (State Pwds),MoRTH,KARNATAKA,2018-05-01,2018-05-01,2022-12-01,171.6,171.6,85.73,,,2022-07-01,,,delayed,319
2022-10-01,N24000803,379,REHABILITATION AND UP-GRADATION FROM 2 LANE TO 4 LANE OF NH STRETCH UNDER NHDP-IVB FOR DAGAMAGPUR-LA,Ministry Of Road Transport And Highways (State Pwds),NHAI,UTTAR PRADESH,2018-03-01,,2021-10-01,1115.28,,,,,,,,without_doc,382
2022-10-01,N24001198,380,CONSTRUCTION TO TWO LANE WITH PAVED SHOULDERS WITH FLEXIBLE PAVEMENT ON KHALGHAT TO SARWARDEWLA ROAD,Highways (State Pwds),MoRTH,MADHYA PRADESH,2019-01-01,2021-03-01,2022-12-01,264.5,264.5,195.21,,,2021-11-01,,,delayed,319
2022-10-01,N24000822,380,FOUR LANING OF NH 161 FROM RAMSANPALLE (DESIGN KM 39.980 EXISTING KM 44.757) TO MANGLOOR (DESIGN KM,Ministry Of Road Transport And Highways (State Pwds),NHAI,TELANGANA,2018-03-01,,2021-10-01,950.63,,,,,,,,without_doc,382
2022-10-01,N24001217,381,REHABILITATION AND UPGRADATION OF NH 43 KANKER TO BEDMA SECTION KM. 130 TO 180,Highways (State Pwds),MoRTH,CHHATISGAR H,2016-01-01,2016-08-01,2022-12-01,497.14,572.66,284.87,,,,,,delayed,319
2022-10-01,N24000510,381,FOUR / SIX LANING OF RAIPUR - SIMGA ( PKG-1),Ministry Of Road Transport And Highways (State Pwds),NHAI,CHHATISGARH,2015-12-01,2018-04-01,2021-12-01,726.67,,,,1103.55,,,,without_doc,382
2022-10-01,N24001218,382,REHABILITATION AND UPGRADATION OF NH 111 FROM KM 163.400 TO 215.800 SHIVNAGAR TO AMBIKAPUR SECTION,Highways (State Pwds),MoRTH,CHHATISGAR H,2015-11-01,2017-06-01,2022-12-01,335.32,335.32,282.59,,,,,,delayed,319
2022-10-01,N24000565,382,4-LANNING OF NAGINA-KASHIPUR SECTION OF NH-74 FROM KM 73.00 TO KM 175.00,Ministry Of Road Transport And Highways (State Pwds),NHAI,UTTAR PRADESH,2016-03-01,2021-12-01,2021-12-01,1737,,,,2421.37,,,,without_doc,382
2022-10-01,N24001221,383,REHABILITATION AND UPGRADATION OF NH 78 FROM KM 373.505 TO 469.300 AMBIKAPUR TO PATHALGAON SECTION,Highways (State Pwds),MoRTH,CHHATISGAR H,2016-01-01,2016-10-01,2022-12-01,624.98,731.5,474.67,,,,,,delayed,319
2022-10-01,N24000802,383,REHABILITATION AND UP-GRADATION FROM 2 LANE TO 4 LANE OF NH STRETCH UNDER NHDP IV B FOR LALGANJ-HANU,Ministry Of Road Transport And Highways (State Pwds),NHAI,UTTAR PRADESH,2018-03-01,,2021-12-01,1025.8,,,,,,,,without_doc,382
2022-10-01,N24001222,384,REHABILITATION AND UPGRADATION OF NH 78 FROM KM 469.000 TO 531.000 PATTHALGAON TO KUNKURI,Highways (State Pwds),MoRTH,CHHATISGAR H,2016-03-01,2016-07-01,2022-12-01,452.94,435.61,131.6,,,,,,delayed,319
2022-10-01,N24000804,384,FOUR LANING OF NH 161 FROM MANGLOOR (DESIGN KM 135.751 EXISTING KM 140.873) (DESIGN LENGTH 48.963 K,Ministry Of Road Transport And Highways (State Pwds),NHAI,TELANGANA,2018-03-01,,2021-12-01,802.65,,,,,,,,without_doc,382
2022-10-01,N24001224,385,REHABILITATION AND UPGRADATION OF NH 78 FROM KM 531.250 TO KM 597.946 KUNKURI TO CG JH BORDER SECTIO,Highways (State Pwds),MoRTH,CHHATISGAR H,2017-03-01,2018-01-01,2022-12-01,423.79,423.79,314.77,,188.8,,,,delayed,320
2022-10-01,N24000173,385,DEVELOPMENT OF ADIQUATE ROAD CONNECTIVITY TO CHENNAI- ENNORE PORT CONNECTIVITY,Ministry Of Road Transport And Highways (State Pwds),NHAI,TAMIL NADU,2011-06-01,2013-06-01,2022-02-01,600,,,,,,,,without_doc,382
2022-10-01,N24001228,386,UPGRADATION AND WIDENING OF BILASPUR TO MUNGELI SECTION NH-130A,Highways (State Pwds),MoRTH,CHHATISGAR H,,2019-05-01,2022-12-01,,188.8,126.96,,,,,,delayed,320
2022-10-01,N24000839,386,SIX LANING AND STRENGTHENING OF NEW NH-248A FROM EXISTING KM 11+682 TO EXISTING KM 24+400 IN THE STA,Ministry Of Road Transport And Highways (State Pwds),NHAI,HARYANA,2018-03-01,,2022-02-01,634.7,,,,,,,,without_doc,382
2022-10-01,N24001385,387,WIDENING AND STRENGTHENING TO TWO LANE WITH PAVED SHOULDERS FROM KM 491/000 TO KM 525/200 OF RAIPUR,Highways (State Pwds),MoRTH,ANDHRA PRADESH,2020-06-01,2021-05-01,2022-12-01,221.4,221.4,111.23,,,,,,delayed,320
2022-10-01,N24000849,387,CONSTRUCTION OF FLYOVER IN SAKOLI TOWN ON NH-53 (OLD NH-6),Ministry Of Road Transport And Highways (State Pwds),NHAI,MAHARASHTRA,2018-03-01,2022-02-01,2022-02-01,289.21,,,,,,,,without_doc,382
2022-10-01,N24001387,388,WIDENING TO 2-LANE WIH PAVED SHOULDER FROM KM. 544.20 TO 594.00 (HOSAMANE CROSS TO PANDAVAPURA) SECT,Highways (State Pwds),MoRTH,KARNATAKA,2017-01-01,2017-09-01,2022-12-01,264.34,264.34,181.61,,,2021-04-01,,,delayed,320
2022-10-01,N24000149,388,SIX LANNING OF VADAKKANCHERRY THRISSURESECTION KM 240 270KM,Ministry Of Road Transport And Highways (State Pwds),NHAI,KERALA,2010-02-01,2012-08-01,2022-03-01,617,,,,,,,,without_doc,382
2022-10-01,N24000872,389,UPGRADATION OF MORENA- PORSA ROAD TO 2L + PS,Highways (State Pwds),MoRTH,MADHYA PRADESH,2018-03-01,2018-08-01,2023-01-01,166.21,174.9,154.26,,,2021-08-01,,,delayed,320
2022-10-01,N24000202,389,4-LANING OF FARAKA-RAIGANJ,Ministry Of Road Transport And Highways (State Pwds),NHAI,WEST BENGAL,2011-02-01,2013-08-01,2022-03-01,1078.84,,,,,,,,without_doc,382
2022-10-01,N24000331,390,CONSTRUCTION OF RING ROAD FOR RAEBARELI CITY (PHASE - I) ON EASTERN SIDE OF NH 24B,Highways (State Pwds),MoRTH,UTTAR PRADESH,2014-01-01,2016-03-01,2023-03-01,282.41,319.96,225.95,,,,,,delayed,320
2022-10-01,N24000212,390,HARIDWAR DEHRADUN APPROVED LENGTH 69,Ministry Of Road Transport And Highways (State Pwds),NHAI,UTTARAKHAND,2011-11-01,2013-10-01,2022-03-01,478.51,,,,1082.4,2022-03-01,,,without_doc,382
2022-10-01,N24000874,391,CONSTRUCTION OF NEW ROAD AT THE MISSING LINK PORTION OF NH-81 ALONG THE APPROVED ALIGNMENT BETWEEN H,Highways (State Pwds),MoRTH,WEST BENGAL,2016-03-01,2018-11-01,2023-03-01,271.17,291.2,128.21,,291.2,2022-03-01,,,delayed,320
2022-10-01,N24000451,391,6/8 LANING OF ROAD PORT CONNECTIVITY JNPT PHASE II - CONSTRUCTION OF NH-348 - PKG3,Ministry Of Road Transport And Highways (State Pwds),NHAI,MAHARASHTRA,2015-08-01,2018-05-01,2022-03-01,505,,,,,,,,without_doc,382
2022-10-01,N24000880,392,UPGRADATION OF NH-81 WITH A MINIMUM OF 2-LANE WITH PAVED SHOULDER CONFIGURATION STARTING FROM KM 19.,Highways (State Pwds),MoRTH,WEST BENGAL,2018-02-01,2020-09-01,2023-03-01,426.18,426.18,295.6,,,2022-03-01,,,delayed,320
2022-10-01,N24000539,392,MEERUT-BULANDSHAHAR,Ministry Of Road Transport And Highways (State Pwds),NHAI,UTTAR PRADESH,2016-01-01,,2022-03-01,683.24,,,,,,,,without_doc,382
2022-10-01,N24000883,393,"DEVELOPMENT OF 4-LANING SECTION OF NH-31 FROM KM 551.36 (GHOSHPUKUR) TO KM 563.26 (BIHAR MORE, BAGDO",Highways (State Pwds),MoRTH,WEST BENGAL,2018-03-01,2020-10-01,2023-03-01,254.3,254.3,133.56,,,2022-03-01,,,delayed,321
2022-10-01,N24000555,393,FOUR LANNING OF TAMIL NADU KERALA BORDER TO VILLUKURI FROM KM. 43.00 TO 70.25 OF NH-47 UNDER NHDP-PH,Ministry Of Road Transport And Highways (State Pwds),NHAI,TAMIL NADU,2016-02-01,2018-08-01,2022-03-01,707.82,,,,,,,,without_doc,382
2022-10-01,N24000885,394,CONSTRUCTION OF ROB AND ITS APPROACHES IN LIEU OF UNMANNED LEVEL CROSSING AT KM 303.9 ON NH-60 (PAND,Highways (State Pwds),MoRTH,WEST BENGAL,2016-03-01,2019-08-01,2023-03-01,160.27,213.97,51.5,,,2022-11-01,,,delayed,321
2022-10-01,N24000557,394,FOUR LANNING OF VILLUKURI TO KANYAKUMARI SECTION FROM KM 70.25 TO 96.714 OF NH-47 AND NAGERCOIL TO K,Ministry Of Road Transport And Highways (State Pwds),NHAI,TAMIL NADU,2016-02-01,2018-07-01,2022-03-01,641.17,,,,,,,,without_doc,382
2022-10-01,N24000887,395,CONSTRUCTION OF TWINS 2- LANE ROB AND ITS APPROACHES IN REPLACEMENT OF EXISTING LEVEL CROSSING GATE N,Highways (State Pwds),MoRTH,WEST BENGAL,2016-06-01,2019-08-01,2023-03-01,236.78,263.26,105.14,,,2022-08-01,,,delayed,321
2022-10-01,N24000562,395,4-LANNING OF CHUTMALPUR-GANESHPUR SECTION OF NH-72A FROM KM 0.000 (KM 22.825 OF MH-73) TO KM 17.900,Ministry Of Road Transport And Highways (State Pwds),NHAI,UTTARAKHAND,2016-03-01,2022-03-01,2022-03-01,1443,,,,2330.79,,,,without_doc,382
2022-10-01,N24000888,396,UPGRADATION OF PAWAI- SALEHA-JASSO-NAGOD ROAD TO 2L + PS,Highways (State Pwds),MoRTH,MADHYA PRADESH,2018-03-01,2018-03-01,2023-03-01,214.69,214.69,90.24,,,2021-09-01,,,delayed,321
2022-10-01,N24000589,396,FOUR LANNING OF BAR-BILARA-JODHPUR SECTION OF NH-112 (EXISTING KM 0+000TO KM,Ministry Of Road Transport And Highways (State Pwds),NHAI,RAJASTHAN,2016-06-01,2019-06-01,2022-03-01,649,,,,,2022-05-01,,,without_doc,382
2022-10-01,N24000922,397,DEVELOPMENT OF CHILODA GANDHINAGAR SARKHEJ OF NH 147 OLD NH 8C FROM KM 0/0 TO KM 44/042 IN THE STATE,Highways (State Pwds),MoRTH,GUJARAT,2017-12-01,2018-11-01,2023-03-01,867.97,913.49,719.28,,913.49,2021-06-01,Delay in obtaining utility,,delayed,321
2022-10-01,N24000620,397,FOUR LANNING OF CHICHRA-KHARAGPUR SECTION OF NH-6 FROM KM 185.150 TO KM 134.400 INCLUDING REHABILITA,Ministry Of Road Transport And Highways (State Pwds),NHAI,WEST BENGAL,2016-09-01,2018-08-01,2022-03-01,767.03,,,,,,,,without_doc,383
2022-10-01,N24001158,398,RECONSTRUCTION TO TWO LANE WITH PAVED SHOULDERS FROM DS. CH. 442+180 (EX. KM 448.00) TO DS. CH.485+2,Highways (State Pwds),MoRTH,KARNATAKA,2018-03-01,2019-06-01,2023-03-01,159.97,242.61,94.54,,,2022-01-01,,,delayed,321
2022-10-01,N24000633,398,"REHABILITAITON AND UPGRADATION TO FOUR LANING OF BINJHABAHAL TO TELEBANI SECTION, KM 414.000 TO KM 4",Ministry Of Road Transport And Highways (State Pwds),NHAI,ODISHA,2016-10-01,,2022-03-01,1008.96,,,,,,,,without_doc,383
2022-10-01,N24001219,399,REHABILITATION AND UPGRADATION OF NH 200 FROM KM 178.944 TO 241.553 BANARI VILLAGE TO MASANIA KALA V,Highways (State Pwds),MoRTH,CHHATISGAR H,2016-01-01,2016-09-01,2023-03-01,476.2,544,452.11,,544,,,,delayed,321
2022-10-01,N24000636,399,6-LANNING OF KISHANGARH TO GULABPURA SECTION OF NH-79A AND NH-79 IN THE STATE OF RAJASATHAN(PACKAGE-,Ministry Of Road Transport And Highways (State Pwds),NHAI,RAJASTHAN,2016-12-01,,2022-03-01,1031.95,,,,,,,,without_doc,383
2022-10-01,N24001226,400,REHABILITATION AND UPGRADATION OF NH 216 FROM KM 3.800 TO 90.460 RAIGARH TO SARAIPALLI SECTION,Highways (State Pwds),MoRTH,CHHATISGAR H,2014-12-01,2015-03-01,2023-03-01,496.02,496.02,240.11,,,,,,delayed,321
2022-10-01,N24000651,400,FOUR LANNING OF TULJAPUR-AUSA SECTION,Ministry Of Road Transport And Highways (State Pwds),NHAI,MAHARASHTRA,2017-02-01,2020-02-01,2022-03-01,904.16,,,,,2022-03-01,,,without_doc,383
2022-10-01,N24001386,401,REHABILITATION AND UPGRADATION TO 2-LANE WITH PAVED SHOULDERS CONFIGURATION OF PADERU- GONDIGUDA SECT,Highways (State Pwds),MoRTH,ANDHRA PRADESH,2020-08-01,2021-03-01,2023-03-01,222.61,222.61,48.82,,248.83,,,,delayed,322
2022-10-01,N24000668,401,SIX LANNING OF RANASTALAM-ANANDAPURAM SECTION OF NH- 16 FROM KM 634.000 TO KM 681.000,Ministry Of Road Transport And Highways (State Pwds),NHAI,ANDHRA PRADESH,2017-03-01,2020-03-01,2022-03-01,1041.62,,,,,,,,without_doc,383
2022-10-01,N24000981,402,WIDEINING TO TWO/FOUR LANE WITH PAVED SHOULDERS FROM EXISTING KM 180.60 TO KM 223.00 OF NH-63 ON NIZ,Highways (State Pwds),MoRTH,TELANGANA,,2019-03-01,2023-04-01,,248.83,150.9,,,2023-04-01,,,delayed,322
2022-10-01,N24000671,402,REHABILITATION AND UPGRADATION BY 4-LANING OF SINGHARA TO BINJHABAHAL SECTION FROM KM 311.000 TO KM,Ministry Of Road Transport And Highways (State Pwds),NHAI,ODISHA,2017-03-01,2020-03-01,2022-03-01,1288.07,,,,,,,,without_doc,383
2022-10-01,N24000875,403,REHABILITATION AND UP- GRADATION OF EXISTING INTERMEDIATE LANE FLEXIBLE PAVEMENT TO 2L+PS FLEXIBLE PA,Highways (State Pwds),MoRTH,MADHYA PRADESH,2018-02-01,2018-03-01,2023-05-01,169.63,169.63,91.98,,,2022-03-01,,,delayed,322
2022-10-01,N24000694,403,FOUR LANING OF VILLUKURI KANNIYAKUMAR ROAD OF KM 70.250 TO 96.700 AND NAGERCOIL TO KAVALKINARU OF NH,Ministry Of Road Transport And Highways (State Pwds),NHAI,TAMIL NADU,2016-03-01,2016-07-01,2022-03-01,641.17,,,,,,,,without_doc,383
2022-10-01,N24000926,404,CONSTRUCTION OF SIGNATURE BRIDGE BETWEEN DWARKA AND BEY DWARKA AND ITS APPROACHES IN THE STATE OF GU,Highways (State Pwds),MoRTH,GUJARAT,2017-08-01,2018-03-01,2023-05-01,962.43,962.43,646.94,,,,Delay in Approval of GAD,,delayed,322
2022-10-01,N24000732,404,REHABILITATION AND UP-GRADATION OF EXISTING 2-LANE TO 4 LANE OF RIMULI (KM 163.0) TO KOIDA (KM 206.2,Ministry Of Road Transport And Highways (State Pwds),NHAI,ODISHA,2018-01-01,,2022-03-01,668.86,,,,,,,,without_doc,383
2022-10-01,N24000994,405,CONSTRUCTION OF SIX LANE ELEVATED CORRIDOR FROM KM.7.950 (UPPAL) TO KM.14.200 OF NH-163 TO DE-CONGES,Highways (State Pwds),MoRTH,TELANGANA,2018-03-01,2020-07-01,2023-05-01,626.76,626.76,229.3,,,2023-05-01,,,delayed,322
2022-10-01,N24000847,405,CONSTRUCTION OF FLYOVER AT LAKHANI TOWN ON NH-53 (OLD NH-6),Ministry Of Road Transport And Highways (State Pwds),NHAI,MAHARASHTRA,2018-03-01,2022-02-01,2022-03-01,291.53,,,,,,,,without_doc,383
2022-10-01,N24001173,406,CONSTRUCTION OF MAJOR BRIDGE AT KM 180.865 ACROSS RIVER KRISHNA ON NH-167 HAGARI – JADERCELA SECTION,Highways (State Pwds),MoRTH,KARNATAKA,2017-02-01,2019-05-01,2023-05-01,157.32,157.32,24.2,,187.61,2023-05-01,,,delayed,322
2022-10-01,N24000841,406,SIX LANING AND STREGTHENING OF NH-248A FROM EXISTING KM 2.740 (RAJIV CHOWK) TO KM 11.682 (PACKAGE-I),Ministry Of Road Transport And Highways (State Pwds),NHAI,HARYANA,2018-03-01,,2022-04-01,795.5,,,,,,,,without_doc,383
2022-10-01,N24001197,407,UP GRADATION OF NEWLY DECLARED NH 341 TO TWO LANE WITH PAVED SHOULDER CONFIGURATION BETWEEN KM. 65.4,Highways (State Pwds),MoRTH,GUJARAT,2018-03-01,2021-06-01,2023-05-01,351,270,197.76,,270,,Delayed due to Land,,delayed,322
2022-10-01,N24000161,407,QUAZIGUND-BANIHAL KM.220.00 TO KM.188.00,Ministry Of Road Transport And Highways (State Pwds),NHAI,JAMMU AND KASHMIR,2010-07-01,2015-07-01,2022-05-01,1987,,,,,,,,without_doc,383
2022-10-01,N24000579,408,FOUR LANING OF GAYA-HISUA- RAJGIRI-NALANDA- BIHARSHARIF SECTION (KM0.00 TO 92.935) ON NH-82 IN BIHAR,Highways (State Pwds),MoRTH,BIHAR,2014-01-01,2016-10-01,2023-06-01,1408.85,2138.16,1443.16,,2138.16,,,,delayed,322
2022-10-01,N24000176,408,TWO LANING OF TRICHY - KARAIKUDI AND TRYCHI BYPASS,Ministry Of Road Transport And Highways (State Pwds),NHAI,TAMIL NADU,2010-05-01,2013-05-01,2022-05-01,374,,,,,,,,without_doc,383
2022-10-01,N24001206,409,REHABILITATION AND UPGRADATION OF EXISTING PAVEMENT TO 2 LANE WITH PS FROM KM 537.000 TO KM 564.750,Highways (State Pwds),MoRTH,UTTAR PRADESH,2018-03-01,2020-04-01,2023-06-01,263.89,242.05,190.01,,,,,,delayed,322
2022-10-01,N24000183,409,SIX LANNING OF NELLORE-CHILKALURIPET KM.1182.802 TO KM.1366.547,Ministry Of Road Transport And Highways (State Pwds),NHAI,ANDHRA PRADESH,2011-11-01,2014-05-01,2022-05-01,1535,,,,,,,,without_doc,383
2022-10-01,N24001423,410,CONSTRUCTION OF BYPASS FOR PROVIDING INTER CONNECTIVITY AMONG (NHS) AROUND THE PRATAPGARH CITY (PRAT,Highways (State Pwds),MoRTH,UTTAR PRADESH,2021-04-01,2022-03-01,2023-09-01,309.48,309.48,36.63,,185.09,,,,delayed,323
2022-10-01,N24000188,410,2 LANNING OF MUZAFFARPUR - SONBARSA,Ministry Of Road Transport And Highways (State Pwds),NHAI,BIHAR,2011-05-01,2013-11-01,2022-05-01,511.54,,,,,,,,without_doc,383
2022-10-01,N24001424,411,CONSTRUCTION OF FOUR-LANE ELEVATED VIADUCT FROM KM.4+634 TO KM.6+345 ON NH- 24A INCLUDING RETAINING W,Highways (State Pwds),MoRTH,UTTAR PRADESH,,2022-03-01,2023-09-01,,185.09,21.28,,,,,,delayed,323
2022-10-01,N24000224,411,DELHI AGRA APPROVED LENGTH 180.0 KM,Ministry Of Road Transport And Highways (State Pwds),NHAI,MULTI STATE,2012-10-01,2015-04-01,2022-05-01,1928.22,,,,,2022-05-01,,,without_doc,383
2022-10-01,N24001388,412,CONSTRUCTION OF MAJOR BRIDGE ACROSS SHARAVATHI BACKWATERS AND APPROCHES BETWEEN AMBARGODU AND KALASA,Highways (State Pwds),MoRTH,KARNATAKA National Highways And Infrastructure Development Corporation Ltd.,2019-03-01,2019-12-01,2023-12-01,423.15,423.15,235.86,,,2022-12-01,,,delayed,323
2022-10-01,N24000426,412,2-LANE WITH PAVED SHOULDER WITH PROVISION OF CAPACITY AUGMENTATION OF RAJASTHAN BORDER-FATEHPUR-SALA,Ministry Of Road Transport And Highways (State Pwds),NHAI,RAJASTHAN,2012-11-01,2016-08-01,2022-05-01,530.07,,,,,,,,without_doc,383
2022-10-01,N24000305,413,FOUR LANING OF NUMALIGARH TO JORHAT SECTION FROM KM. 402.500 TO KM. 453.000 (DESIGN KM 403.200 TO KM,Highways (State Pwds),NHIDCL,ASSAM,2015-05-01,2018-05-01,2022-10-01,454.89,814.56,487.66,,,,,,delayed,323
2022-10-01,N24000521,413,TWO LANING WITH PS OF CHHAPRA -GOPALGANJ,Ministry Of Road Transport And Highways (State Pwds),NHAI,BIHAR,2015-08-01,2022-03-01,2022-05-01,854.8,,,,,,,,without_doc,383
2022-10-01,N24000323,414,4 LANING FROM KALIABOR TINALI TO DOLABARI SECTION FROM KM 0.0 TO KM 17.3 OF NH 37A INCL. ADDITIONAL,Highways (State Pwds),NHIDCL,ASSAM,2014-10-01,2018-11-01,2022-10-01,588.95,873.91,619.28,,,,,,delayed,323
2022-10-01,N24000600,414,4/6 LANING FROM KHARAR TO LUDHIYANA FROM KM 10.185 (DESIGN CHAINAGE) TO KM 86.199(DESIGN CHAINAGE),Ministry Of Road Transport And Highways (State Pwds),NHAI,PUNJAB,2016-08-01,2019-09-01,2022-05-01,1388.34,,,,,,,,without_doc,383
2022-10-01,N24000680,415,TWO LANING OF EXISTING HAYULIANG HAWAI ROAD ON EPC BASIS FROM DESIGN KM. 34.000 TO KM. 51.825 [EXIST,Highways (State Pwds),NHIDCL,ARUNACHAL PRADESH,2017-02-01,2017-04-01,2022-10-01,203.36,263.31,181.19,,,,,,delayed,323
2022-10-01,N24000607,415,FOUR LANING OF BARHI-HAZARIBAGH NH-33,Ministry Of Road Transport And Highways (State Pwds),NHAI,JHARKHAND,2016-08-01,2018-08-01,2022-05-01,323.72,,,,,,,,without_doc,383
2022-10-01,N24001286,416,2-LANING OF CHANGTONGYA TO LONGLENG ROAD OF NH-702 (PKG-I),Highways (State Pwds),NHIDCL,NAGALAND,2020-03-01,2022-06-01,2022-10-01,278.95,278.95,135.97,,,,,,delayed,323
2022-10-01,N24000638,416,4 LANING OF KASHIPUR-SITARGANJ SECTION KM. 175.000 TO KM. 252.20,Ministry Of Road Transport And Highways (State Pwds),NHAI,UTTARAKHAND,2012-11-01,2018-07-01,2022-05-01,605.84,,,,1023.23,2022-02-01,,,without_doc,383
2022-10-01,N24001318,417,2-LANING OF KHOWAI - AGARTALA SECTION FROM DESIGN KM 31.300 TO KM 45.300 OF NH-208A PKG-3,Highways (State Pwds),NHIDCL,TRIPURA,2020-09-01,2022-04-01,2022-10-01,173.17,173.17,26.12,,,,,,delayed,323
2022-10-01,N24000666,417,CONSTRUCTION OF ROAD APPROACHES TO RAIL-CUM-ROAD BRIDGE ACROSS RIVER GANGA AT MUNGER GHAT NEAR MUNGE,Ministry Of Road Transport And Highways (State Pwds),NHAI,BIHAR,2017-03-01,2020-03-01,2022-05-01,235.48,,,,,,,,without_doc,384
2022-10-01,N24000679,418,TWO LANING OF EXISTING HAYULIANG HAWAI ROAD ON EPC BASIS FROM DESIGN KM. 17.000 (KHUPA) TO KM. 34.00,Highways (State Pwds),NHIDCL,ARUNACHAL PRADESH,2017-02-01,2017-04-01,2022-11-01,195.23,252.79,186.83,,,,,,delayed,323
2022-10-01,N24000703,418,FOUR LANNING OF DARAH JHALWAR TEENDHAR FROM KM 29.000 TO KM 346.540,Ministry Of Road Transport And Highways (State Pwds),NHAI,RAJASTHAN,2017-10-01,2017-10-01,2022-05-01,964.17,,,,1140.64,,,,without_doc,384
2022-10-01,N24000686,419,FOUR LANING OF DIMAPUR KOHIMA ROAD FROM DESIGN KM 123.840 TO KM 138.775 (EXISTING KM 124.100 TO KM 1,Highways (State Pwds),NHIDCL,NAGALAND,2016-03-01,2016-08-01,2022-11-01,373.07,387,364.31,,489.01,2019-09-01,,,delayed,324
2022-10-01,N24000720,419,CAPACITY AUGMENTATION OF THE EXISTING 4 LANE STRETCH FROM ICHHAPURAM TO NARASANNAPETA IN THE STATE O,Ministry Of Road Transport And Highways (State Pwds),NHAI,ANDHRA PRADESH,2017-12-01,,2022-05-01,357,,,,,,,,without_doc,384
2022-10-01,N24000687,420,FOUR LANING OF DIMAPUR KOHIMA ROAD FROM DESIGN KM 138.775 TO KM 152.490 (EXISTING KM 140.000 TO KM 1,Highways (State Pwds),NHIDCL,NAGALAND,2016-03-01,2016-08-01,2022-11-01,396.52,396.52,321.87,,519.72,2019-08-01,,,delayed,324
2022-10-01,N24000798,420,SIX LANING OF HAPUR BYPASS TO MORADABAD SECTION INCLUDING HAPUR BYPASS FROM KM 50.000 (DESIGN CHAINA,Ministry Of Road Transport And Highways (State Pwds),NHAI,UTTAR PRADESH,2018-03-01,,2022-05-01,2140.93,,,,,,,,without_doc,384
2022-10-01,N24001250,421,WIDENING/IMPROVEMENT TO 4- LANE WITH PAVED SHOULDER FROM KM 66.00 TO KM 81.00 (DESIGN CHAINAGE 65.923,Highways (State Pwds),NHIDCL,ASSAM,2020-08-01,2022-03-01,2022-11-01,278.46,278.46,234.89,,,,,,delayed,324
2022-10-01,N24000810,421,REHABILITATION AND UPGRADATION OF GIDDALUR-VINUKONDA SECTION OF NH-544D FROM DESIGN KM 212.983 (EXIS,Ministry Of Road Transport And Highways (State Pwds),NHAI,ANDHRA PRADESH,2018-03-01,,2022-05-01,565.09,,,,,,,,without_doc,384
2022-10-01,N24001260,422,CONSTRUCTION OF 2-LANE WITH HARD SHOULDER OF PEREN-DIMAPUR SECTION ON NH129A FROM DESIGN KM109.494 T,Highways (State Pwds),NHIDCL,NAGALAND,2020-09-01,2022-04-01,2022-11-01,257.15,257.15,92.2,,,,,,delayed,324
2022-10-01,N24000812,422,CAPICITY AUGMENTATION OF THE EXISTING 4 LANE STRETCH FROM ICHAPURAM TO NARASANNAPETA FROM KM 470.415,Ministry Of Road Transport And Highways (State Pwds),NHAI,ANDHRA PRADESH,2018-03-01,,2022-05-01,557.3,,,,,,,,without_doc,384
2022-10-01,N24001273,423,2-LANING OF CHURACHANDPUR TUIVAI SECTION OF NH-102B (PKG- 4B),Highways (State Pwds),NHIDCL,MANIPUR,2020-07-01,2022-08-01,2022-11-01,177.76,177.76,70.23,,,,,,delayed,324
2022-10-01,N24001299,423,SIX LANING OF EXISTING 4-LANE ROAD FROM KALAPARRU (DESIGN KM 1050.680) TO CHINNA AVUTUPALLI (DESIGN,Ministry Of Road Transport And Highways (State Pwds),NHAI,ANDHRA PRADESH,2018-09-01,2019-02-01,2022-05-01,617.41,,,,655.64,2021-04-01,,,without_doc,384
2022-10-01,N24000438,424,4 LANING FROM RANGAGARA TO KALIABHOR TINALI FROM KM 297.00 TO KM 315.315 OF NH-37 ON EPC BASIS.,Highways (State Pwds),NHIDCL,ASSAM,2015-12-01,2018-12-01,2022-12-01,289.99,289.99,151.88,,,,,,delayed,324
2022-10-01,N24000441,424,CONSTRUCTION OF GAVANPHATA INTERCHANGE FROM 14.740 TO KM 15.894 ( OLD SH -54) PKG-2,Ministry Of Road Transport And Highways (State Pwds),NHAI,MAHARASHTRA,2015-10-01,2018-05-01,2022-06-01,593.26,,,,,2022-12-01,,,without_doc,384
2022-10-01,N24000583,425,4 LANING OF NH 37 SECTION BETWEEN END OF MORAN BYPASS TO BOGIBEEL JUNCTION NEAR LAPETKETA (KM. 561,Highways (State Pwds),NHIDCL,ASSAM,2016-01-01,2016-01-01,2022-12-01,252,330.3,145.25,,,,,,delayed,324
2022-10-01,N24000477,425,GURGAON - KOTPUTLI - JAIPUR (SIX LANE),Ministry Of Road Transport And Highways (State Pwds),NHAI,RAJASTHAN,2008-02-01,2011-10-01,2022-06-01,1673.7,,,,,,,,without_doc,384
2022-10-01,N24000678,426,TWO LANING OF AKAJAN LIKABALI BAME ROAD ON EPC BASIS FROM EXISTING KM 71.000 TO KM 99.000 (DESIGN KM,Highways (State Pwds),NHIDCL,ARUNACHAL PRADESH,2017-03-01,2017-04-01,2022-12-01,284.09,284.09,191.85,,,,,,delayed,324
2022-10-01,N24000490,426,FOUR LANING OF HOSPET - CHITRADURGA,Ministry Of Road Transport And Highways (State Pwds),NHAI,KARNATAKA,2015-03-01,2018-08-01,2022-06-01,1388,,,,,,,,without_doc,384
2022-10-01,N24000685,427,CONSTRUCTION OF TWO LANE WITH PAVED SHOULDERS OF JORAM KOLORIANG ROAD (NH 713) ON EPC BASIS FROM EXI,Highways (State Pwds),NHIDCL,ARUNACHAL PRADESH,2017-02-01,2017-04-01,2022-12-01,167.28,167.28,,,229.7,2022-04-01,,,delayed,324
2022-10-01,N24000493,427,FOUR LANING OF SULTANPUR TO VARANASI (PKG-I),Ministry Of Road Transport And Highways (State Pwds),NHAI,UTTAR PRADESH,2016-01-01,2018-06-01,2022-06-01,1027.53,,,,2950.04,2022-12-01,,,without_doc,384
2022-10-01,N24000741,428,CONSTRUCTION AND UPGRADATION OF EXISTING ROAD TO 2 LANE WITH PAVED SHOULDER FROM KM 368.00 TO KM 399,Highways (State Pwds),NHIDCL,UTTARAKHA ND,2018-03-01,2018-05-01,2022-12-01,274.31,274.31,222.18,,403.36,,,,delayed,325
2022-10-01,N24000501,428,FOUR LANING OF FORBESGANJ - JOGBANI,Ministry Of Road Transport And Highways (State Pwds),NHAI,BIHAR,2015-08-01,2018-04-01,2022-06-01,322.09,,,,,,,,without_doc,384
2022-10-01,N24000742,429,2 LANE WITH PAVED SHOULDER FROM KM 399.00 TO KM 430.00 OF KARANPARYAG TO CHAMOLI UNDER CHARDHAM PARI,Highways (State Pwds),NHIDCL,UTTARAKHA ND,,2018-06-01,2022-12-01,,403.36,303.61,,,,,,delayed,325
2022-10-01,N24000556,429,FOUR LANNING OF RAMPUR- KATHGODAM SECTION OF NH-87 FROM KM 0.000 (KM. 190.000 OF NH-24) TO KM 42.791,Ministry Of Road Transport And Highways (State Pwds),NHAI,UTTAR PRADESH,2016-03-01,2019-04-01,2022-06-01,899,,,,1376.86,2022-06-01,,,without_doc,384
2022-10-01,N24000743,430,2 LANE WITH PAVED SHOULDER FROM KM 430.00 TO KM 468.00 OF CHAMOLI TO PAINI UNDER CHARDHAM PARIYOJNA,Highways (State Pwds),NHIDCL,UTTARAKHA ND,2018-03-01,2018-05-01,2022-12-01,417.24,417.24,306.16,,,,,,delayed,325
2022-10-01,N24000622,430,TWO/FOUR LANNING OF BRT TIGER RESERVE BOUNDARY TO BANGALORE SECTION OF NH-209(EXISTING CHAINAGE FROM,Ministry Of Road Transport And Highways (State Pwds),NHAI,KARNATAKA,2016-09-01,2019-08-01,2022-06-01,950.69,,,,,,,,without_doc,384
2022-10-01,N24000745,431,"2 LANE WITH HARD SHOLDER , REHABILITATION AND UP GRADATION OF SECTION FROM KM 242.0 TO KM 298.0 OF N",Highways (State Pwds),NHIDCL,A & N ISLANDS,2017-03-01,2017-12-01,2022-12-01,409.85,409.85,70,,,2019-12-01,,,delayed,325
2022-10-01,N24000629,431,4-LANNING OF RAIPUR-KODEBAD SECTION OF NH-43 (FROM KM. 10.200 TO KM. 43.400) IN THE STATE OF CHHATTI,Ministry Of Road Transport And Highways (State Pwds),NHAI,MAHARASHTRA,2016-11-01,2019-03-01,2022-06-01,400.25,,,,,,,,without_doc,384
2022-10-01,N24000748,432,REHABILITATION AND UP GRADATION OF SECTION FROM KM 107.760 TO KM 129.445 (AFTER MIDDLE STRAIT TO HUM,Highways (State Pwds),NHIDCL,A & N ISLANDS,2018-02-01,2018-10-01,2022-12-01,391,391,22.17,,,,,,delayed,325
2022-10-01,N24000659,432,4-LANNING OF WARANGA-MAHAGAON SECTION(KM 253.7000 TO 320.580),Ministry Of Road Transport And Highways (State Pwds),NHAI,MAHARASHTRA,2017-03-01,2017-03-01,2022-06-01,1059.73,,,,,,,,without_doc,384
2022-10-01,N24000757,433,CONSTRUCTION OF TWO LANE WITH HARD SHOULDERS OF CHAKABAMA-ZUNHEBOTO ROAD FROM EXISTING KM 79.040 TO,Highways (State Pwds),NHIDCL,NAGALAND,2018-03-01,2018-09-01,2022-12-01,315.03,315.03,141.12,,,2021-12-01,,,delayed,325
2022-10-01,N24000674,433,SIX LANING OF DAVANGERE-HAVERI FROM KM 260+000 TO KM 338+923 OF NH-48(OLD NH-4) STATE OF KARNATAKA,Ministry Of Road Transport And Highways (State Pwds),NHAI,KARNATAKA,2017-03-01,2020-03-01,2022-06-01,831.58,,,,,,,,without_doc,384
2022-10-01,N24000763,434,CONSTRUCTION OF TWO LANE WITH HARD SHOULDERS OF MERANGKONG-TAMLU-MON ROAD FROM EXISTING KM 20.456 TO,Highways (State Pwds),NHIDCL,NAGALAND,2018-03-01,2018-09-01,2022-12-01,215.79,215.79,86.37,,,2021-12-01,,,delayed,325
2022-10-01,N24000675,434,SIX LANING OF CHITRADURGA-DAVANGERE INCLUDING CHITRADURGA BYPASS(KM 189+000 TO KM 260+000 OF NH-48(O,Ministry Of Road Transport And Highways (State Pwds),NHAI,KARNATAKA,2017-03-01,2020-03-01,2022-06-01,993.16,,,,,,,,without_doc,384
2022-10-01,N24000768,435,CONSTRUCTION OF 2-LANE WITH PAVED SHOULDER INCLUDING GEOMETRIC IMPROVEMENT FROM KM 16.000 TO KM 32.5,Highways (State Pwds),NHIDCL,SIKKIM,2017-11-01,2017-11-01,2022-12-01,290.05,290.05,175.49,,375.8,2022-04-01,,,delayed,325
2022-10-01,N24000719,435,SIX LANING OF NARASANNAPETA – RANASTALAM SECTION OF NH-16 (OLD NH-5) FROM DESIGN KM 580.671 (EXISTIN,Ministry Of Road Transport And Highways (State Pwds),NHAI,ANDHRA PRADESH,2017-12-01,,2022-06-01,1323.15,,,,,,,,without_doc,384
2022-10-01,N24000866,436,UP-GRADATION TO 4-LANE WITH PAVED SHOULDER OF JAMMU- AKHNOOR SECTION OF NH-144A FROM CANAL HEAD (KM 0,Highways (State Pwds),NHIDCL,JAMMU AND KASHMIR,2018-03-01,2018-08-01,2022-12-01,404.17,404.17,308.03,,,2021-02-01,,,delayed,326
2022-10-01,N24000730,436,4-LANING FROM KARODI TO TELWADI (KM 320.104 TO 375.000),Ministry Of Road Transport And Highways (State Pwds),NHAI,MAHARASHTRA 381,2018-01-01,2022-06-01,2022-06-01,621,,,,595,,,,without_doc,384
2022-10-01,N24000868,437,UP-GRADATION TO 4-LANE WITH PAVED SHOULDER OF JAMMU- AKHNOOR ROAD SECTION OF NH-144A FROM GANESH VIHA,Highways (State Pwds),NHIDCL,JAMMU AND KASHMIR,2018-03-01,2019-07-01,2022-12-01,253.44,253.44,117.8,,,,,,delayed,326
2022-10-01,N24000811,437,CONSTRUCTION OF SIX LANING OF DEDICATED PORT ROAD TO KRISHNAPATNAM PORT (PACKAGE-I) KM 0+000 TO KM 1,Ministry Of Road Transport And Highways (State Pwds),NHAI,ANDHRA PRADESH,2018-03-01,,2022-06-01,314.43,,,,,,,,without_doc,385
2022-10-01,N24001254,438,CONSTUCTION/UPGRADATION OF EXISTING HIGHWAY TO 2 LANE WITH PAVED SHOULDER FROM KM 26.10 TO KM 40.00,Highways (State Pwds),NHIDCL,SIKKIM,2020-03-01,2022-06-01,2022-12-01,242.97,242.97,68.35,,,,,,delayed,326
2022-10-01,N24000815,438,CONSTRUCTION OF EIGHT LANE VADODARA KIM EXPRESSWAY FROM KM 355.00 TO KM 378.740 (PADRA TO VADODARA S,Ministry Of Road Transport And Highways (State Pwds),NHAI,GUJARAT,2018-03-01,,2022-06-01,2702.05,,,,,,,,without_doc,385
2022-10-01,N24001264,439,UP-GRADATION TO 2-LANE WITH PAVED SHOULDER FROM KM 12.850 TO KM20.300 OF 7.450KM LENGTH ON GOHA-KHEL,Highways (State Pwds),NHIDCL,JAMMU AND KASHMIR,2020-07-01,2022-04-01,2022-12-01,228.39,228.39,17.61,,,,,,delayed,326
2022-10-01,N24000833,439,CONSTRUCTION OF EIGHT LANE VADODARA KIM EXPRESSWAY FROM KM 279.00 TO 292.00 (ANKLESHWAR TO MANUBAR S,Ministry Of Road Transport And Highways (State Pwds),NHAI,GUJARAT,2018-03-01,,2022-06-01,1437.64,,,,,,,,without_doc,385
2022-10-01,N24001266,440,UP-GRADATION TO 2-LANE WITH PAVED SHOULDER FROM KM 20.300 TO KM 29.030 OF 8.730 KM LENGTH ON GOHA-K,Highways (State Pwds),NHIDCL,JAMMU AND KASHMIR,2020-07-01,2022-04-01,2022-12-01,210.79,210.79,24.27,,,,,,delayed,326
2022-10-01,N24000834,440,CONSTRUCTION OF EIGHT LANE VADODARA KIM EXPRESSWAY FROM KM 254.430 TO KM 279.000 (KIM TO ANKLESHWAR,Ministry Of Road Transport And Highways (State Pwds),NHAI,GUJARAT,2018-03-01,,2022-06-01,1161.39,,,,,,,,without_doc,385
2022-10-01,N24001269,441,2-LANING OF CHURACHANDPUR TUIVAI SECTION OF NH-102B (PKG- IB),Highways (State Pwds),NHIDCL,ASSAM,2020-03-01,2022-03-01,2022-12-01,216.49,216.49,65.59,,,,,,delayed,326
2022-10-01,N24000853,441,FOUR LANING OF AKKALKOT-SOLAPUR SECTION OF NH-150E WITH PAVED SHOULDER FROM DESIGN CHAINAGE KM. 99.4,Ministry Of Road Transport And Highways (State Pwds),NHAI,MAHARASHTRA,2018-03-01,,2022-06-01,642.13,,,,,,,,without_doc,385
2022-10-01,N24001270,442,2-LANING OF CHURACHANDPUR TUIVAI SECTION OF NH-102B (PKG- 2A),Highways (State Pwds),NHIDCL,MANIPUR,2020-03-01,2022-06-01,2022-12-01,292.24,292.24,98.42,,,,,,delayed,326
2022-10-01,N24000177,442,2 LANING OF DINDIGUL - PERIGULAM THENI- KUMILI,Ministry Of Road Transport And Highways (State Pwds),NHAI,TAMIL NADU,2011-09-01,2013-08-01,2022-07-01,485,,,,,,,,without_doc,385
2022-10-01,N24001271,443,2-LANING OF CHURACHANDPUR TUIVAI SECTION OF NH-102B (PKG- 2B),Highways (State Pwds),NHIDCL,MANIPUR,2020-06-01,2022-08-01,2022-12-01,365.53,365.53,118.82,,,,,,delayed,326
2022-10-01,N24000634,443,FOUR LANNING OF TAKOLI-KULLU SECTION OF NH-21 (KM 242+000 TO KM 272+000),Ministry Of Road Transport And Highways (State Pwds),NHAI,HIMACHAL PRADESH,2016-10-01,,2022-07-01,447.75,,,,,,,,without_doc,385
2022-10-01,N24001272,444,2-LANING OF CHURACHANDPUR TUIVAI SECTION OF NH-102B (PKG- 4A),Highways (State Pwds),NHIDCL,MANIPUR,2020-03-01,2022-06-01,2022-12-01,167.95,167.95,77.72,,,,,,delayed,326
2022-10-01,N24000697,444,FOUR LANNING OF CHOLOPURAM-THANJAVUR,Ministry Of Road Transport And Highways (State Pwds),NHAI,TAMIL NADU,2017-08-01,2017-08-01,2022-07-01,1176.37,,,,,,,,without_doc,385
2022-10-01,N24001279,445,CONSTRUCTION OF TWO LANE WITH PAVED SHOULDER OF SELLING-DULTE SECTION OF NH-06 (PKG-II),Highways (State Pwds),NHIDCL,MIZORAM,2020-03-01,2022-07-01,2022-12-01,216.49,216.49,139.51,,,,,,delayed,326
2022-10-01,N24000701,445,JUNAGADH BYPASS,Ministry Of Road Transport And Highways (State Pwds),NHAI,GUJARAT,2017-10-01,2017-10-01,2022-07-01,232.49,,,,373.1,,,,without_doc,385
2022-10-01,N24001280,446,2 LANING OF KOHIMA - JESSAMI SECTION (PACKAGE I),Highways (State Pwds),NHIDCL,NAGALAND,2020-03-01,2022-06-01,2022-12-01,320.97,320.97,102.84,,,,,,delayed,327
2022-10-01,N24000708,446,4-LANNING OF STHIYATHOPU-CHOLOPURAM,Ministry Of Road Transport And Highways (State Pwds),NHAI,TAMIL NADU,2017-09-01,2017-09-01,2022-07-01,1227.87,,,,,,,,without_doc,385
2022-10-01,N24001282,447,2 LANING OF KOHIMA - JESSAMI SECTION (PACKAGE II),Highways (State Pwds),NHIDCL,NAGALAND,2020-03-01,2022-06-01,2022-12-01,355.79,355.79,96.39,,,,,,delayed,327
2022-10-01,N24000737,447,REHABILITATION SIX LANING UPGRADATION CHANDIKHOLE BHADRAK,Ministry Of Road Transport And Highways (State Pwds),NHAI,ODISHA,2018-01-01,,2022-07-01,1522,,,,,,,,without_doc,385
2022-10-01,N24001283,448,CONSTRUCTION OF TWO LANE WITH PAVED SHOULDER OF SELLING-DULTE SECTION OF NH-06 (PKG-IV),Highways (State Pwds),NHIDCL,MIZORAM,2020-03-01,2022-07-01,2022-12-01,281.78,281.78,166.71,,,,,,delayed,327
2022-10-01,N24000814,448,4-LANE WITH PAVED SHOULDER CONFIGURATION OF BILASPUR- PATHRAPALI (KM.0+000 TO KM. 53+300) SECTION OF,Ministry Of Road Transport And Highways (State Pwds),NHAI,CHHATISGARH,2018-03-01,2022-07-01,2022-07-01,1029.96,,,,1758.28,,,,without_doc,385
2022-10-01,N24001285,449,2 LANING OF KOHIMA - JESSAMI SECTION (PACKAGE IV),Highways (State Pwds),NHIDCL,NAGALAND,2020-03-01,2021-12-01,2022-12-01,330.78,330.78,112.88,,,,,,delayed,327
2022-10-01,N24001298,449,SIX LANING OF EXISTING 4-LANE ROAD FROM GUNDUGOLANU (DESIGN KM 1023.280) TO KALAPARRU (DESIGN KM 105,Ministry Of Road Transport And Highways (State Pwds),NHAI,ANDHRA PRADESH,2018-09-01,2020-01-01,2022-07-01,597.67,,,,570.98,2021-08-01,,,without_doc,385
2022-10-01,N24001308,450,KAILASHAHAR TO KHOWAI PKG- 5,Highways (State Pwds),NHIDCL,TRIPURA,2020-11-01,2022-07-01,2022-12-01,332.14,332.14,69.38,,,2022-11-01,,,delayed,327
2022-10-01,N24000427,450,4 LANING OF BAHARAGORA - SINGHARA,Ministry Of Road Transport And Highways (State Pwds),NHAI,ODISHA,2015-07-01,,2022-08-01,1282.94,,,,,,,,without_doc,385
2022-10-01,N24001310,451,KAILASHAHAR TO KHOWAI PKG- 3,Highways (State Pwds),NHIDCL,TRIPURA,2020-11-01,2022-07-01,2022-12-01,280.91,280.91,160.5,,,2022-12-01,,,delayed,327
2022-10-01,N24000569,451,FOUR LANING OF KAGAVADAR - UNA SECTION OF NH-8E FROM KM 139.915 TO KM 180.478 (PACKAGE-IV) IN THE ST,Ministry Of Road Transport And Highways (State Pwds),NHAI,GUJARAT,2016-05-01,,2022-08-01,723.64,,,,,,,,without_doc,385
2022-10-01,N24001312,452,2-LANING OF CHURACHANDPUR TUIVAI SECTION OF NH-102B (1A PACKAGES),Highways (State Pwds),NHIDCL,MANIPUR,2020-03-01,2022-06-01,2022-12-01,167.95,167.95,77.77,,,,,,delayed,327
2022-10-01,N24000602,452,FOUR LANNING OF HUBLI-HOSPET SECTION OF NH-63 FROM KM. 129.249 PHASE-IVB,Ministry Of Road Transport And Highways (State Pwds),NHAI,KARNATAKA,2016-08-01,2020-04-01,2022-08-01,1664.2,,,,,,,,without_doc,385
2022-10-01,N24001317,453,2-LANING FROM JOLAIBARI - BELONIA,Highways (State Pwds),NHIDCL,TRIPURA,2020-06-01,2022-01-01,2022-12-01,201.99,201.99,54.74,,183.31,,,,delayed,327
2022-10-01,N24000786,453,FOR REHABILITATION AND UPGRADATION FROM 2-LANE TO 4- LANE OF VARANASI - DEGAMAPUR (PKG-1) UNDER NHDP,Ministry Of Road Transport And Highways (State Pwds),NHAI,UTTAR PRADESH,2018-02-01,,2022-08-01,670.5,,,,1248,,,,without_doc,385
2022-10-01,N24001322,454,CONSTRUCTION OF 2-LANE ROAD WITH PAVED SHOULDER (GREENFIELD ALIGNMENT) OF EXISTING STRETCH BETWEEN L,Highways (State Pwds),NHIDCL,SIKKIM,,2022-05-01,2022-12-01,,183.31,87.22,,,,,,delayed,327
2022-10-01,N24001199,454,CONSTRUCTION OF EIGHT LANE ACCESS CONTROLLED EXPRESSWAY CARRIAGEWAY FROM BARDAWADI VILLAGE TO MANDSA,Ministry Of Road Transport And Highways (State Pwds),NHAI,MADHYA PRADESH,2019-10-01,2022-11-01,2022-08-01,743.88,,,,,,,,without_doc,385
2022-10-01,N24001327,455,REHABILITATION AND UPGRADATION OF EXISTING ROAD TO 2-LANE WITH PAVED SHOULDER INCLUDING GEOMETRIC IM,Highways (State Pwds),NHIDCL,SIKKIM,2020-08-01,2022-05-01,2022-12-01,292.8,292.8,52.83,,,,,,delayed,327
2022-10-01,N24001213,455,CONSTRUCTION OF EIGHT LANE ACCESS CONTROLLED EXPRESSWAY CARRIAGEWAY FROM JODMI VILLAGE TO BANI VILLA,Ministry Of Road Transport And Highways (State Pwds),NHAI,MADHYA PRADESH,2017-12-01,2022-11-01,2022-08-01,1094.97,,,,,,,,without_doc,385
2022-10-01,N24001332,456,2-LANING FROM YAINGANGPOKPI TO FINCH CORNER (PKG-II),Highways (State Pwds),NHIDCL,ASSAM,2020-03-01,2022-06-01,2022-12-01,217.5,217.5,46.43,,,,,,delayed,327
2022-10-01,N24001231,456,PACKAGE-21 CONSTRUCTION OF EIGHTLANE ACCESS- CONTROLLED EXPRESSWAY CARRIAGEWAY FROM KAMLIYA VILLAGE,Ministry Of Road Transport And Highways (State Pwds),NHAI,MADHYA PRADESH,2019-02-01,2019-12-01,2022-08-01,990.97,,,,,2022-09-01,,,without_doc,385
2022-10-01,N24001389,457,CHANGTONGYA TO LONGLENG ROAD PKG-2,Highways (State Pwds),NHIDCL,NAGALAND,2020-03-01,2022-06-01,2022-12-01,206.53,206.53,98.69,,,,,,delayed,327
2022-10-01,N24001232,457,PACKAGE-24 CONSTRUCTION OF EIGHTLANE ACCESS- CONTROLLED EXPRESSWAY CARRIAGEWAY FROM RANNI VILLAGE TO,Ministry Of Road Transport And Highways (State Pwds),NHAI,MADHYA PRADESH,2019-02-01,2020-03-01,2022-08-01,847,,,,,2022-11-01,,,without_doc,386
2022-10-01,N24001390,458,JORAM – KOLORIANG ROAD FROM EXISTING KM 50.050 TO KM 70.00 (PKG-3),Highways (State Pwds),NHIDCL,ARUNACHAL PRADESH,2020-08-01,2022-04-01,2022-12-01,228.71,228.71,75.14,,,2022-12-01,,,delayed,327
2022-10-01,N24001233,458,PACKAGE-23 CONSTRUCTION OF DELHI-VADODARA EIGHT LANE ACCESS- CONTROLLED EXPRESSWAY FROM BAWDI VILLAG,Ministry Of Road Transport And Highways (State Pwds),NHAI,MADHYA PRADESH,2019-03-01,2020-05-01,2022-08-01,1047,,,,,2022-12-01,,,without_doc,386
2022-10-01,N24001391,459,JORAM – KOLORIANG ROAD FROM EXISTING KM 70.00 TO KM 88.700 (PKG-4),Highways (State Pwds),NHIDCL,ARUNACHAL PRADESH,2020-08-01,2022-04-01,2022-12-01,294.04,294.04,114.28,,,2022-12-01,,,delayed,328
2022-10-01,N24001234,459,PACKAGE-25 CONSTRUCTION OF EIGHTLANE ACCESS- CONTROLLED EXPRESSWAY CARRIAGEWAY FROM MIYATI VILLAGE T,Ministry Of Road Transport And Highways (State Pwds),NHAI,MADHYA PRADESH,2019-02-01,2020-03-01,2022-08-01,996.27,,,,,2022-11-01,,,without_doc,386
2022-10-01,N24001392,460,JORAM – KOLORIANG ROAD FROM EXISTING KM104.850 TO KM 122.60 (PKG-6),Highways (State Pwds),NHIDCL,ARUNACHAL PRADESH,2020-08-01,2022-04-01,2022-12-01,199.03,199.03,74.42,,,2022-12-01,,,delayed,328
2022-10-01,N24000189,460,SRINAGAR TO BANIHAL,Ministry Of Road Transport And Highways (State Pwds),NHAI,JAMMU AND KASHMIR,2011-06-01,2014-06-01,2022-09-01,1100.7,,,,,,,,without_doc,386
2022-10-01,N24001393,461,JORAM – KOLORIANG ROAD FROM EXISTING KM122.600 TO KM138.00 (PKG-7),Highways (State Pwds),NHIDCL,ARUNACHAL PRADESH,2020-08-01,2022-04-01,2022-12-01,184.88,184.88,59.59,,,2022-12-01,,,delayed,328
2022-10-01,N24000445,461,BIKANER - PHALODI SECTION TO FOUR LANING FROM KM.4.200 TO KM 55.25 AND TWO-LANE PAVED SHOULDER FROM,Ministry Of Road Transport And Highways (State Pwds),NHAI,RAJASTHAN,2014-08-01,2018-04-01,2022-09-01,822.9,,,,,,,,without_doc,386
2022-10-01,N24000688,462,FOUR LANING OF EXISTING DIMAPUR KOHIMA ROAD FROM DESIGN KM 152.490 TO KM 166.700 (EXISTING KM 156.00,Highways (State Pwds),NHIDCL,NAGALAND,2016-03-01,2016-08-01,2023-01-01,429.52,429.52,,,562.98,2022-08-01,,,delayed,328
2022-10-01,N24000449,462,8 LANING OF MUKARBA CHOWK TO PANIPAT,Ministry Of Road Transport And Highways (State Pwds),NHAI,HARYANA,2015-07-01,2019-04-01,2022-09-01,2128.72,,,,2408.72,,,,without_doc,386
2022-10-01,N24001244,463,CONSTRUCTION OF 2-LANING WITH HARD SHOULDERS OF ARROWA-KHUPA-HAYULIANG SECTION OF NH-113 FROM CH.68.,Highways (State Pwds),NHIDCL,ARUNACHAL PRADESH,2020-08-01,2022-04-01,2023-01-01,301.06,301.06,52.07,,,,,,delayed,328
2022-10-01,N24000482,463,FOUR LANING OF KOILWAR TO BHOJPUR,Ministry Of Road Transport And Highways (State Pwds),NHAI,BIHAR,2015-08-01,,2022-09-01,814.04,,,,,,,,without_doc,386
2022-10-01,N24001245,464,CONSTRUCTION OF 2-LANING WITH HARD SHOULDERS OF DEMWE-BRAHMAKUND SECTION OF NH-13 FROM CH.0.00 KM TO,Highways (State Pwds),NHIDCL,ARUNACHAL PRADESH,2020-09-01,2022-05-01,2023-01-01,353.9,353.9,38.11,,,,,,delayed,328
2022-10-01,N24000549,464,4-LANNING OF VARANASI GORAKHPUR SECTION OF NH-29 FROM 88.00 148.00 KM 4-LANNING OF VARANASI GORAKHPU,Ministry Of Road Transport And Highways (State Pwds),NHAI,UTTAR PRADESH,2016-03-01,,2022-09-01,1396.74,,,,4041.8,,,,without_doc,386
2022-10-01,N24001329,465,2-LANING OF KHOWAI - AGARTALA SECTION FROM DESIGN KM 6.500 TO KM 19.300 OF NH-208A PKG-1,Highways (State Pwds),NHIDCL,TRIPURA,2020-03-01,2022-07-01,2023-01-01,165.54,165.54,41.66,,,,,,delayed,328
2022-10-01,N24000551,465,4-LANNING OF VARANASI GORAKHPUR SECTION OF NH-29 FROM 148.00 208.300 KM [PACKAGE-IV],Ministry Of Road Transport And Highways (State Pwds),NHAI,UTTAR PRADESH,2016-03-01,2019-04-01,2022-09-01,1587.49,,,,3150,2021-12-01,,,without_doc,386
2022-10-01,N24001367,466,TULUNGIA-JOGIGHOPA-PAIKAN PKG-5,Highways (State Pwds),NHIDCL,ASSAM,2021-03-01,2022-12-01,2023-01-01,636.42,418.49,245.13,,,,,,delayed,328
2022-10-01,N24000559,466,FOUR LANNING OF RAMPUR- KATHGODAM SECTION OF NH-87 FROM KM 42.791 (DESIGN CHAINAGE 43.446) TO KM 88,Ministry Of Road Transport And Highways (State Pwds),NHAI,UTTARAKHAND,2016-03-01,2022-09-01,2022-09-01,720,,,,793.63,,,,without_doc,386
2022-10-01,N24001274,467,IMPROVEMENT/UPGRADATION OF EXISTING 2-LANE TO 4-LANE DIVIDED HIGHWAY FROM TAPHOU KUKI TO DAILI SECTI,Highways (State Pwds),NHIDCL,MANIPUR,2020-08-01,2022-04-01,2023-02-01,379.39,379.39,22.07,,,,,,delayed,328
2022-10-01,N24000631,467,SIX LANNING FROM EXISTING KM 494.410(DESIGN CHAINAGE 540.595) TO EXISTING KM 509.550(DESIGN CHAINAGE,Ministry Of Road Transport And Highways (State Pwds),NHAI,MAHARASHTRA,2016-11-01,2017-05-01,2022-09-01,290.73,,,,,,,,without_doc,386
2022-10-01,N24000320,468,FOUR LANING OF JHANJHI JN TO DEMOW SECTION FROM KM. 491.050 TO KM. 535.250(DESIGN KM 490.800 TO KM 5,Highways (State Pwds),NHIDCL,ASSAM,2015-06-01,2018-06-01,2023-03-01,463.49,463.49,40.05,,,,,,delayed,328
2022-10-01,N24000649,468,SIX LANNING FROM KM. 401.200 TO 494.410 OF NH-8 ON HYBRID ANNUITY MODE UNDER NHDP-V(PKG VI)REG.,Ministry Of Road Transport And Highways (State Pwds),NHAI,GUJARAT,2017-01-01,2021-06-01,2022-09-01,1251.11,,,,,,,,without_doc,386
2022-10-01,N24000326,469,CONSTRUCTION OF 2-LANE ROAD FROM KM 33 TO KM 65.00 OF AKAJAN-LIKABALI-BAME ROAD IN ARUNACHAL PRADESH,Highways (State Pwds),NHIDCL,ARUNACHAL PRADESH,2015-07-01,2018-10-01,2023-03-01,197.16,197.16,,,263.4,2023-03-01,,,delayed,329
2022-10-01,N24000726,469,SIX LANING OF BIHAR - JHARKHAND BORDER (CHORDAHA) TO GORHAR SECTION,Ministry Of Road Transport And Highways (State Pwds),NHAI,JHARKHAND,2018-01-01,,2022-09-01,1155.16,,,,,,,,without_doc,386
2022-10-01,N24000744,470,CONSTRUCTION OF MAJOR BRIDGE OVER MIDDLE STRAIT CREEK BETWEEN KM. 106.590 TO KM. 107.762 OF NH 223 (,Highways (State Pwds),NHIDCL,A & N ISLANDS,,2018-10-01,2023-03-01,,262.97,30,,,,,,delayed,329
2022-10-01,N24000789,470,"SIX LANING OF NIDAGATTA-MYSORE SECTION, KM 74.20 TO KM 135.304 OF NH-275, IN THE STATE OF KARNATAKA",Ministry Of Road Transport And Highways (State Pwds),NHAI,KARNATAKA,2018-02-01,,2022-09-01,2177.8,,,,,,,,without_doc,386
2022-10-01,N24000758,471,CONSTRUCTION OF TWO LANE WITH HARD SHOULDERS OF CHAKABAMA-ZUNHEBOTO ROAD FROM EXISTING KM100.345 TO,Highways (State Pwds),NHIDCL,NAGALAND,2018-03-01,2018-09-01,2023-03-01,240.64,240.64,136.85,,,2021-12-01,,,delayed,329
2022-10-01,N24000801,471,SIX LANING OF SHAMLA JI TO MOTACHILODHA FROM KM 401.200 TO KM 494.410 (LENGTH 93.210 KM) SECTION OF,Ministry Of Road Transport And Highways (State Pwds),NHAI,GUJARAT,2018-02-01,2021-06-01,2022-09-01,1052.21,,,,,,,,without_doc,386
2022-10-01,N24001259,472,UPGRADATION OF EXISTING ROAD TO 2-LANE WITH PAVED SHOULDER FROM KOHIMA TO MAO FROM KM 185.540 TO KM,Highways (State Pwds),NHIDCL,NAGALAND,2020-09-01,2022-04-01,2023-03-01,315.63,315.63,14.47,,,,,,delayed,329
2022-10-01,N24000807,472,FOUR LANING OF GUNDUGOLANU-DEVARAPALLI-KOVVURU SECTION OF NH-16 FROM KM 15.320 (EXISTING KM 15.700),Ministry Of Road Transport And Highways (State Pwds),NHAI,ANDHRA PRADESH,2018-03-01,2021-03-01,2022-09-01,1532.62,,,,,,,,without_doc,386
2022-10-01,N24001263,473,REHABILITATION AND UPGRADATION OF ROAD FROM KM 0.00 TO KM 18.600 OF KUMARGHAT-KAILASHAHAR SECTION,Highways (State Pwds),NHIDCL,TRIPURA,2020-06-01,2022-01-01,2023-03-01,277.5,302.02,148.77,,302.02,,,,delayed,329
2022-10-01,N24000809,473,SIX LANING OF NH-140 FROM CHITTOR (DESIGN KM 0.000/EXISTING KM 158.000 OF NH-4) TO MALLAVARAM (DESIG,Ministry Of Road Transport And Highways (State Pwds),NHAI,ANDHRA PRADESH,2018-03-01,,2022-09-01,1550.98,,,,,,,,without_doc,386
2022-10-01,N24001267,474,REHABILITATION AND UP- GRADATION OF ROAD FROM DESIGN KM 11.800 TO KM 25.250 OF KAILASHAHAR-KURTI BRID,Highways (State Pwds),NHIDCL,TRIPURA,2020-03-01,2022-07-01,2023-03-01,178.43,208.74,28.82,,,2023-03-01,,,delayed,329
2022-10-01,N24000827,474,FOUR LANING OF MADURAI- CHETTIKULAM SECTION OF NH-785 FROM MADURAI (KM 0/000) TO CHETTICULAM (7/300),Ministry Of Road Transport And Highways (State Pwds),NHAI,TAMIL NADU,2018-03-01,,2022-09-01,628.71,,,,,,,,without_doc,386
2022-10-01,N24001268,475,IMPROVEMENT/WIDENING TO 2 LANING OF STRETCH FROM KHONGSANG TO TAMENGLONG OF NH-137,Highways (State Pwds),NHIDCL,MANIPUR,2019-03-01,2022-07-01,2023-03-01,471,471,251.05,,,,,,delayed,329
2022-10-01,N24000844,475,SIX LANNING OF NH-5 (NEW NH-16) FROM TANGI TO BHUBANESHWAR (KM 355.000 TO KM 414.000),Ministry Of Road Transport And Highways (State Pwds),NHAI,ODISHA 383,2018-03-01,,2022-09-01,806.11,,,,,,,,without_doc,386
2022-10-01,N24001278,476,CONSTRUCTION OF TWO LANE WITH PAVED SHOULDER OF SELLING-DULTE SECTION OF NH-06 (PKG-I),Highways (State Pwds),NHIDCL,MIZORAM,2020-03-01,2022-07-01,2023-03-01,206.88,206.88,84.99,,,,,,delayed,329
2022-10-01,N24000159,476,INDORE-DEWAS(NH-3),Ministry Of Road Transport And Highways (State Pwds),NHAI,MADHYA PRADESH,2010-11-01,2013-05-01,,325,,,,,,,,without_doc,387
2022-10-01,N24001281,477,CONSTRUCTION OF TWO LANE WITH PAVED SHOULDER OF SELLING-DULTE SECTION OF NH-06 (PKG-III),Highways (State Pwds),NHIDCL,MIZORAM,2020-03-01,2022-07-01,2023-03-01,292.24,292.24,101.76,,,,,,delayed,329
2022-10-01,N24000178,477,TIRUPATI - TIRUTHANI - CHENNAI,Ministry Of Road Transport And Highways (State Pwds),NHAI,ANDHRA PRADESH,2011-04-01,2013-10-01,,571,,,,,,,,without_doc,387
2022-10-01,N24001284,478,2 LANING OF KOHIMA - JESSAMI SECTION (PACKAGE III),Highways (State Pwds),NHIDCL,NAGALAND,2020-03-01,2022-06-01,2023-03-01,361.53,361.53,72.28,,,,,,delayed,329
2022-10-01,N24000187,478,4-LANNING OF CHAPRA-HAJIPUR,Ministry Of Road Transport And Highways (State Pwds),NHAI,BIHAR,2011-01-01,2013-07-01,,575,,,,,2022-12-01,,,without_doc,387
2022-10-01,N24001287,479,2 LANING OF KOHIMA - JESSAMI SECTION (PACKAGE V),Highways (State Pwds),NHIDCL,NAGALAND,2020-04-01,2021-12-01,2023-03-01,330.8,330.8,73.29,,,,,,delayed,330
2022-10-01,N24000197,479,PANIKHOLI-RIMOLI,Ministry Of Road Transport And Highways (State Pwds),NHAI,ODISHA,2012-03-01,2014-09-01,,1410,,,,,,,,without_doc,387
2022-10-01,N24001331,480,2-LANING FROM YAINGANGPOKPI TO FINCH CORNER (PKG-I),Highways (State Pwds),NHIDCL,ASSAM,2020-03-01,2022-06-01,2023-03-01,261.13,261.13,45.67,,,,,,delayed,330
2022-10-01,N24000209,480,KRISHNANAGAR-BERHAMPUR,Ministry Of Road Transport And Highways (State Pwds),NHAI,WEST BENGAL,2012-02-01,2014-07-01,,702.16,,,,1154.5,,,,without_doc,387
2022-10-01,N24000857,481,WIDENING AND UP-GRADATION TO 2-LANE WITH PAVED SHOULDER CONFIGURATION AND GEOMETRIC IMPROVEMENTS FRO,Highways (State Pwds),NHIDCL,MIZORAM,2017-04-01,2019-09-01,2023-04-01,519.09,519.09,229.98,,,,,,delayed,330
2022-10-01,N24000232,481,FOUR LANING OF KIRATPUR NEAR CHOUK SECTION (73.20 KM TO186.50 KM),Ministry Of Road Transport And Highways (State Pwds),NHAI,HIMACHAL PRADESH,2013-11-01,2016-11-01,,1916.79,,,,,,,,without_doc,387
2022-10-01,N24000861,482,WIDENING AND UP-GRADATION TO 2-LANE WITH PAVED SHOULDER CONFIGURATION AND GEOMETRIC IMPROVEMENTS FRO,Highways (State Pwds),NHIDCL,MIZORAM,2017-04-01,2019-09-01,2023-04-01,473.18,473.18,203.21,,,,,,delayed,330
2022-10-01,N24000473,482,FOUR LANING OF PATNA TO KOILWAR,Ministry Of Road Transport And Highways (State Pwds),NHAI,BIHAR,2015-08-01,,,556.07,,,,,,,,without_doc,387
2022-10-01,N24000862,483,WIDENING AND UP-GRADATION TO 2-LANE WITH PAVED SHOULDER CONFIGURATION AND GEOMETRIC IMPROVEMENTS FRO,Highways (State Pwds),NHIDCL,MIZORAM,2017-04-01,2019-09-01,2023-04-01,537.82,537.82,246.5,,,,,,delayed,330
2022-10-01,N24000528,483,TRICHY - KARUR,Ministry Of Road Transport And Highways (State Pwds),NHAI,TAMIL NADU,2007-03-01,2008-07-01,,516,,,,,,,,without_doc,387
2022-10-01,N24001248,484,WIDENING/IMPROVEMENT TO 4- LANE WITH PAVED SHOULDER FROM CH.75.330KM TO CH.88.00KM (DESIGN CH.71.800,Highways (State Pwds),NHIDCL,ASSAM,2020-08-01,2022-04-01,2023-04-01,208.84,208.84,47.76,,,,,,delayed,330
2022-10-01,N24000571,484,SIX-LANING OF KAMREJ-CHALTHAN SECTION OF NH-8 FROM KM 248.100 TO KM 264.350 INCLUDING LONG TERM REME,Ministry Of Road Transport And Highways (State Pwds),NHAI,GUJARAT,2016-05-01,,,425.6,,,,,,,,without_doc,387
2022-10-01,N24001309,485,KAILASHAHAR TO KHOWAI PKG- 4,Highways (State Pwds),NHIDCL,TRIPURA,2020-11-01,2022-06-01,2023-04-01,159.13,159.13,34.21,,,2023-02-01,,,delayed,330
2022-10-01,N24000594,485,TWO/FOUR LANNING WITH PAVED SHOULDERS OF GOVINDPUR (RAIGANJ)-CHAS-WEST BENGAL BORDER SECTION OF NH-,Ministry Of Road Transport And Highways (State Pwds),NHAI,JHARKHAND,2016-07-01,,,458.03,,,,,,,,without_doc,387
2022-10-01,N24001320,486,DOGINALA - GAU,Highways (State Pwds),NHIDCL,ARUNACHAL PRADESH,2020-12-01,2022-09-01,2023-04-01,242.3,242.3,15.04,,,,,,delayed,330
2022-10-01,N24000606,486,TWO LANNING WITH FORMATION OF FOUR LANE OF PROPOSED SHIMLA BYPASS,Ministry Of Road Transport And Highways (State Pwds),NHAI,HIMACHAL PRADESH,2016-08-01,,,1583.18,,,,,,,,without_doc,387
2022-10-01,N24001339,487,RANIKOR-MAHESHKHOLA- BAGHMARA (RMB) PKG-4 (KANAI-RONGARA),Highways (State Pwds),NHIDCL,MEGHALAYA,2020-10-01,2022-04-01,2023-04-01,157.86,157.86,82.33,,,,,,delayed,330
2022-10-01,N24000718,487,6-LANING OF EXISTING 2-LANE (I) NANDIGAMA BYPASS FROM KM 220.700 TO KM 226.600 (DESIGN CHAINAGE FROM,Ministry Of Road Transport And Highways (State Pwds),NHAI,ANDHRA PRADESH,2017-12-01,2021-07-01,,328.67,,,,416.07,,,,without_doc,387
2022-10-01,N24001354,488,TAMENGLONG - MAHUR PKG-3,Highways (State Pwds),NHIDCL,MANIPUR,2021-03-01,2022-12-01,2023-04-01,234.08,234.08,34.8,,,,,,delayed,330
2022-10-01,N24000728,488,FOUR LANNING WORK FROM HIRAN RIVER TO SINDOOR RIVER,Ministry Of Road Transport And Highways (State Pwds),NHAI,MADHYA PRADESH,2018-01-01,,,770.73,,,,,,,,without_doc,387
2022-10-01,N24001251,489,CONSTUCTION/UPGRADATION OF EXISTING HIGHWAY TO 2 LANE WITH PAVED SHOULDER FROM KM 0.00 TO KM 13.00 N,Highways (State Pwds),NHIDCL,SIKKIM,2019-03-01,2022-04-01,2023-05-01,402.94,402.94,118.12,,,,,,delayed,330
2022-10-01,N24000751,489,4-laning of Khammam-Ashwaraopet section of NH-365BB,Ministry Of Road Transport And Highways (State Pwds),NHAI,TELANGANA,2017-03-01,2017-03-01,,4429,,,,,,,,without_doc,387
2022-10-01,N24000753,490,(II) CONSTRUCTION OF DIMAPUR BYPASS (ASSAM PORTION) OF 4/6 LANE PAVEMENT ON EPC BASIS FROM EXISTING,Highways (State Pwds),NHIDCL,NAGALAND,2018-03-01,2018-09-01,2023-06-01,500.09,500.09,219.57,,,,,,delayed,330
2022-10-01,N24000800,490,4-LANING OF ALIGARH-KANPUR SECTION FROM KM 229.000 (DESIGN CHAINAGE 240.897) TO KM 289.000 (DESIGN C,Ministry Of Road Transport And Highways (State Pwds),NHAI,UTTAR PRADESH,2018-03-01,,,1120.57,,,,,,,,without_doc,387
2022-10-01,N24000764,491,CONSTRUCTION OF TWO LANE WITH HARD SHOULDERS OF MERANGKONG-TAMLU-MON ROAD FROM EXISTING KM 41.065 TO,Highways (State Pwds),NHIDCL,NAGALAND,2018-03-01,2018-09-01,2023-06-01,272.89,272.89,103.64,,,2022-10-01,,,delayed,331
2022-10-01,N24000831,491,FOUR LANING OF PUDUCHERRY - POONDIYANKUPPAM SECTION OF NH 45 A (NEW NH 332) FROM KM 29.000 TO KM 67.,Ministry Of Road Transport And Highways (State Pwds),NHAI,MULTI STATE,2018-03-01,,,1294.47,,,,,,,,without_doc,387
2022-10-01,N24000765,492,CONSTRUCTION OF TWO LANE WITH HARD SHOULDERS OF MERANGKONG-TAMLU-MON ROAD FROM EXISTING KM 60.345 TO,Highways (State Pwds),NHIDCL,NAGALAND,2018-03-01,2018-09-01,2023-06-01,323.98,323.98,4.24,,,2023-06-01,,,delayed,331
2022-10-01,N24000832,492,FOUR LANING OF VILUPPURAM - PUDUCHERRY SECTION OF NH 45 A (NEW NH 32) FROM KM 0.000 TO KM 29.000 (DE,Ministry Of Road Transport And Highways (State Pwds),NHAI,MULTI STATE,2018-03-01,,,998.7,,,,,,,,without_doc,387
2022-10-01,N24000823,493,FOUR LANING OF NH-52 FROM END OF BISWANATH CHARIALI BY-PASS (KM 208.00) TO GOHPUR (KM 265.50) (TOTAL,Highways (State Pwds),NHIDCL,ASSAM,2015-03-01,2016-01-01,2023-06-01,829,829,,,,,,,delayed,331
2022-10-01,N24001302,493,PREPATION OF FEASIBILITY/DPR OF CONSTRUCTION OF NEW 4- LANE ELEVATED ROAD FROM CHENNAI PORT TO MADURA,Ministry Of Road Transport And Highways (State Pwds),NHAI,TAMIL NADU,2020-07-01,2021-12-01,,3426,,,,,,,,without_doc,387
2022-10-01,N24000859,494,WIDENING AND UP-GRADATION TO 2-LANE WITH PAVED SHOULDER CONFIGURATION AND GEOMETRIC IMPROVEMENTS FRO,Highways (State Pwds),NHIDCL,MIZORAM,2017-04-01,2019-09-01,2023-06-01,642.96,642.96,239.11,,,,,,delayed,331
2022-10-01,N28000110,494,REDEVELOPMENT OF GPRA AT MOHAMMADPUR,Central Public Works Department,CPWD,DELHI Chennai Metro Rail Ltd 384,2016-10-01,2021-03-01,,422,,,,,,,,without_doc,387
2022-10-01,N24000863,495,WIDENING AND UP-GRADATION TO 2-LANE WITH PAVED SHOULDER CONFIGURATION AND GEOMETRIC IMPROVEMENTS FRO,Highways (State Pwds),NHIDCL,MIZORAM,2017-04-01,2019-09-01,2023-06-01,518.53,518.53,245.65,,,,,,delayed,331
2022-10-01,N28000084,495,CHENNAI METRO RAIL LTD (PHASE 1),Central Public Works Department,CMRL,TAMIL NADU,2009-02-01,2015-12-01,2015-12-01,14600,,,,,,,,without_doc,388
2022-10-01,N24001247,496,2-LANING FROM MANU-SIMLUNG ( PKG I),Highways (State Pwds),NHIDCL,TRIPURA,2020-03-01,2022-01-01,2023-06-01,247.76,247.76,73.41,,251.89,2022-10-01,,,delayed,331
2022-10-01,N28000097,496,CHENNAI METRO RAIL LTD (PHASE 1 EXT),Central Public Works Department,CMRL,TAMIL NADU Delhi Metro Rail Corporation,2016-06-01,2018-03-01,2021-02-01,3770,,,,,2021-02-01,,,without_doc,388
2022-10-01,N24001258,497,CONSTRUCTION OF 2-LANE WITH PAVED SHOULDER OF KOHIMA-BYPASS ROAD FROM DSIGN KM32.0 TO KM43.454 [DES,Highways (State Pwds),NHIDCL,NAGALAND,2020-08-01,2022-04-01,2023-06-01,202.36,202.36,38.11,,,,,,delayed,331
2022-10-01,N28000056,497,DELHI MRTS PHASE-III,Central Public Works Department,DMRC,DELHI,2011-09-01,2016-03-01,,38585,,,,,2021-08-01,,,without_doc,388
2022-10-01,N24000858,498,WIDENING AND UP-GRADATION TO 2-LANE WITH PAVED SHOULDER CONFIGURATION AND GEOMETRIC IMPROVEMENTS FRO,Highways (State Pwds),NHIDCL,MIZORAM,2017-04-01,2019-09-01,2023-07-01,640.07,640.07,273.29,,,,,,delayed,331
2022-10-01,N28000136,498,DELHI METRO RAIL EXTENSION FROM NAJAFGARH TO DHANSA BUS STAND,Central Public Works Department,DMRC,DELHI Kochi Metro Rail Corporation Ltd,2017-05-01,2020-12-01,,565,,,,,2021-09-01,,,without_doc,388
2022-10-01,N24000865,499,WIDENING AND UP-GRADATION TO 2-LANE WITH PAVED SHOULDER CONFIGURATION AND GEOMETRIC IMPROVEMENTS FRO,Highways (State Pwds),NHIDCL,MIZORAM,2017-04-01,2019-09-01,2023-09-01,428.11,428.11,189.6,,,,,,delayed,331
2022-10-01,N28000081,499,KOCHI METRO RAIL PROJECT,Central Public Works Department,KMRCL,KERALA Nagpur Metro Rail Corporation Ltd,2012-07-01,2017-07-01,2020-09-01,5181.79,,,,,2020-09-01,,,without_doc,388
2022-10-01,N24001336,500,CONSTRUCTION AND UPGRADATION OF EXISTING ROAD TO 2-LANE WITH PAVED SHOULDER FROM KM27.200 (END OF RO,Highways (State Pwds),NHIDCL,SIKKIM,2020-08-01,2023-04-01,2023-09-01,230.45,244.91,35.35,,244.91,2023-09-01,,,delayed,332
2022-10-01,N28000085,500,NAGPUR METRO RAIL,Central Public Works Department,NMRCL,MAHARASHTRA,2014-08-01,2018-03-01,2022-03-01,8680,,,,,,,,without_doc,388
2022-10-01,N24001401,501,IMPHAL - KHONGSANG PKG-3,Highways (State Pwds),NHIDCL,MANIPUR,2021-07-01,2023-03-01,2023-09-01,467,467,73.04,,,,,,delayed,332
2022-10-01,N30000043,501,SEWERAGE TREATMENT PLANT AT PAHARI PATNA,Bihar Urban Infrastructure Development Corporation Ltd,BUIDCO,BIHAR,2017-05-01,2020-11-01,2022-05-01,191.62,,,,,,,,without_doc,388
2022-10-01,N24001350,502,MARIAM - PEREN (PKG 1B),Highways (State Pwds),NHIDCL,MANIPUR,2021-02-01,2022-12-01,2023-10-01,188.36,188.36,50,,,,,,delayed,332
2022-10-01,N30000037,502,SEWERAGE SYSTEM WITH SEWER NETWORK PATNA BEUR,Bihar Urban Infrastructure Development Corporation Ltd,BUIDCO,BIHAR,2014-12-01,2020-03-01,2022-06-01,225.77,,,,398.9,,,,without_doc,388
2022-10-01,N24000683,503,TWO LANING OF JORAM KOLORIANG ROAD (NH 713) ON EPC BASIS FROM DESIGN KM. 138+000 TO KM. 154+036 [EX,Highways (State Pwds),NHIDCL,ARUNACHAL PRADESH,2017-02-01,2017-04-01,2023-11-01,180.57,180.57,18.01,,244.1,2023-11-01,,,delayed,332
2022-10-01,N30000039,503,SAIDPUR SEWER NETWORK PATNA,Bihar Urban Infrastructure Development Corporation Ltd,BUIDCO,BIHAR Delhi Jal Board,2015-04-01,2021-01-01,2022-06-01,268.63,,,,431.21,,,,without_doc,388
2022-10-01,N24001439,504,MARAM - PEREN PKG-3,Highways (State Pwds),NHIDCL,MANIPUR,2021-08-01,2023-05-01,2023-11-01,467.41,467.41,29.02,,,,,,delayed,332
2022-10-01,N30000017,504,CONSTRUCTION OF 318 MLD WWTP WITH 10 YEARS O AND M AT CORONATION PILLAR DELHI,Bihar Urban Infrastructure Development Corporation Ltd,DJB,DELHI,2018-12-01,2021-01-01,2022-03-01,515.07,,,,,,,,without_doc,388
2022-10-01,N24001255,505,CONSTRUCTION OF 2-LANE WITH PAVED SHOULDER OF KOHIMA-BYPASS ROAD FROM DESIGN KM10.500 TO 21.00KM [D,Highways (State Pwds),NHIDCL,NAGALAND,2020-09-01,2022-10-01,2023-12-01,277.44,277.44,80.78,,,,,,delayed,332
2022-10-01,N30000018,505,7 NOS PRIORITIZED STPS 1 NO. SPS AND PERIPHERAL SEWERS IN COMMAND AREA OF NAJAFHARH DRAIN DHANSA TO,Bihar Urban Infrastructure Development Corporation Ltd,DJB,DELHI Kolkata Metropolitan Development Authority,2017-05-01,2020-05-01,,344.81,,,,,,,,without_doc,388
2022-10-01,N24001325,506,CONSTRUCTION OF 2-LANE SPECIFICATION ROAD WITH PAVED SHOULDER AS REALIGNMENT (GREENFIELD ALIGNMENT),Highways (State Pwds),NHIDCL,SIKKIM,2020-09-01,2023-05-01,2024-01-01,262.84,262.84,129.59,,,,,,delayed,332
2022-10-01,N30000046,506,SEWERAGE SYSTEM AND STP WORKS AT HALISHAHR,Bihar Urban Infrastructure Development Corporation Ltd,KMDA,WEST BENGAL,2014-02-01,2019-12-01,2022-06-01,274.76,,,,,,,,without_doc,388
2022-10-01,N24001316,507,LADDA - BASAI,Highways (State Pwds),NHIDCL,ARUNACHAL PRADESH,2021-02-01,2023-04-01,2024-02-01,445.96,445.96,2.94,,,,,,delayed,332
2022-10-01,N30000047,507,SEWERAGE SYSTEM WITH SEWER NETWORK AT BARRACKPORE,Bihar Urban Infrastructure Development Corporation Ltd,KMDA,WEST BENGAL Uttar Pradesh Jal Nigam,,2020-04-01,2022-06-01,272.32,,,,,,,,without_doc,388
2022-10-01,N24000855,508,CONSTRUCTION OF 4.5 KM LONG SILKYARA TUNNEL BETWEEN KM 25.40 TO 50.25 KM (TUNNEL WORK),Highways (State Pwds),NHIDCL,UTTARAKHA ND,2018-03-01,2018-07-01,2024-03-01,1383.78,1383.78,362.22,,,,,,delayed,332
2022-10-01,N30000019,508,MATHURA SEWERAGE SCHEME,Bihar Urban Infrastructure Development Corporation Ltd,UPJalNigam,UTTAR PRADESH,2017-12-01,2020-12-01,2022-06-01,460.45,,,,,,,,without_doc,388
2022-10-01,N24000864,509,WIDENING AND UP-GRADATION TO 2-LANE WITH PAVED SHOULDER CONFIGURATION AND GEOMETRIC IMPROVEMENTS FRO,Highways (State Pwds),NHIDCL,MIZORAM,2017-04-01,2019-09-01,2024-04-01,404.29,404.29,156.14,,,,,,delayed,332
2022-10-01,N30000022,509,INTERCEPTION AND DIVERSION WORKS AND SEWAGE TREATMENT PLANT AT JAUNPUR UTTAR PRADESH,Bihar Urban Infrastructure Development Corporation Ltd,UPJalNigam,UTTAR PRADESH Uttarakhand Pey Jal Nigam,2019-01-01,2021-10-01,2022-08-01,206.05,,,,,,,,without_doc,388
2022-10-01,N24001337,510,CONSTRUCTION AND UPGRADATION OF EXISTING ROAD TO 2-LANE WITH PAVED SHOULDER FROM NEW ROLEP BRIDGE AT,Highways (State Pwds),NHIDCL,SIKKIM,2020-10-01,2023-11-01,2024-05-01,493.42,493.42,12.26,,,,,,delayed,332
2022-10-01,N30000004,510,INTERCEPTION AND DIVERSION WITH STP AT RISHIKESH,Bihar Urban Infrastructure Development Corporation Ltd,UKJalNigam,UTTARAKHAND,2017-03-01,2019-11-01,2022-02-01,158,,,,,,,,without_doc,388
2022-10-01,N24001338,511,CONSTRUCTION OF 2-LANE WITH PAVED SHOULDER OF NEW GREEN FIELD ALIGNMENT FROM CHOCHENPHERI AT KM 52.0,Highways (State Pwds),NHIDCL,SIKKIM National Highways Authority Of India,2020-10-01,2023-12-01,2024-11-01,816.79,786.6,15.85,,786.6,2024-11-01,,,delayed,333
2022-10-01,N40000003,511,"CONSTRUCTION OF A NEW STATE OF ART EDUCATIONAL CAMPUS FOR IIFT AT MAIDAN GARHI, NEW DELHI",Nbcc For Commerce,NBCC FOR COMMER,DELHI,2018-06-01,2020-10-01,2020-10-01,302.64,,,,,,,,without_doc,389
2022-10-01,N24000156,512,PUNE-SATARA(NH-4),Highways (State Pwds),NHAI,MAHARASHTR A,2010-10-01,2013-03-01,2022-10-01,1724.55,1724.55,2926.69,,,,,,delayed,333
2022-10-01,N28000075,512,CONSTRUCTION OF MEGA HOSTEL II FOR NIT CALICUT KERALA,Cpwd Of Higher Education,CPWD EDUCATION,KERALA,2010-01-01,2012-10-01,2012-10-01,165.23,,,,,,,,without_doc,389
2022-10-01,N24000230,513,WIDENING OF KHED-SINNAR STRETCH OF PUNE NASHIK SECTION OF NH-50,Highways (State Pwds),NHAI,MAHARASHTR A,2013-05-01,2014-02-01,2022-10-01,1348.2,1348.2,1792.9,,,,,,delayed,333
2022-10-01,N28000117,513,"CONSTRUCTION OF IITB RESEARCH PARK AT IIT BOMBAY, POWAI, MUMBAI",Cpwd Of Higher Education,CPWD EDUCATION,MAHARASHTRA,2018-01-01,2020-07-01,2020-07-01,223.37,,,,,,,,without_doc,389
2022-10-01,N24000495,514,FOUR LANING OF SIMGA - SARAGAON,Highways (State Pwds),NHAI,CHHATISGARH,2015-12-01,2018-05-01,2022-10-01,596.67,819.35,439.27,,819.35,2022-03-01,,,delayed,333
2022-10-01,N28000067,514,2000 BOYS HOSTEL(1000 DOUBLE BEDDED ROOM) AT ISM DHANBAD,Cpwd Of Higher Education,CPWD EDUCATION,JHARKHAND,2012-09-01,2016-03-01,2022-07-01,171.86,,,,171.86,2022-07-01,,,without_doc,389
2022-10-01,N24000699,515,REHABILITATION AND UP- GRADATION OF BIRAMITRAPUR TO BRAHMANI BYPASS (PKG-I),Highways (State Pwds),NHAI,ODISHA,2017-07-01,2017-07-01,2022-10-01,476.56,476.56,294.93,,,,,,delayed,333
2022-10-01,N12000103,515,"CONSTRUCTION OF INTERNATIONAL CENTRE FOR PERFORMING ARTS AND CULTURE,SHILONG IN MEGALAYA UNDER NLCPR",Hscl For Doner,HSCL FOR DONER,MEGHALAYA,2014-04-01,2017-09-01,2017-09-01,151.33,,,,,,,,without_doc,389
2022-10-01,N24000186,516,2-LANNING WITH PS MOTIHARI- RAXAUL,Highways (State Pwds),NHAI,BIHAR,2011-10-01,2014-04-01,2022-11-01,375.09,375.09,494.33,,,,,,delayed,333
2022-10-01,N28000118,516,CONSTRUCTION OF ATAL AKSHAY URJA BHAWAN CGO COMPLEX LODHI ROAD NEW DELHI,Cpwd For Renewable Energy,CPWD R ENERGY,DELHI,2017-10-01,2019-11-01,2019-11-01,271.9,,,,,,,,without_doc,389
2022-10-01,N24000566,517,4 LANNING OF MUKKOLA JUNCTION TO KERALA/ TAMIL NADU BORDER FROM KM 26.500 TO KM 43.000 OF NH-47 IN T,Highways (State Pwds),NHAI,KERALA,2016-04-01,2018-06-01,2022-11-01,804.97,804.97,617.38,,,2021-12-01,Borrow area permission,,delayed,333
2022-10-01,N24000655,518,CONSTRUCTION OF NEW 4- LANE BRIDGE ACROSS VARSOVA CREEK AND ITS APPROACHES WITH INTERCHANGE IN THE ST,Highways (State Pwds),NHAI,MAHARASHTR A,2017-03-01,2020-03-01,2022-11-01,247.02,157.49,31.97,,,,,,delayed,333
2022-10-01,N24001304,519,BALANCE WORK OF 4- LANING OF PATNA-GAYA-DOBHI SECTION (KM. 39.00 TO KM. 83.00) OF NH-83 IN THE STATE,Highways (State Pwds),NHAI,BIHAR,2013-10-01,2020-11-01,2022-11-01,446.97,446.97,196.26,,,,Project Not Delayed.,,delayed,333
2022-10-01,N24001305,520,BALANCE WORK OF 4- L ANING OF PATNA-GAYA-DOBHI SECTION (KM.83.00 TO KM. 127.217) OF NH-83 IN THE STA,Highways (State Pwds),NHAI,BIHAR,2013-10-01,2020-11-01,2022-11-01,464.09,464.09,184.12,,,,,,delayed,333
2022-10-01,N24000136,521,INDORE-JHABUA-GUJRAT/MP,Highways (State Pwds),NHAI,MADHYA PRADESH,2010-10-01,2013-04-01,2022-12-01,1175,1175,1509.96,,,,,,delayed,333
2022-10-01,N24000138,522,HUNGUND-SURATHKAL AND MANGALORE-KNT/KERALA BORDER,Highways (State Pwds),NHAI,KARNATAKA,2010-09-01,2018-06-01,2022-12-01,946,1046.56,822.78,,1046.56,2022-12-01,Change in demand time to,,delayed,334
2022-10-01,N24000182,523,VARANASI-AURANGABAD KM.786 TO KM.978.40,Highways (State Pwds),NHAI,MULTI STATE,2011-09-01,2014-03-01,2022-12-01,2848,3379.45,3379.45,,,,,,delayed,334
2022-10-01,N24000185,524,PATNA-BAKTZARPUR KM.181.3 TO KM.231.95,Highways (State Pwds),NHAI,BIHAR,2011-09-01,2014-03-01,2022-12-01,574,574,768.92,,,,,,delayed,334
2022-10-01,N24000435,525,CONSTRUCTION OF KARALPHATA INTERCHANGE FROM 3.600 TO KM 6.073 OF NH4B AND FROM 5.300 TO KM 7.422 (,Highways (State Pwds),NHAI,MAHARASHTR A,2015-10-01,2018-05-01,2022-12-01,531.13,777.03,767.6,,480.35,,,,delayed,334
2022-10-01,N24000442,526,"CONSTRUCTION OF FLYOVER AT KM.544.650 INCLUDING ROB ,SERVICE ROADS ,FOOTPATH FOR RCC DRAINS ON URBAN",Highways (State Pwds),NHAI,MAHARASHTR A,2015-12-01,2019-03-01,2022-12-01,649.5,649.5,283.82,,,2022-12-01,,,delayed,334
2022-10-01,N24000454,527,4-LANING OF SOLAPUR - MAHARASHTRA/ KARNATKA SECTION,Highways (State Pwds),NHAI,MAHARASHTR A,2014-06-01,2016-11-01,2022-12-01,923.04,923.04,869.14,,,,,,delayed,334
2022-10-01,N24000462,528,4-LANING OF GOA/KARNATAKA BORDER-KUNDAPUR SECTION,Highways (State Pwds),NHAI,KARNATAKA,2014-05-01,2016-08-01,2022-12-01,1655.01,2639,1738.32,,2639,2022-12-01,"""a) Due to non-availability of",,delayed,335
2022-10-01,N24000479,529,FOUR LANING OF PARWANOO - SOLAN,Highways (State Pwds),NHAI,HIMACHAL PRADESH,2015-09-01,2018-03-01,2022-12-01,934.46,1543.51,1472.5,,,2021-03-01,,,delayed,335
2022-10-01,N24000480,530,FOUR OF SIMARIA - KHAGARIA SECTION OF NH-31,Highways (State Pwds),NHAI,BIHAR,2015-12-01,2019-04-01,2022-12-01,1041.1,639.58,492.38,,567,2022-07-01,Nil,,delayed,335
2022-10-01,N24000488,531,FOUR LANING OF UDHAMBUR - RAMBAN SECTION OF NH-1A,Highways (State Pwds),NHAI,JAMMU AND KASHMIR,2015-12-01,2018-12-01,2022-12-01,2136.97,2136.97,1921.25,,2288.97,2022-12-01,,,delayed,335
2022-10-01,N24000491,532,FOUR LANING OF SULTANPUR TO VARANASI (PKG-II),Highways (State Pwds),NHAI,UTTAR PRADESH,2016-01-01,2018-06-01,2022-12-01,815.28,2323.88,2223.06,,2603.99,2021-12-01,,,delayed,336
2022-10-01,N24000498,533,FOUR LANING OF GHAGHRA BRIDGE TO VARANASI (PKG-III),Highways (State Pwds),NHAI,UTTAR PRADESH,2016-06-01,2018-07-01,2022-12-01,667,2328.27,2126.16,,2405.3,2021-12-01,,,delayed,336
2022-10-01,N24000499,534,FOUR LANING OF GHAGHRA BRIDGE TO VARANASI (PKG-II),Highways (State Pwds),NHAI,UTTAR PRADESH,2015-12-01,2018-06-01,2022-12-01,667,3006.53,2989.89,,3192.1,2021-12-01,,,delayed,336
2022-10-01,N24000630,535,4-LANNING OF KODEBAD- DHAMTARI SECTION OF NH-43 (FROM KM. 43.400 TO KM. 82.209) IN THE STATE OF CHHAT,Highways (State Pwds),NHAI,MAHARASHTR A,2016-11-01,2019-03-01,2022-12-01,446.17,446.17,254.65,,,,,,delayed,336
2022-10-01,N24000652,536,FOUR LANNING OF VIKRAVANDI- SETHIYAHOPU FROM KM 0.000 TO KM 60.250(DESIGN CHAINAGE KM 0.000 TO KM 65.,Highways (State Pwds),NHAI,TAMIL NADU,2017-03-01,2020-03-01,2022-12-01,848.45,848.45,252.08,,,,,,delayed,336
2022-10-01,N24000691,537,SIX-LANNING OF GREENFIELD PROPOSED UDAIPUR BYPASS PKG-IV,Highways (State Pwds),NHAI,RAJASTHAN,2017-04-01,2020-04-01,2022-12-01,894,929.32,880,,,,,,delayed,336
2022-10-01,N24001303,538,BALANCE WORK OF 4- LANING OF PATNA-GAYA-DOBHI SECTION (KM. 0.00 TO KM. 127.217) OF NH-83 IN THE STAT,Highways (State Pwds),NHAI,BIHAR,2013-10-01,2020-12-01,2022-12-01,649.9,649.9,178.21,,,,Project Not Delayed.,,delayed,336
2022-10-01,N24001377,539,MOHOL TO WAKHARI PACKAGE1 SANT DNYANESHWAR MAHARAJ PALKHI MARG SECTION OF NH965,Highways (State Pwds),NHAI,MAHARASHTR A,2019-02-01,2019-11-01,2022-12-01,731.89,732.34,554.07,,731.89,2022-01-01,,,delayed,336
2022-10-01,N24001378,540,WAKHARI TO KHUDUS PACKAGE2 SANT DNYANESHWAR MAHARAJ PALKHI MARG SECTION OF NH965,Highways (State Pwds),NHAI,MAHARASHTR A,2019-02-01,2019-11-01,2022-12-01,362.46,361.7,321.92,,362.46,,,,delayed,336
2022-10-01,N24001379,541,KHUDUS TO DHARAMPURI PACKAGE 3 SANT DNYANESHWAR MAHARAJ PALKHI MARG SECTION OF NH965,Highways (State Pwds),NHAI,MAHARASHTR A,2019-02-01,2019-11-01,2022-12-01,594.75,606.75,441.8,,594.75,,,,delayed,337
2022-10-01,N24000463,542,4 LANING OF NH-31D FROM GHOSHPUKUR - SALSALABARI ( KM 0.00 TO KM . 83.785),Highways (State Pwds),NHAI,WEST BENGAL,,2018-06-01,2023-01-01,1414.01,1414.01,1003.09,,,,binnaguri5.1 km land,,delayed,337
2022-10-01,N24000205,543,SIX LANING OF CHANDIKHOL- JAGATPUR-BHUBANESWAR,Highways (State Pwds),NHAI,ODISHA,2011-12-01,2014-06-01,2023-02-01,1047,1047,1855,,,,,,delayed,337
2022-10-01,N24001300,544,6-LANING OF VIJAYAWADA BYPASS FROM CHINNA AVUTUPALLI (DESIGN CH.0+000) TO GOLLAPUDI (DESIGN CH. 30+0,Highways (State Pwds),NHAI,ANDHRA PRADESH,2019-11-01,2021-02-01,2023-02-01,1226.88,1321.6,841.23,,1240.13,2021-04-01,,,delayed,337
2022-10-01,N24000165,545,PATNA-MUZZAFFARPUR,Highways (State Pwds),NHAI,BIHAR,2010-08-01,2013-02-01,2023-03-01,671.3,671.3,1590.33,,,2022-12-01,,,delayed,337
2022-10-01,N24000213,546,2-LANING OF KRISHNAGIRI- TINDIVANAM (APPROVED LENHTH 170 KM),Highways (State Pwds),NHAI,TAMIL NADU,2012-04-01,2014-04-01,2023-03-01,624,526.09,198.48,,526.09,,,,delayed,337
2022-10-01,N24000552,547,4-LANNING EXISTING KM 189.700 TO 237.00] HASSAN TO MARANAHALLY,Highways (State Pwds),NHAI,KARNATAKA,2016-03-01,2019-03-01,2023-03-01,701.4,701.4,160.24,,,2023-03-01,,,delayed,337
2022-10-01,N24000662,548,CONSTRUCTION OF PARTIALLY ACESS CONTROLLED FOUR LANE ELEVATED HIGHWAY BETWEEN SAMRALA CHOWK (DESIGN,Highways (State Pwds),NHAI,PUNJAB,2017-03-01,2020-03-01,2023-03-01,754.54,665.19,560.18,,756.27,2023-03-01,,,delayed,337
2022-10-01,N24000665,549,TWO-LANNING WITH PAVED SHOULDER OF MAHSHKUNT- SAHARSA-PURNEA SECTION FROM EXISTING KM.89.020 (DESIGN,Highways (State Pwds),NHAI,BIHAR,2017-03-01,2020-03-01,2023-03-01,672.89,830.31,31.82,,736.01,2018-12-01,Procedural delay in Land,,delayed,337
2022-10-01,N24000704,550,4-LANNING OF THALSERRY - MAHE BYPASS,Highways (State Pwds),NHAI,KERALA,2017-09-01,2017-09-01,2023-03-01,1124.11,1323.27,1166.36,,,2021-05-01,,,delayed,337
2022-10-01,N24000350,551,TWO LANING WITH PS OF NAGAPATTINAM - THANJAVUR,Highways (State Pwds),NHAI,TAMIL NADU,2015-06-01,2017-12-01,2023-05-01,563.92,563.92,63.3,,,,,,delayed,337
2022-10-01,N24000203,552,4-LANING OF BRAHAMPORE- FARAKA,Highways (State Pwds),NHAI,WEST BENGAL,2011-02-01,2013-08-01,2023-06-01,998.79,998.79,2028.98,,,,,,delayed,337
2022-10-01,N24000603,553,HOSPET-BELLARY-KARNATAKA AP BORDER,Highways (State Pwds),NHAI,KARNATAKA,2016-08-01,2019-03-01,2023-06-01,1167.42,870,380.24,,,2023-06-01,,,delayed,338
2022-10-01,N24000619,554,DEVELOPMENT OF FOUR LANNING OF ANGUL- SAMBALPUR SECTION OF NATIONAL HIGHWAY NH-42 (NEW NH-55 IN THE S,Highways (State Pwds),NHAI,ODISHA,2016-09-01,2019-08-01,2023-06-01,2510.04,2510.04,658.95,,,,,,delayed,338
2022-10-01,N24000692,555,4-LANNING OF END OF PANDOH BYPASS TAKOLI IN H.P,Highways (State Pwds),NHAI,HIMACHAL PRADESH,2017-06-01,2020-06-01,2023-06-01,2485.93,2485.93,1247.92,,,,,,delayed,338
2022-10-01,N24000558,556,NAGPUR RING ROAD PACKAGE- 1,Highways (State Pwds),NHAI,MAHARASHTR A,2016-03-01,2019-07-01,2023-07-01,546,546,352.67,,716,2023-07-01,Nil,,delayed,338
2022-10-01,N24001340,557,4-LANING OF DEWAS-UJJAIN OF SECTION NH-148 NG FROM KM 0+000 TO KM 41.42 IN MP ON HAM MODE,Highways (State Pwds),NHAI,MADHYA PRADESH,,2021-07-01,2023-07-01,,716,,,,,,,delayed,338
2022-10-01,N24001371,558,CONSTRUCTION OF 2 LANE BRIDGE ACROSS RIVER KOSI WITH APPROACH ROAD FROM BHEJA TO BAKAUR SECTION OF N,Highways (State Pwds),NHAI,BIHAR,2019-10-01,2020-02-01,2023-08-01,1101.99,1101.99,434.34,,,,,,delayed,338
2022-10-01,N24001426,559,4L OF ADDAHOLE TO BANTWAL CROSS SECTION,Highways (State Pwds),NHAI,KARNATAKA,2021-03-01,2021-10-01,2023-09-01,317.9,317.9,127.41,,317.9,,,,delayed,338
2022-10-01,N24000560,560,NAGPUR RING ROAD PACKAGE- 2,Highways (State Pwds),NHAI,MAHARASHTR A,2016-03-01,2019-07-01,2023-10-01,591.66,591.66,335.62,,,2023-10-01,Nil,,delayed,338
2022-10-01,N24001425,561,4L OF ADDAHOLE TO BANTWAL CROSS SECTION INCLUDING FLYOVER AT KALLADKA TOWN,Highways (State Pwds),NHAI,KARNATAKA,2021-03-01,2021-11-01,2023-11-01,1100.88,1100.88,267.4,,1100.88,,,,delayed,338
2022-10-01,N24001428,562,FOUR LANING OF VILUPPURAM TO PUDHUCHERRY (DESIGN CH. KM. 00/000 TO KM. 29/000) SECTION OF NH-45A ON,Highways (State Pwds),NHAI,TAMIL NADU,2018-03-01,2021-11-01,2023-11-01,998.7,998.7,,,,,,,delayed,338
2022-10-01,N24001429,563,FOUR LANÌNG OF PUDUCHERRY (KM.29/000) TO POONDIYANKUPPAM (KM.67/000) SECTION OF NH-45A ON HAM UNDER,Highways (State Pwds),NHAI,TAMIL NADU,2018-03-01,2021-11-01,2023-11-01,1294.47,1294.47,,,,,,,delayed,338
2022-10-01,N24000471,564,FOUR LANING OF RAMBAN - BANIHAL SECTION OF NH-1A,Highways (State Pwds),NHAI,JAMMU AND KASHMIR,2015-12-01,2019-06-01,2023-12-01,2168.66,2168.66,1190.6,,,,,,delayed,339
2022-10-01,N24001431,565,FOUR LANING OF SATTANATHAPURAM (KM.123/800) TO NAGAPATTINAM (KM.179/555) SECTION OF NH- 45A ON HAM UN,Highways (State Pwds),NHAI,TAMIL NADU,2018-03-01,2020-10-01,2023-12-01,1872.68,1872.68,,,,,,,delayed,339
2022-10-01,N24001306,566,TWO / FOUR LANING OF RAEBARELI - JAGDISHPUR SECTION OF NH-330A FROM KM. 0.000 TO KM. 47.800 (DESIGN,Highways (State Pwds),NHAI,UTTAR PRADESH,2020-10-01,2023-03-01,2024-01-01,724.6,724.6,680.12,,,,,,delayed,339
2022-10-01,N24001430,567,FOUR LANING OF POONDIYANKUPPAM (KM.67/000) TO SATTANATHAPOURAM (KM.123/800) SECTION OF NH- 45A ON HAM,Highways (State Pwds),NHAI,TAMIL NADU,2018-03-01,2022-01-01,2024-01-01,2120.4,2120.4,,,,,,,delayed,339
2022-10-01,N24001416,568,DELHI-AMRITSAR-KATRA EXPRESSWAY FROM JUNCTION WITH LUDHIANA-MALERKOTLA ROAD (SH-11) NEAR BHOGIWAL VI,Highways (State Pwds),NHAI,PUNJAB,2020-12-01,2024-01-01,2024-04-01,989.66,989.66,,,,,,,delayed,339
2022-10-01,N24000172,569,SIX LANNING OF KRISHNAGIRI- WALAJHAPET SECTION KM.0.00 TO KM.148.3 NH-46,Highways (State Pwds),NHAI,TAMIL NADU,2011-09-01,2013-12-01,2024-05-01,1250,1380.73,1354.65,,1380.73,2024-05-01,,,delayed,339
2022-10-01,N24000656,570,4-LANNING OF BODHRE-DHULE SECTION(KM 390.000 TO 452.800),Highways (State Pwds),NHAI,MAHARASHTR A,2017-03-01,2020-03-01,2024-07-01,744.64,982,,,,2022-07-01,Nil,,delayed,339
2022-10-01,N24001301,571,6-LANING OF VIJAYAWADA BYPASS FROM GOLLAPUDI (DESIGN CH. 30+000) TO CHINNAKAKANI (DESIGN CH. 47+881),Highways (State Pwds),NHAI,ANDHRA PRADESH,2019-11-01,2021-02-01,2024-07-01,1601.1,1601.1,627.61,,,,,,delayed,339
2022-10-01,N24000590,572,BALANCE WORK OF 4 LANING OF GORAKPUR -GOPALGANJ,Highways (State Pwds),NHAI,BIHAR,2015-05-01,2017-05-01,2024-09-01,581.84,581.84,,,,,,,delayed,339
2022-10-01,N24000696,573,SIX LANNING OF AUNTA- SIMARIA(GANGA BRIDGE WITH APPROACH ROADS) SECTION OF NH-31,Highways (State Pwds),NHAI,BIHAR,2017-08-01,2017-08-01,2024-10-01,950.64,1168.33,516.57,,1161,2023-08-01,Delay in providing the,,delayed,339
2022-10-01,N26000114,574,PHASE-I OF CONSOLIDATION OF EXISTING CDR DATA CENTERS AND NIB-P3 DATA CENTERS WITH STATE OF THE ART,Bharat Sanchar Nigam Limited,BSNL,MULTI STATE Cpwd For Telecom,2020-03-01,2021-06-01,2023-06-01,461.42,461.42,109.26,,461.42,2021-11-01,,,delayed,340
2022-10-01,N28000115,575,SETTING UP PHYSICAL INFRASTRUCTURE FOR THE NATIONAL INSTITUTE OF COMMUNICATION FINANCE(NICF) AT GHIT,Bharat Sanchar Nigam Limited,CPWD FOR TELECO,DELHI Department Of Telecommunication,2014-10-01,2018-03-01,2022-11-01,248.2,248.2,174.86,,,,,,delayed,340
2022-10-01,N26000101,576,NETWORK FOR SPECTRUM,Bharat Sanchar Nigam Limited,DOT,MULTI STATE,2012-03-01,2015-07-01,2023-09-01,13334,13334,21545,,,2022-12-01,,,delayed,340
2022-10-01,N28000122,577,AHMEDABAD METRO RAIL PROJECT PHASE 1,Ahmedabad Metro Rail,MEGA,GUJARAT,2014-11-01,2018-12-01,2023-03-01,10773,12925.22,11094.95,,,,NIL,,delayed,340
2022-10-01,N28000138,578,SURAT METRO RAIL PROJECT,Ahmedabad Metro Rail,MEGA,GUJARAT Bangalore Metro Rail Corporation Limited,2019-03-01,2024-03-01,2024-06-01,12020.32,12020.32,977.08,,,,NIL,,delayed,340
2022-10-01,N28000058,579,BANGALORE METRO RAIL PROJECT PHASE-2,Ahmedabad Metro Rail,BMRCL,KARNATAKA Central Public Works Department,2014-02-01,2021-02-01,2025-03-01,26405.14,26405.14,22869.55,,,,,,delayed,340
2022-10-01,N28000149,580,CONSTRUCTION729 QUARTERS (TYPE II-180 TYPE III-364 TYPE IV-112 TYPE V-68 TYPE-VI-5 SHOPS COMMUNI,Ahmedabad Metro Rail,CPWD,CHHATISGAR H,2019-05-01,2020-09-01,2023-11-01,299.97,299.97,80.51,,299.97,2019-05-01,,,delayed,340
2022-10-01,N28000128,581,REDEVELOPMENT OF GENERAL POOL RESIDENTIAL COLONY AT SRINIWASPURI NEW DELHI PHASE-I,Ahmedabad Metro Rail,CPWD,DELHI,2016-10-01,2021-07-01,2024-06-01,1180,1100.8,36.69,,,,,,delayed,341
2022-10-01,N28000129,582,REDEVELOPMENT OF GPRA AT KASTURBA NAGAR PHASE I,Ahmedabad Metro Rail,CPWD,DELHI Delhi Metro Rail Corporation,2016-10-01,2022-03-01,2024-06-01,1128,1128,74.72,,,2024-06-01,,,delayed,341
2022-10-01,N28000135,583,DELHI METRO PHASE IV THREE PRIORITY CORRIDORS,Ahmedabad Metro Rail,DMRC,DELHI Lucknow Metro Rail Corporation Limited,2019-07-01,2025-03-01,2025-09-01,24948.65,24948.65,4614.98,,,,Nil,,delayed,341
2022-10-01,N28000144,584,KANPUR METRO RAIL PROJECT,Ahmedabad Metro Rail,LMRCL,UTTAR PRADESH,2019-05-01,2024-03-01,2024-11-01,11076.48,11076.48,3761.78,,,,NO,,delayed,341
2022-10-01,N28000145,585,AGRA METRO RAIL PROJECT,Ahmedabad Metro Rail,LMRCL,UTTAR PRADESH Maharastra Metro Rail Corporation Ltd.,2019-05-01,2024-03-01,2025-12-01,8379.62,8379.62,1393.47,,,,NO,,delayed,341
2022-10-01,N28000121,586,PUNE METRO RAIL PROJECT (PHASE 1),Ahmedabad Metro Rail,MMRC,MAHARASHT RA Mumbai Metro Rail Corporation Ltd,2016-12-01,2021-11-01,2023-03-01,11420,11420,9256.57,,,2023-03-01,,,delayed,341
2022-10-01,N28000086,587,MUMBAI METRO LINE 3 (COLABA-BANDRA-SEEPZ),Ahmedabad Metro Rail,MMRCL,MAHARASHT RA Madhya Pradesh Metro Rail Co Limited,2013-07-01,2020-03-01,2023-12-01,23136,33406,22234.44,,,,,,delayed,341
2022-10-01,N28000124,588,BHOPAL METRO RAIL,Ahmedabad Metro Rail,MPMRCL,MADHYA PRADESH,2018-11-01,2023-02-01,2025-05-01,6941.4,6941.4,407.8,,,2025-05-01,,,delayed,341
2022-10-01,N28000125,589,INDORE METRO RAIL,Ahmedabad Metro Rail,MPMRCL,MADHYA PRADESH Patna Metro Rail Corporation,2018-11-01,2023-02-01,2025-07-01,7500.8,7500.8,508.15,,,2025-07-01,na,,delayed,341
2022-10-01,N28000148,590,PATNA METRO RAIL CORPORATION LIMITED,Ahmedabad Metro Rail,PATNA METRO RAI,BIHAR,2019-02-01,2024-06-01,2024-09-01,13365.77,13925.5,910.26,,,2024-09-01,,,delayed,341
2022-10-01,N30000001,591,PROTECTION OF MAJULI ISLAND FROM FLOOD AND EROSION OF RIVER BRAHMAPUTRA,Brahmaputra Board,BPB,MAHARASHTRA Bihar Urban Infrastructure Development Corporation Ltd,2017-03-01,2019-12-01,2022-12-01,233.57,233.57,196.88,,,2022-12-01,,,delayed,342
2022-10-01,N30000040,592,SEWERAGE SCHEME AT PAHARI ZONE V PATNA,Brahmaputra Board,BUIDCO,BIHAR,2017-05-01,2021-04-01,2022-10-01,356.37,356.37,248.79,,,,,,delayed,342
2022-10-01,N30000044,593,SEWERAGE SYSTEM WITH SEWER NETWORK PATNA KARMALICHAK,Brahmaputra Board,BUIDCO,BIHAR,2017-03-01,2021-05-01,2022-10-01,277.42,277.42,311.61,,,,,,delayed,342
2022-10-01,N30000028,594,I AND D AND STP AT CHAPPRA,Brahmaputra Board,BUIDCO,BIHAR,2018-11-01,2020-12-01,2022-12-01,236.15,236.15,83.38,,,,,,delayed,342
2022-10-01,N30000050,595,SEWERAGE SYSTEM AND STP FOR KANKARBAG ZONE PATNA,Brahmaputra Board,BUIDCO,BIHAR,2017-08-01,2022-06-01,2022-12-01,578.89,578.89,21.62,,,,,,delayed,342
2022-10-01,N30000051,596,"SEWERAGE SYSTEM AND STP FOR DIGHA ZONE, PATNA",Brahmaputra Board,BUIDCO,BIHAR,2017-08-01,2022-06-01,2022-12-01,824,824,147.32,,,,,,delayed,342
2022-10-01,N30000026,597,SEWER NETWORK SPS AND STP BEGUSARAI,Brahmaputra Board,BUIDCO,BIHAR,2018-03-01,2021-07-01,2023-03-01,230.06,230.06,166.66,,,,,,delayed,342
2022-10-01,N30000035,598,SEWER NETWORKS SPS AND STP HAJIPUR,Brahmaputra Board,BUIDCO,BIHAR,2018-03-01,2021-08-01,2023-08-01,305.19,305.19,191.16,,,,,,delayed,342
2022-10-01,N30000036,599,"SEWER NETWORKS, SPS AND STP, MUNGER",Brahmaputra Board,BUIDCO,BIHAR,2018-03-01,2021-10-01,2023-12-01,294.02,294.02,114.7,,,,,,delayed,342
2022-10-01,N30000027,600,I AND D AND STP WORKS FOR BHAGALPUR,Brahmaputra Board,BUIDCO,BIHAR Delhi Jal Board,2017-10-01,2020-09-01,2024-03-01,254.13,413.29,0.07,,413.29,2020-11-01,,,delayed,342
2022-10-01,N30000015,601,REHABILITATION AND UP- GRADATION OF PHASE I STP 182 MLD R2,Brahmaputra Board,DJB,DELHI,2016-05-01,2021-12-01,2022-12-01,211.79,211.79,142.22,,,,,,delayed,342
2022-10-01,N30000016,602,REHABILITATION AND UPGRADATION OF KONDLI PHASE I STP 45 MLD PHASE II STP 114 MLD AND PHASE III S,Brahmaputra Board,DJB,DELHI Kolkata Metropolitan Development Authority,2016-05-01,2022-02-01,2022-12-01,239.11,239.11,213.02,,,,,,delayed,342
2022-10-01,N30000045,603,"INTERCEPTION, DIVERSION AND TREATMENT WORKS AT HOWRAH",Brahmaputra Board,KMDA,WEST BENGAL,2017-08-01,2021-12-01,2023-09-01,185.22,185.22,37.02,,,2021-02-01,,,delayed,343
2022-10-01,N30000048,604,"INTERCEPTION, DIVERSION AND TREATMENT WORKS AT BARANAGAR AND KAMARAHATI",Brahmaputra Board,KMDA,WEST BENGAL,2018-01-01,2021-12-01,2023-09-01,172.1,172.1,37.02,,,2021-02-01,,,delayed,343
2022-10-01,N30000049,605,INTERCEPTION AND DIVERSION WITH STP AT BALLY,Brahmaputra Board,KMDA,WEST BENGAL,2017-10-01,2021-12-01,2023-09-01,164.93,164.93,37.02,,,,,,delayed,343
2022-10-01,N30000032,606,INTERCEPTION AND DIVERSION WITH STP AT MAHESHTALA,Brahmaputra Board,KMDA,WEST BENGAL,2018-05-01,2022-02-01,2024-03-01,198.43,198.43,,,224.69,,,,delayed,343
2022-10-01,N30000033,607,INTEGRATION OF STPS WITH REHABILITATION AND O AND M OF EXISTING ASSETS,Brahmaputra Board,KMDA,WEST BENGAL,2018-03-01,2022-06-01,2024-03-01,165.16,165.16,,,,,,,delayed,343
2022-10-01,N30000042,608,INTERCEPTION AND DIVERSION WITH STP AT HUGHLY- CHINSURAH,Brahmaputra Board,KMDA,WEST BENGAL,2018-05-01,2022-02-01,2024-03-01,160,154.73,19.7,,154.73,2020-09-01,,,delayed,343
2022-10-01,N30000029,609,DETAILED PROJECT REPORT FOR I AND D SEWERAGE SYSTEM AND STP FOR ASANSOL AND KULTI TOWNS,Brahmaputra Board,KMDA,WEST BENGAL,2019-01-01,2022-04-01,2024-12-01,384.96,384.96,,,,,,,delayed,343
2022-10-01,N30000030,610,INTERCEPTION AND DIVERSION WORKS WITH STP FOR DRAINS FALLING IN RIVER DAMODAR AT DURGAPURL,Brahmaputra Board,KMDA,WEST BENGAL,2019-03-01,2022-04-01,2024-12-01,287.53,287.53,,,,,,,delayed,343
2022-10-01,N30000031,611,I AND D AND STP WORKS AT BURDWAN WEST BENGAL,Brahmaputra Board,KMDA,WEST BENGAL,2018-12-01,2022-04-01,2024-12-01,234.31,234.31,,,,,,,delayed,343
2022-10-01,N30000034,612,INTERCEPTION DIVERSION TREATMENT WORKS AT TOLLYS NULLAH ADI GANGA,Brahmaputra Board,KMDA,WEST BENGAL Polavaram Project Authority,2017-08-01,2022-09-01,2024-12-01,307.12,307.12,,,,,,,delayed,343
2022-10-01,N30000002,613,POLAVARAM IRRIGATION PROJECT,Brahmaputra Board,PPA,ANDHRA PRADESH Uttar Pradesh Jal Nigam,2009-02-01,2020-03-01,2024-03-01,10151.04,55548.87,20692.17,,55548.87,2024-03-01,,,delayed,344
2022-10-01,N30000010,614,STP AT PANKHA KANPUR AND INTEGRATION WITH EXISTING STPS,Brahmaputra Board,UPJalNigam,UTTAR PRADESH,2018-03-01,2021-09-01,2022-11-01,967.23,967.23,198.42,,,,,,delayed,344
2022-10-01,N30000006,615,"INTERCEPTION, DIVERSION AND TREATMENT WORKS FOR NAINI DISTRICT G PHAPHAMAU DISTRICT F AND JHUSI AREA",Brahmaputra Board,UPJalNigam,UTTAR PRADESH,2017-05-01,2021-09-01,2022-12-01,767.59,767.59,217.11,,,,,,delayed,344
2022-10-01,N30000021,616,INTERCEPTION AND DIVERSION WORKS AND STP AT MUZAFFARNAGAR UTTAR PRADESH,Brahmaputra Board,UPJalNigam,UTTAR PRADESH,2019-01-01,2021-12-01,2023-06-01,231.79,234.03,70.14,,234.03,2020-01-01,,,delayed,344
2022-10-01,N30000013,617,"INTERCEPTION AND DIVERSION WORKS WITH STP AT BAREILLY, UTTAR PRADESH",Brahmaputra Board,UPJalNigam,UTTAR PRADESH,2019-03-01,2021-08-01,2024-03-01,271.39,271.39,5.35,,,,,,delayed,344
2022-10-01,N30000008,618,FARRUKHABAD I AND D AND STP WORKS HAM,Brahmaputra Board,UPJalNigam,UTTAR PRADESH,2017-10-01,2022-03-01,2024-04-01,213.62,261.12,21.49,,261.12,2021-02-01,,,delayed,344
2022-10-01,N30000024,619,SEWERAGE SCHEME INTERCEPTION AND DIVERSION WITH STP WORKS AT MEERUT UTTAR PRADESH,Brahmaputra Board,UPJalNigam,UTTAR PRADESH,2019-02-01,2022-06-01,2024-04-01,681.78,690.71,,,690.71,,,,delayed,344
2022-10-01,N30000025,620,INTERCEPTION AND DIVERSION WORKS WITH STP AT LUCKNOW UTTAR PRADESH,Brahmaputra Board,UPJalNigam,UTTAR PRADESH,2019-03-01,2021-07-01,2024-04-01,298.12,213.91,7.9,,213.91,2020-05-01,,,delayed,344
2022-10-01,N28000103,621,"RESIDENTIAL QUATERS FOR HAL,BANGLORE",Cpwd For Defence,CPWD FOR DEFENC,KARNATAKA,2016-12-01,2020-02-01,2022-11-01,246.31,200,184.23,,210,2022-10-01,,,delayed,344
2022-10-01,N28000141,622,"C/O PERMANENT CAMPUS OF IIT BHILAI AT KUTHELABHATA, DURG CHHATTISGARH, STAGE I PHASE I.",Cpwd Of Higher Education,CPWD EDUCATION,CHHATISGARH,2020-03-01,2022-07-01,2022-10-01,808.62,808.62,536.84,,,,,,delayed,345
2022-10-01,N42000005,623,CONSTRUCTION OF PERMANENT CAMPUS FOR INDIAN INSTITUTE OF TECHNOLOGY TIRUPATI AT MERLAPAKA VILLAGE YE,Cpwd Of Higher Education,CPWD EDUCATION,ANDHRA PRADESH,2019-02-01,2020-06-01,2022-11-01,655.34,655.34,512.67,,,,,,delayed,345
2022-10-01,N28000120,624,"CONSTRUCTION OF VARIOUS BUILDINGS UNDER PHASE 1C AT IIT ROPAR, PUNJAB",Cpwd Of Higher Education,CPWD EDUCATION,PUNJAB,2018-01-01,2020-05-01,2022-12-01,430,387.83,261.03,,,,Nil,,delayed,345
2022-10-01,N28000100,625,CONSTRUCTION OF ACADEMIC AND RESIDENTIAL COMPLEX UNDER PHASE-II FOR THE CAMPUS OF IIT PATNA,Cpwd Of Higher Education,CPWD EDUCATION,BIHAR,2016-02-01,2017-06-01,2023-02-01,496.18,460,359.11,,496,2022-12-01,"Sand availability, Covid 19",,delayed,345
2022-10-01,N42000002,626,"CONSTRUCTION OF PERMANENT CAMPUS FOR NATIONAL INSTITUTE OF TECHNOLOGY GOA AT CUNCOLIM, GOA.",Cpwd Of Higher Education,CPWD EDUCATION,GOA,2019-05-01,2020-03-01,2023-02-01,303.9,334.45,166,,334.45,,,,delayed,345
2022-10-01,N28000126,627,INDIAN INSTITUTE OF SCIENCE EDUCATION AND RESEARCH BERHAMPUR,Cpwd Of Higher Education,CPWD EDUCATION,ODISHA,2019-01-01,2022-03-01,2023-03-01,790.79,790.79,425.65,,,,,,delayed,345
2022-10-01,N28000130,628,CONSTRUCTION OF PERMANENT CAMPUS OF IIM JAMMU (PHASE 1),Cpwd Of Higher Education,CPWD EDUCATION,JAMMU AND KASHMIR,2019-03-01,2022-07-01,2023-03-01,424.93,424.93,259.82,,,2023-03-01,,,delayed,345
2022-10-01,N28000140,629,"C/O PERMANENT CAMPUS OF IIT PALAKKAD PHASE IA AT PUDESSERY VILLAGE,KANJIKODE WEST, DISTRICT PALAKKA",Cpwd Of Higher Education,CPWD EDUCATION,KERALA,2019-07-01,2021-03-01,2023-03-01,753.63,753.63,308.84,,348.24,,,,delayed,346
2022-10-01,N28000142,630,"CONSTRUCTION OF PERMANENT CAMPUS OF INDIAN INSTITUTE OF MANAGEMENT (IIM) AMRITSAR, PUNJAB.",Cpwd Of Higher Education,CPWD EDUCATION,PUNJAB,,2022-05-01,2023-03-01,,348.24,92.33,,,,,,delayed,346
2022-10-01,N42000006,631,"CONSTRUCTION OF PERMANENT CAMPUS FOR INDIAN INSTITUTE OF TECHNOLOGY, DHARWAD (PHASE 1A)",Cpwd Of Higher Education,CPWD EDUCATION,KARNATAKA,2019-07-01,2022-03-01,2023-03-01,851,851,466.32,,851,2022-10-01,,,delayed,346
2022-10-01,N42000008,632,ESTABLISHMENT OF PERMANENT CAMPUS PHASE 1 OF IIM SIRMAUR,Cpwd Of Higher Education,CPWD EDUCATION,HIMACHAL PRADESH,2018-09-01,2022-06-01,2023-04-01,392.51,392.51,125.77,,,2023-04-01,The land provided by the,,delayed,346
2022-10-01,N28000146,633,CONSTRUCTION OF TWO NOS GIRLS HOSTELS AND ONE NO BOYS HOSTEL OF 500 CAPACITY EACH G PLUS 8 STOREYED,Cpwd Of Higher Education,CPWD EDUCATION,WEST BENGAL,2020-03-01,2020-06-01,2023-05-01,193.83,193.83,78.67,,,,,,delayed,346
2022-10-01,N42000009,634,PERMANENT CAMPUS FOR IIM BODH GAYA,Cpwd Of Higher Education,CPWD EDUCATION,BIHAR,2018-09-01,2020-09-01,2023-05-01,375,375,191.88,,,,,,delayed,346
2022-10-01,N42000007,635,"CONSTRUCTION OF PERMANENT CAMPUS FOR IISER AT JANGALAPALLI VILLAGE, YERPEDU MANDAL, CHITTOOR DISTRIC",Cpwd Of Higher Education,CPWD EDUCATION,ANDHRA PRADESH Rites Of Higher Education,2019-09-01,2022-09-01,2023-07-01,588.72,588.72,318.53,,,,3. Provisional approval,,delayed,347
2022-10-01,N42000001,636,CONSTRUCTION AND DEVELOPMENT OF NATINAL INSTITUTE OF TECHNOLOGY MEGHALAYA PERMANENT CAMPUS AT SOHRA,Cpwd Of Higher Education,RITES OF HIGHER,MEGHALAYA,2013-09-01,2014-09-01,2022-12-01,484.32,429.7,248.25,,429.7,2022-12-01,Due to Law and Order and,,delayed,347
2022-10-01,N28000071,637,ESTABLISHMENT OF CENTRAL ARMED POLICE FORCE INSTITUTE OF MEDICAL SCIENCES(CAPFIMS) AT NEW DELHI,Cpwd For Mha,CPWD FOR MHA,DELHI,2013-10-01,2019-10-01,2023-03-01,1219.21,1679.02,1081.36,,,,Mandatory Approvals/NOC,,delayed,347
2022-10-01,N45000003,638,CONSTRUCTION OF 683 VARIOUS TYPE FAMILY QUARTERS AT GROUP CENTRE CRPF CHANDAULI,Cpwd For Mha,CPWD FOR MHA,UTTAR PRADESH,2019-05-01,2022-01-01,2023-03-01,199.31,199.31,107.81,,,2023-03-01,,,delayed,347
2022-10-01,N28000104,639,NSG AT KOLKATA,Cpwd For Mha,CPWD FOR MHA,WEST BENGAL,2014-10-01,2018-04-01,2023-10-01,162.88,210.83,176.16,,,,,,delayed,347
2022-10-01,N45000002,640,CONSTRUCTION OF HEADQUARTER BUILDING OF CRPF AT LODHI ROAD NEW DELHI,Cpwd For Mha,CPWD FOR MHA,DELHI,2019-06-01,2022-07-01,2023-11-01,277.35,290.33,66.31,,,,,,delayed,347
2022-10-01,N28000147,641,"C/o separate family accommodation (Phase-I) on EPC basis for SSB at Faridabad (Haryana)""",Cpwd For Mha,CPWD FOR MHA,HARYANA,2020-01-01,2023-10-01,2024-03-01,166.98,166.98,17.5,,167,2024-03-01,,,delayed,347
2022-10-01,N40000002,642,INDIA INTERNATIONAL CONVENTION AND EXPO CENTRE,Iicc For Dpiit,IICC DPIIT,DELHI,2017-11-01,2019-12-01,2023-01-01,4773,5178,3032.83,,,,,,delayed,348
