report_month,ocms_code,sl_no,project_name,sector,agency,state_raw,approval_month,original_doc_month,revised_doc_month,original_cost_cr,revised_cost_cr,cumulative_expenditure_cr,physical_progress_pct,latest_approved_cost_cr,approved_revised_doc_month,delay_months_reported,milestones,annexure,source_page
2023-04-01,020100044,1,"PROTOTYPE FAST BREEDER REACTOR (BHAVINI, 500 MWE)",Bhavini Limited,BHAVNI,TAMIL NADU Nuclear Power Corporation Of India Limited,2003-09-01,2010-09-01,2024-12-01,3492,7670,6534.68,,6840,2022-10-01,,,delayed,300
2023-04-01,N02000029,1,KUDANKULAM NUCLEAR POWER PROJECT 5 AND 6,Nuclear Power Corporation Of India Limited,,,2017-06-01,2027-09-01,2027-09-01,49621,49621,9645,,,,,,on_schedule,255
2023-04-01,N06000143,1,HURA - C OC (3 MTY),Eastern Coal Fields Limited,ECL,JHARKHAND Mahanadi Coal Fields Limited,2015-10-01,2022-03-01,2022-03-01,359.69,,,,,,,,without_doc,400
2023-04-01,N18000278,1,KIRU HYDRO ELECTRIC PROJECT,Chenab Velley Power Projects [P] Limited,CVPPPL,JAMMU AND KASHMIR,2019-03-01,2024-08-01,2025-07-01,4287.59,4287.59,1032.94,,,,11(R3),0/0,without_original_doc,421
2023-04-01,N08000019,1,AN MELT PROJECT AT RCF TROMBAY,Rashtriya Chemical & Fertiliser Limited,,,2022-05-01,2024-09-01,2024-07-01,187.27,187.27,18.53,,187.27,,,,ahead,253
2023-04-01,N02000028,2,KUDANKULAM NUCLEAR POWER PROJECT UNIT-3 and 4,Bhavini Limited,NPCIL,TAMIL NADU,2013-03-01,2020-11-01,2023-11-01,39849,39849,37632,,,,,,delayed,300
2023-04-01,N04000099,2,"DEVELOPMENT OF NEW GREENFIELD AIRPORT AT DHOLERA, AHMEDABAD (GUJARAT). PHASE-1.",Airport Authority Of India Limited,,,2022-06-01,2025-12-01,2025-12-01,1305,636.45,,,,,,,on_schedule,255
2023-04-01,N06000225,2,ANANTA OCP EXPANSION PH III,Eastern Coal Fields Limited,MCL,ODISHA,2008-08-01,2012-03-01,2022-03-01,228.08,,,,,2022-03-01,,,without_doc,400
2023-04-01,220100305,2,"KODERMA-TILAIYA (NL), ECR",East Central Railways,ECR,JHARKHAND,2002-04-01,,2024-03-01,459.91,1625.87,1041.3,,1625.87,,,0/0,without_original_doc,421
2023-04-01,N02000027,3,RAJASTHAN ATOMIC POWER PROJECT -7 AND 8 (2X700 MW),Bhavini Limited,NPCIL,RAJASTHAN,2009-10-01,2016-12-01,2023-12-01,12320,17079,16121,,17079,,,,delayed,300
2023-04-01,N06000216,3,REVISED PROJECT REPORT MAGADH EXPANSION OCP,Central Coal Fields Limited,,,2020-08-01,2028-03-01,2028-03-01,7254.37,7254.37,894.16,,,,,,on_schedule,255
2023-04-01,N06000261,3,RPR OF HINGULA -II EXPANSION PH-III,Eastern Coal Fields Limited,MCL,ODISHA,2022-12-01,2029-03-01,,2264.68,,,,,,,,without_doc,400
2023-04-01,N22000180,3,SAKRI-NIRMALI AND JHANJHARPUR- LAUKAHABAZAR AND SAHARSA- FORBESGANJ (GC),East Central Railways,ECR,BIHAR,2004-04-01,,2024-03-01,372.14,1700,1600.14,,1470.5,,,0/0,without_original_doc,421
2023-04-01,N16000409,3,PETROCHEMICAL AND LUBE INTEGRATION PROJECT AT GUJARAT REFINERY,Indian Oil Corporation Limited,Oil India Limited,,2020-09-01,2024-09-01,2024-08-01,18936,18936,3191.9,,,,,,ahead,253
2023-04-01,N02000010,4,KAKRAPAR ATOMIC POWER PROJECT - 3 AND 4,Bhavini Limited,NPCIL,GUJARAT,2009-10-01,2015-12-01,2024-03-01,11459,19220,20107,,19220,,,,delayed,300
2023-04-01,N06000239,4,SIRKA OCP,Central Coal Fields Limited,,,2020-05-01,2025-03-01,2025-03-01,222.82,222.82,139.23,,,,,,on_schedule,255
2023-04-01,N06000249,4,SUBHADRA OCP,Eastern Coal Fields Limited,MCL,ODISHA Neyveli Lignite Corporation,2021-05-01,2027-03-01,,1693.81,,,,,2029-03-01,,,without_doc,400
2023-04-01,N22000476,4,"FATUHA-ISLAMPUR INCL. MM FOR EXTENSION OF NEW LINE FORM BIHARSHARIF-BARBIGHA, DANIYAWAN- BIHARSHARIF",East Central Railways,ECR,BIHAR,1991-04-01,,2024-03-01,329.39,1510,1504.46,,1483.14,,,0/0,without_original_doc,421
2023-04-01,N16000450,4,"PROJECT TO CONSTRUCT A FIELD GAS GATHERING STATION AT BAGHJAN AREA FOR COLLECTION,PROCESSING",Indian Oil Corporation Limited,,,2020-12-01,2024-07-01,2024-03-01,430.76,430.76,77.36,,,,,,ahead,253
2023-04-01,N04000073,5,"CONSTRUCTION OF NEW INTEGRATED TERMINAL BUILDING AT VSI AIRPORT, PORTBLAIR",Airport Authority Of India Limited,AAI,A & N ISLANDS,2013-10-01,2018-09-01,2023-05-01,417.23,707.73,658.74,,707.73,2023-04-01,Nil,,delayed,300
2023-04-01,N06000237,5,KOTRE BASANTPUR PACHMO OCP,Central Coal Fields Limited,,,2020-08-01,2032-03-01,2032-03-01,861.06,861.06,139.25,,,,,,on_schedule,255
2023-04-01,N06000145,5,BITHNOK LIGNITE MINE PROJECT (2.25 MTPA),Eastern Coal Fields Limited,NLC,RAJASTHAN,2015-03-01,2019-12-01,2019-12-01,513.63,,,,,,,,without_doc,400
2023-04-01,220100303,5,"HAJIPUR-SUGAULI VIA VAISHALI (NL), ECR",East Central Railways,ECR,BIHAR,2003-04-01,,2024-12-01,528.65,2066.78,1630.98,,2066.78,,,0/0,without_original_doc,421
2023-04-01,N04000081,6,"AIRSIDE CAPACITY ENHANCEMENT OF NSBI AIRPORT, KOLKATA",Airport Authority Of India Limited,AAI,WEST BENGAL,2019-01-01,2021-11-01,2023-05-01,389.71,389.71,391.78,,,,2,,delayed,300
2023-04-01,N06000241,6,EPR TAPIN SOUTH OCP,Central Coal Fields Limited,,,2020-11-01,2025-03-01,2025-03-01,230.41,230.41,17.16,,,,,,on_schedule,255
2023-04-01,N06000188,6,BITHNOK LIGNITE THERMAL POWER STATION,Eastern Coal Fields Limited,NLC,RAJASTHAN,2015-03-01,2020-09-01,2020-09-01,2196.3,,,,,,,,without_doc,400
2023-04-01,N22000171,6,SAKRI-HASANPUR ROAD (NL),East Central Railways,ECR,BIHAR,1999-04-01,,2024-12-01,325,735.2,428.77,,735.2,,,0/0,without_original_doc,421
2023-04-01,N18000345,6,DAYAPAR WIND ENERGY PROJECT 200MW,National Thermal Power Corporation,,,2022-07-01,2025-03-01,2024-12-01,1316.02,1316.02,85.56,,,2025-03-01,,,ahead,253
2023-04-01,N04000089,7,EXT AND STR. OF EXISTING RUNWAY 08/26 AT TIRUPATI AIRPORT,Airport Authority Of India Limited,AAI,ANDHRA PRADESH,2017-08-01,2020-02-01,2023-05-01,177.1,177.1,142.32,,,2023-03-01,1. A portion of the site,,delayed,301
2023-04-01,N06000246,7,EXPANSION OF KARO OCP,Central Coal Fields Limited,,,2022-01-01,2026-03-01,2026-03-01,908.47,908.47,128.35,,,,,,on_schedule,255
2023-04-01,N06000095,7,NEYVELI NEW THERMAL POWER PROJECT(2X500 MW),Eastern Coal Fields Limited,NLC,TAMIL NADU,2011-06-01,2015-12-01,2021-02-01,5907.11,,,,,,,,without_doc,400
2023-04-01,N22000329,7,SAMASTIPUR-DARBANGHA,East Central Railways,ECR,BIHAR,2015-05-01,,2024-12-01,380,519.33,330.43,,519.33,,,0/0,without_original_doc,421
2023-04-01,N04000080,8,CONSTRUCTION OF ATC TOWER AND TECHNICAL BLOCK AT NSCBI AIRPORT KOLKATA,Airport Authority Of India Limited,AAI,WEST BENGAL,2016-01-01,2020-03-01,2023-06-01,458,458,213.19,,,2022-06-01,Nil,,delayed,301
2023-04-01,N06000240,8,JHARKHAND LAIYO OCP,Central Coal Fields Limited,,,2020-08-01,2031-03-01,2031-03-01,764.57,764.57,144.85,,,,,,on_schedule,255
2023-04-01,N06000144,8,HADLA LIGNITE MINE PROJECT(1.90 MTPA),Eastern Coal Fields Limited,NLC,RAJASTHAN,2015-03-01,2019-09-01,,522.45,,,,,,,,without_doc,400
2023-04-01,220100257,8,KHAGARIA-KUSHESHWAR ASTHAN (NL) (ECR),East Central Railways,ECR,BIHAR,1997-04-01,,2025-03-01,162.87,614.45,356.5,,614.45,,,0/0,without_original_doc,421
2023-04-01,N22000273,8,BHANUPALI-BILASPUR BERI NL,Rail Vikas Nigam Ltd.,Western Railway,,2008-04-01,2026-12-01,2025-03-01,2966.99,6753.42,3694.58,,,,,,ahead,253
2023-04-01,N04000086,9,"CO CIVIL AVIATION REASEARCH ORG. (PH-II) AT BEGUMPET AIRPORT, HYDRABAD",Airport Authority Of India Limited,AAI,TELANGANA,2020-05-01,2022-05-01,2023-06-01,353.61,353.61,282.06,,,2023-06-01,As per the Master Plan of,,delayed,301
2023-04-01,N06000245,9,EXPANSION OF KONAR OCP,Central Coal Fields Limited,,,2022-01-01,2032-03-01,2032-03-01,799.34,799.34,275.95,,,,,,on_schedule,255
2023-04-01,N06000187,9,BARSINGSAR THERMAL POWER STATION EXTENSION,Eastern Coal Fields Limited,NLC,RAJASTHAN Singareni Colliers Company Limitted,2015-03-01,2020-09-01,,2112.6,,,,,,,,without_doc,400
2023-04-01,N22000177,9,ARARIA-SUPAUL (NL),East Central Railways,ECR,BIHAR Eastern Railways,2008-04-01,,2025-12-01,1605.17,1605.17,257.08,,1605.17,,,0/0,without_original_doc,421
2023-04-01,N04000092,10,CONSTRUCTION OF NEW GREEN FIELD AIRPORT AT HOLLONGI ITANAGAR ARUNACHAL PRADESH,Airport Authority Of India Limited,AAI,ARUNACHAL PRADESH,2019-02-01,2022-08-01,2023-06-01,645.63,645.63,624.25,,,2023-06-01,Land acquisition for,,delayed,301
2023-04-01,N06000218,10,UCE OF EPR OF NORTH URIMARI OCP,Central Coal Fields Limited,,,2021-07-01,2026-03-01,2026-03-01,778.8,778.8,561.1,,,,,,on_schedule,255
2023-04-01,N06000212,10,RCE-II OF JALAGAM VENGALRAO OPENCAST PROJECT-II,Eastern Coal Fields Limited,SCCL,TELANGANA,2019-03-01,2021-03-01,2023-03-01,473.22,,,,,,,,without_doc,400
2023-04-01,N22000301,10,MONIGRAM- NIMTITA,East Central Railways,ER,MULTI STATE North Central Railway,2012-04-01,,2023-07-01,250.93,310.7,559.17,,,,,0/0,without_original_doc,421
2023-04-01,N24001364,10,DABOKA KATHKATI PACKAGE-2,Ltd.,,,2021-03-01,2024-01-01,2023-05-01,335.88,335.88,86.06,,,,,,ahead,254
2023-04-01,N04000093,11,"EXTENSION OF TERMINAL BUILDING, PTT, APRON AND CAR PARK AT SURAT AIRPORT.",Airport Authority Of India Limited,AAI,GUJARAT,2018-08-01,2021-02-01,2023-07-01,353.25,353.25,233.71,,,,Nil,,delayed,302
2023-04-01,N06000217,11,EXPANSION PROJECT AMRAPALI OCP,Central Coal Fields Limited,,,2020-08-01,2028-03-01,2028-03-01,5136.15,5136.15,517.35,,,,,,on_schedule,255
2023-04-01,N06000258,11,GOLETI OPENCAST MINE,Eastern Coal Fields Limited,SCCL,TELANGANA,2021-07-01,2026-03-01,,345.6,,,,,,,,without_doc,400
2023-04-01,N22000158,11,DHOLPUR-SIRMUTTRA WITH EXTENSION TO GANGAPURCITY AND MOHARI-TANTPUR AND TANPUR-BANSI PAHARPUR,East Central Railways,NCR,MULTI STATE North Eastern Railway,2010-04-01,2025-05-01,2027-12-01,2030.5,746.83,23.03,,,,31(R3),0/0,without_original_doc,421
2023-04-01,N24001365,11,DABOKA KATHKATI PACKAGE-4,Ltd.,,,2021-02-01,2023-12-01,2023-06-01,260.07,260.07,167.45,,,,,,ahead,254
2023-04-01,N04000094,12,DEVELOPMENT OF AYODHYA AIRPORT PHASE-01,Airport Authority Of India Limited,AAI,UTTAR PRADESH,2021-03-01,2022-12-01,2023-07-01,242.14,328,166.95,,328,,As above.,,delayed,302
2023-04-01,N06000238,12,CHANDRAGUPT OCP,Central Coal Fields Limited,,,2020-08-01,2032-03-01,2032-03-01,973.5,973.5,5.8,,,,,,on_schedule,255
2023-04-01,N06000259,12,JAWAHAR KHANI OPENCAST (JK OC) MINE,Eastern Coal Fields Limited,SCCL,TAMIL NADU,2021-12-01,2025-03-01,,297.88,,,,,,,,without_doc,400
2023-04-01,N22000468,12,BURHWAL - GONDA - 3RD RUNNING LINE.,East Central Railways,NER,UTTAR PRADESH Northern Railway,2016-04-01,,2025-05-01,602.5,800,332.24,,,,,0/0,without_original_doc,421
2023-04-01,N24001405,12,CHURACHANPUR TUIVAI PKG-3,Ltd.,,,2021-07-01,2023-10-01,2023-08-01,673.27,673.27,258.23,,,,,,ahead,254
2023-04-01,N04000076,13,"CONSTRUCTION OF COMBINED OPERATIONAL OFFICES FOR DGCA, BCAS, AAIB, AERA AND AAI AT SAFDARJUNG AIRPOR",Airport Authority Of India Limited,AAI,DELHI,2016-11-01,2020-04-01,2023-08-01,303.8,351.21,292.65,,351.21,,Nil,,delayed,302
2023-04-01,N06000243,13,EPR ROHINI KARKATA OCP,Central Coal Fields Limited,,,2021-01-01,2025-03-01,2025-03-01,1020.42,1020.42,79.34,,,,,,on_schedule,255
2023-04-01,N28000089,13,"C/O OF 152 NOS TYPE-II,304 NOS,TYPE-III,76 NOS, TYPE-IV QTRS. FOR INCOME TAX DEPARTMENT AT CHENNAI",Cpwd For Finance,CPWD FOR FINANC,TAMIL NADU,2015-12-01,2019-10-01,2022-10-01,209,,,,,2022-10-01,,,without_doc,400
2023-04-01,N22000274,13,DEOBAND (MUZAFFARNAGAR)- ROORKEE NL,East Central Railways,NR,MULTI STATE,2007-04-01,,2023-09-01,336.91,791.39,572.99,,,,,0/0,without_original_doc,421
2023-04-01,N24001452,13,DIBRUGARH-LAHOAL-CHABUA BYPASS PACKAGE-2,Ltd.,National Highways Authority Of India,,2022-04-01,2024-07-01,2024-01-01,170.95,170.95,1.73,,,,,,ahead,254
2023-04-01,N04000079,14,"CONSTRUCTION OF NEW INTEGRATED TERMINAL BUILDING, RECONSTRUCTION OF OLD TERMINAL BUILDING, MODIFICAT",Airport Authority Of India Limited,AAI,MAHARASHTRA,2017-03-01,2021-04-01,2023-09-01,475.39,475.39,337.99,,,,Nil,,delayed,302
2023-04-01,N06000242,14,EPR PUNDI OCP,Central Coal Fields Limited,,,2020-11-01,2024-03-01,2024-03-01,713.35,713.35,235.44,,,,,,on_schedule,255
2023-04-01,N28000109,14,CONSTRUCTION OF 726 Nos RESIDENTIAL QUARTERS CHENNAI,Cpwd For Finance,CPWD FOR FINANC,TAMIL NADU National Projects Construction Corporation Limited,2017-11-01,2021-11-01,,348.77,,,,,,,,without_doc,400
2023-04-01,N22000281,14,ANAND VIHAR-TILAK BRIDGE 3RD AND 4TH LINE,East Central Railways,NR,DELHI South Western Railway,2012-04-01,,2023-09-01,295.68,419,133.78,,,,,0/0,without_original_doc,421
2023-04-01,N24000724,14,SIX LANING OF AURANGABAD TO BIHAR - JHARKHAND BORDER (CHORDAHA) SECTION,Ltd.,,,2018-01-01,2024-04-01,2024-03-01,895.39,895.39,1461.96,,,,,,ahead,254
2023-04-01,N04000085,15,"CONSTRUCTION OF DOMESTIC PASSENGER TERMINAL BUILDING AT DEHRADUN AIRPORT, DEHRADUN",Airport Authority Of India Limited,AAI,UTTARAKHAND,2018-07-01,2020-09-01,2023-09-01,456.86,456.86,426.55,,,,Nil,,delayed,302
2023-04-01,N06000247,15,EXPANSION OF ASHOK OCP,Central Coal Fields Limited,Eastern Coal Fields Limited,,2021-05-01,2026-03-01,2026-03-01,2898.28,2898.28,173.9,,,,,,on_schedule,255
2023-04-01,N07000001,15,"C/O RESIDENTIAL COMPLEX BUILDING FOR CENTRAL BOARD OF INDIRECT TAXES AND CUSTOMS AT SECTOR-9, DWARKA",Cpwd For Finance,NPCC,DELHI,2018-07-01,2022-04-01,2022-04-01,228.5,,,,220.27,,,,without_doc,400
2023-04-01,N22000256,15,TUMKUR-CHITRADURGA-DAVENGERE NL,East Central Railways,SWR,KARNATAKA,2011-04-01,,2025-03-01,1801.01,2142.35,107.7,,,,,0/0,without_original_doc,422
2023-04-01,N04000087,16,UPGRADATION OF JABALPUR AIRPORT,Airport Authority Of India Limited,AAI,MADHYA PRADESH,2016-06-01,2021-06-01,2023-09-01,412.24,412.24,330.82,,,,Nil,,delayed,302
2023-04-01,N06000172,16,TILABONI UG MINE,Central Coal Fields Limited,,,2019-02-01,2027-03-01,2027-03-01,916.62,916.62,9.72,,,,,,on_schedule,256
2023-04-01,N16000408,16,SULPHUR FORMING UNIT IN SRU,Hindustan Petroleum Corporation Limited,HPCL,ANDHRA PRADESH Indian Oil Corporation Limited,2020-10-01,2021-08-01,2023-03-01,210.94,,,,,,,,without_doc,401
2023-04-01,N22000279,16,RAYADURGA-TUMKUR NL,East Central Railways,SWR,MULTI STATE,2007-04-01,,2025-12-01,2062.3,2404.03,1217.27,,2404.03,,,2/2,without_original_doc,422
2023-04-01,N04000096,17,"EXTENSION OF RUNWAY WITH BLAST PAD, RESA, TAXIWAY, APRON, GSE AREA, ISOLATION BAY, NEW DOMESTIC TERM",Airport Authority Of India Limited,AAI,MAHARASHTRA,2017-06-01,2020-12-01,2023-09-01,255.68,255.68,220.47,,,,Process of acquisition of,,delayed,302
2023-04-01,N06000191,17,SHYAMSUNDARPUR UG INCLUDING SAPI UNIT,Central Coal Fields Limited,,,2020-04-01,2025-03-01,2025-03-01,483.65,483.65,19.56,,,,,,on_schedule,256
2023-04-01,N16000162,17,ENNORE-TRICHY-MADURAI LPG PIPELINE,Hindustan Petroleum Corporation Limited,IOCL,TAMIL NADU,2013-05-01,2020-06-01,2020-06-01,711,,,,,,,,without_doc,401
2023-04-01,220100193,17,"HUBLI-ANKOLA(NL),SWR",East Central Railways,SWR,KARNATAKA Southern Railway,1997-04-01,,2026-12-01,2315,5174.3,159.46,,,,,0/0,without_original_doc,422
2023-04-01,N04000098,18,DEVELOPMENT OF GWALIOR AIRPORT PHASE 01,Airport Authority Of India Limited,AAI,MADHYA PRADESH,2021-10-01,2023-08-01,2023-09-01,446.12,446.12,208.25,,,2023-09-01,11. Construction of Six Lane,,delayed,302
2023-04-01,N06000223,18,EXPANSION PR OF JHANJRA UG (5.00 MTY),Central Coal Fields Limited,,,2020-04-01,2029-03-01,2029-03-01,1210.12,1210.12,252.98,,,,,,on_schedule,256
2023-04-01,N18000142,18,LATA-TAPOVAN HYDRO ELECTRIC POWER PROJECT 3X57 MW,National Thermal Power Corporation,NTPC,UTTARAKHAND Satluj Jal Vidyut Nigam Limited,2012-07-01,2017-08-01,,1527,,,,,,,,without_doc,401
2023-04-01,N22000399,18,TRIVANDRUM-KANYAKUMARI DOUBLING,East Central Railways,SR,KERALA,2015-02-01,,2024-03-01,1431.9,1431.9,2086,,,,,0/0,without_original_doc,422
2023-04-01,N04000075,19,UPGRADATION OF PASSENGER TERMINAL BUILDING AND AIRSIDE FACILITIES AT TIRUCHIRAPALLI INTERNATIONAL AI,Airport Authority Of India Limited,AAI,TAMIL NADU,2018-08-01,2021-10-01,2023-12-01,951.28,951.28,823.12,,,,Nil,,delayed,302
2023-04-01,N06000170,19,NAKRAKONDA KUMARDIH B OCP,Central Coal Fields Limited,,,2018-08-01,2029-03-01,2029-03-01,502.68,502.68,42.33,,,,,,on_schedule,256
2023-04-01,N18000340,19,RAGHANESDA SOLAR POWER PROJECT,National Thermal Power Corporation,SJVN,GUJARAT,2022-06-01,2023-12-01,,642.15,,,,,,,,without_doc,401
2023-04-01,N22000400,19,TURAVUR-AMBALAPUZHA DOUBLING,East Central Railways,SR,KERALA,2015-02-01,,2025-03-01,1000,1339,0.93,,,,,0/0,without_original_doc,422
2023-04-01,N24001645,19,4L OF MALOUT-MANDI DABWALI SECTION PKG-01 DANEWALA AT KM 7.000 TO MANDI DABWALI AT KM 29.500 OF NH-0,Ltd.,,,2020-12-01,2023-06-01,2023-05-01,366.85,366.85,242.03,,366.85,2023-06-01,,,ahead,254
2023-04-01,N04000088,20,"C/O NEW GREENFIELD AIRPORT AT HISSAR, RAJKOT, GUJARAT",Airport Authority Of India Limited,AAI,GUJARAT,2018-01-01,2022-08-01,2023-12-01,1405,1405,964.42,,,2023-12-01,Nil,,delayed,302
2023-04-01,N06000236,20,MOHANPUR EXPANSION OC PHASE II,Central Coal Fields Limited,,,2020-11-01,2025-03-01,2025-03-01,888.99,888.99,25.5,,,,,,on_schedule,256
2023-04-01,N18000342,20,OMKARESHWAR FLOATING SOLAR POWER PROJECT (90 MW),National Thermal Power Corporation,SJVN,MADHYA PRADESH Thdc India Limited,2022-11-01,2024-04-01,,646.17,,,,,,,,without_doc,401
2023-04-01,N22000085,20,TIDIVANAM-NAGARI (NL),East Central Railways,SR,TAMIL NADU Western Railway,2006-09-01,2025-12-01,2025-12-01,582.83,3620.28,659.52,,,,0(R3),0/0,without_original_doc,422
2023-04-01,N04000090,21,DEVELOPMENT OF TUTICORIN AIRPORT,Airport Authority Of India Limited,AAI,TAMIL NADU,2019-06-01,2022-03-01,2023-12-01,380.87,380.87,140.1,,,2023-12-01,Nil,,delayed,303
2023-04-01,N06000169,21,CHITRA EAST (RCE) OCP,Central Coal Fields Limited,,,2018-08-01,2024-03-01,2024-03-01,513.98,513.98,138.32,,,,,,on_schedule,256
2023-04-01,N18000252,21,AMELIA COAL MINE,National Thermal Power Corporation,THDCIL,MADHYA PRADESH,2017-01-01,2020-09-01,2022-11-01,2104.21,,,,,,,,without_doc,401
2023-04-01,N22000434,21,MUMBAI CENTRAL VIRAR VADODARA AHMEDABAAD TRAIN PROTECTION SYSTEM 500 RKM,East Central Railways,WR,MAHARASHTRA,2010-03-01,,2024-03-01,265.88,311.36,,,,,,0/0,without_original_doc,422
2023-04-01,N04000078,22,CONSTRUCTION OF TERMINAL BUILDING AND ASSOCIATED WORKS AT LEH AIRPORT,Airport Authority Of India Limited,AAI,LADAKH,2018-07-01,2021-09-01,2024-03-01,346.27,480.33,234.13,,,2023-12-01,Nil,,delayed,303
2023-04-01,N06000165,22,SIDULI MINE (OC AND UG),Central Coal Fields Limited,,,2018-05-01,2026-03-01,2026-03-01,535.18,535.18,3.21,,,,,,on_schedule,256
2023-04-01,N28000112,22,C/O NEW HOSPITAL BLOCK FOR SREE CHITRA TIRUNAL INSTITIUTE OF MEDICAL SCIENCE AND TECHNOLOGY (SCTIMST,Cpwd For Health,CPWD FOR HEALTH,KERALA,2017-09-01,2020-03-01,2020-03-01,150.29,,,,,,,,without_doc,401
2023-04-01,N22000435,22,VIRAR SURAT ROAD OVER BRIDGE IN LIEU OF LEVEL CROSSING NOS 42 46A 48 52 55 102 106 108 130 AND 137 A,East Central Railways,WR,MAHARASHTRA,2012-03-01,,2024-03-01,217.38,393.62,219.72,,,,,0/0,without_original_doc,422
2023-04-01,N04000091,23,C/O OF NITB AND ASSOCIATED WORK AT VIJAYAWADA AIRPORT,Airport Authority Of India Limited,AAI,ANDHRA PRADESH,2020-04-01,2023-03-01,2024-06-01,611.8,611.8,203.76,,,,Nil,,delayed,303
2023-04-01,N06000185,23,PARASEA- BELBAID REORGANISATION UG MINE,Central Coal Fields Limited,,,2019-07-01,2027-03-01,2027-03-01,826.42,826.42,4.47,,,,,,on_schedule,256
2023-04-01,N28000127,23,CONSTRUCTION OF 300 BEDDED HOSPITAL AND TEACHING BLOCK IN DR YS PARMAR GMC AT NAHAN HIMACHAL PRADESH,Cpwd For Health,CPWD FOR HEALTH,HIMACHAL PRADESH,2018-12-01,2021-06-01,2021-06-01,260,,,,,,,,without_doc,401
2023-04-01,N22000436,23,VIRAR SURAT ROAD OVER BRIDGE IN LIEU OF LEVEL CROSSING NOS 60 64 66 68 69 71 74 75 77 81 AND 82 ALON,East Central Railways,WR,GUJARAT,2012-03-01,,2024-03-01,248.26,528.49,127.92,,,,,0/0,without_original_doc,422
2023-04-01,N04000095,24,EXTENSION OF EXISTING INTEGRATED TERMINAL BUILDING AND ALLIED WORKS AT GOA AIRPORT.,Airport Authority Of India Limited,AAI,GOA,2017-11-01,2021-09-01,2024-06-01,255.69,255.69,38.03,,1383,,Nil,,delayed,303
2023-04-01,N06000244,24,BONJEMEHARI EXPANSION OCP,Central Coal Fields Limited,,,2021-08-01,2025-03-01,2025-03-01,570.12,570.12,12.5,,,,,,on_schedule,256
2023-04-01,N28000139,24,CONST OF 152 QTRS 240 BOYS 240 GIRLS 150 NURSES HOSTEL AND OTHER BUILDINGS INCLUDING DEVELOPMENT,Cpwd For Health,CPWD FOR HEALTH,PONDICHERRY,2018-03-01,2020-09-01,2022-12-01,195,,,,195,2019-12-01,,,without_doc,401
2023-04-01,N22000142,24,MIYAGAM-KARJAN-DABHOI-SAMLAYA (GC),East Central Railways,WR,GUJARAT,2011-04-01,2025-10-01,2025-10-01,844.1,844.1,444.6,,,,0(R3),0/0,without_original_doc,422
2023-04-01,N04000077,25,"CCS INTERNATIONAL AIRPORT , LUCKNOW",Airport Authority Of India Limited,AAI,UTTAR PRADESH,,2021-09-01,2024-12-01,,3291.81,1157.03,,,,,,delayed,303
2023-04-01,N06000220,25,SONEPUR BAZARI EXPANSION OC,Central Coal Fields Limited,Mahanadi Coal Fields Limited,,2021-07-01,2029-03-01,2029-03-01,5365.88,5365.88,267.07,,5366,,,,on_schedule,256
2023-04-01,N28000098,25,ESTABLISHMENT OF NATIONAL ANIMAL RESOURCE FACILITY FOR BIOMEDICAL RESEARCH AT HYDERABAD,Cpwd For Health,CPWD FOR HEALTH,TELANGANA Hll Infra Tech Services Limited,2016-10-01,2020-03-01,,209.84,,,,,,,,without_doc,401
2023-04-01,N24000332,25,REHABILITATION AND UPGRADATION OF END OF AHMEDNAGAR BYPASS TO KHARWANDI KASAR SECTION OF NH-222 FROM,(State Pwds),MoRTH,MAHARASHTRA,2015-01-01,,2023-06-01,225.81,225.81,130.93,,,,,0/0,without_original_doc,422
2023-04-01,N04000082,26,"CONSTRUCTION OF NEW DORNESTIC TERMINAL BUILDING AND OTHER STRUCTURES, PHASE I AND II",Airport Authority Of India Limited,AAI,BIHAR,2018-05-01,2022-10-01,2024-12-01,1216.9,1216.9,418.76,,,,AUGUMENTATION OF,,delayed,303
2023-04-01,N06000230,26,BALARAM EXPANSION OCP,Central Coal Fields Limited,,,2020-08-01,2029-03-01,2029-03-01,3504.21,3504.21,639.02,,,,,,on_schedule,256
2023-04-01,N21000031,26,"COMPREHENSIVE PLANNING, DESIGNING, EXECUTION OF ALL INDIA INSTITUTE OF MEDICAL SCIENCES AT BIBINAGAR",Cpwd For Health,HITES,TELANGANA Hospital Services Consultancy Corporation Ltd,2018-12-01,2024-07-01,,1110.55,,,,,,,,without_doc,401
2023-04-01,N24001039,26,JINTUR TO PARBHANI,(State Pwds),MoRTH,MAHARASHTRA,2017-01-01,,2023-06-01,356.66,356.66,209.48,,,,,0/4,without_original_doc,422
2023-04-01,N04000100,27,"CONSTRUCTION OF NEW INTEGRATED TERMINAL BUILDING, CONTROL TOWER CUM TECHNICAL BLOCK, APRON, LINK TAX",Airport Authority Of India Limited,AAI,MANIPUR,2021-11-01,2024-07-01,2024-12-01,499,499,81.67,,,2024-12-01,Acquisition of AAI Land for,,delayed,303
2023-04-01,N06000229,27,GOPALJI-KANIHA OCP,Central Coal Fields Limited,,,2020-08-01,2028-03-01,2028-03-01,8416.19,8416.19,1374.24,,,,,,on_schedule,256
2023-04-01,N21000007,27,"LGBRIMH-TEZPUR, ASSAM",Cpwd For Health,HSCC,ASSAM 398,2012-07-01,2014-12-01,2018-03-01,175.57,,,,,,,,without_doc,401
2023-04-01,N24000382,27,REHABILITATION AND UPGRADING TO 2 LANES/2 LANE WITH PAVED SHOULDERS CONFIGURATION OF BIRPUR - BIHPUR,(State Pwds),MoRTH,BIHAR,1991-01-01,2023-12-01,2023-12-01,675,780.77,394.81,,780.77,,0(R3),0/0,without_original_doc,422
2023-04-01,N04000083,28,CONSTRUCTION OF NEW INTEGRATED TERMINAL BUILDING AT LGBI AIRPORT GUWAHATI,Airport Authority Of India Limited,AAI,ASSAM,2016-12-01,2021-03-01,2025-03-01,1142,1232,519.68,,,,,,delayed,303
2023-04-01,N06000167,28,INTEGRATED LAKHANPUR-BELPAHAR-LILARI OCP,Central Coal Fields Limited,,,2018-05-01,2027-03-01,2027-03-01,2434.75,2434.75,1299.47,,,,,,on_schedule,256
2023-04-01,N21000009,28,AIIMS - OPD(NEW),Cpwd For Health,HSCC,DELHI,2014-08-01,2017-05-01,2020-01-01,293.65,,,,,,,,without_doc,402
2023-04-01,N24000585,28,4-LANNING OF NH17 AND NEW NO. NH66 FROM KM 241/300 TO 281/300 UNDER HYBRID ANNUITY MODE,(State Pwds),MoRTH,MAHARASHTRA,2016-03-01,,2023-12-01,1101.58,1101.58,454.99,,,,,0/0,without_original_doc,422
2023-04-01,N04000074,29,"MODERNIZATION OF CHENNAI AIRPORT PHASE II, CHENNAI",Airport Authority Of India Limited,AAI,TAMIL NADU,2018-06-01,2022-02-01,2025-07-01,2467,2467,1267.91,,,2024-12-01,Nil,,delayed,303
2023-04-01,N06000227,29,BHUBANESWARI EXPANSION OCP,Central Coal Fields Limited,,,2020-08-01,2031-03-01,2031-03-01,3145.45,3145.45,925.02,,,,,,on_schedule,256
2023-04-01,N21000011,29,CONSTRUCTION OF HOSPITAL AND OPD BLOCK NCI JHAJJAR,Cpwd For Health,HSCC,HARYANA,2014-09-01,2018-03-01,2020-04-01,505.58,,,,,,,,without_doc,402
2023-04-01,N24000943,29,CONSTRUCTION OF A NEW 4 LANE MAJOR BRIDGE ACROSS RIVER KOSI AT PHULAUT INCLUDING RHABILITATION AND,(State Pwds),MoRTH,BIHAR,2018-09-01,,2024-06-01,1478.4,1478.4,91.94,,,,,0/0,without_original_doc,423
2023-04-01,N06000126,30,MADHUBAND NLW WASHERY,Bharat Coking Coal Limited,BCCL,JHARKHAND,2010-08-01,2014-05-01,2023-04-01,289.45,302,297.18,,302,,,,delayed,303
2023-04-01,N06000113,30,SIARMAL OCP (40.00MTY),Central Coal Fields Limited,,,2014-05-01,2026-03-01,2026-03-01,3756.36,3756.36,3299.06,,,,,,on_schedule,256
2023-04-01,N21000010,30,"CONSTRUCTION OF HOSPITAL BLOCK, IIT, KHARAGPUR",Cpwd For Health,HSCC,WEST BENGAL,2014-12-01,2017-05-01,2021-01-01,168.9,,,,,,,,without_doc,402
2023-04-01,N24000780,30,REHABILITATION AND UP GRADATION OF 2 LANE/ 2 LANE WITH PAVED SHOULDER FROM EXISTING KM. 172.900 TO K,(State Pwds),MoRTH,UTTARAKHAND,2018-02-01,2023-04-01,,293.68,293.68,201.2,,,,,0/0,without_original_doc,423
2023-04-01,N06000195,31,2.0 MTPA BHOJUDIH NLW WASHERY,Bharat Coking Coal Limited,BCCL,WEST BENGAL,2015-12-01,2017-03-01,2023-06-01,304.13,341.22,190.3,,341.22,,,,delayed,304
2023-04-01,N06000171,31,REORGANISATION OF BHARATPUR OCP EXPANSION,Central Coal Fields Limited,Neyveli Lignite Corporation,,2018-11-01,2029-03-01,2029-03-01,2838.87,2838.87,1349.39,,,,,,on_schedule,256
2023-04-01,N21000016,31,"RESIDENTIAL COMPLEX AND OPD BLOCK, AIIMS, NAGPUR MAHARASTRA",Cpwd For Health,HSCC,MAHARASHTRA,2017-08-01,2019-03-01,2021-01-01,274.19,,,,,,,,without_doc,402
2023-04-01,N28000105,31,REDEVELOPMENT OF GPRA COLONY AT NAUROJI NAGAR,Ltd,NBCC,DELHI,2016-07-01,,2023-05-01,2694,2694,1629.49,,,,,1/9,without_original_doc,423
2023-04-01,N06000194,32,PATHERDIH 2.5 NLW COAL WASHERY,Bharat Coking Coal Limited,BCCL,JHARKHAND,2015-10-01,2018-04-01,2023-12-01,243,334.27,65.78,,334.27,,,,delayed,304
2023-04-01,N06000193,32,PACHWARA SOUTH COAL BLOCK,Central Coal Fields Limited,,,2013-07-01,2028-09-01,2028-09-01,1795.01,1795.01,43.42,,,,,,on_schedule,256
2023-04-01,N21000017,32,"RESIDENTIAL COMPLEX AND OPD BLOCK, AIIMS-MNAGLAGIRI GUNTUR, ANDHRA PRADESH",Cpwd For Health,HSCC,ANDHRA PRADESH,2017-08-01,2019-03-01,2021-02-01,272.19,,,,,,,,without_doc,402
2023-04-01,N06000106,33,NORTH TISRA AND SOUTH TISRA EXPANSION OCP (6MTY),Bharat Coking Coal Limited,BCCL,JHARKHAND,2014-02-01,2021-03-01,2024-03-01,555.52,555.52,291.95,,,,,,delayed,304
2023-04-01,N06000189,33,TALABIRA II AND III OCP,Central Coal Fields Limited,Northern Coal Fields Limited,,2017-07-01,2027-01-01,2027-01-01,2401.07,2401.07,1011.45,,,,,,on_schedule,256
2023-04-01,N21000012,33,SATELLITE CENTRE PGI CHANDIGARH SANGRUR PUNJAB,Cpwd For Health,HSCC,PUNJAB,2016-07-01,2018-02-01,2021-04-01,152.95,,,,,,,,without_doc,402
2023-04-01,N06000098,34,MOONIDIH XV SEAM UG,Bharat Coking Coal Limited,BCCL,JHARKHAND,2011-08-01,2019-03-01,2024-04-01,1230.27,1230.27,573.28,,,,,,delayed,304
2023-04-01,N06000192,34,BINA KAKRI AMALGAMATION OCP 14 MTPA,Central Coal Fields Limited,,,2020-08-01,2024-03-01,2024-03-01,836.42,836.42,312.95,,,,,,on_schedule,256
2023-04-01,N21000021,34,HOSPITAL AND MEDICAL COLLEGE AIIMS RAEBARELI,Cpwd For Health,HSCC,UTTAR PRADESH,2018-03-01,,2021-05-01,268.84,,,,,,,,without_doc,402
2023-04-01,N06000096,35,MURAIDIH UG TURN-KEY PROJECT,Bharat Coking Coal Limited,BCCL,JHARKHAND Central Coal Fields Limited,2011-02-01,2014-04-01,2025-10-01,339.88,339.88,146.49,,,,,,delayed,304
2023-04-01,N06000196,35,NIGAHI EXPANSION OCP (15 TO 25 MTPA),Central Coal Fields Limited,,,2020-11-01,2025-03-01,2025-03-01,1729.68,1729.68,244.7,,,,,,on_schedule,256
2023-04-01,N21000022,35,SUPER SPECIALITY BLOCK PMSSY GOA,Cpwd For Health,HSCC,GOA,2018-01-01,,2021-05-01,249.01,,,,,,,,without_doc,402
2023-04-01,N06000083,36,CHURI BENTI UG (0.81 MTY),Bharat Coking Coal Limited,CCL,JHARKHAND,2007-08-01,2011-03-01,2024-03-01,163.51,163.51,133,,,,,,delayed,304
2023-04-01,N06000208,36,KHADIA EXPANSION OCP,Central Coal Fields Limited,South-Eastern Coal Fields Limited,,2021-06-01,2025-03-01,2025-03-01,491.67,491.67,6.84,,,,,,on_schedule,256
2023-04-01,N21000008,36,AIIMS - MOTHER AND CHILD BLOCK,Cpwd For Health,HSCC,DELHI,2013-12-01,2017-05-01,2021-06-01,204.44,,,,,,,,without_doc,402
2023-04-01,N06000088,37,KARMA OCP (1.0MTY),Bharat Coking Coal Limited,CCL,JHARKHAND,2009-06-01,2014-03-01,2024-03-01,162.46,162.46,94.47,,,,,,delayed,304
2023-04-01,N06000207,37,BATURA WEST OC PROJECT (0.80 MTY),Central Coal Fields Limited,,,2021-03-01,2028-03-01,2028-03-01,496.28,496.28,,,,,,,on_schedule,256
2023-04-01,N21000003,37,LHMC NEW DELHI-RE-DEVELOPMENT,Cpwd For Health,HSCC,DELHI,2013-02-01,2013-11-01,2021-09-01,414.11,,,,,,,,without_doc,402
2023-04-01,N06000087,38,RAJRAPPA RCE OCP ( 3.0 MTY),Bharat Coking Coal Limited,CCL,JHARKHAND,2009-12-01,2016-03-01,2025-03-01,510.85,510.85,484.43,,,,,,delayed,304
2023-04-01,N06000166,38,JHIRIA WEST OPENCAST PROJECT,Central Coal Fields Limited,,,2018-11-01,2026-03-01,2026-03-01,389.97,389.97,14,,,,,,on_schedule,257
2023-04-01,N21000015,38,CNCI KOLKATA WEST BENGAL,Cpwd For Health,HSCC,WEST BENGAL,2016-08-01,2018-09-01,2021-12-01,244,,,,,,,,without_doc,402
2023-04-01,N06000186,39,TETARIAKHAR EXPANSION OCP,Bharat Coking Coal Limited,CCL,JHARKHAND Eastern Coal Fields Limited,2019-11-01,2023-03-01,2025-03-01,243.52,243.52,41.04,,,,,,delayed,304
2023-04-01,N06000200,39,DIPKA OC EXPANSION 40 MTY,Central Coal Fields Limited,,,2020-12-01,2029-03-01,2029-03-01,5241.4,5241.4,2217.05,,,,,,on_schedule,257
2023-04-01,N21000018,39,"RESIDENTIALCOMPLEX AND OPD BLOCK, AIIMS, KALYANI WEST BENGAL",Cpwd For Health,HSCC,WEST BENGAL,2017-08-01,2019-03-01,2021-12-01,355.15,,,,,,,,without_doc,402
2023-04-01,N06000163,40,RANIGANJ MASTER PLAN,Bharat Coking Coal Limited,ECL,WEST BENGAL Mahanadi Coal Fields Limited,2009-08-01,2019-08-01,2024-08-01,2661.73,5146.48,685.23,,,,1.Publication of final figure,,delayed,305
2023-04-01,N06000233,40,RAMPUR BATURA OC (4.0 MTY),Central Coal Fields Limited,,,2019-07-01,2026-03-01,2026-03-01,1248.93,1248.93,365.03,,,,,,on_schedule,257
2023-04-01,N21000023,40,HOSPITAL AND TEACHING- AIIMS NAGPUR,Cpwd For Health,HSCC,MAHARASHTRA,2018-03-01,,2021-12-01,582.99,,,,,,,,without_doc,402
2023-04-01,N06000112,41,BASUNDHARA (WEST) OC EXTN(7.00 MTY),Bharat Coking Coal Limited,MCL,ODISHA,2014-05-01,2019-03-01,2026-03-01,479.15,479.15,258.52,,,,,,delayed,305
2023-04-01,N06000198,41,JAMPALI OCP RCE,Central Coal Fields Limited,,,2020-05-01,2024-03-01,2024-03-01,278.64,278.64,196.89,,,,,,on_schedule,257
2023-04-01,N21000024,41,HOSPITAL AND TEACHING- AIIMS KALYANI,Cpwd For Health,HSCC,WEST BENGAL,2018-04-01,,2021-12-01,651.99,,,,,,,,without_doc,402
2023-04-01,N06000117,42,GARJANBAHAL OCP,Bharat Coking Coal Limited,MCL,ODISHA,2014-11-01,2021-03-01,2026-03-01,1375.38,1375.38,769.65,,,,,,delayed,305
2023-04-01,N06000197,42,BAROUD OC EXPANSION (3-10 MTY),Central Coal Fields Limited,,,2020-08-01,2029-03-01,2029-03-01,2309.8,2309.8,464.36,,,,,,on_schedule,257
2023-04-01,N21000019,42,GERIATRICS BLOCK- AIIMS DLEHI,Cpwd For Health,HSCC,DELHI,2017-12-01,,2022-01-01,156.56,,,,,,,,without_doc,402
2023-04-01,N06000248,43,KULDA EXPANSION OCP- 15 MTY,Bharat Coking Coal Limited,MCL,ODISHA Neyveli Lignite Corporation,2014-06-01,2018-03-01,2026-03-01,348.16,348.16,177.42,,,,,,delayed,305
2023-04-01,N06000164,43,MAHAMAYA OPENCAST PROJECT,Central Coal Fields Limited,,,2018-05-01,2026-03-01,2026-03-01,410.26,410.26,95.24,,,,,,on_schedule,257
2023-04-01,N21000013,43,NEIGRIHMS SHILLONG MEGHALYA,Cpwd For Health,HSCC,MEGHALAYA,2016-10-01,2018-05-01,2022-12-01,363.99,,,,,,,,without_doc,402
2023-04-01,N06000152,44,NEYVELI UTTAR PRADESH POWER PROJECT LIMITED 1980 MW,Bharat Coking Coal Limited,NLC,UTTAR PRADESH,2016-07-01,2021-11-01,2023-12-01,17237,19406.12,14986.64,,1458.17,,1. Acquisition of Balance,,delayed,306
2023-04-01,N06000199,44,PORDA CHIMTAPANI OCP (10 MTY),Central Coal Fields Limited,,,2020-12-01,2029-03-01,2029-03-01,2310.12,2310.12,,,,,,,on_schedule,257
2023-04-01,N21000020,44,HOSPITAL AND TEACHING- AIIMS GUNTUR,Cpwd For Health,HSCC,ANDHRA PRADESH Nbcc For Health,2018-03-01,,2022-12-01,601.02,,,,,,,,without_doc,402
2023-04-01,N06000138,45,EXPANSION OF MINE-I (LEASE AREA) AND MINE-I A (3.0 TO 7.0 MTPA),Bharat Coking Coal Limited,NLC,TAMIL NADU Northern Coal Fields Limited,,2015-06-01,2027-09-01,,709.06,534.29,,,,Acquisition of required lands,,delayed,306
2023-04-01,N06000158,45,VIJAY WEST OPENCAST PROJECT,Central Coal Fields Limited,Western Coal Fields Limited,,2017-05-01,2026-03-01,2026-03-01,976.95,976.95,88,,,,,,on_schedule,257
2023-04-01,N21000028,45,AIIMS BILASPUR,Cpwd For Health,NBCC FOR HEALTH,HIMACHAL PRADESH,2018-04-01,2021-09-01,2022-12-01,1351,,,,,,,,without_doc,402
2023-04-01,N06000159,46,JAYANT EXPANSION OCP 10 TO 20 MTPA,Bharat Coking Coal Limited,NCL,MADHYA PRADESH,2017-05-01,2021-03-01,2023-06-01,1783.09,1783.09,1420.66,,,,,,delayed,306
2023-04-01,N06000205,46,GHONSA EXPANSION DEEP OC,Central Coal Fields Limited,,,2021-03-01,2028-03-01,2028-03-01,241.72,241.72,58.42,,,,,,on_schedule,257
2023-04-01,N22000428,46,MULTI MODAL LOGISTICS PARK AT VARNAMA,Container Corporation Of India,CCOI,GUJARAT,2013-10-01,2019-03-01,2019-03-01,343,,,,,,,,without_doc,402
2023-04-01,N06000162,47,DUDHICHUA EXPANSION OCP (10 TO 20 MTPA),Bharat Coking Coal Limited,NCL,MADHYA PRADESH,2017-11-01,2022-03-01,2023-08-01,1255.17,1255.17,981.43,,,,,,delayed,306
2023-04-01,N06000253,47,MAKARDHOKDA I EXPANSION OC,Central Coal Fields Limited,,,2022-06-01,2026-03-01,2026-03-01,497.06,497.06,135.18,,,,,,on_schedule,257
2023-04-01,N22000431,47,MULTI MODAL LOGISTICS PARK AT KAKINADA,Container Corporation Of India,CCOI,ANDHRA PRADESH Dedicated Freight Corridor Corporation Of India Ltd,2016-08-01,2019-03-01,2019-03-01,234.5,,,,,,,,without_doc,402
2023-04-01,N06000184,48,BLOCK-B EXPANSION OPENCAST PROJECT,Bharat Coking Coal Limited,NCL,MADHYA PRADESH Singareni Colliers Company Limitted,2019-07-01,2023-03-01,2024-03-01,998.71,998.71,47,,,,,,delayed,306
2023-04-01,N06000256,48,BHANEGAON OC (1.15MTY),Central Coal Fields Limited,,,2022-09-01,2028-03-01,2028-03-01,494.6,494.6,96.24,,,,,,on_schedule,257
2023-04-01,N22000464,48,WESTERN DEDICATED FREIGHT CORRIDOR,Container Corporation Of India,DFCC,MULTI STATE 399,2007-11-01,2020-03-01,2020-03-01,16592,,,,51101,,,,without_doc,402
2023-04-01,N06000161,49,KAKATIYAKHANI OPENCAST III PROJECT PHASE-1,Bharat Coking Coal Limited,SCCL,TELANGANA,2017-03-01,2022-03-01,2024-03-01,413.84,413.84,384.16,,,,,,delayed,306
2023-04-01,N06000251,49,SAONER UG MINE I EXPANSION,Central Coal Fields Limited,,,2022-01-01,2028-03-01,2028-03-01,253.51,253.51,36.1,,,,,,on_schedule,257
2023-04-01,N22000346,49,EASTERN DEDICATED FREIGHT CORRIDOR PROJECT,Container Corporation Of India,DFCC,MULTI STATE East Central Railways,2006-10-01,,,11589,,,,30357,,,,without_doc,403
2023-04-01,N06000173,50,SRP OC-II EXPANSION PROJECT,Bharat Coking Coal Limited,SCCL,TELANGANA,2016-11-01,2018-03-01,2024-03-01,272.73,272.73,153.75,,,,,,delayed,306
2023-04-01,N06000222,50,DINESH (MAKARDHOKDA-III) OC (8.0 MTY),Central Coal Fields Limited,,,2020-02-01,2027-03-01,2027-03-01,1184.33,1184.33,659.04,,,,,,on_schedule,257
2023-04-01,220100222,50,"KODERMA-RANCHI VIA BARKAKANA (NL),ECR",Container Corporation Of India,ECR,JHARKHAND,1999-03-01,,2022-07-01,1033.07,,,,3020.95,,,,without_doc,403
2023-04-01,N06000202,51,GODAVARIKHANI COAL MINE,Bharat Coking Coal Limited,SCCL,TELANGANA,2019-07-01,2023-03-01,2024-03-01,438.98,438.98,119.7,,,,,,delayed,306
2023-04-01,N06000219,51,ADASA UG TO OC (1.50 MTY),Central Coal Fields Limited,,,2018-11-01,2024-03-01,2024-03-01,333.43,333.43,191.54,,,,,,on_schedule,257
2023-04-01,N22000334,51,HAJIPUR - BACHAWARA,Container Corporation Of India,ECR,MULTI STATE,2015-05-01,2019-03-01,2022-07-01,678.54,,,,678.54,,,,without_doc,403
2023-04-01,N06000210,52,RCE OF RAMAGUNDAM OPENCAST II EXTENSION PROJECT,Bharat Coking Coal Limited,SCCL,TELANGANA,2015-11-01,2023-03-01,2024-03-01,489.62,489.62,392.2,,,,,,delayed,306
2023-04-01,N06000250,52,TAWA III UG MINE,Central Coal Fields Limited,,,2021-12-01,2027-03-01,2027-03-01,324.25,324.25,10.8,,,,,,on_schedule,257
2023-04-01,N22000349,52,KIUL - GAYA DOUBLING PROJECT,Container Corporation Of India,ECR,BIHAR,2015-12-01,2020-03-01,2023-03-01,1200.2,,,,1200.2,,,,without_doc,403
2023-04-01,N06000211,53,RCE OF INDARAM OPENCAST PROJECT,Bharat Coking Coal Limited,SCCL,TELANGANA,2017-08-01,2021-03-01,2024-03-01,349.28,424.81,335.24,,,,,,delayed,306
2023-04-01,N06000209,53,DHUPTALA OC(SASTI UG TO OC),Central Coal Fields Limited,,,2019-02-01,2028-03-01,2028-03-01,720.87,720.87,174.48,,,,,,on_schedule,257
2023-04-01,N22000419,53,KARAILA ROAD - SHAKTINAGAR DOUBLING,Container Corporation Of India,ECR,UTTAR PRADESH East Coast Railway,2015-08-01,2019-03-01,2023-03-01,528.57,,,,,,,,without_doc,403
2023-04-01,N06000213,54,RCE OF KALYANIKHANI OPENCAST PROJECT,Bharat Coking Coal Limited,SCCL,TELANGANA,2016-03-01,2020-03-01,2024-03-01,384.32,384.32,179.29,,,,,,delayed,306
2023-04-01,N06000183,54,GANDHIGRAM UG MINE,Central Coal Fields Limited,,,2019-08-01,2026-03-01,2026-03-01,414.16,414.16,23.08,,,,,,on_schedule,257
2023-04-01,N22000377,54,KOTTAVALSA - KORAPUT DOUBLING,Container Corporation Of India,ECOR,ANDHRA PRADESH,2015-04-01,2022-03-01,2022-09-01,2499.71,,,,,,,,without_doc,403
2023-04-01,N06000214,55,RCE OF KAKATHIYAKHANI OC - 2 PROJECT,Bharat Coking Coal Limited,SCCL,TELANGANA,2017-08-01,2020-03-01,2024-03-01,442.42,442.42,220.4,,,,,,delayed,306
2023-04-01,N06000235,55,GAURI PAUNI EXPANSION OC,Central Coal Fields Limited,,,2020-08-01,2029-03-01,2029-03-01,337.38,337.38,48.04,,,,,,on_schedule,257
2023-04-01,N22000315,55,SAMBALPUR-TALCHER DOUBLING,Container Corporation Of India,ECOR,ODISHA Eastern Railways,2011-03-01,2019-02-01,2023-02-01,1111.99,,,,1539.28,2023-02-01,,,without_doc,403
2023-04-01,N06000215,56,RCE OF KISTARAM OPENCAST PROJECT,Bharat Coking Coal Limited,SCCL,TELANGANA,2017-03-01,2021-03-01,2024-03-01,164.04,164.04,143.08,,,,,,delayed,306
2023-04-01,N06000254,56,BHATADI EXPANSION OC,Central Coal Fields Limited,,,2020-02-01,2028-03-01,2028-03-01,729.86,729.86,157.27,,,,,,on_schedule,257
2023-04-01,N22000221,56,BANDEL-BOINCHI 3RD LINE,Container Corporation Of India,ER,MULTI STATE,2011-04-01,2021-09-01,2022-05-01,288.35,,,,,,,,without_doc,403
2023-04-01,N06000203,57,NAINI COAL MINE,Bharat Coking Coal Limited,SCCL,ODISHA,2020-03-01,2024-03-01,2025-03-01,494.3,494.3,296.84,,,,,,delayed,307
2023-04-01,N06000255,57,NEW MAJARI UG TO OC (3.0 MTY),Central Coal Fields Limited,,,2019-05-01,2027-03-01,2027-03-01,496.38,496.38,96.34,,,,,,on_schedule,257
2023-04-01,N22000238,57,BOINCHI-SHAKTIGARH 3RD LINE,Container Corporation Of India,ER,MULTI STATE,2011-04-01,,2022-09-01,175.8,,,,,,,,without_doc,403
2023-04-01,N06000204,58,VENKATESH KHANI COAL MINE,Bharat Coking Coal Limited,SCCL,TELANGANA South-Eastern Coal Fields Limited,2020-10-01,2023-03-01,2025-03-01,484.51,484.51,64.04,,,,,,delayed,307
2023-04-01,N06000252,58,SINGHORI DEEP OC,Central Coal Fields Limited,,,2022-05-01,2029-03-01,2029-03-01,421.84,421.84,101.38,,,,,,on_schedule,257
2023-04-01,N22000229,58,"DANKUNI-CHANDANPUR 4TH LINE, 1ST PHASE OF DANKUNI- SHAKTIGARH 4TH LINE WITH MM BARUIPARA FURFURA NL",Container Corporation Of India,ER,MULTI STATE,2010-04-01,2017-03-01,2022-12-01,365.17,,,,,,,,without_doc,403
2023-04-01,N06000124,59,RAJNAGAR OCP RPR (1.70 MTY),Bharat Coking Coal Limited,SECL,MADHYA PRADESH,2014-12-01,2021-03-01,2024-03-01,357.8,357.8,87.12,,,,,,delayed,307
2023-04-01,N06000257,59,AMALGAMATED DHANKASA JAMUNIA UG (1.84 MTY),Central Coal Fields Limited,,,2022-09-01,2027-03-01,2027-03-01,497.01,497.01,101.74,,,,,,on_schedule,257
2023-04-01,N22000302,59,BAZAR SAU -AZIMGANJ JN. DOUBLING,Container Corporation Of India,ER,WEST BENGAL Kolkata Metro Rail Corporation Limited,2012-04-01,,2022-12-01,255.64,,,,,,,,without_doc,403
2023-04-01,N06000125,60,KANCHAN OC EXPANSION,Bharat Coking Coal Limited,SECL,MADHYA PRADESH,2014-12-01,2021-03-01,2024-03-01,371.04,371.04,95.65,,,,,,delayed,307
2023-04-01,N06000260,60,VISHNUPURI UG TO OC,Central Coal Fields Limited,,,2022-11-01,2029-03-01,2029-03-01,227.65,227.65,7.02,,,,,,on_schedule,257
2023-04-01,N22000108,60,NEW WORK FOR CONSTRUCTION OF METRO RAILWAY FROM NOAPARA-BARASAI VIA BIMANBANDER (MTP),Container Corporation Of India,KOMRCL,WEST BENGAL Metropolitan Rapid Transport Projects,2010-04-01,2016-03-01,2016-03-01,2397.72,,,,,,,,without_doc,403
2023-04-01,N06000134,61,BATURA HIGHWALL PROJECT,Bharat Coking Coal Limited,SECL,MADHYA PRADESH,2015-07-01,2022-03-01,2024-03-01,231.92,231.92,2.21,,,,,,delayed,307
2023-04-01,N06000206,61,SASTI EXPANSION OC,Central Coal Fields Limited,,,2020-08-01,2026-03-01,2026-03-01,371.59,371.59,56.04,,,,,,on_schedule,257
2023-04-01,N22000092,61,MUMBAI URBAN TRANSPORT PROJECT PHASE-II,Container Corporation Of India,MRTP,MAHARASHTRA,2008-04-01,2014-03-01,2014-03-01,5300,,,,,,,,without_doc,403
2023-04-01,N06000232,62,JAGANNATHPUR OC RCE (3.0 MTY),Bharat Coking Coal Limited,SECL,CHHATISGARH,2016-07-01,2020-03-01,2024-03-01,459.49,459.49,219.36,,,,,,delayed,307
2023-04-01,N06000231,62,MUNGOLI NIRGUDA EXTENSION (DEEP) OC,Central Coal Fields Limited,,,2020-11-01,2026-03-01,2026-03-01,826.8,826.8,317.6,,,,,,on_schedule,258
2023-04-01,220100164,62,BELAPUR-SEAWOOD-URAN ELECTRIFIED DOUBLE LINE(MTP),Container Corporation Of India,MRTP,MAHARASHTRA North East Frontier Railway,1996-03-01,2004-03-01,2023-03-01,495.44,,,,,,,,without_doc,403
2023-04-01,060100093,63,GEVRA EXPANSION OCP (SECL) (35-70) MTY,Bharat Coking Coal Limited,SECL,CHHATISGARH,2010-06-01,2023-03-01,2025-03-01,11816.4,11816.4,5831.21,,,,,,delayed,307
2023-04-01,N06000226,63,AMALGAMATED INDER-KAMPTEE DEEP OC (3.20 MTY),Central Coal Fields Limited,,,2018-09-01,2024-03-01,2024-03-01,313.34,313.34,175.33,,,,,,on_schedule,258
2023-04-01,N22000195,63,AGARTALA-AKHAURA NL,Container Corporation Of India,NFR,TRIPURA,2012-04-01,2020-03-01,2022-09-01,569.63,,,,,2022-06-01,,,without_doc,403
2023-04-01,N06000008,64,KUSMUNDA EXPN.OCP(SECL)(15-50)MTY,Bharat Coking Coal Limited,SECL,CHHATISGARH,2013-08-01,2023-03-01,2025-03-01,7612.33,7612.33,4024.77,,,,,,delayed,307
2023-04-01,N06000132,64,AMALGAMATED YEKONA-I YEKONA-II,Central Coal Fields Limited,,,2015-08-01,2025-03-01,2025-03-01,727.28,727.28,491.33,,,,,,on_schedule,258
2023-04-01,N22000207,64,NEW BG LINE FROM JAGBANI TO BIRATNAGAR,Container Corporation Of India,NFR,MULTI STATE,2010-04-01,,2023-03-01,241.52,,,,,,,,without_doc,403
2023-04-01,N06000104,65,CHHAL OC SEAM -III (6.00 MTY),Bharat Coking Coal Limited,SECL,CHHATISGARH,2013-12-01,2022-03-01,2025-03-01,610.63,610.63,453.56,,,2025-03-01,,,delayed,307
2023-04-01,N42000010,65,ADDITIONAL INFRASTRUCTURE AT IISC BANGALORE SH RCC MONOLITHIC FOR MEN WOMEN HOSTEL,Central Public Works Department,Cpwd Of Higher Education,,2021-08-01,2024-02-01,2024-02-01,316.25,316.25,,,,,,,on_schedule,258
2023-04-01,N22000205,65,NEW BG LINE FROM BYRNIHAT TO SHILLONG,Container Corporation Of India,NFR,MEGHALAYA North Eastern Railway,2010-04-01,2021-03-01,,906.46,,,,1202.33,,,,without_doc,403
2023-04-01,N06000135,66,AMGAON OPENCAST PROJECT RCE,Bharat Coking Coal Limited,SECL,CHHATISGARH,2015-07-01,2020-03-01,2025-03-01,316.1,316.1,154.22,,,,,,delayed,307
2023-04-01,N28000131,66,CONSTRUCTION OF PERMANENT CAMPUS IIT JAMMU (PHASE 1C),Central Public Works Department,,,2018-01-01,2023-04-01,2023-04-01,676,676,0.15,,,,,,on_schedule,258
2023-04-01,N22000469,66,AUNRIHAR - JAUNPUR PATCH DOUBLING .,Container Corporation Of India,NER,UTTAR PRADESH,2016-04-01,2022-01-01,2023-02-01,600,,,,,,,,without_doc,403
2023-04-01,N06000148,67,AMADAND OPENCAST EXPANSION PROJECT,Bharat Coking Coal Limited,SECL,MADHYA PRADESH,2016-03-01,2021-03-01,2025-03-01,869.44,869.44,193.34,,,2025-03-01,,,delayed,307
2023-04-01,N40000001,67,NATIONAL INDUSTRIAL CORRIDOR PROJECT,Dmic For Dpiit,,,2011-09-01,2027-03-01,2027-03-01,20084,20084,9682.86,,,2027-03-01,,,on_schedule,258
2023-04-01,N22000456,67,INDARA - DOHRIGHAT GAUGE CONVERSION.,Container Corporation Of India,NER,UTTAR PRADESH North Western Railway,2016-04-01,2016-04-01,2023-03-01,213,,,,,,,,without_doc,403
2023-04-01,N06000076,68,KARTALI (EAST) OCP (2.50 MTY),Bharat Coking Coal Limited,SECL,CHHATISGARH,2008-07-01,2014-03-01,2026-03-01,178.44,178.44,16.13,,,,,,delayed,307
2023-04-01,N28000150,68,C/O AIIMS AT AWANTIPORA (KASHMIR) JAMMU AND KASHMIR,Cpwd For Health,,,2019-03-01,2025-09-01,2025-09-01,1828,1828,593.52,,,,,,on_schedule,258
2023-04-01,N22000466,68,JODHPUR (RAI KA BAGH) - DEGANA DOUBLING (145 KM),Container Corporation Of India,NWR,RAJASTHAN Northern Railway,2018-08-01,2022-08-01,2023-02-01,808.85,,,,,2023-02-01,,,without_doc,404
2023-04-01,N06000123,69,AMERA OC RCE,Bharat Coking Coal Limited,SECL,CHHATISGARH,2015-02-01,2018-03-01,2026-03-01,335.97,335.97,48.5,,,,,,delayed,307
2023-04-01,N16000466,69,"CITY GAS DISTRIBUTION NETWORK PROJECT AT AMETHI, RAEBARELI AND PRATAPGARH",Bharat Petroleum Corporation Limited,,,2019-04-01,2028-09-01,2028-09-01,432.06,432.06,82.27,,,,,,on_schedule,258
2023-04-01,N22000272,69,ROHTAK-MEHAM HANSI,Container Corporation Of India,NR,HARYANA National High Speed Rail Corporation Limited,2012-04-01,2011-12-01,2011-12-01,287,,,,,,,,without_doc,404
2023-04-01,N06000122,70,AMRITDHARA OC PROJECT,Bharat Coking Coal Limited,SECL,MADHYA PRADESH,2015-02-01,2023-03-01,2027-03-01,481.6,481.6,2.19,,,,,,delayed,307
2023-04-01,N16000461,70,CITY GAS DISTRIBUTION NETWORK PROJECT AT BALLARI AND GADAG,Bharat Petroleum Corporation Limited,,,2019-04-01,2028-09-01,2028-09-01,897.62,897.62,140.36,,,,,,on_schedule,258
2023-04-01,N22000463,70,MUMBAI AHMEDABAD HIGH SPEED RAIL PROJECT,Container Corporation Of India,NHSRCL,MULTI STATE Rail India Technical And Economic Service,2015-12-01,2023-12-01,,108000,,,,,,,,without_doc,404
2023-04-01,N06000140,71,MADANNAGAR OPENCAST PROJECT,Bharat Coking Coal Limited,SECL,CHHATISGARH,2015-10-01,2024-03-01,2027-03-01,1875.32,1875.32,,,,,,,delayed,307
2023-04-01,N16000460,71,CITY GAS DISTRIBUTION NETWORK PROJECT AT SANGLI AND SATARA,Bharat Petroleum Corporation Limited,,,2019-04-01,2028-11-01,2028-11-01,2337.98,2337.98,596.98,,,,,,on_schedule,258
2023-04-01,N22000394,71,DOUBLING OF TRACK BETWEEN GOOTY AND DHARMAVARAM OF SOUTH CENTRAL RAILWAY,Container Corporation Of India,RITES,TELANGANA Rail Vikas Nigam Ltd.,2015-03-01,2021-03-01,,636.38,,,,998.3,2023-02-01,,,without_doc,404
2023-04-01,N06000136,72,DURGAPUR OPENCAST PROJECT,Bharat Coking Coal Limited,SECL,CHHATISGARH,2015-02-01,2023-03-01,2030-03-01,916.24,916.24,13.24,,,,,,delayed,307
2023-04-01,N16000467,72,"CITY GAS DISTRIBUTION NETWORK PROJECT AT BILASPUR, HAMIRPUR AND UNA",Bharat Petroleum Corporation Limited,,,2019-04-01,2030-09-01,2030-09-01,427.94,427.94,46.77,,,,,,on_schedule,258
2023-04-01,220100325,72,SUKINDA ROAD - ANGUL (NL)(ECOR),Container Corporation Of India,RVNL,ODISHA,1998-04-01,2015-02-01,2023-03-01,1202.7,,,,,2023-01-01,,,without_doc,404
2023-04-01,N06000045,73,PELMA OCP(15.00MTY),Bharat Coking Coal Limited,SECL,CHHATISGARH Western Coal Fields Limited,2014-11-01,2023-03-01,2031-03-01,1624.59,1624.59,11.9,,,,,,delayed,307
2023-04-01,N16000472,73,CITY GAS DISTRIBUTION NETWORK PROJECT AT SATNA AND SHAHDOL,Bharat Petroleum Corporation Limited,,,2019-04-01,2028-09-01,2028-09-01,332.38,332.38,59.61,,,,,,on_schedule,258
2023-04-01,N22000144,73,PALANPUR-SAMAKHAYALI (DL),Container Corporation Of India,RVNL,GUJARAT,2013-04-01,2021-12-01,2023-03-01,1548.66,,,,,2023-02-01,,,without_doc,404
2023-04-01,N06000180,74,BELLORA-NAIGAON DEEP OC,Bharat Coking Coal Limited,WCL,MAHARASHTRA,2018-11-01,2021-03-01,2024-03-01,252.71,252.71,115.18,,,2024-03-01,,,delayed,308
2023-04-01,N16000459,74,CITY GAS DISTRIBUTION NETWORK PROJECT AT AHMEDNAGAR AND AURANGABAD,Bharat Petroleum Corporation Limited,,,2019-04-01,2028-09-01,2028-09-01,3972.18,3972.18,1167.45,,,,,,on_schedule,259
2023-04-01,N22000414,74,BINA - KOTA DOUBLING WITH RE,Container Corporation Of India,RVNL,MADHYA PRADESH,2011-04-01,2020-12-01,2023-03-01,1485.85,,,,,2023-02-01,,,without_doc,404
2023-04-01,N06000154,75,NILJAI EXPANSION (DEEP) OC (3.5 MTY),Bharat Coking Coal Limited,WCL,MULTI STATE,2016-08-01,2022-03-01,2025-03-01,319.76,319.76,261.49,,319.76,2025-03-01,,,delayed,308
2023-04-01,N16000473,75,CITY GAS DISTRIBUTION NETWORK PROJECT AT ROHTAK,Bharat Petroleum Corporation Limited,,,2018-04-01,2025-06-01,2025-06-01,261.48,261.48,98.85,,,,,,on_schedule,259
2023-04-01,220100327,75,KHURDA ROAD - BARANG 3RD LINE (DL) (ECOR),Container Corporation Of India,RVNL,ODISHA,2000-04-01,2009-03-01,,133.41,,,,207,2023-06-01,,,without_doc,404
2023-04-01,N06000157,76,DURGAPUR EXTENSION (DEEP) OC (3.0 MTY),Bharat Coking Coal Limited,WCL,MULTI STATE,2017-02-01,2021-03-01,2025-03-01,328,328,306.4,,,2025-03-01,,,delayed,308
2023-04-01,N16000474,76,CITY GAS DISTRIBUTION NETWORK PROJECT AT CHATRA AND PALAMU,Bharat Petroleum Corporation Limited,,,2019-12-01,2029-03-01,2029-03-01,230.25,230.25,21.11,,,,,,on_schedule,259
2023-04-01,N22000313,76,VIJAYWADA-GUDUGOLANU-BHIMAVARAM-NARSAPUR DL (221 KM),Container Corporation Of India,RVNL,ANDHRA PRADESH,2012-03-01,2020-03-01,,1503.71,,,,,2022-06-01,,,without_doc,404
2023-04-01,N06000179,77,UKNI DEEP OC,Bharat Coking Coal Limited,WCL,MAHARASHTRA,2018-11-01,2021-03-01,2025-03-01,318.14,318.14,239.8,,,2025-03-01,,,delayed,308
2023-04-01,N16000465,77,CITY GAS DISTRIBUTION NETWORK PROJECT AT JAGATSINGHPUR AND KENDRAPARA,Bharat Petroleum Corporation Limited,,,2019-04-01,2030-03-01,2030-03-01,485.91,485.91,63.43,,,,,,on_schedule,259
2023-04-01,N22000407,77,DAUND-GULBARGA - DOUBLING (224.9 KM) AND PUNE-GUNTAKAL -ELECTRIFICATION (641.37 KM),Container Corporation Of India,RVNL,MAHARASHTRA,2009-03-01,2020-03-01,,713.48,,,,,2022-08-01,,,without_doc,404
2023-04-01,N10000015,78,"CONSTRUCTION OF BASEMENTG FLOOR10 STORIES BUILDING FOR THE STATE OF THE ART, DG, GSI AT SECTOR-V, SA",Central Public Works Department,CPWD,WEST BENGAL National Aluminum Company Limited (Nalco),2019-04-01,2022-04-01,2025-10-01,255.37,255.37,31.84,,,,,,delayed,308
2023-04-01,N16000464,78,"CITY GAS DISTRIBUTION NETWORK PROJECT AT BARGARH, DEBGARH AND SAMBALPUR",Bharat Petroleum Corporation Limited,,,2019-04-01,2030-03-01,2030-03-01,599.19,599.19,78.48,,,,,,on_schedule,259
2023-04-01,N22000410,78,SAMBALPUR - TITLAGARH - DOUBLING,Container Corporation Of India,RVNL,ODISHA,2006-03-01,2020-03-01,,948.04,,,,,2022-11-01,,,without_doc,404
2023-04-01,N10000011,79,UTKAL D AND E COAL BLOCK,Central Public Works Department,NALCO,ODISHA,2016-05-01,2020-01-01,2023-11-01,534,667.23,602.28,,667.23,2023-11-01,,,delayed,308
2023-04-01,N16000475,79,CITY GAS DISTRIBUTION NETWORK PROJECT AT SAHARANPUR,Bharat Petroleum Corporation Limited,,,2016-05-01,2023-06-01,2023-06-01,186.7,198.8,168.58,,,,,,on_schedule,259
2023-04-01,N22000413,79,BHIMSEN - JHANSI DOUBLING WITH ELECTRIFICATION,Container Corporation Of India,RVNL,UTTAR PRADESH South Central Railway,2012-03-01,2020-12-01,,1183.25,,,,,2023-02-01,,,without_doc,404
2023-04-01,N10000014,80,25.5 MW WIND POWER PROJECT AT KAYATHAR IN TAMILNADU,Central Public Works Department,NALCO,TAMIL NADU,2017-09-01,2019-06-01,2023-12-01,166.62,163.17,135,,163.17,2023-12-01,Extension of NFR (Noted,,delayed,308
2023-04-01,N16000468,80,CITY GAS DISTRIBUTION NETWORK PROJECT AT SIDHI AND SANGRAULI,Bharat Petroleum Corporation Limited,,,2019-12-01,2029-03-01,2029-03-01,350.35,350.35,39.43,,,,,,on_schedule,259
2023-04-01,220100205,80,"MUNEERABAD-MAHABOOBNAGAR(NL),SCR",Container Corporation Of India,SCR,MULTI STATE,1997-04-01,2000-03-01,2023-03-01,1723,,,,1,,,,without_doc,404
2023-04-01,N10000013,81,SOURCING OF BAUXITE ARRANGEMENT FOR 5TH STREAM ALUMINA REFINERY FROM SOUTH BLOCK MINING LEASE OF PAN,Central Public Works Department,NALCO,ODISHA,2017-11-01,2021-04-01,2024-05-01,483,483,163.69,,483,2024-05-01,,,delayed,308
2023-04-01,N16000462,81,CITY GAS DISTRIBUTION NETWORK PROJECT AT JAJPUR AND KENDUJHAR,Bharat Petroleum Corporation Limited,,,2019-04-01,2030-03-01,2030-03-01,741.29,741.29,100.27,,,,,,on_schedule,259
2023-04-01,N22000286,81,NADIKUDE-SRI KALAHASTI,Container Corporation Of India,SCR,ANDHRA PRADESH,2011-04-01,2021-03-01,2021-03-01,2288.7,,,,,,,,without_doc,404
2023-04-01,N10000010,82,5TH STREAM ALUMINA REFINERY EXPANSION PROJECT,Central Public Works Department,NALCO,ODISHA,2014-12-01,2021-04-01,2024-09-01,4103,5055,2051.82,,5055,2024-09-01,,,delayed,308
2023-04-01,N16000463,82,CITY GAS DISTRIBUTION NETWORK PROJECT AT ANGUL AND DHENKANAL,Bharat Petroleum Corporation Limited,Chennai Petroleum Corporation Limited,,2019-04-01,2030-03-01,2030-03-01,605.65,605.65,92.19,,,,,,on_schedule,259
2023-04-01,N22000432,82,MANMAD-PARBHANI-NANDED-SECUNDERABAD-GADWAL-DHONE- GUNTAKAL - TRAIN COLLISION AVOIDANCE SYSTEM (958 K,Container Corporation Of India,SCR,TELANGANA,2017-04-01,2022-03-01,2022-03-01,119.73,,,,185,,,,without_doc,404
2023-04-01,N10000016,83,POTTANGI BAUXITE MINES,Central Public Works Department,NALCO,ODISHA,2018-05-01,2024-12-01,2025-03-01,1437,1381,555.73,,1381,2024-12-01,1) Delay in issuance of,,delayed,309
2023-04-01,N16000434,83,CBR 9 MMTPA PROJECT,Bharat Petroleum Corporation Limited,Gas Authority Of India Limited,,2021-01-01,2025-06-01,2025-06-01,31580,31580,873.68,,,,,,on_schedule,259
2023-04-01,N22000264,83,BHADRACHALAM-KOVVUR,Container Corporation Of India,SCR,MULTI STATE South Eastern Railway,2012-04-01,,,923.23,,,,,,,,without_doc,404
2023-04-01,N10000012,84,CONVERSION OF FLAT BOTTOM SETTLERS AND WASHERS WITH A SINGLE TRAIN OF HRDS AND DCWS IN STREAMS 1 AND,Central Public Works Department,NALCO,ODISHA,2015-12-01,2020-11-01,2025-09-01,355,581,78.79,,581,2025-09-01,,,delayed,309
2023-04-01,N16000430,84,SETTING UP 500KTPA PROPANE DEHYDROGENATION INTEGRATED WITH POLYPROPYLENE UNIT ALONG WITH OFFSITE AND,Bharat Petroleum Corporation Limited,,,2019-05-01,2025-04-01,2025-04-01,8797,8797,1336.39,,,,,,on_schedule,259
2023-04-01,N22000395,84,ROURKELA JHARSUGUDA THIRD LINE 101 KM,Container Corporation Of India,SER,ODISHA South Western Railway,2015-11-01,2020-03-01,2022-11-01,969.83,,,,1312.97,,,,without_doc,404
2023-04-01,N12000086,85,NMDC INTEGRATED STEEL PLANT,Corporation (Nmdc),NMDC,CHHATISGAR H,2010-01-01,2015-05-01,2023-06-01,15525,23840,22920.37,,23840,2023-06-01,,,delayed,309
2023-04-01,N16000429,85,60 KTA POLYPROPYLENE PROJECT,Bharat Petroleum Corporation Limited,Hindustan Petroleum Corporation Limited,,2019-03-01,2024-04-01,2024-04-01,910.56,1299.02,364.4,,,,,,on_schedule,259
2023-04-01,N22000325,85,HUBLI- CHIKJAJUR,Container Corporation Of India,SWR,KARNATAKA Southern Railway,2015-03-01,2020-03-01,2023-03-01,1156.94,,,,,,,,without_doc,404
2023-04-01,N12000124,86,NMDC SLURRY PIPE LINE PROJECT - PHASE-1,Corporation (Nmdc),NMDC,CHHATISGAR H Steel Authority Of India Limited (Sail),2015-11-01,2023-06-01,2025-05-01,2907,2907,1220.99,,,2024-07-01,,,delayed,309
2023-04-01,N16000440,86,BHATINDA SANGRUR PIPELINE,Bharat Petroleum Corporation Limited,,,2021-11-01,2024-04-01,2024-04-01,367,367,121.52,,,,,,on_schedule,259
2023-04-01,N22000201,86,MADURAI-BODINAYAKKANUR,Container Corporation Of India,SR,TAMIL NADU Western Railway,2008-04-01,2022-11-01,2022-12-01,164.41,,,,,,,,without_doc,404
2023-04-01,N12000122,87,REBUILDING OF COKE OVEN BATTERY-2 ALONGWITH AUGMENTATION OF COKE HANDLING AND GAS HANDLING FACILITY,Corporation (Nmdc),SAIL,ODISHA,2020-11-01,2023-05-01,2024-02-01,377.18,377.18,259.34,,,,,,delayed,309
2023-04-01,N16000432,87,HP CRUDE TO OLEFINS AND AROMATICS TECHNOLOGY DEMO UNIT AT VISAKH REFINERY,Bharat Petroleum Corporation Limited,,,2021-09-01,2024-06-01,2024-06-01,160,160,0.37,,,,,,on_schedule,259
2023-04-01,N22000145,87,VIRAMGAM-SAMAKHIALI (DL),Container Corporation Of India,WR,GUJARAT,2011-04-01,2021-03-01,2023-03-01,1037.15,,,,,2023-03-01,,,without_doc,405
2023-04-01,N12000095,88,NEW SINTER PLANT AT BOKARO STEEL PLANT,Corporation (Nmdc),SAIL,JHARKHAND,2015-03-01,2017-10-01,2024-06-01,1034.01,1034.01,808.22,,,2021-12-01,,,delayed,309
2023-04-01,N16000447,88,NEW LPG PLANT AT VARANASI,Bharat Petroleum Corporation Limited,,,2017-08-01,2024-05-01,2024-05-01,194.62,194.62,134.76,,,,,,on_schedule,259
2023-04-01,N22000392,88,SURENDRA NAGAR RAJKOT,Container Corporation Of India,WR,GUJARAT,2015-04-01,2021-03-01,2023-03-01,1002.39,,,,,2023-03-01,,,without_doc,405
2023-04-01,N12000123,89,REBUILDING OF COKE OVEN BATTERY NO. 7 and 8 AT BSP,Corporation (Nmdc),SAIL,CHHATISGARH,2020-11-01,2023-12-01,2024-12-01,542.24,542.24,152.03,,,,,,delayed,309
2023-04-01,N16000478,89,HALDIA PANAGARH PIPELINE PROJECT,Bharat Petroleum Corporation Limited,,,2022-11-01,2025-11-01,2025-11-01,1010,1010,2.58,,,,,,on_schedule,259
2023-04-01,N24000465,89,4-LANING OF KASHIPUR-SITARGANJ SECTION,Ahmedabad Metro Rail,MEGA,UTTARAKHAND Ministry Of Road Transport And Highways (State Pwds),2012-11-01,2016-08-01,2016-08-01,605.84,,,,,,,,without_doc,405
2023-04-01,N16000373,90,RESITEMENT OF RANCHI AND DHANBAD OLD POL DEPOT AT BOKARO.,Limited,BPCL,JHARKHAND,2018-11-01,2022-06-01,2023-05-01,248.55,248.55,155.3,,,2023-03-01,Nil,,delayed,310
2023-04-01,N16000413,90,AUGMENTATION OF FACILITIES AT THE EXISTING RAIPUR DEPOT,Bharat Petroleum Corporation Limited,Indian Oil Corporation Limited,,2021-03-01,2024-03-01,2024-03-01,456,456,168.76,,,,,,on_schedule,259
2023-04-01,N24000772,90,RECONSTRUCTION WITH GEOMETRIC IMPROVEMENT OF EXISTING 2 LANE/INTERMEDIATE LANE TO 2LANE WITH PAVED S,Ahmedabad Metro Rail,MoRTH,UTTARAKHAND,2017-12-01,2019-12-01,2021-06-01,257.34,,,,,,,,without_doc,405
2023-04-01,N16000452,91,CONSTRUCTION OF LUBE OIL BLENDING AND FILLING PLANT AT RASAYANI,Limited,BPCL,MAHARASHTR A,2022-05-01,2024-03-01,2024-09-01,423.39,423.39,68.91,,,,Nil,,delayed,310
2023-04-01,N16000418,91,CGD PROJECT AT COIMBATORE DISTRICT,Bharat Petroleum Corporation Limited,,,2018-10-01,2030-03-01,2030-03-01,2998,2998,269.93,,,,,,on_schedule,259
2023-04-01,N24000422,91,REHABILITATION AND UPGRADATION OF NH-42 FROM KM 4-350 TO KM 75-600,Ahmedabad Metro Rail,MoRTH,ANDHRA PRADESH,2015-03-01,2015-09-01,2015-09-01,309.01,,,,,,,,without_doc,405
2023-04-01,N16000374,92,"Setting up of Integated 2G and 1G Bio-Ethanol Refinery at Bargarh, Odisha",Limited,BPCL,ODISHA,2019-08-01,2022-08-01,2024-10-01,1607,1607,790.36,,,2023-06-01,,,delayed,310
2023-04-01,N16000437,92,"REVAMPING, AUGMENTATION OF FACILITIES AT EXISTING PORT TERMINAL AT MANGALORE",Bharat Petroleum Corporation Limited,,,2022-01-01,2025-07-01,2025-07-01,463,463,54.95,,,,,,on_schedule,259
2023-04-01,N24000996,92,REHABILITATION AND UP-GRADATION TO TWO LANE WITH PAVED SHOULDERS FROM KM 0/0 TO 72/6 OF NH-365 (NAKR,Ahmedabad Metro Rail,MoRTH,TELANGANA,2017-01-01,2019-10-01,2017-01-01,605.08,,,,,2019-10-01,,,without_doc,405
2023-04-01,N16000314,93,KOCHI SALEM LPG PIPELINE PROJECT,Limited,BPCL,KERALA,2015-12-01,2019-06-01,2025-02-01,1112,1507.24,1081,,1507.24,2024-02-01,As desired by Tamil Nadu,,delayed,310
2023-04-01,N16000419,93,CGD PROJECT AT SALEM DISTRICT,Bharat Petroleum Corporation Limited,,,2018-10-01,2030-03-01,2030-03-01,1304,1304,83.62,,,,,,on_schedule,259
2023-04-01,N24000252,93,CONSTRUCTION OF MAJOR BRIDGE WITH APPROACHES ACROSS PRANHITA RIVER AT KM 57.300 ON NH-63(16),Ahmedabad Metro Rail,MoRTH,MAHARASHTRA,2015-03-01,,2019-06-01,168.3,,,,,,,,without_doc,405
2023-04-01,N16000442,94,DEBOTTLENECKING AND AUGMENTATION OF CRYOGENIC FACILITIES AT URAN LPG IMPORT TERMINAL,Limited,BPCL,MAHARASHTR A,2021-04-01,2024-06-01,2025-07-01,1164.69,1164.69,123.11,,,,,,delayed,310
2023-04-01,N16000412,94,CAPACITY EXPANSION OF PANIPAT REFINERY FROM 15 TO 25 MMTPA,Bharat Petroleum Corporation Limited,,,2021-02-01,2024-09-01,2024-09-01,34627,34627,3202.08,,,,,,on_schedule,259
2023-04-01,N24000982,94,WIDENING TO TWO LANE WITH PAVED SHOULDERS FROM KM 40/410 TO KM 84/037OF THIRUMALAGIRI TO SURYAPET SE,Ahmedabad Metro Rail,MoRTH,TELANGANA,2017-01-01,2019-05-01,2019-08-01,244.54,,,,,2019-08-01,,,without_doc,405
2023-04-01,N16000234,95,IRUGUR-DEVANGONTHI POL PIPELINE,Limited,BPCL,TAMIL NADU Gas Authority Of India Limited,2012-11-01,2017-02-01,2026-01-01,678,1732,26.51,,1732,2026-01-01,,,delayed,310
2023-04-01,N16000453,95,INSTALLATION OF BITUMEN MANUFACTURING UNIT ALONG WITH ALLIED FACILITIES AT BARAUNI,Bharat Petroleum Corporation Limited,,,2022-01-01,2024-09-01,2024-09-01,389,389,15.17,,,,,,on_schedule,260
2023-04-01,N24000245,95,REHABILITATION AND UPGRADATION OF NH -565 FROM KM 1.00 TO 86.057 (NAKREKAL TO NAGARJUNSAGAR DAM SECT,Ahmedabad Metro Rail,MoRTH,TELANGANA,2014-01-01,2016-03-01,2019-09-01,270,,,,,2019-09-01,,,without_doc,405
2023-04-01,N16000274,96,BOKARO-ANGUL PIPELINE PROJECT,Limited,GAIL,MULTI STATE,2017-03-01,2020-12-01,2023-04-01,3437,2776,2516.3,,,2022-11-01,1) Delay in receipt of Forest,,delayed,310
2023-04-01,N16000455,96,LAYING OF POL PIPELINES IN COMMON CORRIDOR FOR PROPOSED GRASS ROOT TERMINAL AT VALLUR (CHENNAI),Bharat Petroleum Corporation Limited,,,2022-01-01,2024-07-01,2024-07-01,829,829,0.65,,,,,,on_schedule,260
2023-04-01,N24001009,96,KHAMGAON TO SHEGAON,Ahmedabad Metro Rail,MoRTH,MAHARASHTRA,2017-02-01,2019-05-01,2019-09-01,203.21,,,,203,,,,without_doc,405
2023-04-01,N16000390,97,HARIDWAR RISHIKESH DEHRADUN PIPELINE PROJECT,Limited,GAIL,UTTAR PRADESH,2018-08-01,2021-04-01,2023-05-01,217.92,180,141.5,,,2022-12-01,1) Working front was,,delayed,311
2023-04-01,N16000396,97,INTEGRATED PARA XYLENE (PX) AND PURIFIED TEREPHTHALIC ACID (PTA) PROJECT AT PARADIP REFINERY,Bharat Petroleum Corporation Limited,,,2020-07-01,2024-01-01,2024-01-01,13805,13805,2926.78,,,,,,on_schedule,260
2023-04-01,N24000983,97,WIDENING TO TWO LANE WITH PAVED SHOULDERS FROM KM 0/970 TO KM 40/410 OF JANAGAON-THIRUMALAGIRI OF NH,Ahmedabad Metro Rail,MoRTH,TELANGANA,2017-01-01,2019-10-01,2019-10-01,196.52,,,,,2019-10-01,,,without_doc,405
2023-04-01,N16000272,98,DHAMRA-ANGUL PIPELINE PROJECT,Limited,GAIL,ODISHA,2017-03-01,2020-12-01,2023-06-01,1933,2310.1,2082,,2310.1,2022-11-01,1) Delay in grant of Forest,,delayed,311
2023-04-01,N16000457,98,CAPACITY EXPANSION OF DIGBOI REFINERY FROM 0.65 TO 1.0 MMTPA,Bharat Petroleum Corporation Limited,,,2022-06-01,2025-10-01,2025-10-01,768,768,1.07,,,,,,on_schedule,260
2023-04-01,N24000984,98,WIDENING TO TWO LANE WITH PAVED SHOULDERS FROM KM 15.525 TO KM 62.880 OF JADCHERLA-KALWAKURTHY SECTI,Ahmedabad Metro Rail,MoRTH,TELANGANA,2017-01-01,2019-12-01,2019-12-01,283,,,,,2019-12-01,,,without_doc,405
2023-04-01,N16000334,99,BARAUNI-GUWAHATI PIPELINE,Limited,GAIL,MULTI STATE,2018-06-01,2021-12-01,2023-06-01,3308,3876.5,3416.2,,,2023-06-01,1) [West Bengal] Laying,,delayed,311
2023-04-01,N16000458,99,POLY BUTADIENE RUBBER PLANT AT PANIPAT,Bharat Petroleum Corporation Limited,,,2022-03-01,2025-03-01,2025-03-01,1459,1459,75.94,,,,,,on_schedule,260
2023-04-01,N24000988,99,WIDENING AND STRENGTHENING OF EXISTING 2-LANE TO 2-LANE WITH PAVED SHOULDERS FROM KM.159/0 TO 165/4,Ahmedabad Metro Rail,MoRTH,TELANGANA,,2019-12-01,2020-11-01,230.03,,,,,2020-11-01,,,without_doc,405
2023-04-01,N16000349,100,SUSTAINED EVACUATION OF GAS FROM GANDHAR FIELDS BY INSTALLING A GAS COMPRESSOR AND PIPELINE CONNECTI,Limited,GAIL,GUJARAT,2018-09-01,2021-02-01,2023-06-01,225.54,247.9,204.38,,,2022-12-01,Nil,,delayed,311
2023-04-01,N16000479,100,EXTENSION OF ASANUR-SANKARI SECTION OF CHENNAI- TRICHY-MADURAI PIPELINE UPTO COIMBATORE (IRUGUR),Bharat Petroleum Corporation Limited,,,2023-01-01,2025-01-01,2025-01-01,346.7,346.7,,,,,,,on_schedule,260
2023-04-01,N24001086,100,BODHWAD TO STATE BORDER,Ahmedabad Metro Rail,MoRTH,MAHARASHTRA,2017-01-01,2019-07-01,2020-11-01,178.26,,,,,,,,without_doc,405
2023-04-01,N16000327,101,CITY GAS DISTRIBUTION (CGD) NETWORK PATNA,Limited,GAIL,BIHAR,2017-10-01,2022-10-01,2023-10-01,359.25,359.25,251.4,,,,NIL,,delayed,311
2023-04-01,N16000456,101,ATF PIPELINE FROM JAWAHARLAL NEHRU PORT TRUST (JNPT) TO NAVI MUMBAI INTERNATIONAL AIRPORT (NMIA),Bharat Petroleum Corporation Limited,,,2022-09-01,2025-08-01,2025-08-01,165,165,,,,,,,on_schedule,260
2023-04-01,N24001128,101,BHOKAR TO SARSAM,Ahmedabad Metro Rail,MoRTH,MAHARASHTRA,2017-02-01,2019-07-01,2020-11-01,295.09,,,,,,,,without_doc,405
2023-04-01,N16000329,102,"CITY GAS DISTRIBUTION (CGD) NETWORK, RANCHI",Limited,GAIL,JHARKHAND,2017-10-01,2022-10-01,2023-10-01,226.45,226.45,213.31,,,,NIL,,delayed,311
2023-04-01,N16000454,102,INSTALLATION OF NEW BITUMEN UNIT ALONG WITH ALLIED FACILITIES AT GUJARAT,Bharat Petroleum Corporation Limited,,,2022-01-01,2024-09-01,2024-09-01,328,328,12.97,,,,,,on_schedule,260
2023-04-01,N24000989,102,WIDENING AND STRENGTHENING OF EXISTING CARRIAGEWAY IN 2 LANE WITH PAVED SHOULDERS FROM KM.25/0 TO 59,Ahmedabad Metro Rail,MoRTH,TELANGANA,2018-02-01,2020-06-01,2021-01-01,206.13,,,,,2021-01-01,,,without_doc,405
2023-04-01,N16000289,103,CITY GAS DISTRIBUTION (CGD) NETWORK BHUBANESHWAR,Limited,GAIL,ODISHA,2017-07-01,2022-07-01,2023-12-01,243.53,243.53,181.91,,,,,,delayed,312
2023-04-01,N16000480,103,LAYING OF NATURAL GAS PIPELINE FROM HAZARIBAGH TO RANCHI,Bharat Petroleum Corporation Limited,,,2023-03-01,2026-02-01,2026-02-01,202.07,202.07,,,,,,,on_schedule,260
2023-04-01,N24000378,103,BARELA-MANDLA SECTION OF NH-12A IN MADHYA PRADESH KM 22/8 TO KM 89/6 OF NH-12A,Ahmedabad Metro Rail,MoRTH,MADHYA PRADESH,2015-06-01,2021-03-01,2021-03-01,390.51,,,,,,,,without_doc,405
2023-04-01,N16000328,104,"CITY GAS DISTRIBUTION (CGD) NETWORK, CUTTACK",Limited,GAIL,ODISHA,2017-07-01,2022-07-01,2023-12-01,182.2,182.2,128.38,,,,NIL,,delayed,312
2023-04-01,N16000441,104,"REVAMPING OF FACILITIES AT EXISTING GUWAHATI TERMINAL, ASSAM",Bharat Petroleum Corporation Limited,,,2022-03-01,2026-07-01,2026-07-01,277,277,21.89,,,,,,on_schedule,260
2023-04-01,N24000986,104,WIDENING TO TWO LANE WITH PAVED SHOULDERS FROM KM 67.00 TO 114.425 OF KALWAKURTHY-MALLEPALLY SECTION,Ahmedabad Metro Rail,MoRTH,TELANGANA,2017-01-01,2019-05-01,2021-07-01,300,,,,,2021-07-01,,,without_doc,406
2023-04-01,N16000389,105,"CITY GAS DISTRIBUTION, JAMSHEDPUR",Limited,GAIL,JHARKHAND,2017-10-01,2022-10-01,2023-12-01,221.45,221.45,149.68,,,,NIL,,delayed,312
2023-04-01,N16000414,105,EXPANSION OF GUWAHATI REFINERY FROM 1 TO 1.2 MMTPA ALONG WITH INSTALLATION OF CATALYTIC REFORMING UN,Bharat Petroleum Corporation Limited,,,2021-05-01,2023-10-01,2023-10-01,412,412,175.79,,,,,,on_schedule,260
2023-04-01,N24001194,105,WIDENING OF EXISTING ROAD TO 2 LANE NH STANDARDS ALONG WITH IMPROVEMENT AND REALIGNMENT FROM NECHIPU,Ahmedabad Metro Rail,MoRTH,ARUNACHAL PRADESH,2011-09-01,2021-12-01,2021-12-01,1979,,,,,,,,without_doc,406
2023-04-01,N16000275,106,DURGAPUR-HALDIA PIPELINE PROJECT,Limited,GAIL,WEST BENGAL,2017-03-01,2020-12-01,2024-06-01,1740,1860.8,1452.6,,1860.8,2023-06-01,Slow progress in RoU,,delayed,312
2023-04-01,N16000451,106,CBR ASANUR PIPELINE AND ITS HOOK UP WITH EXISTING CHENNAI TRICHY MADURAI PRODUCT PIPELINE,Bharat Petroleum Corporation Limited,,,2022-03-01,2024-11-01,2024-11-01,564,564,,,,,,,on_schedule,260
2023-04-01,N24000990,106,REHABILITATION AND UPGRADATION OF NH-167 FROM DESIGN KM.113.900 TO 154.479 (MALLEPALLY - HALIYA SECT,Ahmedabad Metro Rail,MoRTH,TELANGANA,2018-02-01,2019-11-01,2022-03-01,294.13,,,,,2022-03-01,,,without_doc,406
2023-04-01,N16000391,107,DHAMRA HALDIA PIPELINE PROJECT,Limited,GAIL,MULTI STATE,2020-03-01,2022-11-01,2024-06-01,1030.65,1030.65,574,,,2023-06-01,Delay in RoU acquisition in,,delayed,312
2023-04-01,N16000427,107,"CGD PROJECT AT SHEIKHPURA, JAMUI AND DEOGHAR DISTRICTS",Bharat Petroleum Corporation Limited,Indradhanush Gas Grid Ltd,,2019-06-01,2028-02-01,2028-02-01,303,303,176.12,,,,,,on_schedule,260
2023-04-01,N24001000,107,STRENGTHENING AND WIDENING TO 2 LANE WITH PAVED SHOULDER FROM KM 103.865 TO 142.050 (GAYA-GOH) OF NH,Ahmedabad Metro Rail,MoRTH,BIHAR,2018-03-01,2022-03-01,2022-03-01,153.24,,,,,,,,without_doc,406
2023-04-01,N16000398,108,MUMBAI NAGPUR JHARSUGUDA PIPELINE PROJECT,Limited,GAIL,MULTI STATE,2020-06-01,2023-05-01,2024-10-01,7844.25,7844.25,4372.4,,,,Hi,,delayed,312
2023-04-01,N16000439,108,NORTH EAST GAS GRID,Bharat Petroleum Corporation Limited,Numaligarh Refinery Limited,,2020-11-01,2024-03-01,2024-03-01,9265,9265,4263.51,,,2024-03-01,,,on_schedule,260
2023-04-01,N24001048,108,MEHKAR TO AJISPUR,Ahmedabad Metro Rail,MoRTH,MAHARASHTRA,2017-01-01,2019-07-01,2022-03-01,232.77,,,,,,,,without_doc,406
2023-04-01,N16000285,109,KOCHI-KOOTTANAD- BANGALORE-MANGALORE PIPELINE PHASE-II,Limited,GAIL,MULTI STATE,2009-06-01,2012-12-01,2024-11-01,2915,5909,3542.3,,5909,2024-11-01,Non - availability of,,delayed,312
2023-04-01,N16000379,109,NUMALIGARH REFINERY EXPANSION PROJECT 6 MMTPA REFINARY,Bharat Petroleum Corporation Limited,,,2019-01-01,2024-10-01,2024-10-01,12366,18968,4666.02,,,,,,on_schedule,260
2023-04-01,N24001059,109,SHIVUR TO YEOLA,Ahmedabad Metro Rail,MoRTH,MAHARASHTRA,2018-03-01,2019-12-01,2022-03-01,181.08,,,,,,,,without_doc,406
2023-04-01,N16000388,110,SRIKAKULAM ANGUL PIPELINE PROJECT,Limited,GAIL,MULTI STATE Hindustan Petroleum Corporation Limited,2019-09-01,2022-07-01,2024-12-01,2658.34,2658.34,1388.6,,,2023-07-01,,,delayed,312
2023-04-01,N16000394,110,NUMALIGARH REFINERY EXPANSION PROJECT COIT AND PIPELINES,Bharat Petroleum Corporation Limited,Oil & Natural Gas Corporation Limited,,2019-01-01,2024-10-01,2024-10-01,10228,9058,5590.93,,,,,,on_schedule,260
2023-04-01,N24001082,110,PUNE RAIGARH DISTRICT BORDER TO MANGAON,Ahmedabad Metro Rail,MoRTH,MAHARASHTRA,2018-03-01,2019-12-01,2022-03-01,223.46,,,,,,,,without_doc,406
2023-04-01,N16000369,111,CONSTRUCTION OF 80000MT LPG CAVERN AT MANGALORE,Limited,HPCL,KARNATAKA,2018-12-01,2022-12-01,2023-12-01,854,854,344.59,,,2023-12-01,,,delayed,312
2023-04-01,N16000279,111,REDEVELOPMENT OF SANTHAL FIELD,Bharat Petroleum Corporation Limited,,,2017-02-01,2026-03-01,2026-03-01,1162.56,1162.56,989.93,,,,,,on_schedule,260
2023-04-01,N24001159,111,WIDENING TO TWO LANE WITH PAVED SHOULDERS FROM KM 20.150 TO KM 40.00 OF BC ROAD KOTTIGEHARA SECTION,Ahmedabad Metro Rail,MoRTH,KARNATAKA,2018-01-01,2018-07-01,2022-03-01,159.7,,,,,2022-03-01,,,without_doc,406
2023-04-01,N16000378,112,SWRO II WITH LLPH FACILITIES,Limited,HPCL,ANDHRA PRADESH,2019-09-01,2020-07-01,2023-12-01,196.26,196.26,137.05,,,2023-07-01,,,delayed,312
2023-04-01,N16000470,112,DAMAN UPSIDE DEVELOPMENT PROJECT (DUDP) IN TAPTI DAMAN BLOCK,Bharat Petroleum Corporation Limited,,,2022-06-01,2025-10-01,2025-10-01,4144.41,4144.41,,,,,,,on_schedule,260
2023-04-01,N24001160,112,WIDENING TO TWO LANE WITH PAVED SHOULDER FROM KM 194.900 TO KM 243.200 OF NH-234 BANAVARA-HULIYAR,Ahmedabad Metro Rail,MoRTH,KARNATAKA,2017-09-01,2018-10-01,2022-04-01,191.6,,,,,2022-04-01,,,without_doc,406
2023-04-01,N16000402,113,"SECOND GENERATION ETHANOL BIOREFINERY PROJECT, BATHINDA, PUNJAB",Limited,HPCL,PUNJAB,2020-05-01,2023-02-01,2023-12-01,1421.46,1421.46,352.83,,,2023-12-01,,,delayed,312
2023-04-01,N16000428,113,REDEVELOPMENT OF LINCH FIELD,Bharat Petroleum Corporation Limited,,,2021-04-01,2025-03-01,2025-03-01,631.03,631.03,213.09,,,,,,on_schedule,260
2023-04-01,N24001161,113,WIDENING TO TWO LANE WITH PAVED SHOULDERS FROM 24.600 TO 70.063 OF MUDIGERE TO KADUR SECTION OF NH-,Ahmedabad Metro Rail,MoRTH,KARNATAKA,2017-12-01,2019-01-01,2022-04-01,297.3,,,,,2022-04-01,,,without_doc,406
2023-04-01,N16000235,114,VISAKH REFINERY MODERNISATION PROJECT,Limited,HPCL,ANDHRA PRADESH,2016-07-01,2020-07-01,2024-04-01,20928,26264,23145.51,,26264,2022-07-01,,,delayed,312
2023-04-01,N16000444,114,COMMERCIAL POLYMER FLOODING PROJECT IN BECHRAJI FIELD,Bharat Petroleum Corporation Limited,,,2022-01-01,2024-11-01,2024-11-01,621.4,621.4,80.89,,,,,,on_schedule,260
2023-04-01,N24000282,114,REHABILITATION AND UPGRADATION OF EXISTING NH-565 FROM KM.86.057 TO 133.922 OF NAGARJUNASAGAR DAM T,Ahmedabad Metro Rail,MoRTH,ANDHRA PRADESH,2014-01-01,2014-11-01,2022-05-01,195.45,,,,,2022-05-01,,,without_doc,406
2023-04-01,N16000406,115,RUF PITCH LOADING GANTRY,Limited,HPCL,ANDHRA PRADESH,2020-10-01,2022-11-01,2024-04-01,332.61,332.61,200.39,,,,,,delayed,313
2023-04-01,N16000471,115,CREATION OF GDU AND DPD FACILITIES AT RAJAHMUNDRY,Bharat Petroleum Corporation Limited,,,2022-03-01,2024-05-01,2024-05-01,211.22,211.22,2.32,,,,,,on_schedule,261
2023-04-01,N24000574,115,"ENGINEERING, PROCUREMENT, AND CONSTRUCTION OF REHABILITATION AND UPGRADING TO 2-LANES/2 -LANE WITH P",Ahmedabad Metro Rail,MoRTH,BIHAR,2013-11-01,2016-07-01,2022-05-01,683.83,,,,828.45,2022-05-01,,,without_doc,406
2023-04-01,N16000385,116,CITY GAS DISTRIBUTION PROJECT IN GEOGRAPHICAL AREA OF SONIPAT (EAAA) AND JIND DISTRICTS,Limited,HPCL,HARYANA,2018-09-01,2026-09-01,2027-02-01,520,520,133.28,,,2027-02-01,,,delayed,313
2023-04-01,N16000436,116,PIPELINE REPLACEMENT PROJECT - VII,Bharat Petroleum Corporation Limited,,,2022-01-01,2024-05-01,2024-05-01,3183.58,3183.58,1011.97,,,,,,on_schedule,261
2023-04-01,N24000966,116,REHABILITATION UPGRADATION OF NH214(NH216) FROM KM41.161 TO KM59.800(GURJANAPALLI TO POLEKURU SECT,Ahmedabad Metro Rail,MoRTH,ANDHRA PRADESH,2016-01-01,2016-08-01,2022-06-01,348.95,,,,,2022-06-01,,,without_doc,406
2023-04-01,N16000387,117,CITY GAS DISTRIBUTION IN UP AND UK,Limited,HPCL,UTTAR PRADESH,2019-03-01,2029-03-01,2029-08-01,3450.2,3450.2,280.45,,,2029-08-01,,,delayed,313
2023-04-01,N16000443,117,CREATION OF GAS DEHYDRATION FACILITIES,Bharat Petroleum Corporation Limited,,,2022-03-01,2024-05-01,2024-05-01,209.33,209.33,12.81,,,,,,on_schedule,261
2023-04-01,N24000980,117,WIDEINING TO TWO/FOUR LANE WITH PAVED SHOULDERS FROM EXISTING KM 182.120 TO KM 227.600 OF NH-167 ON,Ahmedabad Metro Rail,MoRTH,TELANGANA,2016-10-01,2019-02-01,2022-06-01,298.32,,,,,2022-06-01,,,without_doc,406
2023-04-01,N16000392,118,CITY GAS DISTRIBUTION IN WEST BENGAL,Limited,HPCL,WEST BENGAL Indian Oil Corporation Limited,2019-03-01,2031-03-01,2031-08-01,5830.2,5830.2,95.66,,,2031-08-01,,,delayed,313
2023-04-01,N16000431,118,REDEVELOPMENT OF SOBHASAN COMPLEX,Bharat Petroleum Corporation Limited,,,2021-08-01,2026-02-01,2026-02-01,885.63,885.63,252.75,,,,,,on_schedule,261
2023-04-01,N24000993,118,REHABILITATION AND UPGRADATION OF NH-167 FROM DESIGN KM.187.723 TO 234.434 (MIRYALAGUDA TO KODAD SEC,Ahmedabad Metro Rail,MoRTH,TELANGANA,2018-03-01,2020-09-01,2022-06-01,322.81,,,,,2022-06-01,,,without_doc,406
2023-04-01,N16000342,119,"CONSTRUCTION OF GRASS ROOT PETROLEUM TOP AT ATCHUTAPURAM, ANDHRA PRADESH",Limited,IOCL,ANDHRA PRADESH,2018-08-01,2021-04-01,2023-05-01,466,466,400.67,,,2022-12-01,,,delayed,313
2023-04-01,N16000477,119,"RESTORATION OF GAS TERMINAL, PHASE-I (PART-A), HAZIRA PLANT",Bharat Petroleum Corporation Limited,Oil India Limited,,2022-05-01,2025-02-01,2025-02-01,249.43,249.43,5.61,,,,,,on_schedule,261
2023-04-01,N24000997,119,REHABILITATION AND UP GRADATION FROM KM. 121/0 TO 154/0 OF NAKAREKAL – MALLAMPALLY SECTION OF NH-365,Ahmedabad Metro Rail,MoRTH,TELANGANA,2018-03-01,2019-07-01,2022-06-01,192.67,,,,,2022-06-01,,,without_doc,406
2023-04-01,N16000352,120,2ND GENERATION ETHANOL PLANT AT PANIPAT REFINERY,Limited,IOCL,HARYANA,2019-01-01,2021-01-01,2023-05-01,909,909,780.64,,,2022-08-01,,,delayed,313
2023-04-01,N16000449,120,UPGRADATION OF FACILITIES OF NUMALIGARH-SILIGURI PRODUCT PIPELINE (NSPL) FOR TRANSPORTATION OF ADDIT,Bharat Petroleum Corporation Limited,,,2021-06-01,2024-12-01,2024-12-01,860,860,61.08,,,,,,on_schedule,261
2023-04-01,N24001172,120,WIDENING TO TWO LANE WITH PAVED SHOULDER FROM KM 4.40 TO KM 56.00 OF NH-218 BIJAPURA-HUBLI SECTION U,Ahmedabad Metro Rail,MoRTH,KARNATAKA,2017-01-01,2017-08-01,2022-06-01,291.49,,,,,2022-06-01,,,without_doc,406
2023-04-01,N16000321,121,CATALYST MANUFACTURING UNIT OF 1500 MTPA CAPACITY AT PANIPAT REFINERY,Limited,IOCL,HARYANA,2018-04-01,2020-02-01,2023-06-01,206.63,340.76,269.39,,340.76,2023-06-01,,,delayed,313
2023-04-01,N18000348,121,SHAJAPUR 325MW SOLAR PV PROJECT,National Thermal Power Corporation,,,2022-06-01,2024-03-01,2024-03-01,1530.49,1530.49,15.23,,,2024-03-01,,,on_schedule,261
2023-04-01,N24000965,121,REHABILITATION AND UPGRADATION OF DHINDI-DIGAMARRU SECTION FROM KM126/510 TO KM135/740 OF NH214(NH21,Ahmedabad Metro Rail,MoRTH,ANDHRA PRADESH,2016-01-01,2016-05-01,2022-07-01,386.09,,,,316.06,2022-07-01,,,without_doc,406
2023-04-01,N16000323,122,INFRASTRUCTURE DEVELOPMENT TO FACILITATE BULK IMPORT OF GRID POWER AT 220 KV AT MATHURA REFINERY,Limited,IOCL,UTTAR PRADESH,2017-08-01,2020-08-01,2023-06-01,255.4,255.4,209.39,,,2022-11-01,,,delayed,313
2023-04-01,N18000346,122,KHAWDA 1255MW SOLAR PROJECT (KHAWDA SOLAR PARK),National Thermal Power Corporation,,,2022-09-01,2024-09-01,2024-09-01,7179.54,7179.54,440.72,,,2024-09-01,,,on_schedule,261
2023-04-01,N24001164,122,WIDENING TO 2 LANE WITH PAVED SHOULDERS FROM KM 0 TO 54 OF NH-50 UNDER EPC MODE IN THE STATE OF KARN,Ahmedabad Metro Rail,MoRTH,KARNATAKA,2016-10-01,2017-03-01,2022-07-01,396.96,,,,,2022-07-01,,,without_doc,407
2023-04-01,N16000324,123,DEVLEOPMENT OF GRID INFRASTRUCTURE FOR IMPORTING GRID POWER AT 220 KV AT BARAUNI REFINERY,Limited,IOCL,BIHAR,2017-12-01,2020-10-01,2023-06-01,199.36,199.36,160.57,,,2023-06-01,,,delayed,313
2023-04-01,N18000349,123,BHUJ SOLAR 300MW (TRANCHE-IV WIND SOLAR HYBRID),National Thermal Power Corporation,Power Grid Corporation Of India Limited,,2022-11-01,2024-03-01,2024-03-01,1442.6,1442.6,64.62,,,2024-03-01,,,on_schedule,261
2023-04-01,N24001162,123,IMPROVEMENT AND RECONSTRUCTION TO TWO LANE WITH PAVED SHOULDERS FROM KM 489.845 (NEW KM.58.125) AN,Ahmedabad Metro Rail,MoRTH,KARNATAKA,2018-03-01,2018-10-01,2022-08-01,325.86,,,,,,,,without_doc,407
2023-04-01,N16000332,124,30 INCH CRUDE OIL PIPELINE IN HALDIA-BARAUNI SECTION OF PHBPL AND CONVERSION OF EXISTING 18 INCH HAL,Limited,IOCL,WEST BENGAL,2018-03-01,2022-09-01,2023-06-01,3712,3696,2783.17,,3696,2023-06-01,,,delayed,313
2023-04-01,N18000330,124,TRANSMISSION SYSTEM STRENGTHENING FOR SRINAGAR- LEH TRANSMISSION SYSTEM,National Thermal Power Corporation,,,2022-03-01,2024-12-01,2024-12-01,288.71,288.71,,,,,,,on_schedule,261
2023-04-01,N24001002,124,SARSAM TO KOTHARI,Ahmedabad Metro Rail,MoRTH,MAHARASHTRA,2016-02-01,2019-07-01,2022-09-01,545.64,,,,,,,,without_doc,407
2023-04-01,N16000383,125,COMPRESSED BIO GAS PLANT AT GORAKHPUR,Limited,IOCL,HARYANA,2019-09-01,2021-07-01,2023-06-01,164.69,164.69,117.6,,,2022-03-01,,,delayed,313
2023-04-01,N18000356,125,TRANSMISSION SYSTEM SCHEME FOR EVACUATION OF POWER FROM REZ RAJASTHAN (8.1 GW) UNDER PHASE-II PART,National Thermal Power Corporation,,,2023-03-01,2024-09-01,2024-09-01,1433.28,1433.28,,,,,,,on_schedule,261
2023-04-01,N24001026,125,WAKAN PALI KHOPOLI,Ahmedabad Metro Rail,MoRTH,MAHARASHTRA,2017-01-01,2019-05-01,2022-09-01,376.19,,,,,,,,without_doc,407
2023-04-01,N16000399,126,MUZAFFARPUR-MOTIHARI LPG PIPELINE,Limited,IOCL,BIHAR,2020-06-01,2022-08-01,2023-06-01,403,403,234.51,,,2023-06-01,,,delayed,313
2023-04-01,N18000359,126,"KHAVDA-2, GUJARAT- ESTABLISHMENT OF KHAVDA POOLING STATION-2 (KPS2) IN KHAVDA RE PARK",National Thermal Power Corporation,,,2023-03-01,2024-12-01,2024-12-01,966.79,966.79,,,,,,,on_schedule,261
2023-04-01,N24000578,126,"ENGINEERING, PROCUREMENT, AND CONSTRUCTION OF REHABILITATION AND UPGRADING TO 2-LANES/2 -LANE WITH P",Ahmedabad Metro Rail,MoRTH,BIHAR,2016-02-01,2016-05-01,2022-11-01,553.3,,,,587.41,2022-03-01,,,without_doc,407
2023-04-01,N16000340,127,NAPHTHA CRACKER EXPANSION PROJECT AT PANIPAT,Limited,IOCL,HARYANA,2018-08-01,2020-08-01,2023-07-01,1636,1636,1328.89,,,2023-07-01,,,delayed,314
2023-04-01,N18000355,127,TRANSMISSION SYSTEM ASSOCIATED WITH WESTERN REGION EXPANSION SCHEME-XXVIII AND XXIX,National Thermal Power Corporation,,,2023-03-01,2025-03-01,2025-03-01,260.3,260.3,,,,,,,on_schedule,261
2023-04-01,N24000940,127,REHABILITATION AND UPGRADATION OF KARNATATKA/AP BORDER-GOOTY SECTION FROM KM 368.920 TO KM 424.225 O,Ahmedabad Metro Rail,MoRTH,ANDHRA PRADESH,2016-03-01,2016-05-01,2022-11-01,995.09,,,,995,,,,without_doc,407
2023-04-01,N16000345,128,PARADIP SOMNATHPUR HALDIA PIPELINE,Limited,IOCL,ODISHA,2018-10-01,2021-10-01,2023-07-01,1297.5,1297.5,1084.13,,,2023-04-01,,,delayed,314
2023-04-01,N18000343,128,SYSTEM STRENGTHENING SCHEME FOR EASTERN AND NORTH EASTERN REGION,National Thermal Power Corporation,,,2022-10-01,2025-10-01,2025-10-01,307.87,307.87,7.17,,,,,,on_schedule,261
2023-04-01,N24000247,128,REHABILITATION AND UPGRADATION OF NH-221 FROM KM 121/0 TO 165/00 (OF VIJAYAWADA-JAGDALPUR RUDRAMPUR,Ahmedabad Metro Rail,MoRTH,TELANGANA,2014-10-01,2017-02-01,2022-12-01,295.47,,,,,2022-12-01,,,without_doc,407
2023-04-01,N16000361,129,ADDITIONAL STORAGE TANKS AT PARADIP,Limited,IOCL,ODISHA,2018-11-01,2021-09-01,2023-07-01,462.3,543,364.87,,543,2023-07-01,,,delayed,314
2023-04-01,N18000361,129,"KHAVDA PHASE-II-PART C, GUJARAT- TRANSMISSION SCHEME FOR EVACUATION OF 4.5 GW RE INJECTION AT KHAVDA",National Thermal Power Corporation,,,2023-03-01,2025-03-01,2025-03-01,2820.99,2820.99,,,,,,,on_schedule,261
2023-04-01,N24000257,129,CONSTRUCTION OF MARGOA WESTERN BYPASS FOR NH-17 (NEW NH-66 ) FROM KM. 26 /200 ( CHAINAGE 00/00) TO K,Ahmedabad Metro Rail,MoRTH,GOA,2015-03-01,2021-12-01,2022-12-01,298.33,,,,354.43,,,,without_doc,407
2023-04-01,N16000363,130,"INFRASTRUCTURE DEVELOPMENT TO FACILITATE IMPORT OF GRID POWER AT 220 KV, PANIPAT",Limited,IOCL,HARYANA,2018-12-01,2021-06-01,2023-07-01,278.6,278.6,185.39,,,2023-07-01,,,delayed,314
2023-04-01,N18000350,130,WESTERN REGION EXPANSION SCHEME XXV,National Thermal Power Corporation,,,2023-02-01,2023-11-01,2023-11-01,385.84,385.84,,,,,,,on_schedule,261
2023-04-01,N24000258,130,CONST. OF MISSING LINK BETWEEN KM. 11/680 TO KM. 14/020 AND WIDENING OF EXISTING TWO LANE ROAD,Ahmedabad Metro Rail,MoRTH,GOA,2015-03-01,,2022-12-01,184.05,,,,,,,,without_doc,407
2023-04-01,N16000375,131,R and D CAMPUS II AT FARIDABAD,Limited,IOCL,HARYANA,2019-06-01,2022-12-01,2023-07-01,2281.94,3219.94,999.11,,3219.94,2023-07-01,,,delayed,314
2023-04-01,N18000353,131,ER WR TRANSMISSION LIMITED,National Thermal Power Corporation,,,2023-03-01,2025-03-01,2025-03-01,281.16,281.16,,,,,,,on_schedule,261
2023-04-01,N24000964,131,CONSTRUCTION OF TIMMAPURAM TO GURJANAPALLE SECTION FROM KM 26.150 TO 41.161 OF NH-214(NH216)(KAKINAD,Ahmedabad Metro Rail,MoRTH,ANDHRA PRADESH,2016-08-01,2017-01-01,2022-12-01,350.61,,,,,2022-12-01,,,without_doc,407
2023-04-01,N16000395,132,INFRASTRUCTURE DEVELOPMENT FOR UTILIZATION OF NATURAL GAS AT PARADIP REFINERY,Limited,IOCL,ODISHA,2020-01-01,2022-07-01,2023-08-01,202.16,202.16,129.33,,,,,,delayed,314
2023-04-01,N18000338,132,TRANSMISSION NETWORK EXPANSION IN GUJARAT TO INCREASE ATC FROM ISTS: PART C,National Thermal Power Corporation,,,2022-07-01,2025-03-01,2025-03-01,186.19,186.19,15.31,,,,,,on_schedule,261
2023-04-01,N24000969,132,CONSTRUCTION OF 2L+PS FROM PASARLAPUDI-DHINDI (105/700 TO 127.500 OF NH-214) OF NH-216,Ahmedabad Metro Rail,MoRTH,ANDHRA PRADESH,2017-01-01,2017-09-01,2022-12-01,263.45,,,,263.45,2022-12-01,,,without_doc,407
2023-04-01,N16000283,133,LPG BP PROJECT KHORDHA,Limited,IOCL,ODISHA,2016-12-01,2019-12-01,2023-09-01,161.59,161.59,125.75,,,2023-01-01,,,delayed,314
2023-04-01,N18000352,133,TRANSMISSION SYSTEM FOR KURNOOL WIND ENERGY ZONE SOLAR ENERGY ZONE (AP) PART-A PART B,National Thermal Power Corporation,,,2023-03-01,2024-11-01,2024-11-01,3546.94,3546.94,29.54,,,,,,on_schedule,262
2023-04-01,N24000970,133,REHABILITAITON AND UPGRADATION OF REPALLE TO EEPPURPALEM SECTION FROM KM 128/927 TO KM 195/000 OF NH,Ahmedabad Metro Rail,MoRTH,ANDHRA PRADESH,2017-01-01,2018-01-01,2022-12-01,576.48,,,,,,,,without_doc,407
2023-04-01,N16000351,134,GRASS ROOT TERMINAL AT MALKAPUR,Limited,IOCL,TELANGANA,2018-12-01,2022-04-01,2023-10-01,611,611,295.77,,,,,,delayed,314
2023-04-01,N18000351,134,EASTERN REGION EXPANSION SCHEME XXIX,National Thermal Power Corporation,,,2023-03-01,2025-11-01,2025-11-01,524.04,524.04,,,,,,,on_schedule,262
2023-04-01,N24000987,134,6 LANING FROM KM 9.90 TO KM 19.948 (ARAMGARH-SAMSHABAD SECTION) OF HYDERABAD-SAMSHABAD SECTION OF NH,Ahmedabad Metro Rail,MoRTH,TELANGANA,2018-01-01,2020-05-01,2022-12-01,283.15,,,,,2022-12-01,,,without_doc,407
2023-04-01,N16000382,135,ACRYLICS OR OXO-ALCOHOL PROJECT AT GUJARAT REFINERY,Limited,IOCL,GUJARAT,2019-11-01,2023-05-01,2023-11-01,5251,5251,2619.21,,5894,2023-11-01,,,delayed,314
2023-04-01,N18000354,135,TRANSMISSION SYSTEM ASSOCIATED WITH WESTERN REGION EXPANSION SCHEME XXVII,National Thermal Power Corporation,,,2023-03-01,2024-09-01,2024-09-01,271.69,271.69,,,,,,,on_schedule,262
2023-04-01,N24001138,135,PARLI PIMPLA DAHIGUDA,Ahmedabad Metro Rail,MoRTH,MAHARASHTRA,2017-02-01,2019-06-01,2022-12-01,205.72,,,,206,,,,without_doc,407
2023-04-01,N16000393,136,INSTALLATION OF SECOND CATALYTIC DEWAXING UNIT (CDW-II) AT HALDIA REFINERY,Limited,IOCL,WEST BENGAL,2020-06-01,2023-01-01,2023-11-01,1019,1019,539.64,,,2023-11-01,,,delayed,314
2023-04-01,N18000360,136,"KHAVDA PHASE-II-PART B, GUJARAT- TRANSMISSION SCHEME FOR EVACUATION OF 4.5 GW RE INJECTION AT KHAVDA",National Thermal Power Corporation,,,2023-03-01,2025-03-01,2025-03-01,1167.55,1167.55,,,,,,,on_schedule,262
2023-04-01,N24001385,136,WIDENING AND STRENGTHENING TO TWO LANE WITH PAVED SHOULDERS FROM KM 491/000 TO KM 525/200 OF RAIPUR,Ahmedabad Metro Rail,MoRTH,ANDHRA PRADESH,2020-06-01,2021-05-01,2022-12-01,221.4,,,,,,,,without_doc,407
2023-04-01,N16000249,137,KOYALI AHMEDNAGAR SOLAPUR PIPELINE,Limited,IOCL,MAHARASHTRA,2016-05-01,2022-02-01,2023-12-01,1945,2251,1935.62,,2251,2023-04-01,1. Stiff resistance in opening,,delayed,314
2023-04-01,N18000358,137,TRANSMISSION NETWORK EXPANSION IN GUJARAT ASSOCIATED WITH INTEGRATION OF RE PROJECTS FROM KHAVDA POT,National Thermal Power Corporation,,,2023-03-01,2025-03-01,2025-03-01,815.12,815.12,,,,,,,on_schedule,262
2023-04-01,N24000514,137,WIDENING TO 4/6 LANES OF EXISTING NH-17 FROM KM 531/934 (AFTER ZUARI BR.) TO KM 536/250 JN. WITH VER,Ahmedabad Metro Rail,MoRTH,GOA,2015-12-01,,2023-01-01,773.98,,,,,,,,without_doc,407
2023-04-01,N16000376,138,PX-PTA REVAMP AT PANIPAT REFINERY,Limited,IOCL,HARYANA,2019-08-01,2021-12-01,2023-12-01,1255,1255,755.95,,,2023-12-01,,,delayed,314
2023-04-01,N18000332,138,TRANSMISSION SYSTEM STRENGTHENING SCHEME FOR EVACUATION OF POWER FROM SOLAR ENERGY ZONES IN RAJASTHA,National Thermal Power Corporation,,,2022-05-01,2023-11-01,2023-11-01,1666,1666,393.87,,,,,,on_schedule,262
2023-04-01,N24000516,138,WIDENING TO 4/6/8 LANES OF EXISTING NH-17 FROM KM 522/615 (NEAR GMC) TO KM 530/850 JOINING NEW ZUIAR,Ahmedabad Metro Rail,MoRTH,GOA,2015-12-01,,2023-01-01,819.95,,,,,,,,without_doc,407
2023-04-01,N16000400,139,REPLACEMENT OF EXISTING TWIN 42” OFFSHORE PIPELINES AT VADINAR ALONG WITH TWO EXISTING PIPELINE END,Limited,IOCL,GUJARAT,2020-06-01,2022-12-01,2023-12-01,1378,1378,678.48,,,2024-02-01,,,delayed,315
2023-04-01,N18000357,139,ESTABLISHMENT OF KHAVDA POOLING STATION 3 (KPS3) IN KHAVDA RE PARK,National Thermal Power Corporation,,,2023-03-01,2024-12-01,2024-12-01,922.3,922.3,,,,,,,on_schedule,262
2023-04-01,N24000998,139,WIDENING AND STRENGTHENING/ RECONSTRUCTION OF EXISTING PAVEMENT TO FOUR ALNE WITH PAVED SHOULDERS FR,Ahmedabad Metro Rail,MoRTH,TELANGANA,2019-01-01,2023-01-01,2023-01-01,193.19,,,,249.72,,,,without_doc,407
2023-04-01,N16000381,140,LPG BP PROJECT CHITTOOR,Limited,IOCL,ANDHRA PRADESH,2019-07-01,2022-07-01,2024-02-01,167,167,66.7,,,2023-06-01,,,delayed,315
2023-04-01,N18000328,140,TS FOR EVACUATION OF POWER FROM PAKALDUL HEP IN CHENAB VALLEY HEPS - LTA SYSTEM,National Thermal Power Corporation,Satluj Jal Vidyut Nigam Limited,,2022-02-01,2025-04-01,2025-04-01,318.12,318.12,89.23,,,,,,on_schedule,262
2023-04-01,N24001005,140,KARASWADA TO BAMBOLIM,Ahmedabad Metro Rail,MoRTH,GOA 404,2017-03-01,2019-12-01,2023-01-01,852.67,,,,,,,,without_doc,407
2023-04-01,N16000405,141,"SETTING UP LUBE COMPLEX AT VILLAGES AMULLAVOYAL AND VAIKKADU, CHENNAI AS RESITEMENT OF EXISTING FACI",Limited,IOCL,TAMIL NADU,2020-10-01,2023-12-01,2024-02-01,1398,1587,609.42,,1587,,,,delayed,315
2023-04-01,N18000279,141,LUHRI HYDROELECTRIC PROJECT (STAGE1),National Thermal Power Corporation,,,2020-11-01,2026-01-01,2026-01-01,1810.56,1810.56,1119.56,,,,,,on_schedule,262
2023-04-01,N24001006,141,AKOT TO ANJANGAON,Ahmedabad Metro Rail,MoRTH,MAHARASHTRA,2017-01-01,2019-06-01,2023-01-01,245.77,,,,246,,,,without_doc,408
2023-04-01,N16000253,142,ENNORE THIRUVALLUR BENGALURU PUDUCHERRY NAGAPATTINAM MADURAITUTICORIN GAS PIPELINE,Limited,IOCL,TAMIL NADU,2016-05-01,2018-12-01,2024-03-01,4497,6025,5167.48,,6025,2023-11-01,1. Delay in finalization of,,delayed,315
2023-04-01,N18000336,142,GUJRAI SOLAR POWER PROJECT,National Thermal Power Corporation,,,2022-06-01,2023-08-01,2023-08-01,279.94,279.94,140.98,,,,,,on_schedule,262
2023-04-01,N24001007,142,ANJANGAON TO MAH/MP BORDER,Ahmedabad Metro Rail,MoRTH,MADHYA PRADESH,2017-01-01,2019-06-01,2023-01-01,359,,,,359,,,,without_doc,408
2023-04-01,N16000362,143,Fuel Quality Upgradation Project at Paradip Refinery,Limited,IOCL,ODISHA,2019-05-01,2021-08-01,2024-03-01,3361,3361,2431.78,,,2024-03-01,,,delayed,315
2023-04-01,N18000335,143,BIKANER SOLAR POWER PROJECT,National Thermal Power Corporation,,,2022-04-01,2024-05-01,2024-05-01,5491.89,6023.89,2147.64,,532,,,,on_schedule,262
2023-04-01,N24001010,143,SHEGAON TO DEORI PHATA,Ahmedabad Metro Rail,MoRTH,MAHARASHTRA,2017-02-01,2019-05-01,2023-01-01,373.1,,,,373,,,,without_doc,408
2023-04-01,N16000368,144,INSTALLATION OF STANDBY SRU TRAIN OF 525 TPD ALONGWITH INCINERATOR AT PARADIP REFINERY,Limited,IOCL,ODISHA,2019-06-01,2022-09-01,2024-03-01,371,427.1,174.16,,427.1,2023-03-01,,,delayed,315
2023-04-01,N18000291,144,DHAULASIDH HYDROELECTRIC PROJECT (66 MW),National Thermal Power Corporation,,,2020-10-01,2025-11-01,2025-11-01,687.97,687.97,399.52,,,,,,on_schedule,262
2023-04-01,N24001017,144,DAHEGAON TO KUHI,Ahmedabad Metro Rail,MoRTH,MAHARASHTRA,2017-01-01,2019-06-01,2023-01-01,228.89,,,,229,,,,without_doc,408
2023-04-01,N16000411,145,AUGUMENTATION OF SALAYA MATHURA CRUDE OIL PIPELINE SYSTEM,Limited,IOCL,GUJARAT,2020-10-01,2023-08-01,2024-03-01,1614,1614,411.75,,,,Delay in purchase of land at,,delayed,315
2023-04-01,N18000334,145,GURHAH SOLAR POWER PROJECT,National Thermal Power Corporation,,,2022-05-01,2023-08-01,2023-08-01,466.82,466.82,242.21,,,,,,on_schedule,262
2023-04-01,N24001018,145,BHANDARA TO GHOTITOK,Ahmedabad Metro Rail,MoRTH,MAHARASHTRA,2017-01-01,2019-06-01,2023-01-01,392.83,,,,393,,,,without_doc,408
2023-04-01,N16000446,146,EXPANSION OF CRYOGENICS GROUP BY SETTING UP NEW MANUFACTURING FACILITY,Limited,IOCL,MAHARASHTRA,2021-09-01,2023-10-01,2024-05-01,378,378,65.45,,,2024-05-01,,,delayed,315
2023-04-01,N18000344,146,SUNNI DAM HYDRO ELECTRIC PROJECT,National Thermal Power Corporation,,,2023-01-01,2028-04-01,2028-04-01,2614.51,2614.51,469.44,,,,,,on_schedule,262
2023-04-01,N24001021,146,AMDI TO SAONER,Ahmedabad Metro Rail,MoRTH,MAHARASHTRA,2017-01-01,2019-06-01,2023-01-01,396.91,,,,397,,,,without_doc,408
2023-04-01,N16000386,147,BARAUNI REFINERY CAPACITY EXPANSION FROM 6.0 TO 9.0 MMTPA,Limited,IOCL,BIHAR,2020-01-01,2023-04-01,2024-12-01,14810,14810,5557.58,,,,State Govt/Local Govt,,delayed,316
2023-04-01,N22000359,147,PUNE-MIRAJ-LONDA (467 KM),Central Railways,Rail Vikas Nigam Ltd.,,2015-02-01,2024-03-01,2024-03-01,3627.47,3627.47,2466.21,,3627,,,,on_schedule,262
2023-04-01,N24001023,147,NAGAJ TO VAIJAPUR,Ahmedabad Metro Rail,MoRTH,MAHARASHTRA,2017-01-01,2019-06-01,2023-01-01,376.72,,,,377,,,,without_doc,408
2023-04-01,N16000403,148,"CONSTRUCTION OF CAPTIVE POL LPG JETTY AT KAMARAJAR PORT, CHENNAI",Limited,IOCL,TAMIL NADU,2020-10-01,2023-09-01,2024-12-01,921,921,174.01,,,,,,delayed,316
2023-04-01,N22000501,148,MATHURA-JHANSI-3RD LINE (273.80 KM),Central Railways,,,2016-06-01,2023-12-01,2023-12-01,3677.76,3677.76,4072,,,,,,on_schedule,262
2023-04-01,N24001030,148,PIMPLA TO MANJARSUMBHA,Ahmedabad Metro Rail,MoRTH,MAHARASHTRA,2017-01-01,2019-08-01,2023-01-01,595.77,,,,,,,,without_doc,408
2023-04-01,N16000435,149,NEW MUNDRA-PANIPAT CRUDE OIL PIPELINE,Limited,IOCL,RAJASTHAN,2021-12-01,2024-10-01,2024-12-01,9028,9028,3863.55,,,2024-12-01,,,delayed,316
2023-04-01,N22000369,149,VIJAYAWADA-GUDUR,Central Railways,,,2015-04-01,2023-12-01,2023-12-01,3246.26,3548.68,4716.68,,,,,,on_schedule,262
2023-04-01,N24001035,149,MANSAR TO SALAIKHURD,Ahmedabad Metro Rail,MoRTH,MAHARASHTRA,2018-01-01,2019-12-01,2023-01-01,418.36,,,,,,,,without_doc,408
2023-04-01,N16000438,150,"GRASS ROOT POL TERMINAL AT VALLUR, CHENNAI",Limited,IOCL,TAMIL NADU,2022-01-01,2024-07-01,2024-12-01,827,827,166.26,,,,,,delayed,316
2023-04-01,N24001296,150,CONSTRUCTION OF 2 LANE ROAD OF POTIN TO PANGIN SECTION OF NH 13 FROM KM 314.25 TO KM 351.383 (PACKAG,Ministry Of Road Transport And Highways (State Pwds),,,2019-03-01,2027-03-01,2027-03-01,394.27,394.27,353.01,,,,,,on_schedule,263
2023-04-01,N24001041,150,SHIROD SHAHPURER TO NANDED,Ahmedabad Metro Rail,MoRTH,MAHARASHTRA,2017-01-01,2019-07-01,2023-01-01,211.34,,,,,,,,without_doc,408
2023-04-01,N16000343,151,REVAMPING OF FACILITIES AT VIZAG TERMINAL,Limited,IOCL,ANDHRA PRADESH,2018-04-01,2022-04-01,2025-03-01,355,355,182.18,,,,,,delayed,316
2023-04-01,N24001292,151,CONSTRUCTION OF 2 LANE ROAD OF POTIN TO PANGIN SECTION OF NH 13 FROM KM 117.56 TO KM 163.59 (PACKAGE,Ministry Of Road Transport And Highways (State Pwds),,,2019-03-01,2027-03-01,2027-03-01,543.05,543.05,354.6,,,,,,on_schedule,263
2023-04-01,N24001042,151,SALAIKHURD TO TIRORA,Ahmedabad Metro Rail,MoRTH,MAHARASHTRA,2018-01-01,2019-12-01,2023-01-01,415.25,,,,415.25,,,,without_doc,408
2023-04-01,N16000417,152,CGD PROJECT AT REWA DISTRICT,Limited,IOCL,MADHYA PRADESH,2018-10-01,2027-02-01,2028-09-01,177,177,90.68,,,2028-09-01,,,delayed,316
2023-04-01,N24001527,152,2L+PS FOR WORK OF NH-325 (BALOTRA TO SANDERAO VIA JALORE) BY CONSTRUCTION OF BYPASSES:(1) ASOTRA- BR,Ministry Of Road Transport And Highways (State Pwds),,,2021-12-01,2024-05-01,2024-05-01,411.4,411.4,20,,,,,,on_schedule,263
2023-04-01,N24001055,152,HELWAK TO KARAD,Ahmedabad Metro Rail,MoRTH,MAHARASHTRA,2017-02-01,2019-07-01,2023-01-01,416.99,,,,,,,,without_doc,408
2023-04-01,N16000415,153,"CGD PROJECT AT AURANGABAD, KAIMUR AND ROHTAS DISTRICTS",Limited,IOCL,BIHAR,2018-10-01,2027-08-01,2029-02-01,176,176,118.88,,,2029-02-01,,,delayed,316
2023-04-01,N24001375,153,4 LANING OF ITANAGAR TO BANDARDEWA SECTION OF NH- 415 FROM KM 40+430 TO KM 51+735 (PACKAGE B) ON EPC,Ministry Of Road Transport And Highways (State Pwds),,,2020-06-01,2027-03-01,2027-03-01,496.47,496.47,102.09,,,,,,on_schedule,263
2023-04-01,N24001058,153,KARWANDI TO RAJURI,Ahmedabad Metro Rail,MoRTH,MAHARASHTRA,2018-03-01,2019-12-01,2023-01-01,276.95,,,,277,,,,without_doc,408
2023-04-01,N16000422,154,"CGD PROJECT AT ARWAL, JEHANABAD, BHOJPUR AND BUXAR DISTRICTS",Limited,IOCL,BIHAR,2019-06-01,2028-02-01,2029-08-01,439,439,173.3,,,2029-08-01,,,delayed,316
2023-04-01,N24001408,154,CONSTRUCTION OF 2-LANE MAJOR BRIDGE INCLUDING APPROACHESOVER BRAHMAPUTRA BETWEEN MAJULI ON NORTH BAN,Ministry Of Road Transport And Highways (State Pwds),,,2021-02-01,2025-07-01,2025-07-01,925.47,925.47,67.43,,,,,,on_schedule,263
2023-04-01,N24001063,154,WADIGODRI TO DHANGRIPIMPRI,Ahmedabad Metro Rail,MoRTH,MAHARASHTRA,2018-03-01,2020-02-01,2023-01-01,194.23,,,,194,,,,without_doc,408
2023-04-01,N16000424,155,"CGD PROJECT AT LAKHISARAI, MUNGER AND BHAGALPUR DISTRICTS",Limited,IOCL,BIHAR,2019-06-01,2028-02-01,2029-08-01,347,347,135.45,,,2029-08-01,,,delayed,316
2023-04-01,N24001373,155,BALANCE WORK OF 2-LANING OF LONGDING– TISSA- KHONSA ROAD (NH-215) ON EPC MODE IN THE STATE OF ARUNAC,Ministry Of Road Transport And Highways (State Pwds),,,2020-01-01,2024-02-01,2024-02-01,358.26,358.26,285.98,,,,,,on_schedule,263
2023-04-01,N24001064,155,DHANGIPIMPRI TO JALNA AND AMBAD CHOWK TO MANTH CHOWK,Ahmedabad Metro Rail,MoRTH,MAHARASHTRA,2018-03-01,2020-02-01,2023-01-01,217.14,,,,217,,,,without_doc,408
2023-04-01,N16000425,156,"CGD PROJECT AT MUZAFFARPUR, VAISHALI, SARAN AND SAMASTIPUR DISTRICTS",Limited,IOCL,BIHAR,2019-06-01,2028-02-01,2029-08-01,2996,2996,489.81,,,2029-08-01,,,delayed,317
2023-04-01,N24001376,156,WIDENING OF EXISTING ROAD TO 2 LANE WITH PAVED SHOULDER FROM HUKANJURI TO KHONSA SECTION OF NH- 315A,Ministry Of Road Transport And Highways (State Pwds),,,,2027-03-01,2027-03-01,182.55,182.55,61.73,,,,,,on_schedule,263
2023-04-01,N24001066,156,LATUR TO PANGAON,Ahmedabad Metro Rail,MoRTH,MAHARASHTRA,2018-03-01,2019-12-01,2023-01-01,336.47,,,,336,,,,without_doc,408
2023-04-01,N16000416,157,"CGD PROJECT AT BOKARO, HAZARIBAGH AND RAMGARH DISTRICTS",Limited,IOCL,JHARKHAND,2018-10-01,2029-12-01,2030-03-01,613,613,204.22,,,2030-03-01,,,delayed,317
2023-04-01,N24001447,157,REHABILITATION AND UPGRADATION TO 2-LANE CONFIGURATION OF HAMIRPUR-KARNOHAL SECTION (KM 141.000 TO K,Ministry Of Road Transport And Highways (State Pwds),,,2020-08-01,2024-12-01,2024-12-01,371.93,371.93,14.61,,,,,,on_schedule,263
2023-04-01,N24001071,157,JALKOT TO TOGRI,Ahmedabad Metro Rail,MoRTH,MAHARASHTRA,2018-07-01,2020-08-01,2023-01-01,299.92,,,,300,,,,without_doc,408
2023-04-01,N16000420,158,"CGD PROJECT AT SRIKAKULAM, VISAKHAPATNAM AND VIZIANAGARAM DISTRICTS",Limited,IOCL,ANDHRA PRADESH,2019-06-01,2027-08-01,2030-03-01,2880,2880,189.66,,,2030-03-01,,,delayed,317
2023-04-01,N24001442,158,CONSTRUCTION OF 2-LANE WITH PAVED SHOULDER GANGTOK BYPASS ROAD FROM RANIPOOL TO BURTUK (L=23.316KM),Ministry Of Road Transport And Highways (State Pwds),,,2021-10-01,2024-05-01,2024-05-01,385.15,385.15,70.51,,,,,,on_schedule,263
2023-04-01,N24001074,158,KHAMGAON TO DEULGAON SAKARSHA,Ahmedabad Metro Rail,MoRTH,MAHARASHTRA,2018-03-01,2019-12-01,2023-01-01,249.29,,,,,,,,without_doc,408
2023-04-01,N16000421,159,"CGD PROJECT AT ARARIA, PURNIA, KATIHAR AND KISHANGANJ DISTRICTS",Limited,IOCL,BIHAR,2019-06-01,2029-12-01,2030-03-01,988,988,74.85,,,2030-03-01,,,delayed,317
2023-04-01,N24001374,159,4-LANING OF ITANAGAR TO BANDARDEWA SECTION OF NH- 415 FROM KM 51+700 TO KM 59+199 (PACKAGE-C) ON EPC,Ministry Of Road Transport And Highways (State Pwds),,,2020-06-01,2027-03-01,2027-03-01,437.6,437.6,196.07,,,,,,on_schedule,263
2023-04-01,N24001079,159,ARDHAPUR TO HIMAYATNAGAR,Ahmedabad Metro Rail,MoRTH,MAHARASHTRA,2017-12-01,2020-06-01,2023-01-01,426.06,,,,426,,,,without_doc,408
2023-04-01,N16000423,160,"CGD PROJECT AT KHAGARIA, SAHARSA AND MADHEPURA",Limited,IOCL,BIHAR,2019-06-01,2029-12-01,2030-03-01,163,163,52.69,,,2030-03-01,,,delayed,317
2023-04-01,N24001372,160,BALANCE WORK 2-LANING OF LALPUL MANMAO CHANGLANG ROAD (NH-215) ON EPC MODE IN THE STATE OF ARUNACH,Ministry Of Road Transport And Highways (State Pwds),,,2021-02-01,2024-03-01,2024-03-01,588.09,588.09,242.32,,,,,,on_schedule,263
2023-04-01,N24001080,160,MALE VILLAGE TO PUNE RAIGARH DISTRICT BORDER,Ahmedabad Metro Rail,MoRTH,MAHARASHTRA,2018-03-01,2019-12-01,2023-01-01,256.15,,,,,,,,without_doc,408
2023-04-01,N16000426,161,CGD PROJECT AT NAWADA AND KODERMA DISTRICTS,Limited,IOCL,MULTI STATE Mangalore Refinery And Petrochemicals Limited,2019-06-01,2029-12-01,2030-03-01,169,169,56.97,,,2030-03-01,,,delayed,317
2023-04-01,N24001293,161,CONSTRUCTION OF 2 LANE ROAD OF POTIN TO PANGIN SECTION OF NH 13 FROM KM 206.66 TO KM 247.05 (PACKAGE,Ministry Of Road Transport And Highways (State Pwds),,,2019-03-01,2027-03-01,2027-03-01,486.7,486.7,367.27,,,,,,on_schedule,263
2023-04-01,N24001083,161,CHIKLI TO TAKARKHED,Ahmedabad Metro Rail,MoRTH,MAHARASHTRA,2018-03-01,2019-12-01,2023-01-01,393.1,,,,393,,,,without_doc,408
2023-04-01,N16000401,162,DEVANGONTHI MARKETING TERMINAL,Limited,MANGALORE REFIN,KARNATAKA Oil & Natural Gas Corporation Limited,2020-06-01,2023-06-01,2024-01-01,200,304,141.16,,304,2024-01-01,,,delayed,317
2023-04-01,N24001289,162,CONSTRUCTION OF 2 LANE ROAD OF POTIN TO PANGIN SECTION OF NH 13 FROM KM 0.00 TO KM 44.35 (PACKAGE 1),Ministry Of Road Transport And Highways (State Pwds),,,2019-03-01,2027-03-01,2027-03-01,403.68,403.68,320.8,,,,,,on_schedule,263
2023-04-01,N24001088,162,JALGAON TO NANDURA,Ahmedabad Metro Rail,MoRTH,MAHARASHTRA,2018-03-01,2019-12-01,2023-01-01,177.84,,,,177,,,,without_doc,408
2023-04-01,N16000358,163,MUMBAI HIGH NORTH REDEVELOPMENT PHASE-IV,Limited,ONGC,MAHARASHTR A,2019-04-01,2022-03-01,2023-05-01,3228.8,3976.67,3727.61,,3976.67,2023-05-01,,,delayed,317
2023-04-01,N24001470,163,REHABILITATION AND UPGRADATION TO 2-LANE CONFIGURATION OF KALWAHAN-MANDI SECTION (KM 208.950 TO KM 2,Ministry Of Road Transport And Highways (State Pwds),,,2020-08-01,2025-04-01,2025-04-01,314.32,314.32,9.45,,,,,,on_schedule,263
2023-04-01,N24001094,163,NAIGAONBANDI TO MANGRULPIR,Ahmedabad Metro Rail,MoRTH,MAHARASHTRA,2017-12-01,2019-03-01,2023-01-01,244.04,,,,244,,,,without_doc,408
2023-04-01,N16000370,164,PIPELINE REPLACEMENT PROJECT (PRP-VI),Limited,ONGC,MAHARASHTR A,2019-05-01,2020-12-01,2023-05-01,763.92,830.87,830.87,,,2022-12-01,,,delayed,317
2023-04-01,N24001295,164,CONSTRUCTION OF 2 LANE ROAD OF POTIN TO PANGIN SECTION OF NH 13 FROM KM 284.92 TO KM 314.25 (PACKAGE,Ministry Of Road Transport And Highways (State Pwds),,,2019-03-01,2027-03-01,2027-03-01,347.78,347.78,276.79,,,,,,on_schedule,263
2023-04-01,N24001098,164,WARDHA TO HINGAGHAT,Ahmedabad Metro Rail,MoRTH,MAHARASHTRA,2018-01-01,2019-12-01,2023-01-01,216.9,,,,217,,,,without_doc,408
2023-04-01,N16000469,165,DEVELOPMENT OF NELP BLOCK KG-ONN-2003/1 NAGAYALANKA FIELD-PH II,Limited,ONGC,ANDHRA PRADESH,2022-03-01,2023-06-01,2023-11-01,284.79,284.79,144.63,,,,,,delayed,317
2023-04-01,N24001528,165,WIDENING OF PACHPADRA-BAGUNDI SECTION TO 4 LANE FROM KM 73/60 TO 95/70 OF NH-25 ON EPC MODE IN THE,Ministry Of Road Transport And Highways (State Pwds),,,2022-01-01,2024-12-01,2024-12-01,194.88,194.88,,,,,,,on_schedule,263
2023-04-01,N24001102,165,PANDHARPUR TO SANGOLA,Ahmedabad Metro Rail,MoRTH,MAHARASHTRA,2017-07-01,2019-07-01,2023-01-01,218.38,,,,,,,,without_doc,408
2023-04-01,N16000360,166,HEERA REDEVELOPMENT - PHASE III,Limited,ONGC,MAHARASHTR A,2019-06-01,2022-03-01,2023-12-01,2494.68,2494.68,2280.76,,,2023-03-01,,,delayed,317
2023-04-01,N24001421,166,CONSTRUCTION OF 6 LANE BRIDGE ON GANGA ON NH-96 AND ITS APPROACHES IN PHAPHAMAU ALLAHABAD ON EPC MOD,Ministry Of Road Transport And Highways (State Pwds),,,2018-07-01,2024-02-01,2024-02-01,1948.25,1948.25,617.18,,,,,,on_schedule,264
2023-04-01,N24001104,166,MALEWADA TO CHIMUR,Ahmedabad Metro Rail,MoRTH,MAHARASHTRA,2016-10-01,2019-06-01,2023-01-01,322.55,,,,,,,,without_doc,409
2023-04-01,N16000239,167,DEVELOPMENT PLAN OF CBM - BOKARO BLOCK,Limited,ONGC,JHARKHAND,2015-12-01,2023-03-01,2024-03-01,823.27,1137.79,931.85,,1137.79,2024-03-01,LAQ issues for remaining,,delayed,318
2023-04-01,N24001291,167,CONSTRUCTION OF 2 LANE ROAD OF POTIN TO PANGIN SECTION OF NH 13 FROM KM 77.95 TO KM 117.56 (PACKAGE,Ministry Of Road Transport And Highways (State Pwds),,,2019-03-01,2027-03-01,2027-03-01,421.48,421.48,297.43,,,,,,on_schedule,264
2023-04-01,N24001116,167,GADCHIROLI TO MUL,Ahmedabad Metro Rail,MoRTH,MAHARASHTRA,2016-12-01,2019-06-01,2023-01-01,484.15,,,,,,,,without_doc,409
2023-04-01,N16000247,168,KG-DWN-98-2 CLUSTER II DEVELOPMENT PROJECT,Limited,ONGC,ANDHRA PRADESH,2016-03-01,2020-06-01,2024-05-01,34012,34012,23375.86,,,2023-05-01,,,delayed,318
2023-04-01,N24001530,168,UPGRADATION TO TWO LANE PAVED SHOULDER OF KOTHUN-LALSOT-KAROLI-DHOLPUR ROAD NH-23 (OLD NH- 11B) IN TH,Ministry Of Road Transport And Highways (State Pwds),,,2021-12-01,2024-09-01,2024-09-01,150.11,150.11,3,,,,,,on_schedule,264
2023-04-01,N24001117,168,MUL TO CHANDRAPUR,Ahmedabad Metro Rail,MoRTH,MAHARASHTRA,2016-12-01,2019-07-01,2023-01-01,162.34,,,,,,,,without_doc,409
2023-04-01,N16000433,169,"GAS ASSISTED GRAVITY DRAINAGE SCHEME, KASOMARIGAON",Limited,ONGC,ASSAM,2021-08-01,2023-02-01,2024-07-01,218.38,218.38,48.2,,,,LAQ could not be,,delayed,318
2023-04-01,N24001297,169,CONSTRUCTION OF 2 LANE ROAD OF POTIN TO PANGIN SECTION OF NH 13 FROM KM 163.59 TO KM 206.66 (PACKAGE,Ministry Of Road Transport And Highways (State Pwds),,,2019-03-01,2027-03-01,2027-03-01,450.65,450.65,233.76,,,,,,on_schedule,264
2023-04-01,N24001118,169,SAKOLI TO BHANDARA,Ahmedabad Metro Rail,MoRTH,MAHARASHTRA,2017-01-01,2019-06-01,2023-01-01,362.96,,,,,,,,without_doc,409
2023-04-01,N16000241,170,Field Development Plan of Madanam NELP-IV Block CY-ONN- 2002,Limited,ONGC,TAMIL NADU,2015-11-01,2019-03-01,2024-12-01,650.82,650.82,469.54,,,2021-09-01,* Facilities: Grant of,,delayed,318
2023-04-01,N24001294,170,CONSTRUCTION OF 2 LANE ROAD OF POTIN TO PANGIN SECTION OF NH 13 FROM KM 247.05 TO KM 284.92 (PACKAGE,Ministry Of Road Transport And Highways (State Pwds),,,2019-03-01,2027-03-01,2027-03-01,560.39,560.39,461.19,,,,,,on_schedule,264
2023-04-01,N24001137,170,KALMATH TO ZARAP,Ahmedabad Metro Rail,MoRTH,MAHARASHTRA,2016-09-01,2020-03-01,2023-01-01,1338.13,,,,2617.44,,,,without_doc,409
2023-04-01,N16000445,171,DEVELOPMENT OF JHARIA CBM BLOCK (PHASE-1),Limited,ONGC,JHARKHAND,2019-11-01,2024-01-01,2024-12-01,431,431,51.09,,,,,,delayed,318
2023-04-01,N24001529,171,44 LANE DIVIDED CARRIAGEWAY OF BARMER BYPASS OF NH- 15 (NEW NH-68) IN THE STATE OF RAJASTHAN ON EPC M,Ministry Of Road Transport And Highways (State Pwds),,,2021-12-01,2024-08-01,2024-08-01,451.66,451.66,139,,,,,,on_schedule,264
2023-04-01,N24001149,171,RISOD TO HINGOLI,Ahmedabad Metro Rail,MoRTH,MAHARASHTRA,2018-02-01,2019-12-01,2023-01-01,355.99,,,,,,,,without_doc,409
2023-04-01,N16000213,172,LIFE EXTENSION OF WALL PLATFORMS OF MUMBAI HIGH AND HEERA FIELDS,Limited,ONGC,MAHARASHTR A Oil India Limited,2015-12-01,2018-04-01,2026-05-01,3190.69,3375.9,2897.46,,3375.9,2023-05-01,,,delayed,318
2023-04-01,N24001587,172,WIDENING AND STRENGTHENING OF SECTION FROM BHARTHANA CHOWK TO KODARKOOT (KM. 0.00 TO KM. 40.00) OF,Ministry Of Road Transport And Highways (State Pwds),,,2020-03-01,2024-09-01,2024-09-01,262.37,343.77,,,,,,,on_schedule,264
2023-04-01,N24001150,172,WARDHA TO ARVI,Ahmedabad Metro Rail,MoRTH,MAHARASHTRA,2018-02-01,2020-04-01,2023-01-01,313.58,,,,,,,,without_doc,409
2023-04-01,N16000331,173,DEVELOPMENT OF SURFACE FACILITIES FOR PRODUCTION AND EVACUATION OF CRUDE OIL AND NATURAL GAS FROM NA,Limited,OIL,ASSAM,2018-01-01,2020-02-01,2023-09-01,543.91,638.6,437,,,2023-03-01,,,delayed,318
2023-04-01,N24001531,173,UPGRADATION AND REHABILITATION TO TWO LANE WITH PAVED SHOULDER OF BARMER GHAGARIYA SECTION FROM KM 0,Ministry Of Road Transport And Highways (State Pwds),National Highways And Infrastructure Development Corporation Ltd.,,2022-03-01,2024-08-01,2024-08-01,304.87,304.87,43.97,,,,,,on_schedule,264
2023-04-01,N24000584,173,4-LANNING OF NH17 AND NEW NO. NH66 FROM KM 161/600 TO 205/400 UNDER HYBRID ANNUITY MODE,Ahmedabad Metro Rail,MoRTH,MAHARASHTRA,2016-03-01,,2023-02-01,1142.62,,,,1907.03,,,,without_doc,409
2023-04-01,N18000172,174,PAKAL DUL HYDRO ELECTRIC PROJECT (1000 MW),Limited,CVPPPL,JAMMU AND KASHMIR National Hydro-Electric Power Corporation,2014-10-01,2020-04-01,2026-09-01,8112.12,8112.12,2985.4,,,2025-07-01,Signing of PPA for 1000MW,,delayed,318
2023-04-01,N24000861,174,WIDENING AND UP-GRADATION TO 2-LANE WITH PAVED SHOULDER CONFIGURATION AND GEOMETRIC IMPROVEMENTS FRO,Ministry Of Road Transport And Highways (State Pwds),,,2017-04-01,2023-04-01,2023-04-01,473.18,473.18,433.4,,,,,,on_schedule,264
2023-04-01,N24001013,174,DIGRAS DARWAH KARANJA,Ahmedabad Metro Rail,MoRTH,MAHARASHTRA,2017-01-01,2019-06-01,2023-02-01,391.06,,,,391,,,,without_doc,409
2023-04-01,N18000323,175,KALPI SOLAR POWER PROJECT,Limited,NHPC,UTTAR PRADESH,2020-07-01,2022-03-01,2023-06-01,314.64,350.46,238.13,,350.46,2023-06-01,,,delayed,319
2023-04-01,N24001253,175,"CONSTRUCTION, OPERATION AND MAINTENANCE OF Z-MORH TUNNEL INCLUDING APPROACHES ON NH-01 SRINAGAR- SONA",Ministry Of Road Transport And Highways (State Pwds),,,2019-12-01,2023-12-01,2023-12-01,2680.42,2680.42,,,,,,,on_schedule,264
2023-04-01,N24001015,175,MORSHI TO ACHALPUR,Ahmedabad Metro Rail,MoRTH,MAHARASHTRA,2017-01-01,2019-06-01,2023-02-01,341.16,,,,341,,,,without_doc,409
2023-04-01,180100210,176,PARBATI HEP (4X200 MW) (NHPC) II,Limited,NHPC,HIMACHAL PRADESH,,2009-09-01,2024-03-01,11134.54,11134.54,10584,,,2024-03-01,,,delayed,319
2023-04-01,N24000979,176,TWO-LANING OF HAYULIANG– HAWAI BYPASS ROAD ON EPC BASIS FROM DESIGN KM. 51.825 TO KM. 63.131 EXISTI,Ministry Of Road Transport And Highways (State Pwds),,,2017-01-01,2023-05-01,2023-05-01,256.66,256.66,,,,2023-05-01,,,on_schedule,264
2023-04-01,N24001016,176,MORSHI TO MAH/MP BORDER,Ahmedabad Metro Rail,MoRTH,MAHARASHTRA,2017-01-01,2019-06-01,2023-02-01,471.61,,,,472,,,,without_doc,409
2023-04-01,180100221,177,SUBANSIRI LOWER H.E.P (8X250 MW) (NHPC),Limited,NHPC,ARUNACHAL PRADESH,2003-09-01,2010-09-01,2024-06-01,6285.33,21247.54,18249.79,,21247.54,2024-06-01,,,delayed,319
2023-04-01,N24001346,177,KARGIL-ZANSKR PACKAGE-6,Ministry Of Road Transport And Highways (State Pwds),,,2021-01-01,2024-05-01,2024-05-01,239.81,239.81,145.12,,,,,,on_schedule,264
2023-04-01,N24001024,177,MANGAON TO DIGHI PORT,Ahmedabad Metro Rail,MoRTH,MAHARASHTRA,2017-01-01,2019-07-01,2023-02-01,457.52,,,,,,,,without_doc,409
2023-04-01,N18000326,178,RANGIT IV HE PROJECT,Limited,NHPC,SIKKIM,2021-03-01,2024-05-01,2024-08-01,938.29,938.29,557.95,,938.29,2024-08-01,,,delayed,319
2023-04-01,N24001473,178,CONSTRUCTION OF 2-LANING WITH HARD SHOULDER ROAD OF UKHRUL - TOLOI - TADUBI SECTION OF NH-102A FROM,Ministry Of Road Transport And Highways (State Pwds),,,2021-09-01,2024-02-01,2024-02-01,310.76,310.76,31.4,,,,,,on_schedule,264
2023-04-01,N24001025,178,INDAPAUR TO AGARDANDA,Ahmedabad Metro Rail,MoRTH,MAHARASHTRA,2017-01-01,2019-07-01,2023-02-01,355.17,,,,,,,,without_doc,409
2023-04-01,N18000324,179,RATLE HE PROJECT,Limited,NHPC,JAMMU AND KASHMIR,,2026-02-01,2026-05-01,5281.94,5281.94,277.17,,,2026-05-01,,,delayed,319
2023-04-01,N24001330,179,KARGIL-ZANSKR PACKAGE-5,Ministry Of Road Transport And Highways (State Pwds),,,2020-08-01,2023-12-01,2023-12-01,169.79,169.79,196.67,,,,,,on_schedule,264
2023-04-01,N24001032,179,DEORI TO AMGAON,Ahmedabad Metro Rail,MoRTH,MAHARASHTRA,2017-01-01,2019-05-01,2023-02-01,409.62,,,,410,,,,without_doc,409
2023-04-01,N18000325,180,TEESTA VI HE PROJECT,Limited,NHPC,SIKKIM National Thermal Power Corporation,2019-03-01,2024-03-01,2026-08-01,5748.04,5748.04,2371.8,,,2026-08-01,,,delayed,319
2023-04-01,N24001542,180,2 LANING FROM MANU-SIMLUNG PKG-2,Ministry Of Road Transport And Highways (State Pwds),,,2022-02-01,2025-01-01,2025-01-01,456.88,456.88,14.71,,,,,,on_schedule,264
2023-04-01,N24001034,180,PARTUR TO MAJALGAON,Ahmedabad Metro Rail,MoRTH,MAHARASHTRA,2017-01-01,2019-07-01,2023-02-01,420.57,,,,,,,,without_doc,409
2023-04-01,N18000282,181,NOKHRA,Limited,NTPC,UTTAR PRADESH,2020-03-01,2021-09-01,2023-06-01,1722.14,1803.19,741.76,,,2024-09-01,,,delayed,319
2023-04-01,N24001313,181,IMPROVEMENT/WIDENING TO 2-L WITH PAVED SHOULDER FROM (DESIGN KM 0.00 TO KM 10.670) / 4-LANING FROM (,Ministry Of Road Transport And Highways (State Pwds),,,2020-11-01,2023-12-01,2023-12-01,351.12,351.12,181.82,,,,,,on_schedule,264
2023-04-01,N24001040,181,JAHIRABAD TO LATUR,Ahmedabad Metro Rail,MoRTH,MAHARASHTRA,2017-01-01,2019-11-01,2023-02-01,461.96,,,,,,,,without_doc,409
2023-04-01,N18000277,182,DURGAPUR PP-III (2X20 MW) - NSPCL,Limited,NTPC,WEST BENGAL,2016-12-01,2018-11-01,2023-07-01,529.68,679,558.39,,633.8,2023-03-01,None,,delayed,319
2023-04-01,N24001347,182,KARGIL-ZANSKR PACKAGE-7,Ministry Of Road Transport And Highways (State Pwds),,,2021-01-01,2024-06-01,2024-06-01,308.86,308.86,163.62,,,,,,on_schedule,264
2023-04-01,N24001049,182,KARAD TO VITA,Ahmedabad Metro Rail,MoRTH,MAHARASHTRA,2018-01-01,2019-12-01,2023-02-01,344.85,,,,245,,,,without_doc,409
2023-04-01,N18000212,183,TELANGANA SUPER THERMAL POWER PROJECT PHASE I,Limited,NTPC,TELANGANA,2016-01-01,2020-11-01,2023-08-01,10598.98,10998,10500.25,,,2022-07-01,,,delayed,319
2023-04-01,N24001334,183,IMPROVEMENT/WIDENING TO 2-LANE WITH PAVED SHOULDER FROM (DESIGN KM 45.760 TO KM 63.530) BETWEEN SHIL,Ministry Of Road Transport And Highways (State Pwds),,,2020-11-01,2023-12-01,2023-12-01,445.51,445.51,190.95,,,,,,on_schedule,264
2023-04-01,N24001052,183,SANGOLA TO JATH,Ahmedabad Metro Rail,MoRTH,MAHARASHTRA,2018-01-01,2019-12-01,2023-02-01,257.38,,,,257,,,,without_doc,409
2023-04-01,N18000286,184,SAMBHU KI BHURJ-II SOLAR 300MW,Limited,NTPC,RAJASTHAN,2020-03-01,2021-09-01,2024-03-01,1782,1782,994.63,,,2024-09-01,,,delayed,319
2023-04-01,N24001335,184,IMPROVEMENT/WIDENING TO 2-LANE WITH PAVED SHOULDER / 4-LANING FROM (DESIGN KM 63.530 TO KM 71.520) B,Ministry Of Road Transport And Highways (State Pwds),,,2020-11-01,2023-12-01,2023-12-01,284.21,284.21,45.08,,,,,,on_schedule,265
2023-04-01,N24001056,184,TEMBHURNI PANDHARPUR MANGALWEDHA MARWADE UMDI,Ahmedabad Metro Rail,MoRTH,MAHARASHTRA,2017-02-01,2019-07-01,2023-02-01,422.02,,,,422,,,,without_doc,409
2023-04-01,N18000292,185,ANTA SOLAR 90 MW,Limited,NTPC,RAJASTHAN,2021-01-01,2022-03-01,2024-03-01,382.22,382.22,11.74,,,2024-03-01,,,delayed,319
2023-04-01,N24001537,185,DABOKA KATHKATI PACKAGE-7,Ministry Of Road Transport And Highways (State Pwds),,,2021-11-01,2024-07-01,2024-07-01,204.1,204.1,44.76,,,,,,on_schedule,265
2023-04-01,N24001060,185,PALPHATA TO PHULAMBARI,Ahmedabad Metro Rail,MoRTH,MAHARASHTRA,2018-03-01,2019-12-01,2023-02-01,227.19,,,,227,,,,without_doc,409
2023-04-01,N18000294,186,CHHATTARGARH 150 MW,Limited,NTPC,RAJASTHAN,2021-02-01,2022-07-01,2024-03-01,599.99,599.99,117.32,,,2024-03-01,,,delayed,319
2023-04-01,N24001474,186,REHABITITATION AND UP GRADATION OF NONGSTOIN- RAMBRAI-KYRSHAI ROAD UP TO MEGHALAYA-ASSAM BORDER FROM,Ministry Of Road Transport And Highways (State Pwds),,,2021-09-01,2024-05-01,2024-05-01,359.86,359.86,60,,,,,,on_schedule,265
2023-04-01,N24001062,186,DHAD BHOKARDAN TO BHOKARDHAN SILLOD,Ahmedabad Metro Rail,MoRTH,MAHARASHTRA,2018-03-01,2019-12-01,2023-02-01,336.21,,,,336,,,,without_doc,409
2023-04-01,N18000295,187,GUJARAT 200 MW (GUVNL TENDER),Limited,NTPC,GUJARAT,2021-01-01,2022-07-01,2024-03-01,842.27,842.27,92.08,,,2024-03-01,,,delayed,319
2023-04-01,N24001541,187,RANIKOR- MAHESHKHOLA- BAGHMARA PKG-2,Ministry Of Road Transport And Highways (State Pwds),,,2021-11-01,2024-06-01,2024-06-01,283.5,283.5,69.73,,,,,,on_schedule,265
2023-04-01,N24001065,187,PARBHANI TO GANGKHED,Ahmedabad Metro Rail,MoRTH,MAHARASHTRA,2018-03-01,2019-12-01,2023-02-01,238.19,,,,238,,,,without_doc,409
2023-04-01,N18000296,188,"150 MW SOLAR PV PROJECT IN GUJARAT (LIMBDI, MESANKA AND RADHANPUR)",Limited,NTPC,GUJARAT,2021-05-01,2022-09-01,2024-03-01,674.92,674.92,77.73,,,2024-03-01,,,delayed,319
2023-04-01,N24001333,188,TWO- LANE WITH PAVED SHOULDER CONFIGURATION OF IMPHAL - MOREH SECTION OF NH-39 FROM KM 330 TO KM 350,Ministry Of Road Transport And Highways (State Pwds),,,2019-09-01,2023-05-01,2023-05-01,761.54,761.54,425.77,,,,,,on_schedule,265
2023-04-01,N24001093,188,ARNI TO NAIGAINBANDI,Ahmedabad Metro Rail,MoRTH,MAHARASHTRA,2017-12-01,2019-12-01,2023-02-01,309.94,,,,310,,,,without_doc,409
2023-04-01,N18000319,189,DAYAPAR WIND ENERGY PROJECT 150MW,Limited,NTPC,GUJARAT,2021-11-01,2023-05-01,2024-03-01,937.8,937.8,73.29,,,2024-03-01,,,delayed,319
2023-04-01,N24001538,189,IMPHAL - KHONGSANG PKG-5,Ministry Of Road Transport And Highways (State Pwds),,,2021-12-01,2024-05-01,2024-05-01,410.68,410.68,28.99,,,,,,on_schedule,265
2023-04-01,N24001095,189,SATARA MURVAD PILLOV PANDHARPUR,Ahmedabad Metro Rail,MoRTH,MAHARASHTRA,2017-01-01,,2023-02-01,388.44,,,,,,,,without_doc,409
2023-04-01,180100242,190,BARH STPP(3X660MW) NTPC,Limited,NTPC,BIHAR,2005-02-01,2011-10-01,2024-06-01,8692.97,21312.11,20946.59,,21312.11,2023-07-01,Bakhtiyarpur ROR line:,,delayed,320
2023-04-01,N24001450,190,DABOKA KATHKATI PACKAGE-6,Ministry Of Road Transport And Highways (State Pwds),,,2021-09-01,2024-07-01,2024-07-01,625.64,625.64,113.48,,,,,,on_schedule,265
2023-04-01,N24001096,190,TALEGAON TO GONAPUR,Ahmedabad Metro Rail,MoRTH,MAHARASHTRA 406,2018-01-01,2019-03-01,2023-02-01,264.41,,,,264,,,,without_doc,409
2023-04-01,N18000177,191,NORTH KARANPURA STPP (3X660 MW),Limited,NTPC,JHARKHAND,2014-02-01,2019-06-01,2024-06-01,14366.58,17007,14450.33,,,2022-10-01,1.Maintaining Law & order,,delayed,320
2023-04-01,N24001328,191,JIA BHARALI BRIDGE ALONG WITH ITS APPROACH ROAD,Ministry Of Road Transport And Highways (State Pwds),,,2020-12-01,2023-08-01,2023-08-01,804,804,149.87,,,,,,on_schedule,265
2023-04-01,N24001101,191,KURUDWADI TO PANDHARPUR,Ahmedabad Metro Rail,MoRTH,MAHARASHTRA,2017-01-01,2019-07-01,2023-02-01,307.63,,,,,,,,without_doc,410
2023-04-01,N18000293,192,BHENSARA 320 MW,Limited,NTPC,RAJASTHAN,2021-01-01,2022-07-01,2024-09-01,1221.73,1221.73,145.2,,,2024-03-01,,,delayed,320
2023-04-01,N24001453,192,IMPHAL - KHONGSANG PKG-4,Ministry Of Road Transport And Highways (State Pwds),,,2021-08-01,2023-12-01,2023-12-01,579.63,579.63,53.9,,,,,,on_schedule,265
2023-04-01,N24001103,192,SARAD VANI PIMPALGAON,Ahmedabad Metro Rail,MoRTH,MAHARASHTRA,2017-01-01,2019-07-01,2023-02-01,250.46,,,,,,,,without_doc,410
2023-04-01,N18000320,193,NOKH PLOT-1 SOLAR PV PROJECT 245MW,Limited,NTPC,RAJASTHAN,2022-03-01,2023-08-01,2024-09-01,1352.71,1352.71,205.79,,,2024-09-01,,,delayed,320
2023-04-01,N24001256,193,CONSTRUCTION OF (I) CONNECTING ROAD FROM Z-MORH TUNNEL TO ZOJILA TUNNEL AND (II) 14.150 KM LONG BI-D,Ministry Of Road Transport And Highways (State Pwds),,,2020-08-01,2026-09-01,2026-09-01,6808.69,6808.69,1256.79,,,,,,on_schedule,265
2023-04-01,N24001105,193,CHIMUR TO WARORA,Ahmedabad Metro Rail,MoRTH,MAHARASHTRA,2016-11-01,2019-03-01,2023-02-01,467.7,,,,,,,,without_doc,410
2023-04-01,N18000321,194,NOKH PLOT-2 SOLAR PV PROJECT 245MW,Limited,NTPC,RAJASTHAN,2022-03-01,2023-08-01,2024-09-01,1409.52,1409.52,205.9,,,2024-09-01,,,delayed,320
2023-04-01,N24001362,194,RISHI BORDER- ROLEP- MENLA PKG- 3B,Ministry Of Road Transport And Highways (State Pwds),,,2020-12-01,2024-02-01,2024-02-01,410.6,379.3,79.56,,,2024-02-01,,,on_schedule,265
2023-04-01,N24001113,194,BARASGAON TO RAHATEE,Ahmedabad Metro Rail,MoRTH,MAHARASHTRA,2016-07-01,2018-09-01,2023-02-01,289.11,,,,290,,,,without_doc,410
2023-04-01,N18000322,195,NOKH PLOT-3 SOLAR PV PROJECT 245MW,Limited,NTPC,RAJASTHAN,2022-03-01,2023-08-01,2024-09-01,1426.94,1426.94,241.01,,,2024-09-01,,,delayed,320
2023-04-01,N24001326,195,4-L DHUBRI PHULBARI BRIDGE WITH APPROACH ROAD,Ministry Of Road Transport And Highways (State Pwds),,,2020-11-01,2028-09-01,2028-09-01,4997.04,4997.04,362.81,,,,,,on_schedule,265
2023-04-01,N24001115,195,VADPALE TO BHOGAN KHURD,Ahmedabad Metro Rail,MoRTH,MAHARASHTRA,2017-01-01,2019-11-01,2023-02-01,1598.47,,,,1560,,,,without_doc,410
2023-04-01,N18000347,196,BHADLA-II 500MW SOLAR PV PROJECT,Limited,NTPC,RAJASTHAN,2022-06-01,2024-03-01,2024-09-01,2598.92,2598.92,1.75,,,2024-03-01,,,delayed,320
2023-04-01,N24001437,196,TAMENGLONG - MAHUR PKG-6,Ministry Of Road Transport And Highways (State Pwds),,,2021-09-01,2023-05-01,2023-05-01,311.18,311.18,81.34,,,,,,on_schedule,265
2023-04-01,N24001124,196,AURANGABAD TO SILLOD,Ahmedabad Metro Rail,MoRTH,MAHARASHTRA,2017-02-01,2019-06-01,2023-02-01,456.32,,,,,,,,without_doc,410
2023-04-01,N18000014,197,TAPOVAN-VISHNUGAD HEP (4X130MW),Limited,NTPC,UTTARAKHAN D,2006-11-01,2013-03-01,2024-12-01,2978.48,7103,5828.43,,5867.38,2021-12-01,Work stopped at site since,,delayed,320
2023-04-01,N24001475,197,CONSTRUCTION OF 2 LANE WITH HARD SHOULDER FROM DESIGN CHAINAGE KM 283.000 TO KM 325.440 (5- LEGGED J,Ministry Of Road Transport And Highways (State Pwds),,,2022-03-01,2024-12-01,2024-12-01,605.36,605.36,61.35,,,,,,on_schedule,265
2023-04-01,N24001125,197,SILLOD TO FARDAPUR,Ahmedabad Metro Rail,MoRTH,MAHARASHTRA,2017-02-01,2019-06-01,2023-02-01,337.46,,,,,,,,without_doc,410
2023-04-01,N18000275,198,PATRATU STPP-I (3X800MW),Limited,NTPC,JHARKHAND,2017-11-01,2023-03-01,2025-03-01,18668,18668,10837.01,,,,Readiness of Start-up,,delayed,321
2023-04-01,N24001357,198,DULTE- KWALKULH - CHAMPAI PKG.3,Ministry Of Road Transport And Highways (State Pwds),,,2021-03-01,2023-06-01,2023-06-01,674.71,674.71,451.48,,,,,,on_schedule,265
2023-04-01,N24001126,198,FARDAPUR TO JALGAON,Ahmedabad Metro Rail,MoRTH,MAHARASHTRA,2017-02-01,2019-06-01,2023-02-01,456.45,,,,,,,,without_doc,410
2023-04-01,N18000178,199,RAMMAM-III HEPP (3X40 MW),Limited,NTPC,WEST BENGAL Power Grid Corporation Of India Limited,2014-09-01,2019-09-01,2026-09-01,1381.84,1803,879.37,,,2024-12-01,Support required from Govt.,,delayed,321
2023-04-01,N24001436,199,TAMENGLONG - MAHUR PKG-5,Ministry Of Road Transport And Highways (State Pwds),,,2021-08-01,2023-05-01,2023-05-01,477.86,477.86,59.45,,,,,,on_schedule,265
2023-04-01,N24001135,199,WAKED TO TALEGAON,Ahmedabad Metro Rail,MoRTH,MAHARASHTRA,2016-02-01,2019-02-01,2023-02-01,1244.75,,,,1245,,,,without_doc,410
2023-04-01,N18000244,200,EASTERN REGION STRENTHENING SCHEME XVII( PART B),Limited,PGCIL,MULTI STATE,2017-02-01,2019-06-01,2023-05-01,235.53,243.74,167.83,,,,,,delayed,321
2023-04-01,N24001544,200,FOUR LANING OF SRIRAMPUR-DHUBRI PKG-2,Ministry Of Road Transport And Highways (State Pwds),,,2022-03-01,2025-01-01,2025-01-01,909.02,909.02,15.18,,,,,,on_schedule,265
2023-04-01,N24001152,200,"STRENGTHENING WITH PAVED SHOULDER FROM KM 30/0 TO KM 46/0, KM 54/0 TO KM 61/0, KM 69/0 TO KM 80/0 AN",Ahmedabad Metro Rail,MoRTH,ASSAM,2018-09-01,2021-09-01,2023-02-01,160,,,,,2022-02-01,,,without_doc,410
2023-04-01,N18000314,201,"TRANSMISSION SYSTEM FOR PROVIDING CONNECTIVITY TO RE PROJECTS AT BIKANER (PG), FATEHGARH-II AND BHAD",Limited,PGCIL,RAJASTHAN,2020-01-01,2021-01-01,2023-05-01,562.86,562.86,388.75,,,,,,delayed,321
2023-04-01,N24001434,201,JOGIGHOPA BRIDGE,Ministry Of Road Transport And Highways (State Pwds),,,2021-08-01,2024-11-01,2024-11-01,746.76,746.76,116.57,,,,,,on_schedule,265
2023-04-01,N24001179,201,CONSTRUCTION OF 2 LANE WITH PAVED SHOULDER FROM KM. 168 TO 183.783 (YESEMYONG TO UNGER) ON MOKOKCHUN,Ahmedabad Metro Rail,MoRTH,NAGALAND,2017-03-01,2020-11-01,2023-02-01,217.35,,,,,2023-02-01,,,without_doc,410
2023-04-01,N18000184,202,ESTABLISHMENT OF FIBER OPTIC COMMUNICATION SYSTEM IN NR UNDER FIBER OPTIC EXPANSION PROJECT (ADDITIO,Limited,PGCIL,MULTI STATE,2015-03-01,2018-03-01,2023-06-01,197.4,197.4,158.87,,,,,,delayed,321
2023-04-01,N24001368,202,TULUNGIA-JOGIGHOPA-PAIKAN ROAD PKG-7,Ministry Of Road Transport And Highways (State Pwds),,,2021-03-01,2024-01-01,2024-01-01,286.72,286.72,25.9,,,,,,on_schedule,265
2023-04-01,N24001243,202,"BALANCE WORK FOR ""IMPROVEMENT OF EXISTING SINGLE INTERMEDIATE LANE ROAD OF NH-44 TO BE 2-LANE ROAD W",Ahmedabad Metro Rail,MoRTH,ASSAM,2020-03-01,2020-12-01,2023-02-01,166.94,,,,,2022-12-01,,,without_doc,410
2023-04-01,N18000262,203,TRANSMISSION SYSTEM FOR EVACUTION OF POWER FROM NEYVELI LIGNITE CORP LTD TS - I (REPLACEMENT) IN NEY,Limited,PGCIL,TAMIL NADU,2017-05-01,2019-07-01,2023-06-01,186.17,219.66,178.33,,,,,,delayed,321
2023-04-01,N24001539,203,IMPHAL - KHONGSANG PKG-6,Ministry Of Road Transport And Highways (State Pwds),,,2021-12-01,2025-02-01,2025-02-01,504.76,504.76,,,,,,,on_schedule,265
2023-04-01,N24000531,203,REHABILITATION AND UPGRADING TO 2 LANES/2 LANE WITH PAVED SHOULDERS (KM 40 TO KM 219.945) OF NH-104,Ahmedabad Metro Rail,MoRTH,BIHAR,1991-01-01,2023-03-01,2023-03-01,319.68,,,,404.1,,,,without_doc,410
2023-04-01,N18000299,204,"TRANSMISSION SYSTEM FOR POWER EVACUATION FROM ARUN-3 (900MW) HEP, NEPAL OF M/S SAPDC-INDIAN PORTION",Limited,PGCIL,BIHAR,2021-05-01,2023-04-01,2023-06-01,179.29,179.29,105.39,,,,,,delayed,321
2023-04-01,N24000320,204,FOUR LANING OF JHANJHI JN TO DEMOW SECTION FROM KM. 491.050 TO KM. 535.250(DESIGN KM 490.800 TO KM 5,Ministry Of Road Transport And Highways (State Pwds),,,2015-06-01,2024-03-01,2024-03-01,463.49,463.49,223.69,,,,,,on_schedule,265
2023-04-01,N24000894,204,UPGRADATION OF MAKSUDANGARH-SIRONJ ROAD TO 2L + PS,Ahmedabad Metro Rail,MoRTH,MADHYA PRADESH,2018-02-01,2018-03-01,2023-03-01,279.44,,,,,2021-11-01,,,without_doc,410
2023-04-01,N18000302,205,IMPLEMENTATION OF 500 MVAR THYRISTOR CONTROLLED REACTOR AT KURUKSHETRA,Limited,PGCIL,HARYANA,2019-01-01,2022-03-01,2023-06-01,267.33,267.33,105.83,,,,,,delayed,322
2023-04-01,N24001314,205,IMPROVEMENT/WIDENING TO 2-LANE WITH PAVED SHOULDER FROM (DESIGN KM 10.670 TO KM 37.550) BETWEEN SHIL,Ministry Of Road Transport And Highways (State Pwds),,,2020-11-01,2023-12-01,2023-12-01,525.68,525.68,307.04,,,,,,on_schedule,265
2023-04-01,N24000941,205,REHABILITATION AND UPGRADATION TO 2 LANE WITH PAVED SHOULDER OF MOGA (DESIGN CH 0.000) TO MAKHU (DES,Ahmedabad Metro Rail,MoRTH,PUNJAB,2018-03-01,2020-08-01,2023-03-01,293.64,,,,326.84,,,,without_doc,410
2023-04-01,N18000304,206,TRANSMISSION SYSTEM STRENGTHENING SCHEME FOR EVACUATION OF POWER FROM SOLAR ENERGY ZONES IN RAJASTHA,Limited,PGCIL,RAJASTHAN,2021-03-01,2022-12-01,2023-06-01,1340.81,1340.81,1024.55,,,,,,delayed,322
2023-04-01,N24001540,206,AKASH BRIDGE - JESSAMI SECTION PKG-2,Ministry Of Road Transport And Highways (State Pwds),,,2022-03-01,2025-02-01,2025-02-01,152.11,152.11,,,,,,,on_schedule,266
2023-04-01,N24001003,206,AKOLA TO AKOT,Ahmedabad Metro Rail,MoRTH,MAHARASHTRA,2017-01-01,2019-06-01,2023-03-01,313.95,,,,,,,,without_doc,410
2023-04-01,N18000313,207,NORTH EASTERN REGION STRENGTHENING SCHEME - III,Limited,PGCIL,MULTI STATE,2015-09-01,2017-12-01,2023-06-01,167.31,167.31,129.66,,,,,,delayed,322
2023-04-01,N24001451,207,DIBRUGARH-LAHOAL-CHABUA BYPASS PACKAGE-1,Ministry Of Road Transport And Highways (State Pwds),,,2022-03-01,2024-07-01,2024-07-01,215.27,215.27,41.6,,,,,,on_schedule,266
2023-04-01,N24001004,207,PATRADEVI TO KARASWADA 4L,Ahmedabad Metro Rail,MoRTH,GOA,2017-03-01,2020-05-01,2023-03-01,634.32,,,,,,,,without_doc,410
2023-04-01,N18000316,208,NORTH EASTERN REGION STRENGTHENING SCHEME-XII,Limited,PGCIL,MULTI STATE,2021-05-01,2023-03-01,2023-06-01,576.42,576.42,307.78,,,,,,delayed,322
2023-04-01,N24001543,208,FOUR LANING OF JAMMU-AKHNOOR PKG-1,Ministry Of Road Transport And Highways (State Pwds),,,2022-07-01,2025-01-01,2025-01-01,245.34,245.34,,,,,,,on_schedule,266
2023-04-01,N24001014,208,NANDGAON TO MORSHI,Ahmedabad Metro Rail,MoRTH,MAHARASHTRA,2017-01-01,2019-06-01,2023-03-01,385.87,,,,386,,,,without_doc,410
2023-04-01,N18000317,209,RELIABLE COMMUNICATION SCHEME UNDER CENTRAL SECTOR FOR NORTHERN REGION,Limited,PGCIL,MULTI STATE,2018-11-01,2021-11-01,2023-06-01,241.38,241.38,234.61,,,,,,delayed,322
2023-04-01,N24001361,209,RISHI BORDER- ROLEP- MENLA PKG- 2A,Ministry Of Road Transport And Highways (State Pwds),,,2021-01-01,2023-09-01,2023-09-01,332.2,332.2,38.7,,,,,,on_schedule,266
2023-04-01,N24001019,209,KATOL TO WARUD,Ahmedabad Metro Rail,MoRTH,MAHARASHTRA,2017-01-01,2019-06-01,2023-03-01,463.62,,,,664,,,,without_doc,410
2023-04-01,N18000339,210,RELIABLE COMMUNICATION SCHEME UNDER CENTRAL SECTOR FOR SOUTHERN REGION,Limited,PGCIL,MULTI STATE,2018-11-01,2021-11-01,2023-06-01,173.94,173.94,122.39,,,,,,delayed,322
2023-04-01,N24001196,210,OUR LANNNING OF DOLABARI TO JAMUGURI SECTION FROM KM 17.300 OF NH 37A TO KM 182.00 OF NH52 IN THE ST,Ministry Of Road Transport And Highways (State Pwds),,,2017-03-01,2023-08-01,2023-08-01,1049.51,1049.51,173.7,,,,,,on_schedule,266
2023-04-01,N24001022,210,WADI TO ASOLA,Ahmedabad Metro Rail,MoRTH,MAHARASHTRA,2017-01-01,2019-09-01,2023-03-01,363.82,,,,364,,,,without_doc,410
2023-04-01,N18000327,211,"NORTH EAST-NORTHERN/ WESTERN INTERCONNECTOR-I, PART-C",Limited,PGCIL,ASSAM,2019-03-01,2023-03-01,2023-07-01,1326,1326,1312.29,,,,,,delayed,322
2023-04-01,N24000683,211,TWO LANING OF JORAM KOLORIANG ROAD (NH 713) ON EPC BASIS FROM DESIGN KM. 138+000 TO KM. 154+036 [EX,Ministry Of Road Transport And Highways (State Pwds),,,2017-02-01,2023-11-01,2023-11-01,180.57,180.57,74.23,,,2023-11-01,,,on_schedule,266
2023-04-01,N24001027,211,SHAHPUR PATGAON SECTION I,Ahmedabad Metro Rail,MoRTH,MAHARASHTRA,2018-01-01,2019-12-01,2023-03-01,150.79,,,,,,,,without_doc,410
2023-04-01,N18000329,212,AUGMENTATION OF TRANSFORMATION CAPACITY IN SOUTHERN REGION.,Limited,PGCIL,MULTI STATE,2022-03-01,2023-03-01,2023-08-01,176.22,176.22,8.07,,,,,,delayed,322
2023-04-01,N24000864,212,WIDENING AND UP-GRADATION TO 2-LANE WITH PAVED SHOULDER CONFIGURATION AND GEOMETRIC IMPROVEMENTS FRO,Ministry Of Road Transport And Highways (State Pwds),National Highways Authority Of India,,2017-04-01,2024-04-01,2024-04-01,404.29,404.29,387.64,,,,,,on_schedule,266
2023-04-01,N24001028,212,PATGAON KHOPOLI SECTION I,Ahmedabad Metro Rail,MoRTH,MAHARASHTRA,2018-01-01,2019-12-01,2023-03-01,170,,,,,,,,without_doc,410
2023-04-01,N18000264,213,HVDC BIPOLE LINK BETWEEN WR AND SR -NORTH TRICHUR - SCHEME -II AC SYSTEM STRENGTHENING AT PUGALUR EN,Limited,PGCIL,MULTI STATE,2017-08-01,2020-02-01,2023-09-01,1931.39,2635.55,1947.15,,,,,,delayed,322
2023-04-01,N24001432,213,"6L FLYOVER AT BORAGAON, GORCHUK, LOKHRA AND BASISTHA JUNCTION ON GUWAHATI BYPASS SECTION FROM KM 146",Ministry Of Road Transport And Highways (State Pwds),,,2021-12-01,2024-08-01,2024-08-01,300,300,16.65,,,,,,on_schedule,266
2023-04-01,N24001029,213,AHMADPUR TO PIMPLA,Ahmedabad Metro Rail,MoRTH,MAHARASHTRA,2017-01-01,2019-08-01,2023-03-01,422.38,,,,,,,,without_doc,410
2023-04-01,N18000303,214,TRANSMISSION SYSTEM STRENGTHENING SCHEME FOR EVACUATION OF POWER FROM SOLAR ENERGY ZONES IN RAJASTHA,Limited,PGCIL,RAJASTHAN,2021-03-01,2022-12-01,2023-09-01,353.85,353.85,229.6,,,,,,delayed,322
2023-04-01,N24001747,214,SIX LANE OF PALSIT TO DANKUNI SECTION FROM 588.870 TO KM. 652.700,Ministry Of Road Transport And Highways (State Pwds),,,2020-03-01,2024-09-01,2024-09-01,2193.23,2193.23,,,,,,,on_schedule,266
2023-04-01,N24001033,214,MANTHA TALUKAS BORDER TO PARTUR,Ahmedabad Metro Rail,MoRTH,MAHARASHTRA,2017-01-01,2019-07-01,2023-03-01,486.19,,,,,,,,without_doc,411
2023-04-01,N18000331,215,TRANSMISSION SYSTEM STRENGTHENING SCHEME FOR EVACUATION OF POWER FROM SOLAR ENERGY ZONES IN RAJASTHA,Limited,PGCIL,MULTI STATE,2022-02-01,2023-09-01,2023-11-01,359.47,359.47,34.37,,,,,,delayed,322
2023-04-01,N24001493,215,6L OF KAGAL-SATARA SECTION FROM KM 658.000 TO KM 725.000 OF NH-48 (PKG-II),Ministry Of Road Transport And Highways (State Pwds),,,2022-12-01,2024-12-01,2024-12-01,1749.86,1749.86,10,,,,,,on_schedule,266
2023-04-01,N24001069,215,NANDED TO JALKOT,Ahmedabad Metro Rail,MoRTH,MAHARASHTRA,2017-12-01,2019-09-01,2023-03-01,456.93,,,,457,,,,without_doc,411
2023-04-01,N18000300,216,TRANSMISSION SYSTEM STRENGTHENING SCHEME FOR EVACUATION OF POWER FROM SOLAR ENERGY ZONES IN RAJASTHA,Limited,PGCIL,RAJASTHAN,2021-05-01,2022-09-01,2023-12-01,1184.88,1184.88,652.69,,,,,,delayed,323
2023-04-01,N24001526,216,UPGRADATION AND 4L OF HARIDWAR BYPASS FROM KM 0.000 (KM 188.100 OF NH-58) TO KM. 15.100 (KM 5.100 OF,Ministry Of Road Transport And Highways (State Pwds),,,2021-08-01,2024-10-01,2024-10-01,1377.79,1377.79,315.41,,,2024-10-01,,,on_schedule,266
2023-04-01,N24001073,216,KOTHARI TO DHANORA,Ahmedabad Metro Rail,MoRTH,MAHARASHTRA,2018-09-01,2020-08-01,2023-03-01,301.38,,,,301,,,,without_doc,411
2023-04-01,N18000306,217,TRANSMISSION SYSTEM STRENGTHENING SCHEME FOR EVACUATION OF POWER FROM SOLAR ENERGY ZONES IN RAJASTHA,Limited,PGCIL,RAJASTHAN,2021-06-01,2022-12-01,2023-12-01,1562,1562,731.53,,,,,,delayed,323
2023-04-01,N24001533,217,CONSTRUCTION OF 4-LANE GREEN FIELD DELHI-AMRITSAR- KATRA EXPRESSWAY (NE-05) FROM JUSSUR KHERI ON KMP,Ministry Of Road Transport And Highways (State Pwds),,,2020-11-01,2023-12-01,2023-12-01,1690.23,2010.17,672.62,,,,,,on_schedule,266
2023-04-01,N24001078,217,PUNE TO MALE VILLAGE,Ahmedabad Metro Rail,MoRTH,MAHARASHTRA,2018-03-01,2019-12-01,2023-03-01,228.31,,,,,,,,without_doc,411
2023-04-01,N18000307,218,TRANSMISSION SYSTEM STRENGTHENING SCHEME FOR EVACUATION OF POWER FROM SOLAR ENERGY ZONES IN RAJASTHA,Limited,PGCIL,RAJASTHAN,2021-06-01,2022-12-01,2023-12-01,1006,1006,762.05,,,,,,delayed,323
2023-04-01,N24001675,218,6L OF MH/KN BORDER (NIMBAL VILLAGE) TO KN/TS BORDER (SINGNODI VILLAGE) FROM KM. 162.5 TO KM. 203.100,Ministry Of Road Transport And Highways (State Pwds),,,2022-11-01,2025-05-01,2025-05-01,1732.73,1732.73,,,,,,,on_schedule,266
2023-04-01,N24001089,218,MALEGAON TO RISOD,Ahmedabad Metro Rail,MoRTH,MAHARASHTRA,2018-02-01,2019-12-01,2023-03-01,303.24,,,,303,,,,without_doc,411
2023-04-01,N18000250,219,NORTH EASTERN REGION POWER SYSTEM IMPROVEMENT PROJECT (NERPSIP) FOR SIX (6) STATES,Limited,PGCIL,MULTI STATE,2014-12-01,2018-12-01,2024-01-01,5111.33,6700,4480.04,,,,,,delayed,323
2023-04-01,N24001643,219,4L OF AMRITSAR GHOMAN TANDA UNA SECTION FROM KM 8.270 TO KM 54.000 OF NH 503A PACKAGE I,Ministry Of Road Transport And Highways (State Pwds),,,2020-12-01,2024-06-01,2024-06-01,857.91,857.91,58.8,,,,,,on_schedule,266
2023-04-01,N24001090,219,KOLDE TO KHETIYA,Ahmedabad Metro Rail,MoRTH,MAHARASHTRA,2017-01-01,2019-07-01,2023-03-01,509.18,,,,,,,,without_doc,411
2023-04-01,N18000305,220,TRANSMISSION SYSTEM STRENGTHENING SCHEME FOR EVACUATION OF POWER FROM SOLAR ENERGY ZONES IN RAJASTHA,Limited,PGCIL,RAJASTHAN,2021-06-01,2022-12-01,2024-02-01,713.82,713.82,421.85,,,,,,delayed,323
2023-04-01,N24001522,220,4L OF KODAD (DESIGN KM 0.00/EXISTING KM 185.00 OF NH-65) TO KHAMMAM (DESIGN KM 31.800/EXISTING KM 29,Ministry Of Road Transport And Highways (State Pwds),,,2021-01-01,2024-01-01,2024-01-01,1307.95,1307.95,359.94,,,,,,on_schedule,266
2023-04-01,N24001112,220,NASRATPUR TO BARASGAON,Ahmedabad Metro Rail,MoRTH,MAHARASHTRA,2016-07-01,2019-09-01,2023-03-01,406.54,,,,407,,,,without_doc,411
2023-04-01,N18000249,221,COMPREHENSIVE SCHEME FOR THE STRENGHTENING OF THE TRANSMISSION AND DISTRIBUTION SYSTEM IN A P,Limited,PGCIL,MULTI STATE,2014-12-01,2018-12-01,2024-03-01,4754.42,9129.32,5304.29,,,,,,delayed,323
2023-04-01,N24001504,221,VADODARA MUMBAI EXPRESSWAY (PHASE II - PKG XI) [KM. 77.000 TO KM. 103.400] (GANJAD - TALSARI),Ministry Of Road Transport And Highways (State Pwds),,,2022-05-01,2024-05-01,2024-05-01,1260,1260,21.38,,,,,,on_schedule,266
2023-04-01,N24001127,221,KUMBHARI PHTA TO DEULGAON RAJA,Ahmedabad Metro Rail,MoRTH,MAHARASHTRA,2017-02-01,2019-06-01,2023-03-01,406.51,,,,,,,,without_doc,411
2023-04-01,N18000337,222,TRANSMISSION NETWORK EXPANSION IN GUJARAT TO INCREASE ATC FROM ISTS: PART B,Limited,PGCIL,MULTI STATE,2022-07-01,2023-06-01,2024-03-01,4546.26,4546.26,398.11,,,,,,delayed,323
2023-04-01,N24001552,222,DELHI-AMRITSAR-KATRA EXPRESSWAY (PHASE-II PKG-XV) [JUNCTION WITH HIRANAGAR ROAD NEAR VILLAGE GURHA B,Ministry Of Road Transport And Highways (State Pwds),,,2021-10-01,2024-09-01,2024-09-01,2714.95,2714.95,188.11,,,,,,on_schedule,266
2023-04-01,N24001216,222,WIDENING TO 2 LANE WITH PAVED SHOULDERS AND GEOMETRIC IMPROVEMENT OF NH-114A FROM KM 141 TO KM 184 I,Ahmedabad Metro Rail,MoRTH,JHARKHAND,2016-12-01,2021-09-01,2023-03-01,196,,,,,,,,without_doc,411
2023-04-01,N18000341,223,POWERGRID NEEMUCH TRANSMISSION SYSTEM LIMITED,Limited,PGCIL,MULTI STATE Satluj Jal Vidyut Nigam Limited,2022-08-01,2024-02-01,2024-04-01,863.99,863.99,,,,,,,delayed,323
2023-04-01,N24001706,223,4 LANING OF GALGALIA - BAHADURGANJ SECTION FROM KM 0.000 TO KM 49.000 (PACKAGE-I) OF NH-327E.,Ministry Of Road Transport And Highways (State Pwds),,,2021-03-01,2024-01-01,2024-01-01,1097.18,1097,238.63,,1097,,,,on_schedule,266
2023-04-01,N24001386,223,REHABILITATION AND UPGRADATION TO 2-LANE WITH PAVED SHOULDERS CONFIGURATION OF PADERU-GONDIGUDA SECT,Ahmedabad Metro Rail,MoRTH,ANDHRA PRADESH,2020-08-01,2021-03-01,2023-03-01,222.61,,,,,,,,without_doc,411
2023-04-01,N18000265,224,NAITWAR MORI HEP,Limited,SJVN,UTTARAKHAN D,2017-10-01,2021-12-01,2023-06-01,648.33,1272.29,1128.73,,,,,,delayed,323
2023-04-01,N24001550,224,DELHI-AMRITSAR-KATRA EXPRESSWAY (PHASE-II PKG-XVI) EXISTING JAKH (VIJAYPUR)-KUNJWANI SECTION OF NH-4,Ministry Of Road Transport And Highways (State Pwds),,,2021-09-01,2024-09-01,2024-09-01,1821.72,1917.32,176.6,,,,,,on_schedule,266
2023-04-01,N24000248,224,EPC- CORRIDOR APPROACH WORKS - NH (O): WIDENING EXISTING 2 LANE TO 2 LANE WITH PAVED SHOULDERS IN KM,Ahmedabad Metro Rail,MoRTH,TELANGANA,2015-03-01,2017-01-01,,153.21,,,,,,,,without_doc,411
2023-04-01,N18000297,225,Bagodara Solar Power Project,Limited,SJVN,GUJARAT,2021-05-01,2022-10-01,2023-10-01,339.35,339.35,216.06,,,,,,delayed,323
2023-04-01,N24001694,225,FOUR LANING OF THORAPALLI AGRAHARAM TO JITTANDAHALLI SECTION OF NH-844 (PKG-II) FROM KM.23+350 TO KM,Ministry Of Road Transport And Highways (State Pwds),,,2019-02-01,2023-12-01,2023-12-01,1243.57,1243.57,345.12,,,,,,on_schedule,267
2023-04-01,N24000301,225,REHABILITATION AND UPGRADATION OF NH-219 FROM KM 58-600 TO KM 140-750 IN THE STATE OF ANDHRA PRADES,Ahmedabad Metro Rail,MoRTH,ANDHRA PRADESH,2015-03-01,2015-10-01,,271.45,,,,,,,,without_doc,411
2023-04-01,N18000194,226,BUXAR THERMAL POWER PLANT (1320 MW),Limited,SJVN,BIHAR Thdc India Limited,2019-03-01,2024-01-01,2024-03-01,10439.09,10439.09,7598.05,,,,,,delayed,323
2023-04-01,N24001499,226,4L OF AHMEDNAGAR - MIRAJGAON - KARMALA - TEMBHURNI (PKG-II) [GHOGARGAON TO AHMEDNAGAR- SOLPAUR DISTR,Ministry Of Road Transport And Highways (State Pwds),,,2022-01-01,2024-01-01,2024-01-01,629,629,555.07,,,,,,on_schedule,267
2023-04-01,N24000412,226,MANGAWA-MP/UP BORDER SECTION OF NH-27 (4L) IN MP,Ahmedabad Metro Rail,MoRTH,MADHYA PRADESH,2012-01-01,2015-04-01,,410.72,,,,,,,,without_doc,411
2023-04-01,N18000010,227,TEHRI PUMPED STORAGE PLANT(1000MW),Limited,THDCIL,UTTARAKHA ND,2006-07-01,2016-02-01,2023-12-01,1657,4825.6,5318.63,,,2022-06-01,,,delayed,324
2023-04-01,N24001564,227,DEOGARH (NEAR DHANDHANIYA)-RAJASTHAN/GUJARAT BORDER (PHASE-I) (AJ/DRGB-PACKAGE-7),Ministry Of Road Transport And Highways (State Pwds),,,2019-10-01,2023-07-01,2023-07-01,662.08,662.08,10.98,,,,,,on_schedule,267
2023-04-01,N24000444,227,CONSTRUCTION OF BRIDGE INCLUDING APPROACHES ACROSS RIVER ZUARI ON NH-17 (NH-66) ON PANJIM-MANGALORE,Ahmedabad Metro Rail,MoRTH,GOA,2015-10-01,,,936.4,,,,,,,,without_doc,411
2023-04-01,N18000272,228,KHURJA SUPER THERMAL POWER PROJECT,Limited,THDCIL,UTTAR PRADESH,2019-03-01,2023-09-01,2024-08-01,11089.42,11089.42,7142.79,,,,,,delayed,324
2023-04-01,N24001483,228,KHAMMAM DEVARAPALLE PKG II 4L ACCESS CONTROLLED (GREENFIELD) FROM SOMAVARAM VILLAGE TO CHINTAGUDEM V,Ministry Of Road Transport And Highways (State Pwds),,,2022-02-01,2024-09-01,2024-09-01,637.11,637.11,104.54,,,,,,on_schedule,267
2023-04-01,N24000773,228,RECONSTRUCTION WITH GEOMETRIC IMPROVEMENT OF EXISTING 2 LANE/INTERMEDIATE LANE TO 2LANE WITH PAVED S,Ahmedabad Metro Rail,MoRTH,UTTARAKHAND,2017-12-01,2019-12-01,,200.34,,,,,,,,without_doc,411
2023-04-01,N18000042,229,VISHNUGAD PIPALKOTI HYDRO ELECTRIC PROJECT,Limited,THDCIL,UTTARAKHA ND,2008-08-01,2013-06-01,2025-06-01,2491.58,3860.35,3017.49,,3860.35,,With the support of MoP,,delayed,324
2023-04-01,N24001508,229,VADODARA MUMBAI EXPRESSWAY (PHASE II - PKG XVI) [KM. 43.000 TO KM. 69.800 OF SPUR] (AMNE - BHOJ),Ministry Of Road Transport And Highways (State Pwds),,,2022-11-01,2024-10-01,2024-10-01,1450,1450,58.34,,,,,,on_schedule,267
2023-04-01,N24000774,229,WIDENING OF EXISTING SINGLE LANE ROAD TO TWO LANE WITH PAVED SHOULDERS CONFIGURATION FROM KM. 235.00,Ahmedabad Metro Rail,MoRTH,UTTARAKHAND,2017-12-01,2019-12-01,,248.22,,,,,,,,without_doc,411
2023-04-01,N21000029,230,"CONSTRUCTION OF AIIMS AT JAMMU VIJAYPUR, SAMBA JAMMU AND KASHMIR",Cpwd For Health,CPWD FOR HEALTH,JAMMU AND KASHMIR Hll Infra Tech Services Limited,2019-03-01,2023-09-01,2023-10-01,1404,1404,925.67,,,,,,delayed,324
2023-04-01,N24001484,230,KHAMMAM-DEVARAPALLE PKG III [4L ACCESS CONTROLLED (GREENFIELD) FROM CHINTAGUDEM VILLAGE TO RECHERLA,Ministry Of Road Transport And Highways (State Pwds),,,2022-09-01,2024-02-01,2024-02-01,804.69,804.69,142.73,,,,,,on_schedule,267
2023-04-01,N24000775,230,RECONSTRUCTION WITH GEOMETRIC IMPROVEMENT OF EXISTING 2 LANE/INTERMEDIATE LANE TO 2LANE WITH PAVED S,Ahmedabad Metro Rail,MoRTH,UTTARAKHAND,2017-06-01,2019-06-01,,282.08,,,,,2023-03-01,,,without_doc,411
2023-04-01,N21000027,231,"ALL INDIA INSTITUTE OF MEDICAL SCIENCE AT GUWAHATI, ASSAM",Cpwd For Health,HITES,ASSAM,2017-05-01,2021-05-01,2023-10-01,875,860,643.8,,890.14,2022-12-01,,,delayed,324
2023-04-01,N24001591,231,4 LANING OF CHAMPA-KORBA-CHHURI-KATGHORA SECTION OF NH 149B FROM KM.0.000 TO KM.38.200,Ministry Of Road Transport And Highways (State Pwds),,,2021-02-01,2024-01-01,2024-01-01,999.97,999.97,278.26,,,,,,on_schedule,267
2023-04-01,N24000776,231,RECONSTRUCTION WITH GEOMETIC IMPROVEMENT OF EXISTING TWO LANE TO 2- LANE WITH PAVED SHOULDERS CONFIG,Ahmedabad Metro Rail,MoRTH,UTTARAKHAND,2017-11-01,2019-11-01,,232.81,,,,,,,,without_doc,411
2023-04-01,N22000231,232,WARDHA-NANDED MAHARASHTRA,Central Railways,CR,MAHARASHTRA,2008-04-01,2023-03-01,2024-03-01,3168.29,3445.48,1580.06,,,,,,delayed,324
2023-04-01,N24001721,232,FOUR LANING OF MAMALLAPURAM TO MUGAIYUR SECTION OF NH332A FROM KM 0.000 TO KM 31.000,Ministry Of Road Transport And Highways (State Pwds),,,2019-02-01,2024-05-01,2024-05-01,1008.99,1361,,,,,,,on_schedule,267
2023-04-01,N24000777,232,RECONSTRUCTION WITH GEOMETIC IMPROVEMENT OF SINGLE LANE TO 2- LANE WITH PAVED SHOULDER CONFIGURATION,Ahmedabad Metro Rail,MoRTH,UTTARAKHAND,2017-11-01,2019-11-01,,283.51,,,,,,,,without_doc,411
2023-04-01,N22000358,233,ITARSI-NAGPUR (BAL.) - 3RD LINE (267 KM),Central Railways,CR,MAHARASHTRA,2015-02-01,2023-03-01,2024-03-01,2449.91,2449.91,801.41,,,,,,delayed,325
2023-04-01,N24001588,233,DEVELOPMENT OF SIX LANE SARGI-BASANWAHI OF NH 130 CD FROM KM.42+800 TO 99+500 UNDER RAIPUR VISAKHAPA,Ministry Of Road Transport And Highways (State Pwds),,,2021-12-01,2025-01-01,2025-01-01,1470.73,1470.73,71.74,,,,,,on_schedule,267
2023-04-01,N24000778,233,RECONSTRUCTION WITH GEOMETRIC IMPROVEMENT OF EXISTING SINGLE/INTERMEDIATE LANE TO 2LANE WITH PAVED S,Ahmedabad Metro Rail,MoRTH,UTTARAKHAND,2017-11-01,2019-11-01,,266.52,,,,,,,,without_doc,411
2023-04-01,N22000361,234,MANMAD - JALGAON - 3RD LINE (160 KM),Central Railways,CR,MAHARASHTRA,2016-02-01,2022-03-01,2024-03-01,1035.16,1035.16,690.33,,,,,,delayed,325
2023-04-01,N24001590,234,4L FROM KM 196.87 (SANKHA) TO KM 219.6 (KHAJURI) ON NH- 75 [REHLA / GARHWA BYPASS],Ministry Of Road Transport And Highways (State Pwds),,,2020-09-01,2023-10-01,2023-10-01,748.99,903,658.35,,,,,,on_schedule,267
2023-04-01,N24000779,234,RECONSTRUCTION WITH GEOMETRIC IMPROVEMENT OF EXISTING SINGLE/INTERMEDIATE LANE TO 2 LANE WITH EAR,Ahmedabad Metro Rail,MoRTH,UTTARAKHAND,2018-02-01,2020-02-01,,418.88,,,,,2023-03-01,,,without_doc,412
2023-04-01,N22000250,235,WARDHA-SEWAGRAM NGP 3RD LINE,Central Railways,CR,MAHARASHTRA,2012-04-01,2022-03-01,2024-12-01,540.02,540.02,381.02,,,,,,delayed,325
2023-04-01,N24001672,235,SIX LANNING OF MANDI DABWALI (PUNJAB/HARYANA BORDER)- CHAUTALA ROAD SECTION FROM PROPOSED MANDI DABW,Ministry Of Road Transport And Highways (State Pwds),,,2021-01-01,2024-01-01,2024-01-01,864.27,864.27,390,,864,2024-01-01,,,on_schedule,267
2023-04-01,N24000781,235,CONSTRUCTION OF KUND BYPASS FROM EXISTING KM 33+130 TO KM 41+260 (EXISTING LENGTH: 8.130 KM); DESIGN,Ahmedabad Metro Rail,MoRTH,UTTARAKHAND,2018-05-01,2020-05-01,,248,,,,,2023-12-01,,,without_doc,412
2023-04-01,N22000356,236,WARDHA-BALHARSHAH - 3RD LINE (132 KM),Central Railways,CR,MAHARASHTRA,2015-02-01,2022-03-01,2024-12-01,1272.19,1384.72,664.04,,,,,,delayed,325
2023-04-01,N24001717,236,BANGALORE CHENNAI EXPRESSWAY PHASE-III PACKAGE III (ARAKKONAM TO KANCHEEPURAM) FROM KM 204.500 TO K,Ministry Of Road Transport And Highways (State Pwds),,,2020-11-01,2024-08-01,2024-08-01,1155.49,1155.49,,,,,,,on_schedule,267
2023-04-01,N24000782,236,REHABILITATION AND UPGRADATION OF 2 LANE WITH PAVED SHOULDER FROM EXISTING KM. 195.175 TO KM. 220.00,Ahmedabad Metro Rail,MoRTH,UTTARAKHAND,2018-03-01,,,460.73,,,,,,,,without_doc,412
2023-04-01,N22000362,237,WARDHA - NAGPUR - 4TH LINE (76 KM),Central Railways,CR,MAHARASHTRA,2016-02-01,2023-03-01,2024-12-01,637.95,637.95,384.72,,2271.5,,,,delayed,325
2023-04-01,N24001668,237,6L OF BADAKUMARI - KARKI SECTION FROM KM 179.000 TO KM 226.500 OF NH-130-CD (PACKAGE – OD-3),Ministry Of Road Transport And Highways (State Pwds),,,2021-03-01,2024-04-01,2024-04-01,1249,1249,282,,,,,,on_schedule,267
2023-04-01,N24000820,237,Rehabilitation and up gradation to 2 lane with paved shoulder configuration from existing km. 122.00,Ahmedabad Metro Rail,MoRTH,A & N ISLANDS,2017-11-01,2019-11-01,,237.8,,,,,2023-04-01,,,without_doc,412
2023-04-01,220100181,238,AHMEDNAGAR-PARLI VAIJNATH(NL) CR,Central Railways,CR,MAHARASHTRA,,2021-03-01,2026-03-01,,4805.17,3316.3,,,,,,delayed,325
2023-04-01,N24001655,238,SIX LANING FROM KAPPIRIKKAD TO THALIKULAM SECTION OF NH – 66 (OLD NH-17) FROM DESIGN CH. 335+850 (EX,Ministry Of Road Transport And Highways (State Pwds),,,2021-06-01,2025-02-01,2025-02-01,3606,3923.82,2756.74,,,,,,on_schedule,267
2023-04-01,N24000928,238,FOUR LANING OF 5.122 KM OF NH9(NEW NH 65) FROM KM 269.900(DESIGN CH0.0) TO KM 275/622(DESIGN CH 5.12,Ahmedabad Metro Rail,MoRTH,ANDHRA PRADESH,2015-10-01,2015-12-01,,333.21,,,,,,,,without_doc,412
2023-04-01,N22000233,239,KALYAN-KASARA 3RD LINE,Central Railways,CR,MAHARASHTRA,2011-04-01,2021-03-01,2026-03-01,792.89,792.89,561.3,,,,,,delayed,325
2023-04-01,N24001611,239,4 LANE OF BILASPUR TO URGA PROJECT (KM 0.00 TO KM 70.2) OF NH-130A,Ministry Of Road Transport And Highways (State Pwds),,,2020-04-01,2024-03-01,2024-03-01,1855.59,1869.85,608.43,,1870,,,,on_schedule,267
2023-04-01,N24000929,239,REHABILITATION AND UPGRADATION OF NH219(NEW NH42) FROM KM 244.930 TO 299.775 (MADANAPALLI PUNGANURU,Ahmedabad Metro Rail,MoRTH,ANDHRA PRADESH,2016-09-01,2017-02-01,,372.68,,,,,,,,without_doc,412
2023-04-01,N22000360,240,DAUND - MANMAD (236 KM),Central Railways,CR,MAHARASHTRA East Central Railways,2016-02-01,2023-03-01,2026-03-01,1876,2081.27,1117.97,,,,,,delayed,325
2023-04-01,N24001730,240,4L FROM GAJU VILLAGE AT KM 32.982 TO DEVINAGAR BYPASS (END) AT KM 208.000 OF NH 530B (PKG 1C),Ministry Of Road Transport And Highways (State Pwds),,,2021-12-01,2025-01-01,2025-01-01,1384.79,1384.79,,,,,,,on_schedule,267
2023-04-01,N24000931,240,REHABILITATION AND UPGRADATION OF EXISTING NH-167 FROM KM 14.900 TO KM 70.00 (DESIGN CH.14.900 TO 69,Ahmedabad Metro Rail,MoRTH,ANDHRA PRADESH,2016-11-01,2017-05-01,,290.15,,,,,,,,without_doc,412
2023-04-01,220100240,241,"JAYANAGAR-DARBHANGA- NARKATIA GANJ(GC),ECR",Central Railways,ECR,BIHAR,1997-04-01,2012-03-01,2023-06-01,324.73,1110,1094.22,,967.29,,,,delayed,325
2023-04-01,N24001654,241,SIX LANING OF START OF KOLLAM BYPASS (KM.486+000) KADAMBATTUKONAM (KM.517+250) SECTION OF NEW NH-66,Ministry Of Road Transport And Highways (State Pwds),,,2021-06-01,2025-03-01,2025-03-01,2641.37,2641.37,99.09,,,2025-03-01,,,on_schedule,267
2023-04-01,N24000932,241,REHABILITATION AND UPGRADATION OF NH-340 FROM KM 0/0 TO KM 60/380 (DESIGN CH. 0/000 TO 60/025 EXCLUD,Ahmedabad Metro Rail,MoRTH,ANDHRA PRADESH,2017-01-01,2017-08-01,,319.28,,,,,,,,without_doc,412
2023-04-01,N22000350,242,RAMPUR DUMRA - TAL - RAJENDRAPUL DOUBLING INCLUDING GANGA BRIDGE,Central Railways,ECR,BIHAR,2015-12-01,2020-03-01,2023-12-01,1491.47,1491.47,726.23,,,,,,delayed,325
2023-04-01,N24001739,242,REHABILITATION and UPGRADATION FROM 2 LANE TO 4 LANE OF NH STRETCH UNDER BHARATMALA PARIYOJANA FOR U,Ministry Of Road Transport And Highways (State Pwds),,,2019-10-01,2023-11-01,2023-11-01,1779.83,2200,574,,,,,,on_schedule,267
2023-04-01,N24000933,242,CONSTRUCTION OF 4-LANE BYPASS TO VIJAYANAGARAM TOWN ON NH43 (NEW NH26) FROM 537/6 TO 552/0 (RAIPUR-V,Ahmedabad Metro Rail,MoRTH,ANDHRA PRADESH,2017-02-01,2017-11-01,,429.43,,,,,,,,without_doc,412
2023-04-01,N22000417,243,RAMNA - SINGRAULI DOUBLING,Central Railways,ECR,UTTAR PRADESH,,2020-03-01,2024-03-01,2436.21,2436.21,1712.61,,,,,,delayed,325
2023-04-01,N24001698,243,FOUR LANING OF MUNGER TO MIRZACHAUKI (NH-80) SECTION FROM NEAR RASULPUR TO MIRZACHAUKI (DESIGN CH,Ministry Of Road Transport And Highways (State Pwds),,,2022-08-01,2024-08-01,2024-08-01,1198.02,1198.02,,,,,,,on_schedule,268
2023-04-01,N24000934,243,REHABILITATION AND UPGRADATION OF NH326A FROM KM 0/0 TO 41/979 (EXCLUDING KM 2/255 TO 3/372 AND KM 3,Ahmedabad Metro Rail,MoRTH,ANDHRA PRADESH,2018-03-01,2018-08-01,,228.32,,,,,,,,without_doc,412
2023-04-01,N22000473,244,MUZAFFARPUR SAGAULI DOUBLING 100.60 KM,Central Railways,ECR,BIHAR,2016-04-01,2021-03-01,2024-03-01,731.64,1185.73,505.12,,1185.73,,,,delayed,325
2023-04-01,N24001720,244,BANGALORE CHENNAI EXPRESSWAY PHASE-III – PACKAGE I (GUDIPALA TO WALAJAJHPET) FROM KM 156.000 TO KM 1,Ministry Of Road Transport And Highways (State Pwds),,,2020-10-01,2024-05-01,2024-05-01,1023.91,1285,,,,,,,on_schedule,268
2023-04-01,N24000937,244,REHABILITATION AND UPGRADATION OF NEW NH-544DD FROM DESIGN CHAINAGE KM 56.00 TO 102.20 OF KALYANDURG,Ahmedabad Metro Rail,MoRTH,ANDHRA PRADESH,2018-03-01,2018-08-01,,289.67,,,,290,,,,without_doc,412
2023-04-01,N22000472,245,SAGAULI VALMIKINAGAR DOUBLING 109.7 KM,Central Railways,ECR,BIHAR,2016-04-01,2021-03-01,2024-12-01,744.04,1215.54,622.45,,1215.54,,,,delayed,325
2023-04-01,N24001685,245,CONSTRUCTION OF 4 LANE BANGALORE -CHENNAI EXPRESSWAY FROM KM 53.500 TO KM 71.000 SECTION OF NE-7 (BA,Ministry Of Road Transport And Highways (State Pwds),,,2021-01-01,2024-01-01,2024-01-01,1069,1069,384.21,,,,,,on_schedule,268
2023-04-01,N24000939,245,REHABILITATION AND UPGRADATION OF NEW NH-544E FROM KM. 0.000 TO KM 56.803 OF KODIKONDA - MADAKASIRA,Ahmedabad Metro Rail,MoRTH,ANDHRA PRADESH,2018-03-01,2018-11-01,,504.19,,,,504,,,,without_doc,412
2023-04-01,N22000181,246,JAYNAGAR-BIJALPURA INCLUDING EXTENSION BIJALPURA-BARDIBAS(NEPAL) GC,Central Railways,ECR,BIHAR East Coast Railway,2009-04-01,2020-03-01,2025-03-01,548,783.83,540.74,,548,,,,delayed,325
2023-04-01,N24001658,246,SIX LANING OF RAMANATTUKARA JUNCTION TO START OF VALANCHERY BYPASS SECTION OF NH-66 (OLD NH-17) FROM,Ministry Of Road Transport And Highways (State Pwds),,,2021-01-01,2024-07-01,2024-07-01,4265.42,4708.42,2696.57,,,,,,on_schedule,268
2023-04-01,N24000950,246,"WIDENING, STRENGTHENING AND RECONSTRUCTION OF NH-552- EXTN FROM KM 76/600 TO 112/00 (SAWAI MADHOPUR",Ahmedabad Metro Rail,MoRTH,RAJASTHAN,2017-11-01,2018-04-01,,187.82,,,,,,,,without_doc,412
2023-04-01,N22000318,247,KIRANDUL - JAGDALPUR DOUBLING,Central Railways,ECOR,CHHATISGAR H,2012-12-01,2020-03-01,2024-03-01,1160,1440,1113.44,,,,,,delayed,325
2023-04-01,N24001697,247,4L GREENFIELD ALIGNMENT FROM KALYANAPUR TO TAL DASHRAHA OF NH-119D (PKG-III),Ministry Of Road Transport And Highways (State Pwds),,,2023-02-01,2025-02-01,2025-02-01,1358,1358,548.89,,,,,,on_schedule,268
2023-04-01,N24000958,247,UPGRADATION TO 2 LANE WITH PAVED SHOULDER FROM KM . 0/0 TO 43/900 OF KUNDAL-NAYA KHEDA-JHADOL-SOM-,Ahmedabad Metro Rail,MoRTH,RAJASTHAN,2018-02-01,2018-06-01,,370.3,,,,,,,,without_doc,412
2023-04-01,N22000376,248,JAGADALPUR-KORAPUT DOUBLING,Central Railways,ECOR,ODISHA,2015-04-01,2022-03-01,2024-03-01,1547.38,1547.38,863.01,,,,,,delayed,326
2023-04-01,N24001745,248,KANPUR LUCKNOW EXPRESSWAY PKG-1 CONSTRUCTION OF 6-LANE TO EIGHT LANE OF KANPUR LUCKNOW EXPRESSWAY (N,Ministry Of Road Transport And Highways (State Pwds),,,2021-12-01,2025-07-01,2025-07-01,1972.1,1936,72.12,,,2025-07-01,,,on_schedule,268
2023-04-01,N24000963,248,REHABILITATION AND UPGRADATION OF NH565 FROM EXISTING KM 361.330(DORNALA T JUNCTION) TO KM 420.800(P,Ahmedabad Metro Rail,MoRTH,ANDHRA PRADESH,2018-01-01,2018-08-01,,418.03,,,,,,,,without_doc,412
2023-04-01,N22000316,249,BHADRAK - NERGUNDI 3RD LINE,Central Railways,ECOR,ODISHA,2013-03-01,2020-10-01,2024-07-01,843.04,843.04,648.68,,1172.92,,,,delayed,326
2023-04-01,N24001688,249,CONSTRUCTION OF 4 LANE BANGALORE-CHENNAI EXPRESSWAY FROM KM 0.000 TO KM 26.400 NE-7(ALONG WITH 0.700,Ministry Of Road Transport And Highways (State Pwds),,,2020-10-01,2023-09-01,2023-09-01,3184,3184,659.91,,,,,,on_schedule,268
2023-04-01,N24000967,249,REHABILITATION AND UPGRADATION OF LOSARI-MACHAVARAM SECTION FROM KM34/230 TO KM84/550 OF NH214(NH216,Ahmedabad Metro Rail,MoRTH,ANDHRA PRADESH,2016-03-01,2016-09-01,,444.84,,,,,,,,without_doc,412
2023-04-01,N22000381,250,BUDHAPANK - SALEGAON VIA RAJATGARH 3RD AND 4TH LINE.,Central Railways,ECOR,ODISHA,,2018-12-01,2025-02-01,,1172.92,976.81,,,,,,delayed,326
2023-04-01,N24001718,250,BANGALORE CHENNAI EXPRESSWAY PHASE-III PACKAGE II (WALAJAHPET TO ARAKKONAM) FROM KM 180.000 TO KM 2,Ministry Of Road Transport And Highways (State Pwds),,,2020-12-01,2024-07-01,2024-07-01,843.48,966,,,,,,,on_schedule,268
2023-04-01,N24000968,250,REHABILITATION AND UPGRADATION OF MACHILIPATNAM TO AVANIGADDA SECTION FROM KM84/550 - 124/200 OF NH2,Ahmedabad Metro Rail,MoRTH,ANDHRA PRADESH,2016-11-01,2017-08-01,,376.25,,,,,,,,without_doc,412
2023-04-01,220100328,251,TALCHER- BIMALAGARH(NL)(ECOR),Central Railways,ECOR,ODISHA,2005-04-01,2021-06-01,2025-03-01,810.78,1928.07,1166.78,,,,,,delayed,326
2023-04-01,N24001705,251,FOUR LANING OF MUNGER TO MIRZACHAUKI (NH-80) SECTION FROM MUNGER TO KHARIA VILLAGE JUNCTION DESIGN C,Ministry Of Road Transport And Highways (State Pwds),,,2022-03-01,2024-03-01,2024-03-01,1485.66,1485.66,,,,,,,on_schedule,268
2023-04-01,N24001130,251,RECONSTRUCTION WITH GEOMETRIC IMPROVMENT OF EXISTING INTERMEDIATE LANE TO 2 LANE WITH PAVED SHOULDER,Ahmedabad Metro Rail,MoRTH,UTTARAKHAND 409,2016-08-01,2017-12-01,,234.88,,,,,,,,without_doc,412
2023-04-01,N22000380,252,JARAPADA - BUDHAPANK WITH FLY OVER AT TALCHER ROAD 3RD AND 4TH LINE,Central Railways,ECOR,ODISHA,2015-04-01,2018-11-01,2025-03-01,701.61,810.02,179.43,,2361.74,,,,delayed,326
2023-04-01,N24001666,252,6L GREENFIELD BARAJA - KANDILI SECTION OF NH- 130-CD ROAD FROM KM 338+500 TO KM 342+500 (PACKAGE-OD,Ministry Of Road Transport And Highways (State Pwds),,,2021-12-01,2024-09-01,2024-09-01,714,714,141,,,,,,on_schedule,268
2023-04-01,N24001201,252,CONSTRUCTION OF A NEW 4 LANE BRIDGE PARALLEL TO EXISTING MG SETU WITH ITS APPROACHES FROM KM 0.00,Ahmedabad Metro Rail,MoRTH,BIHAR,2019-02-01,,,2926.42,,,,,,,,without_doc,413
2023-04-01,N22000379,253,KORAPUT - SINGAPUR ROAD DOUBLING,Central Railways,ECOR,ODISHA,,2022-03-01,2026-03-01,2361.74,2361.74,942.07,,,2026-03-01,,,delayed,326
2023-04-01,N24001704,253,FOUR LANING OF MUNGER TO MIRZACHAUKI (NH-80) SECTION FROM KHARIA VILLAGE JUNCTION TO START OF EXISTI,Ministry Of Road Transport And Highways (State Pwds),,,2021-03-01,2024-03-01,2024-03-01,1020.84,1020.84,,,,,,,on_schedule,268
2023-04-01,N24001226,253,REHABILITATION AND UPGRADATION OF NH 216 FROM KM 3.800 TO 90.460 RAIGARH TO SARAIPALLI SECTION,Ahmedabad Metro Rail,MoRTH,CHHATISGARH,2014-12-01,2015-03-01,,496.02,,,,,,,,without_doc,413
2023-04-01,220100284,254,KHURDA ROAD- BOLANGIR(NL)ECOR,Central Railways,ECOR,ODISHA Eastern Railways,1994-04-01,2009-03-01,2026-12-01,2923.13,3791.66,2571.97,,,,,,delayed,326
2023-04-01,N24001657,254,SIX LANING OF KOTTUKULANGARA (DESIGN KM. 454+500) TO START OF KOLLAM BYPASS (DESIGN KM. 486+000) SEC,Ministry Of Road Transport And Highways (State Pwds),,,2021-06-01,2024-10-01,2024-10-01,2842.14,2842.14,90.92,,,2024-10-01,,,on_schedule,268
2023-04-01,N24001241,254,UP-GRADATION TO TWO LANING WITH PAVED SHOULDER OF AJMER-NAGAUR SECTION BY EXECUTING BALANCE WORK FRO,Ahmedabad Metro Rail,MoRTH,RAJASTHAN,2020-03-01,2020-08-01,,255.23,,,,,,,,without_doc,413
2023-04-01,220100272,255,"TARAKESWAR - BISHNUPUR NEW BG LINE (NL), ER",Central Railways,ER,WEST BENGAL,2000-04-01,2019-03-01,2024-03-01,1188.91,1619.48,995.72,,,2009-12-01,Land Acquisition –,,delayed,327
2023-04-01,N24001709,255,BAKHTIYARPUR RAJAULI PKG-II FROM KM 54.405 TO KM 101.630 NH20,Ministry Of Road Transport And Highways (State Pwds),,,2020-09-01,2023-04-01,2023-04-01,897.45,897.45,970.64,,,,,,on_schedule,268
2023-04-01,N24001242,255,REHABILATION AND UPGRADATION TO 2 LANE WITH PAVED SHPULDERS CONFIGURATION OF BEAWAR-ASIND SECTION (K,Ahmedabad Metro Rail,MoRTH,RAJASTHAN,2020-08-01,2020-11-01,,196.23,,,,,,,,without_doc,413
2023-04-01,N22000219,256,PIRPAINTI-JASIDIH,Central Railways,ER,MULTI STATE Indian Railway Construction Company Limited,2013-04-01,2022-03-01,2024-03-01,915.98,2137.81,709.48,,,,1.,,delayed,327
2023-04-01,N24001653,256,SIX LANING FROM KODUNGALLUR TO EDAPALLY SECTION OF NH –66 (OLD NH-17) FROM DESIGN CHAINAGE 397+750 (,Ministry Of Road Transport And Highways (State Pwds),,,2021-11-01,2025-04-01,2025-04-01,3565.82,3064.11,1526.77,,,,,,on_schedule,268
2023-04-01,N24001369,256,WIDENING TO 2 LANES WITH PAVED SHOULDERS FROM KM.87/000 TO 133/720 (NATTUKAL TO THANAU JN. IN PALAKK,Ahmedabad Metro Rail,MoRTH,KERALA,2017-02-01,2017-08-01,,294.28,,,,296.53,2022-03-01,,,without_doc,413
2023-04-01,N22000489,257,KHARSIA DHARAMJAIGARH WITH SPUR LINE EAST CORRIDOR-PHASE I,Central Railways,IRCON,CHHATISGAR H,2013-04-01,2018-09-01,2023-12-01,3055,3500,2869.88,,,,1-Agitation by Land losers.,,delayed,328
2023-04-01,N24001708,257,BAKHTIYARPUR RAJAULI PKG-III FROM KM 101.630 TO KM 152.520 NH20,Ministry Of Road Transport And Highways (State Pwds),,,2020-09-01,2024-06-01,2024-06-01,2156.22,2156.22,1454.83,,,,,,on_schedule,268
2023-04-01,N24001370,257,WIDENING TO 2-LANE WITH PAVED SHOULDERS FROM KM 119/017 TO KM 161/300 ON NH 85 (OLD NH 49),Ahmedabad Metro Rail,MoRTH,KERALA,2017-02-01,2017-09-01,,380.76,,,,372.87,2022-01-01,,,without_doc,413
2023-04-01,N22000488,258,GEVRA ROAD PENDRA ROAD,Central Railways,IRCON,CHHATISGAR H,2014-02-01,2022-03-01,2024-12-01,2288,4970.11,2047.48,,,,,,delayed,328
2023-04-01,N24001701,258,FOUR LANING OF MUNGER TO MIRZACHAUKI (NH-80) SECTION FROM START OF EXISTING BHAGALPUR BYPASS TO RASU,Ministry Of Road Transport And Highways (State Pwds),,,2022-04-01,2024-04-01,2024-04-01,1769.5,1769.5,,,,,,,on_schedule,268
2023-04-01,N24001381,258,REHABILITATION AND UPGRADATION TO 2-LANE/2-LANE WITH PAVED SHOULDERS/4-LANE CONFIGURATION OF PAONTA,Ahmedabad Metro Rail,MoRTH,HIMACHAL PRADESH,2020-08-01,2021-04-01,,272.98,,,,,,,,without_doc,413
2023-04-01,N22000418,259,EXECUTION OF RAIL CONNECTIVITY PROJECT FOR COAL TRANSPORTATION IN ODISHA FOR MCRL,Central Railways,IRCON,ODISHA Metropolitan Rapid Transport Projects,2016-04-01,2020-03-01,2025-12-01,5200,5200,,,,,,,delayed,328
2023-04-01,N24001740,259,ALIGARH-KANPUR SECTION PACKAGEV FROM MITRASEN- KANPUR,Ministry Of Road Transport And Highways (State Pwds),,,2019-10-01,2023-09-01,2023-09-01,2325.28,2325.28,1270.42,,,,,,on_schedule,268
2023-04-01,N24001382,259,REHABILITATION AND UPGRADATION TO 2-LANE CONFIGURATION OF HEWNA-ASHYARI SECTION (KM 25.000 TO KM 50.,Ahmedabad Metro Rail,MoRTH,HIMACHAL PRADESH,2020-08-01,2021-03-01,,242.8,,,,,,,,without_doc,413
2023-04-01,N22000028,260,"EXTENSION OF MRTS FROM VELACHERY TO STN. THOMAS, MTP",Central Railways,MRTP,TAMIL NADU,2006-04-01,2013-06-01,2023-06-01,495.74,734.01,565.73,,,,,,delayed,328
2023-04-01,N24001671,260,6L OF HATIBENA - BADAKUMARI SECTION FROM KM 146.50 TO KM 179.00 OF NH-130-CD (PACKAGE – OD-2),Ministry Of Road Transport And Highways (State Pwds),,,2021-02-01,2024-03-01,2024-03-01,925,925,253,,,,,,on_schedule,268
2023-04-01,N24001383,260,REHABILITATION AND UPGRADATION TO INTERMEDIATE LANE CONFIGURATION OF SHRI KYARI-GUMMA SECTION (KM 75,Ahmedabad Metro Rail,MoRTH,HIMACHAL PRADESH,2020-08-01,2021-04-01,,349.2,,,,,,,,without_doc,413
2023-04-01,N22000135,261,EAST WEST METRO CORRIDOR FROM HOWRAH MAIDAN TO SALT LAKE,Central Railways,MRTP,WEST BENGAL North Central Railway,2013-03-01,2016-03-01,2023-12-01,4874.58,10442.41,8461.06,,8574.98,2023-12-01,,,delayed,328
2023-04-01,N24001665,261,6L GREENFIELD KANDILI - ALURU SECTION OF NH-130-CD ROAD FROM KM 342+500 TO KM 365+033 (PACKAGE-OD-8,Ministry Of Road Transport And Highways (State Pwds),,,2021-12-01,2024-10-01,2024-10-01,1592,1592,144,,,,,,on_schedule,268
2023-04-01,N24001384,261,REHABILITATION AND UP GRADATION OF NH-544E FROM KM 56/803 TO KM 99/179 OF MADAKASIRA TO SIRA SECTION,Ahmedabad Metro Rail,MoRTH,ANDHRA PRADESH,2020-03-01,2021-03-01,,207.79,,,,,,,,without_doc,413
2023-04-01,N22000496,262,JHANSI BINA DOUBLING,Central Railways,NCR,UTTAR PRADESH,2016-09-01,2021-03-01,2023-12-01,2001,2001,1043.73,,2001,,,,delayed,328
2023-04-01,N24001731,262,6L GREENFIELD KANPUR - LUCKNOW (EXPRESSWAY) PKG II FROM KM. 28.500 TO KM. 73.744,Ministry Of Road Transport And Highways (State Pwds),,,2021-12-01,2025-05-01,2025-05-01,2470.64,2335,396.7,,,2025-05-01,,,on_schedule,269
2023-04-01,N24001409,262,4L+PS OF RAS-BEAWAR SECTION (KM 0.00 TO KM 30.00) OF NH- 158 (GNHCP) WORLD BANK. PKG-I.,Ahmedabad Metro Rail,MoRTH,RAJASTHAN,2020-07-01,2021-09-01,,319.09,,,,,,,,without_doc,413
2023-04-01,N22000148,263,GWALIOR-SEOPURKALA WITH EXTENSION TO KOTA (GC),Central Railways,NCR,MULTI STATE,2011-04-01,2022-03-01,2024-12-01,2912.96,3845.6,1024.32,,,,,,delayed,328
2023-04-01,N24001656,263,SIX LANING FROM THALIKULAM TO KODUNGALLUR SECTION OF NH – 66 (OLD NH-17) FROM DESIGN CH.369+015 (EX.,Ministry Of Road Transport And Highways (State Pwds),,,2021-06-01,2025-03-01,2025-03-01,2595,3994.6,2648.35,,,,,,on_schedule,269
2023-04-01,N24001410,263,4L+PS OF BEAWAR-ASIND SECTION (KM 30.00 TO KM 74.00) OF NH-158 (GNHCP) WORLD BANK. PKG-II,Ahmedabad Metro Rail,MoRTH,RAJASTHAN,2020-08-01,2020-12-01,,216.72,,,,,,,,without_doc,413
2023-04-01,N22000495,264,JHANSI MANIKPUR AND KHAIRAR BHIMSEN DOUBLING,Central Railways,NCR,UTTAR PRADESH North East Frontier Railway,2018-03-01,2023-03-01,2026-03-01,4329.53,4329.53,109.37,,,,,,delayed,328
2023-04-01,N24001667,264,6L GREENFIELD KALIAGURA – BAUNSAGUAR SECTION OF NH- 130-CD ROAD FROM KM 249+000 TO KM 293+000 (PACKAG,Ministry Of Road Transport And Highways (State Pwds),,,2021-09-01,2024-05-01,2024-05-01,1734,1734,341.94,,,,,,on_schedule,269
2023-04-01,N24001411,264,4L+PS OF NH -58 FROM BEAWAR-GOMTI (OLD CH KM 58.245 TO KM. 108.600) PKG-I.,Ahmedabad Metro Rail,MoRTH,RAJASTHAN,2020-12-01,2021-10-01,,379.23,,,,,,,,without_doc,413
2023-04-01,N22000100,265,"BHAIRABI SAIRONG, NL, NEFR",Central Railways,NFR,MIZORAM,2008-04-01,2014-03-01,2023-12-01,2393.47,6527.45,6204.64,,5021.45,,,,delayed,328
2023-04-01,N24001687,265,FOUR LANING OF BETTADAHALLI TO SRIRAMPURA SECTION FROM KM. 166+100 (DESIGN KM. 170+415) TO KM. 217+0,Ministry Of Road Transport And Highways (State Pwds),,,2021-10-01,2023-10-01,2023-10-01,1331.77,2508.79,415.25,,2083,,,,on_schedule,269
2023-04-01,N24001412,265,4L+PS OF NH -58 FROM BEAWAR-GOMTI (OLD CH KM 108.600 TO KM 144 KM 158.419 TO KM 173.300 PKG-II.,Ahmedabad Metro Rail,MoRTH,RAJASTHAN,2020-12-01,2021-10-01,,339.65,,,,,,,,without_doc,413
2023-04-01,N22000102,266,"SEVOK RANGPO, NEFR",Central Railways,NFR,SIKKIM,2008-04-01,2015-12-01,2023-12-01,1339.48,7876.92,3290.96,,,,,,delayed,328
2023-04-01,N24001728,266,"IMPROVEMENT AND UP-GRADATION OF EXISTING ROAD TO 4L PS FROM KM 175.080 TO 229.070, FROM END OF HARDO",Ministry Of Road Transport And Highways (State Pwds),,,2021-12-01,2025-07-01,2025-07-01,1138.81,1138.81,52.28,,,,,,on_schedule,269
2023-04-01,N24001413,266,2L+PS FROM KM 148/170 TO 211 /100 (DEVAL- DUNGARPUR- HIRATA - VARDA-SAGWARA) SECTION OF NH-927A. PKG-,Ahmedabad Metro Rail,MoRTH,RAJASTHAN,2021-02-01,2021-11-01,,240.99,,,,,,,,without_doc,413
2023-04-01,N22000183,267,NEW BONGAIGAON-RANGIA- KAMAKGHYA DOUBLING,Central Railways,NFR,MULTI STATE,2013-04-01,2019-03-01,2024-01-01,1798,2047.51,1771.6,,,,,,delayed,328
2023-04-01,N24001719,267,4L BANGALORE-CHENNAI EXPRESSWAY FROM KM. 230.000 TO KM. 261.705 OF KANCHEPURAM TO SRIPERUMBUDUR SECT,Ministry Of Road Transport And Highways (State Pwds),,,2021-02-01,2024-07-01,2024-07-01,2948.31,3392,,,,,,,on_schedule,269
2023-04-01,N24001422,267,REHABILITATION AND UPGRADATION TO 2-LANE CONFIGURATION OF ASHYARI-SHRI KYARI SECTION (KM 50.000 TO K,Ahmedabad Metro Rail,MoRTH,HIMACHAL PRADESH,2021-02-01,2021-09-01,,345.89,,,,,,,,without_doc,413
2023-04-01,N22000087,268,"NEW B.G. LINE FROM ARARIA TO GALGALIA (THAKURGUNG), NEFR",Central Railways,NFR,BIHAR,2006-09-01,2019-03-01,2024-03-01,532.87,2650,1487.03,,2132.03,,,,delayed,328
2023-04-01,N24001659,268,SIX LANING FROM START OF VALANCHERY BYPASS TO KAPPIRIKKAD-SECTION OF NH-66(OLD NH-17) FROM DESIGN CH,Ministry Of Road Transport And Highways (State Pwds),,,2021-02-01,2024-07-01,2024-07-01,3375.31,3790.17,1671.3,,,,,,on_schedule,269
2023-04-01,N24001441,268,REHABILITATION AND UPGRADATION OF NONGSTOIN TO WAHKAJI SECTION OF PROJECT ROAD KM 0.000 TO KM 43.06,Ahmedabad Metro Rail,MoRTH,MEGHALAYA,2020-08-01,2022-02-01,,302.88,,,,,,,,without_doc,413
2023-04-01,N22000208,269,MURKONGSELEK-PASIGHAT NL,Central Railways,NFR,MULTI STATE,2011-04-01,2020-03-01,2024-10-01,414.84,983.55,348,,,,,,delayed,328
2023-04-01,N24001678,269,6L GREENFIELD BAUNSAGUAR - BARAJA SECTION OF NH-130- CD ROAD FROM KM 293+000 TO KM 338+500 (PACKAGE –,Ministry Of Road Transport And Highways (State Pwds),,,2021-08-01,2024-06-01,2024-06-01,1460,1460,425,,,,,,on_schedule,269
2023-04-01,N24001456,269,REHABILITATION AND UPGRADATION TO 2 LANE WITH PS OF RADHAITA TO PILIBHIT SECTION OF 46.130 KM,Ahmedabad Metro Rail,MoRTH,UTTAR PRADESH,2020-04-01,2024-02-01,,199.39,,,,,,,,without_doc,413
2023-04-01,N22000206,270,NEW BG LINE FROM BALURGHAT TO HILLY NFR,Central Railways,NFR,MULTI STATE,2010-04-01,2020-03-01,2024-12-01,242.22,632.63,85.73,,,,,,delayed,329
2023-04-01,N24001716,270,THOPPUR METTUR BHAVANI ERODE SECTION OF NH 544H FOR A LENGTH OF 85 KM,Ministry Of Road Transport And Highways (State Pwds),,,2022-07-01,2023-08-01,2023-08-01,186.5,201,73,,,,,,on_schedule,269
2023-04-01,N24001457,270,REHABILITATION AND UPGRADATION TO 2 LANE WITH PS OF MIRANPUR KATRA TO RADHAITA SECTION OF NH-730C F,Ahmedabad Metro Rail,MoRTH,UTTAR PRADESH,2020-04-01,2024-07-01,,172.5,,,,,,,,without_doc,414
2023-04-01,220100288,271,JIRIBAM TO IMPHAL (TUPUI)(NL)(NEFR),Central Railways,NFR,MANIPUR,2003-04-01,2011-03-01,2025-03-01,4454.17,14322.79,13592.69,,12264.15,2025-03-01,,,delayed,329
2023-04-01,N24001639,271,FOUR LANING OF MOGA TO BAJAKHANA LAMBWALI SECTION OF 105B GREENFIELD ALIGNMENT FROM DESIGN CHAINAGE,Ministry Of Road Transport And Highways (State Pwds),,,2020-05-01,2024-12-01,2024-12-01,864.23,864.23,342.25,,,2024-12-01,,,on_schedule,269
2023-04-01,N24001459,271,CONSTRUCTION OF 1 ROB CUM FLYOVER FROM KM 136.200 TO 137.800 AND 2 FLYOVERS,Ahmedabad Metro Rail,MoRTH,UTTAR PRADESH,2022-01-01,2024-04-01,,297.06,,,,,,,,without_doc,414
2023-04-01,N22000086,272,"NEW B.G. LINE FROM TETELIA TO BYRNIHAT (NATIONAL PROJECT), NEFR",Central Railways,NFR,ASSAM,2006-09-01,2019-03-01,2025-03-01,385.2,1304.62,1080.91,,,,,,delayed,329
2023-04-01,N24001501,272,PATAS-VASUNDE PHATA - BARAMATI BYPASS,Ministry Of Road Transport And Highways (State Pwds),,,2021-09-01,2023-09-01,2023-09-01,531.86,532.41,445.56,,,2023-09-01,,,on_schedule,269
2023-04-01,N24001460,272,CONSTRUCTION OF 4 LANE ELEVATED VIADUCT AT KM. 7.500 MUNSHI PULIA OF NH-24A,Ahmedabad Metro Rail,MoRTH,UTTAR PRADESH,2021-12-01,2024-09-01,,170.6,,,,,,,,without_doc,414
2023-04-01,N22000124,273,NEW LINE FROM DIMAPUR TO ZUBZA(KOHIMA) NATIONAL PROJECT (NEFR),Central Railways,NFR,NAGALAND,2006-04-01,2015-03-01,2026-03-01,2326.52,6663,2289.76,,,,,,delayed,329
2023-04-01,N24001525,273,6L ACCESS-CONTROLLED HIGHWAY OF DAAT KALI TUNNEL - DEHRADUN OF GANESHPUR – DEHRADUN SECTION FROM KM.,Ministry Of Road Transport And Highways (State Pwds),,,2021-03-01,2024-03-01,2024-03-01,169.08,169.08,31.24,,,2024-03-01,,,on_schedule,269
2023-04-01,N24001461,273,2-LANE WITH PS OF BEWAR TO NEAR KARRI VILLAGE SECTION OF NH-92 FROM KM.0.00 TO 30.00 UNDER GNHCP,Ahmedabad Metro Rail,MoRTH,UTTAR PRADESH,2020-04-01,2024-03-01,,236.47,,,,,,,,without_doc,414
2023-04-01,N22000388,274,BONGAIGAON-GOALPARA- GUWAHATI (176 KM),Central Railways,NFR,ASSAM North Eastern Railway,2015-04-01,2022-03-01,2026-03-01,2232.32,4059.65,2687.36,,,,,,delayed,329
2023-04-01,N24001563,274,DEOGARH (NEAR DHANDHANIYA)-RAJASTHAN/GUJARAT BORDER (PHASE-I) (AJ/DRGB-PACKAGE-6),Ministry Of Road Transport And Highways (State Pwds),,,2019-10-01,2023-08-01,2023-08-01,846.59,846.59,10.57,,,,,,on_schedule,269
2023-04-01,N24001462,274,2-LANE WITH PS OF NEAR KARRI VILLAGE TO ETAWAH SECTION OF NH-92 FROM KM.30.000 TO 57.346 UNDER GNHCP,Ahmedabad Metro Rail,MoRTH,UTTAR PRADESH,2020-04-01,2024-07-01,,211.09,,,,,,,,without_doc,414
2023-04-01,N22000347,275,ROSA-SITAPUR CANTT- BURHWAL DOUBLING,Central Railways,NER,UTTAR PRADESH,2015-03-01,2022-03-01,2023-06-01,1295.42,2560,2117.55,,,,,,delayed,329
2023-04-01,N24001753,275,4 LANING OF NAJIBABAD BYPASS OF NH-119 FROM KM. 105.423 TO KM. 118.373 (EXCLUDING 2.45 KM. OF NH-74,Ministry Of Road Transport And Highways (State Pwds),,,2022-02-01,2024-06-01,2024-06-01,570.98,570.98,,,,,,,on_schedule,269
2023-04-01,N24001463,275,ALLAHGANJ TO MIRANPUR KATRA SECTION OF NH-730C FROM KM.52.770 TO 114.00,Ahmedabad Metro Rail,MoRTH,UTTAR PRADESH,2020-04-01,2024-07-01,,294.84,,,,,,,,without_doc,414
2023-04-01,N22000134,276,CHHAPRA-BALLIA UP,Central Railways,NER,MULTI STATE,2013-03-01,2019-01-01,2024-03-01,295,830,791.09,,,,,,delayed,329
2023-04-01,N24001554,276,4L OF HARIDWAR NAGINA SECTION DESIGN CH. LME FROM KM 13.829 TO KM 17.110 AND KM 26.077 TO KM 27.508,Ministry Of Road Transport And Highways (State Pwds),,,2020-06-01,2024-02-01,2024-02-01,183.92,183.92,5.69,,,,,,on_schedule,269
2023-04-01,N24001464,276,PROJECTS- REHABILITATION AND UPGRADATION OF NH-731A FROM KM 0.00 TO KM.35.00,Ahmedabad Metro Rail,MoRTH,UTTAR PRADESH,2021-03-01,2023-08-01,,264.86,,,,,,,,without_doc,414
2023-04-01,N22000470,277,"SHAHGANJ-BHATNI-PHEPHNA- INDARA, MAU-SHAHGANJ (EXCL. MAU-INDARA) PATCH DOUBLING.",Central Railways,NER,UTTAR PRADESH,2016-04-01,2019-12-01,2024-03-01,1177.96,1500.95,1111.87,,,,,,delayed,329
2023-04-01,N24001519,277,DELHI VADODARA GREENFIELD ALIGNMENT SECTION OF NH 148N PACKAGE 28,Ministry Of Road Transport And Highways (State Pwds),,,2020-09-01,2023-11-01,2023-11-01,1198.55,1198.55,334.46,,,,,,on_schedule,269
2023-04-01,N24001465,277,WIDENING OF EXISTING SINGLE LANE / INTERMEDIATE LANE ROAD TO 2 LANE FROM KM 101 TO KM 125 OF NH 61 I,Ahmedabad Metro Rail,MoRTH,NAGALAND,2020-06-01,2024-09-01,,252.19,,,,,,,,without_doc,414
2023-04-01,N22000459,278,NANPARA - NEPALGANJ GAUGE CONVERSION.,Central Railways,NER,UTTAR PRADESH North Western Railway,2017-04-01,2017-04-01,2025-12-01,150,341.66,1.2,,,,,,delayed,329
2023-04-01,N24001622,278,4L TWIN TUBE TUNNEL INCLUDING APPROACHES FROM DIGDOL TO KHUNI NALLAH (NORTH BOUND CONNECTING WITH EX,Ministry Of Road Transport And Highways (State Pwds),,,2021-07-01,2024-06-01,2024-06-01,1401.87,1401.87,89.13,,,2024-06-01,,,on_schedule,269
2023-04-01,N24001466,278,WIDENING TO EXISTING SINGLE LANE /INTERMEDIATE LANE TO 2 LANE FROM KM185.00 TO KM 220.00 OF NH-61 (N,Ahmedabad Metro Rail,MoRTH,NAGALAND,2021-03-01,2024-07-01,,297.24,,,,,,,,without_doc,414
2023-04-01,220100184,279,"DAUSA-GANGAPUR CITY(NL),NWR",Central Railways,NWR,RAJASTHAN,1997-02-01,2019-02-01,2023-07-01,410.08,860.41,888.11,,,,,,delayed,329
2023-04-01,N24001700,279,SIX LANNING OF AURANGABAD TO BIHAR/JHARKHAND BORDER SECTION OF NH-19 (OLD NH-2) FROM KM. 209.827 TO,Ministry Of Road Transport And Highways (State Pwds),,,2021-12-01,2024-03-01,2024-03-01,552.55,553,184.12,,553,,,,on_schedule,269
2023-04-01,N24001467,279,WIDENING TO EXISTING SINGRE/INTERMEDIATE RANE TO 2 LANE FROM KM 135 TO KM 147 AND FROM KM 156.00 TO,Ahmedabad Metro Rail,MoRTH,NAGALAND,2021-03-01,2024-02-01,,226.44,,,,,,,,without_doc,414
2023-04-01,N22000326,280,PHULERA - DIGANA DOUBLING,Central Railways,NWR,MULTI STATE Northern Railway,2015-05-01,2020-03-01,2024-01-01,600,701.81,528.42,,,,,,delayed,329
2023-04-01,N24001651,280,SIX LANING OF THURAVOOR (DESIGN KM. 378+612) TO PARAVOOR (DESIGN KM.417+000) SECTION OF NEW NH-66 (O,Ministry Of Road Transport And Highways (State Pwds),,,2021-09-01,2024-09-01,2024-09-01,2878.97,2878.97,63.75,,,2024-09-01,,,on_schedule,270
2023-04-01,N24001468,280,REPANPALLI TO SIRONCHA,Ahmedabad Metro Rail,MoRTH,MAHARASHTRA,2022-03-01,2022-06-01,,282.07,,,,,,,,without_doc,414
2023-04-01,220100133,281,"UDHAMPUR-SRINAGAR- BARAMULLA (NL),NR",Central Railways,NR,JAMMU AND KASHMIR,1995-03-01,2002-11-01,2023-06-01,2500,37012.26,34605.84,,37012.26,2023-06-01,1. Law & Order issues,,delayed,330
2023-04-01,N24001623,281,BANIHAL BYPASS (DELINKED FROM SRINAGAR - BANIHAL) FROM KM. 187.00 TO KM. 189.350,Ministry Of Road Transport And Highways (State Pwds),,,2020-01-01,2024-01-01,2024-01-01,336.01,336.01,71.1,,,2024-01-01,,,on_schedule,270
2023-04-01,N24001469,281,IMPROVEMENT AND UPGRADATION TO TWO LANE WITH PAVED SHOULDER CONFIGURATION FROM EXISTING KM 55.00 TO,Ahmedabad Metro Rail,MoRTH,UTTAR PRADESH,2021-11-01,2024-05-01,,307.11,,,,,,,,without_doc,414
2023-04-01,220100188,282,"NANGALDAM-TALWARA(NL),NR",Central Railways,NR,MULTI STATE,1981-03-01,2012-07-01,2024-11-01,450,2017.96,845.23,,,,,,delayed,330
2023-04-01,N24001548,282,"6L STANDALONE FLYOVERS AT BONGAIGAON, CHAPAGURI, PATHSALA, SIMLAGURI CHOWK AND BAIHATA BYPASS JUNCTI",Ministry Of Road Transport And Highways (State Pwds),,,2022-03-01,2024-06-01,2024-06-01,457.72,457.72,4.96,,,,,,on_schedule,270
2023-04-01,N24001471,282,R/U TO 2-LANE WITH PS OF BEWAR TO ALLAHGANJ SECTION OF NH-730C FROM KM.0.00 TO 52.770 UNDER GNHCP,Ahmedabad Metro Rail,MoRTH,UTTAR PRADESH,2020-04-01,2024-11-01,,325.24,,,,,,,,without_doc,414
2023-04-01,N22000467,283,CHANDIGARH-BADDI,Central Railways,NR,MULTI STATE,2007-04-01,2023-03-01,2025-06-01,328.14,1540.14,485.02,,1540.14,2025-06-01,,,delayed,330
2023-04-01,N24001556,283,6L OF EXISTING 4L FROM GUNDLAPOCHAMPALLY TO BOWENPALLY FROM KM 471.300 TO KM 481.331 OF NH-44,Ministry Of Road Transport And Highways (State Pwds),,,2021-12-01,2024-07-01,2024-07-01,521.53,521.53,107.14,,,,,,on_schedule,270
2023-04-01,N24001478,283,"WIDENING AND STRENGTHENING FROM KM.15.000 TO KM, 58.600 (BHADEWARA -DRAMANDGANJ SECTION) OF NATIONAL",Ahmedabad Metro Rail,MoRTH,UTTAR PRADESH,2021-12-01,2024-05-01,,257.97,,,,,,,,without_doc,414
2023-04-01,N22000502,284,"MANSA-BHATINDA (PHASE-I), INCL. NEW MATERIAL MODIFICATION FOR RAMA MANDI (RAMAN) - SADA SINGHWALA VI",Central Railways,NR,PUNJAB Rail Vikas Nigam Ltd.,2009-06-01,2016-08-01,2025-08-01,404,404,190,,,,,,delayed,330
2023-04-01,N24001703,284,6 L OF AURANGABAD TO BIHAR-JHARKHAND BORDER (CHORDAHA) SECTION FROM KM. 180.000 TO KM. 209.827 OF N,Ministry Of Road Transport And Highways (State Pwds),,,2022-02-01,2025-05-01,2025-05-01,786.81,787,388.76,,787,,,,on_schedule,270
2023-04-01,N24001479,284,WIDENING AND UPGRADATION TO FOUR LANE CONFIGURATION FROM KM.34.900 (BHADOHI) TO KM.73.134 (JAUNPUR),Ahmedabad Metro Rail,MoRTH,UTTAR PRADESH,2021-03-01,2024-05-01,,395.62,,,,,,,,without_doc,414
2023-04-01,N22000412,285,BANASPANI- JAKHPURA - DOUBLING,Central Railways,RVNL,ODISHA,2009-03-01,2019-03-01,2023-05-01,942.95,1552.26,1696.25,,,,,,delayed,330
2023-04-01,N24001555,285,6 LANING OF EXISTING 4-LANE STRETCH FROM KALKALLU AT KM.454+000 TO GUNDLA POCHAMPALLY AT KM.471+000,Ministry Of Road Transport And Highways (State Pwds),,,2022-03-01,2025-01-01,2025-01-01,955.49,955.49,84.06,,,,,,on_schedule,270
2023-04-01,N24001480,285,WIDENING AND STRENGTHENING FROM KM 0.00 TO KM 15.089 OF NH-334A (PURKAJI-LAKSAR-HARIDWAR ROAD) TO TW,Ahmedabad Metro Rail,MoRTH,UTTAR PRADESH National Highways And Infrastructure Development Corporation Ltd.,2021-10-01,2024-04-01,,227.06,,,,,,,,without_doc,414
2023-04-01,N22000213,286,MULTI MODAL TRANSPORT SYSTEM(MMTS) PHASE-II HYDERABAD,Central Railways,RVNL,TELANGANA,2012-04-01,2016-03-01,2023-06-01,632.68,950,935.97,,,,,,delayed,330
2023-04-01,N24001620,286,CONSTRUCTION OF TUNNELS/VIADUCTS AT IDENTIFIED SLIDING/SLIP ZONES AT KM 130.550 TO KM.130.750; KM.,Ministry Of Road Transport And Highways (State Pwds),,,2021-09-01,2023-10-01,2023-10-01,442.14,442.14,61.26,,,2023-10-01,,,on_schedule,270
2023-04-01,N24001265,286,REHABILITATION AND UPGRADATION OF ROAD FROM DESIGN KM 0.00 TO KM 11.800 OF KAILASHAHAR-KURTI BRIDGE,Ahmedabad Metro Rail,NHIDCL,TRIPURA,2020-03-01,2022-07-01,2022-07-01,154.51,,,,,2023-03-01,,,without_doc,414
2023-04-01,N22000401,287,VARANASI-MODHOSINGH- ALLAHABAD DOUBLING,Central Railways,RVNL,UTTAR PRADESH,2015-04-01,2022-03-01,2023-06-01,943.6,1500,1222.41,,,,,,delayed,330
2023-04-01,N24001727,287,"IMPROVEMENT AND UP-GRADATION OF EXISTING ROAD TO 2/4L PS FROM KM 40.000 TO 88.750, START OF KHUTAR B",Ministry Of Road Transport And Highways (State Pwds),,,2022-03-01,2025-02-01,2025-02-01,762.62,762.62,113.57,,,,,,on_schedule,270
2023-04-01,N24001324,287,KHELLANI-KHANABAL PKG-6,Ahmedabad Metro Rail,NHIDCL,JAMMU AND KASHMIR,2021-02-01,2022-09-01,2022-09-01,285.28,,,,,,,,without_doc,414
2023-04-01,N22000411,288,RAIPUR - TITLAGARH - DOUBLING,Central Railways,RVNL,CHHATISGARH,2007-03-01,2020-03-01,2023-06-01,1402.02,1300,1473.73,,,,,,delayed,330
2023-04-01,N24001595,288,4L OF PALMA TO GUMLA SECTION OF NH23 FROM KM. 26.00 TO KM. 89.170 ON HAM MODE IN THE STATE OF JHARKH,Ministry Of Road Transport And Highways (State Pwds),,,2020-08-01,2024-03-01,2024-03-01,1034,1589,265.58,,,,,,on_schedule,270
2023-04-01,N24000866,288,UP-GRADATION TO 4-LANE WITH PAVED SHOULDER OF JAMMU- AKHNOOR SECTION OF NH-144A FROM CANAL HEAD (KM 0,Ahmedabad Metro Rail,NHIDCL,JAMMU AND KASHMIR 411,2018-03-01,2021-02-01,2022-10-01,404.17,,,,,2021-02-01,,,without_doc,414
2023-04-01,N22000451,289,MADURAI - MANIYACHI - TUTICORIN (160 KM) DOUBLING,Central Railways,RVNL,TAMIL NADU,2015-02-01,2020-03-01,2023-06-01,760,1536,1791.61,,,,,,delayed,330
2023-04-01,N24001738,289,"2LPS OF BIJNOR TO KOTAWALI SECTION OF NH-709AD, PKG- IV",Ministry Of Road Transport And Highways (State Pwds),,,2021-09-01,2023-10-01,2023-10-01,300.79,300.79,,,,,,,on_schedule,270
2023-04-01,N24000678,289,TWO LANING OF AKAJAN LIKABALI BAME ROAD ON EPC BASIS FROM EXISTING KM 71.000 TO KM 99.000 (DESIGN KM,Ahmedabad Metro Rail,NHIDCL,ARUNACHAL PRADESH,2017-03-01,2021-03-01,2022-12-01,284.09,,,,323.49,2022-12-01,,,without_doc,415
2023-04-01,N22000449,290,MANIYACHI - NAGERCOIL (102 KM) DOUBLING,Central Railways,RVNL,TAMIL NADU,2015-02-01,2022-03-01,2023-10-01,1700,1305,1492.45,,,,,,delayed,330
2023-04-01,N24001524,290,6L OF ACCESS-CONTROLLED HIGHWAY FROM MOHAND TO DAAT KALI TUNNEL OF GANESHPUR – DEHRADUN SECTION FROM,Ministry Of Road Transport And Highways (State Pwds),,,2021-03-01,2023-10-01,2023-10-01,990.28,990.28,315.05,,,2023-10-01,,,on_schedule,270
2023-04-01,N24001250,290,WIDENING/IMPROVEMENT TO 4-LANE WITH PAVED SHOULDER FROM KM 66.00 TO KM 81.00 (DESIGN CHAINAGE 65.923,Ahmedabad Metro Rail,NHIDCL,ASSAM,2020-08-01,2022-03-01,2022-12-01,278.46,,,,,,,,without_doc,415
2023-04-01,N22000297,291,HOSPET-HUBLI-LONDA- VASCODAGAMA DL,Central Railways,RVNL,KARNATAKA,2010-04-01,2023-03-01,2024-03-01,2127,3300,3101.75,,,,,,delayed,330
2023-04-01,N24001733,291,6L ACCESS CONTROLLED GREENFIELD HIGHWAY OF JUNCTION OF EPE (VILL.-MAVIKALAN) TO VILL.-LOHADDA FROM K,Ministry Of Road Transport And Highways (State Pwds),,,2022-03-01,2024-08-01,2024-08-01,1602.48,1602.48,,,,,,,on_schedule,270
2023-04-01,N24000679,291,TWO LANING OF EXISTING HAYULIANG HAWAI ROAD ON EPC BASIS FROM DESIGN KM. 17.000 (KHUPA) TO KM. 34.00,Ahmedabad Metro Rail,NHIDCL,ARUNACHAL PRADESH,2017-02-01,2020-11-01,2023-01-01,195.23,,,,,2023-01-01,,,without_doc,415
2023-04-01,N22000404,292,"LUCKNOW- PILIBHIT VIA SITAPUR, LAKHIMPUR GC",Central Railways,RVNL,UTTAR PRADESH,2011-04-01,2019-03-01,2024-03-01,927.01,1457.79,1451.09,,,,,,delayed,331
2023-04-01,N24001612,292,DELHI-VADODARA GREENFIELD ALIGNMENT (NH-148N) (PKG- 15) (CH. 419.000 TO CH.427.300) [JUNCTION WITH NH,Ministry Of Road Transport And Highways (State Pwds),,,2020-07-01,2024-01-01,2024-01-01,1788.69,1788.69,41.2,,,,,,on_schedule,270
2023-04-01,N24000688,292,FOUR LANING OF EXISTING DIMAPUR KOHIMA ROAD FROM DESIGN KM 152.490 TO KM 166.700 (EXISTING KM 156.00,Ahmedabad Metro Rail,NHIDCL,NAGALAND,2016-03-01,2022-08-01,2023-01-01,429.52,,,,562.98,2022-08-01,,,without_doc,415
2023-04-01,N22000405,293,MAU-GHAZIPUR-TARIGHAT NEW LINE,Central Railways,RVNL,UTTAR PRADESH,2015-04-01,2023-03-01,2024-12-01,1765.92,1765.92,1528.45,,,,,,delayed,331
2023-04-01,N24001520,293,DELHI VADODARA GREENFIELD ALIGNMENT SECTION OF NH 148N PACKAGE 31,Ministry Of Road Transport And Highways (State Pwds),,,2019-11-01,2024-05-01,2024-05-01,1604.06,1604.06,981.92,,,,,,on_schedule,270
2023-04-01,N24001245,293,CONSTRUCTION OF 2-LANING WITH HARD SHOULDERS OF DEMWE-BRAHMAKUND SECTION OF NH-13 FROM CH.0.00 KM TO,Ahmedabad Metro Rail,NHIDCL,ARUNACHAL PRADESH,2020-09-01,2022-05-01,2023-01-01,353.9,,,,,2022-10-01,,,without_doc,415
2023-04-01,N22000406,294,RISHIKESH - KARNAPRAYAG NEW LINE,Central Railways,RVNL,UTTARAKHAN D,2011-04-01,2024-12-01,2025-03-01,16216,24659,12752.28,,,,,,delayed,331
2023-04-01,N24001631,294,6L OF IT CITY CHOWK TO KURALI CHANDIGARH ROAD,Ministry Of Road Transport And Highways (State Pwds),,,2021-03-01,2024-10-01,2024-10-01,1525.31,1525.31,102.46,,,,,,on_schedule,270
2023-04-01,N24001008,294,AJANTHA TO BULDHANA,Ahmedabad Metro Rail,NHIDCL,A & N ISLANDS,2017-02-01,2019-07-01,2023-02-01,401,,,,401,,,,without_doc,415
2023-04-01,N22000111,295,NEW WORK FOR CONSTRUCTION OF METRO RAILWAY FROM JOKA TO BINOY BADAL DINESH BAGH.,Central Railways,RVNL,WEST BENGAL,2010-04-01,2016-03-01,2025-07-01,2913.51,4834.54,2234.7,,,,,,delayed,331
2023-04-01,N24001650,295,SIX LANING OF KADAMBATTUKONAM TO KAZHAKKOOTTAM SECTION OF NH-66(OLD NH-47) FROM KM. 517+250 TO KM.54,Ministry Of Road Transport And Highways (State Pwds),,,2021-12-01,2025-01-01,2025-01-01,3635.64,3635.64,30.75,,,2025-01-01,,,on_schedule,270
2023-04-01,N24001311,295,KAILASHAHAR TO KHOWAI PKG-2,Ahmedabad Metro Rail,NHIDCL,TRIPURA,2020-11-01,2022-07-01,2023-02-01,206.78,,,,218.23,2023-02-01,,,without_doc,415
2023-04-01,N22000109,296,NEW WORK FOR CONSTRUCTION OF METRO RAILWAY FROM BARANAGAR TO BARRACKPORE AND DAKSHINESHWAR (MTP),Central Railways,RVNL,WEST BENGAL,2010-04-01,2014-03-01,2025-12-01,2298.42,2733.86,40.46,,,,,,delayed,331
2023-04-01,N24001621,296,"4L OF KM.165.092 TO KM.171.855 (NORTH BOUND) AND FROM KM.166.895 TO KM.173.638 (SOUTH BOUND), EXCL.",Ministry Of Road Transport And Highways (State Pwds),,,2021-07-01,2024-08-01,2024-08-01,614.48,614.48,49.35,,,2024-08-01,,,on_schedule,270
2023-04-01,N24000305,296,FOUR LANING OF NUMALIGARH TO JORHAT SECTION FROM KM. 402.500 TO KM. 453.000 (DESIGN KM 403.200 TO KM,Ahmedabad Metro Rail,NHIDCL,ASSAM,2015-05-01,2018-05-01,2023-03-01,454.89,,,,814.56,,,,without_doc,415
2023-04-01,N22000110,297,NEW WORK FOR CONSTRUCTION OF METRO RAILWAY FROM NSCB AIRPORT TO NEW GARIA VIA RAJARHAT (MTP),Central Railways,RVNL,WEST BENGAL,2010-04-01,2016-03-01,2026-03-01,3951.98,8964.35,5558.58,,,,,,delayed,331
2023-04-01,N24001559,297,2L PS SRIGANGANAGAR TO RAISINGHNAGAR (DESIGN CHAINAGE -0.500 KM TO DESIGN CHAINAGE 101.000 KM) (PACK,Ministry Of Road Transport And Highways (State Pwds),,,2021-09-01,2024-06-01,2024-06-01,672.35,672.35,2.76,,,,,,on_schedule,270
2023-04-01,N24000323,297,4 LANING FROM KALIABOR TINALI TO DOLABARI SECTION FROM KM 0.0 TO KM 17.3 OF NH 37A INCL. ADDITIONAL,Ahmedabad Metro Rail,NHIDCL,ASSAM,2014-10-01,2018-11-01,2023-03-01,588.95,,,,811.28,2022-02-01,,,without_doc,415
2023-04-01,N22000409,298,VIZIANAGARAM -SAMABALPUR 3RD LINE,Central Railways,RVNL,ODISHA South Central Railway,1991-01-01,2024-12-01,2026-12-01,2335.67,3327.72,3350.64,,,,,,delayed,331
2023-04-01,N24001737,298,"4LPS OF MUZAFFARNAGAR TO MIRANPUR SECTION OF NH- 709AD, PKG-III",Ministry Of Road Transport And Highways (State Pwds),,,2021-11-01,2024-04-01,2024-04-01,923.15,923.15,,,,,,,on_schedule,270
2023-04-01,N24000431,298,4 LANING FROM JAMUGURI TO BISWANATH CHARIALI FROM KM 182 TO KM 208 OF NH-52,Ahmedabad Metro Rail,NHIDCL,ASSAM,1991-01-01,2019-06-01,2023-03-01,520.01,,,,,2019-06-01,,,without_doc,415
2023-04-01,N22000367,299,KAZIPET-BALHRSHA,Central Railways,SCR,MULTI STATE,2015-04-01,2021-03-01,2025-01-01,2063.03,2063.03,2081.65,,1160.48,,,,delayed,331
2023-04-01,N24001746,299,2-LANE EXISTING RAMPUR BYPASS OF RAMPUR TO BE DEVELOPED TO 4-LANE ON EPC MODE IN THE STATE OF UTTAR,Ministry Of Road Transport And Highways (State Pwds),,,2021-03-01,2024-04-01,2024-04-01,364.47,364.47,14.91,,,,,,on_schedule,271
2023-04-01,N24000680,299,TWO LANING OF EXISTING HAYULIANG HAWAI ROAD ON EPC BASIS FROM DESIGN KM. 34.000 TO KM. 51.825 [EXIST,Ahmedabad Metro Rail,NHIDCL,ARUNACHAL PRADESH,2017-02-01,2020-11-01,2023-03-01,203.36,,,,263.31,2022-06-01,,,without_doc,415
2023-04-01,N22000032,300,MANOHARABAD-KOTHPALL NEW LINE(SCR),Central Railways,SCR,TELANGANA,,2010-03-01,2025-03-01,,2250,987.51,,,,,,delayed,331
2023-04-01,N24001598,300,6L FROM SANKESHWAR BYPASS TO MH KNT BORDER FROM KM. 555.017 TO KM. 592.853 OF NH-48 (PKG II),Ministry Of Road Transport And Highways (State Pwds),,,2022-01-01,2025-04-01,2025-04-01,1388.7,1388.7,13.52,,,,,,on_schedule,271
2023-04-01,N24000685,300,CONSTRUCTION OF TWO LANE WITH PAVED SHOULDERS OF JORAM KOLORIANG ROAD (NH 713) ON EPC BASIS FROM EXI,Ahmedabad Metro Rail,NHIDCL,ARUNACHAL PRADESH,2017-02-01,2022-04-01,2023-03-01,167.28,,,,229.7,2023-03-01,,,without_doc,415
2023-04-01,N22000261,301,KAZIPET-VIJAYAWADA 3RD LINE WITH ELECTRIFICATION,Central Railways,SCR,MULTI STATE,2012-04-01,2023-03-01,2025-03-01,1856.95,1952.68,1225.43,,,,,,delayed,331
2023-04-01,N24001736,301,6L ACCESS CONTROL GREENFIELD HIGHWAY OF VILL- KARAUNDA MAHAJAN TO VILL-KHYAWARI FROM KM. 56.500 TO K,Ministry Of Road Transport And Highways (State Pwds),,,2022-01-01,2024-08-01,2024-08-01,1159.96,1159.96,,,,,,,on_schedule,271
2023-04-01,N24000757,301,CONSTRUCTION OF TWO LANE WITH HARD SHOULDERS OF CHAKABAMA-ZUNHEBOTO ROAD FROM EXISTING KM 79.040 TO,Ahmedabad Metro Rail,NHIDCL,NAGALAND,2018-03-01,2021-12-01,2023-03-01,315.03,,,,,2022-11-01,,,without_doc,415
2023-04-01,N22000368,302,GUNTUR-GUNTAKAL,Central Railways,SCR,ANDHRA PRADESH,2016-04-01,2022-03-01,2025-12-01,3631,3887.48,2209.77,,,,,,delayed,331
2023-04-01,N24001594,302,ELEVATED CORRIDOR IN RANCHI CITY FROM KM 0.00 TO KM 3.260 OF NH-75 INCLUDING DOWN RAMP ON NH-23 FROM,Ministry Of Road Transport And Highways (State Pwds),,,2022-02-01,2025-01-01,2025-01-01,534.73,534.73,,,,,,,on_schedule,271
2023-04-01,N24001263,302,REHABILITATION AND UPGRADATION OF ROAD FROM KM 0.00 TO KM 18.600 OF KUMARGHAT-KAILASHAHAR SECTION,Ahmedabad Metro Rail,NHIDCL,TRIPURA,2020-06-01,2022-01-01,2023-03-01,277.5,,,,302.02,,,,without_doc,415
2023-04-01,220100265,303,KOTLPALLI-NARASAPUR (NL) (SCR),Central Railways,SCR,ANDHRA PRADESH South East Central Railway,2001-12-01,2009-03-01,2027-03-01,1045.2,2500.98,1111.88,,,,,,delayed,331
2023-04-01,N24001674,303,BANGALORE/TN BORDER TO HOSKOTE,Ministry Of Road Transport And Highways (State Pwds),,,2023-02-01,2025-02-01,2025-02-01,1240.6,1240.6,403.45,,,,,,on_schedule,271
2023-04-01,N24001268,303,IMPROVEMENT/WIDENING TO 2 LANING OF STRETCH FROM KHONGSANG TO TAMENGLONG OF NH-137,Ahmedabad Metro Rail,NHIDCL,MANIPUR,2019-03-01,2022-07-01,2023-03-01,471,,,,,,,,without_doc,415
2023-04-01,N22000484,304,JHARSUGUDA-BILASPUR 4TH LINE,Central Railways,SECR,CHHATISGAR H,2015-04-01,2021-03-01,2024-10-01,1973,2135.34,1360.41,,2135.34,2023-12-01,,,delayed,331
2023-04-01,N24001565,304,SANGARIYA (NEAR CHAUTALA)-RASISAR (NEAR BIKANER) SECTION OF NH-754K (PHASE-I) (AJ/SR-PACKAGE-7),Ministry Of Road Transport And Highways (State Pwds),,,2019-02-01,2023-05-01,2023-05-01,520.63,520.63,1.32,,,,,,on_schedule,271
2023-04-01,N24001279,304,CONSTRUCTION OF TWO LANE WITH PAVED SHOULDER OF SELLING-DULTE SECTION OF NH-06 (PKG-II),Ahmedabad Metro Rail,NHIDCL,MIZORAM,2020-03-01,2022-07-01,2023-03-01,216.49,,,,,2023-02-01,,,without_doc,415
2023-04-01,N22000420,305,RAJNANDGAON - NAGPUR - 3RD LINE (SECR),Central Railways,SECR,MAHARASHTR A,2016-09-01,2023-03-01,2024-12-01,1908.51,3544.25,2145.52,,2753.05,2023-12-01,,,delayed,332
2023-04-01,N24001682,305,UPGRADATION 2/4 LANE NH CONNECTIVITY UNDER SAGARMALA SCHEME SH 2 HAVERI YEKAMBI SH 69 YEKAMBI KUMTA,Ministry Of Road Transport And Highways (State Pwds),,,2022-03-01,2024-03-01,2024-03-01,294.62,294.62,,,,,,,on_schedule,271
2023-04-01,N24001285,305,2 LANING OF KOHIMA - JESSAMI SECTION (PACKAGE IV),Ahmedabad Metro Rail,NHIDCL,NAGALAND,2020-03-01,2021-12-01,2023-03-01,330.78,,,,,2022-12-01,,,without_doc,415
2023-04-01,N22000485,306,ANUPPUR-KATNI,Central Railways,SECR,MADHYA PRADESH,2015-04-01,2021-12-01,2025-03-01,1370,1680,1098.65,,,2023-12-01,,,delayed,332
2023-04-01,N24001571,306,DELHI-VADODARA GREENFIELD ALIGNMENT (NH-148N) (PKG- 13) (CH. 359.170 TO CH. 388.420) [JUNCTION WITH S,Ministry Of Road Transport And Highways (State Pwds),,,2019-11-01,2023-12-01,2023-12-01,1341.36,1341.36,51.62,,,,,,on_schedule,271
2023-04-01,N24001312,306,2-LANING OF CHURACHANDPUR TUIVAI SECTION OF NH-102B (1A PACKAGES),Ahmedabad Metro Rail,NHIDCL,MANIPUR,2020-03-01,2022-06-01,2023-03-01,167.95,,,,,,,,without_doc,415
2023-04-01,N22000480,307,WADSA-GADHCHIROLI NEW LINE (52.36 KM),Central Railways,SECR,MAHARASHTR A South Eastern Railway,2018-06-01,2021-12-01,2025-12-01,229,1096,148.31,,,,,,delayed,332
2023-04-01,N24001443,307,CONSTRUCTION OF FOUR LANE EXPRESSWAY FROM START OF SARDAR PATEL RING ROAD TO SINDHREJ VILLAGE (CH. 0,Ministry Of Road Transport And Highways (State Pwds),,,2020-05-01,2024-03-01,2024-03-01,690.3,690.3,208.59,,,,,,on_schedule,271
2023-04-01,N24001315,307,TADADEGE - HENKAR,Ahmedabad Metro Rail,NHIDCL,ARUNACHAL PRADESH,2021-02-01,2023-03-01,2023-03-01,550.45,,,,,,,,without_doc,415
2023-04-01,N22000509,308,TALGARIA TO BOKARO N/CABIN DOUBLING(38 KM),Central Railways,SER,JHARKHAND,2018-04-01,2021-12-01,2023-06-01,390.39,513.92,390.47,,,,,,delayed,332
2023-04-01,N24001610,308,4L OF EXISTING 2/4L STRETCH FROM LONAND TO DIVE GHAT (KM 166.400 TO KM 220.900 ) OF MOHOL – ALANDI S,Ministry Of Road Transport And Highways (State Pwds),,,2022-01-01,2024-05-01,2024-05-01,1833.73,1833.73,67.25,,,2024-05-01,,,on_schedule,271
2023-04-01,N24001331,308,2-LANING FROM YAINGANGPOKPI TO FINCH CORNER (PKG-I),Ahmedabad Metro Rail,NHIDCL,ASSAM 412,2020-03-01,2022-06-01,2023-03-01,261.13,,,,,,,,without_doc,415
2023-04-01,N22000396,309,BONDAMUNDA RANCHI DOUBLING,Central Railways,SER,JHARKHAND,2016-03-01,2021-03-01,2024-01-01,1724.2,1726.09,1609.13,,,,,,delayed,332
2023-04-01,N24001619,309,CORRIDOR EFFICIENCY IMPROVEMENT INCLUDING REMOVAL OF BLACK SPOTS IN LAKHANPUR - SAMBA SECTION OF NH-,Ministry Of Road Transport And Highways (State Pwds),,,2022-08-01,2024-06-01,2024-06-01,200.05,200.05,,,200,,,,on_schedule,271
2023-04-01,N24001390,309,JORAM – KOLORIANG ROAD FROM EXISTING KM 50.050 TO KM 70.00 (PKG-3),Ahmedabad Metro Rail,NHIDCL,ARUNACHAL PRADESH,2020-08-01,2022-04-01,2023-03-01,228.71,,,,,2023-03-01,,,without_doc,416
2023-04-01,N22000510,310,PURULIA TO KOTSHILA DOUBLING (39.1 KM),Central Railways,SER,WEST BENGAL,2018-04-01,2022-06-01,2024-01-01,338,393.83,57.98,,,,,,delayed,332
2023-04-01,N24001681,310,TUMKUR - NELAMANGALA(6L),Ministry Of Road Transport And Highways (State Pwds),,,2022-08-01,2025-08-01,2025-08-01,2032.15,2032.15,45.99,,1351,,,,on_schedule,271
2023-04-01,N24001391,310,JORAM – KOLORIANG ROAD FROM EXISTING KM 70.00 TO KM 88.700 (PKG-4),Ahmedabad Metro Rail,NHIDCL,ARUNACHAL PRADESH,2020-08-01,2022-04-01,2023-03-01,294.04,,,,,2023-03-01,,,without_doc,416
2023-04-01,N22000508,311,LODHMA TO PISKA LINK LINE BY PASSING HATIA/RANCHI WITH Y CONNECTION (17.2 KM),Central Railways,SER,JHARKHAND,2018-04-01,2022-06-01,2024-03-01,428.65,472.5,235.11,,,,,,delayed,332
2023-04-01,N24001445,311,CONSTRUCTION OF FOUR LANE EXPRESSWAY FROM START OF VEJALLKA VILLAGE TO START OF DSIR ZONE OF AHMEDAB,Ministry Of Road Transport And Highways (State Pwds),,,2020-05-01,2023-07-01,2023-07-01,691.52,691.52,219.86,,,,,,on_schedule,271
2023-04-01,N24001392,311,JORAM – KOLORIANG ROAD FROM EXISTING KM104.850 TO KM 122.60 (PKG-6),Ahmedabad Metro Rail,NHIDCL,ARUNACHAL PRADESH,2020-08-01,2022-04-01,2023-03-01,199.03,,,,,2023-03-01,,,without_doc,416
2023-04-01,N22000506,312,NARAYANGARH TO BHADRAK 3RD LINE (155 KM),Central Railways,SER,MULTI STATE South Western Railway,2019-03-01,2023-05-01,2024-12-01,1866.31,1866.31,1000.06,,,,,,delayed,332
2023-04-01,N24001515,312,DELHI VADODARA GREENFIELD ALIGNMENT SECTION OF NH 148N PACKAGE 26,Ministry Of Road Transport And Highways (State Pwds),,,2020-09-01,2024-02-01,2024-02-01,1542.02,1542.02,265.5,,,,,,on_schedule,271
2023-04-01,N24001398,312,MARIAM - PEREN (PKG 2A),Ahmedabad Metro Rail,NHIDCL,MANIPUR,2021-07-01,2023-03-01,2023-03-01,204.58,,,,,,,,without_doc,416
2023-04-01,N22000333,313,HOTGI-KUDGI-GADAG,Central Railways,SWR,MULTI STATE,2015-03-01,2019-03-01,2024-12-01,1614.59,1878,1845.26,,,,,,delayed,332
2023-04-01,N24001502,313,4L OF BARAMATI TO INDAPUR (PKG-II) FROM KM. 41.400 TO KM. 84.550 OF NH-965G (SAINT TUKARAM MARG),Ministry Of Road Transport And Highways (State Pwds),,,2021-09-01,2023-09-01,2023-09-01,624.45,625.39,270.11,,,2023-09-01,,,on_schedule,271
2023-04-01,N24001402,313,TAMENGLONG - MAHUR PKG-1,Ahmedabad Metro Rail,NHIDCL,MANIPUR,2021-07-01,2023-03-01,2023-03-01,185.8,,,,,,,,without_doc,416
2023-04-01,N22000308,314,MARIKUPPAM - KUPPAM,Central Railways,SWR,KARNATAKA,2012-04-01,2016-03-01,2025-05-01,279.54,279.54,37.21,,,,Out of 99.71 Ha of land in,,delayed,332
2023-04-01,N24001532,314,"CONSTRUCTION OF 4-LANE NH-344P-PACKAGE-4 (FROM KM 0+000 TO KM 29+600, 29.6KM), STARTING FROM BAWANA",Ministry Of Road Transport And Highways (State Pwds),,,2021-11-01,2023-11-01,2023-11-01,694,694,998.08,,,2023-11-01,,,on_schedule,271
2023-04-01,N24001403,314,TAMENGLONG - MAHUR PKG-2,Ahmedabad Metro Rail,NHIDCL,MANIPUR,2021-07-01,2023-03-01,2023-03-01,483.87,,,,,,,,without_doc,416
2023-04-01,N22000299,315,GADAG-WADI NL,Central Railways,SWR,KARNATAKA,2013-04-01,2018-12-01,2025-06-01,2841.84,2841.84,627.83,,,,Out of 1614.01 Ha of land,,delayed,332
2023-04-01,N24001566,315,DELHI-VADODARA GREENFIELD ALIGNMENT (NH-148N) (PKG- 11) (CH. 319.400 TO CH. 331.030) [HARDEOGANJ VILL,Ministry Of Road Transport And Highways (State Pwds),,,2019-11-01,2023-05-01,2023-05-01,1640.1,1640.1,44.06,,,,,,on_schedule,271
2023-04-01,N24001407,315,PEREN-DIMAPUR PKG-5,Ahmedabad Metro Rail,NHIDCL,NAGALAND,2021-02-01,2023-03-01,2023-03-01,207.33,,,,,,,,without_doc,416
2023-04-01,N22000278,316,SHIMOGA-HARIHAR NL,Central Railways,SWR,KARNATAKA,2011-04-01,2016-03-01,2026-03-01,832.47,832.47,0.94,,,,GoK have not initiated land,,delayed,333
2023-04-01,N24001726,316,4L SPUR OF SHAMLI-MUZZAFARNAGAR CONNECTING NH- 709AD (PANIPAT-SHAMLI-MUZAFFARNAGAR) AND NH-58 (MEERUT,Ministry Of Road Transport And Highways (State Pwds),,,2023-01-01,2024-08-01,2024-08-01,391.26,391.26,,,,,,,on_schedule,271
2023-04-01,N24000821,316,RECONSTRUCTION WITH GEOMETRIC IMPROVEMENT OF EXISTING 2 LANE/INTERMEDIATE LANE TO 2LANE WITH PAVED S,Ahmedabad Metro Rail,NHIDCL,A & N ISLANDS,2017-11-01,2019-11-01,,257.34,,,,,,,,without_doc,416
2023-04-01,N22000486,317,KADUR CHIKMAGALUR SAKLESHPUR NEW LINE (93 KM),Central Railways,SWR,KARNATAKA,1996-03-01,2017-03-01,2026-03-01,644.78,826.18,499.18,,889,,Out of 133.28 Ha of land,,delayed,333
2023-04-01,N24001648,317,CONSTRUCTION OF 6 LANE ELEVATED CORRIDOR ALONG WITH DEVELOPMENT OF EXISTING 4 LANE ROAD AT GROUND LE,Ministry Of Road Transport And Highways (State Pwds),,,2022-08-01,2026-01-01,2026-01-01,2429.52,2429.52,,,,,,,on_schedule,272
2023-04-01,N24001275,317,IMPROVEMENT/UPGRADATION OF EXISTING 2-LANE TO 4-LANE DIVIDED HIGHWAY FROM DAILI TO KURAOPOKPI SECTIO,Ahmedabad Metro Rail,NHIDCL,MANIPUR,2020-08-01,2022-04-01,,268.98,,,,,,,,without_doc,416
2023-04-01,N22000258,318,BAGALKOT-KUDACHI NL,Central Railways,SWR,KARNATAKA Southern Railway,2010-04-01,2016-03-01,2026-12-01,986.3,1654.64,339.05,,1378,,Out of 1001.73 Ha of land,,delayed,333
2023-04-01,N24001523,318,6L ACCESS-CONTROLLED HIGHWAY FROM (GANESHPUR) TO(NEAR MOHAND) OF GANESHPUR – DEHRADUN SECTION FROM K,Ministry Of Road Transport And Highways (State Pwds),,,2021-03-01,2023-10-01,2023-10-01,836.24,836.24,231.33,,,2023-10-01,,,on_schedule,272
2023-04-01,N24001276,318,IMPROVEMENT/UPGRADATION OF EXISTING 2-LANE TO 4-LANE DIVIDED HIGHWAY FROM KURAOPOKPI TO SEKMAI SECTI,Ahmedabad Metro Rail,NHIDCL,MANIPUR National Highways Authority Of India,2020-08-01,2022-04-01,,228.97,,,,,,,,without_doc,416
2023-04-01,N22000079,319,MAYLADUTHURAI-THIRUVARUR- KARAIKUDI-THIRU 'PONDI'- AGASTIYAMPALLI,Central Railways,SR,TAMIL NADU,2007-09-01,2019-02-01,2025-03-01,724.69,3118.34,1856.26,,,,,,delayed,333
2023-04-01,N24001560,319,SANGARIYA (NEAR CHAUTALA)-RASISAR (NEAR BIKANER) (PHASE-I) (AJ/SR-PACKAGE-2),Ministry Of Road Transport And Highways (State Pwds),,,2019-02-01,2023-10-01,2023-10-01,755.16,755.16,7.15,,,,,,on_schedule,272
2023-04-01,N24000722,319,CONSTRUCTION OF NH-24 4-LANE BYPASS STARTING FROM KM 479.500 OF NH-24 AND TERMINATING AT KM 17.600 O,Ahmedabad Metro Rail,NHAI,UTTAR PRADESH,2017-12-01,2019-07-01,2023-03-01,305,,,,,2023-03-01,,,without_doc,416
2023-04-01,N22000215,320,MADURAI-TUTICORIN VIA ARUPPUKKOTTAI,Central Railways,SR,MULTI STATE West Central Railway,2011-04-01,2019-03-01,2027-12-01,120.7,2053.39,325.28,,,2027-12-01,,,delayed,333
2023-04-01,N24001683,320,AURAD - BIDAR KM 0.00 TO KM 45.878,Ministry Of Road Transport And Highways (State Pwds),,,2021-09-01,2023-04-01,2023-04-01,912.37,912.37,,,,,,,on_schedule,272
2023-04-01,N24001487,320,BALANCE WORK UNDER PHASE-I FOR 4L OF KHED SINNER SECTION COMPRISING OF THE STRETCHES (I) KHED BYPASS,Ahmedabad Metro Rail,NHAI,MAHARASHTRA,2020-10-01,2022-10-01,2023-03-01,169.83,,,,,2023-03-01,,,without_doc,416
2023-04-01,N22000415,321,KATNI-BINA 3RD LINE (263 KM),Central Railways,WCR,MADHYA PRADESH,2016-06-01,2022-03-01,2024-06-01,2478.23,2938,1596.7,,2938,,,,delayed,333
2023-04-01,N24001642,321,FOUR LANING OF AMRITSAR BYPASS FROM NEW TARN TARAN ROAD TO AJNALA ROAD FROM DESIGN KM. 0.750 TO DESI,Ministry Of Road Transport And Highways (State Pwds),,,2021-02-01,2024-08-01,2024-08-01,1474.77,1474.77,92.6,,,,,,on_schedule,272
2023-04-01,N24001577,321,DELHI-VADODARA GREENFIELD ALIGNMENT (NH-148N) (PKG-08) (CH. 214.260 - CH. 247.31) [START OF ROB NEAR,Ahmedabad Metro Rail,NHAI,RAJASTHAN,2019-11-01,2022-11-01,2023-03-01,1297.25,,,,,,,,without_doc,416
2023-04-01,N22000416,322,KATNI GRADE SEPARATOR/BYE PASS,Central Railways,WCR,MADHYA PRADESH,2016-08-01,2022-03-01,2024-09-01,582.13,1247.64,626.59,,,,,,delayed,333
2023-04-01,N24001712,322,FOUR LANING OF PARARIA TO MOHANIA SECTION OF NH 319 (OLD NH 30) FROM KM. 54+530 (DESIGN CHAINAGE) TO,Ministry Of Road Transport And Highways (State Pwds),,,2020-08-01,2023-07-01,2023-07-01,690,690,569.04,,,,,,on_schedule,272
2023-04-01,N24001573,322,DELHI-VADODARA GREENFIELD ALIGNMENT (NH-148N) (PKG-09) (CH. 247.310 TO CH. 292.950) [JUNCTION WITH M,Ahmedabad Metro Rail,NHAI,RAJASTHAN,2019-11-01,2022-12-01,,1658.06,,,,,2023-06-01,,,without_doc,416
2023-04-01,N22000351,323,KATNI - SINGRAULI DOUBLING PROJECT,Central Railways,WCR,MADHYA PRADESH,2015-12-01,2020-03-01,2024-10-01,1763.93,2445.3,1946.11,,2445.3,,,,delayed,333
2023-04-01,N24001420,323,DELHI-AMRITSAR-KATRA EXPRESSWAY (PHASE-I PKG-XII) FROM JUNCTION WITH AMRITSAR-MEHTA- SRIHARGOBINDPUR-,Ministry Of Road Transport And Highways (State Pwds),,,2021-02-01,2024-04-01,2024-04-01,853.66,853.66,,,,,,,on_schedule,272
2023-04-01,N24001579,323,SANGARIYA (NEAR CHAUTALA)-RASISAR (NEAR BIKANER) (PHASE-I) (AJ/SR-PACKAGE-6),Ahmedabad Metro Rail,NHAI,RAJASTHAN,2019-02-01,2022-10-01,,635.84,,,,,,,,without_doc,416
2023-04-01,220100232,324,"LALITPUR-SATNA-REWA- SINGRULI NL, (NCR)",Central Railways,WCR,MULTI STATE,1998-09-01,2008-05-01,2025-03-01,247.66,8248.5,2427.33,,,,,,delayed,333
2023-04-01,N24001503,324,4L OF INDAPUR TO TONDLE (PKG-III) FROM KM.84.550 TO KM. 131.00 OF NH-965G (SAINT TUKARAM MARG),Ministry Of Road Transport And Highways (State Pwds),,,2021-09-01,2023-09-01,2023-09-01,667.66,666.21,278.12,,,2023-09-01,,,on_schedule,272
2023-04-01,N24001580,324,SANGARIYA (NEAR CHAUTALA)-RASISAR (NEAR BIKANER) (PHASE-I) (AJ/SR-PACKAGE-3),Ahmedabad Metro Rail,NHAI,RAJASTHAN,2019-02-01,2022-10-01,,672.72,,,,,,,,without_doc,416
2023-04-01,220100314,325,"RAMGANJMUNDI-BHOPAL (NL),WCR",Central Railways,WCR,MADHYA PRADESH Western Railway,2001-04-01,2021-03-01,2025-12-01,424.6,3032.46,1889.8,,2909.99,2025-12-01,,,delayed,333
2023-04-01,N24001699,325,CONSTRUCTION OF 4 LANE ELEVATED SECTION AND AT- GRADE IMPROVEMENTS AT BEGUSARAI TOWN SECTION OF NH-3,Ministry Of Road Transport And Highways (State Pwds),,,2022-03-01,2024-12-01,2024-12-01,312.58,312.58,21.06,,,,,,on_schedule,272
2023-04-01,N24001581,325,SANGARIYA (NEAR CHAUTALA)-RASISAR (NEAR BIKANER) (PHASE-I) (AJ/SR-PACKAGE-5),Ahmedabad Metro Rail,NHAI,RAJASTHAN,2019-02-01,2022-10-01,,515.45,,,,,,,,without_doc,416
2023-04-01,N22000493,326,INDORE-DEWAS-UJJAIN (80 KMS),Central Railways,WR,MADHYA PRADESH,2016-04-01,2020-06-01,2023-10-01,700,603.69,540.87,,,2023-10-01,,,delayed,334
2023-04-01,N24001635,326,4 LANING OF JAGADHRI TAJEWALA ROAD SECTION OF NH 907 (OLD NH 73A) UNDER NH(O) (PKG 1) IN THE STATE O,Ministry Of Road Transport And Highways (State Pwds),,,2022-03-01,2025-02-01,2025-02-01,1269.5,1269.5,,,,,,,on_schedule,272
2023-04-01,N24001607,326,BALANCE WORKS OF 4L PANVEL-INDAPUR SECTION OF NH-66 (OLD NH-17) FROM KM 42.300 (KASU) TO KM 84.600 (,Ahmedabad Metro Rail,NHAI,MAHARASHTRA,2022-10-01,2024-05-01,,332,,,,,,,,without_doc,416
2023-04-01,N22000121,327,AHMEDABAD-HIMMATNAGAR- UDAIPUR (WR),Central Railways,WR,GUJARAT,2008-04-01,2020-03-01,2024-03-01,829.74,2482.38,2228.48,,1631.75,2024-03-01,,,delayed,334
2023-04-01,N24001511,327,CONSTRUCTION OF FOUR LANE RINGROAD BYPASS SRINAGAR CITY,Ministry Of Road Transport And Highways (State Pwds),,,2021-03-01,2024-02-01,2024-02-01,2919.96,2919.96,1574.02,,,2024-02-01,,,on_schedule,272
2023-04-01,N24001608,327,VADODARA MUMBAI EXPRESSWAY (PHASE II - PKG XVII) [KM. 69.800 TO KM. 79.783 OF SPUR] (BHOJ - MORBE),Ahmedabad Metro Rail,NHAI,MAHARASHTRA,2021-09-01,2025-07-01,,2208.68,,,,,,,,without_doc,416
2023-04-01,N22000123,328,BHUJ-NALIYA(GC) WITH EXTENSION FROM NALIYA TO VAYOR (WR),Central Railways,WR,GUJARAT,2008-04-01,2012-03-01,2024-03-01,318.24,1086.43,126.4,,,2024-03-01,,,delayed,334
2023-04-01,N24001562,328,SANGARIYA (NEAR CHAUTALA)-RASISAR (NEAR BIKANER) (PHASE-I) (AJ/SR-PACKAGE-1),Ministry Of Road Transport And Highways (State Pwds),,,2019-02-01,2023-10-01,2023-10-01,738.9,738.9,,,,,,,on_schedule,272
2023-04-01,N24001609,328,BALANCE WORK OF 4 LANING OF PANVEL TO INDAPUR SECTION OF NH-66(OLD NH- 17) FROM KM 0.000 (PANVEL) TO,Ahmedabad Metro Rail,NHAI,MAHARASHTRA,2023-01-01,2023-12-01,,151.26,,,,,,,,without_doc,416
2023-04-01,N22000504,329,ANAND GODHRA DOUBLING PROJECT 79 KMS,Central Railways,WR,GUJARAT,2017-04-01,2020-03-01,2024-12-01,692.25,692.26,48.92,,,2024-12-01,,,delayed,334
2023-04-01,N24001735,329,6L ACCESS CONTROL GREENFIELD HIGHWAY OF VILL- KHYAWARI TO VILL-LATIFPUR AT SAHARANPUR BYPASS FROM KM,Ministry Of Road Transport And Highways (State Pwds),,,2022-03-01,2024-08-01,2024-08-01,1428.19,1428.19,,,,,,,on_schedule,272
2023-04-01,N24001614,329,4LBERKHEDI TO GODPEHRA NH-44,Ahmedabad Metro Rail,NHAI,MADHYA PRADESH,2022-02-01,2024-11-01,,524.84,,,,,,,,without_doc,417
2023-04-01,N22000505,330,MEHSANA PALANPUR DOUBLING PROJECT 65.10 KMS,Central Railways,WR,GUJARAT,2018-04-01,2024-03-01,2024-12-01,537.31,584.31,69.33,,,2024-12-01,,,delayed,334
2023-04-01,N24001561,330,DEOGARH (NEAR DHANDHANIYA)-RAJASTHAN/GUJARAT BORDER (PHASE-I) (AJ/DRGB-PACKAGE-8),Ministry Of Road Transport And Highways (State Pwds),,,2019-10-01,2023-10-01,2023-10-01,839.63,839.63,22.14,,,,,,on_schedule,272
2023-04-01,N24001615,330,4L OF SAGAR - MOHARI FROM KM.8 TO KM.50 (PKG-I),Ahmedabad Metro Rail,NHAI,MADHYA PRADESH,2021-03-01,2024-04-01,,790.78,,,,,,,,without_doc,417
2023-04-01,N22000139,331,"DAHOD-INDORE VIA SARDARPUR, JHABUA AND DHAR (NL)",Central Railways,WR,MULTI STATE,2007-04-01,2022-03-01,2025-12-01,1640.04,1873.1,1133.93,,1873.1,2026-03-01,,,delayed,334
2023-04-01,N24001679,331,6L FROM BELGAUM TO SANKESHWAR BYPASS FROM KM 515.000 TO KM 555.017 OF NH 48,Ministry Of Road Transport And Highways (State Pwds),,,2022-10-01,2025-04-01,2025-04-01,1479.3,1479.3,47.44,,,,,,on_schedule,272
2023-04-01,N24001616,331,2L PS OF SATNA - MAIHAR SECTION OF NH-135BG FROM KM 80.800 TO KM 120.125,Ahmedabad Metro Rail,NHAI,MADHYA PRADESH,2021-01-01,2023-10-01,,428.04,,,,,,,,without_doc,417
2023-04-01,N22000120,332,RATLAM-MHOW-KHANDWA- AKOLA (GC),Central Railways,WR,MADHYA PRADESH,2008-04-01,2022-03-01,2026-03-01,3503.69,5677.87,2787.43,,,2026-03-01,,,delayed,334
2023-04-01,N24001641,332,DELHI AMRITSAR KATRA EXPRESSWAY PHASE I SPUR III FROM JUNCTION WITH AMRITSAR JALANDHAR ROAD NH3 NEAR,Ministry Of Road Transport And Highways (State Pwds),,,2021-03-01,2024-10-01,2024-10-01,1641.75,1641.75,39.33,,,,,,on_schedule,272
2023-04-01,N24001625,332,6L ACCESS CONTROLLED GREENFIELD HIGHWAY OF JULEKAL VILLAGE TO DINNEDEVARAPADU VILLAGE FROM KM 242.20,Ahmedabad Metro Rail,NHAI,TELANGANA,2022-01-01,2025-01-01,,1227.57,,,,,,,,without_doc,417
2023-04-01,N22000503,333,NIMACH BADI SADRI NEW LINE PROJECT,Central Railways,WR,MADHYA PRADESH,2017-04-01,2022-03-01,2026-03-01,495.18,495.18,1.01,,495.18,2026-03-01,,,delayed,334
2023-04-01,N24001644,333,AMRITSAR AIRPORT JUNCTION RAMDAS FROM KM. 100.835 TO KM. 139.813 PKG IV,Ministry Of Road Transport And Highways (State Pwds),,,2020-12-01,2023-09-01,2023-09-01,524.88,524.88,107.18,,,,,,on_schedule,272
2023-04-01,N24001626,333,6L ACCESS CONTROLLED GREENFIELD HIGHWAY OF NANDINNE VILLAGE TO JULEKAL VILLAGE FROM KM 202.900 TO KM,Ahmedabad Metro Rail,NHAI,TELANGANA,2022-02-01,2025-01-01,,972.06,,,,,,,,without_doc,417
2023-04-01,N22000138,334,CHOTTAUDEPUR-DHAR(NL),Central Railways,WR,MULTI STATE,2007-04-01,2022-03-01,2026-12-01,1347.26,1793.63,1187.17,,1793.63,2026-12-01,,,delayed,334
2023-04-01,N24001488,334,DHARAMPURI-LONAND FROM KM. 117.00 TO 166.40 (PKG-IV) ON MOHOL-ALANDI SECTION,Ministry Of Road Transport And Highways (State Pwds),,,2021-09-01,2023-09-01,2023-09-01,618.45,618.45,304.71,,,,,,on_schedule,272
2023-04-01,N24001628,334,4/6L OF SPUR TO HARIDWAR (GREENFIELD) FROM KM. 0.000 TO KM. 49.000,Ahmedabad Metro Rail,NHAI,MULTI STATE,2021-11-01,2025-02-01,,2155.95,,,,,,,,without_doc,417
2023-04-01,N24000475,335,JABALPUR TO HIREN RIVER SECTION OF NH-12 IN MADHYA PRADESH KM 11/400 TO 66/400,Highways (State Pwds),MoRTH,MADHYA PRADESH,2015-11-01,2020-01-01,2023-04-01,628.45,628.45,467.04,,,2021-06-01,,,delayed,334
2023-04-01,N24001638,335,4L GREENFIELD A. MALOUT BYPASS FROM CH. KM 44.500 TO CH. KM 35.500 ON NH-07 AND CH. KM 0.000 TO KM 6,Ministry Of Road Transport And Highways (State Pwds),,,2021-11-01,2024-07-01,2024-07-01,646.42,646.42,158.9,,,2024-07-01,,,on_schedule,272
2023-04-01,N24001629,335,6L WITH ACCESS CONTROL PROVISION SAHARANPUR BYPASS TO GANESHPUR SECTION FROM 13.89 KM TO 41.820 KM O,Ahmedabad Metro Rail,NHAI,MULTI STATE,2022-04-01,2024-11-01,,796.65,,,,,,,,without_doc,417
2023-04-01,N24000870,336,UPGRADATION OF REWA- SIRMOUR ROAD TO 2L + PS,Highways (State Pwds),MoRTH,MADHYA PRADESH,2018-03-01,2018-03-01,2023-04-01,162.56,162.56,147.37,,,2021-10-01,,,delayed,334
2023-04-01,N24001702,336,CONSTRUCTION OF 4 LANE ELEVATED HIGHWAY AND AT- GRADE IMPROVEMENTS AT GOPALGANJ TOWN FROM DESIGN CH:,Ministry Of Road Transport And Highways (State Pwds),,,2021-12-01,2024-09-01,2024-09-01,184.9,185,59.86,,185,,,,on_schedule,273
2023-04-01,N24001632,336,CONSTRUCTION OF FOUR LANE GREENFIELD PROJECT OF DELHI-AMRITSAR-KATRA EXPRESSWAY (PHASE-I PKG-V) FROM,Ahmedabad Metro Rail,NHAI,PUNJAB,2021-01-01,2024-05-01,,1741.86,,,,,,,,without_doc,417
2023-04-01,N24000872,337,UPGRADATION OF MORENA- PORSA ROAD TO 2L + PS,Highways (State Pwds),MoRTH,MADHYA PRADESH,2018-03-01,2018-08-01,2023-04-01,166.21,174.9,155.1,,,2021-08-01,,,delayed,335
2023-04-01,N24001516,337,DELHI VADODARA GREENFIELD ALIGNMENT SECTION OF NH 148N PACKAGE 27,Ministry Of Road Transport And Highways (State Pwds),,,2020-09-01,2024-02-01,2024-02-01,1185.69,1185.69,354.04,,,,,,on_schedule,273
2023-04-01,N24001633,337,CONSTRUCTION OF FOUR LANE GREENFIELD PROJECT OF DELHI-AMRITSAR-KATRA EXPRESSWAY (PHASE-I PKG-III) F,Ahmedabad Metro Rail,NHAI,HARYANA,2020-12-01,2023-12-01,,1430.88,,,,,,,,without_doc,417
2023-04-01,N24000876,338,REHABILITATION AND UPGRADATION TO 2-LANE WITH PAVED SHOULDER CONFIGURATION OF NANDAKUMAR-CONTAI-CHAN,Highways (State Pwds),MoRTH,WEST BENGAL,2017-01-01,2019-09-01,2023-04-01,396.86,396.86,325.18,,,2022-03-01,,,delayed,335
2023-04-01,N24001546,338,6L OF KAGAL-SATARA SECTION FROM KM 592.240 TO KM 658.000 OF NH-48 (PKG-I),Ministry Of Road Transport And Highways (State Pwds),,,2023-01-01,2025-01-01,2025-01-01,1025.2,1025.2,10.41,,,,,,on_schedule,273
2023-04-01,N24001634,338,CONSTRUCTION OF FOUR LANE GREENFIELD PROJECT OF DELHI-AMRITSAR-KATRA EXPRESSWAY (PHASE-I PKG-IV) FRO,Ahmedabad Metro Rail,NHAI,HARYANA,2021-01-01,2023-12-01,,1306.95,,,,,,,,without_doc,417
2023-04-01,N24000881,339,UPGRADATION OF PACHORE- SHUJALPUR ROAD TO 2L + PS,Highways (State Pwds),MoRTH,MADHYA PRADESH,2017-11-01,2018-02-01,2023-04-01,184.62,184.62,145.45,,,2021-09-01,,,delayed,335
2023-04-01,N24001692,339,BALANCE WORKS OF FOUR LANE FROM KM 43+950 (THIRUVALLUR BYPASS) TO KM 61+470 (VEPPAMPATTU BYPASS) PAS,Ministry Of Road Transport And Highways (State Pwds),,,2022-01-01,2024-09-01,2024-09-01,467.99,468,4.16,,,,,,on_schedule,273
2023-04-01,N24001636,339,CONSTRUCTION OF FOUR/SIX LANE GREENFIELD LUDHIANA – RUPNAGAR NATIONAL HIGHWAY NO. NH-205K UNDER BHAR,Ahmedabad Metro Rail,NHAI,PUNJAB,2021-05-01,2024-12-01,,1368.91,,,,,,,,without_doc,417
2023-04-01,N24000981,340,WIDEINING TO TWO/FOUR LANE WITH PAVED SHOULDERS FROM EXISTING KM 180.60 TO KM 223.00 OF NH-63 ON NIZ,Highways (State Pwds),MoRTH,TELANGANA,2016-10-01,2019-03-01,2023-04-01,248.83,248.83,158.01,,,2023-04-01,,,delayed,335
2023-04-01,N24001649,340,SIX LANING OF PARAVOOR(DESIGN KM. 417+000) TO KOTTUKULANGARA(DESIGN KM. 454+500) SECTION OF NEW NH-6,Ministry Of Road Transport And Highways (State Pwds),,,2021-12-01,2025-02-01,2025-02-01,3273.61,3273.61,24.02,,,2025-02-01,,,on_schedule,273
2023-04-01,N24001637,340,DEVELOPMENT OF 6 LANE JALANDHAR BYPASS FROM KAHLWAN NATIONAL HIGHWAY 03 DESIGN KM 0.00 ENDING AT K,Ahmedabad Metro Rail,NHAI,PUNJAB,2021-03-01,2025-01-01,,1754.84,,,,,,,,without_doc,417
2023-04-01,N24001051,341,NALDURG TO AKKALKOT,Highways (State Pwds),MoRTH,MAHARASHT RA,2018-02-01,2019-12-01,2023-04-01,274.5,274.5,143.39,,275,,,,delayed,335
2023-04-01,N24001729,341,4L SPUR OF PANIPAT - SHAMLI CONNECTING NH-709AD (PANIPAT – SHAMLI – MUZAFFARNAGAR) AND NH-709A (KARN,Ministry Of Road Transport And Highways (State Pwds),,,2022-08-01,2024-04-01,2024-04-01,326.79,329.79,,,,,,,on_schedule,273
2023-04-01,N24001640,341,6L AMRITSAR BATHINDA GREENFIELD SECTION FROM VILLAGE TIBA ON NE 5A TO JN. WITH MOGA JALANDHAR ROAD N,Ahmedabad Metro Rail,NHAI,PUNJAB,2021-03-01,2024-11-01,,1229.38,,,,,,,,without_doc,417
2023-04-01,N24001210,342,REHABILITATION AND UPGRADATION OF EXISTING PAVEMENT TO FOUR LANE WITH PAVED SHOULDER FROM KM 135.230,Highways (State Pwds),MoRTH,UTTAR PRADESH,2018-03-01,2021-06-01,2023-04-01,306.59,306.59,238.69,,,,,,delayed,335
2023-04-01,N24001558,342,4L OF KARWAR (KM. 281.980 OF NH-62 NAGAUR ROAD) TO DANGIYAVAS OF JODHPUR RING ROAD (PKG-II),Ministry Of Road Transport And Highways (State Pwds),,,2021-11-01,2024-08-01,2024-08-01,736.75,736.75,18.01,,,,,,on_schedule,273
2023-04-01,N24001662,342,SIX LANING OF KT/KL BORDER (THALAPPDY) TO CHENGALA SECTION OF NH17 (NEW NH-66) FROM CH. 17.200 TO CH,Ahmedabad Metro Rail,NHAI,KERALA,2020-05-01,2024-05-01,,1981.07,,,,2430.53,2021-11-01,,,without_doc,417
2023-04-01,N24001224,343,REHABILITATION AND UPGRADATION OF NH 78 FROM KM 531.250 TO KM 597.946 KUNKURI TO CG JH BORDER SECTIO,Highways (State Pwds),MoRTH,CHHATISGAR H,2017-03-01,2018-01-01,2023-04-01,423.79,423.79,323.77,,,,,,delayed,335
2023-04-01,N24001627,343,4L OF TWIN TUBE TUNNEL CONFIGURATION INCLUDING APPROACHES FROM MAROG TO DIGDOL (FROM KM.154.210 TO K,Ministry Of Road Transport And Highways (State Pwds),,,2021-07-01,2025-02-01,2025-02-01,1912.17,1912.17,0.26,,,2025-02-01,,,on_schedule,273
2023-04-01,N24001663,343,SIX LANING OF NEELESHWARAM TO THALIPARAMBHA SECTION FROM CH. 94+540 (EXISTING KM 96+450) TO CH. 134+,Ahmedabad Metro Rail,NHAI,KERALA,2020-06-01,2024-04-01,,3041.65,,,,3799.76,2021-10-01,,,without_doc,417
2023-04-01,N24000331,344,CONSTRUCTION OF RING ROAD FOR RAEBARELI CITY (PHASE - I) ON EASTERN SIDE OF NH 24B,Highways (State Pwds),MoRTH,UTTAR PRADESH,2019-12-01,2022-04-01,2023-05-01,282.41,319.96,236.21,,,,,,delayed,335
2023-04-01,N24001754,344,SPUR OF MEERUT-GARH-MUKTESHWAR SECTION(NH-709A) CONNECTING NH-119 AND NH-58 BYPASSING MEERUT TOWN,Ministry Of Road Transport And Highways (State Pwds),,,2022-01-01,2024-10-01,2024-10-01,953.79,953.79,,,,,,,on_schedule,273
2023-04-01,N24001664,344,SIX LANING OF CHENGALA TO NEELESHWARAM SECTION OF NH- 17 (NEW NH-66) FROM CH. 56+200 (EXISTING KM 57+,Ahmedabad Metro Rail,NHAI,KERALA,2020-06-01,2024-04-01,,1746.45,,,,2377.88,2021-10-01,,,without_doc,417
2023-04-01,N24000334,345,STRENGTHENING AND WIDENING TO TWO LANE WITH PAVED SHOULDERS FROM KM.106.00 TO 153.00 OF NH-218 BIJAP,Highways (State Pwds),MoRTH,KARNATAKA,2015-03-01,2015-11-01,2023-05-01,165.67,165.67,124,,,2023-05-01,,,delayed,335
2023-04-01,N24001446,345,CONSTRUCTION OF FOUR LANE EXPRESSWAY FROM START OF DSIR ZONE OF AHMEDABAD DISTRICT TO ADHELAI VILLAG,Ministry Of Road Transport And Highways (State Pwds),,,2020-05-01,2023-12-01,2023-12-01,894,894,330.49,,,,,,on_schedule,273
2023-04-01,N24001669,345,6L OF DHANARA - HATIBENA SECTION FROM KM 124.611 TO KM 146.50 OF NH-130-CD (PACKAGE – OD-1),Ahmedabad Metro Rail,NHAI,ODISHA,2021-02-01,2024-03-01,,586,,,,,,,,without_doc,417
2023-04-01,N24000576,346,"ENGINEERING, PROCUREMENT, AND CONSTRUCTION OF REHABILITATION AND UPGRADING TO 2-LANES/2 - LANE WITH P",Highways (State Pwds),MoRTH,BIHAR,2016-02-01,2016-05-01,2023-05-01,178.85,225.06,186.41,,225.06,2023-05-01,,,delayed,336
2023-04-01,N24001518,346,DELHI VADODARA GREENFIELD ALIGNMENT SECTION OF NH 148N PACKAGE 30,Ministry Of Road Transport And Highways (State Pwds),,,2019-11-01,2023-09-01,2023-09-01,1669.56,1669.56,485.16,,,,,,on_schedule,273
2023-04-01,N24001670,346,6L OF KARKI – KALIAGURA SECTION FROM KM 226.500 TO KM 249.000 OF NH-130-CD (PACKAGE – OD-4),Ahmedabad Metro Rail,NHAI,ODISHA,2021-02-01,2024-03-01,,593,,,,,,,,without_doc,417
2023-04-01,N24000891,347,UPGRADATION OF DABOH-UP BORDER ROAD TO 2L + PS,Highways (State Pwds),MoRTH,MADHYA PRADESH,2018-03-01,2018-03-01,2023-05-01,233.04,233.04,190.37,,,2021-10-01,,,delayed,336
2023-04-01,N24001734,347,6L ACCESS CONTROL GREENFIELD HIGHWAY OF VILL- LOHADDA TO VILL-KARAUNDA MAHAJAN FROM KM. 27.000 TO KM.,Ministry Of Road Transport And Highways (State Pwds),,,2022-03-01,2024-08-01,2024-08-01,1335.45,1335.45,,,,,,,on_schedule,273
2023-04-01,N24001676,347,6L OF MH/KN BORDER (NIMBAL VILLAGE) TO KN/TS BORDER (SINGNODI VILLAGE) FROM KM. 26.000 TO KM. 97.000,Ahmedabad Metro Rail,NHAI,KARNATAKA 414,2022-12-01,2025-06-01,,2718.46,,,,,,,,without_doc,417
2023-04-01,N24000907,348,WIDENING AND PAVED SHOULDER OF TOHANA (IN HARYANA) PUNJAB/HARYANA BORDER TO MOONAK-JAKHAL- BUDHLADA,Highways (State Pwds),MoRTH,PUNJAB,2018-03-01,2020-08-01,2023-05-01,293.1,293.1,291.03,,341.84,,Delay due to approval of,,delayed,336
2023-04-01,N24001489,348,4L OF EXISTING 2/4L STRETCH FROM LONAND TO DIVE GHAT (KM 166.400 TO KM 220.900 ) OF MOHOL – ALANDI S,Ministry Of Road Transport And Highways (State Pwds),,,2022-05-01,2024-05-01,2024-05-01,519.93,519.93,47.15,,,,,,on_schedule,273
2023-04-01,N24001677,348,BALANCE WORK OF 2L PS FROM KM 30.800 TO 70.800 AND 2L WITH RIGID CARRIAGEWAY FROM 70.800 TO KM 84.12,Ahmedabad Metro Rail,NHAI,KARNATAKA,2022-11-01,2024-05-01,,226.76,,,,,,,,without_doc,418
2023-04-01,N24000994,349,CONSTRUCTION OF SIX LANE ELEVATED CORRIDOR FROM KM.7.950 (UPPAL) TO KM.14.200 OF NH-163 TO DE-CONGES,Highways (State Pwds),MoRTH,TELANGANA,2018-03-01,2020-07-01,2023-05-01,626.76,626.76,240.14,,,,,,delayed,336
2023-04-01,N24001547,349,BALANCE WORK OF 4L OF NARIMBANGLO–JATINGA JUNCTION- HARANGAJO ROAD SECTION FROM KM 0.000 TO KM 49.23,Ministry Of Road Transport And Highways (State Pwds),,,2022-03-01,2026-01-01,2026-01-01,1909.98,1909.98,8.39,,,,,,on_schedule,273
2023-04-01,N24001689,349,CONSTRUCTION OF 4 LANE BANGALORE - CHENNAI EXPRESSWAY FROM KM 26.400 TO KM 53.500 SECTION OF NE-7 (M,Ahmedabad Metro Rail,NHAI,KARNATAKA,2020-12-01,2023-09-01,,1745,,,,,,,,without_doc,418
2023-04-01,N24001156,350,WIDENING TO TWO LANE WITH PAVED SHOULDER FROM KM 544.200 TO KM 594.000 OF NH- 150A HOSMANE CROSS – PA,Highways (State Pwds),MoRTH,KARNATAKA,2017-01-01,2017-09-01,2023-05-01,166.67,264.34,190.38,,,2023-05-01,,,delayed,336
2023-04-01,N24001557,350,4L GREENFIELD SPUR FROM DELHI-VADODARA GREENFIELD EXPRESSWAY NEAR BANDIKUI TO JAIPUR,Ministry Of Road Transport And Highways (State Pwds),,,2022-03-01,2024-11-01,2024-11-01,1636.15,1636.15,30.83,,,,,,on_schedule,273
2023-04-01,N24001693,350,FOUR LANING OF NERALURU TO THORAPALLI AGRAHARAM SECTION OF NH-844 (PKG-I) FROM KM.0+000 TO KM.23+350,Ahmedabad Metro Rail,NHAI,TAMIL NADU,2021-09-01,2024-10-01,,1751.18,,,,,,,,without_doc,418
2023-04-01,N24001157,351,IMPROVEMENTS AND RECONSTRUCTION TO TWO LANE WITH PAVED SHOULDERS FROM KM 243.20 TO KM 290.20 OF NH,Highways (State Pwds),MoRTH,KARNATAKA,2016-08-01,2017-02-01,2023-05-01,175.5,241.6,173.02,,,2023-05-01,,,delayed,336
2023-04-01,N24001593,351,DEVELOPMENT OF SIX LANE JHANKI SARGI OF NH 130 CD FROM KM.0+000 TO 42+800 UNDER RAIPUR VISAKHAPATTNA,Ministry Of Road Transport And Highways (State Pwds),,,2021-11-01,2024-09-01,2024-09-01,1368.19,1368.19,491.04,,,,,,on_schedule,273
2023-04-01,N24001696,351,FOUR LANING OF JITTANDAHALLI TO DHARMAPURI SECTION OF NH-844 (PKG-III) FROM KM.60+100 TO KM.94+460,Ahmedabad Metro Rail,NHAI,TAMIL NADU,2019-02-01,2023-08-01,,1291.37,,,,,,,,without_doc,418
2023-04-01,N24001165,352,WIDENING TO 2 LANE WITH PAVED SHOULDERS FROM KM 34.00 TO 70.900 OF NH-150 UNDER EPC MODE IN THE STAT,Highways (State Pwds),MoRTH,KARNATAKA,2016-11-01,2017-03-01,2023-05-01,314.9,314.9,225.07,,,2023-05-01,,,delayed,336
2023-04-01,N24001630,352,4/6L GREENFIELD LUDHIANA RUPNAGAR HIGHWAY FROM JUNCTION WITH NE 05 VILLAGR NEAR TO MANEWAL (LUDHIANA,Ministry Of Road Transport And Highways (State Pwds),,,2021-07-01,2025-02-01,2025-02-01,1501.02,1501.02,3,,,,,,on_schedule,273
2023-04-01,N28000084,352,CHENNAI METRO RAIL LTD (PHASE 1),Chennai Metro Rail Ltd,CMRL,TAMIL NADU,2009-02-01,2015-12-01,2015-12-01,14600,,,,,,,,without_doc,418
2023-04-01,N24001166,353,WIDENING TWO LANE WITH PAVED SHOULDERS FROM FROM KM.56.00 TO 106.00 OF NH-218 (218-KNT-2014-15-775),Highways (State Pwds),MoRTH,KARNATAKA,2015-03-01,2016-01-01,2023-05-01,159.12,159.12,127.27,,,2023-05-01,,,delayed,336
2023-04-01,N24001498,353,4L OF AHMEDNAGAR - MIRAJGAON - KARMALA - TEMBHURNI (PKG-I) [AHMEDNAGAR TO GHOGARGAON] FROM KM. 0.00,Ministry Of Road Transport And Highways (State Pwds),,,2021-12-01,2023-12-01,2023-12-01,605,605,439.31,,,,,,on_schedule,273
2023-04-01,N28000097,353,CHENNAI METRO RAIL LTD (PHASE 1 EXT),Chennai Metro Rail Ltd,CMRL,TAMIL NADU Delhi Metro Rail Corporation,2016-06-01,2018-03-01,2021-02-01,3770,,,,,2021-02-01,,,without_doc,418
2023-04-01,N24001168,354,ESTIMATE FOR WIDENING TWO LANE TO FOUR LANE FROM FROM KM.129.00 TO 144.00 OF NH-63 ANKOLA-GOOTY SECT,Highways (State Pwds),MoRTH,KARNATAKA,2018-05-01,2018-05-01,2023-05-01,171.6,171.6,88.43,,,,,,delayed,336
2023-04-01,N24001495,354,4L OF RATNAGIRI - KOLHAPUR SECTION OF NH-166 FROM KM 0.000 TO KM 19.769 AND KM 31.000 TO KM 67.140 (,Ministry Of Road Transport And Highways (State Pwds),,,2022-11-01,2024-11-01,2024-11-01,930,930,8.39,,,,,,on_schedule,274
2023-04-01,N28000056,354,DELHI MRTS PHASE-III,Chennai Metro Rail Ltd,DMRC,DELHI,2011-09-01,2016-03-01,,38585,,,,,2021-08-01,,,without_doc,418
2023-04-01,N24001180,355,WIDENING OF EXISTING SINGLE/INTERMEDIATE LANE ROAD TO 2 LANE ROAD FROM KM. 83.00 TO KM 101.00 ON NH-,Highways (State Pwds),MoRTH,NAGALAND,2019-03-01,2022-12-01,2023-05-01,237.51,237.51,200.01,,,,,,delayed,337
2023-04-01,N24001506,355,VADODARA MUMBAI EXPRESSWAY (PHASE II - PKG XIII) [KM. 26.582 TO KM. 50.700] (SHIRSAD - MASVAN),Ministry Of Road Transport And Highways (State Pwds),,,2022-02-01,2024-02-01,2024-02-01,2747,2747,434.86,,,,,,on_schedule,274
2023-04-01,N28000136,355,DELHI METRO RAIL EXTENSION FROM NAJAFGARH TO DHANSA BUS STAND,Chennai Metro Rail Ltd,DMRC,DELHI Kochi Metro Rail Corporation Ltd,2017-05-01,2020-12-01,,565,,,,,2021-09-01,,,without_doc,418
2023-04-01,N24001198,356,CONSTRUCTION TO TWO LANE WITH PAVED SHOULDERS WITH FLEXIBLE PAVEMENT ON KHALGHAT TO SARWARDEWLA ROAD,Highways (State Pwds),MoRTH,MADHYA PRADESH,2019-01-01,2021-03-01,2023-05-01,264.5,264.5,219.21,,,2022-11-01,,,delayed,337
2023-04-01,N24001482,356,KHAMMAM-DEVARAPALLE PKG I [4L ACCESS CONTROLLED (GREENFIELD) FROM THALLAMPADU VILLAGE TO SOMAVARAM,Ministry Of Road Transport And Highways (State Pwds),,,2022-08-01,2024-10-01,2024-10-01,772.11,772.11,164.19,,,,,,on_schedule,274
2023-04-01,N28000081,356,KOCHI METRO RAIL PROJECT,Chennai Metro Rail Ltd,KMRCL,KERALA,2012-07-01,2017-07-01,2020-09-01,5181.79,,,,,2020-09-01,,,without_doc,418
2023-04-01,N24001307,357,WIDENING TO 2-LANE WITH PAVED SHOULDER IN/C GEOMETRIC IMPROVEMENT FROM KM 397.00 TO KM 422.00 ( 25 K,Highways (State Pwds),MoRTH,TRIPURA,2017-01-01,2022-12-01,2023-05-01,197.67,236.18,202.66,,,,,,delayed,337
2023-04-01,N24001497,357,AHMEDNAGAR BYPASS,Ministry Of Road Transport And Highways (State Pwds),,,2021-07-01,2023-07-01,2023-07-01,715,715,540.16,,,,,,on_schedule,274
2023-04-01,N30000043,357,SEWERAGE TREATMENT PLANT AT PAHARI PATNA,Bihar Urban Infrastructure Development Corporation Ltd,BUIDCO,BIHAR,2017-05-01,2020-11-01,2022-05-01,191.62,,,,,,,,without_doc,418
2023-04-01,N24001387,358,WIDENING TO 2-LANE WIH PAVED SHOULDER FROM KM. 544.20 TO 594.00 (HOSAMANE CROSS TO PANDAVAPURA) SECT,Highways (State Pwds),MoRTH,KARNATAKA,2017-01-01,2017-09-01,2023-05-01,264.34,264.34,190.38,,,2023-05-01,,,delayed,337
2023-04-01,N24001551,358,DELHI-AMRITSAR-KATRA EXPRESSWAY (PHASE-II PKG-XIV) FROM JUNCTION WITH PATHANKOT-GURDASPUR ROAD (NH-5,Ministry Of Road Transport And Highways (State Pwds),,,2021-10-01,2024-09-01,2024-09-01,3044.02,3044.02,203.18,,,,,,on_schedule,274
2023-04-01,N30000037,358,SEWERAGE SYSTEM WITH SEWER NETWORK PATNA BEUR,Bihar Urban Infrastructure Development Corporation Ltd,BUIDCO,BIHAR,2014-12-01,2020-03-01,2022-06-01,225.77,,,,398.9,,,,without_doc,418
2023-04-01,N24001513,359,CONSTRUCTION OF FOUR LANE PINJORE BYPASS FROM KM 0.00 TO 7.70 ON EPC MODE.,Highways (State Pwds),MoRTH,HARYANA,2016-12-01,2017-12-01,2023-05-01,170.27,170.27,98.77,,,,,,delayed,337
2023-04-01,N24001553,359,4L MEDINIPUR TO BALLUPUR FROM KM. 458.65 TO KM. 487.65 OF NH-07(PKG-2),Ministry Of Road Transport And Highways (State Pwds),,,2022-03-01,2025-02-01,2025-02-01,1092.9,1092.9,0.03,,,,,,on_schedule,274
2023-04-01,N30000039,359,SAIDPUR SEWER NETWORK PATNA,Bihar Urban Infrastructure Development Corporation Ltd,BUIDCO,BIHAR,2015-04-01,2021-01-01,2022-06-01,268.63,,,,431.21,,,,without_doc,418
2023-04-01,N24000306,360,"WIDENING TO 2 LANE, RE- ALIGNMENT AND GEOMETRIC IMPROVEMENT FROM KM 11/00 TO KM 114/618 OF NH-44A IN",Highways (State Pwds),MoRTH,MIZORAM,2010-11-01,2011-03-01,2023-06-01,624.41,992.67,1021.46,,1109.88,2023-06-01,,,delayed,337
2023-04-01,N24001505,360,VADODARA MUMBAI EXPRESSWAY (PHASE II - PKG XII) [KM. 50.700 TO KM. 77.000] (MASVAN - GANJAD),Ministry Of Road Transport And Highways (State Pwds),,,2022-03-01,2024-03-01,2024-03-01,1549.02,1549.02,248.8,,,,,,on_schedule,274
2023-04-01,N30000040,360,SEWERAGE SCHEME AT PAHARI ZONE V PATNA,Bihar Urban Infrastructure Development Corporation Ltd,BUIDCO,BIHAR,2017-05-01,2021-04-01,2023-02-01,356.37,,,,,,,,without_doc,418
2023-04-01,N24000308,361,CONSTRUCTION OF A NEW 2- LANE HIGHWAY FROM KM 71/00 TO 99/83 IN MIZORAM TO SUPPORT KALADAN MULTI MOD,Highways (State Pwds),MoRTH,MIZORAM,2010-08-01,2010-10-01,2023-06-01,193.69,327.92,364.32,,374.59,2023-06-01,,,delayed,337
2023-04-01,N24001534,361,CONSTRUCTION OF FOUR-LANE GREENFIELD DELHI- AMRITSAR-KATRA EXPRESSWAY FROM JUNCTION WITH ROHTAK-PANIP,Ministry Of Road Transport And Highways (State Pwds),,,2020-12-01,2024-01-01,2024-01-01,1334.04,1334,441.37,,,2024-01-01,,,on_schedule,274
2023-04-01,N30000026,361,SEWER NETWORK SPS AND STP BEGUSARAI,Bihar Urban Infrastructure Development Corporation Ltd,BUIDCO,BIHAR,2018-03-01,2021-07-01,2023-03-01,230.06,,,,,,,,without_doc,418
2023-04-01,N24000415,362,CONSTRUCTION OF A NEW 2- LANE HIGHWAY FROM KM 0.00 (ON NH-54 NEAR LAWNGTLAI),Highways (State Pwds),MoRTH,MIZORAM,2010-08-01,2010-10-01,2023-06-01,195.04,377.99,415.11,,434.65,2023-06-01,,,delayed,337
2023-04-01,N24001589,362,HARIHARGANJ TO PARWA MODE SECTION FROM KM 23.284 TO KM 57.049 OF NH-98,Ministry Of Road Transport And Highways (State Pwds),,,2020-09-01,2024-03-01,2024-03-01,755.26,1039,284.24,,,,,,on_schedule,274
2023-04-01,N30000028,362,I AND D AND STP AT CHAPPRA,Bihar Urban Infrastructure Development Corporation Ltd,BUIDCO,BIHAR,2018-11-01,2020-12-01,2023-03-01,236.15,,,,,,,,without_doc,418
2023-04-01,N24000892,363,2L+PS OF THIKRI ANJAD SECTION OF NH-347B,Highways (State Pwds),MoRTH,MADHYA PRADESH,2017-11-01,2018-07-01,2023-06-01,249.05,249.05,221.19,,,2021-08-01,,,delayed,337
2023-04-01,N24001507,363,VADODARA MUMBAI EXPRESSWAY (PHASE II - PKG XIV) [KM. 3.000 TO KM. 20.200 OF SPUR] (SHIRSAD - AKLOLI),Ministry Of Road Transport And Highways (State Pwds),,,2022-11-01,2024-05-01,2024-05-01,1124,1124,52.41,,,,,,on_schedule,274
2023-04-01,N30000044,363,SEWERAGE SYSTEM WITH SEWER NETWORK PATNA KARMALICHAK,Bihar Urban Infrastructure Development Corporation Ltd,BUIDCO,BIHAR Delhi Jal Board,2017-03-01,2021-05-01,2023-03-01,277.42,,,,,,,,without_doc,418
2023-04-01,N24000912,364,WIDENING TO 2LPS FROM 0/0 TO 119/0 OF NH-157 IN THE STATE OF ODISHA.,Highways (State Pwds),MoRTH,ODISHA,2016-08-01,2017-02-01,2023-06-01,287.7,287.7,191.95,,,2023-06-01,,,delayed,337
2023-04-01,N24001707,364,4 LANING OF BAHADURGANJ ARARIA SECTION FROM KM 49.000 TO KM 94.000 (PACKAGE-II) OF NH-327E,Ministry Of Road Transport And Highways (State Pwds),,,2021-03-01,2024-01-01,2024-01-01,1143.46,1143,191.78,,1143,,,,on_schedule,274
2023-04-01,N30000017,364,CONSTRUCTION OF 318 MLD WWTP WITH 10 YEARS O AND M AT CORONATION PILLAR DELHI,Bihar Urban Infrastructure Development Corporation Ltd,DJB,DELHI,2018-12-01,2021-01-01,2022-03-01,515.07,,,,,,,,without_doc,419
2023-04-01,N24000913,365,WIDENING TO 2LPS FROM 50/0 TO 140/9 OF NH-57 (SONEPUR TO MADHAPUR) IN THE STATE OF ODISHA,Highways (State Pwds),MoRTH,ODISHA,2016-09-01,2017-02-01,2023-06-01,295.67,295.67,203.61,,,2023-06-01,,,delayed,338
2023-04-01,N24001680,365,4L OF SANNUR TO BIKARNAKATTE SECTION FROM KARKALA TO MANGALORE,Ministry Of Road Transport And Highways (State Pwds),,,2021-03-01,2024-10-01,2024-10-01,1409.68,1409.68,442.56,,,,,,on_schedule,274
2023-04-01,N30000016,365,REHABILITATION AND UPGRADATION OF KONDLI PHASE I STP 45 MLD PHASE II STP 114 MLD AND PHASE III S,Bihar Urban Infrastructure Development Corporation Ltd,DJB,DELHI,2016-05-01,2022-02-01,2023-03-01,239.11,,,,,,,,without_doc,419
2023-04-01,N24000914,366,WIDENING TO 2LPS FROM 239/9 TO 294/3 OF NH-57 (NAYAGARH TO KHURDA) IN THE STATE OF ODISHA,Highways (State Pwds),MoRTH,ODISHA,2016-12-01,2018-08-01,2023-06-01,223.5,223.5,134.64,,,2023-06-01,,,delayed,338
2023-04-01,N24001748,366,SIX LANING OF NATIONAL CORRIDOR NH19 FROM PANAGARH TO PALSIT IN THE STATE OF WEST BENGAL UNDER BHARA,Ministry Of Road Transport And Highways (State Pwds),,,2021-03-01,2024-09-01,2024-09-01,2200.93,2200.93,1092.35,,,,,,on_schedule,274
2023-04-01,N30000018,366,7 NOS PRIORITIZED STPS 1 NO. SPS AND PERIPHERAL SEWERS IN COMMAND AREA OF NAJAFHARH DRAIN DHANSA TO,Bihar Urban Infrastructure Development Corporation Ltd,DJB,DELHI Kolkata Metropolitan Development Authority,2017-05-01,2020-05-01,,344.81,,,,,,,,without_doc,419
2023-04-01,N24000915,367,WIDENING TO 2LPS FROM 58/00 TO 116/10 OF NH-153B (NAKTIDEUL TO BOUDH) IN THE STATE OF ODISHA,Highways (State Pwds),MoRTH,ODISHA,2016-12-01,2018-04-01,2023-06-01,206.88,206.88,123.46,,,2023-06-01,,,delayed,338
2023-04-01,N24001732,367,"IMPROVEMENT AND UP-GRADATION OF EXISTING ROAD TO 4L PS FROM KM 229.070 TO 260.800, END OF HARDOI DIS",Ministry Of Road Transport And Highways (State Pwds),,,2021-12-01,2024-10-01,2024-10-01,540.97,540.97,30.18,,,,,,on_schedule,274
2023-04-01,N30000046,367,SEWERAGE SYSTEM AND STP WORKS AT HALISHAHR,Bihar Urban Infrastructure Development Corporation Ltd,KMDA,WEST BENGAL,2014-02-01,2019-12-01,2022-06-01,274.76,,,,,,,,without_doc,419
2023-04-01,N24000916,368,WIDENING TO 2LPS FROM 173/37 TO 229/40 OF NH-59 IN THE STATE OF ODISHA,Highways (State Pwds),MoRTH,ODISHA,2018-03-01,2018-08-01,2023-06-01,214.23,214.23,159.11,,,2023-06-01,,,delayed,338
2023-04-01,N24000714,368,CONSTRUCTION OF NEW LINK (NH-133B) FROM KM 0/00 (KM 200/87 OF SAHIBANJ BYPASS) IN JHARKHAND TO KM 15,Ministry Of Road Transport And Highways (State Pwds),,,2017-12-01,2024-10-01,2024-10-01,2598,1962.5,880.52,,,2024-10-01,,,on_schedule,274
2023-04-01,N30000047,368,SEWERAGE SYSTEM WITH SEWER NETWORK AT BARRACKPORE,Bihar Urban Infrastructure Development Corporation Ltd,KMDA,WEST BENGAL Uttar Pradesh Jal Nigam,,2020-04-01,2022-06-01,272.32,,,,,,,,without_doc,419
2023-04-01,N24000917,369,WIDENING TO 2LPS FROM 269/30 TO 328/20 OF NH-49 IN THE STATE OF ODISHA,Highways (State Pwds),MoRTH,ODISHA,2018-03-01,2018-08-01,2023-06-01,199.16,199.16,101.34,,,2023-06-01,,,delayed,338
2023-04-01,N38000001,369,CENTRE FOR DISABILITY SPORTS,Central Public Works Department,,,2019-02-01,2024-03-01,2024-03-01,170.99,170.99,73.8,,,,,,on_schedule,274
2023-04-01,N30000019,369,MATHURA SEWERAGE SCHEME,Bihar Urban Infrastructure Development Corporation Ltd,UPJalNigam,UTTAR PRADESH,2017-12-01,2020-12-01,2022-06-01,460.45,,,,,,,,without_doc,419
2023-04-01,N24000922,370,DEVELOPMENT OF CHILODA GANDHINAGAR SARKHEJ OF NH 147 OLD NH 8C FROM KM 0/0 TO KM 44/042 IN THE STATE,Highways (State Pwds),MoRTH,GUJARAT,2017-12-01,2018-11-01,2023-06-01,867.97,913.49,763.22,,913.49,2023-06-01,Delay in obtaining utility,,delayed,338
2023-04-01,N12000127,370,SCREENING PLANT-III AT KIRANDUL,National Mineral Development Corporation (Nmdc),Steel Authority Of India Limited (Sail),,2021-03-01,2024-08-01,2024-08-01,2092.97,2221.86,613.91,,,,,,on_schedule,275
2023-04-01,N30000006,370,"INTERCEPTION, DIVERSION AND TREATMENT WORKS FOR NAINI DISTRICT G PHAPHAMAU DISTRICT F AND JHUSI AREA",Bihar Urban Infrastructure Development Corporation Ltd,UPJalNigam,UTTAR PRADESH,2017-05-01,2021-09-01,2023-03-01,767.59,,,,,,,,without_doc,419
2023-04-01,N24000925,371,CONSTRUCTION OF MISSING LINKS (SINGLE LANE) IN LAKHPAT GADULI HAJIPIR ODMA KHAVDA DHOLAVIRA MAUVANA,Highways (State Pwds),MoRTH,GUJARAT,2018-10-01,2019-05-01,2023-06-01,400.76,394.44,270.96,,394.44,2023-06-01,Delayed due to Land,,delayed,338
2023-04-01,N12000126,371,UP GRADATION OF AUTOMATION SYSTEM OF HOT STRIP MILL AT BOKARO STEEL PLANT,National Mineral Development Corporation (Nmdc),,,2022-02-01,2024-06-01,2024-06-01,207.74,207.74,29.58,,,,,,on_schedule,275
2023-04-01,N30000010,371,STP AT PANKHA KANPUR AND INTEGRATION WITH EXISTING STPS,Bihar Urban Infrastructure Development Corporation Ltd,UPJalNigam,UTTAR PRADESH,2018-03-01,2021-09-01,2023-03-01,967.23,,,,,,,,without_doc,419
2023-04-01,N24001043,372,NILAJPHATA TO BHANDARA,Highways (State Pwds),MoRTH,MAHARASHT RA,2018-01-01,2020-05-01,2023-06-01,420.63,420.63,219.4,,421,,,,delayed,338
2023-04-01,N12000125,372,INSTALLATION OF 4TH SLAB CASTER ALONG WITH ITS AUXILIARIES AND A NEW LADLE FURNACE IN SMS-II AT RSP,National Mineral Development Corporation (Nmdc),,,2022-01-01,2025-05-01,2025-05-01,970.18,970.18,135.49,,,,,,on_schedule,275
2023-04-01,N30000022,372,INTERCEPTION AND DIVERSION WORKS AND SEWAGE TREATMENT PLANT AT JAUNPUR UTTAR PRADESH,Bihar Urban Infrastructure Development Corporation Ltd,UPJalNigam,UTTAR PRADESH Uttarakhand Pey Jal Nigam,2019-01-01,2021-10-01,2023-03-01,206.05,,,,,,,,without_doc,419
2023-04-01,N24001046,373,RALEGAON TO RAMTIRTH,Highways (State Pwds),MoRTH,MAHARASHT RA,2017-01-01,2019-07-01,2023-06-01,210.81,210.81,210.81,,,,,,delayed,338
2023-04-01,N26000115,373,SUPER EDGE ROUTERS FOR BSNL INTERNET PROTOCOL - MULTI PROTOCOL LEBEL SWITCHING (IPMPLS) NETWORK and,Bharat Sanchar Nigam Limited,,,2023-03-01,2024-03-01,2024-03-01,185.27,185.27,,,,,,,on_schedule,275
2023-04-01,N30000004,373,INTERCEPTION AND DIVERSION WITH STP AT RISHIKESH,Bihar Urban Infrastructure Development Corporation Ltd,UKJalNigam,UTTARAKHAND,2017-03-01,2019-11-01,2022-02-01,158,,,,,,,,without_doc,419
2023-04-01,N24001050,374,VITA TO NAGAJ,Highways (State Pwds),MoRTH,MAHARASHT RA,2018-03-01,2019-12-01,2023-06-01,304.58,304.58,148.49,,305,,,,delayed,338
2023-04-01,N28000151,374,BANGALORE METRO RAIL PROJECT LIMITED. PHASE. 2A AND 2B,Bangalore Metro Rail Corporation Limited,Central Public Works Department,,2021-06-01,2026-06-01,2026-06-01,14788.1,14788.1,2942.84,,,,,,on_schedule,275
2023-04-01,N28000103,374,"RESIDENTIAL QUATERS FOR HAL,BANGLORE",Cpwd For Defence,CPWD FOR DEFENC,KARNATAKA,2016-12-01,2020-02-01,2023-03-01,246.31,,,,200,2023-03-01,,,without_doc,419
2023-04-01,N24001053,375,KARAD TO TAGAON,Highways (State Pwds),MoRTH,MAHARASHT RA,2017-01-01,2019-06-01,2023-06-01,537.81,537.81,245.41,,538,,,,delayed,338
2023-04-01,N28000154,375,CONSTRUCTION OF PERMANENT CAMPUS OF CENTRAL UNIVERSITY OF HIMACHAL PRADESH AT DEHRA AND JADRANGAL (D,Bangalore Metro Rail Corporation Limited,Nagpur Metro Rail Corporation Ltd,,2022-04-01,2024-11-01,2024-11-01,512.34,512.34,,,,,,,on_schedule,275
2023-04-01,N40000003,375,"CONSTRUCTION OF A NEW STATE OF ART EDUCATIONAL CAMPUS FOR IIFT AT MAIDAN GARHI, NEW DELHI",Nbcc For Commerce,NBCC FOR COMMER,DELHI,2018-06-01,2020-10-01,2020-10-01,302.64,,,,,,,,without_doc,419
2023-04-01,N24001057,376,KARAD PATAN CHIPLUN GUHAGAR,Highways (State Pwds),MoRTH,MAHARASHT RA,2017-02-01,2019-06-01,2023-06-01,407.19,407.19,323.02,,407,,,,delayed,338
2023-04-01,N28000155,376,NAGPUR METRO RAIL PROJECT PHASE II,Bangalore Metro Rail Corporation Limited,National Capital Region Transport Corp,,2022-12-01,2027-12-01,2027-12-01,6708,6708,,,,,,,on_schedule,275
2023-04-01,N28000067,376,2000 BOYS HOSTEL(1000 DOUBLE BEDDED ROOM) AT ISM DHANBAD,Cpwd Of Higher Education,CPWD EDUCATION,JHARKHAND 416,2012-09-01,2016-03-01,2023-02-01,171.86,,,,,,,,without_doc,419
2023-04-01,N24001075,377,OSMANNAGAR TO KUNDRAL,Highways (State Pwds),MoRTH,MAHARASHT RA,2017-09-01,2020-08-01,2023-06-01,344.25,344.25,186.4,,344,,,,delayed,339
2023-04-01,N28000134,377,DELHI GHAZIABAD MEERUT RRTS CORRIDOR,Bangalore Metro Rail Corporation Limited,,,2019-03-01,2025-06-01,2025-06-01,30274,30274,15243.24,,,,,,on_schedule,275
2023-04-01,N28000075,377,CONSTRUCTION OF MEGA HOSTEL II FOR NIT CALICUT KERALA,Cpwd Of Higher Education,CPWD EDUCATION,KERALA,2010-01-01,2012-10-01,2012-10-01,165.23,,,,,,,,without_doc,420
2023-04-01,N24001081,378,HIMAYATNAGAR TO PHULSAWANGI,Highways (State Pwds),MoRTH,MAHARASHT RA,2018-03-01,2019-12-01,2023-06-01,294.87,294.87,183.17,,295,,,,delayed,339
2023-04-01,N42000006,378,"CONSTRUCTION OF PERMANENT CAMPUS FOR INDIAN INSTITUTE OF TECHNOLOGY, DHARWAD (PHASE 1A)",Cpwd Of Higher Education,CPWD EDUCATION,KARNATAKA,2019-07-01,2022-03-01,2023-03-01,851,,,,851,2022-10-01,,,without_doc,420
2023-04-01,N24001092,379,SATARA TO MHASWAD,Highways (State Pwds),MoRTH,MAHARASHT RA,2017-01-01,2019-07-01,2023-06-01,653.46,653.46,311.04,,,,,,delayed,339
2023-04-01,N28000141,379,"C/O PERMANENT CAMPUS OF IIT BHILAI AT KUTHELABHATA, DURG CHHATTISGARH, STAGE I PHASE I.",Cpwd Of Higher Education,CPWD EDUCATION,CHHATISGARH,2020-03-01,2022-07-01,,808.62,,,,,,,,without_doc,420
2023-04-01,N24001097,380,SELDOH TO PANVAR,Highways (State Pwds),MoRTH,MAHARASHT RA,2018-07-01,2020-05-01,2023-06-01,404.33,404.33,136.9,,404,,,,delayed,339
2023-04-01,N45000003,380,CONSTRUCTION OF 683 VARIOUS TYPE FAMILY QUARTERS AT GROUP CENTRE CRPF CHANDAULI,Cpwd For Mha,CPWD FOR MHA,UTTAR PRADESH,2019-05-01,2022-01-01,2023-03-01,199.31,,,,,2023-03-01,,,without_doc,420
2023-04-01,N24001099,381,MHASWAD TO TEMBHURNI,Highways (State Pwds),MoRTH,MAHARASHT RA,2017-01-01,2019-07-01,2023-06-01,488.6,488.6,249,,,,,,delayed,339
2023-04-01,N12000103,381,"CONSTRUCTION OF INTERNATIONAL CENTRE FOR PERFORMING ARTS AND CULTURE,SHILONG IN MEGALAYA UNDER NLCPR",Hscl For Doner,HSCL FOR DONER,MEGHALAYA,2014-04-01,2017-09-01,2017-09-01,151.33,,,,,,,,without_doc,420
2023-04-01,N24001106,382,PEN TO KHOPOLI,Highways (State Pwds),MoRTH,MAHARASHT RA,2018-03-01,2018-03-01,2023-06-01,301.39,301.39,166.65,,302,,,,delayed,339
2023-04-01,N28000118,382,CONSTRUCTION OF ATAL AKSHAY URJA BHAWAN CGO COMPLEX LODHI ROAD NEW DELHI,Cpwd For Renewable Energy,CPWD R ENERGY,DELHI,2017-10-01,2019-11-01,2022-04-01,271.9,,,,366.12,2022-04-01,,,without_doc,420
2023-04-01,N24001111,383,KOLHA TO NASRATPUR,Highways (State Pwds),MoRTH,MAHARASHT RA,2016-04-01,2019-04-01,2023-06-01,281.78,281.78,73.91,,282,,,,delayed,339
2023-04-01,N24001114,384,INDAPUR TO VADPALE,Highways (State Pwds),MoRTH,MAHARASHT RA,2017-01-01,2019-12-01,2023-06-01,1202.52,1202.52,1049.37,,1203,,,,delayed,339
2023-04-01,N24001122,385,PAITHAN TO SHIRUR,Highways (State Pwds),MoRTH,MAHARASHT RA,,2019-06-01,2023-06-01,,341.8,203.09,,,,,,delayed,339
2023-04-01,N24001123,386,SHIRUR TO KHARDA,Highways (State Pwds),MoRTH,MAHARASHT RA,2017-02-01,2019-06-01,2023-06-01,381.77,381.77,186.62,,,,,,delayed,339
2023-04-01,N24001132,387,BHOGAN KHURD TO KASHEDI,Highways (State Pwds),MoRTH,MAHARASHT RA,2017-09-01,2021-06-01,2023-06-01,743.21,743.21,522.66,,743,,,,delayed,339
2023-04-01,N24001133,388,PARSHURAM GHAT TO ARAWALI,Highways (State Pwds),MoRTH,MAHARASHT RA,2016-04-01,2019-12-01,2023-06-01,983.14,983.14,901.7,,2226.11,,,,delayed,339
2023-04-01,N24001151,389,BALANCE WORK FOR REHABILITATION AND UPGRADATION OF SATNA-BELA SECTION OF NH-75 FROM KM. 155.0 TO KM.,Highways (State Pwds),MoRTH,MADHYA PRADESH,2017-11-01,2018-03-01,2023-06-01,392.33,428.55,404.69,,,2022-03-01,,,delayed,339
2023-04-01,N24001181,390,CONSTRUCTION OF A NEW 2- LANE HIGHWAY FROM KM 38/00 TO 71/00 IN MIZORAM TO SUPPORT KALADAN MULTI MOD,Highways (State Pwds),MoRTH,MIZORAM,2010-08-01,2014-09-01,2023-06-01,186.96,322.24,312.5,,,2023-06-01,,,delayed,339
2023-04-01,N24001218,391,REHABILITATION AND UPGRADATION OF NH 111 FROM KM 163.400 TO 215.800 SHIVNAGAR TO AMBIKAPUR SECTION,Highways (State Pwds),MoRTH,CHHATISGAR H,2015-11-01,2017-06-01,2023-06-01,335.32,335.32,313.37,,476.2,,,,delayed,340
2023-04-01,N24001219,392,REHABILITATION AND UPGRADATION OF NH 200 FROM KM 178.944 TO 241.553 BANARI VILLAGE TO MASANIA KALA V,Highways (State Pwds),MoRTH,CHHATISGAR H,,2016-09-01,2023-06-01,544,544,471.89,,,,,,delayed,340
2023-04-01,N24001228,393,UPGRADATION AND WIDENING OF BILASPUR TO MUNGELI SECTION NH-130A,Highways (State Pwds),MoRTH,CHHATISGAR H,2017-11-01,2019-05-01,2023-06-01,188.8,188.8,128.76,,,,,,delayed,340
2023-04-01,N24001061,394,CHIKALI TO DHAD,Highways (State Pwds),MoRTH,MAHARASHT RA,2018-03-01,2019-12-01,2023-07-01,189.46,189.46,111.73,,189,,,,delayed,340
2023-04-01,N24001197,395,UP GRADATION OF NEWLY DECLARED NH 341 TO TWO LANE WITH PAVED SHOULDER CONFIGURATION BETWEEN KM. 65.4,Highways (State Pwds),MoRTH,GUJARAT,2018-03-01,2021-06-01,2023-07-01,351,270,211.56,,270,2023-07-01,Delayed due to Land,,delayed,340
2023-04-01,N24001221,396,REHABILITATION AND UPGRADATION OF NH 78 FROM KM 373.505 TO 469.300 AMBIKAPUR TO PATHALGAON SECTION,Highways (State Pwds),MoRTH,CHHATISGAR H,2016-01-01,2016-10-01,2023-07-01,624.98,731.5,523.04,,,,,,delayed,340
2023-04-01,N24000886,397,CONSTRUCTION OF ROAD FROM KM. 1 TO KM. 49/4 OF NH- 26A IN THE STATE OF MADHYA PRADESH.,Highways (State Pwds),MoRTH,MADHYA PRADESH,2017-01-01,2017-03-01,2023-08-01,205.05,205.05,142.04,,,2021-12-01,,,delayed,340
2023-04-01,N24001227,398,CONSTRUCTION OF 4 NOS GRADE SEPARATOR BETWEEN KM. 281.000 TO KM 307.600 KM. 286.400 KUMHARI KM. 299.,Highways (State Pwds),MoRTH,CHHATISGAR H,2018-03-01,2019-01-01,2023-08-01,349.03,349.03,244.63,,,,,,delayed,340
2023-04-01,N24001236,399,WIDENING FROM 2 LANE TO 4 LANE AND STRENTHENING THE EXISTING CARRIAGE WAY FROM KM 36/0 -80/0 OF SALE,Highways (State Pwds),MoRTH,TAMIL NADU,2019-03-01,2019-11-01,2023-08-01,297.55,297.55,290.97,,,,,,delayed,340
2023-04-01,N24001380,400,WIDENING EXISTING 2 LANE TO 4 LANE WITH PAVED SHOULDER INCLUDING STRENGTHENING CARRIAGEWAY FROM KM 8,Highways (State Pwds),MoRTH,TAMIL NADU,2020-08-01,2021-02-01,2023-08-01,302.62,302.62,283.1,,,,,,delayed,341
2023-04-01,N24001427,401,CONSTRUCTION OF ROB WITH APPROACHES IN LIEU OF L C NO 165 OF AHMEDABAD PALANPUR BETWEEN RAILWAY STAT,Highways (State Pwds),MoRTH,GUJARAT,2020-06-01,2023-04-01,2023-08-01,166.21,166.21,81.81,,,2023-08-01,,,delayed,341
2023-04-01,N24001448,402,UPGRADATION OF ADHALGAON- JAMKHED SECTION OF NH-548 D FROM KM 132/600 TO KM 195/375 TO TWO LANE WITH,Highways (State Pwds),MoRTH,MAHARASHT RA,2021-11-01,2022-02-01,2023-08-01,223.35,223.35,102.02,,,,,,delayed,341
2023-04-01,N24000888,403,UPGRADATION OF PAWAI- SALEHA-JASSO-NAGOD ROAD TO 2L + PS,Highways (State Pwds),MoRTH,MADHYA PRADESH,2018-03-01,2018-03-01,2023-10-01,214.69,214.69,98.87,,,2022-06-01,,,delayed,341
2023-04-01,N24000926,404,CONSTRUCTION OF SIGNATURE BRIDGE BETWEEN DWARKA AND BEY DWARKA AND ITS APPROACHES IN THE STATE OF GU,Highways (State Pwds),MoRTH,GUJARAT,2017-08-01,2018-03-01,2023-10-01,962.43,869.78,745.09,,869.78,2023-10-01,Delay in Approval of GAD,,delayed,341
2023-04-01,N24001458,405,MOPA AIRPORT,Highways (State Pwds),MoRTH,GOA,2021-12-01,2022-04-01,2023-10-01,1183.16,1183.16,333.17,,,,,,delayed,341
2023-04-01,N24000579,406,FOUR LANING OF GAYA-HISUA- RAJGIRI-NALANDA- BIHARSHARIF SECTION (KM0.00 TO 92.935) ON NH-82 IN BIHAR,Highways (State Pwds),MoRTH,BIHAR,2014-01-01,2016-10-01,2023-11-01,1408.85,2138.16,1411.7,,2138.16,,,,delayed,341
2023-04-01,N24000910,407,REHABILITATION AND UP GRADATION TO 2 LANE WITH PAVED SHOULDER OF NH-703A FROM MAKHU (DESIGN CH 0 000,Highways (State Pwds),MoRTH,PUNJAB,2018-03-01,2020-11-01,2023-11-01,170.57,192.48,94.84,,192.48,,Work on ROB in Km 12,,delayed,341
2023-04-01,N24000513,408,UMARIYA TO SHAHDOL SECTION OF NH-78 IN MADYA PRADESH KM 68/4 TO 142/200,Highways (State Pwds),MoRTH,MADHYA PRADESH,2015-03-01,2017-08-01,2023-12-01,511.83,511.83,455.78,,,2023-12-01,,,delayed,341
2023-04-01,N24000874,409,CONSTRUCTION OF NEW ROAD AT THE MISSING LINK PORTION OF NH-81 ALONG THE APPROVED ALIGNMENT BETWEEN H,Highways (State Pwds),MoRTH,WEST BENGAL,2016-03-01,2018-11-01,2023-12-01,271.17,291.2,147.34,,291.2,2022-03-01,,,delayed,341
2023-04-01,N24000875,410,REHABILITATION AND UP- GRADATION OF EXISTING INTERMEDIATE LANE FLEXIBLE PAVEMENT TO 2L+PS FLEXIBLE PA,Highways (State Pwds),MoRTH,MADHYA PRADESH,2018-02-01,2018-03-01,2023-12-01,169.63,169.63,104.11,,,2022-12-01,,,delayed,342
2023-04-01,N24000880,411,UPGRADATION OF NH-81 WITH A MINIMUM OF 2-LANE WITH PAVED SHOULDER CONFIGURATION STARTING FROM KM 19.,Highways (State Pwds),MoRTH,WEST BENGAL,2018-02-01,2020-09-01,2023-12-01,426.18,426.18,330.43,,,2022-03-01,,,delayed,342
2023-04-01,N24000883,412,"DEVELOPMENT OF 4-LANING SECTION OF NH-31 FROM KM 551.36 (GHOSHPUKUR) TO KM 563.26 (BIHAR MORE, BAGDO",Highways (State Pwds),MoRTH,WEST BENGAL,2018-03-01,2020-10-01,2023-12-01,254.3,254.3,161.26,,,2022-03-01,,,delayed,342
2023-04-01,N24000885,413,CONSTRUCTION OF ROB AND ITS APPROACHES IN LIEU OF UNMANNED LEVEL CROSSING AT KM 303.9 ON NH-60 (PAND,Highways (State Pwds),MoRTH,WEST BENGAL,2016-03-01,2023-09-01,2023-12-01,160.27,213.97,64.78,,,2022-11-01,,,delayed,342
2023-04-01,N24000887,414,CONSTRUCTION OF TWINS 2- LANE ROB AND ITS APPROACHES IN REPLACEMENT OF EXISTING LEVEL CROSSING GATE N,Highways (State Pwds),MoRTH,WEST BENGAL,2016-06-01,2021-09-01,2023-12-01,236.78,263.26,153.75,,,2022-08-01,,,delayed,342
2023-04-01,N24000909,415,JALANDHAR-HOSHIARPUR SECTION OF NH-70 [NEW NH NO. 3] FROM EXISTING KM 11.400 TO KM 49.200,Highways (State Pwds),MoRTH,PUNJAB,2017-10-01,2019-10-01,2023-12-01,1069.59,1069.59,739.08,,,,Work in District Hoshiarpur,,delayed,342
2023-04-01,N24001038,416,MAHAD TO RAIGAD FORT,Highways (State Pwds),MoRTH,MAHARASHT RA,2018-07-01,2020-05-01,2023-12-01,237.4,237.4,65.05,,,,,,delayed,343
2023-04-01,N24001107,417,PANCHARAL TO MANDANGHAR,Highways (State Pwds),MoRTH,MAHARASHT RA,2018-07-01,2020-05-01,2023-12-01,381.08,381.08,29.67,,302,,,,delayed,343
2023-04-01,N24001134,418,KANTE TO WAKED,Highways (State Pwds),MoRTH,MAHARASHT RA,2016-03-01,2019-11-01,2023-12-01,1230.02,1230.02,732.84,,1230,,,,delayed,343
2023-04-01,N24001158,419,RECONSTRUCTION TO TWO LANE WITH PAVED SHOULDERS FROM DS. CH. 442+180 (EX. KM 448.00) TO DS. CH.485+2,Highways (State Pwds),MoRTH,KARNATAKA,2018-03-01,2019-06-01,2023-12-01,159.97,242.61,84.02,,,2023-12-01,,,delayed,343
2023-04-01,N24001222,420,REHABILITATION AND UPGRADATION OF NH 78 FROM KM 469.000 TO 531.000 PATTHALGAON TO KUNKURI,Highways (State Pwds),MoRTH,CHHATISGAR H,2016-03-01,2016-07-01,2023-12-01,452.94,435.61,170.35,,,,,,delayed,343
2023-04-01,N24001217,421,REHABILITATION AND UPGRADATION OF NH 43 KANKER TO BEDMA SECTION KM. 130 TO 180,Highways (State Pwds),MoRTH,CHHATISGAR H,2016-01-01,2016-08-01,2024-03-01,497.14,572.66,302.98,,,,,,delayed,343
2023-04-01,N24001423,422,CONSTRUCTION OF BYPASS FOR PROVIDING INTER CONNECTIVITY AMONG (NHS) AROUND THE PRATAPGARH CITY (PRAT,Highways (State Pwds),MoRTH,UTTAR PRADESH,2021-04-01,2023-09-01,2024-03-01,309.48,309.48,50.56,,,,,,delayed,343
2023-04-01,N24001424,423,CONSTRUCTION OF FOUR-LANE ELEVATED VIADUCT FROM KM.4+634 TO KM.6+345 ON NH- 24A INCLUDING RETAINING W,Highways (State Pwds),MoRTH,UTTAR PRADESH,2021-03-01,2023-09-01,2024-03-01,185.09,185.09,56.44,,,,,,delayed,343
2023-04-01,N24001454,424,WIDENING FROM TWO LANE TO TWO LANE WITH PAVED SHOULDER FROM KM 34/000 TO 49/000 AND TWO LANE TO FOUR,Highways (State Pwds),MoRTH,TAMIL NADU,2022-02-01,2022-08-01,2024-08-01,184.15,184.15,65.74,,,,,,delayed,343
2023-04-01,N24001455,425,CONSTRUCTION OF 4 LANE WITH PAVED SHOULDERS THIRUVAYARU BYPASS IN BETWEEN EXISTING KM.55/926 TO 62/6,Highways (State Pwds),MoRTH,TAMIL NADU,2022-02-01,2022-08-01,2024-10-01,191.33,191.33,,,,,,,delayed,343
2023-04-01,N24001173,426,CONSTRUCTION OF MAJOR BRIDGE AT KM 180.865 ACROSS RIVER KRISHNA ON NH-167 HAGARI – JADERCELA SECTION,Highways (State Pwds),MoRTH,KARNATAKA,2017-02-01,2019-05-01,2024-11-01,157.32,187.61,0.95,,188,,,,delayed,344
2023-04-01,N24001388,427,CONSTRUCTION OF MAJOR BRIDGE ACROSS SHARAVATHI BACKWATERS AND APPROCHES BETWEEN AMBARGODU AND KALASA,Highways (State Pwds),MoRTH,KARNATAKA National Highways And Infrastructure Development Corporation Ltd.,2019-03-01,2019-12-01,2024-11-01,423.15,423.15,185.63,,,2024-11-01,,,delayed,344
2023-04-01,N24000758,428,CONSTRUCTION OF TWO LANE WITH HARD SHOULDERS OF CHAKABAMA-ZUNHEBOTO ROAD FROM EXISTING KM100.345 TO,Highways (State Pwds),NHIDCL,NAGALAND,2018-03-01,2021-12-01,2023-04-01,240.64,240.64,157.42,,255.58,2022-08-01,,,delayed,344
2023-04-01,N24000944,429,CONSTRUCTION OF 2 LANING OF EXISTING HUNLI-ANINI ROAD ON EPC BASIS FROM DESIGN KM 106.200 TO KM 120.,Highways (State Pwds),NHIDCL,ARUNACHAL PRADESH,2016-12-01,2020-01-01,2023-04-01,200.44,200.44,102.7,,200.44,2022-01-01,,,delayed,344
2023-04-01,N24000948,430,CONSTRUCTION OF 2 LANING OF EXISTING HUNLI-ANINI ROAD ON EPC BASIS FROM DESIGN KM 53.500 TO KM 92.50,Highways (State Pwds),NHIDCL,ARUNACHAL PRADESH,2016-09-01,2019-12-01,2023-04-01,568.92,568.92,295.7,,568.92,2023-03-01,,,delayed,344
2023-04-01,N24001248,431,WIDENING/IMPROVEMENT TO 4- LANE WITH PAVED SHOULDER FROM CH.75.330KM TO CH.88.00KM (DESIGN CH.71.800,Highways (State Pwds),NHIDCL,ASSAM,2020-08-01,2022-04-01,2023-04-01,208.84,208.84,37.56,,,,,,delayed,344
2023-04-01,N24001308,432,KAILASHAHAR TO KHOWAI PKG- 5,Highways (State Pwds),NHIDCL,TRIPURA,2020-11-01,2022-07-01,2023-04-01,332.14,332.14,159.87,,,2023-04-01,,,delayed,344
2023-04-01,N24001329,433,2-LANING OF KHOWAI - AGARTALA SECTION FROM DESIGN KM 6.500 TO KM 19.300 OF NH-208A PKG-1,Highways (State Pwds),NHIDCL,TRIPURA,2020-03-01,2022-07-01,2023-04-01,165.54,210.54,70.99,,,2023-03-01,,,delayed,344
2023-04-01,N24001342,434,DONIPAWA TO ASHAJIPORA BYPASS PKG-7,Highways (State Pwds),NHIDCL,JAMMU AND KASHMIR,2021-03-01,2022-12-01,2023-04-01,260.4,260.4,20.14,,,,,,delayed,344
2023-04-01,N24001352,435,IMPHAL – MOREH PACKAGE- 3,Highways (State Pwds),NHIDCL,MANIPUR,2021-03-01,2022-12-01,2023-04-01,259.31,259.31,129.7,,,,,,delayed,344
2023-04-01,N24001354,436,TAMENGLONG - MAHUR PKG-3,Highways (State Pwds),NHIDCL,MANIPUR,2021-03-01,2022-12-01,2023-04-01,234.08,234.08,102.14,,,,,,delayed,345
2023-04-01,N24001404,437,TAMENGLONG - MAHUR PKG-4,Highways (State Pwds),NHIDCL,MANIPUR,2021-07-01,2023-03-01,2023-04-01,198.77,198.77,49.73,,,,,,delayed,345
2023-04-01,N24001435,438,4-LANING OF DERGAON TOWN,Highways (State Pwds),NHIDCL,ASSAM,2020-03-01,2022-06-01,2023-04-01,287.63,287.63,113.92,,,,,,delayed,345
2023-04-01,N24000438,439,4 LANING FROM RANGAGARA TO KALIABHOR TINALI FROM KM 297.00 TO KM 315.315 OF NH-37 ON EPC BASIS.,Highways (State Pwds),NHIDCL,ASSAM,2015-12-01,2018-12-01,2023-05-01,289.99,289.99,134.75,,,2021-07-01,,,delayed,345
2023-04-01,N24000583,440,4 LANING OF NH 37 SECTION BETWEEN END OF MORAN BYPASS TO BOGIBEEL JUNCTION NEAR LAPETKETA (KM. 561,Highways (State Pwds),NHIDCL,ASSAM,2016-01-01,2021-12-01,2023-05-01,252,330.3,144.59,,330.3,2019-12-01,,,delayed,345
2023-04-01,N24000686,441,FOUR LANING OF DIMAPUR KOHIMA ROAD FROM DESIGN KM 123.840 TO KM 138.775 (EXISTING KM 124.100 TO KM 1,Highways (State Pwds),NHIDCL,NAGALAND,2016-03-01,2019-09-01,2023-05-01,373.07,387,360.17,,489.01,2019-09-01,,,delayed,345
2023-04-01,N24000687,442,FOUR LANING OF DIMAPUR KOHIMA ROAD FROM DESIGN KM 138.775 TO KM 152.490 (EXISTING KM 140.000 TO KM 1,Highways (State Pwds),NHIDCL,NAGALAND,2016-03-01,2019-08-01,2023-05-01,396.52,396.52,316.61,,519.72,2019-08-01,,,delayed,345
2023-04-01,N24000745,443,"2 LANE WITH HARD SHOLDER , REHABILITATION AND UP GRADATION OF SECTION FROM KM 242.0 TO KM 298.0 OF N",Highways (State Pwds),NHIDCL,A & N ISLANDS,,2019-12-01,2023-05-01,,409.85,77.28,,,,,,delayed,345
2023-04-01,N24000752,444,(I) CONSTRUCTION OF FOUR/SIX LANING FROM KM 132.375 TO KM 158.058 (TOTAL NEW ALIGNMENT LENGTH OF 20.,Highways (State Pwds),NHIDCL,NAGALAND,2017-02-01,2020-09-01,2023-05-01,387,387,358.83,,,2022-08-01,,,delayed,345
2023-04-01,N24000868,445,UP-GRADATION TO 4-LANE WITH PAVED SHOULDER OF JAMMU- AKHNOOR ROAD SECTION OF NH-144A FROM GANESH VIHA,Highways (State Pwds),NHIDCL,JAMMU AND KASHMIR,2018-03-01,2021-07-01,2023-05-01,253.44,253.44,166.1,,,2023-03-01,,,delayed,345
2023-04-01,N24001260,446,CONSTRUCTION OF 2-LANE WITH HARD SHOULDER OF PEREN-DIMAPUR SECTION ON NH129A FROM DESIGN KM109.494 T,Highways (State Pwds),NHIDCL,NAGALAND,2020-09-01,2022-04-01,2023-05-01,257.15,257.15,67.01,,,2023-02-01,,,delayed,345
2023-04-01,N24001270,447,2-LANING OF CHURACHANDPUR TUIVAI SECTION OF NH-102B (PKG- 2A),Highways (State Pwds),NHIDCL,MANIPUR,2020-03-01,2022-06-01,2023-05-01,292.24,292.24,127.86,,,,,,delayed,346
2023-04-01,N24001271,448,2-LANING OF CHURACHANDPUR TUIVAI SECTION OF NH-102B (PKG- 2B),Highways (State Pwds),NHIDCL,MANIPUR,2020-06-01,2022-08-01,2023-05-01,365.53,365.53,142.51,,,,,,delayed,346
2023-04-01,N24001272,449,2-LANING OF CHURACHANDPUR TUIVAI SECTION OF NH-102B (PKG- 4A),Highways (State Pwds),NHIDCL,MANIPUR,2020-03-01,2022-06-01,2023-05-01,167.95,167.95,77.72,,204.12,,,,delayed,346
2023-04-01,N24001273,450,2-LANING OF CHURACHANDPUR TUIVAI SECTION OF NH-102B (PKG- 4B),Highways (State Pwds),NHIDCL,MANIPUR,2020-07-01,2022-08-01,2023-05-01,177.76,177.76,70.23,,,,,,delayed,346
2023-04-01,N24001286,451,2-LANING OF CHANGTONGYA TO LONGLENG ROAD OF NH-702 (PKG-I),Highways (State Pwds),NHIDCL,NAGALAND,2020-03-01,2022-06-01,2023-05-01,278.95,278.95,160.97,,,2022-10-01,,,delayed,346
2023-04-01,N24001310,452,KAILASHAHAR TO KHOWAI PKG- 3,Highways (State Pwds),NHIDCL,TRIPURA,2020-11-01,2022-07-01,2023-05-01,280.91,296.48,185.35,,296.48,2023-04-01,,,delayed,346
2023-04-01,N24001339,453,RANIKOR-MAHESHKHOLA- BAGHMARA (RMB) PKG-4 (KANAI-RONGARA),Highways (State Pwds),NHIDCL,MEGHALAYA,2020-10-01,2022-04-01,2023-05-01,157.86,157.86,73.9,,,,,,delayed,346
2023-04-01,N24001355,454,DULTE- KWALKULH - CHAMPAI PKG.1,Highways (State Pwds),NHIDCL,MIZORAM,2021-03-01,2022-12-01,2023-05-01,374.39,374.39,230.67,,,2023-05-01,,,delayed,346
2023-04-01,N24001389,455,CHANGTONGYA TO LONGLENG ROAD PKG-2,Highways (State Pwds),NHIDCL,NAGALAND,2020-03-01,2022-06-01,2023-05-01,206.53,206.53,98.69,,,2022-09-01,,,delayed,346
2023-04-01,N24001399,456,IMPHAL – MOREH (PACKAGE 4),Highways (State Pwds),NHIDCL,MANIPUR,2021-03-01,2023-01-01,2023-05-01,277.99,277.99,123.86,,,,,,delayed,346
2023-04-01,N24000823,457,FOUR LANING OF NH-52 FROM END OF BISWANATH CHARIALI BY-PASS (KM 208.00) TO GOHPUR (KM 265.50) (TOTAL,Highways (State Pwds),NHIDCL,ASSAM,2015-03-01,2016-01-01,2023-06-01,829,829,477.42,,,,,,delayed,346
2023-04-01,N24000903,458,IMPROVEMENT/WIDENING TO 2- LANE WITH EARTHEN SHOULDERS FROM RANIKOR TO NONGJRI EXISTING CHAINAGE FROM,Highways (State Pwds),NHIDCL,MEGHALAYA,2019-03-01,2022-03-01,2023-06-01,306.28,306.28,155.37,,,,,,delayed,346
2023-04-01,N24001249,459,2-LANING FROM MANU-SIMLUNG ( PKG III),Highways (State Pwds),NHIDCL,TRIPURA,2020-06-01,2022-01-01,2023-06-01,347.36,347.36,201.03,,,2023-04-01,,,delayed,346
2023-04-01,N24001267,460,REHABILITATION AND UP- GRADATION OF ROAD FROM DESIGN KM 11.800 TO KM 25.250 OF KAILASHAHAR-KURTI BRID,Highways (State Pwds),NHIDCL,TRIPURA,2020-03-01,2022-07-01,2023-06-01,178.43,208.74,57.66,,,2023-03-01,,,delayed,347
2023-04-01,N24001269,461,2-LANING OF CHURACHANDPUR TUIVAI SECTION OF NH-102B (PKG- IB),Highways (State Pwds),NHIDCL,ASSAM,2020-03-01,2022-03-01,2023-06-01,216.49,216.49,90.18,,241.52,,,,delayed,347
2023-04-01,N24001280,462,2 LANING OF KOHIMA - JESSAMI SECTION (PACKAGE I),Highways (State Pwds),NHIDCL,NAGALAND,2020-03-01,2022-06-01,2023-06-01,320.97,320.97,155.65,,,2023-03-01,,,delayed,347
2023-04-01,N24001283,463,CONSTRUCTION OF TWO LANE WITH PAVED SHOULDER OF SELLING-DULTE SECTION OF NH-06 (PKG-IV),Highways (State Pwds),NHIDCL,MIZORAM,2020-03-01,2022-07-01,2023-06-01,281.78,281.78,221.02,,173.17,2023-01-01,,,delayed,347
2023-04-01,N24001318,464,2-LANING OF KHOWAI - AGARTALA SECTION FROM DESIGN KM 31.300 TO KM 45.300 OF NH-208A PKG-3,Highways (State Pwds),NHIDCL,TRIPURA,,2022-04-01,2023-06-01,,173.17,48.5,,,2022-10-01,,,delayed,347
2023-04-01,N24001332,465,2-LANING FROM YAINGANGPOKPI TO FINCH CORNER (PKG-II),Highways (State Pwds),NHIDCL,ASSAM,2020-03-01,2022-06-01,2023-06-01,217.5,217.5,48.14,,,,,,delayed,347
2023-04-01,N24001363,466,MANU-SIMLUNG ( PKG 4),Highways (State Pwds),NHIDCL,TRIPURA,2021-03-01,2022-12-01,2023-06-01,354.79,354.79,32.45,,,2023-06-01,,,delayed,347
2023-04-01,N24001406,467,PEREN-DIMAPUR SECTION PKG-2,Highways (State Pwds),NHIDCL,NAGALAND,2021-07-01,2023-03-01,2023-06-01,258.52,258.52,57.58,,,2023-02-01,,,delayed,347
2023-04-01,N24000741,468,CONSTRUCTION AND UPGRADATION OF EXISTING ROAD TO 2 LANE WITH PAVED SHOULDER FROM KM 368.00 TO KM 399,Highways (State Pwds),NHIDCL,UTTARAKHA ND,2018-03-01,2020-11-01,2023-07-01,274.31,274.31,121.69,,,2022-12-01,,,delayed,347
2023-04-01,N24000742,469,2 LANE WITH PAVED SHOULDER FROM KM 399.00 TO KM 430.00 OF KARANPARYAG TO CHAMOLI UNDER CHARDHAM PARI,Highways (State Pwds),NHIDCL,UTTARAKHA ND,2018-03-01,2020-11-01,2023-07-01,403.36,403.36,217.43,,,2022-12-01,,,delayed,347
2023-04-01,N24000743,470,2 LANE WITH PAVED SHOULDER FROM KM 430.00 TO KM 468.00 OF CHAMOLI TO PAINI UNDER CHARDHAM PARIYOJNA,Highways (State Pwds),NHIDCL,UTTARAKHA ND,2018-03-01,2020-11-01,2023-07-01,417.24,417.24,220.49,,,2022-12-01,,,delayed,347
2023-04-01,N24000756,471,CONSTRUCT ION OF TWO LANE WITH HARD SHOULDERS OF CHAKABAMA- ZUNHEBOTO ROAD FROM EXISTING KM 52.370 TO,Highways (State Pwds),NHIDCL,NAGALAND,2018-03-01,2022-09-01,2023-07-01,285.68,285.68,145.8,,,2023-01-01,,,delayed,348
2023-04-01,N24000771,472,WIDENING TO 2-LANE WITH GEOMETRIC IMPROVEMENTS OF TURA DALU ROAD UNDER JICA FUNDING FROM KM 85.000 T,Highways (State Pwds),NHIDCL,MEGHALAYA,2017-04-01,2021-09-01,2023-07-01,553.51,553.51,216.72,,610.09,2021-09-01,,,delayed,348
2023-04-01,N24001251,473,CONSTUCTION/UPGRADATION OF EXISTING HIGHWAY TO 2 LANE WITH PAVED SHOULDER FROM KM 0.00 TO KM 13.00 N,Highways (State Pwds),NHIDCL,SIKKIM,2019-03-01,2022-04-01,2023-07-01,402.94,402.94,176.92,,,,,,delayed,348
2023-04-01,N24001341,474,KHELLANI-KHANABAL PKG-3,Highways (State Pwds),NHIDCL,JAMMU AND KASHMIR,2021-03-01,2022-12-01,2023-07-01,398.51,398.51,50.21,,,,,,delayed,348
2023-04-01,N24001356,475,DULTE- KWALKULH - CHAMPAI PKG.2,Highways (State Pwds),NHIDCL,MIZORAM,2021-03-01,2022-12-01,2023-07-01,233.25,233.25,130.11,,,2023-07-01,,,delayed,348
2023-04-01,N24000768,476,CONSTRUCTION OF 2-LANE WITH PAVED SHOULDER INCLUDING GEOMETRIC IMPROVEMENT FROM KM 16.000 TO KM 32.5,Highways (State Pwds),NHIDCL,SIKKIM,2017-11-01,2020-10-01,2023-08-01,290.05,290.05,97.21,,,2022-04-01,,,delayed,348
2023-04-01,N24001246,477,4-LANING OF HAPACHARA - TULUNGIA SECTION,Highways (State Pwds),NHIDCL,ASSAM,2020-03-01,2022-12-01,2023-08-01,220.2,220.2,86.2,,,,,,delayed,348
2023-04-01,N24001247,478,2-LANING FROM MANU-SIMLUNG ( PKG I),Highways (State Pwds),NHIDCL,TRIPURA,2020-03-01,2022-01-01,2023-08-01,247.76,251.89,118.7,,251.89,2022-10-01,,,delayed,348
2023-04-01,N24001252,479,CONSTUCTION/UPGRADATION OF EXISTING HIGHWAY TO 2 LANE WITH PAVED SHOULDER FROM KM 13.00 TO KM 25.600,Highways (State Pwds),NHIDCL,SIKKIM,2020-08-01,2023-04-01,2023-08-01,295.97,295.97,140.19,,,2023-08-01,,,delayed,348
2023-04-01,N24001254,480,CONSTUCTION/UPGRADATION OF EXISTING HIGHWAY TO 2 LANE WITH PAVED SHOULDER FROM KM 26.10 TO KM 40.00,Highways (State Pwds),NHIDCL,SIKKIM,2020-03-01,2022-06-01,2023-08-01,242.97,242.97,143.24,,,,,,delayed,348
2023-04-01,N24001259,481,UPGRADATION OF EXISTING ROAD TO 2-LANE WITH PAVED SHOULDER FROM KOHIMA TO MAO FROM KM 185.540 TO KM,Highways (State Pwds),NHIDCL,NAGALAND,2020-09-01,2022-04-01,2023-08-01,315.63,315.63,26.47,,,,,,delayed,348
2023-04-01,N24001274,482,IMPROVEMENT/UPGRADATION OF EXISTING 2-LANE TO 4-LANE DIVIDED HIGHWAY FROM TAPHOU KUKI TO DAILI SECTI,Highways (State Pwds),NHIDCL,MANIPUR,2020-08-01,2022-04-01,2023-08-01,379.39,379.39,186.51,,,,,,delayed,349
2023-04-01,N24001320,483,DOGINALA - GAU,Highways (State Pwds),NHIDCL,ARUNACHAL PRADESH,2020-12-01,2022-09-01,2023-08-01,242.3,242.3,21.39,,,,,,delayed,349
2023-04-01,N24001348,484,KARGIL-ZANSKR PACKAGE-8,Highways (State Pwds),NHIDCL,LADAKH,2021-03-01,2023-01-01,2023-08-01,398.37,398.37,79.93,,,2023-08-01,,,delayed,349
2023-04-01,N24001351,485,MARIAM - PEREN PKG-2B,Highways (State Pwds),NHIDCL,MANIPUR,2021-02-01,2022-12-01,2023-08-01,232.26,232.26,113.16,,,,,,delayed,349
2023-04-01,N24001396,486,KHELLANI-KHANABAL PKG-5,Highways (State Pwds),NHIDCL,JAMMU AND KASHMIR,2021-07-01,2023-02-01,2023-08-01,497.09,497.09,64.18,,206.88,,,,delayed,349
2023-04-01,N24001278,487,CONSTRUCTION OF TWO LANE WITH PAVED SHOULDER OF SELLING-DULTE SECTION OF NH-06 (PKG-I),Highways (State Pwds),NHIDCL,MIZORAM,,2022-07-01,2023-09-01,,206.88,213.3,,,2023-04-01,,,delayed,349
2023-04-01,N24001336,488,CONSTRUCTION AND UPGRADATION OF EXISTING ROAD TO 2-LANE WITH PAVED SHOULDER FROM KM27.200 (END OF RO,Highways (State Pwds),NHIDCL,SIKKIM,2020-08-01,2023-04-01,2023-09-01,230.45,244.91,71.29,,244.91,2023-09-01,,,delayed,349
2023-04-01,N24001401,489,IMPHAL - KHONGSANG PKG-3,Highways (State Pwds),NHIDCL,MANIPUR,2021-07-01,2023-03-01,2023-09-01,467,467,139.15,,,,,,delayed,349
2023-04-01,N24000753,490,(II) CONSTRUCTION OF DIMAPUR BYPASS (ASSAM PORTION) OF 4/6 LANE PAVEMENT ON EPC BASIS FROM EXISTING,Highways (State Pwds),NHIDCL,NAGALAND,2018-03-01,2022-11-01,2023-10-01,500.09,500.09,169.04,,583.31,2023-06-01,,,delayed,349
2023-04-01,N24000764,491,CONSTRUCTION OF TWO LANE WITH HARD SHOULDERS OF MERANGKONG-TAMLU-MON ROAD FROM EXISTING KM 41.065 TO,Highways (State Pwds),NHIDCL,NAGALAND,2018-03-01,2022-10-01,2023-10-01,272.89,272.89,4.04,,,2022-10-01,,,delayed,349
2023-04-01,N24000862,492,WIDENING AND UP-GRADATION TO 2-LANE WITH PAVED SHOULDER CONFIGURATION AND GEOMETRIC IMPROVEMENTS FRO,Highways (State Pwds),NHIDCL,MIZORAM,2017-04-01,2023-04-01,2023-10-01,537.82,537.82,567.32,,,,,,delayed,349
2023-04-01,N24000902,493,FOUR LANING OF BALACHERA- HARANGAJAO SECTION OF NH- 54 (EXT) FROM KM 275.00 TO KM 244.000 IN THE STATE,Highways (State Pwds),NHIDCL,ASSAM,2017-10-01,2020-06-01,2023-10-01,818,818,466,,887.68,2020-06-01,,,delayed,349
2023-04-01,N24001262,494,CONSTRUCTION AND UPGRADATION OFEXISTINGROAD TO 2-LANE WITH PAVED SHOULDER INCLUDING GEOMETRIC IMPROV,Highways (State Pwds),NHIDCL,SIKKIM,2020-07-01,2023-04-01,2023-10-01,345.38,395.59,269,,395.59,,,,delayed,350
2023-04-01,N24001264,495,UP-GRADATION TO 2-LANE WITH PAVED SHOULDER FROM KM 12.850 TO KM20.300 OF 7.450KM LENGTH ON GOHA-KHEL,Highways (State Pwds),NHIDCL,JAMMU AND KASHMIR,,2022-04-01,2023-10-01,,228.39,28.31,,,2023-06-01,,,delayed,350
2023-04-01,N24001266,496,UP-GRADATION TO 2-LANE WITH PAVED SHOULDER FROM KM 20.300 TO KM 29.030 OF 8.730 KM LENGTH ON GOHA-K,Highways (State Pwds),NHIDCL,JAMMU AND KASHMIR,2020-07-01,2022-04-01,2023-10-01,210.79,210.79,42.68,,,2023-05-01,,,delayed,350
2023-04-01,N24001277,497,CONSTRUCTION OF CHHIATHLANG -SERCHHIP BYPASS (PKG-1) ON AIZAWL- TUIPANG SECTION OF NH-54,Highways (State Pwds),NHIDCL,MIZORAM,2020-09-01,2022-10-01,2023-10-01,275.02,275.02,134.93,,,2023-07-01,,,delayed,350
2023-04-01,N24001281,498,CONSTRUCTION OF TWO LANE WITH PAVED SHOULDER OF SELLING-DULTE SECTION OF NH-06 (PKG-III),Highways (State Pwds),NHIDCL,MIZORAM,2020-03-01,2022-07-01,2023-10-01,292.24,292.24,172.92,,,2023-04-01,,,delayed,350
2023-04-01,N24001322,499,CONSTRUCTION OF 2-LANE ROAD WITH PAVED SHOULDER (GREENFIELD ALIGNMENT) OF EXISTING STRETCH BETWEEN L,Highways (State Pwds),NHIDCL,SIKKIM,2020-09-01,2022-05-01,2023-10-01,183.31,439.56,282,,439.56,,,,delayed,350
2023-04-01,N24001327,500,REHABILITATION AND UPGRADATION OF EXISTING ROAD TO 2-LANE WITH PAVED SHOULDER INCLUDING GEOMETRIC IM,Highways (State Pwds),NHIDCL,SIKKIM,2020-08-01,2022-05-01,2023-10-01,292.8,292.8,61.85,,,,,,delayed,350
2023-04-01,N24001345,501,KARGIL-ZANSKR PACKAGE-3,Highways (State Pwds),NHIDCL,LADAKH,2020-08-01,2023-01-01,2023-10-01,381.01,381.01,69.89,,,2023-10-01,,,delayed,350
2023-04-01,N24001349,502,MARIAM - PEREN PKG-1A,Highways (State Pwds),NHIDCL,MANIPUR,2021-02-01,2022-12-01,2023-10-01,226.32,226.32,43.17,,,,,,delayed,350
2023-04-01,N24001350,503,MARIAM - PEREN (PKG 1B),Highways (State Pwds),NHIDCL,MANIPUR,2021-02-01,2022-12-01,2023-10-01,188.36,188.36,81.38,,,,,,delayed,350
2023-04-01,N24001366,504,DABOKA KATHKATI PACKAGE-5,Highways (State Pwds),NHIDCL,ASSAM,2021-03-01,2023-01-01,2023-10-01,288.85,288.85,43.34,,,,,,delayed,350
2023-04-01,N24001367,505,TULUNGIA-JOGIGHOPA-PAIKAN PKG-5,Highways (State Pwds),NHIDCL,ASSAM,2021-03-01,2022-12-01,2023-10-01,636.42,418.49,145.39,,,,,,delayed,350
2023-04-01,N24000319,506,4 LANING OF JORHAT TO JHANJI SECTION FROM KM. 453.00 TO KM. 491.08 (DESIGN KM 403.200 TO KM 454.240),Highways (State Pwds),NHIDCL,ASSAM,2015-06-01,2023-08-01,2023-11-01,437.39,437.39,121.9,,,,,,delayed,351
2023-04-01,N24000767,507,CONSTRUCTION OF 2-LANE WITH PAVED SHOULDER INCLUDING GEOMETRIC IMPROVEMENT FROM KM 0.000 TO KM 16.00,Highways (State Pwds),NHIDCL,SIKKIM,2017-03-01,2022-04-01,2023-11-01,375.8,375.8,45.71,,,2022-05-01,,,delayed,351
2023-04-01,N24001321,508,DEMBUEN - BRUNI,Highways (State Pwds),NHIDCL,ARUNACHAL PRADESH,2020-12-01,2023-03-01,2023-11-01,606.63,606.63,260.46,,606.63,,,,delayed,351
2023-04-01,N24001323,509,KHELLANI-KHANABAL PKG-1,Highways (State Pwds),NHIDCL,JAMMU AND KASHMIR,2021-03-01,2022-09-01,2023-11-01,486.45,486.45,63.28,,,2023-06-01,,,delayed,351
2023-04-01,N24001343,510,KARGIL-ZANSKR PACKAGE-1,Highways (State Pwds),NHIDCL,LADAKH,2021-03-01,2023-01-01,2023-11-01,384.23,384.23,42.5,,,2023-11-01,,,delayed,351
2023-04-01,N24001344,511,KARGIL-ZANSKR PACKAGE-2,Highways (State Pwds),NHIDCL,LADAKH,2021-03-01,2023-01-01,2023-11-01,404.89,404.89,32.23,,,2023-11-01,,,delayed,351
2023-04-01,N24001353,512,IMPHAL - KHONGSANG PKG-2,Highways (State Pwds),NHIDCL,MANIPUR,2021-03-01,2022-12-01,2023-11-01,195.14,195.14,34.94,,,,,,delayed,351
2023-04-01,N24001360,513,RANIKOR-MAHESHKHOLA- BAGHMARA (RMB) PKG-3,Highways (State Pwds),NHIDCL,MEGHALAYA,2021-03-01,2022-12-01,2023-11-01,260.21,260.21,66.51,,,,,,delayed,351
2023-04-01,N24001393,514,JORAM – KOLORIANG ROAD FROM EXISTING KM122.600 TO KM138.00 (PKG-7),Highways (State Pwds),NHIDCL,ARUNACHAL PRADESH,2020-08-01,2022-04-01,2023-11-01,184.88,184.88,68.86,,,2023-11-01,,,delayed,351
2023-04-01,N24001439,515,MARAM - PEREN PKG-3,Highways (State Pwds),NHIDCL,MANIPUR,2021-08-01,2023-05-01,2023-11-01,467.41,467.41,100.89,,,,,,delayed,351
2023-04-01,N24000763,516,CONSTRUCTION OF TWO LANE WITH HARD SHOULDERS OF MERANGKONG-TAMLU-MON ROAD FROM EXISTING KM 20.456 TO,Highways (State Pwds),NHIDCL,NAGALAND,2018-03-01,2021-12-01,2023-12-01,215.79,215.79,97.45,,,2022-08-01,,,delayed,351
2023-04-01,N24000857,517,WIDENING AND UP-GRADATION TO 2-LANE WITH PAVED SHOULDER CONFIGURATION AND GEOMETRIC IMPROVEMENTS FRO,Highways (State Pwds),NHIDCL,MIZORAM,2017-04-01,2023-04-01,2023-12-01,519.09,519.09,496.47,,,,,,delayed,351
2023-04-01,N24000859,518,WIDENING AND UP-GRADATION TO 2-LANE WITH PAVED SHOULDER CONFIGURATION AND GEOMETRIC IMPROVEMENTS FRO,Highways (State Pwds),NHIDCL,MIZORAM,2017-04-01,2023-06-01,2023-12-01,642.96,642.96,486.06,,,,,,delayed,351
2023-04-01,N24001282,519,2 LANING OF KOHIMA - JESSAMI SECTION (PACKAGE II),Highways (State Pwds),NHIDCL,NAGALAND,2020-03-01,2022-06-01,2023-12-01,355.79,355.79,109.94,,,2023-02-01,,,delayed,352
2023-04-01,N24001284,520,2 LANING OF KOHIMA - JESSAMI SECTION (PACKAGE III),Highways (State Pwds),NHIDCL,NAGALAND,2020-03-01,2022-06-01,2023-12-01,361.53,361.53,92.56,,,2023-06-01,,,delayed,352
2023-04-01,N24001309,521,KAILASHAHAR TO KHOWAI PKG- 4,Highways (State Pwds),NHIDCL,TRIPURA,2020-11-01,2022-06-01,2023-12-01,159.13,171.5,49.84,,171.5,2023-06-01,,,delayed,352
2023-04-01,N24001317,522,2-LANING FROM JOLAIBARI - BELONIA,Highways (State Pwds),NHIDCL,TRIPURA,2020-06-01,2022-01-01,2023-12-01,201.99,201.99,96.58,,,,,,delayed,352
2023-04-01,N24000749,523,REHABILITATION AND UP GRADATION OF SECTION FROM KM 206.00 TO KM 242.00 (NIMBUTALA TO AUSTIN CREEK) O,Highways (State Pwds),NHIDCL,A & N ISLANDS,2018-03-01,2020-09-01,2024-01-01,234.27,234.27,17.94,,,,,,delayed,352
2023-04-01,N24001261,524,CONSTRUCTION AND UPGRADATION OFEXISTINGROAD TO 2-LANE WITH PAVED SHOULDER INCLUDING GEOMETRIC IMPROV,Highways (State Pwds),NHIDCL,SIKKIM,2020-08-01,2023-04-01,2024-01-01,311,273.78,163.63,,273.78,,,,delayed,352
2023-04-01,N24001397,525,GOHA-KHELLANI PKG-3,Highways (State Pwds),NHIDCL,JAMMU AND KASHMIR,2021-02-01,2023-03-01,2024-01-01,431.28,431.28,144.42,,640.07,2023-05-01,,,delayed,352
2023-04-01,N24000858,526,WIDENING AND UP-GRADATION TO 2-LANE WITH PAVED SHOULDER CONFIGURATION AND GEOMETRIC IMPROVEMENTS FRO,Highways (State Pwds),NHIDCL,MIZORAM,,2023-07-01,2024-02-01,,640.07,863.15,,,,,,delayed,352
2023-04-01,N24000863,527,WIDENING AND UP-GRADATION TO 2-LANE WITH PAVED SHOULDER CONFIGURATION AND GEOMETRIC IMPROVEMENTS FRO,Highways (State Pwds),NHIDCL,MIZORAM,2017-04-01,2023-06-01,2024-02-01,518.53,518.53,580.72,,,,,,delayed,352
2023-04-01,N24001316,528,LADDA - BASAI,Highways (State Pwds),NHIDCL,ARUNACHAL PRADESH,2021-02-01,2023-04-01,2024-02-01,445.96,445.96,29.51,,,,,,delayed,352
2023-04-01,N24000744,529,CONSTRUCTION OF MAJOR BRIDGE OVER MIDDLE STRAIT CREEK BETWEEN KM. 106.590 TO KM. 107.762 OF NH 223 (,Highways (State Pwds),NHIDCL,A & N ISLANDS,2015-03-01,2022-01-01,2024-03-01,262.97,262.97,30,,,,,,delayed,352
2023-04-01,N24000765,530,CONSTRUCTION OF TWO LANE WITH HARD SHOULDERS OF MERANGKONG-TAMLU-MON ROAD FROM EXISTING KM 60.345 TO,Highways (State Pwds),NHIDCL,NAGALAND,2018-03-01,2018-09-01,2024-03-01,323.98,323.98,70.01,,,2023-06-01,,,delayed,353
2023-04-01,N24000946,531,CONSTRUCTION OF 2-LANE ROAD WITH PAVED SHOULDERS FROM KM16.00 OF ROING-HUNLI SECTION TO KM 21.500 OF,Highways (State Pwds),NHIDCL,ARUNACHAL PRADESH,2017-03-01,2022-03-01,2024-03-01,1718.59,1718.59,493.47,,1037.18,2023-12-01,,,delayed,353
2023-04-01,N24001258,532,CONSTRUCTION OF 2-LANE WITH PAVED SHOULDER OF KOHIMA-BYPASS ROAD FROM DSIGN KM32.0 TO KM43.454 [DES,Highways (State Pwds),NHIDCL,NAGALAND,2020-08-01,2022-04-01,2024-03-01,202.36,202.36,20.03,,,,,,delayed,353
2023-04-01,N24001287,533,2 LANING OF KOHIMA - JESSAMI SECTION (PACKAGE V),Highways (State Pwds),NHIDCL,NAGALAND,2020-04-01,2021-12-01,2024-03-01,330.8,330.8,83.11,,,2022-12-01,,,delayed,353
2023-04-01,N24001358,534,TLABUNG - LUNGLEI PKG-A,Highways (State Pwds),NHIDCL,MIZORAM,2021-03-01,2022-12-01,2024-03-01,698.44,698.44,100.69,,,2023-10-01,,,delayed,353
2023-04-01,N24001359,535,TLABUNG - LUNGLEI PKG-B,Highways (State Pwds),NHIDCL,MIZORAM,2021-03-01,2023-01-01,2024-03-01,740.58,740.58,79.53,,,,,,delayed,353
2023-04-01,N24001394,536,KHELLANI-KHANABAL PKG-2,Highways (State Pwds),NHIDCL,JAMMU AND KASHMIR,2021-07-01,2023-02-01,2024-03-01,512.43,512.43,32.4,,161.73,,,,delayed,353
2023-04-01,N24001438,537,MERANGKONG-TAMLU-MON (MTM) PKG-5,Highways (State Pwds),NHIDCL,NAGALAND,,2023-12-01,2024-03-01,,161.73,32.41,,,,,,delayed,353
2023-04-01,N24001440,538,KEIFANG - TUVAI PKG-1,Highways (State Pwds),NHIDCL,MIZORAM,2021-09-01,2023-05-01,2024-03-01,492.94,492.94,120.28,,,,,,delayed,353
2023-04-01,N24000855,539,CONSTRUCTION OF 4.5 KM LONG SILKYARA TUNNEL BETWEEN KM 25.40 TO 50.25 KM (TUNNEL WORK),Highways (State Pwds),NHIDCL,UTTARAKHA ND,2018-03-01,2022-07-01,2024-05-01,1383.78,1383.78,229.38,,,2022-07-01,,,delayed,353
2023-04-01,N24000865,540,WIDENING AND UP-GRADATION TO 2-LANE WITH PAVED SHOULDER CONFIGURATION AND GEOMETRIC IMPROVEMENTS FRO,Highways (State Pwds),NHIDCL,MIZORAM,2017-04-01,2023-09-01,2024-05-01,428.11,428.11,399.37,,,,,,delayed,353
2023-04-01,N24001244,541,CONSTRUCTION OF 2-LANING WITH HARD SHOULDERS OF ARROWA-KHUPA-HAYULIANG SECTION OF NH-113 FROM CH.68.,Highways (State Pwds),NHIDCL,ARUNACHAL PRADESH,2020-08-01,2022-04-01,2024-05-01,301.06,301.06,31.33,,,2024-05-01,,,delayed,353
2023-04-01,N24001337,542,CONSTRUCTION AND UPGRADATION OF EXISTING ROAD TO 2-LANE WITH PAVED SHOULDER FROM NEW ROLEP BRIDGE AT,Highways (State Pwds),NHIDCL,SIKKIM,2020-10-01,2023-11-01,2024-05-01,493.42,478.79,53.65,,478.79,,,,delayed,354
2023-04-01,N24001400,543,SENAPATI- IMPHAL PKG-5B,Highways (State Pwds),NHIDCL,MANIPUR,2021-03-01,2023-01-01,2024-05-01,211.7,211.7,1.64,,,,,,delayed,354
2023-04-01,N24000748,544,REHABILITATION AND UP GRADATION OF SECTION FROM KM 107.760 TO KM 129.445 (AFTER MIDDLE STRAIT TO HUM,Highways (State Pwds),NHIDCL,A & N ISLANDS,2018-02-01,2020-09-01,2024-06-01,391,391,30.51,,,,,,delayed,354
2023-04-01,N24000582,545,4 LANING OF NH-37 SECTION BETWEEN DEMOW TO END OF MORAN BYPASS (FROM KM. 534.800 TO KM. 561.700) O,Highways (State Pwds),NHIDCL,ASSAM,2016-01-01,2016-01-01,2024-07-01,294.17,294.17,247.98,,,,,,delayed,354
2023-04-01,N24001255,546,CONSTRUCTION OF 2-LANE WITH PAVED SHOULDER OF KOHIMA-BYPASS ROAD FROM DESIGN KM10.500 TO 21.00KM [D,Highways (State Pwds),NHIDCL,NAGALAND,2020-09-01,2022-10-01,2024-07-01,277.44,277.44,71.16,,,,,,delayed,354
2023-04-01,N24001325,547,CONSTRUCTION OF 2-LANE SPECIFICATION ROAD WITH PAVED SHOULDER AS REALIGNMENT (GREENFIELD ALIGNMENT),Highways (State Pwds),NHIDCL,SIKKIM,2020-09-01,2023-05-01,2024-08-01,262.84,414.2,168.5,,414.2,,,,delayed,354
2023-04-01,N24001395,548,KHELLANI-KHANABAL PKG-4,Highways (State Pwds),NHIDCL,JAMMU AND KASHMIR,2021-07-01,2023-08-01,2024-08-01,859.67,859.67,45.82,,,,,,delayed,354
2023-04-01,N24001338,549,CONSTRUCTION OF 2-LANE WITH PAVED SHOULDER OF NEW GREEN FIELD ALIGNMENT FROM CHOCHENPHERI AT KM 52.0,Highways (State Pwds),NHIDCL,SIKKIM National Highways Authority Of India,2020-10-01,2023-12-01,2024-09-01,816.79,786.6,92.33,,786.6,2024-09-01,,,delayed,354
2023-04-01,N24000442,550,"CONSTRUCTION OF FLYOVER AT KM.544.650 INCLUDING ROB ,SERVICE ROADS ,FOOTPATH FOR RCC DRAINS ON URBAN",Highways (State Pwds),NHAI,MAHARASHTR A,2015-12-01,2019-03-01,2023-04-01,649.5,649.5,287.85,,,2023-04-01,,,delayed,354
2023-04-01,N24000482,551,FOUR LANING OF KOILWAR TO BHOJPUR,Highways (State Pwds),NHAI,BIHAR,2015-08-01,2020-01-01,2023-04-01,814.04,825.17,1078.77,,,2023-04-01,,,delayed,354
2023-04-01,N24000488,552,FOUR LANING OF UDHAMBUR - RAMBAN SECTION OF NH-1A,Highways (State Pwds),NHAI,JAMMU AND KASHMIR,2015-12-01,2018-12-01,2023-04-01,2136.97,2136.97,2131.56,,2288.97,2023-04-01,,,delayed,355
2023-04-01,N24000493,553,FOUR LANING OF SULTANPUR TO VARANASI (PKG-I),Highways (State Pwds),NHAI,UTTAR PRADESH,2016-01-01,2018-06-01,2023-04-01,1027.53,2628.31,2606.43,,2950.04,2023-04-01,,,delayed,355
2023-04-01,N24000501,554,FOUR LANING OF FORBESGANJ - JOGBANI,Highways (State Pwds),NHAI,BIHAR,2015-08-01,2018-04-01,2023-04-01,322.09,322.09,247.95,,,2023-04-01,No issue.,,delayed,355
2023-04-01,N24000566,555,4 LANNING OF MUKKOLA JUNCTION TO KERALA/ TAMIL NADU BORDER FROM KM 26.500 TO KM 43.000 OF NH-47 IN T,Highways (State Pwds),NHAI,KERALA,2016-04-01,2018-06-01,2023-04-01,804.97,571.45,640.45,,571.45,2023-04-01,Nil,,delayed,355
2023-04-01,N24000827,556,FOUR LANING OF MADURAI- CHETTIKULAM SECTION OF NH- 785 FROM MADURAI (KM 0/000) TO CHETTICULAM (7/300),Highways (State Pwds),NHAI,TAMIL NADU,2018-03-01,2020-11-01,2023-04-01,628.71,628.71,567.42,,,2023-04-01,,,delayed,355
2023-04-01,N24001378,557,WAKHARI TO KHUDUS PACKAGE2 SANT DNYANESHWAR MAHARAJ PALKHI MARG SECTION OF NH965,Highways (State Pwds),NHAI,MAHARASHTR A,2019-02-01,2022-01-01,2023-04-01,362.46,372.46,342.95,,372.46,2023-03-01,,,delayed,355
2023-04-01,N24001576,558,RASISAR (NEAR BIKANER)- DEOGARH (NEAR DHANDHANIYA) (PHASE-I) (AJ/RD-PACKAGE-1),Highways (State Pwds),NHAI,RAJASTHAN,2019-02-01,2022-10-01,2023-04-01,621.82,621.82,2.18,,,,,,delayed,355
2023-04-01,N24001578,559,SANGARIYA (NEAR CHAUTALA)- RASISAR (NEAR BIKANER) (PHASE-I) (AJ/SR-PACKAGE-8),Highways (State Pwds),NHAI,RAJASTHAN,2019-02-01,2022-10-01,2023-04-01,580.79,580.79,2.07,,,,,,delayed,355
2023-04-01,N24001582,560,RASISAR (NEAR BIKANER)- DEOGARH (NEAR DHANDHANIYA) (PHASE-I) (AJ/RD-PACKAGE-3),Highways (State Pwds),NHAI,RAJASTHAN,2019-02-01,2022-01-01,2023-04-01,732.84,732.84,2.08,,,2023-07-01,,,delayed,355
2023-04-01,N24001583,561,RASISAR (NEAR BIKANER)- DEOGARH (NEAR DHANDHANIYA) (PHASE-I) (AJ/RD-PACKAGE-5),Highways (State Pwds),NHAI,RAJASTHAN,2019-02-01,2021-11-01,2023-04-01,820.02,820.02,3.46,,,,,,delayed,355
2023-04-01,N24001584,562,RASISAR (NEAR BIKANER)- DEOGARH (NEAR DHANDHANIYA) (PHASE-I) (AJ/RD-PACKAGE-2),Highways (State Pwds),NHAI,RAJASTHAN,2019-02-01,2022-01-01,2023-04-01,676.19,676.19,0.41,,,2023-05-01,,,delayed,355
2023-04-01,N24001585,563,SANGARIYA (NEAR CHAUTALA)- RASISAR (NEAR BIKANER) (AJ/SR-PACKAGE-4),Highways (State Pwds),NHAI,RAJASTHAN,2019-02-01,2022-06-01,2023-04-01,542.7,542.7,0.16,,,,,,delayed,356
2023-04-01,N24001624,564,CONSTRUCTION OF EMERGENCY LANDING FACILITY FROM KM. 246.60 TO KM. 249.70 ON SRINAGAR - BANIHAL SECTI,Highways (State Pwds),NHAI,JAMMU AND KASHMIR,2019-07-01,2020-10-01,2023-04-01,157.05,157.05,108.15,,,2023-04-01,,,delayed,356
2023-04-01,N24000138,565,HUNGUND-SURATHKAL AND MANGALORE-KNT/KERALA BORDER,Highways (State Pwds),NHAI,KARNATAKA,2010-09-01,2018-06-01,2023-05-01,946,1046.56,828.72,,1046.56,2023-05-01,Change in demand time to,,delayed,356
2023-04-01,N24000205,566,SIX LANING OF CHANDIKHOL- JAGATPUR-BHUBANESWAR,Highways (State Pwds),NHAI,ODISHA,2011-12-01,2014-06-01,2023-05-01,1047,1047,1855,,,2023-05-01,,,delayed,356
2023-04-01,N24000213,567,2-LANING OF KRISHNAGIRI- TINDIVANAM (APPROVED LENHTH 170 KM),Highways (State Pwds),NHAI,TAMIL NADU,2012-04-01,2014-04-01,2023-05-01,624,619.96,285.07,,619.96,2023-05-01,,,delayed,356
2023-04-01,N24000499,568,FOUR LANING OF GHAGHRA BRIDGE TO VARANASI (PKG-II),Highways (State Pwds),NHAI,UTTAR PRADESH,2015-12-01,2018-06-01,2023-05-01,667,3006.53,2994.64,,3192.1,2023-05-01,,,delayed,356
2023-04-01,N24000506,569,FOUR LANING OF BHOJPUR TO BUXAR,Highways (State Pwds),NHAI,BIHAR,1991-01-01,2020-10-01,2023-05-01,642.41,681.67,786.78,,,2023-05-01,,,delayed,356
2023-04-01,N24000549,570,4-LANNING OF VARANASI GORAKHPUR SECTION OF NH-29 FROM 88.00 148.00 KM 4- LANNING OF VARANASI GORAKHPU,Highways (State Pwds),NHAI,UTTAR PRADESH,2016-03-01,2019-10-01,2023-05-01,1396.74,1396.74,3195.4,,4041.8,2023-05-01,,,delayed,356
2023-04-01,N24000551,571,4-LANNING OF VARANASI GORAKHPUR SECTION OF NH-29 FROM 148.00 208.300 KM [PACKAGE-IV],Highways (State Pwds),NHAI,UTTAR PRADESH,2016-03-01,2019-04-01,2023-05-01,1587.49,3063.99,2320.58,,3150,2022-12-01,,,delayed,356
2023-04-01,N24000655,572,CONSTRUCTION OF NEW 4- LANE BRIDGE ACROSS VARSOVA CREEK AND ITS APPROACHES WITH INTERCHANGE IN THE ST,Highways (State Pwds),NHAI,MAHARASHTR A,2017-03-01,2020-03-01,2023-05-01,247.02,157.49,37.01,,,,,,delayed,356
2023-04-01,N24000699,573,REHABILITATION AND UP- GRADATION OF BIRAMITRAPUR TO BRAHMANI BYPASS (PKG-I),Highways (State Pwds),NHAI,ODISHA,2017-07-01,2020-11-01,2023-05-01,476.56,780.37,311.77,,780.37,2021-06-01,,,delayed,356
2023-04-01,N24000709,574,BALANCE WORK FOR FOUR LANING OF ITARSI TO BETUL SECTION OF NH69 FROM KM 63.000 TO KM 137.00 (DESIGN,Highways (State Pwds),NHAI,MADHYA PRADESH,2017-12-01,2020-02-01,2023-05-01,950.27,950.27,489.6,,,,,,delayed,357
2023-04-01,N24000731,575,REHABILITATION AND UP- GRADATION OF EXISTING 2- LANE TO 4 LANE OF KOIDA (KM206.20) TO RAJAMUNDA (KM 25,Highways (State Pwds),NHAI,ODISHA,2018-01-01,2020-05-01,2023-05-01,953.09,1014.08,731.39,,1014.08,,,,delayed,357
2023-04-01,N24000792,576,FOUR LANING OF ALIGARH - KANPUR SECTION PKG-I FROM ALIGARH - BHADWAS,Highways (State Pwds),NHAI,UTTAR PRADESH,2018-03-01,2022-06-01,2023-05-01,809.07,1065.7,970.31,,1438.69,,,,delayed,357
2023-04-01,N24000835,577,CONSTRUCTION OF 8 LANE DWARKA EXPRESSWAY (NH- 248BB PACKAGE IV FROM RAIL OVER BRIDGE (ROB) TILL END P,Highways (State Pwds),NHAI,HARYANA,2018-03-01,2020-12-01,2023-05-01,1484.3,1484.3,584.83,,,2023-05-01,,,delayed,357
2023-04-01,N24000844,578,SIX LANNING OF NH-5 (NEW NH- 16) FROM TANGI TO BHUBANESHWAR (KM 355.000 TO KM 414.000),Highways (State Pwds),NHAI,ODISHA,2018-03-01,2021-04-01,2023-05-01,806.11,806.11,297,,,2023-05-01,,,delayed,357
2023-04-01,N24000845,579,SIX / FOUR LANING OF NH 5 (NEW NH 16) FROM PUINTOLA TO TANGI (KM. 284.000 TO KM. 355.000),Highways (State Pwds),NHAI,ODISHA,2018-03-01,2020-12-01,2023-05-01,538.41,538.41,330.51,,,,,,delayed,357
2023-04-01,N24001185,580,SIX LANING OF CHAKERI TO ALLAHABAD SECTION OF NH-2 FROM KM 483.687 TO KM 628.753 (DESIGN LENGTH – 14,Highways (State Pwds),NHAI,UTTAR PRADESH,2017-11-01,2021-07-01,2023-05-01,2159,2262,1915.32,,2262,2023-04-01,Slow disbursement by the,,delayed,357
2023-04-01,N24001199,581,CONSTRUCTION OF EIGHT LANE ACCESS CONTROLLED EXPRESSWAY CARRIAGEWAY FROM BARDAWADI VILLAGE TO MANDSA,Highways (State Pwds),NHAI,MADHYA PRADESH,2019-10-01,2021-12-01,2023-05-01,743.88,743.89,624,,,2022-11-01,,,delayed,357
2023-04-01,N24001212,582,CONSTRUCTION OF EIGHT LANE ACCESS CONTROLLED EXPRESSWAY CARRIAGEWAY FROM BANI VILLAGE TO BARDAWADI V,Highways (State Pwds),NHAI,MADHYA PRADESH,2017-12-01,2022-11-01,2023-05-01,656.98,840,848,,,,,,delayed,357
2023-04-01,N24001213,583,CONSTRUCTION OF EIGHT LANE ACCESS CONTROLLED EXPRESSWAY CARRIAGEWAY FROM JODMI VILLAGE TO BANI VILLA,Highways (State Pwds),NHAI,MADHYA PRADESH,2017-12-01,2022-02-01,2023-05-01,1094.97,1094.97,948,,217.96,2022-11-01,,,delayed,358
2023-04-01,N24001214,584,CONSTRUCTION OF EIGHT LANE ACCESS CONTROLLED EXPRESSWAY CARRIAGEWAY FROM RAJASTHAN/MP BORDER TO JODM,Highways (State Pwds),NHAI,MADHYA PRADESH,,2022-12-01,2023-05-01,,884,750,,,,,,delayed,358
2023-04-01,N24001231,585,PACKAGE-21 CONSTRUCTION OF EIGHTLANE ACCESS- CONTROLLED EXPRESSWAY CARRIAGEWAY FROM KAMLIYA VILLAGE,Highways (State Pwds),NHAI,MADHYA PRADESH,2019-02-01,2021-12-01,2023-05-01,990.97,990.97,875,,,2022-09-01,,,delayed,358
2023-04-01,N24001232,586,PACKAGE-24 CONSTRUCTION OF EIGHTLANE ACCESS- CONTROLLED EXPRESSWAY CARRIAGEWAY FROM RANNI VILLAGE TO,Highways (State Pwds),NHAI,MADHYA PRADESH,2019-02-01,2022-03-01,2023-05-01,847,847,702,,,2022-11-01,,,delayed,358
2023-04-01,N24001233,587,PACKAGE-23 CONSTRUCTION OF DELHI-VADODARA EIGHT LANE ACCESS- CONTROLLED EXPRESSWAY FROM BAWDI VILLAG,Highways (State Pwds),NHAI,MADHYA PRADESH,2019-03-01,2020-05-01,2023-05-01,1047,1047,715,,,2023-03-01,,,delayed,358
2023-04-01,N24001234,588,PACKAGE-25 CONSTRUCTION OF EIGHTLANE ACCESS- CONTROLLED EXPRESSWAY CARRIAGEWAY FROM MIYATI VILLAGE T,Highways (State Pwds),NHAI,MADHYA PRADESH,2019-02-01,2022-03-01,2023-05-01,996.27,996.27,796,,,2022-11-01,,,delayed,358
2023-04-01,N24001377,589,MOHOL TO WAKHARI PACKAGE1 SANT DNYANESHWAR MAHARAJ PALKHI MARG SECTION OF NH965,Highways (State Pwds),NHAI,MAHARASHTR A,2019-02-01,2022-01-01,2023-05-01,731.89,736.02,600.11,,736.02,2023-03-01,,,delayed,358
2023-04-01,N24001379,590,KHUDUS TO DHARAMPURI PACKAGE 3 SANT DNYANESHWAR MAHARAJ PALKHI MARG SECTION OF NH965,Highways (State Pwds),NHAI,MAHARASHTR A,2019-02-01,2022-01-01,2023-05-01,594.75,608.82,502.7,,594.75,2023-03-01,,,delayed,359
2023-04-01,N24001517,591,DELHI VADODARA GREENFIELD ALIGNMENT SECTION OF NH 148N PACKAGE 29,Highways (State Pwds),NHAI,GUJARAT,,2023-04-01,2023-05-01,,1523.77,452.9,,,,,,delayed,359
2023-04-01,N24001535,592,4-LANING OF GOHANA-SONIPAT (PKG-2) SECTION FROM KM 40.601 TO KM 78.837 (LENGTH = 38.236KM) OF NH-352,Highways (State Pwds),NHAI,HARYANA,2020-07-01,2022-07-01,2023-05-01,899,947,862.46,,,2023-05-01,,,delayed,359
2023-04-01,N24001536,593,FOUR LANING OF JIND GOHANA GREENFIELD ALIGNMENT PACKAGE 1 IN THE STATE OF HARYANA UNDER HYBRID ANNUI,Highways (State Pwds),NHAI,HARYANA,2020-07-01,2022-07-01,2023-05-01,817,817,785.54,,,,,,delayed,359
2023-04-01,N24001574,594,DEOGARH (NEAR DHANDHANIYA)- RAJASTHAN/GUJARAT BORDER (PHASE-I) (AJ/DRGB-PACKAGE-3),Highways (State Pwds),NHAI,RAJASTHAN,2019-02-01,2022-12-01,2023-05-01,820.19,820.19,2.07,,,,,,delayed,359
2023-04-01,N24001575,595,DEOGARH (NEAR DHANDHANIYA)- RAJASTHAN/GUJARAT BORDER (PHASE-I) (AJ/DRGB-PACKAGE-4),Highways (State Pwds),NHAI,RAJASTHAN,2019-10-01,2022-11-01,2023-05-01,598.01,598.01,5.51,,,,,,delayed,359
2023-04-01,N24001604,596,"REMAINING WORK OF 2L+PS OF TRICHY - KARAIKUDI SECTION OF NH-210, INCLUDING TRICHY BYPASS",Highways (State Pwds),NHAI,TAMIL NADU,2019-02-01,2021-03-01,2023-05-01,166.9,166.9,118.82,,,,,,delayed,359
2023-04-01,N24001613,597,DEOGARH (NEAR DHANDHANIYA)- RAJASTHAN/GUJARAT BORDER (PHASE-I) (AJ/DRGB-PACKAGE-5),Highways (State Pwds),NHAI,RAJASTHAN,2019-10-01,2023-03-01,2023-05-01,584.37,584.37,26.93,,,,,,delayed,359
2023-04-01,N24001713,598,2ND FLYOVER (LCW) PARALLEL TO EXISTING FLYOVER IN KISHANGANJ TOWN.,Highways (State Pwds),NHAI,BIHAR,2018-03-01,2020-06-01,2023-05-01,150.21,150,132.84,,150,,,,delayed,359
2023-04-01,N24001722,599,6L OF MADURAVOYAL TO SRIPERUMBUDUR SECTION FROM KM. 13.800 TO KM. 37.000 OF NH-4 THROUGH STATE HIGH,Highways (State Pwds),NHAI,TAMIL NADU,2021-11-01,2023-02-01,2023-05-01,463.44,464,,,,,,,delayed,359
2023-04-01,N24001742,600,"4L OF SHAMLI TO MUZAFFARNAGAR SECTION OF NH-709AD, PKG-II",Highways (State Pwds),NHAI,UTTAR PRADESH,2020-06-01,2022-10-01,2023-05-01,1621.07,1621.07,,,,,,,delayed,360
2023-04-01,N24001744,601,"4L OF SHAMLI BYAPSS- SAHARANPUR FROM KM 92.2 TO KM 155.025 SECTION OF NH- 709B, PKG-II",Highways (State Pwds),NHAI,UTTAR PRADESH,2019-05-01,2022-11-01,2023-05-01,779.17,779.17,,,,,,,delayed,360
2023-04-01,N24000165,602,PATNA-MUZZAFFARPUR,Highways (State Pwds),NHAI,BIHAR,2010-08-01,2013-02-01,2023-06-01,671.3,671.3,1591.71,,,2023-06-01,,,delayed,360
2023-04-01,N24000187,603,4-LANNING OF CHAPRA- HAJIPUR,Highways (State Pwds),NHAI,BIHAR,2011-01-01,2013-07-01,2023-06-01,575,575,519.82,,,2023-06-01,,,delayed,360
2023-04-01,N24000462,604,4-LANING OF GOA/KARNATAKA BORDER-KUNDAPUR SECTION,Highways (State Pwds),NHAI,KARNATAKA,2014-05-01,2016-08-01,2023-06-01,1655.01,2639,1775.46,,2639,2023-06-01,a.,,delayed,361
2023-04-01,N24000569,605,FOUR LANING OF KAGAVADAR - UNA SECTION OF NH-8E FROM KM 139.915 TO KM 180.478 (PACKAGE-IV) IN THE ST,Highways (State Pwds),NHAI,GUJARAT,2016-05-01,2019-09-01,2023-06-01,723.64,723.64,551.69,,,,,,delayed,361
2023-04-01,N24000603,606,HOSPET-BELLARY-KARNATAKA AP BORDER,Highways (State Pwds),NHAI,KARNATAKA,2016-08-01,2019-03-01,2023-06-01,1167.42,870,365.78,,,2023-06-01,,,delayed,361
2023-04-01,N24000628,607,4-LANNING OF TARSOD- FAGNE(FROM KM 422.700- 510.00),Highways (State Pwds),NHAI,MAHARASHTR A,2016-11-01,2021-07-01,2023-06-01,1064.88,1021,765.95,,,2023-06-01,Nil,,delayed,362
2023-04-01,N24000629,608,4-LANNING OF RAIPUR- KODEBAD SECTION OF NH-43 (FROM KM. 10.200 TO KM. 43.400) IN THE STATE OF CHHATTI,Highways (State Pwds),NHAI,MAHARASHTR A,2016-11-01,2019-03-01,2023-06-01,400.25,304.07,299.26,,,2023-06-01,Nil,,delayed,362
2023-04-01,N24000649,609,SIX LANNING FROM KM. 401.200 TO 494.410 OF NH-8 ON HYBRID ANNUITY MODE UNDER NHDP- V(PKG VI)REG.,Highways (State Pwds),NHAI,GUJARAT,2017-01-01,2020-12-01,2023-06-01,1251.11,1361,570.86,,,2023-06-01,,,delayed,362
2023-04-01,N24000659,610,4-LANNING OF WARANGA- MAHAGAON SECTION(KM 253.7000 TO 320.580),Highways (State Pwds),NHAI,MAHARASHTR A,2017-03-01,2017-03-01,2023-06-01,1059.73,1071,837.73,,1071,2021-05-01,Nil,,delayed,362
2023-04-01,N24000662,611,CONSTRUCTION OF PARTIALLY ACESS CONTROLLED FOUR LANE ELEVATED HIGHWAY BETWEEN SAMRALA CHOWK (DESIGN,Highways (State Pwds),NHAI,PUNJAB,2017-03-01,2020-03-01,2023-06-01,754.54,668.74,625.36,,668.74,2023-06-01,,,delayed,362
2023-04-01,N24000701,612,JUNAGADH BYPASS,Highways (State Pwds),NHAI,GUJARAT,2017-10-01,2021-04-01,2023-06-01,232.49,290.69,235.17,,375.78,2023-06-01,,,delayed,362
2023-04-01,N24000715,613,REHABILITATION AND UPGRADATION OF CUTTACK ANGUL SECTION OF NH-42 (NEW NH-55) TO 4 LANE (KM. 0+400 TO,Highways (State Pwds),NHAI,ODISHA,2017-12-01,2020-07-01,2023-06-01,686.65,686.65,359.57,,565,,,,delayed,362
2023-04-01,N24000717,614,CONSTRUCTION OF STAND ALONE RING ROAD/ BYPASS AROUND JAMMU CITY IN THE STATE OF J AND K ON EPC MODE,Highways (State Pwds),NHAI,JAMMU AND KASHMIR,2017-12-01,2021-07-01,2023-06-01,1471.75,1471.75,1397.8,,1471.75,2023-04-01,,,delayed,362
2023-04-01,N24000723,615,REHABILITATION AND UPGRADATION OF TWO LANING OF MAHESHKHUNT - SAHARSA - PURNEA SECTION PKG - I,Highways (State Pwds),NHAI,BIHAR,2018-01-01,2021-12-01,2023-06-01,573.7,726.99,331.83,,644.5,2019-12-01,Procedural delay in Land,,delayed,362
2023-04-01,N24000725,616,FOUR LANING OF BARHI - KODERMA SECTION OF NH - 31,Highways (State Pwds),NHAI,JHARKHAND,2018-01-01,2021-11-01,2023-06-01,273.46,276.17,216.45,,,,,,delayed,362
2023-04-01,N24000733,617,REHABILITATION AND UP- GRADATION OF EXISTING 2- LANE TO 4 LANE OF DUBURI (KM 388.376) TO CHANDIKHOLE (,Highways (State Pwds),NHAI,ODISHA,2018-01-01,2022-08-01,2023-06-01,633.68,633.68,335,,492.83,,,,delayed,363
2023-04-01,N24000734,618,REHABILITATION AND UP- GRADATION OF EXISTING 2- LANE TO FOUR LANE FROM TALCHAR TO END OF KAMAKHYANAG,Highways (State Pwds),NHAI,ODISHA,2018-01-01,2021-08-01,2023-06-01,614.48,757.12,452,,503.3,,,,delayed,363
2023-04-01,N24000738,619,REHABILITATION AND UPGRADATION OF SIX LANING OF BHADRAK BALESHWAR SECTION (KM 136.50) TO (KM 199.141,Highways (State Pwds),NHAI,ODISHA,2018-01-01,2021-09-01,2023-06-01,999,1152.7,160,,1152.7,,,,delayed,363
2023-04-01,N24000795,620,CONSTRUCTION/ UP-GRATION OF FOUR/TWO LANE WITH PAVED SHOULDER OF NH68 FROM TANOT-RAMGARH BHADASAR-JA,Highways (State Pwds),NHAI,RAJASTHAN,2018-02-01,2021-04-01,2023-06-01,741.86,649,185.59,,649,2023-08-01,,,delayed,363
2023-04-01,N24000813,621,DEVELOPMENT OF NEWLY DECLARED NH-527C FROM MAJHAULI TO CHAROUT SECTION TO 2 LANE WITH PAVED SHOULDER,Highways (State Pwds),NHAI,BIHAR,2018-03-01,2021-11-01,2023-06-01,496.2,537.17,245.2,,,,,,delayed,363
2023-04-01,N24000825,622,FOUR LANING OF NH-363 FROM REPALLEWADA (DESIGN KM 40.000/EXISTING KM 288.510) TO TELANGANA/MAHARASHT,Highways (State Pwds),NHAI,TELANGANA,2018-03-01,2023-02-01,2023-06-01,828.29,828.29,287.9,,1140.5,2023-06-01,,,delayed,363
2023-04-01,N24000854,623,4-LANING OF LOHA - WARANGA SECTION OF NH-361 FROM KM. 187.800 TO KM. 244.369 (DESIGN LENGTH 56.569 K,Highways (State Pwds),NHAI,JHARKHAND,2018-03-01,2021-03-01,2023-06-01,1005.08,1073.1,699.05,,1073.1,2023-06-01,Nil,,delayed,363
2023-04-01,N24001303,624,BALANCE WORK OF 4- LANING OF PATNA-GAYA-DOBHI SECTION (KM. 0.00 TO KM. 127.217) OF NH-83 IN THE STAT,Highways (State Pwds),NHAI,BIHAR,2013-10-01,2020-12-01,2023-06-01,649.9,649.9,302.24,,,,Project Not Delayed.,,delayed,363
2023-04-01,N24001304,625,BALANCE WORK OF 4- LANING OF PATNA-GAYA-DOBHI SECTION (KM. 39.00 TO KM. 83.00) OF NH-83 IN THE STATE,Highways (State Pwds),NHAI,BIHAR,2013-10-01,2020-11-01,2023-06-01,446.97,446.97,304.81,,,,Project Not Delayed.,,delayed,363
2023-04-01,N24001305,626,BALANCE WORK OF 4- L ANING OF PATNA-GAYA-DOBHI SECTION (KM.83.00 TO KM. 127.217) OF NH-83 IN THE STA,Highways (State Pwds),NHAI,BIHAR,2013-10-01,2020-11-01,2023-06-01,464.09,464.09,312.19,,,,,,delayed,364
2023-04-01,N24001485,627,INTEGRATED STRUCTURE WITH DEVELOPMENT OF OTHER ALLIED STRUCTURES ON BOTH SIDES OF CHANDNI CHOWK JUNC,Highways (State Pwds),NHAI,MAHARASHTR A,2019-02-01,2022-02-01,2023-06-01,397.6,397.6,284.98,,,,,,delayed,364
2023-04-01,N24001549,628,SHRIRAMPUR (KM. 0.000) TO KOCHUGAON (KM. 30.000) OF BIJNI TO ASSAM./WEST BENGAL BORDER SECTION OF NH,Highways (State Pwds),NHAI,ASSAM,2017-07-01,2020-04-01,2023-06-01,442.23,442.23,175.57,,,,,,delayed,364
2023-04-01,N24001572,629,DELHI-VADODARA GREENFIELD ALIGNMENT (NH-148N) (PKG-16) (CH. 427.300 TO CH.452.420) [MAJOR BRIDGE OVE,Highways (State Pwds),NHAI,RAJASTHAN,2019-11-01,2023-01-01,2023-06-01,952.57,952.57,125.32,,,,,,delayed,364
2023-04-01,N24001586,630,SANGARIYA (NEAR CHAUTALA)- RASISAR (NEAR BIKANER) (AJ/SR-PACKAGE-9),Highways (State Pwds),NHAI,RAJASTHAN,2019-02-01,2022-06-01,2023-06-01,656.57,656.57,2.23,,,,,,delayed,364
2023-04-01,N24001597,631,BALANCE WORK OF RANCHI- MAHULIA SECTION OF NH-33 FROM KM 113.730 (VIKAS) TO KM 140.000 (RAMPUR) (PKG-,Highways (State Pwds),NHAI,JHARKHAND,2019-01-01,2020-12-01,2023-06-01,466.55,466.55,,,518,,,,delayed,364
2023-04-01,N24001618,632,KATNI BYPASS FROM KM. 359.50 TO KM. 378.50,Highways (State Pwds),NHAI,MADHYA PRADESH,2019-09-01,2022-09-01,2023-06-01,194.4,194.4,125,,,,,,delayed,364
2023-04-01,N24001647,633,BALANCE WORK OF PANIKOILI RIMULI SECTION OF NEW NH-20 FROM KM 0.00 TO KM. 163.000,Highways (State Pwds),NHAI,ODISHA,2020-08-01,2022-03-01,2023-06-01,200,200,137.04,,154.73,,,,delayed,364
2023-04-01,N24001673,634,4- LANING OF ROHTAK-JIND SECTION FROM KM. 307+000 TO KM. 347+800 OF NH-71 AND CONNECTING LINK FROM K,Highways (State Pwds),NHAI,HARYANA,2020-03-01,2023-03-01,2023-06-01,510.97,510.97,492.21,,,,,,delayed,364
2023-04-01,N24001690,635,CHALLAKERE TO HARIYUR SECTION FROM KM 358.500 TO KM 414.205 OF NH150 A,Highways (State Pwds),NHAI,KARNATAKA,2021-01-01,2023-01-01,2023-06-01,1167.52,1167.52,763.64,,1658.42,,,,delayed,364
2023-04-01,N24001695,636,8L OF GUDUVANCHERY (KM 38.00) - MARAIMALAI NAGAR (KM 42.00) - SINGAPERUMAL KOIL (47.00) - CHETTIPU,Highways (State Pwds),NHAI,TAMIL NADU,2020-12-01,2022-02-01,2023-06-01,230.69,230.69,19.59,,19,,,,delayed,365
2023-04-01,N24001724,637,BALANCE WORK OF 2L PS OF TINDIVANAM KRISHNAGIRI FROM KM 37.600 TO 219.782,Highways (State Pwds),NHAI,TAMIL NADU,2019-05-01,2021-07-01,2023-06-01,602.57,548.89,285.07,,621.38,2023-05-01,,,delayed,365
2023-04-01,N24001741,638,"4L PS OF MEERUT TO AFTER BRIDGE OVER RIVER YAMUNA, HARYANA VIA SHAMLI-FROM KM. 0.00 TO KM. 88.476 OF",Highways (State Pwds),NHAI,UTTAR PRADESH,2020-09-01,2023-01-01,2023-06-01,798.96,798.96,,,,,,,delayed,365
2023-04-01,N24000558,639,NAGPUR RING ROAD PACKAGE- 1,Highways (State Pwds),NHAI,MAHARASHTR A,2016-03-01,2019-07-01,2023-07-01,546,546,360.06,,,2023-07-01,Nil,,delayed,365
2023-04-01,N24000570,640,FOUR LANING OF UNA TO KODINAR OF NH-8E FROM KM. 180.478 TO KM 221.610 (PACKAGE-V) IN THE STATE OF GU,Highways (State Pwds),NHAI,GUJARAT,2016-05-01,2019-08-01,2023-07-01,763.08,763.08,408.37,,,,,,delayed,365
2023-04-01,N24000592,641,4-LANNING OF KODINAR TO VERAVAL SECTION OF NH-8E FROM KM 221.610 TO KM 263.000,Highways (State Pwds),NHAI,GUJARAT,2016-07-01,2020-07-01,2023-07-01,829.97,829.97,329.71,,,,,,delayed,365
2023-04-01,N24000826,642,FOUR LANINIG OF CHETTIKULAM TO NATHAM SECTION OF NH-785 FROM CHETTIKULUM (KM 7.300) TO NATHAM (KM. 3,Highways (State Pwds),NHAI,TAMIL NADU,2018-03-01,2022-10-01,2023-07-01,505.35,505.35,354.35,,,2023-07-01,,,delayed,365
2023-04-01,N24001340,643,4-LANING OF DEWAS-UJJAIN OF SECTION NH-148 NG FROM KM 0+000 TO KM 41.42 IN MP ON HAM MODE,Highways (State Pwds),NHAI,MADHYA PRADESH,2019-11-01,2021-07-01,2023-07-01,716,716,312.25,,,,,,delayed,365
2023-04-01,N24001510,644,4L FROM KM 42.000 TO KM 80.00 OF DODABALLAPUR BYPASS TO HOSKOTE SECTION OF NH-648 (OLD NH- 207) ON H,Highways (State Pwds),NHAI,KARNATAKA,2020-01-01,2021-02-01,2023-07-01,1278,1278,905.43,,,2023-07-01,,,delayed,365
2023-04-01,N24001567,645,DELHI-VADODARA GREENFIELD ALIGNMENT (NH-148N) (PKG-10) (CH. 292.950 TO CH. 319.400) [END OF INTERCHA,Highways (State Pwds),NHAI,RAJASTHAN,2019-11-01,2022-10-01,2023-07-01,1272.97,1272.97,39.42,,,,,,delayed,365
2023-04-01,N24001568,646,DELHI-VADODARA GREENFIELD ALIGNMENT (NH-148N) (PKG-14) (CH. 388.420 TO CH. 419.000) [JUNCTION WITH N,Highways (State Pwds),NHAI,RAJASTHAN,2019-11-01,2023-05-01,2023-07-01,1119.35,1119.35,44.06,,,2023-08-01,,,delayed,366
2023-04-01,N24000463,647,4 LANING OF NH-31D FROM GHOSHPUKUR - SALSALABARI ( KM 0.00 TO KM . 83.785),Highways (State Pwds),NHAI,WEST BENGAL,2015-12-01,2018-06-01,2023-08-01,1083,1414.01,1011.15,,1414.01,2023-08-01,binnaguri5.1 km land,,delayed,366
2023-04-01,N24000718,648,6-LANING OF EXISTING 2-LANE (I) NANDIGAMA BYPASS FROM KM 220.700 TO KM 226.600 (DESIGN CHAINAGE FROM,Highways (State Pwds),NHAI,ANDHRA PRADESH,2017-12-01,2019-06-01,2023-08-01,328.67,416.07,333.18,,416.07,2023-05-01,,,delayed,366
2023-04-01,N24001300,649,6-LANING OF VIJAYAWADA BYPASS FROM CHINNA AVUTUPALLI (DESIGN CH.0+000) TO GOLLAPUDI (DESIGN CH. 30+0,Highways (State Pwds),NHAI,ANDHRA PRADESH,2019-11-01,2021-02-01,2023-08-01,1226.88,1325.33,996.55,,1325.33,2023-08-01,,,delayed,366
2023-04-01,N24001569,650,DELHI-VADODARA GREENFIELD ALIGNMENT (NH-148N) (PKG-12) (CH. 331.030 TO CH. 359.170) [MAJOR BRIDGE ON,Highways (State Pwds),NHAI,RAJASTHAN,2019-11-01,2023-03-01,2023-08-01,1425.02,1425.02,61.09,,,,,,delayed,366
2023-04-01,N24001603,651,4-LANING OF ODDANCHATRAM - MADATHUKULAM SECTION OF NH-209 (NEW NH-83),Highways (State Pwds),NHAI,TAMIL NADU,2019-01-01,2022-10-01,2023-08-01,1518.53,1518.53,816.5,,,,,,delayed,366
2023-04-01,N24001715,652,BALANCE WORK OF TWO LANING WITH PAVED SHOULDER OF PIPRAKOTHI– MOTIHARI- RAXAUL SECTION OF NH-28A FRO,Highways (State Pwds),NHAI,BIHAR,2018-12-01,2020-10-01,2023-08-01,333.6,449.73,,,,,,,delayed,366
2023-04-01,N24001743,653,LUCKNOW RING ROAD PKG-1 (SULTANPUR ROAD TO BEHTA ROAD) [BYPASS CONNECTING NH-56 AT KM. 17.40 AND TER,Highways (State Pwds),NHAI,UTTAR PRADESH,2018-01-01,2023-02-01,2023-08-01,1916.38,2078,653.36,,,2023-08-01,,,delayed,366
2023-04-01,N24001752,654,FOUR LANING OF BAL. WORKS OF BARASAT-KRISHNAGAR FROM KM.48.553 TO KM.115.272,Highways (State Pwds),NHAI,WEST BENGAL,2018-12-01,2023-02-01,2023-08-01,2375.87,2566.8,1260.14,,,2023-08-01,,,delayed,366
2023-04-01,N24001755,655,4-LANING OF MEERUT NAJIBABAD SECTION FROM KM. 11.500 TO KM 39.250 AND KM 86.590 TO KM. 112.545.IN TH,Highways (State Pwds),NHAI,UTTAR PRADESH,2019-10-01,2023-03-01,2023-08-01,1936.68,2458.03,,,,,,,delayed,366
2023-04-01,N24000691,656,SIX-LANNING OF GREENFIELD PROPOSED UDAIPUR BYPASS PKG-IV,Highways (State Pwds),NHAI,RAJASTHAN,2017-04-01,2020-04-01,2023-09-01,894,929.32,770,,,2023-09-01,,,delayed,367
2023-04-01,N24001426,657,4L OF ADDAHOLE TO BANTWAL CROSS SECTION,Highways (State Pwds),NHAI,KARNATAKA,2021-03-01,2021-10-01,2023-09-01,317.9,317.9,189.88,,317.9,2023-09-01,,,delayed,367
2023-04-01,N24001592,658,4 LANING OF PATHRAPALI TO KATGHORA FROM KM.53.300 TO KM.92.600,Highways (State Pwds),NHAI,CHHATISGARH,2019-11-01,2022-12-01,2023-09-01,865.1,865.1,358.89,,,,,,delayed,367
2023-04-01,N24001710,659,4 LANING FROM KM. 34.600 TO KM. 79.970 and 2LPS FROM KM. 79.970 TO KM. 82.000 OF NARENPUR - PURNEA S,Highways (State Pwds),NHAI,BIHAR,2020-09-01,2023-03-01,2023-09-01,2334.68,2335,521.44,,2335,,,,delayed,367
2023-04-01,N24000560,660,NAGPUR RING ROAD PACKAGE- 2,Highways (State Pwds),NHAI,MAHARASHTR A,2016-03-01,2019-07-01,2023-10-01,591.66,591.66,345.14,,,2023-10-01,Nil,,delayed,367
2023-04-01,N24000851,661,CONSTRUCTION OF 8 LANING OF EXISTING 4 LANE VADAPE TO THANE FROM KM 539.202 TO KM 563.000 SECTION OF,Highways (State Pwds),NHAI,MAHARASHTR A,2018-03-01,2021-07-01,2023-10-01,1162.92,1182.87,93.5,,1182.87,,,,delayed,367
2023-04-01,N24001751,662,BALANCE 4 LANING WORK OF RAIGANJ DALKHOLA SECTION OF NH34 FROM KM 398.000 TO KM 452.750 (PACKAGE V),Highways (State Pwds),NHAI,WEST BENGAL,2018-12-01,2021-09-01,2023-10-01,1548.07,1548.07,1084.06,,,,,,delayed,367
2023-04-01,N24000182,663,VARANASI-AURANGABAD KM.786 TO KM.978.40,Highways (State Pwds),NHAI,MULTI STATE,2011-09-01,2014-03-01,2023-11-01,2848,3379.45,3390.5,,,,,,delayed,367
2023-04-01,N24000726,664,SIX LANING OF BIHAR - JHARKHAND BORDER (CHORDAHA) TO GORHAR SECTION,Highways (State Pwds),NHAI,JHARKHAND,2018-01-01,2021-11-01,2023-11-01,1155.16,950.49,557.03,,,,,,delayed,367
2023-04-01,N24000852,665,"FOUR LANING OF SOLAN- KAITHLIGHAT SECTION OF NH- 22 (NOW NH-5) FROM KM 106.139 TO KM 129.050, ON EPC M",Highways (State Pwds),NHAI,HIMACHAL PRADESH,2018-03-01,2021-05-01,2023-11-01,478.74,1136.83,662.07,,,2022-11-01,,,delayed,367
2023-04-01,N24001298,666,SIX LANING OF EXISTING 4-LANE ROAD FROM GUNDUGOLANU (DESIGN KM 1023.280) TO KALAPARRU (DESIGN KM 105,Highways (State Pwds),NHAI,ANDHRA PRADESH,2018-09-01,2020-01-01,2023-11-01,597.67,641.9,594.44,,641.9,2023-05-01,,,delayed,367
2023-04-01,N24001425,667,4L OF ADDAHOLE TO BANTWAL CROSS SECTION INCLUDING FLYOVER AT KALLADKA TOWN,Highways (State Pwds),NHAI,KARNATAKA,2021-03-01,2021-11-01,2023-11-01,1100.88,1100.88,487.71,,1100.88,2023-11-01,,,delayed,368
2023-04-01,N24001428,668,FOUR LANING OF VILUPPURAM TO PUDHUCHERRY (DESIGN CH. KM. 00/000 TO KM. 29/000) SECTION OF NH-45A ON,Highways (State Pwds),NHAI,TAMIL NADU,2018-03-01,2021-11-01,2023-11-01,998.7,1162.44,645.67,,1162.44,,,,delayed,368
2023-04-01,N24001429,669,FOUR LANÌNG OF PUDUCHERRY (KM.29/000) TO POONDIYANKUPPAM (KM.67/000) SECTION OF NH-45A ON HAM UNDER,Highways (State Pwds),NHAI,TAMIL NADU,2018-03-01,2021-11-01,2023-11-01,1294.47,1415.9,539.17,,1415.9,,,,delayed,368
2023-04-01,N24000203,670,4-LANING OF BRAHAMPORE- FARAKA,Highways (State Pwds),NHAI,WEST BENGAL,2011-02-01,2013-08-01,2023-12-01,998.79,998.79,2170.28,,,,,,delayed,368
2023-04-01,N24000480,671,FOUR OF SIMARIA - KHAGARIA SECTION OF NH-31,Highways (State Pwds),NHAI,BIHAR,2015-12-01,2019-04-01,2023-12-01,1041.1,639.58,530.28,,567,2022-07-01,Nil,,delayed,368
2023-04-01,N24000507,672,FOUR LANING OF BAKHTIYARPUR - MOKAMA SECTION OF NH-31,Highways (State Pwds),NHAI,BIHAR,2015-12-01,2019-12-01,2023-12-01,1167.45,1182.94,534.29,,,,,,delayed,368
2023-04-01,N24000515,673,SIX-LANING OF BARWA ADDA- PANAGARH,Highways (State Pwds),NHAI,WEST BENGAL,2014-04-01,2016-09-01,2023-12-01,1665,2360.65,4619.8,,,,,,delayed,368
2023-04-01,N24000552,674,4-LANNING EXISTING KM 189.700 TO 237.00] HASSAN TO MARANAHALLY,Highways (State Pwds),NHAI,KARNATAKA,2016-03-01,2019-03-01,2023-12-01,701.4,701.4,215.7,,,2023-12-01,,,delayed,368
2023-04-01,N24000564,675,4-LANNING OF HARIDWAR- NAGINA SECTION OF NH 74 FROM (KM 204.300 OF NH 58) TO KM 73.00,Highways (State Pwds),NHAI,UTTAR PRADESH,2016-03-01,2020-07-01,2023-12-01,1408,1504.64,1085.33,,1504.64,2022-12-01,Nil,,delayed,368
2023-04-01,N24000613,676,FOUR LANNING OF NERCHOWK- PANDOH BYPASS SECTION OF NH-21(PACKAGE-I KM 190.000 TO KM 221.305) UNDER NH,Highways (State Pwds),NHAI,HIMACHAL PRADESH,2016-09-01,2020-07-01,2023-12-01,1273.71,1273.71,1208.68,,,,,,delayed,368
2023-04-01,N24000619,677,DEVELOPMENT OF FOUR LANNING OF ANGUL- SAMBALPUR SECTION OF NATIONAL HIGHWAY NH-42 (NEW NH-55 IN THE S,Highways (State Pwds),NHAI,ODISHA,2016-09-01,2019-08-01,2023-12-01,2510.04,2510.04,611.95,,,,,,delayed,368
2023-04-01,N24000630,678,4-LANNING OF KODEBAD- DHAMTARI SECTION OF NH-43 (FROM KM. 43.400 TO KM. 82.209) IN THE STATE OF CHHAT,Highways (State Pwds),NHAI,MAHARASHTR A,2016-11-01,2019-03-01,2023-12-01,446.17,356.62,298.23,,672.89,,Nil,,delayed,369
2023-04-01,N24000665,679,TWO-LANNING WITH PAVED SHOULDER OF MAHSHKUNT- SAHARSA-PURNEA SECTION FROM EXISTING KM.89.020 (DESIGN,Highways (State Pwds),NHAI,BIHAR,,2020-03-01,2023-12-01,736.01,830.31,31.82,,,2023-12-01,Procedural delay in Land,,delayed,369
2023-04-01,N24000704,680,4-LANNING OF THALSERRY - MAHE BYPASS,Highways (State Pwds),NHAI,KERALA,2017-09-01,2020-05-01,2023-12-01,1124.11,1360.68,1245.91,,1360.68,2023-12-01,,,delayed,369
2023-04-01,N24000736,681,REHABILITATION AND UPGRADATION OF CUTTACK- ANGUL SECTION TO 4 LANE (KM 60.20) TO (KM 112.0) PKG II ON,Highways (State Pwds),NHAI,ODISHA,2018-01-01,2020-09-01,2023-12-01,686.65,1015.16,286.52,,504.09,,,,delayed,369
2023-04-01,N24000739,682,REHABILITATION AND UP- GRADATION TO 4-LANING OF RAJAMUNDA-BARKOTE SECTION OF NH-23 (NEW NH NO. 143) (,Highways (State Pwds),NHAI,ODISHA,2018-01-01,2021-06-01,2023-12-01,503.88,609.03,221.76,,609.03,2022-06-01,,,delayed,369
2023-04-01,N24000796,683,CONSTRUCTION OF NH-24 EXTENSION 4-LANE BYPASS STARTING FROM BEHTA ROAD AND TERMINATING AT SITAPUR RO,Highways (State Pwds),NHAI,UTTAR PRADESH,2018-03-01,2021-12-01,2023-12-01,1117.84,1117.84,516.47,,,2023-12-01,,,delayed,369
2023-04-01,N24001486,684,TUNNEL AT KHAMBATAKI GHAT SECTION AND ITS APPROACHES FROM EXISTING KM. 771.730 TO EXISTING KM. 782.0,Highways (State Pwds),NHAI,MAHARASHTR A,2019-02-01,2022-02-01,2023-12-01,493,493,260.59,,,2023-03-01,,,delayed,369
2023-04-01,N24001509,685,4L OF KM 0.00 TO KM 42.00 OF OFDOBBASPET TO DODDABALLAPURA BYPASS SECTION NH 648 OLD NH 207 BANGALO,Highways (State Pwds),NHAI,KARNATAKA,2020-01-01,2021-04-01,2023-12-01,1307,1307,701,,,2023-12-01,,,delayed,369
2023-04-01,N24001599,686,BELAKERI PORT TO KUMTA - SIRSI ROAD FROM KM 0.00 - KM 4.265 OF BELEKERI PORT ROAD LINK RD. AND KM 4.,Highways (State Pwds),NHAI,KARNATAKA,2018-03-01,2022-12-01,2023-12-01,440.16,440.16,97.98,,,,,,delayed,369
2023-04-01,N24001617,687,4L MISSING LINK (OF REWA BYPASS) FROM JN. WITH NH 30 NEAR BELA TO JN. WITH MPRDC RING ROAD (NEAR SIL,Highways (State Pwds),NHAI,MADHYA PRADESH,2021-02-01,2023-01-01,2023-12-01,197.87,197.87,15.17,,,,,,delayed,370
2023-04-01,N24001652,688,6L MINOR BRIDGE (PALOLI PALAM) AT KM. 203.160 and MAJOR BRIDGE (MORAD) AT KM. 204.895 AND ALLIED WOR,Highways (State Pwds),NHAI,KERALA,2020-03-01,2022-06-01,2023-12-01,210.37,213.06,158.16,,213.06,,,,delayed,370
2023-04-01,N24001684,689,4L OF CHANNARAYAPATNA BYPASS AND HASSAN BYPASS WITH STRUCTURES IN DEVIHALLI -HASSAN SECTION,Highways (State Pwds),NHAI,KARNATAKA,2020-09-01,2023-01-01,2023-12-01,688,688,381.74,,,,,,delayed,370
2023-04-01,N24001686,690,FOUR LANING OF BANAVARA TO BETTADAHALLI SECTION FROM KM. 119+790 (DESIGN KM. 121+900) TO KM. 166+100,Highways (State Pwds),NHAI,KARNATAKA,2021-03-01,2023-03-01,2023-12-01,1065.06,1577.92,22.54,,1577.92,2024-01-01,,,delayed,370
2023-04-01,N24001711,691,6L OF KANHAULI RAMNAGAR PATNA RING ROAD PKG I FROM KM 0.000 TO KM 39.160 OF SH78 NEW NH131G,Highways (State Pwds),NHAI,BIHAR,2020-09-01,2023-03-01,2023-12-01,939.43,939.43,472.57,,,,,,delayed,370
2023-04-01,N24001723,692,KARAIPETTAI TO WALAJAPET FROM KM 71.015 TO 107.091,Highways (State Pwds),NHAI,TAMIL NADU,2018-10-01,2021-02-01,2023-12-01,707.9,717,,,,,,,delayed,370
2023-04-01,N24001749,693,FOUR LANING OF PURULIYA BYPASS SECTION OF NH 32 IN THE STATE OF WEST BENGAL ON EPC MODE,Highways (State Pwds),NHAI,WEST BENGAL,2021-08-01,2023-08-01,2023-12-01,557.55,557.55,367.4,,,,,,delayed,370
2023-04-01,N24000556,694,FOUR LANNING OF RAMPUR- KATHGODAM SECTION OF NH-87 FROM KM 0.000 (KM. 190.000 OF NH-24) TO KM 42.791,Highways (State Pwds),NHAI,UTTAR PRADESH,2016-03-01,2019-04-01,2024-01-01,899,1381.45,939.13,,1381.45,2024-01-01,,,delayed,370
2023-04-01,N24001306,695,TWO / FOUR LANING OF RAEBARELI - JAGDISHPUR SECTION OF NH-330A FROM KM. 0.000 TO KM. 47.800 (DESIGN,Highways (State Pwds),NHAI,UTTAR PRADESH,2020-10-01,2023-03-01,2024-01-01,724.6,724.6,424.36,,,,,,delayed,370
2023-04-01,N24001430,696,FOUR LANING OF POONDIYANKUPPAM (KM.67/000) TO SATTANATHAPOURAM (KM.123/800) SECTION OF NH- 45A ON HAM,Highways (State Pwds),NHAI,TAMIL NADU,2018-03-01,2022-01-01,2024-01-01,2120.4,2319.35,882.75,,2319.35,,,,delayed,370
2023-04-01,N24001472,697,BALANCE WORKS OF FOUR LANING FROM RAMBAN KM 151.00 TO BANIHAL KM 187.00 OF NH-1A (NOW NH-44) WITH VA,Highways (State Pwds),NHAI,JAMMU AND KASHMIR,2021-09-01,2023-12-01,2024-01-01,811.19,811.19,323.66,,,2024-01-01,,,delayed,371
2023-04-01,N24001691,698,FOUR LANING OF KARADI TO BANAVARA SECTION FROM KM. 66+540 (DESIGN KM. 65+195) TO KM. 119+790 (DESIGN,Highways (State Pwds),NHAI,KARNATAKA,2019-10-01,2021-10-01,2024-01-01,1225.24,1676.11,894.47,,1676.11,2024-01-01,,,delayed,371
2023-04-01,N24000711,699,FOUR LANING OF DANGIAWAS (KM 96.595 TO NH-112) TO JAJIWAL (KM 283.500 OF NH 65 NAGAUR ROAD) SECTIO,Highways (State Pwds),NHAI,RAJASTHAN,2017-12-01,2020-12-01,2024-02-01,1308.73,1308.73,243.94,,,,,,delayed,371
2023-04-01,N24001371,700,CONSTRUCTION OF 2 LANE BRIDGE ACROSS RIVER KOSI WITH APPROACH ROAD FROM BHEJA TO BAKAUR SECTION OF N,Highways (State Pwds),NHAI,BIHAR,2019-10-01,2023-08-01,2024-02-01,1101.99,1101.99,528.36,,,,,,delayed,371
2023-04-01,N24001601,701,4-LANING OF KAMALAPURAM - ODDANCHATRAM SECTION OF NH-209,Highways (State Pwds),NHAI,TAMIL NADU,2019-01-01,2023-01-01,2024-02-01,1051.69,1051.69,325.29,,,2024-02-01,,,delayed,371
2023-04-01,N24001602,702,4-LANING OF MADATHUKULAM - POLLACHI SECTION OF NH-209 (NEW NH-83),Highways (State Pwds),NHAI,TAMIL NADU,2019-01-01,2022-12-01,2024-02-01,1409.38,1409.38,477.48,,,,,,delayed,371
2023-04-01,N24001725,703,6L OF SRIPERUMBUDUR TO KARAIPETTAI FROM KM 37.000 TO KM 71.015 OF NH 48,Highways (State Pwds),NHAI,TAMIL NADU,2019-01-01,2021-05-01,2024-02-01,654.26,821,,,,,,,delayed,371
2023-04-01,N24000559,704,FOUR LANNING OF RAMPUR- KATHGODAM SECTION OF NH-87 FROM KM 42.791 (DESIGN CHAINAGE 43.446) TO KM 88,Highways (State Pwds),NHAI,UTTARAKHAND,2016-03-01,2019-10-01,2024-03-01,720,809.16,348.43,,809.16,2024-03-01,,,delayed,371
2023-04-01,N24000652,705,FOUR LANNING OF VIKRAVANDI- SETHIYAHOPU FROM KM 0.000 TO KM 60.250(DESIGN CHAINAGE KM 0.000 TO KM 65.,Highways (State Pwds),NHAI,TAMIL NADU,2017-03-01,2020-03-01,2024-03-01,848.45,848.45,292.98,,,2024-03-01,,,delayed,371
2023-04-01,N24000692,706,4-LANNING OF END OF PANDOH BYPASS TAKOLI IN H.P,Highways (State Pwds),NHAI,HIMACHAL PRADESH,2017-06-01,2020-06-01,2024-03-01,2485.93,2485.93,1373.16,,,,,,delayed,371
2023-04-01,N24000788,707,REHABILITATION AND UP GRADATION OF EXISTING ROAD TO 2-LANE WITH PAVED SHOULDER CONFIGURATION IN PURU,Highways (State Pwds),NHAI,WEST BENGAL,2018-03-01,2022-09-01,2024-03-01,841.57,841.57,555.03,,,2022-12-01,,,delayed,372
2023-04-01,N24000798,708,SIX LANING OF HAPUR BYPASS TO MORADABAD SECTION INCLUDING HAPUR BYPASS FROM KM 50.000 (DESIGN CHAINA,Highways (State Pwds),NHAI,UTTAR PRADESH,2018-03-01,2021-11-01,2024-03-01,2140.93,2140.93,1314.88,,,,Nil,,delayed,372
2023-04-01,N24000834,709,CONSTRUCTION OF EIGHT LANE VADODARA KIM EXPRESSWAY FROM KM 254.430 TO KM 279.000 (KIM TO ANKLESHWAR,Highways (State Pwds),NHAI,GUJARAT,2018-03-01,2021-10-01,2024-03-01,1161.39,1161.39,232.1,,,2024-03-01,,,delayed,372
2023-04-01,N24001444,710,CONSTRUCTION OF FOUR LANE EXPRESSWAY FROM START OF SINDHREJ VILLAGE (CH. 22.00 TO CH. 48.52) SECTION,Highways (State Pwds),NHAI,GUJARAT,2020-05-01,2024-01-01,2024-03-01,882,882,180.7,,,,,,delayed,372
2023-04-01,N24001596,711,4L OF MIRZA CHAUKI TO FARKKA SECTION OF NH80 FROM KM 215.00 TO KM 260.00 ON HAM MODE IN THE STATE OF,Highways (State Pwds),NHAI,JHARKHAND,2021-11-01,2023-07-01,2024-03-01,1302.72,1302.72,501.43,,,,,,delayed,372
2023-04-01,N24001605,712,"4-LANING OF MELUR - PILLAYARPATTI - KARAIKUDI SECTION OF NH-338, NH-36, NH- 383",Highways (State Pwds),NHAI,TAMIL NADU,2018-06-01,2022-03-01,2024-03-01,1103.86,1103.86,254.31,,,,,,delayed,372
2023-04-01,N24001606,713,4-LANING OF VADIPPATTI - THAMARAIPATTI SECTION OF NH-744A (MADURAI RING ROAD),Highways (State Pwds),NHAI,TAMIL NADU,2018-12-01,2022-03-01,2024-03-01,854.94,854.94,144.82,,,,,,delayed,372
2023-04-01,N24001416,714,DELHI-AMRITSAR-KATRA EXPRESSWAY FROM JUNCTION WITH LUDHIANA-MALERKOTLA ROAD (SH-11) NEAR BHOGIWAL VI,Highways (State Pwds),NHAI,PUNJAB,2020-12-01,2024-01-01,2024-04-01,989.66,989.66,,,,,,,delayed,372
2023-04-01,N24000622,715,TWO/FOUR LANNING OF BRT TIGER RESERVE BOUNDARY TO BANGALORE SECTION OF NH- 209(EXISTING CHAINAGE FROM,Highways (State Pwds),NHAI,KARNATAKA,2016-09-01,2019-08-01,2024-05-01,950.69,1108,1482.2,,,2024-05-01,,,delayed,372
2023-04-01,N24000783,716,2 LANING WITH PAVED SHOULDER FROM KM 30.800 TO KM 70.800 AND 2 LANING WITHOUT PAVED SHOULDER FROM KM,Highways (State Pwds),NHAI,KARNATAKA,2018-02-01,2022-01-01,2024-05-01,486.78,486.78,181.99,,486.78,2024-05-01,,,delayed,372
2023-04-01,N24001414,717,DELHI-AMRITSAR-KATRA EXPRESSWAY (PHASE-I PKG-VI) FROM JUNCTION WITH PATIALA- SAMANA-PATRAN ROAD (SH-1,Highways (State Pwds),NHAI,PUNJAB,2020-12-01,2024-01-01,2024-05-01,733,733,44.49,,,2024-05-01,,,delayed,373
2023-04-01,N24000697,718,FOUR LANNING OF CHOLOPURAM-THANJAVUR,Highways (State Pwds),NHAI,TAMIL NADU,2017-08-01,2020-09-01,2024-06-01,1176.37,1176.37,742.16,,,2024-06-01,,,delayed,373
2023-04-01,N24000708,719,4-LANNING OF STHIYATHOPU- CHOLOPURAM,Highways (State Pwds),NHAI,TAMIL NADU,2017-09-01,2020-08-01,2024-06-01,1227.87,1227.87,1055.79,,,2024-06-01,,,delayed,373
2023-04-01,N24001431,720,FOUR LANING OF SATTANATHAPURAM (KM.123/800) TO NAGAPATTINAM (KM.179/555) SECTION OF NH- 45A ON HAM UN,Highways (State Pwds),NHAI,TAMIL NADU,2018-03-01,2020-10-01,2024-06-01,1872.68,2661.51,715.18,,2661.51,,,,delayed,373
2023-04-01,N24001545,721,"6L STANDALONE FLYOVERS AT RAHA, DEMOW, BORGHAT, KATHIATALI JUNCTIONS AND ROB AT JAGIROAD ON STRETCHE",Highways (State Pwds),NHAI,ASSAM,,2022-12-01,2024-06-01,,175,7.3,,,,,,delayed,373
2023-04-01,N24001750,722,CONSTRUCTION OF NEW 4 LANE BRIDGE OVER RIVER GANGA AT DOWNSTREAM OF FARAKKA BARRAGE INCLUDING APPROA,Highways (State Pwds),NHAI,WEST BENGAL,2018-08-01,2021-12-01,2024-06-01,622.04,622.04,292.98,,,,,,delayed,373
2023-04-01,N24000656,723,4-LANNING OF BODHRE-DHULE SECTION(KM 390.000 TO 452.800),Highways (State Pwds),NHAI,MAHARASHTR A,2017-03-01,2020-03-01,2024-07-01,744.64,1007,143.88,,,2022-07-01,Nil,,delayed,373
2023-04-01,N24001301,724,6-LANING OF VIJAYAWADA BYPASS FROM GOLLAPUDI (DESIGN CH. 30+000) TO CHINNAKAKANI (DESIGN CH. 47+881),Highways (State Pwds),NHAI,ANDHRA PRADESH,2019-11-01,2024-01-01,2024-07-01,1601.1,1601.1,653.85,,,,,,delayed,373
2023-04-01,N24001415,725,DELHI-AMRITSAR-KATRA EXPRESSWAY FROM JUNCTION WITH PATIALA-BATHINDA ROAD (NH-7) NEAR BHAWANIGARH TO,Highways (State Pwds),NHAI,PUNJAB,2020-12-01,2024-04-01,2024-07-01,881,881,53.85,,,2024-07-01,,,delayed,373
2023-04-01,N24001417,726,DELHI-AMRITSAR-KATRA EXPRESSWAY FROM JUNCTION WITH LUDHIANA-MOGA ROAD (NH-5) NEAR MULLANPUR DAKHA TO,Highways (State Pwds),NHAI,PUNJAB,2020-12-01,2024-04-01,2024-07-01,1234.4,1234.4,46.78,,,2024-07-01,,,delayed,373
2023-04-01,N24001418,727,DELHI-AMRITSAR-KATRA EXPRESSWAY FROM CH.KM 303+900 TO KM 319+400 OF MAIN EXPRESSWAY) AND AMRITSAR CO,Highways (State Pwds),NHAI,PUNJAB,2020-12-01,2024-04-01,2024-07-01,1094.46,1094.46,30.27,,,2024-07-01,,,delayed,374
2023-04-01,N24000567,728,FOUR LANING OF BHAVNAGAR- TALAJA SECTION OF NH-8E FROM KM. 7.090 TO KM. 53.585 (DESIGN CH FROM KM. 6.,Highways (State Pwds),NHAI,GUJARAT,2016-05-01,2019-08-01,2024-08-01,998.18,998.18,802.04,,,,,,delayed,374
2023-04-01,N24001600,729,BALANCE WORK 2-LANE WITH PAVED SHOULDERS OF NAGAPATTINAM - THANJAVUR SECTION OF NH-67 (NEW NH-83),Highways (State Pwds),NHAI,TAMIL NADU,2020-10-01,2023-05-01,2024-08-01,434.12,434.12,123.06,,,2024-08-01,,,delayed,374
2023-04-01,N24000784,730,6-LANING OF KOZHIKODE BYPASS (CALICUT BYPASS) (I.E. VENGALAM JN. TO RAMANATTUKARA JN.) SECTION OF NH,Highways (State Pwds),NHAI,KERALA,2018-02-01,2023-02-01,2024-09-01,1424.77,1862.77,406.18,,1862.77,,,,delayed,374
2023-04-01,N24001476,731,CONSTRUCTION OF 4 LANE ACCESS CONTROLLED NEW GREENFIELD HIGHWAY SECTION OF NH 365BG FROM RECHARLA VI,Highways (State Pwds),NHAI,ANDHRA PRADESH,2021-09-01,2022-09-01,2024-09-01,517.05,517.05,81.75,,,2024-09-01,,,delayed,374
2023-04-01,N24001477,732,CONSTRUCTION OF 4 LANE ACCESS CONTROLLED NEW GREENFIELD HIGHWAY SECTION OF NH-365BG (KHAMMAM-DEVARAP,Highways (State Pwds),NHAI,ANDHRA PRADESH,2021-09-01,2022-09-01,2024-09-01,622,622,64.93,,,2024-09-01,,,delayed,374
2023-04-01,N24000696,733,SIX LANNING OF AUNTA- SIMARIA(GANGA BRIDGE WITH APPROACH ROADS) SECTION OF NH-31,Highways (State Pwds),NHAI,BIHAR,2017-08-01,2022-02-01,2024-10-01,950.64,1168.33,646.6,,1161,2023-08-01,Delay in providing the,,delayed,374
2023-04-01,N24001661,734,6L OF AZHIYUR-VENGALAM FROM KM. 189.200 TO KM. 230.400 OF NH-66,Highways (State Pwds),NHAI,KERALA,2020-10-01,2024-04-01,2024-10-01,3219.47,3713.14,1268.48,,3713.14,,,,delayed,374
2023-04-01,N24001419,735,DELHI-AMRITSAR-KATRA EXPRESSWAY (PHASE-I PKG-XI) FROM JUNCTION WITH JALANDHAR - KAPURTHALA ROAD (NH-,Highways (State Pwds),NHAI,PUNJAB,2021-02-01,2024-04-01,2024-11-01,1269.96,1269.96,49.33,,,2024-11-01,,,delayed,374
2023-04-01,N24000811,736,CONSTRUCTION OF SIX LANING OF DEDICATED PORT ROAD TO KRISHNAPATNAM PORT (PACKAGE-I) KM 0+000 TO KM 1,Highways (State Pwds),NHAI,ANDHRA PRADESH,2018-03-01,2020-12-01,2024-12-01,314.43,348.72,85.61,,,2022-12-01,,,delayed,375
2023-04-01,N24001660,737,SIX LANING OF THALIPARAMBHA- MUZHAPILANGAD SECTION FROM KM 137.900 TO KM. 170.600 OF NH-17 (NEW NH,Highways (State Pwds),NHAI,KERALA,2020-08-01,2024-02-01,2024-05-01,2714.6,2714.6,1367.59,,3319.41,2021-11-01,,,delayed,375
2023-04-01,N25000072,738,JAL MARG VIKAS PROJECT,India,IWAI,MULTI STATE,2018-01-01,2023-03-01,2026-12-01,5369.18,5362.27,2420.17,,4633.1,,Land acquisition issues are,,delayed,375
2023-04-01,N26000114,739,PHASE-I OF CONSOLIDATION OF EXISTING CDR DATA CENTERS AND NIB-P3 DATA CENTERS WITH STATE OF THE ART,Bharat Sanchar Nigam Limited,BSNL,MULTI STATE Cpwd For Telecom,2020-03-01,2021-06-01,2023-06-01,461.42,461.42,125.7,,461.42,2021-11-01,,,delayed,375
2023-04-01,N28000115,740,SETTING UP PHYSICAL INFRASTRUCTURE FOR THE NATIONAL INSTITUTE OF COMMUNICATION FINANCE(NICF) AT GHIT,Bharat Sanchar Nigam Limited,CPWD FOR TELECO,DELHI Department Of Telecommunication,2014-10-01,2018-03-01,2023-06-01,248.2,248.2,187.83,,,,,,delayed,375
2023-04-01,N26000101,741,NETWORK FOR SPECTRUM,Bharat Sanchar Nigam Limited,DOT,MULTI STATE,2012-03-01,2015-07-01,2023-09-01,13334,13334,21913,,,2022-12-01,,,delayed,375
2023-04-01,N28000122,742,AHMEDABAD METRO RAIL PROJECT PHASE 1,Ahmedabad Metro Rail,MEGA,GUJARAT,2014-11-01,2018-12-01,2023-12-01,10773,12925.22,11710.38,,,,NIL,,delayed,376
2023-04-01,N28000137,743,AHMEDABAD METRO RAIL PROJECT PHASE II,Ahmedabad Metro Rail,MEGA,GUJARAT,2019-03-01,2024-03-01,2024-12-01,5384.17,5384.17,1243.46,,,,NIL,,delayed,376
2023-04-01,N28000138,744,SURAT METRO RAIL PROJECT,Ahmedabad Metro Rail,MEGA,GUJARAT Bangalore Metro Rail Corporation Limited,2019-03-01,2024-03-01,2025-03-01,12020.32,12020.32,1905.31,,,,NIL,,delayed,376
2023-04-01,N28000058,745,BANGALORE METRO RAIL PROJECT PHASE-2,Ahmedabad Metro Rail,BMRCL,KARNATAKA Central Public Works Department,2014-02-01,2021-02-01,2025-03-01,26405.14,26405.14,22869.55,,,,,,delayed,376
2023-04-01,N28000149,746,CONSTRUCTION729 QUARTERS (TYPE II-180 TYPE III-364 TYPE IV-112 TYPE V-68 TYPE-VI-5 SHOPS COMMUNI,Ahmedabad Metro Rail,CPWD,CHHATISGAR H,2019-05-01,2020-09-01,2023-11-01,299.97,299.97,124.18,,299.97,2023-11-01,,,delayed,376
2023-04-01,N28000128,747,REDEVELOPMENT OF GENERAL POOL RESIDENTIAL COLONY AT SRINIWASPURI NEW DELHI PHASE-I,Ahmedabad Metro Rail,CPWD,DELHI,2016-10-01,2021-07-01,2024-06-01,1180,1100.8,36.69,,,,,,delayed,376
2023-04-01,N28000129,748,REDEVELOPMENT OF GPRA AT KASTURBA NAGAR PHASE I,Ahmedabad Metro Rail,CPWD,DELHI,2016-10-01,2022-03-01,2024-06-01,1128,1128,38,,,2024-06-01,,,delayed,376
2023-04-01,N28000153,749,"CONSTRUCTION OF 184 MULTI STORIED FLATS FOR HON'BLE MPS AT BKS MARG, NEW DELHI",Ahmedabad Metro Rail,CPWD,DELHI Delhi Metro Rail Corporation,2022-01-01,2024-11-01,2025-05-01,646.52,646.52,11.49,,,2025-05-01,,,delayed,376
2023-04-01,N28000135,750,DELHI METRO PHASE IV THREE PRIORITY CORRIDORS,Ahmedabad Metro Rail,DMRC,DELHI Lucknow Metro Rail Corporation Limited,2019-07-01,2025-03-01,2026-03-01,24948.65,24948.65,7023.63,,,,Nil,,delayed,376
2023-04-01,N28000145,751,AGRA METRO RAIL PROJECT,Ahmedabad Metro Rail,LMRCL,UTTAR PRADESH,2019-05-01,2024-03-01,2025-12-01,8379.62,8379.62,768.47,,,,NO,,delayed,376
2023-04-01,N28000144,752,KANPUR METRO RAIL PROJECT,Ahmedabad Metro Rail,LMRCL,UTTAR PRADESH Maharastra Metro Rail Corporation Ltd.,2019-05-01,2024-03-01,2026-06-01,11076.48,11076.48,2841.78,,,,NO,,delayed,376
2023-04-01,N28000121,753,PUNE METRO RAIL PROJECT (PHASE 1),Ahmedabad Metro Rail,MMRC,MAHARASHT RA Mumbai Metro Rail Corporation Ltd,2016-12-01,2021-11-01,2023-06-01,11420,13656.22,8395.2,,13656.22,2023-06-01,Contribution of Pune,,delayed,377
2023-04-01,N28000086,754,MUMBAI METRO LINE 3 (COLABA-BANDRA-SEEPZ),Ahmedabad Metro Rail,MMRCL,MAHARASHT RA Madhya Pradesh Metro Rail Co Limited,2013-07-01,2020-03-01,2023-12-01,23136,37276,23882.64,,6941.4,,,,delayed,377
2023-04-01,N28000124,755,BHOPAL METRO RAIL,Ahmedabad Metro Rail,MPMRCL,MADHYA PRADESH,,2023-02-01,2026-12-01,,6941.4,572.53,,,2025-05-01,,,delayed,377
2023-04-01,N28000125,756,INDORE METRO RAIL,Ahmedabad Metro Rail,MPMRCL,MADHYA PRADESH Patna Metro Rail Corporation,2018-11-01,2023-02-01,2026-12-01,7500.8,7500.8,807.89,,,2025-07-01,,,delayed,377
2023-04-01,N28000148,757,PATNA METRO RAIL CORPORATION LIMITED,Ahmedabad Metro Rail,PATNA METRO RAI,BIHAR,2019-02-01,2024-06-01,2024-09-01,13365.77,13925.5,1201.55,,,2024-09-01,,,delayed,377
2023-04-01,N30000001,758,PROTECTION OF MAJULI ISLAND FROM FLOOD AND EROSION OF RIVER BRAHMAPUTRA,Brahmaputra Board,BPB,MAHARASHTRA Bihar Urban Infrastructure Development Corporation Ltd,2017-03-01,2019-12-01,2023-05-01,233.57,233.57,209.79,,305.19,2023-03-01,,,delayed,377
2023-04-01,N30000035,759,SEWER NETWORKS SPS AND STP HAJIPUR,Brahmaputra Board,BUIDCO,BIHAR,,2021-08-01,2023-08-01,,305.19,,,,,,,delayed,377
2023-04-01,N30000036,760,"SEWER NETWORKS, SPS AND STP, MUNGER",Brahmaputra Board,BUIDCO,BIHAR,2018-03-01,2021-10-01,2023-12-01,294.02,294.02,,,,,,,delayed,377
2023-04-01,N30000027,761,I AND D AND STP WORKS FOR BHAGALPUR,Brahmaputra Board,BUIDCO,BIHAR,2017-10-01,2020-09-01,2024-03-01,254.13,413.29,27.47,,413.29,2020-11-01,,,delayed,377
2023-04-01,N30000050,762,SEWERAGE SYSTEM AND STP FOR KANKARBAG ZONE PATNA,Brahmaputra Board,BUIDCO,BIHAR,2017-08-01,2022-06-01,2024-03-01,578.89,578.89,30.88,,,,,,delayed,378
2023-04-01,N30000051,763,"SEWERAGE SYSTEM AND STP FOR DIGHA ZONE, PATNA",Brahmaputra Board,BUIDCO,BIHAR Delhi Jal Board,2017-08-01,2022-06-01,2024-03-01,824,824,164.26,,,,,,delayed,378
2023-04-01,N30000014,764,CONSTRUCTION OF 564 MLD 124 MGD WASTE WATER TREATMENT PLANT WITH EFFLUENT STANDARDS OF BOD – 10MG/L,Brahmaputra Board,DJB,DELHI,2017-03-01,2022-12-01,2023-06-01,665.78,665.78,468.41,,,,,,delayed,378
2023-04-01,N30000015,765,REHABILITATION AND UP- GRADATION OF PHASE I STP 182 MLD R2,Brahmaputra Board,DJB,DELHI Kolkata Metropolitan Development Authority,2016-05-01,2021-12-01,2023-06-01,211.79,211.79,152,,,,,,delayed,378
2023-04-01,N30000048,766,"INTERCEPTION, DIVERSION AND TREATMENT WORKS AT BARANAGAR AND KAMARAHATI",Brahmaputra Board,KMDA,WEST BENGAL,2018-01-01,2021-12-01,2023-09-01,172.1,172.1,,,,2021-02-01,,,delayed,378
2023-04-01,N30000032,767,INTERCEPTION AND DIVERSION WITH STP AT MAHESHTALA,Brahmaputra Board,KMDA,WEST BENGAL,2018-05-01,2022-02-01,2024-03-01,198.43,224.69,19.03,,224.69,,,,delayed,378
2023-04-01,N30000033,768,INTEGRATION OF STPS WITH REHABILITATION AND O AND M OF EXISTING ASSETS,Brahmaputra Board,KMDA,WEST BENGAL,2018-03-01,2022-06-01,2024-03-01,165.16,165.16,,,,,,,delayed,378
2023-04-01,N30000042,769,INTERCEPTION AND DIVERSION WITH STP AT HUGHLY- CHINSURAH,Brahmaputra Board,KMDA,WEST BENGAL,2018-05-01,2022-02-01,2024-03-01,160,154.73,40.97,,154.73,2020-09-01,,,delayed,378
2023-04-01,N30000045,770,"INTERCEPTION, DIVERSION AND TREATMENT WORKS AT HOWRAH",Brahmaputra Board,KMDA,WEST BENGAL,2017-08-01,2021-12-01,2024-03-01,185.22,185.22,,,,2021-02-01,,,delayed,378
2023-04-01,N30000049,771,INTERCEPTION AND DIVERSION WITH STP AT BALLY,Brahmaputra Board,KMDA,WEST BENGAL,2017-10-01,2021-12-01,2024-03-01,164.93,164.93,,,,,,,delayed,378
2023-04-01,N30000029,772,DETAILED PROJECT REPORT FOR I AND D SEWERAGE SYSTEM AND STP FOR ASANSOL AND KULTI TOWNS,Brahmaputra Board,KMDA,WEST BENGAL,2019-01-01,2022-04-01,2024-12-01,384.96,384.96,,,,,,,delayed,379
2023-04-01,N30000030,773,INTERCEPTION AND DIVERSION WORKS WITH STP FOR DRAINS FALLING IN RIVER DAMODAR AT DURGAPURL,Brahmaputra Board,KMDA,WEST BENGAL,2019-03-01,2022-04-01,2024-12-01,287.53,287.53,,,,,,,delayed,379
2023-04-01,N30000031,774,I AND D AND STP WORKS AT BURDWAN WEST BENGAL,Brahmaputra Board,KMDA,WEST BENGAL,2018-12-01,2022-04-01,2024-12-01,234.31,234.31,,,,,,,delayed,379
2023-04-01,N30000034,775,INTERCEPTION DIVERSION TREATMENT WORKS AT TOLLYS NULLAH ADI GANGA,Brahmaputra Board,KMDA,WEST BENGAL Polavaram Project Authority,2017-08-01,2022-09-01,2024-12-01,307.12,307.12,,,,,,,delayed,379
2023-04-01,N30000002,776,POLAVARAM IRRIGATION PROJECT,Brahmaputra Board,PPA,ANDHRA PRADESH Uttar Pradesh Jal Nigam,2009-02-01,2020-03-01,2024-03-01,10151.04,55548.87,20820.48,,,,,,delayed,379
2023-04-01,N30000021,777,INTERCEPTION AND DIVERSION WORKS AND STP AT MUZAFFARNAGAR UTTAR PRADESH,Brahmaputra Board,UPJalNigam,UTTAR PRADESH,2019-01-01,2021-12-01,2023-06-01,231.79,234.03,94.19,,234.03,2020-01-01,,,delayed,379
2023-04-01,N30000013,778,"INTERCEPTION AND DIVERSION WORKS WITH STP AT BAREILLY, UTTAR PRADESH",Brahmaputra Board,UPJalNigam,UTTAR PRADESH,2019-03-01,2021-08-01,2024-03-01,271.39,271.39,59.32,,,,,,delayed,379
2023-04-01,N30000008,779,FARRUKHABAD I AND D AND STP WORKS HAM,Brahmaputra Board,UPJalNigam,UTTAR PRADESH,2017-10-01,2022-03-01,2024-04-01,213.62,261.12,21.49,,261.12,2021-02-01,,,delayed,379
2023-04-01,N30000024,780,SEWERAGE SCHEME INTERCEPTION AND DIVERSION WITH STP WORKS AT MEERUT UTTAR PRADESH,Brahmaputra Board,UPJalNigam,UTTAR PRADESH,2019-02-01,2022-06-01,2024-04-01,681.78,690.71,,,690.71,,,,delayed,379
2023-04-01,N30000025,781,INTERCEPTION AND DIVERSION WORKS WITH STP AT LUCKNOW UTTAR PRADESH,Brahmaputra Board,UPJalNigam,UTTAR PRADESH,2019-03-01,2021-07-01,2024-04-01,298.12,213.91,,,213.91,2020-05-01,,,delayed,380
2023-04-01,N42000005,782,CONSTRUCTION OF PERMANENT CAMPUS FOR INDIAN INSTITUTE OF TECHNOLOGY TIRUPATI AT MERLAPAKA VILLAGE YE,Cpwd Of Higher Education,CPWD EDUCATION,ANDHRA PRADESH,2019-02-01,2020-06-01,2023-04-01,655.34,655.34,624.32,,,,,,delayed,380
2023-04-01,N42000009,783,PERMANENT CAMPUS FOR IIM BODH GAYA,Cpwd Of Higher Education,CPWD EDUCATION,BIHAR,2018-09-01,2020-09-01,2023-05-01,375,375,147.29,,,,,,delayed,380
2023-04-01,N28000120,784,"CONSTRUCTION OF VARIOUS BUILDINGS UNDER PHASE 1C AT IIT ROPAR, PUNJAB",Cpwd Of Higher Education,CPWD EDUCATION,PUNJAB,2018-01-01,2020-05-01,2023-06-01,430,355,311.2,,,,Nil,,delayed,380
2023-04-01,N28000130,785,CONSTRUCTION OF PERMANENT CAMPUS OF IIM JAMMU (PHASE 1),Cpwd Of Higher Education,CPWD EDUCATION,JAMMU AND KASHMIR,2019-03-01,2022-07-01,2023-06-01,424.93,424.93,310.19,,,2023-06-01,IIM Jammu has taken up,,delayed,380
2023-04-01,N28000117,786,"CONSTRUCTION OF IITB RESEARCH PARK AT IIT BOMBAY, POWAI, MUMBAI",Cpwd Of Higher Education,CPWD EDUCATION,MAHARASHTRA,2018-01-01,2020-07-01,2023-07-01,223.37,230,162.64,,275,2023-07-01,,,delayed,380
2023-04-01,N28000146,787,CONSTRUCTION OF TWO NOS GIRLS HOSTELS AND ONE NO BOYS HOSTEL OF 500 CAPACITY EACH G PLUS 8 STOREYED,Cpwd Of Higher Education,CPWD EDUCATION,WEST BENGAL,2020-03-01,2020-06-01,2023-07-01,193.83,193.83,130.1,,,,,,delayed,380
2023-04-01,N28000100,788,CONSTRUCTION OF ACADEMIC AND RESIDENTIAL COMPLEX UNDER PHASE-II FOR THE CAMPUS OF IIT PATNA,Cpwd Of Higher Education,CPWD EDUCATION,BIHAR,2016-02-01,2017-06-01,2023-08-01,496.18,460,390.31,,496,2023-08-01,,,delayed,381
2023-04-01,N42000002,789,"CONSTRUCTION OF PERMANENT CAMPUS FOR NATIONAL INSTITUTE OF TECHNOLOGY GOA AT CUNCOLIM, GOA.",Cpwd Of Higher Education,CPWD EDUCATION,GOA,2019-05-01,2021-08-01,2023-08-01,303.9,364,91,,334.45,,,,delayed,381
2023-04-01,N42000008,790,ESTABLISHMENT OF PERMANENT CAMPUS PHASE 1 OF IIM SIRMAUR,Cpwd Of Higher Education,CPWD EDUCATION,HIMACHAL PRADESH,2018-09-01,2022-06-01,2023-09-01,392.51,392.51,197.27,,,2023-09-01,The land provided by the,,delayed,381
2023-04-01,N28000126,791,INDIAN INSTITUTE OF SCIENCE EDUCATION AND RESEARCH BERHAMPUR,Cpwd Of Higher Education,CPWD EDUCATION,ODISHA,2019-01-01,2022-03-01,2023-10-01,790.79,790.79,484.88,,,,,,delayed,381
2023-04-01,N28000142,792,"CONSTRUCTION OF PERMANENT CAMPUS OF INDIAN INSTITUTE OF MANAGEMENT (IIM) AMRITSAR, PUNJAB.",Cpwd Of Higher Education,CPWD EDUCATION,PUNJAB,2019-10-01,2022-05-01,2023-12-01,348.24,348.24,145.51,,,,,,delayed,381
2023-04-01,N42000007,793,"CONSTRUCTION OF PERMANENT CAMPUS FOR IISER AT JANGALAPALLI VILLAGE, YERPEDU MANDAL, CHITTOOR DISTRIC",Cpwd Of Higher Education,CPWD EDUCATION,ANDHRA PRADESH,2019-09-01,2022-09-01,2023-12-01,588.72,588.72,404.6,,,,3. Provisional approval,,delayed,381
2023-04-01,N28000140,794,"C/O PERMANENT CAMPUS OF IIT PALAKKAD PHASE IA AT PUDESSERY VILLAGE,KANJIKODE WEST, DISTRICT PALAKKA",Cpwd Of Higher Education,CPWD EDUCATION,KERALA Rites Of Higher Education,2019-07-01,2021-03-01,2024-03-01,753.63,753.63,270.23,,,2023-03-01,,,delayed,382
2023-04-01,N42000001,795,CONSTRUCTION AND DEVELOPMENT OF NATINAL INSTITUTE OF TECHNOLOGY MEGHALAYA PERMANENT CAMPUS AT SOHRA,Cpwd Of Higher Education,RITES OF HIGHER,MEGHALAYA,2013-09-01,2014-09-01,2023-12-01,484.32,429.7,236.75,,429.7,2023-12-01,Due to Law and Order and,,delayed,382
2023-04-01,N28000071,796,ESTABLISHMENT OF CENTRAL ARMED POLICE FORCE INSTITUTE OF MEDICAL SCIENCES(CAPFIMS) AT NEW DELHI,Cpwd For Mha,CPWD FOR MHA,DELHI,2013-10-01,2019-10-01,2023-07-01,1219.21,1850,1272.99,,1735.25,,Mandatory Approvals/NOC,,delayed,382
2023-04-01,N45000002,797,CONSTRUCTION OF HEADQUARTER BUILDING OF CRPF AT LODHI ROAD NEW DELHI,Cpwd For Mha,CPWD FOR MHA,DELHI,2019-06-01,2022-07-01,2023-11-01,277.35,290.33,54.54,,,,,,delayed,382
2023-04-01,N28000104,798,NSG AT KOLKATA,Cpwd For Mha,CPWD FOR MHA,WEST BENGAL,2014-10-01,2018-04-01,2023-12-01,162.88,210.83,177.77,,210.83,,,,delayed,382
2023-04-01,N28000147,799,"C/o separate family accommodation (Phase-I) on EPC basis for SSB at Faridabad (Haryana)""",Cpwd For Mha,CPWD FOR MHA,HARYANA,2020-01-01,2023-10-01,2024-03-01,166.98,166.98,37.05,,167,2024-03-01,,,delayed,382
2023-04-01,N40000002,800,INDIA INTERNATIONAL CONVENTION AND EXPO CENTRE,Iicc For Dpiit,IICC FOR DPIIT,DELHI,2017-11-01,2019-12-01,2023-07-01,4773,5178,3908.24,,,,,,delayed,382
