report_month,ocms_code,sl_no,project_name,sector,agency,state_raw,approval_month,original_doc_month,revised_doc_month,original_cost_cr,revised_cost_cr,cumulative_expenditure_cr,physical_progress_pct,latest_approved_cost_cr,approved_revised_doc_month,delay_months_reported,milestones,annexure,source_page
2024-10-01,N04000073,1,"CONSTRUCTION OF NEW INTEGRATED TERMINAL BUILDING AT VSI AIRPORT, PORTBLAIR",CIVIL AVIATION,AAI,ANDAMAN AND NICOBAR ISLANDS,2013-10-01,2018-09-01,2023-06-01,417.23,707.73,698.8,100,707.73,2023-05-01,,,transitional,51
2024-10-01,N22000584,2,LUDHIANA KILA RAIPUR (19 KMS) WITH FREIGHT LINE AT GILL STATION ON LDH-JHL SECTION,RAILWAYS,NR,ANDAMAN AND NICOBAR ISLANDS,2019-03-01,2025-03-01,2025-03-01,235.72,235.72,42.62,0,,,,,transitional,51
2024-10-01,N24000744,3,CONSTRUCTION OF MAJOR BRIDGE OVER MIDDLE STRAIT CREEK BETWEEN KM. 106.590 TO KM. 107.762 OF NH 223 (,ROAD TRANSPORT AND HIGHWAYS,NHIDCL,ANDAMAN AND NICOBAR ISLANDS,2015-03-01,2022-01-01,2026-02-01,262.97,262.97,92.73,41.55,,,,,transitional,51
2024-10-01,N24000745,4,"2 LANE WITH HARD SHOLDER , REHABILITATION AND UP GRADATION OF SECTION FROM KM 242.0 TO KM 298.0 OF N",ROAD TRANSPORT AND HIGHWAYS,NHIDCL,ANDAMAN AND NICOBAR ISLANDS,2017-03-01,2019-12-01,2024-09-01,409.85,409.85,214.23,94.59,,2023-03-01,,,transitional,51
2024-10-01,N24000748,5,REHABILITATION AND UP GRADATION OF SECTION FROM KM 107.760 TO KM 129.445 (AFTER MIDDLE STRAIT TO HUM,ROAD TRANSPORT AND HIGHWAYS,NHIDCL,ANDAMAN AND NICOBAR ISLANDS,2018-02-01,2020-09-01,2025-08-01,391,391,170.37,57.55,,2023-01-01,,,transitional,51
2024-10-01,N24000749,6,REHABILITATION AND UP GRADATION OF SECTION FROM KM 206.00 TO KM 242.00 (NIMBUTALA TO AUSTIN CREEK) O,ROAD TRANSPORT AND HIGHWAYS,NHIDCL,ANDAMAN AND NICOBAR ISLANDS,2018-03-01,2020-09-01,2024-12-01,234.27,234.27,126.5,80.26,,2022-11-01,,,transitional,51
2024-10-01,N24000820,7,Rehabilitation and up gradation to 2 lane with paved shoulder configuration from existing km. 122.00,ROAD TRANSPORT AND HIGHWAYS,MoRTH,ANDAMAN AND NICOBAR ISLANDS,2017-11-01,2019-11-01,2019-11-01,237.8,238,222.13,97.46,,,,,transitional,51
2024-10-01,N24000821,8,RECONSTRUCTION WITH GEOMETRIC IMPROVEMENT OF EXISTING 2 LANE/INTERMEDIATE LANE TO 2LANE WITH PAVED S,ROAD TRANSPORT AND HIGHWAYS,MoRTH,ANDAMAN AND NICOBAR ISLANDS,2017-11-01,2019-11-01,2019-11-01,257.34,238,214.9,100,,,,,transitional,52
2024-10-01,N24001008,9,AJANTHA TO BULDHANA,ROAD TRANSPORT AND HIGHWAYS,MoRTH,ANDAMAN AND NICOBAR ISLANDS,2017-02-01,2019-07-01,2023-12-01,401,401,260.08,97,401,,,,transitional,52
2024-10-01,N04000089,10,EXT AND STR. OF EXISTING RUNWAY 08/26 AT TIRUPATI AIRPORT,CIVIL AVIATION,AAI,ANDHRA PRADESH,2017-08-01,2020-02-01,2024-01-01,177.1,177.1,143.08,100,,2021-12-01,,,transitional,52
2024-10-01,N04000091,11,C/O OF NITB AND ASSOCIATED WORK AT VIJAYAWADA AIRPORT,CIVIL AVIATION,AAI,ANDHRA PRADESH,2020-04-01,2023-03-01,2025-06-01,611.8,611.8,351.3,57,,,,,transitional,52
2024-10-01,N04000103,12,RAJAHMUNDRY AIRPORT: CONSTRUCTION OF NEW DOMESTIC TERMINAL BUILDING AND MISCELLANEOUS WORKS INCLUD,CIVIL AVIATION,AAI,ANDHRA PRADESH,2022-12-01,2025-08-01,2025-08-01,347.15,347.15,45.3,28,,,,,transitional,52
2024-10-01,N04000106,13,KADAPPA AIRPORT- CONSTRUCTION OF NEW DOMESTIC TERMINAL BUILDING AND MISCELLANEOUS WORKS INCLUDING MA,CIVIL AVIATION,AAI,ANDHRA PRADESH,2023-03-01,2026-01-01,2026-01-01,265.91,265.91,23.97,16,,,,,transitional,52
2024-10-01,N42000005,14,CONSTRUCTION OF PERMANENT CAMPUS FOR INDIAN INSTITUTE OF TECHNOLOGY TIRUPATI AT MERLAPAKA VILLAGE YE,DEPARTMENT OF HIGHER EDUCATION,CPWD EDUCATION,ANDHRA PRADESH,2019-02-01,2020-06-01,2020-06-01,655.34,655.34,366.21,95,,,,,transitional,52
2024-10-01,N42000007,15,"CONSTRUCTION OF PERMANENT CAMPUS FOR IISER AT JANGALAPALLI VILLAGE, YERPEDU MANDAL, CHITTOOR DISTRIC",DEPARTMENT OF HIGHER EDUCATION,CPWD EDUCATION,ANDHRA PRADESH,2019-09-01,2022-09-01,2024-06-01,588.72,656.39,666.18,100,656.39,,,,transitional,53
2024-10-01,N16000235,16,VISAKH REFINERY MODERNISATION PROJECT,PETROLEUM,HPCL,ANDHRA PRADESH,2016-07-01,2020-07-01,2025-02-01,20928,30609,27360.11,98.5,30609,2025-02-01,,,transitional,53
2024-10-01,N16000247,17,KG-DWN-98-2 CLUSTER II DEVELOPMENT PROJECT,PETROLEUM,ONGC,ANDHRA PRADESH,2016-03-01,2020-06-01,2025-03-01,34012,34012,30909.17,94.2,,2025-03-01,,,transitional,53
2024-10-01,N16000343,18,REVAMPING OF FACILITIES AT VIZAG TERMINAL,PETROLEUM,IOCL,ANDHRA PRADESH,2018-04-01,2022-04-01,2025-03-01,355,355,242.84,77.3,,2025-03-01,,,transitional,53
2024-10-01,N16000378,19,SWRO II WITH LLPH FACILITIES,PETROLEUM,HPCL,ANDHRA PRADESH,2019-09-01,2020-07-01,2025-03-01,196.26,196.26,168.6,87.2,196.26,,,,transitional,53
2024-10-01,N16000432,20,HP CRUDE TO OLEFINS AND AROMATICS TECHNOLOGY DEMO UNIT AT VISAKH REFINERY,PETROLEUM,HPCL,ANDHRA PRADESH,2021-09-01,2024-06-01,2026-03-01,160,220,13.35,42,220,2026-03-01,,,transitional,53
2024-10-01,N16000485,21,"CGD PROJECT AT KURNOOL, GUNTUR AND PRAKASAM DISTRICTS",PETROLEUM,IOCL,ANDHRA PRADESH,2022-03-01,2030-03-01,2030-03-01,1420,1420,117.34,4.8,,,,,transitional,53
2024-10-01,N16000499,22,MULTI-PRODUCT PIPELINE FROM KRISHNAPATNAM COASTAL INSTALLATION TO THE PROPOSED INSTALLATION AT HYDER,PETROLEUM,BPCL,ANDHRA PRADESH,2019-09-01,2025-03-01,2025-10-01,1932,1932,1491.59,68.4,,,,,transitional,53
2024-10-01,N16000535,23,HP TRIJET UNIT IN VR,PETROLEUM,HPCL,ANDHRA PRADESH,2024-07-01,2027-07-01,2027-07-01,193,193,0.04,6,,,,,transitional,53
2024-10-01,N18000380,24,TRANSMISSION SCHEME FOR SOLAR ENERGY ZONE IN ANANTHPURAM (2500MW) AND KURNOOL (1000MW),POWER,PGCIL,ANDHRA PRADESH,2023-09-01,2025-03-01,2025-09-01,1249,1249,117.81,24,,,,,transitional,54
2024-10-01,N18000395,25,AUGMENTATION OF 1500MVA 3RD 765/400KV TRANSFORMATION CAPACITY AT KURNOOL NEW SUBSTATION,POWER,PGCIL,ANDHRA PRADESH,2023-05-01,2025-09-01,2025-09-01,164,164,0,0,,,,,transitional,54
2024-10-01,220100265,26,KOTLPALLI-NARASAPUR (NL) (SCR),RAILWAYS,SCR,ANDHRA PRADESH,2001-12-01,2009-03-01,2027-03-01,1045.2,2500.98,1150.74,0,,,,,transitional,54
2024-10-01,N22000286,27,NADIKUDE-SRI KALAHASTI,RAILWAYS,SCR,ANDHRA PRADESH,2011-04-01,2021-03-01,2027-05-01,2288.7,3122.35,1730.9,0,,,,,transitional,54
2024-10-01,N22000368,28,GUNTUR-GUNTAKAL,RAILWAYS,SCR,ANDHRA PRADESH,2016-04-01,2022-03-01,2025-12-01,3631,3887.48,3179.18,0,,,,,transitional,54
2024-10-01,N22000369,29,VIJAYAWADA-GUDUR,RAILWAYS,RVNL,ANDHRA PRADESH,2015-04-01,2023-12-01,2024-12-01,3246.26,6238.67,5883.89,0,,,,,transitional,54
2024-10-01,N22000377,30,KOTTAVALSA - KORAPUT DOUBLING,RAILWAYS,ECOR,ANDHRA PRADESH,2015-04-01,2022-03-01,2022-03-01,2499.71,2499.71,1747.39,68,,,,,transitional,54
2024-10-01,N22000555,31,"PENUKONDA-DHARMAVARAM, EXCL. DHARMAVARAM (41.5 KM)",RAILWAYS,SWR,ANDHRA PRADESH,2019-04-01,2026-03-01,2025-02-01,294.67,307.66,141.3,41,307.66,,,,transitional,54
2024-10-01,N22000556,32,MALUGUR-PALASAMUDRAM (17.98 KM) (PB#29/NR/2022-23),RAILWAYS,SWR,ANDHRA PRADESH,2022-09-01,2025-12-01,2026-12-01,323.14,342.41,39.46,12,342.41,,,,transitional,54
2024-10-01,N22000585,33,DOUBLING BETWEEN GOOTY- PENDAKALLU (29.225),RAILWAYS,SCR,ANDHRA PRADESH,2023-03-01,2027-03-01,2027-03-01,351.83,351.83,0,0,,,,,transitional,54
2024-10-01,N22000586,34,VIJAYAWADA KAZIPET BYEPASS LINE,RAILWAYS,SCR,ANDHRA PRADESH,2016-04-01,2025-12-01,2025-12-01,226.72,226.72,170.77,0,,,,,transitional,55
2024-10-01,N22000587,35,RENIGUNTA WADI GOOTY - BYPASS,RAILWAYS,SCR,ANDHRA PRADESH,2016-04-01,2025-12-01,2025-12-01,302,302,160.25,50,,,,,transitional,55
2024-10-01,N24000301,36,REHABILITATION AND UPGRADATION OF NH-219 FROM KM 58-600 TO KM 140-750 IN THE STATE OF ANDHRA PRADES,ROAD TRANSPORT AND HIGHWAYS,MoRTH,ANDHRA PRADESH,2015-03-01,2015-10-01,2021-05-01,271.45,271.45,238.23,100,,2021-05-01,,,transitional,55
2024-10-01,N24000422,37,REHABILITATION AND UPGRADATION OF NH-42 FROM KM 4-350 TO KM 75-600,ROAD TRANSPORT AND HIGHWAYS,MoRTH,ANDHRA PRADESH,2015-03-01,2015-09-01,2018-05-01,309.01,309.01,0,100,,2017-08-01,,,transitional,55
2024-10-01,N24000811,38,CONSTRUCTION OF SIX LANING OF DEDICATED PORT ROAD TO KRISHNAPATNAM PORT (PACKAGE- I) KM 0+000 TO KM 1,ROAD TRANSPORT AND HIGHWAYS,NHAI,ANDHRA PRADESH,2018-03-01,2020-12-01,2024-12-01,314.43,348.72,85.61,64.74,,2022-12-01,,,transitional,55
2024-10-01,N24000931,39,REHABILITATION AND UPGRADATION OF EXISTING NH- 167 FROM KM 14.900 TO KM 70.00 (DESIGN CH.14.900 TO 69,ROAD TRANSPORT AND HIGHWAYS,MoRTH,ANDHRA PRADESH,2016-11-01,2017-05-01,2024-11-01,290.15,236.16,205.02,0,,,,,transitional,55
2024-10-01,N24000937,40,REHABILITATION AND UPGRADATION OF NEW NH-544DD FROM DESIGN CHAINAGE KM 56.00 TO 102.20 OF KALYANDURG,ROAD TRANSPORT AND HIGHWAYS,MoRTH,ANDHRA PRADESH,2018-03-01,2018-08-01,2024-11-01,289.67,285.29,254.19,98.5,290,,,,transitional,55
2024-10-01,N24000964,41,CONSTRUCTION OF TIMMAPURAM TO GURJANAPALLE SECTION FROM KM 26.150 TO 41.161 OF NH- 214(NH216)(KAKINAD,ROAD TRANSPORT AND HIGHWAYS,MoRTH,ANDHRA PRADESH,2016-08-01,2017-01-01,2025-05-01,350.61,411.18,457.55,98.2,,,,,transitional,56
2024-10-01,N24000969,42,CONSTRUCTION OF 2L+PS FROM PASARLAPUDI-DHINDI (105/700 TO 127.500 OF NH-214) OF NH-216,ROAD TRANSPORT AND HIGHWAYS,MoRTH,ANDHRA PRADESH,2017-01-01,2017-09-01,2025-03-01,263.45,263.45,246.85,85,,,,,transitional,56
2024-10-01,N24001301,43,6-LANING OF VIJAYAWADA BYPASS FROM GOLLAPUDI (DESIGN CH. 30+000) TO CHINNAKAKANI (DESIGN CH. 47+881),ROAD TRANSPORT AND HIGHWAYS,NHAI,ANDHRA PRADESH,2019-11-01,2024-01-01,2024-07-01,1601.1,1601.1,1187.49,75.93,,,,,transitional,56
2024-10-01,N24001386,44,REHABILITATION AND UPGRADATION TO 2-LANE WITH PAVED SHOULDERS CONFIGURATION OF PADERU- GONDIGUDA SECT,ROAD TRANSPORT AND HIGHWAYS,MoRTH,ANDHRA PRADESH,2020-08-01,2021-03-01,2024-10-01,222.61,222.61,143.53,87.32,,,,,transitional,56
2024-10-01,N24001476,45,CONSTRUCTION OF 4 LANE ACCESS CONTROLLED NEW GREENFIELD HIGHWAY SECTION OF NH 365BG FROM RECHARLA VI,ROAD TRANSPORT AND HIGHWAYS,NHAI,ANDHRA PRADESH,2021-09-01,2022-09-01,2025-03-01,517.05,655.06,521.52,60.77,,2024-09-01,,,transitional,56
2024-10-01,N24001477,46,CONSTRUCTION OF 4 LANE ACCESS CONTROLLED NEW GREENFIELD HIGHWAY SECTION OF NH-365BG (KHAMMAM-DEVARAP,ROAD TRANSPORT AND HIGHWAYS,NHAI,ANDHRA PRADESH,2021-09-01,2022-09-01,2025-05-01,622,817.91,507.68,53.59,,2024-09-01,,,transitional,56
2024-10-01,N24001817,47,6L OF CHILKARARUPET BYPASS FROM KM. 357.400 TO KM. 371.920 OF NH-16,ROAD TRANSPORT AND HIGHWAYS,NHAI,ANDHRA PRADESH,2019-02-01,2023-03-01,2024-10-01,757.45,757.45,487.37,85.11,,2024-10-01,,,transitional,56
2024-10-01,N24001818,48,6L OF PONDAVAKKAM TO KANNIGAIPAIR FROM KM 96.040 TO KM 116.100 OF NH 716B (PKG-IV),ROAD TRANSPORT AND HIGHWAYS,NHAI,ANDHRA PRADESH,2021-02-01,2025-01-01,2025-01-01,818.73,1105,343.6,20.09,,,,,transitional,57
2024-10-01,N24001819,49,6L OF VEERA KAVERI RAJA PURAM TO PONDAVAKKAM FROM KM 61.380 TO KM 96.040 OF NH 716B (PKG-III),ROAD TRANSPORT AND HIGHWAYS,NHAI,ANDHRA PRADESH,2021-03-01,2025-01-01,2025-01-01,1102.63,1303,823.1,79.03,,,,,transitional,57
2024-10-01,N24001820,50,6L OF VARADHARAJULA TO KUMARAJAPET FROM KM 0.000 TO KM 43.800 OF NH-716B (PKG-I),ROAD TRANSPORT AND HIGHWAYS,NHAI,ANDHRA PRADESH,2021-02-01,2024-12-01,2024-12-01,1484.83,1768,1032.32,62.47,,,,,transitional,57
2024-10-01,N24001821,51,BANGALORE CHENNAI EXPRESSWAY (PHASE-II PKG-III) FROM KM.127.000 TO KM 156.000 (BANGARUPALEM TO GUDIP,ROAD TRANSPORT AND HIGHWAYS,NHAI,ANDHRA PRADESH,2020-11-01,2024-10-01,2024-10-01,1137.74,1289,923.26,83.52,,,,,transitional,57
2024-10-01,N24001822,52,BANGALORE CHENNAI EXPRESSWAY (PHASE-II PKG-I) FROM KM.71.000 TO KM 96.000 (BETHAMANGALA IN THE STATE,ROAD TRANSPORT AND HIGHWAYS,NHAI,ANDHRA PRADESH,2020-12-01,2024-10-01,2024-10-01,1075.27,1307,801.02,67.1,,,,,transitional,57
2024-10-01,N24001823,53,4L OF MADANAPALLE TO PILERU SECTION FROM KM 0.000 TO KM 55.900 OF NH-71(PACKAGE-I) - N/05060/01002/A,ROAD TRANSPORT AND HIGHWAYS,NHAI,ANDHRA PRADESH,2022-01-01,2025-01-01,2025-01-01,1852.12,1787,525.31,70.71,,2023-01-01,,,transitional,57
2024-10-01,N24001824,54,RENIGUNTA - POYYA - NAIDUPETA KM 124.60 TO KM 183.4 OF NH 71 - N/04027/06001/AP,ROAD TRANSPORT AND HIGHWAYS,NHAI,ANDHRA PRADESH,2020-03-01,2024-01-01,2024-12-01,1863.09,2238,1227.61,94.11,,2024-12-01,,,transitional,57
2024-10-01,N24001836,55,6L KANTAKAPALLE ? SABBAVARAM SECTION OF NH-130CD ROAD FROM KM 445.100 TO KM 464.662 (PKG-4),ROAD TRANSPORT AND HIGHWAYS,NHAI,ANDHRA PRADESH,2021-02-01,2024-10-01,2024-10-01,824.29,924,389,61.7,,,,,transitional,58
2024-10-01,N24001837,56,6L JAKKUVA ? KORLAM SECTION OF NH-130CD ROAD FROM KM 396.800 TO KM 421.100 (PKG 2),ROAD TRANSPORT AND HIGHWAYS,NHAI,ANDHRA PRADESH,2021-02-01,2024-03-01,2024-09-01,663.6,768,342.3,92.8,,2024-07-01,,,transitional,58
2024-10-01,N24001838,57,6L ALURU - JAKKUVA SECTION OF NH-130CD ROAD FROM KM 365.033 TO KM 396.800 (PKG. 1),ROAD TRANSPORT AND HIGHWAYS,NHAI,ANDHRA PRADESH,2021-02-01,2024-03-01,2025-03-01,922.5,1128.68,361.95,70.48,,,,,transitional,58
2024-10-01,N24001841,58,6L ACCESS CONTROLLED GREENFIELD HIGHWAY FROM KODUR 0.000 KMS TO VANAVOLU 24.300 KMS OF NH 544G PACKA,ROAD TRANSPORT AND HIGHWAYS,NHAI,ANDHRA PRADESH,2022-12-01,2025-09-01,2026-02-01,912.94,912.94,149.11,24.73,,,,,transitional,58
2024-10-01,N24001842,59,6L ACCESS CONTROLLED GREENFIELD HIGHWAY FROM VANAVOLU 24.300 KM. TO VANKARAKUNTA 45.700 KM. OF NH 5,ROAD TRANSPORT AND HIGHWAYS,NHAI,ANDHRA PRADESH,2022-12-01,2025-11-01,2025-11-01,750.81,750.81,99.64,24.5,,,,,transitional,58
2024-10-01,N24001843,60,6L ACCESS CONTROLLED GREENFIELD HIGHWAY FROM VANKARAKUNTA 45.700 KM. TO ODULAPALLE 72.000 KM. OF NH,ROAD TRANSPORT AND HIGHWAYS,NHAI,ANDHRA PRADESH,2022-12-01,2025-11-01,2025-11-01,992.89,992.89,94.42,11.5,,,,,transitional,58
2024-10-01,N24001844,61,6L ACCESS CONTROLLED GREENFIELD HIGHWAY FROM ODULAPALLE 72.000 KM. TO NALLACHERUVUPALLI 96.300 KM.,ROAD TRANSPORT AND HIGHWAYS,NHAI,ANDHRA PRADESH,2022-12-01,2025-10-01,2025-10-01,1058.9,1058.9,131.39,10.77,,,,,transitional,58
2024-10-01,N24001845,62,6L ACCESS CONTROLLED GREENFIELD HIGHWAY FROM NALLACHERUVU PALLI 96.300 KM. TO YERRAGUDIPADU 129.000,ROAD TRANSPORT AND HIGHWAYS,NHAI,ANDHRA PRADESH,2023-02-01,2025-10-01,2025-10-01,1253.24,1253.24,70.84,3.5,,,,,transitional,59
2024-10-01,N24001846,63,6L ACCESS CONTROLLED GREENFIELD HIGHWAY FROM YERRAGUDIPADU 129.000 KM. TO AUDIREDDIPALLE 160.000 KM.,ROAD TRANSPORT AND HIGHWAYS,NHAI,ANDHRA PRADESH,2023-02-01,2025-10-01,2025-10-01,1200.42,1200.42,57.64,1.5,,,,,transitional,59
2024-10-01,N24001847,64,6L ACCESS CONTROLLED GREENFIELD HIGHWAY FROM AUDIREDDIPALLE 160.000 KM. TO MALLAPALLE 176.000 KM. PA,ROAD TRANSPORT AND HIGHWAYS,NHAI,ANDHRA PRADESH,2023-01-01,2025-11-01,2025-11-01,956.14,956.14,95.51,14.72,,,,,transitional,59
2024-10-01,N24001848,65,6L ACCESS CONTROLLED GREENFIELD HIGHWAY FROM MALLAPALLE 176.000 KM. TO KAVULAKUNTLA 196.000 KM. PACK,ROAD TRANSPORT AND HIGHWAYS,NHAI,ANDHRA PRADESH,2023-02-01,2025-10-01,2025-10-01,909.02,909.02,60.01,6.65,,,,,transitional,59
2024-10-01,N24001849,66,4L PS MYDUKUR BADVEL FROM KM 585.820 TO KM 630.960 SECTION OF NH 67,ROAD TRANSPORT AND HIGHWAYS,NHAI,ANDHRA PRADESH,2022-05-01,2025-07-01,2025-09-01,1063.72,1063.72,346.39,40.97,,,,,transitional,59
2024-10-01,N24001856,67,CONSTRUCTION OF 4-LANE HIGHWAY FROM SAMARLAKOTA TO ACHAMPETA JUNCTION (FROM KM. 0.000 TO KM. 12.250,ROAD TRANSPORT AND HIGHWAYS,NHAI,ANDHRA PRADESH,2023-05-01,2025-08-01,2025-08-01,648.75,648.75,114.12,33.45,,,,,transitional,59
2024-10-01,N24001931,68,4 LANING OF BATHALAPALLI TO MUDIGUBBA SECTION (DESIGN CHAINAGE KM. 96.300 TO 129.300) INCLUDING BATH,ROAD TRANSPORT AND HIGHWAYS,MoRTH,ANDHRA PRADESH,2022-03-01,2025-02-01,2025-02-01,536,536,393.81,97.92,,,,,transitional,60
2024-10-01,N24001932,69,2L+PS FROM KM. 0+000 TO KM. 32+000 (MUDIGUBBA TO PUTTAPARTHI) OF NH-342,ROAD TRANSPORT AND HIGHWAYS,MoRTH,ANDHRA PRADESH,2022-03-01,2024-09-01,2024-09-01,401.72,401.72,162.74,64,,,,,transitional,60
2024-10-01,N24001933,70,MULAKALACHERUVU TO MADANAPALLE SECTION OF NH42 FROM KM 202.050 TO KM 245.640 EXCLUDING RETAINED STRE,ROAD TRANSPORT AND HIGHWAYS,MoRTH,ANDHRA PRADESH,2021-12-01,2024-12-01,2024-12-01,480.1,480.1,443.87,96.74,,,,,transitional,60
2024-10-01,N24001934,71,NH440 RAYACHOTY TOVEMPALLI 2LPS,ROAD TRANSPORT AND HIGHWAYS,MoRTH,ANDHRA PRADESH,2021-12-01,2024-05-01,2025-07-01,439.82,439.82,193.63,26.73,,,,,transitional,60
2024-10-01,N24001935,72,4 LANE WITH PAVED SHOULDER FROM KM 0.000 TO KM 51.119 OF TADIPATRI TO MUDDANUR OF NH67,ROAD TRANSPORT AND HIGHWAYS,MoRTH,ANDHRA PRADESH,2022-03-01,2025-08-01,2025-08-01,724.17,724.17,338.52,63,,,,,transitional,60
2024-10-01,N24001939,73,NH165 FROM KM 0.000 TO KM 64.020 PAMARRU TO AKIVEEDU SECTION TO TWO LANE WITH PAVED SHOULDERS,ROAD TRANSPORT AND HIGHWAYS,MoRTH,ANDHRA PRADESH,2020-03-01,2023-09-01,2025-12-01,529.24,529.24,312.17,51.78,,,,,transitional,60
2024-10-01,N24001942,74,2LPS FROM KM36.400 TO KM. 107.224 OF NH167BG FROM DUTTALUR TO KAVALI SECTION,ROAD TRANSPORT AND HIGHWAYS,MoRTH,ANDHRA PRADESH,2021-03-01,2024-07-01,2025-03-01,423.67,423.67,228.15,69.82,,,,,transitional,60
2024-10-01,N24001949,75,NH167B FROM KM 99.103 CS PURAM TO KM 143.320 MALAKONDA TO 2LPS,ROAD TRANSPORT AND HIGHWAYS,MoRTH,ANDHRA PRADESH,2021-12-01,2024-03-01,2025-12-01,277.3,277.3,182.67,93,,,,,transitional,60
2024-10-01,N24001950,76,NH167B FROM KM.143.320 MALAKONDA TO 189.050 SINGARAYAKONDA ON NH 16 TO TWO LANE WITH PAVED SHOULDERS,ROAD TRANSPORT AND HIGHWAYS,MoRTH,ANDHRA PRADESH,2021-03-01,2025-02-01,2025-02-01,369.81,369.81,252.53,85,,,,,transitional,61
2024-10-01,N24001951,77,NH167AD FROM MACHERLA TO DACHEPALLI FROM KM.0.000 TO 43.659 TO 2LPS,ROAD TRANSPORT AND HIGHWAYS,MoRTH,ANDHRA PRADESH,2022-01-01,2025-01-01,2025-01-01,403.22,403.22,262.08,88.17,,,,,transitional,61
2024-10-01,N24001952,78,NH 167 B KADAPA NELLORE BORDER TO CSPURAM I.E. FROM KM 58.635 TO KM 99.409,ROAD TRANSPORT AND HIGHWAYS,MoRTH,ANDHRA PRADESH,2022-03-01,2025-08-01,2025-08-01,285.5,285.5,120.73,58,,,,,transitional,61
2024-10-01,N24001953,79,NH-30-BHADRACHALAM TO KONTA SECTION 2LPS,ROAD TRANSPORT AND HIGHWAYS,MoRTH,ANDHRA PRADESH,2021-12-01,2024-09-01,2024-09-01,388.71,388.71,181.43,67,,,,,transitional,61
2024-10-01,N24001954,80,WIDENING TO 2LPS OF RAMPACHODAVARAM - KOYYURU SECTION OF NH516E FROM KM.43.700 TO KM 113.820,ROAD TRANSPORT AND HIGHWAYS,MoRTH,ANDHRA PRADESH,2022-03-01,2025-01-01,2025-01-01,568.12,568.12,299.13,80,,,,,transitional,61
2024-10-01,N24001955,81,GUDIWADA TOWN 2 LANE ROB AND ROAD IMPROVEMENT OF NH165 IN REPLACEMENT OF LC NO 3ESPL3 AT KM 231.700,ROAD TRANSPORT AND HIGHWAYS,MoRTH,ANDHRA PRADESH,2022-03-01,2025-05-01,2025-05-01,317.22,317.22,181.63,47,,,,,transitional,61
2024-10-01,N24001956,82,2LPS FROM GONDIGUDA TO ARAKU BHALLAGUDA KM 27.480 TO KM 51.772 SECTION OF NH 516E,ROAD TRANSPORT AND HIGHWAYS,MoRTH,ANDHRA PRADESH,2020-08-01,2023-09-01,2024-12-01,296.66,296.66,216.41,78.8,,,,,transitional,61
2024-10-01,N24001957,83,2LPS OF KOYYURU TO CHAPRATHIPALEM SECTION OF NH 516E,ROAD TRANSPORT AND HIGHWAYS,MoRTH,ANDHRA PRADESH,2020-08-01,2024-07-01,2025-03-01,349.29,349.29,138.22,55.75,,,,,transitional,61
2024-10-01,N24001958,84,2LPS OF CHAPRATHIPALEM TO LAMBASINGI SECTION OF NH 516E,ROAD TRANSPORT AND HIGHWAYS,MoRTH,ANDHRA PRADESH,2020-08-01,2024-10-01,2024-10-01,311.22,311.22,102.34,44,,,,,transitional,62
2024-10-01,N24001959,85,4 LANE FROM KM 56.400 TO KM 120.300 FROM B.KOTHAPALLI JUNCTION TO GORANTLA OF NH 716G,ROAD TRANSPORT AND HIGHWAYS,MoRTH,ANDHRA PRADESH,2022-03-01,2025-09-01,2025-09-01,839.98,839.98,259.12,46,,,,,transitional,62
2024-10-01,N24001979,86,4L GREENFIELD ROAD CONNECTING NORTH AND SOUTH INDUSTRIAL CLUSTER OF KHANDALERU CREEK NEAR KRISHNAPAT,ROAD TRANSPORT AND HIGHWAYS,NHAI,ANDHRA PRADESH,2022-08-01,2025-09-01,2025-09-01,609.43,609.43,25.24,26.9,,,,,transitional,62
2024-10-01,N24001980,87,4 LANING OF NH 544D FROM EXISTING KM 346.300 OF NH 44 (DESIGN CHAINAGE KM 0.000) TO KM 39.380 (DESIG,ROAD TRANSPORT AND HIGHWAYS,NHAI,ANDHRA PRADESH,2022-10-01,2025-07-01,2025-07-01,907.76,907.76,271.66,52.49,,,,,transitional,62
2024-10-01,N24001981,88,CONSTRUCTION OF SIX LANING OF NAIDUPETA JUNCTION - TURPUKANUPUR SECTION FROM KM.57+046 TO KM.91+927,ROAD TRANSPORT AND HIGHWAYS,NHAI,ANDHRA PRADESH,2022-07-01,2025-10-01,2025-10-01,1398.84,1398.84,58.68,7.45,,,,,transitional,62
2024-10-01,N24001982,89,4L PS FROM KURNOOL (EXISTING KM. 5.400 OF NH-40/DESIGN KM.0.000) TO MANDLEM (EXISTING KM.38.000/DESI,ROAD TRANSPORT AND HIGHWAYS,NHAI,ANDHRA PRADESH,2023-03-01,2025-10-01,2025-10-01,827.39,827.39,273.3,79.23,,,,,transitional,62
2024-10-01,N24001983,90,4 LANING FROM EXISTING KM 39.380 (DESIGN CH. 37.000) TO KM 74.450 (DESIGN CH. 69.000) OF MUCHUKOTA ?,ROAD TRANSPORT AND HIGHWAYS,NHAI,ANDHRA PRADESH,2022-10-01,2025-08-01,2025-08-01,972.63,1055.23,192.22,37.21,,,,,transitional,62
2024-10-01,N24001984,91,4L PS FROM MANDLEM (EXISTING KM. 38.000/DESIGN KM.30.600) TO ATMAKUR (EXISTING KM.73.000/DESIGN KM 6,ROAD TRANSPORT AND HIGHWAYS,NHAI,ANDHRA PRADESH,2023-03-01,2025-10-01,2025-10-01,887.28,887.28,108.03,30.14,,,,,transitional,63
2024-10-01,N24001985,92,BANGALORE CHENNAI EXPRESSWAY (PHASE-II PKG-II) FROM KM.96.000 TO KM 127.000 (BAIREDDYPALLE TO BANGAR,ROAD TRANSPORT AND HIGHWAYS,NHAI,ANDHRA PRADESH,2021-03-01,2025-06-01,2025-06-01,1942.94,2171,1009.52,43.8,2171,,,,transitional,63
2024-10-01,N24001986,93,4L OF PILERU TO KALUR SECTION FROM KM 55.900 TO KM 92.800 AND KM 94.500 TO KM 95.717,ROAD TRANSPORT AND HIGHWAYS,NHAI,ANDHRA PRADESH,2023-10-01,2025-04-01,2025-04-01,1047.32,1047.32,258.82,63.3,,,,,transitional,63
2024-10-01,N24001987,94,"CONSTRUCTION OF 1 NOS ROB, 2 NOS VUPS, SERVICE ROADS, PROVISION OF LIGHTING AND CONSTRUCTION OF OTHE",ROAD TRANSPORT AND HIGHWAYS,NHAI,ANDHRA PRADESH,2023-06-01,2024-12-01,2024-12-01,152.05,152.05,100.99,56.72,,,,,transitional,63
2024-10-01,N24001988,95,6L OF CHITTOOR TO THATCHUR FROM KUMARAJAPET TO VEERA KAVERI RAJA PURAM FROM KM 43.800 TO KM 61.380 O,ROAD TRANSPORT AND HIGHWAYS,NHAI,ANDHRA PRADESH,2021-02-01,2025-10-01,2025-10-01,591.99,703,277.13,42.38,703,,,,transitional,63
2024-10-01,N24002033,96,CONSTRUCTION OF 4 LANE ACCESS CONTROLLED HIGHWAY FROM CHILLAKURU CROSS ROAD TO TURPUKANUPUR KM 0+000,ROAD TRANSPORT AND HIGHWAYS,NHAI,ANDHRA PRADESH,2022-07-01,2025-12-01,2025-12-01,909.47,909.47,97.03,14.51,,,,,transitional,63
2024-10-01,N24002103,97,COMPLETION OF BALANCE WORKS PENDING IN BIT AND PIECES (INCOMPLETE STRETCH AT 7 LOCATIONS) AND LISTED,ROAD TRANSPORT AND HIGHWAYS,NHAI,ANDHRA PRADESH,2022-09-01,2025-01-01,2025-01-01,166.52,166.52,43.74,0,,,,,transitional,64
2024-10-01,N24002122,98,6L ACCESS CONTROLLED GREENFIELD HIGHWAY FROM NARAYANMPET (CH. 203+500) TO CHANDRASEKHARPURAM (CH. 22,ROAD TRANSPORT AND HIGHWAYS,NHAI,ANDHRA PRADESH,2024-02-01,2026-02-01,2026-02-01,813.66,813.66,13.15,3.57,,,,,transitional,64
2024-10-01,N24002123,99,6L ACCESS CONTROLLED GREENFIELD HIGHWAY FROM CHANDRASEKHARAPURAM (CH. 228+000) TO POLAVARAM (CH. 260,ROAD TRANSPORT AND HIGHWAYS,NHAI,ANDHRA PRADESH,2024-02-01,2026-02-01,2026-02-01,1292.65,1292.65,51.2,2.68,,,,,transitional,64
2024-10-01,N24002124,100,6L ACCESS CONTROLLED GREENFIELD HIGHWAY FROM POLAVARAM (CH. 260+000) TO MARRIPUDI (CH. 285+500) OF [,ROAD TRANSPORT AND HIGHWAYS,NHAI,ANDHRA PRADESH,2024-02-01,2026-02-01,2026-02-01,747.29,747.29,54.66,4.56,,,,,transitional,64
2024-10-01,N24002125,101,6L ACCESS CONTROLLED GREENFIELD HIGHWAY FROM MARRIPUDI (CH. 285+500) TO SOMAVARAPPADU (CH. 314+600),ROAD TRANSPORT AND HIGHWAYS,NHAI,ANDHRA PRADESH,2024-02-01,2026-02-01,2026-02-01,976.4,976.4,128.18,18,,,,,transitional,64
2024-10-01,N24002126,102,6L ACCESS CONTROLLED GREENFIELD HIGHWAY FROM SOMAVARAPPADU (CH.314.600) TO MUPPAVARAM (CH.343+240) O,ROAD TRANSPORT AND HIGHWAYS,NHAI,ANDHRA PRADESH,2024-02-01,2026-02-01,2026-02-01,1103.89,1103.89,54.54,0,,,,,transitional,64
2024-10-01,N24002139,103,4-LANE WITH PAVED SHOULDERS FROM KM 32/0 TO KM 79/650 (DESIGN CHAINAGE KM 32+000 TO KM 78+760) PUTTA,ROAD TRANSPORT AND HIGHWAYS,MoRTH,ANDHRA PRADESH,2023-03-01,2025-12-01,2025-11-01,1318.57,1318.57,284.28,35,,,,,transitional,65
2024-10-01,N24002140,104,SOMAYAJULAPALLI ? DHONE SECTION OF NH ? 340B FROM KM.0/0 TO 56/200 [DESIGN CH. KM 0/00 TO KM 53/33],ROAD TRANSPORT AND HIGHWAYS,MoRTH,ANDHRA PRADESH,2023-04-01,2025-12-01,2025-12-01,629.73,629.73,205.1,42,,,,,transitional,65
2024-10-01,N24002141,105,2 LANE WITH PAVED SHOULDER CONFIGURATION FROM SEETHARAMAPURAM TO DUTTALURU SECTION OF NH-167 BG FROM,ROAD TRANSPORT AND HIGHWAYS,MoRTH,ANDHRA PRADESH,2023-06-01,2025-07-01,2025-07-01,364.07,364.07,151.37,72,,,,,transitional,65
2024-10-01,N24002142,106,2-LANE WITH PAVED SHOULDER CONFIGURATION OF LAMBASINGI TO PADERU SECTION (KM 205+000 TO KM 253+974),ROAD TRANSPORT AND HIGHWAYS,MoRTH,ANDHRA PRADESH,2023-08-01,2025-11-01,2025-11-01,361.24,361.24,24.93,9.11,,,,,transitional,65
2024-10-01,N24002143,107,BYPASS ROAD TO ADONI TOWN CONNECTING NH-167 (HAGARI - JADCHARLA ROAD) FROM KM.62/700 TO 71/400 IN KU,ROAD TRANSPORT AND HIGHWAYS,MoRTH,ANDHRA PRADESH,2023-08-01,2026-02-01,2026-02-01,361.24,361.24,37.08,23,,,,,transitional,65
2024-10-01,N24002144,108,VODAREVU-CHILAKALURIPET SECTION (DESIGN CHAINAGE 0+00 TO 47+000) OF NH-167A (PACKAGE- I),ROAD TRANSPORT AND HIGHWAYS,MoRTH,ANDHRA PRADESH,2023-08-01,2026-02-01,2026-02-01,1064.24,1064.24,255.03,21,,,,,transitional,65
2024-10-01,N24002145,109,TADIPATRI BYPASS (KM 0+000 TO KM 6+285) OF 4-LANE ON NH-67 IN ANANTAPURAMU,ROAD TRANSPORT AND HIGHWAYS,MoRTH,ANDHRA PRADESH,2023-11-01,2026-03-01,2026-03-01,159.66,159.66,50.76,48,,,,,transitional,65
2024-10-01,N24002146,110,KURNOOL/KADAPA BORDER- JAMMALAMADUGU SECTION OF NH- 167K I.E. DESIGN CH. KM 248+010 TO KM 269+900,ROAD TRANSPORT AND HIGHWAYS,MoRTH,ANDHRA PRADESH,2023-11-01,2025-11-01,2025-11-01,292.63,292.63,6,0,,,,,transitional,66
2024-10-01,N24002147,111,DORNALA TO KUNTA JUNCTION FROM DESIGN CHAINAGE KM 244+000 TO 267+990 SECTION OF NH-765 (PACKAGE-2),ROAD TRANSPORT AND HIGHWAYS,MoRTH,ANDHRA PRADESH,2022-12-01,2024-01-01,2026-03-01,244.83,244.83,35.33,14.35,,,,,transitional,66
2024-10-01,N24002148,112,PADERU BYPASS (KM 0+000 TO KM 13+000) OF 2- LANE WITH PAVED SHOULDER ON NH-516E,ROAD TRANSPORT AND HIGHWAYS,MoRTH,ANDHRA PRADESH,2023-03-01,2024-03-01,2026-02-01,244.43,244.43,8.72,0,,,,,transitional,66
2024-10-01,N24002149,113,DAVUALAPALLY TO MALLAPALEM SECTION {DESIGN CH. KM 133+922 TO KM 154+216 (EXISTING CH. KM 133+922 TO,ROAD TRANSPORT AND HIGHWAYS,MoRTH,ANDHRA PRADESH,2024-01-01,2024-02-01,2026-02-01,393.61,393.61,41.66,0,,,,,transitional,66
2024-10-01,N30000002,114,POLAVARAM IRRIGATION PROJECT,WATER RESOURCES,PPA,ANDHRA PRADESH,2009-02-01,2020-03-01,2026-03-01,10151.04,55548.87,21644.53,76.75,,,,,transitional,66
2024-10-01,N04000092,115,CONSTRUCTION OF NEW GREEN FIELD AIRPORT AT HOLLONGI ITANAGAR ARUNACHAL PRADESH,CIVIL AVIATION,AAI,ARUNACHAL PRADESH,2019-02-01,2022-08-01,2024-12-01,645.63,712.15,670.15,98.58,,2024-12-01,,,transitional,66
2024-10-01,180100221,116,SUBANSIRI LOWER H.E.P (8X250 MW) (NHPC),POWER,NHPC,ARUNACHAL PRADESH,2003-09-01,2010-09-01,2026-05-01,6285.33,21247.54,22512.54,94.01,,,,,transitional,66
2024-10-01,N18000362,117,DIBANG MULTIPURPOSE PROJECT 2880 MW ARUNACHAL PRADESH,POWER,NHPC,ARUNACHAL PRADESH,2023-02-01,2032-02-01,2032-02-01,31876.39,31876.39,2628.95,12.95,,,,,transitional,66
2024-10-01,N24000683,118,TWO LANING OF JORAM KOLORIANG ROAD (NH 713) ON EPC BASIS FROM DESIGN KM. 138+000 TO KM. 154+036 [EX,ROAD TRANSPORT AND HIGHWAYS,NHIDCL,ARUNACHAL PRADESH,2017-02-01,2023-11-01,2024-11-01,180.57,180.57,154.17,90.01,244.1,2024-03-01,,,transitional,67
2024-10-01,N24000685,119,CONSTRUCTION OF TWO LANE WITH PAVED SHOULDERS OF JORAM KOLORIANG ROAD (NH 713) ON EPC BASIS FROM EXI,ROAD TRANSPORT AND HIGHWAYS,NHIDCL,ARUNACHAL PRADESH,2017-02-01,2022-04-01,2023-11-01,167.28,167.28,144.91,100,,2023-11-01,,,transitional,67
2024-10-01,N24000946,120,CONSTRUCTION OF 2-LANE ROAD WITH PAVED SHOULDERS FROM KM16.00 OF ROING-HUNLI SECTION TO KM 21.500 OF,ROAD TRANSPORT AND HIGHWAYS,NHIDCL,ARUNACHAL PRADESH,2017-03-01,2022-03-01,2025-06-01,1718.59,1718.59,683.02,69.07,1718.59,2025-06-01,,,transitional,67
2024-10-01,N24000948,121,CONSTRUCTION OF 2 LANING OF EXISTING HUNLI-ANINI ROAD ON EPC BASIS FROM DESIGN KM 53.500 TO KM 92.50,ROAD TRANSPORT AND HIGHWAYS,NHIDCL,ARUNACHAL PRADESH,2016-09-01,2019-12-01,2024-09-01,568.92,568.92,508.65,100,568.92,2024-08-01,,,transitional,67
2024-10-01,N24000979,122,TWO-LANING OF HAYULIANG? HAWAI BYPASS ROAD ON EPC BASIS FROM DESIGN KM. 51.825 TO KM. 63.131 EXISTI,ROAD TRANSPORT AND HIGHWAYS,NHIDCL,ARUNACHAL PRADESH,2017-01-01,2023-05-01,2025-03-01,256.66,256.66,0,63.59,,2023-05-01,,,transitional,67
2024-10-01,N24001244,123,CONSTRUCTION OF 2-LANING WITH HARD SHOULDERS OF ARROWA-KHUPA-HAYULIANG SECTION OF NH-113 FROM CH.68.,ROAD TRANSPORT AND HIGHWAYS,NHIDCL,ARUNACHAL PRADESH,2020-08-01,2022-04-01,2025-02-01,301.06,301.06,140.75,62.76,,2025-02-01,,,transitional,67
2024-10-01,N24001245,124,CONSTRUCTION OF 2-LANING WITH HARD SHOULDERS OF DEMWE-BRAHMAKUND SECTION OF NH-13 FROM CH.0.00 KM TO,ROAD TRANSPORT AND HIGHWAYS,NHIDCL,ARUNACHAL PRADESH,2020-09-01,2022-05-01,2024-03-01,353.9,353.9,41.82,25.38,,2022-10-01,,,transitional,68
2024-10-01,N24001291,125,CONSTRUCTION OF 2 LANE ROAD OF POTIN TO PANGIN SECTION OF NH 13 FROM KM 77.95 TO KM 117.56 (PACKAGE,ROAD TRANSPORT AND HIGHWAYS,MoRTH,ARUNACHAL PRADESH,2019-03-01,2027-03-01,2027-03-01,421.48,421.48,365.83,100,,,,,transitional,68
2024-10-01,N24001292,126,CONSTRUCTION OF 2 LANE ROAD OF POTIN TO PANGIN SECTION OF NH 13 FROM KM 117.56 TO KM 163.59 (PACKAGE,ROAD TRANSPORT AND HIGHWAYS,MoRTH,ARUNACHAL PRADESH,2019-03-01,2027-03-01,2027-03-01,543.05,600,588.85,100,,,,,transitional,68
2024-10-01,N24001293,127,CONSTRUCTION OF 2 LANE ROAD OF POTIN TO PANGIN SECTION OF NH 13 FROM KM 206.66 TO KM 247.05 (PACKAGE,ROAD TRANSPORT AND HIGHWAYS,MoRTH,ARUNACHAL PRADESH,2019-03-01,2027-03-01,2027-03-01,486.7,486.7,480.44,100,,,,,transitional,68
2024-10-01,N24001297,128,CONSTRUCTION OF 2 LANE ROAD OF POTIN TO PANGIN SECTION OF NH 13 FROM KM 163.59 TO KM 206.66 (PACKAGE,ROAD TRANSPORT AND HIGHWAYS,MoRTH,ARUNACHAL PRADESH,2019-03-01,2027-03-01,2027-03-01,450.65,450.65,371.45,92.72,,,,,transitional,68
2024-10-01,N24001315,129,TADADEGE - HENKAR,ROAD TRANSPORT AND HIGHWAYS,NHIDCL,ARUNACHAL PRADESH,2021-02-01,2023-03-01,2024-09-01,550.45,550.45,113.92,44.05,,2024-06-01,,,transitional,68
2024-10-01,N24001316,130,LADDA - BASAI,ROAD TRANSPORT AND HIGHWAYS,NHIDCL,ARUNACHAL PRADESH,2021-02-01,2023-04-01,2025-03-01,445.96,445.96,117.91,49.63,,2025-01-01,,,transitional,68
2024-10-01,N24001320,131,DOGINALA - GAU,ROAD TRANSPORT AND HIGHWAYS,NHIDCL,ARUNACHAL PRADESH,2020-12-01,2022-09-01,2024-12-01,242.3,242.3,21.47,17.81,,,,,transitional,68
2024-10-01,N24001372,132,BALANCE WORK 2-LANING OF LALPUL MANMAO CHANGLANG ROAD (NH-215) ON EPC MODE IN THE STATE OF ARUNACH,ROAD TRANSPORT AND HIGHWAYS,MoRTH,ARUNACHAL PRADESH,2021-02-01,2024-03-01,2024-12-01,588.09,588.09,480.1,94.25,,2024-12-01,,,transitional,69
2024-10-01,N24001374,133,4-LANING OF ITANAGAR TO BANDARDEWA SECTION OF NH-415 FROM KM 51+700 TO KM 59+199 (PACKAGE-C) ON EPC,ROAD TRANSPORT AND HIGHWAYS,MoRTH,ARUNACHAL PRADESH,2020-06-01,2027-03-01,2027-03-01,437.6,437.6,365.27,100,,,,,transitional,69
2024-10-01,N24001375,134,4 LANING OF ITANAGAR TO BANDARDEWA SECTION OF NH-415 FROM KM 40+430 TO KM 51+735 (PACKAGE B) ON EPC,ROAD TRANSPORT AND HIGHWAYS,MoRTH,ARUNACHAL PRADESH,2020-06-01,2027-03-01,2027-03-01,496.47,496.47,142.05,35.74,,,,,transitional,69
2024-10-01,N24001390,135,JORAM ? KOLORIANG ROAD FROM EXISTING KM 50.050 TO KM 70.00 (PKG-3),ROAD TRANSPORT AND HIGHWAYS,NHIDCL,ARUNACHAL PRADESH,2020-08-01,2022-04-01,2024-09-01,228.71,228.71,98.86,99.52,,2024-08-01,,,transitional,69
2024-10-01,N24001391,136,JORAM ? KOLORIANG ROAD FROM EXISTING KM 70.00 TO KM 88.700 (PKG-4),ROAD TRANSPORT AND HIGHWAYS,NHIDCL,ARUNACHAL PRADESH,2020-08-01,2022-04-01,2024-09-01,294.04,294.04,147.13,100,,2024-02-01,,,transitional,69
2024-10-01,N24001393,137,JORAM ? KOLORIANG ROAD FROM EXISTING KM122.600 TO KM138.00 (PKG-7),ROAD TRANSPORT AND HIGHWAYS,NHIDCL,ARUNACHAL PRADESH,2020-08-01,2022-04-01,2024-11-01,184.88,184.88,95.64,93.83,,2024-02-01,,,transitional,69
2024-10-01,N04000083,138,CONSTRUCTION OF NEW INTEGRATED TERMINAL BUILDING AT LGBI AIRPORT GUWAHATI,CIVIL AVIATION,AAI,ASSAM,2016-12-01,2021-03-01,2025-05-01,1142,2333,1414.84,68.99,,,,,transitional,69
2024-10-01,N21000027,139,"ALL INDIA INSTITUTE OF MEDICAL SCIENCE AT GUWAHATI, ASSAM",HEALTH AND FAMILY WELFARE,HITES,ASSAM,2017-05-01,2021-05-01,2024-11-01,875,860,769.3,99.07,873.92,2023-04-01,,,transitional,69
2024-10-01,N16000331,140,DEVELOPMENT OF SURFACE FACILITIES FOR PRODUCTION AND EVACUATION OF CRUDE OIL AND NATURAL GAS FROM NA,PETROLEUM,OIL,ASSAM,2018-01-01,2020-02-01,2024-12-01,543.91,670.9,491.56,93.83,,2023-12-01,,,transitional,70
2024-10-01,N16000379,141,NUMALIGARH REFINERY EXPANSION PROJECT 6 MMTPA REFINARY,PETROLEUM,NRL,ASSAM,2019-01-01,2024-10-01,2025-12-01,12366,18968,13286.18,65.01,,,,,transitional,70
2024-10-01,N16000394,142,NUMALIGARH REFINERY EXPANSION PROJECT COIT AND PIPELINES,PETROLEUM,NRL,ASSAM,2019-01-01,2024-10-01,2025-09-01,10228,9058,8304.39,78.74,,,,,transitional,70
2024-10-01,N16000414,143,EXPANSION OF GUWAHATI REFINERY FROM 1 TO 1.2 MMTPA ALONG WITH INSTALLATION OF CATALYTIC REFORMING UN,PETROLEUM,IOCL,ASSAM,2021-05-01,2023-10-01,2025-02-01,412,509.84,358.18,78.3,509.84,2025-02-01,,,transitional,70
2024-10-01,N16000433,144,"GAS ASSISTED GRAVITY DRAINAGE SCHEME, KASOMARIGAON",PETROLEUM,ONGC,ASSAM,2021-08-01,2023-02-01,2024-11-01,218.38,218.38,207.18,98.3,,2024-06-01,,,transitional,70
2024-10-01,N16000441,145,"REVAMPING OF FACILITIES AT EXISTING GUWAHATI TERMINAL, ASSAM",PETROLEUM,IOCL,ASSAM,2022-03-01,2026-07-01,2026-09-01,277,277,158.33,52.4,,2026-09-01,,,transitional,70
2024-10-01,N16000449,146,UPGRADATION OF FACILITIES OF NUMALIGARH-SILIGURI PRODUCT PIPELINE (NSPL) FOR TRANSPORTATION OF ADDIT,PETROLEUM,OIL,ASSAM,2021-06-01,2024-12-01,2024-12-01,860,860,401.83,88.7,,,,,transitional,70
2024-10-01,N16000450,147,"PROJECT TO CONSTRUCT A FIELD GAS GATHERING STATION AT BAGHJAN AREA FOR COLLECTION,PROCESSING",PETROLEUM,OIL,ASSAM,2020-12-01,2024-07-01,2024-12-01,430.76,430.76,245.08,73.76,,2024-03-01,,,transitional,71
2024-10-01,N16000457,148,CAPACITY EXPANSION OF DIGBOI REFINERY FROM 0.65 TO 1.0 MMTPA,PETROLEUM,IOCL,ASSAM,2022-06-01,2025-10-01,2026-03-01,768,768,62.57,8.9,,,,,transitional,71
2024-10-01,N16000484,149,"CONSTRUCTION OF LPG FACILITIES AT KAMARDANGA, ASSAM",PETROLEUM,HPCL,ASSAM,2023-03-01,2027-07-01,2027-07-01,156.36,156.36,1.38,12,156.36,2027-07-01,,,transitional,71
2024-10-01,N16000494,150,"SETTING UP OF NEW RAIL FED POL FACILITY AT KAMARDANGA, ASSAM",PETROLEUM,HPCL,ASSAM,2023-03-01,2027-07-01,2027-07-01,384.04,384.04,37.48,4.5,,2027-07-01,,,transitional,71
2024-10-01,N16000510,151,POWER RECOVERY TURBINE IN PFCCU,PETROLEUM,NRL,ASSAM,2023-03-01,2025-07-01,2025-07-01,293.5,293.5,56.33,78,,,,,transitional,71
2024-10-01,N16000511,152,DCU REVAMP PROJECT,PETROLEUM,NRL,ASSAM,2021-08-01,2025-03-01,2025-10-01,370,370,161.76,35.6,,,,,transitional,71
2024-10-01,N16000528,153,PIPELINE NETWORK PROJECT RUDRASAGAR,PETROLEUM,ONGC,ASSAM,2023-01-01,2026-04-01,2026-04-01,344.99,344.99,139.67,40.3,,,,,transitional,71
2024-10-01,N16000532,154,BORHOLLA GGS LIFE EXTENSION PROJECT,PETROLEUM,ONGC,ASSAM,2023-09-01,2026-05-01,2026-05-01,198.7,198.7,3.05,4.6,,,,,transitional,71
2024-10-01,N22000388,155,BONGAIGAON-GOALPARA- GUWAHATI (176 KM),RAILWAYS,NFR,ASSAM,2015-04-01,2022-03-01,2027-03-01,2232.32,4983.94,3494.15,92,,,,,transitional,71
2024-10-01,N24000319,156,4 LANING OF JORHAT TO JHANJI SECTION FROM KM. 453.00 TO KM. 491.08 (DESIGN KM 403.200 TO KM 454.240),ROAD TRANSPORT AND HIGHWAYS,NHIDCL,ASSAM,2015-06-01,2023-08-01,2024-12-01,437.39,437.39,335.9,26.59,,,,,transitional,72
2024-10-01,N24000320,157,FOUR LANING OF JHANJHI JN TO DEMOW SECTION FROM KM. 491.050 TO KM. 535.250(DESIGN KM 490.800 TO KM 5,ROAD TRANSPORT AND HIGHWAYS,NHIDCL,ASSAM,2015-06-01,2024-03-01,2025-10-01,463.49,463.49,368.62,1.43,,,,,transitional,72
2024-10-01,N24000431,158,4 LANING FROM JAMUGURI TO BISWANATH CHARIALI FROM KM 182 TO KM 208 OF NH-52,ROAD TRANSPORT AND HIGHWAYS,NHIDCL,ASSAM,1991-01-01,2019-06-01,2025-03-01,520.01,520.01,304.8,90.01,,2019-06-01,,,transitional,72
2024-10-01,N24000438,159,4 LANING FROM RANGAGARA TO KALIABHOR TINALI FROM KM 297.00 TO KM 315.315 OF NH-37 ON EPC BASIS.,ROAD TRANSPORT AND HIGHWAYS,NHIDCL,ASSAM,2015-12-01,2018-12-01,2025-03-01,289.99,289.99,232.66,87.62,,2021-07-01,,,transitional,72
2024-10-01,N24000582,160,4 LANING OF NH-37 SECTION BETWEEN DEMOW TO END OF MORAN BYPASS (FROM KM. 534.800 TO KM. 561.700) O,ROAD TRANSPORT AND HIGHWAYS,NHIDCL,ASSAM,2016-01-01,2016-01-01,2024-12-01,294.17,294.17,296.22,46.44,,,,,transitional,72
2024-10-01,N24000583,161,4 LANING OF NH 37 SECTION BETWEEN END OF MORAN BYPASS TO BOGIBEEL JUNCTION NEAR LAPETKETA (KM. 561,ROAD TRANSPORT AND HIGHWAYS,NHIDCL,ASSAM,2016-01-01,2021-12-01,2025-03-01,252,330.3,146.28,12.19,,,,,transitional,72
2024-10-01,N24000902,162,FOUR LANING OF BALACHERA- HARANGAJAO SECTION OF NH-54 (EXT) FROM KM 275.00 TO KM 244.000 IN THE STATE,ROAD TRANSPORT AND HIGHWAYS,NHIDCL,ASSAM,2017-10-01,2020-06-01,2024-04-01,818,887.68,874.3,100,887.68,2023-12-01,,,transitional,72
2024-10-01,N24001246,163,4-LANING OF HAPACHARA - TULUNGIA SECTION,ROAD TRANSPORT AND HIGHWAYS,NHIDCL,ASSAM,2020-03-01,2022-12-01,2024-08-01,220.2,220.2,216.04,97.76,,,,,transitional,73
2024-10-01,N24001248,164,WIDENING/IMPROVEMENT TO 4- LANE WITH PAVED SHOULDER FROM CH.75.330KM TO CH.88.00KM (DESIGN CH.71.800,ROAD TRANSPORT AND HIGHWAYS,NHIDCL,ASSAM,2020-08-01,2022-04-01,2024-07-01,208.84,208.84,193.58,100,,,,,transitional,73
2024-10-01,N24001269,165,2-LANING OF CHURACHANDPUR TUIVAI SECTION OF NH-102B (PKG- IB),ROAD TRANSPORT AND HIGHWAYS,NHIDCL,ASSAM,2020-03-01,2022-03-01,2025-01-01,216.49,216.49,104.36,79.48,241.52,2025-01-01,,,transitional,73
2024-10-01,N24001326,166,4-L DHUBRI PHULBARI BRIDGE WITH APPROACH ROAD,ROAD TRANSPORT AND HIGHWAYS,NHIDCL,ASSAM,2020-11-01,2028-09-01,2028-09-01,4997.04,4997.04,2060.96,52.57,,,,,transitional,73
2024-10-01,N24001331,167,2-LANING FROM YAINGANGPOKPI TO FINCH CORNER (PKG-I),ROAD TRANSPORT AND HIGHWAYS,NHIDCL,ASSAM,2020-03-01,2022-06-01,2025-05-01,261.13,261.13,64.96,54.59,,2025-05-01,,,transitional,73
2024-10-01,N24001332,168,2-LANING FROM YAINGANGPOKPI TO FINCH CORNER (PKG-II),ROAD TRANSPORT AND HIGHWAYS,NHIDCL,ASSAM,2020-03-01,2022-06-01,2025-04-01,217.5,217.5,84.36,64.15,,2025-04-01,,,transitional,73
2024-10-01,N24001366,169,DABOKA KATHKATI PACKAGE-5,ROAD TRANSPORT AND HIGHWAYS,NHIDCL,ASSAM,2021-03-01,2023-01-01,2024-11-01,288.85,288.85,243.26,98.58,,,,,transitional,73
2024-10-01,N24001368,170,TULUNGIA-JOGIGHOPA-PAIKAN ROAD PKG-7,ROAD TRANSPORT AND HIGHWAYS,NHIDCL,ASSAM,2021-03-01,2024-01-01,2025-10-01,286.72,286.72,87.43,34.43,,,,,transitional,73
2024-10-01,N24001408,171,CONSTRUCTION OF 2-LANE MAJOR BRIDGE INCLUDING APPROACHESOVER BRAHMAPUTRA BETWEEN MAJULI ON NORTH BAN,ROAD TRANSPORT AND HIGHWAYS,MoRTH,ASSAM,2021-02-01,2025-07-01,2025-07-01,925.47,925.47,192.5,30.65,,,,,transitional,73
2024-10-01,N24001432,172,"6L FLYOVER AT BORAGAON, GORCHUK, LOKHRA AND BASISTHA JUNCTION ON GUWAHATI BYPASS SECTION FROM KM 146",ROAD TRANSPORT AND HIGHWAYS,NHAI,ASSAM,2021-12-01,2024-08-01,2024-08-01,300,300,297.62,100,,2024-03-01,,,transitional,74
2024-10-01,N24001434,173,JOGIGHOPA BRIDGE,ROAD TRANSPORT AND HIGHWAYS,NHIDCL,ASSAM,2021-08-01,2024-11-01,2026-12-01,746.76,746.76,299.82,58.2,,,,,transitional,74
2024-10-01,N24001450,174,DABOKA KATHKATI PACKAGE-6,ROAD TRANSPORT AND HIGHWAYS,NHIDCL,ASSAM,2021-09-01,2024-07-01,2024-12-01,625.64,625.64,472.63,85.15,,,,,transitional,74
2024-10-01,N24001451,175,DIBRUGARH-LAHOAL-CHABUA BYPASS PACKAGE-1,ROAD TRANSPORT AND HIGHWAYS,NHIDCL,ASSAM,2022-03-01,2024-07-01,2024-10-01,215.27,215.27,150.92,100,,,,,transitional,74
2024-10-01,N24001452,176,DIBRUGARH-LAHOAL-CHABUA BYPASS PACKAGE-2,ROAD TRANSPORT AND HIGHWAYS,NHIDCL,ASSAM,2022-04-01,2024-07-01,2024-08-01,170.95,170.95,125.71,100,,,,,transitional,74
2024-10-01,N24001537,177,DABOKA KATHKATI PACKAGE-7,ROAD TRANSPORT AND HIGHWAYS,NHIDCL,ASSAM,2021-11-01,2024-07-01,2024-12-01,204.1,204.1,127.65,83.53,,,,,transitional,74
2024-10-01,N24001544,178,FOUR LANING OF SRIRAMPUR- DHUBRI PKG-2,ROAD TRANSPORT AND HIGHWAYS,NHIDCL,ASSAM,2022-03-01,2025-01-01,2025-01-01,909.02,909.02,408.84,77.21,,,,,transitional,74
2024-10-01,N24001545,179,"6L STANDALONE FLYOVERS AT RAHA, DEMOW, BORGHAT, KATHIATALI JUNCTIONS AND ROB AT JAGIROAD ON STRETCHE",ROAD TRANSPORT AND HIGHWAYS,NHAI,ASSAM,2022-08-01,2022-12-01,2024-06-01,175,175,178.56,99.04,,2024-09-01,,,transitional,74
2024-10-01,N24001547,180,BALANCE WORK OF 4L OF NARIMBANGLO?JATINGA JUNCTION- HARANGAJO ROAD SECTION FROM KM 0.000 TO KM 49.23,ROAD TRANSPORT AND HIGHWAYS,NHAI,ASSAM,2022-03-01,2026-01-01,2026-01-01,1909.98,1909.98,480.84,52.48,,,,,transitional,74
2024-10-01,N24001548,181,"6L STANDALONE FLYOVERS AT BONGAIGAON, CHAPAGURI, PATHSALA, SIMLAGURI CHOWK AND BAIHATA BYPASS JUNCTI",ROAD TRANSPORT AND HIGHWAYS,NHAI,ASSAM,2022-03-01,2024-06-01,2024-12-01,457.72,457.72,313.97,89.68,,,,,transitional,75
2024-10-01,N24001831,182,SRIRAMPUR - DHUBRI PKG-1,ROAD TRANSPORT AND HIGHWAYS,NHIDCL,ASSAM,2022-03-01,2025-02-01,2025-12-01,613.89,613.89,17.15,9.23,,,,,transitional,75
2024-10-01,N24001832,183,DIBRUGARH-LAHOAL-CHABUA BYPASS PACKAGE-3,ROAD TRANSPORT AND HIGHWAYS,NHIDCL,ASSAM,2023-01-01,2025-05-01,2025-05-01,458.59,458.59,153.42,43.85,,,,,transitional,75
2024-10-01,N24001840,184,CONSTRUCTION OF MANGALDOI BYPASS (NH-15) STARTING AT CH 26+400 AND TERMINATING AT CH 41+505 UNDER RA,ROAD TRANSPORT AND HIGHWAYS,MoRTH,ASSAM,2022-03-01,2025-04-01,2025-04-01,535.03,535.03,4.07,10.6,,,,,transitional,75
2024-10-01,N24001969,185,WIDENING AND UPGRADATION TO TWO LANES WITH PAVED SHOULDERS ROAD FROM TAMENGLONG TO MAHUR (NH-137) I,ROAD TRANSPORT AND HIGHWAYS,NHIDCL,ASSAM,2023-03-01,2025-08-01,2025-08-01,904.04,904.04,301.41,38.71,,,,,transitional,75
2024-10-01,N24001970,186,WIDENING AND UPGRADATION TO TWO LANES WITH PAVED SHOULDERS ROAD FROM TAMENGLONG TO MAHUR (NH-137) IN,ROAD TRANSPORT AND HIGHWAYS,NHIDCL,ASSAM,2023-03-01,2025-08-01,2025-08-01,860.37,860.37,287.76,39.05,,,,,transitional,75
2024-10-01,N24001971,187,WIDENING AND UPGRADATION TO TWO LANES WITH PAVED SHOULDERS ROAD FROM TAMENGLONG TO MAHUR (NH-137) IN,ROAD TRANSPORT AND HIGHWAYS,NHIDCL,ASSAM,2023-03-01,2025-08-01,2025-08-01,890.33,890.33,347.95,36.05,,,,,transitional,75
2024-10-01,N24001972,188,WIDENING/IMPROVEMENT TO 4- LANE WITH PAVED SHOULDER FROM KM 0+800 (KANDULIJAN GAON) TO KM 27+701 (SI,ROAD TRANSPORT AND HIGHWAYS,NHIDCL,ASSAM,2023-03-01,2026-04-01,2026-04-01,609.16,609.16,187.98,53.3,,,,,transitional,76
2024-10-01,N24001973,189,WIDENING/IMPROVEMENT TO 4- LANE WITH PAVED SHOULDER FROM KM 27+701 (SIMEN CHAPORI) TO KM 55+000 (NAG,ROAD TRANSPORT AND HIGHWAYS,NHIDCL,ASSAM,2023-03-01,2026-02-01,2026-02-01,562.05,562.05,178.24,52.85,,,,,transitional,76
2024-10-01,N24002021,190,BILASIPURA-GUWAHATI ROAD PKG- 8,ROAD TRANSPORT AND HIGHWAYS,NHIDCL,ASSAM,2023-03-01,2026-12-01,2026-12-01,1457.59,1457.59,359.25,25.65,,,,,transitional,76
2024-10-01,N24002022,191,BILASIPURA-GUWAHATI ROAD PKG- 9,ROAD TRANSPORT AND HIGHWAYS,NHIDCL,ASSAM,2023-03-01,2026-06-01,2026-06-01,1000.27,1000.27,212.32,10.38,,,,,transitional,76
2024-10-01,N24002023,192,BILASIPURA-GUWAHATI ROAD PKG- 10,ROAD TRANSPORT AND HIGHWAYS,NHIDCL,ASSAM,2023-03-01,2026-06-01,2026-06-01,1264.9,1264.9,270.76,14.23,,,,,transitional,76
2024-10-01,N24002024,193,DABOKA BYPASS OF DABOKA - PAROKHAOWA PKG -1,ROAD TRANSPORT AND HIGHWAYS,NHIDCL,ASSAM,2023-01-01,2025-11-01,2025-11-01,516.88,516.88,177.39,50.11,,,,,transitional,76
2024-10-01,N24002025,194,2 LANE WITH PAVED SHOULDER FROM KM 16+900 (BOGAPANI) TO KM 27+150 (GOLAI GAON) ON EXISTING DIBRUGARH,ROAD TRANSPORT AND HIGHWAYS,NHIDCL,ASSAM,2023-01-01,2025-12-01,2025-12-01,356.65,356.65,115.18,5.55,,,,,transitional,76
2024-10-01,N24002026,195,2 LANE WITH PAVED SHOULDER FROM KM 27+150 (GOLAI GAON) TO KM 47+682 (LEDO) ON EXISTING DIBRUGARH TO,ROAD TRANSPORT AND HIGHWAYS,NHIDCL,ASSAM,2023-03-01,2025-12-01,2025-12-01,643.42,643.42,67.22,8.45,,,,,transitional,76
2024-10-01,N24002030,196,DEVELOPMENT OF EXTERNAL TRUNK CONNECTIVITY AND INTERNAL INFRASTRUCTURE WORKS AT MULTI MODEL LOGISTIC,ROAD TRANSPORT AND HIGHWAYS,NHIDCL,ASSAM,2020-02-01,2022-03-01,2024-10-01,592.06,592.06,304.02,100,,,,,transitional,77
2024-10-01,N24002127,197,SILCHAR VAIRENGTE SAIRANG ROAD PKG-1,ROAD TRANSPORT AND HIGHWAYS,NHIDCL,ASSAM,2023-02-01,2026-07-01,2026-07-01,1256.9,1256.9,320.55,12.96,,,,,transitional,77
2024-10-01,N24002128,198,SILCHAR VAIRENGTE SAIRANG ROAD PKG-2,ROAD TRANSPORT AND HIGHWAYS,NHIDCL,ASSAM,2023-03-01,2026-08-01,2026-08-01,1716.21,1716.21,744.22,32.05,,,,,transitional,77
2024-10-01,N24002129,199,FOUR LANNING OF BADARPUR BYPASS FROM DESIGN CHAINAGE KM 27+300 AT CROSSING WITH NH- 6,ROAD TRANSPORT AND HIGHWAYS,NHIDCL,ASSAM,2023-02-01,2026-08-01,2026-08-01,574.26,574.26,177.78,19.59,,,,,transitional,77
2024-10-01,N24002130,200,TAMENGLONG- MAHUR ROAD PKG- 7,ROAD TRANSPORT AND HIGHWAYS,NHIDCL,ASSAM,2023-12-01,2026-03-01,2026-03-01,846.82,846.82,284.84,31.35,,,,,transitional,77
2024-10-01,N24002154,201,CONSTRUCTION OF 4-LANE PANCHGRAM BYPASS FROM DESIGN CHAINAGE KM 15+500 ON NH-37 (OLD NH-53) AT KALIN,ROAD TRANSPORT AND HIGHWAYS,NHIDCL,ASSAM,2023-03-01,2027-02-01,2027-02-01,728.97,728.97,91.62,0,,,,,transitional,77
2024-10-01,N24002155,202,WIDENING/IMPROVEMENT TO 4- LANE WITH PAVED SHOULDER FROM KM 55+000 (NAGABANG GAMSUK) TO KM 82+514 (OY,ROAD TRANSPORT AND HIGHWAYS,NHIDCL,ASSAM,2023-03-01,2027-03-01,2027-03-01,665.47,665.47,73.01,0,,,,,transitional,77
2024-10-01,N04000082,203,"CONSTRUCTION OF NEW DORNESTIC TERMINAL BUILDING AND OTHER STRUCTURES, PHASE I AND II",CIVIL AVIATION,AAI,BIHAR,2018-05-01,2022-10-01,2024-12-01,1216.9,1216.9,823.96,74.2,,2024-12-01,,,transitional,77
2024-10-01,N04000112,204,"DARBHANGA:DEVELOPMENT OF NEW CIVIL ENCLAVE AT DARBHANGA, BIHAR. SH- CONSTRUCTION OF NEW TERMINAL BUI",CIVIL AVIATION,AAI,BIHAR,2024-07-01,2026-07-01,2026-07-01,911.66,911.66,0,0,,,,,transitional,78
2024-10-01,N28000100,205,CONSTRUCTION OF ACADEMIC AND RESIDENTIAL COMPLEX UNDER PHASE-II FOR THE CAMPUS OF IIT PATNA,DEPARTMENT OF HIGHER EDUCATION,CPWD EDUCATION,BIHAR,2016-02-01,2017-06-01,2024-01-01,496.18,460,436.15,100,496,,,,transitional,78
2024-10-01,N42000009,206,PERMANENT CAMPUS FOR IIM BODH GAYA,DEPARTMENT OF HIGHER EDUCATION,CPWD EDUCATION,BIHAR,2018-09-01,2020-09-01,2020-09-01,375,375,327.75,98.9,,,,,transitional,78
2024-10-01,N16000386,207,BARAUNI REFINERY CAPACITY EXPANSION FROM 6.0 TO 9.0 MMTPA,PETROLEUM,IOCL,BIHAR,2020-01-01,2023-04-01,2025-12-01,14810,14810,9847.73,80.3,,2024-12-01,,,transitional,78
2024-10-01,N16000423,208,"CGD PROJECT AT KHAGARIA, SAHARSA AND MADHEPURA",PETROLEUM,IOCL,BIHAR,2019-06-01,2029-12-01,2030-03-01,163,163,84.82,23.5,,2030-03-01,,,transitional,78
2024-10-01,N16000453,209,INSTALLATION OF BITUMEN MANUFACTURING UNIT ALONG WITH ALLIED FACILITIES AT BARAUNI,PETROLEUM,IOCL,BIHAR,2022-01-01,2025-04-01,2025-04-01,389,389,22.13,20.1,,,,,transitional,78
2024-10-01,N16000523,210,CITY GAS DISTRIBUTION PROJECTS AT GOPALGANJ SIWAN WEST CHAMPARAN EAST CHAMPARAN AND DEORIA DISTRICTS,PETROLEUM,BPCL,BIHAR,2022-12-01,2030-06-01,2030-06-01,3919,3919,197.02,12.6,,,,,transitional,78
2024-10-01,N16000524,211,"CITY GAS DISTRIBUTION PROJECTS AT DARBHANGA, MADHUBANI, SUPAUL, SITAMARHI AND SHEOHAR DISTRICTS",PETROLEUM,BPCL,BIHAR,2022-12-01,2030-03-01,2030-03-01,3638,3638,231.17,13.5,,,,,transitional,79
2024-10-01,180100242,212,BARH STPP(3X660MW) NTPC,POWER,NTPC,BIHAR,2005-02-01,2011-10-01,2024-11-01,8692.97,21312.11,22311.28,90,21312.11,2023-07-01,,,transitional,79
2024-10-01,N18000194,213,BUXAR THERMAL POWER PLANT (1320 MW),POWER,SJVN,BIHAR,2019-03-01,2024-01-01,2025-06-01,10439.09,10439.09,10407.27,83.5,,,,,transitional,79
2024-10-01,220100257,214,KHAGARIA-KUSHESHWAR ASTHAN (NL) (ECR),RAILWAYS,ECR,BIHAR,1997-04-01,,2026-12-01,162.87,614.45,457.16,50,614.45,,,,transitional,79
2024-10-01,220100303,215,"HAJIPUR-SUGAULI VIA VAISHALI (NL), ECR",RAILWAYS,ECR,BIHAR,2003-04-01,,2024-12-01,528.65,2087.36,2045.11,48,2087.36,,,,transitional,79
2024-10-01,N22000087,216,"NEW B.G. LINE FROM ARARIA TO GALGALIA (THAKURGUNG), NEFR",RAILWAYS,NFR,BIHAR,2006-09-01,2019-03-01,2025-06-01,532.87,4415.08,2913.58,81,2132.03,,,,transitional,79
2024-10-01,N22000171,217,SAKRI-HASANPUR ROAD (NL),RAILWAYS,ECR,BIHAR,1999-04-01,,2027-03-01,325,735.2,579.54,78,735.2,,,,transitional,79
2024-10-01,N22000177,218,ARARIA-SUPAUL (NL),RAILWAYS,ECR,BIHAR,2008-04-01,,2025-01-01,1605.17,1605.17,1390.28,26,1605.17,,,,transitional,79
2024-10-01,N22000181,219,JAYNAGAR-BIJALPURA INCLUDING EXTENSION BIJALPURA- BARDIBAS(NEPAL) GC,RAILWAYS,ECR,BIHAR,2009-04-01,2020-03-01,2026-03-01,548,783.83,544.31,78,548,,,,transitional,79
2024-10-01,N22000329,220,SAMASTIPUR-DARBANGHA,RAILWAYS,ECR,BIHAR,2015-05-01,,2025-03-01,380,519.33,550.2,62,519.33,,,,transitional,79
2024-10-01,N22000349,221,KIUL - GAYA DOUBLING PROJECT,RAILWAYS,ECR,BIHAR,2015-12-01,2020-03-01,2024-11-01,1200.2,1771.07,1758.88,96,1200.2,,,,transitional,79
2024-10-01,N22000350,222,RAMPUR DUMRA - TAL - RAJENDRAPUL DOUBLING INCLUDING GANGA BRIDGE,RAILWAYS,ECR,BIHAR,2015-12-01,2020-03-01,2025-05-01,1491.47,1600,1647.46,77,1491.47,,,,transitional,80
2024-10-01,N22000472,223,SAGAULI VALMIKINAGAR DOUBLING 109.7 KM,RAILWAYS,ECR,BIHAR,2016-04-01,2021-03-01,2024-12-01,744.04,1215.54,1426.74,85,1215.54,,,,transitional,80
2024-10-01,N22000473,224,MUZAFFARPUR SAGAULI DOUBLING 100.60 KM,RAILWAYS,ECR,BIHAR,2016-04-01,2021-03-01,2024-12-01,731.64,1300,1403.88,80,1185.73,,,,transitional,80
2024-10-01,N22000476,225,"FATUHA-ISLAMPUR INCL. MM FOR EXTENSION OF NEW LINE FORM BIHARSHARIF-BARBIGHA, DANIYAWAN-BIHARSHARIF",RAILWAYS,ECR,BIHAR,1991-04-01,,2024-12-01,329.39,2722.16,2589.76,90,803.09,,,,transitional,80
2024-10-01,N22000523,226,DARBHANGA - BYPASS LINE CONNECTING SHISHO HALT AND KAKARGHATI EXCL DARBHANGA YARD (7.64 KM),RAILWAYS,ECR,BIHAR,2019-06-01,2025-06-01,2024-09-01,983.62,415,386.22,80,253.23,,,,transitional,80
2024-10-01,N22000524,227,BARAUNI- BACHWARA 3RD AND 4TH LINE,RAILWAYS,ECR,BIHAR,2022-07-01,2027-07-01,2025-06-01,486,486,102.42,30,,,,,transitional,80
2024-10-01,N22000526,228,JHAJHA - BATIA (UMBRELLA WORK PB#23/2018-19/NR),RAILWAYS,ECR,BIHAR,2019-02-01,2028-06-01,2027-03-01,496.47,496.47,2.53,0,,,,,transitional,80
2024-10-01,N22000528,229,SONENAGAR BYE PASS LINE FROM CHIRALAPOTHU TO BAGHA BISHUNPUR,RAILWAYS,ECR,BIHAR,2022-10-01,2027-10-01,2025-06-01,234,223.69,15.22,0,223.69,,,,transitional,80
2024-10-01,N22000570,230,KATIHAR-KUMEDPUR & KATIHAR- MUKURIA (64.5 KM) (UMBRELLA WORK PB#57/2019-20/NR),RAILWAYS,NFR,BIHAR,2022-08-01,2027-08-01,2027-08-01,745,745,0,0,,,,,transitional,80
2024-10-01,N24000165,231,PATNA-MUZZAFFARPUR,ROAD TRANSPORT AND HIGHWAYS,NHAI,BIHAR,2010-08-01,2013-02-01,2024-12-01,671.3,671.3,1830.13,97.15,,,,,transitional,81
2024-10-01,N24000187,232,4-LANNING OF CHAPRA-HAJIPUR,ROAD TRANSPORT AND HIGHWAYS,NHAI,BIHAR,2011-01-01,2013-07-01,2024-12-01,575,575,552.79,86.41,,2024-12-01,,,transitional,81
2024-10-01,N24000382,233,REHABILITATION AND UPGRADING TO 2 LANES/2 LANE WITH PAVED SHOULDERS CONFIGURATION OF BIRPUR - BIHPUR,ROAD TRANSPORT AND HIGHWAYS,MoRTH,BIHAR,2014-01-01,2019-10-01,2024-12-01,675,780.77,702.2,88,780.77,2024-12-01,,,transitional,81
2024-10-01,N24000480,234,FOUR OF SIMARIA - KHAGARIA SECTION OF NH-31,ROAD TRANSPORT AND HIGHWAYS,NHAI,BIHAR,2015-12-01,2019-04-01,2025-03-01,1041.1,639.58,553.73,97.27,567,2025-03-01,,,transitional,81
2024-10-01,N24000507,235,FOUR LANING OF BAKHTIYARPUR - MOKAMA SECTION OF NH-31,ROAD TRANSPORT AND HIGHWAYS,NHAI,BIHAR,2015-12-01,2019-12-01,2024-12-01,1167.45,1182.94,735.99,94.25,,,,,transitional,81
2024-10-01,N24000531,236,REHABILITATION AND UPGRADING TO 2 LANES/2 LANE WITH PAVED SHOULDERS (KM 40 TO KM 219.945) OF NH-104,ROAD TRANSPORT AND HIGHWAYS,MoRTH,BIHAR,2016-02-01,2018-11-01,2024-09-01,319.68,503.28,430.14,99,503.28,2024-09-01,,,transitional,81
2024-10-01,N24000576,237,CONSTRUCTION OF REHABILITATION AND UPGRADING TO 2 LANES/2 LANE(FOR LOT-I-KM 40.00 TO KM 65.400 AND K,ROAD TRANSPORT AND HIGHWAYS,MoRTH,BIHAR,2016-02-01,2016-05-01,2024-09-01,178.85,278.54,232.61,98,225.06,2024-09-01,,,transitional,81
2024-10-01,N24000578,238,"PROCUREMENT, AND CONSTRUCTION OF REHABILITATION AND UPGRADING TO 2 LANES/2 LANE(FOR LOT-III-KM 156.5",ROAD TRANSPORT AND HIGHWAYS,MoRTH,BIHAR,2016-02-01,2016-05-01,2024-09-01,553.3,706.39,607.49,98,706.39,2024-09-01,,,transitional,81
2024-10-01,N24000579,239,FOUR LANING OF GAYA-HISUA- RAJGIRI-NALANDA-BIHARSHARIF SECTION (KM0.00 TO 92.935) ON NH- 82 IN BIHAR,ROAD TRANSPORT AND HIGHWAYS,MoRTH,BIHAR,2014-01-01,2016-10-01,2024-12-01,1408.85,2138.16,1703.04,96,2138.16,2024-12-01,,,transitional,82
2024-10-01,N24000665,240,TWO-LANNING WITH PAVED SHOULDER OF MAHSHKUNT- SAHARSA-PURNEA SECTION FROM EXISTING KM.89.020 (DESIGN,ROAD TRANSPORT AND HIGHWAYS,NHAI,BIHAR,2017-03-01,2020-03-01,2025-03-01,672.89,830.31,616.15,76.19,736.01,2025-03-01,,,transitional,82
2024-10-01,N24000696,241,SIX LANNING OF AUNTA- SIMARIA(GANGA BRIDGE WITH APPROACH ROADS) SECTION OF NH-31,ROAD TRANSPORT AND HIGHWAYS,NHAI,BIHAR,2017-08-01,2022-02-01,2025-03-01,950.64,1168.33,1010.99,87.08,1161,2024-10-01,,,transitional,82
2024-10-01,N24000714,242,CONSTRUCTION OF NEW LINK (NH- 133B) FROM KM 0/00 (KM 200/87 OF SAHIBANJ BYPASS) IN JHARKHAND TO KM 15,ROAD TRANSPORT AND HIGHWAYS,NHAI,BIHAR,2017-12-01,2024-10-01,2025-06-01,2598,1962.5,1249.32,68.57,,2025-04-01,,,transitional,82
2024-10-01,N24000723,243,REHABILITATION AND UPGRADATION OF TWO LANING OF MAHESHKHUNT - SAHARSA - PURNEA SECTION PKG - I,ROAD TRANSPORT AND HIGHWAYS,NHAI,BIHAR,2018-01-01,2021-12-01,2025-03-01,573.7,726.99,468.93,75.75,644.5,2024-12-01,,,transitional,82
2024-10-01,N24000813,244,DEVELOPMENT OF NEWLY DECLARED NH-527C FROM MAJHAULI TO CHAROUT SECTION TO 2 LANE WITH PAVED SHOULDER,ROAD TRANSPORT AND HIGHWAYS,NHAI,BIHAR,2018-03-01,2021-11-01,2024-12-01,496.2,537.17,379.06,95.46,470.18,2024-12-01,,,transitional,82
2024-10-01,N24000943,245,CONSTRUCTION OF A NEW 4 LANE MAJOR BRIDGE ACROSS RIVER KOSI AT PHULAUT INCLUDING RHABILITATION AND,ROAD TRANSPORT AND HIGHWAYS,MoRTH,BIHAR,2018-09-01,2024-06-01,2026-02-01,1478.4,1478.4,806.35,58,,2026-02-01,,,transitional,83
2024-10-01,N24001201,246,CONSTRUCTION OF A NEW 4 LANE BRIDGE PARALLEL TO EXISTING MG SETU WITH ITS APPROACHES FROM KM 0.00,ROAD TRANSPORT AND HIGHWAYS,MoRTH,BIHAR,2019-02-01,2024-09-01,2026-02-01,2926.42,2926.42,970.95,47,,,,,transitional,83
2024-10-01,N24001303,247,BALANCE WORK OF 4- LANING OF PATNA-GAYA-DOBHI SECTION (KM. 0.00 TO KM. 127.217) OF NH-83 IN THE STAT,ROAD TRANSPORT AND HIGHWAYS,NHAI,BIHAR,2013-10-01,2020-12-01,2024-12-01,649.9,750,711.53,98.3,,2024-12-01,,,transitional,83
2024-10-01,N24001304,248,BALANCE WORK OF 4- LANING OF PATNA-GAYA-DOBHI SECTION (KM. 39.00 TO KM. 83.00) OF NH-83 IN THE STATE,ROAD TRANSPORT AND HIGHWAYS,NHAI,BIHAR,2013-10-01,2020-11-01,2024-12-01,446.97,740.5,638.8,96.3,598.48,2024-12-01,,,transitional,83
2024-10-01,N24001305,249,BALANCE WORK OF 4- L ANING OF PATNA-GAYA-DOBHI SECTION (KM.83.00 TO KM. 127.217) OF NH-83 IN THE STA,ROAD TRANSPORT AND HIGHWAYS,NHAI,BIHAR,2013-10-01,2020-11-01,2024-12-01,464.09,765.12,698.25,97.3,605.53,2024-12-01,,,transitional,83
2024-10-01,N24001371,250,CONSTRUCTION OF 2 LANE BRIDGE ACROSS RIVER KOSI WITH APPROACH ROAD FROM BHEJA TO BAKAUR SECTION OF N,ROAD TRANSPORT AND HIGHWAYS,NHAI,BIHAR,2019-10-01,2023-08-01,2024-12-01,1101.99,1101.99,786.48,67.18,,2024-12-01,,,transitional,83
2024-10-01,N24001697,251,4L GREENFIELD ALIGNMENT FROM KALYANAPUR TO TAL DASHRAHA OF NH-119D (PKG-III),ROAD TRANSPORT AND HIGHWAYS,NHAI,BIHAR,2023-02-01,2025-02-01,2025-12-01,1358,1358,146.66,11.5,,,,,transitional,83
2024-10-01,N24001698,252,FOUR LANING OF MUNGER TO MIRZACHAUKI (NH-80) SECTION FROM NEAR RASULPUR TO MIRZACHAUKI (DESIGN CH,ROAD TRANSPORT AND HIGHWAYS,NHAI,BIHAR,2022-08-01,2024-08-01,2024-08-01,1198.02,1198.02,0,0,,,,,transitional,84
2024-10-01,N24001699,253,CONSTRUCTION OF 4 LANE ELEVATED SECTION AND AT- GRADE IMPROVEMENTS AT BEGUSARAI TOWN SECTION OF NH- 3,ROAD TRANSPORT AND HIGHWAYS,NHAI,BIHAR,2022-03-01,2024-12-01,2025-03-01,312.58,312.58,146.52,60.04,,,,,transitional,84
2024-10-01,N24001700,254,SIX LANNING OF AURANGABAD TO BIHAR/JHARKHAND BORDER SECTION OF NH-19 (OLD NH-2) FROM KM. 209.827 TO,ROAD TRANSPORT AND HIGHWAYS,NHAI,BIHAR,2021-12-01,2024-03-01,2024-12-01,552.55,553,414.79,54.95,553,2024-12-01,,,transitional,84
2024-10-01,N24001701,255,FOUR LANING OF MUNGER TO MIRZACHAUKI (NH-80) SECTION FROM START OF EXISTING BHAGALPUR BYPASS TO RASU,ROAD TRANSPORT AND HIGHWAYS,NHAI,BIHAR,2022-04-01,2024-04-01,2024-04-01,1769.5,1769.5,0,0,,,,,transitional,84
2024-10-01,N24001702,256,CONSTRUCTION OF 4 LANE ELEVATED HIGHWAY AND AT- GRADE IMPROVEMENTS AT GOPALGANJ TOWN FROM DESIGN CH:,ROAD TRANSPORT AND HIGHWAYS,NHAI,BIHAR,2021-12-01,2024-09-01,2024-09-01,184.9,185,163.01,90.67,185,,,,transitional,84
2024-10-01,N24001703,257,6 L OF AURANGABAD TO BIHAR- JHARKHAND BORDER (CHORDAHA) SECTION FROM KM. 180.000 TO KM. 209.827 OF N,ROAD TRANSPORT AND HIGHWAYS,NHAI,BIHAR,2022-02-01,2025-05-01,2025-05-01,786.81,787,0,0,787,,,,transitional,84
2024-10-01,N24001704,258,FOUR LANING OF MUNGER TO MIRZACHAUKI (NH-80) SECTION FROM KHARIA VILLAGE JUNCTION TO START OF EXISTI,ROAD TRANSPORT AND HIGHWAYS,NHAI,BIHAR,2021-03-01,2024-03-01,2024-12-01,1020.84,1020.84,84.78,0,,2024-12-01,,,transitional,85
2024-10-01,N24001705,259,FOUR LANING OF MUNGER TO MIRZACHAUKI (NH-80) SECTION FROM MUNGER TO KHARIA VILLAGE JUNCTION DESIGN C,ROAD TRANSPORT AND HIGHWAYS,NHAI,BIHAR,2022-03-01,2024-03-01,2024-12-01,1485.66,1485.66,0,0,,2024-12-01,,,transitional,85
2024-10-01,N24001706,260,4 LANING OF GALGALIA - BAHADURGANJ SECTION FROM KM 0.000 TO KM 49.000 (PACKAGE-I) OF NH-327E.,ROAD TRANSPORT AND HIGHWAYS,NHAI,BIHAR,2021-03-01,2024-01-01,2024-12-01,1097.18,1097,518.04,99.79,1097,2024-12-01,,,transitional,85
2024-10-01,N24001707,261,4 LANING OF BAHADURGANJ ARARIA SECTION FROM KM 49.000 TO KM 94.000 (PACKAGE-II) OF NH- 327E,ROAD TRANSPORT AND HIGHWAYS,NHAI,BIHAR,2021-03-01,2024-01-01,2024-12-01,1143.46,1143.46,551.35,98.69,1143.46,2024-12-01,,,transitional,85
2024-10-01,N24001708,262,BAKHTIYARPUR RAJAULI PKG-III FROM KM 101.630 TO KM 152.520 NH20,ROAD TRANSPORT AND HIGHWAYS,NHAI,BIHAR,2020-09-01,2024-06-01,2024-12-01,2156.22,2156.22,2134.67,96.57,,,,,transitional,85
2024-10-01,N24001709,263,BAKHTIYARPUR RAJAULI PKG-II FROM KM 54.405 TO KM 101.630 NH20,ROAD TRANSPORT AND HIGHWAYS,NHAI,BIHAR,2020-09-01,2023-04-01,2024-12-01,897.45,1090,1037.63,97.85,,2024-12-01,,,transitional,85
2024-10-01,N24001710,264,4 LANING FROM KM. 34.600 TO KM. 79.970 and 2LPS FROM KM. 79.970 TO KM. 82.000 OF NARENPUR - PURNEA S,ROAD TRANSPORT AND HIGHWAYS,NHAI,BIHAR,2020-09-01,2023-03-01,2024-12-01,2334.68,2494.2,916,99.2,2494.2,2024-12-01,,,transitional,85
2024-10-01,N24001711,265,6L OF KANHAULI RAMNAGAR PATNA RING ROAD PKG I FROM KM 0.000 TO KM 39.160 OF SH78 NEW NH131G,ROAD TRANSPORT AND HIGHWAYS,NHAI,BIHAR,2020-09-01,2023-03-01,2024-12-01,939.43,939.43,370.62,100,,2024-12-01,,,transitional,86
2024-10-01,N24001712,266,FOUR LANING OF PARARIA TO MOHANIA SECTION OF NH 319 (OLD NH 30) FROM KM. 54+530 (DESIGN CHAINAGE) TO,ROAD TRANSPORT AND HIGHWAYS,NHAI,BIHAR,2020-08-01,2023-07-01,2024-12-01,690,690,770.73,98.7,,2024-12-01,,,transitional,86
2024-10-01,N24001715,267,BALANCE WORK OF TWO LANING WITH PAVED SHOULDER OF PIPRAKOTHI?MOTIHARI- RAXAUL SECTION OF NH-28A FRO,ROAD TRANSPORT AND HIGHWAYS,NHAI,BIHAR,2018-12-01,2020-10-01,2024-01-01,333.6,461.41,460.38,100,466.59,,,,transitional,86
2024-10-01,N24001870,268,IMPROVEMENT TO TWO LANE WITH PAVED SHOULDERS OF NH 122B FROM KM 29.730 TO KM 72.348 IN STATE OF BIH,ROAD TRANSPORT AND HIGHWAYS,MoRTH,BIHAR,2022-02-01,2024-11-01,2025-03-01,624.43,624.43,188.9,68,,2025-03-01,,,transitional,86
2024-10-01,N24001875,269,WIDENING AND STRENTHENING FROM KM 70.15 TO KM 121.025 OF NH-80,ROAD TRANSPORT AND HIGHWAYS,MoRTH,BIHAR,2021-03-01,2025-01-01,2025-03-01,477.54,477.54,215.22,57,,2025-03-01,,,transitional,86
2024-10-01,N24001876,270,WIDENING and STRENTHENING FROM KM132.895 TO KM 190.15 NH- 80,ROAD TRANSPORT AND HIGHWAYS,MoRTH,BIHAR,2021-03-01,2024-03-01,2025-06-01,566.15,566.15,159.74,35,,2025-06-01,,,transitional,86
2024-10-01,N24001877,271,CONSTRUCTION OF NEW 4-LANE BRIDGE (PARALLEL TO EXISTING VIKRAMASHILA SETU)FROM KM 8+920 TO KM 13+375,ROAD TRANSPORT AND HIGHWAYS,MoRTH,BIHAR,2020-07-01,2027-05-01,2027-05-01,1110.23,1110.23,263.84,29,,,,,transitional,86
2024-10-01,N24001878,272,IMPROVEMENT TO TWO LANE WITH PAVED SHOULDERS OF NH- 319A FROM KM 0 TO KM 45 IN STATE OF BIHAR UNDER,ROAD TRANSPORT AND HIGHWAYS,MoRTH,BIHAR,2022-02-01,2024-12-01,2025-03-01,427.29,427.29,166.86,56,,2025-03-01,,,transitional,87
2024-10-01,N24001879,273,CONSTRUCTION OF PROPOSED 4_LANE REVELGUNJ BYPASS NH-19 IN THE STATE OF BIHAR ON EPC MODE CONNECTING,ROAD TRANSPORT AND HIGHWAYS,MoRTH,BIHAR,2022-03-01,2025-07-01,2025-07-01,295.24,295.24,31.83,27,,,,,transitional,87
2024-10-01,N24002062,274,CONSTRUCTION OF 6- LANE BRIDGE AND ITS APPROACHES ACROSS RIVER GANGA AS PART OF PATNA RING ROAD (NH-,ROAD TRANSPORT AND HIGHWAYS,NHAI,BIHAR,2023-03-01,2027-09-01,2027-09-01,3012.27,3012.27,7.62,0.69,,,,,transitional,87
2024-10-01,N24002063,275,BALANCE WORK - WB-10 (GANDAK BRIDGE) KM 402.00 TO KM 440.00 (DEVANPUR - KOTWA),ROAD TRANSPORT AND HIGHWAYS,NHAI,BIHAR,2021-12-01,2024-01-01,2025-06-01,210.05,210.05,100.28,68.58,,,,,transitional,87
2024-10-01,N24002064,276,PERMANENT RECTIFICATION OF 3 NOS. OF BLACK SPOTS IN PROJECT HIGHWAY NH-27 OF U.P BORDER - DEWAPUR -,ROAD TRANSPORT AND HIGHWAYS,NHAI,BIHAR,2022-12-01,2025-12-01,2025-12-01,381.8,381.8,32.97,16.01,,,,,transitional,87
2024-10-01,N24002065,277,4L GREENFIELD ALIGNMENT OF AMAS TO SHIVRAMPUR FROM 0.000 KM. TO 55.002 KM. OF NH 119 D (PKG-I),ROAD TRANSPORT AND HIGHWAYS,NHAI,BIHAR,2022-02-01,2025-03-01,2025-03-01,1390.92,1390.92,150.71,8.17,,,,,transitional,87
2024-10-01,N24002066,278,4L GREENFIELD ALIGNMENT OF SHIVRAMPUR TO RAMNAGAR FROM KM. 55.002 TO KM. 109.300 OF NH 119 D (PKG-I,ROAD TRANSPORT AND HIGHWAYS,NHAI,BIHAR,2022-02-01,2025-07-01,2025-07-01,1494.31,1494.31,38.28,4.59,,,,,transitional,87
2024-10-01,N24002133,279,IMPROVEMENT OF 2 LANE WITH PAVED SHOULDER OF STRETCH FROM BIKRAMGANJ DAWATH MELAYABAGH NAWANAGR -DUM,ROAD TRANSPORT AND HIGHWAYS,MoRTH,BIHAR,2021-03-01,2025-03-01,2025-06-01,178.63,178.63,54.73,46,,,,,transitional,88
2024-10-01,N28000148,280,PATNA METRO RAIL CORPORATION LIMITED,URBAN DEVELOPMENT,PATNA METRO RAI,BIHAR,2019-02-01,2024-06-01,2024-09-01,13365.77,13925.5,2710.61,39.09,,,,,transitional,88
2024-10-01,N30000026,281,SEWER NETWORK SPS AND STP BEGUSARAI,WATER RESOURCES,BUIDCO,BIHAR,2018-03-01,2021-07-01,2024-12-01,230.06,230.06,237.44,96,,2019-12-01,,,transitional,88
2024-10-01,N30000027,282,I AND D AND STP WORKS FOR BHAGALPUR,WATER RESOURCES,BUIDCO,BIHAR,2017-10-01,2020-09-01,2024-10-01,254.13,413.29,120.95,83,413.29,2020-11-01,,,transitional,88
2024-10-01,N30000028,283,I AND D AND STP AT CHAPPRA,WATER RESOURCES,BUIDCO,BIHAR,2018-11-01,2020-12-01,2024-02-01,236.15,236.15,142.08,100,,,,,transitional,88
2024-10-01,N30000035,284,SEWER NETWORKS SPS AND STP HAJIPUR,WATER RESOURCES,BUIDCO,BIHAR,2018-03-01,2021-08-01,2024-12-01,305.19,305.19,311.72,91,,2018-03-01,,,transitional,88
2024-10-01,N30000036,285,"SEWER NETWORKS, SPS AND STP, MUNGER",WATER RESOURCES,BUIDCO,BIHAR,2018-03-01,2021-10-01,2024-06-01,294.02,522.85,413.94,100,350.79,2018-03-01,,,transitional,88
2024-10-01,N30000037,286,SEWERAGE SYSTEM WITH SEWER NETWORK PATNA BEUR,WATER RESOURCES,BUIDCO,BIHAR,2014-12-01,2020-03-01,2022-06-01,225.77,398.9,363.79,100,,,,,transitional,88
2024-10-01,N30000039,287,SAIDPUR SEWER NETWORK PATNA,WATER RESOURCES,BUIDCO,BIHAR,2015-04-01,2021-01-01,2022-06-01,268.63,493.85,489.65,100,,,,,transitional,88
2024-10-01,N30000040,288,SEWERAGE SCHEME AT PAHARI ZONE V PATNA,WATER RESOURCES,BUIDCO,BIHAR,2017-05-01,2021-04-01,2023-02-01,356.37,356.37,312.24,100,364,2017-05-01,,,transitional,88
2024-10-01,N30000043,289,SEWERAGE TREATMENT PLANT AT PAHARI PATNA,WATER RESOURCES,BUIDCO,BIHAR,2017-05-01,2020-11-01,2022-05-01,191.62,191.62,123.27,100,,2017-05-01,,,transitional,89
2024-10-01,N30000044,290,SEWERAGE SYSTEM WITH SEWER NETWORK PATNA KARMALICHAK,WATER RESOURCES,BUIDCO,BIHAR,2017-03-01,2021-05-01,2023-02-01,277.42,277.42,355.31,100,253.98,2017-03-01,,,transitional,89
2024-10-01,N30000050,291,SEWERAGE SYSTEM AND STP FOR KANKARBAG ZONE PATNA,WATER RESOURCES,BUIDCO,BIHAR,2017-08-01,2022-06-01,2024-09-01,578.89,578.89,155.42,46,453.83,,,,transitional,89
2024-10-01,N30000051,292,"SEWERAGE SYSTEM AND STP FOR DIGHA ZONE, PATNA",WATER RESOURCES,BUIDCO,BIHAR,2017-08-01,2022-06-01,2024-09-01,824,824,377.18,48,734.09,,,,transitional,89
2024-10-01,060100093,293,GEVRA EXPANSION OCP (SECL) (35- 70) MTY,COAL,SECL,CHHATTISGA RH,2010-06-01,2023-03-01,2025-03-01,11816.4,11816.4,6185.85,77,,,,,transitional,89
2024-10-01,N06000008,294,KUSMUNDA EXPN.OCP(SECL)(15- 50)MTY,COAL,SECL,CHHATTISGA RH,2013-08-01,2023-03-01,2025-03-01,7612.33,7612.33,4610.3,81,,,,,transitional,89
2024-10-01,N06000045,295,PELMA OCP(15.00MTY),COAL,SECL,CHHATTISGA RH,2014-11-01,2023-03-01,2030-03-01,1624.59,1624.59,13.65,17,,,,,transitional,89
2024-10-01,N06000104,296,CHHAL OC SEAM -III (6.00 MTY),COAL,SECL,CHHATTISGA RH,2013-12-01,2022-03-01,2025-03-01,610.63,610.63,568.37,85,,2025-03-01,,,transitional,89
2024-10-01,N06000123,297,AMERA OC RCE,COAL,SECL,CHHATTISGA RH,2015-02-01,2018-03-01,2026-03-01,335.97,335.97,173.32,42,,2026-03-01,,,transitional,89
2024-10-01,N06000135,298,AMGAON OPENCAST PROJECT RCE,COAL,SECL,CHHATTISGA RH,2015-07-01,2020-03-01,2026-03-01,316.1,316.1,187.5,65,,2026-03-01,,,transitional,89
2024-10-01,N06000164,299,MAHAMAYA OPENCAST PROJECT,COAL,SECL,CHHATTISGA RH,2018-05-01,2026-03-01,2026-03-01,410.26,410.26,178.92,38,,,,,transitional,89
2024-10-01,N06000166,300,JHIRIA WEST OPENCAST PROJECT,COAL,SECL,CHHATTISGA RH,2018-11-01,2026-03-01,2026-03-01,366.94,366.94,32.49,36,,,,,transitional,90
2024-10-01,N06000197,301,BAROUD OC EXPANSION (3-10 MTY),COAL,SECL,CHHATTISGA RH,2020-08-01,2029-03-01,2029-03-01,2309.8,2309.8,852.12,39,,,,,transitional,90
2024-10-01,N06000198,302,JAMPALI OCP RCE,COAL,SECL,CHHATTISGA RH,2020-05-01,2024-03-01,2025-03-01,278.64,278.64,207.81,73,,2025-03-01,,,transitional,90
2024-10-01,N06000199,303,PORDA CHIMTAPANI OCP (10 MTY),COAL,SECL,CHHATTISGA RH,2020-12-01,2029-03-01,2029-03-01,2310.12,2310.12,42.74,10,,,,,transitional,90
2024-10-01,N06000200,304,DIPKA OC EXPANSION 40 MTY,COAL,SECL,CHHATTISGA RH,2020-12-01,2029-03-01,2029-03-01,5241.4,5241.4,2688.71,31,,,,,transitional,90
2024-10-01,N06000232,305,JAGANNATHPUR OC RCE (3.0 MTY),COAL,SECL,CHHATTISGA RH,2016-07-01,2020-03-01,2025-03-01,459.49,459.49,258.51,92,,2005-03-01,,,transitional,90
2024-10-01,N06000274,306,KATKONA RO UG PROJECT (1.74 MTY),COAL,SECL,CHHATTISGA RH,2023-01-01,2029-03-01,2029-03-01,329.22,329.22,0,2,,,,,transitional,90
2024-10-01,N28000141,307,"C/O PERMANENT CAMPUS OF IIT BHILAI AT KUTHELABHATA, DURG CHHATTISGARH, STAGE I PHASE I.",DEPARTMENT OF HIGHER EDUCATION,CPWD EDUCATION,CHHATTISGA RH,2020-03-01,2022-07-01,2022-07-01,808.62,808.62,640.7,99.2,,,,,transitional,90
2024-10-01,N16000413,308,AUGMENTATION OF FACILITIES AT THE EXISTING RAIPUR DEPOT,PETROLEUM,HPCL,CHHATTISGA RH,2021-03-01,2024-03-01,2025-03-01,456,456,350.05,85.2,,2025-03-01,,,transitional,90
2024-10-01,N18000350,309,WESTERN REGION EXPANSION SCHEME XXV,POWER,PGCIL,CHHATTISGA RH,2023-02-01,2023-11-01,2025-01-01,385.84,385.84,171.71,62,,,,,transitional,90
2024-10-01,N18000354,310,TRANSMISSION SYSTEM ASSOCIATED WITH WESTERN REGION EXPANSION SCHEME XXVII,POWER,PGCIL,CHHATTISGA RH,2023-03-01,2024-09-01,2024-12-01,271.69,271.69,277.04,57,,,,,transitional,91
2024-10-01,N18000355,311,TRANSMISSION SYSTEM ASSOCIATED WITH WESTERN REGION EXPANSION SCHEME- XXVIII AND XXIX,POWER,PGCIL,CHHATTISGA RH,2023-03-01,2025-03-01,2025-03-01,260.3,260.3,117.79,84,,,,,transitional,91
2024-10-01,N18000381,312,"LARA SUPER THERMAL POWER PROJECT, STAGE-II (2X800 MW)",POWER,BHEL,CHHATTISGA RH,2023-08-01,2028-06-01,2028-06-01,15530,15530,709.38,0,,,,,transitional,91
2024-10-01,N22000318,313,KIRANDUL - JAGDALPUR DOUBLING,RAILWAYS,ECOR,CHHATTISGA RH,2012-12-01,2020-03-01,2024-03-01,1160,1440,1449.46,88.5,,,,,transitional,91
2024-10-01,N22000484,314,JHARSUGUDA-BILASPUR 4TH LINE,RAILWAYS,SECR,CHHATTISGA RH,2015-04-01,2021-03-01,2025-08-01,1973,2135.34,2069.5,80,2135.34,2023-12-01,,,transitional,91
2024-10-01,N22000489,315,KHARSIA DHARAMJAIGARH WITH SPUR LINE EAST CORRIDOR- PHASE I,RAILWAYS,IRCON,CHHATTISGA RH,2013-04-01,2018-09-01,2024-12-01,3055,3438.39,3041.21,93,3438.39,,,,transitional,91
2024-10-01,N22000572,316,Gauge conversion of Raipur(Kendri)- Dhamtari and Abhanpur-Rajim branch (67.20 km),RAILWAYS,SECR,CHHATTISGA RH,2011-07-01,2024-10-01,2025-02-01,1171.3,1171.3,497.45,45,,,,,transitional,91
2024-10-01,N22000573,317,NIPANIA-BHATAPRA (14.4 KM) 4TH LINE (PB#72/NR/2022-23),RAILWAYS,SECR,CHHATTISGA RH,2022-09-01,2026-12-01,2026-12-01,170.49,170.49,0.1,0,,,,,transitional,91
2024-10-01,N22000574,318,4TH LINE - BHATAPARA-HATHBAND (8.8 KM) (PB#72/NR/2022-23),RAILWAYS,SECR,CHHATTISGA RH,2022-12-01,2026-12-01,2026-12-01,177.03,177.03,0.21,0,,,,,transitional,91
2024-10-01,N22000575,319,4TH LINE - BHILAI-BHILAI NAGAR (8.8 KM) (PB#72/NR/2022-23),RAILWAYS,SECR,CHHATTISGA RH,2022-09-01,2026-09-01,2026-09-01,169.06,177.34,1.17,0,,,,,transitional,92
2024-10-01,N22000576,320,4TH LINE - DADHAPARA-BELHA (9.2 KM) (PB#72/NR/2022-23),RAILWAYS,SECR,CHHATTISGA RH,2022-09-01,2026-09-01,2026-09-01,169.06,169.06,0.22,0,,,,,transitional,92
2024-10-01,N22000577,321,4TH LINE - RAJNANDGAON- DONGARHGARH (31.2 KM) (PB#72/NR/2022-23),RAILWAYS,SECR,CHHATTISGA RH,2022-09-01,2026-09-01,2026-09-01,328.34,328.34,3.17,2,,,,,transitional,92
2024-10-01,N22000579,322,3RD AND 4TH LINE - SARAGBUNDIA AND MADWARANI,RAILWAYS,SECR,CHHATTISGA RH,2022-09-01,2026-09-01,2026-09-01,167.64,167.64,0,0,,,,,transitional,92
2024-10-01,N22000580,323,DOUBLING OF BORIDAND - AMBIKAPUR ( SURAJPUR),RAILWAYS,SECR,CHHATTISGA RH,2022-06-01,2030-06-01,2030-06-01,1376.2,775.82,59.4,5,,,,,transitional,92
2024-10-01,N22000602,324,DALLIRAJHARA - ROWGHAT (95 KM) {PART OF DALLIRAJHARA- JAGDALPUR (235 KM)},RAILWAYS,RVNL,CHHATTISGA RH,2008-03-01,2025-06-01,2025-06-01,631.78,1627.56,1349.09,0,,,,,transitional,92
2024-10-01,N22000616,325,CHIRIMIRI-NAGPUR HALT,RAILWAYS,SECR,CHHATTISGA RH,2018-10-01,2030-06-01,2030-06-01,241,241,0,0,,,,,transitional,92
2024-10-01,N24001217,326,REHABILITATION AND UPGRADATION OF NH 43 KANKER TO BEDMA SECTION KM. 130 TO 180,ROAD TRANSPORT AND HIGHWAYS,MoRTH,CHHATTISGA RH,2016-01-01,2016-08-01,2024-12-01,497.14,572.66,367.31,57.8,572.66,,,,transitional,92
2024-10-01,N24001221,327,REHABILITATION AND UPGRADATION OF NH 78 FROM KM 373.505 TO 469.300 AMBIKAPUR TO PATHALGAON SECTION,ROAD TRANSPORT AND HIGHWAYS,MoRTH,CHHATTISGA RH,2016-01-01,2016-10-01,2024-12-01,624.98,731.5,607.59,99,,,,,transitional,92
2024-10-01,N24001222,328,REHABILITATION AND UPGRADATION OF NH 78 FROM KM 469.000 TO 531.000 PATTHALGAON TO KUNKURI,ROAD TRANSPORT AND HIGHWAYS,MoRTH,CHHATTISGA RH,2016-03-01,2016-07-01,2025-03-01,452.94,435.61,297.82,63.86,,,,,transitional,93
2024-10-01,N24001227,329,CONSTRUCTION OF 4 NOS GRADE SEPARATOR BETWEEN KM. 281.000 TO KM 307.600 KM. 286.400 KUMHARI KM. 299.,ROAD TRANSPORT AND HIGHWAYS,MoRTH,CHHATTISGA RH,2018-03-01,2019-01-01,2024-12-01,349.03,349.03,316.52,97.9,,,,,transitional,93
2024-10-01,N24001228,330,UPGRADATION AND WIDENING OF BILASPUR TO MUNGELI SECTION NH-130A,ROAD TRANSPORT AND HIGHWAYS,MoRTH,CHHATTISGA RH,2017-11-01,2019-05-01,2024-12-01,188.8,188.8,136.81,97,,,,,transitional,93
2024-10-01,N24001588,331,DEVELOPMENT OF SIX LANE SARGI- BASANWAHI OF NH 130 CD FROM KM.42+800 TO 99+500 UNDER RAIPUR VISAKHAPA,ROAD TRANSPORT AND HIGHWAYS,NHAI,CHHATTISGA RH,2021-12-01,2025-01-01,2025-09-01,1470.73,1470.73,504.46,57.6,,,,,transitional,93
2024-10-01,N24001593,332,DEVELOPMENT OF SIX LANE JHANKI SARGI OF NH 130 CD FROM KM.0+000 TO 42+800 UNDER RAIPUR VISAKHAPATTNA,ROAD TRANSPORT AND HIGHWAYS,NHAI,CHHATTISGA RH,2021-11-01,2024-09-01,2025-06-01,1368.19,1368.19,801.3,80.21,,,,,transitional,93
2024-10-01,N24001611,333,4 LANE OF BILASPUR TO URGA PROJECT (KM 0.00 TO KM 70.2) OF NH-130A,ROAD TRANSPORT AND HIGHWAYS,NHAI,CHHATTISGA RH,2020-04-01,2024-03-01,2025-09-01,1855.59,2523.86,388.38,71.68,2523.86,,,,transitional,93
2024-10-01,N24001917,334,UP GRADATION OF NH 930 SHERPAR TO KOHKA FROM KM 67.880 TO KM 114.860 TO TWO LANE WITH PAVED SHOULDER,ROAD TRANSPORT AND HIGHWAYS,MoRTH,CHHATTISGA RH,2020-03-01,2024-05-01,2024-12-01,278.97,278.97,170.04,74.1,,,,,transitional,93
2024-10-01,N24001919,335,UP GRADATION OF NH 130C ABHANPUR TO PAUND FROM NK KM 0.000 TO KM. 40.380 TO TWO LANE WITH PAVED SHOU,ROAD TRANSPORT AND HIGHWAYS,MoRTH,CHHATTISGA RH,2020-12-01,2023-09-01,2024-12-01,193.16,193.16,80.6,69.18,,2024-11-01,,,transitional,94
2024-10-01,N24001920,336,UPGRADATION OF NH 130A MUNGELI TO PONDI FROM NH KM. 51.600 TO KM. 77.870 KM. 80.970 TO 96.970 TO 2,ROAD TRANSPORT AND HIGHWAYS,MoRTH,CHHATTISGA RH,2021-03-01,2024-09-01,2025-01-01,218.57,218.57,96.43,77.12,,,,,transitional,94
2024-10-01,N24002017,337,DEVELOPMENT OF SIX LANE BASANWAHI-MARANGPURI OF NH 130 CD FROM KM.99+500 TO 124+661 UNDER RAIPUR VIS,ROAD TRANSPORT AND HIGHWAYS,NHAI,CHHATTISGA RH,2022-03-01,2025-10-01,2026-09-01,1307.16,1307.16,135.17,13.97,,,,,transitional,94
2024-10-01,N24002045,338,CONSTRUCTION OF 6 LANE DURG RAIPUR ARANG BYPASS PKG 1 SECTION OF NH 53 FROM CH 0.000 TO CH 44.50,ROAD TRANSPORT AND HIGHWAYS,NHAI,CHHATTISGA RH,2022-06-01,2025-07-01,2025-07-01,1828,1828,318.96,11.76,,,,,transitional,94
2024-10-01,N24002046,339,CONSTRUCTION OF 6 LANE DURG RAIPUR ARANG BYPASS PKG 2 SECTION OF NH 53 FROM CH 44+500 TO CH.92+230 I,ROAD TRANSPORT AND HIGHWAYS,NHAI,CHHATTISGA RH,2022-06-01,2025-05-01,2025-05-01,1958.94,1958.94,585.16,22.1,1959,,,,transitional,94
2024-10-01,N12000124,340,NMDC SLURRY PIPE LINE PROJECT - PHASE-1,STEEL,NMDC,CHHATTISGA RH,2015-11-01,2023-06-01,2025-12-01,2907,2907,2226.02,60,,2024-07-01,,,transitional,94
2024-10-01,N12000127,341,SCREENING PLANT-III AT KIRANDUL,STEEL,NMDC,CHHATTISGA RH,2021-03-01,2024-08-01,2026-01-01,2092.97,2718.84,1252.1,64.42,2718.84,,,,transitional,94
2024-10-01,N12000130,342,CONSTRUCTION OF RESIDENTIAL TOWERS AT BIOM KIRANDUL COMPLEX,STEEL,NMDC,CHHATTISGA RH,2021-07-01,2024-11-01,2025-12-01,282.44,282.44,130.2,48.6,,,,,transitional,94
2024-10-01,N12000131,343,"REPLACEMENT OF CONVERTER VESSELS, TRUNNION RINGS, SUPPORT SYSTEM AND INSTALLATION OF SECONDARY EMISS",STEEL,SAIL,CHHATTISGA RH,2023-10-01,2026-06-01,2026-06-01,471.83,471.83,38.21,2.8,,,,,transitional,95
2024-10-01,N12000134,344,REBUILDING OF COKE OVEN BATTERY NO.7 AND 8 OF BHILAI STEEL PLANT,STEEL,SAIL,CHHATTISGA RH,2023-11-01,2025-10-01,2025-10-01,884.1,884.1,247.82,46.9,,,,,transitional,95
2024-10-01,N28000149,345,CONSTRUCTION729 QUARTERS (TYPE II-180 TYPE III-364 TYPE IV- 112 TYPE V-68 TYPE-VI-5 SHOPS COMMUNI,URBAN DEVELOPMENT,CPWD,CHHATTISGA RH,2019-05-01,2020-09-01,2024-10-01,299.97,299.97,245.83,82,299.97,2024-10-01,,,transitional,95
2024-10-01,N04000076,346,"CONSTRUCTION OF COMBINED OPERATIONAL OFFICES FOR DGCA, BCAS, AAIB, AERA AND AAI AT SAFDARJUNG AIRPOR",CIVIL AVIATION,AAI,DELHI,2016-11-01,2020-04-01,2024-04-01,303.8,351.21,328.13,100,374.98,2024-04-01,,,transitional,95
2024-10-01,N40000002,347,INDIA INTERNATIONAL CONVENTION AND EXPO CENTRE,DPIIT,IICC FOR DPIIT,DELHI,2017-11-01,2019-12-01,2024-11-01,4773,5401,4823.97,97.4,,,,,transitional,95
2024-10-01,N07000001,348,"C/O RESIDENTIAL COMPLEX BUILDING FOR CENTRAL BOARD OF INDIRECT TAXES AND CUSTOMS AT SECTOR-9, DWARKA",FINANCE,NPCC,DELHI,2018-07-01,2022-04-01,2022-04-01,228.5,220.27,176.28,85,,,,,transitional,95
2024-10-01,N28000071,349,ESTABLISHMENT OF CENTRAL ARMED POLICE FORCE INSTITUTE OF MEDICAL SCIENCES(CAPFIMS) AT NEW DELHI,HOME AFFAIRS,CPWD FOR MHA,DELHI,2013-10-01,2019-10-01,2024-09-01,1219.21,2091.53,1916.06,100,2091.53,,,,transitional,95
2024-10-01,N45000002,350,CONSTRUCTION OF HEADQUARTER BUILDING OF CRPF AT LODHI ROAD NEW DELHI,HOME AFFAIRS,CPWD FOR MHA,DELHI,2019-06-01,2022-07-01,2025-05-01,277.35,277.35,92.78,55,,,,,transitional,96
2024-10-01,N22000281,351,ANAND VIHAR-TILAK BRIDGE 3RD AND 4TH LINE,RAILWAYS,NR,DELHI,2012-04-01,,2023-09-01,295.68,419,133.78,30,,,,,transitional,96
2024-10-01,N24001771,352,SIX LANE ACCESS CONTROLLED OF DELHI SAHARANPUR HIGHWAY FROM AKSHARDHAM NH 9 JUNCTION TO DELHI UP BOR,ROAD TRANSPORT AND HIGHWAYS,NHAI,DELHI,2020-06-01,2024-12-01,2024-12-01,1479.22,1479.22,1491.26,99,,,,,transitional,96
2024-10-01,N24001773,353,6L ACCESS CONTROLLED HIGHWAY FROM DND MAHARANI BAGH JN. WITH JAITPUR PUSHTA ROAD OF NH 148NA FROM,ROAD TRANSPORT AND HIGHWAYS,NHAI,DELHI,2020-05-01,2024-07-01,2025-09-01,1467.44,1942.89,913.93,78.85,,,,,transitional,96
2024-10-01,N24001777,354,DEVELOPMENT OF 6L UER-II (PACKAGE-I) (NH-1 NEAR BAKOLI TILL KARALA KANJHAWALA ROAD) FROM KM. (-)0.70,ROAD TRANSPORT AND HIGHWAYS,NHAI,DELHI,2020-07-01,2023-10-01,2024-12-01,2171.8,2171.8,958.13,99.25,,,,,transitional,96
2024-10-01,N24001778,355,DEVELOPMENT OF 4L UER II [PACKAGE - V] (SPUR TO BAHADURGARH BYPASS) (NH-10) FROM KM. 0.00 TO KM.7.30,ROAD TRANSPORT AND HIGHWAYS,NHAI,DELHI,2020-07-01,2023-10-01,2024-12-01,801.46,801.46,382.03,99.33,,,,,transitional,96
2024-10-01,N24001779,356,DWARKA EXPRESSWAY FROM KM - 0.600 TO KM 5.300 - PKG-I (SHIVMURTI CHOWK-RUB NEAR DWARKA SECTOR 21),ROAD TRANSPORT AND HIGHWAYS,NHAI,DELHI,2018-03-01,2022-09-01,2025-03-01,2507,3030.73,1155.7,85.78,,,,,transitional,96
2024-10-01,N24001781,357,8L OF DWARKA EXPRESSWAY PKG- II (RUB NEAR DWARKA SECTOR 21- DL/HR BORDER) FROM 5.300 KM.TO 9.500 KM. O,ROAD TRANSPORT AND HIGHWAYS,NHAI,DELHI,2018-01-01,2021-10-01,2024-11-01,2067.67,2160,1496.49,97.05,,,,,transitional,97
2024-10-01,N24001825,358,DEVELOPMENT OF 6L UER II [PACKAGE - II] (KARALA KANJHAWALA ROAD TILL NANGLOI - NAJAFGARH ROAD) FROM,ROAD TRANSPORT AND HIGHWAYS,NHAI,DELHI,2020-07-01,2023-10-01,2024-12-01,1894.96,1894.96,741.88,85,,,,,transitional,97
2024-10-01,N28000115,359,SETTING UP PHYSICAL INFRASTRUCTURE FOR THE NATIONAL INSTITUTE OF COMMUNICATION FINANCE(NICF) AT GHIT,TELECOMMUNI CATIONS,CPWD FOR TELECO,DELHI,2014-10-01,2018-03-01,2025-03-01,248.2,248.2,224.32,98,,,,,transitional,97
2024-10-01,N28000056,360,DELHI MRTS PHASE-III,URBAN DEVELOPMENT,DMRC,DELHI,2011-09-01,2016-03-01,2021-08-01,38585,40180.91,40535.62,99.99,43095.35,2021-08-01,,,transitional,97
2024-10-01,N28000105,361,REDEVELOPMENT OF GPRA COLONY AT NAUROJI NAGAR,URBAN DEVELOPMENT,NBCC,DELHI,2016-07-01,,2024-10-01,2694,2694,2402.68,98,,,,,transitional,97
2024-10-01,N28000128,362,REDEVELOPMENT OF GENERAL POOL RESIDENTIAL COLONY AT SRINIWASPURI NEW DELHI PHASE- I,URBAN DEVELOPMENT,CPWD,DELHI,2016-10-01,2021-07-01,2024-06-01,1180,1100.8,36.69,2,,,,,transitional,97
2024-10-01,N28000129,363,REDEVELOPMENT OF GPRA AT KASTURBA NAGAR PHASE I,URBAN DEVELOPMENT,CPWD,DELHI,2016-10-01,2022-03-01,2024-06-01,1128,1128,576.45,48,,,,,transitional,97
2024-10-01,N28000135,364,DELHI METRO PHASE IV THREE PRIORITY CORRIDORS,URBAN DEVELOPMENT,DMRC,DELHI,2019-07-01,2025-03-01,2026-03-01,24948.65,24948.65,13503.45,56,,,,,transitional,97
2024-10-01,N28000136,365,DELHI METRO RAIL EXTENSION FROM NAJAFGARH TO DHANSA BUS STAND,URBAN DEVELOPMENT,DMRC,DELHI,2017-05-01,2020-12-01,2022-11-01,565,565,522.33,100,739.49,2022-11-01,,,transitional,98
2024-10-01,N28000153,366,"CONSTRUCTION OF 184 MULTI STORIED FLATS FOR HON'BLE MPS AT BKS MARG, NEW DELHI",URBAN DEVELOPMENT,CPWD,DELHI,2022-01-01,2024-11-01,2025-05-01,646.52,646.52,333.9,65,,2025-05-01,,,transitional,98
2024-10-01,N28000156,367,REDEVELOPMENT OF GPRA AT NETAJI NAGAR NEW DELHI PACKAGE 2,URBAN DEVELOPMENT,NBCC,DELHI,2016-10-01,2024-03-01,2025-03-01,1536.72,1536.72,334.65,77,,,,,transitional,98
2024-10-01,N30000014,368,CONSTRUCTION OF 564 MLD 124 MGD WASTE WATER TREATMENT PLANT WITH EFFLUENT STANDARDS OF BOD ? 10MG/L,WATER RESOURCES,DJB,DELHI,2017-03-01,2022-12-01,2024-12-01,665.78,665.78,782.51,96,,,,,transitional,98
2024-10-01,N30000015,369,REHABILITATION AND UP- GRADATION OF PHASE I STP 182 MLD R2,WATER RESOURCES,DJB,DELHI,2016-05-01,2021-12-01,2024-02-01,211.79,211.79,208.71,100,223.7,,,,transitional,98
2024-10-01,N30000016,370,REHABILITATION AND UPGRADATION OF KONDLI PHASE I STP 45 MLD PHASE II STP 114 MLD AND PHASE III S,WATER RESOURCES,DJB,DELHI,2016-05-01,2022-02-01,2023-07-01,239.11,239.11,268.13,100,314.71,2023-09-01,,,transitional,98
2024-10-01,N30000017,371,CONSTRUCTION OF 318 MLD WWTP WITH 10 YEARS O AND M AT CORONATION PILLAR DELHI,WATER RESOURCES,DJB,DELHI,2018-12-01,2021-01-01,2022-03-01,515.07,515.07,388.08,100,,,,,transitional,98
2024-10-01,N30000018,372,7 NOS PRIORITIZED STPS 1 NO. SPS AND PERIPHERAL SEWERS IN COMMAND AREA OF NAJAFHARH DRAIN DHANSA TO,WATER RESOURCES,DJB,DELHI,2017-05-01,2020-05-01,2020-05-01,344.81,344.81,0,0,,,,,transitional,99
2024-10-01,N04000095,373,EXTENSION OF EXISTING INTEGRATED TERMINAL BUILDING AND ALLIED WORKS AT GOA AIRPORT.,CIVIL AVIATION,AAI,GOA,2017-11-01,2021-09-01,2025-03-01,255.69,255.69,78.95,60,,,,,transitional,99
2024-10-01,N42000002,374,"CONSTRUCTION OF PERMANENT CAMPUS FOR NATIONAL INSTITUTE OF TECHNOLOGY GOA AT CUNCOLIM, GOA.",DEPARTMENT OF HIGHER EDUCATION,CPWD EDUCATION,GOA,2019-05-01,2021-08-01,2024-12-01,303.9,390.4,364,99,,,,,transitional,99
2024-10-01,N16000502,375,"UPGRADING IPSHEM TO WORLD CLASS FACILITY OF ONGC, GOA",PETROLEUM,ONGC,GOA,2023-03-01,2024-06-01,2025-01-01,325.53,325.53,290.46,99.2,,,,,transitional,99
2024-10-01,N24002181,376,CONSTRUCTION OF SIX LANE ELEVATED CORRIDOR FROM KM. 508.000 TO KM. 513.150 INCLUDING APPROACHES ON N,ROAD TRANSPORT AND HIGHWAYS,MoRTH,GOA,2023-04-01,2026-04-01,2026-04-01,641.46,641.46,0,0,,,,,transitional,99
2024-10-01,N04000088,377,"C/O NEW GREENFIELD AIRPORT AT HISSAR, RAJKOT, GUJARAT",CIVIL AVIATION,AAI,GUJARAT,2018-01-01,2022-08-01,2024-10-01,1405,1405,1292.6,100,,2024-05-01,,,transitional,99
2024-10-01,N04000093,378,"EXTENSION OF TERMINAL BUILDING, PTT, APRON AND CAR PARK AT SURAT AIRPORT.",CIVIL AVIATION,AAI,GUJARAT,2018-08-01,2021-02-01,2024-12-01,353.25,353.25,341.37,98.25,,,,,transitional,99
2024-10-01,N04000099,379,"DEVELOPMENT OF NEW GREENFIELD AIRPORT AT DHOLERA, AHMEDABAD (GUJARAT). PHASE-1.",CIVIL AVIATION,AAI,GUJARAT,2022-06-01,2025-12-01,2025-12-01,1305,1143.95,242.65,33,1143.95,,,,transitional,100
2024-10-01,N16000279,380,REDEVELOPMENT OF SANTHAL FIELD,PETROLEUM,ONGC,GUJARAT,2017-02-01,2026-03-01,2026-03-01,1162.56,1162.56,1109.08,96.8,,,,,transitional,100
2024-10-01,N16000382,381,ACRYLICS OR OXO-ALCOHOL PROJECT AT GUJARAT REFINERY,PETROLEUM,IOCL,GUJARAT,2019-11-01,2023-05-01,2024-12-01,5251,5894,4584.1,98.6,5894,2024-03-01,,,transitional,100
2024-10-01,N16000409,382,PETROCHEMICAL AND LUBE INTEGRATION PROJECT AT GUJARAT REFINERY,PETROLEUM,IOCL,GUJARAT,2020-09-01,2024-08-01,2025-12-01,18936,18936,9321.56,76.1,,2025-12-01,,,transitional,100
2024-10-01,N16000411,383,AUGUMENTATION OF SALAYA MATHURA CRUDE OIL PIPELINE SYSTEM,PETROLEUM,IOCL,GUJARAT,2020-10-01,2023-08-01,2024-11-01,1614,1614,1036.13,91.95,,2024-11-01,,,transitional,100
2024-10-01,N16000428,384,REDEVELOPMENT OF LINCH FIELD,PETROLEUM,ONGC,GUJARAT,2021-04-01,2025-03-01,2025-07-01,631.03,860.04,271.12,54.8,860.04,,,,transitional,100
2024-10-01,N16000431,385,REDEVELOPMENT OF SOBHASAN COMPLEX,PETROLEUM,ONGC,GUJARAT,2021-08-01,2026-02-01,2026-02-01,885.63,1286.67,410.13,40.5,1286.67,,,,transitional,100
2024-10-01,N16000444,386,COMMERCIAL POLYMER FLOODING PROJECT IN BECHRAJI FIELD,PETROLEUM,ONGC,GUJARAT,2022-01-01,2024-11-01,2024-11-01,621.4,621.4,101.08,20.2,,,,,transitional,100
2024-10-01,N16000454,387,INSTALLATION OF NEW BITUMEN UNIT ALONG WITH ALLIED FACILITIES AT GUJARAT,PETROLEUM,IOCL,GUJARAT,2022-01-01,2024-09-01,2025-08-01,328,328,29.15,22.9,,,,,transitional,100
2024-10-01,N16000477,388,"RESTORATION OF GAS TERMINAL, PHASE-I (PART-A), HAZIRA PLANT",PETROLEUM,ONGC,GUJARAT,2022-05-01,2025-02-01,2025-02-01,249.43,249.43,109.19,80.7,,,,,transitional,101
2024-10-01,N16000481,389,KALOL REDEVELOPMENT PROJECT,PETROLEUM,ONGC,GUJARAT,2022-08-01,2027-03-01,2027-03-01,1487.41,1487.41,734.5,54,,,,,transitional,101
2024-10-01,N16000483,390,OLD PIPE LINE REPLACEMENT (OPRP) GROUP-A,PETROLEUM,ONGC,GUJARAT,2021-07-01,2025-07-01,2025-07-01,173.03,169.84,125.77,77.8,,,,,transitional,101
2024-10-01,N16000514,391,"REVAMPING OF SV STATIONS, GAS TERMINAL AND KRIBHCO TERMINAL",PETROLEUM,ONGC,GUJARAT,2022-11-01,2026-08-01,2026-08-01,837.34,837.34,49.56,23.1,,,,,transitional,101
2024-10-01,N18000295,392,GUJARAT 200 MW (GUVNL TENDER),POWER,NTPC,GUJARAT,2021-01-01,2022-07-01,2025-03-01,842.27,842.27,668.86,30,,,,,transitional,101
2024-10-01,N18000296,393,"150 MW SOLAR PV PROJECT IN GUJARAT (LIMBDI, MESANKA AND RADHANPUR)",POWER,NTPC,GUJARAT,2021-05-01,2022-09-01,2025-01-01,674.92,674.92,540.9,91,,,,,transitional,101
2024-10-01,N18000297,394,Bagodara Solar Power Project,POWER,SJVN,GUJARAT,2021-05-01,2022-10-01,2025-03-01,339.35,339.35,335.65,51,,,,,transitional,101
2024-10-01,N18000319,395,DAYAPAR WIND ENERGY PROJECT 150MW,POWER,NTPC,GUJARAT,2021-11-01,2023-05-01,2024-12-01,937.8,937.8,773.34,98,,,,,transitional,101
2024-10-01,N18000345,396,DAYAPAR WIND ENERGY PROJECT 200MW,POWER,NTPC,GUJARAT,2022-07-01,2025-03-01,2026-01-01,1316.02,1316.02,267.77,23,,,,,transitional,101
2024-10-01,N18000346,397,KHAWDA 1255MW SOLAR PROJECT (KHAWDA SOLAR PARK),POWER,NTPC,GUJARAT,2022-09-01,2024-09-01,2026-01-01,7179.54,7179.54,2137.13,61,,,,,transitional,101
2024-10-01,N18000349,398,BHUJ SOLAR 300MW (TRANCHE-IV WIND SOLAR HYBRID),POWER,NTPC,GUJARAT,2022-11-01,2024-03-01,2025-03-01,1442.6,1442.6,711.35,2,,,,,transitional,102
2024-10-01,N18000357,399,ESTABLISHMENT OF KHAVDA POOLING STATION 3 (KPS3) IN KHAVDA RE PARK,POWER,PGCIL,GUJARAT,2023-03-01,2024-12-01,2025-02-01,922.3,922.3,327.67,43,,,,,transitional,102
2024-10-01,N18000358,400,TRANSMISSION NETWORK EXPANSION IN GUJARAT ASSOCIATED WITH INTEGRATION OF RE PROJECTS FROM KHAVDA POT,POWER,PGCIL,GUJARAT,2023-03-01,2025-03-01,2025-03-01,815.12,815.12,7.99,35,,,,,transitional,102
2024-10-01,N18000359,401,"KHAVDA-2, GUJARAT- ESTABLISHMENT OF KHAVDA POOLING STATION-2 (KPS2) IN KHAVDA RE PARK",POWER,PGCIL,GUJARAT,2023-03-01,2024-12-01,2025-02-01,966.79,966.79,159.22,48,,,,,transitional,102
2024-10-01,N18000360,402,"KHAVDA PHASE-II-PART B, GUJARAT- TRANSMISSION SCHEME FOR EVACUATION OF 4.5 GW RE INJECTION AT KHAVDA",POWER,PGCIL,GUJARAT,2023-03-01,2025-03-01,2025-03-01,1167.55,1167.55,521.14,26,,,,,transitional,102
2024-10-01,N18000361,403,"KHAVDA PHASE-II-PART C, GUJARAT- TRANSMISSION SCHEME FOR EVACUATION OF 4.5 GW RE INJECTION AT KHAVDA",POWER,PGCIL,GUJARAT,2023-03-01,2025-03-01,2025-03-01,2820.99,2820.99,1858.46,22,,,,,transitional,102
2024-10-01,N18000365,404,KHAVDA 1200MW (4X300MW) IN KHAVDA RE PARK,POWER,NTPC,GUJARAT,2023-06-01,2024-12-01,2026-01-01,6283.81,6283.81,967.79,15,,,,,transitional,102
2024-10-01,N18000366,405,DAYAPAR WIND- III (HYBRID TRANCHE-V),POWER,NTPC,GUJARAT,2023-05-01,2025-01-01,2025-05-01,1095.01,1095.01,297.33,0,,,,,transitional,102
2024-10-01,N18000383,406,TS FOR EVACUATION OF POWER FROM POTENTIAL RE ZONE IN KHAVDA AREA OF GUJARAT UNDER PH-IV PART E3,POWER,PGCIL,GUJARAT,2023-07-01,2025-07-01,2025-07-01,334,334,0,0,,,,,transitional,103
2024-10-01,N18000384,407,TS FOR EVACUATION OF ADDITIONAL 7GW RE POWER FROM KHAVDA RE PARK UNDER PHASE-III PART B [VATAMAN TRA,POWER,PGCIL,GUJARAT,2023-12-01,2025-12-01,2025-12-01,3752,3752,241.02,1.5,,,,,transitional,103
2024-10-01,N18000390,408,TS FOR EVACUATION OF POWER FROM 7GW REZ IN KHAVDA AREA UNDER PHASE-IV PART E2,POWER,PGCIL,GUJARAT,2024-05-01,2026-05-01,2026-05-01,679,679,0,0,,,,,transitional,103
2024-10-01,N22000142,409,MIYAGAM-KARJAN-DABHOI- SAMLAYA (GC),RAILWAYS,WR,GUJARAT,2011-04-01,,2025-10-01,844.1,844.1,574.54,41,844.1,2025-10-01,,,transitional,103
2024-10-01,N22000504,410,ANAND GODHRA DOUBLING PROJECT 79 KMS,RAILWAYS,WR,GUJARAT,2017-04-01,2020-03-01,2024-12-01,692.25,692.26,576.46,93,692.26,2024-12-01,,,transitional,103
2024-10-01,N22000505,411,MEHSANA PALANPUR DOUBLING PROJECT 65.10 KMS,RAILWAYS,WR,GUJARAT,2018-04-01,2024-03-01,2024-10-01,537.31,537.31,679.54,97,537.31,2024-10-01,,,transitional,103
2024-10-01,N22000532,412,4TH LINE BETWEEN BAREJADI NANDEJ (GERATPUR)- SANAND (38.20 KM) (AHMEDABAD BYPASS).,RAILWAYS,WR,GUJARAT,2023-02-01,2027-03-01,2027-02-01,961.67,961.67,39.5,2,961.67,2027-02-01,,,transitional,103
2024-10-01,N22000533,413,QUADRUPLING BETWEEN GANDHIDHAM - ADIPUR WITH Y CONNECTION AT ADIPUR FOR PROVIDING DIRECT ENTRY TOWAR,RAILWAYS,WR,GUJARAT,2023-02-01,2025-12-01,2025-10-01,152.44,152.44,32.85,6,152.44,2025-10-01,,,transitional,103
2024-10-01,N22000535,414,RAJKOT-KANALUS (111.20 KM),RAILWAYS,WR,GUJARAT,2021-10-01,2026-10-01,2025-12-01,1011.72,1080.58,1013.64,62,1080.58,2025-12-01,,,transitional,104
2024-10-01,N22000537,415,HIMMATNAGAR-KHEDBRAHMA (54.83 KM),RAILWAYS,WR,GUJARAT,2022-06-01,2030-02-01,2025-02-01,354.99,482.42,554.24,56,482.42,2025-02-01,,,transitional,104
2024-10-01,N22000538,416,PETLAD-BHADRAN (22.5 KM),RAILWAYS,WR,GUJARAT,2022-05-01,2030-05-01,2025-12-01,202.5,307.12,47.3,7,307.12,,,,transitional,104
2024-10-01,N22000539,417,NADIAD-PETLAD (37.26 KM),RAILWAYS,WR,GUJARAT,2022-05-01,2030-06-01,2025-12-01,335.34,461.91,58.96,7,461.91,,,,transitional,104
2024-10-01,N22000540,418,SAMLAYA-TIMBA ROAD (53.53 KM),RAILWAYS,WR,GUJARAT,2023-02-01,2030-03-01,2027-01-01,401.48,670.17,72.05,9,670.17,,,,transitional,104
2024-10-01,N22000541,419,SAMNI-JAMBUSAR (24.08 KM),RAILWAYS,WR,GUJARAT,2022-05-01,2030-03-01,2026-04-01,216.72,349.93,66.38,25,349.93,2026-04-01,,,transitional,104
2024-10-01,N22000547,420,VIJAPUR-AMBLIYASAN (41.53 KM),RAILWAYS,WR,GUJARAT,2022-05-01,2030-03-01,2025-02-01,309.81,415.38,467.95,75,415.38,2025-02-01,,,transitional,104
2024-10-01,N22000548,421,ADRAJ MOTI-VIAJAPUR (39.75 KM),RAILWAYS,WR,GUJARAT,2022-05-01,2030-05-01,2030-05-01,296.54,296.54,0,0,,,,,transitional,104
2024-10-01,N22000550,422,NEW BG LINE BETWEEN NALIYA- JAKHAU PORT,RAILWAYS,WR,GUJARAT,2023-02-01,2028-01-01,2026-09-01,410.46,410.46,27.8,2,410.46,2026-09-01,,,transitional,104
2024-10-01,N22000551,423,NEW BG LINE INTERSECTION (5 NOS) BETWEEN GERATPUR- SANAND & BOTAD-AHMEDABAD (16.51 KM) (PB#29/NR/202,RAILWAYS,WR,GUJARAT,2022-10-01,2027-10-01,2027-10-01,437.21,437.21,0,0,,,,,transitional,104
2024-10-01,N22000592,424,TARANGA HILL ABU ROAD VIA AMBAJI NEW LINE,RAILWAYS,NWR,GUJARAT,2022-07-01,2030-07-01,2026-12-01,1695.82,2798.16,798.17,10,,,,,transitional,104
2024-10-01,N22000600,425,JUNAGARH -VISAVADAR (42.28) KM,RAILWAYS,RVNL,GUJARAT,2022-06-01,2026-12-01,2026-12-01,492.83,492.83,0,0,,,,,transitional,104
2024-10-01,N22000622,426,MODASA- SHAMLAJI NEW LINE ( MM OF AHMEDABAD- HIMMATNAGAR-UDAIPUR (299.2 KM)),RAILWAYS,WR,GUJARAT,2012-09-01,2027-03-01,2026-03-01,261.68,261.68,479.71,42,261.68,2026-03-01,,,transitional,105
2024-10-01,N24000567,427,FOUR LANING OF BHAVNAGAR- TALAJA SECTION OF NH-8E FROM KM. 7.090 TO KM. 53.585 (DESIGN CH FROM KM. 6.,ROAD TRANSPORT AND HIGHWAYS,NHAI,GUJARAT,2016-05-01,2019-08-01,2024-02-01,998.18,998.18,802.04,100,,,,,transitional,105
2024-10-01,N24000569,428,FOUR LANING OF KAGAVADAR - UNA SECTION OF NH-8E FROM KM 139.915 TO KM 180.478 (PACKAGE- IV) IN THE ST,ROAD TRANSPORT AND HIGHWAYS,NHAI,GUJARAT,2016-05-01,2019-09-01,2024-11-01,723.64,723.64,559.55,96,,2024-05-01,,,transitional,105
2024-10-01,N24000570,429,FOUR LANING OF UNA TO KODINAR OF NH-8E FROM KM. 180.478 TO KM 221.610 (PACKAGE-V) IN THE STATE OF GU,ROAD TRANSPORT AND HIGHWAYS,NHAI,GUJARAT,2016-05-01,2019-08-01,2024-11-01,763.08,763.08,512.85,95.91,,,,,transitional,105
2024-10-01,N24000592,430,4-LANNING OF KODINAR TO VERAVAL SECTION OF NH-8E FROM KM 221.610 TO KM 263.000,ROAD TRANSPORT AND HIGHWAYS,NHAI,GUJARAT,2016-07-01,2020-07-01,2024-10-01,829.97,829.97,465.75,92.23,,,,,transitional,105
2024-10-01,N24000649,431,SIX LANNING FROM KM. 401.200 TO 494.410 OF NH-8 ON HYBRID ANNUITY MODE UNDER NHDP- V(PKG VI)REG.,ROAD TRANSPORT AND HIGHWAYS,NHAI,GUJARAT,2017-01-01,2020-12-01,2025-06-01,1251.11,1527.75,684.13,83.84,1527.75,2025-06-01,,,transitional,105
2024-10-01,N24000834,432,CONSTRUCTION OF EIGHT LANE VADODARA KIM EXPRESSWAY FROM KM 254.430 TO KM 279.000 (KIM TO ANKLESHWAR,ROAD TRANSPORT AND HIGHWAYS,NHAI,GUJARAT,2018-03-01,2021-10-01,2024-09-01,1161.39,1404,418.51,39.17,1404,2024-09-01,,,transitional,105
2024-10-01,N24000925,433,CONSTRUCTION OF MISSING LINKS (SINGLE LANE) IN LAKHPAT GADULI HAJIPIR ODMA KHAVDA DHOLAVIRA MAUVANA,ROAD TRANSPORT AND HIGHWAYS,MoRTH,GUJARAT,2018-10-01,2020-11-01,2024-09-01,400.76,394.44,287.39,87,394.44,2024-09-01,,,transitional,106
2024-10-01,N24001427,434,CONSTRUCTION OF ROB WITH APPROACHES IN LIEU OF L C NO 165 OF AHMEDABAD PALANPUR BETWEEN RAILWAY STAT,ROAD TRANSPORT AND HIGHWAYS,MoRTH,GUJARAT,2020-06-01,2023-04-01,2024-09-01,166.21,166.21,98.65,93,,2024-09-01,,,transitional,106
2024-10-01,N24001443,435,CONSTRUCTION OF FOUR LANE EXPRESSWAY FROM START OF SARDAR PATEL RING ROAD TO SINDHREJ VILLAGE (CH. 0,ROAD TRANSPORT AND HIGHWAYS,NHAI,GUJARAT,2020-05-01,2024-03-01,2024-11-01,690.3,929.95,696.31,79.7,929.95,2024-11-01,,,transitional,106
2024-10-01,N24001444,436,CONSTRUCTION OF FOUR LANE EXPRESSWAY FROM START OF SINDHREJ VILLAGE (CH. 22.00 TO CH. 48.52) SECTION,ROAD TRANSPORT AND HIGHWAYS,NHAI,GUJARAT,2020-05-01,2024-01-01,2024-11-01,882,882,746,72.32,,2024-11-01,,,transitional,106
2024-10-01,N24001445,437,CONSTRUCTION OF FOUR LANE EXPRESSWAY FROM START OF VEJALLKA VILLAGE TO START OF DSIR ZONE OF AHMEDAB,ROAD TRANSPORT AND HIGHWAYS,NHAI,GUJARAT,2020-05-01,2023-07-01,2024-11-01,691.52,903.85,728.37,86.5,903.85,2024-11-01,,,transitional,106
2024-10-01,N24001446,438,CONSTRUCTION OF FOUR LANE EXPRESSWAY FROM START OF DSIR ZONE OF AHMEDABAD DISTRICT TO ADHELAI VILLAG,ROAD TRANSPORT AND HIGHWAYS,NHAI,GUJARAT,2020-05-01,2023-12-01,2024-11-01,894,1210.06,885.68,82.41,1210.06,2024-11-01,,,transitional,106
2024-10-01,N24001515,439,DELHI VADODARA GREENFIELD ALIGNMENT SECTION OF NH 148N PACKAGE 26,ROAD TRANSPORT AND HIGHWAYS,NHAI,GUJARAT,2020-09-01,2024-02-01,2025-01-01,1542.02,1542.02,893.71,62.3,,,,,transitional,107
2024-10-01,N24001516,440,DELHI VADODARA GREENFIELD ALIGNMENT SECTION OF NH 148N PACKAGE 27,ROAD TRANSPORT AND HIGHWAYS,NHAI,GUJARAT,2020-09-01,2024-02-01,2024-08-01,1185.69,1185.69,896.09,85.6,,2024-08-01,,,transitional,107
2024-10-01,N24001518,441,DELHI VADODARA GREENFIELD ALIGNMENT SECTION OF NH 148N PACKAGE 30,ROAD TRANSPORT AND HIGHWAYS,NHAI,GUJARAT,2019-11-01,2023-09-01,2024-10-01,1669.56,1669.56,967.79,89.46,,,,,transitional,107
2024-10-01,N24001519,442,DELHI VADODARA GREENFIELD ALIGNMENT SECTION OF NH 148N PACKAGE 28,ROAD TRANSPORT AND HIGHWAYS,NHAI,GUJARAT,2020-09-01,2023-11-01,2024-09-01,1198.55,1198.55,846.73,90.22,,,,,transitional,107
2024-10-01,N24001520,443,DELHI VADODARA GREENFIELD ALIGNMENT SECTION OF NH 148N PACKAGE 31,ROAD TRANSPORT AND HIGHWAYS,NHAI,GUJARAT,2019-11-01,2024-05-01,2024-11-01,1604.06,1604.06,1220.67,95.73,,,,,transitional,107
2024-10-01,N24001785,444,UP-GRADATION TO 4-LANE WITH PAVED SHOULDER OF BHIMASAR JUNCTION OF NH-41 TO ANJAR BHUJ UPTO AIRPORT,ROAD TRANSPORT AND HIGHWAYS,NHAI,GUJARAT,2022-03-01,2025-06-01,2025-06-01,1373.06,1373.06,501.52,62.01,1085,,,,transitional,107
2024-10-01,N24001786,445,CONSTRUCTION OF EIGHT LANE ACCESS CONTROLLED EXPRESSWAY FROM KM 103.400 TO KM 128.000 OF VADODARA MU,ROAD TRANSPORT AND HIGHWAYS,NHAI,GUJARAT,2021-03-01,2024-03-01,2025-03-01,1259,1910,137.93,15.02,,,,,transitional,107
2024-10-01,N24001788,446,CONSTRUCTION OF EIGHT LANE ACCESS CONTROLLED EXPRESSWAY FROM KM 217.500 TO KM 254.430 OF VADODARA MU,ROAD TRANSPORT AND HIGHWAYS,NHAI,GUJARAT,2020-07-01,2023-12-01,2024-06-01,2271.86,3916,518.25,74.55,,,,,transitional,107
2024-10-01,N24001789,447,CONSTRUCTION OF EIGHT LANE EXPRESSWAY FROM KM 190.000 TO KM 217.500 GANDEVA TO ENA SECTION OF VADODA,ROAD TRANSPORT AND HIGHWAYS,NHAI,GUJARAT,2020-07-01,2023-08-01,2024-06-01,1710.3,1927,362.81,68.11,,,,,transitional,108
2024-10-01,N24001790,448,SANCHORE - SANTALPUR FROM KM 67.000- KM 99.000 OF NH-754K (AJ-RGBS-PACKAGE-3),ROAD TRANSPORT AND HIGHWAYS,NHAI,GUJARAT,2020-02-01,2023-08-01,2024-11-01,752.3,766.2,451.11,98.14,,2024-12-01,,,transitional,108
2024-10-01,N24001791,449,SANCHORE - SANTALPUR FROM KM 4.888 - KM 35.000 OF NH-754K (AJ-RGBS-PACKAGE-1),ROAD TRANSPORT AND HIGHWAYS,NHAI,GUJARAT,2020-02-01,2023-06-01,2024-05-01,606.51,657,453.89,98.99,,2024-03-01,,,transitional,108
2024-10-01,N24001792,450,4L OF BAL WORKS OF TALAJA - MAHUVA FROM 54.990 KM. TO 100.450 KM. OF OLD NH-8E (PACKAGE-II),ROAD TRANSPORT AND HIGHWAYS,NHAI,GUJARAT,2021-03-01,2022-09-01,2024-11-01,536.03,536.03,451.87,98.87,,,,,transitional,108
2024-10-01,N24001793,451,4L OF BAL WORKS OF MAHUVA TO KAGVADAR FROM 100.450 KM. TO 140.470 KM. OF NH-8E (PKG- III),ROAD TRANSPORT AND HIGHWAYS,NHAI,GUJARAT,2021-03-01,2022-09-01,2024-11-01,485.75,485.75,383.55,97.71,,,,,transitional,108
2024-10-01,N24001794,452,SANCHORE - SANTALPUR FROM KM 99.000- KM 130.073 OF NH-754K (AJ-RGBS-PACKAGE-4),ROAD TRANSPORT AND HIGHWAYS,NHAI,GUJARAT,2020-02-01,2023-03-01,2024-11-01,778.15,785.67,547.22,99.61,,2024-12-01,,,transitional,108
2024-10-01,N24001827,453,4L KODINAR - VERAVAL (PACKAGE VI) FROM KM. 222.400 TO KM. 230.00 (KODINAR BYPASS) OF NH- 8E (NH 51 NE,ROAD TRANSPORT AND HIGHWAYS,NHAI,GUJARAT,2022-03-01,2023-03-01,2024-07-01,162.73,162.73,131.79,95.3,,,,,transitional,108
2024-10-01,N24002014,454,UPGRADATION AND STRENGTHENING TO 2 LANE PS FROM KM 95/500 TO KM 129/775 OF NH 168 G IDAR BHILODA SA,ROAD TRANSPORT AND HIGHWAYS,MoRTH,GUJARAT,2022-09-01,2023-12-01,2025-12-01,237.28,237.28,0.59,0,,2025-12-01,,,transitional,109
2024-10-01,N24002034,455,UPGRADATION TO 4L PS DIVIDED CARRIAGEWAY FROM PATAN (NEAR RAJPUR) TO GOJARIYA FROM KM 52.000 TO KM 1,ROAD TRANSPORT AND HIGHWAYS,NHAI,GUJARAT,2021-12-01,2025-03-01,2025-03-01,1181.34,1181.34,370.68,53.75,1181,,,,transitional,109
2024-10-01,N24002035,456,WIDENING TO 6L OF EXISTING 4L JETPUR - GONDAL - RAJKOT SECTION FROM KM. 117.600 TO KM. 185.00 ON NH-,ROAD TRANSPORT AND HIGHWAYS,NHAI,GUJARAT,2023-09-01,2025-09-01,2025-09-01,2070.44,2070.44,169.45,14,,,,,transitional,109
2024-10-01,N24002117,457,UPGRADATION OF DHORAJI JAMKANDORNA KALAVAD SECTION OF NH 927D FROM DESIGN CHAINAGE KM 00 TO KM 58.11,ROAD TRANSPORT AND HIGHWAYS,MoRTH,GUJARAT,2022-10-01,2024-02-01,2026-02-01,246.6,291,29.33,15,291,2026-02-01,,,transitional,109
2024-10-01,N24002118,458,UPGRADATION TO TWO LANE WITH PAVED SHULDER CONFIGUARATION FROM KM 00 TO 47 OF NH 351 MAHUVA TO BADHA,ROAD TRANSPORT AND HIGHWAYS,MoRTH,GUJARAT,2022-12-01,2024-02-01,2025-08-01,173.06,219,0.15,0,,2025-08-01,,,transitional,109
2024-10-01,N24002182,459,WORK OF DEVELOPMENT AND CONSTRUCTION OF ELEVATED CORRIDORFROM KM 38/660 TO KM 42/690 (ISCON JUNCTION,ROAD TRANSPORT AND HIGHWAYS,MoRTH,GUJARAT,2023-03-01,2026-03-01,2026-03-01,530.2,530.2,0,0,,,,,transitional,109
2024-10-01,N24002183,460,WIDENING 2 LANE TO 4-LANE FROM KM 92/320 TO KM 115/320 (VAV CHOKDI-SATLASANA TO TO VRUNDAVAN CHOKDI,ROAD TRANSPORT AND HIGHWAYS,MoRTH,GUJARAT,2022-03-01,2026-03-01,2026-03-01,151.13,171,0,0,,,,,transitional,110
2024-10-01,N28000122,461,AHMEDABAD METRO RAIL PROJECT PHASE 1,URBAN DEVELOPMENT,MEGA,GUJARAT,2014-11-01,2018-12-01,2025-03-01,10773,12924.55,12364.3,99.8,,,,,transitional,110
2024-10-01,N28000137,462,AHMEDABAD METRO RAIL PROJECT PHASE II,URBAN DEVELOPMENT,MEGA,GUJARAT,2019-03-01,2024-03-01,2025-06-01,5384.17,5384.17,3510.54,75.05,,,,,transitional,110
2024-10-01,N28000138,463,SURAT METRO RAIL PROJECT,URBAN DEVELOPMENT,MEGA,GUJARAT,2019-03-01,2024-03-01,2025-10-01,12020.32,12020.32,5701.41,55.3,,,,,transitional,110
2024-10-01,N21000032,464,"ALL INDIA INSTITUTE OF MEDICAL SCIENCES AT MANETHI, HARYANA.",HEALTH AND FAMILY WELFARE,HITES,HARYANA,2019-03-01,2023-03-01,2026-03-01,1294.34,1294.34,118.14,4.01,1294.34,2026-03-01,,,transitional,110
2024-10-01,N28000147,465,"C/o separate family accommodation (Phase-I) on EPC basis for SSB at Faridabad (Haryana)""",HOME AFFAIRS,CPWD FOR MHA,HARYANA,2020-01-01,2023-10-01,2025-01-01,166.98,166.98,108.99,85,167,2025-01-01,,,transitional,110
2024-10-01,N16000375,466,R and D CAMPUS II AT FARIDABAD,PETROLEUM,IOCL,HARYANA,2019-06-01,2022-12-01,2025-07-01,2281.94,3219.94,1600.47,61.7,3219.94,2025-07-01,,,transitional,110
2024-10-01,N16000412,467,CAPACITY EXPANSION OF PANIPAT REFINERY FROM 15 TO 25 MMTPA,PETROLEUM,IOCL,HARYANA,2021-02-01,2024-09-01,2025-12-01,34627,38231,14597.25,74.6,38231,2025-12-01,,,transitional,110
2024-10-01,N16000458,468,POLY BUTADIENE RUBBER PLANT AT PANIPAT,PETROLEUM,IOCL,HARYANA,2022-03-01,2025-03-01,2025-12-01,1459,2102.79,542.29,44,2102.79,,,,transitional,110
2024-10-01,N22000604,469,DOUBLING BETWEEN BHIWANI- DOBH BAHALI,RAILWAYS,NWR,HARYANA,2023-02-01,2028-02-01,2026-02-01,471.06,471.06,45.43,27,,,,,transitional,110
2024-10-01,N22000606,470,DOUBLING BETWEEN REWARI- KATHUWAS (27.73 KM),RAILWAYS,NWR,HARYANA,2023-02-01,2027-06-01,2025-06-01,352.41,352.41,39.27,15,,,,,transitional,111
2024-10-01,N24000835,471,CONSTRUCTION OF 8 LANE DWARKA EXPRESSWAY (NH-248BB PACKAGE IV FROM RAIL OVER BRIDGE (ROB) TILL END P,ROAD TRANSPORT AND HIGHWAYS,NHAI,HARYANA,2018-03-01,2020-12-01,2024-03-01,1484.3,2182.41,1237.02,100,,2024-12-01,,,transitional,111
2024-10-01,N24001532,472,"CONSTRUCTION OF 4-LANE NH- 344P-PACKAGE-4 (FROM KM 0+000 TO KM 29+600, 29.6KM), STARTING FROM BAWANA",ROAD TRANSPORT AND HIGHWAYS,NHAI,HARYANA,2021-11-01,2023-11-01,2024-08-01,694,1500,1682.82,100,1918,2024-01-01,,,transitional,111
2024-10-01,N24001533,473,CONSTRUCTION OF 4-LANE GREEN FIELD DELHI-AMRITSAR-KATRA EXPRESSWAY (NE-05) FROM JUSSUR KHERI ON KMP,ROAD TRANSPORT AND HIGHWAYS,NHAI,HARYANA,2020-11-01,2023-12-01,2024-12-01,1690.23,2010.17,1311.87,96.15,,,,,transitional,111
2024-10-01,N24001534,474,CONSTRUCTION OF FOUR-LANE GREENFIELD DELHI-AMRITSAR- KATRA EXPRESSWAY FROM JUNCTION WITH ROHTAK-PANIP,ROAD TRANSPORT AND HIGHWAYS,NHAI,HARYANA,2020-12-01,2024-01-01,2024-12-01,1334.04,1334,974.53,97.31,,2024-04-01,,,transitional,111
2024-10-01,N24001535,475,4-LANING OF GOHANA-SONIPAT (PKG-2) SECTION FROM KM 40.601 TO KM 78.837 (LENGTH = 38.236KM) OF NH-352,ROAD TRANSPORT AND HIGHWAYS,NHAI,HARYANA,2020-07-01,2022-07-01,2024-12-01,899,1882.46,1123.98,92.11,1882.46,2024-05-01,,,transitional,111
2024-10-01,N24001536,476,FOUR LANING OF JIND GOHANA GREENFIELD ALIGNMENT PACKAGE 1 IN THE STATE OF HARYANA UNDER HYBRID ANNUI,ROAD TRANSPORT AND HIGHWAYS,NHAI,HARYANA,2020-07-01,2022-07-01,2024-12-01,817,1605,1025.56,98.9,1605,,,,transitional,111
2024-10-01,N24001633,477,CONSTRUCTION OF FOUR LANE GREENFIELD PROJECT OF DELHI- AMRITSAR-KATRA EXPRESSWAY (PHASE-I PKG-III) F,ROAD TRANSPORT AND HIGHWAYS,NHAI,HARYANA,2020-12-01,2023-12-01,2024-11-01,1430.88,1430.88,1035.67,96.8,,2024-02-01,,,transitional,112
2024-10-01,N24001634,478,CONSTRUCTION OF FOUR LANE GREENFIELD PROJECT OF DELHI- AMRITSAR-KATRA EXPRESSWAY (PHASE-I PKG-IV) FRO,ROAD TRANSPORT AND HIGHWAYS,NHAI,HARYANA,2021-01-01,2023-12-01,2024-12-01,1306.95,1306.95,942.53,98.44,,2024-03-01,,,transitional,112
2024-10-01,N24001635,479,4 LANING OF JAGADHRI TAJEWALA ROAD SECTION OF NH 907 (OLD NH 73A) UNDER NH(O) (PKG 1) IN THE STATE O,ROAD TRANSPORT AND HIGHWAYS,NHAI,HARYANA,2022-03-01,2025-02-01,2025-02-01,1269.5,1269.5,187,47,,,,,transitional,112
2024-10-01,N24001673,480,4- LANING OF ROHTAK-JIND SECTION FROM KM. 307+000 TO KM. 347+800 OF NH-71 AND CONNECTING LINK FROM K,ROAD TRANSPORT AND HIGHWAYS,NHAI,HARYANA,2020-03-01,2023-03-01,2024-12-01,510.97,510.97,529,88.5,,2024-11-01,,,transitional,112
2024-10-01,N24001774,481,CONSTRUCTION OF GURGAON - PATAUDI - REWARI SECTION OF NH- 352W (DESIGN LENGTH 46.11 KM) AS FEEDER ROU,ROAD TRANSPORT AND HIGHWAYS,NHAI,HARYANA,2020-12-01,2023-11-01,2024-06-01,1524.03,1524.03,1085.28,59.84,,,,,transitional,112
2024-10-01,N24001775,482,CONSTRUCTION OF PROPOSED REWARI BYPASS (DESIGN LENGTH 14.4 KM) NH-11 AS A FEEDER ROUTE IN THE STATE,ROAD TRANSPORT AND HIGHWAYS,NHAI,HARYANA,2020-02-01,2023-01-01,2024-12-01,808.31,958,817.03,99.64,,2024-12-01,,,transitional,112
2024-10-01,N24001780,483,DWARKA EXPRESSWAY PKG-III (DELHI/HR BORDER TO START OF ROB GURUGRAM),ROAD TRANSPORT AND HIGHWAYS,NHAI,HARYANA,2018-01-01,2020-11-01,2024-03-01,2228,2228,1411.27,100,,2024-12-01,,,transitional,112
2024-10-01,N24001783,484,CONSTRUCTION OF 8LANE EXPRESSWAY NE4 STARTING BEFORE KMP EXPRESSWAY AND ENDS AT CH. 47+000 NEAR KHAN,ROAD TRANSPORT AND HIGHWAYS,NHAI,HARYANA,2018-11-01,2021-09-01,2024-11-01,2252.75,2252.75,1223.07,99.95,,,,,transitional,113
2024-10-01,N24002037,485,UPGRADATION OF EXISTING 4 LANE ISMAILABAD-AMBALA SECTION (KM. 0+000 TO KM 42+500) (PART OF AMBALA-KO,ROAD TRANSPORT AND HIGHWAYS,NHAI,HARYANA,2023-01-01,2025-12-01,2025-12-01,609.32,609,96.06,22.1,609,,,,transitional,113
2024-10-01,N24002038,486,CONSTRUCTION OF 6-LANE GREENFIELD KARNAL RING ROAD STARTING FROM NH-44 NEAR VILLAGE SHAMGARH (DESIGN,ROAD TRANSPORT AND HIGHWAYS,NHAI,HARYANA,2022-11-01,2025-08-01,2025-08-01,1691.45,1998,590.77,42,1998,,,,transitional,113
2024-10-01,N24002039,487,CONSTRUCTION OF 6-LANE GREENFIELD AMBALA RING ROAD STARTING FROM JUNCTION WITH SHAMLI-AMBALA SECTION,ROAD TRANSPORT AND HIGHWAYS,NHAI,HARYANA,2023-02-01,2025-10-01,2025-10-01,1088.64,1178,354.9,35,1178,,,,transitional,113
2024-10-01,N24002040,488,DEVELOPMENT OF SIX-LANE ACCESS CONTROLLED HIGHWAY FROM RANIPUR BARSI (SAHARANPUR DISTRICT) TO ADHOYA,ROAD TRANSPORT AND HIGHWAYS,NHAI,HARYANA,2022-04-01,2025-05-01,2028-05-01,1554.21,1554.21,409.06,36.1,,,,,transitional,113
2024-10-01,N24002041,489,DEVELOPMENT OF SIX-LANE ACCESS CONTROLLED HIGHWAY FROM ADHOYA MUSALMANA (AMBALA DISTRICT) TO SADOPUR,ROAD TRANSPORT AND HIGHWAYS,NHAI,HARYANA,2022-04-01,2025-05-01,2025-05-01,1491.71,1491.71,606.1,35.22,,,,,transitional,113
2024-10-01,N24002042,490,CONSTRUCTION OF 4-LANING OF BHIWANI HANSI ROAD SECTION OF NH 148B (DESIGN LENGTH 42.934 KM) UNDER BH,ROAD TRANSPORT AND HIGHWAYS,NHAI,HARYANA,2022-11-01,2025-12-01,2025-12-01,1322.13,1322.13,195.39,49.1,,,,,transitional,114
2024-10-01,N24002043,491,CONSTRUCTION OF 4-LANE GREENFIELD JALBEHRA - SHAHBAD SECTION OF NH ? 152G FROM KM 0+000 TO KM 22+850,ROAD TRANSPORT AND HIGHWAYS,NHAI,HARYANA,2022-03-01,2025-06-01,2025-06-01,927.22,927.22,389.09,54.35,,,,,transitional,114
2024-10-01,N24002044,492,4L AMBALA - KALAAMB FROM KM. - 0.800 TO KM. 33.015 OF OLD NH-72,ROAD TRANSPORT AND HIGHWAYS,NHAI,HARYANA,2023-06-01,2025-06-01,2025-06-01,629.16,629.16,127,70,,,,,transitional,114
2024-10-01,N24002047,493,6L ACCESS CONTROLLED HIGHWAY FROM JN WITH JAITPUR PUSHTA ROAD TO JN WITH SECTOR 62/65 DIVIDING ROAD,ROAD TRANSPORT AND HIGHWAYS,NHAI,HARYANA,2020-05-01,2023-08-01,2024-10-01,1328.07,2346,1087.16,100,2346,,,,transitional,114
2024-10-01,N24002048,494,CONSTRUCTION OF GREENFIELD CONNECTIVITY TO JEWAR INTERNATIONAL AIRPORT FROM DND FARIDABAD BALLABHGAR,ROAD TRANSPORT AND HIGHWAYS,NHAI,HARYANA,2022-07-01,2025-06-01,2025-06-01,2414.67,2898,1029.63,27.66,2898,,,,transitional,114
2024-10-01,N42000008,495,ESTABLISHMENT OF PERMANENT CAMPUS PHASE 1 OF IIM SIRMAUR,DEPARTMENT OF HIGHER EDUCATION,CPWD EDUCATION,HIMACHAL PRADESH,2018-09-01,2022-06-01,2025-01-01,392.51,446.43,299.17,88.5,,2024-12-01,,,transitional,114
2024-10-01,N42000011,496,CONSTRUCTION OF PERMANENT CAMPUSES OF CENTRAL UNIVERSITY OF HIMACHAL PRADESH AT DEHRA AND DHARAMSHAL,DEPARTMENT OF HIGHER EDUCATION,CPWD,HIMACHAL PRADESH,2021-03-01,2022-08-01,2025-07-01,512.37,512.37,116.3,55,512.37,2025-07-01,,,transitional,114
2024-10-01,N28000127,497,CONSTRUCTION OF 300 BEDDED HOSPITAL AND TEACHING BLOCK IN DR YS PARMAR GMC AT NAHAN HIMACHAL PRADESH,HEALTH AND FAMILY WELFARE,CPWD FOR HEALTH,HIMACHAL PRADESH,2018-12-01,2021-06-01,2026-08-01,260,371.78,46.24,7,371.78,2026-08-01,,,transitional,115
2024-10-01,180100210,498,PARBATI HEP (4X200 MW) (NHPC) II,POWER,NHPC,HIMACHAL PRADESH,2002-09-01,2009-09-01,2025-02-01,3919.59,12160,11931.85,98.02,,,,,transitional,115
2024-10-01,N18000279,499,LUHRI HYDROELECTRIC PROJECT (STAGE1),POWER,SJVN,HIMACHAL PRADESH,2020-11-01,2026-01-01,2027-06-01,1810.56,3060.71,1531.81,50.99,,,,,transitional,115
2024-10-01,N18000291,500,DHAULASIDH HYDROELECTRIC PROJECT (66 MW),POWER,SJVN,HIMACHAL PRADESH,2020-10-01,2025-11-01,2026-05-01,687.97,1426,716.94,60.73,,,,,transitional,115
2024-10-01,N18000344,501,SUNNI DAM HYDRO ELECTRIC PROJECT,POWER,SJVN,HIMACHAL PRADESH,2023-01-01,2028-04-01,2028-04-01,2614.51,2614.51,803.18,26,,,,,transitional,115
2024-10-01,N22000273,502,BHANUPALI-BILASPUR BERI NL,RAILWAYS,RVNL,HIMACHAL PRADESH,2008-04-01,2026-12-01,2025-03-01,2966.99,6753.42,5369.57,0,,,,,transitional,115
2024-10-01,N24000613,503,FOUR LANNING OF NERCHOWK- PANDOH BYPASS SECTION OF NH- 21(PACKAGE-I KM 190.000 TO KM 221.305) UNDER NH,ROAD TRANSPORT AND HIGHWAYS,NHAI,HIMACHAL PRADESH,2016-09-01,2020-07-01,2024-08-01,1273.71,1478.61,1383.76,92.6,,,,,transitional,115
2024-10-01,N24000852,504,"FOUR LANING OF SOLAN- KAITHLIGHAT SECTION OF NH-22 (NOW NH-5) FROM KM 106.139 TO KM 129.050, ON EPC M",ROAD TRANSPORT AND HIGHWAYS,NHAI,HIMACHAL PRADESH,2018-03-01,2021-05-01,2024-12-01,478.74,1514.46,1349.59,83,,2024-12-01,,,transitional,115
2024-10-01,N24001381,505,REHABILITATION AND UPGRADATION TO 2-LANE/2-LANE WITH PAVED SHOULDERS/4-LANE CONFIGURATION OF PAONTA,ROAD TRANSPORT AND HIGHWAYS,MoRTH,HIMACHAL PRADESH,2020-08-01,2021-04-01,2021-04-01,272.98,272.98,137.79,97.43,,,,,transitional,116
2024-10-01,N24001382,506,REHABILITATION AND UPGRADATION TO 2-LANE CONFIGURATION OF HEWNA- ASHYARI SECTION (KM 25.000 TO KM 50.,ROAD TRANSPORT AND HIGHWAYS,MoRTH,HIMACHAL PRADESH,2020-08-01,2021-03-01,2024-07-01,242.8,242.8,86.43,84.45,,,,,transitional,116
2024-10-01,N24001383,507,REHABILITATION AND UPGRADATION TO INTERMEDIATE LANE CONFIGURATION OF SHRI KYARI-GUMMA SECTION (KM 75,ROAD TRANSPORT AND HIGHWAYS,MoRTH,HIMACHAL PRADESH,2020-08-01,2021-04-01,2021-04-01,349.2,349.2,239.34,100,,,,,transitional,116
2024-10-01,N24001422,508,REHABILITATION AND UPGRADATION TO 2-LANE CONFIGURATION OF ASHYARI- SHRI KYARI SECTION (KM 50.000 TO K,ROAD TRANSPORT AND HIGHWAYS,MoRTH,HIMACHAL PRADESH,2021-02-01,2021-09-01,2024-07-01,345.89,345.89,152.01,81.98,,,,,transitional,116
2024-10-01,N24001447,509,REHABILITATION AND UPGRADATION TO 2-LANE CONFIGURATION OF HAMIRPUR- KARNOHAL SECTION (KM 141.000 TO K,ROAD TRANSPORT AND HIGHWAYS,MoRTH,HIMACHAL PRADESH,2020-08-01,2024-12-01,2024-12-01,371.93,371.93,187.96,13,,,,,transitional,116
2024-10-01,N24001470,510,REHABILITATION AND UPGRADATION TO 2-LANE CONFIGURATION OF KALWAHAN- MANDI SECTION (KM 208.950 TO KM 2,ROAD TRANSPORT AND HIGHWAYS,MoRTH,HIMACHAL PRADESH,2020-08-01,2025-04-01,2025-04-01,314.32,314.32,68.39,0,,,,,transitional,116
2024-10-01,N24001808,511,REHABILITATION AND UPGRADING FROM 2 L TO 4 L FROM BHANGBAR(NEAR RANITAL) TO KANGRA BYPASS SECTION OF,ROAD TRANSPORT AND HIGHWAYS,NHAI,HIMACHAL PRADESH,2021-03-01,2024-12-01,2024-12-01,1322.95,1442.47,829.61,82.64,1442.47,2024-12-01,,,transitional,117
2024-10-01,N24001809,512,CONVERSION OF PARTIALLY EXCAVATED ESCAPE TUNNEL TO UNIDIRECTIONAL TWO LANE TUNNEL (INCLUDING CONSTRU,ROAD TRANSPORT AND HIGHWAYS,NHAI,HIMACHAL PRADESH,2022-05-01,2024-03-01,2024-12-01,469.95,280,299.33,95.68,,2024-12-01,,,transitional,117
2024-10-01,N24001810,513,4L SUNDER NAGAR BYPASS FROM KM173.900 TO KM 179.600 OF NH-21 IN THE STATE OF HP,ROAD TRANSPORT AND HIGHWAYS,NHAI,HIMACHAL PRADESH,2022-02-01,2024-06-01,2024-06-01,190.6,163,103.48,100,,,,,transitional,117
2024-10-01,N24001811,514,4L OF MO - SIHUNI FROM KM. 42.00 TO KM. 51.00 OF OLD NH-20 (NEW NH-154) (PACKAGE-IB),ROAD TRANSPORT AND HIGHWAYS,NHAI,HIMACHAL PRADESH,2021-04-01,2024-06-01,2024-12-01,583.93,704.3,170.92,98.2,704.3,,,,transitional,117
2024-10-01,N24001812,515,4L OF HP/PUNJAB BO4L OF HP/PUNJAB BORDER - MO FROM KM. 11.00 TO KM. 42.00 OF OLD NH- 20 (NEW NH-154),ROAD TRANSPORT AND HIGHWAYS,NHAI,HIMACHAL PRADESH,2021-03-01,2024-05-01,2025-12-01,1002.11,1361.79,189.07,40.97,1361.79,,,,transitional,117
2024-10-01,N24001813,516,4L OF END OF PINJORE BYPASS - BADDI - NALAGARH SECTION (KM. 4.200 TO KM. 35.370) OF NH21A,ROAD TRANSPORT AND HIGHWAYS,NHAI,HIMACHAL PRADESH,2021-07-01,2024-09-01,2024-09-01,1692.05,1692.05,942.14,21.6,,,,,transitional,117
2024-10-01,N24001915,517,IMPROVEMENT/CONSTRUCTION OF EXISTING CLASS-5 ROAD TO NH INTERMEDIATE LANE SPECIFICATION WITH HARD SH,ROAD TRANSPORT AND HIGHWAYS,BRO,HIMACHAL PRADESH,2021-03-01,2026-06-01,2026-06-01,230.54,230.54,0,20,,,,,transitional,117
2024-10-01,N24001916,518,IMPROVEMENT/CONSTRUCTION OF EXISTING CLASS 5 ROAD TO NH INTERMEDIATE LANE SPECIFICATION WITH HARD SH,ROAD TRANSPORT AND HIGHWAYS,BRO,HIMACHAL PRADESH,2021-03-01,2026-05-01,2026-05-01,314.67,314.67,0,41,,,,,transitional,118
2024-10-01,N24002049,519,PKG NAME: 4L OF KATHLIGHAT TO SHAKRAL VILLAGE FROM KM 128.835 TO KM 146.300 OF NH- 5 (SHIMLA BYPASS,ROAD TRANSPORT AND HIGHWAYS,NHAI,HIMACHAL PRADESH,2022-03-01,2026-04-01,2026-04-01,1703.48,2278,651.98,14.5,2278,,,,transitional,118
2024-10-01,N24002050,520,REHABILITATION AND UPGRADATION TO 4L CONFIGURATION and STRENGTHENING OF SIHUNI TO RAJOL FROM KM 51.0,ROAD TRANSPORT AND HIGHWAYS,NHAI,HIMACHAL PRADESH,2022-02-01,2025-09-01,2025-09-01,696.65,698.46,346.53,41.5,698.46,,,,transitional,118
2024-10-01,N24002051,521,CONSTRUCTION OF NEW 2 LANE WITH PAVED SHOULDER OF HAMIRPUR BYPASS (PACKAGE IVA) OF NH-88 (NEW NH-103,ROAD TRANSPORT AND HIGHWAYS,NHAI,HIMACHAL PRADESH,2022-07-01,2025-10-01,2025-10-01,739.39,739.39,288.28,54.24,,,,,transitional,118
2024-10-01,N24002052,522,REHABILITATION AND UP- GRADATION OF EXISTING ROAD TO 2L PS FROM END OF HAMIRPUR BYPASS (NEAR CHILBAHA,ROAD TRANSPORT AND HIGHWAYS,NHAI,HIMACHAL PRADESH,2022-02-01,2025-04-01,2025-04-01,1146.19,1146.19,889.44,51.11,,,,,transitional,118
2024-10-01,N28000154,523,CONSTRUCTION OF PERMANENT CAMPUS OF CENTRAL UNIVERSITY OF HIMACHAL PRADESH AT DEHRA AND JADRANGAL (D,URBAN DEVELOPMENT,CPWD,HIMACHAL PRADESH,2022-04-01,2024-11-01,2024-11-01,512.34,512.34,0,0,,,,,transitional,118
2024-10-01,N04000107,524,JAMMU - CONSTRUCTION OF NEW CIVIL ENCLAVE,CIVIL AVIATION,AAI,JAMMU AND KASHMIR,2022-07-01,2026-06-01,2026-06-01,861.37,861.37,67,14,,,,,transitional,118
2024-10-01,N28000130,525,CONSTRUCTION OF PERMANENT CAMPUS OF IIM JAMMU (PHASE 1),DEPARTMENT OF HIGHER EDUCATION,CPWD EDUCATION,JAMMU AND KASHMIR,2019-03-01,2022-07-01,2024-08-01,424.93,500.91,467.62,98,500.91,2024-08-01,,,transitional,119
2024-10-01,N28000131,526,CONSTRUCTION OF PERMANENT CAMPUS IIT JAMMU (PHASE 1C),DEPARTMENT OF HIGHER EDUCATION,CPWD EDUCATION,JAMMU AND KASHMIR,2018-01-01,2023-04-01,2024-09-01,676,1144.68,64.75,98.5,1148.68,2024-09-01,,,transitional,119
2024-10-01,N21000029,527,"CONSTRUCTION OF AIIMS AT JAMMU VIJAYPUR, SAMBA JAMMU AND KASHMIR",HEALTH AND FAMILY WELFARE,CPWD FOR HEALTH,JAMMU AND KASHMIR,2019-03-01,2023-09-01,2024-11-01,1404,1642,1446.12,99.6,1642,2024-11-01,,,transitional,119
2024-10-01,N28000150,528,C/O AIIMS AT AWANTIPORA (KASHMIR) JAMMU AND KASHMIR,HEALTH AND FAMILY WELFARE,CPWD FOR HEALTH,JAMMU AND KASHMIR,2019-03-01,2025-09-01,2025-11-01,1828,1577,1126.55,58.2,1577,2025-01-01,,,transitional,119
2024-10-01,N16000500,529,SETTING UP A COMMON USER PETROLEUM TERMINAL AT JAMMU FOR RE-SITEMENT OF EXISTING DEPOTS OF PSU OMCS,PETROLEUM,BPCL,JAMMU AND KASHMIR,2021-04-01,2025-03-01,2025-03-01,676.89,676.89,439.02,52,,,,,transitional,119
2024-10-01,N16000527,530,CGD PROJECT AT JAMMU DISTRICTS,PETROLEUM,IOCL,JAMMU AND KASHMIR,2022-03-01,2032-03-01,2034-09-01,538,538,4.11,0.4,,2034-09-01,,,transitional,119
2024-10-01,N18000172,531,PAKAL DUL HYDRO ELECTRIC PROJECT (1000 MW),POWER,CVPPPL,JAMMU AND KASHMIR,2014-10-01,2020-04-01,2026-09-01,8112.12,8112.12,5116.22,61.3,,2025-07-01,,,transitional,119
2024-10-01,N18000278,532,KIRU HYDRO ELECTRIC PROJECT,POWER,CVPPPL,JAMMU AND KASHMIR,2019-03-01,2024-08-01,2026-09-01,4287.59,4287.59,1926.64,44.73,,,,,transitional,119
2024-10-01,N18000324,533,RATLE HE PROJECT,POWER,NHPC,JAMMU AND KASHMIR,2021-02-01,2026-02-01,2026-12-01,5281.94,5281.94,811.57,16.5,,,,,transitional,119
2024-10-01,N18000363,534,KWAR HE PROJECT,POWER,CVPPPL,JAMMU AND KASHMIR,2022-05-01,2026-11-01,2027-12-01,4526.12,4526.12,768.93,12.13,,,,,transitional,119
2024-10-01,220100133,535,"UDHAMPUR-SRINAGAR- BARAMULLA (NL),NR",RAILWAYS,NR,JAMMU AND KASHMIR,1995-03-01,2002-11-01,2024-12-01,2500,42500,41186.87,99,37012.26,2024-12-01,,,transitional,120
2024-10-01,N24000488,536,FOUR LANING OF UDHAMBUR - RAMBAN SECTION OF NH-1A,ROAD TRANSPORT AND HIGHWAYS,NHAI,JAMMU AND KASHMIR,2015-12-01,2018-12-01,2024-11-01,2136.97,2644,2377.88,99.5,2644,2024-11-01,,,transitional,120
2024-10-01,N24000717,537,CONSTRUCTION OF STAND ALONE RING ROAD/ BYPASS AROUND JAMMU CITY IN THE STATE OF J AND K ON EPC MODE,ROAD TRANSPORT AND HIGHWAYS,NHAI,JAMMU AND KASHMIR,2017-12-01,2021-07-01,2024-11-01,1471.75,1903.98,1613.41,97.3,1471.75,2024-11-01,,,transitional,120
2024-10-01,N24000868,538,UP-GRADATION TO 4-LANE WITH PAVED SHOULDER OF JAMMU- AKHNOOR ROAD SECTION OF NH- 144A FROM GANESH VIHA,ROAD TRANSPORT AND HIGHWAYS,NHIDCL,JAMMU AND KASHMIR,2018-03-01,2021-07-01,2024-12-01,253.44,253.44,180.32,78.28,,2023-08-01,,,transitional,120
2024-10-01,N24001253,539,"CONSTRUCTION, OPERATION AND MAINTENANCE OF Z-MORH TUNNEL INCLUDING APPROACHES ON NH-01 SRINAGAR-SONA",ROAD TRANSPORT AND HIGHWAYS,NHIDCL,JAMMU AND KASHMIR,2019-12-01,2023-12-01,2024-07-01,2680.42,2680.42,0,95.05,,,,,transitional,120
2024-10-01,N24001256,540,CONSTRUCTION OF (I) CONNECTING ROAD FROM Z-MORH TUNNEL TO ZOJILA TUNNEL AND (II) 14.150 KM LONG BI-D,ROAD TRANSPORT AND HIGHWAYS,NHIDCL,JAMMU AND KASHMIR,2020-08-01,2026-09-01,2026-09-01,6808.69,6808.69,3013.84,49.92,,,,,transitional,120
2024-10-01,N24001264,541,UP-GRADATION TO 2-LANE WITH PAVED SHOULDER FROM KM 12.850 TO KM20.300 OF 7.450KM LENGTH ON GOHA-KHEL,ROAD TRANSPORT AND HIGHWAYS,NHIDCL,JAMMU AND KASHMIR,2020-07-01,2022-04-01,2025-10-01,228.39,228.39,65.27,85.08,,2024-10-01,,,transitional,120
2024-10-01,N24001266,542,UP-GRADATION TO 2-LANE WITH PAVED SHOULDER FROM KM 20.300 TO KM 29.030 OF 8.730 KM LENGTH ON GOHA-K,ROAD TRANSPORT AND HIGHWAYS,NHIDCL,JAMMU AND KASHMIR,2020-07-01,2022-04-01,2024-12-01,210.79,210.79,67.63,86.77,,2023-11-01,,,transitional,121
2024-10-01,N24001323,543,KHELLANI-KHANABAL PKG-1,ROAD TRANSPORT AND HIGHWAYS,NHIDCL,JAMMU AND KASHMIR,2021-03-01,2022-09-01,2024-12-01,486.45,486.45,120.08,95.32,,2024-10-01,,,transitional,121
2024-10-01,N24001341,544,KHELLANI-KHANABAL PKG-3,ROAD TRANSPORT AND HIGHWAYS,NHIDCL,JAMMU AND KASHMIR,2021-03-01,2022-12-01,2024-11-01,398.51,398.51,76.47,91.06,,2024-10-01,,,transitional,121
2024-10-01,N24001342,545,DONIPAWA TO ASHAJIPORA BYPASS PKG-7,ROAD TRANSPORT AND HIGHWAYS,NHIDCL,JAMMU AND KASHMIR,2021-03-01,2022-12-01,2024-07-01,260.4,260.4,191.88,93.8,,,,,transitional,121
2024-10-01,N24001394,546,KHELLANI-KHANABAL PKG-2,ROAD TRANSPORT AND HIGHWAYS,NHIDCL,JAMMU AND KASHMIR,2021-07-01,2023-02-01,2025-12-01,512.43,512.43,65.31,48.32,,2025-06-01,,,transitional,121
2024-10-01,N24001395,547,KHELLANI-KHANABAL PKG-4,ROAD TRANSPORT AND HIGHWAYS,NHIDCL,JAMMU AND KASHMIR,2021-07-01,2023-08-01,2025-12-01,859.67,859.67,175.4,40.38,,2025-12-01,,,transitional,121
2024-10-01,N24001396,548,KHELLANI-KHANABAL PKG-5,ROAD TRANSPORT AND HIGHWAYS,NHIDCL,JAMMU AND KASHMIR,2021-07-01,2023-02-01,2025-03-01,497.09,497.09,149.27,74.47,,2025-03-01,,,transitional,121
2024-10-01,N24001397,549,GOHA-KHELLANI PKG-3,ROAD TRANSPORT AND HIGHWAYS,NHIDCL,JAMMU AND KASHMIR,2021-02-01,2023-03-01,2024-12-01,431.28,431.28,309.97,89.58,,2024-10-01,,,transitional,121
2024-10-01,N24001472,550,BALANCE WORKS OF FOUR LANING FROM RAMBAN KM 151.00 TO BANIHAL KM 187.00 OF NH-1A (NOW NH-44) WITH VA,ROAD TRANSPORT AND HIGHWAYS,NHAI,JAMMU AND KASHMIR,2021-09-01,2023-12-01,2024-10-01,811.19,811.19,808.06,99,,2024-10-01,,,transitional,121
2024-10-01,N24001511,551,CONSTRUCTION OF FOUR LANE RINGROAD BYPASS SRINAGAR CITY,ROAD TRANSPORT AND HIGHWAYS,NHAI,JAMMU AND KASHMIR,2021-03-01,2024-02-01,2025-06-01,2919.96,2919.96,2181.63,61.7,,2024-08-01,,,transitional,121
2024-10-01,N24001543,552,FOUR LANING OF JAMMU- AKHNOOR PKG-1,ROAD TRANSPORT AND HIGHWAYS,NHIDCL,JAMMU AND KASHMIR,2022-07-01,2025-01-01,2025-01-01,245.34,245.34,53.27,32.68,,,,,transitional,121
2024-10-01,N24001550,553,DELHI-AMRITSAR-KATRA EXPRESSWAY (PHASE-II PKG-XVI) EXISTING JAKH (VIJAYPUR)- KUNJWANI SECTION OF NH-4,ROAD TRANSPORT AND HIGHWAYS,NHAI,JAMMU AND KASHMIR,2021-09-01,2024-09-01,2025-09-01,1821.72,1917.32,792.04,62.6,1917.32,2025-09-01,,,transitional,122
2024-10-01,N24001551,554,DELHI-AMRITSAR-KATRA EXPRESSWAY (PHASE-II PKG-XIV) FROM JUNCTION WITH PATHANKOT-GURDASPUR ROAD (NH-5,ROAD TRANSPORT AND HIGHWAYS,NHAI,JAMMU AND KASHMIR,2021-10-01,2024-09-01,2025-07-01,3044.02,3044.02,1349.97,51.37,3044.02,2025-07-01,,,transitional,122
2024-10-01,N24001552,555,DELHI-AMRITSAR-KATRA EXPRESSWAY (PHASE-II PKG-XV) [JUNCTION WITH HIRANAGAR ROAD NEAR VILLAGE GURHA B,ROAD TRANSPORT AND HIGHWAYS,NHAI,JAMMU AND KASHMIR,2021-10-01,2024-09-01,2025-09-01,2714.95,2714.95,1485.42,66.59,2714.95,2025-09-01,,,transitional,122
2024-10-01,N24001619,556,CORRIDOR EFFICIENCY IMPROVEMENT INCLUDING REMOVAL OF BLACK SPOTS IN LAKHANPUR - SAMBA SECTION OF NH-,ROAD TRANSPORT AND HIGHWAYS,NHAI,JAMMU AND KASHMIR,2022-08-01,2024-06-01,2025-06-01,200.05,208.92,96.7,39.4,200.05,2025-06-01,,,transitional,122
2024-10-01,N24001620,557,CONSTRUCTION OF TUNNELS/VIADUCTS AT IDENTIFIED SLIDING/SLIP ZONES AT KM 130.550 TO KM.130.750; KM.,ROAD TRANSPORT AND HIGHWAYS,NHAI,JAMMU AND KASHMIR,2021-09-01,2023-10-01,2025-05-01,442.14,442.14,260.53,19.88,,2025-05-01,,,transitional,122
2024-10-01,N24001621,558,"4L OF KM.165.092 TO KM.171.855 (NORTH BOUND) AND FROM KM.166.895 TO KM.173.638 (SOUTH BOUND), EXCL.",ROAD TRANSPORT AND HIGHWAYS,NHAI,JAMMU AND KASHMIR,2021-07-01,2024-08-01,2025-06-01,614.48,614.48,159,7,,2025-06-01,,,transitional,122
2024-10-01,N24001622,559,4L TWIN TUBE TUNNEL INCLUDING APPROACHES FROM DIGDOL TO KHUNI NALLAH (NORTH BOUND CONNECTING WITH EX,ROAD TRANSPORT AND HIGHWAYS,NHAI,JAMMU AND KASHMIR,2021-07-01,2024-06-01,2025-06-01,1401.87,1401.87,558.21,0,,2025-06-01,,,transitional,123
2024-10-01,N24001623,560,BANIHAL BYPASS (DELINKED FROM SRINAGAR - BANIHAL) FROM KM. 187.00 TO KM. 189.350,ROAD TRANSPORT AND HIGHWAYS,NHAI,JAMMU AND KASHMIR,2020-01-01,2024-01-01,2024-12-01,336.01,336.01,179.36,34,,2024-12-01,,,transitional,123
2024-10-01,N24001624,561,CONSTRUCTION OF EMERGENCY LANDING FACILITY FROM KM. 246.60 TO KM. 249.70 ON SRINAGAR - BANIHAL SECTI,ROAD TRANSPORT AND HIGHWAYS,NHAI,JAMMU AND KASHMIR,2019-07-01,2020-10-01,2024-09-01,157.05,157.05,134.6,100,,2023-04-01,,,transitional,123
2024-10-01,N24001627,562,4L OF TWIN TUBE TUNNEL CONFIGURATION INCLUDING APPROACHES FROM MAROG TO DIGDOL (FROM KM.154.210 TO K,ROAD TRANSPORT AND HIGHWAYS,NHAI,JAMMU AND KASHMIR,2021-07-01,2025-02-01,2025-02-01,1912.17,1912.17,56.68,0,,2025-02-01,,,transitional,123
2024-10-01,N24001833,563,JAMMU - AKHNOOR SECTION OF NH 144A PKG-3B,ROAD TRANSPORT AND HIGHWAYS,NHIDCL,JAMMU AND KASHMIR,2022-07-01,2025-03-01,2025-03-01,198.28,198.28,72.01,53.9,,,,,transitional,123
2024-10-01,N24001897,564,REHABILITATION AND UPGRADATION TO 2 LANE WITH PAVED SHOULDER FROM EXISTING CHAINAGE KM 102 TO KM 13,ROAD TRANSPORT AND HIGHWAYS,BRO,JAMMU AND KASHMIR,2021-03-01,2024-07-01,2024-12-01,642.24,642.24,483.08,92,,,,,transitional,123
2024-10-01,N24001898,565,REHABILITATION AND UPGRADATION TO 2 LANE WITH PAVED SHOULDER FROM EXISTING CHAINAGE KM 30.000 TO K,ROAD TRANSPORT AND HIGHWAYS,BRO,JAMMU AND KASHMIR,2020-07-01,2024-11-01,2024-11-01,272.49,272.49,177.33,87,,,,,transitional,123
2024-10-01,N24001899,566,REHABILITATION AND UPGRADATION TO 2 LANE WITH PAVED SHOULDER FROM EXISTING CHAINAGE KM 134.95 TO KM,ROAD TRANSPORT AND HIGHWAYS,BRO,JAMMU AND KASHMIR,2021-02-01,2024-07-01,2025-03-01,395.25,395.25,198.77,60,,,,,transitional,124
2024-10-01,N24001900,567,REHABILITATION AND UPGRADATION TO 2 LANE WITH PAVED SHOULDER FROM EXISTING CHAINAGE KM 49.150 TO KM,ROAD TRANSPORT AND HIGHWAYS,BRO,JAMMU AND KASHMIR,2020-03-01,2024-08-01,2025-03-01,796.97,796.97,459,79,,,,,transitional,124
2024-10-01,N24001901,568,REHABILITATION AND UPGRADATION TO 2 LANE WITH PAVED SHOULDER FROM EXISTING CHAINAGE KM 64.535 TO K,ROAD TRANSPORT AND HIGHWAYS,BRO,JAMMU AND KASHMIR,2020-03-01,2023-09-01,2025-03-01,152.93,152.93,103.81,78.25,,,,,transitional,124
2024-10-01,N24001926,569,CONSTRUCTION OF TWIN TUBE TUNNELS ON JAMMU KASHMIR RING ROAD (NH-244A) BETWEEN DESIGN CH. 50+600 TO,ROAD TRANSPORT AND HIGHWAYS,NHAI,JAMMU AND KASHMIR,2023-03-01,2025-06-01,2025-06-01,939.86,939.86,251.99,36.98,,,,,transitional,124
2024-10-01,N24001998,570,"CONSTRUCTION OF 4 LANE WITH PAVED SHOULDER FROM (DESIGN CH. 14+200 TO 24+400), (DESIGN CH. 35+300 TO",ROAD TRANSPORT AND HIGHWAYS,BRO,JAMMU AND KASHMIR,2022-06-01,2025-08-01,2025-08-01,832.46,823.46,301.83,35,,,,,transitional,124
2024-10-01,N24002059,571,2L NH-1 FROM KM 8.660 TO KM 33.775 (SUMBAL TO WAYUL) TO 4L DUAL CARRIAGEWAY NH STANDARD AS PART OF S,ROAD TRANSPORT AND HIGHWAYS,NHAI,JAMMU AND KASHMIR,2022-09-01,2026-06-01,2026-06-01,1183.6,1183.6,125.74,3.63,,,,,transitional,124
2024-10-01,N24002060,572,DELHI AMRITSAR KATRA EXPRESSWAY (PHASE-II PKG XVIII) DEVELOPMENT AND UPGRADATION OF FOUR LANE ACCESS,ROAD TRANSPORT AND HIGHWAYS,NHAI,JAMMU AND KASHMIR,2023-03-01,2025-11-01,2025-11-01,1107,1107,77.75,14.25,,,,,transitional,125
2024-10-01,N24002061,573,4/6L ACCESS CONTROL EXPRESSWAY FROM DESIGN CHAINAGE KM 515.000 TO 528.300 (KUNJWANI TO SIDHRA SECTIO,ROAD TRANSPORT AND HIGHWAYS,NHAI,JAMMU AND KASHMIR,2022-08-01,2025-06-01,2025-06-01,2474.47,2675.93,715.57,20.59,,,,,transitional,125
2024-10-01,N24002119,574,REHABILITATION AND UPGRADATION TO 2 LANE WITH PAVED SHOULDER FROM DESIGN CHAINAGE KM 162.800 TO KM,ROAD TRANSPORT AND HIGHWAYS,BRO,JAMMU AND KASHMIR,2022-10-01,2026-01-01,2026-01-01,562.45,562.45,80.79,18,,,,,transitional,125
2024-10-01,N24002179,575,CONSTRUCTION OF 4 LANE WITH PAVED SHOULDER (PATTAN BYPASS) GREENFIELD BYPASS FROM EXISTING CH. KM 24,ROAD TRANSPORT AND HIGHWAYS,BRO,JAMMU AND KASHMIR,2023-03-01,2026-07-01,2026-07-01,980.21,980.21,222.74,5,,,,,transitional,125
2024-10-01,N24002180,576,REHABILITATION AND UPGRADATION TO 2 LANE WITH PAVED SHOULDER FROM EXISTING CHAINAGE KM 166.100 TO KM,ROAD TRANSPORT AND HIGHWAYS,BRO,JAMMU AND KASHMIR,2021-09-01,2026-07-01,2026-07-01,734.64,734.64,19.6,8,,,,,transitional,125
2024-10-01,N24002185,577,CONSTRUCTION OF 2 LANE WITH PAVED SHOULDERS (BARAMULLA BYPASS) GREENFIELD BYPASS FROM EXISTING CH. K,ROAD TRANSPORT AND HIGHWAYS,BRO,JAMMU AND KASHMIR,2023-03-01,2026-09-01,2026-09-01,992.43,992.43,315.99,0,,,,,transitional,125
2024-10-01,N06000087,578,RAJRAPPA RCE OCP ( 3.0 MTY),COAL,CCL,JHARKHAND,2009-12-01,2016-03-01,2025-03-01,510.85,510.85,488.31,74.5,,,,,transitional,125
2024-10-01,N06000096,579,MURAIDIH UG TURN-KEY PROJECT,COAL,BCCL,JHARKHAND,2011-02-01,2014-04-01,2026-01-01,339.88,339.88,151.61,70,,,,,transitional,126
2024-10-01,N06000098,580,MOONIDIH XV SEAM UG,COAL,BCCL,JHARKHAND,2011-08-01,2019-03-01,2026-02-01,1230.27,1230.27,593.92,80,,,,,transitional,126
2024-10-01,N06000126,581,MADHUBAND NLW WASHERY,COAL,BCCL,JHARKHAND,2010-08-01,2014-05-01,2023-11-01,289.45,302,299.98,100,,,,,transitional,126
2024-10-01,N06000169,582,CHITRA EAST (RCE) OCP,COAL,ECL,JHARKHAND,2018-08-01,2024-03-01,2026-03-01,513.98,513.98,184.31,51,,2026-03-01,,,transitional,126
2024-10-01,N06000186,583,TETARIAKHAR EXPANSION OCP,COAL,CCL,JHARKHAND,2019-11-01,2023-03-01,2025-03-01,243.52,243.52,44.35,46.6,,,,,transitional,126
2024-10-01,N06000193,584,PACHWARA SOUTH COAL BLOCK,COAL,NLC,JHARKHAND,2013-07-01,2028-09-01,2028-09-01,2242.92,2242.9,226.14,43,2242.9,,,,transitional,126
2024-10-01,N06000194,585,PATHERDIH 2.5 NLW COAL WASHERY,COAL,BCCL,JHARKHAND,2015-10-01,2018-04-01,2025-06-01,334.27,334.27,122.47,40,,,,,transitional,126
2024-10-01,N06000216,586,REVISED PROJECT REPORT MAGADH EXPANSION OCP,COAL,CCL,JHARKHAND,2020-08-01,2028-03-01,2028-03-01,7254.37,7254.37,1267.12,19,,,,,transitional,126
2024-10-01,N06000217,587,EXPANSION PROJECT AMRAPALI OCP,COAL,CCL,JHARKHAND,2020-08-01,2028-03-01,2028-03-01,5136.15,5136.15,765.31,19,,,,,transitional,126
2024-10-01,N06000218,588,UCE OF EPR OF NORTH URIMARI OCP,COAL,CCL,JHARKHAND,2021-07-01,2026-03-01,2026-03-01,778.8,778.8,683.05,75,,,,,transitional,126
2024-10-01,N06000237,589,KOTRE BASANTPUR PACHMO OCP,COAL,CCL,JHARKHAND,2020-08-01,2032-03-01,2032-03-01,625.4,625.4,411.4,38,625.4,,,,transitional,126
2024-10-01,N06000238,590,CHANDRAGUPT OCP,COAL,CCL,JHARKHAND,2020-08-01,2032-03-01,2032-03-01,973.5,973.5,7.95,12.4,,,,,transitional,126
2024-10-01,N06000239,591,SIRKA OCP,COAL,CCL,JHARKHAND,2020-05-01,2025-03-01,2025-03-01,222.82,222.82,139.31,60,,,,,transitional,127
2024-10-01,N06000240,592,JHARKHAND LAIYO OCP,COAL,CCL,JHARKHAND,2020-08-01,2031-03-01,2031-03-01,764.57,764.57,145.8,20,,,,,transitional,127
2024-10-01,N06000241,593,EPR TAPIN SOUTH OCP,COAL,CCL,JHARKHAND,2020-11-01,2025-03-01,2025-03-01,230.41,230.41,18.14,18.3,,,,,transitional,127
2024-10-01,N06000242,594,EPR PUNDI OCP,COAL,CCL,JHARKHAND,2020-11-01,2027-03-01,2027-03-01,713.35,713.35,236.57,39,,,,,transitional,127
2024-10-01,N06000243,595,EPR ROHINI KARKATA OCP,COAL,CCL,JHARKHAND,2021-01-01,2028-03-01,2028-03-01,1020.42,1020.42,82.92,11.7,,,,,transitional,127
2024-10-01,N06000245,596,EXPANSION OF KONAR OCP,COAL,CCL,JHARKHAND,2022-01-01,2032-03-01,2032-03-01,799.34,799.34,389.17,32,,,,,transitional,127
2024-10-01,N06000246,597,EXPANSION OF KARO OCP,COAL,CCL,JHARKHAND,2022-01-01,2026-03-01,2026-03-01,908.47,908.47,145.93,17.2,,,,,transitional,127
2024-10-01,N06000247,598,EXPANSION OF ASHOK OCP,COAL,CCL,JHARKHAND,2021-05-01,2028-03-01,2028-03-01,2898.28,2898.28,175.01,12.1,,,,,transitional,127
2024-10-01,N06000273,599,AMALGAMATED NTST KUJAMA OCP 8.5 MTY,COAL,BCCL,JHARKHAND,2023-01-01,2030-03-01,2030-03-01,4011.85,4011.85,389.65,24.2,,,,,transitional,127
2024-10-01,N06000275,600,HURA C OC,COAL,ECL,JHARKHAND,2022-08-01,2029-03-01,2029-03-01,859.41,859.41,33.33,62,,,,,transitional,127
2024-10-01,N28000067,601,2000 BOYS HOSTEL(1000 DOUBLE BEDDED ROOM) AT ISM DHANBAD,DEPARTMENT OF HIGHER EDUCATION,CPWD EDUCATION,JHARKHAND,2012-09-01,2016-03-01,2016-03-01,171.86,171.86,175.3,0,,,,,transitional,127
2024-10-01,N16000239,602,DEVELOPMENT PLAN OF CBM - BOKARO BLOCK,PETROLEUM,ONGC,JHARKHAND,2015-12-01,2023-03-01,2025-03-01,823.27,1137.79,1056.73,83.1,1137.79,2024-03-01,,,transitional,127
2024-10-01,N16000445,603,DEVELOPMENT OF JHARIA CBM BLOCK (PHASE-1),PETROLEUM,ONGC,JHARKHAND,2019-11-01,2024-01-01,2024-12-01,431,431,162.34,56.65,,2024-03-01,,,transitional,127
2024-10-01,N16000480,604,LAYING OF NATURAL GAS PIPELINE FROM HAZARIBAGH TO RANCHI,PETROLEUM,IOCL,JHARKHAND,2023-03-01,2026-02-01,2026-02-01,202.07,202.07,45.05,33.82,,,,,transitional,128
2024-10-01,N16000497,605,CGD PROJECT IN BIHAR JHARKHAND,PETROLEUM,HPCL,JHARKHAND,2022-06-01,2030-06-01,2030-06-01,1377,1377,184.22,18.4,,,,,transitional,128
2024-10-01,N18000177,606,NORTH KARANPURA STPP (3X660 MW),POWER,NTPC,JHARKHAND,2014-02-01,2019-06-01,2024-12-01,16242.9,17007,15361.62,85,,2022-10-01,,,transitional,128
2024-10-01,N18000275,607,PATRATU STPP-I (3X800MW),POWER,NTPC,JHARKHAND,2017-11-01,2023-03-01,2025-11-01,17112,17112,13151.45,68,,,,,transitional,128
2024-10-01,N18000367,608,BADAM COAL MINING PROJECT,POWER,NTPC,JHARKHAND,2019-02-01,2024-10-01,2024-10-01,501.79,501.79,40.35,0,,,,,transitional,128
2024-10-01,N18000370,609,KERANDARI COAL MINING PROJECT,POWER,NTPC,JHARKHAND,2015-09-01,2019-11-01,2019-11-01,1553,2804,0,0,,,,,transitional,128
2024-10-01,220100305,610,"KODERMA-TILAIYA (NL), ECR",RAILWAYS,ECR,JHARKHAND,2002-04-01,,2025-03-01,459.91,1700,1779.61,70,1625.87,,,,transitional,128
2024-10-01,N22000396,611,BONDAMUNDA RANCHI DOUBLING,RAILWAYS,SER,JHARKHAND,2016-03-01,2021-03-01,2026-06-01,1724.2,3029.04,2183.61,80,3029.04,,,,transitional,128
2024-10-01,N22000508,612,LODHMA TO PISKA LINK LINE BY PASSING HATIA/RANCHI WITH Y CONNECTION (17.2 KM),RAILWAYS,SER,JHARKHAND,2018-04-01,2022-06-01,2026-06-01,428.65,472.5,272.61,2,,,,,transitional,128
2024-10-01,N22000529,613,DOUBLING OF PRADHANKHUNTA JN -PATHERDIH BAZAR-BHOJUDIH,RAILWAYS,ECR,JHARKHAND,2022-11-01,2027-11-01,2027-11-01,202,349.22,9.54,0,349.22,,,,transitional,128
2024-10-01,N22000595,614,KHARAGPUR-ADITYAPUR - 3RD LINE (132 KM),RAILWAYS,RVNL,JHARKHAND,2015-12-01,2025-03-01,2025-03-01,1116,3270.07,2899.45,0,,,,,transitional,128
2024-10-01,N22000599,615,3RD LINE BETWEEN DHANBAD SONNAGAR,RAILWAYS,RVNL,JHARKHAND,2016-11-01,2026-03-01,2026-03-01,8975,7906.38,4705.38,0,,,,,transitional,129
2024-10-01,N22000610,616,GARHWA ROAD - RAIL OVER RAIL,RAILWAYS,ECR,JHARKHAND,2017-03-01,2024-03-01,2025-03-01,262.71,262.71,197.22,73,,,,,transitional,129
2024-10-01,N22000611,617,GOMOH - FLYOVER FOR DOWN TRAINS,RAILWAYS,ECR,JHARKHAND,2018-01-01,2025-12-01,2025-12-01,487.73,487.73,308.8,16,,,,,transitional,129
2024-10-01,N24000725,618,FOUR LANING OF BARHI - KODERMA SECTION OF NH - 31,ROAD TRANSPORT AND HIGHWAYS,NHAI,JHARKHAND,2018-01-01,2021-11-01,2024-10-01,273.46,276.17,255.63,98,,2024-10-01,,,transitional,129
2024-10-01,N24000726,619,SIX LANING OF BIHAR - JHARKHAND BORDER (CHORDAHA) TO GORHAR SECTION,ROAD TRANSPORT AND HIGHWAYS,NHAI,JHARKHAND,2018-01-01,2021-11-01,2025-06-01,1155.16,950.49,629.74,69,,2025-06-01,,,transitional,129
2024-10-01,N24001216,620,WIDENING TO 2 LANE WITH PAVED SHOULDERS AND GEOMETRIC IMPROVEMENT OF NH-114A FROM KM 141 TO KM 184 I,ROAD TRANSPORT AND HIGHWAYS,MoRTH,JHARKHAND,2016-12-01,2021-09-01,2024-12-01,196,196,164.21,90,,2024-12-01,,,transitional,129
2024-10-01,N24001589,621,HARIHARGANJ TO PARWA MODE SECTION FROM KM 23.284 TO KM 57.049 OF NH-98,ROAD TRANSPORT AND HIGHWAYS,NHAI,JHARKHAND,2020-09-01,2024-03-01,2024-12-01,755.26,1039,548.17,82.55,,2024-12-01,,,transitional,129
2024-10-01,N24001590,622,4L FROM KM 196.87 (SANKHA) TO KM 219.6 (KHAJURI) ON NH-75 [REHLA / GARHWA BYPASS],ROAD TRANSPORT AND HIGHWAYS,NHAI,JHARKHAND,2020-09-01,2023-10-01,2024-12-01,748.99,903,811.52,99.98,,2024-12-01,,,transitional,129
2024-10-01,N24001594,623,ELEVATED CORRIDOR IN RANCHI CITY FROM KM 0.00 TO KM 3.260 OF NH-75 INCLUDING DOWN RAMP ON NH-23 FROM,ROAD TRANSPORT AND HIGHWAYS,NHAI,JHARKHAND,2022-02-01,2025-01-01,2025-01-01,534.73,534.73,14.87,73,,,,,transitional,130
2024-10-01,N24001595,624,4L OF PALMA TO GUMLA SECTION OF NH23 FROM KM. 26.00 TO KM. 89.170 ON HAM MODE IN THE STATE OF JHARKH,ROAD TRANSPORT AND HIGHWAYS,NHAI,JHARKHAND,2020-08-01,2024-03-01,2024-12-01,1034,1785.18,41.5,83.15,1785.18,,,,transitional,130
2024-10-01,N24001596,625,4L OF MIRZA CHAUKI TO FARKKA SECTION OF NH80 FROM KM 215.00 TO KM 260.00 ON HAM MODE IN THE STATE OF,ROAD TRANSPORT AND HIGHWAYS,NHAI,JHARKHAND,2021-11-01,2023-07-01,2025-06-01,1302.72,1504.8,837.1,55.56,1504.8,2025-06-01,,,transitional,130
2024-10-01,N24001597,626,BALANCE WORK OF RANCHI- MAHULIA SECTION OF NH-33 FROM KM 113.730 (VIKAS) TO KM 140.000 (RAMPUR) (PKG-,ROAD TRANSPORT AND HIGHWAYS,NHAI,JHARKHAND,2019-01-01,2020-12-01,2024-07-01,466.55,466.55,0,100,518,2024-07-01,,,transitional,130
2024-10-01,N24001854,627,FOUR LANING WITH PAVED SHOULDER OF SECTION FROM KM 53.600 (GOLA ON NH-320) TO KM 81.446 (ORMANJHI ON,ROAD TRANSPORT AND HIGHWAYS,NHAI,JHARKHAND,2023-06-01,2025-06-01,2025-06-01,1214.93,1324.95,650.5,43,1324.95,,,,transitional,130
2024-10-01,N24001922,628,WIDENING TO 2-LANE WITH PAVED SHOULDER FROM KM 0.00 TO 44.00 (KURU-GHAGHRA SECTION) OF NH- 143A INCLU,ROAD TRANSPORT AND HIGHWAYS,MoRTH,JHARKHAND,2020-02-01,2023-08-01,2024-12-01,153.01,153.01,83.63,84,,2024-12-01,,,transitional,130
2024-10-01,N24001923,629,WIDENING AND STRENGTHENING OF EXISTING PAVEEMNT TO TWO LANE WITH PAVED SHOULDERS FROM KM 116.00 TO K,ROAD TRANSPORT AND HIGHWAYS,MoRTH,JHARKHAND,2022-01-01,2024-07-01,2024-12-01,315.21,315.21,81.74,75,,2024-12-01,,,transitional,131
2024-10-01,N24001924,630,WIDENING AND STRENGTHENING TO TWO LANE WITH PAVED SHOULDER/TWO LANE+ PAVED SHOULDER WITH SERVICE ROA,ROAD TRANSPORT AND HIGHWAYS,MoRTH,JHARKHAND,2022-03-01,2025-08-01,2025-08-01,514.22,514.22,10.49,6,,,,,transitional,131
2024-10-01,N24001925,631,WIDENING AND STRENGTHENING/RECONSTRUCTI ON TO TWO LANE WITH PAVED SHOULDER/ TWO LANE WITH PAVED SHOUL,ROAD TRANSPORT AND HIGHWAYS,MoRTH,JHARKHAND,2022-03-01,2025-08-01,2025-08-01,423.18,423.18,0.11,0,,,,,transitional,131
2024-10-01,N24002053,632,FOUR LANING OF KHAJURI TO WYNDHAMGANJ FROM KM 219.600 TO KM 260.483 ON NH-75 PKG SEC- V ON HAM,ROAD TRANSPORT AND HIGHWAYS,NHAI,JHARKHAND,2022-04-01,2025-09-01,2025-09-01,1232,1400,344.6,51.48,1343,,,,transitional,131
2024-10-01,N24002054,633,FOUR LANING OF BHOGU TO SANKHA FROM KM 147.450 TO KM 196.870 ON NH-75 PKG SEC-III,ROAD TRANSPORT AND HIGHWAYS,NHAI,JHARKHAND,2022-10-01,2025-11-01,2025-11-01,1390.77,1600,205.88,54.03,1391,,,,transitional,131
2024-10-01,N24002055,634,FOUR LANING OF BASUKINATH- DEOGHAR SECTION OF NH-114A FROM KM 85.081 TO KM 130.240 UNDER NHDP PHASE-I,ROAD TRANSPORT AND HIGHWAYS,NHAI,JHARKHAND,2023-03-01,2025-12-01,2025-12-01,1444.94,1444.94,0,0,,,,,transitional,131
2024-10-01,N24002056,635,BHARATMALA PARIYOJANA OF BOKARO JAINA MORE - GOLA SECTION OF NH-320 FROM KM. 21.110 TO KM. 53.600 IN,ROAD TRANSPORT AND HIGHWAYS,NHAI,JHARKHAND,2020-06-01,2025-06-01,2025-06-01,964.64,964.64,362.33,30.23,,,,,transitional,132
2024-10-01,N24002057,636,FOUR LANING OF MEHGAMA HANSDIHA SECTION OF NH-33 FROM EXISTING KM 41.900 TO 93.000 IN THE STATE OF J,ROAD TRANSPORT AND HIGHWAYS,NHAI,JHARKHAND,2022-12-01,2025-05-01,2025-05-01,1443.77,1443.77,0,0,,,,,transitional,132
2024-10-01,N12000095,637,NEW SINTER PLANT AT BOKARO STEEL PLANT,STEEL,SAIL,JHARKHAND,2015-03-01,2017-10-01,2026-11-01,1034.01,1752.3,871.91,51.74,1752.3,2026-11-01,,,transitional,132
2024-10-01,N12000129,638,REVAMPING OF OLD SUB SYSTEM OF BLAST FURNACE 3 AT BOKARO STEEL PLANT,STEEL,SAIL,JHARKHAND,2023-09-01,2025-07-01,2025-07-01,513.82,513.82,80.57,45,,,,,transitional,132
2024-10-01,N12000133,639,REBUILDING OF COKE OVEN BATTERY NO.6 OF BOKARO STEEL PLANT,STEEL,SAIL,JHARKHAND,2023-11-01,2026-11-01,2026-11-01,627.31,627.31,50.84,22,,,,,transitional,132
2024-10-01,N12000135,640,REPLACEMENT OF REMAINING 04 NOS. OF BATTERY CYCLONES WITH 04 NOS. OF ESPS IN SINTER PLANT-1 AT BSL,STEEL,SAIL,JHARKHAND,2024-03-01,2026-06-01,2026-06-01,260.37,260.37,0,2,,,,,transitional,132
2024-10-01,N04000105,641,BELAGAVI AIRPORT- EXPANSION OF TERMINAL BUILDING AND ASSOCIATED WORKS,CIVIL AVIATION,AAI,KARNATAKA,2023-06-01,2026-02-01,2026-02-01,322.45,322.45,42.91,20,,,,,transitional,132
2024-10-01,N04000108,642,HUBBALI AIRPORT - CONSTRUCTION OF NEW DOMESTIC TERMINAL BUILDING AND MISCELLANEOUS WORKS,CIVIL AVIATION,AAI,KARNATAKA,2023-06-01,2026-02-01,2026-01-01,320.47,320.47,18.21,16,,,,,transitional,132
2024-10-01,N42000006,643,"CONSTRUCTION OF PERMANENT CAMPUS FOR INDIAN INSTITUTE OF TECHNOLOGY, DHARWAD (PHASE 1A)",DEPARTMENT OF HIGHER EDUCATION,CPWD EDUCATION,KARNATAKA,2019-07-01,2022-03-01,2023-03-01,851,851,886.26,100,851,2022-10-01,,,transitional,133
2024-10-01,N42000010,644,ADDITIONAL INFRASTRUCTURE AT IISC BANGALORE SH RCC MONOLITHIC FOR MEN WOMEN HOSTEL,DEPARTMENT OF HIGHER EDUCATION,CPWD,KARNATAKA,2021-08-01,2024-02-01,2024-11-01,316.25,316.25,333.42,94,,2024-11-01,,,transitional,133
2024-10-01,N16000369,645,CONSTRUCTION OF 80000MT LPG CAVERN AT MANGALORE,PETROLEUM,HPCL,KARNATAKA,2018-12-01,2022-12-01,2025-03-01,854,854,637.12,90,854,2025-03-01,,,transitional,133
2024-10-01,N16000437,646,"REVAMPING, AUGMENTATION OF FACILITIES AT EXISTING PORT TERMINAL AT MANGALORE",PETROLEUM,IOCL,KARNATAKA,2022-01-01,2025-07-01,2025-12-01,463,500.62,180.65,57.3,500.62,2025-12-01,,,transitional,133
2024-10-01,N16000509,647,POWER SYSTEM UPGRADATION PROJECT,PETROLEUM,MANGALORE REFIN,KARNATAKA,2023-10-01,2026-02-01,2026-02-01,385,385,57.52,29.84,,,,,transitional,133
2024-10-01,N16000536,648,DEMO PLANT FOR PRODUCTION OF BIO-ATF,PETROLEUM,MANGALORE REFIN,KARNATAKA,2024-03-01,2027-03-01,2027-03-01,364,364,5.34,0.5,,,,,transitional,133
2024-10-01,N18000385,649,TS FOR INTRGRATION OF RE ZONE (PHASE II) IN KOPPAL II (PHASE A and B) AND GADAG II (PHASE A) IN KARN,POWER,PGCIL,KARNATAKA,2023-12-01,2025-12-01,2025-12-01,2889,2889,5,2.5,,,,,transitional,133
2024-10-01,N18000388,650,"TS FOR SOLAR ENERGY ZONE IN BIDAR (2500MW), KARNATAKA [BIDAR TRANSMISSION LTD]",POWER,PGCIL,KARNATAKA,2024-02-01,2026-02-01,2026-02-01,2148,2148,0,6,,,,,transitional,133
2024-10-01,N22000256,651,TUMKUR-CHITRADURGA- DAVENGERE NL,RAILWAYS,SWR,KARNATAKA,2011-04-01,,2027-12-01,1801.01,1801.01,479.33,12,,,,,transitional,134
2024-10-01,N22000258,652,BAGALKOT-KUDACHI NL,RAILWAYS,SWR,KARNATAKA,2010-04-01,2016-03-01,2026-12-01,986.3,1378,553.26,34,1378,,,,transitional,134
2024-10-01,N22000297,653,HOSPET-HUBLI-LONDA- VASCODAGAMA DL,RAILWAYS,RVNL,KARNATAKA,2010-04-01,2023-03-01,2026-12-01,2127,3692.6,3505.49,0,,,,,transitional,134
2024-10-01,N22000299,654,GADAG-WADI NL,RAILWAYS,SWR,KARNATAKA,2013-04-01,2018-12-01,2027-12-01,2841.84,2841.84,1203.98,28,,,,,transitional,134
2024-10-01,N22000308,655,MARIKUPPAM - KUPPAM,RAILWAYS,SWR,KARNATAKA,2012-04-01,2016-03-01,2026-12-01,279.54,296.72,99.49,14,296.72,,,,transitional,134
2024-10-01,N22000486,656,KADUR CHIKMAGALUR SAKLESHPUR NEW LINE (93 KM),RAILWAYS,SWR,KARNATAKA,1996-03-01,2017-03-01,2025-12-01,644.78,825.31,615.15,66,825.31,,,,transitional,134
2024-10-01,N22000542,657,BAIYYAPPANAHALLI-HOSUR (48 KM),RAILWAYS,NCRTC,KARNATAKA,2019-04-01,2026-03-01,2026-03-01,375.67,375.67,0,0,,,,,transitional,134
2024-10-01,N22000543,658,YESHVANTHPUR-CHANNASANDRA (21.7 KM),RAILWAYS,NCRTC,KARNATAKA,2019-04-01,2026-03-01,2026-03-01,169.65,169.65,71.75,0,,,,,transitional,134
2024-10-01,N22000557,659,BELGAUM-DHARWAD VIA KITTUR (73.10 KM) (UMBRELLA WORK PB#22/2019-20/NR),RAILWAYS,SWR,KARNATAKA,2020-09-01,2026-03-01,2027-12-01,1590.8,927.42,0.39,0,927.42,,,,transitional,134
2024-10-01,N22000558,660,HASSAN (ALUR) - BELUR (32 KM) (UMBRELLA WORK PB#23/2018- 19/NR),RAILWAYS,SWR,KARNATAKA,2019-06-01,2028-04-01,2027-12-01,663.03,748.85,0.34,1,748.85,,,,transitional,134
2024-10-01,N22000559,661,SHIMOGA-SHIKARIPURA- RANEBENNUR (UMBRELLA WORK PB#23/2018-19/NR),RAILWAYS,SWR,KARNATAKA,2019-09-01,2027-12-01,2027-12-01,1453.73,994.47,66.02,7,994.47,,,,transitional,134
2024-10-01,N22000621,662,BANGALORE-WHITEFIELD- BANGALORE CITY- KRISHNARAJAPURAM QUADRUPLING,RAILWAYS,SWR,KARNATAKA,2018-03-01,2025-03-01,2025-06-01,492.87,492.87,169.03,46,,,,,transitional,135
2024-10-01,N24000334,663,STRENGTHENING AND WIDENING TO TWO LANE WITH PAVED SHOULDERS FROM KM.106.00 TO 153.00 OF NH-218 BIJAP,ROAD TRANSPORT AND HIGHWAYS,MoRTH,KARNATAKA,2015-03-01,2015-11-01,2024-08-01,165.67,165.67,126.47,99,,2024-08-01,,,transitional,135
2024-10-01,N24000462,664,4-LANING OF GOA/KARNATAKA BORDER-KUNDAPUR SECTION,ROAD TRANSPORT AND HIGHWAYS,NHAI,KARNATAKA,2014-05-01,2016-08-01,2024-12-01,1655.01,2639,1803.36,97.8,2639,2024-12-01,,,transitional,135
2024-10-01,N24000552,665,4-LANNING EXISTING KM 189.700 TO 237.00] HASSAN TO MARANAHALLY,ROAD TRANSPORT AND HIGHWAYS,NHAI,KARNATAKA,2016-03-01,2019-03-01,2025-03-01,701.4,701.4,461.05,80,591.86,2023-12-01,,,transitional,135
2024-10-01,N24000603,666,HOSPET-BELLARY-KARNATAKA AP BORDER,ROAD TRANSPORT AND HIGHWAYS,NHAI,KARNATAKA,2016-08-01,2019-03-01,2025-05-01,1167.42,1224.01,821.77,78.97,,2025-05-01,,,transitional,135
2024-10-01,N24000622,667,TWO/FOUR LANNING OF BRT TIGER RESERVE BOUNDARY TO BANGALORE SECTION OF NH- 209(EXISTING CHAINAGE FROM,ROAD TRANSPORT AND HIGHWAYS,NHAI,KARNATAKA,2016-09-01,2019-08-01,2024-12-01,950.69,2525.02,1913.36,99.3,1487.46,2024-06-01,,,transitional,135
2024-10-01,N24001156,668,WIDENING TO TWO LANE WITH PAVED SHOULDER FROM KM 544.200 TO KM 594.000 OF NH-150A HOSMANE CROSS ? PA,ROAD TRANSPORT AND HIGHWAYS,MoRTH,KARNATAKA,2017-01-01,2017-09-01,2023-05-01,166.67,264.34,192.08,100,,2023-05-01,,,transitional,135
2024-10-01,N24001157,669,IMPROVEMENTS AND RECONSTRUCTION TO TWO LANE WITH PAVED SHOULDERS FROM KM 243.20 TO KM 290.20 OF NH,ROAD TRANSPORT AND HIGHWAYS,MoRTH,KARNATAKA,2016-08-01,2017-02-01,2024-07-01,175.5,241.6,189.72,90.1,,2024-07-01,,,transitional,135
2024-10-01,N24001158,670,RECONSTRUCTION TO TWO LANE WITH PAVED SHOULDERS FROM DS. CH. 442+180 (EX. KM 448.00) TO DS. CH.485+2,ROAD TRANSPORT AND HIGHWAYS,MoRTH,KARNATAKA,2018-03-01,2019-06-01,2023-12-01,159.97,242.61,113.15,100,,2023-12-01,,,transitional,136
2024-10-01,N24001159,671,WIDENING TO TWO LANE WITH PAVED SHOULDERS FROM KM 20.150 TO KM 40.00 OF BC ROAD KOTTIGEHARA SECTION,ROAD TRANSPORT AND HIGHWAYS,MoRTH,KARNATAKA,2018-01-01,2018-07-01,2022-03-01,159.7,159.7,142.88,100,,,,,transitional,136
2024-10-01,N24001160,672,WIDENING TO TWO LANE WITH PAVED SHOULDER FROM KM 194.900 TO KM 243.200 OF NH-234 BANAVARA-HULIYAR,ROAD TRANSPORT AND HIGHWAYS,MoRTH,KARNATAKA,2017-09-01,2018-10-01,2022-04-01,191.6,191.6,112.03,100,,2022-04-01,,,transitional,136
2024-10-01,N24001161,673,WIDENING TO TWO LANE WITH PAVED SHOULDERS FROM 24.600 TO 70.063 OF MUDIGERE TO KADUR SECTION OF NH-,ROAD TRANSPORT AND HIGHWAYS,MoRTH,KARNATAKA,2017-12-01,2019-01-01,2022-04-01,297.3,318.28,280.25,100,,2022-04-01,,,transitional,136
2024-10-01,N24001162,674,IMPROVEMENT AND RECONSTRUCTION TO TWO LANE WITH PAVED SHOULDERS FROM KM 489.845 (NEW KM.58.125) AN,ROAD TRANSPORT AND HIGHWAYS,MoRTH,KARNATAKA,2018-03-01,2018-10-01,2022-11-01,325.86,386.41,356.78,100,,2022-11-01,,,transitional,136
2024-10-01,N24001164,675,WIDENING TO 2 LANE WITH PAVED SHOULDERS FROM KM 0 TO 54 OF NH-50 UNDER EPC MODE IN THE STATE OF KARN,ROAD TRANSPORT AND HIGHWAYS,MoRTH,KARNATAKA,2016-10-01,2017-03-01,2022-07-01,396.96,396.96,329.58,100,,2022-07-01,,,transitional,136
2024-10-01,N24001165,676,WIDENING TO 2 LANE WITH PAVED SHOULDERS FROM KM 34.00 TO 70.900 OF NH-150 UNDER EPC MODE IN THE STAT,ROAD TRANSPORT AND HIGHWAYS,MoRTH,KARNATAKA,2016-11-01,2017-03-01,2021-10-01,314.9,314.9,233.95,100,,2021-10-01,,,transitional,136
2024-10-01,N24001166,677,WIDENING TWO LANE WITH PAVED SHOULDERS FROM FROM KM.56.00 TO 106.00 OF NH-218 (218-KNT-2014- 15-775),ROAD TRANSPORT AND HIGHWAYS,MoRTH,KARNATAKA,2015-03-01,2016-01-01,2024-07-01,159.12,159.12,127.72,98,,,,,transitional,137
2024-10-01,N24001168,678,ESTIMATE FOR WIDENING TWO LANE TO FOUR LANE FROM FROM KM.129.00 TO 144.00 OF NH-63 ANKOLA-GOOTY SECT,ROAD TRANSPORT AND HIGHWAYS,MoRTH,KARNATAKA,2018-05-01,2018-05-01,2023-12-01,171.6,171.6,134.81,100,,2023-12-01,,,transitional,137
2024-10-01,N24001172,679,WIDENING TO TWO LANE WITH PAVED SHOULDER FROM KM 4.40 TO KM 56.00 OF NH-218 BIJAPURA- HUBLI SECTION U,ROAD TRANSPORT AND HIGHWAYS,MoRTH,KARNATAKA,2017-01-01,2017-08-01,2022-06-01,291.49,291.49,238.77,100,,,,,transitional,137
2024-10-01,N24001173,680,CONSTRUCTION OF MAJOR BRIDGE AT KM 180.865 ACROSS RIVER KRISHNA ON NH-167 HAGARI ? JADERCELA SECTION,ROAD TRANSPORT AND HIGHWAYS,MoRTH,KARNATAKA,2017-02-01,2019-05-01,2025-10-01,157.32,187.61,62.31,60,188,,,,transitional,137
2024-10-01,N24001387,681,WIDENING TO 2-LANE WIH PAVED SHOULDER FROM KM. 544.20 TO 594.00 (HOSAMANE CROSS TO PANDAVAPURA) SECT,ROAD TRANSPORT AND HIGHWAYS,MoRTH,KARNATAKA,2017-01-01,2017-09-01,2023-05-01,264.34,264.34,201.07,100,,2023-05-01,,,transitional,137
2024-10-01,N24001388,682,CONSTRUCTION OF MAJOR BRIDGE ACROSS SHARAVATHI BACKWATERS AND APPROCHES BETWEEN AMBARGODU AND KALASA,ROAD TRANSPORT AND HIGHWAYS,MoRTH,KARNATAKA,2019-03-01,2019-12-01,2024-11-01,423.15,423.15,284.58,82,,2024-11-01,,,transitional,137
2024-10-01,N24001425,683,4L OF ADDAHOLE TO BANTWAL CROSS SECTION INCLUDING FLYOVER AT KALLADKA TOWN,ROAD TRANSPORT AND HIGHWAYS,NHAI,KARNATAKA,2021-03-01,2021-11-01,2025-03-01,1100.88,1713.98,938.22,64,1713.98,2025-03-01,,,transitional,137
2024-10-01,N24001426,684,4L OF ADDAHOLE TO BANTWAL CROSS SECTION,ROAD TRANSPORT AND HIGHWAYS,NHAI,KARNATAKA,2021-03-01,2021-10-01,2025-03-01,317.9,576.32,340.53,94.7,576.32,2025-03-01,,,transitional,138
2024-10-01,N24001598,685,6L FROM SANKESHWAR BYPASS TO MH KNT BORDER FROM KM. 555.017 TO KM. 592.853 OF NH-48 (PKG II),ROAD TRANSPORT AND HIGHWAYS,NHAI,KARNATAKA,2022-01-01,2025-04-01,2025-04-01,1388.7,1388.7,299.54,52.1,1388.7,2025-04-01,,,transitional,138
2024-10-01,N24001599,686,BELAKERI PORT TO KUMTA - SIRSI ROAD FROM KM 0.00 - KM 4.265 OF BELEKERI PORT ROAD LINK RD. AND KM 4.,ROAD TRANSPORT AND HIGHWAYS,NHAI,KARNATAKA,2018-03-01,2022-12-01,2025-04-01,440.16,440.16,309.33,58.84,,2025-04-01,,,transitional,138
2024-10-01,N24001674,687,BANGALORE/TN BORDER TO HOSKOTE,ROAD TRANSPORT AND HIGHWAYS,NHAI,KARNATAKA,2023-02-01,2025-02-01,2025-02-01,1240.6,1240.6,657.58,60.22,,,,,transitional,138
2024-10-01,N24001675,688,6L OF MH/KN BORDER (NIMBAL VILLAGE) TO KN/TS BORDER (SINGNODI VILLAGE) FROM KM. 162.5 TO KM. 203.100,ROAD TRANSPORT AND HIGHWAYS,NHAI,KARNATAKA,2022-11-01,2025-05-01,2025-05-01,1732.73,1732.73,540.35,95.57,,,,,transitional,138
2024-10-01,N24001676,689,6L OF MH/KN BORDER (NIMBAL VILLAGE) TO KN/TS BORDER (SINGNODI VILLAGE) FROM KM. 26.000 TO KM. 97.000,ROAD TRANSPORT AND HIGHWAYS,NHAI,KARNATAKA,2022-12-01,2025-06-01,2025-06-01,2718.46,2718.46,312.9,34.97,,,,,transitional,138
2024-10-01,N24001677,690,BALANCE WORK OF 2L PS FROM KM 30.800 TO 70.800 AND 2L WITH RIGID CARRIAGEWAY FROM 70.800 TO KM 84.12,ROAD TRANSPORT AND HIGHWAYS,NHAI,KARNATAKA,2022-11-01,2024-05-01,2024-05-01,226.76,226.76,70.45,53.11,226.76,2024-05-01,,,transitional,138
2024-10-01,N24001679,691,6L FROM BELGAUM TO SANKESHWAR BYPASS FROM KM 515.000 TO KM 555.017 OF NH 48,ROAD TRANSPORT AND HIGHWAYS,NHAI,KARNATAKA,2022-10-01,2025-04-01,2025-04-01,1479.3,1479.3,395.27,61.52,1479.3,2025-04-01,,,transitional,139
2024-10-01,N24001680,692,4L OF SANNUR TO BIKARNAKATTE SECTION FROM KARKALA TO MANGALORE,ROAD TRANSPORT AND HIGHWAYS,NHAI,KARNATAKA,2021-03-01,2024-10-01,2025-06-01,1409.68,1633.91,817.35,42,1633.91,2025-06-01,,,transitional,139
2024-10-01,N24001681,693,TUMKUR - NELAMANGALA(6L),ROAD TRANSPORT AND HIGHWAYS,NHAI,KARNATAKA,2022-08-01,2025-08-01,2025-12-01,2032.15,2032.15,164.69,43.8,2032.15,2025-08-01,,,transitional,139
2024-10-01,N24001682,694,UPGRADATION 2/4 LANE NH CONNECTIVITY UNDER SAGARMALA SCHEME SH 2 HAVERI YEKAMBI SH 69 YEKAMBI KUMTA,ROAD TRANSPORT AND HIGHWAYS,NHAI,KARNATAKA,2022-03-01,2024-03-01,2025-09-01,294.62,294.62,32.56,13.47,,2025-09-01,,,transitional,139
2024-10-01,N24001683,695,AURAD - BIDAR KM 0.00 TO KM 45.878,ROAD TRANSPORT AND HIGHWAYS,NHAI,KARNATAKA,2021-09-01,2023-04-01,2024-12-01,912.37,424.16,330.84,98.19,,2024-12-01,,,transitional,139
2024-10-01,N24001684,696,4L OF CHANNARAYAPATNA BYPASS AND HASSAN BYPASS WITH STRUCTURES IN DEVIHALLI - HASSAN SECTION,ROAD TRANSPORT AND HIGHWAYS,NHAI,KARNATAKA,2020-09-01,2023-01-01,2025-05-01,688,688,474.14,75.59,602.09,2020-09-01,,,transitional,139
2024-10-01,N24001686,697,FOUR LANING OF BANAVARA TO BETTADAHALLI SECTION FROM KM. 119+790 (DESIGN KM. 121+900) TO KM. 166+100,ROAD TRANSPORT AND HIGHWAYS,NHAI,KARNATAKA,2021-03-01,2023-03-01,2025-01-01,1065.06,1444.5,158.7,88.96,1444.5,2025-01-01,,,transitional,139
2024-10-01,N24001687,698,FOUR LANING OF BETTADAHALLI TO SRIRAMPURA SECTION FROM KM. 166+100 (DESIGN KM. 170+415) TO KM. 217+0,ROAD TRANSPORT AND HIGHWAYS,NHAI,KARNATAKA,2021-10-01,2023-10-01,2025-03-01,1331.77,2082.98,337.71,69.02,2082.98,2025-03-01,,,transitional,139
2024-10-01,N24001691,699,FOUR LANING OF KARADI TO BANAVARA SECTION FROM KM. 66+540 (DESIGN KM. 65+195) TO KM. 119+790 (DESIGN,ROAD TRANSPORT AND HIGHWAYS,NHAI,KARNATAKA,2019-10-01,2021-10-01,2025-01-01,1225.24,1505.85,78.09,93.65,1505.85,2025-01-01,,,transitional,140
2024-10-01,N24001936,700,BALANCE WORK OF CONTSRUCTION OF TWO/FOUR LANE WITH PAVED SHOULDER FROM KM. 54.370 TO KM. 101.400 (BI,ROAD TRANSPORT AND HIGHWAYS,MoRTH,KARNATAKA,2021-03-01,2023-03-01,2024-07-01,344.79,344.79,10,90,,2024-07-01,,,transitional,140
2024-10-01,N24001937,701,BALANCE WORK OF REHABILITATION AND UPGRADING TO 2LANE/2LANE WITH PAVED SHOULDER CONFIGURATION AND ST,ROAD TRANSPORT AND HIGHWAYS,MoRTH,KARNATAKA,2023-02-01,2024-02-01,2025-02-01,398.48,398.48,5,50,,2025-02-01,,,transitional,140
2024-10-01,N24001938,702,"CONSTRUCTION OF ELEVATED CORRIDOR FROM KM. 135.650 TO 136.300 ON 63, FROM KM. 249 TO KM. 250.050 ON",ROAD TRANSPORT AND HIGHWAYS,MoRTH,KARNATAKA,2021-06-01,2024-06-01,2025-06-01,298,298,10.7,52,,2025-06-01,,,transitional,140
2024-10-01,N24001940,703,WIDENING TO 2 LANE WITH PAVED SHOULDERS FROM DESIGN KM 103.200 (EXISTING KM 103.200) TO DESIGN KM 11,ROAD TRANSPORT AND HIGHWAYS,MoRTH,KARNATAKA,2023-01-01,2026-01-01,2025-09-01,166.58,166.58,3.54,0,,2025-09-01,,,transitional,140
2024-10-01,N24001941,704,WIDENING TO 4 LANE FROM KM. 133.00 TO 158.04 (DESIGN CHAINAGE KM. 130.88 TO 155.145) (SHIRUR CROSS T,ROAD TRANSPORT AND HIGHWAYS,MoRTH,KARNATAKA,2023-01-01,2025-01-01,2025-01-01,350.69,350.69,10,56,,2025-01-01,,,transitional,140
2024-10-01,N24001943,705,WIDENING TO TWO LANE WITH PAVED SHOULDERS FROM KM. 33.13 TO KM. 40.23 AND KM. 52.00 TO KM. 71.00 (EX,ROAD TRANSPORT AND HIGHWAYS,MoRTH,KARNATAKA,2022-09-01,2024-03-01,2025-01-01,172.98,172.98,6.48,65,,2025-01-01,,,transitional,140
2024-10-01,N24001944,706,WIDENING TO INTERMEDIATE/TWO LANE TO 2 LANE WITH PAVED SHOULDER FROM EXISTING CHANAGES KM 112.750 TO,ROAD TRANSPORT AND HIGHWAYS,MoRTH,KARNATAKA,2023-01-01,2024-06-01,2024-07-01,255.88,255.88,60.99,78,,2024-07-01,,,transitional,141
2024-10-01,N24001945,707,WIDENING TO 2 LANE WITH PAVED SHOULDERS FROM KM 116.800 TO 149.070(DESIGN CHANGES) ON HOSADURGA HOL,ROAD TRANSPORT AND HIGHWAYS,MoRTH,KARNATAKA,2022-08-01,2024-02-01,2024-12-01,170.34,170.34,4.25,72,,2024-12-01,,,transitional,141
2024-10-01,N24001946,708,"WIDENING TO 2 LANES WITH PAVED SHOULDERS FROM KM 24.400 TO 27.270, 40.500 TO 41.900, 84.300 TO 88.20",ROAD TRANSPORT AND HIGHWAYS,MoRTH,KARNATAKA,2022-11-01,2024-11-01,2024-11-01,218.93,218.93,10,95,,2024-11-01,,,transitional,141
2024-10-01,N24001947,709,WIDENING TO EXISTING 2 LANE WITH PAVED SHOULDER TO 4 LANE WITH PAVED SHOULDER FROM DESIGN KM 153.00,ROAD TRANSPORT AND HIGHWAYS,MoRTH,KARNATAKA,2023-02-01,2025-02-01,2025-02-01,177.94,177.94,6.66,47,,2025-02-01,,,transitional,141
2024-10-01,N24001948,710,WIDENING TO 4 LANE FROM KM 51.60 TO 76.20 (HEBRI TO PARKALA) AND FROM KM 85.20 TO 88.90 (KARAVALI JU,ROAD TRANSPORT AND HIGHWAYS,MoRTH,KARNATAKA,2022-10-01,2024-10-01,2024-12-01,355.72,355.72,11.32,60,,2024-12-01,,,transitional,141
2024-10-01,N24001989,711,FOUR LANING OF LEFT OVER WORKS OF HOSPET BELLARY KARNATAKA/ AP BORDER FROM KM.280.080 TO KM. 375.450,ROAD TRANSPORT AND HIGHWAYS,NHAI,KARNATAKA,2023-03-01,2025-05-01,2025-05-01,830.28,830.28,428.14,52.32,,,,,transitional,141
2024-10-01,N24001993,712,DEVELOPMENT OF 6 LANE ACCESS CONTROLLED GREENFIELD HIGHWAY FROM KM. 97.000 TO KM. 162.500 MARADGI S,ROAD TRANSPORT AND HIGHWAYS,NHAI,KARNATAKA,2022-12-01,2025-10-01,2025-10-01,1589,1589,400.5,44.55,,,,,transitional,142
2024-10-01,N24001994,713,4/6L OF BANGALORE - PUNE SECTION OF BYPASS CONNECTING DHARWAD - HUBLI FROM KM. 403.80 TO KM. 433.20,ROAD TRANSPORT AND HIGHWAYS,NHAI,KARNATAKA,2022-05-01,2023-03-01,2025-09-01,1135.39,1135.39,231.38,44.71,,,,,transitional,142
2024-10-01,N24002011,714,BALANCE WORK OF CONSTRUCTION OF TWO/FOUR LANE WITH PAVED SHOULDER FROM KM 422.000 TO 523.600 ( CHITR,ROAD TRANSPORT AND HIGHWAYS,MoRTH,KARNATAKA,2021-12-01,2024-06-01,2024-12-01,516.96,516.96,19.93,70,,2024-12-01,,,transitional,142
2024-10-01,N24002012,715,WIDENING TO TWO LANE WITH PAVED SHOULDERS FROM KM 40.00 TO KM 75.00 (EXISTING CHAINAGES) OF MANGALOR,ROAD TRANSPORT AND HIGHWAYS,MoRTH,KARNATAKA,2023-03-01,2025-03-01,2025-03-01,718.52,718.52,24.81,23,,2025-03-01,,,transitional,142
2024-10-01,N24002013,716,CONSTRUCTION OF TWO LANE WITH PAVED SHOULDER FROM KM.0 TO KM. 80 ON NH 548B (VIJAYAPURA-SANKESWAR SE,ROAD TRANSPORT AND HIGHWAYS,MoRTH,KARNATAKA,2021-03-01,2022-02-01,2024-10-01,766.64,766.64,13.55,75,,2024-10-01,,,transitional,142
2024-10-01,N24002186,717,WIDENING TO 2 LANE WITH PAVED SHOULDERS FROM DESIGN KM 103.200 (EXISTING KM 103.200) TO DESIGN KM 11,ROAD TRANSPORT AND HIGHWAYS,MoRTH,KARNATAKA,2024-03-01,2025-09-01,2025-09-01,166.58,166.58,3.62,0,,,,,transitional,142
2024-10-01,N24002187,718,CONSTRUCTION OF 2 LANE WITH PAVED SHOULDER FROM KM 55.6 TO KM 90.7 (EXISTING CHAINAGES) OF NH-766C (,ROAD TRANSPORT AND HIGHWAYS,MoRTH,KARNATAKA,2024-02-01,2026-02-01,2026-02-01,313.56,313.56,53.65,0,,,,,transitional,142
2024-10-01,N24002188,719,WIDENING TO 2L+PS FROM KM 71.00 TO 104.00 (EXISTING CHAINAGES) (SARJAPUR TO PATTADKALLU) ON BHANAPUR,ROAD TRANSPORT AND HIGHWAYS,MoRTH,KARNATAKA,2024-03-01,2026-03-01,2026-03-01,445.62,445.62,33.24,0,,,,,transitional,143
2024-10-01,N24002189,720,WIDENING TO TWO LANE WITH PAVED SHOULDERS FROM KM 0.00 (DESIGN CHAINAGE 0.00) TO KM 23.338 (DESIGN C,ROAD TRANSPORT AND HIGHWAYS,MoRTH,KARNATAKA,2024-09-01,2026-03-01,2026-03-01,196.05,196.05,2.34,0,,,,,transitional,143
2024-10-01,N28000058,721,BANGALORE METRO RAIL PROJECT PHASE-2,URBAN DEVELOPMENT,BMRCL,KARNATAKA,2014-02-01,2021-02-01,2025-03-01,26405.14,26405.14,20936.29,89,,,,,transitional,143
2024-10-01,N28000151,722,BANGALORE METRO RAIL PROJECT LIMITED. PHASE. 2A AND 2B,URBAN DEVELOPMENT,BMRCL,KARNATAKA,2021-06-01,2026-06-01,2026-06-01,14788.1,14788.1,2424.04,30,,,,,transitional,143
2024-10-01,N04000111,723,CALICUT AIRPORT - DEVELOPMENT OF ADDITIONAL RESA ON EITHER END ON RUNWAY 10-28 AT CALICUT AIRPORT,CIVIL AVIATION,AAI,KERALA,2023-06-01,2025-09-01,2025-09-01,323.98,323.98,0,3,,,,,transitional,143
2024-10-01,N28000140,724,"C/O PERMANENT CAMPUS OF IIT PALAKKAD PHASE IA AT PUDESSERY VILLAGE,KANJIKODE WEST, DISTRICT PALAKKA",DEPARTMENT OF HIGHER EDUCATION,CPWD EDUCATION,KERALA,2019-07-01,2021-03-01,2025-11-01,753.63,753.63,412.37,66,,2023-03-01,,,transitional,143
2024-10-01,N28000112,725,C/O NEW HOSPITAL BLOCK FOR SREE CHITRA TIRUNAL INSTITIUTE OF MEDICAL SCIENCE AND TECHNOLOGY (SCTIMST,HEALTH AND FAMILY WELFARE,CPWD FOR HEALTH,KERALA,2017-09-01,2020-03-01,2024-09-01,150.29,162,149.49,100,,2024-05-01,,,transitional,143
2024-10-01,N16000508,726,REPLACEMENT AND EXTENSION OF JETTY PIPELINES AT KOCHI REFINERY,PETROLEUM,BPCL,KERALA,2023-03-01,2026-03-01,2026-03-01,621.87,621.87,101.3,65.3,,,,,transitional,144
2024-10-01,N16000530,727,SETTING UP POLYPROPYLENE UNIT AT KOCHI REFINERY,PETROLEUM,BPCL,KERALA,2023-12-01,2027-10-01,2027-10-01,4460,4460,71.31,5.1,,,,,transitional,144
2024-10-01,N22000399,728,TRIVANDRUM-KANYAKUMARI DOUBLING,RAILWAYS,SR,KERALA,2015-02-01,,2026-12-01,1431.9,3785.45,3097.41,40,3785.45,2026-12-01,,,transitional,144
2024-10-01,N22000619,729,ERNAKULAM-KUMBALAM - PATCH DOUBLING (7.71 KM),RAILWAYS,SR,KERALA,2010-12-01,2028-03-01,2026-11-01,600.82,595.39,270.57,5,595.39,2026-11-01,,,transitional,144
2024-10-01,N22000620,730,KUMBALAM-THURAVUR - PATCH DOUBLING (15.59 KM),RAILWAYS,SR,KERALA,2011-12-01,2023-08-01,2026-12-01,812.85,802.8,258.69,2,802.8,2026-12-01,,,transitional,144
2024-10-01,N24000704,731,4-LANNING OF THALSERRY -MAHE BYPASS,ROAD TRANSPORT AND HIGHWAYS,NHAI,KERALA,2017-09-01,2020-05-01,2024-02-01,1124.11,1573.18,1522.66,100,1573.18,2023-11-01,,,transitional,144
2024-10-01,N24000784,732,6-LANING OF KOZHIKODE BYPASS (CALICUT BYPASS) (I.E. VENGALAM JN. TO RAMANATTUKARA JN.) SECTION OF NH,ROAD TRANSPORT AND HIGHWAYS,NHAI,KERALA,2018-02-01,2023-02-01,2025-03-01,1424.77,2065.95,778.68,78.35,2065.95,2024-12-01,,,transitional,144
2024-10-01,N24001369,733,WIDENING TO 2 LANES WITH PAVED SHOULDERS FROM KM.87/000 TO 133/720 (NATTUKAL TO THANAU JN. IN PALAKK,ROAD TRANSPORT AND HIGHWAYS,MoRTH,KERALA,2017-02-01,2017-08-01,2024-08-01,294.28,296.53,285.47,98,296.53,2022-03-01,,,transitional,144
2024-10-01,N24001370,734,WIDENING TO 2-LANE WITH PAVED SHOULDERS FROM KM 119/017 TO KM 161/300 ON NH 85 (OLD NH 49),ROAD TRANSPORT AND HIGHWAYS,MoRTH,KERALA,2017-02-01,2017-09-01,2024-08-01,380.76,372.87,337.83,100,372.87,2023-01-01,,,transitional,144
2024-10-01,N24001648,735,CONSTRUCTION OF 6 LANE ELEVATED CORRIDOR ALONG WITH DEVELOPMENT OF EXISTING 4 LANE ROAD AT GROUND LE,ROAD TRANSPORT AND HIGHWAYS,NHAI,KERALA,2022-08-01,2026-01-01,2026-01-01,2429.52,2429.52,617.95,38.98,,,,,transitional,145
2024-10-01,N24001649,736,SIX LANING OF PARAVOOR(DESIGN KM. 417+000) TO KOTTUKULANGARA(DESIGN KM. 454+500) SECTION OF NEW NH-6,ROAD TRANSPORT AND HIGHWAYS,NHAI,KERALA,2021-12-01,2025-02-01,2025-02-01,3273.61,3273.61,468.6,46.3,,2025-02-01,,,transitional,145
2024-10-01,N24001650,737,SIX LANING OF KADAMBATTUKONAM TO KAZHAKKOOTTAM SECTION OF NH- 66(OLD NH-47) FROM KM. 517+250 TO KM.54,ROAD TRANSPORT AND HIGHWAYS,NHAI,KERALA,2021-12-01,2025-01-01,2025-08-01,3635.64,3635.64,280.92,36.8,,2025-08-01,,,transitional,145
2024-10-01,N24001651,738,SIX LANING OF THURAVOOR (DESIGN KM. 378+612) TO PARAVOOR (DESIGN KM.417+000) SECTION OF NEW NH-66 (O,ROAD TRANSPORT AND HIGHWAYS,NHAI,KERALA,2021-09-01,2024-09-01,2024-09-01,2878.97,2878.97,346.36,27.04,,2026-03-01,,,transitional,145
2024-10-01,N24001652,739,6L MINOR BRIDGE (PALOLI PALAM) AT KM. 203.160 and MAJOR BRIDGE (MORAD) AT KM. 204.895 AND ALLIED WOR,ROAD TRANSPORT AND HIGHWAYS,NHAI,KERALA,2020-03-01,2022-06-01,2024-06-01,210.37,216.94,198.1,100,216.94,2024-02-01,,,transitional,145
2024-10-01,N24001653,740,SIX LANING FROM KODUNGALLUR TO EDAPALLY SECTION OF NH ?66 (OLD NH-17) FROM DESIGN CHAINAGE 397+750 (,ROAD TRANSPORT AND HIGHWAYS,NHAI,KERALA,2021-11-01,2025-04-01,2025-04-01,3565.82,3064.11,1910.24,43.89,,,,,transitional,145
2024-10-01,N24001654,741,SIX LANING OF START OF KOLLAM BYPASS (KM.486+000) KADAMBATTUKONAM (KM.517+250) SECTION OF NEW NH-66,ROAD TRANSPORT AND HIGHWAYS,NHAI,KERALA,2021-06-01,2025-03-01,2025-02-01,2641.37,2641.37,450.72,56.62,,2025-02-01,,,transitional,146
2024-10-01,N24001655,742,SIX LANING FROM KAPPIRIKKAD TO THALIKULAM SECTION OF NH ? 66 (OLD NH-17) FROM DESIGN CH. 335+850 (EX,ROAD TRANSPORT AND HIGHWAYS,NHAI,KERALA,2021-06-01,2025-02-01,2025-11-01,3606,3946.56,3033.98,55.34,3946.56,,,,transitional,146
2024-10-01,N24001656,743,SIX LANING FROM THALIKULAM TO KODUNGALLUR SECTION OF NH ? 66 (OLD NH-17) FROM DESIGN CH.369+015 (EX.,ROAD TRANSPORT AND HIGHWAYS,NHAI,KERALA,2021-06-01,2025-03-01,2025-12-01,2595,4009.57,2917.21,47.81,,,,,transitional,146
2024-10-01,N24001657,744,SIX LANING OF KOTTUKULANGARA (DESIGN KM. 454+500) TO START OF KOLLAM BYPASS (DESIGN KM. 486+000) SEC,ROAD TRANSPORT AND HIGHWAYS,NHAI,KERALA,2021-06-01,2024-10-01,2025-12-01,2842.14,2842.14,463.03,58.12,,2025-12-01,,,transitional,146
2024-10-01,N24001658,745,SIX LANING OF RAMANATTUKARA JUNCTION TO START OF VALANCHERY BYPASS SECTION OF NH-66 (OLD NH-17) FROM,ROAD TRANSPORT AND HIGHWAYS,NHAI,KERALA,2021-01-01,2024-07-01,2025-03-01,4265.42,4728.4,3365.33,86.17,,2025-03-01,,,transitional,146
2024-10-01,N24001659,746,SIX LANING FROM START OF VALANCHERY BYPASS TO KAPPIRIKKAD-SECTION OF NH- 66(OLD NH-17) FROM DESIGN CH,ROAD TRANSPORT AND HIGHWAYS,NHAI,KERALA,2021-02-01,2024-07-01,2025-03-01,3375.31,3824.07,2240.35,85.5,3824.07,2025-03-01,,,transitional,146
2024-10-01,N24001660,747,SIX LANING OF THALIPARAMBHA- MUZHAPILANGAD SECTION FROM KM 137.900 TO KM. 170.600 OF NH- 17 (NEW NH,ROAD TRANSPORT AND HIGHWAYS,NHAI,KERALA,2020-08-01,2024-02-01,2025-12-01,2714.6,2714.6,1774.87,61.2,3319.41,2021-11-01,,,transitional,147
2024-10-01,N24001661,748,6L OF AZHIYUR-VENGALAM FROM KM. 189.200 TO KM. 230.400 OF NH- 66,ROAD TRANSPORT AND HIGHWAYS,NHAI,KERALA,2020-10-01,2024-04-01,2025-12-01,3219.47,3713.14,2079.48,48.3,3713.14,2025-05-01,,,transitional,147
2024-10-01,N24001662,749,SIX LANING OF KT/KL BORDER (THALAPPDY) TO CHENGALA SECTION OF NH17 (NEW NH-66) FROM CH. 17.200 TO CH,ROAD TRANSPORT AND HIGHWAYS,NHAI,KERALA,2020-05-01,2024-05-01,2025-03-01,1981.07,1981.07,1368.63,77.02,2467.68,2021-11-01,,,transitional,147
2024-10-01,N24001663,750,SIX LANING OF NEELESHWARAM TO THALIPARAMBHA SECTION FROM CH. 94+540 (EXISTING KM 96+450) TO CH. 134+,ROAD TRANSPORT AND HIGHWAYS,NHAI,KERALA,2020-06-01,2024-04-01,2025-12-01,3041.65,3041.65,2156.43,54.5,3799.76,2021-10-01,,,transitional,147
2024-10-01,N24001664,751,SIX LANING OF CHENGALA TO NEELESHWARAM SECTION OF NH- 17 (NEW NH-66) FROM CH. 56+200 (EXISTING KM 57+,ROAD TRANSPORT AND HIGHWAYS,NHAI,KERALA,2020-06-01,2024-04-01,2025-11-01,1746.45,1746.45,1125.92,60.1,2377.88,2021-10-01,,,transitional,147
2024-10-01,N24002074,752,WIDENING/DEVELOPMENT OF EXISTING NH-85 FROM KM 0.000 TO KM 124.636 SECTION TO 2L/@L+PS SECTION IN TH,ROAD TRANSPORT AND HIGHWAYS,NHAI,KERALA,2022-08-01,2025-06-01,2025-06-01,1231.74,1231.74,112.4,19.4,,,,,transitional,147
2024-10-01,N28000081,753,KOCHI METRO RAIL PROJECT,URBAN DEVELOPMENT,KMRCL,KERALA,2012-07-01,2017-07-01,2020-09-01,5181.79,6218.14,6059.17,100,,2020-09-01,,,transitional,147
2024-10-01,N28000158,754,KOCHI METRO RAIL PROJECT PHASE II FROM JLN STADIUM TO INFOPARK VIA KAKKANAD,URBAN DEVELOPMENT,KMRCL,KERALA,2018-07-01,2026-11-01,2026-11-01,1957.05,1957.05,2.81,0,,,,,transitional,147
2024-10-01,N28000159,755,KOCHI METRO RAIL PROJECT PHASE IB SECTION FROM S N JUNCTION TO THRIPUNITHURA,URBAN DEVELOPMENT,KMRCL,KERALA,2019-06-01,2023-09-01,2023-09-01,355.7,448.33,1.64,0,448,,,,transitional,148
2024-10-01,N04000078,756,CONSTRUCTION OF TERMINAL BUILDING AND ASSOCIATED WORKS AT LEH AIRPORT,CIVIL AVIATION,AAI,LADAKH,2018-07-01,2021-09-01,2025-10-01,480.33,640,377.61,61.31,,2024-10-01,,,transitional,148
2024-10-01,N24001343,757,KARGIL-ZANSKR PACKAGE-1,ROAD TRANSPORT AND HIGHWAYS,NHIDCL,LADAKH,2021-03-01,2023-01-01,2025-10-01,384.23,384.23,115.95,58.5,,2024-12-01,,,transitional,148
2024-10-01,N24001344,758,KARGIL-ZANSKR PACKAGE-2,ROAD TRANSPORT AND HIGHWAYS,NHIDCL,LADAKH,2021-03-01,2023-01-01,2025-10-01,404.89,404.89,156.11,60.05,,2023-11-01,,,transitional,148
2024-10-01,N24001345,759,KARGIL-ZANSKR PACKAGE-3,ROAD TRANSPORT AND HIGHWAYS,NHIDCL,LADAKH,2020-08-01,2023-01-01,2024-11-01,381.01,381.01,181.54,70.86,,2024-06-01,,,transitional,148
2024-10-01,N24001348,760,KARGIL-ZANSKR PACKAGE-8,ROAD TRANSPORT AND HIGHWAYS,NHIDCL,LADAKH,2021-03-01,2023-01-01,2024-11-01,398.37,398.37,204.79,82.11,,2024-08-01,,,transitional,148
2024-10-01,N24001999,761,CONSTRUCTION OF REALIGNMENT BETWEEN PANDRASS- PASHKYUN (TOTAL LENGTH 27.10 KM) ON ROAD ZOZILA-KARGIL,ROAD TRANSPORT AND HIGHWAYS,BRO,LADAKH,2021-11-01,2025-06-01,2025-06-01,426.14,426.14,76.75,37,,,,,transitional,148
2024-10-01,N04000087,762,UPGRADATION OF JABALPUR AIRPORT,CIVIL AVIATION,AAI,MADHYA PRADESH,2016-06-01,2021-06-01,2024-07-01,412.24,412.24,401.34,100,,,,,transitional,148
2024-10-01,N04000098,763,DEVELOPMENT OF GWALIOR AIRPORT PHASE 01,CIVIL AVIATION,AAI,MADHYA PRADESH,2021-10-01,2023-08-01,2024-08-01,446.12,446.12,431.65,100,,2024-06-01,,,transitional,148
2024-10-01,N06000125,764,KANCHAN OC EXPANSION,COAL,SECL,MADHYA PRADESH,2014-12-01,2021-03-01,2026-03-01,371.04,371.04,134.03,47,,2026-03-01,,,transitional,148
2024-10-01,N06000148,765,AMADAND OPENCAST EXPANSION PROJECT,COAL,SECL,MADHYA PRADESH,2016-03-01,2021-03-01,2027-03-01,869.44,869.44,250.82,64,,2027-03-01,,,transitional,148
2024-10-01,N06000162,766,DUDHICHUA EXPANSION OCP (10 TO 20 MTPA),COAL,NCL,MADHYA PRADESH,2017-11-01,2022-03-01,2025-03-01,1255.17,1255.17,1236.92,97.14,,,,,transitional,149
2024-10-01,N06000183,767,GANDHIGRAM UG MINE,COAL,WCL,MADHYA PRADESH,2019-08-01,2026-03-01,2026-03-01,414.16,414.16,24.98,28,,,,,transitional,149
2024-10-01,N06000184,768,BLOCK-B EXPANSION OPENCAST PROJECT,COAL,NCL,MADHYA PRADESH,2019-07-01,2023-03-01,2025-03-01,998.71,998.71,375.01,26.84,,,,,transitional,149
2024-10-01,N06000196,769,NIGAHI EXPANSION OCP (15 TO 25 MTPA),COAL,NCL,MADHYA PRADESH,2020-11-01,2025-03-01,2025-03-01,1729.68,1729.68,659.12,41.1,,,,,transitional,149
2024-10-01,N06000233,770,RAMPUR BATURA OC (4.0 MTY),COAL,SECL,MADHYA PRADESH,2019-07-01,2026-03-01,2026-03-01,1248.93,1248.93,472.39,44,,,,,transitional,149
2024-10-01,N06000250,771,TAWA III UG MINE,COAL,WCL,MADHYA PRADESH,2021-12-01,2027-03-01,2027-03-01,324.25,324.25,12.32,9,,,,,transitional,149
2024-10-01,N06000257,772,AMALGAMATED DHANKASA JAMUNIA UG (1.84 MTY),COAL,WCL,MADHYA PRADESH,2022-09-01,2027-03-01,2027-03-01,497.01,497.01,160.98,42,,,,,transitional,149
2024-10-01,N06000260,773,VISHNUPURI UG TO OC,COAL,WCL,MADHYA PRADESH,2022-11-01,2029-03-01,2029-03-01,227.65,227.65,7.02,7,,,,,transitional,149
2024-10-01,N06000265,774,URDHAN OC,COAL,WCL,MADHYA PRADESH,2022-07-01,2031-03-01,2031-03-01,228.42,228.42,27.67,9,,,,,transitional,149
2024-10-01,N06000266,775,SHARDA UG,COAL,WCL,MADHYA PRADESH,2022-07-01,2028-03-01,2028-03-01,200.16,200.16,34.4,11,,,,,transitional,149
2024-10-01,N16000518,776,ETHYLENE CRACKER PROJECT AT BINA REFINERY INCLUDING DOWNSTREAM PETROCHEMICAL PLANTS AND EXPANSION OF,PETROLEUM,BPCL,MADHYA PRADESH,2023-05-01,2028-05-01,2028-05-01,43367,43367,808,6.8,,,,,transitional,149
2024-10-01,N18000348,777,SHAJAPUR 325MW SOLAR PV PROJECT,POWER,NTPC,MADHYA PRADESH,2022-06-01,2024-03-01,2025-03-01,1530.49,1530.49,1129.94,70,,,,,transitional,149
2024-10-01,N18000392,778,TS FOR EVACUATION POWER RAJASTHAN REZ PH-IV (PART- 2:5.5GW) (JAISALMER/BARMER COMPLEX): PART-C,POWER,PGCIL,MADHYA PRADESH,2024-08-01,2026-08-01,2026-08-01,2708,2708,0,0,,,,,transitional,150
2024-10-01,220100314,779,"RAMGANJMUNDI-BHOPAL (NL),WCR",RAILWAYS,WCR,MADHYA PRADESH,2001-04-01,2021-03-01,2025-12-01,424.6,5125.16,3137.92,68,3032.46,2025-12-01,,,transitional,150
2024-10-01,N22000120,780,RATLAM-MHOW-KHANDWA-AKOLA (GC),RAILWAYS,WR,MADHYA PRADESH,2008-04-01,2022-03-01,2027-02-01,3503.69,6203.51,3937.49,80,5677.8,2027-02-01,,,transitional,150
2024-10-01,N22000351,781,KATNI - SINGRAULI DOUBLING PROJECT,RAILWAYS,WCR,MADHYA PRADESH,2015-12-01,2020-03-01,2024-10-01,1763.93,2445.3,2857.25,100,,,,,transitional,150
2024-10-01,N22000416,782,KATNI GRADE SEPARATOR/BYE PASS,RAILWAYS,WCR,MADHYA PRADESH,2016-08-01,2022-03-01,2024-09-01,582.13,1247.64,1180.23,75,,,,,transitional,150
2024-10-01,N22000485,783,ANUPPUR-KATNI,RAILWAYS,SECR,MADHYA PRADESH,2015-04-01,2021-12-01,2024-12-01,1370,2311.02,1660.04,74,1680,2023-12-01,,,transitional,150
2024-10-01,N22000503,784,NIMACH BADI SADRI NEW LINE PROJECT,RAILWAYS,WR,MADHYA PRADESH,2017-04-01,2022-03-01,2026-03-01,495.18,495.18,181.72,10,,,,,transitional,150
2024-10-01,N22000536,785,NIMACH-RATLAM (133 KM),RAILWAYS,WR,MADHYA PRADESH,2021-10-01,2027-10-01,2025-03-01,910,1095.88,795.26,87,1095.88,2025-03-01,,,transitional,150
2024-10-01,N22000554,786,SATNA - REWA (50 KM),RAILWAYS,WCR,MADHYA PRADESH,2015-11-01,2026-03-01,2026-03-01,500,500,1.41,80,40,,,,transitional,150
2024-10-01,N22000601,787,INDORE BUDNI (INDORE JABALPUR),RAILWAYS,RVNL,MADHYA PRADESH,2018-09-01,2030-09-01,2030-09-01,4340,7393.75,1004.86,0,,,,,transitional,150
2024-10-01,N24000513,788,UMARIYA TO SHAHDOL SECTION OF NH-78 IN MADYA PRADESH KM 68/4 TO 142/200,ROAD TRANSPORT AND HIGHWAYS,MoRTH,MADHYA PRADESH,2015-03-01,2017-08-01,2024-12-01,511.83,511.83,485.18,93.06,,2023-12-01,,,transitional,150
2024-10-01,N24000709,789,BALANCE WORK FOR FOUR LANING OF ITARSI TO BETUL SECTION OF NH69 FROM KM 63.000 TO KM 137.00 (DESIGN,ROAD TRANSPORT AND HIGHWAYS,NHAI,MADHYA PRADESH,2017-12-01,2020-02-01,2024-09-01,950.27,786.43,627.68,98.44,,2024-09-01,,,transitional,151
2024-10-01,N24000892,790,2L+PS OF THIKRI ANJAD SECTION OF NH-347B,ROAD TRANSPORT AND HIGHWAYS,MoRTH,MADHYA PRADESH,2017-11-01,2018-07-01,2023-09-01,249.05,249.05,221.19,100,,,,,transitional,151
2024-10-01,N24001614,791,4LBERKHEDI TO GODPEHRA NH-44,ROAD TRANSPORT AND HIGHWAYS,NHAI,MADHYA PRADESH,2022-02-01,2024-11-01,2024-11-01,524.84,524.84,2152.44,35,,,,,transitional,151
2024-10-01,N24001615,792,4L OF SAGAR - MOHARI FROM KM.8 TO KM.50 (PKG-I),ROAD TRANSPORT AND HIGHWAYS,NHAI,MADHYA PRADESH,2021-03-01,2024-04-01,2024-08-01,790.78,790.78,1450.94,46,,2024-05-01,,,transitional,151
2024-10-01,N24001616,793,2L PS OF SATNA - MAIHAR SECTION OF NH-135BG FROM KM 80.800 TO KM 120.125,ROAD TRANSPORT AND HIGHWAYS,NHAI,MADHYA PRADESH,2021-01-01,2023-10-01,2024-12-01,428.04,428.04,351.2,98.89,,,,,transitional,151
2024-10-01,N24001618,794,KATNI BYPASS FROM KM. 359.50 TO KM. 378.50,ROAD TRANSPORT AND HIGHWAYS,NHAI,MADHYA PRADESH,2019-09-01,2022-09-01,2024-12-01,194.4,194.4,176.08,87.3,,,,,transitional,151
2024-10-01,N24001756,795,4L OF UJJAIN TO BADNAWAR FROM KM 26.900 TO KM 96.00 OF NH-752D,ROAD TRANSPORT AND HIGHWAYS,NHAI,MADHYA PRADESH,2020-10-01,2024-10-01,2025-01-01,1352.56,1480.94,832.87,94.35,,,,,transitional,151
2024-10-01,N24001758,796,4L OF SUHAGADI TO BARDIYA AMRA FROM KM. 89.200 TO KM. 135.351 OF NH-752D (PKG-III),ROAD TRANSPORT AND HIGHWAYS,NHAI,MADHYA PRADESH,2020-01-01,2024-10-01,2025-02-01,823.05,823.05,371.04,99.38,,,,,transitional,151
2024-10-01,N24001759,797,4L OF CHANDESARA TO KHEDAKHAJURIYA FROM KM. 0.000 TO (-) 750 AND KM 0.000 TO KM 41.400 OF NH-752D,ROAD TRANSPORT AND HIGHWAYS,NHAI,MADHYA PRADESH,2020-01-01,2024-06-01,2024-12-01,909.84,909.84,429.45,77.01,,2024-12-01,,,transitional,151
2024-10-01,N24001761,798,4L OF HARDA - BETUL (PKG-II) FROM KM. 30.00 TO KM.81.00 [TEMAGAON TO CHICHOLI],ROAD TRANSPORT AND HIGHWAYS,NHAI,MADHYA PRADESH,2023-02-01,2025-02-01,2025-02-01,520.28,520.28,369.21,95.11,,2025-02-01,,,transitional,152
2024-10-01,N24001762,799,INDORE - HARDA (PKG-III) [NANASA TO PIDGAON SECTION FROM KM 95.000 TO KM 142.445],ROAD TRANSPORT AND HIGHWAYS,NHAI,MADHYA PRADESH,2021-10-01,2024-01-01,2024-12-01,1146.22,1146.22,556.11,79.27,,2024-12-01,,,transitional,152
2024-10-01,N24001765,800,"ADDITIONAL WORKS (2VUPS, MR- 10 JUNCTION FLYOVER AND UNDERPASS) IN SIX LANE INDORE- DEWAS SECTION OF N",ROAD TRANSPORT AND HIGHWAYS,NHAI,MADHYA PRADESH,2022-08-01,2024-07-01,2025-05-01,207.77,207.77,46.09,34.51,,,,,transitional,152
2024-10-01,N24001766,801,INDORE - HARDA (PKG-I) [INDORE TO RAGHAV GARH FROM KM. 0.25 TO KM. 26.903],ROAD TRANSPORT AND HIGHWAYS,NHAI,MADHYA PRADESH,2022-01-01,2024-10-01,2025-05-01,1011.29,1011.29,153.9,33.67,,,,,transitional,152
2024-10-01,N24001767,802,4L OF INDORE - BOREGAON (PKG- III) [BALWARA TO DHANGAON] FROM KM. 42.260 TO KM. 82.660 OF NH347BG AND,ROAD TRANSPORT AND HIGHWAYS,NHAI,MADHYA PRADESH,2021-01-01,2024-04-01,2024-04-01,1001.69,1001.69,482.27,78,,,,,transitional,152
2024-10-01,N24001768,803,BALANCE WORK OF 4L OF INDORE- GUJARAT/MP BORDER FROM KM 106.210 TO KM 115.250 (START AND END POINT OF,ROAD TRANSPORT AND HIGHWAYS,NHAI,MADHYA PRADESH,2019-08-01,2023-04-01,2023-11-01,323.51,323.51,50.43,100,,,,,transitional,152
2024-10-01,N24001769,804,DHANGAON - BORGAON SECTION (KM 81.000 TO KM 139.000) [INDORE - EDLABAD PKG IV],ROAD TRANSPORT AND HIGHWAYS,NHAI,MADHYA PRADESH,2018-11-01,2023-08-01,2024-11-01,831,831,840.3,99.8,,2024-11-01,,,transitional,152
2024-10-01,N24001770,805,4L OF OBEDULLGANJ - BUDNI SECTION FROM KM. 8.400 TO KM. 20.700 IN RATANPANI WILDLIFE AREA OF NH - 69,ROAD TRANSPORT AND HIGHWAYS,NHAI,MADHYA PRADESH,2022-02-01,2024-03-01,2024-12-01,417.51,417.51,230.95,75.39,,2024-12-01,,,transitional,153
2024-10-01,N24001921,806,2- LANE WITH PAVED SHOULDERS OF HINOTIYA TO MEHULWA FROM DESIGN KM 27+000 9OF EXISTING SH-19 KM 26+5,ROAD TRANSPORT AND HIGHWAYS,NHAI,MADHYA PRADESH,2021-08-01,2025-09-01,2025-09-01,581.65,581.65,127.98,24.67,592.03,,,,transitional,153
2024-10-01,N24001962,807,"CONSTRUCTION OF MIHONA BYPASS, LAHAR BYPASS, DABOH BYPASS and BHANDER BYPASS (TOTAL LENGTH 20.60 KM)",ROAD TRANSPORT AND HIGHWAYS,MoRTH,MADHYA PRADESH,2022-03-01,2024-12-01,2024-12-01,179.19,179.19,75.91,60,,,,,transitional,153
2024-10-01,N24001963,808,UPGRADATION OF NASRULLAGANI- REHTI-BUDHNI SCCTION TO 2- LANE WITH PAVED SHOULDER FROM KM 0+150 TO KM,ROAD TRANSPORT AND HIGHWAYS,MoRTH,MADHYA PRADESH,2021-12-01,2024-10-01,2025-03-01,305.12,305.12,73.8,17.25,,,,,transitional,153
2024-10-01,N24001964,809,UPGRADATION and WIDENING OF JHARKHEDA- BERASIA - DHOLKHEDI FROM DESIGN KM 0+000 TO KM 87+900 (DESIGN,ROAD TRANSPORT AND HIGHWAYS,MoRTH,MADHYA PRADESH,2022-03-01,2025-05-01,2025-05-01,365.21,365.21,151.39,64,,,,,transitional,153
2024-10-01,N24001965,810,"REHABILITATION AND UPGRADATION OF KURWAI?MUNGAOLI?CHANDERI ROAD SECTION OF NH-346, FROM DESIGN CHAIN",ROAD TRANSPORT AND HIGHWAYS,MoRTH,MADHYA PRADESH,2022-03-01,2025-02-01,2025-02-01,386.49,386.49,103.75,32,,,,,transitional,153
2024-10-01,N24001966,811,BALANCE WORK FOR REHABILITATION AND UP- GRADATION OF SIDHI-SINGRAULI FROM KM 82.400 TO KM 187.993 SEC,ROAD TRANSPORT AND HIGHWAYS,MoRTH,MADHYA PRADESH,2020-12-01,2023-04-01,2024-12-01,529.44,529.44,165.6,45.69,,2023-05-01,,,transitional,154
2024-10-01,N24001967,812,4L GREENFIELD RUDHI TO DESHGAON (PKG V OF BETUL- KHANDWA/DESHGAON) - N/04015/06003/MP,ROAD TRANSPORT AND HIGHWAYS,NHAI,MADHYA PRADESH,2018-11-01,2025-10-01,2025-10-01,521.21,521.21,58.23,16.03,,,,,transitional,154
2024-10-01,N24002018,813,REHABILITATION AND UPGRADATION TO 2-LANE WITH PAVED SHOULDER CONFIGURATION OF JIRAPUR- SUSNER-MP-RJ B,ROAD TRANSPORT AND HIGHWAYS,MoRTH,MADHYA PRADESH,2022-01-01,2025-03-01,2025-03-01,239.72,232.22,129.45,80.71,232.22,,,,transitional,154
2024-10-01,N24002019,814,UPGRADATION OF DINDORI- SAGARTOLA-KABICHABUTRA (MP- CG BORDER) SECTION OF NH -45 FROM KM 0+00(DESIGN),ROAD TRANSPORT AND HIGHWAYS,MoRTH,MADHYA PRADESH,2022-01-01,2025-09-01,2025-09-01,329.14,319.09,111.42,23.5,319.09,,,,transitional,154
2024-10-01,N24002020,815,"CONSTRUCTION OF KAITHI- PADARIA KALA BYPASS, PATNA- TAMOLI BYPASS, JASO BYPASS , NAGOD BYPASS (TOTAL L",ROAD TRANSPORT AND HIGHWAYS,MoRTH,MADHYA PRADESH,2022-03-01,2025-10-01,2025-10-01,158.36,158.36,37.78,17,158,,,,transitional,154
2024-10-01,N24002067,816,BALANCE WORK OF 4L OF NAURADEHI SANCTUARY DE- SCOPED STRETCH OF HIRAN RIVER TO SINDOOR RIVER FROM KM.,ROAD TRANSPORT AND HIGHWAYS,NHAI,MADHYA PRADESH,2021-01-01,2023-07-01,2024-12-01,178.18,178.18,161.64,84.39,,,,,transitional,154
2024-10-01,N24002068,817,CONSTRUCTION OF 4-LANE FROM BARELA TO MANEGAON SECTION OF NH-30 FROM DESIGN CH. 2.900 TO DESIGN CH.,ROAD TRANSPORT AND HIGHWAYS,NHAI,MADHYA PRADESH,2022-12-01,2025-03-01,2025-03-01,652.33,652.33,253.55,50.95,,,,,transitional,155
2024-10-01,N24002069,818,CONSTRUCTION OF ADDITIONAL 3 LANE WITH PAVED SHOULDER (DESIGN LENGTH 8.87 KM) AS REALIGNMENT OF BAKA,ROAD TRANSPORT AND HIGHWAYS,NHAI,MADHYA PRADESH,2022-07-01,2024-12-01,2024-12-01,209.29,209.29,125.83,95.1,,,,,transitional,155
2024-10-01,N24002070,819,INDORE - EDLABAD (PKG-II) [TEJAJINAGAR TO BALWARA],ROAD TRANSPORT AND HIGHWAYS,NHAI,MADHYA PRADESH,2022-01-01,2025-01-01,2025-01-01,1162.8,1162.8,472.07,72.8,,,,,transitional,155
2024-10-01,N24002077,820,CONSTRUCTION OF (I) 4-LANE HIGHWAY FROM VIDISHA TO HINOTIYA FROM KM. 0.000 TO KM. 27.000 (LENGTH=27,ROAD TRANSPORT AND HIGHWAYS,NHAI,MADHYA PRADESH,2022-09-01,2025-12-01,2025-12-01,1000.63,1000.63,135.06,17.5,,,,,transitional,155
2024-10-01,N24002166,821,FOUR LANING OF RAGHOGARH (DESIGN CH.29.300/EXISTING CH. 29.555) TO NANASA (DESIGN CH.92.971/EXISTING,ROAD TRANSPORT AND HIGHWAYS,NHAI,MADHYA PRADESH,2024-03-01,2026-03-01,2026-03-01,799.2,799.2,195.31,10.04,,2026-03-01,,,transitional,155
2024-10-01,N38000001,822,CENTRE FOR DISABILITY SPORTS,SOCIAL JUSTICE,CPWD,MADHYA PRADESH,2019-02-01,2024-03-01,2024-03-01,170.99,170.99,73.8,74,,,,,transitional,155
2024-10-01,N28000124,823,BHOPAL METRO RAIL,URBAN DEVELOPMENT,MPMRCL,MADHYA PRADESH,2018-11-01,2023-02-01,2028-06-01,6941.4,6941.4,2474.71,32.68,,2028-06-01,,,transitional,155
2024-10-01,N28000125,824,INDORE METRO RAIL,URBAN DEVELOPMENT,MPMRCL,MADHYA PRADESH,2018-11-01,2023-02-01,2028-12-01,7500.8,7500.8,3244.68,48.19,,2028-12-01,,,transitional,155
2024-10-01,N04000079,825,"CONSTRUCTION OF NEW INTEGRATED TERMINAL BUILDING, RECONSTRUCTION OF OLD TERMINAL BUILDING, MODIFICAT",CIVIL AVIATION,AAI,MAHARASHT RA,2017-03-01,2021-04-01,2023-12-01,475.39,520,508.41,100,,,,,transitional,156
2024-10-01,N04000096,826,"EXTENSION OF RUNWAY WITH BLAST PAD, RESA, TAXIWAY, APRON, GSE AREA, ISOLATION BAY, NEW DOMESTIC TERM",CIVIL AVIATION,AAI,MAHARASHT RA,2017-06-01,2020-12-01,2024-04-01,255.68,270,267.86,100,,,,,transitional,156
2024-10-01,N06000132,827,AMALGAMATED YEKONA-I YEKONA- II,COAL,WCL,MAHARASHT RA,2015-08-01,2025-03-01,2025-03-01,727.28,727.28,534.87,86,,,,,transitional,156
2024-10-01,N06000179,828,UKNI DEEP OC,COAL,WCL,MAHARASHT RA,2018-11-01,2021-03-01,2025-03-01,318.14,318.14,253.27,91,,2025-03-01,,,transitional,156
2024-10-01,N06000180,829,BELLORA-NAIGAON DEEP OC,COAL,WCL,MAHARASHT RA,2018-11-01,2021-03-01,2025-03-01,252.71,252.71,122.94,56,,2025-03-01,,,transitional,156
2024-10-01,N06000205,830,GHONSA EXPANSION DEEP OC,COAL,WCL,MAHARASHT RA,2021-03-01,2028-03-01,2028-03-01,241.72,241.72,59.3,6,,,,,transitional,156
2024-10-01,N06000206,831,SASTI EXPANSION OC,COAL,WCL,MAHARASHT RA,2020-08-01,2026-03-01,2026-03-01,371.59,371.59,105.64,24,,,,,transitional,156
2024-10-01,N06000209,832,DHUPTALA OC(SASTI UG TO OC),COAL,WCL,MAHARASHT RA,2019-02-01,2028-03-01,2028-03-01,720.87,720.87,179.54,33,,,,,transitional,156
2024-10-01,N06000219,833,ADASA UG TO OC (1.50 MTY),COAL,WCL,MAHARASHT RA,2018-11-01,2024-03-01,2025-03-01,333.43,333.43,223.17,78,,2025-03-01,,,transitional,156
2024-10-01,N06000222,834,DINESH (MAKARDHOKDA-III) OC (8.0 MTY),COAL,WCL,MAHARASHT RA,2020-02-01,2027-03-01,2027-03-01,1184.33,1184.33,849.44,48,,,,,transitional,156
2024-10-01,N06000226,835,AMALGAMATED INDER-KAMPTEE DEEP OC (3.20 MTY),COAL,WCL,MAHARASHT RA,2018-09-01,2024-03-01,2025-03-01,313.34,313.34,205.45,87,,2025-03-01,,,transitional,156
2024-10-01,N06000231,836,MUNGOLI NIRGUDA EXTENSION (DEEP) OC,COAL,WCL,MAHARASHT RA,2020-11-01,2026-03-01,2026-03-01,826.8,826.8,518.85,52,,,,,transitional,157
2024-10-01,N06000251,837,SAONER UG MINE I EXPANSION,COAL,WCL,MAHARASHT RA,2022-01-01,2028-03-01,2028-03-01,253.51,253.51,111.68,27,,,,,transitional,157
2024-10-01,N06000252,838,SINGHORI DEEP OC,COAL,WCL,MAHARASHT RA,2022-05-01,2029-03-01,2029-03-01,421.84,421.84,115.89,16,,,,,transitional,157
2024-10-01,N06000253,839,MAKARDHOKDA I EXPANSION OC,COAL,WCL,MAHARASHT RA,2022-06-01,2026-03-01,2026-03-01,497.06,497.06,144.88,12,,,,,transitional,157
2024-10-01,N06000254,840,BHATADI EXPANSION OC,COAL,WCL,MAHARASHT RA,2020-02-01,2028-03-01,2028-03-01,729.86,729.86,159.12,17,,,,,transitional,157
2024-10-01,N06000255,841,NEW MAJARI UG TO OC (3.0 MTY),COAL,WCL,MAHARASHT RA,2019-05-01,2027-03-01,2027-03-01,496.38,496.38,143.72,27,,,,,transitional,157
2024-10-01,N06000256,842,BHANEGAON OC (1.15MTY),COAL,WCL,MAHARASHT RA,2022-09-01,2028-03-01,2028-03-01,494.6,494.6,99.87,7,,,,,transitional,157
2024-10-01,N06000264,843,GOKUL EXPANSION OC,COAL,WCL,MAHARASHT RA,2021-04-01,2026-03-01,2026-03-01,456.95,456.95,148.57,7,,,,,transitional,157
2024-10-01,N06000267,844,KOLGAON EXPANSION (DEEP) OC,COAL,WCL,MAHARASHT RA,2023-01-01,2027-03-01,2027-03-01,206.19,206.19,7.75,5,,,,,transitional,157
2024-10-01,N06000271,845,AMALGAMATED GAURI PAUNI EXPANSION OC,COAL,WCL,MAHARASHT RA,2024-03-01,2030-03-01,2030-03-01,1428.25,1428.25,203.03,17,,,,,transitional,157
2024-10-01,N06000278,846,GAURI CENTRAL OCM,COAL,WCL,MAHARASHT RA,2023-08-01,2030-03-01,2030-03-01,1015.07,1015.07,0,0,,,,,transitional,157
2024-10-01,N28000117,847,"CONSTRUCTION OF IITB RESEARCH PARK AT IIT BOMBAY, POWAI, MUMBAI",DEPARTMENT OF HIGHER EDUCATION,CPWD EDUCATION,MAHARASHT RA,2018-01-01,2020-07-01,2024-02-01,223.37,230,141.16,100,275,2023-11-01,,,transitional,157
2024-10-01,N21000033,848,500 BEDDED HOSPITAL INCLUDING 50 SUPERSPECIALITY BEDS FOR ESIC AT PUNE,HEALTH AND FAMILY WELFARE,CPWD,MAHARASHT RA,2022-07-01,2025-09-01,2025-09-01,429.25,429.25,27.16,0,,,,,transitional,158
2024-10-01,N16000213,849,LIFE EXTENSION OF WALL PLATFORMS OF MUMBAI HIGH AND HEERA FIELDS,PETROLEUM,ONGC,MAHARASHT RA,2015-12-01,2018-04-01,2026-05-01,3190.69,3375.9,2961.86,87.6,3375.9,2023-12-01,,,transitional,158
2024-10-01,N16000358,850,MUMBAI HIGH NORTH REDEVELOPMENT PHASE-IV,PETROLEUM,ONGC,MAHARASHT RA,2019-04-01,2022-03-01,2025-02-01,3228.8,3976.67,3948.68,98.9,3976.67,2024-06-01,,,transitional,158
2024-10-01,N16000430,851,SETTING UP 500KTPA PROPANE DEHYDROGENATION INTEGRATED WITH POLYPROPYLENE UNIT ALONG WITH OFFSITE AND,PETROLEUM,GAIL,MAHARASHT RA,2019-05-01,2025-04-01,2025-10-01,8797,11256,5169.05,75,11256,2025-10-01,,,transitional,158
2024-10-01,N16000436,852,PIPELINE REPLACEMENT PROJECT - VII,PETROLEUM,ONGC,MAHARASHT RA,2022-01-01,2024-05-01,2025-01-01,3183.58,3645.23,3417,99.1,,2025-01-01,,,transitional,158
2024-10-01,N16000442,853,DEBOTTLENECKING AND AUGMENTATION OF CRYOGENIC FACILITIES AT URAN LPG IMPORT TERMINAL,PETROLEUM,BPCL,MAHARASHT RA,2021-04-01,2024-06-01,2025-04-01,1164.69,1164.69,585.32,58.4,,,,,transitional,158
2024-10-01,N16000446,854,EXPANSION OF CRYOGENICS GROUP BY SETTING UP NEW MANUFACTURING FACILITY,PETROLEUM,IOCL,MAHARASHT RA,2021-09-01,2023-10-01,2024-05-01,378,378,120.07,39.08,,2024-05-01,,,transitional,158
2024-10-01,N16000452,855,CONSTRUCTION OF LUBE OIL BLENDING AND FILLING PLANT AT RASAYANI,PETROLEUM,BPCL,MAHARASHT RA,2022-05-01,2024-03-01,2024-09-01,423.39,423.39,181.3,65.5,,,,,transitional,158
2024-10-01,N16000456,856,ATF PIPELINE FROM JAWAHARLAL NEHRU PORT TRUST (JNPT) TO NAVI MUMBAI INTERNATIONAL AIRPORT (NMIA),PETROLEUM,IOCL,MAHARASHT RA,2022-09-01,2025-08-01,2025-08-01,165,165,52.95,52.16,,,,,transitional,159
2024-10-01,N16000470,857,DAMAN UPSIDE DEVELOPMENT PROJECT (DUDP) IN TAPTI DAMAN BLOCK,PETROLEUM,ONGC,MAHARASHT RA,2022-06-01,2025-10-01,2026-02-01,4144.41,6406.9,243.43,17.6,6406.9,,,,transitional,159
2024-10-01,N16000487,858,"CGD PROJECT AT BEED, JALGAON AND JALNA DISTRICTS",PETROLEUM,IOCL,MAHARASHT RA,2022-03-01,2030-03-01,2031-09-01,865,865,46.15,1.5,,,,,transitional,159
2024-10-01,N16000503,859,ANDHERI RESIDENTIAL TOWERS MUMBAI,PETROLEUM,IOCL,MAHARASHT RA,2017-06-01,2025-05-01,2025-05-01,281.35,281.35,86.75,42.4,,,,,transitional,159
2024-10-01,N16000504,860,CONSTRUCTION OF ADDITIONAL TANKAGES AND ALLIED FACILITIES AT JNPT TERMINAL,PETROLEUM,IOCL,MAHARASHT RA,2022-04-01,2024-10-01,2026-08-01,341.43,341.43,200.11,28.1,,2026-08-01,,,transitional,159
2024-10-01,N16000507,861,INSTALLATION OF INDEPENDENT DE- AROMATIZED SOLVENTS PRODUCTION FACILITIES AT MUMBAI REFINERY,PETROLEUM,BPCL,MAHARASHT RA,2023-03-01,2025-07-01,2025-07-01,405,405,67.43,56,,,,,transitional,159
2024-10-01,N16000515,862,PART REPLACEMENT PIPELINE PROJECT (PRPP),PETROLEUM,ONGC,MAHARASHT RA,2022-11-01,2024-05-01,2024-12-01,1219.48,1145.1,35.95,46.7,,2024-12-01,,,transitional,159
2024-10-01,N16000519,863,POL AND LOBS INSTALLATIONS WITH RECEIPT PIPELINES AT RASAYANI,PETROLEUM,BPCL,MAHARASHT RA,2023-05-01,2026-05-01,2026-05-01,2585,2585,127.63,33.8,,,,,transitional,159
2024-10-01,N16000526,864,MHN TCPP PGC BGC PROJECT (MTPBP),PETROLEUM,ONGC,MAHARASHT RA,2024-02-01,2026-05-01,2026-05-01,2329.45,2354.23,188.75,16.4,,,,,transitional,160
2024-10-01,N16000533,865,PRP-VIII GROUP B (NH AND BS ASSET),PETROLEUM,ONGC,MAHARASHT RA,2024-06-01,2026-05-01,2026-02-01,2379.84,2379.84,0,0,,,,,transitional,160
2024-10-01,N16000534,866,HP TDAE UNIT IN MUMBAI REFINERY,PETROLEUM,HPCL,MAHARASHT RA,2024-06-01,2026-04-01,2026-04-01,240,240,6.8,9.4,,,,,transitional,160
2024-10-01,N16000537,867,INTEGRATED DEVELOPMENT OF 4 CONTRACT AREAS UNDER DSF2,PETROLEUM,ONGC,MAHARASHT RA,2023-05-01,2027-04-01,2027-04-01,6183.79,6183.79,0,0,,,,,transitional,160
2024-10-01,N18000335,868,BIKANER SOLAR POWER PROJECT,POWER,SJVN,MAHARASHT RA,2022-04-01,2024-05-01,2025-07-01,5491.89,5491.89,2701.37,62,532,,,,transitional,160
2024-10-01,N18000377,869,TS FOR EVACUATION OF 7GW RE INJECTION AT KHAVDA PS UNDER PHASE-IV PART E4,POWER,PGCIL,MAHARASHT RA,2023-11-01,2025-07-01,2025-07-01,224,224,0,0,,,,,transitional,160
2024-10-01,220100181,870,AHMEDNAGAR-PARLI VAIJNATH(NL) CR,RAILWAYS,CR,MAHARASHT RA,1997-02-01,2021-03-01,2025-12-01,2271.5,4909.82,4397.13,89,,,,,transitional,160
2024-10-01,N22000092,871,MUMBAI URBAN TRANSPORT PROJECT PHASE-II,RAILWAYS,MRTP,MAHARASHT RA,2008-04-01,2014-03-01,2014-03-01,5300,918.53,7135.77,21,,,,,transitional,160
2024-10-01,N22000231,872,WARDHA-NANDED MAHARASHTRA,RAILWAYS,CR,MAHARASHT RA,2008-04-01,2023-03-01,2026-12-01,3168.29,3445.48,2797.79,47,,,,,transitional,160
2024-10-01,N22000233,873,KALYAN-KASARA 3RD LINE,RAILWAYS,CR,MAHARASHT RA,2011-04-01,2021-03-01,2025-12-01,792.89,1432.61,796.09,50,,,,,transitional,160
2024-10-01,N22000250,874,WARDHA-SEWAGRAM NGP 3RD LINE,RAILWAYS,CR,MAHARASHT RA,2012-04-01,2022-03-01,2025-05-01,540.02,540.02,655.76,72,,,,,transitional,160
2024-10-01,N22000356,875,WARDHA-BALHARSHAH - 3RD LINE (132 KM),RAILWAYS,CR,MAHARASHT RA,2015-02-01,2022-03-01,2025-08-01,1272.19,1384.72,1226.29,67,,,,,transitional,161
2024-10-01,N22000358,876,ITARSI-NAGPUR (BAL.) - 3RD LINE (267 KM),RAILWAYS,CR,MAHARASHT RA,2015-02-01,2023-03-01,2027-03-01,2449.91,2449.91,1466.41,42,,,,,transitional,161
2024-10-01,N22000359,877,PUNE-MIRAJ-LONDA (467 KM),RAILWAYS,CR,MAHARASHT RA,2015-02-01,2024-03-01,2025-01-01,3627.47,6463.49,4166.41,84,3627,,,,transitional,161
2024-10-01,N22000360,878,DAUND - MANMAD (236 KM),RAILWAYS,CR,MAHARASHT RA,2016-02-01,2023-03-01,2024-12-01,1876,2081.27,2361.34,87,,,,,transitional,161
2024-10-01,N22000361,879,MANMAD - JALGAON - 3RD LINE (160 KM),RAILWAYS,CR,MAHARASHT RA,2016-02-01,2022-03-01,2025-03-01,1035.16,1552.24,1405.99,75,,,,,transitional,161
2024-10-01,N22000362,880,WARDHA - NAGPUR - 4TH LINE (76 KM),RAILWAYS,CR,MAHARASHT RA,2016-02-01,2023-03-01,2025-05-01,637.95,637.95,816.61,70,,,,,transitional,161
2024-10-01,N22000420,881,RAJNANDGAON - NAGPUR - 3RD LINE (SECR),RAILWAYS,SECR,MAHARASHT RA,2016-09-01,2023-03-01,2025-12-01,1908.51,3544.25,2828.26,80,,,,,transitional,161
2024-10-01,N22000434,882,MUMBAI CENTRAL VIRAR VADODARA AHMEDABAAD TRAIN PROTECTION SYSTEM 500 RKM,RAILWAYS,WR,MAHARASHT RA,2010-03-01,,2024-03-01,265.88,311.36,0,0,,,,,transitional,161
2024-10-01,N22000480,883,WADSA-GADHCHIROLI NEW LINE (52.36 KM),RAILWAYS,SECR,MAHARASHT RA,2018-06-01,2021-12-01,2026-12-01,229,1886.05,511.88,22,,,,,transitional,161
2024-10-01,N22000511,884,PACHORA-JAMNER WITH EXTENSION UPTO MALKAPUR NG TO BG,RAILWAYS,CR,MAHARASHT RA,2022-08-01,2027-08-01,2029-03-01,955,2093.82,60.57,0,,,,,transitional,161
2024-10-01,N22000513,885,SOLAPUR-TULJAPUR-OSMANABAD (UMBRELLA WORK),RAILWAYS,CR,MAHARASHT RA,2019-01-01,2028-03-01,2027-10-01,904.92,3295.74,1026.38,5,,,,,transitional,161
2024-10-01,N22000514,886,DHULE (BORVIHIR)-NARDANA (UMBRELLA WORK),RAILWAYS,CR,MAHARASHT RA,2019-01-01,2026-03-01,2027-09-01,492.76,1102.5,151.37,5,,,,,transitional,162
2024-10-01,N22000515,887,KALYAN-MURBAD VIA ULHASNAGAR (UMBRELLA WORK),RAILWAYS,CR,MAHARASHT RA,2023-02-01,2027-03-01,2027-03-01,836.12,836.12,8.32,0,,,,,transitional,162
2024-10-01,N22000615,888,BARAMATI - LONAND,RAILWAYS,CR,MAHARASHT RA,1999-02-01,2027-03-01,2026-02-01,736.44,1843.9,569.32,50,,,,,transitional,162
2024-10-01,N22000627,889,MUMBAI URBAN TRANSPORT PROJECT IIIA,RAILWAYS,MRVC,MAHARASHT RA,2019-04-01,2025-03-01,2027-12-01,33690,33690,846.83,0,,,,,transitional,162
2024-10-01,N22000629,890,NAGPUR- NAGBHIR RAILWAY LINE GAUGE CONVERSION PROJECT,RAILWAYS,MRIDC,MAHARASHT RA,2019-10-01,2024-06-01,2024-06-01,1400,1400,0,77,,,,,transitional,162
2024-10-01,N24000332,891,REHABILITATION AND UPGRADATION OF END OF AHMEDNAGAR BYPASS TO KHARWANDI KASAR SECTION OF NH-222 FROM,ROAD TRANSPORT AND HIGHWAYS,MoRTH,MAHARASHT RA,2015-01-01,,,225.81,225.81,167.96,96,,,,,transitional,162
2024-10-01,N24000442,892,"CONSTRUCTION OF FLYOVER AT KM.544.650 INCLUDING ROB ,SERVICE ROADS ,FOOTPATH FOR RCC DRAINS ON URBAN",ROAD TRANSPORT AND HIGHWAYS,NHAI,MAHARASHT RA,2015-12-01,2019-03-01,2024-12-01,649.5,649.5,585.49,88.67,,2023-11-01,,,transitional,162
2024-10-01,N24000558,893,NAGPUR RING ROAD PACKAGE-1,ROAD TRANSPORT AND HIGHWAYS,NHAI,MAHARASHT RA,2016-03-01,2019-07-01,2024-09-01,546,546,528.35,100,,2023-07-01,,,transitional,162
2024-10-01,N24000560,894,NAGPUR RING ROAD PACKAGE-2,ROAD TRANSPORT AND HIGHWAYS,NHAI,MAHARASHT RA,2016-03-01,2019-07-01,2024-12-01,591.66,591.66,617.7,91.8,,2024-03-01,,,transitional,162
2024-10-01,N24000584,895,4-LANNING OF NH17 AND NEW NO. NH66 FROM KM 161/600 TO 205/400 UNDER HYBRID ANNUITY MODE,ROAD TRANSPORT AND HIGHWAYS,MoRTH,MAHARASHT RA,2016-03-01,,2023-12-01,1142.62,1142.62,1056.08,95.17,1907.03,,,,transitional,163
2024-10-01,N24000585,896,4-LANNING OF NH17 AND NEW NO. NH66 FROM KM 241/300 TO 281/300 UNDER HYBRID ANNUITY MODE,ROAD TRANSPORT AND HIGHWAYS,MoRTH,MAHARASHT RA,2016-03-01,,,1101.58,1101.58,608.53,0,,,,,transitional,163
2024-10-01,N24000655,897,CONSTRUCTION OF NEW 4-LANE BRIDGE ACROSS VARSOVA CREEK AND ITS APPROACHES WITH INTERCHANGE IN THE ST,ROAD TRANSPORT AND HIGHWAYS,NHAI,MAHARASHT RA,2017-03-01,2020-03-01,2024-11-01,247.02,157.49,91.81,98.9,,2024-11-01,,,transitional,163
2024-10-01,N24000656,898,4-LANNING OF BODHRE-DHULE SECTION(KM 390.000 TO 452.800),ROAD TRANSPORT AND HIGHWAYS,NHAI,MAHARASHT RA,2017-03-01,2020-03-01,2024-07-01,744.64,1007,380.66,74.89,,2022-07-01,,,transitional,163
2024-10-01,N24000659,899,4-LANNING OF WARANGA- MAHAGAON SECTION(KM 253.7000 TO 320.580),ROAD TRANSPORT AND HIGHWAYS,NHAI,MAHARASHT RA,2017-03-01,2017-03-01,2024-10-01,1059.73,1071,878.19,82.04,1071,2021-05-01,,,transitional,163
2024-10-01,N24000851,900,CONSTRUCTION OF 8 LANING OF EXISTING 4 LANE VADAPE TO THANE FROM KM 539.202 TO KM 563.000 SECTION OF,ROAD TRANSPORT AND HIGHWAYS,NHAI,MAHARASHT RA,2018-03-01,2021-07-01,2025-06-01,1162.92,1182.87,371.48,55,1182.87,,,,transitional,163
2024-10-01,N24001002,901,SARSAM TO KOTHARI,ROAD TRANSPORT AND HIGHWAYS,MoRTH,MAHARASHT RA,2016-02-01,2019-07-01,2023-12-01,545.64,545.64,232.64,93.68,,,,,transitional,163
2024-10-01,N24001003,902,AKOLA TO AKOT,ROAD TRANSPORT AND HIGHWAYS,MoRTH,MAHARASHT RA,2017-01-01,2019-06-01,2023-12-01,313.95,313.95,270.26,99,,,,,transitional,163
2024-10-01,N24001013,903,DIGRAS DARWAH KARANJA,ROAD TRANSPORT AND HIGHWAYS,MoRTH,MAHARASHT RA,2017-01-01,2019-06-01,2023-12-01,391.06,391.06,287.6,92.76,391,,,,transitional,163
2024-10-01,N24001017,904,DAHEGAON TO KUHI,ROAD TRANSPORT AND HIGHWAYS,MoRTH,MAHARASHT RA,2017-01-01,2019-06-01,2023-12-01,228.89,228.89,154.82,99,229,,,,transitional,164
2024-10-01,N24001018,905,BHANDARA TO GHOTITOK,ROAD TRANSPORT AND HIGHWAYS,MoRTH,MAHARASHT RA,2017-01-01,2019-06-01,2019-06-01,392.83,392.83,274.75,100,393,,,,transitional,164
2024-10-01,N24001021,906,AMDI TO SAONER,ROAD TRANSPORT AND HIGHWAYS,MoRTH,MAHARASHT RA,2017-01-01,2019-06-01,2023-12-01,396.91,396.91,289.79,98.69,397,,,,transitional,164
2024-10-01,N24001022,907,WADI TO ASOLA,ROAD TRANSPORT AND HIGHWAYS,MoRTH,MAHARASHT RA,2017-01-01,2019-09-01,2023-12-01,363.82,363.82,154.65,93.15,364,,,,transitional,164
2024-10-01,N24001027,908,SHAHPUR PATGAON SECTION I,ROAD TRANSPORT AND HIGHWAYS,MoRTH,MAHARASHT RA,2018-01-01,2019-12-01,2024-03-01,150.79,150.79,81.14,70.66,,,,,transitional,164
2024-10-01,N24001039,909,JINTUR TO PARBHANI,ROAD TRANSPORT AND HIGHWAYS,MoRTH,MAHARASHT RA,2017-01-01,,2023-12-01,356.66,356.66,209.48,80.48,,,,,transitional,164
2024-10-01,N24001046,910,RALEGAON TO RAMTIRTH,ROAD TRANSPORT AND HIGHWAYS,MoRTH,MAHARASHT RA,2017-01-01,2019-07-01,2023-08-01,210.81,210.81,210.81,97,,,,,transitional,164
2024-10-01,N24001050,911,VITA TO NAGAJ,ROAD TRANSPORT AND HIGHWAYS,MoRTH,MAHARASHT RA,2018-03-01,2019-12-01,2023-12-01,304.58,304.58,154.68,68.39,305,,,,transitional,164
2024-10-01,N24001057,912,KARAD PATAN CHIPLUN GUHAGAR,ROAD TRANSPORT AND HIGHWAYS,MoRTH,MAHARASHT RA,2017-02-01,2019-06-01,2023-10-01,407.19,407.19,323.02,89.97,407,,,,transitional,164
2024-10-01,N24001058,913,KARWANDI TO RAJURI,ROAD TRANSPORT AND HIGHWAYS,MoRTH,MAHARASHT RA,2018-03-01,2019-12-01,2024-03-01,276.95,276.95,160.94,92.06,277,,,,transitional,164
2024-10-01,N24001060,914,PALPHATA TO PHULAMBARI,ROAD TRANSPORT AND HIGHWAYS,MoRTH,MAHARASHT RA,2018-03-01,2019-12-01,2023-12-01,227.19,227.19,141.92,95,227,,,,transitional,164
2024-10-01,N24001069,915,NANDED TO JALKOT,ROAD TRANSPORT AND HIGHWAYS,MoRTH,MAHARASHT RA,2017-12-01,2019-09-01,2019-09-01,456.93,456.93,278.22,0,457,,,,transitional,164
2024-10-01,N24001078,916,PUNE TO MALE VILLAGE,ROAD TRANSPORT AND HIGHWAYS,MoRTH,MAHARASHT RA,2018-03-01,2019-12-01,2023-12-01,228.31,228.31,100.97,93.83,,,,,transitional,164
2024-10-01,N24001079,917,ARDHAPUR TO HIMAYATNAGAR,ROAD TRANSPORT AND HIGHWAYS,MoRTH,MAHARASHT RA,2017-12-01,2020-06-01,2023-12-01,426.06,426.06,271.4,96.25,426,,,,transitional,164
2024-10-01,N24001080,918,MALE VILLAGE TO PUNE RAIGARH DISTRICT BORDER,ROAD TRANSPORT AND HIGHWAYS,MoRTH,MAHARASHT RA,2018-03-01,2019-12-01,2023-10-01,256.15,256.15,126.62,98,,,,,transitional,165
2024-10-01,N24001081,919,HIMAYATNAGAR TO PHULSAWANGI,ROAD TRANSPORT AND HIGHWAYS,MoRTH,MAHARASHT RA,2018-03-01,2019-12-01,2023-12-01,294.87,294.87,183.17,90,295,,,,transitional,165
2024-10-01,N24001082,920,PUNE RAIGARH DISTRICT BORDER TO MANGAON,ROAD TRANSPORT AND HIGHWAYS,MoRTH,MAHARASHT RA,2018-03-01,2019-12-01,2023-12-01,223.46,223.46,123.46,100,,,,,transitional,165
2024-10-01,N24001090,921,KOLDE TO KHETIYA,ROAD TRANSPORT AND HIGHWAYS,MoRTH,MAHARASHT RA,2017-01-01,2019-07-01,2023-12-01,509.18,509.18,283.13,94.81,,,,,transitional,165
2024-10-01,N24001092,922,SATARA TO MHASWAD,ROAD TRANSPORT AND HIGHWAYS,MoRTH,MAHARASHT RA,2017-01-01,2019-07-01,2023-12-01,653.46,653.46,369.62,76.76,,,,,transitional,165
2024-10-01,N24001095,923,SATARA MURVAD PILLOV PANDHARPUR,ROAD TRANSPORT AND HIGHWAYS,MoRTH,MAHARASHT RA,2017-01-01,,2024-06-01,388.44,388.44,240.05,88.16,,,,,transitional,165
2024-10-01,N24001097,924,SELDOH TO PANVAR,ROAD TRANSPORT AND HIGHWAYS,MoRTH,MAHARASHT RA,2018-07-01,2020-05-01,2020-05-01,404.33,404.33,140.65,0,404,,,,transitional,165
2024-10-01,N24001099,925,MHASWAD TO TEMBHURNI,ROAD TRANSPORT AND HIGHWAYS,MoRTH,MAHARASHT RA,2017-01-01,2019-07-01,2023-12-01,488.6,488.6,279.42,76.5,,,,,transitional,165
2024-10-01,N24001101,926,KURUDWADI TO PANDHARPUR,ROAD TRANSPORT AND HIGHWAYS,MoRTH,MAHARASHT RA,2017-01-01,2019-07-01,2023-11-01,307.63,307.63,232.57,96.27,,,,,transitional,165
2024-10-01,N24001102,927,PANDHARPUR TO SANGOLA,ROAD TRANSPORT AND HIGHWAYS,MoRTH,MAHARASHT RA,2017-07-01,2019-07-01,2023-12-01,218.38,218.38,182.63,99.78,,,,,transitional,165
2024-10-01,N24001106,928,PEN TO KHOPOLI,ROAD TRANSPORT AND HIGHWAYS,MoRTH,MAHARASHT RA,2018-03-01,2018-03-01,2024-01-01,301.39,301.39,170.12,82.07,302,,,,transitional,165
2024-10-01,N24001107,929,PANCHARAL TO MANDANGHAR,ROAD TRANSPORT AND HIGHWAYS,MoRTH,MAHARASHT RA,2018-07-01,2020-05-01,2020-05-01,381.08,381.08,45.66,0,302,,,,transitional,165
2024-10-01,N24001111,930,KOLHA TO NASRATPUR,ROAD TRANSPORT AND HIGHWAYS,MoRTH,MAHARASHT RA,2016-04-01,2019-04-01,2024-08-01,281.78,281.78,77.83,0,282,,,,transitional,165
2024-10-01,N24001112,931,NASRATPUR TO BARASGAON,ROAD TRANSPORT AND HIGHWAYS,MoRTH,MAHARASHT RA,2016-07-01,2019-09-01,2024-03-01,406.54,406.54,274.3,80.7,407,,,,transitional,166
2024-10-01,N24001114,932,INDAPUR TO VADPALE,ROAD TRANSPORT AND HIGHWAYS,MoRTH,MAHARASHT RA,2017-01-01,2019-12-01,2024-03-01,1202.52,1202.52,1450.82,61.42,1656.94,,,,transitional,166
2024-10-01,N24001122,933,PAITHAN TO SHIRUR,ROAD TRANSPORT AND HIGHWAYS,MoRTH,MAHARASHT RA,2017-03-01,2019-06-01,2024-03-01,341.8,341.8,226.19,78.6,,,,,transitional,166
2024-10-01,N24001123,934,SHIRUR TO KHARDA,ROAD TRANSPORT AND HIGHWAYS,MoRTH,MAHARASHT RA,2017-02-01,2019-06-01,2023-12-01,381.77,381.77,199.48,83.93,,,,,transitional,166
2024-10-01,N24001124,935,AURANGABAD TO SILLOD,ROAD TRANSPORT AND HIGHWAYS,MoRTH,MAHARASHT RA,2017-02-01,2019-06-01,2023-12-01,456.32,456.32,355.54,94.07,541.93,,,,transitional,166
2024-10-01,N24001125,936,SILLOD TO FARDAPUR,ROAD TRANSPORT AND HIGHWAYS,MoRTH,MAHARASHT RA,2017-02-01,2019-06-01,2023-12-01,337.46,337.46,335.3,91.56,432.98,,,,transitional,166
2024-10-01,N24001127,937,KUMBHARI PHTA TO DEULGAON RAJA,ROAD TRANSPORT AND HIGHWAYS,MoRTH,MAHARASHT RA,2017-02-01,2019-06-01,2024-02-01,406.51,406.51,340.26,87.84,,,,,transitional,166
2024-10-01,N24001132,938,BHOGAN KHURD TO KASHEDI,ROAD TRANSPORT AND HIGHWAYS,MoRTH,MAHARASHT RA,2017-09-01,2021-06-01,2023-12-01,743.21,743.21,911.64,88.69,743,,,,transitional,166
2024-10-01,N24001134,939,KANTE TO WAKED,ROAD TRANSPORT AND HIGHWAYS,MoRTH,MAHARASHT RA,2016-03-01,2019-11-01,2024-12-01,1230.02,1230.02,791.8,0,1230,,,,transitional,166
2024-10-01,N24001138,940,PARLI PIMPLA DAHIGUDA,ROAD TRANSPORT AND HIGHWAYS,MoRTH,MAHARASHT RA,2017-02-01,2019-06-01,2023-08-01,205.72,205.72,85.71,100,206,,,,transitional,166
2024-10-01,N24001377,941,MOHOL TO WAKHARI PACKAGE1 SANT DNYANESHWAR MAHARAJ PALKHI MARG SECTION OF NH965,ROAD TRANSPORT AND HIGHWAYS,NHAI,MAHARASHT RA,2019-02-01,2022-01-01,2023-08-01,731.89,731.99,689.19,0.2,731.99,2023-08-01,,,transitional,166
2024-10-01,N24001378,942,WAKHARI TO KHUDUS PACKAGE2 SANT DNYANESHWAR MAHARAJ PALKHI MARG SECTION OF NH965,ROAD TRANSPORT AND HIGHWAYS,NHAI,MAHARASHT RA,2019-02-01,2022-01-01,2023-06-01,362.46,372.46,352.01,0.7,372.46,2023-06-01,,,transitional,166
2024-10-01,N24001379,943,KHUDUS TO DHARAMPURI PACKAGE 3 SANT DNYANESHWAR MAHARAJ PALKHI MARG SECTION OF NH965,ROAD TRANSPORT AND HIGHWAYS,NHAI,MAHARASHT RA,2019-02-01,2022-01-01,2023-08-01,594.75,613.75,585.2,0.5,594.75,2023-08-01,,,transitional,167
2024-10-01,N24001448,944,UPGRADATION OF ADHALGAON- JAMKHED SECTION OF NH-548 D FROM KM 132/600 TO KM 195/375 TO TWO LANE WITH,ROAD TRANSPORT AND HIGHWAYS,MoRTH,MAHARASHT RA,2021-11-01,2022-02-01,2022-02-01,223.35,223.35,209.36,87.88,,,,,transitional,167
2024-10-01,N24001468,945,REPANPALLI TO SIRONCHA,ROAD TRANSPORT AND HIGHWAYS,MoRTH,MAHARASHT RA,2022-03-01,2022-06-01,2024-06-01,282.07,282.07,34.65,0,,,,,transitional,167
2024-10-01,N24001486,946,TUNNEL AT KHAMBATAKI GHAT SECTION AND ITS APPROACHES FROM EXISTING KM. 771.730 TO EXISTING KM. 782.0,ROAD TRANSPORT AND HIGHWAYS,NHAI,MAHARASHT RA,2019-02-01,2022-02-01,2024-12-01,493,493,374.15,72.82,,2024-12-01,,,transitional,167
2024-10-01,N24001488,947,DHARAMPURI-LONAND FROM KM. 117.00 TO 166.40 (PKG-IV) ON MOHOL-ALANDI SECTION,ROAD TRANSPORT AND HIGHWAYS,NHAI,MAHARASHT RA,2021-09-01,2023-09-01,2024-12-01,618.45,618.45,600.38,90.2,,2024-12-01,,,transitional,167
2024-10-01,N24001493,948,6L OF KAGAL-SATARA SECTION FROM KM 658.000 TO KM 725.000 OF NH-48 (PKG-II),ROAD TRANSPORT AND HIGHWAYS,NHAI,MAHARASHT RA,2022-12-01,2024-12-01,2024-12-01,1749.86,1749.86,1611,59.02,,,,,transitional,167
2024-10-01,N24001495,949,4L OF RATNAGIRI - KOLHAPUR SECTION OF NH-166 FROM KM 0.000 TO KM 19.769 AND KM 31.000 TO KM 67.140 (,ROAD TRANSPORT AND HIGHWAYS,NHAI,MAHARASHT RA,2022-11-01,2024-11-01,2024-11-01,930,930,590.45,63.49,,,,,transitional,167
2024-10-01,N24001501,950,PATAS-VASUNDE PHATA - BARAMATI BYPASS,ROAD TRANSPORT AND HIGHWAYS,NHAI,MAHARASHT RA,2021-09-01,2023-09-01,2023-07-01,531.86,532.41,520.71,0.5,532.41,2023-07-01,,,transitional,167
2024-10-01,N24001502,951,4L OF BARAMATI TO INDAPUR (PKG- II) FROM KM. 41.400 TO KM. 84.550 OF NH-965G (SAINT TUKARAM MARG),ROAD TRANSPORT AND HIGHWAYS,NHAI,MAHARASHT RA,2021-09-01,2023-09-01,2025-03-01,624.45,580.15,398.06,2,580.15,2024-03-01,,,transitional,168
2024-10-01,N24001503,952,4L OF INDAPUR TO TONDLE (PKG- III) FROM KM.84.550 TO KM. 131.00 OF NH-965G (SAINT TUKARAM MARG),ROAD TRANSPORT AND HIGHWAYS,NHAI,MAHARASHT RA,2021-09-01,2023-09-01,2024-12-01,667.66,666.21,590.9,13,666.21,2024-03-01,,,transitional,168
2024-10-01,N24001504,953,VADODARA MUMBAI EXPRESSWAY (PHASE II - PKG XI) [KM. 77.000 TO KM. 103.400] (GANJAD - TALSARI),ROAD TRANSPORT AND HIGHWAYS,NHAI,MAHARASHT RA,2022-05-01,2024-05-01,2025-01-01,1260,1260,608.72,91,,2025-01-01,,,transitional,168
2024-10-01,N24001505,954,VADODARA MUMBAI EXPRESSWAY (PHASE II - PKG XII) [KM. 50.700 TO KM. 77.000] (MASVAN - GANJAD),ROAD TRANSPORT AND HIGHWAYS,NHAI,MAHARASHT RA,2022-03-01,2024-03-01,2025-05-01,1549.02,1549.02,537.1,52,,2025-05-01,,,transitional,168
2024-10-01,N24001506,955,VADODARA MUMBAI EXPRESSWAY (PHASE II - PKG XIII) [KM. 26.582 TO KM. 50.700] (SHIRSAD - MASVAN),ROAD TRANSPORT AND HIGHWAYS,NHAI,MAHARASHT RA,2022-02-01,2024-02-01,2025-06-01,2747,2747,929.38,64.25,,2025-06-01,,,transitional,168
2024-10-01,N24001507,956,VADODARA MUMBAI EXPRESSWAY (PHASE II - PKG XIV) [KM. 3.000 TO KM. 20.200 OF SPUR] (SHIRSAD - AKLOLI),ROAD TRANSPORT AND HIGHWAYS,NHAI,MAHARASHT RA,2022-11-01,2024-05-01,2025-06-01,1124,1124,299.43,44.5,,2025-06-01,,,transitional,168
2024-10-01,N24001508,957,VADODARA MUMBAI EXPRESSWAY (PHASE II - PKG XVI) [KM. 43.000 TO KM. 69.800 OF SPUR] (AMNE - BHOJ),ROAD TRANSPORT AND HIGHWAYS,NHAI,MAHARASHT RA,2022-11-01,2024-10-01,2025-06-01,1450,1450,545.51,64.61,,2025-06-01,,,transitional,168
2024-10-01,N24001521,958,VADODARA MUMBAI EXPRESSWAY (PHASE II - PKG XV) [KM. 20.200 TO KM. 43.000 OF SPUR] (AKLOLI - AMNE),ROAD TRANSPORT AND HIGHWAYS,NHAI,MAHARASHT RA,2022-11-01,2024-10-01,2025-04-01,990,990,296.63,51.55,,2025-04-01,,,transitional,169
2024-10-01,N24001546,959,6L OF KAGAL-SATARA SECTION FROM KM 592.240 TO KM 658.000 OF NH-48 (PKG-I),ROAD TRANSPORT AND HIGHWAYS,NHAI,MAHARASHT RA,2023-01-01,2025-01-01,2025-01-01,1025.2,1025.2,758.28,47.67,,,,,transitional,169
2024-10-01,N24001607,960,BALANCE WORKS OF 4L PANVEL- INDAPUR SECTION OF NH-66 (OLD NH-17) FROM KM 42.300 (KASU) TO KM 84.600 (,ROAD TRANSPORT AND HIGHWAYS,NHAI,MAHARASHT RA,2022-10-01,2024-05-01,2024-05-01,332,332,194.88,42.44,,,,,transitional,169
2024-10-01,N24001608,961,VADODARA MUMBAI EXPRESSWAY (PHASE II - PKG XVII) [KM. 69.800 TO KM. 79.783 OF SPUR] (BHOJ - MORBE),ROAD TRANSPORT AND HIGHWAYS,NHAI,MAHARASHT RA,2021-09-01,2025-07-01,2025-07-01,2208.68,2208.68,411.34,53.48,,,,,transitional,169
2024-10-01,N24001609,962,BALANCE WORK OF 4 LANING OF PANVEL TO INDAPUR SECTION OF NH-66(OLD NH- 17) FROM KM 0.000 (PANVEL) TO,ROAD TRANSPORT AND HIGHWAYS,NHAI,MAHARASHT RA,2023-01-01,2023-12-01,2024-12-01,151.26,151.26,115.47,67.03,,2024-12-01,,,transitional,169
2024-10-01,N24001610,963,4L OF EXISTING 2/4L STRETCH FROM LONAND TO DIVE GHAT (KM 166.400 TO KM 220.900 ) OF MOHOL ? ALANDI S,ROAD TRANSPORT AND HIGHWAYS,NHAI,MAHARASHT RA,2022-01-01,2024-05-01,2025-03-01,1833.73,1833.73,443.48,81.19,,2025-03-01,,,transitional,169
2024-10-01,N24001795,964,FOUR LANING OF AURANGABAD- PAITHAN SECTION OF NH-752E ON EPC MODE IN THE STATE OF MAHARASHTRA .,ROAD TRANSPORT AND HIGHWAYS,NHAI,MAHARASHT RA,2022-10-01,2024-07-01,2024-12-01,490.4,289,241.93,77,,,,,transitional,169
2024-10-01,N24001796,965,4L OF RAJURA-KORPANA- ADILABAD ROAD UPTO M.S. BORDER FROM KM 32.910 TO KM 89.090 OF NH-353B,ROAD TRANSPORT AND HIGHWAYS,NHAI,MAHARASHT RA,2022-03-01,2024-10-01,2025-04-01,1013.33,1111.33,355.07,62.01,1013.33,2025-04-01,,,transitional,170
2024-10-01,N24001797,966,6L OF WAINGANGA BRIDGE - BHANDARA (INCLUDING BHANDARA BYPASS) SECTION FROM KM 485.000 TO KM 499.800,ROAD TRANSPORT AND HIGHWAYS,NHAI,MAHARASHT RA,2021-10-01,2024-01-01,2025-03-01,815.77,815.77,652.04,91.92,,,,,transitional,170
2024-10-01,N24001798,967,4L MITIGATION MEASURE STRUCTURES ON CH/MH BORDER TO WAINGANGA BRIDGE SECTION OF NH-53,ROAD TRANSPORT AND HIGHWAYS,NHAI,MAHARASHT RA,2021-02-01,2023-11-01,2025-01-01,540.21,540.21,425.12,96.22,,,,,transitional,170
2024-10-01,N24001799,968,4L OF NAGPUR-KATOL SECTION FROM KM. 13.00 TO KM. 62.900 OF NH-353J,ROAD TRANSPORT AND HIGHWAYS,NHAI,MAHARASHT RA,2021-02-01,2023-10-01,2024-12-01,1166.96,1251,1041.36,80,,,,,transitional,170
2024-10-01,N24001804,969,BAL. WORKS OF FAGNE (KM. 510.000) TO MAHARASHTRA/GUJARAT BORDER (KM. 650.794),ROAD TRANSPORT AND HIGHWAYS,NHAI,MAHARASHT RA,2019-12-01,2022-09-01,2024-06-01,1654.07,980,835.19,91.76,,2024-06-01,,,transitional,170
2024-10-01,N24001834,970,4L OF RATNAGIRI - KOLHAPUR SECTION FROM KM 67.140 TO KM 112.340 OF NH-166 (PKG ? II),ROAD TRANSPORT AND HIGHWAYS,NHAI,MAHARASHT RA,2023-05-01,2025-05-01,2025-05-01,839,839,412.49,39.7,,,,,transitional,170
2024-10-01,N24001835,971,4L OF RATNAGIRI - KOLHAPUR SECTION FROM KM 112.340 TO KM 145.300 OF NH-166 (PKG?III),ROAD TRANSPORT AND HIGHWAYS,NHAI,MAHARASHT RA,2023-05-01,2025-05-01,2025-05-01,986,986,373.7,39.5,,,,,transitional,170
2024-10-01,N24001880,972,REHABILITATION AND UP- GRADATION TO 4 LANE ROAD WITH PAVED SHOULDER CONFIGURATION OF SECTION FROM UND,ROAD TRANSPORT AND HIGHWAYS,MoRTH,MAHARASHT RA,2022-03-01,2025-07-01,2025-07-01,778.18,778.18,135.78,27.35,,,,,transitional,171
2024-10-01,N24001882,973,CONSTRUCTION OF NEW FOUR LANE BYPASS TO PARBHANI CITY (PARWA TO ASOLA) KM 463/265 TO KM 481/180 (DES,ROAD TRANSPORT AND HIGHWAYS,MoRTH,MAHARASHT RA,2022-03-01,2024-10-01,2024-10-01,496.64,496.64,0,8,,,,,transitional,171
2024-10-01,N24001883,974,CONSTRUCTION OF 4 LANE FLYOVER AT NAGPUR RTO CHOWK TO NAGPUR UNIVERSITY CAMPUS FROM CH 2/250 TO 5/10,ROAD TRANSPORT AND HIGHWAYS,MoRTH,MAHARASHT RA,2021-03-01,2024-03-01,2024-04-01,478.83,478.83,233.48,65,,,,,transitional,171
2024-10-01,N24001884,975,REHABILITATION AND UPGRADATION OF SATANA TO MANGRUL (CHANDWAD) SECTION OF NH752 G DESIGN CH: KM 64.0,ROAD TRANSPORT AND HIGHWAYS,MoRTH,MAHARASHT RA,2023-03-01,2025-05-01,2025-05-01,428.8,428.8,54.11,30.69,,,,,transitional,171
2024-10-01,N24001885,976,REHABILITATION AND UP- GRADATION OF JINTUR- SHIRAD SHAHAPUR SECTION KM 258.300 TO KM 306.300 [DESIGN,ROAD TRANSPORT AND HIGHWAYS,MoRTH,MAHARASHT RA,2023-02-01,2024-12-01,2024-12-01,414.81,414.81,0,0,,,,,transitional,171
2024-10-01,N24001886,977,DEVELOPMENT/WIDENING OF TALEGAON ? CHAKAN ? SHIKRAPUR ? NHAVARA SECTION OF NH 548DG (NHAVARA TO CHOU,ROAD TRANSPORT AND HIGHWAYS,MoRTH,MAHARASHT RA,2022-10-01,2024-08-01,2024-08-01,304.68,304.68,97.09,58.78,,,,,transitional,171
2024-10-01,N24001887,978,REHABILITATION AND UPGRADATION OF BHOKARDAN TO KUMBHARI FATA DESIGN CH. (KM 13+500 TO 17+00) AND RAJ,ROAD TRANSPORT AND HIGHWAYS,MoRTH,MAHARASHT RA,2022-08-01,2024-06-01,2024-06-01,291.37,291.37,102.94,0,,,,,transitional,172
2024-10-01,N24001888,979,"UP-GRADATION OF TIRORA- GONDIA, STATE HIGHWAY FROM EXISTING KM 163+213 (ON SH-335, TIRORA) TO KM 191+",ROAD TRANSPORT AND HIGHWAYS,MoRTH,MAHARASHT RA,2021-08-01,2023-04-01,2024-05-01,288.14,288.14,63.01,46.31,,,,,transitional,172
2024-10-01,N24001889,980,2 LANE + PS PIMPLNER TO SATANA -[DESIGN CHAINAGE KM 21.427 TO 64.00 ] OF NH-752G],ROAD TRANSPORT AND HIGHWAYS,MoRTH,MAHARASHT RA,2019-09-01,2021-07-01,2023-12-01,277.81,277.81,148.68,0,,,,,transitional,172
2024-10-01,N24001890,981,REHABILITATION AND UPGRADATION OF PARLI TO SIRSALA SECTION OF NH-361F (KM 136+700 TO 115+000) (LENGT,ROAD TRANSPORT AND HIGHWAYS,MoRTH,MAHARASHT RA,2023-02-01,2024-12-01,2024-12-01,261.82,261.82,70.59,46,,,,,transitional,172
2024-10-01,N24001891,982,BALANCE WORK OF REHABILITATION AND UP- GRADATION TO NH-166F FROM MAHAD JUNCTION (AT KM 123/400 ON NH-,ROAD TRANSPORT AND HIGHWAYS,MoRTH,MAHARASHT RA,2021-07-01,2023-11-01,2024-03-01,256.54,256.54,80.1,59.66,,,,,transitional,172
2024-10-01,N24001892,983,REHABILITATION AND UPGRADATION OF SHIRAPUR JUNCTION TO SHIVAJI CHOWK (DESIGN CHAINAGE KM. 130+00 TO,ROAD TRANSPORT AND HIGHWAYS,MoRTH,MAHARASHT RA,2023-02-01,2024-12-01,2024-12-01,245.61,245.61,43.39,32.5,,,,,transitional,172
2024-10-01,N24001894,984,2 LANE + PS ASTHAMODE - TIVATYAL [DESIGN CH. KM 24.300 - 62.00] [KM 134.98-172.95 OF NH-63],ROAD TRANSPORT AND HIGHWAYS,MoRTH,MAHARASHT RA,2019-09-01,2021-07-01,2023-12-01,228.82,228.82,144.54,95,,,,,transitional,173
2024-10-01,N24001895,985,REHABILATION AND UPGRADATION TO TWO LANES WITH PAVED SHOULDER CONFIGURATION FROM WATUR TO CHARTHANA,ROAD TRANSPORT AND HIGHWAYS,MoRTH,MAHARASHT RA,2021-11-01,2023-09-01,2023-12-01,228.01,228.01,103.01,99,,,,,transitional,173
2024-10-01,N24001896,986,UPGRADATIOBN AND REHABILITATION OF SECTION OF NH 361 F FROM PARLI (00/000) TO GANGAKHED (30/400) TO,ROAD TRANSPORT AND HIGHWAYS,MoRTH,MAHARASHT RA,2021-11-01,2023-09-01,2024-04-01,224.44,224.44,75.34,45.63,,,,,transitional,173
2024-10-01,N24001902,987,REHABILITATION AND UP- GRADATION OF SABALKHED TO ASHTI SECTION FROM KM 37+900 TO KM 55+100 AND CHINCH,ROAD TRANSPORT AND HIGHWAYS,MoRTH,MAHARASHT RA,2022-12-01,2024-09-01,2024-09-01,213.32,213.32,20,34,,,,,transitional,173
2024-10-01,N24001903,988,REHABILITATION AND UP- GRADATION OF MUDKHED TO NANDED SECTION FROM KM. 372+000 TO KM 388+400 OF NH 16,ROAD TRANSPORT AND HIGHWAYS,MoRTH,MAHARASHT RA,2022-08-01,2025-04-01,2025-04-01,206.54,206.54,21.36,0,,,,,transitional,173
2024-10-01,N24001904,989,KOPARGAON TO SAVALI VIHIR SECTION,ROAD TRANSPORT AND HIGHWAYS,MoRTH,MAHARASHT RA,2022-09-01,2024-07-01,2024-07-01,195.38,195.38,29.59,19.76,,,,,transitional,173
2024-10-01,N24001905,990,"CONSTRUCTION OF MAJOR BRIDGE ACROSS MANJRA RIVER NEAR YESGI VILLAGE @ KM, 166/500 ON NH 63 TQ BILOLI",ROAD TRANSPORT AND HIGHWAYS,MoRTH,MAHARASHT RA,2021-10-01,2023-08-01,2023-12-01,188.69,188.69,111.26,96,,,,,transitional,173
2024-10-01,N24001906,991,UP-GRADATION TO 4 LANING OF DAULTABAD T-POINT TO MALIWADA [FROM DESIGN KM.0.000 TO KM 4.000] AND UPG,ROAD TRANSPORT AND HIGHWAYS,MoRTH,MAHARASHT RA,2022-08-01,2024-03-01,2024-03-01,185.59,185.59,63.56,48,,,,,transitional,174
2024-10-01,N24001907,992,"CONSTRUCTION OF SIX LANE FLYOVER AT KATRAJ JUNCTION AT KM, 3/880 OF NH 548-DD (VADGAON - KATRAJ - KO",ROAD TRANSPORT AND HIGHWAYS,MoRTH,MAHARASHT RA,2021-06-01,2024-02-01,2024-03-01,169.15,169.15,36.94,35.96,,,,,transitional,174
2024-10-01,N24001908,993,UPGRADATION OF EXHISTING 2 LANE FLEXIBLE PAVEMENT TO 2 LANE PAVED SHOULDERS RIGID PAVEMENT FROM DESI,ROAD TRANSPORT AND HIGHWAYS,MoRTH,MAHARASHT RA,2021-12-01,2024-05-01,2024-05-01,167.97,167.97,35.28,36.76,,,,,transitional,174
2024-10-01,N24001909,994,"STRENGTHING AND WIDINING OF EXISTING CARRIAGEWAY TO 10 M IN KM, 156/160 TO 229/160 (TEMBHURNI - KUSL",ROAD TRANSPORT AND HIGHWAYS,MoRTH,MAHARASHT RA,2021-11-01,2024-06-01,2024-06-01,157.72,157.72,55.38,90.41,,,,,transitional,174
2024-10-01,N24001910,995,REHABILITATION AND UPGRADATION OF JAMKHED TO SAUTADA SECTION OF NH548 D (FROM KM 195.375 TO KM 208.7,ROAD TRANSPORT AND HIGHWAYS,MoRTH,MAHARASHT RA,2022-09-01,2024-07-01,2024-07-01,157.62,157.62,13.86,17.03,,,,,transitional,174
2024-10-01,N24001911,996,PANGAON TO DHARMAPURI AND PARALI TO INJEGAON 2L+PS,ROAD TRANSPORT AND HIGHWAYS,MoRTH,MAHARASHT RA,2018-03-01,2024-07-01,2023-12-01,152.03,152.03,81.35,97.57,,,,,transitional,174
2024-10-01,N24002071,997,4L OF INDORA CHOWK TO PACHPAOLI AND AGRASEN CHOWK - ASHOKA CHOWK,ROAD TRANSPORT AND HIGHWAYS,NHAI,MAHARASHT RA,2023-03-01,2026-06-01,2026-06-01,998.27,998.27,127.21,16.75,,,,,transitional,174
2024-10-01,N24002072,998,IMPROVEMENT OF EXISTING ALIGNMENT OF PANDHARPUR TOWN PART BYPASSED SECTION FROM WAKHARI TO LORD VITT,ROAD TRANSPORT AND HIGHWAYS,NHAI,MAHARASHT RA,2022-07-01,2025-10-01,2025-10-01,150.21,150.21,12.74,19.6,150.21,,,,transitional,175
2024-10-01,N24002137,999,STRENGTHENING OF 6-LANE PIMPALGAON-NASHIK-GONDE (KM. 380 - KM. 440) SECTION OF NH-3 IN MAHARASHTRA U,ROAD TRANSPORT AND HIGHWAYS,NHAI,MAHARASHT RA,2024-02-01,2025-03-01,2025-03-01,175,175,83.42,44,,,,,transitional,175
2024-10-01,N24002169,1000,REHABILITATION/UPGRADATION OF EXISTING HIGHWAY TO 2L+PS/4 LANE OF DHAWALI TO RAJOLI FROM DESIGN KM.1,ROAD TRANSPORT AND HIGHWAYS,MoRTH,MAHARASHT RA,2022-03-01,2025-09-01,2025-09-01,316.44,316.44,0,0,,,,,transitional,175
2024-10-01,N24002170,1001,REHABILITATION/ UPGRADATION OF EXISTING HIGHWAY TO FOUR LANE STANDARDS IN KURKHEDA TOWN FROM (KM.413,ROAD TRANSPORT AND HIGHWAYS,MoRTH,MAHARASHT RA,2022-03-01,2025-05-01,2025-05-01,163.86,163.86,0,0,,,,,transitional,175
2024-10-01,N24002171,1002,REHABILITATION & UP-GRADATION FOR TALERE A?? GAGANBAWDAA?? KOLHAPUR ROAD (NH-166G) STRETCHES START F,ROAD TRANSPORT AND HIGHWAYS,MoRTH,MAHARASHT RA,2023-02-01,2025-04-01,2025-04-01,249.13,249.13,0,0,,,,,transitional,175
2024-10-01,N24002172,1003,"UP-GRADATION TO 4 LANE CONFIGURATION FOR THE WORK OF PETH NAKA TO SANGLI ROAD, NH-166H, FROM KM 0+00",ROAD TRANSPORT AND HIGHWAYS,MoRTH,MAHARASHT RA,2023-02-01,2025-12-01,2025-12-01,856.82,856.82,0,0,,,,,transitional,175
2024-10-01,N24002173,1004,REHABILITATION AND UP- GRADATION TO 2 LANE WITH PAVED SHOULDER CONFIGURATION OF MAHUD SANGOLA ROAD NH,ROAD TRANSPORT AND HIGHWAYS,MoRTH,MAHARASHT RA,2023-02-01,2025-04-01,2025-04-01,253.78,253.78,0,0,,,,,transitional,176
2024-10-01,N24002174,1005,UP-GRADATION TO FOUR LANE/ TWO LANE WITH PAVED SHOULDERS CONFIGURATION OF KALYAN - MURBAD - MALSHEJ,ROAD TRANSPORT AND HIGHWAYS,MoRTH,MAHARASHT RA,2023-02-01,2026-08-01,2026-08-01,984.07,984.07,0,0,,,,,transitional,176
2024-10-01,N24002175,1006,CONSTRUCTION OF FOUR-LANE CONCRETE ROAD FROM POLICE HEADQUARTER GONDIA CITY TO RAWANWADI VILLAGE (BI,ROAD TRANSPORT AND HIGHWAYS,MoRTH,MAHARASHT RA,2023-02-01,2025-08-01,2025-08-01,328.11,328.11,0,0,,,,,transitional,176
2024-10-01,N24002176,1007,REHABILITATION/UP GRADATION OF KARANJA ? KHERDA - MURTIZAPUR SECTION TO 4LANE+PAVED SHOULDER STANDA,ROAD TRANSPORT AND HIGHWAYS,MoRTH,MAHARASHT RA,2023-03-01,2026-02-01,2026-02-01,594.44,594.44,0,0,,,,,transitional,176
2024-10-01,N24002177,1008,REHABILITATION / UPGRADATION TO 4 LANE WITH PAVED SHOULDER OF EXISTING SECTION IN SILLOD TOWN WITH D,ROAD TRANSPORT AND HIGHWAYS,MoRTH,MAHARASHT RA,2023-03-01,2025-07-01,2025-07-01,153.79,153.79,0,0,,,,,transitional,176
2024-10-01,N24002178,1009,"REHABILITATION, UPGRADATION & WIDENING OF EXISTING HIGHWAY TO RIGID PAVEMENT 2 LANE WITH PAVED SHOUL",ROAD TRANSPORT AND HIGHWAYS,MoRTH,MAHARASHT RA,2023-02-01,2026-07-01,2026-07-01,723.13,723.13,0,0,,,,,transitional,176
2024-10-01,N28000086,1010,MUMBAI METRO LINE 3 (COLABA- BANDRA-SEEPZ),URBAN DEVELOPMENT,MMRCL,MAHARASHT RA,2013-07-01,2020-03-01,2023-12-01,23136,37276,23687.33,87.2,,,,,transitional,176
2024-10-01,N28000121,1011,PUNE METRO RAIL PROJECT (PHASE 1),URBAN DEVELOPMENT,MMRC,MAHARASHT RA,2016-12-01,2021-11-01,2024-09-01,11420,13656.22,12735.4,100,13656.22,2024-09-01,,,transitional,177
2024-10-01,N28000155,1012,NAGPUR METRO RAIL PROJECT PHASE II,URBAN DEVELOPMENT,NMRCL,MAHARASHT RA,2022-12-01,2027-12-01,2027-12-01,6708,6708,321.78,13.64,,,,,transitional,177
2024-10-01,N28000157,1013,PCMC NIGDI PROJECT EXTENSION OF CORRIDOR 1 OF PUNE METRO PHASE 1,URBAN DEVELOPMENT,MMRC,MAHARASHT RA,2023-10-01,2027-01-01,2027-01-01,910.18,910.18,12.35,6.2,,,,,transitional,177
2024-10-01,N30000001,1014,PROTECTION OF MAJULI ISLAND FROM FLOOD AND EROSION OF RIVER BRAHMAPUTRA,WATER RESOURCES,BPB,MAHARASHT RA,2017-03-01,2019-12-01,2023-12-01,233.57,233.57,217.42,,,2024-08-01,,,transitional,177
2024-10-01,N04000100,1015,"CONSTRUCTION OF NEW INTEGRATED TERMINAL BUILDING, CONTROL TOWER CUM TECHNICAL BLOCK, APRON, LINK TAX",CIVIL AVIATION,AAI,MANIPUR,2021-11-01,2024-07-01,2025-12-01,499,499,115.07,37.88,,2025-12-01,,,transitional,177
2024-10-01,220100288,1016,JIRIBAM TO IMPHAL (TUPUI)(NL)(NEFR),RAILWAYS,NFR,MANIPUR,2003-04-01,2011-03-01,2028-12-01,4454.17,19517.7,14882.06,80.1,12274.06,2028-03-01,,,transitional,177
2024-10-01,N24001270,1017,2-LANING OF CHURACHANDPUR TUIVAI SECTION OF NH-102B (PKG- 2A),ROAD TRANSPORT AND HIGHWAYS,NHIDCL,MANIPUR,2020-03-01,2022-06-01,2025-01-01,292.24,292.24,127.86,85.33,,2025-01-01,,,transitional,177
2024-10-01,N24001271,1018,2-LANING OF CHURACHANDPUR TUIVAI SECTION OF NH-102B (PKG- 2B),ROAD TRANSPORT AND HIGHWAYS,NHIDCL,MANIPUR,2020-06-01,2022-08-01,2025-01-01,365.53,365.53,156.31,77.36,,2025-01-01,,,transitional,177
2024-10-01,N24001272,1019,2-LANING OF CHURACHANDPUR TUIVAI SECTION OF NH-102B (PKG- 4A),ROAD TRANSPORT AND HIGHWAYS,NHIDCL,MANIPUR,2020-03-01,2022-06-01,2025-01-01,167.95,167.95,88.05,69.89,204.12,2025-01-01,,,transitional,178
2024-10-01,N24001273,1020,2-LANING OF CHURACHANDPUR TUIVAI SECTION OF NH-102B (PKG- 4B),ROAD TRANSPORT AND HIGHWAYS,NHIDCL,MANIPUR,2020-07-01,2022-08-01,2025-02-01,177.76,177.76,89.67,80.53,,2025-02-01,,,transitional,178
2024-10-01,N24001274,1021,IMPROVEMENT/UPGRADATION OF EXISTING 2-LANE TO 4-LANE DIVIDED HIGHWAY FROM TAPHOU KUKI TO DAILI SECTI,ROAD TRANSPORT AND HIGHWAYS,NHIDCL,MANIPUR,2020-08-01,2022-04-01,2025-06-01,379.39,379.39,189.86,45.88,,2025-06-01,,,transitional,178
2024-10-01,N24001275,1022,IMPROVEMENT/UPGRADATION OF EXISTING 2-LANE TO 4-LANE DIVIDED HIGHWAY FROM DAILI TO KURAOPOKPI SECTIO,ROAD TRANSPORT AND HIGHWAYS,NHIDCL,MANIPUR,2020-08-01,2022-04-01,2025-12-01,268.98,268.98,22.08,0,,,,,transitional,178
2024-10-01,N24001276,1023,IMPROVEMENT/UPGRADATION OF EXISTING 2-LANE TO 4-LANE DIVIDED HIGHWAY FROM KURAOPOKPI TO SEKMAI SECTI,ROAD TRANSPORT AND HIGHWAYS,NHIDCL,MANIPUR,2020-08-01,2022-04-01,2025-12-01,228.97,228.97,0,0,,,,,transitional,178
2024-10-01,N24001349,1024,MARIAM - PEREN PKG-1A,ROAD TRANSPORT AND HIGHWAYS,NHIDCL,MANIPUR,2021-02-01,2022-12-01,2025-03-01,226.32,226.32,87.99,66.07,,2025-03-01,,,transitional,178
2024-10-01,N24001350,1025,MARIAM - PEREN (PKG 1B),ROAD TRANSPORT AND HIGHWAYS,NHIDCL,MANIPUR,2021-02-01,2022-12-01,2024-11-01,188.36,188.36,126.71,97.95,,2024-10-01,,,transitional,178
2024-10-01,N24001352,1026,IMPHAL ? MOREH PACKAGE- 3,ROAD TRANSPORT AND HIGHWAYS,NHIDCL,MANIPUR,2021-03-01,2022-12-01,2024-06-01,259.31,259.31,144.94,100,,,,,transitional,178
2024-10-01,N24001353,1027,IMPHAL - KHONGSANG PKG-2,ROAD TRANSPORT AND HIGHWAYS,NHIDCL,MANIPUR,2021-03-01,2022-12-01,2025-03-01,195.14,195.14,59.99,50.77,,2025-03-01,,,transitional,178
2024-10-01,N24001354,1028,TAMENGLONG - MAHUR PKG-3,ROAD TRANSPORT AND HIGHWAYS,NHIDCL,MANIPUR,2021-03-01,2022-12-01,2025-01-01,234.08,234.08,139.45,90.34,,2025-01-01,,,transitional,178
2024-10-01,N24001399,1029,IMPHAL ? MOREH (PACKAGE 4),ROAD TRANSPORT AND HIGHWAYS,NHIDCL,MANIPUR,2021-03-01,2023-01-01,2024-04-01,277.99,277.99,146.35,100,,,,,transitional,179
2024-10-01,N24001400,1030,SENAPATI- IMPHAL PKG-5B,ROAD TRANSPORT AND HIGHWAYS,NHIDCL,MANIPUR,2021-03-01,2023-01-01,2025-05-01,211.7,211.7,35.16,38.2,,2025-05-01,,,transitional,179
2024-10-01,N24001401,1031,IMPHAL - KHONGSANG PKG-3,ROAD TRANSPORT AND HIGHWAYS,NHIDCL,MANIPUR,2021-07-01,2023-03-01,2025-03-01,467,467,183.55,75.27,,2025-03-01,,,transitional,179
2024-10-01,N24001402,1032,TAMENGLONG - MAHUR PKG-1,ROAD TRANSPORT AND HIGHWAYS,NHIDCL,MANIPUR,2021-07-01,2023-03-01,2025-01-01,185.8,185.8,112.31,92.65,,2025-01-01,,,transitional,179
2024-10-01,N24001403,1033,TAMENGLONG - MAHUR PKG-2,ROAD TRANSPORT AND HIGHWAYS,NHIDCL,MANIPUR,2021-07-01,2023-03-01,2025-01-01,483.87,483.87,278.89,91.03,,2024-08-01,,,transitional,179
2024-10-01,N24001404,1034,TAMENGLONG - MAHUR PKG-4,ROAD TRANSPORT AND HIGHWAYS,NHIDCL,MANIPUR,2021-07-01,2023-03-01,2025-02-01,198.77,198.77,110.09,85.12,,2025-02-01,,,transitional,179
2024-10-01,N24001405,1035,CHURACHANPUR TUIVAI PKG-3,ROAD TRANSPORT AND HIGHWAYS,NHIDCL,MANIPUR,2021-07-01,2023-10-01,2025-06-01,673.27,673.27,361.21,72.82,,2024-02-01,,,transitional,179
2024-10-01,N24001436,1036,TAMENGLONG - MAHUR PKG-5,ROAD TRANSPORT AND HIGHWAYS,NHIDCL,MANIPUR,2021-08-01,2023-05-01,2025-01-01,477.86,477.86,235.67,80.3,,2025-01-01,,,transitional,179
2024-10-01,N24001437,1037,TAMENGLONG - MAHUR PKG-6,ROAD TRANSPORT AND HIGHWAYS,NHIDCL,MANIPUR,2021-09-01,2023-05-01,2025-04-01,311.18,311.18,171.57,72.7,,2024-11-01,,,transitional,179
2024-10-01,N24001439,1038,MARAM - PEREN PKG-3,ROAD TRANSPORT AND HIGHWAYS,NHIDCL,MANIPUR,2021-08-01,2023-05-01,2025-01-01,467.41,467.41,243.19,92.31,,2024-10-01,,,transitional,179
2024-10-01,N24001453,1039,IMPHAL - KHONGSANG PKG-4,ROAD TRANSPORT AND HIGHWAYS,NHIDCL,MANIPUR,2021-08-01,2023-12-01,2025-07-01,579.63,579.63,131.58,52.65,,2025-07-01,,,transitional,179
2024-10-01,N24001473,1040,CONSTRUCTION OF 2-LANING WITH HARD SHOULDER ROAD OF UKHRUL - TOLOI - TADUBI SECTION OF NH-102A FROM,ROAD TRANSPORT AND HIGHWAYS,NHIDCL,MANIPUR,2021-09-01,2024-02-01,2025-03-01,310.76,310.76,121.05,77.4,,2025-03-01,,,transitional,179
2024-10-01,N24001538,1041,IMPHAL - KHONGSANG PKG-5,ROAD TRANSPORT AND HIGHWAYS,NHIDCL,MANIPUR,2021-12-01,2024-05-01,2025-02-01,410.68,410.68,105.71,50.81,,2025-02-01,,,transitional,179
2024-10-01,N24001539,1042,IMPHAL - KHONGSANG PKG-6,ROAD TRANSPORT AND HIGHWAYS,NHIDCL,MANIPUR,2021-12-01,2025-02-01,2025-09-01,504.76,504.76,113.57,48.76,,2025-09-01,,,transitional,179
2024-10-01,N24001540,1043,AKASH BRIDGE - JESSAMI SECTION PKG-2,ROAD TRANSPORT AND HIGHWAYS,NHIDCL,MANIPUR,2022-03-01,2025-02-01,2025-02-01,152.11,152.11,53.26,75,,2025-02-01,,,transitional,180
2024-10-01,N24001974,1044,CONSTRUCTION OF 2-LANING WITH HARD SHOULDER ROAD OF UKHRUL - TOLOI - TADUBI SECTION OF NH-102A FROM,ROAD TRANSPORT AND HIGHWAYS,NHIDCL,MANIPUR,2021-09-01,2025-01-01,2025-01-01,315.56,315.56,73.38,52.02,,2025-01-01,,,transitional,180
2024-10-01,N24002028,1045,LMPHAL TO JIRIBAM PKG-7,ROAD TRANSPORT AND HIGHWAYS,NHIDCL,MANIPUR,2023-01-01,2025-12-01,2025-12-01,760.16,760.16,67.05,28.83,,2025-12-01,,,transitional,180
2024-10-01,N24002131,1046,UKHRUL TOLOI TADUBI PKG-2,ROAD TRANSPORT AND HIGHWAYS,NHIDCL,MANIPUR,2023-03-01,2026-02-01,2026-03-01,578.98,578.98,68.3,34.04,,2026-03-01,,,transitional,180
2024-10-01,N42000001,1047,CONSTRUCTION AND DEVELOPMENT OF NATINAL INSTITUTE OF TECHNOLOGY MEGHALAYA PERMANENT CAMPUS AT SOHRA,DEPARTMENT OF HIGHER EDUCATION,RITES OF HIGHER,MEGHALAYA,2013-09-01,2014-09-01,2024-07-01,484.32,429.7,276.05,74,429.7,2024-07-01,,,transitional,180
2024-10-01,N12000103,1048,"CONSTRUCTION OF INTERNATIONAL CENTRE FOR PERFORMING ARTS AND CULTURE,SHILONG IN MEGALAYA UNDER NLCPR",DONER,HSCL FOR DONER,MEGHALAYA,2014-04-01,2017-09-01,2017-09-01,151.33,151.33,148.33,98.5,,,,,transitional,180
2024-10-01,N24000771,1049,WIDENING TO 2-LANE WITH GEOMETRIC IMPROVEMENTS OF TURA DALU ROAD UNDER JICA FUNDING FROM KM 85.000 T,ROAD TRANSPORT AND HIGHWAYS,NHIDCL,MEGHALAYA,2017-04-01,2021-09-01,2025-03-01,553.51,553.51,344.9,67.41,610.09,2023-07-01,,,transitional,180
2024-10-01,N24001313,1050,IMPROVEMENT/WIDENING TO 2-L WITH PAVED SHOULDER FROM (DESIGN KM 0.00 TO KM 10.670) / 4- LANING FROM (,ROAD TRANSPORT AND HIGHWAYS,NHIDCL,MEGHALAYA,2020-11-01,2023-12-01,2025-10-01,351.12,351.12,232.71,29,,2025-10-01,,,transitional,180
2024-10-01,N24001314,1051,IMPROVEMENT/WIDENING TO 2- LANE WITH PAVED SHOULDER FROM (DESIGN KM 10.670 TO KM 37.550) BETWEEN SHIL,ROAD TRANSPORT AND HIGHWAYS,NHIDCL,MEGHALAYA,2020-11-01,2023-12-01,2026-08-01,525.68,525.68,385,14.5,,,,,transitional,181
2024-10-01,N24001334,1052,IMPROVEMENT/WIDENING TO 2- LANE WITH PAVED SHOULDER FROM (DESIGN KM 45.760 TO KM 63.530) BETWEEN SHIL,ROAD TRANSPORT AND HIGHWAYS,NHIDCL,MEGHALAYA,2020-11-01,2023-12-01,2026-04-01,445.51,445.51,193.78,7,,,,,transitional,181
2024-10-01,N24001335,1053,IMPROVEMENT/WIDENING TO 2- LANE WITH PAVED SHOULDER / 4- LANING FROM (DESIGN KM 63.530 TO KM 71.520) B,ROAD TRANSPORT AND HIGHWAYS,NHIDCL,MEGHALAYA,2020-11-01,2023-12-01,2026-11-01,284.21,284.21,45.46,3,,,,,transitional,181
2024-10-01,N24001339,1054,RANIKOR-MAHESHKHOLA- BAGHMARA (RMB) PKG-4 (KANAI- RONGARA),ROAD TRANSPORT AND HIGHWAYS,NHIDCL,MEGHALAYA,2020-10-01,2022-04-01,2024-12-01,157.86,157.86,146.19,97.49,146.92,2024-06-01,,,transitional,181
2024-10-01,N24001360,1055,RANIKOR-MAHESHKHOLA- BAGHMARA (RMB) PKG-3,ROAD TRANSPORT AND HIGHWAYS,NHIDCL,MEGHALAYA,2021-03-01,2022-12-01,2024-11-01,260.21,260.21,216.59,90,,2024-06-01,,,transitional,181
2024-10-01,N24001441,1056,REHABILITATION AND UPGRADATION OF NONGSTOIN TO WAHKAJI SECTION OF PROJECT ROAD KM 0.000 TO KM 43.06,ROAD TRANSPORT AND HIGHWAYS,MoRTH,MEGHALAYA,2020-08-01,2022-02-01,2024-11-01,302.88,302.88,213.32,93.11,,2024-11-01,,,transitional,181
2024-10-01,N24001474,1057,REHABITITATION AND UP GRADATION OF NONGSTOIN- RAMBRAI-KYRSHAI ROAD UP TO MEGHALAYA-ASSAM BORDER FROM,ROAD TRANSPORT AND HIGHWAYS,NHIDCL,MEGHALAYA,2021-09-01,2024-05-01,2024-12-01,359.86,359.86,220.56,78.5,,,,,transitional,181
2024-10-01,N24001541,1058,RANIKOR- MAHESHKHOLA- BAGHMARA PKG-2,ROAD TRANSPORT AND HIGHWAYS,NHIDCL,MEGHALAYA,2021-11-01,2024-06-01,2024-12-01,283.5,283.5,203.23,70.68,,,,,transitional,182
2024-10-01,N24002156,1059,CONSTRUCTION OF 2-LANE WITH PAVED SHOULDER OF SHILLONG WESTERN BYPASS STARTING FROM NH-06 NEAR LADUM,ROAD TRANSPORT AND HIGHWAYS,NHIDCL,MEGHALAYA,2023-03-01,2026-09-01,2026-09-01,620.3,620.3,168.64,0,,,,,transitional,182
2024-10-01,N24002157,1060,SHILLONG WESTERN BYPASS PACKAGE-2,ROAD TRANSPORT AND HIGHWAYS,NHIDCL,MEGHALAYA,2023-03-01,2026-09-01,2026-09-01,686,686,241.74,0,,,,,transitional,182
2024-10-01,N24002158,1061,CONSTRUCTION OF 2-LANE WITH PAVED SHOULDERS OF SHILLONG WESTERN BYPASS STARTING FROM NH-06 NEAR LADU,ROAD TRANSPORT AND HIGHWAYS,NHIDCL,MEGHALAYA,2023-03-01,2026-09-01,2026-09-01,562.48,562.48,263.14,0,,,,,transitional,182
2024-10-01,N22000100,1062,"BHAIRABI SAIRONG, NL, NEFR",RAILWAYS,NFR,MIZORAM,2008-04-01,2014-03-01,2025-07-01,2393.47,8213.72,7562.76,93,5021.45,,,,transitional,182
2024-10-01,N24000857,1063,WIDENING AND UP-GRADATION TO 2-LANE WITH PAVED SHOULDER CONFIGURATION AND GEOMETRIC IMPROVEMENTS FRO,ROAD TRANSPORT AND HIGHWAYS,NHIDCL,MIZORAM,2017-04-01,2023-04-01,2025-01-01,519.09,785.65,649.83,90,785.65,2024-11-01,,,transitional,182
2024-10-01,N24000858,1064,WIDENING AND UP-GRADATION TO 2-LANE WITH PAVED SHOULDER CONFIGURATION AND GEOMETRIC IMPROVEMENTS FRO,ROAD TRANSPORT AND HIGHWAYS,NHIDCL,MIZORAM,2017-04-01,2023-07-01,2024-07-01,640.07,1286.35,1217.65,98.9,990.88,2024-05-01,,,transitional,182
2024-10-01,N24000859,1065,WIDENING AND UP-GRADATION TO 2-LANE WITH PAVED SHOULDER CONFIGURATION AND GEOMETRIC IMPROVEMENTS FRO,ROAD TRANSPORT AND HIGHWAYS,NHIDCL,MIZORAM,2017-04-01,2023-06-01,2024-03-01,642.96,988.23,729.84,99.34,988.23,2024-03-01,,,transitional,182
2024-10-01,N24000861,1066,WIDENING AND UP-GRADATION TO 2-LANE WITH PAVED SHOULDER CONFIGURATION AND GEOMETRIC IMPROVEMENTS FRO,ROAD TRANSPORT AND HIGHWAYS,NHIDCL,MIZORAM,2017-04-01,2023-04-01,2025-02-01,473.18,688.25,520.26,84.88,688.25,2024-11-01,,,transitional,183
2024-10-01,N24000862,1067,WIDENING AND UP-GRADATION TO 2-LANE WITH PAVED SHOULDER CONFIGURATION AND GEOMETRIC IMPROVEMENTS FRO,ROAD TRANSPORT AND HIGHWAYS,NHIDCL,MIZORAM,2017-04-01,2023-04-01,2025-02-01,537.82,789.05,747.56,91.6,789.05,2024-07-01,,,transitional,183
2024-10-01,N24000863,1068,WIDENING AND UP-GRADATION TO 2-LANE WITH PAVED SHOULDER CONFIGURATION AND GEOMETRIC IMPROVEMENTS FRO,ROAD TRANSPORT AND HIGHWAYS,NHIDCL,MIZORAM,2017-04-01,2023-06-01,2025-03-01,518.53,906.76,791.68,89.25,906.76,2024-10-01,,,transitional,183
2024-10-01,N24000864,1069,WIDENING AND UP-GRADATION TO 2-LANE WITH PAVED SHOULDER CONFIGURATION AND GEOMETRIC IMPROVEMENTS FRO,ROAD TRANSPORT AND HIGHWAYS,NHIDCL,MIZORAM,2017-04-01,2024-04-01,2025-03-01,404.29,750.32,593.23,84.4,750.32,2024-11-01,,,transitional,183
2024-10-01,N24000865,1070,WIDENING AND UP-GRADATION TO 2-LANE WITH PAVED SHOULDER CONFIGURATION AND GEOMETRIC IMPROVEMENTS FRO,ROAD TRANSPORT AND HIGHWAYS,NHIDCL,MIZORAM,2017-04-01,2023-09-01,2025-03-01,428.11,746.39,579.7,87.3,746.39,2024-11-01,,,transitional,183
2024-10-01,N24001277,1071,CONSTRUCTION OF CHHIATHLANG -SERCHHIP BYPASS (PKG-1) ON AIZAWL-TUIPANG SECTION OF NH- 54,ROAD TRANSPORT AND HIGHWAYS,NHIDCL,MIZORAM,2020-09-01,2022-10-01,2024-03-01,275.02,247.25,231.19,99.73,247.25,2024-03-01,,,transitional,183
2024-10-01,N24001278,1072,CONSTRUCTION OF TWO LANE WITH PAVED SHOULDER OF SELLING-DULTE SECTION OF NH-06 (PKG-I),ROAD TRANSPORT AND HIGHWAYS,NHIDCL,MIZORAM,2020-03-01,2022-07-01,2024-06-01,206.88,219.33,206.58,97.01,219.33,2024-06-01,,,transitional,184
2024-10-01,N24001281,1073,CONSTRUCTION OF TWO LANE WITH PAVED SHOULDER OF SELLING-DULTE SECTION OF NH-06 (PKG-III),ROAD TRANSPORT AND HIGHWAYS,NHIDCL,MIZORAM,2020-03-01,2022-07-01,2025-07-01,292.24,331.17,293.9,91.64,331.17,2024-10-01,,,transitional,184
2024-10-01,N24001355,1074,DULTE- KWALKULH - CHAMPAI PKG.1,ROAD TRANSPORT AND HIGHWAYS,NHIDCL,MIZORAM,2021-03-01,2022-12-01,2024-03-01,374.39,318.92,292.37,100,318.92,2024-03-01,,,transitional,184
2024-10-01,N24001356,1075,DULTE- KWALKULH - CHAMPAI PKG.2,ROAD TRANSPORT AND HIGHWAYS,NHIDCL,MIZORAM,2021-03-01,2022-12-01,2024-04-01,233.25,233.25,178.37,100,233.25,2024-04-01,,,transitional,184
2024-10-01,N24001358,1076,TLABUNG - LUNGLEI PKG-A,ROAD TRANSPORT AND HIGHWAYS,NHIDCL,MIZORAM,2021-03-01,2022-12-01,2025-12-01,698.44,698.45,388.33,42.55,698.45,2024-12-01,,,transitional,184
2024-10-01,N24001359,1077,TLABUNG - LUNGLEI PKG-B,ROAD TRANSPORT AND HIGHWAYS,NHIDCL,MIZORAM,2021-03-01,2023-01-01,2025-12-01,740.58,740.58,281.51,41.6,740.58,2024-12-01,,,transitional,184
2024-10-01,N24001440,1078,KEIFANG - TUVAI PKG-1,ROAD TRANSPORT AND HIGHWAYS,NHIDCL,MIZORAM,2021-09-01,2023-05-01,2024-12-01,492.94,492.94,357.26,84.7,492.94,2024-06-01,,,transitional,184
2024-10-01,N24001975,1079,UP-GRADATION TO 2-LANE WITH PAVED SHOULDERS OF NGOPA - PAWLRANG SECTION OF NH 102B OF AIZAWL - IMPHA,ROAD TRANSPORT AND HIGHWAYS,NHIDCL,MIZORAM,2021-09-01,2025-02-01,2026-02-01,523.78,523.78,248.74,42.3,,,,,transitional,184
2024-10-01,N24002027,1080,KEIFANG - TUVAI PKG-3,ROAD TRANSPORT AND HIGHWAYS,NHIDCL,MIZORAM,2021-12-01,2025-02-01,2025-12-01,500.88,500.88,148.05,39,,,,,transitional,184
2024-10-01,N06000154,1081,NILJAI EXPANSION (DEEP) OC (3.5 MTY),COAL,WCL,MULTI STATE,2016-08-01,2022-03-01,2025-03-01,319.76,319.76,281.4,98,319.76,2025-03-01,,,transitional,184
2024-10-01,N06000157,1082,DURGAPUR EXTENSION (DEEP) OC (3.0 MTY),COAL,WCL,MULTI STATE,2017-02-01,2021-03-01,2025-03-01,328,328,321.43,96,,2025-03-01,,,transitional,185
2024-10-01,N06000192,1083,BINA KAKRI AMALGAMATION OCP 14 MTPA,COAL,NCL,MULTI STATE,2020-08-01,2024-03-01,2025-03-01,836.42,836.42,701.49,55.73,,,,,transitional,185
2024-10-01,N40000001,1084,NATIONAL INDUSTRIAL CORRIDOR PROJECT,DPIIT,DMIC FOR DPIIT,MULTI STATE,2011-09-01,2027-03-01,2027-03-01,20084,20084,10217.21,50.99,20084,2027-03-01,,,transitional,185
2024-10-01,N16000285,1085,KOCHI-KOOTTANAD-BANGALORE- MANGALORE PIPELINE PHASE-II,PETROLEUM,GAIL,MULTI STATE,2009-06-01,2012-12-01,2025-03-01,2915,5909,4092.7,92.3,5909,2025-02-01,,,transitional,185
2024-10-01,N16000388,1086,SRIKAKULAM ANGUL PIPELINE PROJECT,PETROLEUM,GAIL,MULTI STATE,2019-09-01,2022-07-01,2025-06-01,2658.34,2658.34,1985.1,92.2,,2025-06-01,,,transitional,185
2024-10-01,N16000391,1087,DHAMRA HALDIA PIPELINE PROJECT,PETROLEUM,GAIL,MULTI STATE,2020-03-01,2022-11-01,2025-03-01,1030.65,1030.65,787.6,84.7,,2025-03-01,,,transitional,185
2024-10-01,N16000398,1088,MUMBAI NAGPUR JHARSUGUDA PIPELINE PROJECT,PETROLEUM,GAIL,MULTI STATE,2020-06-01,2023-05-01,2025-06-01,7844.25,7844.25,5825.6,90.1,,2025-06-01,,,transitional,185
2024-10-01,N16000426,1089,CGD PROJECT AT NAWADA AND KODERMA DISTRICTS,PETROLEUM,IOCL,MULTI STATE,2019-06-01,2029-12-01,2030-03-01,169,169,71.21,17.9,,2030-03-01,,,transitional,185
2024-10-01,N16000439,1090,NORTH EAST GAS GRID,PETROLEUM,IGGL,MULTI STATE,2020-11-01,2024-03-01,2027-03-01,9265,9265,5479.01,83.83,9265,2025-03-01,,,transitional,185
2024-10-01,N16000531,1091,GURDASPUR JAMMU PIPELINE,PETROLEUM,GAIL,MULTI STATE,2023-07-01,2026-07-01,2026-07-01,521.92,521.92,7.7,16.8,521.92,2026-07-01,,,transitional,185
2024-10-01,N18000184,1092,ESTABLISHMENT OF FIBER OPTIC COMMUNICATION SYSTEM IN NR UNDER FIBER OPTIC EXPANSION PROJECT (ADDITIO,POWER,PGCIL,MULTI STATE,2015-03-01,2018-03-01,2024-12-01,197.4,197.4,161.89,96,,,,,transitional,186
2024-10-01,N18000249,1093,COMPREHENSIVE SCHEME FOR THE STRENGHTENING OF THE TRANSMISSION AND DISTRIBUTION SYSTEM IN A P,POWER,PGCIL,MULTI STATE,2014-12-01,2018-12-01,2025-03-01,4754.42,9129.32,6841.94,77.5,9129.32,2025-03-01,,,transitional,186
2024-10-01,N18000250,1094,NORTH EASTERN REGION POWER SYSTEM IMPROVEMENT PROJECT (NERPSIP) FOR SIX (6) STATES,POWER,PGCIL,MULTI STATE,2014-12-01,2018-12-01,2025-03-01,5111.33,6700,4954.66,95.2,6700,2025-03-01,,,transitional,186
2024-10-01,N18000264,1095,HVDC BIPOLE LINK BETWEEN WR AND SR -NORTH TRICHUR - SCHEME -II AC SYSTEM STRENGTHENING AT PUGALUR EN,POWER,PGCIL,MULTI STATE,2017-08-01,2020-02-01,2025-09-01,1931.39,2635.55,1964.44,99,2635.55,2023-04-01,,,transitional,186
2024-10-01,N18000316,1096,NORTH EASTERN REGION STRENGTHENING SCHEME-XII,POWER,PGCIL,MULTI STATE,2021-05-01,2023-03-01,2024-08-01,576.42,576.42,419.96,100,576.42,,,,transitional,186
2024-10-01,N18000328,1097,TS FOR EVACUATION OF POWER FROM PAKALDUL HEP IN CHENAB VALLEY HEPS - LTA SYSTEM,POWER,PGCIL,MULTI STATE,2022-02-01,2025-04-01,2025-04-01,318.12,318.12,143.75,85,,,,,transitional,186
2024-10-01,N18000330,1098,TRANSMISSION SYSTEM STRENGTHENING FOR SRINAGAR- LEH TRANSMISSION SYSTEM,POWER,PGCIL,MULTI STATE,2022-03-01,2024-12-01,2025-09-01,288.71,288.71,128.79,44,,,,,transitional,186
2024-10-01,N18000331,1099,TRANSMISSION SYSTEM STRENGTHENING SCHEME FOR EVACUATION OF POWER FROM SOLAR ENERGY ZONES IN RAJASTHA,POWER,PGCIL,MULTI STATE,2022-02-01,2023-09-01,2024-12-01,359.47,359.47,225.97,66,,,,,transitional,187
2024-10-01,N18000332,1100,TRANSMISSION SYSTEM STRENGTHENING SCHEME FOR EVACUATION OF POWER FROM SOLAR ENERGY ZONES IN RAJASTHA,POWER,PGCIL,MULTI STATE,2022-05-01,2023-11-01,2024-12-01,1666,1666,1339.62,81,,,,,transitional,187
2024-10-01,N18000337,1101,TRANSMISSION NETWORK EXPANSION IN GUJARAT TO INCREASE ATC FROM ISTS: PART B,POWER,PGCIL,MULTI STATE,2022-07-01,2023-06-01,2024-12-01,4546.26,4546.26,2255.35,70,,,,,transitional,187
2024-10-01,N18000338,1102,TRANSMISSION NETWORK EXPANSION IN GUJARAT TO INCREASE ATC FROM ISTS: PART C,POWER,PGCIL,MULTI STATE,2022-07-01,2025-03-01,2025-03-01,186.19,186.19,66.53,68,,,,,transitional,187
2024-10-01,N18000343,1103,SYSTEM STRENGTHENING SCHEME FOR EASTERN AND NORTH EASTERN REGION,POWER,PGCIL,MULTI STATE,2022-10-01,2025-10-01,2025-10-01,307.87,307.87,88.31,52,,,,,transitional,187
2024-10-01,N18000352,1104,TRANSMISSION SYSTEM FOR KURNOOL WIND ENERGY ZONE SOLAR ENERGY ZONE (AP) PART-A PART B,POWER,PGCIL,MULTI STATE,2023-03-01,2024-11-01,2025-03-01,3546.94,3546.94,1465.14,57,,,,,transitional,187
2024-10-01,N18000353,1105,ER WR TRANSMISSION LIMITED,POWER,PGCIL,MULTI STATE,2023-03-01,2025-03-01,2025-03-01,281.16,281.16,35.14,31,,,,,transitional,187
2024-10-01,220100188,1106,"NANGALDAM-TALWARA(NL),NR",RAILWAYS,NR,MULTI STATE,1981-03-01,2012-07-01,2027-01-01,450,2017.96,1433.55,69,,2027-01-01,,,transitional,187
2024-10-01,220100232,1107,"LALITPUR-SATNA-REWA-SINGRULI NL, (NCR)",RAILWAYS,WCR,MULTI STATE,1998-09-01,2008-05-01,2025-03-01,247.66,8248.5,2520.04,43,63.57,,,,transitional,188
2024-10-01,N22000134,1108,CHHAPRA-BALLIA UP,RAILWAYS,NER,MULTI STATE,2013-03-01,2019-01-01,2025-02-01,295,995.82,987.32,95,954,,,,transitional,188
2024-10-01,N22000138,1109,CHOTTAUDEPUR-DHAR(NL),RAILWAYS,WR,MULTI STATE,2007-04-01,2022-03-01,2027-12-01,1347.26,1793.63,1485.12,58,1793.63,2027-12-01,,,transitional,188
2024-10-01,N22000139,1110,"DAHOD-INDORE VIA SARDARPUR, JHABUA AND DHAR (NL)",RAILWAYS,WR,MULTI STATE,2007-04-01,2022-03-01,2027-02-01,1640.04,2873.11,2145.2,58,1873.1,2027-02-01,,,transitional,188
2024-10-01,N22000148,1111,GWALIOR-SEOPURKALA WITH EXTENSION TO KOTA (GC),RAILWAYS,NCR,MULTI STATE,2011-04-01,2022-03-01,2024-12-01,2912.96,3845.6,1024.32,0,,,,,transitional,188
2024-10-01,N22000158,1112,DHOLPUR-SIRMUTTRA WITH EXTENSION TO GANGAPURCITY AND MOHARI-TANTPUR AND TANPUR-BANSI PAHARPUR,RAILWAYS,NCR,MULTI STATE,2010-04-01,,2026-12-01,2030.5,746.83,81.25,19,746.83,2026-12-01,,,transitional,188
2024-10-01,N22000183,1113,NEW BONGAIGAON-RANGIA- KAMAKGHYA DOUBLING,RAILWAYS,NFR,MULTI STATE,2013-04-01,2019-03-01,2024-10-01,1798,2832.35,3188,99,,,,,transitional,188
2024-10-01,N22000206,1114,NEW BG LINE FROM BALURGHAT TO HILLY NFR,RAILWAYS,NFR,MULTI STATE,2010-04-01,2020-03-01,2027-03-01,242.22,1195.95,389.33,5,,,,,transitional,188
2024-10-01,N22000207,1115,NEW BG LINE FROM JAGBANI TO BIRATNAGAR,RAILWAYS,NFR,MULTI STATE,2010-04-01,,2023-03-01,241.52,401.65,343.3,85.42,,,,,transitional,188
2024-10-01,N22000208,1116,MURKONGSELEK-PASIGHAT NL,RAILWAYS,NFR,MULTI STATE,2011-04-01,2020-03-01,2025-05-01,414.84,1265.16,608.04,35,,,,,transitional,188
2024-10-01,N22000219,1117,PIRPAINTI-JASIDIH,RAILWAYS,ER,MULTI STATE,2013-04-01,2022-03-01,2028-03-01,915.98,2610.84,809.34,45,,2028-03-01,,,transitional,188
2024-10-01,N22000261,1118,KAZIPET-VIJAYAWADA 3RD LINE WITH ELECTRIFICATION,RAILWAYS,SCR,MULTI STATE,2012-04-01,2023-03-01,2025-03-01,1856.95,1952.68,1413.19,0,,,,,transitional,189
2024-10-01,N22000274,1119,DEOBAND (MUZAFFARNAGAR)- ROORKEE NL,RAILWAYS,NR,MULTI STATE,2007-04-01,,2024-02-01,336.91,791.39,572.99,40,,,,,transitional,189
2024-10-01,N22000279,1120,RAYADURGA-TUMKUR NL,RAILWAYS,SWR,MULTI STATE,2007-04-01,,2027-02-01,2062.3,2495.59,1413.42,60,2495.59,,,,transitional,189
2024-10-01,N22000333,1121,HOTGI-KUDGI-GADAG,RAILWAYS,SWR,MULTI STATE,2015-03-01,2019-03-01,2025-06-01,1614.59,2458.87,2408.17,89,1877.81,,,,transitional,189
2024-10-01,N22000367,1122,KAZIPET-BALHRSHA,RAILWAYS,SCR,MULTI STATE,2015-04-01,2021-03-01,2025-01-01,2063.03,2909,2627.09,0,,,,,transitional,189
2024-10-01,N22000463,1123,MUMBAI AHMEDABAD HIGH SPEED RAIL PROJECT,RAILWAYS,NHSRCL,MULTI STATE,2015-12-01,2023-12-01,2027-08-01,108000,108000,67486,47.17,,,,,transitional,189
2024-10-01,N22000464,1124,WESTERN DEDICATED FREIGHT CORRIDOR,RAILWAYS,DFCC,MULTI STATE,2007-11-01,2020-03-01,2020-03-01,16592,51101,47476,83,51101,,,,transitional,189
2024-10-01,N22000467,1125,CHANDIGARH-BADDI,RAILWAYS,NR,MULTI STATE,2007-04-01,2023-03-01,2025-06-01,328.14,1540.14,482.67,10,,,,,transitional,189
2024-10-01,N22000506,1126,NARAYANGARH TO BHADRAK 3RD LINE (155 KM),RAILWAYS,SER,MULTI STATE,2019-03-01,2023-05-01,2025-12-01,1866.31,1866.31,1660.96,55,,,,,transitional,189
2024-10-01,N24000182,1127,VARANASI-AURANGABAD KM.786 TO KM.978.40,ROAD TRANSPORT AND HIGHWAYS,NHAI,MULTI STATE,2011-09-01,2014-03-01,2024-09-01,2848,3241.56,3901.66,86.01,,,,,transitional,189
2024-10-01,N24001628,1128,4/6L OF SPUR TO HARIDWAR (GREENFIELD) FROM KM. 0.000 TO KM. 49.000,ROAD TRANSPORT AND HIGHWAYS,NHAI,MULTI STATE,2021-11-01,2025-02-01,2025-02-01,2155.95,2155.95,1178.79,50.62,,,,,transitional,189
2024-10-01,N24001629,1129,6L WITH ACCESS CONTROL PROVISION SAHARANPUR BYPASS TO GANESHPUR SECTION FROM 13.89 KM TO 41.820 KM O,ROAD TRANSPORT AND HIGHWAYS,NHAI,MULTI STATE,2022-04-01,2024-11-01,2024-11-01,796.65,796.65,293.17,65.95,,,,,transitional,190
2024-10-01,N25000072,1130,JAL MARG VIKAS PROJECT,SHIPPING AND PORTS,IWAI,MULTI STATE,2018-01-01,2023-03-01,2025-12-01,5369.18,5061.15,3115.95,61.79,5061.15,2025-12-01,,,transitional,190
2024-10-01,N26000114,1131,PHASE-I OF CONSOLIDATION OF EXISTING CDR DATA CENTERS AND NIB-P3 DATA CENTERS WITH STATE OF THE ART,TELECOMMUNI CATIONS,BSNL,MULTI STATE,2020-03-01,2021-06-01,2024-12-01,461.42,461.42,159.98,81,461.42,2021-11-01,,,transitional,190
2024-10-01,N26000115,1132,SUPER EDGE ROUTERS FOR BSNL INTERNET PROTOCOL - MULTI PROTOCOL LEBEL SWITCHING (IPMPLS) NETWORK and,TELECOMMUNI CATIONS,BSNL,MULTI STATE,2023-03-01,2024-03-01,2024-12-01,239.6,239.6,169.1,100,,2024-07-01,,,transitional,190
2024-10-01,N26000116,1133,MPLS-IP BASED ACCESS AND AGGREGATION NETWORK (MAAN) IN BSNL ALONG WITH TEST AND MEASURING EQUIPMENT,TELECOMMUNI CATIONS,BSNL,MULTI STATE,2023-05-01,2024-08-01,2024-11-01,645.13,645.13,263.8,75.33,,2024-11-01,,,transitional,190
2024-10-01,N26000117,1134,PLANNIN ENGINEERING SUPPLY INSTALLATION TESTING COMMISSIONING INTEGARTION and ANNUAL MAINTENANCE OF,TELECOMMUNI CATIONS,BSNL,MULTI STATE,2023-06-01,2025-06-01,2025-06-01,24556.35,24544.55,3711.06,50.71,24544.55,,,,transitional,190
2024-10-01,N26000118,1135,OPTICAL TRANSPORT NETWORK (OTN) PH-4 IN BSNL,TELECOMMUNI CATIONS,BSNL,MULTI STATE,2024-02-01,2025-08-01,2025-08-01,810.99,810.99,274,27.42,,,,,transitional,190
2024-10-01,N28000134,1136,DELHI GHAZIABAD MEERUT RRTS CORRIDOR,URBAN DEVELOPMENT,NCRTC,MULTI STATE,2019-03-01,2025-06-01,2025-06-01,30274,30274,22955.39,80.8,,,,,transitional,190
2024-10-01,N16000529,1137,"AUGMENTATION OF DIMAPUR DEPOT, DIMAPUR",PETROLEUM,IOCL,NAGALAND,2023-08-01,2027-11-01,2027-11-01,227.62,227.62,0.22,9.5,,,,,transitional,191
2024-10-01,N22000124,1138,NEW LINE FROM DIMAPUR TO ZUBZA(KOHIMA) NATIONAL PROJECT (NEFR),RAILWAYS,NFR,NAGALAND,2006-04-01,2015-03-01,2029-12-01,2326.52,6663.2,3846.75,60,6663.2,,,,transitional,191
2024-10-01,N24000686,1139,FOUR LANING OF DIMAPUR KOHIMA ROAD FROM DESIGN KM 123.840 TO KM 138.775 (EXISTING KM 124.100 TO KM 1,ROAD TRANSPORT AND HIGHWAYS,NHIDCL,NAGALAND,2016-03-01,2019-09-01,2024-12-01,373.07,534.41,382.5,99.81,534.41,2022-11-01,,,transitional,191
2024-10-01,N24000688,1140,FOUR LANING OF EXISTING DIMAPUR KOHIMA ROAD FROM DESIGN KM 152.490 TO KM 166.700 (EXISTING KM 156.00,ROAD TRANSPORT AND HIGHWAYS,NHIDCL,NAGALAND,2016-03-01,2022-08-01,2025-09-01,429.52,794.74,291.85,83.66,794.74,2025-09-01,,,transitional,191
2024-10-01,N24000752,1141,(I) CONSTRUCTION OF FOUR/SIX LANING FROM KM 132.375 TO KM 158.058 (TOTAL NEW ALIGNMENT LENGTH OF 20.,ROAD TRANSPORT AND HIGHWAYS,NHIDCL,NAGALAND,2017-02-01,2020-09-01,2024-12-01,387,688.12,387.5,99.32,688.12,2023-02-01,,,transitional,191
2024-10-01,N24000753,1142,(II) CONSTRUCTION OF DIMAPUR BYPASS (ASSAM PORTION) OF 4/6 LANE PAVEMENT ON EPC BASIS FROM EXISTING,ROAD TRANSPORT AND HIGHWAYS,NHIDCL,NAGALAND,2018-03-01,2022-11-01,2024-12-01,500.09,698.81,373.62,95.65,698.81,2024-08-01,,,transitional,191
2024-10-01,N24000756,1143,CONSTRUCTION OF TWO LANE WITH HARD SHOULDERS OF CHAKABAMA-ZUNHEBOTO ROAD FROM EXISTING KM 52.370 TO,ROAD TRANSPORT AND HIGHWAYS,NHIDCL,NAGALAND,2018-03-01,2022-09-01,2024-07-01,285.68,285.68,174.28,99.9,,2023-01-01,,,transitional,191
2024-10-01,N24000763,1144,CONSTRUCTION OF TWO LANE WITH HARD SHOULDERS OF MERANGKONG-TAMLU-MON ROAD FROM EXISTING KM 20.456 TO,ROAD TRANSPORT AND HIGHWAYS,NHIDCL,NAGALAND,2018-03-01,2021-12-01,2025-08-01,215.79,215.79,110.43,38.55,,2022-08-01,,,transitional,192
2024-10-01,N24000765,1145,CONSTRUCTION OF TWO LANE WITH HARD SHOULDERS OF MERANGKONG-TAMLU-MON ROAD FROM EXISTING KM 60.345 TO,ROAD TRANSPORT AND HIGHWAYS,NHIDCL,NAGALAND,2018-03-01,2018-09-01,2025-09-01,323.98,323.98,85.56,21.85,,2023-06-01,,,transitional,192
2024-10-01,N24001179,1146,CONSTRUCTION OF 2 LANE WITH PAVED SHOULDER FROM KM. 168 TO 183.783 (YESEMYONG TO UNGER) ON MOKOKCHUN,ROAD TRANSPORT AND HIGHWAYS,MoRTH,NAGALAND,2017-03-01,2020-11-01,2023-02-01,217.35,217.35,214.18,100,,2023-02-01,,,transitional,192
2024-10-01,N24001180,1147,WIDENING OF EXISTING SINGLE/INTERMEDIATE LANE ROAD TO 2 LANE ROAD FROM KM. 83.00 TO KM 101.00 ON NH-,ROAD TRANSPORT AND HIGHWAYS,MoRTH,NAGALAND,2019-03-01,2022-12-01,2023-01-01,237.51,237.51,201.2,100,,2023-01-01,,,transitional,192
2024-10-01,N24001255,1148,CONSTRUCTION OF 2-LANE WITH PAVED SHOULDER OF KOHIMA- BYPASS ROAD FROM DESIGN KM10.500 TO 21.00KM [D,ROAD TRANSPORT AND HIGHWAYS,NHIDCL,NAGALAND,2020-09-01,2022-10-01,2024-09-01,277.44,277.44,160.86,62.33,,2024-04-01,,,transitional,192
2024-10-01,N24001257,1149,CONSTRUCTION OF 2-LANE WITH PAVED SHOULDER OF KOHIMA- BYPASS ROAD FROM DESIGN KM21.0 TO KM32.0 [DESIG,ROAD TRANSPORT AND HIGHWAYS,NHIDCL,NAGALAND,2020-08-01,2022-10-01,2025-06-01,159.85,159.85,79.96,16.82,342.29,2025-06-01,,,transitional,192
2024-10-01,N24001258,1150,CONSTRUCTION OF 2-LANE WITH PAVED SHOULDER OF KOHIMA- BYPASS ROAD FROM DSIGN KM32.0 TO KM43.454 [DES,ROAD TRANSPORT AND HIGHWAYS,NHIDCL,NAGALAND,2020-08-01,2022-04-01,2025-02-01,202.36,202.36,72.03,26.96,,2023-04-01,,,transitional,193
2024-10-01,N24001259,1151,UPGRADATION OF EXISTING ROAD TO 2-LANE WITH PAVED SHOULDER FROM KOHIMA TO MAO FROM KM 185.540 TO KM,ROAD TRANSPORT AND HIGHWAYS,NHIDCL,NAGALAND,2020-09-01,2022-04-01,2025-02-01,315.63,315.63,95.84,74.23,,2024-05-01,,,transitional,193
2024-10-01,N24001282,1152,2 LANING OF KOHIMA - JESSAMI SECTION (PACKAGE II),ROAD TRANSPORT AND HIGHWAYS,NHIDCL,NAGALAND,2020-03-01,2022-06-01,2026-01-01,355.79,355.79,109.24,60.49,,,,,transitional,193
2024-10-01,N24001286,1153,2-LANING OF CHANGTONGYA TO LONGLENG ROAD OF NH-702 (PKG- I),ROAD TRANSPORT AND HIGHWAYS,NHIDCL,NAGALAND,2020-03-01,2022-06-01,2023-06-01,278.95,278.95,166.29,100,,2022-10-01,,,transitional,193
2024-10-01,N24001287,1154,2 LANING OF KOHIMA - JESSAMI SECTION (PACKAGE V),ROAD TRANSPORT AND HIGHWAYS,NHIDCL,NAGALAND,2020-04-01,2021-12-01,2025-11-01,330.8,330.8,115.3,61.37,,2025-11-01,,,transitional,193
2024-10-01,N24001288,1155,CONSTRUCTION OF 2-LANE WITH PAVED SHOULDER OF KOHIMA- BYPASS ROAD FROM DESIGN KM 0.00 TO KM 10.500 [D,ROAD TRANSPORT AND HIGHWAYS,NHIDCL,NAGALAND,2020-08-01,2022-04-01,2026-11-01,232.29,232.29,42.39,1.91,350.88,2026-11-01,,,transitional,193
2024-10-01,N24001389,1156,CHANGTONGYA TO LONGLENG ROAD PKG-2,ROAD TRANSPORT AND HIGHWAYS,NHIDCL,NAGALAND,2020-03-01,2022-06-01,2025-01-01,206.53,206.53,119.25,99.4,,2022-09-01,,,transitional,193
2024-10-01,N24001406,1157,PEREN-DIMAPUR SECTION PKG-2,ROAD TRANSPORT AND HIGHWAYS,NHIDCL,NAGALAND,2021-07-01,2023-03-01,2025-09-01,258.52,258.52,65.31,58.44,,2025-09-01,,,transitional,193
2024-10-01,N24001407,1158,PEREN-DIMAPUR PKG-5,ROAD TRANSPORT AND HIGHWAYS,NHIDCL,NAGALAND,2021-02-01,2023-03-01,2023-03-01,207.33,207.33,0,0,,,,,transitional,193
2024-10-01,N24001438,1159,MERANGKONG-TAMLU-MON (MTM) PKG-5,ROAD TRANSPORT AND HIGHWAYS,NHIDCL,NAGALAND,2021-07-01,2023-12-01,2025-09-01,161.73,161.73,43.05,27.33,,,,,transitional,194
2024-10-01,N24001465,1160,WIDENING OF EXISTING SINGLE LANE / INTERMEDIATE LANE ROAD TO 2 LANE FROM KM 101 TO KM 125 OF NH 61 I,ROAD TRANSPORT AND HIGHWAYS,MoRTH,NAGALAND,2020-06-01,2024-09-01,2026-06-01,252.19,252.19,0.28,0,,2026-06-01,,,transitional,194
2024-10-01,N24001466,1161,WIDENING TO EXISTING SINGLE LANE /INTERMEDIATE LANE TO 2 LANE FROM KM185.00 TO KM 220.00 OF NH-61 (N,ROAD TRANSPORT AND HIGHWAYS,MoRTH,NAGALAND,2021-03-01,2024-07-01,2025-03-01,297.24,297.24,109.49,59.56,,2025-03-01,,,transitional,194
2024-10-01,N24001467,1162,WIDENING TO EXISTING SINGRE/INTERMEDIATE RANE TO 2 LANE FROM KM 135 TO KM 147 AND FROM KM 156.00 TO,ROAD TRANSPORT AND HIGHWAYS,MoRTH,NAGALAND,2021-03-01,2024-02-01,2025-01-01,226.44,226.44,115.35,81.12,,2025-01-01,,,transitional,194
2024-10-01,N24001475,1163,CONSTRUCTION OF 2 LANE WITH HARD SHOULDER FROM DESIGN CHAINAGE KM 283.000 TO KM 325.440 (5- LEGGED J,ROAD TRANSPORT AND HIGHWAYS,NHIDCL,NAGALAND,2022-03-01,2024-12-01,2024-12-01,605.36,605.36,227.62,88.43,,,,,transitional,194
2024-10-01,N24001855,1164,WIDENING OF EXISTING SINGLE LANE ROAD TO INTERMEDIATE LANE ROAD FROM MOKOKCHUNG TO CHARE VIA DIKHU I,ROAD TRANSPORT AND HIGHWAYS,MoRTH,NAGALAND,2021-02-01,2025-06-01,2025-06-01,192.93,192.93,65.73,63.23,,2025-06-01,,,transitional,194
2024-10-01,N24001912,1165,PEREN-DIMAPUR PKG-3,ROAD TRANSPORT AND HIGHWAYS,NHIDCL,NAGALAND,2021-02-01,2025-06-01,2025-06-01,177.77,199.02,19.8,30.93,199.02,,,,transitional,194
2024-10-01,N24001976,1166,WIDENING TO 2 LANE WITH HARD SHOULDER OF AKEGWO- AVANGKHU SECTION OF NH-202K FOR PACKAGE-I (DESIGN CH,ROAD TRANSPORT AND HIGHWAYS,NHIDCL,NAGALAND,2022-12-01,2026-02-01,2026-02-01,430.24,430.24,41.48,22.46,,,,,transitional,195
2024-10-01,N24001977,1167,WIDENING TO 2 LANE WITH HARD SHOULDER OF AKEGWO- AVANGKHU SECTION OF NH-202K FOR PACKAGE-II (DESIGN C,ROAD TRANSPORT AND HIGHWAYS,NHIDCL,NAGALAND,2022-12-01,2026-02-01,2026-02-01,442.54,442.54,17.58,12.03,,,,,transitional,195
2024-10-01,N24001978,1168,WIDENING TO 2 LANE WITH HARD SHOULDER OF AKEGWO- AVANGKHU SECTION OF NH-202K FOR PACKAGE-III (DESIGN,ROAD TRANSPORT AND HIGHWAYS,NHIDCL,NAGALAND,2022-12-01,2026-02-01,2026-02-01,497.18,497.18,78,34.64,,,,,transitional,195
2024-10-01,N06000112,1169,BASUNDHARA (WEST) OC EXTN(7.00 MTY),COAL,MCL,ODISHA,2014-05-01,2019-03-01,2027-03-01,479.15,479.15,266.76,62,,,,,transitional,195
2024-10-01,N06000113,1170,SIARMAL OCP (40.00MTY),COAL,MCL,ODISHA,2021-02-01,2029-03-01,2029-03-01,5194.96,5194.96,3405.83,42.5,,,,,transitional,195
2024-10-01,N06000117,1171,GARJANBAHAL OCP,COAL,MCL,ODISHA,2014-11-01,2021-03-01,2026-03-01,1375.38,1375.38,836.84,58,,,,,transitional,195
2024-10-01,N06000167,1172,INTEGRATED LAKHANPUR- BELPAHAR-LILARI OCP,COAL,MCL,ODISHA,2018-05-01,2027-03-01,2027-03-01,2434.75,2434.75,1833.5,51,,,,,transitional,195
2024-10-01,N06000171,1173,REORGANISATION OF BHARATPUR OCP EXPANSION,COAL,MCL,ODISHA,2018-11-01,2029-03-01,2029-03-01,2838.87,2838.87,1672.72,44,,,,,transitional,195
2024-10-01,N06000189,1174,TALABIRA II AND III OCP,COAL,NLC,ODISHA,2017-07-01,2027-01-01,2027-01-01,2401.07,2401.07,1384.47,53.6,,,,,transitional,195
2024-10-01,N06000203,1175,NAINI COAL MINE,COAL,SCCL,ODISHA,2020-03-01,2024-03-01,2026-03-01,494.3,494.3,491.33,35,,,,,transitional,195
2024-10-01,N06000227,1176,BHUBANESWARI EXPANSION OCP,COAL,MCL,ODISHA,2024-03-01,2031-03-01,2031-03-01,6321.73,6321.73,1143.45,18,,,,,transitional,196
2024-10-01,N06000229,1177,GOPALJI-KANIHA OCP,COAL,MCL,ODISHA,2022-04-01,2028-03-01,2028-03-01,6107.87,6107.87,1624.88,16.5,,,,,transitional,196
2024-10-01,N06000230,1178,BALARAM EXPANSION OCP,COAL,MCL,ODISHA,2020-08-01,2029-03-01,2029-03-01,3504.21,3504.21,908.31,49,,,,,transitional,196
2024-10-01,N06000248,1179,KULDA EXPANSION OCP- 15 MTY,COAL,MCL,ODISHA,2014-06-01,2018-03-01,2026-03-01,348.16,348.16,203.65,60,,,,,transitional,196
2024-10-01,N06000249,1180,SUBHADRA OCP,COAL,MCL,ODISHA,2021-05-01,2029-03-01,2029-03-01,1693.81,1693.81,1167.82,39,,2029-03-01,,,transitional,196
2024-10-01,N06000261,1181,RPR OF HINGULA -II EXPANSION PH-III,COAL,MCL,ODISHA,2022-12-01,2029-03-01,2029-03-01,2264.68,2264.68,1004.23,39,,,,,transitional,196
2024-10-01,N06000270,1182,NLC TALABIRA THERMAL POWER PROJECT (PHASE-1: 3 X 800 MW),COAL,NLC,ODISHA,2024-01-01,2029-05-01,2029-05-01,27213,27213,970.3,1.51,,,,,transitional,196
2024-10-01,N28000126,1183,INDIAN INSTITUTE OF SCIENCE EDUCATION AND RESEARCH BERHAMPUR,DEPARTMENT OF HIGHER EDUCATION,CPWD EDUCATION,ODISHA,2019-01-01,2022-03-01,2025-02-01,790.79,790.79,674.84,94,,,,,transitional,196
2024-10-01,N10000010,1184,5TH STREAM ALUMINA REFINERY EXPANSION PROJECT,MINES,NALCO,ODISHA,2014-12-01,2021-04-01,2025-09-01,4103,5677.4,3263.64,68.59,5677.4,2025-09-01,,,transitional,196
2024-10-01,N10000011,1185,UTKAL D AND E COAL BLOCK,MINES,NALCO,ODISHA,2016-05-01,2020-01-01,2024-03-01,534,1021.97,752.42,80.5,,2023-11-01,,,transitional,196
2024-10-01,N10000012,1186,CONVERSION OF FLAT BOTTOM SETTLERS AND WASHERS WITH A SINGLE TRAIN OF HRDS AND DCWS IN STREAMS 1 AND,MINES,NALCO,ODISHA,2015-12-01,2020-11-01,2026-11-01,355,581,109.88,12.6,581,2025-09-01,,,transitional,196
2024-10-01,N10000013,1187,SOURCING OF BAUXITE ARRANGEMENT FOR 5TH STREAM ALUMINA REFINERY FROM SOUTH BLOCK MINING LEASE OF PAN,MINES,NALCO,ODISHA,2017-11-01,2021-04-01,2025-05-01,483,483,348.65,86.02,483,2025-05-01,,,transitional,197
2024-10-01,N10000016,1188,POTTANGI BAUXITE MINES,MINES,NALCO,ODISHA,2018-05-01,2024-12-01,2025-05-01,1437,1381,649.96,50.3,,,,,transitional,197
2024-10-01,N10000017,1189,CONSTRUCTION OF RED MUD POND - II AT NALCO DAMANJODI ODISHA,MINES,NALCO,ODISHA,2019-09-01,2023-03-01,2024-05-01,225.79,270.66,5,100,,2024-05-01,,,transitional,197
2024-10-01,N16000361,1190,ADDITIONAL STORAGE TANKS AT PARADIP,PETROLEUM,IOCL,ODISHA,2018-11-01,2021-09-01,2024-12-01,462.3,552.44,469.84,95.1,552.44,2024-12-01,,,transitional,197
2024-10-01,N16000362,1191,Fuel Quality Upgradation Project at Paradip Refinery,PETROLEUM,IOCL,ODISHA,2019-05-01,2021-08-01,2024-12-01,3361,3361,2710.85,98.3,,2024-12-01,,,transitional,197
2024-10-01,N16000368,1192,INSTALLATION OF STANDBY SRU TRAIN OF 525 TPD ALONGWITH INCINERATOR AT PARADIP REFINERY,PETROLEUM,IOCL,ODISHA,2019-06-01,2022-09-01,2024-12-01,427.1,427.1,304.4,94.6,427.1,2024-12-01,,,transitional,197
2024-10-01,N16000396,1193,INTEGRATED PARA XYLENE (PX) AND PURIFIED TEREPHTHALIC ACID (PTA) PROJECT AT PARADIP REFINERY,PETROLEUM,IOCL,ODISHA,2020-07-01,2024-01-01,2025-04-01,13805,13805,6794.3,85.9,,2025-04-01,,,transitional,197
2024-10-01,N18000351,1194,EASTERN REGION EXPANSION SCHEME XXIX,POWER,PGCIL,ODISHA,2023-03-01,2025-11-01,2025-11-01,524.04,524.04,312.97,58,,,,,transitional,197
2024-10-01,N18000364,1195,TALCHER THERMAL POWER PROJECT STAGE III(2X660 MW),POWER,NTPC,ODISHA,2022-08-01,2027-05-01,2027-05-01,11844,11844,1405.09,8,,,,,transitional,197
2024-10-01,220100284,1196,KHURDA ROAD- BOLANGIR(NL)ECOR,RAILWAYS,ECOR,ODISHA,1994-04-01,2009-03-01,2026-12-01,2923.13,5089.37,4175.46,78,3791.66,2026-12-01,,,transitional,198
2024-10-01,220100328,1197,TALCHER-BIMALAGARH(NL)(ECOR),RAILWAYS,ECOR,ODISHA,2005-04-01,2021-06-01,2026-03-01,810.78,1928.07,1539.54,40,,,,,transitional,198
2024-10-01,N22000316,1198,BHADRAK - NERGUNDI 3RD LINE,RAILWAYS,ECOR,ODISHA,2013-03-01,2020-10-01,2025-10-01,843.04,1284.39,1138.09,75,1284.39,2025-10-01,,,transitional,198
2024-10-01,N22000376,1199,JAGADALPUR-KORAPUT DOUBLING,RAILWAYS,ECOR,ODISHA,2015-04-01,2022-03-01,2022-03-01,1547.38,1547.38,1211.47,88.5,,,,,transitional,198
2024-10-01,N22000379,1200,KORAPUT - SINGAPUR ROAD DOUBLING,RAILWAYS,ECOR,ODISHA,2015-04-01,2022-03-01,2026-03-01,2361.74,2361.74,1576.71,69,2361.74,2026-03-01,,,transitional,198
2024-10-01,N22000380,1201,JARAPADA - BUDHAPANK WITH FLY OVER AT TALCHER ROAD 3RD AND 4TH LINE,RAILWAYS,ECOR,ODISHA,2015-04-01,2018-11-01,2026-08-01,701.61,810.02,547.64,75,,2026-08-01,,,transitional,198
2024-10-01,N22000381,1202,BUDHAPANK - SALEGAON VIA RAJATGARH 3RD AND 4TH LINE.,RAILWAYS,ECOR,ODISHA,2015-04-01,2018-12-01,2025-07-01,1172.92,2022.75,1615.89,72,,2025-07-01,,,transitional,198
2024-10-01,N22000409,1203,VIZIANAGARAM -SAMABALPUR 3RD LINE,RAILWAYS,RVNL,ODISHA,1991-01-01,2024-12-01,2026-12-01,2335.67,4803.16,4691.52,0,,,,,transitional,198
2024-10-01,N22000418,1204,EXECUTION OF RAIL CONNECTIVITY PROJECT FOR COAL TRANSPORTATION IN ODISHA FOR MCRL,RAILWAYS,IRCON,ODISHA,2016-04-01,2020-03-01,2025-12-01,5200,5200,0,17.4,,,,,transitional,198
2024-10-01,N22000516,1205,JEYPORE MALKANGIRI NEW LINE,RAILWAYS,ECOR,ODISHA,2018-02-01,2033-07-01,2033-07-01,642.69,642.69,164.45,0.1,,,,,transitional,198
2024-10-01,N22000517,1206,JEYPORE NABARANGPUR NEWLINE,RAILWAYS,ECOR,ODISHA,2017-07-01,2028-07-01,2028-07-01,499.99,747.91,0,0,,,,,transitional,199
2024-10-01,N22000518,1207,TALCHER - ANGUL NEW LINE WITH Y CONNECTION AT TALCHER,RAILWAYS,ECOR,ODISHA,2018-07-01,2026-12-01,2026-12-01,278.96,494.62,29.5,0,495,,,,transitional,199
2024-10-01,N22000519,1208,KODINGAMALI BAUXITE MINES TO SINGARAM RAILWAY STATION,RAILWAYS,ECOR,ODISHA,2022-08-01,2027-08-01,2027-08-01,190.9,190.9,10,0,,,,,transitional,199
2024-10-01,N22000520,1209,GANDHAMARDAN IRON ORE MINES TO GOALDIH STATION,RAILWAYS,ECOR,ODISHA,2022-09-01,2027-09-01,2027-09-01,189.93,189.93,5.14,0,,,,,transitional,199
2024-10-01,N22000521,1210,BRUNDAMAL-JHARSUGUDA- FLYOVER CONNECTION FOR JOINING DN LINE,RAILWAYS,ECOR,ODISHA,2009-12-01,2026-12-01,2026-12-01,48.44,297,146.95,10,,,,,transitional,199
2024-10-01,N22000522,1211,BAGHUAPAL FLY OVER (20 KM),RAILWAYS,ECOR,ODISHA,2019-08-01,2027-08-01,2027-08-01,183,257.97,0.25,0,257.97,2027-08-01,,,transitional,199
2024-10-01,N22000571,1212,ROURKELA-BONDAMUNDA A-CABIN 5TH LINE (10 KM) (UMBRELLA WORK PB#57/2019-20/NR),RAILWAYS,SER,ODISHA,2022-09-01,2026-09-01,2026-03-01,209.75,244.99,45.45,8,,,,,transitional,199
2024-10-01,N24000619,1213,DEVELOPMENT OF FOUR LANNING OF ANGUL-SAMBALPUR SECTION OF NATIONAL HIGHWAY NH-42 (NEW NH-55 IN THE S,ROAD TRANSPORT AND HIGHWAYS,NHAI,ODISHA,2016-09-01,2019-08-01,2024-12-01,2510.04,2510.04,1104.98,98,,,,,transitional,199
2024-10-01,N24000715,1214,REHABILITATION AND UPGRADATION OF CUTTACK ANGUL SECTION OF NH-42 (NEW NH-55) TO 4 LANE (KM. 0+400 TO,ROAD TRANSPORT AND HIGHWAYS,NHAI,ODISHA,2017-12-01,2020-07-01,2024-12-01,686.65,686.65,574.26,86.5,565,,,,transitional,199
2024-10-01,N24000733,1215,REHABILITATION AND UP- GRADATION OF EXISTING 2-LANE TO 4 LANE OF DUBURI (KM 388.376) TO CHANDIKHOLE (,ROAD TRANSPORT AND HIGHWAYS,NHAI,ODISHA,2018-01-01,2022-08-01,2025-02-01,633.68,633.68,560.38,81,492.83,,,,transitional,200
2024-10-01,N24000734,1216,REHABILITATION AND UP- GRADATION OF EXISTING 2-LANE TO FOUR LANE FROM TALCHAR TO END OF KAMAKHYANAG,ROAD TRANSPORT AND HIGHWAYS,NHAI,ODISHA,2018-01-01,2021-08-01,2024-11-01,614.48,757.12,664.48,99,503.3,,,,transitional,200
2024-10-01,N24000736,1217,REHABILITATION AND UPGRADATION OF CUTTACK- ANGUL SECTION TO 4 LANE (KM 60.20) TO (KM 112.0) PKG II ON,ROAD TRANSPORT AND HIGHWAYS,NHAI,ODISHA,2018-01-01,2020-09-01,2024-12-01,686.65,1015.16,435.85,82,504.09,,,,transitional,200
2024-10-01,N24000738,1218,REHABILITATION AND UPGRADATION OF SIX LANING OF BHADRAK BALESHWAR SECTION (KM 136.50) TO (KM 199.141,ROAD TRANSPORT AND HIGHWAYS,NHAI,ODISHA,2018-01-01,2021-09-01,2025-03-01,999,1152.7,387.08,78.28,1152.7,,,,transitional,200
2024-10-01,N24000739,1219,REHABILITATION AND UP- GRADATION TO 4-LANING OF RAJAMUNDA-BARKOTE SECTION OF NH-23 (NEW NH NO. 143) (,ROAD TRANSPORT AND HIGHWAYS,NHAI,ODISHA,2018-01-01,2021-06-01,2024-12-01,503.88,609.03,536.89,95,609.03,2024-12-01,,,transitional,200
2024-10-01,N24000912,1220,WIDENING TO 2LPS FROM 0/0 TO 119/0 OF NH-157 IN THE STATE OF ODISHA.,ROAD TRANSPORT AND HIGHWAYS,MoRTH,ODISHA,2016-08-01,2017-02-01,2024-12-01,287.7,293.66,272.95,98.66,,,,,transitional,200
2024-10-01,N24000914,1221,WIDENING TO 2LPS FROM 239/9 TO 294/3 OF NH-57 (NAYAGARH TO KHURDA) IN THE STATE OF ODISHA,ROAD TRANSPORT AND HIGHWAYS,MoRTH,ODISHA,2016-12-01,2018-08-01,2025-03-01,223.5,223.5,220.5,92,,,,,transitional,200
2024-10-01,N24000917,1222,WIDENING TO 2LPS FROM 269/30 TO 328/20 OF NH-49 IN THE STATE OF ODISHA,ROAD TRANSPORT AND HIGHWAYS,MoRTH,ODISHA,2018-03-01,2018-08-01,2024-12-01,199.16,199.16,155.44,98,,,,,transitional,201
2024-10-01,N24001647,1223,BALANCE WORK OF PANIKOILI RIMULI SECTION OF NEW NH-20 FROM KM 0.00 TO KM. 163.000,ROAD TRANSPORT AND HIGHWAYS,NHAI,ODISHA,2020-08-01,2022-03-01,2024-11-01,200,154.73,137.04,100,154.73,,,,transitional,201
2024-10-01,N24001665,1224,6L GREENFIELD KANDILI - ALURU SECTION OF NH-130-CD ROAD FROM KM 342+500 TO KM 365+033 (PACKAGE-OD-8,ROAD TRANSPORT AND HIGHWAYS,NHAI,ODISHA,2021-12-01,2024-10-01,2025-08-01,1592,1592,884.7,63.37,1592,,,,transitional,201
2024-10-01,N24001666,1225,6L GREENFIELD BARAJA - KANDILI SECTION OF NH- 130-CD ROAD FROM KM 338+500 TO KM 342+500 (PACKAGE-OD,ROAD TRANSPORT AND HIGHWAYS,NHAI,ODISHA,2021-12-01,2024-09-01,2025-08-01,714,714,463.69,75.02,714,,,,transitional,201
2024-10-01,N24001667,1226,6L GREENFIELD KALIAGURA ? BAUNSAGUAR SECTION OF NH-130- CD ROAD FROM KM 249+000 TO KM 293+000 (PACKAG,ROAD TRANSPORT AND HIGHWAYS,NHAI,ODISHA,2021-09-01,2024-05-01,2025-10-01,1734,1734,1057.84,73.5,1734,,,,transitional,201
2024-10-01,N24001668,1227,6L OF BADAKUMARI - KARKI SECTION FROM KM 179.000 TO KM 226.500 OF NH-130-CD (PACKAGE ? OD-3),ROAD TRANSPORT AND HIGHWAYS,NHAI,ODISHA,2021-03-01,2024-04-01,2025-03-01,1249,1249,405.98,71.84,,,,,transitional,201
2024-10-01,N24001669,1228,6L OF DHANARA - HATIBENA SECTION FROM KM 124.611 TO KM 146.50 OF NH-130-CD (PACKAGE ? OD-1),ROAD TRANSPORT AND HIGHWAYS,NHAI,ODISHA,2021-02-01,2024-03-01,2025-03-01,586,586,186.65,63.8,,,,,transitional,201
2024-10-01,N24001670,1229,6L OF KARKI ? KALIAGURA SECTION FROM KM 226.500 TO KM 249.000 OF NH-130-CD (PACKAGE ? OD-4),ROAD TRANSPORT AND HIGHWAYS,NHAI,ODISHA,2021-02-01,2024-03-01,2024-12-01,593,593,251.76,88.06,,,,,transitional,202
2024-10-01,N24001671,1230,6L OF HATIBENA - BADAKUMARI SECTION FROM KM 146.50 TO KM 179.00 OF NH-130-CD (PACKAGE ? OD-2),ROAD TRANSPORT AND HIGHWAYS,NHAI,ODISHA,2021-02-01,2024-03-01,2024-12-01,925,925,398.3,94.91,,,,,transitional,202
2024-10-01,N24001678,1231,6L GREENFIELD BAUNSAGUAR - BARAJA SECTION OF NH-130-CD ROAD FROM KM 293+000 TO KM 338+500 (PACKAGE ?,ROAD TRANSPORT AND HIGHWAYS,NHAI,ODISHA,2021-08-01,2024-06-01,2025-06-01,1460,1460,852.25,80,1460,,,,transitional,202
2024-10-01,N24001857,1232,CONSTRUCTION OF ROAD FROM KM 0/0 TO 72/0 OF NH-26 SUCH AS 4 LANE FROM KM 0/0 TO 21/0 (BARGARH TO BAR,ROAD TRANSPORT AND HIGHWAYS,MoRTH,ODISHA,2020-06-01,2023-12-01,2024-12-01,414.24,414.24,277.23,60,,,,,transitional,202
2024-10-01,N24001858,1233,WIDENING AND STRENGTHENING TO 2L+PS INCLUDING LA OF KANDARPUR-BALIKUDA FROM KM 277/500 TO 318/970 OF,ROAD TRANSPORT AND HIGHWAYS,MoRTH,ODISHA,2022-03-01,2025-06-01,2025-06-01,499.79,499.79,232.34,7.25,,,,,transitional,202
2024-10-01,N24001859,1234,CONSTRUCTION OF BYPASS ON NH-59 FROM KM 336/350 TO 349/910 (13.56 KM) NEAR BERHAMPUR TOWN INCLUDING,ROAD TRANSPORT AND HIGHWAYS,MoRTH,ODISHA,2021-03-01,2024-03-01,2025-03-01,196.94,196.94,66.09,10.58,,,,,transitional,202
2024-10-01,N24001860,1235,CONSTRUCTION OF BYPASS TO NAYAGARH TOWN FROM KM 235.469 TO 252.482 OF NH-57 INCLUDING LAND ACQUISITI,ROAD TRANSPORT AND HIGHWAYS,MoRTH,ODISHA,2022-01-01,2025-04-01,2025-04-01,300.33,300.33,162.15,47.32,,,,,transitional,202
2024-10-01,N24001861,1236,CONSTRUCTION OF BYPASS TO KHORDHA TOWN FROM KM 294/000 TO 300/300 ON NH-57 INCLUDING LA IN THE STATE,ROAD TRANSPORT AND HIGHWAYS,MoRTH,ODISHA,2022-02-01,2024-11-01,2025-03-01,157.49,157.49,62.14,31.74,,2025-03-01,,,transitional,203
2024-10-01,N24001862,1237,CONSTRUCTION OF BYPASS ROAD TO BALANGIR TOWN FROM KM 72/400 (DESING KM 0/0) TO KM 79/800 (DESIGN KM,ROAD TRANSPORT AND HIGHWAYS,MoRTH,ODISHA,2022-02-01,2025-10-01,2025-11-01,238.78,238.78,17.26,2,,2025-11-01,,,transitional,203
2024-10-01,N24001863,1238,"CONSTRUCTION OF 5 HL BRIDGES AT KM 379/000 (PANGAM), KM 439/400 (POTTERU), KM 444/237 (KONGURUKONDA)",ROAD TRANSPORT AND HIGHWAYS,MoRTH,ODISHA,2021-03-01,2024-06-01,2025-06-01,154.05,154.05,47.47,10,,,,,transitional,203
2024-10-01,N24001864,1239,CONSTRUCTION OF FOUR LANE ROB AND ITS APPROACHES IN LIEU OF EXISTING LEVEL CROSSING NO. RV-71 AT KM,ROAD TRANSPORT AND HIGHWAYS,MoRTH,ODISHA,2021-11-01,2025-06-01,2025-06-01,154.49,154.49,50.75,0,,,,,transitional,203
2024-10-01,N24001865,1240,CONSTRUCTION OF 4 LANE ROB WITH APPROACHES IN LIEU OF LC NO. RV-172 AT KM 176.00 OF NH- 201 (PRESENT,ROAD TRANSPORT AND HIGHWAYS,MoRTH,ODISHA,2021-12-01,2025-05-01,2025-05-01,324.09,324.09,74.19,15,,,,,transitional,203
2024-10-01,N24002078,1241,REHABILITATION AND UP GRADATION FROM 4 TO 8 LANING OF CHANDIKHOLE PARADIP SECTION OF NH 53 FROM KM.,ROAD TRANSPORT AND HIGHWAYS,NHAI,ODISHA,2023-12-01,2025-12-01,2025-12-01,711,711,96.9,20.5,,,,,transitional,203
2024-10-01,N24002079,1242,REHABILITATION AND UP GRADATION FROM 4 TO 8 LANING OF CHANDIKHOLE PARADIP SECTION OF NH 53 FROM KM,ROAD TRANSPORT AND HIGHWAYS,NHAI,ODISHA,2023-12-01,2025-12-01,2025-12-01,742.25,742.25,146.86,23.01,,,,,transitional,203
2024-10-01,N24002080,1243,REHABILITATION AND UP GRADATION FROM 4 TO 8 LANING OF CHANDIKHOLE PARADIP SECTION OF NH 53 FROM KM,ROAD TRANSPORT AND HIGHWAYS,NHAI,ODISHA,2023-12-01,2025-12-01,2025-12-01,762.75,762.75,161.57,26.5,,,,,transitional,204
2024-10-01,N24002081,1244,3L MAJOR BRIDGE OVER RIVER BRAHMANI AT KM. 401.250 (DUBURI CHANDIKHOLE SECTION) OF NH 200 (NEW NH 5,ROAD TRANSPORT AND HIGHWAYS,NHAI,ODISHA,2022-08-01,2025-01-01,2025-06-01,153.61,153.61,14.22,15.6,,,,,transitional,204
2024-10-01,N24002135,1245,WIDENING AND STRENGTHENLNG TO 2L+PS FROM KM 0.000 TO 40.000 (DHAUGAON- PODAMARI SECTION) OF NH 326 I,ROAD TRANSPORT AND HIGHWAYS,MoRTH,ODISHA,2022-03-01,2026-02-01,2026-02-01,186.52,186.52,22.06,0,,,,,transitional,204
2024-10-01,N24002136,1246,WIDENING AND STRENGTHENING TO 4L+PS/2L+PS FROM KM 0.000 TO 35.800 (KUAKHIA - MANGALPUR SECTION) OF N,ROAD TRANSPORT AND HIGHWAYS,MoRTH,ODISHA,2022-03-01,2026-02-01,2026-02-01,636.1,636.1,188.5,16.66,,,,,transitional,204
2024-10-01,N12000122,1247,REBUILDING OF COKE OVEN BATTERY-2 ALONGWITH AUGMENTATION OF COKE HANDLING AND GAS HANDLING FACILITY,STEEL,SAIL,ODISHA,2020-11-01,2023-05-01,2024-11-01,377.18,377.18,414.08,92.25,,,,,transitional,204
2024-10-01,N12000125,1248,INSTALLATION OF 4TH SLAB CASTER ALONG WITH ITS AUXILIARIES AND A NEW LADLE FURNACE IN SMS-II AT RSP,STEEL,SAIL,ODISHA,2022-01-01,2025-05-01,2025-05-01,970.18,970.18,505.32,66.67,,,,,transitional,204
2024-10-01,N28000142,1249,"CONSTRUCTION OF PERMANENT CAMPUS OF INDIAN INSTITUTE OF MANAGEMENT (IIM) AMRITSAR, PUNJAB.",DEPARTMENT OF HIGHER EDUCATION,CPWD EDUCATION,PUNJAB,2019-10-01,2022-05-01,2024-12-01,348.24,348.24,275.88,88,,,,,transitional,205
2024-10-01,N16000402,1250,"SECOND GENERATION ETHANOL BIOREFINERY PROJECT, BATHINDA, PUNJAB",PETROLEUM,HPCL,PUNJAB,2020-05-01,2023-02-01,2024-12-01,1421.46,1421.46,1069,95.1,,2024-09-01,,,transitional,205
2024-10-01,N16000440,1251,BHATINDA SANGRUR PIPELINE,PETROLEUM,HPCL,PUNJAB,2021-11-01,2024-05-01,2025-02-01,367,397,290.79,83.61,397,2025-02-01,,,transitional,205
2024-10-01,N16000488,1252,CGD PROJECT AT PATHANKOT DISTRICT,PETROLEUM,IOCL,PUNJAB,2022-03-01,2030-03-01,2033-09-01,151,151,7.77,1.5,,,,,transitional,205
2024-10-01,N22000502,1253,"MANSA-BHATINDA (PHASE-I), INCL. NEW MATERIAL MODIFICATION FOR RAMA MANDI (RAMAN) - SADA SINGHWALA VI",RAILWAYS,NR,PUNJAB,2009-06-01,2016-08-01,2025-08-01,404,404,190,60,,,,,transitional,205
2024-10-01,N22000589,1254,LUDHIANA MULLANPUR DOUBLING,RAILWAYS,NR,PUNJAB,2020-09-01,2025-03-01,2025-03-01,82.99,235,0,0,,,,,transitional,205
2024-10-01,N22000614,1255,FEROZPUR - PATTI (25.72 KM),RAILWAYS,NR,PUNJAB,2017-04-01,2027-03-01,2027-03-01,299.74,299.74,0,0,,,,,transitional,205
2024-10-01,N24000907,1256,WIDENING AND PAVED SHOULDER OF TOHANA (IN HARYANA) PUNJAB/HARYANA BORDER TO MOONAK-JAKHAL-BUDHLADA,ROAD TRANSPORT AND HIGHWAYS,MoRTH,PUNJAB,2018-03-01,2020-08-01,2024-07-01,293.1,315,306.6,100,,,,,transitional,205
2024-10-01,N24000909,1257,JALANDHAR-HOSHIARPUR SECTION OF NH-70 [NEW NH NO. 3] FROM EXISTING KM 11.400 TO KM 49.200,ROAD TRANSPORT AND HIGHWAYS,MoRTH,PUNJAB,2017-10-01,2019-10-01,2025-12-01,1069.59,1069.59,739.08,44,,,,,transitional,205
2024-10-01,N24000910,1258,REHABILITATION AND UP GRADATION TO 2 LANE WITH PAVED SHOULDER OF NH-703A FROM MAKHU (DESIGN CH 0 000,ROAD TRANSPORT AND HIGHWAYS,MoRTH,PUNJAB,2018-03-01,2020-11-01,2024-06-01,170.57,150,104.98,79,192.48,,,,transitional,206
2024-10-01,N24000941,1259,REHABILITATION AND UPGRADATION TO 2 LANE WITH PAVED SHOULDER OF MOGA (DESIGN CH 0.000) TO MAKHU (DES,ROAD TRANSPORT AND HIGHWAYS,MoRTH,PUNJAB,2018-03-01,2020-08-01,2020-08-01,293.64,293.64,295.46,100,,,,,transitional,206
2024-10-01,N24001415,1260,DELHI-AMRITSAR-KATRA EXPRESSWAY FROM JUNCTION WITH PATIALA-BATHINDA ROAD (NH-7) NEAR BHAWANIGARH TO,ROAD TRANSPORT AND HIGHWAYS,NHAI,PUNJAB,2020-12-01,2024-04-01,2024-07-01,881,881,867.69,88.64,,2024-07-01,,,transitional,206
2024-10-01,N24001416,1261,DELHI-AMRITSAR-KATRA EXPRESSWAY FROM JUNCTION WITH LUDHIANA-MALERKOTLA ROAD (SH-11) NEAR BHOGIWAL VI,ROAD TRANSPORT AND HIGHWAYS,NHAI,PUNJAB,2020-12-01,2024-01-01,2025-03-01,989.66,989.66,319.95,31.08,,2025-03-01,,,transitional,206
2024-10-01,N24001417,1262,DELHI-AMRITSAR-KATRA EXPRESSWAY FROM JUNCTION WITH LUDHIANA-MOGA ROAD (NH- 5) NEAR MULLANPUR DAKHA TO,ROAD TRANSPORT AND HIGHWAYS,NHAI,PUNJAB,2020-12-01,2024-04-01,2025-09-01,1234.4,1234.4,744.28,57.09,,2025-09-01,,,transitional,206
2024-10-01,N24001418,1263,DELHI-AMRITSAR-KATRA EXPRESSWAY FROM CH.KM 303+900 TO KM 319+400 OF MAIN EXPRESSWAY) AND AMRITSAR CO,ROAD TRANSPORT AND HIGHWAYS,NHAI,PUNJAB,2020-12-01,2024-04-01,2025-09-01,1094.46,1094.46,773.92,60.97,,2025-09-01,,,transitional,206
2024-10-01,N24001419,1264,DELHI-AMRITSAR-KATRA EXPRESSWAY (PHASE-I PKG-XI) FROM JUNCTION WITH JALANDHAR - KAPURTHALA ROAD (NH-,ROAD TRANSPORT AND HIGHWAYS,NHAI,PUNJAB,2021-02-01,2024-04-01,2024-11-01,1269.96,1269.96,585.86,43.45,,2024-11-01,,,transitional,207
2024-10-01,N24001420,1265,DELHI-AMRITSAR-KATRA EXPRESSWAY (PHASE-I PKG-XII) FROM JUNCTION WITH AMRITSAR- MEHTA-SRIHARGOBINDPUR-,ROAD TRANSPORT AND HIGHWAYS,NHAI,PUNJAB,2021-02-01,2024-04-01,2025-12-01,853.66,853.66,113.95,13.6,,2025-12-01,,,transitional,207
2024-10-01,N24001630,1266,4/6L GREENFIELD LUDHIANA RUPNAGAR HIGHWAY FROM JUNCTION WITH NE 05 VILLAGR NEAR TO MANEWAL (LUDHIANA,ROAD TRANSPORT AND HIGHWAYS,NHAI,PUNJAB,2021-07-01,2025-02-01,2025-02-01,1501.02,1501.02,288,65,,,,,transitional,207
2024-10-01,N24001631,1267,6L OF IT CITY CHOWK TO KURALI CHANDIGARH ROAD,ROAD TRANSPORT AND HIGHWAYS,NHAI,PUNJAB,2021-03-01,2024-10-01,2024-10-01,1525.31,1525.31,283,69,,,,,transitional,207
2024-10-01,N24001632,1268,CONSTRUCTION OF FOUR LANE GREENFIELD PROJECT OF DELHI- AMRITSAR-KATRA EXPRESSWAY (PHASE-I PKG-V) FROM,ROAD TRANSPORT AND HIGHWAYS,NHAI,PUNJAB,2021-01-01,2024-05-01,2025-04-01,1741.86,1741.86,1123.85,86.5,,2025-04-01,,,transitional,207
2024-10-01,N24001636,1269,CONSTRUCTION OF FOUR/SIX LANE GREENFIELD LUDHIANA ? RUPNAGAR NATIONAL HIGHWAY NO. NH-205K UNDER BHAR,ROAD TRANSPORT AND HIGHWAYS,NHAI,PUNJAB,2021-05-01,2024-12-01,2024-12-01,1368.91,1368.91,163.58,15.31,1368.91,2024-12-01,,,transitional,207
2024-10-01,N24001637,1270,DEVELOPMENT OF 6 LANE JALANDHAR BYPASS FROM KAHLWAN NATIONAL HIGHWAY 03 DESIGN KM 0.00 ENDING AT K,ROAD TRANSPORT AND HIGHWAYS,NHAI,PUNJAB,2021-03-01,2025-01-01,2025-01-01,1754.84,1754.84,990.38,30.02,,,,,transitional,207
2024-10-01,N24001638,1271,4L GREENFIELD A. MALOUT BYPASS FROM CH. KM 44.500 TO CH. KM 35.500 ON NH-07 AND CH. KM 0.000 TO KM 6,ROAD TRANSPORT AND HIGHWAYS,NHAI,PUNJAB,2021-11-01,2024-07-01,2024-12-01,646.42,646.42,481.67,92,646.42,2024-12-01,,,transitional,208
2024-10-01,N24001639,1272,FOUR LANING OF MOGA TO BAJAKHANA LAMBWALI SECTION OF 105B GREENFIELD ALIGNMENT FROM DESIGN CHAINAGE,ROAD TRANSPORT AND HIGHWAYS,NHAI,PUNJAB,2020-05-01,2024-12-01,2025-08-01,864.23,864.23,434.88,40,864.23,2025-08-01,,,transitional,208
2024-10-01,N24001640,1273,6L AMRITSAR BATHINDA GREENFIELD SECTION FROM VILLAGE TIBA ON NE 5A TO JN. WITH MOGA JALANDHAR ROAD N,ROAD TRANSPORT AND HIGHWAYS,NHAI,PUNJAB,2021-03-01,2024-11-01,2024-11-01,1229.38,1229.38,680.13,31.56,,,,,transitional,208
2024-10-01,N24001641,1274,DELHI AMRITSAR KATRA EXPRESSWAY PHASE I SPUR III FROM JUNCTION WITH AMRITSAR JALANDHAR ROAD NH3 NEAR,ROAD TRANSPORT AND HIGHWAYS,NHAI,PUNJAB,2021-03-01,2024-10-01,2025-09-01,1641.75,1641.75,179.85,23.6,,2025-09-01,,,transitional,208
2024-10-01,N24001642,1275,FOUR LANING OF AMRITSAR BYPASS FROM NEW TARN TARAN ROAD TO AJNALA ROAD FROM DESIGN KM. 0.750 TO DESI,ROAD TRANSPORT AND HIGHWAYS,NHAI,PUNJAB,2021-02-01,2024-08-01,2025-03-01,1474.77,1474.77,389.27,64.44,,2025-03-01,,,transitional,208
2024-10-01,N24001643,1276,4L OF AMRITSAR GHOMAN TANDA UNA SECTION FROM KM 8.270 TO KM 54.000 OF NH 503A PACKAGE I,ROAD TRANSPORT AND HIGHWAYS,NHAI,PUNJAB,2020-12-01,2024-06-01,2025-06-01,857.91,857.91,127.71,35.7,,2025-06-01,,,transitional,208
2024-10-01,N24001644,1277,AMRITSAR AIRPORT JUNCTION RAMDAS FROM KM. 100.835 TO KM. 139.813 PKG IV,ROAD TRANSPORT AND HIGHWAYS,NHAI,PUNJAB,2020-12-01,2023-09-01,2025-03-01,524.88,416.58,157.14,69,416.58,2025-03-01,,,transitional,208
2024-10-01,N24001960,1278,UP-GRADATION TO TWO LANE WITH PAVED SHOULDER CONFIGURATION OF NH-354 SECTION ARIFKES-FEROZEPUR- MUKTS,ROAD TRANSPORT AND HIGHWAYS,MoRTH,PUNJAB,2021-03-01,2023-10-01,2025-04-01,263.19,220,94.08,42,,,,,transitional,209
2024-10-01,N24001961,1279,WORK OF WIDENING/UPGRADATION OF 2- LANE WITH PAVED SHOULDER OF SRI MUKTSAR SAHIB TO MALOUT ROAD FROM,ROAD TRANSPORT AND HIGHWAYS,MoRTH,PUNJAB,2022-03-01,2023-10-01,2025-04-01,152.58,152.58,81.25,69,,,,,transitional,209
2024-10-01,N24002075,1280,6L OF JODHPUR ROMANA (BATHINDA) - MANDI DABWALI (PUNJAB HARYANA BORDER) SECTION OF NH-54 FROM KM. 0.,ROAD TRANSPORT AND HIGHWAYS,NHAI,PUNJAB,2020-12-01,2025-08-01,2025-08-01,757.13,757,246.51,91,757,2025-08-01,,,transitional,209
2024-10-01,N24002076,1281,6L AMRITSAR-BATHINDA GREENFIELD SECTION FROM JN. WITH BHAGTA BHAI KA-BHADAUR ROAD NEAR DYALPURA BHAI,ROAD TRANSPORT AND HIGHWAYS,NHAI,PUNJAB,2021-03-01,2025-10-01,2025-10-01,2029.17,2029,84.23,25,2029,2025-10-01,,,transitional,209
2024-10-01,N24002091,1282,6L ACCESS CONTROLLED LUDHIANA-BATHINDA GREENFIELD HIGHWAY FROM JN. WITH AMRITSAR-BATHANDA GREENFIELD,ROAD TRANSPORT AND HIGHWAYS,NHAI,PUNJAB,2021-06-01,2025-09-01,2025-09-01,906.51,906.51,134.05,30.48,906.51,2025-09-01,,,transitional,209
2024-10-01,N24002092,1283,6-LANE AMRITSAR-BATHINDA GREENFIELD SECTION OF NH-754A FROM JUNCTION WITH MOGA JALANDHAR ROAD (NH-70,ROAD TRANSPORT AND HIGHWAYS,NHAI,PUNJAB,2021-03-01,2025-10-01,2025-10-01,1801.37,1801.37,867.81,20.71,,,,,transitional,209
2024-10-01,N24002098,1284,6L OF AMBALA-CHANDIGARH GREENFIELD SECTION FROM KM. 0.000 TO KM. 25.000 WITH 4L SPUR TO LALRU FROM K,ROAD TRANSPORT AND HIGHWAYS,NHAI,PUNJAB,2022-03-01,2025-10-01,2025-10-01,1641.66,1641.66,86,31.5,,,,,transitional,210
2024-10-01,N24002100,1285,4L OF EXISTING BEAS ? BABA BAKALA - DERA BABA NANAK SECTION FROM START OF BATALA BYPASS TILL INTERSE,ROAD TRANSPORT AND HIGHWAYS,NHAI,PUNJAB,2021-10-01,2025-06-01,2025-06-01,1003.38,1003.38,231.73,60.3,,,,,transitional,210
2024-10-01,N24002101,1286,4L OF BEAS-MEHTA-BATALA-DERA BABA NANAK FROM INTERSECTION WITH JALANDHAR-AMRITSAR HIGHWAY (NH-3) NEA,ROAD TRANSPORT AND HIGHWAYS,NHAI,PUNJAB,2021-08-01,2025-06-01,2025-06-01,809.51,809.51,130.42,36.62,,,,,transitional,210
2024-10-01,N24002102,1287,DELHI-AMRITSAR-KATRA EXPRESSWAY (PHASE-I SPUR-I) FROM JN. WITH KAPURTHALA - SULTANPUR LODHI ROAD (NH,ROAD TRANSPORT AND HIGHWAYS,NHAI,PUNJAB,2020-01-01,2026-04-01,2026-04-01,2165.23,2165.23,125.28,14.85,,,,,transitional,210
2024-10-01,N04000101,1288,CONSTRUCTION OF NEW TERMINAL BUILDING AT JODHPUR AIRPORT,CIVIL AVIATION,AAI,RAJASTHAN,2022-05-01,2024-11-01,2025-06-01,480,480,133.61,55,,,,,transitional,210
2024-10-01,N04000104,1289,UDAIPUR AIRPORT- CONSTRUCTION OF NEW INTEGRATED PASSENGER TERMINAL BUILDING,CIVIL AVIATION,AAI,RAJASTHAN,2023-06-01,2026-03-01,2026-09-01,887,887,165.35,31.78,,2026-09-01,,,transitional,210
2024-10-01,N06000269,1290,NLCIL 300 MW SOLAR POWER PROJECT (PART OF 510 MW CPSU SCHEME),COAL,NLC,RAJASTHAN,2023-03-01,2024-09-01,2025-03-01,1813,1813,403.48,54,,,,,transitional,210
2024-10-01,N16000435,1291,NEW MUNDRA-PANIPAT CRUDE OIL PIPELINE,PETROLEUM,IOCL,RAJASTHAN,2021-12-01,2024-10-01,2025-12-01,9028,9028,5813.03,67.74,,2024-12-01,,,transitional,210
2024-10-01,N16000489,1292,"CGD PROJECT AT JHUNJHUNU, SIKAR AND NAGAUR DISTRICTS",PETROLEUM,IOCL,RAJASTHAN,2022-03-01,2030-03-01,2031-03-01,575,575,120.36,7.7,,,,,transitional,211
2024-10-01,N16000496,1293,"CGD PROJECT IN TONK, SAWAI MADHOPUR, DAUSA, KARAULI",PETROLEUM,HPCL,RAJASTHAN,2022-03-01,2030-03-01,2030-03-01,1751,1751,188.25,19.9,,,,,transitional,211
2024-10-01,N16000512,1294,SETTING UP OF PETROCHEMICAL EVACUATION MARKETING TERMINAL (PEMT) AT BARMER,PETROLEUM,HPCL,RAJASTHAN,2023-12-01,2026-12-01,2026-12-01,461.05,461.05,27.28,22.5,,,,,transitional,211
2024-10-01,N16000513,1295,RAJASTHAN REFINERY PROJECT,PETROLEUM,HPCLRRL(JV),RAJASTHAN,2017-10-01,2022-10-01,2025-03-01,43129,72937,50785.89,82.7,72937,2025-03-01,,,transitional,211
2024-10-01,N16000520,1296,CGD PROJECTS AT FAZILKA (EXCEPT AREA ALREADY AUTHORIZED) GANGANAGAR AND HANUMANGARH DISTRICTS,PETROLEUM,BPCL,RAJASTHAN,2022-12-01,2030-06-01,2030-06-01,3207,3207,193,16.3,,,,,transitional,211
2024-10-01,N18000286,1297,SAMBHU KI BHURJ-II SOLAR 300MW,POWER,NTPC,RAJASTHAN,2020-03-01,2021-09-01,2025-03-01,1782,1782,1336.5,95,,,,,transitional,211
2024-10-01,N18000292,1298,ANTA SOLAR 90 MW,POWER,NTPC,RAJASTHAN,2021-01-01,2022-03-01,2022-03-01,382.22,382.22,497.17,100,,,,,transitional,211
2024-10-01,N18000293,1299,BHENSARA 320 MW,POWER,NTPC,RAJASTHAN,2021-01-01,2022-07-01,2025-03-01,1221.73,1221.73,973.44,0,1521,,,,transitional,211
2024-10-01,N18000294,1300,CHHATTARGARH 150 MW,POWER,NTPC,RAJASTHAN,2021-02-01,2022-07-01,2024-03-01,599.99,599.99,599.99,100,,,,,transitional,211
2024-10-01,N18000306,1301,TRANSMISSION SYSTEM STRENGTHENING SCHEME FOR EVACUATION OF POWER FROM SOLAR ENERGY ZONES IN RAJASTHA,POWER,PGCIL,RAJASTHAN,2021-06-01,2022-12-01,2024-12-01,1562,1562,1240.25,98,,,,,transitional,212
2024-10-01,N18000307,1302,TRANSMISSION SYSTEM STRENGTHENING SCHEME FOR EVACUATION OF POWER FROM SOLAR ENERGY ZONES IN RAJASTHA,POWER,PGCIL,RAJASTHAN,2021-06-01,2022-12-01,2024-10-01,1006,1006,884.11,100,,,,,transitional,212
2024-10-01,N18000320,1303,NOKH PLOT-1 SOLAR PV PROJECT 245MW,POWER,NTPC,RAJASTHAN,2022-03-01,2023-08-01,2025-03-01,1352.71,1352.71,849.99,45,,,,,transitional,212
2024-10-01,N18000321,1304,NOKH PLOT-2 SOLAR PV PROJECT 245MW,POWER,NTPC,RAJASTHAN,2022-03-01,2023-08-01,2025-03-01,1409.52,1409.52,1295.38,95,,,,,transitional,212
2024-10-01,N18000322,1305,NOKH PLOT-3 SOLAR PV PROJECT 245MW,POWER,NTPC,RAJASTHAN,2022-03-01,2023-08-01,2025-03-01,1426.94,1426.94,953,80,,,,,transitional,212
2024-10-01,N18000347,1306,BHADLA-II 500MW SOLAR PV PROJECT,POWER,NTPC,RAJASTHAN,2022-06-01,2024-03-01,2024-12-01,2598.92,2598.92,1304.43,12,,,,,transitional,212
2024-10-01,N18000356,1307,TRANSMISSION SYSTEM SCHEME FOR EVACUATION OF POWER FROM REZ RAJASTHAN (8.1 GW) UNDER PHASE-II PART,POWER,PGCIL,RAJASTHAN,2023-03-01,2024-09-01,2024-12-01,1433.28,1433.28,605.47,44,,,,,transitional,212
2024-10-01,N18000368,1308,300 MW SOLAR POWER PROJECT UNDER CPSU SCHEME,POWER,NHPC,RAJASTHAN,2022-05-01,2023-11-01,2025-03-01,1677.12,1677.12,729.12,64,,,,,transitional,212
2024-10-01,N18000372,1309,TRANSMISSION SYSTEM FOR EVACUATION OF POWER FROM RAJASTHAN REZ PHASE-IV PART-I (BIKANER COMPLEX) PAR,POWER,PGCIL,RAJASTHAN,2023-06-01,2025-01-01,2024-12-01,202.39,202.39,20.04,70,,,,,transitional,213
2024-10-01,N18000373,1310,"TS FOR EVACUATION OF POWER FROM REZ IN RAJASTHAN (20GW) UNDER PHASE-III, PART E1",POWER,PGCIL,RAJASTHAN,2023-08-01,2025-02-01,2025-02-01,688.74,688.74,121.1,23,,,,,transitional,213
2024-10-01,N18000374,1311,TS FOR EVACUATION POWER FROM REZ IN RAJASTHAN (20GW) UNDER PHASE-III PART H,POWER,PGCIL,RAJASTHAN,2023-10-01,2025-04-01,2025-04-01,2211,2211,230.63,17,,,,,transitional,213
2024-10-01,N18000375,1312,TS FOR EVACUATION POWER FROM REZ IN RAJASTHAN (20GW) UNDER PHASE-III PART C1,POWER,PGCIL,RAJASTHAN,2023-10-01,2025-04-01,2025-04-01,1796,1796,405.48,18,,,,,transitional,213
2024-10-01,N18000376,1313,TS FOR EVACUATION POWER FROM REZ IN RAJASTHAN (20GW) UNDER PHASE-III PART B1,POWER,PGCIL,RAJASTHAN,2023-09-01,2025-04-01,2025-04-01,2191,2191,457.26,22,,,,,transitional,213
2024-10-01,N18000378,1314,TS FOR EVACUATION POWER FROM REZ IN RAJASTHAN (20GW) UNDER PHASE-III PART J,POWER,PGCIL,RAJASTHAN,2022-12-01,2025-03-01,2025-08-01,331,331,7.66,26,,,,,transitional,213
2024-10-01,N18000379,1315,TS FOR EVACUATION POWER FROM REZ IN RAJASTHAN (20GW) UNDER PHASE-III PART E2,POWER,PGCIL,RAJASTHAN,2023-11-01,2025-06-01,2025-06-01,428,428,0,2,,,,,transitional,213
2024-10-01,N18000386,1316,TS FOR EVACUATION OF POWER FROM RAJASTHAN REZ PH-IV (PART-1) [BIKANER COMPLEX] PART A [BIKANER III N,POWER,PGCIL,RAJASTHAN,2023-12-01,2025-12-01,2025-12-01,2998,2998,126.98,4,,,,,transitional,214
2024-10-01,N18000387,1317,TS FOR EVACUATION OF POWER FROM RAJASTHAN REZ PH-IV (PART-1) [BIKANER COMPLEX] PART D [NEEMRANA II B,POWER,PGCIL,RAJASTHAN,2023-12-01,2025-12-01,2025-12-01,2056,2056,180,10,,,,,transitional,214
2024-10-01,N18000389,1318,TS FOR EVACUATION OF POWER FROM REZ IN RAJASTHAN (20GW) UNDER PH-III PART D [SIKAR KHETRI TRANSMISSI,POWER,PGCIL,RAJASTHAN,2024-02-01,2025-08-01,2025-08-01,2000,2000,0,8,,,,,transitional,214
2024-10-01,N18000391,1319,TS FOR EVACUATION POWER FROM RAJASTHAN REZ PH-IV (PART-2:5.5GW) PART-B (JAISALMER/BARMER COMPLEX),POWER,PGCIL,RAJASTHAN,2024-08-01,2026-08-01,2026-08-01,3279,3279,0,0,,,,,transitional,214
2024-10-01,N18000393,1320,TS FOR EVACUATION POWER FROM RAJASTHAN REZ PH-IV (PART-2:5.5GW) (JAISALMER/BARMER COMPLEX) PART-C,POWER,PGCIL,RAJASTHAN,2024-08-01,2026-08-01,2026-08-01,2227,2227,0,0,,,,,transitional,214
2024-10-01,N18000394,1321,TS FOR EVACUATION POWER FROM RAJASTHAN REZ PH-IV (PART-2:5.5GW) (JAISALMER/BARMER COMPLEX) PART-E,POWER,PGCIL,RAJASTHAN,2024-08-01,2026-08-01,2026-08-01,3251,3251,0,0,,,,,transitional,214
2024-10-01,N22000553,1322,AGRA FORT-BANDIKUI,RAILWAYS,NCR,RAJASTHAN,2022-06-01,2027-06-01,2026-05-01,1389.81,987.83,4.1,11,,2026-05-01,,,transitional,214
2024-10-01,N22000593,1323,GUDHA THATHANA MITHRI TEST TRACK FOR RDSO,RAILWAYS,NWR,RAJASTHAN,2019-04-01,2025-03-01,2025-03-01,528.48,528.48,331.74,70,,,,,transitional,215
2024-10-01,N22000594,1324,DEDICATED TEST TRACK FOR RDSO (PHASE II),RAILWAYS,NWR,RAJASTHAN,2021-11-01,2026-11-01,2024-12-01,466.42,466.42,582.74,72,,,,,transitional,215
2024-10-01,N22000605,1325,DOUBLING BETWEEN CHURU- RATANGARH (42.81 KM),RAILWAYS,NWR,RAJASTHAN,2023-02-01,2028-02-01,2026-01-01,422.6,422.6,124.09,38,,,,,transitional,215
2024-10-01,N22000607,1326,SAWAIMADHOPUR - BYPASS LINE (6.98 KM) (UMBRELLA WORK PB#57/2019-20/NR),RAILWAYS,NWR,RAJASTHAN,2022-12-01,2026-06-01,2025-12-01,304,239.54,78.96,20,239.54,,,,transitional,215
2024-10-01,N22000608,1327,GC OF NATHDWARA - DEVGARH MADARIYA (82.5KM),RAILWAYS,NWR,RAJASTHAN,2023-01-01,2028-06-01,2027-01-01,968.92,968.92,231.11,18,,,,,transitional,215
2024-10-01,N24000795,1328,CONSTRUCTION/ UP-GRATION OF FOUR/TWO LANE WITH PAVED SHOULDER OF NH68 FROM TANOT- RAMGARH BHADASAR-JA,ROAD TRANSPORT AND HIGHWAYS,NHAI,RAJASTHAN,2018-02-01,2021-04-01,2024-12-01,741.86,649,672.53,96,649,2024-12-01,,,transitional,215
2024-10-01,N24001241,1329,UP-GRADATION TO TWO LANING WITH PAVED SHOULDER OF AJMER- NAGAUR SECTION BY EXECUTING BALANCE WORK FRO,ROAD TRANSPORT AND HIGHWAYS,MoRTH,RAJASTHAN,2020-03-01,2022-10-01,2024-12-01,255.23,255.23,256,97,,2024-12-01,,,transitional,215
2024-10-01,N24001411,1330,4L+PS OF NH -58 FROM BEAWAR- GOMTI (OLD CH KM 58.245 TO KM. 108.600) PKG-I.,ROAD TRANSPORT AND HIGHWAYS,MoRTH,RAJASTHAN,2020-12-01,2023-10-01,2025-12-01,379.23,379.23,233.62,92.75,,,,,transitional,215
2024-10-01,N24001527,1331,2L+PS FOR WORK OF NH-325 (BALOTRA TO SANDERAO VIA JALORE) BY CONSTRUCTION OF BYPASSES:(1) ASOTRA- BR,ROAD TRANSPORT AND HIGHWAYS,MoRTH,RAJASTHAN,2021-12-01,2024-05-01,2024-12-01,411.4,411.4,162.61,55,,,,,transitional,216
2024-10-01,N24001528,1332,WIDENING OF PACHPADRA- BAGUNDI SECTION TO 4 LANE FROM KM 73/60 TO 95/70 OF NH-25 ON EPC MODE IN THE,ROAD TRANSPORT AND HIGHWAYS,MoRTH,RAJASTHAN,2022-01-01,2024-12-01,2024-12-01,194.88,194.88,104.69,69,,,,,transitional,216
2024-10-01,N24001529,1333,44 LANE DIVIDED CARRIAGEWAY OF BARMER BYPASS OF NH-15 (NEW NH-68) IN THE STATE OF RAJASTHAN ON EPC M,ROAD TRANSPORT AND HIGHWAYS,MoRTH,RAJASTHAN,2021-12-01,2024-08-01,2024-12-01,451.66,451.66,401.78,97,,,,,transitional,216
2024-10-01,N24001530,1334,UPGRADATION TO TWO LANE PAVED SHOULDER OF KOTHUN- LALSOT-KAROLI-DHOLPUR ROAD NH-23 (OLD NH-11B) IN TH,ROAD TRANSPORT AND HIGHWAYS,MoRTH,RAJASTHAN,2021-12-01,2024-09-01,2025-03-01,150.11,150.11,57.83,63,,,,,transitional,216
2024-10-01,N24001557,1335,4L GREENFIELD SPUR FROM DELHI- VADODARA GREENFIELD EXPRESSWAY NEAR BANDIKUI TO JAIPUR,ROAD TRANSPORT AND HIGHWAYS,NHAI,RAJASTHAN,2022-03-01,2024-11-01,2024-12-01,1636.15,1636.15,717.61,78.98,,2024-12-01,,,transitional,216
2024-10-01,N24001558,1336,4L OF KARWAR (KM. 281.980 OF NH- 62 NAGAUR ROAD) TO DANGIYAVAS OF JODHPUR RING ROAD (PKG-II),ROAD TRANSPORT AND HIGHWAYS,NHAI,RAJASTHAN,2021-11-01,2024-08-01,2024-12-01,736.75,736.75,216.39,78.25,,2024-12-01,,,transitional,216
2024-10-01,N24001559,1337,2L PS SRIGANGANAGAR TO RAISINGHNAGAR (DESIGN CHAINAGE -0.500 KM TO DESIGN CHAINAGE 101.000 KM) (PACK,ROAD TRANSPORT AND HIGHWAYS,NHAI,RAJASTHAN,2021-09-01,2024-06-01,2025-01-01,672.35,672.35,392.43,94.25,,2025-01-01,,,transitional,216
2024-10-01,N24001561,1338,DEOGARH (NEAR DHANDHANIYA)- RAJASTHAN/GUJARAT BORDER (PHASE-I) (AJ/DRGB-PACKAGE-8),ROAD TRANSPORT AND HIGHWAYS,NHAI,RAJASTHAN,2019-10-01,2023-10-01,2024-11-01,839.63,839.63,213.85,100,,2024-11-01,,,transitional,217
2024-10-01,N24001563,1339,DEOGARH (NEAR DHANDHANIYA)- RAJASTHAN/GUJARAT BORDER (PHASE-I) (AJ/DRGB-PACKAGE-6),ROAD TRANSPORT AND HIGHWAYS,NHAI,RAJASTHAN,2019-10-01,2023-08-01,2024-12-01,846.59,846.59,145.98,97.8,,2024-12-01,,,transitional,217
2024-10-01,N24001564,1340,DEOGARH (NEAR DHANDHANIYA)- RAJASTHAN/GUJARAT BORDER (PHASE-I) (AJ/DRGB-PACKAGE-7),ROAD TRANSPORT AND HIGHWAYS,NHAI,RAJASTHAN,2019-10-01,2023-07-01,2024-12-01,662.08,662.08,110.81,96.5,,2024-12-01,,,transitional,217
2024-10-01,N24001566,1341,DELHI-VADODARA GREENFIELD ALIGNMENT (NH-148N) (PKG-11) (CH. 319.400 TO CH. 331.030) [HARDEOGANJ VILL,ROAD TRANSPORT AND HIGHWAYS,NHAI,RAJASTHAN,2019-11-01,2023-05-01,2023-11-01,1640.1,1640.1,1159.5,100,,2024-11-01,,,transitional,217
2024-10-01,N24001567,1342,DELHI-VADODARA GREENFIELD ALIGNMENT (NH-148N) (PKG-10) (CH. 292.950 TO CH. 319.400) [END OF INTERCHA,ROAD TRANSPORT AND HIGHWAYS,NHAI,RAJASTHAN,2019-11-01,2022-10-01,2024-11-01,1272.97,1272.97,595.5,82.82,,2024-11-01,,,transitional,217
2024-10-01,N24001568,1343,DELHI-VADODARA GREENFIELD ALIGNMENT (NH-148N) (PKG-14) (CH. 388.420 TO CH. 419.000) [JUNCTION WITH N,ROAD TRANSPORT AND HIGHWAYS,NHAI,RAJASTHAN,2019-11-01,2023-05-01,2024-11-01,1119.35,1119.35,1435.93,99.8,,2024-11-01,,,transitional,217
2024-10-01,N24001569,1344,DELHI-VADODARA GREENFIELD ALIGNMENT (NH-148N) (PKG-12) (CH. 331.030 TO CH. 359.170) [MAJOR BRIDGE ON,ROAD TRANSPORT AND HIGHWAYS,NHAI,RAJASTHAN,2019-11-01,2023-03-01,2024-06-01,1425.02,1425.02,1386.89,100,,2024-06-01,,,transitional,217
2024-10-01,N24001571,1345,DELHI-VADODARA GREENFIELD ALIGNMENT (NH-148N) (PKG-13) (CH. 359.170 TO CH. 388.420) [JUNCTION WITH S,ROAD TRANSPORT AND HIGHWAYS,NHAI,RAJASTHAN,2019-11-01,2023-12-01,2024-11-01,1341.36,1341.36,1085.98,99.65,,2024-11-01,,,transitional,218
2024-10-01,N24001573,1346,DELHI-VADODARA GREENFIELD ALIGNMENT (NH-148N) (PKG-09) (CH. 247.310 TO CH. 292.950) [JUNCTION WITH M,ROAD TRANSPORT AND HIGHWAYS,NHAI,RAJASTHAN,2019-11-01,2022-12-01,2024-11-01,1658.06,1658.06,180.39,99.9,,2024-11-01,,,transitional,218
2024-10-01,N24001612,1347,DELHI-VADODARA GREENFIELD ALIGNMENT (NH-148N) (PKG-15) (CH. 419.000 TO CH.427.300) [JUNCTION WITH NH,ROAD TRANSPORT AND HIGHWAYS,NHAI,RAJASTHAN,2020-07-01,2024-01-01,2025-09-01,1788.69,1788.69,823.67,68.81,,2025-09-01,,,transitional,218
2024-10-01,N24001866,1348,"CONSTRUCTION OF TWO LANE WITH PAVED SHOULDER FOR FATEHPUR BYPASS, MANDAWA BYPASS AND JHUNJHUNU BYPAS",ROAD TRANSPORT AND HIGHWAYS,MoRTH,RAJASTHAN,2022-03-01,2024-08-01,2025-06-01,186.29,186.29,142.69,72,,,,,transitional,218
2024-10-01,N24001867,1349,UPGRADATION OF TWO LANE PAVED SHOULDER FROM SHAHPURA TO THANAGAZI OF NH- 248A ON EPC MODE IN THE STAT,ROAD TRANSPORT AND HIGHWAYS,MoRTH,RAJASTHAN,2022-03-01,2024-07-01,2025-06-01,174.34,174.34,104.08,62,,,,,transitional,218
2024-10-01,N24001868,1350,Sagwara Bypass and Garhi- Partapur Bypass of NH- 927A in the State of Rajasthan.,ROAD TRANSPORT AND HIGHWAYS,MoRTH,RAJASTHAN,2022-03-01,2025-08-01,2025-02-01,187.65,187.65,66.57,44,,,,,transitional,218
2024-10-01,N24001869,1351,UPGRADATION AND REHABILITATION TO TWO LANE WITH PAVED SHOULDER OF GHAGARIYA- MUNABAO SECTION FROM KM,ROAD TRANSPORT AND HIGHWAYS,MoRTH,RAJASTHAN,2022-12-01,2025-08-01,2025-08-01,235.15,235.15,92.69,66,,,,,transitional,218
2024-10-01,N24001927,1352,UP-GRADATION TO 2 LANE WITH PAVED SHOULDER FROM CHARBHUJA AT DESIGN KM 0.00 (EXISTING KM 150.00) TO,ROAD TRANSPORT AND HIGHWAYS,MoRTH,RAJASTHAN,2022-02-01,2025-09-01,2025-09-01,838.43,838.43,237.87,42,,,,,transitional,219
2024-10-01,N24001928,1353,CONSTRUCTION OF 2 LANE WITH PAVED SHOULDER NORTHERN BYPASS PHASE-II OF KOTA CITY FROM DESIGN CHAINAG,ROAD TRANSPORT AND HIGHWAYS,MoRTH,RAJASTHAN,2022-03-01,2025-04-01,2025-04-01,317.74,317.74,136.23,5,,,,,transitional,219
2024-10-01,N24002058,1354,ADDITIONAL STRUCTURES ON 6LGURGAON-JAIPUR SECTION OF NH-48 BETWEEN KM 42.700 TO KM 273.00,ROAD TRANSPORT AND HIGHWAYS,NHAI,RAJASTHAN,2022-08-01,2024-06-01,2025-06-01,409.64,409.64,191.15,44.8,,,,,transitional,219
2024-10-01,N24002167,1355,UPGRADATION TO 2 LANE WITH PAVED SHOULDER OF HANUMANGARH TO KENCHIYAN OF NH 54 ON EPC MODE IN THE ST,ROAD TRANSPORT AND HIGHWAYS,MoRTH,RAJASTHAN,2024-03-01,2026-10-01,2026-10-01,334.64,334.64,0,0,,,,,transitional,219
2024-10-01,N24002168,1356,UPGRADATION TO 2 LANE WITH PAVED SHOULDER FROM NEECHLI ODEN (NATHDWARA) AT DESIGN KM 88.800 TO BHATE,ROAD TRANSPORT AND HIGHWAYS,MoRTH,RAJASTHAN,2023-03-01,2026-10-01,2026-10-01,606.61,606.61,0,0,,,,,transitional,219
2024-10-01,N04000110,1357,PAKYONG AIRPORT- WIDENING OF BASIC STRIP AT WESTERN SIDE OF RUNWAY CHAINAGE 80M TO 920M I/C SLOPE ST,CIVIL AVIATION,AAI,SIKKIM,2023-11-01,2026-06-01,2026-06-01,323.26,323.26,11.3,4.5,,,,,transitional,219
2024-10-01,N44000002,1358,"CONSTRUCTION OF SIKKIM UNIVERSITY CAMPUS PHASE-I, PACKAGE -II AT YANGANG SOUTH SIKKIM",DEPARTMENT OF HIGHER EDUCATION,Sikkim Universi,SIKKIM,2020-08-01,2025-01-01,2024-12-01,314.06,303.55,157.24,54,,,,,transitional,219
2024-10-01,N18000325,1359,TEESTA VI HE PROJECT,POWER,NHPC,SIKKIM,2019-03-01,2024-03-01,2027-12-01,5748.04,5748.04,3807.48,63.56,,,,,transitional,220
2024-10-01,N18000326,1360,RANGIT IV HE PROJECT,POWER,NHPC,SIKKIM,2021-03-01,2024-05-01,2025-05-01,938.29,1871.23,1247.61,80.24,,,,,transitional,220
2024-10-01,N22000102,1361,"SEVOK RANGPO, NEFR",RAILWAYS,NFR,SIKKIM,2008-04-01,2015-12-01,2023-12-01,1339.48,7876.92,3290.96,39.8,,,,,transitional,220
2024-10-01,N24000767,1362,CONSTRUCTION OF 2-LANE WITH PAVED SHOULDER INCLUDING GEOMETRIC IMPROVEMENT FROM KM 0.000 TO KM 16.00,ROAD TRANSPORT AND HIGHWAYS,NHIDCL,SIKKIM,2017-03-01,2022-04-01,2023-12-01,375.8,375.8,287.54,95.26,,2022-05-01,,,transitional,220
2024-10-01,N24000768,1363,CONSTRUCTION OF 2-LANE WITH PAVED SHOULDER INCLUDING GEOMETRIC IMPROVEMENT FROM KM 16.000 TO KM 32.5,ROAD TRANSPORT AND HIGHWAYS,NHIDCL,SIKKIM,2017-11-01,2020-10-01,2024-04-01,290.05,290.05,218.36,100,,2023-08-01,,,transitional,220
2024-10-01,N24001251,1364,CONSTUCTION/UPGRADATION OF EXISTING HIGHWAY TO 2 LANE WITH PAVED SHOULDER FROM KM 0.00 TO KM 13.00 N,ROAD TRANSPORT AND HIGHWAYS,NHIDCL,SIKKIM,2019-03-01,2022-04-01,2025-01-01,402.94,402.94,238.46,73.11,,,,,transitional,220
2024-10-01,N24001252,1365,CONSTUCTION/UPGRADATION OF EXISTING HIGHWAY TO 2 LANE WITH PAVED SHOULDER FROM KM 13.00 TO KM 25.600,ROAD TRANSPORT AND HIGHWAYS,NHIDCL,SIKKIM,2020-08-01,2023-04-01,2025-03-01,295.97,295.97,243.94,93.43,,2024-11-01,,,transitional,220
2024-10-01,N24001254,1366,CONSTUCTION/UPGRADATION OF EXISTING HIGHWAY TO 2 LANE WITH PAVED SHOULDER FROM KM 26.10 TO KM 40.00,ROAD TRANSPORT AND HIGHWAYS,NHIDCL,SIKKIM,2020-03-01,2022-06-01,2024-01-01,242.97,244.45,246.91,100,,,,,transitional,220
2024-10-01,N24001261,1367,CONSTRUCTION AND UPGRADATION OFEXISTINGROAD TO 2-LANE WITH PAVED SHOULDER INCLUDING GEOMETRIC IMPROV,ROAD TRANSPORT AND HIGHWAYS,NHIDCL,SIKKIM,2020-08-01,2023-04-01,2024-10-01,311,273.78,240.6,93.88,,,,,transitional,221
2024-10-01,N24001262,1368,CONSTRUCTION AND UPGRADATION OFEXISTINGROAD TO 2-LANE WITH PAVED SHOULDER INCLUDING GEOMETRIC IMPROV,ROAD TRANSPORT AND HIGHWAYS,NHIDCL,SIKKIM,2020-07-01,2023-04-01,2025-03-01,345.38,395.59,356.67,89.39,395.59,2024-08-01,,,transitional,221
2024-10-01,N24001322,1369,CONSTRUCTION OF 2-LANE ROAD WITH PAVED SHOULDER (GREENFIELD ALIGNMENT) OF EXISTING STRETCH BETWEEN L,ROAD TRANSPORT AND HIGHWAYS,NHIDCL,SIKKIM,2020-09-01,2022-05-01,2025-03-01,183.31,439.56,351.8,46.68,439.56,2023-10-01,,,transitional,221
2024-10-01,N24001325,1370,CONSTRUCTION OF 2-LANE SPECIFICATION ROAD WITH PAVED SHOULDER AS REALIGNMENT (GREENFIELD ALIGNMENT),ROAD TRANSPORT AND HIGHWAYS,NHIDCL,SIKKIM,2020-09-01,2023-05-01,2025-03-01,262.84,414.2,220.26,46.17,414.2,2024-08-01,,,transitional,221
2024-10-01,N24001327,1371,REHABILITATION AND UPGRADATION OF EXISTING ROAD TO 2-LANE WITH PAVED SHOULDER INCLUDING GEOMETRIC IM,ROAD TRANSPORT AND HIGHWAYS,NHIDCL,SIKKIM,2020-08-01,2022-05-01,2025-03-01,292.8,292.8,184.85,50,,2023-10-01,,,transitional,221
2024-10-01,N24001336,1372,CONSTRUCTION AND UPGRADATION OF EXISTING ROAD TO 2-LANE WITH PAVED SHOULDER FROM KM27.200 (END OF RO,ROAD TRANSPORT AND HIGHWAYS,NHIDCL,SIKKIM,2020-08-01,2023-04-01,2025-06-01,230.45,244.91,200.82,77.2,244.91,2024-10-01,,,transitional,221
2024-10-01,N24001337,1373,CONSTRUCTION AND UPGRADATION OF EXISTING ROAD TO 2-LANE WITH PAVED SHOULDER FROM NEW ROLEP BRIDGE AT,ROAD TRANSPORT AND HIGHWAYS,NHIDCL,SIKKIM,2020-10-01,2023-11-01,2025-07-01,493.42,478.79,272.34,40.46,478.79,2025-07-01,,,transitional,222
2024-10-01,N24001338,1374,CONSTRUCTION OF 2-LANE WITH PAVED SHOULDER OF NEW GREEN FIELD ALIGNMENT FROM CHOCHENPHERI AT KM 52.0,ROAD TRANSPORT AND HIGHWAYS,NHIDCL,SIKKIM,2020-10-01,2023-12-01,2025-12-01,816.79,786.6,278.65,36.42,786.6,2025-06-01,,,transitional,222
2024-10-01,N24001361,1375,RISHI BORDER- ROLEP- MENLA PKG- 2A,ROAD TRANSPORT AND HIGHWAYS,NHIDCL,SIKKIM,2021-01-01,2023-09-01,2025-12-01,332.2,332.2,149.38,40.99,,2025-04-01,,,transitional,222
2024-10-01,N24001362,1376,RISHI BORDER- ROLEP- MENLA PKG- 3B,ROAD TRANSPORT AND HIGHWAYS,NHIDCL,SIKKIM,2020-12-01,2024-02-01,2025-06-01,410.6,379.3,193.96,43.81,379.3,2025-04-01,,,transitional,222
2024-10-01,N24001442,1377,CONSTRUCTION OF 2-LANE WITH PAVED SHOULDER GANGTOK BYPASS ROAD FROM RANIPOOL TO BURTUK (L=23.316KM),ROAD TRANSPORT AND HIGHWAYS,MoRTH,SIKKIM,2021-10-01,2024-05-01,2025-01-01,385.15,385.15,167.49,78,,2025-01-01,,,transitional,222
2024-10-01,N24001913,1378,SPECIAL PROTECTION WORK ON REHABILITATION AND RESTORATION OF SLIDING AND SINKING ZONE FROM RANGPO TO,ROAD TRANSPORT AND HIGHWAYS,NHIDCL,SIKKIM,2017-03-01,2022-06-01,2022-06-01,165.56,165.56,0,71.74,,,,,transitional,222
2024-10-01,N04000074,1379,"MODERNIZATION OF CHENNAI AIRPORT PHASE II, CHENNAI",CIVIL AVIATION,AAI,TAMIL NADU,2018-06-01,2022-02-01,2025-12-01,2467,2467,1506.37,60,,,,,transitional,222
2024-10-01,N04000075,1380,UPGRADATION OF PASSENGER TERMINAL BUILDING AND AIRSIDE FACILITIES AT TIRUCHIRAPALLI INTERNATIONAL AI,CIVIL AVIATION,AAI,TAMIL NADU,2018-08-01,2021-10-01,2023-12-01,951.28,1112.49,1112.49,100,,,,,transitional,223
2024-10-01,N04000090,1381,DEVELOPMENT OF TUTICORIN AIRPORT,CIVIL AVIATION,AAI,TAMIL NADU,2019-06-01,2022-03-01,2024-12-01,380.87,452.93,323.27,93,,2024-12-01,,,transitional,223
2024-10-01,N06000259,1382,JAWAHAR KHANI OPENCAST (JK OC) MINE,COAL,SCCL,TAMIL NADU,2021-12-01,2025-03-01,2025-03-01,297.88,297.88,45.15,20,,,,,transitional,223
2024-10-01,N28000109,1383,CONSTRUCTION OF 726 Nos RESIDENTIAL QUARTERS CHENNAI,FINANCE,CPWD FOR FINANC,TAMIL NADU,2017-11-01,2021-11-01,2022-11-01,348.77,348.77,223.39,100,,,,,transitional,223
2024-10-01,N10000014,1384,25.5 MW WIND POWER PROJECT AT KAYATHAR IN TAMILNADU,MINES,NALCO,TAMIL NADU,2017-09-01,2019-06-01,2024-12-01,166.62,163.17,135.63,65,163.17,2024-03-01,,,transitional,223
2024-10-01,N16000234,1385,IRUGUR-DEVANGONTHI POL PIPELINE,PETROLEUM,BPCL,TAMIL NADU,2012-11-01,2017-02-01,2025-10-01,678,1732,532.06,42.6,1732,2025-10-01,,,transitional,223
2024-10-01,N16000253,1386,ENNORE THIRUVALLUR BENGALURU PUDUCHERRY NAGAPATTINAM MADURAITUTICORIN GAS PIPELINE,PETROLEUM,IOCL,TAMIL NADU,2016-05-01,2018-12-01,2025-03-01,4497,6025,5519.37,100,6025,2025-03-01,,,transitional,223
2024-10-01,N16000403,1387,"CONSTRUCTION OF CAPTIVE POL LPG JETTY AT KAMARAJAR PORT, CHENNAI",PETROLEUM,IOCL,TAMIL NADU,2020-10-01,2023-09-01,2024-12-01,921,921,729,94.5,,2024-12-01,,,transitional,223
2024-10-01,N16000405,1388,"SETTING UP LUBE COMPLEX AT VILLAGES AMULLAVOYAL AND VAIKKADU, CHENNAI AS RESITEMENT OF EXISTING FACI",PETROLEUM,IOCL,TAMIL NADU,2020-10-01,2023-12-01,2024-12-01,1398,1587,1219,95,1587,2024-12-01,,,transitional,224
2024-10-01,N16000434,1389,CBR 9 MMTPA PROJECT,PETROLEUM,CPCL,TAMIL NADU,2021-01-01,2025-06-01,2025-06-01,31580,36354,1260.94,10.2,31580,,,,transitional,224
2024-10-01,N16000438,1390,"GRASS ROOT POL TERMINAL AT VALLUR, CHENNAI",PETROLEUM,IOCL,TAMIL NADU,2022-01-01,2024-07-01,2025-06-01,827,887.71,493.84,75,887.71,2024-12-01,,,transitional,224
2024-10-01,N16000451,1391,CBR ASANUR PIPELINE AND ITS HOOK UP WITH EXISTING CHENNAI TRICHY MADURAI PRODUCT PIPELINE,PETROLEUM,IOCL,TAMIL NADU,2022-03-01,2024-11-01,2024-11-01,564,564,144.55,35.67,,,,,transitional,224
2024-10-01,N16000455,1392,LAYING OF POL PIPELINES IN COMMON CORRIDOR FOR PROPOSED GRASS ROOT TERMINAL AT VALLUR (CHENNAI),PETROLEUM,IOCL,TAMIL NADU,2022-01-01,2024-07-01,2026-05-01,829,829,209.56,52.66,,2026-05-01,,,transitional,224
2024-10-01,N16000479,1393,EXTENSION OF ASANUR-SANKARI SECTION OF CHENNAI-TRICHY- MADURAI PIPELINE UPTO COIMBATORE (IRUGUR),PETROLEUM,IOCL,TAMIL NADU,2023-01-01,2025-01-01,2025-01-01,346.7,346.7,0.72,17.25,,,,,transitional,224
2024-10-01,N16000486,1394,CGD PROJECT AT DHARMAPURI AND KRISHNAGIRI DISTRICTS,PETROLEUM,IOCL,TAMIL NADU,2022-03-01,2030-03-01,2030-12-01,501,501,87.44,4,,,,,transitional,224
2024-10-01,N16000490,1395,"CGD PROJECT AT MADURAI, THENI AND VIRUDHNAGAR DISTRICTS",PETROLEUM,IOCL,TAMIL NADU,2022-03-01,2030-03-01,2030-12-01,1328,1328,138.8,4.4,,,,,transitional,224
2024-10-01,N16000492,1396,"CGD PROJECT AT KANYAKUMARI, TUTICORIN, TIRUNVELI KATTABO AND TENKASI DISTRICTS",PETROLEUM,IOCL,TAMIL NADU,2022-03-01,2030-03-01,2030-12-01,1295,1295,135.92,4.6,,,,,transitional,225
2024-10-01,N16000521,1397,CGD PROJECTS AT THE NILGIRIS AND ERODE DISTRICTS,PETROLEUM,BPCL,TAMIL NADU,2022-12-01,2030-03-01,2030-03-01,3685,3685,89.61,4.9,,,,,transitional,225
2024-10-01,N22000028,1398,"EXTENSION OF MRTS FROM VELACHERY TO STN. THOMAS, MTP",RAILWAYS,MRTP,TAMIL NADU,2006-04-01,2013-06-01,2024-12-01,495.74,734.01,631.34,98,,2024-12-01,,,transitional,225
2024-10-01,N22000085,1399,TIDIVANAM-NAGARI (NL),RAILWAYS,SR,TAMIL NADU,2006-09-01,,2027-03-01,582.83,3631.34,779.31,10,3631.34,2026-12-01,,,transitional,225
2024-10-01,N22000568,1400,CHENNAI BEACH-CHENNAI EGMORE (4.3 KM) (UMBRELLA WORK PB#57/2019-20/NR),RAILWAYS,SR,TAMIL NADU,2022-03-01,2026-03-01,2024-12-01,359.6,274.2,231.05,80,274.2,2024-12-01,,,transitional,225
2024-10-01,N22000618,1401,MORAPPUR-DHARMAPURI,RAILWAYS,SR,TAMIL NADU,2019-02-01,2028-03-01,2027-03-01,358.95,358.95,37.7,1,,2027-03-01,,,transitional,225
2024-10-01,N22000625,1402,KARAIKAL PERALAM(23KM)-NEW LINE PROJECT,RAILWAYS,SR,TAMIL NADU,2019-01-01,2026-03-01,2024-12-01,304.22,373.42,232.47,75,,2024-12-01,,,transitional,225
2024-10-01,N22000626,1403,NAGAPATTINAM THIRUTURAIPUNDI (38KM)- NEW LINE PROJECT,RAILWAYS,SR,TAMIL NADU,2008-07-01,2026-03-01,2027-03-01,677.12,788.05,129.22,18,,2027-03-01,,,transitional,225
2024-10-01,N24000652,1404,FOUR LANNING OF VIKRAVANDI- SETHIYAHOPU FROM KM 0.000 TO KM 60.250(DESIGN CHAINAGE KM 0.000 TO KM 65.,ROAD TRANSPORT AND HIGHWAYS,NHAI,TAMIL NADU,2017-03-01,2020-03-01,2024-05-01,848.45,848.45,303.04,48.26,,2024-05-01,,,transitional,225
2024-10-01,N24000697,1405,FOUR LANNING OF CHOLOPURAM- THANJAVUR,ROAD TRANSPORT AND HIGHWAYS,NHAI,TAMIL NADU,2017-08-01,2020-09-01,2024-09-01,1176.37,1176.37,1325.06,97.5,,2024-09-01,,,transitional,226
2024-10-01,N24000708,1406,4-LANNING OF STHIYATHOPU- CHOLOPURAM,ROAD TRANSPORT AND HIGHWAYS,NHAI,TAMIL NADU,2017-09-01,2020-08-01,2024-11-01,1227.87,1227.87,1333.76,91.05,,2024-11-01,,,transitional,226
2024-10-01,N24000826,1407,FOUR LANINIG OF CHETTIKULAM TO NATHAM SECTION OF NH-785 FROM CHETTIKULUM (KM 7.300) TO NATHAM (KM. 3,ROAD TRANSPORT AND HIGHWAYS,NHAI,TAMIL NADU,2018-03-01,2022-10-01,2024-01-01,505.35,837.69,376.61,99.75,,2024-01-01,,,transitional,226
2024-10-01,N24000827,1408,FOUR LANING OF MADURAI- CHETTIKULAM SECTION OF NH-785 FROM MADURAI (KM 0/000) TO CHETTICULAM (7/300),ROAD TRANSPORT AND HIGHWAYS,NHAI,TAMIL NADU,2018-03-01,2020-11-01,2023-04-01,628.71,756.13,583.02,100,,2023-04-01,,,transitional,226
2024-10-01,N24001428,1409,FOUR LANING OF VILUPPURAM TO PUDHUCHERRY (DESIGN CH. KM. 00/000 TO KM. 29/000) SECTION OF NH-45A ON,ROAD TRANSPORT AND HIGHWAYS,NHAI,TAMIL NADU,2018-03-01,2021-11-01,2024-12-01,998.7,1358.32,872.68,97.34,1358.32,2024-12-01,,,transitional,226
2024-10-01,N24001429,1410,FOUR LANING OF PUDUCHERRY (KM.29/000) TO POONDIYANKUPPAM (KM.67/000) SECTION OF NH-45A ON HAM UNDER,ROAD TRANSPORT AND HIGHWAYS,NHAI,TAMIL NADU,2018-03-01,2021-11-01,2024-12-01,1294.47,1588.4,854.65,96.3,1588.4,2024-12-01,,,transitional,226
2024-10-01,N24001430,1411,FOUR LANING OF POONDIYANKUPPAM (KM.67/000) TO SATTANATHAPOURAM (KM.123/800) SECTION OF NH-45A ON HAM,ROAD TRANSPORT AND HIGHWAYS,NHAI,TAMIL NADU,2018-03-01,2022-01-01,2024-12-01,2120.4,2565.63,1464.94,99.8,2565.63,2024-12-01,,,transitional,226
2024-10-01,N24001431,1412,FOUR LANING OF SATTANATHAPURAM (KM.123/800) TO NAGAPATTINAM (KM.179/555) SECTION OF NH-45A ON HAM UN,ROAD TRANSPORT AND HIGHWAYS,NHAI,TAMIL NADU,2018-03-01,2020-10-01,2025-08-01,1872.68,2756.09,1274.82,52.6,2661.51,2025-08-01,,,transitional,227
2024-10-01,N24001455,1413,CONSTRUCTION OF 4 LANE WITH PAVED SHOULDERS THIRUVAYARU BYPASS IN BETWEEN EXISTING KM.55/926 TO 62/6,ROAD TRANSPORT AND HIGHWAYS,MoRTH,TAMIL NADU,2022-02-01,2022-08-01,2024-10-01,191.33,191.33,185.78,88,,,,,transitional,227
2024-10-01,N24001600,1414,BALANCE WORK 2-LANE WITH PAVED SHOULDERS OF NAGAPATTINAM - THANJAVUR SECTION OF NH-67 (NEW NH-83),ROAD TRANSPORT AND HIGHWAYS,NHAI,TAMIL NADU,2020-10-01,2023-05-01,2024-12-01,434.12,434.12,258.89,99.3,,2024-12-01,,,transitional,227
2024-10-01,N24001601,1415,4-LANING OF KAMALAPURAM - ODDANCHATRAM SECTION OF NH- 209,ROAD TRANSPORT AND HIGHWAYS,NHAI,TAMIL NADU,2019-01-01,2023-01-01,2025-06-01,1051.69,1051.69,552.46,76.73,,2025-06-01,,,transitional,227
2024-10-01,N24001602,1416,4-LANING OF MADATHUKULAM - POLLACHI SECTION OF NH-209 (NEW NH-83),ROAD TRANSPORT AND HIGHWAYS,NHAI,TAMIL NADU,2019-01-01,2022-12-01,2025-11-01,1409.38,1409.38,623.22,86.08,,2025-11-01,,,transitional,227
2024-10-01,N24001603,1417,4-LANING OF ODDANCHATRAM - MADATHUKULAM SECTION OF NH- 209 (NEW NH-83),ROAD TRANSPORT AND HIGHWAYS,NHAI,TAMIL NADU,2019-01-01,2022-10-01,2023-12-01,1518.53,1607.54,915.4,100,,2023-12-01,,,transitional,227
2024-10-01,N24001604,1418,"REMAINING WORK OF 2L+PS OF TRICHY - KARAIKUDI SECTION OF NH-210, INCLUDING TRICHY BYPASS",ROAD TRANSPORT AND HIGHWAYS,NHAI,TAMIL NADU,2019-02-01,2021-03-01,2023-10-01,166.9,166.9,121.94,100,,,,,transitional,227
2024-10-01,N24001605,1419,"4-LANING OF MELUR - PILLAYARPATTI - KARAIKUDI SECTION OF NH-338, NH-36, NH-383",ROAD TRANSPORT AND HIGHWAYS,NHAI,TAMIL NADU,2018-06-01,2022-03-01,2025-01-01,1103.86,1103.86,461.32,70.06,,,,,transitional,228
2024-10-01,N24001606,1420,4-LANING OF VADIPPATTI - THAMARAIPATTI SECTION OF NH- 744A (MADURAI RING ROAD),ROAD TRANSPORT AND HIGHWAYS,NHAI,TAMIL NADU,2018-12-01,2022-03-01,2025-06-01,854.94,854.94,334.05,66.66,,2025-06-01,,,transitional,228
2024-10-01,N24001692,1421,BALANCE WORKS OF FOUR LANE FROM KM 43+950 (THIRUVALLUR BYPASS) TO KM 61+470 (VEPPAMPATTU BYPASS) PAS,ROAD TRANSPORT AND HIGHWAYS,NHAI,TAMIL NADU,2022-01-01,2024-09-01,2024-09-01,467.99,468,18.83,12.2,,,,,transitional,228
2024-10-01,N24001693,1422,FOUR LANING OF NERALURU TO THORAPALLI AGRAHARAM SECTION OF NH-844 (PKG-I) FROM KM.0+000 TO KM.23+350,ROAD TRANSPORT AND HIGHWAYS,NHAI,TAMIL NADU,2021-09-01,2024-10-01,2024-10-01,1751.18,1757.27,49.69,0,,,,,transitional,228
2024-10-01,N24001694,1423,FOUR LANING OF THORAPALLI AGRAHARAM TO JITTANDAHALLI SECTION OF NH-844 (PKG-II) FROM KM.23+350 TO KM,ROAD TRANSPORT AND HIGHWAYS,NHAI,TAMIL NADU,2019-02-01,2023-12-01,2024-12-01,1243.57,1243.57,171.63,0,,2024-12-01,,,transitional,228
2024-10-01,N24001696,1424,FOUR LANING OF JITTANDAHALLI TO DHARMAPURI SECTION OF NH- 844 (PKG-III) FROM KM.60+100 TO KM.94+460,ROAD TRANSPORT AND HIGHWAYS,NHAI,TAMIL NADU,2019-02-01,2023-08-01,2024-12-01,1291.37,1291.37,215.02,0,,2024-12-01,,,transitional,228
2024-10-01,N24001716,1425,THOPPUR METTUR BHAVANI ERODE SECTION OF NH 544H FOR A LENGTH OF 85 KM,ROAD TRANSPORT AND HIGHWAYS,NHAI,TAMIL NADU,2022-07-01,2023-08-01,2024-12-01,186.5,210.81,12.92,90,210.81,2024-12-01,,,transitional,228
2024-10-01,N24001717,1426,BANGALORE CHENNAI EXPRESSWAY PHASE-III PACKAGE III (ARAKKONAM TO KANCHEEPURAM) FROM KM 204.500 TO K,ROAD TRANSPORT AND HIGHWAYS,NHAI,TAMIL NADU,2020-11-01,2024-08-01,2025-03-01,1155.49,1458.45,485.62,52.39,1458.45,,,,transitional,229
2024-10-01,N24001718,1427,BANGALORE CHENNAI EXPRESSWAY PHASE-III PACKAGE II (WALAJAHPET TO ARAKKONAM) FROM KM 180.000 TO KM 2,ROAD TRANSPORT AND HIGHWAYS,NHAI,TAMIL NADU,2020-12-01,2024-07-01,2025-03-01,843.48,1051.36,389.23,88.02,1051.36,,,,transitional,229
2024-10-01,N24001719,1428,4L BANGALORE-CHENNAI EXPRESSWAY FROM KM. 230.000 TO KM. 261.705 OF KANCHEPURAM TO SRIPERUMBUDUR SECT,ROAD TRANSPORT AND HIGHWAYS,NHAI,TAMIL NADU,2021-02-01,2024-07-01,2025-07-01,2948.31,3516.83,728.2,65.78,3516.83,,,,transitional,229
2024-10-01,N24001720,1429,BANGALORE CHENNAI EXPRESSWAY PHASE-III ? PACKAGE I (GUDIPALA TO WALAJAJHPET) FROM KM 156.000 TO KM 1,ROAD TRANSPORT AND HIGHWAYS,NHAI,TAMIL NADU,2020-10-01,2024-05-01,2025-03-01,1023.91,1341.51,574.44,72.41,1341.51,,,,transitional,229
2024-10-01,N24001721,1430,FOUR LANING OF MAMALLAPURAM TO MUGAIYUR SECTION OF NH332A FROM KM 0.000 TO KM 31.000,ROAD TRANSPORT AND HIGHWAYS,NHAI,TAMIL NADU,2019-02-01,2024-05-01,2025-08-01,1008.99,1360.53,167.67,38.5,1360.53,2025-08-01,,,transitional,229
2024-10-01,N24001722,1431,6L OF MADURAVOYAL TO SRIPERUMBUDUR SECTION FROM KM. 13.800 TO KM. 37.000 OF NH-4 THROUGH STATE HIGH,ROAD TRANSPORT AND HIGHWAYS,NHAI,TAMIL NADU,2021-11-01,2023-02-01,2024-11-01,463.44,463.44,331.22,98.5,463.07,,,,transitional,229
2024-10-01,N24001723,1432,KARAIPETTAI TO WALAJAPET FROM KM 71.015 TO 107.091,ROAD TRANSPORT AND HIGHWAYS,NHAI,TAMIL NADU,2018-10-01,2021-02-01,2025-03-01,707.9,766.51,441.67,82.85,766.51,,,,transitional,229
2024-10-01,N24001725,1433,6L OF SRIPERUMBUDUR TO KARAIPETTAI FROM KM 37.000 TO KM 71.015 OF NH 48,ROAD TRANSPORT AND HIGHWAYS,NHAI,TAMIL NADU,2019-01-01,2021-05-01,2026-03-01,819.89,922.85,384.2,57.32,1314.82,,,,transitional,230
2024-10-01,N24001828,1434,CONSTRUCTION OF BYPASS TO GUDIYATHAM TOWN IN KM 23/100 ? 29/250 INCLUDING LA AND SHIFTING OF NH-234,ROAD TRANSPORT AND HIGHWAYS,MoRTH,TAMIL NADU,2022-01-01,2024-11-01,2024-11-01,221.03,243.95,131.16,70,243.95,,,,transitional,230
2024-10-01,N24001829,1435,FOUR LANING OF OTTANCHATRAM TO PALANI SECTION FROM KM 30/700 TO KM 55/000 OF NH 209(NEW NH-83) INCLU,ROAD TRANSPORT AND HIGHWAYS,MoRTH,TAMIL NADU,2022-10-01,2024-11-01,2024-11-01,172.15,172.15,120.23,78.5,,,,,transitional,230
2024-10-01,N24001968,1436,CONSTRUCTION OF STRR (WEST SIDE)-NH948A-BALAGONDAPALLI (TAMIL NADU) TO KARNATAKA/TAMIL NADU BORDER F,ROAD TRANSPORT AND HIGHWAYS,NHAI,TAMIL NADU,2022-04-01,2025-05-01,2025-05-01,1260.74,1260.74,453.63,44.26,,,,,transitional,230
2024-10-01,N24002084,1437,4L OF THIRUMANGALAM TO VADUGAPATTI SECTION FROM KM 0.000 TO KM 36.000 OF NH-744,ROAD TRANSPORT AND HIGHWAYS,NHAI,TAMIL NADU,2022-03-01,2025-02-01,2025-03-01,1076.97,1076.97,325.73,64.01,,,,,transitional,230
2024-10-01,N24002107,1438,CONSTRUCTION OF NEW DOUBLE TIER 4 LANE ELEVATED CORRIDOR FROM CHENNAI PORT TO MADURAVOYAL IN CHENNAI,ROAD TRANSPORT AND HIGHWAYS,NHAI,TAMIL NADU,2023-03-01,2026-05-01,2026-05-01,1382,1382,0,0,,,,,transitional,230
2024-10-01,N24002108,1439,CONSTRUCTION OF NEW DOUBLE TIER 4L ELEVATED CORRIDOR FROM CHENNAI PORT TO MADURAVOYAL IN CHENNAI DIS,ROAD TRANSPORT AND HIGHWAYS,NHAI,TAMIL NADU,2023-03-01,2026-05-01,2026-05-01,1618.96,1618.96,0,0,,,,,transitional,230
2024-10-01,N24002109,1440,CONSTRUCTION OF NEW DOUBLE TIER 4L ELEVATED CORRIDOR FROM CHENNAI PORT TO MADURAVOYAL IN CHENNAI DIS,ROAD TRANSPORT AND HIGHWAYS,NHAI,TAMIL NADU,2023-03-01,2026-05-01,2026-05-01,1301.37,1301.37,0,0,,,,,transitional,231
2024-10-01,N24002110,1441,CONSTRUCTION OF NEW DOUBLE TIER 4L ELEVATED CORRIDOR FROM CHENNAI PORT TO MADURAVOYAL IN CHENNAI DIS,ROAD TRANSPORT AND HIGHWAYS,NHAI,TAMIL NADU,2023-03-01,2026-05-01,2026-05-01,1207.4,1207.4,0,0,,,,,transitional,231
2024-10-01,N24002111,1442,FOUR LANING OF MUGAIYUR TO MARAKKANAM SECTION OF NH- 332A FROM KM 31.000 TO KM 62.000,ROAD TRANSPORT AND HIGHWAYS,NHAI,TAMIL NADU,2019-02-01,2025-12-01,2025-12-01,825.94,1116.13,157.89,25.84,1116.13,2025-12-01,,,transitional,231
2024-10-01,N24002112,1443,SIX LANING OF TUTICORIN PORT ROAD SECTION OF NH-7A (NEW NH- 138) FROM KM 0.000 TO KM 6.140 [EFFECTIVE,ROAD TRANSPORT AND HIGHWAYS,NHAI,TAMIL NADU,2023-03-01,2024-07-01,2025-01-01,200.3,200.3,57.34,67.11,,,,,transitional,231
2024-10-01,N24002113,1444,4L OF LEFT-OVER WORKS INCLUDING ADDITIONAL STRUCTURES FROM KERALA/TAMIL NADU BORDER TO KANYAKUMARI S,ROAD TRANSPORT AND HIGHWAYS,NHAI,TAMIL NADU,2023-03-01,2025-08-01,2025-08-01,1141.78,1141.78,197.8,23.72,,,,,transitional,231
2024-10-01,N24002114,1445,4L OF VADUGAPATTI TO THERKUVENGANALLUR (RAJAPALYAM) SECTION FROM KM 36.000 TO KM 71.600 OF NH744 UND,ROAD TRANSPORT AND HIGHWAYS,NHAI,TAMIL NADU,2022-02-01,2025-04-01,2025-04-01,1097.59,1317.06,564.93,78.95,,,,,transitional,231
2024-10-01,N24002151,1446,WIDENING TO 4L/4L+PS AND STRENGTHENING IN SELECTED STRETCHES FROM KM 0/8 TO 50/570 OF NH 532 INCLUD,ROAD TRANSPORT AND HIGHWAYS,MoRTH,TAMIL NADU,2022-03-01,2024-01-01,2025-07-01,257.14,294.7,111.53,30,294.7,,,,transitional,232
2024-10-01,N24002152,1447,WIDENING FROM 2L+PS TO 4L/4L+PS AND IMPROVEMENTS THE SELECTED STRETHCES FROM KM 26/5 - 81/2 INCLU,ROAD TRANSPORT AND HIGHWAYS,MoRTH,TAMIL NADU,2023-03-01,2023-11-01,2025-11-01,274.84,274.84,165.73,58,,,,,transitional,232
2024-10-01,N24002153,1448,"STRENGTHENING OF 2L+PS FROM KM 17/8 ? 18/2, CONSTRUCTION OF 2L+PS FROM KM 18/2 TO KM 20/0 AND CONSTR",ROAD TRANSPORT AND HIGHWAYS,MoRTH,TAMIL NADU,2023-03-01,2024-02-01,2025-08-01,169.68,169.68,53.13,35,,,,,transitional,232
2024-10-01,N24002165,1449,CONSTRUCTION OF BYPASS TO MADURAI - ACHAMBATHU - VIRATIPATHU IN KM 6/850 - 10/382 OF NH 49 EXTN. (NE,ROAD TRANSPORT AND HIGHWAYS,MoRTH,TAMIL NADU,2022-03-01,2026-08-01,2026-08-01,238.97,238.97,34.51,5,260.07,,,,transitional,232
2024-10-01,N28000084,1450,CHENNAI METRO RAIL LTD (PHASE 1),URBAN DEVELOPMENT,CMRL,TAMIL NADU,2009-02-01,2015-12-01,2015-12-01,14600,18380,17619.68,100,,,,,transitional,232
2024-10-01,N28000097,1451,CHENNAI METRO RAIL LTD (PHASE 1 EXT),URBAN DEVELOPMENT,CMRL,TAMIL NADU,2016-06-01,2018-03-01,2021-02-01,3770,3770,2527.73,100,,,,,transitional,232
2024-10-01,N04000086,1452,"CO CIVIL AVIATION REASEARCH ORG. (PH-II) AT BEGUMPET AIRPORT, HYDRABAD",CIVIL AVIATION,AAI,TELANGANA,2020-05-01,2022-05-01,2023-06-01,353.61,353.61,303.22,100,,2023-06-01,,,transitional,232
2024-10-01,N06000161,1453,KAKATIYAKHANI OPENCAST III PROJECT PHASE-1,COAL,SCCL,TELANGANA,2017-03-01,2022-03-01,2025-03-01,413.84,413.84,379.13,60,,,,,transitional,232
2024-10-01,N06000202,1454,GODAVARIKHANI COAL MINE,COAL,SCCL,TELANGANA,2019-07-01,2023-03-01,2025-03-01,438.98,438.98,155.37,68,,,,,transitional,233
2024-10-01,N06000204,1455,VENKATESH KHANI COAL MINE,COAL,SCCL,TELANGANA,2020-10-01,2023-03-01,2026-03-01,484.51,484.51,167.03,30,,,,,transitional,233
2024-10-01,N06000210,1456,RCE OF RAMAGUNDAM OPENCAST II EXTENSION PROJECT,COAL,SCCL,TELANGANA,2015-11-01,2023-03-01,2025-03-01,489.62,489.62,405.54,70,,,,,transitional,233
2024-10-01,N06000211,1457,RCE OF INDARAM OPENCAST PROJECT,COAL,SCCL,TELANGANA,2017-08-01,2021-03-01,2025-03-01,349.28,424.81,399.96,80,,,,,transitional,233
2024-10-01,N06000213,1458,RCE OF KALYANIKHANI OPENCAST PROJECT,COAL,SCCL,TELANGANA,2016-03-01,2020-03-01,2025-03-01,384.32,384.32,246,75,,,,,transitional,233
2024-10-01,N06000214,1459,RCE OF KAKATHIYAKHANI OC - 2 PROJECT,COAL,SCCL,TELANGANA,2017-08-01,2020-03-01,2025-03-01,442.42,442.42,200.67,63,,,,,transitional,233
2024-10-01,N06000258,1460,GOLETI OPENCAST MINE,COAL,SCCL,TELANGANA,2021-07-01,2026-03-01,2026-03-01,345.6,345.6,55.12,18,,,,,transitional,233
2024-10-01,N21000031,1461,"COMPREHENSIVE PLANNING, DESIGNING, EXECUTION OF ALL INDIA INSTITUTE OF MEDICAL SCIENCES AT BIBINAGAR",HEALTH AND FAMILY WELFARE,HITES,TELANGANA,2018-12-01,2024-07-01,2025-03-01,1110.55,1110.55,623.74,0,,,,,transitional,233
2024-10-01,N28000098,1462,ESTABLISHMENT OF NATIONAL ANIMAL RESOURCE FACILITY FOR BIOMEDICAL RESEARCH AT HYDERABAD,HEALTH AND FAMILY WELFARE,CPWD FOR HEALTH,TELANGANA,2016-10-01,2020-03-01,2025-01-01,209.84,281.05,251.51,97.5,281.05,2025-01-01,,,transitional,233
2024-10-01,N18000212,1463,TELANGANA SUPER THERMAL POWER PROJECT PHASE I,POWER,NTPC,TELANGANA,2016-01-01,2020-11-01,2024-02-01,10598.98,10998,10437.71,0,,,,,transitional,233
2024-10-01,N22000032,1464,MANOHARABAD-KOTHPALL NEW LINE(SCR),RAILWAYS,SCR,TELANGANA,2006-04-01,2010-03-01,2025-03-01,1160.48,3014,1344.94,0,,,,,transitional,234
2024-10-01,N24000245,1465,REHABILITATION AND UPGRADATION OF NH -565 FROM KM 1.00 TO 86.057 (NAKREKAL TO NAGARJUNSAGAR DAM SECT,ROAD TRANSPORT AND HIGHWAYS,MoRTH,TELANGANA,2014-01-01,2016-03-01,2019-09-01,270,270,0,72.15,,2019-09-01,,,transitional,234
2024-10-01,N24000247,1466,REHABILITATION AND UPGRADATION OF NH-221 FROM KM 121/0 TO 165/00 (OF VIJAYAWADA-JAGDALPUR RUDRAMPUR,ROAD TRANSPORT AND HIGHWAYS,MoRTH,TELANGANA,2014-10-01,2017-02-01,2025-03-01,295.47,295.47,224.42,98.51,,2022-12-01,,,transitional,234
2024-10-01,N24000248,1467,EPC- CORRIDOR APPROACH WORKS - NH (O): WIDENING EXISTING 2 LANE TO 2 LANE WITH PAVED SHOULDERS IN KM,ROAD TRANSPORT AND HIGHWAYS,MoRTH,TELANGANA,2015-03-01,2017-01-01,2023-12-01,153.21,153.21,101.15,93.11,,,,,transitional,234
2024-10-01,N24000980,1468,WIDEINING TO TWO/FOUR LANE WITH PAVED SHOULDERS FROM EXISTING KM 182.120 TO KM 227.600 OF NH-167 ON,ROAD TRANSPORT AND HIGHWAYS,MoRTH,TELANGANA,2016-10-01,2019-02-01,2024-08-01,298.32,298.32,178.47,98,,2022-06-01,,,transitional,234
2024-10-01,N24000981,1469,WIDEINING TO TWO/FOUR LANE WITH PAVED SHOULDERS FROM EXISTING KM 180.60 TO KM 223.00 OF NH-63 ON NIZ,ROAD TRANSPORT AND HIGHWAYS,MoRTH,TELANGANA,2016-10-01,2019-03-01,2024-08-01,248.83,248.83,173.82,100,,2023-04-01,,,transitional,234
2024-10-01,N24000982,1470,WIDENING TO TWO LANE WITH PAVED SHOULDERS FROM KM 40/410 TO KM 84/037OF THIRUMALAGIRI TO SURYAPET SE,ROAD TRANSPORT AND HIGHWAYS,MoRTH,TELANGANA,2017-01-01,2019-05-01,2019-08-01,244.54,244.54,176.32,99.9,,2019-08-01,,,transitional,234
2024-10-01,N24000983,1471,WIDENING TO TWO LANE WITH PAVED SHOULDERS FROM KM 0/970 TO KM 40/410 OF JANAGAON- THIRUMALAGIRI OF NH,ROAD TRANSPORT AND HIGHWAYS,MoRTH,TELANGANA,2017-01-01,2019-10-01,2024-02-01,196.52,196.52,125.53,95.7,,2019-10-01,,,transitional,235
2024-10-01,N24000984,1472,WIDENING TO TWO LANE WITH PAVED SHOULDERS FROM KM 15.525 TO KM 62.880 OF JADCHERLA-KALWAKURTHY SECTI,ROAD TRANSPORT AND HIGHWAYS,MoRTH,TELANGANA,2017-01-01,2019-12-01,2019-12-01,283,283,259.15,99.3,,2019-12-01,,,transitional,235
2024-10-01,N24000986,1473,WIDENING TO TWO LANE WITH PAVED SHOULDERS FROM KM 67.00 TO 114.425 OF KALWAKURTHY-MALLEPALLY SECTION,ROAD TRANSPORT AND HIGHWAYS,MoRTH,TELANGANA,2017-01-01,2019-05-01,2024-01-01,300,300,242.86,96.05,,2021-07-01,,,transitional,235
2024-10-01,N24000987,1474,6 LANING FROM KM 9.90 TO KM 19.948 (ARAMGARH-SAMSHABAD SECTION) OF HYDERABAD- SAMSHABAD SECTION OF NH,ROAD TRANSPORT AND HIGHWAYS,MoRTH,TELANGANA,2018-01-01,2020-05-01,2024-08-01,283.15,283.15,278.69,92.59,,2022-12-01,,,transitional,235
2024-10-01,N24000988,1475,WIDENING AND STRENGTHENING OF EXISTING 2-LANE TO 2-LANE WITH PAVED SHOULDERS FROM KM.159/0 TO 165/4,ROAD TRANSPORT AND HIGHWAYS,MoRTH,TELANGANA,2018-01-01,2019-12-01,2020-11-01,230.03,230.03,231.34,99.9,,2020-11-01,,,transitional,235
2024-10-01,N24000989,1476,WIDENING AND STRENGTHENING OF EXISTING CARRIAGEWAY IN 2 LANE WITH PAVED SHOULDERS FROM KM.25/0 TO 59,ROAD TRANSPORT AND HIGHWAYS,MoRTH,TELANGANA,2018-02-01,2020-06-01,2021-01-01,206.13,206.13,190.94,98.36,,2021-01-01,,,transitional,235
2024-10-01,N24000990,1477,REHABILITATION AND UPGRADATION OF NH-167 FROM DESIGN KM.113.900 TO 154.479 (MALLEPALLY - HALIYA SECT,ROAD TRANSPORT AND HIGHWAYS,MoRTH,TELANGANA,2018-02-01,2019-11-01,2024-01-01,294.13,294.13,200.1,87.44,,2022-03-01,,,transitional,236
2024-10-01,N24000993,1478,REHABILITATION AND UPGRADATION OF NH-167 FROM DESIGN KM.187.723 TO 234.434 (MIRYALAGUDA TO KODAD SEC,ROAD TRANSPORT AND HIGHWAYS,MoRTH,TELANGANA,2018-03-01,2020-09-01,2023-06-01,322.81,322.81,317.05,98.09,,2022-06-01,,,transitional,236
2024-10-01,N24000994,1479,CONSTRUCTION OF SIX LANE ELEVATED CORRIDOR FROM KM.7.950 (UPPAL) TO KM.14.200 OF NH-163 TO DE-CONGES,ROAD TRANSPORT AND HIGHWAYS,MoRTH,TELANGANA,2018-03-01,2020-07-01,2026-02-01,626.76,626.76,282.78,44.3,,2024-06-01,,,transitional,236
2024-10-01,N24000996,1480,REHABILITATION AND UP- GRADATION TO TWO LANE WITH PAVED SHOULDERS FROM KM 0/0 TO 72/6 OF NH-365 (NAKR,ROAD TRANSPORT AND HIGHWAYS,MoRTH,TELANGANA,2017-01-01,2019-10-01,2021-06-01,605.08,605.08,416.32,99.84,,2019-10-01,,,transitional,236
2024-10-01,N24000997,1481,REHABILITATION AND UP GRADATION FROM KM. 121/0 TO 154/0 OF NAKAREKAL ? MALLAMPALLY SECTION OF NH-365,ROAD TRANSPORT AND HIGHWAYS,MoRTH,TELANGANA,2018-03-01,2019-07-01,2024-08-01,192.67,192.67,176.37,92,,2022-06-01,,,transitional,236
2024-10-01,N24000998,1482,WIDENING AND STRENGTHENING/ RECONSTRUCTION OF EXISTING PAVEMENT TO FOUR ALNE WITH PAVED SHOULDERS FR,ROAD TRANSPORT AND HIGHWAYS,MoRTH,TELANGANA,2019-01-01,,2024-08-01,193.19,249.72,224.1,95,249.72,2023-01-01,,,transitional,236
2024-10-01,N24001482,1483,KHAMMAM-DEVARAPALLE PKG I [4L ACCESS CONTROLLED (GREENFIELD) FROM THALLAMPADU VILLAGE TO SOMAVARAM,ROAD TRANSPORT AND HIGHWAYS,NHAI,TELANGANA,2022-08-01,2024-10-01,2024-10-01,772.11,772.11,452.54,57.12,,,,,transitional,237
2024-10-01,N24001483,1484,KHAMMAM DEVARAPALLE PKG II 4L ACCESS CONTROLLED (GREENFIELD) FROM SOMAVARAM VILLAGE TO CHINTAGUDEM V,ROAD TRANSPORT AND HIGHWAYS,NHAI,TELANGANA,2022-02-01,2024-09-01,2024-09-01,637.11,637.11,324.52,56.5,,,,,transitional,237
2024-10-01,N24001484,1485,KHAMMAM-DEVARAPALLE PKG III [4L ACCESS CONTROLLED (GREENFIELD) FROM CHINTAGUDEM VILLAGE TO RECHERLA,ROAD TRANSPORT AND HIGHWAYS,NHAI,TELANGANA,2022-09-01,2024-02-01,2024-12-01,804.69,804.69,417.59,60.49,,2024-12-01,,,transitional,237
2024-10-01,N24001522,1486,4L OF KODAD (DESIGN KM 0.00/EXISTING KM 185.00 OF NH-65) TO KHAMMAM (DESIGN KM 31.800/EXISTING KM 29,ROAD TRANSPORT AND HIGHWAYS,NHAI,TELANGANA,2021-01-01,2024-01-01,2024-12-01,1307.95,1307.95,586.56,96.41,,2024-12-01,,,transitional,237
2024-10-01,N24001555,1487,6 LANING OF EXISTING 4-LANE STRETCH FROM KALKALLU AT KM.454+000 TO GUNDLA POCHAMPALLY AT KM.471+000,ROAD TRANSPORT AND HIGHWAYS,NHAI,TELANGANA,2022-03-01,2025-01-01,2025-01-01,955.49,955.49,175.6,28.39,,,,,transitional,237
2024-10-01,N24001556,1488,6L OF EXISTING 4L FROM GUNDLAPOCHAMPALLY TO BOWENPALLY FROM KM 471.300 TO KM 481.331 OF NH-44,ROAD TRANSPORT AND HIGHWAYS,NHAI,TELANGANA,2021-12-01,2024-07-01,2024-07-01,521.53,521.53,222.4,43.7,,,,,transitional,237
2024-10-01,N24001625,1489,6L ACCESS CONTROLLED GREENFIELD HIGHWAY OF JULEKAL VILLAGE TO DINNEDEVARAPADU VILLAGE FROM KM 242.20,ROAD TRANSPORT AND HIGHWAYS,NHAI,TELANGANA,2022-01-01,2025-01-01,2025-07-01,1227.57,1227.57,288.58,30.51,,,,,transitional,238
2024-10-01,N24001626,1490,6L ACCESS CONTROLLED GREENFIELD HIGHWAY OF NANDINNE VILLAGE TO JULEKAL VILLAGE FROM KM 202.900 TO KM,ROAD TRANSPORT AND HIGHWAYS,NHAI,TELANGANA,2022-02-01,2025-01-01,2025-01-01,972.06,972.06,368.38,42.27,,,,,transitional,238
2024-10-01,N24002000,1491,WIDENING AND STRENGTHENING OF EXISTING 2 LANE WITH PAVED SHOULDER TO 4 LANE WITH PAVED SHOULDER FRO,ROAD TRANSPORT AND HIGHWAYS,MoRTH,TELANGANA,2021-03-01,2024-07-01,2024-08-01,317.19,317.19,164.72,67,,,,,transitional,238
2024-10-01,N24002001,1492,WIDENING TO 2 LANE WITH PAVED SHOULDERS OF MEDAK - SIDDIPET SECTION FROM KM 0/0 TO KM 69/978 OF NH-,ROAD TRANSPORT AND HIGHWAYS,MoRTH,TELANGANA,2022-01-01,2025-01-01,2025-06-01,882.18,882.18,255.05,56.17,,,,,transitional,238
2024-10-01,N24002002,1493,WIDENING AND IMPROVEMENT OF EXISTING CARRIAGE WAY TO 2 LANE WITH PAVED SHOULDERS FROM KM. 86/160 TO,ROAD TRANSPORT AND HIGHWAYS,MoRTH,TELANGANA,2022-01-01,2024-12-01,2024-12-01,423.48,423.48,198.05,63.8,,,,,transitional,238
2024-10-01,N24002003,1494,REHABILITATION AND UP- GRADATION OF VALIGONDA TO THORRUR SECTION TO TWO LANE WITH PAVED SHOULDERS FRO,ROAD TRANSPORT AND HIGHWAYS,MoRTH,TELANGANA,2022-01-01,2024-12-01,2025-03-01,549.28,549.28,173.25,56.79,,,,,transitional,238
2024-10-01,N24002004,1495,REHABILITATION AND UPGRADATION OF LB-NAGAR TO MALKAPUR SECTION TO 6-LANE MAIN CARRIAGEWAY WITH SERVI,ROAD TRANSPORT AND HIGHWAYS,MoRTH,TELANGANA,2021-03-01,2024-07-01,2025-06-01,545.11,545.11,292.55,67.08,,,,,transitional,239
2024-10-01,N24002005,1496,WIDENING TO TWO LANE WITH PAVED SHOULDERS OF 'BODHAN BASAR BHAINSA ' SECTION FROM KM 38/900 TO 95/3,ROAD TRANSPORT AND HIGHWAYS,MoRTH,TELANGANA,2022-03-01,2025-03-01,2025-06-01,644.45,644.45,212.33,63.5,,,,,transitional,239
2024-10-01,N24002006,1497,"ONSTRUCTION OF 4-LANE FLYOVER AT AMBERPET-X ROAD, HYDERABAD ON NH-202 IN THE STATE OF TELANGANA",ROAD TRANSPORT AND HIGHWAYS,MoRTH,TELANGANA,2017-10-01,2023-06-01,2024-12-01,186.71,186.71,177.53,85.75,,,,,transitional,239
2024-10-01,N24002007,1498,WIDENING TO TWO LANE WITH PAVED SHOULDERS FROM KM 0/000 TO KM 79/300 OF KALWAKURTHY - KOLLAPUR SECTI,ROAD TRANSPORT AND HIGHWAYS,MoRTH,TELANGANA,2022-03-01,2025-07-01,2025-07-01,886.69,886.69,147.22,43.44,,,,,transitional,239
2024-10-01,N24002008,1499,WIDENING TO 2 LANE WITH PAVED SHOULDERS OF SIDDIPET- ELKATHURTHY SECTION FROM KM 69/978 TO KM 133/6,ROAD TRANSPORT AND HIGHWAYS,MoRTH,TELANGANA,2022-01-01,2024-12-01,2024-12-01,578.85,578.85,172.76,70,,,,,transitional,239
2024-10-01,N24002009,1500,WIDENING AND STRENGTHENING TO 2/4 LANE WITH PAVED SHOULDERS OF MAHABUBNAGAR ? CHINCHOLI SECTION FROM,ROAD TRANSPORT AND HIGHWAYS,MoRTH,TELANGANA,2022-01-01,2025-01-01,2025-07-01,703.68,703.68,249.04,48.53,,,,,transitional,239
2024-10-01,N24002010,1501,WIDENING AND STRENGTHENING TO 4 LANE / 2-LANE WITH PAVED SHOULDERS OF MAHABUBNAGAR- CHINCHOLI SECTION,ROAD TRANSPORT AND HIGHWAYS,MoRTH,TELANGANA,2022-03-01,2024-03-01,2025-10-01,631.49,631.49,45.12,17.65,,,,,transitional,240
2024-10-01,N24002082,1502,IMPROVEMENT OF GEOMETRICS OF THONDUPALLY TO KOTHUR FROM KM 22.300 TO KM 34.14 OF NH-44-RCW,ROAD TRANSPORT AND HIGHWAYS,NHAI,TELANGANA,2022-02-01,2024-09-01,2024-09-01,541.58,541.58,20.82,0,,,,,transitional,240
2024-10-01,N24002083,1503,FOUR LANING OF KARIMNAGAR- WARANGAL SECTION OF NH-563 FROM DESIGN CH.48.860 KM NEAR SH-1 CH.170.400 K,ROAD TRANSPORT AND HIGHWAYS,NHAI,TELANGANA,2022-03-01,2025-07-01,2025-07-01,2146.86,2413,741.05,50.21,2413,,,,transitional,240
2024-10-01,N24002190,1504,CONSTRUCTION OF 4-LANE ACCESS CONTROLLED GREENFIELD HIGHWAY SECTION ON NH-163G (KHAMMAM- VIJAYAWADA),ROAD TRANSPORT AND HIGHWAYS,NHAI,TELANGANA,2023-03-01,2026-08-01,2026-08-01,983,983,0,0,,,,,transitional,240
2024-10-01,N16000495,1505,"GRASS ROOT RAIL FED DEPOT AT SEKERKOTE, AGARTALA AS RESITEMENT OF EXISTING DHARMANAGAR DEPOT",PETROLEUM,IOCL,TRIPURA,2022-06-01,2025-08-01,2025-09-01,656,656,308.81,65.6,,2025-09-01,,,transitional,240
2024-10-01,N24001263,1506,REHABILITATION AND UPGRADATION OF ROAD FROM KM 0.00 TO KM 18.600 OF KUMARGHAT- KAILASHAHAR SECTION,ROAD TRANSPORT AND HIGHWAYS,NHIDCL,TRIPURA,2020-06-01,2022-01-01,2024-11-01,277.5,302.02,253.5,99.2,302.02,2024-02-01,,,transitional,240
2024-10-01,N24001309,1507,KAILASHAHAR TO KHOWAI PKG-4,ROAD TRANSPORT AND HIGHWAYS,NHIDCL,TRIPURA,2020-11-01,2022-06-01,2024-10-01,159.13,171.5,81.51,99.39,171.5,2023-10-01,,,transitional,240
2024-10-01,N24001317,1508,2-LANING FROM JOLAIBARI - BELONIA,ROAD TRANSPORT AND HIGHWAYS,NHIDCL,TRIPURA,2020-06-01,2022-01-01,2024-11-01,201.99,287.47,144.07,95.5,287.47,2024-07-01,,,transitional,241
2024-10-01,N24001318,1509,2-LANING OF KHOWAI -AGARTALA SECTION FROM DESIGN KM 31.300 TO KM 45.300 OF NH-208A PKG-3,ROAD TRANSPORT AND HIGHWAYS,NHIDCL,TRIPURA,2020-09-01,2022-04-01,2023-10-01,173.17,173.17,93.35,100,,2022-10-01,,,transitional,241
2024-10-01,N24001363,1510,MANU-SIMLUNG ( PKG 4),ROAD TRANSPORT AND HIGHWAYS,NHIDCL,TRIPURA,2021-03-01,2022-12-01,2025-01-01,354.79,354.79,34.08,17.2,,2023-06-01,,,transitional,241
2024-10-01,N24001542,1511,2 LANING FROM MANU-SIMLUNG PKG-2,ROAD TRANSPORT AND HIGHWAYS,NHIDCL,TRIPURA,2022-02-01,2025-01-01,2025-01-01,456.88,456.88,95.5,39.93,,,,,transitional,241
2024-10-01,N24001914,1512,IMPROVEMENT AND WIDENING TO 2-LANE WITH EARTHEN PAVED SHOULDER FROM UDAIPUR TO SRIMANTAPUR,ROAD TRANSPORT AND HIGHWAYS,NHIDCL,TRIPURA,2023-05-01,2024-11-01,2025-02-01,195.95,195.95,15.55,18.53,,,,,transitional,241
2024-10-01,N24002132,1513,4 LANE WITH PAVED SHOULDER AGARTALA BYPASS (WESTERN SIDE) CONNECTING NH-8,ROAD TRANSPORT AND HIGHWAYS,NHIDCL,TRIPURA,2023-03-01,2027-03-01,2027-03-01,2026.05,2026.05,0,1.45,,,,,transitional,241
2024-10-01,N24002159,1514,REHABILITATION AND UP- GRADATION OF ROAD FROM DESIGN KM 25.250 TO KM 36.460 (TOTAL LENGH: 11.210 KM),ROAD TRANSPORT AND HIGHWAYS,NHIDCL,TRIPURA,2020-02-01,2026-03-01,2026-03-01,174.43,174.43,0,0.02,,,,,transitional,241
2024-10-01,N24002160,1515,IMPROVEMENT AND WIDENING TO 2-LANE WITH PAVED SHOULDER OF ROAD FROM KM 101.300 TO KM 127.319 (TOTAL,ROAD TRANSPORT AND HIGHWAYS,NHIDCL,TRIPURA,2024-01-01,2026-07-01,2026-07-01,431.78,431.78,0,0.54,,,,,transitional,241
2024-10-01,N24002161,1516,KHOWAI ?TELIAMURA-AMARPUR- HARINA-SABROOM PACKAGE-2,ROAD TRANSPORT AND HIGHWAYS,NHIDCL,TRIPURA,2024-01-01,2026-09-01,2026-09-01,657.21,657.21,8.31,5,,,,,transitional,242
2024-10-01,N24002162,1517,KHOWAI ?TELIAMURA-AMARPUR- HARINA-SABROOM PACKAGE-3,ROAD TRANSPORT AND HIGHWAYS,NHIDCL,TRIPURA,2024-01-01,2026-09-01,2026-09-01,670.9,670.9,0,0,,,,,transitional,242
2024-10-01,N04000077,1518,"CCS INTERNATIONAL AIRPORT , LUCKNOW",CIVIL AVIATION,AAI,UTTAR PRADESH,2018-06-01,2021-09-01,2026-10-01,1383,3291.81,2125.02,76.29,1938,2026-10-01,,,transitional,242
2024-10-01,N04000094,1519,DEVELOPMENT OF AYODHYA AIRPORT PHASE-01,CIVIL AVIATION,AAI,UTTAR PRADESH,2021-03-01,2022-12-01,2024-11-01,242.14,358,338.51,99.9,328,2024-11-01,,,transitional,242
2024-10-01,N04000102,1520,"PRAYAGRAJ AIRPORT - CONSTRUCTION OF NEW TERMINAL BUILDING, SECOND LINK TAXI TRACK, APRON EXPANSION",CIVIL AVIATION,AAI,UTTAR PRADESH,2023-05-01,2024-11-01,2024-12-01,185.75,232.52,98.02,51,232.52,,,,transitional,242
2024-10-01,N04000113,1521,AGRA: DEVELOPMENT OF NEW CIVIL ENCLAVE AT AGRA AIRPORT.,CIVIL AVIATION,AAI,UTTAR PRADESH,2024-06-01,2026-07-01,2026-07-01,579,579,0,0,,,,,transitional,242
2024-10-01,N04000114,1522,"VARANASI: DEVELOPMENT OF LAL BAHADUR SHASTRI INTERNATIONAL AIRPORT, VARANASI.",CIVIL AVIATION,AAI,UTTAR PRADESH,2024-07-01,2027-07-01,2027-07-01,2869.65,2869.65,0,0,,,,,transitional,242
2024-10-01,N06000152,1523,NEYVELI UTTAR PRADESH POWER PROJECT LIMITED 1980 MW,COAL,NLC,UTTAR PRADESH,2016-07-01,2021-11-01,2025-06-01,17237,19406.12,18538.02,86.72,19406.12,2025-03-01,,,transitional,242
2024-10-01,N06000208,1524,KHADIA EXPANSION OCP,COAL,NCL,UTTAR PRADESH,2021-06-01,2025-03-01,2026-03-01,491.67,491.67,44.54,5.2,,,,,transitional,242
2024-10-01,N45000003,1525,CONSTRUCTION OF 683 VARIOUS TYPE FAMILY QUARTERS AT GROUP CENTRE CRPF CHANDAULI,HOME AFFAIRS,CPWD FOR MHA,UTTAR PRADESH,2019-05-01,2022-01-01,2023-03-01,199.31,199.31,86.49,85,,2023-03-01,,,transitional,243
2024-10-01,N16000429,1526,60 KTA POLYPROPYLENE PROJECT,PETROLEUM,GAIL,UTTAR PRADESH,2019-03-01,2024-04-01,2025-03-01,910.56,1299.02,831.4,91.4,1299.02,2024-04-01,,,transitional,243
2024-10-01,N16000505,1527,AUGMENTATION OF FACILITIES AT MATHURA BITUMEN PLANT,PETROLEUM,IOCL,UTTAR PRADESH,2022-04-01,2025-04-01,2026-12-01,260.12,260.12,0.97,18.4,,2026-12-01,,,transitional,243
2024-10-01,N16000506,1528,GRASS-ROOT TERMINAL AT MIRZAPUR UTTAR PRADESH,PETROLEUM,IOCL,UTTAR PRADESH,2022-09-01,2026-06-01,2026-11-01,980.45,980.45,131.85,35.6,,,,,transitional,243
2024-10-01,N16000525,1529,"CITY GAS DISTRIBUTION PROJECTS AT LAKHIMPUR KHERI , SITAPUR, BAHRAICH, SHRAVASTI,BALRAMPUR",PETROLEUM,BPCL,UTTAR PRADESH,2022-12-01,2030-06-01,2030-06-01,16654,16654,284.46,4.6,,,,,transitional,243
2024-10-01,N18000272,1530,KHURJA SUPER THERMAL POWER PROJECT,POWER,THDCIL,UTTAR PRADESH,2019-03-01,2023-09-01,2025-03-01,11089.42,13129.25,11283.16,92.7,,,,,transitional,243
2024-10-01,N18000323,1531,KALPI SOLAR POWER PROJECT,POWER,NHPC,UTTAR PRADESH,2020-07-01,2022-03-01,2024-03-01,314.64,350.46,325.57,92,,2024-03-01,,,transitional,243
2024-10-01,N18000382,1532,"SINGRAULI SUPER THERMAL POWER PROJECT, STAGE-III (2X800 MW)",POWER,BHEL,UTTAR PRADESH,2024-03-01,2030-02-01,2030-02-01,17195.31,17195.31,531,0,,,,,transitional,243
2024-10-01,N22000401,1533,VARANASI-MODHOSINGH- ALLAHABAD DOUBLING,RAILWAYS,RVNL,UTTAR PRADESH,2015-04-01,2022-03-01,2024-12-01,943.6,2018.23,1780.22,0,,,,,transitional,243
2024-10-01,N22000417,1534,RAMNA - SINGRAULI DOUBLING,RAILWAYS,ECR,UTTAR PRADESH,2015-08-01,2020-03-01,2024-09-01,2436.21,2880.4,2930.49,90,2880.4,,,,transitional,243
2024-10-01,N22000419,1535,KARAILA ROAD - SHAKTINAGAR DOUBLING,RAILWAYS,ECR,UTTAR PRADESH,2015-08-01,2019-03-01,2024-08-01,528.57,762.97,780.34,90,762.97,,,,transitional,244
2024-10-01,N22000468,1536,BURHWAL - GONDA - 3RD RUNNING LINE.,RAILWAYS,NER,UTTAR PRADESH,2016-04-01,,2025-09-01,602.5,1015.59,906.06,48,,,,,transitional,244
2024-10-01,N22000470,1537,"SHAHGANJ-BHATNI-PHEPHNA- INDARA, MAU-SHAHGANJ (EXCL. MAU-INDARA) PATCH DOUBLING.",RAILWAYS,NER,UTTAR PRADESH,2016-04-01,2019-12-01,2024-12-01,1177.96,1777.39,1734.71,76,,,,,transitional,244
2024-10-01,N22000495,1538,JHANSI MANIKPUR AND KHAIRAR BHIMSEN DOUBLING,RAILWAYS,NCR,UTTAR PRADESH,2018-03-01,2023-03-01,2027-03-01,4329.53,4329.53,1291.69,32,,2027-03-01,,,transitional,244
2024-10-01,N22000496,1539,JHANSI BINA DOUBLING,RAILWAYS,NCR,UTTAR PRADESH,2016-09-01,2021-03-01,2027-03-01,2001,2001,1671.51,85,,2027-03-01,,,transitional,244
2024-10-01,N22000501,1540,MATHURA-JHANSI-3RD LINE (273.80 KM),RAILWAYS,RVNL,UTTAR PRADESH,2016-06-01,2023-12-01,2024-12-01,3677.76,5190.26,5046.07,0,,,,,transitional,244
2024-10-01,N22000525,1541,SURFACE TRIANGLE LINE BETWEEN BHADURA STATION AND NEW CROSSING STN KARMA DOUBLING,RAILWAYS,ECR,UTTAR PRADESH,2022-10-01,2027-10-01,2027-10-01,199.96,199.96,55.09,0,,,,,transitional,244
2024-10-01,N22000544,1542,MUGHALSARAI - ALLAHABAD - 3RD LINE,RAILWAYS,NCR,UTTAR PRADESH,2019-08-01,2026-12-01,2026-12-01,2390,2390,83.1,55,,,,,transitional,244
2024-10-01,N22000545,1543,ALIGARH-HARDUAGANJ FLYOVER (22 KM),RAILWAYS,NCR,UTTAR PRADESH,2020-04-01,2026-06-01,2026-06-01,1456.89,1456.89,0,8,1244.13,,,,transitional,244
2024-10-01,N22000546,1544,LALITPUR - BIRARI WITH FLYOVER AT LALITPUR,RAILWAYS,NCR,UTTAR PRADESH,2017-03-01,2024-12-01,2025-06-01,260,356,147.52,45,356,2025-06-01,,,transitional,244
2024-10-01,N22000562,1545,ALIGARH-DAUD KHAN - 3RD LINE 6.9 KM AND CONSTRUCTION OF FLYOVER AT DAUD KHAN,RAILWAYS,NCR,UTTAR PRADESH,2019-04-01,2025-12-01,2025-12-01,451.99,779.49,0,30,779.49,,,,transitional,245
2024-10-01,N22000563,1546,ALLAHABAD-BAMHRAULI - 4TH LINE (10 KM) WITH FLY-OVER AT SUBEDARGANJ,RAILWAYS,NCR,UTTAR PRADESH,2019-04-01,2026-03-01,2026-03-01,494.11,494.11,0,42,,,,,transitional,245
2024-10-01,N22000564,1547,BHANDAI - FLYOVER FOR ETAWAH BOUND DOWN TRAINS,RAILWAYS,NCR,UTTAR PRADESH,2019-04-01,2025-12-01,2026-03-01,187.21,250.17,1.75,0,,,,,transitional,245
2024-10-01,N22000565,1548,SAHJANWA - DOHRIGHAT,RAILWAYS,NER,UTTAR PRADESH,2019-08-01,2029-03-01,2027-06-01,371.77,1319.75,409.88,1,,,,,transitional,245
2024-10-01,N22000566,1549,BAHRAICH - NANPARA -NEPALGANJ (56.15 KM),RAILWAYS,NER,UTTAR PRADESH,2020-07-01,2024-12-01,2025-06-01,950,341.66,126.04,18,,,,,transitional,245
2024-10-01,N22000569,1550,BAHRAICH SRAVASTI BALRAMPUR (TULSIPUR),RAILWAYS,NER,UTTAR PRADESH,2018-10-01,2030-10-01,2026-12-01,1600,4939.78,997.61,5,,,,,transitional,245
2024-10-01,N22000583,1551,JANGHAI PRATAPGARH AMETHI DOUBLING,RAILWAYS,NR,UTTAR PRADESH,2017-11-01,2025-03-01,2025-03-01,701.98,1100,0,0,,,,,transitional,245
2024-10-01,N22000590,1552,BARABANKI-MALHAUR - 3RD & 4TH LINE (32.84 KM),RAILWAYS,NR,UTTAR PRADESH,2019-01-01,2025-03-01,2025-03-01,323.85,323.85,0,0,,,,,transitional,245
2024-10-01,N22000591,1553,DOUBLING BETWEEN JAUNPUR JN- ZAFFARABAD (6.28 KM),RAILWAYS,NR,UTTAR PRADESH,2023-03-01,2026-12-01,2026-12-01,177.33,177.33,0,0,,,,,transitional,245
2024-10-01,N22000596,1554,JANGHAI-PHAPHAMAU - DOUBLING WITH ELECTRIFICATION (46.79 KM),RAILWAYS,RVNL,UTTAR PRADESH,2018-11-01,2025-03-01,2025-03-01,357.48,409.38,362.09,0,,,,,transitional,245
2024-10-01,N22000598,1555,BHATNI - AUNRIHAR WITH ELECTRIFICATION (125 KM) (EXCL INDARA - MAU (116.95 KM)),RAILWAYS,RVNL,UTTAR PRADESH,2018-05-01,2024-03-01,2025-02-01,1177.96,2529.46,1636.33,0,,,,,transitional,246
2024-10-01,N22000612,1556,MATHURA - VRINDAVAN (11 KM),RAILWAYS,NCR,UTTAR PRADESH,2022-08-01,2025-06-01,2025-06-01,402.88,402.88,0,0,,,,,transitional,246
2024-10-01,N22000613,1557,DOMINGARH - GORAKHPUR - GORAKHPUR CANTT - KUSUMHI - 3RD RUNNING LINE (21.15 KM),RAILWAYS,NER,UTTAR PRADESH,2016-11-01,2024-06-01,2025-05-01,186.85,470.47,442.9,85,,,,,transitional,246
2024-10-01,N24000331,1558,CONSTRUCTION OF RING ROAD FOR RAEBARELI CITY (PHASE -I) ON EASTERN SIDE OF NH 24B,ROAD TRANSPORT AND HIGHWAYS,MoRTH,UTTAR PRADESH,2019-12-01,2022-04-01,2024-12-01,282.41,319.96,271.03,83,,,,,transitional,246
2024-10-01,N24000551,1559,4-LANNING OF VARANASI GORAKHPUR SECTION OF NH-29 FROM 148.00 208.300 KM [PACKAGE- IV],ROAD TRANSPORT AND HIGHWAYS,NHAI,UTTAR PRADESH,2016-03-01,2019-04-01,2024-12-01,1587.49,3500,3356.11,95.75,3473.59,2024-12-01,,,transitional,246
2024-10-01,N24000556,1560,FOUR LANNING OF RAMPUR- KATHGODAM SECTION OF NH-87 FROM KM 0.000 (KM. 190.000 OF NH- 24) TO KM 42.791,ROAD TRANSPORT AND HIGHWAYS,NHAI,UTTAR PRADESH,2016-03-01,2019-04-01,2024-11-01,899,1623.88,1134.4,92.15,1623.88,2024-11-01,,,transitional,246
2024-10-01,N24000564,1561,4-LANNING OF HARIDWAR-NAGINA SECTION OF NH 74 FROM (KM 204.300 OF NH 58) TO KM 73.00,ROAD TRANSPORT AND HIGHWAYS,NHAI,UTTAR PRADESH,2016-03-01,2020-07-01,2025-03-01,1408,1659.12,1207.12,80.38,1659.12,2025-03-01,,,transitional,246
2024-10-01,N24000796,1562,CONSTRUCTION OF NH-24 EXTENSION 4-LANE BYPASS STARTING FROM BEHTA ROAD AND TERMINATING AT SITAPUR RO,ROAD TRANSPORT AND HIGHWAYS,NHAI,UTTAR PRADESH,2018-03-01,2021-12-01,2024-07-01,1117.84,1203.92,1198.22,99.66,,2023-12-01,,,transitional,247
2024-10-01,N24000798,1563,SIX LANING OF HAPUR BYPASS TO MORADABAD SECTION INCLUDING HAPUR BYPASS FROM KM 50.000 (DESIGN CHAINA,ROAD TRANSPORT AND HIGHWAYS,NHAI,UTTAR PRADESH,2018-03-01,2021-11-01,2024-12-01,2140.93,2140.93,2063.06,97.94,,,,,transitional,247
2024-10-01,N24001185,1564,SIX LANING OF CHAKERI TO ALLAHABAD SECTION OF NH-2 FROM KM 483.687 TO KM 628.753 (DESIGN LENGTH ? 14,ROAD TRANSPORT AND HIGHWAYS,NHAI,UTTAR PRADESH,2017-11-01,2021-07-01,2024-12-01,2159,2262,2249.93,97.5,2262,2024-12-01,,,transitional,247
2024-10-01,N24001306,1565,TWO / FOUR LANING OF RAEBARELI - JAGDISHPUR SECTION OF NH-330A FROM KM. 0.000 TO KM. 47.800 (DESIGN,ROAD TRANSPORT AND HIGHWAYS,NHAI,UTTAR PRADESH,2020-10-01,2023-03-01,2024-05-01,724.6,724.6,569.96,84.92,,,,,transitional,247
2024-10-01,N24001421,1566,CONSTRUCTION OF 6 LANE BRIDGE ON GANGA ON NH-96 AND ITS APPROACHES IN PHAPHAMAU ALLAHABAD ON EPC MOD,ROAD TRANSPORT AND HIGHWAYS,MoRTH,UTTAR PRADESH,2018-07-01,2024-02-01,2025-08-01,1948.25,1948.25,966.06,70,,,,,transitional,247
2024-10-01,N24001423,1567,CONSTRUCTION OF BYPASS FOR PROVIDING INTER CONNECTIVITY AMONG (NHS) AROUND THE PRATAPGARH CITY (PRAT,ROAD TRANSPORT AND HIGHWAYS,MoRTH,UTTAR PRADESH,2021-04-01,2023-09-01,2026-03-01,309.48,309.48,112.99,51,,,,,transitional,247
2024-10-01,N24001424,1568,CONSTRUCTION OF FOUR-LANE ELEVATED VIADUCT FROM KM.4+634 TO KM.6+345 ON NH-24A INCLUDING RETAINING W,ROAD TRANSPORT AND HIGHWAYS,MoRTH,UTTAR PRADESH,2021-03-01,2023-09-01,2024-12-01,185.09,269.81,261.9,96,269.81,,,,transitional,248
2024-10-01,N24001456,1569,REHABILITATION AND UPGRADATION TO 2 LANE WITH PS OF RADHAITA TO PILIBHIT SECTION OF 46.130 KM,ROAD TRANSPORT AND HIGHWAYS,MoRTH,UTTAR PRADESH,2020-04-01,2024-02-01,2024-11-01,199.39,199.39,154.01,94,212.96,,,,transitional,248
2024-10-01,N24001457,1570,REHABILITATION AND UPGRADATION TO 2 LANE WITH PS OF MIRANPUR KATRA TO RADHAITA SECTION OF NH-730C F,ROAD TRANSPORT AND HIGHWAYS,MoRTH,UTTAR PRADESH,2020-04-01,2024-07-01,2025-03-01,172.5,172.5,94.3,61,169.56,,,,transitional,248
2024-10-01,N24001461,1571,2-LANE WITH PS OF BEWAR TO NEAR KARRI VILLAGE SECTION OF NH-92 FROM KM.0.00 TO 30.00 UNDER GNHCP,ROAD TRANSPORT AND HIGHWAYS,MoRTH,UTTAR PRADESH,2020-04-01,2024-03-01,2024-12-01,236.47,236.47,129.32,81,,,,,transitional,248
2024-10-01,N24001462,1572,2-LANE WITH PS OF NEAR KARRI VILLAGE TO ETAWAH SECTION OF NH-92 FROM KM.30.000 TO 57.346 UNDER GNHCP,ROAD TRANSPORT AND HIGHWAYS,MoRTH,UTTAR PRADESH,2020-04-01,2024-07-01,2024-12-01,211.09,211.09,118.93,84,,,,,transitional,248
2024-10-01,N24001463,1573,ALLAHGANJ TO MIRANPUR KATRA SECTION OF NH-730C FROM KM.52.770 TO 114.00,ROAD TRANSPORT AND HIGHWAYS,MoRTH,UTTAR PRADESH,2020-04-01,2024-07-01,2024-02-01,294.84,294.84,287.37,100,309.99,,,,transitional,248
2024-10-01,N24001464,1574,PROJECTS- REHABILITATION AND UPGRADATION OF NH-731A FROM KM 0.00 TO KM.35.00,ROAD TRANSPORT AND HIGHWAYS,MoRTH,UTTAR PRADESH,2021-03-01,2023-08-01,2025-01-01,264.86,264.86,106.25,73,,,,,transitional,248
2024-10-01,N24001469,1575,IMPROVEMENT AND UPGRADATION TO TWO LANE WITH PAVED SHOULDER CONFIGURATION FROM EXISTING KM 55.00 TO,ROAD TRANSPORT AND HIGHWAYS,MoRTH,UTTAR PRADESH,2021-11-01,2024-05-01,2025-03-01,307.11,307.11,172.4,75,,,,,transitional,249
2024-10-01,N24001471,1576,R/U TO 2-LANE WITH PS OF BEWAR TO ALLAHGANJ SECTION OF NH- 730C FROM KM.0.00 TO 52.770 UNDER GNHCP,ROAD TRANSPORT AND HIGHWAYS,MoRTH,UTTAR PRADESH,2020-04-01,2024-11-01,2024-11-01,325.24,325.24,220.97,83,340.16,,,,transitional,249
2024-10-01,N24001479,1577,WIDENING AND UPGRADATION TO FOUR LANE CONFIGURATION FROM KM.34.900 (BHADOHI) TO KM.73.134 (JAUNPUR),ROAD TRANSPORT AND HIGHWAYS,MoRTH,UTTAR PRADESH,2021-03-01,2024-05-01,2025-06-01,395.62,395.62,256.82,57,392.03,,,,transitional,249
2024-10-01,N24001480,1578,WIDENING AND STRENGTHENING FROM KM 0.00 TO KM 15.089 OF NH- 334A (PURKAJI-LAKSAR-HARIDWAR ROAD) TO TW,ROAD TRANSPORT AND HIGHWAYS,MoRTH,UTTAR PRADESH,2021-10-01,2024-04-01,2024-12-01,227.06,227.06,119.19,88,,,,,transitional,249
2024-10-01,N24001523,1579,6L ACCESS-CONTROLLED HIGHWAY FROM (GANESHPUR) TO(NEAR MOHAND) OF GANESHPUR ? DEHRADUN SECTION FROM K,ROAD TRANSPORT AND HIGHWAYS,NHAI,UTTAR PRADESH,2021-03-01,2023-10-01,2024-12-01,836.24,836.24,780.44,98.57,,2024-12-01,,,transitional,249
2024-10-01,N24001524,1580,6L OF ACCESS-CONTROLLED HIGHWAY FROM MOHAND TO DAAT KALI TUNNEL OF GANESHPUR ? DEHRADUN SECTION FROM,ROAD TRANSPORT AND HIGHWAYS,NHAI,UTTAR PRADESH,2021-03-01,2023-10-01,2024-12-01,990.28,990.28,997.51,98.89,,2024-12-01,,,transitional,249
2024-10-01,N24001587,1581,WIDENING AND STRENGTHENING OF SECTION FROM BHARTHANA CHOWK TO KODARKOOT (KM. 0.00 TO KM. 40.00) OF,ROAD TRANSPORT AND HIGHWAYS,MoRTH,UTTAR PRADESH,2020-03-01,2024-09-01,2024-12-01,262.37,343.77,240.47,68,343.77,,,,transitional,250
2024-10-01,N24001726,1582,4L SPUR OF SHAMLI- MUZZAFARNAGAR CONNECTING NH-709AD (PANIPAT-SHAMLI- MUZAFFARNAGAR) AND NH-58 (MEERUT,ROAD TRANSPORT AND HIGHWAYS,NHAI,UTTAR PRADESH,2023-01-01,2024-08-01,2024-08-01,391.26,391.26,14.12,78.5,,,,,transitional,250
2024-10-01,N24001727,1583,"IMPROVEMENT AND UP- GRADATION OF EXISTING ROAD TO 2/4L PS FROM KM 40.000 TO 88.750, START OF KHUTAR B",ROAD TRANSPORT AND HIGHWAYS,NHAI,UTTAR PRADESH,2022-03-01,2025-02-01,2025-02-01,762.62,762.62,423.87,68.5,,,,,transitional,250
2024-10-01,N24001728,1584,"IMPROVEMENT AND UP- GRADATION OF EXISTING ROAD TO 4L PS FROM KM 175.080 TO 229.070, FROM END OF HARDO",ROAD TRANSPORT AND HIGHWAYS,NHAI,UTTAR PRADESH,2021-12-01,2025-07-01,2025-07-01,1138.81,1138.81,307.88,91.41,,,,,transitional,250
2024-10-01,N24001729,1585,4L SPUR OF PANIPAT - SHAMLI CONNECTING NH-709AD (PANIPAT ? SHAMLI ? MUZAFFARNAGAR) AND NH-709A (KARN,ROAD TRANSPORT AND HIGHWAYS,NHAI,UTTAR PRADESH,2022-08-01,2024-04-01,2024-12-01,326.79,329.79,97.49,79.11,,,,,transitional,250
2024-10-01,N24001730,1586,4L FROM GAJU VILLAGE AT KM 32.982 TO DEVINAGAR BYPASS (END) AT KM 208.000 OF NH 530B (PKG 1C),ROAD TRANSPORT AND HIGHWAYS,NHAI,UTTAR PRADESH,2021-12-01,2025-01-01,2025-01-01,1384.79,1384.79,657.86,97,,,,,transitional,250
2024-10-01,N24001731,1587,6L GREENFIELD KANPUR - LUCKNOW (EXPRESSWAY) PKG II FROM KM. 28.500 TO KM. 73.744,ROAD TRANSPORT AND HIGHWAYS,NHAI,UTTAR PRADESH,2021-12-01,2025-05-01,2025-05-01,2470.64,2335,523.01,65.84,,2025-05-01,,,transitional,251
2024-10-01,N24001732,1588,"IMPROVEMENT AND UP- GRADATION OF EXISTING ROAD TO 4L PS FROM KM 229.070 TO 260.800, END OF HARDOI DIS",ROAD TRANSPORT AND HIGHWAYS,NHAI,UTTAR PRADESH,2021-12-01,2024-10-01,2025-04-01,540.97,540.97,205.31,66.86,,,,,transitional,251
2024-10-01,N24001733,1589,6L ACCESS CONTROLLED GREENFIELD HIGHWAY OF JUNCTION OF EPE (VILL.- MAVIKALAN) TO VILL.-LOHADDA FROM K,ROAD TRANSPORT AND HIGHWAYS,NHAI,UTTAR PRADESH,2022-03-01,2024-08-01,2024-12-01,1602.48,1602.48,359.95,75.5,,,,,transitional,251
2024-10-01,N24001734,1590,6L ACCESS CONTROL GREENFIELD HIGHWAY OF VILL-LOHADDA TO VILL-KARAUNDA MAHAJAN FROM KM. 27.000 TO KM.,ROAD TRANSPORT AND HIGHWAYS,NHAI,UTTAR PRADESH,2022-03-01,2024-08-01,2024-12-01,1335.45,1335.45,357.7,70.5,,,,,transitional,251
2024-10-01,N24001735,1591,6L ACCESS CONTROL GREENFIELD HIGHWAY OF VILL-KHYAWARI TO VILL-LATIFPUR AT SAHARANPUR BYPASS FROM KM,ROAD TRANSPORT AND HIGHWAYS,NHAI,UTTAR PRADESH,2022-03-01,2024-08-01,2024-12-01,1428.19,1428.19,432.66,71,,,,,transitional,251
2024-10-01,N24001736,1592,6L ACCESS CONTROL GREENFIELD HIGHWAY OF VILL-KARAUNDA MAHAJAN TO VILL-KHYAWARI FROM KM. 56.500 TO K,ROAD TRANSPORT AND HIGHWAYS,NHAI,UTTAR PRADESH,2022-01-01,2024-08-01,2024-12-01,1159.96,1159.96,510.48,98,,,,,transitional,251
2024-10-01,N24001737,1593,"4LPS OF MUZAFFARNAGAR TO MIRANPUR SECTION OF NH-709AD, PKG-III",ROAD TRANSPORT AND HIGHWAYS,NHAI,UTTAR PRADESH,2021-11-01,2024-04-01,2024-04-01,923.15,923.15,455.61,97.62,,,,,transitional,251
2024-10-01,N24001738,1594,"2LPS OF BIJNOR TO KOTAWALI SECTION OF NH-709AD, PKG-IV",ROAD TRANSPORT AND HIGHWAYS,NHAI,UTTAR PRADESH,2021-09-01,2023-10-01,2024-12-01,300.79,300.79,122.56,66.5,,2024-12-01,,,transitional,252
2024-10-01,N24001739,1595,REHABILITATION and UPGRADATION FROM 2 LANE TO 4 LANE OF NH STRETCH UNDER BHARATMALA PARIYOJANA FOR U,ROAD TRANSPORT AND HIGHWAYS,NHAI,UTTAR PRADESH,2019-10-01,2023-11-01,2024-12-01,1779.83,2200,1044,99.15,,2024-12-01,,,transitional,252
2024-10-01,N24001744,1596,"4L OF SHAMLI BYAPSS- SAHARANPUR FROM KM 92.2 TO KM 155.025 SECTION OF NH-709B, PKG-II",ROAD TRANSPORT AND HIGHWAYS,NHAI,UTTAR PRADESH,2019-05-01,2022-11-01,2024-12-01,779.17,779.17,54.69,95.5,,,,,transitional,252
2024-10-01,N24001745,1597,KANPUR LUCKNOW EXPRESSWAY PKG-1 CONSTRUCTION OF 6-LANE TO EIGHT LANE OF KANPUR LUCKNOW EXPRESSWAY (N,ROAD TRANSPORT AND HIGHWAYS,NHAI,UTTAR PRADESH,2021-12-01,2025-07-01,2025-07-01,1972.1,1936,431.5,55.14,,2025-07-01,,,transitional,252
2024-10-01,N24001746,1598,2-LANE EXISTING RAMPUR BYPASS OF RAMPUR TO BE DEVELOPED TO 4-LANE ON EPC MODE IN THE STATE OF UTTAR,ROAD TRANSPORT AND HIGHWAYS,NHAI,UTTAR PRADESH,2021-03-01,2024-04-01,2025-01-01,364.47,364.47,133.55,67.3,,2025-01-01,,,transitional,252
2024-10-01,N24001753,1599,4 LANING OF NAJIBABAD BYPASS OF NH-119 FROM KM. 105.423 TO KM. 118.373 (EXCLUDING 2.45 KM. OF NH-74,ROAD TRANSPORT AND HIGHWAYS,NHAI,UTTAR PRADESH,2022-02-01,2024-06-01,2024-11-01,570.98,578.02,342.45,80.35,578.02,2024-11-01,,,transitional,252
2024-10-01,N24001754,1600,SPUR OF MEERUT-GARH- MUKTESHWAR SECTION(NH-709A) CONNECTING NH-119 AND NH-58 BYPASSING MEERUT TOWN,ROAD TRANSPORT AND HIGHWAYS,NHAI,UTTAR PRADESH,2022-01-01,2024-10-01,2024-10-01,953.79,953.79,384.66,43.06,,,,,transitional,252
2024-10-01,N24001755,1601,4-LANING OF MEERUT NAJIBABAD SECTION FROM KM. 11.500 TO KM 39.250 AND KM 86.590 TO KM. 112.545.IN TH,ROAD TRANSPORT AND HIGHWAYS,NHAI,UTTAR PRADESH,2019-10-01,2023-03-01,2024-12-01,1936.68,2458.03,1380.9,98.8,,2024-12-01,,,transitional,253
2024-10-01,N24001772,1602,4 LANE CONNECTOR FROM DELHI MEERUT EXPRESSWAY KM 50.000 TO KM 8.520 OF NH 235 IN THE STATE OF UTTAR,ROAD TRANSPORT AND HIGHWAYS,NHAI,UTTAR PRADESH,2021-08-01,2024-03-01,2024-12-01,1147.26,1147.26,81.34,36,,2024-12-01,,,transitional,253
2024-10-01,N24001815,1603,"4L BYPASSES FOR JAGATPUR, B4ABUGANJ, UNCHAHAR, ALAPUR BYPASS, AND SAI RIVER BRIDGE OF RAEBARELI- PRA",ROAD TRANSPORT AND HIGHWAYS,NHAI,UTTAR PRADESH,2022-12-01,2024-11-01,2024-11-01,1699,1699,64.39,51.2,1078,,,,transitional,253
2024-10-01,N24001826,1604,VARANASI RING ROAD (PKG-II) CONNECTING SANDAHA VILLAGE (KM 11.70 / NH-29) WITH REVASA VILLAGE (KM 81,ROAD TRANSPORT AND HIGHWAYS,NHAI,UTTAR PRADESH,2019-02-01,2022-02-01,2024-12-01,927.77,1603,1202.77,79.45,,2024-12-01,,,transitional,253
2024-10-01,N24001830,1605,SIX LANE ACCESS CONTROLLED OF DELHI SAHARANPUR HIGHWAY FROM DELHI UP BORDER TO EPE JUNCTION CH.14.75,ROAD TRANSPORT AND HIGHWAYS,NHAI,UTTAR PRADESH,2020-06-01,2023-11-01,2024-12-01,2002.79,2002.79,1989.85,99,,2024-12-01,,,transitional,253
2024-10-01,N24001851,1606,4L FROM MATHURA BYPASS (START) AT EXISTING KM. 154.20 OF NH-44 TO GAJU VILLAGE AT KM 32.982 OF NH-53,ROAD TRANSPORT AND HIGHWAYS,NHAI,UTTAR PRADESH,2022-01-01,2025-03-01,2025-03-01,1738.2,1738.2,741.68,65,,,,,transitional,253
2024-10-01,N24001852,1607,6L OF AGRA BYPASS (NORTHERN) CONNECTING KM. 174.500 OF NH-2 (NEW NH-19) TO KM. 141.000 OF YAMUNA EXP,ROAD TRANSPORT AND HIGHWAYS,NHAI,UTTAR PRADESH,2021-10-01,2025-02-01,2025-02-01,957.62,957.62,651.03,85,,,,,transitional,254
2024-10-01,N24001853,1608,CONSTRUCTION OF LEFT OUT PORTION OF AGRA INNER RING ROAD CONNECTING VILLAGE DEORI TO NH-44 VILLAGE B,ROAD TRANSPORT AND HIGHWAYS,NHAI,UTTAR PRADESH,2021-10-01,2024-09-01,2024-09-01,772.05,772.05,553.91,67,,2025-03-01,,,transitional,254
2024-10-01,N24001929,1609,CONSTRUCTION OF 4-LANE GREEN FIELD HIGHWAY FROM KM. 35.000 TO KM. 49.155 OF NH-731A WITH PAVED SHOUL,ROAD TRANSPORT AND HIGHWAYS,MoRTH,UTTAR PRADESH,2022-01-01,2025-10-01,2025-10-01,697.66,697.66,254.4,64,,,,,transitional,254
2024-10-01,N24001992,1610,BALANCE WORKS OF 4-LANNING OF RAMPUR-KATHGODAM SECTION OF NH-87 (NEW NH NO. 09) FROM KM. 0.000 (KM 1,ROAD TRANSPORT AND HIGHWAYS,NHAI,UTTAR PRADESH,2022-08-01,2024-02-01,2024-11-01,199.31,199.38,130.59,65.4,199.38,2024-11-01,,,transitional,254
2024-10-01,N24001996,1611,CONSTRUCTION OF TWO LANE WITH PAVED SHOULDER HIGHWAY FROM DESIGN CH.0.000 TO CH.49.2OO OF NH-731B ON,ROAD TRANSPORT AND HIGHWAYS,MoRTH,UTTAR PRADESH,2022-03-01,2025-11-01,2025-11-01,640.18,602.76,346.24,44,602.76,,,,transitional,254
2024-10-01,N24001997,1612,CONSTRUCTION OF SHOHRATGARH BYPASS ON NH- 730 UNDER EPC MODE IN THE STATE OF UTTAR PRADESH,ROAD TRANSPORT AND HIGHWAYS,MoRTH,UTTAR PRADESH,2022-10-01,2025-05-01,2025-05-01,189.31,189.31,50.71,15,,,,,transitional,254
2024-10-01,N24002015,1613,IMPROVEMENT AND UPGRADATION TO TWO LANE WITH PAVED SHOULDER CONFIGURATION FROM EXISTING KM 90.00 TO,ROAD TRANSPORT AND HIGHWAYS,MoRTH,UTTAR PRADESH,2021-11-01,2025-06-01,2025-06-01,403.36,403.36,90.91,18,328.49,,,,transitional,255
2024-10-01,N24002016,1614,CONSTRUCTION OF PRATAPGARH BYPASS (EXTENSION) CONNECTING NH-31 TO NH-330,ROAD TRANSPORT AND HIGHWAYS,MoRTH,UTTAR PRADESH,2022-10-01,2025-06-01,2025-06-01,225.17,225.17,94.39,43,,,,,transitional,255
2024-10-01,N24002029,1615,WIDENING TO FOUR LANE WITH PAVED SHOULDER FROM DESIGN KM.49.200 TO KM.89.285 OF NH- 731B ON EPC MODE,ROAD TRANSPORT AND HIGHWAYS,MoRTH,UTTAR PRADESH,2022-03-01,2026-01-01,2026-01-01,917.91,917.91,483.86,24,956.3,,,,transitional,255
2024-10-01,N24002031,1616,CONSTRUCTION OF TWO LANE WITH PAVED SHOULDER FROM EXISTING KM.0.000 TO KM.55.610 (DESIGN KM. 0.000 T,ROAD TRANSPORT AND HIGHWAYS,MoRTH,UTTAR PRADESH,2021-12-01,2026-02-01,2026-02-01,840.93,840.93,349.53,8,773.58,,,,transitional,255
2024-10-01,N24002032,1617,CONSTRUCTION OF 4-LANE HIGHWAY WITH PAVED SHOULDERS FROM KM 49.155 TO KM 74.700 OF NH-731A ON HYBRID,ROAD TRANSPORT AND HIGHWAYS,MoRTH,UTTAR PRADESH,2022-01-01,2026-01-01,2026-01-01,1156.72,1156.72,241.12,24,,,,,transitional,255
2024-10-01,N24002036,1618,DEVELOPMENT OF SIX-LANE ACCESS CONTROLLED HIGHWAY FROM GOGWAN JALALPUR (SHAMLI DISTRICT) TO RANIPUR,ROAD TRANSPORT AND HIGHWAYS,NHAI,UTTAR PRADESH,2022-04-01,2025-05-01,2025-05-01,1843.59,1843.59,774.19,33,,,,,transitional,255
2024-10-01,N24002073,1619,GARHMUKTESHWAR (KM. 83.200 OF NH-24) TO MEERUT (KM. 9.860 OF NH-235) INCLUDING CONNECTOR TO NH-119,ROAD TRANSPORT AND HIGHWAYS,NHAI,UTTAR PRADESH,2019-10-01,2023-10-01,2024-06-01,2068.99,2171,209.6,47.4,2171,,,,transitional,256
2024-10-01,N24002085,1620,WIDENING OF RAEBARELI TO PRAYAGRAJ SECTION FROM KM. 82.650 TO KM. 161.450 OF NH-30 AND LINK ROAD FRO,ROAD TRANSPORT AND HIGHWAYS,NHAI,UTTAR PRADESH,2023-11-01,2025-03-01,2025-03-01,1470.93,1470.93,69.56,16.37,,,,,transitional,256
2024-10-01,N24002086,1621,CONSTRUCTION OF FOUR LANE HIGHWAY FORM GHAZIPUR BALLIA UP BIHAR STATE BORDER (GREENFIELD) SECTION OF,ROAD TRANSPORT AND HIGHWAYS,NHAI,UTTAR PRADESH,2022-10-01,2025-07-01,2025-07-01,1706.47,1706.47,688.34,40.3,,,,,transitional,256
2024-10-01,N24002087,1622,CONSTRUCTION OF FOUR LANE HIGHWAY FROM GHAZIPUR BALLIA UP BIHAR STATE BORDER (GREENFIELD) SECTION OF,ROAD TRANSPORT AND HIGHWAYS,NHAI,UTTAR PRADESH,2022-10-01,2025-10-01,2025-10-01,1493.14,1493.14,45.3,21,,,,,transitional,256
2024-10-01,N24002088,1623,CONSTRUCTION OF FOUR LANE HIGHWAY FROM GHAZIPUR BALLIA UP BIHAR STATE BORDER (GREENFIELD) SECTION OF,ROAD TRANSPORT AND HIGHWAYS,NHAI,UTTAR PRADESH,2022-10-01,2025-08-01,2025-08-01,1493.5,1493.5,474.79,26.28,,,,,transitional,256
2024-10-01,N24002089,1624,CONSTRUCTION OF FOUR LANE HIGHWAY FROM GHAZIPUR BALLIA UP BIHAR STATE BORDER GREENFIELD SECTION OF N,ROAD TRANSPORT AND HIGHWAYS,NHAI,UTTAR PRADESH,2022-10-01,2025-06-01,2025-06-01,617.87,617.88,95.37,40,,,,,transitional,256
2024-10-01,N24002090,1625,CONSTRUCTION OF FOUR-LANE ?WESTERN SIDE SPUR OF RAMPUR-RUDRAPUR SECTION CONNECTING NH-24 TO NH-87 BY,ROAD TRANSPORT AND HIGHWAYS,NHAI,UTTAR PRADESH,2021-03-01,2024-11-01,2025-04-01,646.27,646.27,45.12,20.85,,2025-04-01,,,transitional,257
2024-10-01,N24002093,1626,"IMPROVEMENT , UP-GRADATION OF NH-734 SECTION OF MORADABAD - THAKURDWARA - KASHIPUR: ?PACKAGE-I: MORA",ROAD TRANSPORT AND HIGHWAYS,NHAI,UTTAR PRADESH,2022-10-01,2025-09-01,2025-09-01,1841.92,1841.92,219.02,28.2,,,,,transitional,257
2024-10-01,N24002094,1627,"IMPROVEMENT AND UP- GRADATION OF EXISTING ROAD TO 4L PS FROM KM 123.650 TO 175.080, FROM START OF SHA",ROAD TRANSPORT AND HIGHWAYS,NHAI,UTTAR PRADESH,2022-09-01,2025-11-01,2025-11-01,1212.26,1212.26,296.13,16.17,,,,,transitional,257
2024-10-01,N24002095,1628,FOUR LANING OF SONAULI GORAKHPUR SECTION OF NH 29E (NEW NH 24) FROM DESIGN CH. 0.000 TO DESIGN CH. 7,ROAD TRANSPORT AND HIGHWAYS,NHAI,UTTAR PRADESH,2021-12-01,2025-03-01,2025-03-01,2555.5,2555.5,770.48,36.77,,,,,transitional,257
2024-10-01,N24002096,1629,CONSTRUCTION OF 4 LANE GREEN FIELD NORTHERN EAST SIDE GORAKHPUR BYPASS (26.616 KMS) STARTING FROM NH,ROAD TRANSPORT AND HIGHWAYS,NHAI,UTTAR PRADESH,2023-02-01,2026-01-01,2026-01-01,1973.98,1973.98,545.4,23.01,,,,,transitional,257
2024-10-01,N24002097,1630,STRENGTHENING OF EXISTING 4L AYODHYA BYPASS SECTION FROM DESIGN KM.121.600 TO KM. 144.020 OF NH 28 (,ROAD TRANSPORT AND HIGHWAYS,NHAI,UTTAR PRADESH,2023-02-01,2025-09-01,2025-03-01,526.45,526.45,139.37,62.1,,,,,transitional,257
2024-10-01,N24002104,1631,CONSTRUCTION OF RING ROAD AROUND KANPUR FROM KM.000 TO KM. 23.325 (CHACHENDI SACHENDI I TO MAHARAJPU,ROAD TRANSPORT AND HIGHWAYS,NHAI,UTTAR PRADESH,2023-01-01,2026-06-01,2026-06-01,1754,1754,218.15,14.5,,,,,transitional,258
2024-10-01,N24002105,1632,CONSTRUCTION OF NEW 4 LANE PRAYAGRAJ SOUTHERN BYPASS (PHASE-I) FROM DESIGN KM 43+200 (AT MAHUWARI VI,ROAD TRANSPORT AND HIGHWAYS,NHAI,UTTAR PRADESH,2023-08-01,2026-06-01,2026-06-01,1378.36,739,100.15,15.5,,,,,transitional,258
2024-10-01,N24002106,1633,CONSTRUCTION OF NEW 4 LANE PRAYAGRAJ SOUTHERN BYPASS FROM DESIGN KM 50.860 (NABABA URF NIBI KALA UPA,ROAD TRANSPORT AND HIGHWAYS,NHAI,UTTAR PRADESH,2023-08-01,2025-03-01,2025-03-01,993.77,349.48,180.56,55.1,,,,,transitional,258
2024-10-01,N24002115,1634,CONSTRUCTION OF MARIAHU BYPASS WITH FOUR LANE PAVED SHOULDER CONFIGURATION (KM.53.540 TO KM.59.200),ROAD TRANSPORT AND HIGHWAYS,MoRTH,UTTAR PRADESH,2023-03-01,2025-08-01,2025-08-01,438.24,438.24,169.48,12,362.39,,,,transitional,258
2024-10-01,N24002116,1635,REHABILITATION AND UPGRADATION FROM KM 51.600 TO KM 75.700 OF NH-321G (NUHKHAS TO ETAH SECTION) TO T,ROAD TRANSPORT AND HIGHWAYS,MoRTH,UTTAR PRADESH,2022-01-01,2025-08-01,2025-08-01,343.54,343.54,46.94,19,,,,,transitional,258
2024-10-01,N24002120,1636,CONSTRUCTION OF JASRA BYPASS WITH FOUR LANE PAVED SHOULDER CONFIGURATION FROM KM. 379.670 ON NH-76 (,ROAD TRANSPORT AND HIGHWAYS,MoRTH,UTTAR PRADESH,2023-02-01,2025-09-01,2025-09-01,274.06,274.06,76.74,48,,,,,transitional,258
2024-10-01,N24002121,1637,IMPROVEMENT AND UP- GRADATION TO TWO LANE WITH PAVED SHOULDER CONFIGURATION FROM EXISTING KM. 420.00,ROAD TRANSPORT AND HIGHWAYS,MoRTH,UTTAR PRADESH,2022-01-01,2025-09-01,2025-09-01,509.65,509.65,135.93,12,,,,,transitional,259
2024-10-01,N24002134,1638,REHABILITATION AND UP- GRADATION FROM KM. 0.000 TO KM. 40.390 OF NH-730S (MAHARAJGANJ ? NICHLOUL ? TH,ROAD TRANSPORT AND HIGHWAYS,MoRTH,UTTAR PRADESH,2023-03-01,2025-12-01,2025-12-01,809.25,809.25,152.15,0,,,,,transitional,259
2024-10-01,N24002138,1639,CONSTRUCTION OF FOUR LANE HIGHWAY WITH PAVED SHOULDER FROM KM.74.700 TO KM.112.950 OF NH-731A (I/C Y,ROAD TRANSPORT AND HIGHWAYS,MoRTH,UTTAR PRADESH,2022-03-01,2026-06-01,2026-06-01,1141.67,1141.67,216.82,7,,,,,transitional,259
2024-10-01,N24002150,1640,CONSTRUCTION OF BALRAMPUR BYPASS WITH 2L FLEXIBLE PAVEMENT CONFIGURATION FROM KM.223.000 OF NH-330 T,ROAD TRANSPORT AND HIGHWAYS,MoRTH,UTTAR PRADESH,2022-12-01,2026-02-01,2026-02-01,515.69,515.69,120.11,0,,,,,transitional,259
2024-10-01,N28000144,1641,KANPUR METRO RAIL PROJECT,URBAN DEVELOPMENT,LMRCL,UTTAR PRADESH,2019-05-01,2024-03-01,2026-06-01,11076.48,11076.48,7845.03,66.8,,,,,transitional,259
2024-10-01,N28000145,1642,AGRA METRO RAIL PROJECT,URBAN DEVELOPMENT,LMRCL,UTTAR PRADESH,2019-05-01,2024-03-01,2025-12-01,8379.62,8379.62,4101.5,44.6,,,,,transitional,259
2024-10-01,N30000006,1643,"INTERCEPTION, DIVERSION AND TREATMENT WORKS FOR NAINI DISTRICT G PHAPHAMAU DISTRICT F AND JHUSI AREA",WATER RESOURCES,UPJalNigam,UTTAR PRADESH,2017-05-01,2021-09-01,2023-06-01,767.59,767.59,276.97,100,,,,,transitional,259
2024-10-01,N30000008,1644,FARRUKHABAD I AND D AND STP WORKS HAM,WATER RESOURCES,UPJalNigam,UTTAR PRADESH,2017-10-01,2022-03-01,2024-11-01,213.62,261.12,177.62,95,261.12,2021-02-01,,,transitional,259
2024-10-01,N30000010,1645,STP AT PANKHA KANPUR AND INTEGRATION WITH EXISTING STPS,WATER RESOURCES,UPJalNigam,UTTAR PRADESH,2018-03-01,2021-09-01,2023-07-01,967.23,967.23,254.98,100,708.7,,,,transitional,260
2024-10-01,N30000013,1646,"INTERCEPTION AND DIVERSION WORKS WITH STP AT BAREILLY, UTTAR PRADESH",WATER RESOURCES,UPJalNigam,UTTAR PRADESH,2019-03-01,2021-08-01,2024-07-01,271.39,271.39,182.26,100,,,,,transitional,260
2024-10-01,N30000019,1647,MATHURA SEWERAGE SCHEME,WATER RESOURCES,UPJalNigam,UTTAR PRADESH,2017-12-01,2020-12-01,2022-06-01,460.45,460.45,315.3,100,,2018-06-01,,,transitional,260
2024-10-01,N30000021,1648,INTERCEPTION AND DIVERSION WORKS AND STP AT MUZAFFARNAGAR UTTAR PRADESH,WATER RESOURCES,UPJalNigam,UTTAR PRADESH,2019-01-01,2021-12-01,2024-12-01,231.79,234.03,141.79,96,234.03,2020-01-01,,,transitional,260
2024-10-01,N30000022,1649,INTERCEPTION AND DIVERSION WORKS AND SEWAGE TREATMENT PLANT AT JAUNPUR UTTAR PRADESH,WATER RESOURCES,UPJalNigam,UTTAR PRADESH,2019-01-01,2021-10-01,2023-07-01,206.05,206.05,139.86,100,,,,,transitional,260
2024-10-01,N30000024,1650,SEWERAGE SCHEME INTERCEPTION AND DIVERSION WITH STP WORKS AT MEERUT UTTAR PRADESH,WATER RESOURCES,UPJalNigam,UTTAR PRADESH,2019-02-01,2022-06-01,2025-12-01,681.78,690.71,13.34,0,,,,,transitional,260
2024-10-01,N30000025,1651,INTERCEPTION AND DIVERSION WORKS WITH STP AT LUCKNOW UTTAR PRADESH,WATER RESOURCES,UPJalNigam,UTTAR PRADESH,2019-03-01,2021-07-01,2024-09-01,298.12,240.93,94.86,100,,2020-05-01,,,transitional,260
2024-10-01,N04000085,1652,"CONSTRUCTION OF DOMESTIC PASSENGER TERMINAL BUILDING AT DEHRADUN AIRPORT, DEHRADUN",CIVIL AVIATION,AAI,UTTARAKHA ND,2018-07-01,2020-09-01,2024-09-01,456.86,500,483.59,100,,,,,transitional,261
2024-10-01,N18000010,1653,TEHRI PUMPED STORAGE PLANT(1000MW),POWER,THDCIL,UTTARAKHA ND,2006-07-01,2016-02-01,2025-08-01,1657,7686.32,7121.33,97.7,4825.6,2022-06-01,,,transitional,261
2024-10-01,N18000014,1654,TAPOVAN-VISHNUGAD HEP (4X130MW),POWER,NTPC,UTTARAKHA ND,2006-11-01,2013-03-01,2029-04-01,2978.48,7103,6298.38,75,,,,,transitional,261
2024-10-01,N18000042,1655,VISHNUGAD PIPALKOTI HYDRO ELECTRIC PROJECT,POWER,THDCIL,UTTARAKHA ND,2008-08-01,2013-06-01,2026-06-01,2491.58,6303,4137.59,68.6,3860.35,,,,transitional,261
2024-10-01,N18000142,1656,LATA-TAPOVAN HYDRO ELECTRIC POWER PROJECT 3X57 MW,POWER,NTPC,UTTARAKHA ND,2012-07-01,2017-08-01,2017-08-01,1527,1527,149.93,0,,,,,transitional,261
2024-10-01,N22000406,1657,RISHIKESH - KARNAPRAYAG NEW LINE,RAILWAYS,RVNL,UTTARAKHA ND,2011-04-01,2024-12-01,2025-03-01,16216,24659,18820.04,0,,,,,transitional,261
2024-10-01,N24000465,1658,4-LANING OF KASHIPUR- SITARGANJ SECTION,ROAD TRANSPORT AND HIGHWAYS,MEGA,UTTARAKHA ND,2012-11-01,2016-08-01,2016-08-01,605.84,605.84,0,0,,,,,transitional,261
2024-10-01,N24000559,1659,FOUR LANNING OF RAMPUR- KATHGODAM SECTION OF NH-87 FROM KM 42.791 (DESIGN CHAINAGE 43.446) TO KM 88,ROAD TRANSPORT AND HIGHWAYS,NHAI,UTTARAKHA ND,2016-03-01,2019-10-01,2024-11-01,720,1150,644.24,94.56,1150,2024-11-01,,,transitional,261
2024-10-01,N24000741,1660,CONSTRUCTION AND UPGRADATION OF EXISTING ROAD TO 2 LANE WITH PAVED SHOULDER FROM KM 368.00 TO KM 399,ROAD TRANSPORT AND HIGHWAYS,NHIDCL,UTTARAKHA ND,2018-03-01,2020-11-01,2024-03-01,274.31,274.31,251.61,99,,2022-12-01,,,transitional,261
2024-10-01,N24000742,1661,2 LANE WITH PAVED SHOULDER FROM KM 399.00 TO KM 430.00 OF KARANPARYAG TO CHAMOLI UNDER CHARDHAM PARI,ROAD TRANSPORT AND HIGHWAYS,NHIDCL,UTTARAKHA ND,2018-03-01,2020-11-01,2024-03-01,403.36,403.36,337.72,95.91,,2022-12-01,,,transitional,262
2024-10-01,N24000743,1662,2 LANE WITH PAVED SHOULDER FROM KM 430.00 TO KM 468.00 OF CHAMOLI TO PAINI UNDER CHARDHAM PARIYOJNA,ROAD TRANSPORT AND HIGHWAYS,NHIDCL,UTTARAKHA ND,2018-03-01,2020-11-01,2024-03-01,417.24,417.24,344.2,98.72,,2022-12-01,,,transitional,262
2024-10-01,N24000772,1663,RECONSTRUCTION WITH GEOMETRIC IMPROVEMENT OF EXISTING 2 LANE/INTERMEDIATE LANE TO 2LANE WITH PAVED S,ROAD TRANSPORT AND HIGHWAYS,MoRTH,UTTARAKHA ND,2017-12-01,2019-12-01,2019-12-01,257.34,257.34,232.69,100,,,,,transitional,262
2024-10-01,N24000773,1664,RECONSTRUCTION WITH GEOMETRIC IMPROVEMENT OF EXISTING 2 LANE/INTERMEDIATE LANE TO 2LANE WITH PAVED S,ROAD TRANSPORT AND HIGHWAYS,MoRTH,UTTARAKHA ND,2017-12-01,2019-12-01,2019-12-01,200.34,200.34,227.98,100,253.43,,,,transitional,262
2024-10-01,N24000774,1665,WIDENING OF EXISTING SINGLE LANE ROAD TO TWO LANE WITH PAVED SHOULDERS CONFIGURATION FROM KM. 235.00,ROAD TRANSPORT AND HIGHWAYS,MoRTH,UTTARAKHA ND,2017-12-01,2019-12-01,2019-12-01,248.22,248.22,236.8,100,,,,,transitional,262
2024-10-01,N24000775,1666,RECONSTRUCTION WITH GEOMETRIC IMPROVEMENT OF EXISTING 2 LANE/INTERMEDIATE LANE TO 2LANE WITH PAVED S,ROAD TRANSPORT AND HIGHWAYS,MoRTH,UTTARAKHA ND,2017-06-01,2019-06-01,2023-03-01,282.08,282.08,234.97,100,,2023-03-01,,,transitional,262
2024-10-01,N24000776,1667,RECONSTRUCTION WITH GEOMETIC IMPROVEMENT OF EXISTING TWO LANE TO 2- LANE WITH PAVED SHOULDERS CONFIG,ROAD TRANSPORT AND HIGHWAYS,MoRTH,UTTARAKHA ND,2017-11-01,2019-11-01,2019-11-01,232.81,232.81,201.58,100,,,,,transitional,263
2024-10-01,N24000777,1668,RECONSTRUCTION WITH GEOMETIC IMPROVEMENT OF SINGLE LANE TO 2- LANE WITH PAVED SHOULDER CONFIGURATION,ROAD TRANSPORT AND HIGHWAYS,MoRTH,UTTARAKHA ND,2017-11-01,2019-11-01,2019-11-01,283.51,283.51,278.51,100,,,,,transitional,263
2024-10-01,N24000778,1669,RECONSTRUCTION WITH GEOMETRIC IMPROVEMENT OF EXISTING SINGLE/INTERMEDIATE LANE TO 2LANE WITH PAVED S,ROAD TRANSPORT AND HIGHWAYS,MoRTH,UTTARAKHA ND,2017-11-01,2019-11-01,2019-11-01,266.52,266.52,250.34,100,,,,,transitional,263
2024-10-01,N24000779,1670,RECONSTRUCTION WITH GEOMETRIC IMPROVEMENT OF EXISTING SINGLE/INTERMEDIATE LANE TO 2 LANE WITH EAR,ROAD TRANSPORT AND HIGHWAYS,MoRTH,UTTARAKHA ND,2018-02-01,2020-02-01,2023-03-01,418.88,418.88,339.71,94,,2023-03-01,,,transitional,263
2024-10-01,N24000780,1671,REHABILITATION AND UP GRADATION OF 2 LANE/ 2 LANE WITH PAVED SHOULDER FROM EXISTING KM. 172.900 TO K,ROAD TRANSPORT AND HIGHWAYS,MoRTH,UTTARAKHA ND,2018-02-01,,2023-04-01,293.68,293.68,244.25,100,,2023-04-01,,,transitional,263
2024-10-01,N24000781,1672,CONSTRUCTION OF KUND BYPASS FROM EXISTING KM 33+130 TO KM 41+260 (EXISTING LENGTH: 8.130 KM); DESIGN,ROAD TRANSPORT AND HIGHWAYS,MoRTH,UTTARAKHA ND,2018-05-01,2020-05-01,2023-12-01,248,248,120.5,65.56,,2023-12-01,,,transitional,263
2024-10-01,N24000782,1673,REHABILITATION AND UPGRADATION OF 2 LANE WITH PAVED SHOULDER FROM EXISTING KM. 195.175 TO KM. 220.00,ROAD TRANSPORT AND HIGHWAYS,MoRTH,UTTARAKHA ND,2018-03-01,,,460.73,461,0,0,,,,,transitional,264
2024-10-01,N24000855,1674,CONSTRUCTION OF 4.5 KM LONG SILKYARA TUNNEL BETWEEN KM 25.40 TO 50.25 KM (TUNNEL WORK),ROAD TRANSPORT AND HIGHWAYS,NHIDCL,UTTARAKHA ND,2018-03-01,2022-07-01,2026-01-01,1383.78,1383.78,597.48,61.66,,2022-07-01,,,transitional,264
2024-10-01,N24001130,1675,RECONSTRUCTION WITH GEOMETRIC IMPROVMENT OF EXISTING INTERMEDIATE LANE TO 2 LANE WITH PAVED SHOULDER,ROAD TRANSPORT AND HIGHWAYS,MoRTH,UTTARAKHA ND,2016-08-01,2017-12-01,2017-12-01,234.88,234.88,237.19,100,273.49,,,,transitional,264
2024-10-01,N24001525,1676,6L ACCESS-CONTROLLED HIGHWAY OF DAAT KALI TUNNEL - DEHRADUN OF GANESHPUR ? DEHRADUN SECTION FROM KM.,ROAD TRANSPORT AND HIGHWAYS,NHAI,UTTARAKHA ND,2021-03-01,2024-03-01,2024-12-01,169.08,169.08,94.67,98.87,,2024-12-01,,,transitional,264
2024-10-01,N24001526,1677,UPGRADATION AND 4L OF HARIDWAR BYPASS FROM KM 0.000 (KM 188.100 OF NH-58) TO KM. 15.100 (KM 5.100 OF,ROAD TRANSPORT AND HIGHWAYS,NHAI,UTTARAKHA ND,2021-08-01,2024-10-01,2024-10-01,1377.79,1377.79,679.1,46.81,1384.11,2024-10-01,,,transitional,264
2024-10-01,N24001553,1678,4L MEDINIPUR TO BALLUPUR FROM KM. 458.65 TO KM. 487.65 OF NH-07(PKG-2),ROAD TRANSPORT AND HIGHWAYS,NHAI,UTTARAKHA ND,2022-03-01,2025-02-01,2025-02-01,1092.9,1092.9,461.92,60.5,1092.9,2025-02-01,,,transitional,264
2024-10-01,N24001990,1679,4L POANTA SAHEB?MEDNIPUR FROM KM. 435.65 TO KM. 458.65 OF NH-07(PKG-1),ROAD TRANSPORT AND HIGHWAYS,NHAI,UTTARAKHA ND,2022-06-01,2025-05-01,2025-05-01,524.54,683.26,74.94,50.6,683.26,2025-05-01,,,transitional,264
2024-10-01,N24001991,1680,ACCESS ROAD/BRIDGE CONNECTIVITY FROM NH-09 AT KM.40 NEAR JAGBUDA BRIDGE (INDIA) TO BOUNDARY PILLAR,ROAD TRANSPORT AND HIGHWAYS,NHAI,UTTARAKHA ND,2022-05-01,2024-09-01,2025-05-01,314.31,314.31,150.55,54.5,,2025-05-01,,,transitional,265
2024-10-01,N24001995,1681,4L OF DUDHADHARI ELEVATED FLYOVER (MUZAFFARNAGAR ?HARIDWAR SECTION) FROM KM 356.450 TO KM 353.800 OF,ROAD TRANSPORT AND HIGHWAYS,NHAI,UTTARAKHA ND,2021-05-01,2023-11-01,2024-12-01,154.52,154.52,150.26,100,,2024-12-01,,,transitional,265
2024-10-01,N24002163,1682,CONSTRUCTION FOR MITIGATION MEASURES KM 368.00- UTTARAKHAND-TO KM 433.00 ON NH-07-PKG-1,ROAD TRANSPORT AND HIGHWAYS,NHIDCL,UTTARAKHA ND,2023-12-01,2025-12-01,2025-12-01,216.88,216.88,0,5,,,,,transitional,265
2024-10-01,N24002164,1683,CONSTRUCTION FOR MITIGATION MEASURES KM 450.00- UTTARAKHAND-TO KM 468.00 ON NH-07-PKG-3,ROAD TRANSPORT AND HIGHWAYS,NHIDCL,UTTARAKHA ND,2023-12-01,2025-12-01,2025-12-01,250.33,250.33,0,5,,,,,transitional,265
2024-10-01,N30000004,1684,INTERCEPTION AND DIVERSION WITH STP AT RISHIKESH,WATER RESOURCES,UKJalNigam,UTTARAKHA ND,2017-03-01,2019-11-01,2022-02-01,158,158,105.88,100,,,,,transitional,265
2024-10-01,N04000080,1685,CONSTRUCTION OF ATC TOWER AND TECHNICAL BLOCK AT NSCBI AIRPORT KOLKATA,CIVIL AVIATION,AAI,WEST BENGAL,2016-01-01,2020-03-01,2023-12-01,458,458,246.68,100,,2022-06-01,,,transitional,265
2024-10-01,N04000081,1686,"AIRSIDE CAPACITY ENHANCEMENT OF NSBI AIRPORT, KOLKATA",CIVIL AVIATION,AAI,WEST BENGAL,2019-01-01,2021-11-01,2023-05-01,389.71,397,396.49,100,,,,,transitional,265
2024-10-01,N04000109,1687,"NSCBI AIRPORT KOLKATA: RE- CONSTRUCTION OF RIGID POSITIONS OF SECONDARY RUNWAY, 'K' AND 'A' TAXIWAY",CIVIL AVIATION,AAI,WEST BENGAL,2023-04-01,2025-10-01,2025-10-01,328.3,328.3,52.94,25,,,,,transitional,266
2024-10-01,N04000115,1688,BAGDOGRA AIRPORT: DEVELOPMENT OF NEW CIVIL ENCLAVE AT BAGDOGRA AIRPORT. SUB-HEAD : CONSTRUCTION OF N,CIVIL AVIATION,AAI,WEST BENGAL,2024-08-01,2027-03-01,2027-03-01,1549,1549,29.46,0.3,,,,,transitional,266
2024-10-01,N06000163,1689,RANIGANJ MASTER PLAN,COAL,ECL,WEST BENGAL,2009-08-01,2019-08-01,2024-08-01,2661.73,5146.48,765.22,40.5,,,,,transitional,266
2024-10-01,N06000165,1690,SIDULI MINE (OC AND UG),COAL,ECL,WEST BENGAL,2018-05-01,2026-03-01,2026-03-01,535.18,535.17,4.22,13.2,,,,,transitional,266
2024-10-01,N06000170,1691,NAKRAKONDA KUMARDIH B OCP,COAL,ECL,WEST BENGAL,2018-08-01,2029-03-01,2029-03-01,502.68,502.67,58.93,25.3,,,,,transitional,266
2024-10-01,N06000191,1692,SHYAMSUNDARPUR UG INCLUDING SAPI UNIT,COAL,ECL,WEST BENGAL,2020-04-01,2025-03-01,2026-03-01,483.65,483.65,32.96,12,,2026-03-01,,,transitional,266
2024-10-01,N06000195,1693,2.0 MTPA BHOJUDIH NLW WASHERY,COAL,BCCL,WEST BENGAL,2015-12-01,2017-03-01,2024-11-01,341.22,341.22,322.21,94,341.22,,,,transitional,266
2024-10-01,N06000220,1694,SONEPUR BAZARI EXPANSION OC,COAL,ECL,WEST BENGAL,2021-07-01,2029-03-01,2029-03-01,5365.88,5365.88,516.46,17,5366,,,,transitional,266
2024-10-01,N06000223,1695,EXPANSION PR OF JHANJRA UG (5.00 MTY),COAL,ECL,WEST BENGAL,2020-04-01,2029-03-01,2029-03-01,1210.12,1210.12,404.5,38,,,,,transitional,266
2024-10-01,N06000236,1696,MOHANPUR EXPANSION OC PHASE II,COAL,ECL,WEST BENGAL,2020-11-01,2025-03-01,2026-03-01,888.99,888.99,93,30,,2026-03-01,,,transitional,266
2024-10-01,N06000244,1697,BONJEMEHARI EXPANSION OCP,COAL,ECL,WEST BENGAL,2021-08-01,2025-03-01,2026-03-01,570.12,570.11,53.07,16,,2026-03-01,,,transitional,267
2024-10-01,N06000272,1698,ITAPARA OC,COAL,ECL,WEST BENGAL,2023-12-01,2030-03-01,2030-03-01,929.1,929.1,54.92,7,,,,,transitional,267
2024-10-01,N06000276,1699,UCE OF TILABONI UG,COAL,ECL,WEST BENGAL,2023-01-01,2029-03-01,2029-03-01,749.07,749.07,3.15,10,,,,,transitional,267
2024-10-01,N06000277,1700,UCE OF PARASEA BELBAID REORGANISATION UG,COAL,ECL,WEST BENGAL,2023-01-01,2029-03-01,2029-03-01,389.1,389.1,0,14,,,,,transitional,267
2024-10-01,N28000146,1701,CONSTRUCTION OF TWO NOS GIRLS HOSTELS AND ONE NO BOYS HOSTEL OF 500 CAPACITY EACH G PLUS 8 STOREYED,DEPARTMENT OF HIGHER EDUCATION,CPWD EDUCATION,WEST BENGAL,2020-03-01,2020-06-01,2024-05-01,193.83,193.83,185.75,99,,,,,transitional,267
2024-10-01,N28000104,1702,NSG AT KOLKATA,HOME AFFAIRS,CPWD FOR MHA,WEST BENGAL,2014-10-01,2018-04-01,2024-12-01,162.88,210.83,187.06,88.5,210.83,,,,transitional,267
2024-10-01,N10000015,1703,"CONSTRUCTION OF BASEMENTG FLOOR10 STORIES BUILDING FOR THE STATE OF THE ART, DG, GSI AT SECTOR-V, SA",MINES,CPWD,WEST BENGAL,2019-04-01,2022-04-01,2026-08-01,255.37,255.37,56.19,26,,,,,transitional,267
2024-10-01,N16000275,1704,DURGAPUR-HALDIA PIPELINE PROJECT,PETROLEUM,GAIL,WEST BENGAL,2017-03-01,2020-12-01,2025-03-01,1740,2433.15,2025.4,87.2,2433.15,2025-03-01,,,transitional,267
2024-10-01,N16000392,1705,CITY GAS DISTRIBUTION IN WEST BENGAL,PETROLEUM,HPCL,WEST BENGAL,2019-03-01,2031-03-01,2029-03-01,5830.2,5830.2,764.54,23.7,,2029-03-01,,,transitional,267
2024-10-01,N16000478,1706,HALDIA PANAGARH PIPELINE PROJECT,PETROLEUM,HPCL,WEST BENGAL,2022-11-01,2025-11-01,2025-11-01,1010,1010,291.21,56.08,,,,,transitional,267
2024-10-01,N16000491,1707,"CGD PROJECT AT EAST MEDNIPORE, WEST MEDNIPORE AND JHARGRAM DISTRICTS",PETROLEUM,IOCL,WEST BENGAL,2022-03-01,2030-03-01,2031-06-01,609,609,57.23,1.3,,,,,transitional,268
2024-10-01,N16000498,1708,CGD PROJECT IN WEST BENGAL 11TH ROUND,PETROLEUM,HPCL,WEST BENGAL,2022-06-01,2030-06-01,2030-06-01,2628,2628,161.36,18.2,,,,,transitional,268
2024-10-01,N16000522,1709,CITY GAS DISTRIBUTION PROJECTS AT ALIPURDUAR AND COOCH BEHAR,PETROLEUM,BPCL,WEST BENGAL,2022-12-01,2030-03-01,2030-03-01,1017,1017,79.01,20.4,,,,,transitional,268
2024-10-01,N18000178,1710,RAMMAM-III HEPP (3X40 MW),POWER,NTPC,WEST BENGAL,2014-09-01,2019-09-01,2029-03-01,1381.84,1803,1042.24,45.1,,,,,transitional,268
2024-10-01,N18000277,1711,DURGAPUR PP-III (2X20 MW) - NSPCL,POWER,NTPC,WEST BENGAL,2016-12-01,2018-11-01,2024-03-01,529.68,679,558.39,89,633.8,2024-03-01,,,transitional,268
2024-10-01,220100272,1712,"TARAKESWAR - BISHNUPUR NEW BG LINE (NL), ER",RAILWAYS,ER,WEST BENGAL,2000-04-01,2019-03-01,2025-03-01,1188.91,2582.49,1087.01,75,,2025-03-01,,,transitional,268
2024-10-01,N22000108,1713,NEW WORK FOR CONSTRUCTION OF METRO RAILWAY FROM NOAPARA-BARASAI VIA BIMANBANDER (MTP),RAILWAYS,KOMRCL,WEST BENGAL,2010-04-01,2016-03-01,2016-03-01,2397.72,2397.72,197.2,17,,,,,transitional,268
2024-10-01,N22000109,1714,NEW WORK FOR CONSTRUCTION OF METRO RAILWAY FROM BARANAGAR TO BARRACKPORE AND DAKSHINESHWAR (MTP),RAILWAYS,RVNL,WEST BENGAL,2010-04-01,2014-03-01,2025-12-01,2298.42,2733.86,392.98,0,,,,,transitional,268
2024-10-01,N22000110,1715,NEW WORK FOR CONSTRUCTION OF METRO RAILWAY FROM NSCB AIRPORT TO NEW GARIA VIA RAJARHAT (MTP),RAILWAYS,RVNL,WEST BENGAL,2010-04-01,2016-03-01,2026-03-01,3951.98,8964.35,7387.4,0,,,,,transitional,269
2024-10-01,N22000111,1716,NEW WORK FOR CONSTRUCTION OF METRO RAILWAY FROM JOKA TO BINOY BADAL DINESH BAGH.,RAILWAYS,RVNL,WEST BENGAL,2010-04-01,2016-03-01,2026-12-01,2913.51,4834.54,3918.86,0,,,,,transitional,269
2024-10-01,N22000510,1717,PURULIA TO KOTSHILA DOUBLING (39.1 KM),RAILWAYS,SER,WEST BENGAL,2018-04-01,2022-06-01,2024-12-01,338,393.83,198.67,60,,,,,transitional,269
2024-10-01,N22000609,1718,AZIMGANJ-MURSHIDABAD (JIYAGANJ) INCL. RLY. BRIDGE OVER RIVER BHAGIRATHI,RAILWAYS,ER,WEST BENGAL,2001-10-01,2024-02-01,2024-02-01,164.33,187.05,157.27,100,,,,,transitional,269
2024-10-01,N22000624,1719,NAHATI - RANAGHAT 3RD LINE (MM OF KALINARAYANPUR - KRISHNANAGAR),RAILWAYS,ER,WEST BENGAL,2015-07-01,2025-03-01,2026-03-01,283.54,283.54,159.3,44,,2026-03-01,,,transitional,269
2024-10-01,N22000628,1720,EAST WEST METRO CORRIDOR KOLKATA,RAILWAYS,KOMRCL,WEST BENGAL,2009-02-01,2016-09-01,2024-06-01,4874.58,10442.41,0,0,8575,,,,transitional,269
2024-10-01,N24000463,1721,4 LANING OF NH-31D FROM GHOSHPUKUR - SALSALABARI ( KM 0.00 TO KM . 83.785),ROAD TRANSPORT AND HIGHWAYS,NHAI,WEST BENGAL,2015-12-01,2018-06-01,2023-08-01,1083,1414.01,1080.05,100,1414.01,2024-05-01,,,transitional,269
2024-10-01,N24000515,1722,SIX-LANING OF BARWA ADDA- PANAGARH,ROAD TRANSPORT AND HIGHWAYS,NHAI,WEST BENGAL,2014-04-01,2016-09-01,2024-12-01,1665,4920.68,4920.68,93.4,,,,,transitional,269
2024-10-01,N24000788,1723,REHABILITATION AND UP GRADATION OF EXISTING ROAD TO 2-LANE WITH PAVED SHOULDER CONFIGURATION IN PURU,ROAD TRANSPORT AND HIGHWAYS,NHAI,WEST BENGAL,2018-03-01,2022-09-01,2025-03-01,841.57,708.3,7093.85,93.25,708.3,2022-12-01,,,transitional,270
2024-10-01,N24000874,1724,CONSTRUCTION OF NEW ROAD AT THE MISSING LINK PORTION OF NH- 81 ALONG THE APPROVED ALIGNMENT BETWEEN H,ROAD TRANSPORT AND HIGHWAYS,MoRTH,WEST BENGAL,2016-03-01,2018-11-01,2024-12-01,271.17,291.2,180.63,76.9,291.2,2023-12-01,,,transitional,270
2024-10-01,N24000880,1725,UPGRADATION OF NH-81 WITH A MINIMUM OF 2-LANE WITH PAVED SHOULDER CONFIGURATION STARTING FROM KM 19.,ROAD TRANSPORT AND HIGHWAYS,MoRTH,WEST BENGAL,2018-02-01,2020-09-01,2024-11-01,426.18,426.18,364.92,90.29,426.18,2024-01-01,,,transitional,270
2024-10-01,N24000885,1726,CONSTRUCTION OF ROB AND ITS APPROACHES IN LIEU OF UNMANNED LEVEL CROSSING AT KM 303.9 ON NH-60 (PAND,ROAD TRANSPORT AND HIGHWAYS,MoRTH,WEST BENGAL,2016-03-01,2023-09-01,2024-07-01,160.27,213.97,144.31,100,213.97,2024-03-01,,,transitional,270
2024-10-01,N24000887,1727,CONSTRUCTION OF TWINS 2-LANE ROB AND ITS APPROACHES IN REPLACEMENT OF EXISTING LEVEL CROSSING GATE N,ROAD TRANSPORT AND HIGHWAYS,MoRTH,WEST BENGAL,2016-06-01,2021-09-01,2024-11-01,236.78,263.26,232.54,99.79,263.26,2024-02-01,,,transitional,270
2024-10-01,N24001747,1728,SIX LANE OF PALSIT TO DANKUNI SECTION FROM 588.870 TO KM. 652.700,ROAD TRANSPORT AND HIGHWAYS,NHAI,WEST BENGAL,2020-03-01,2024-09-01,2024-09-01,2193.23,2314,1905.34,80.08,2314,,,,transitional,270
2024-10-01,N24001748,1729,SIX LANING OF NATIONAL CORRIDOR NH19 FROM PANAGARH TO PALSIT IN THE STATE OF WEST BENGAL UNDER BHARA,ROAD TRANSPORT AND HIGHWAYS,NHAI,WEST BENGAL,2021-03-01,2024-09-01,2025-06-01,2200.93,2614.65,2614.65,90.48,,,,,transitional,270
2024-10-01,N24001749,1730,FOUR LANING OF PURULIYA BYPASS SECTION OF NH 32 IN THE STATE OF WEST BENGAL ON EPC MODE,ROAD TRANSPORT AND HIGHWAYS,NHAI,WEST BENGAL,2021-08-01,2023-08-01,2024-11-01,557.55,557.55,472.79,90.93,,,,,transitional,271
2024-10-01,N24001750,1731,CONSTRUCTION OF NEW 4 LANE BRIDGE OVER RIVER GANGA AT DOWNSTREAM OF FARAKKA BARRAGE INCLUDING APPROA,ROAD TRANSPORT AND HIGHWAYS,NHAI,WEST BENGAL,2018-08-01,2021-12-01,2025-02-01,622.04,622.04,494.31,80.33,,,,,transitional,271
2024-10-01,N24001752,1732,FOUR LANING OF BAL. WORKS OF BARASAT-KRISHNAGAR FROM KM.48.553 TO KM.115.272,ROAD TRANSPORT AND HIGHWAYS,NHAI,WEST BENGAL,2018-12-01,2023-02-01,2024-11-01,2375.87,2843.79,2371.78,100,2843.79,2023-08-01,,,transitional,271
2024-10-01,N24001850,1733,DEVELOPMENT TO 4/6-LANNING OF NH-31 (NEW NH-10) WITH BOTH SIDE SERVICE ROADS FROM KM 569.258 TO KM 5,ROAD TRANSPORT AND HIGHWAYS,MoRTH,WEST BENGAL,2022-03-01,2025-09-01,2025-09-01,995.04,995.04,270.02,34.2,995.04,2025-09-01,,,transitional,271
2024-10-01,N24002184,1734,CONSTRUCTION OR 4 LANE RANIGANJ BYPASS OF LENGTH 5 261 KM ON NH 60 NEW NH 14 FROM KM 273 00 OF NH,ROAD TRANSPORT AND HIGHWAYS,MoRTH,WEST BENGAL,2023-03-01,2026-03-01,2026-03-01,410.83,410.83,92.21,6.5,,2026-03-01,,,transitional,271
2024-10-01,N12000132,1735,REBUILDING OF COKE OVEN BATTERY NO.4 OF DURGAPUR STEEL PLANT,STEEL,SAIL,WEST BENGAL,2023-11-01,2026-12-01,2026-12-01,916.78,916.78,46.84,3,,,,,transitional,271
2024-10-01,N30000029,1736,DETAILED PROJECT REPORT FOR I AND D SEWERAGE SYSTEM AND STP FOR ASANSOL AND KULTI TOWNS,WATER RESOURCES,KMDA,WEST BENGAL,2019-01-01,2022-04-01,2024-12-01,384.96,384.96,0,0,,2019-02-01,,,transitional,271
2024-10-01,N30000030,1737,INTERCEPTION AND DIVERSION WORKS WITH STP FOR DRAINS FALLING IN RIVER DAMODAR AT DURGAPURL,WATER RESOURCES,KMDA,WEST BENGAL,2019-03-01,2022-04-01,2024-12-01,287.53,287.53,0,0,,,,,transitional,272
2024-10-01,N30000031,1738,I AND D AND STP WORKS AT BURDWAN WEST BENGAL,WATER RESOURCES,KMDA,WEST BENGAL,2018-12-01,2022-04-01,2024-12-01,234.31,234.31,0,0,,,,,transitional,272
2024-10-01,N30000032,1739,INTERCEPTION AND DIVERSION WITH STP AT MAHESHTALA,WATER RESOURCES,KMDA,WEST BENGAL,2018-05-01,2022-02-01,2025-03-01,198.43,224.69,75.82,83,224.69,,,,transitional,272
2024-10-01,N30000033,1740,INTEGRATION OF STPS WITH REHABILITATION AND O AND M OF EXISTING ASSETS,WATER RESOURCES,KMDA,WEST BENGAL,2018-03-01,2022-06-01,2024-03-01,165.16,165.16,0,0,,,,,transitional,272
2024-10-01,N30000034,1741,INTERCEPTION DIVERSION TREATMENT WORKS AT TOLLYS NULLAH ADI GANGA,WATER RESOURCES,KMDA,WEST BENGAL,2017-08-01,2022-09-01,2026-12-01,307.12,653.67,0,0,,2023-01-01,,,transitional,272
2024-10-01,N30000042,1742,INTERCEPTION AND DIVERSION WITH STP AT HUGHLY-CHINSURAH,WATER RESOURCES,KMDA,WEST BENGAL,2018-05-01,2022-02-01,2024-12-01,160,154.73,84.27,88,154.73,2020-09-01,,,transitional,272
2024-10-01,N30000045,1743,"INTERCEPTION, DIVERSION AND TREATMENT WORKS AT HOWRAH",WATER RESOURCES,KMDA,WEST BENGAL,2017-08-01,2021-12-01,2024-02-01,185.22,185.22,49.99,100,,2021-02-01,,,transitional,272
2024-10-01,N30000046,1744,SEWERAGE SYSTEM AND STP WORKS AT HALISHAHR,WATER RESOURCES,KMDA,WEST BENGAL,2014-02-01,2019-12-01,2022-06-01,274.76,332.56,276.93,100,,,,,transitional,272
2024-10-01,N30000047,1745,SEWERAGE SYSTEM WITH SEWER NETWORK AT BARRACKPORE,WATER RESOURCES,KMDA,WEST BENGAL,2014-12-01,2020-04-01,2022-06-01,272.32,272.32,307.26,100,341.68,,,,transitional,272
2024-10-01,N30000048,1746,"INTERCEPTION, DIVERSION AND TREATMENT WORKS AT BARANAGAR AND KAMARAHATI",WATER RESOURCES,KMDA,WEST BENGAL,2018-01-01,2021-12-01,2024-02-01,172.1,172.1,47.2,100,,2021-02-01,,,transitional,273
2024-10-01,N30000049,1747,INTERCEPTION AND DIVERSION WITH STP AT BALLY,WATER RESOURCES,KMDA,WEST BENGAL,2017-10-01,2021-12-01,2024-02-01,164.93,164.93,45.45,100,,2021-02-01,,,transitional,273
