pc_code,st_code,pc_id,state_ut_code,state_ut,pc_no,pc_name,pc_name_former,pc_name_hi,reserved_status,reserved_source,reserved_status_datameet,wikidata_qid,pc_code_datameet,ac_count,ac_numbers,ac_codes,ac_list,districts_order,district_count_order,district_primary_spatial,district_shares,district_outside_share,ac_located,ac_spatial_agree,ac_agreement,verification,delimitation_note,source_basis,order_ref
35-1,35,U01_1,U01,Andaman & Nicobar,1,Andaman & Nicobar,,अण्डमान और निकोबार द्वीपसमूह,GEN,2008-delimitation-order-schedule-i,GEN,Q3530684,35-1,0,,,,,0,North & Middle Andaman,North & Middle Andaman:0.4286 Nicobar:0.2857 South Andaman:0.1905,0.0952,0,0,,no-assembly,,no-assembly-ut,
37-1,37,S01_1,S01,Andhra Pradesh,1,Araku,,अराकु,ST,2008-delimitation-order-table-b,ST,Q3633068,37-1,7,10 11 12 13 28 29 53,37-10 37-11 37-12 37-13 37-28 37-29 37-53,10-Palakonda (ST); 11-Kurupam (ST); 12-Parvathipuram (SC); 13-Salur (ST); 28-Araku Valley (ST); 29-Paderu (ST); 53-Rampachodovaram (ST),Srikakulam; Vizianagaram; Visakhapatnam; East Godavari,4,Visakhapatnam,Visakhapatnam:0.4475 East Godavari:0.2762 Vizianagaram:0.1823 Srikakulam:0.0718 Koraput:0.0166 West Godavari:0.0055,0,6,6,1,verified,,2008-order-renumbered-ap-reorg-2014,AP PC 18
37-2,37,S01_2,S01,Andhra Pradesh,2,Srikakulam,,श्रीकाकुलम,GEN,2008-delimitation-order-table-b,GEN,Q3764487,37-2,7,1 2 3 4 5 6 8,37-1 37-2 37-3 37-4 37-5 37-6 37-8,1-Ichchapuram; 2-Palasa; 3-Tekkali; 4-Pathapatnam; 5-Srikakulam; 6-Amadalavalasa; 8-Narasannapeta,Srikakulam,1,Srikakulam,Srikakulam:0.9819 Gajapati:0.0045 Ganjam:0.0045,0.009,7,7,1,verified,,2008-order-renumbered-ap-reorg-2014,AP PC 19
37-3,37,S01_3,S01,Andhra Pradesh,3,Vizianagaram,,विजियानगरम,GEN,2008-delimitation-order-table-b,GEN,Q7938017,37-3,7,7 9 14 15 16 17 18,37-7 37-9 37-14 37-15 37-16 37-17 37-18,7-Etcherla; 9-Rajam (SC); 14-Bobbili; 15-Cheepurupalli; 16-Gajapathinagaram; 17-Nellimarla; 18-Vizianagaram,Srikakulam; Vizianagaram,2,Vizianagaram,Vizianagaram:0.5745 Srikakulam:0.4195 Visakhapatnam:0.0061,0,6,6,1,verified,,2008-order-renumbered-ap-reorg-2014,AP PC 20
37-4,37,S01_4,S01,Andhra Pradesh,4,Visakhapatnam,,विशाखापत्तनम,GEN,2008-delimitation-order-table-b,GEN,Q3763974,37-4,7,19 20 21 22 23 24 25,37-19 37-20 37-21 37-22 37-23 37-24 37-25,19-Srungavarapukota; 20-Bhimli; 21-Visakhapatnam East; 22-Visakhapatnam South; 23-Visakhapatnam North; 24-Visakhapatnam West; 25-Gajuwaka,Vizianagaram; Visakhapatnam,2,Visakhapatnam,Visakhapatnam:0.5201 Vizianagaram:0.4725,0.0073,6,6,1,verified,,2008-order-renumbered-ap-reorg-2014,AP PC 21
37-5,37,S01_5,S01,Andhra Pradesh,5,Anakapalle,,अनकापल्ली,GEN,2008-delimitation-order-table-b,GEN,Q3630236,37-5,7,26 27 30 31 32 33 34,37-26 37-27 37-30 37-31 37-32 37-33 37-34,26-Chodavaram; 27-Madugula; 30-Anakapalle; 31-Pendurthi; 32-Yelamanchili; 33-Payakaraopet (SC); 34-Narsipatnam,Visakhapatnam,1,Visakhapatnam,Visakhapatnam:0.983 Vizianagaram:0.0136 East Godavari:0.0034,0,7,7,1,verified,,2008-order-renumbered-ap-reorg-2014,AP PC 22
37-6,37,S01_6,S01,Andhra Pradesh,6,Kakinada,,काकीनाड़ा,GEN,2008-delimitation-order-table-b,GEN,Q3764050,37-6,7,35 36 37 38 39 41 52,37-35 37-36 37-37 37-38 37-39 37-41 37-52,35-Tuni; 36-Prathipadu; 37-Pithapuram; 38-Kakinada Rural; 39-Peddapuram; 41-Kakinada City; 52-Jaggampeta,East Godavari,1,East Godavari,East Godavari:1,0,7,7,1,verified,,2008-order-renumbered-ap-reorg-2014,AP PC 23
37-7,37,S01_7,S01,Andhra Pradesh,7,Amalapuram,,अमलापुरम,SC,2008-delimitation-order-table-b,SC,Q3630204,37-7,7,42 43 44 45 46 47 48,37-42 37-43 37-44 37-45 37-46 37-47 37-48,42-Ramachandrapuram; 43-Mummidivaram; 44-Amalapuram (SC); 45-Razole (SC); 46-Gannavaram (SC); 47-Kothapeta; 48-Mandapeta,East Godavari,1,East Godavari,East Godavari:0.9494 West Godavari:0.0208 Yanam:0.003,0.0268,7,6,0.857,mostly-verified,,2008-order-renumbered-ap-reorg-2014,AP PC 24
37-8,37,S01_8,S01,Andhra Pradesh,8,Rajahmundry,,राजामुन्दरी,GEN,2008-delimitation-order-table-b,GEN,Q3764342,37-8,7,40 49 50 51 54 55 66,37-40 37-49 37-50 37-51 37-54 37-55 37-66,40-Anaparthy; 49-Rajanagaram; 50-Rajahmundry City; 51-Rajahmundry Rural; 54-Kovvur (SC); 55-Nidadavole; 66-Gopalapuram (SC),East Godavari; West Godavari,2,West Godavari,West Godavari:0.5529 East Godavari:0.4471,0,7,7,1,verified,,2008-order-renumbered-ap-reorg-2014,AP PC 25
37-9,37,S01_9,S01,Andhra Pradesh,9,Narsapuram,,नरसापुरम,GEN,2008-delimitation-order-table-b,GEN,Q3763879,37-9,7,56 57 58 59 60 61 62,37-56 37-57 37-58 37-59 37-60 37-61 37-62,56-Achanta; 57-Palacole; 58-Narsapuram; 59-Bhimavaram; 60-Undi; 61-Tanuku; 62-Tadepalligudem,West Godavari,1,West Godavari,West Godavari:0.9773 East Godavari:0.0114 Krishna:0.0085,0.0028,6,6,1,verified,,2008-order-renumbered-ap-reorg-2014,AP PC 26
37-10,37,S01_10,S01,Andhra Pradesh,10,Eluru,,एलूरू,GEN,2008-delimitation-order-table-b,GEN,Q3764062,37-10,7,63 64 65 67 68 70 73,37-63 37-64 37-65 37-67 37-68 37-70 37-73,63-Unguturu; 64-Denduluru; 65-Eluru; 67-Polavaram (ST); 68-Chintalapudi (SC); 70-Nuzvid; 73-Kaikalur,West Godavari; Krishna,2,West Godavari,West Godavari:0.7053 Krishna:0.2914 East Godavari:0.0033,0,6,6,1,verified,,2008-order-renumbered-ap-reorg-2014,AP PC 27
37-11,37,S01_11,S01,Andhra Pradesh,11,Machilipatnam,,मछलीपत्तनम,GEN,2008-delimitation-order-table-b,GEN,Q3765244,37-11,7,71 72 74 75 76 77 78,37-71 37-72 37-74 37-75 37-76 37-77 37-78,71-Gannavaram; 72-Gudivada; 74-Pedana; 75-Machilipatnam; 76-Avanigadda; 77-Pamarru (SC); 78-Penamaluru,Krishna,1,Krishna,Krishna:0.9267 Guntur:0.0302,0.0431,7,7,1,verified,,2008-order-renumbered-ap-reorg-2014,AP PC 28
37-12,37,S01_12,S01,Andhra Pradesh,12,Vijayawada,,विजयवाड़ा,GEN,2008-delimitation-order-table-b,GEN,Q3765236,37-12,7,69 79 80 81 82 83 84,37-69 37-79 37-80 37-81 37-82 37-83 37-84,69-Tiruvuru (SC); 79-Vijayawada West; 80-Vijayawada Central; 81-Vijayawada East; 82-Mylavaram; 83-Nandigama (SC); 84-Jaggayyapeta,Krishna,1,Krishna,Krishna:0.9387 Guntur:0.0429 Khammam:0.0153 Nalgonda:0.0031,0,7,7,1,verified,,2008-order-renumbered-ap-reorg-2014,AP PC 29
37-13,37,S01_13,S01,Andhra Pradesh,13,Guntur,,गुंटूर,GEN,2008-delimitation-order-table-b,GEN,Q3764410,37-13,7,86 87 88 91 93 94 95,37-86 37-87 37-88 37-91 37-93 37-94 37-95,86-Tadikonda (SC); 87-Mangalagiri; 88-Ponnuru; 91-Tenali; 93-Prathipadu (SC); 94-Guntur West; 95-Guntur East,Guntur,1,Guntur,Guntur:0.9941 Prakasam:0.0059,0,6,5,0.833,mostly-verified,,2008-order-renumbered-ap-reorg-2014,AP PC 30
37-14,37,S01_14,S01,Andhra Pradesh,14,Narasaraopet,,नरसारावपेट,GEN,2008-delimitation-order-table-b,GEN,Q3764443,37-14,7,85 96 97 98 99 100 101,37-85 37-96 37-97 37-98 37-99 37-100 37-101,85-Pedakurapadu; 96-Chilakaluripet; 97-Narasaraopet; 98-Sattenapalli; 99-Vinukonda; 100-Gurajala; 101-Macherla,Guntur,1,Guntur,Guntur:0.9737 Prakasam:0.0205 Mahbubnagar:0.0058,0,6,6,1,verified,,2008-order-renumbered-ap-reorg-2014,AP PC 31
37-15,37,S01_15,S01,Andhra Pradesh,15,Bapatla,,बापतला,SC,2008-delimitation-order-table-b,SC,Q3630032,37-15,7,89 90 92 104 105 106 107,37-89 37-90 37-92 37-104 37-105 37-106 37-107,89-Vemuru (SC); 90-Repalle; 92-Bapatla; 104-Parchur; 105-Addanki; 106-Chirala; 107-Santhanuthalapadu (SC),Guntur; Prakasam,2,Prakasam,Prakasam:0.662 Guntur:0.331 Krishna:0.0035,0.0035,7,7,1,verified,,2008-order-renumbered-ap-reorg-2014,AP PC 32
37-16,37,S01_16,S01,Andhra Pradesh,16,Ongole,,ओंगोले,GEN,2008-delimitation-order-table-b,GEN,Q3764026,37-16,7,102 103 108 110 111 112 113,37-102 37-103 37-108 37-110 37-111 37-112 37-113,102-Yerragondapalem (SC); 103-Darsi; 108-Ongole; 110-Kondapi (SC); 111-Markapuram; 112-Giddalur; 113-Kanigiri,Prakasam,1,Prakasam,Prakasam:0.9924 Kurnool:0.0025 Sri Potti Sriramulu Nellore:0.0025 Guntur:0.0025,0,7,7,1,verified,,2008-order-renumbered-ap-reorg-2014,AP PC 33
37-17,37,S01_17,S01,Andhra Pradesh,17,Nandyal,,नांदयाल,GEN,2008-delimitation-order-table-b,GEN,Q3764367,37-17,7,134 135 136 138 139 140 141,37-134 37-135 37-136 37-138 37-139 37-140 37-141,134-Allagadda; 135-Srisailam; 136-Nandikotkur (SC); 138-Panyam; 139-Nandyal; 140-Banaganapalle; 141-Dhone,Kurnool,1,Kurnool,Kurnool:0.9893 Anantapur:0.008 Y.s.r.:0.0027,0,7,7,1,verified,,2008-order-renumbered-ap-reorg-2014,AP PC 34
37-18,37,S01_18,S01,Andhra Pradesh,18,Kurnool,,कुरनूल,GEN,2008-delimitation-order-table-b,GEN,Q3763840,37-18,7,137 142 143 144 145 146 147,37-137 37-142 37-143 37-144 37-145 37-146 37-147,137-Kurnool; 142-Pattikonda; 143-Kodumur (SC); 144-Yemmiganur; 145-Mantralayam; 146-Adoni; 147-Alur,Kurnool,1,Kurnool,Kurnool:0.9975 Bellary:0.0025,0,7,7,1,verified,,2008-order-renumbered-ap-reorg-2014,AP PC 35
37-19,37,S01_19,S01,Andhra Pradesh,19,Anantapur,,अनन्तपुर,GEN,2008-delimitation-order-table-b,GEN,Q3630239,37-19,7,148 149 150 151 152 153 154,37-148 37-149 37-150 37-151 37-152 37-153 37-154,148-Rayadurg; 149-Uravakonda; 150-Guntakal; 151-Tadpatri; 152-Singanamala (SC); 153-Anantapur Urban; 154-Kalyandurg,Anantapur,1,Anantapur,Anantapur:0.9948 Bellary:0.0026 Kurnool:0.0026,0,7,7,1,verified,,2008-order-renumbered-ap-reorg-2014,AP PC 36
37-20,37,S01_20,S01,Andhra Pradesh,20,Hindupur,,हिन्दुपुर,GEN,2008-delimitation-order-table-b,GEN,Q3764429,37-20,7,155 156 157 158 159 160 161,37-155 37-156 37-157 37-158 37-159 37-160 37-161,155-Raptadu; 156-Madakasira (SC); 157-Hindupur; 158-Penukonda; 159-Puttaparthi; 160-Dharmavaram; 161-Kadiri,Anantapur,1,Anantapur,Anantapur:0.994 Tumkur:0.003 Y.s.r.:0.003,0,7,7,1,verified,,2008-order-renumbered-ap-reorg-2014,AP PC 37
37-21,37,S01_21,S01,Andhra Pradesh,21,Kadapa,,कडापा,GEN,2008-delimitation-order-table-b,GEN,Q3764405,37-21,7,124 126 129 130 131 132 133,37-124 37-126 37-129 37-130 37-131 37-132 37-133,124-Badvel (SC); 126-Kadapa; 129-Pulivendla; 130-Kamalapuram; 131-Jammalamadugu; 132-Proddatur; 133-Mydukur,Kadapa,1,Y.s.r.,Y.s.r.:0.9601 Anantapur:0.0171 Kurnool:0.0085 Sri Potti Sriramulu Nellore:0.0085 Prakasam:0.0057,0,7,7,1,verified,,2008-order-renumbered-ap-reorg-2014,AP PC 38
37-22,37,S01_22,S01,Andhra Pradesh,22,Nellore,,नेल्लौर,GEN,2008-delimitation-order-table-b,GEN,Q3764509,37-22,7,109 114 115 116 117 118 123,37-109 37-114 37-115 37-116 37-117 37-118 37-123,109-Kandukur; 114-Kavali; 115-Atmakur; 116-Kovur; 117-Nellore City; 118-Nellore Rural; 123-Udayagiri,Prakasam; Nellore,2,Sri Potti Sriramulu Nellore,Sri Potti Sriramulu Nellore:0.8384 Prakasam:0.1591,0.0025,7,7,1,verified,,2008-order-renumbered-ap-reorg-2014,AP PC 39
37-23,37,S01_23,S01,Andhra Pradesh,23,Tirupati,,तिरुपति,SC,2008-delimitation-order-table-b,SC,Q3764514,37-23,7,119 120 121 122 167 168 169,37-119 37-120 37-121 37-122 37-167 37-168 37-169,119-Sarvepalli; 120-Gudur (SC); 121-Sullurpeta (SC); 122-Venkatagiri; 167-Tirupati; 168-Srikalahasti; 169-Satyavedu (SC),Nellore; Chittoor,2,Sri Potti Sriramulu Nellore,Sri Potti Sriramulu Nellore:0.6651 Chittoor:0.3301 Y.s.r.:0.0048,0,7,7,1,verified,,2008-order-renumbered-ap-reorg-2014,AP PC 40
37-24,37,S01_24,S01,Andhra Pradesh,24,Rajampet,,राजमपेट,GEN,2008-delimitation-order-table-b,GEN,Q3764476,37-24,7,125 127 128 162 163 164 165,37-125 37-127 37-128 37-162 37-163 37-164 37-165,125-Rajampet; 127-Kodur (SC); 128-Rayachoti; 162-Thamballapalle; 163-Pileru; 164-Madanapalle; 165-Punganur,Kadapa; Chittoor,2,Y.s.r.,Y.s.r.:0.5157 Chittoor:0.4815 Anantapur:0.0028,0,7,7,1,verified,,2008-order-renumbered-ap-reorg-2014,AP PC 41
37-25,37,S01_25,S01,Andhra Pradesh,25,Chittoor,,चित्तूर,SC,2008-delimitation-order-table-b,SC,Q3763885,37-25,7,166 170 171 172 173 174 175,37-166 37-170 37-171 37-172 37-173 37-174 37-175,166-Chandragiri; 170-Nagari; 171-Gangadhara Nellore (SC); 172-Chittoor; 173-Puthalapattu (SC); 174-Palamaner; 175-Kuppam,Chittoor,1,Chittoor,Chittoor:0.9786 Kolar:0.0107 Vellore:0.0053 Thiruvallur:0.0053,0,7,7,1,verified,,2008-order-renumbered-ap-reorg-2014,AP PC 42
12-1,12,S02_1,S02,Arunachal Pradesh,1,Arunachal West,,अरुणाचल पश्चिम,GEN,2008-delimitation-order-table-b,GEN,Q1659305,12-1,33,1 2 3 4 5 6 7 8 9 10 11 12 13 14 15 16 17 18 19 20 21 22 23 24 25 26 27 28 29 30 31 32 33,12-1 12-2 12-3 12-4 12-5 12-6 12-7 12-8 12-9 12-10 12-11 12-12 12-13 12-14 12-15 12-16 12-17 12-18 12-19 12-20 12-21 12-22 12-23 12-24 12-25 12-26 12-27 12-28 12-29 12-30 12-31 12-32 12-33,1-Lumla (ST); 2-Tawang (ST); 3-Mukto (ST); 4-Dirang (ST); 5-Kalaktang (ST); 6-Thrizino-Buragaon (ST); 7-Bomdila (ST); 8-Bameng (ST); 9-Chayangtajo (ST); 10-Seppa East (ST); 11-Seppa West (ST); 12-Pakke-Kasang (ST); 13-Itanagar (ST); 14-Doimukh (ST); 15-Sagalee (ST); 16-Yachuli (ST); 17-Ziro-Hapoli (ST); 18-Palin (ST); 19-Nyapin (ST); 20-Tali (ST); 21-Koloriang (ST); 22-Nacho (ST); 23-Taliha (ST); 24-Daporijo (ST); 25-Raga (ST); 26-Damporijo (ST); 27-Liromoba (ST); 28-Likabali (ST); 29-Basar (ST); 30-Along West (ST); 31-Along East (ST); 32-Rumgong (ST); 33-Mechuka (ST),Tawang; West Kameng; East Kameng; Lower Subansiri; Upper Subansiri; West Siang,6,West Siang,West Siang:0.1914 Kurung Kumey:0.1629 Upper Subansiri:0.1629 East Kameng:0.1371 West Kameng:0.1257 Papum Pare:0.0943 Tawang:0.06 Lower Subansiri:0.0486 Lakhimpur:0.0086 Sonitpur:0.0057 Dhemaji:0.0029,0,33,33,1,verified,,2008-order-direct,ARUNACHAL PRADESH PC 1
12-2,12,S02_2,S02,Arunachal Pradesh,2,Arunachal East,,अरुणाचल पूर्व,GEN,2008-delimitation-order-table-b,GEN,Q1659329,12-2,27,34 35 36 37 38 39 40 41 42 43 44 45 46 47 48 49 50 51 52 53 54 55 56 57 58 59 60,12-34 12-35 12-36 12-37 12-38 12-39 12-40 12-41 12-42 12-43 12-44 12-45 12-46 12-47 12-48 12-49 12-50 12-51 12-52 12-53 12-54 12-55 12-56 12-57 12-58 12-59 12-60,34-Tuting-Yingkiong (ST); 35-Pangin (ST); 36-Nari-Koyu (ST); 37-Pasighat West (ST); 38-Pasighat East (ST); 39-Mebo (ST); 40-Mariyang-Geku (ST); 41-Anini (ST); 42-Dambuk (ST); 43-Roing (ST); 44-Tezu (ST); 45-Hayuliang (ST); 46-Chowkham (ST); 47-Namsai (ST); 48-Lekang (ST); 49-Bordumsa-Diyum; 50-Miao (ST); 51-Nampong (ST); 52-Changlang South (ST); 53-Changlang North (ST); 54-Namsang (ST); 55-Khonsa East (ST); 56-Khonsa West (ST); 57-Borduria-Bagapani (ST); 58-Kanubari (ST); 59-Longding-Pumao (ST); 60-Pongchou-Wakka (ST),East Siang; Dibang Valley; Lohit; Changlang; Tirap,5,Dibang Valley,Dibang Valley:0.1789 Upper Siang:0.1719 Anjaw:0.1614 Lower Dibang Valley:0.1368 Changlang:0.1123 Lohit:0.0982 East Siang:0.0842 Tirap:0.0526,0.0035,25,25,1,verified,,2008-order-direct,ARUNACHAL PRADESH PC 2
18-1,18,S03_1,S03,Assam,1,Kokrajhar,,कोकराझार,ST,2008-delimitation-order-table-b,ST,Q1606670,18-5,10,28 29 30 31 33 40 41 58 62 63,18-28 18-29 18-30 18-31 18-33 18-40 18-41 18-58 18-62 18-63,28-Gossaigaon; 29-Kokrajhar West (ST); 30-Kokrajhar East (ST); 31-Sidli (ST); 33-Bijni; 40-Sorbhog; 41-Bhabanipur; 58-Tamulpur; 62-Barama (ST); 63-Chapaguri (ST),Goalpara; Kamrup,2,Kokrajhar,Kokrajhar:0.4534 Chirang:0.2733 Baksa:0.209 Barpeta:0.0257 Dhubri:0.0161 Bongaigaon:0.0161 Nalbari:0.0032,0.0032,10,9,0.9,mostly-verified,"assam-2023: superseded by the Delimitation of Assam order (ECI, 11 Aug 2023) — AC composition shown is the 2008 basis",2008-order-direct,ASSAM PC 5
18-2,18,S03_2,S03,Assam,2,Dhubri,,धुबरी,GEN,2008-delimitation-order-table-b,GEN,Q1606616,18-4,10,21 22 23 24 25 26 27 37 38 39,18-21 18-22 18-23 18-24 18-25 18-26 18-27 18-37 18-38 18-39,21-Mankachar; 22-Salmara South; 23-Dhubri; 24-Gauripur; 25-Golakganj; 26-Bilasipara West; 27-Bilasipara East; 37-Goalpara East; 38-Goalpara West; 39-Jaleswar,Goalpara,1,Dhubri,Dhubri:0.4523 Barpeta:0.2211 Goalpara:0.1809 Bongaigaon:0.0905 Kokrajhar:0.0201 Koch Bihar:0.005,0.0302,10,8,0.8,mostly-verified,"assam-2023: superseded by the Delimitation of Assam order (ECI, 11 Aug 2023) — AC composition shown is the 2008 basis",2008-order-direct,ASSAM PC 4
18-3,18,S03_3,S03,Assam,3,Barpeta,,बारपेटा,GEN,2008-delimitation-order-table-b,GEN,Q1606606,18-6,10,32 34 35 42 43 44 45 46 47 61,18-32 18-34 18-35 18-42 18-43 18-44 18-45 18-46 18-47 18-61,32-Bongaigaon; 34-Abhayapuri North; 35-Abhayapuri South (SC); 42-Patacharkuchi; 43-Barpeta; 44-Jania; 45-Baghbar; 46-Sarukhetri; 47-Chenga; 61-Dharmapur,Goalpara; Kamrup,2,Barpeta,Barpeta:0.3639 Nalbari:0.3095 Bongaigaon:0.1633 Kamrup:0.1054 Chirang:0.0306 Baksa:0.0272,0,10,5,0.5,divergent,"assam-2023: superseded by the Delimitation of Assam order (ECI, 11 Aug 2023) — AC composition shown is the 2008 basis",2008-order-direct,ASSAM PC 6
18-4,18,S03_4,S03,Assam,4,Darrang Udalguri,Mangaldoi,मंगलदोई,GEN,2008-delimitation-order-table-b,GEN,Q1606654,18-8,10,56 57 59 64 65 66 67 68 69 70,18-56 18-57 18-59 18-64 18-65 18-66 18-67 18-68 18-69 18-70,56-Kamalpur; 57-Rangiya; 59-Nalbari; 64-Panery; 65-Kalaigaon; 66-Sipajhar; 67-Mangaldoi (SC); 68-Dalgaon; 69-Udalguri (ST); 70-Majbat,Kamrup; Darrang,2,Udalguri,Udalguri:0.3469 Darrang:0.3016 Baksa:0.1791 Kamrup:0.1338 Sonitpur:0.0113 Nalbari:0.0091 Kamrup Metropolitan:0.0068 Marigaon:0.0068,0.0045,10,9,0.9,mostly-verified,"assam-2023: superseded by the Delimitation of Assam order (ECI, 11 Aug 2023) — AC composition shown is the 2008 basis",2008-order-direct,ASSAM PC 8
18-5,18,S03_5,S03,Assam,5,Gauhati,,गुवाहाटी,GEN,2008-delimitation-order-table-b,GEN,Q1606633,18-7,10,36 48 49 50 51 52 53 54 55 60,18-36 18-48 18-49 18-50 18-51 18-52 18-53 18-54 18-55 18-60,36-Dudhnai (ST); 48-Boko (SC); 49-Chaygaon; 50-Palasbari; 51-Jalukbari; 52-Dispur; 53-Gauhati East; 54-Gauhati West; 55-Hajo; 60-Barkhetry,Goalpara; Kamrup,2,Kamrup,Kamrup:0.4435 Kamrup Metropolitan:0.2803 Goalpara:0.2678 East Garo Hills:0.0042 Ri Bhoi:0.0042,0,10,7,0.7,mostly-verified,"assam-2023: superseded by the Delimitation of Assam order (ECI, 11 Aug 2023) — AC composition shown is the 2008 basis",2008-order-direct,ASSAM PC 7
18-6,18,S03_6,S03,Assam,6,Diphu,Autonomous District,स्वशासी जिला-असम,ST,2008-delimitation-order-table-b,ST,Q1606679,18-3,5,16 17 18 19 20,18-16 18-17 18-18 18-19 18-20,16-Haflong (ST); 17-Bokajan (ST); 18-Howraghat (ST); 19-Diphu (ST); 20-Baithalangso (ST),North Cachar Hills; Mikir Hills,2,Karbi Anglong,Karbi Anglong:0.6545 Dima Hasao:0.3242 Nagaon:0.0091 Golaghat:0.0061 Ri Bhoi:0.003 Jaintia Hills:0.003,0,5,5,1,verified,"assam-2023: superseded by the Delimitation of Assam order (ECI, 11 Aug 2023) — AC composition shown is the 2008 basis",2008-order-direct,ASSAM PC 3
18-7,18,S03_7,S03,Assam,7,Karimganj,,करीमगंज,SC,2008-delimitation-order-table-b,SC,Q1606665,18-1,8,1 2 3 4 5 6 7 8,18-1 18-2 18-3 18-4 18-5 18-6 18-7 18-8,1-Ratabari (SC); 2-Patharkandi; 3-Karimganj North; 4-Karimganj South; 5-Badarpur; 6-Hailakandi; 7-Katlicherra; 8-Algapur,Cachar,1,Karimganj,Karimganj:0.5564 Hailakandi:0.4149 Cachar:0.0192 North Tripura:0.0048,0.0048,8,8,1,verified,"assam-2023: superseded by the Delimitation of Assam order (ECI, 11 Aug 2023) — AC composition shown is the 2008 basis",2008-order-direct,ASSAM PC 1
18-8,18,S03_8,S03,Assam,8,Silchar,,सिल्चर,GEN,2008-delimitation-order-table-b,GEN,Q1606626,18-2,7,9 10 11 12 13 14 15,18-9 18-10 18-11 18-12 18-13 18-14 18-15,9-Silchar; 10-Sonai; 11-Dholai (SC); 12-Udharbond; 13-Lakhipur; 14-Barkhola; 15-Katigora,Cachar,1,Cachar,Cachar:0.9828 Hailakandi:0.0057 Dima Hasao:0.0057 Karimganj:0.0029,0.0029,7,7,1,verified,"assam-2023: superseded by the Delimitation of Assam order (ECI, 11 Aug 2023) — AC composition shown is the 2008 basis",2008-order-direct,ASSAM PC 2
18-9,18,S03_9,S03,Assam,9,Nagaon,,नौगांव,GEN,2008-delimitation-order-table-b,GEN,Q1606595,18-10,9,79 80 81 82 86 87 90 91 92,18-79 18-80 18-81 18-82 18-86 18-87 18-90 18-91 18-92,79-Jagiroad (SC); 80-Marigaon; 81-Laharighat; 82-Raha (SC); 86-Nowgong; 87-Barhampur; 90-Jamunamukh; 91-Hojai; 92-Lumding,Nowgong,1,Marigaon,Marigaon:0.5294 Nagaon:0.4271 Karbi Anglong:0.0384 Kamrup Metropolitan:0.0051,0,9,5,0.556,divergent,"assam-2023: superseded by the Delimitation of Assam order (ECI, 11 Aug 2023) — AC composition shown is the 2008 basis",2008-order-direct,ASSAM PC 10
18-10,18,S03_10,S03,Assam,10,Kaziranga,Kaliabor,कलियाबोर,GEN,2008-delimitation-order-table-b,GEN,Q1606642,18-11,10,83 84 85 88 89 93 94 95 96 97,18-83 18-84 18-85 18-88 18-89 18-93 18-94 18-95 18-96 18-97,83-Dhing; 84-Batadroba; 85-Rupohihat; 88-Samaguri; 89-Kaliabor; 93-Bokakhat; 94-Sarupathar; 95-Golaghat; 96-Khumtai; 97-Dergaon (SC),Nowgong; Sibsagar,2,Golaghat,Golaghat:0.5149 Nagaon:0.4208 Karbi Anglong:0.0545 Jorhat:0.0099,0,10,7,0.7,mostly-verified,"assam-2023: superseded by the Delimitation of Assam order (ECI, 11 Aug 2023) — AC composition shown is the 2008 basis",2008-order-direct,ASSAM PC 11
18-11,18,S03_11,S03,Assam,11,Sonitpur,Tezpur,तेजपुर,GEN,2008-delimitation-order-table-b,GEN,Q1606703,18-9,9,71 72 73 74 75 76 77 78 109,18-71 18-72 18-73 18-74 18-75 18-76 18-77 18-78 18-109,71-Dhekiajuli; 72-Barchalla; 73-Tezpur; 74-Rangapara; 75-Sootea; 76-Biswanath; 77-Behali; 78-Gohpur; 109-Bihpuria,Darrang; Lakhimpur,2,Sonitpur,Sonitpur:0.8552 Lakhimpur:0.0724 Nagaon:0.0362 Golaghat:0.0251 Jorhat:0.0056 Marigaon:0.0028 Udalguri:0.0028,0,9,9,1,verified,"assam-2023: superseded by the Delimitation of Assam order (ECI, 11 Aug 2023) — AC composition shown is the 2008 basis",2008-order-direct,ASSAM PC 9
18-12,18,S03_12,S03,Assam,12,Lakhimpur,,लखीमपुर,GEN,2008-delimitation-order-table-b,GEN,Q1609659,18-14,9,99 110 111 112 113 114 121 125 126,18-99 18-110 18-111 18-112 18-113 18-114 18-121 18-125 18-126,99-Majuli (ST); 110-Naoboicha; 111-Lakhimpur; 112-Dhakuakhana (ST); 113-Dhemaji (ST); 114-Jonai (ST); 121-Chabua; 125-Doom Dooma; 126-Sadiya,Sibsagar; Lakhimpur; Dibrugarh,3,Dhemaji,Dhemaji:0.3778 Lakhimpur:0.3611 Tinsukia:0.2444 Dibrugarh:0.0111 West Siang:0.0056,0,9,7,0.778,mostly-verified,"assam-2023: superseded by the Delimitation of Assam order (ECI, 11 Aug 2023) — AC composition shown is the 2008 basis",2008-order-direct,ASSAM PC 14
18-13,18,S03_13,S03,Assam,13,Dibrugarh,,डिब्रुगढ़,GEN,2008-delimitation-order-table-b,GEN,Q1606690,18-13,9,115 116 117 118 119 120 122 123 124,18-115 18-116 18-117 18-118 18-119 18-120 18-122 18-123 18-124,115-Moran; 116-Dibrugarh; 117-Lahowal; 118-Duliajan; 119-Tingkhong; 120-Nahar Katia; 122-Tinsukia; 123-Digboi; 124-Margherita,Dibrugarh,1,Dibrugarh,Dibrugarh:0.5956 Tinsukia:0.3798 Sivasagar:0.0164 Dhemaji:0.0055 Changlang:0.0027,0,9,9,1,verified,"assam-2023: superseded by the Delimitation of Assam order (ECI, 11 Aug 2023) — AC composition shown is the 2008 basis",2008-order-direct,ASSAM PC 13
18-14,18,S03_14,S03,Assam,14,Jorhat,,जोरहाट,GEN,2008-delimitation-order-table-b,GEN,Q6278852,18-12,10,98 100 101 102 103 104 105 106 107 108,18-98 18-100 18-101 18-102 18-103 18-104 18-105 18-106 18-107 18-108,98-Jorhat; 100-Titabar; 101-Mariani; 102-Teok; 103-Amguri; 104-Nazira; 105-Mahmara; 106-Sonari; 107-Thowra; 108-Sibsagar,Sibsagar,1,Jorhat,Jorhat:0.5 Sivasagar:0.4685 Golaghat:0.018 Lakhimpur:0.009 Wokha:0.0045,0,10,9,0.9,mostly-verified,"assam-2023: superseded by the Delimitation of Assam order (ECI, 11 Aug 2023) — AC composition shown is the 2008 basis",2008-order-direct,ASSAM PC 12
10-1,10,S04_1,S04,Bihar,1,Valmiki Nagar,,वाल्मीकि नगर,GEN,2008-delimitation-order-table-b,GEN,Q7912496,10-1,6,1 2 3 4 5 9,10-1 10-2 10-3 10-4 10-5 10-9,1-Valmiki Nagar; 2-Ramnagar (SC); 3-Narkatiaganj; 4-Bagaha; 5-Lauriya; 9-Sikta,Paschim Champaran,1,Pashchim Champaran,Pashchim Champaran:0.986 Maharajganj:0.0028 Kushinagar:0.0028,0.0084,6,6,1,verified,,2008-order-direct,BIHAR PC 1
10-2,10,S04_2,S04,Bihar,2,Paschim Champaran,,पश्चिम चम्पारण,GEN,2008-delimitation-order-table-b,GEN,Q7141801,10-2,6,6 7 8 10 11 12,10-6 10-7 10-8 10-10 10-11 10-12,6-Nautan; 7-Chanpatia; 8-Bettiah; 10-Raxaul; 11-Sugauli; 12-Narkatia,Paschim Champaran; Purvi Champaran,2,Pashchim Champaran,Pashchim Champaran:0.5193 Purba Champaran:0.4777,0.003,6,6,1,verified,,2008-order-direct,BIHAR PC 2
10-3,10,S04_3,S04,Bihar,3,Purvi Champaran,,पूर्वी चम्पारण,GEN,2008-delimitation-order-table-b,GEN,Q7261669,10-3,6,13 14 15 16 17 19,10-13 10-14 10-15 10-16 10-17 10-19,13-Harsidhi (SC); 14-Govindganj; 15-Kesaria; 16-Kalyanpur; 17-Pipra; 19-Motihari,Purvi Champaran,1,Purba Champaran,Purba Champaran:0.9931 Muzaffarpur:0.0035 Sheohar:0.0035,0,6,6,1,verified,,2008-order-direct,BIHAR PC 3
10-4,10,S04_4,S04,Bihar,4,Sheohar,,शिवहर,GEN,2008-delimitation-order-table-b,GEN,Q7494394,10-4,6,18 20 21 22 23 30,10-18 10-20 10-21 10-22 10-23 10-30,18-Madhuban; 20-Chiraia; 21-Dhaka; 22-Sheohar; 23-Riga; 30-Belsand,Purvi Champaran; Sheohar; Sitamarhi,3,Purba Champaran,Purba Champaran:0.5116 Sitamarhi:0.3266 Sheohar:0.1532 Muzaffarpur:0.0058,0.0029,6,6,1,verified,,2008-order-direct,BIHAR PC 4
10-5,10,S04_5,S04,Bihar,5,Sitamarhi,,सीतामढ़ी,GEN,2008-delimitation-order-table-b,GEN,Q7531640,10-5,6,24 25 26 27 28 29,10-24 10-25 10-26 10-27 10-28 10-29,24-Bathnaha (SC); 25-Parihar; 26-Sursand; 27-Bajpatti; 28-Sitamarhi; 29-Runnisaidpur,Sitamarhi,1,Sitamarhi,Sitamarhi:0.9973 Muzaffarpur:0.0027,0,6,6,1,verified,,2008-order-direct,BIHAR PC 5
10-6,10,S04_6,S04,Bihar,6,Madhubani,,मधुबनी,GEN,2008-delimitation-order-table-b,GEN,Q3632704,10-6,6,31 32 35 36 86 87,10-31 10-32 10-35 10-36 10-86 10-87,31-Harlakhi; 32-Benipatti; 35-Bisfi; 36-Madhubani; 86-Keoti; 87-Jale,Madhubani; Darbhanga,2,Madhubani,Madhubani:0.6646 Darbhanga:0.3292 Sitamarhi:0.0031 Muzaffarpur:0.0031,0,6,6,1,verified,,2008-order-direct,BIHAR PC 6
10-7,10,S04_7,S04,Bihar,7,Jhanjharpur,,झंझारपुर,GEN,2008-delimitation-order-table-b,GEN,Q6190886,10-7,6,33 34 37 38 39 40,10-33 10-34 10-37 10-38 10-39 10-40,33-Khajauli; 34-Babubarhi; 37-Rajnagar (SC); 38-Jhanjharpur; 39-Phulparas; 40-Laukaha,Madhubani,1,Madhubani,Madhubani:0.9631 Supaul:0.0302 Darbhanga:0.0034,0.0034,6,6,1,verified,,2008-order-direct,BIHAR PC 7
10-8,10,S04_8,S04,Bihar,8,Supaul,,सुपौल,GEN,2008-delimitation-order-table-b,GEN,Q12457988,10-8,6,41 42 43 44 45 72,10-41 10-42 10-43 10-44 10-45 10-72,41-Nirmali; 42-Pipra; 43-Supaul; 44-Triveniganj (SC); 45-Chhatapur; 72-Singheshwar (SC),Supaul; Madhepura,2,Supaul,Supaul:0.8184 Madhepura:0.1653 Saharsa:0.0081 Madhubani:0.0054 Araria:0.0027,0,6,6,1,verified,,2008-order-direct,BIHAR PC 8
10-9,10,S04_9,S04,Bihar,9,Araria,,अररिया,GEN,2008-delimitation-order-table-b,GEN,Q3632717,10-9,6,46 47 48 49 50 51,10-46 10-47 10-48 10-49 10-50 10-51,46-Narpatganj; 47-Raniganj (SC); 48-Forbesganj; 49-Araria; 50-Jokhihat; 51-Sikti,Araria,1,Araria,Araria:0.995 Supaul:0.0025 Purnia:0.0025,0,5,5,1,verified,,2008-order-direct,BIHAR PC 9
10-10,10,S04_10,S04,Bihar,10,Kishanganj,,किशनगंज,GEN,2008-delimitation-order-table-b,GEN,Q12419668,10-10,6,52 53 54 55 56 57,10-52 10-53 10-54 10-55 10-56 10-57,52-Bahadurganj; 53-Thakurganj; 54-Kishanganj; 55-Kochadhaman; 56-Amour; 57-Baisi,Kishanganj; Purnia,2,Kishanganj,Kishanganj:0.6788 Purnia:0.2993 Uttar Dinajpur:0.0109 Darjiling:0.0109,0,6,6,1,verified,,2008-order-direct,BIHAR PC 10
10-11,10,S04_11,S04,Bihar,11,Katihar,,कटिहार,GEN,2008-delimitation-order-table-b,GEN,Q3633289,10-11,6,63 64 65 66 67 68,10-63 10-64 10-65 10-66 10-67 10-68,63-Katihar; 64-Kadwa; 65-Balrampur; 66-Pranpur; 67-Manihari (ST); 68-Barari,Katihar,1,Katihar,Katihar:0.9739 Purnia:0.0112 Sahibganj:0.0075 Bhagalpur:0.0037 Uttar Dinajpur:0.0037,0,6,6,1,verified,,2008-order-direct,BIHAR PC 11
10-12,10,S04_12,S04,Bihar,12,Purnia,,पूर्णिया,GEN,2008-delimitation-order-table-b,GEN,Q3633423,10-12,6,58 59 60 61 62 69,10-58 10-59 10-60 10-61 10-62 10-69,58-Kasba; 59-Banmankhi (SC); 60-Rupauli; 61-Dhamdaha; 62-Purnia; 69-Korha (SC),Purnia; Katihar,2,Purnia,Purnia:0.8239 Katihar:0.1603 Madhepura:0.0113 Bhagalpur:0.0045,0,6,6,1,verified,,2008-order-direct,BIHAR PC 12
10-13,10,S04_13,S04,Bihar,13,Madhepura,,मधेपुरा,GEN,2008-delimitation-order-table-b,GEN,Q6727343,10-13,6,70 71 73 74 75 77,10-70 10-71 10-73 10-74 10-75 10-77,70-Alamnagar; 71-Bihariganj; 73-Madhepura; 74-Sonbarsha (SC); 75-Saharsa; 77-Mahishi,Madhepura; Saharsa,2,Madhepura,Madhepura:0.5363 Saharsa:0.4464 Khagaria:0.0104 Supaul:0.0035 Purnia:0.0035,0,6,6,1,verified,,2008-order-direct,BIHAR PC 13
10-14,10,S04_14,S04,Bihar,14,Darbhanga,,दरभंगा,GEN,2008-delimitation-order-table-b,GEN,Q5222212,10-14,6,79 80 81 82 83 85,10-79 10-80 10-81 10-82 10-83 10-85,79-Gaura Bauram; 80-Benipur; 81-Alinagar; 82-Darbhanga Rural; 83-Darbhanga; 85-Bahadurpur,Darbhanga,1,Darbhanga,Darbhanga:0.9856 Saharsa:0.0086 Samastipur:0.0057,0,6,6,1,verified,,2008-order-direct,BIHAR PC 14
10-15,10,S04_15,S04,Bihar,15,Muzaffarpur,,मुजफ्फरपुर,GEN,2008-delimitation-order-table-b,GEN,Q3633305,10-15,6,88 89 91 92 93 94,10-88 10-89 10-91 10-92 10-93 10-94,88-Gaighat; 89-Aurai; 91-Bochahan (SC); 92-Sakra (SC); 93-Kurhani; 94-Muzaffarpur,Muzaffarpur,1,Muzaffarpur,Muzaffarpur:0.9948 Samastipur:0.0052,0,5,5,1,verified,,2008-order-direct,BIHAR PC 15
10-16,10,S04_16,S04,Bihar,16,Vaishali,,वैशाली,GEN,2008-delimitation-order-table-b,GEN,Q7908854,10-16,6,90 95 96 97 98 125,10-90 10-95 10-96 10-97 10-98 10-125,90-Minapur; 95-Kanti; 96-Baruraj; 97-Paroo; 98-Sahebganj; 125-Vaishali,Muzaffarpur; Vaishali,2,Muzaffarpur,Muzaffarpur:0.8302 Vaishali:0.1667 Saran (chhapra):0.0031,0,6,6,1,verified,,2008-order-direct,BIHAR PC 16
10-17,10,S04_17,S04,Bihar,17,Gopalganj,,गोपालगंज,SC,2008-delimitation-order-table-b,SC,Q3633217,10-17,6,99 100 101 102 103 104,10-99 10-100 10-101 10-102 10-103 10-104,99-Baikunthpur; 100-Barauli; 101-Gopalganj; 102-Kuchaikote; 103-Bhore (SC); 104-Hathua,Gopalganj,1,Gopalganj,Gopalganj:0.9897 Siwan:0.0103,0,5,5,1,verified,,2008-order-direct,BIHAR PC 17
10-18,10,S04_18,S04,Bihar,18,Siwan,,सीवान,GEN,2008-delimitation-order-table-b,GEN,Q7532526,10-18,6,105 106 107 108 109 110,10-105 10-106 10-107 10-108 10-109 10-110,105-Siwan; 106-Ziradei; 107-Darauli (SC); 108-Raghunathpur; 109-Daraunda; 110-Barharia,Siwan,1,Siwan,Siwan:0.9889 Deoria:0.0083 Ballia:0.0028,0,5,5,1,verified,,2008-order-direct,BIHAR PC 18
10-19,10,S04_19,S04,Bihar,19,Maharajganj,,महराजगंज,GEN,2008-delimitation-order-table-b,GEN,Q6733273,10-19,6,111 112 113 114 115 116,10-111 10-112 10-113 10-114 10-115 10-116,111-Goriyakothi; 112-Maharajganj; 113-Ekma; 114-Manjhi; 115-Baniapur; 116-Taraiya,Siwan; Saran,2,Saran (chhapra),Saran (chhapra):0.655 Siwan:0.3423 Gopalganj:0.0027,0,5,5,1,verified,,2008-order-direct,BIHAR PC 19
10-20,10,S04_20,S04,Bihar,20,Saran,,सारण,GEN,2008-delimitation-order-table-b,GEN,Q7423046,10-20,6,117 118 119 120 121 122,10-117 10-118 10-119 10-120 10-121 10-122,117-Marhaura; 118-Chapra; 119-Garkha (SC); 120-Amnour; 121-Parsa; 122-Sonepur,Saran,1,Saran (chhapra),Saran (chhapra):0.9821 Patna:0.0077 Muzaffarpur:0.0051 Ballia:0.0026 Bhojpur:0.0026,0,6,6,1,verified,,2008-order-direct,BIHAR PC 20
10-21,10,S04_21,S04,Bihar,21,Hajipur,,हाजीपुर,SC,2008-delimitation-order-table-b,SC,Q3633148,10-21,6,123 124 126 127 128 129,10-123 10-124 10-126 10-127 10-128 10-129,123-Hajipur; 124-Lalganj; 126-Mahua; 127-Raja Pakar (SC); 128-Raghopur; 129-Mahnar,Vaishali,1,Vaishali,Vaishali:0.9759 Saran (chhapra):0.0188 Patna:0.0054,0,6,6,1,verified,,2008-order-direct,BIHAR PC 21
10-22,10,S04_22,S04,Bihar,22,Ujiarpur,,उजियारपुर,GEN,2008-delimitation-order-table-b,GEN,Q7878191,10-22,6,130 134 135 136 137 138,10-130 10-134 10-135 10-136 10-137 10-138,130-Patepur (SC); 134-Ujiarpur; 135-Morwa; 136-Sarairanjan; 137-Mohiuddinnagar; 138-Bibhutipur,Vaishali; Samastipur,2,Samastipur,Samastipur:0.7853 Vaishali:0.1941 Patna:0.0147 Muzaffarpur:0.0059,0,6,6,1,verified,,2008-order-direct,BIHAR PC 22
10-23,10,S04_23,S04,Bihar,23,Samastipur,,समस्तीपुर,SC,2008-delimitation-order-table-b,SC,Q7408890,10-23,6,78 84 131 132 133 139,10-78 10-84 10-131 10-132 10-133 10-139,78-Kusheshwar Asthan (SC); 84-Hayaghat; 131-Kalyanpur (SC); 132-Warisnagar; 133-Samastipur; 139-Rosera (SC),Darbhanga; Samastipur,2,Samastipur,Samastipur:0.8131 Darbhanga:0.184 Begusarai:0.003,0,6,6,1,verified,,2008-order-direct,BIHAR PC 23
10-24,10,S04_24,S04,Bihar,24,Begusarai,,बेगूसराय,GEN,2008-delimitation-order-table-b,GEN,Q4880639,10-24,7,141 142 143 144 145 146 147,10-141 10-142 10-143 10-144 10-145 10-146 10-147,141-Cheria Bariarpur; 142-Bachhwara; 143-Teghra; 144-Matihani; 145-Sahebpur Kamal; 146-Begusarai; 147-Bakhri (SC),Begusarai,1,Begusarai,Begusarai:0.9789 Samastipur:0.0176 Patna:0.0035,0,7,7,1,verified,,2008-order-direct,BIHAR PC 24
10-25,10,S04_25,S04,Bihar,25,Khagaria,,खगड़िया,GEN,2008-delimitation-order-table-b,GEN,Q6398963,10-25,6,76 140 148 149 150 151,10-76 10-140 10-148 10-149 10-150 10-151,76-Simri Bakhtiarpur; 140-Hasanpur; 148-Alauli (SC); 149-Khagaria; 150-Beldaur; 151-Parbatta,Saharsa; Samastipur; Khagaria,3,Khagaria,Khagaria:0.6382 Saharsa:0.215 Samastipur:0.1399 Begusarai:0.0034 Munger:0.0034,0,6,6,1,verified,,2008-order-direct,BIHAR PC 25
10-26,10,S04_26,S04,Bihar,26,Bhagalpur,,भागलपुर,GEN,2008-delimitation-order-table-b,GEN,Q3633257,10-26,6,152 153 154 155 156 158,10-152 10-153 10-154 10-155 10-156 10-158,152-Bihpur; 153-Gopalpur; 154-Pirpainti (SC); 155-Kahalgaon; 156-Bhagalpur; 158-Nathnagar,Bhagalpur,1,Bhagalpur,Bhagalpur:0.9809 Banka:0.0082 Purnia:0.0054 Godda:0.0027 Katihar:0.0027,0,6,6,1,verified,,2008-order-direct,BIHAR PC 26
10-27,10,S04_27,S04,Bihar,27,Banka,,बांका,GEN,2008-delimitation-order-table-b,GEN,Q4856235,10-27,6,157 159 160 161 162 163,10-157 10-159 10-160 10-161 10-162 10-163,157-Sultanganj; 159-Amarpur; 160-Dhoraiya (SC); 161-Banka; 162-Katoria (ST); 163-Belhar,Bhagalpur; Banka,2,Banka,Banka:0.8785 Bhagalpur:0.1139 Jamui:0.0051 Munger:0.0025,0,5,5,1,verified,,2008-order-direct,BIHAR PC 27
10-28,10,S04_28,S04,Bihar,28,Munger,,मुंगेर,GEN,2008-delimitation-order-table-b,GEN,Q3633242,10-28,6,165 166 167 168 178 179,10-165 10-166 10-167 10-168 10-178 10-179,165-Munger; 166-Jamalpur; 167-Suryagarha; 168-Lakhisarai; 178-Mokama; 179-Barh,Munger; Lakhisarai; Patna,3,Lakhisarai,Lakhisarai:0.4141 Munger:0.3125 Patna:0.2617 Nalanda:0.0078 Begusarai:0.0039,0,6,6,1,verified,,2008-order-direct,BIHAR PC 28
10-29,10,S04_29,S04,Bihar,29,Nalanda,,नालन्दा,GEN,2008-delimitation-order-table-b,GEN,Q6960794,10-29,7,171 172 173 174 175 176 177,10-171 10-172 10-173 10-174 10-175 10-176 10-177,171-Asthawan; 172-Biharsharif; 173-Rajgir (SC); 174-Islampur; 175-Hilsa; 176-Nalanda; 177-Harnaut,Nalanda,1,Nalanda,Nalanda:0.9508 Jehanabad:0.0191 Sheikhpura:0.0164 Gaya:0.0082 Nawada:0.0055,0,7,7,1,verified,,2008-order-direct,BIHAR PC 29
10-30,10,S04_30,S04,Bihar,30,Patna Sahib,,पटना साहिब,GEN,2008-delimitation-order-table-b,GEN,Q7145114,10-30,6,180 181 182 183 184 185,10-180 10-181 10-182 10-183 10-184 10-185,180-Bakhtiarpur; 181-Digha; 182-Bankipur; 183-Kumhrar; 184-Patna Sahib; 185-Fatuha,Patna,1,Patna,Patna:0.9187 Vaishali:0.0569 Nalanda:0.0244,0,6,6,1,verified,,2008-order-direct,BIHAR PC 30
10-31,10,S04_31,S04,Bihar,31,Pataliputra,,पाटलिपुत्र,GEN,2008-delimitation-order-table-b,GEN,Q7144222,10-31,6,186 187 188 189 190 191,10-186 10-187 10-188 10-189 10-190 10-191,186-Danapur; 187-Maner; 188-Phulwari (SC); 189-Masaurhi (SC); 190-Paliganj; 191-Bikram,Patna,1,Patna,Patna:0.9851 Saran (chhapra):0.0075 Jehanabad:0.005 Bhojpur:0.0025,0,6,6,1,verified,,2008-order-direct,BIHAR PC 31
10-32,10,S04_32,S04,Bihar,32,Arrah,,आरा,GEN,2008-delimitation-order-table-b,GEN,Q3632604,10-32,7,192 193 194 195 196 197 198,10-192 10-193 10-194 10-195 10-196 10-197 10-198,192-Sandesh; 193-Barhara; 194-Arrah; 195-Agiaon (SC); 196-Tarari; 197-Jagdishpur; 198-Shahpur,Bhojpur,1,Bhojpur,Bhojpur:0.9705 Buxar:0.0182 Saran (chhapra):0.0114,0,7,7,1,verified,,2008-order-direct,BIHAR PC 32
10-33,10,S04_33,S04,Bihar,33,Buxar,,बक्सर,GEN,2008-delimitation-order-table-b,GEN,Q5003234,10-33,6,199 200 201 202 203 210,10-199 10-200 10-201 10-202 10-203 10-210,199-Brahampur; 200-Buxar; 201-Dumraon; 202-Rajpur (SC); 203-Ramgarh; 210-Dinara,Buxar; Kaimur (Bhabua); Rohtas,3,Buxar,Buxar:0.618 Kaimur (bhabua):0.1985 Rohtas:0.1648 Ballia:0.0112 Chandauli:0.0037 Ghazipur:0.0037,0,6,6,1,verified,,2008-order-direct,BIHAR PC 33
10-34,10,S04_34,S04,Bihar,34,Sasaram,,सासाराम,SC,2008-delimitation-order-table-b,SC,Q3633377,10-34,6,204 205 206 207 208 209,10-204 10-205 10-206 10-207 10-208 10-209,204-Mohania (SC); 205-Bhabua; 206-Chainpur; 207-Chenari (SC); 208-Sasaram; 209-Kargahar,Kaimur (Bhabua); Rohtas,2,Kaimur (bhabua),Kaimur (bhabua):0.5514 Rohtas:0.4444 Sonbhadra:0.0042,0,6,6,1,verified,,2008-order-direct,BIHAR PC 34
10-35,10,S04_35,S04,Bihar,35,Karakat,,काराकाट,GEN,2008-delimitation-order-table-b,GEN,Q6368090,10-35,6,211 212 213 219 220 221,10-211 10-212 10-213 10-219 10-220 10-221,211-Nokha; 212-Dehri; 213-Karakat; 219-Goh; 220-Obra; 221-Nabinagar,Rohtas; Aurangabad,2,Aurangabad,Aurangabad:0.602 Rohtas:0.3913 Arwal:0.0067,0,6,6,1,verified,,2008-order-direct,BIHAR PC 35
10-36,10,S04_36,S04,Bihar,36,Jahanabad,,जहानाबाद,GEN,2008-delimitation-order-table-b,GEN,Q12428505,10-36,6,214 215 216 217 218 233,10-214 10-215 10-216 10-217 10-218 10-233,214-Arwal; 215-Kurtha; 216-Jahanabad; 217-Ghosi; 218-Makhdumpur (SC); 233-Atri,Arwal; Jahanabad; Gaya,3,Jehanabad,Jehanabad:0.3979 Arwal:0.3099 Gaya:0.2746 Aurangabad:0.007 Patna:0.007 Rohtas:0.0035,0,5,5,1,verified,,2008-order-direct,BIHAR PC 36
10-37,10,S04_37,S04,Bihar,37,Aurangabad,,औरंगाबाद,GEN,2008-delimitation-order-table-b,GEN,Q4822111,10-37,6,222 223 224 225 227 231,10-222 10-223 10-224 10-225 10-227 10-231,222-Kutumba (SC); 223-Aurangabad; 224-Rafiganj; 225-Gurua; 227-Imamganj (SC); 231-Tikari,Aurangabad; Gaya,2,Gaya,Gaya:0.505 Aurangabad:0.4784 Palamu:0.0166,0,6,6,1,verified,,2008-order-direct,BIHAR PC 37
10-38,10,S04_38,S04,Bihar,38,Gaya,,गया,SC,2008-delimitation-order-table-b,SC,Q3633170,10-38,6,226 228 229 230 232 234,10-226 10-228 10-229 10-230 10-232 10-234,226-Sherghati; 228-Barachatti (SC); 229-Bodh Gaya (SC); 230-Gaya Town; 232-Belaganj; 234-Wazirganj,Gaya,1,Gaya,Gaya:0.9855 Kodarma:0.0109 Chatra:0.0036,0,6,6,1,verified,,2008-order-direct,BIHAR PC 38
10-39,10,S04_39,S04,Bihar,39,Nawada,,नवादा,GEN,2008-delimitation-order-table-b,GEN,Q3633321,10-39,6,170 235 236 237 238 239,10-170 10-235 10-236 10-237 10-238 10-239,170-Barbigha; 235-Rajauli (SC); 236-Hisua; 237-Nawada; 238-Gobindpur; 239-Warsaliganj,Sheikhpura; Nawada,2,Nawada,Nawada:0.8772 Sheikhpura:0.0982 Nalanda:0.014 Kodarma:0.0105,0,6,6,1,verified,,2008-order-direct,BIHAR PC 39
10-40,10,S04_40,S04,Bihar,40,Jamui,,जमुई,SC,2008-delimitation-order-table-b,SC,Q12428079,10-40,6,164 169 240 241 242 243,10-164 10-169 10-240 10-241 10-242 10-243,164-Tarapur; 169-Sheikhpura; 240-Sikandra (SC); 241-Jamui; 242-Jhajha; 243-Chakai,Munger; Nawada,2,Jamui,Jamui:0.7509 Munger:0.1281 Sheikhpura:0.0854 Lakhisarai:0.0178 Nawada:0.0071 Giridih:0.0071 Banka:0.0036,0,6,6,1,verified,,2008-order-direct,BIHAR PC 40
4-1,4,U02_1,U02,Chandigarh,1,Chandigarh,,चण्डीगढ़,GEN,2008-delimitation-order-schedule-i,GEN,Q5071061,4-1,0,,,,,0,Chandigarh,Chandigarh:0.9747 Sahibzada Ajit Singh Nagar:0.0152 Panchkula:0.0101,0,0,0,,no-assembly,,no-assembly-ut,
22-1,22,S26_1,S26,Chhattisgarh,1,Surguja,,सरगुजा,ST,2008-delimitation-order-table-b,ST,Q255234,22-1,8,4 5 6 7 8 9 10 11,22-4 22-5 22-6 22-7 22-8 22-9 22-10 22-11,4-Premnagar; 5-Bhatgaon; 6-Pratappur (ST); 7-Ramanujganj (ST); 8-Samri (ST); 9-Lundra (ST); 10-Ambikapur; 11-Sitapur (ST),Surguja,1,Surguja,Surguja:0.995 Koriya:0.0025 Raigarh:0.0025,0,8,8,1,verified,,2008-order-direct,CHHATTISGARH PC 1
22-2,22,S26_2,S26,Chhattisgarh,2,Raigarh,,रायगढ़,ST,2008-delimitation-order-table-b,ST,Q7283824,22-2,8,12 13 14 15 16 17 18 19,22-12 22-13 22-14 22-15 22-16 22-17 22-18 22-19,12-Jashpur (ST); 13-Kunkuri (ST); 14-Pathalgaon (ST); 15-Lailunga (ST); 16-Raigarh; 17-Sarangarh (SC); 18-Kharsia; 19-Dharamjaigarh (ST),Jashpur; Raigarh,2,Raigarh,Raigarh:0.5448 Jashpur:0.4515 Janjgir-champa:0.0037,0,8,8,1,verified,,2008-order-direct,CHHATTISGARH PC 2
22-3,22,S26_3,S26,Chhattisgarh,3,Janjgir-Champa,,जांजगीर-चंपा,SC,2008-delimitation-order-table-b,SC,Q6154769,22-3,8,33 34 35 36 37 38 43 44,22-33 22-34 22-35 22-36 22-37 22-38 22-43 22-44,33-Akaltara; 34-Janjgir-Champa; 35-Sakti; 36-Chandrapur; 37-Jaijaipur; 38-Pamgarh (SC); 43-Bilaigarh (SC); 44-Kasdol,Janjgir-Champa; Raipur,2,Janjgir-champa,Janjgir-champa:0.539 Raipur:0.4481 Raigarh:0.0065 Bilaspur:0.0032 Korba:0.0032,0,8,8,1,verified,,2008-order-direct,CHHATTISGARH PC 3
22-4,22,S26_4,S26,Chhattisgarh,4,Korba,,कोरबा,GEN,2008-delimitation-order-table-b,GEN,Q6431463,22-4,8,1 2 3 20 21 22 23 24,22-1 22-2 22-3 22-20 22-21 22-22 22-23 22-24,1-Bharatpur-Sonhat (ST); 2-Manendragarh; 3-Baikunthpur; 20-Rampur (ST); 21-Korba; 22-Katghora; 23-Pali-Tanakhar (ST); 24-Marwahi (ST),Koria; Korba; Bilaspur,3,Koriya,Koriya:0.4444 Korba:0.4444 Bilaspur:0.1111,0,7,7,1,verified,,2008-order-direct,CHHATTISGARH PC 4
22-5,22,S26_5,S26,Chhattisgarh,5,Bilaspur,,बिलासपुर,GEN,2008-delimitation-order-table-b,GEN,Q4907564,22-5,8,25 26 27 28 29 30 31 32,22-25 22-26 22-27 22-28 22-29 22-30 22-31 22-32,25-Kota; 26-Lormi; 27-Mungeli (SC); 28-Takhatpur; 29-Bilha; 30-Bilaspur; 31-Beltara; 32-Masturi (SC),Bilaspur,1,Bilaspur,Bilaspur:0.9866 Kabeerdham:0.0054 Dindori:0.0027 Durg:0.0027 Raipur:0.0027,0,8,8,1,verified,,2008-order-direct,CHHATTISGARH PC 5
22-6,22,S26_6,S26,Chhattisgarh,6,Rajnandgaon,,राजनन्दगांव,GEN,2008-delimitation-order-table-b,GEN,Q7286332,22-6,8,71 72 73 74 75 76 77 78,22-71 22-72 22-73 22-74 22-75 22-76 22-77 22-78,71-Pandariya; 72-Kawardha; 73-Khairagarh; 74-Dongargarh (SC); 75-Rajnandgaon; 76-Dongargaon; 77-Khujji; 78-Mohla-Manpur (ST),Kabirdham; Rajnandgaon,2,Rajnandgaon,Rajnandgaon:0.6412 Kabeerdham:0.3473 Gondiya:0.0038 Durg:0.0038 Dindori:0.0038,0,8,8,1,verified,,2008-order-direct,CHHATTISGARH PC 6
22-7,22,S26_7,S26,Chhattisgarh,7,Durg,,दुर्ग,GEN,2008-delimitation-order-table-b,GEN,Q3632662,22-7,9,62 63 64 65 66 67 68 69 70,22-62 22-63 22-64 22-65 22-66 22-67 22-68 22-69 22-70,62-Patan; 63-Durg-Rural; 64-Durg City; 65-Bhilai Nagar; 66-Vaishali Nagar; 67-Ahiwara (SC); 68-Saja; 69-Bemetara; 70-Nawagarh (SC),Durg,1,Durg,Durg:0.997 Bilaspur:0.003,0,9,9,1,verified,,2008-order-direct,CHHATTISGARH PC 7
22-8,22,S26_8,S26,Chhattisgarh,8,Raipur,,रायपुर,GEN,2008-delimitation-order-table-b,GEN,Q12449885,22-8,9,45 46 47 48 49 50 51 52 53,22-45 22-46 22-47 22-48 22-49 22-50 22-51 22-52 22-53,45-Baloda Bazar; 46-Bhatapara; 47-Dharsiwa; 48-Raipur Rural; 49-Raipur City West; 50-Raipur City North; 51-Raipur City South; 52-Arang (SC); 53-Abhanpur,Raipur,1,Raipur,Raipur:0.992 Bilaspur:0.0054 Durg:0.0027,0,9,9,1,verified,,2008-order-direct,CHHATTISGARH PC 8
22-9,22,S26_9,S26,Chhattisgarh,9,Mahasamund,,महासमुन्द,GEN,2008-delimitation-order-table-b,GEN,Q12446106,22-9,8,39 40 41 42 54 55 57 58,22-39 22-40 22-41 22-42 22-54 22-55 22-57 22-58,39-Saraipali (SC); 40-Basna; 41-Khallari; 42-Mahasamund; 54-Rajim; 55-Bindranawagarh (ST); 57-Kurud; 58-Dhamtari,Mahasamund; Raipur; Dhamtari,3,Raipur,Raipur:0.4343 Mahasamund:0.4242 Dhamtari:0.1364 Raigarh:0.0051,0,8,8,1,verified,,2008-order-direct,CHHATTISGARH PC 9
22-10,22,S26_10,S26,Chhattisgarh,10,Bastar,,बस्तर,ST,2008-delimitation-order-table-b,ST,Q4868222,22-10,8,83 84 85 86 87 88 89 90,22-83 22-84 22-85 22-86 22-87 22-88 22-89 22-90,83-Kondagaon (ST); 84-Narayanpur (ST); 85-Bastar (ST); 86-Jagdalpur; 87-Chitrakot (ST); 88-Dantewada (ST); 89-Bijapur (ST); 90-Konta (ST),Bastar; Dakshin Bastar (Dantewada),2,Dakshin Bastar Dantewada,Dakshin Bastar Dantewada:0.3013 Bijapur:0.2937 Bastar:0.2684 Narayanpur:0.1316 Garhchiroli:0.0051,0,8,8,1,verified,,2008-order-direct,CHHATTISGARH PC 10
22-11,22,S26_11,S26,Chhattisgarh,11,Kanker,,कांकेर,ST,2008-delimitation-order-table-b,ST,Q12418918,22-11,8,56 59 60 61 79 80 81 82,22-56 22-59 22-60 22-61 22-79 22-80 22-81 22-82,56-Sihawa (ST); 59-Sanjari Balod; 60-Dondi Lohara (ST); 61-Gunderdehi; 79-Antagarh (ST); 80-Bhanupratappur (ST); 81-Kanker (ST); 82-Keshkal (ST),Dhamtari; Durg; Uttar Bastar (Kanker); Bastar,4,Uttar Bastar Kanker,Uttar Bastar Kanker:0.4392 Durg:0.2099 Dhamtari:0.174 Bastar:0.1519 Narayanpur:0.0249,0,8,8,1,verified,,2008-order-direct,CHHATTISGARH PC 11
25-1,25,U03_1,U03,Dadra and Nagar Haveli and Daman and Diu,1,Daman & Diu,,दमन और दीव,GEN,2008-delimitation-order-schedule-i,GEN,Q5211945,25-1,0,,,,,0,Daman,Daman:0.625 Diu:0.25,0.125,0,0,,no-assembly,,no-assembly-ut,
26-2,26,U03_2,U03,Dadra and Nagar Haveli and Daman and Diu,2,Dadra & Nagar Haveli,,दादरा और नगर हवेली,ST,2008-delimitation-order-schedule-i,GEN,Q5208111,26-1,0,,,,,0,Dadra & Nagar Haveli,Dadra & Nagar Haveli:0.9431 Thane:0.0301 Valsad:0.0268,0,0,0,,no-assembly,,no-assembly-ut,
7-1,7,U05_1,U05,Delhi,1,Chandni Chowk,,चाँदनी चौक,GEN,2008-delimitation-order-table-b,GEN,Q5071226,7-1,10,4 14 15 16 17 18 19 20 21 22,7-4 7-14 7-15 7-16 7-17 7-18 7-19 7-20 7-21 7-22,4-Adarsh Nagar; 14-Shalimar Bagh; 15-Shakur Basti; 16-Tri Nagar; 17-Wazirpur; 18-Model Town; 19-Sadar Bazar; 20-Chandni Chowk; 21-Matia Mahal; 22-Ballimaran,,0,North West,North West:0.5646 North:0.2878 West:0.0664 Central:0.0627 New Delhi:0.0185,0,10,10,1,verified,,2008-order-direct,NCT OF DELHI PC 1
7-2,7,U05_2,U05,Delhi,2,North East Delhi,,उत्तर पूर्वी दिल्ली,GEN,2008-delimitation-order-table-b,GEN,Q7055185,7-2,10,2 3 63 64 65 66 67 68 69 70,7-2 7-3 7-63 7-64 7-65 7-66 7-67 7-68 7-69 7-70,2-Burari; 3-Timarpur; 63-Seemapuri (SC); 64-Rohtas Nagar; 65-Seelam Pur; 66-Ghonda; 67-Babarpur; 68-Gokalpur (SC); 69-Mustafabad; 70-Karawal Nagar,,0,North East,North East:0.4276 North:0.3448 North West:0.2034 Ghaziabad:0.0138 East:0.0103,0,10,10,1,verified,,2008-order-direct,NCT OF DELHI PC 2
7-3,7,U05_3,U05,Delhi,3,East Delhi,,पूर्वी दिल्ली,GEN,2008-delimitation-order-table-b,GEN,Q5328213,7-3,10,41 54 55 56 57 58 59 60 61 62,7-41 7-54 7-55 7-56 7-57 7-58 7-59 7-60 7-61 7-62,41-Jangpura; 54-Okhla; 55-Trilokpuri (SC); 56-Kondli (SC); 57-Patparganj; 58-Laxmi Nagar; 59-Vishwas Nagar; 60-Krishna Nagar; 61-Gandhi Nagar; 62-Shahdara,,0,East,East:0.5676 South:0.3378 Central:0.0405 New Delhi:0.0405 North East:0.0135,0,10,10,1,verified,,2008-order-direct,NCT OF DELHI PC 3
7-4,7,U05_4,U05,Delhi,4,New Delhi,,नई दिल्ली,GEN,2008-delimitation-order-table-b,GEN,Q13118215,7-4,10,23 24 25 38 39 40 42 43 44 50,7-23 7-24 7-25 7-38 7-39 7-40 7-42 7-43 7-44 7-50,23-Karol Bagh (SC); 24-Patel Nagar (SC); 25-Moti Nagar; 38-Delhi Cantt; 39-Rajinder Nagar; 40-New Delhi; 42-Kasturba Nagar; 43-Malviya Nagar; 44-R.K. Puram; 50-Greater Kailash,,0,South West,South West:0.4868 South:0.209 New Delhi:0.1825 West:0.0767 Central:0.0344 North:0.0106,0,10,10,1,verified,,2008-order-direct,NCT OF DELHI PC 4
7-5,7,U05_5,U05,Delhi,5,North West Delhi,,उत्तर पश्चिम दिल्ली,SC,2008-delimitation-order-table-b,SC,Q7057245,7-5,10,1 5 6 7 8 9 10 11 12 13,7-1 7-5 7-6 7-7 7-8 7-9 7-10 7-11 7-12 7-13,1-Nerela; 5-Badli; 6-Rithala; 7-Bawana (SC); 8-Mundka; 9-Kirari; 10-Sultan Pur Majra (SC); 11-Nangloi Jat; 12-Mangol Puri (SC); 13-Rohini,,0,North West,North West:0.8898 West:0.0806 Sonipat:0.0215 Jhajjar:0.0081,0,10,10,1,verified,,2008-order-direct,NCT OF DELHI PC 5
7-6,7,U05_6,U05,Delhi,6,West Delhi,,पश्चिम दिल्ली,GEN,2008-delimitation-order-table-b,GEN,Q7984938,7-6,10,26 27 28 29 30 31 32 33 34 35,7-26 7-27 7-28 7-29 7-30 7-31 7-32 7-33 7-34 7-35,26-Madipur (SC); 27-Rajouri Garden; 28-Hari Nagar; 29-Tilak Nagar; 30-Janakpuri; 31-Vikaspuri; 32-Uttam Nagar; 33-Dwarka; 34-Matiala; 35-Najafgarh,,0,South West,South West:0.7978 West:0.1775 Gurgaon:0.0135 Jhajjar:0.0112,0,10,10,1,verified,,2008-order-direct,NCT OF DELHI PC 6
7-7,7,U05_7,U05,Delhi,7,South Delhi,,दक्षिण दिल्ली,GEN,2008-delimitation-order-table-b,GEN,Q7567023,7-7,10,36 37 45 46 47 48 49 51 52 53,7-36 7-37 7-45 7-46 7-47 7-48 7-49 7-51 7-52 7-53,36-Bijwasan; 37-Palam; 45-Mehrauli; 46-Chhatarpur; 47-Deoli (SC); 48-Ambedkar Nagar (SC); 49-Sangam Vihar; 51-Kalkaji; 52-Tughlakabad; 53-Badarpur,,0,South,South:0.8044 South West:0.1956,0,10,8,0.8,mostly-verified,,2008-order-direct,NCT OF DELHI PC 7
30-1,30,S05_1,S05,Goa,1,North Goa,,उत्तर गोवा,GEN,2008-delimitation-order-table-b,GEN,Q12416142,30-1,20,1 2 3 4 5 6 7 8 9 10 11 12 13 14 15 16 17 18 19 20,30-1 30-2 30-3 30-4 30-5 30-6 30-7 30-8 30-9 30-10 30-11 30-12 30-13 30-14 30-15 30-16 30-17 30-18 30-19 30-20,1-Mandrem; 2-Pernem (SC); 3-Bicholim; 4-Tivim; 5-Mapusa; 6-Siolim; 7-Saligao; 8-Calangute; 9-Porvorim; 10-Aldona; 11-Panaji; 12-Taleigao; 13-St. Cruz; 14-St. Andre; 15-Cumbarjua; 16-Mayem; 17-Sanquelim; 18-Poriem; 19-Valpoi; 20-Priol,North Goa,1,North Goa,North Goa:0.9889 Sindhudurg:0.0084,0.0028,19,19,1,verified,,2008-order-direct,GOA PC 1
30-2,30,S05_2,S05,Goa,2,South Goa,,दक्षिण गोवा,GEN,2008-delimitation-order-table-b,GEN,Q7567370,30-2,20,21 22 23 24 25 26 27 28 29 30 31 32 33 34 35 36 37 38 39 40,30-21 30-22 30-23 30-24 30-25 30-26 30-27 30-28 30-29 30-30 30-31 30-32 30-33 30-34 30-35 30-36 30-37 30-38 30-39 30-40,21-Ponda; 22-Shiroda; 23-Marcaim; 24-Mormugao; 25-Vasco-Da-Gama; 26-Dabolim; 27-Cortalim; 28-Nuvem; 29-Curtorim; 30-Fatorda; 31-Margao; 32-Benaulim; 33-Navelim; 34-Cuncolim; 35-Velim; 36-Quepem; 37-Curchorem; 38-Sanvordem; 39-Sanguem; 40-Canacona,North Goa; South Goa,2,South Goa,South Goa:0.9059 North Goa:0.0914,0.0027,19,19,1,verified,,2008-order-direct,GOA PC 2
24-1,24,S06_1,S06,Gujarat,1,Kachchh,,कच्छ,SC,2008-delimitation-order-table-b,SC,Q6344634,24-1,7,1 2 3 4 5 6 65,24-1 24-2 24-3 24-4 24-5 24-6 24-65,1-Abdasa; 2-Mandvi; 3-Bhuj; 4-Anjar; 5-Gandhidham (SC); 6-Rapar; 65-Morbi,Kachchh; Rajkot,2,Kachchh,Kachchh:0.9449 Rajkot:0.0248 Surendranagar:0.0028,0.0275,7,7,1,verified,,2008-order-direct,GUJARAT PC 1
24-2,24,S06_2,S06,Gujarat,2,Banaskantha,,बनासकांठा,GEN,2008-delimitation-order-table-b,GEN,Q3764387,24-2,7,7 8 9 10 12 13 14,24-7 24-8 24-9 24-10 24-12 24-13 24-14,7-Vav; 8-Tharad; 9-Dhanera; 10-Danta (ST); 12-Palanpur; 13-Deesa; 14-Deodar,Kachchh,1,Banas Kantha,Banas Kantha:0.9789 Sirohi:0.0105 Kachchh:0.0053 Mahesana:0.0026 Sabar Kantha:0.0026,0,7,7,1,verified,,2008-order-direct,GUJARAT PC 2
24-3,24,S06_3,S06,Gujarat,3,Patan,,पाटन,GEN,2008-delimitation-order-table-b,GEN,Q7144231,24-3,7,11 15 16 17 18 19 20,24-11 24-15 24-16 24-17 24-18 24-19 24-20,11-Vadgam (SC); 15-Kankrej; 16-Radhanpur; 17-Chanasma; 18-Patan; 19-Sidhpur; 20-Kheralu,Kachchh; Patan; Mahesana,3,Patan,Patan:0.6656 Banas Kantha:0.2397 Mahesana:0.0946,0,7,7,1,verified,,2008-order-direct,GUJARAT PC 3
24-4,24,S06_4,S06,Gujarat,4,Mahesana,,मेहसाना,GEN,2008-delimitation-order-table-b,GEN,Q6733840,24-4,7,21 22 23 24 25 26 37,24-21 24-22 24-23 24-24 24-25 24-26 24-37,21-Unjha; 22-Visnagar; 23-Becharaji; 24-Kadi (SC); 25-Mahesana; 26-Vijapur; 37-Mansa,Mahesana; Gandhinagar,2,Mahesana,Mahesana:0.865 Gandhinagar:0.1222 Sabar Kantha:0.0064 Patan:0.0032 Ahmadabad:0.0032,0,7,7,1,verified,,2008-order-direct,GUJARAT PC 4
24-5,24,S06_5,S06,Gujarat,5,Sabarkantha,,साबरकंठा,GEN,2008-delimitation-order-table-b,GEN,Q7395911,24-5,7,27 28 29 30 31 32 33,24-27 24-28 24-29 24-30 24-31 24-32 24-33,27-Himatnagar; 28-Idar (SC); 29-Khedbrahma (ST); 30-Bhiloda (ST); 31-Modasa; 32-Bayad; 33-Prantij,Sabarkantha,1,Sabar Kantha,Sabar Kantha:0.9879 Mahesana:0.003 Gandhinagar:0.003 Sirohi:0.003 Kheda:0.003,0,7,7,1,verified,,2008-order-direct,GUJARAT PC 5
24-6,24,S06_6,S06,Gujarat,6,Gandhinagar,,गांधीनगर,GEN,2008-delimitation-order-table-b,GEN,Q5520735,24-6,7,36 38 40 41 42 45 55,24-36 24-38 24-40 24-41 24-42 24-45 24-55,36-Gandhinagar North; 38-Kalol; 40-Sanand; 41-Ghatlodia; 42-Vejalpur; 45-Naranpura; 55-Sabarmati,Gandhinagar; Ahmedabad,2,Ahmadabad,Ahmadabad:0.7156 Gandhinagar:0.2756 Mahesana:0.0089,0,4,4,1,verified,,2008-order-direct,GUJARAT PC 6
24-7,24,S06_7,S06,Gujarat,7,Ahmedabad East,,अहमदाबाद पूर्व,GEN,2008-delimitation-order-table-b,GEN,Q4696121,24-7,7,34 35 43 46 47 48 49,24-34 24-35 24-43 24-46 24-47 24-48 24-49,34-Dahegam; 35-Gandhinagar South; 43-Vatva; 46-Nikol; 47-Naroda; 48-Thakkarbapa Nagar; 49-Bapunagar,Gandhinagar; Ahmedabad,2,Gandhinagar,Gandhinagar:0.875 Ahmadabad:0.1086 Sabar Kantha:0.0132 Kheda:0.0033,0,2,2,1,verified,,2008-order-direct,GUJARAT PC 7
24-8,24,S06_8,S06,Gujarat,8,Ahmedabad West,,अहमदाबाद पश्चिम,SC,2008-delimitation-order-table-b,SC,Q3764468,24-8,7,44 50 51 52 53 54 56,24-44 24-50 24-51 24-52 24-53 24-54 24-56,44-Ellisbridge; 50-Amraiwadi; 51-Dariapur; 52-Jamalpur -Khadia; 53-Maninagar; 54-Danilimda (SC); 56-Asarwa (SC),Ahmedabad,1,Ahmadabad,Ahmadabad:0.993 Gandhinagar:0.007,0,1,1,1,verified,,2008-order-direct,GUJARAT PC 8
24-9,24,S06_9,S06,Gujarat,9,Surendranagar,,सुरेन्द्रनगर,GEN,2008-delimitation-order-table-b,GEN,Q7645700,24-9,7,39 59 60 61 62 63 64,24-39 24-59 24-60 24-61 24-62 24-63 24-64,39-Viramgam; 59-Dhandhuka; 60-Dasada (SC); 61-Limbdi; 62-Wadhwan; 63-Chotila; 64-Dhrangadhra,Ahmedabad; Surendranagar,2,Surendranagar,Surendranagar:0.7048 Ahmadabad:0.2875 Kachchh:0.0051 Rajkot:0.0025,0,7,7,1,verified,,2008-order-direct,GUJARAT PC 9
24-10,24,S06_10,S06,Gujarat,10,Rajkot,,राजकोट,GEN,2008-delimitation-order-table-b,GEN,Q11222818,24-10,7,66 67 68 69 70 71 72,24-66 24-67 24-68 24-69 24-70 24-71 24-72,66-Tankara; 67-Wankaner; 68-Rajkot East; 69-Rajkot West; 70-Rajkot South; 71-Rajkot Rural (SC); 72-Jasdan,Rajkot,1,Rajkot,Rajkot:0.9872 Surendranagar:0.0096 Jamnagar:0.0032,0,7,7,1,verified,,2008-order-direct,GUJARAT PC 10
24-11,24,S06_11,S06,Gujarat,11,Porbandar,,पोरबंदर,GEN,2008-delimitation-order-table-b,GEN,Q7229961,24-11,7,73 74 75 83 84 85 88,24-73 24-74 24-75 24-83 24-84 24-85 24-88,73-Gondal; 74-Jetpur; 75-Dhoraji; 83-Porbandar; 84-Kutiyana; 85-Manavadar; 88-Keshod,Rajkot; Porbandar; Junagadh,3,Rajkot,Rajkot:0.4354 Junagadh:0.2857 Porbandar:0.2721 Jamnagar:0.0034 Amreli:0.0034,0,7,7,1,verified,,2008-order-direct,GUJARAT PC 11
24-12,24,S06_12,S06,Gujarat,12,Jamnagar,,जामनगर,GEN,2008-delimitation-order-table-b,GEN,Q6148068,24-12,7,76 77 78 79 80 81 82,24-76 24-77 24-78 24-79 24-80 24-81 24-82,76-Kalavad (SC); 77-Jamnagar Rural; 78-Jamnagar North; 79-Jamnagar South; 80-Jamjodhpur; 81-Khambhalia; 82-Dwarka,Jamnagar,1,Jamnagar,Jamnagar:0.9965,0.0035,6,6,1,verified,,2008-order-direct,GUJARAT PC 12
24-13,24,S06_13,S06,Gujarat,13,Junagadh,,जूनागढ़,GEN,2008-delimitation-order-table-b,GEN,Q6311592,24-13,7,86 87 89 90 91 92 93,24-86 24-87 24-89 24-90 24-91 24-92 24-93,86-Junagadh; 87-Visavadar; 89-Mangrol; 90-Somnath; 91-Talala; 92-Kodinar (SC); 93-Una,Junagadh,1,Junagadh,Junagadh:0.9233 Amreli:0.0767,0,7,7,1,verified,,2008-order-direct,GUJARAT PC 13
24-14,24,S06_14,S06,Gujarat,14,Amreli,,अमरेली,GEN,2008-delimitation-order-table-b,GEN,Q3765227,24-14,7,94 95 96 97 98 99 101,24-94 24-95 24-96 24-97 24-98 24-99 24-101,94-Dhari; 95-Amreli; 96-Lathi; 97-Savarkundla; 98-Rajula; 99-Mahuva; 101-Gariadhar,Amreli; Bhavnagar,2,Amreli,Amreli:0.7983 Bhavnagar:0.1932 Rajkot:0.0028 Junagadh:0.0028,0.0028,7,7,1,verified,,2008-order-direct,GUJARAT PC 14
24-15,24,S06_15,S06,Gujarat,15,Bhavnagar,,भावनगर,GEN,2008-delimitation-order-table-b,GEN,Q4901564,24-15,7,100 102 103 104 105 106 107,24-100 24-102 24-103 24-104 24-105 24-106 24-107,100-Talaja; 102-Palitana; 103-Bhavnagar Rural; 104-Bhavnagar East; 105-Bhavnagar West; 106-Gadhada (SC); 107-Botad,Bhavnagar,1,Bhavnagar,Bhavnagar:0.9736 Ahmadabad:0.0088,0.0176,7,7,1,verified,,2008-order-direct,GUJARAT PC 15
24-16,24,S06_16,S06,Gujarat,16,Anand,,आनन्द,GEN,2008-delimitation-order-table-b,GEN,Q4751232,24-16,7,108 109 110 111 112 113 114,24-108 24-109 24-110 24-111 24-112 24-113 24-114,108-Khambhat; 109-Borsad; 110-Anklav; 111-Umreth; 112-Anand; 113-Petlad; 114-Sojitra,Anand,1,Anand,Anand:0.9003 Kheda:0.0117 Ahmadabad:0.0029,0.085,7,7,1,verified,,2008-order-direct,GUJARAT PC 16
24-17,24,S06_17,S06,Gujarat,17,Kheda,,खेडा,GEN,2008-delimitation-order-table-b,GEN,Q6401180,24-17,7,57 58 115 116 117 118 120,24-57 24-58 24-115 24-116 24-117 24-118 24-120,57-Daskroi; 58-Dholka; 115-Matar; 116-Nadiad; 117-Mehmedabad; 118-Mahudha; 120-Kapadvanj,Ahmedabad; Kheda,2,Kheda,Kheda:0.5719 Ahmadabad:0.4214 Anand:0.0067,0,7,7,1,verified,,2008-order-direct,GUJARAT PC 17
24-18,24,S06_18,S06,Gujarat,18,Panchmahal,,पंचमहल,GEN,2008-delimitation-order-table-b,GEN,Q7130343,24-18,7,119 121 122 124 125 126 127,24-119 24-121 24-122 24-124 24-125 24-126 24-127,119-Thasra; 121-Balasinor; 122-Lunawada; 124-Shehra; 125-Morva Hadaf (ST); 126-Godhra; 127-Kalol,Kheda; Panchmahals,2,Panch Mahals,Panch Mahals:0.6834 Kheda:0.314 Anand:0.0026,0,7,7,1,verified,,2008-order-direct,GUJARAT PC 18
24-19,24,S06_19,S06,Gujarat,19,Dahod,,दोहद,ST,2008-delimitation-order-table-b,ST,Q5208930,24-19,7,123 129 130 131 132 133 134,24-123 24-129 24-130 24-131 24-132 24-133 24-134,123-Santrampur (ST); 129-Fatepura (ST); 130-Jhalod (ST); 131-Limkheda (ST); 132-Dahod (ST); 133-Garbada (ST); 134-Devgadbaria,Panchmahals; Dahod,2,Dohad,Dohad:0.7889 Panch Mahals:0.2111,0,6,6,1,verified,,2008-order-direct,GUJARAT PC 19
24-20,24,S06_20,S06,Gujarat,20,Vadodara,,वडोदरा,GEN,2008-delimitation-order-table-b,GEN,Q7908337,24-20,7,135 136 141 142 143 144 145,24-135 24-136 24-141 24-142 24-143 24-144 24-145,135-Savli; 136-Vaghodia; 141-Vadodara City (SC); 142-Sayajigunj; 143-Akota; 144-Raopura; 145-Manjalpur,Vadodara,1,Vadodara,Vadodara:0.988 Panch Mahals:0.009 Kheda:0.003,0,7,7,1,verified,,2008-order-direct,GUJARAT PC 20
24-21,24,S06_21,S06,Gujarat,21,Chhota Udaipur,,छोटा उदयपुर,ST,2008-delimitation-order-table-b,ST,Q5094957,24-21,7,128 137 138 139 140 146 148,24-128 24-137 24-138 24-139 24-140 24-146 24-148,128-Halol; 137-Chhota Udaipur (ST); 138-Jetpur (ST); 139-Sankheda (ST); 140-Dabhoi; 146-Padra; 148-Nandod (ST),Panchmahals; Vadodara; Narmada,3,Vadodara,Vadodara:0.6769 Narmada:0.1938 Panch Mahals:0.1231 Bharuch:0.0031,0.0031,6,6,1,verified,,2008-order-direct,GUJARAT PC 21
24-22,24,S06_22,S06,Gujarat,22,Bharuch,,भरूच,GEN,2008-delimitation-order-table-b,GEN,Q4901329,24-22,7,147 149 150 151 152 153 154,24-147 24-149 24-150 24-151 24-152 24-153 24-154,147-Karjan; 149-Dediapada (ST); 150-Jambusar; 151-Vagra; 152-Jhagadia (ST); 153-Bharuch; 154-Ankleshwar,Vadodara; Narmada; Bharuch,3,Bharuch,Bharuch:0.6463 Narmada:0.1951 Vadodara:0.1341 Nandurbar:0.003,0.0213,7,7,1,verified,,2008-order-direct,GUJARAT PC 22
24-23,24,S06_23,S06,Gujarat,23,Bardoli,,बारडोली,ST,2008-delimitation-order-table-b,ST,Q4860193,24-23,7,156 157 158 169 170 171 172,24-156 24-157 24-158 24-169 24-170 24-171 24-172,156-Mangrol (ST); 157-Mandvi (ST); 158-Kamrej; 169-Bardoli (SC); 170-Mahuva (ST); 171-Vyara (ST); 172-Nizar (ST),Surat,1,Surat,Surat:0.5046 Tapi:0.4893 Navsari:0.0031 Bharuch:0.0031,0,7,7,1,verified,,2008-order-direct,GUJARAT PC 23
24-24,24,S06_24,S06,Gujarat,24,Surat,,सूरत,GEN,2008-delimitation-order-table-b,GEN,Q7645435,24-24,7,155 159 160 161 162 166 167,24-155 24-159 24-160 24-161 24-162 24-166 24-167,155-Olpad; 159-Surat East; 160-Surat North; 161-Varachha Road; 162-Karanj; 166-Katargam; 167-Surat West,Surat,1,Surat,Surat:0.9947 Bharuch:0.0053,0,2,2,1,verified,,2008-order-direct,GUJARAT PC 24
24-25,24,S06_25,S06,Gujarat,25,Navsari,,नवसारी,GEN,2008-delimitation-order-table-b,GEN,Q6982569,24-25,7,163 164 165 168 174 175 176,24-163 24-164 24-165 24-168 24-174 24-175 24-176,163-Limbayat; 164-Udhna; 165-Majura; 168-Choryasi; 174-Jalalpore; 175-Navsari; 176-Gandevi (ST),Surat; Navsari,2,Navsari,Navsari:0.836 Surat:0.1483 Valsad:0.0063,0.0095,4,4,1,verified,,2008-order-direct,GUJARAT PC 25
24-26,24,S06_26,S06,Gujarat,26,Valsad,,वलसाड,ST,2008-delimitation-order-table-b,ST,Q7912607,24-26,7,173 177 178 179 180 181 182,24-173 24-177 24-178 24-179 24-180 24-181 24-182,173-Dangs (ST); 177-Vansda (ST); 178-Dharampur (ST); 179-Valsad; 180-Pardi; 181-Kaprada (ST); 182-Umbergaon (ST),Dangs; Navsari; Valsad,3,Valsad,Valsad:0.5171 The Dangs:0.3116 Navsari:0.1644 Tapi:0.0034,0.0034,7,7,1,verified,,2008-order-direct,GUJARAT PC 26
6-1,6,S07_1,S07,Haryana,1,Ambala,,अम्बाला,SC,2008-delimitation-order-table-b,SC,Q4740955,6-1,9,1 2 3 4 5 6 7 8 9,6-1 6-2 6-3 6-4 6-5 6-6 6-7 6-8 6-9,1-Kalka; 2-Panchkula; 3-Naraingarh; 4-Ambala Cantt; 5-Ambala City; 6-Mulana (SC); 7-Sadhaura (SC); 8-Jagadhri; 9-Yamunanagar,Panchkula; Ambala; Yamunanagar,3,Ambala,Ambala:0.412 Yamunanagar:0.34 Panchkula:0.22 Sahibzada Ajit Singh Nagar:0.016 Solan:0.008 Sirmaur:0.004,0,9,9,1,verified,,2008-order-direct,HARYANA PC 1
6-2,6,S07_2,S07,Haryana,2,Kurukshetra,,कुरुक्षेत्र,GEN,2008-delimitation-order-table-b,GEN,Q6447358,6-2,9,10 11 12 13 14 15 16 17 18,6-10 6-11 6-12 6-13 6-14 6-15 6-16 6-17 6-18,10-Radaur; 11-Ladwa; 12-Shahbad (SC); 13-Thanesar; 14-Pehowa; 15-Guhla (SC); 16-Kalayat; 17-Kaithal; 18-Pundri,Yamunanagar; Kurukshetra; Kaithal,3,Kaithal,Kaithal:0.5031 Kurukshetra:0.3522 Yamunanagar:0.1038 Karnal:0.022 Patiala:0.0094 Jind:0.0063 Ambala:0.0031,0,9,9,1,verified,,2008-order-direct,HARYANA PC 2
6-3,6,S07_3,S07,Haryana,3,Sirsa,,सिरसा,SC,2008-delimitation-order-table-b,SC,Q7530618,6-3,9,38 39 40 41 42 43 44 45 46,6-38 6-39 6-40 6-41 6-42 6-43 6-44 6-45 6-46,38-Narwana (SC); 39-Tohana; 40-Fatehabad; 41-Ratia (SC); 42-Kalanwali (SC); 43-Dabwali; 44-Rania; 45-Sirsa; 46-Ellenabad,Jind; Fatehabad; Sirsa,3,Sirsa,Sirsa:0.574 Fatehabad:0.3474 Jind:0.0665 Hanumangarh:0.006 Mansa:0.003 Kaithal:0.003,0,9,9,1,verified,,2008-order-direct,HARYANA PC 3
6-4,6,S07_4,S07,Haryana,4,Hisar,,हिसार,GEN,2008-delimitation-order-table-b,GEN,Q12460611,6-4,9,37 47 48 49 50 51 52 53 59,6-37 6-47 6-48 6-49 6-50 6-51 6-52 6-53 6-59,37-Uchana Kalan; 47-Adampur; 48-Uklana (SC); 49-Narnaund; 50-Hansi; 51-Barwala; 52-Hisar; 53-Nalwa; 59-Bawani Khera (SC),Jind; Hisar; Bhiwani,3,Hisar,Hisar:0.7037 Jind:0.1538 Bhiwani:0.1311 Kaithal:0.0057 Hanumangarh:0.0028 Fatehabad:0.0028,0,9,9,1,verified,,2008-order-direct,HARYANA PC 4
6-5,6,S07_5,S07,Haryana,5,Karnal,,करनाल,GEN,2008-delimitation-order-table-b,GEN,Q6372812,6-5,9,19 20 21 22 23 24 25 26 27,6-19 6-20 6-21 6-22 6-23 6-24 6-25 6-26 6-27,19-Nilokheri (SC); 20-Indri; 21-Karnal; 22-Gharaunda; 23-Assandh; 24-Panipat Rural; 25-Panipat City; 26-Israna (SC); 27-Samalkha,Karnal; Panipat,2,Karnal,Karnal:0.6684 Panipat:0.3212 Sonipat:0.0104,0,9,9,1,verified,,2008-order-direct,HARYANA PC 5
6-6,6,S07_6,S07,Haryana,6,Sonipat,,सोनीपत,GEN,2008-delimitation-order-table-b,GEN,Q7561886,6-6,9,28 29 30 31 32 33 34 35 36,6-28 6-29 6-30 6-31 6-32 6-33 6-34 6-35 6-36,28-Ganaur; 29-Rai; 30-Kharkhauda (SC); 31-Sonipat; 32-Gohana; 33-Baroda; 34-Julana; 35-Safidon; 36-Jind,Sonipat; Jind,2,Sonipat,Sonipat:0.5949 Jind:0.3633 Rohtak:0.0225 Karnal:0.0193,0,9,9,1,verified,,2008-order-direct,HARYANA PC 6
6-7,6,S07_7,S07,Haryana,7,Rohtak,,रोहतक,GEN,2008-delimitation-order-table-b,GEN,Q7359839,6-7,9,60 61 62 63 64 65 66 67 73,6-60 6-61 6-62 6-63 6-64 6-65 6-66 6-67 6-73,60-Meham; 61-Garhi Sampla-Kiloi; 62-Rohtak; 63-Kalanaur (SC); 64-Bahadurgarh; 65-Badli; 66-Jhajjar (SC); 67-Beri; 73-Kosli,Rohtak; Jhajjar; Rewari,3,Jhajjar,Jhajjar:0.4486 Rohtak:0.3784 Rewari:0.1541 Bhiwani:0.0135 Sonipat:0.0054,0,8,8,1,verified,,2008-order-direct,HARYANA PC 7
6-8,6,S07_8,S07,Haryana,8,Bhiwani-Mahendragarh,,भिवानी महेन्द्रगढ़,GEN,2008-delimitation-order-table-b,GEN,Q4901856,6-8,9,54 55 56 57 58 68 69 70 71,6-54 6-55 6-56 6-57 6-58 6-68 6-69 6-70 6-71,54-Loharu; 55-Badhra; 56-Dadri; 57-Bhiwani; 58-Tosham; 68-Ateli; 69-Mahendragarh; 70-Narnaul; 71-Nangal Chaudhry,Bhiwani; Mahendragarh,2,Bhiwani,Bhiwani:0.6556 Mahendragarh:0.3311 Jaipur:0.0033 Alwar:0.0033 Rewari:0.0033 Jhajjar:0.0033,0,9,9,1,verified,,2008-order-direct,HARYANA PC 8
6-9,6,S07_9,S07,Haryana,9,Gurgaon,,गुड़गांव,GEN,2008-delimitation-order-table-b,GEN,Q5620004,6-9,9,72 74 75 76 77 78 79 80 81,6-72 6-74 6-75 6-76 6-77 6-78 6-79 6-80 6-81,72-Bawal (SC); 74-Rewari; 75-Pataudi (SC); 76-Badshahpur; 77-Gurgaon; 78-Sohna; 79-Nuh; 80-Ferozepur Jhirka; 81-Punahana,Rewari; Gurgaon,2,Mewat,Mewat:0.41 Gurgaon:0.3473 Rewari:0.2259 Alwar:0.0042 Jhajjar:0.0042 South:0.0042 Palwal:0.0042,0,9,9,1,verified,,2008-order-direct,HARYANA PC 9
6-10,6,S07_10,S07,Haryana,10,Faridabad,,फरीदाबाद,GEN,2008-delimitation-order-table-b,GEN,Q5435282,6-10,9,82 83 84 85 86 87 88 89 90,6-82 6-83 6-84 6-85 6-86 6-87 6-88 6-89 6-90,82-Hathin; 83-Hodal (SC); 84-Palwal; 85-Prithla; 86-Faridabad NIT; 87-Badkhal; 88-Ballabgarh; 89-Faridabad; 90-Tigaon,Faridabad,1,Palwal,Palwal:0.5981 Faridabad:0.3924 Gautam Buddha Nagar:0.0047 Gurgaon:0.0024 South:0.0024,0,8,8,1,verified,,2008-order-direct,HARYANA PC 10
2-1,2,S08_1,S08,Himachal Pradesh,1,Kangra,,कांगड़ा,GEN,2008-delimitation-order-table-b,GEN,Q6362861,2-1,17,1 3 4 5 6 7 8 9 12 13 14 15 16 17 18 19 20,2-1 2-3 2-4 2-5 2-6 2-7 2-8 2-9 2-12 2-13 2-14 2-15 2-16 2-17 2-18 2-19 2-20,1-Churah (SC); 3-Chamba; 4-Dalhousie; 5-Bhattiyat; 6-Nurpur; 7-Indora (SC); 8-Fatehpur; 9-Jawali; 12-Jawalamukhi; 13-Jaisinghpur (SC); 14-Sullah; 15-Nagrota; 16-Kangra; 17-Shahpur; 18-Dharamshala; 19-Palampur; 20-Baijnath (SC),Chamba; Kangra,2,Kangra,Kangra:0.5324 Chamba:0.4496 Kathua:0.0108 Gurdaspur:0.0036 Kullu:0.0036,0,17,17,1,verified,,2008-order-direct,HIMACHAL PRADESH PC 1
2-2,2,S08_2,S08,Himachal Pradesh,2,Mandi,,मंडी,GEN,2008-delimitation-order-table-b,GEN,Q6748042,2-2,17,2 21 22 23 24 25 26 27 28 29 30 31 33 34 35 66 68,2-2 2-21 2-22 2-23 2-24 2-25 2-26 2-27 2-28 2-29 2-30 2-31 2-33 2-34 2-35 2-66 2-68,2-Bharmour (ST); 21-Lahaul & Spiti (ST); 22-Manali; 23-Kullu; 24-Banjar; 25-Anni (SC); 26-Karsog (SC); 27-Sundernagar; 28-Nachan (SC); 29-Seraj; 30-Darang; 31-Jogindernagar; 33-Mandi; 34-Balh (SC); 35-Sarkaghat; 66-Rampur (SC); 68-Kinnaur (ST),Chamba; Lahaul & Spiti; Kullu; Mandi; Shimla; Kinnaur,6,Lahul & Spiti,Lahul & Spiti:0.413 Kinnaur:0.1947 Kullu:0.177 Mandi:0.118 Chamba:0.0678 Shimla:0.0295,0,17,17,1,verified,,2008-order-direct,HIMACHAL PRADESH PC 2
2-3,2,S08_3,S08,Himachal Pradesh,3,Hamirpur,,हमीरपुर,GEN,2008-delimitation-order-table-b,GEN,Q5645333,2-3,17,10 11 32 36 37 38 39 40 41 42 43 44 45 46 47 48 49,2-10 2-11 2-32 2-36 2-37 2-38 2-39 2-40 2-41 2-42 2-43 2-44 2-45 2-46 2-47 2-48 2-49,10-Dehra; 11-Jaswan-Pragpur; 32-Dharampur; 36-Bhoranj (SC); 37-Sujanpur; 38-Hamirpur; 39-Barsar; 40-Nadaun; 41-Chintpurni (SC); 42-Gagret; 43-Haroli; 44-Una; 45-Kutlehar; 46-Jhanduta (SC); 47-Ghumarwin; 48-Bilaspur; 49-Sri Naina Deviji,Kangra; Mandi; Hamirpur; Una; Bilaspur,5,Una,Una:0.3038 Bilaspur:0.2389 Hamirpur:0.2271 Kangra:0.1711 Mandi:0.056 Hoshiarpur:0.0029,0,17,17,1,verified,,2008-order-direct,HIMACHAL PRADESH PC 3
2-4,2,S08_4,S08,Himachal Pradesh,4,Shimla,,शिमला,SC,2008-delimitation-order-table-b,SC,Q7496887,2-4,17,50 51 52 53 54 55 56 57 58 59 60 61 62 63 64 65 67,2-50 2-51 2-52 2-53 2-54 2-55 2-56 2-57 2-58 2-59 2-60 2-61 2-62 2-63 2-64 2-65 2-67,50-Arki; 51-Nalagarh; 52-Doon; 53-Solan (SC); 54-Kasauli (SC); 55-Pachhad (SC); 56-Nahan; 57-Sri Renukaji (SC); 58-Paonta Sahib; 59-Shillai; 60-Chopal; 61-Theog; 62-Kasumpti; 63-Shimla; 64-Shimla Rural; 65-Jubbal-Kotkhai; 67-Rohru (SC),Solan; Sirmour; Shimla,3,Shimla,Shimla:0.4702 Sirmaur:0.3072 Solan:0.2194 Dehradun:0.0031,0,16,16,1,verified,,2008-order-direct,HIMACHAL PRADESH PC 4
1-1,1,U08_1,U08,Jammu & Kashmir,1,Baramulla,,बारामूला,GEN,2008-delimitation-order-table-b,GEN,Q4858316,1-1,0,,,,Baramulla,1,Data Not Available,Data Not Available:0.6481 Bandipore:0.101 Kupwara:0.0976 Baramula:0.0801 Punch:0.0348 Badgam:0.007 Ganderbal:0.007 Srinagar:0.0035,0.0209,0,0,,districts-only,"jk-2022: superseded by the J&K Delimitation Commission order (5 May 2022, 5 PCs / 90 ACs) — 2008 basis shown, described by district only",2008-order-districts-only,J&K PC 1
1-2,1,U08_2,U08,Jammu & Kashmir,2,Srinagar,,श्रीनगर,GEN,2008-delimitation-order-table-b,GEN,Q7586418,1-2,0,,,,Srinagar,1,Badgam,Badgam:0.2685 Srinagar:0.2315 Ganderbal:0.1711 Pulwama:0.1443 Shupiyan:0.1007 Baramula:0.0403 Kulgam:0.0268 Anantnag:0.0134 Punch:0.0034,0,0,0,,districts-only,"jk-2022: superseded by the J&K Delimitation Commission order (5 May 2022, 5 PCs / 90 ACs) — 2008 basis shown, described by district only",2008-order-districts-only,J&K PC 2
1-3,1,U08_3,U08,Jammu & Kashmir,3,Anantnag-Rajouri,Anantnag,अनंतनाग,GEN,2008-delimitation-order-table-b,GEN,Q4751497,1-3,0,,,,Anantnag,1,Anantnag,Anantnag:0.3086 Punch:0.2188 Rajouri:0.1797 Kulgam:0.1602 Data Not Available:0.0781 Ramban:0.0195 Reasi:0.0117 Shupiyan:0.0117 Ganderbal:0.0078 Pulwama:0.0039,0,0,0,,districts-only,"jk-2022: superseded by the J&K Delimitation Commission order (5 May 2022, 5 PCs / 90 ACs) — 2008 basis shown, described by district only",2008-order-districts-only,J&K PC 3
1-4,1,U08_4,U08,Jammu & Kashmir,4,Udhampur,,उधमपुर,GEN,2008-delimitation-order-table-b,GEN,Q7877193,1-5,0,,,,Udhampur; Doda; Kathua,3,Kishtwar,Kishtwar:0.4313 Kathua:0.1406 Udhampur:0.131 Doda:0.1246 Ramban:0.0575 Anantnag:0.0351 Chamba:0.0351 Reasi:0.0096 Samba:0.0096 Gurdaspur:0.0096 Jammu:0.0064 Kargil:0.0064,0.0032,0,0,,districts-only,"jk-2022: superseded by the J&K Delimitation Commission order (5 May 2022, 5 PCs / 90 ACs) — 2008 basis shown, described by district only",2008-order-districts-only,J&K PC 5
1-5,1,U08_5,U08,Jammu & Kashmir,5,Jammu,,जम्मू,GEN,2008-delimitation-order-table-b,GEN,Q6147990,1-6,0,,,,Jammu; Rajouri; Poonch,3,Reasi,Reasi:0.3221 Jammu:0.319 Samba:0.1258 Rajouri:0.092 Data Not Available:0.0675 Udhampur:0.0061 Kathua:0.0061,0.0613,0,0,,districts-only,"jk-2022: superseded by the J&K Delimitation Commission order (5 May 2022, 5 PCs / 90 ACs) — 2008 basis shown, described by district only",2008-order-districts-only,J&K PC 6
20-1,20,S27_1,S27,Jharkhand,1,Rajmahal,,राजमहल,ST,2008-delimitation-order-table-b,ST,Q7286307,20-1,6,1 2 3 4 5 6,20-1 20-2 20-3 20-4 20-5 20-6,1-Rajmahal; 2-Boiro (ST); 3-Barhait (ST); 4-Litipara (ST); 5-Pakaur; 6-Maheshpur (ST),Sahebganj; Pakaur,2,Sahibganj,Sahibganj:0.4209 Pakur:0.3558 Godda:0.1721 Dumka:0.0419 Bhagalpur:0.0047 Maldah:0.0047,0,5,5,1,verified,,2008-order-direct,JHARKHAND PC 1
20-2,20,S27_2,S27,Jharkhand,2,Dumka,,दुमका,ST,2008-delimitation-order-table-b,ST,Q5313895,20-2,6,7 8 9 10 11 14,20-7 20-8 20-9 20-10 20-11 20-14,7-Skiaripara (ST); 8-Nala; 9-Jamtara; 10-Dumka (ST); 11-Jama (ST); 14-Sarath,Dumka; Deoghar,2,Dumka,Dumka:0.5512 Jamtara:0.3267 Deoghar:0.1089 Dhanbad:0.0066 Godda:0.0033 Birbhum:0.0033,0,5,5,1,verified,,2008-order-direct,JHARKHAND PC 2
20-3,20,S27_3,S27,Jharkhand,3,Godda,,गोड्डा,GEN,2008-delimitation-order-table-b,GEN,Q5576233,20-3,6,12 13 15 16 17 18,20-12 20-13 20-15 20-16 20-17 20-18,12-Jarmundi; 13-Madhupur; 15-Deoghar (SC); 16-Poreyahat; 17-Godda; 18-Mahagama,Dumka; Deoghar; Godda,3,Deoghar,Deoghar:0.4619 Godda:0.3571 Dumka:0.1714 Banka:0.0095,0,6,6,1,verified,,2008-order-direct,JHARKHAND PC 3
20-4,20,S27_4,S27,Jharkhand,4,Chatra,,चतरा,GEN,2008-delimitation-order-table-b,GEN,Q5087772,20-4,5,26 27 73 74 75,20-26 20-27 20-73 20-74 20-75,26-Simaria (SC); 27-Chatra (SC); 73-Manika (ST); 74-Latehar (SC); 75-Panki,Chatra; Palamau,2,Latehar,Latehar:0.4677 Chatra:0.3969 Palamu:0.1292 Hazaribagh:0.0062,0,5,5,1,verified,,2008-order-direct,JHARKHAND PC 4
20-5,20,S27_5,S27,Jharkhand,5,Kodarma,,कोडरमा,GEN,2008-delimitation-order-table-b,GEN,Q6425227,20-5,6,19 20 28 29 30 31,20-19 20-20 20-28 20-29 20-30 20-31,19-Kodarma; 20-Barkatha; 28-Dhanwar; 29-Bagodar; 30-Jamua (SC); 31-Gandey,Kodarma; Hazaribagh; Giridih,3,Giridih,Giridih:0.6287 Kodarma:0.3041 Hazaribagh:0.0673,0,6,6,1,verified,,2008-order-direct,JHARKHAND PC 5
20-6,20,S27_6,S27,Jharkhand,6,Giridih,,गिरिडीह,GEN,2008-delimitation-order-table-b,GEN,Q5564263,20-6,6,32 33 34 35 42 43,20-32 20-33 20-34 20-35 20-42 20-43,32-Giridih; 33-Dumri; 34-Gomia; 35-Bermo; 42-Tundi; 43-Baghmara,Giridih; Bokaro; Dhanbad,3,Bokaro,Bokaro:0.4721 Giridih:0.2677 Dhanbad:0.2305 Hazaribagh:0.0186 Ramgarh:0.0074 Puruliya:0.0037,0,6,6,1,verified,,2008-order-direct,JHARKHAND PC 6
20-7,20,S27_7,S27,Jharkhand,7,Dhanbad,,धनबाद,GEN,2008-delimitation-order-table-b,GEN,Q5268930,20-7,6,36 37 38 39 40 41,20-36 20-37 20-38 20-39 20-40 20-41,36-Bokaro; 37-Chandankiyari (SC); 38-Sindri; 39-Nirsa; 40-Dhanbad; 41-Jharia,Bokaro; Dhanbad,2,Dhanbad,Dhanbad:0.5556 Bokaro:0.4141 Puruliya:0.0303,0,6,6,1,verified,,2008-order-direct,JHARKHAND PC 7
20-8,20,S27_8,S27,Jharkhand,8,Ranchi,,राँची,GEN,2008-delimitation-order-table-b,GEN,Q7290802,20-8,6,50 61 62 63 64 65,20-50 20-61 20-62 20-63 20-64 20-65,50-Ichagarh; 61-Silli; 62-Khijri (ST); 63-Ranchi; 64-Hatia; 65-Kanke (SC),(West) Singhbhum; Ranchi,2,Ranchi,Ranchi:0.7438 Saraikela-kharsawan:0.2266 Puruliya:0.0197 Khunti:0.0099,0,6,6,1,verified,,2008-order-direct,JHARKHAND PC 8
20-9,20,S27_9,S27,Jharkhand,9,Jamshedpur,,जमशेदपुर,GEN,2008-delimitation-order-table-b,GEN,Q6148213,20-9,6,44 45 46 47 48 49,20-44 20-45 20-46 20-47 20-48 20-49,44-Baharagora; 45-Ghatsila (ST); 46-Potka; 47-Jugsalai (SC); 48-Jamshedpur-East; 49-Jamshedpur-West,(East) Singhbhum,1,Purbi Singhbhum,Purbi Singhbhum:0.9936 Mayurbhanj:0.0064,0,6,6,1,verified,,2008-order-direct,JHARKHAND PC 9
20-10,20,S27_10,S27,Jharkhand,10,Singhbhum,,सिंहभूम,ST,2008-delimitation-order-table-b,ST,Q3632303,20-10,6,51 52 53 54 55 56,20-51 20-52 20-53 20-54 20-55 20-56,51-Seraikela (ST); 52-Chaibasa (ST); 53-Majhgaon (ST); 54-Jaganathpur (ST); 55-Manoharpur (ST); 56-Chakaradharpur (ST),(West) Singhbhum,1,Pashchimi Singhbhum,Pashchimi Singhbhum:0.8902 Saraikela-kharsawan:0.1051 Sundargarh:0.0023 Mayurbhanj:0.0023,0,4,4,1,verified,,2008-order-direct,JHARKHAND PC 10
20-11,20,S27_11,S27,Jharkhand,11,Khunti,,खूँटी,ST,2008-delimitation-order-table-b,ST,Q6403035,20-11,6,57 58 59 60 70 71,20-57 20-58 20-59 20-60 20-70 20-71,57-Kharsawan (ST); 58-Tamar (ST); 59-Torpa (ST); 60-Khunti (ST); 70-Simdega (ST); 71-Kolebira (ST),(West) Singhbhum; Ranchi; Gumla,3,Simdega,Simdega:0.4242 Khunti:0.2992 Saraikela-kharsawan:0.1023 Ranchi:0.0795 Gumla:0.0758 Pashchimi Singhbhum:0.0189,0,5,5,1,verified,,2008-order-direct,JHARKHAND PC 11
20-12,20,S27_12,S27,Jharkhand,12,Lohardaga,,लोहरदगा,ST,2008-delimitation-order-table-b,ST,Q6667970,20-12,5,66 67 68 69 72,20-66 20-67 20-68 20-69 20-72,66-Mandar (ST); 67-Sisai (ST); 68-Gumla (ST); 69-Bishunpur (ST); 72-Lohardagga (ST),Ranchi; Gumla; Lohardaga,3,Gumla,Gumla:0.6312 Lohardaga:0.2104 Ranchi:0.1559 Jashpur:0.0025,0,3,3,1,verified,,2008-order-direct,JHARKHAND PC 12
20-13,20,S27_13,S27,Jharkhand,13,Palamu,,पलामू,SC,2008-delimitation-order-table-b,SC,Q3632686,20-13,6,76 77 78 79 80 81,20-76 20-77 20-78 20-79 20-80 20-81,76-Daltonganj; 77-Bishrampur; 78-Chhatarpur (SC); 79-Hussainabad; 80-Garhwa; 81-Bhawanathpur,Palamau; Garhwa,2,Garhwa,Garhwa:0.5337 Palamu:0.4636 Latehar:0.0027,0,6,6,1,verified,,2008-order-direct,JHARKHAND PC 13
20-14,20,S27_14,S27,Jharkhand,14,Hazaribagh,,हजारीबाग,GEN,2008-delimitation-order-table-b,GEN,Q3632585,20-14,5,21 22 23 24 25,20-21 20-22 20-23 20-24 20-25,21-Barhi; 22-Barkagaon; 23-Ramgarh; 24-Mandu; 25-Hazaribagh,Hazaribagh,1,Hazaribagh,Hazaribagh:0.5933 Ramgarh:0.25 Kodarma:0.1367 Chatra:0.01 Bokaro:0.0067 Giridih:0.0033,0,5,5,1,verified,,2008-order-direct,JHARKHAND PC 14
29-1,29,S10_1,S10,Karnataka,1,Chikkodi,,चिक्कोडी,GEN,2008-delimitation-order-table-b,GEN,Q3939251,29-1,8,1 2 3 4 5 6 7 10,29-1 29-2 29-3 29-4 29-5 29-6 29-7 29-10,1-Nippani; 2-Chikkodi - Sadalga; 3-Athni; 4-Kagawad; 5-Kudachi (SC); 6-Raybag (SC); 7-Hukeri; 10-Yemkanmardi (ST),Belgaum,1,Belgaum,Belgaum:0.9921 Sangli:0.0079,0,5,5,1,verified,,2008-order-direct,KARNATAKA PC 1
29-2,29,S10_2,S10,Karnataka,2,Belgaum,,बेलगाम,GEN,2008-delimitation-order-table-b,GEN,Q3995921,29-2,8,8 9 11 12 13 16 17 18,29-8 29-9 29-11 29-12 29-13 29-16 29-17 29-18,8-Arabhavi; 9-Gokak; 11-Belgaum Uttar; 12-Belgaum Dakshin; 13-Belgaum Rural; 16-Bailhongal; 17-Saundatti Yellamma; 18-Ramdurg,Belgaum,1,Belgaum,Belgaum:0.9971 Bagalkot:0.0029,0,8,8,1,verified,,2008-order-direct,KARNATAKA PC 2
29-3,29,S10_3,S10,Karnataka,3,Bagalkot,,बागलकोट,GEN,2008-delimitation-order-table-b,GEN,Q4841427,29-3,8,19 20 21 22 23 24 25 68,29-19 29-20 29-21 29-22 29-23 29-24 29-25 29-68,19-Mudhol (SC); 20-Terdal; 21-Jamkhandi; 22-Bilgi; 23-Badami; 24-Bagalkot; 25-Hungund; 68-Nargund,Bagalkot; Gadag,2,Bagalkot,Bagalkot:0.8362 Gadag:0.1552 Bijapur:0.0043 Raichur:0.0043,0,8,8,1,verified,,2008-order-direct,KARNATAKA PC 3
29-4,29,S10_4,S10,Karnataka,4,Bijapur,,बीजापुर,SC,2008-delimitation-order-table-b,SC,Q4907176,29-4,8,26 27 28 29 30 31 32 33,29-26 29-27 29-28 29-29 29-30 29-31 29-32 29-33,26-Muddebihal; 27-Devar Hippargi; 28-Basavana Bagevadi; 29-Babaleshwar; 30-Bijapur City; 31-Nagthan (SC); 32-Indi; 33-Sindgi,Bijapur,1,Bijapur,Bijapur:1,0,8,8,1,verified,,2008-order-direct,KARNATAKA PC 4
29-5,29,S10_5,S10,Karnataka,5,Gulbarga,,गुलबर्गा,SC,2008-delimitation-order-table-b,SC,Q4172532,29-5,8,34 35 39 40 41 43 44 45,29-34 29-35 29-39 29-40 29-41 29-43 29-44 29-45,34-Afzalpur; 35-Jewargi; 39-Gurmitkal; 40-Chittapur (SC); 41-Sedam; 43-Gulbarga Rural (SC); 44-Gulbarga Dakshin; 45-Gulbarga Uttar,Gulbarga,1,Gulbarga,Gulbarga:0.8494 Yadgir:0.1474 Bijapur:0.0032,0,7,7,1,verified,,2008-order-direct,KARNATAKA PC 5
29-6,29,S10_6,S10,Karnataka,6,Raichur,,रायचूर,ST,2008-delimitation-order-table-b,ST,Q4172533,29-6,8,36 37 38 53 54 55 56 57,29-36 29-37 29-38 29-53 29-54 29-55 29-56 29-57,36-Shorapur (ST); 37-Shahapur; 38-Yadgir; 53-Raichur Rural (ST); 54-Raichur; 55-Manvi (ST); 56-Devadurga (ST); 57-Lingsugur (SC),Gulbarga; Raichur,2,Raichur,Raichur:0.6138 Yadgir:0.3785 Bijapur:0.0051 Bagalkot:0.0026,0,8,8,1,verified,,2008-order-direct,KARNATAKA PC 6
29-7,29,S10_7,S10,Karnataka,7,Bidar,,बीदर,GEN,2008-delimitation-order-table-b,GEN,Q3883318,29-7,8,42 46 47 48 49 50 51 52,29-42 29-46 29-47 29-48 29-49 29-50 29-51 29-52,42-Chincholi (SC); 46-Aland; 47-Basavakalyan; 48-Humnabad; 49-Bidar South; 50-Bidar; 51-Bhalki; 52-Aurad (SC),Gulbarga; Bidar,2,Bidar,Bidar:0.6477 Gulbarga:0.3488 Latur:0.0036,0,7,7,1,verified,,2008-order-direct,KARNATAKA PC 7
29-8,29,S10_8,S10,Karnataka,8,Koppal,,कोप्पल,GEN,2008-delimitation-order-table-b,GEN,Q4348317,29-8,8,58 59 60 61 62 63 64 92,29-58 29-59 29-60 29-61 29-62 29-63 29-64 29-92,58-Sindhanur; 59-Maski (ST); 60-Kushtagi; 61-Kanakagiri (SC); 62-Gangawati; 63-Yelburga; 64-Koppal; 92-Siruguppa (ST),Raichur; Koppal; Bellary,3,Koppal,Koppal:0.622 Raichur:0.2627 Bellary:0.1153,0,8,8,1,verified,,2008-order-direct,KARNATAKA PC 8
29-9,29,S10_9,S10,Karnataka,9,Bellary,,बेल्लारी,ST,2008-delimitation-order-table-b,ST,Q3521014,29-9,8,88 89 90 91 93 94 95 96,29-88 29-89 29-90 29-91 29-93 29-94 29-95 29-96,88-Hadagalli (SC); 89-Hagaribommanahalli (SC); 90-Vijayanagara; 91-Kampli (ST); 93-Bellary (ST); 94-Bellary City; 95-Sandur (ST); 96-Kudligi (ST),Bellary,1,Bellary,Bellary:0.9967 Davanagere:0.0033,0,8,8,1,verified,,2008-order-direct,KARNATAKA PC 9
29-10,29,S10_10,S10,Karnataka,10,Haveri,,कावेरी,GEN,2008-delimitation-order-table-b,GEN,Q4628043,29-10,8,65 66 67 82 84 85 86 87,29-65 29-66 29-67 29-82 29-84 29-85 29-86 29-87,65-Shirahatti (SC); 66-Gadag; 67-Ron; 82-Hangal; 84-Haveri (SC); 85-Byadgi; 86-Hirekerur; 87-Ranibennur,Gadag; Haveri,2,Haveri,Haveri:0.5344 Gadag:0.4542 Uttara Kannada:0.0038 Shimoga:0.0038 Dharwad:0.0038,0,8,8,1,verified,,2008-order-direct,KARNATAKA PC 10
29-11,29,S10_11,S10,Karnataka,11,Dharwad,,धारवाड़,GEN,2008-delimitation-order-table-b,GEN,Q5269410,29-11,8,69 70 71 72 73 74 75 83,29-69 29-70 29-71 29-72 29-73 29-74 29-75 29-83,69-Navalgund; 70-Kundgol; 71-Dharwad; 72-Hubli-Dharwad-East (SC); 73-Hubli-Dharwad-Central; 74-Hubli-Dharwad-West; 75-Kalghatgi; 83-Shiggaon,Dharwad; Haveri,2,Dharwad,Dharwad:0.8329 Haveri:0.1671,0,8,8,1,verified,,2008-order-direct,KARNATAKA PC 11
29-12,29,S10_12,S10,Karnataka,12,Uttara Kannada,,उत्तर कन्नड़,GEN,2008-delimitation-order-table-b,GEN,Q4756549,29-12,8,14 15 76 77 78 79 80 81,29-14 29-15 29-76 29-77 29-78 29-79 29-80 29-81,14-Khanapur; 15-Kittur; 76-Haliyal; 77-Karwar; 78-Kumta; 79-Bhatkal; 80-Sirsi; 81-Yellapur,Belgaum; Uttara Kannada,2,Uttara Kannada,Uttara Kannada:0.787 Belgaum:0.1893 South Goa:0.0059,0.0178,8,8,1,verified,,2008-order-direct,KARNATAKA PC 12
29-13,29,S10_13,S10,Karnataka,13,Davanagere,,दावणगेरे,GEN,2008-delimitation-order-table-b,GEN,Q4877000,29-13,8,103 104 105 106 107 108 109 110,29-103 29-104 29-105 29-106 29-107 29-108 29-109 29-110,103-Jagalur (ST); 104-Harapanahalli; 105-Harihar; 106-Davanagere North; 107-Davanagere South; 108-Mayakonda (SC); 109-Channagiri; 110-Honnali,Davanagere,1,Davanagere,Davanagere:1,0,8,8,1,verified,,2008-order-direct,KARNATAKA PC 13
29-14,29,S10_14,S10,Karnataka,14,Shimoga,,शिमोगा,GEN,2008-delimitation-order-table-b,GEN,Q4876992,29-14,8,111 112 113 114 115 116 117 118,29-111 29-112 29-113 29-114 29-115 29-116 29-117 29-118,111-Shimoga Rural (SC); 112-Bhadravati; 113-Shimoga; 114-Tirthahalli; 115-Shikaripur; 116-Sorab; 117-Sagar; 118-Byndoor,Shimoga; Udupi,2,Shimoga,Shimoga:0.8707 Udupi:0.1264 Haveri:0.0029,0,7,7,1,verified,,2008-order-direct,KARNATAKA PC 14
29-15,29,S10_15,S10,Karnataka,15,Udupi Chikmagalur,,उदुपी चिकमगलूर,GEN,2008-delimitation-order-table-b,GEN,Q7877355,29-15,8,119 120 121 122 123 124 125 126,29-119 29-120 29-121 29-122 29-123 29-124 29-125 29-126,119-Kundapura; 120-Udupi; 121-Kapu; 122-Karkal; 123-Sringeri; 124-Mudigere (SC); 125-Chikmagalur; 126-Tarikere,Udupi; Chickmagalur,2,Chikmagalur,Chikmagalur:0.7143 Udupi:0.2766,0.0091,8,8,1,verified,,2008-order-direct,KARNATAKA PC 15
29-16,29,S10_16,S10,Karnataka,16,Hassan,,हसन,GEN,2008-delimitation-order-table-b,GEN,Q5679532,29-16,8,127 193 194 195 196 197 198 199,29-127 29-193 29-194 29-195 29-196 29-197 29-198 29-199,127-Kadur; 193-Shravanabelagola; 194-Arsikere; 195-Belur; 196-Hassan; 197-Holenarasipur; 198-Arkalgud; 199-Sakleshpur (SC),Chickmagalur; Hassan,2,Hassan,Hassan:0.8554 Chikmagalur:0.1416 Chitradurga:0.003,0,8,8,1,verified,,2008-order-direct,KARNATAKA PC 16
29-17,29,S10_17,S10,Karnataka,17,Dakshina Kannada,,दक्षिण कन्नड,GEN,2008-delimitation-order-table-b,GEN,Q5121423,29-17,8,200 201 202 203 204 205 206 207,29-200 29-201 29-202 29-203 29-204 29-205 29-206 29-207,200-Belthangady; 201-Moodabidri; 202-Mangalore City North; 203-Mangalore City South; 204-Mangalore; 205-Bantval; 206-Puttur; 207-Sullia (SC),Dakshina Kannada,1,Dakshina Kannada,Dakshina Kannada:0.924 Udupi:0.0665 Kodagu:0.0071 Hassan:0.0024,0,8,8,1,verified,,2008-order-direct,KARNATAKA PC 17
29-18,29,S10_18,S10,Karnataka,18,Chitradurga,,चित्रदुर्ग,SC,2008-delimitation-order-table-b,SC,Q5102316,29-18,8,97 98 99 100 101 102 136 137,29-97 29-98 29-99 29-100 29-101 29-102 29-136 29-137,97-Molakalmuru (ST); 98-Challakere (ST); 99-Chitradurga; 100-Hiriyur; 101-Hosadurga; 102-Holalkere (SC); 136-Sira; 137-Pavagada (SC),Chitradurga; Tumkur,2,Chitradurga,Chitradurga:0.7667 Tumkur:0.2259 Chikmagalur:0.0037 Bellary:0.0037,0,8,8,1,verified,,2008-order-direct,KARNATAKA PC 18
29-19,29,S10_19,S10,Karnataka,19,Tumkur,,तुमकुर,GEN,2008-delimitation-order-table-b,GEN,Q5245318,29-19,8,128 129 130 132 133 134 135 138,29-128 29-129 29-130 29-132 29-133 29-134 29-135 29-138,128-Chikkanayakanahalli; 129-Tiptur; 130-Turuvekere; 132-Tumkur City; 133-Tumkur Rural; 134-Koratagere (SC); 135-Gubbi; 138-Madhugiri,Tumkur,1,Tumkur,Tumkur:0.9896 Anantapur:0.0052 Chitradurga:0.0026 Hassan:0.0026,0,7,7,1,verified,,2008-order-direct,KARNATAKA PC 19
29-20,29,S10_20,S10,Karnataka,20,Mandya,,मांडया,GEN,2008-delimitation-order-table-b,GEN,Q5187868,29-20,8,186 187 188 189 190 191 192 211,29-186 29-187 29-188 29-189 29-190 29-191 29-192 29-211,186-Malavalli (SC); 187-Maddur; 188-Melukote; 189-Mandya; 190-Srirangapatna; 191-Nagamangala; 192-Krishnarajpet; 211-Krishnarajanagara,Mandya; Mysore,2,Mandya,Mandya:0.8603 Mysore:0.1175 Hassan:0.0127 Tumkur:0.0063 Ramanagara:0.0032,0,7,7,1,verified,,2008-order-direct,KARNATAKA PC 20
29-21,29,S10_21,S10,Karnataka,21,Mysore,,मैसूर,GEN,2008-delimitation-order-table-b,GEN,Q5332086,29-21,8,208 209 210 212 215 216 217 218,29-208 29-209 29-210 29-212 29-215 29-216 29-217 29-218,208-Madikeri; 209-Virajpet; 210-Piriyapatna; 212-Hunsur; 215-Chamundeshwari; 216-Krishnaraja; 217-Chamaraja; 218-Narasimharaja,Kodagu; Mysore,2,Kodagu,Kodagu:0.6207 Mysore:0.3655 Hassan:0.0103 Mandya:0.0034,0,8,8,1,verified,,2008-order-direct,KARNATAKA PC 21
29-22,29,S10_22,S10,Karnataka,22,Chamarajanagar,,चामराजनगर,SC,2008-delimitation-order-table-b,SC,Q5069470,29-22,8,213 214 219 220 221 222 223 224,29-213 29-214 29-219 29-220 29-221 29-222 29-223 29-224,213-Heggadadevankote (ST); 214-Nanjangud (SC); 219-Varuna; 220-T.Narasipur (SC); 221-Hanur; 222-Kollegal (SC); 223-Chamarajanagar; 224-Gundlupet,Mysore; Chamarajanagar,2,Chamrajnagar,Chamrajnagar:0.6072 Mysore:0.3816 Mandya:0.0056 Kodagu:0.0028 Wayanad:0.0028,0,8,8,1,verified,,2008-order-direct,KARNATAKA PC 22
29-23,29,S10_23,S10,Karnataka,23,Bangalore Rural,,बंगलौर ग्रामीण,GEN,2008-delimitation-order-table-b,GEN,Q4855074,29-23,8,131 154 176 177 182 183 184 185,29-131 29-154 29-176 29-177 29-182 29-183 29-184 29-185,131-Kunigal; 154-Rajarajeshwarinagar; 176-Bangalore South; 177-Anekal (SC); 182-Magadi; 183-Ramanagaram; 184-Kanakapura; 185-Channapatna,Tumkur; Bangalore; Bangalore Rural,3,Ramanagara,Ramanagara:0.6747 Tumkur:0.1884 Bangalore:0.137,0,8,8,1,verified,,2008-order-direct,KARNATAKA PC 23
29-24,29,S10_24,S10,Karnataka,24,Bangalore North,,बंगलौर उत्तर,GEN,2008-delimitation-order-table-b,GEN,Q4855069,29-24,8,151 152 153 155 156 157 158 159,29-151 29-152 29-153 29-155 29-156 29-157 29-158 29-159,151-K.R.Pura; 152-Byatarayanapura; 153-Yeshvanthapura; 155-Dasarahalli; 156-Mahalakshmi Layout; 157-Malleshwaram; 158-Hebbal; 159-Pulakeshinagar (SC),Bangalore,1,Bangalore,Bangalore:0.9952 Ramanagara:0.0048,0,8,8,1,verified,,2008-order-direct,KARNATAKA PC 24
29-25,29,S10_25,S10,Karnataka,25,Bangalore Central,,बंगलौर केन्द्रीय,GEN,2008-delimitation-order-table-b,GEN,Q4855038,29-25,8,160 161 162 163 164 165 168 174,29-160 29-161 29-162 29-163 29-164 29-165 29-168 29-174,160-Sarvagnanagar; 161-C.V. Raman Nagar (SC); 162-Shivajinagar; 163-Shanti Nagar; 164-Gandhi Nagar; 165-Rajaji Nagar; 168-Chamrajpet; 174-Mahadevapura (SC),Bangalore,1,Bangalore,Bangalore:1,0,8,8,1,verified,,2008-order-direct,KARNATAKA PC 25
29-26,29,S10_26,S10,Karnataka,26,Bangalore South,,बंगलौर दक्षिण,GEN,2008-delimitation-order-table-b,GEN,Q6509948,29-26,8,166 167 169 170 171 172 173 175,29-166 29-167 29-169 29-170 29-171 29-172 29-173 29-175,166-Govindraj Nagar; 167-Vijay Nagar; 169-Chickpet; 170-Basavanagudi; 171-Padmanaba Nagar; 172-B.T.M. Layout; 173-Jayanagar; 175-Bommanahalli,Bangalore,1,Bangalore,Bangalore:1,0,8,8,1,verified,,2008-order-direct,KARNATAKA PC 26
29-27,29,S10_27,S10,Karnataka,27,Chikkballapur,,चिकबलपुर,GEN,2008-delimitation-order-table-b,GEN,Q5097405,29-27,8,139 140 141 150 178 179 180 181,29-139 29-140 29-141 29-150 29-178 29-179 29-180 29-181,139-Gauribidanur; 140-Bagepalli; 141-Chikkballapur; 150-Yelahanka; 178-Hosakote; 179-Devanahalli (SC); 180-Doddaballapur; 181-Nelamangala (SC),Kolar; Bangalore; Bangalore Rural,3,Chikkaballapura,Chikkaballapura:0.4916 Bangalore Rural:0.4175 Bangalore:0.0572 Ramanagara:0.0303 Anantapur:0.0034,0,7,7,1,verified,,2008-order-direct,KARNATAKA PC 27
29-28,29,S10_28,S10,Karnataka,28,Kolar,,कोलार,SC,2008-delimitation-order-table-b,SC,Q6427060,29-28,8,142 143 144 145 146 147 148 149,29-142 29-143 29-144 29-145 29-146 29-147 29-148 29-149,142-Sidlaghatta; 143-Chintamani; 144-Srinivaspur; 145-Mulbagal (SC); 146-Kolar Gold Field (SC); 147-Bangarapet (SC); 148-Kolar; 149-Malur,Kolar,1,Kolar,Kolar:0.7028 Chikkaballapura:0.2834 Chittoor:0.0069 Krishnagiri:0.0046 Bangalore Rural:0.0023,0,8,8,1,verified,,2008-order-direct,KARNATAKA PC 28
32-1,32,S11_1,S11,Kerala,1,Kasaragod,,कासरगोड,GEN,2008-delimitation-order-table-b,GEN,Q3595257,32-1,7,1 2 3 4 5 6 7,32-1 32-2 32-3 32-4 32-5 32-6 32-7,1-Manjeshwar; 2-Kasaragod; 3-Udma; 4-Kanhangad; 5-Trikaripur; 6-Payyannur; 7-Kalliasseri,Kasaragod; Kannur,2,Kasaragod,Kasaragod:0.7591 Kannur:0.219,0.0219,7,7,1,verified,,2008-order-direct,KERALA PC 1
32-2,32,S11_2,S11,Kerala,2,Kannur,,कन्नूर,GEN,2008-delimitation-order-table-b,GEN,Q3595261,32-2,7,8 9 10 11 12 15 16,32-8 32-9 32-10 32-11 32-12 32-15 32-16,8-Taliparamba; 9-Irikkur; 10-Azhikode; 11-Kannur; 12-Dharmadam; 15-Mattannur; 16-Peravoor,Kannur,1,Kannur,Kannur:0.9858 Kodagu:0.0057,0.0085,7,7,1,verified,,2008-order-direct,KERALA PC 2
32-3,32,S11_3,S11,Kerala,3,Vadakara,,वडकरा,GEN,2008-delimitation-order-table-b,GEN,Q3595264,32-3,7,13 14 20 21 22 23 24,32-13 32-14 32-20 32-21 32-22 32-23 32-24,13-Thalassery; 14-Kuthuparamba; 20-Vadakara; 21-Kuttiadi; 22-Nadapuram; 23-Quilandy; 24-Perambra,Kannur; Kozhikode,2,Kozhikode,Kozhikode:0.7469 Kannur:0.25,0.0031,7,7,1,verified,,2008-order-direct,KERALA PC 3
32-4,32,S11_4,S11,Kerala,4,Wayanad,,वयनाड,GEN,2008-delimitation-order-table-b,GEN,Q7975848,32-4,7,17 18 19 32 34 35 36,32-17 32-18 32-19 32-32 32-34 32-35 32-36,17-Mananthavady (ST); 18-Sulthanbathery (ST); 19-Kalpetta; 32-Thiruvambadi; 34-Ernad; 35-Nilambur; 36-Wandoor (SC),Wayanad; Kozhikode; Malappuram,3,Wayanad,Wayanad:0.5106 Malappuram:0.383 Kozhikode:0.1033 Kannur:0.003,0,6,6,1,verified,,2008-order-direct,KERALA PC 4
32-5,32,S11_5,S11,Kerala,5,Kozhikode,,कोष़िक्कोड,GEN,2008-delimitation-order-table-b,GEN,Q3595239,32-5,7,25 26 27 28 29 30 31,32-25 32-26 32-27 32-28 32-29 32-30 32-31,25-Balusseri (SC); 26-Elathur; 27-Kozhikode North; 28-Kozhikode South; 29-Beypore; 30-Kunnamangalam; 31-Koduvally,Kozhikode,1,Kozhikode,Kozhikode:0.9949,0.0051,7,7,1,verified,,2008-order-direct,KERALA PC 5
32-6,32,S11_6,S11,Kerala,6,Malappuram,,मलप्पुरम,GEN,2008-delimitation-order-table-b,GEN,Q6741311,32-6,7,33 37 38 39 40 41 42,32-33 32-37 32-38 32-39 32-40 32-41 32-42,33-Kondotty; 37-Manjeri; 38-Perinthalmanna; 39-Mankada; 40-Malappuram; 41-Vengara; 42-Vallikkunnu,Malappuram,1,Malappuram,Malappuram:0.9909 Palakkad:0.0061,0.003,6,6,1,verified,,2008-order-direct,KERALA PC 6
32-7,32,S11_7,S11,Kerala,7,Ponnani,,पोन्नानी,GEN,2008-delimitation-order-table-b,GEN,Q3595235,32-7,7,43 44 45 46 47 48 49,32-43 32-44 32-45 32-46 32-47 32-48 32-49,43-Tirurangadi; 44-Tanur; 45-Tirur; 46-Kottakkal; 47-Thavanur; 48-Ponnani; 49-Thrithala,Malappuram; Palakkad,2,Malappuram,Malappuram:0.7972 Palakkad:0.1972,0.0056,7,7,1,verified,,2008-order-direct,KERALA PC 7
32-8,32,S11_8,S11,Kerala,8,Palakkad,,पलक्काड,GEN,2008-delimitation-order-table-b,GEN,Q3595511,32-8,7,50 51 52 53 54 55 56,32-50 32-51 32-52 32-53 32-54 32-55 32-56,50-Pattambi; 51-Shoranur; 52-Ottappalam; 53-Kongad (SC); 54-Mannarkkad; 55-Malampuzha; 56-Palakkad,Palakkad,1,Palakkad,Palakkad:0.9972 The Nilgiris:0.0028,0,6,6,1,verified,,2008-order-direct,KERALA PC 8
32-9,32,S11_9,S11,Kerala,9,Alathur,,अलथूर,SC,2008-delimitation-order-table-b,SC,Q4708818,32-9,7,57 58 59 60 61 62 65,32-57 32-58 32-59 32-60 32-61 32-62 32-65,57-Tarur (SC); 58-Chittur; 59-Nemmara; 60-Alathur; 61-Chelakkara (SC); 62-Kunnamkulam; 65-Wadakkanchery,Palakkad; Thrissur,2,Palakkad,Palakkad:0.6994 Thrissur:0.2975 Malappuram:0.0032,0,7,7,1,verified,,2008-order-direct,KERALA PC 9
32-10,32,S11_10,S11,Kerala,10,Thrissur,,त्रिस्सूर,GEN,2008-delimitation-order-table-b,GEN,Q3595199,32-10,7,63 64 66 67 68 70 71,32-63 32-64 32-66 32-67 32-68 32-70 32-71,63-Guruvayoor; 64-Manalur; 66-Ollur; 67-Thrissur; 68-Nattika (SC); 70-Irinjalakuda; 71-Pudukkad,Thrissur,1,Thrissur,Thrissur:0.9831,0.0169,6,6,1,verified,,2008-order-direct,KERALA PC 10
32-11,32,S11_11,S11,Kerala,11,Chalakudy,,चालाकुडी,GEN,2008-delimitation-order-table-b,GEN,Q3595248,32-11,7,69 72 73 74 75 76 84,32-69 32-72 32-73 32-74 32-75 32-76 32-84,69-Kaipamangalam; 72-Chalakudy; 73-Kodungallur; 74-Perumbavoor; 75-Angamaly; 76-Aluva; 84-Kunnathunad (SC),Thrissur; Ernakulam,2,Ernakulam,Ernakulam:0.5249 Thrissur:0.4751,0,7,7,1,verified,,2008-order-direct,KERALA PC 11
32-12,32,S11_12,S11,Kerala,12,Ernakulam,,एर्णाकुलम,GEN,2008-delimitation-order-table-b,GEN,Q3595497,32-12,7,77 78 79 80 81 82 83,32-77 32-78 32-79 32-80 32-81 32-82 32-83,77-Kalamassery; 78-Paravur; 79-Vypeen; 80-Kochi; 81-Tripunithura; 82-Ernakulam; 83-Thrikkakara,Ernakulam,1,Ernakulam,Ernakulam:0.982,0.018,6,6,1,verified,,2008-order-direct,KERALA PC 12
32-13,32,S11_13,S11,Kerala,13,Idukki,,इदुक्की,GEN,2008-delimitation-order-table-b,GEN,Q3595503,32-13,7,86 87 88 89 90 91 92,32-86 32-87 32-88 32-89 32-90 32-91 32-92,86-Muvattupuzha; 87-Kothamangalam; 88-Devikulam (SC); 89-Udumbanchola; 90-Thodupuzha; 91-Idukki; 92-Peerumade,Ernakulam; Idukki,2,Idukki,Idukki:0.8896 Ernakulam:0.1009 Coimbatore:0.0032 Tiruppur:0.0032 Theni:0.0032,0,7,7,1,verified,,2008-order-direct,KERALA PC 13
32-14,32,S11_14,S11,Kerala,14,Kottayam,,कोट्टायम,GEN,2008-delimitation-order-table-b,GEN,Q3595519,32-14,7,85 93 94 95 96 97 98,32-85 32-93 32-94 32-95 32-96 32-97 32-98,85-Piravom; 93-Pala; 94-Kaduthuruthy; 95-Vaikom (SC); 96-Ettumanoor; 97-Kottayam; 98-Puthuppally,Ernakulam; Kottayam,2,Kottayam,Kottayam:0.816 Ernakulam:0.178 Alappuzha:0.003 Idukki:0.003,0,7,7,1,verified,,2008-order-direct,KERALA PC 14
32-15,32,S11_15,S11,Kerala,15,Alappuzha,,अलप्पुझा,GEN,2008-delimitation-order-table-b,GEN,Q3595510,32-15,7,102 103 104 105 107 108 116,32-102 32-103 32-104 32-105 32-107 32-108 32-116,102-Aroor; 103-Cherthala; 104-Alappuzha; 105-Ambalappuzha; 107-Haripad; 108-Kayamkulam; 116-Karunagappally,Alappuzha; Kollam,2,Alappuzha,Alappuzha:0.8678 Kollam:0.1149 Ernakulam:0.0115,0.0057,7,7,1,verified,,2008-order-direct,KERALA PC 15
32-16,32,S11_16,S11,Kerala,16,Mavelikkara,,मवेलीकारा,SC,2008-delimitation-order-table-b,SC,Q3595483,32-16,7,99 106 109 110 118 119 120,32-99 32-106 32-109 32-110 32-118 32-119 32-120,99-Changanassery; 106-Kuttanad; 109-Mavelikkara (SC); 110-Chengannur; 118-Kunnathur (SC); 119-Kottarakkara; 120-Pathanapuram,Kottayam; Alappuzha; Kollam,3,Kollam,Kollam:0.4722 Alappuzha:0.4444 Kottayam:0.0722 Pathanamthitta:0.0111,0,7,7,1,verified,,2008-order-direct,KERALA PC 16
32-17,32,S11_17,S11,Kerala,17,Pathanamthitta,,पथनमथीट्टा,GEN,2008-delimitation-order-table-b,GEN,Q7144692,32-17,7,100 101 111 112 113 114 115,32-100 32-101 32-111 32-112 32-113 32-114 32-115,100-Kanjirappally; 101-Poonjar; 111-Thiruvalla; 112-Ranni; 113-Aranmula; 114-Konni; 115-Adoor (SC),Kottayam; Pathanamthitta,2,Pathanamthitta,Pathanamthitta:0.7797 Kottayam:0.2062 Kollam:0.0056 Idukki:0.0056 Alappuzha:0.0028,0,7,7,1,verified,,2008-order-direct,KERALA PC 17
32-18,32,S11_18,S11,Kerala,18,Kollam,,कोल्लम,GEN,2008-delimitation-order-table-b,GEN,Q3595286,32-18,7,117 121 122 123 124 125 126,32-117 32-121 32-122 32-123 32-124 32-125 32-126,117-Chavara; 121-Punalur; 122-Chadayamangalam; 123-Kundara; 124-Kollam; 125-Eravipuram; 126-Chathannoor,Kollam,1,Kollam,Kollam:0.994 Pathanamthitta:0.003,0.003,7,7,1,verified,,2008-order-direct,KERALA PC 18
32-19,32,S11_19,S11,Kerala,19,Attingal,,अट्टिंगल,GEN,2008-delimitation-order-table-b,GEN,Q12413298,32-19,7,127 128 129 130 131 136 138,32-127 32-128 32-129 32-130 32-131 32-136 32-138,127-Varkala; 128-Attingal (SC); 129-Chirayinkeezhu (SC); 130-Nedumangad; 131-Vamanapuram; 136-Aruvikkara; 138-Kattakkada,Thiruvananthapuram,1,Thiruvananthapuram,Thiruvananthapuram:0.9851 Kollam:0.0089,0.006,7,7,1,verified,,2008-order-direct,KERALA PC 19
32-20,32,S11_20,S11,Kerala,20,Thiruvananthapuram,,तिरुवनन्तपुरम,GEN,2008-delimitation-order-table-b,GEN,Q7785502,32-20,7,132 133 134 135 137 139 140,32-132 32-133 32-134 32-135 32-137 32-139 32-140,132-Kazhakkoottam; 133-Vattiyoorkavu; 134-Thiruvanantha -puram; 135-Nemom; 137-Parassala; 139-Kovalam; 140-Neyyattinkara,Thiruvananthapuram,1,Thiruvananthapuram,Thiruvananthapuram:0.9964,0.0036,5,5,1,verified,,2008-order-direct,KERALA PC 20
38-1,38,U09_1,U09,Ladakh,1,Ladakh,,,GEN,2008-delimitation-order-table-b,,,,0,,,,Ladakh,1,Leh (ladakh),Leh (ladakh):0.4557 Data Not Available:0.4177 Kargil:0.0886 Kishtwar:0.0063 Lahul & Spiti:0.0063 Ganderbal:0.0032 Bandipore:0.0032,0.019,0,0,,districts-only,ladakh-2019: hived off J&K by the J&K Reorganisation Act 2019; listed as PC 4 of J&K in the 2008 Order,2008-order-districts-only,J&K PC 4
31-1,31,U06_1,U06,Lakshadweep,1,Lakshadweep,,लक्षद्वीप,ST,2008-delimitation-order-schedule-i,GEN,Q6479803,31-1,0,,,,,0,,,1,0,0,,no-assembly,,no-assembly-ut,
23-1,23,S12_1,S12,Madhya Pradesh,1,Morena,,मुरैना,GEN,2008-delimitation-order-table-b,GEN,Q3663904,23-1,8,1 2 3 4 5 6 7 8,23-1 23-2 23-3 23-4 23-5 23-6 23-7 23-8,1-Sheopur; 2-Vijaypur; 3-Sabalgarh; 4-Joura; 5-Sumawali; 6-Morena; 7-Dimani; 8-Ambah (SC),Sheopur; Morena,2,Sheopur,Sheopur:0.5413 Morena:0.4495 Kota:0.0046 Dhaulpur:0.0046,0,8,8,1,verified,,2008-order-direct,MADHYA PRADESH PC 1
23-2,23,S12_2,S12,Madhya Pradesh,2,Bhind,,भिण्ड,SC,2008-delimitation-order-table-b,SC,Q3634246,23-2,8,9 10 11 12 13 20 21 22,23-9 23-10 23-11 23-12 23-13 23-20 23-21 23-22,9-Ater; 10-Bhind; 11-Lahar; 12-Mehgaon; 13-Gohad (SC); 20-Sewda; 21-Bhander (SC); 22-Datia,Bhind; Datia,2,Bhind,Bhind:0.6317 Datia:0.2715 Gwalior:0.0914 Agra:0.0027 Jalaun:0.0027,0,8,8,1,verified,,2008-order-direct,MADHYA PRADESH PC 2
23-3,23,S12_3,S12,Madhya Pradesh,3,Gwalior,,ग्वालियर,GEN,2008-delimitation-order-table-b,GEN,Q3634165,23-3,8,14 15 16 17 18 19 23 24,23-14 23-15 23-16 23-17 23-18 23-19 23-23 23-24,14-Gwalior Rural; 15-Gwalior; 16-Gwalior East; 17-Gwalior South; 18-Bhitarwar; 19-Dabra (SC); 23-Karera (SC); 24-Pohari,Gwalior; Shivpuri,2,Shivpuri,Shivpuri:0.5136 Gwalior:0.4864,0,8,8,1,verified,,2008-order-direct,MADHYA PRADESH PC 3
23-4,23,S12_4,S12,Madhya Pradesh,4,Guna,,गुना,GEN,2008-delimitation-order-table-b,GEN,Q3634168,23-4,8,25 26 27 28 29 32 33 34,23-25 23-26 23-27 23-28 23-29 23-32 23-33 23-34,25-Shivpuri; 26-Pichhore; 27-Kolaras; 28-Bamori; 29-Guna (SC); 32-Ashok Nagar (SC); 33-Chanderi; 34-Mungaoli,Shivpuri; Guna; Ashok Nagar,3,Shivpuri,Shivpuri:0.419 Ashoknagar:0.3316 Guna:0.2442 Baran:0.0026 Lalitpur:0.0026,0,8,8,1,verified,,2008-order-direct,MADHYA PRADESH PC 4
23-5,23,S12_5,S12,Madhya Pradesh,5,Sagar,,सागर,GEN,2008-delimitation-order-table-b,GEN,Q7399007,23-5,8,35 36 37 40 41 146 147 148,23-35 23-36 23-37 23-40 23-41 23-146 23-147 23-148,35-Bina (SC); 36-Khurai; 37-Surkhi; 40-Naryoli (SC); 41-Sagar; 146-Kurwai (SC); 147-Sironj; 148-Shamshabad,Sagar; Vidisha,2,Vidisha,Vidisha:0.5029 Sagar:0.4943 Bhopal:0.0029,0,8,8,1,verified,,2008-order-direct,MADHYA PRADESH PC 5
23-6,23,S12_6,S12,Madhya Pradesh,6,Tikamgarh,,टीकमगढ़,SC,2008-delimitation-order-table-b,SC,Q7801879,23-6,8,43 44 45 46 47 48 51 52,23-43 23-44 23-45 23-46 23-47 23-48 23-51 23-52,43-Tikamgarh; 44-Jatara (SC); 45-Prithvipur; 46-Niwari; 47-Khargapur; 48-Maharajpur; 51-Chhatarpur; 52-Bijawar,Tikamgarh; Chhatarpur,2,Tikamgarh,Tikamgarh:0.5739 Chhatarpur:0.4124 Mahoba:0.0069 Jhansi:0.0034 Damoh:0.0034,0,8,8,1,verified,,2008-order-direct,MADHYA PRADESH PC 6
23-7,23,S12_7,S12,Madhya Pradesh,7,Damoh,,दमोह,GEN,2008-delimitation-order-table-b,GEN,Q12433303,23-7,8,38 39 42 53 54 55 56 57,23-38 23-39 23-42 23-53 23-54 23-55 23-56 23-57,38-Deori; 39-Rehli; 42-Banda; 53-Malhara; 54-Pathariya; 55-Damoh; 56-Jabera; 57-Hatta (SC),Sagar; Chhatarpur; Damoh,3,Damoh,Damoh:0.5088 Sagar:0.3559 Chhatarpur:0.1353,0,8,8,1,verified,,2008-order-direct,MADHYA PRADESH PC 7
23-8,23,S12_8,S12,Madhya Pradesh,8,Khajuraho,,खजुराहो,GEN,2008-delimitation-order-table-b,GEN,Q3634359,23-8,8,49 50 58 59 60 92 93 94,23-49 23-50 23-58 23-59 23-60 23-92 23-93 23-94,49-Chandla (SC); 50-Rajnagar; 58-Pawai; 59-Gunnaor (SC); 60-Panna; 92-Vijayraghavgarh; 93-Murwara; 94-Bahoriband,Chhatarpur; Panna; Katni,3,Panna,Panna:0.4921 Katni:0.2177 Chhatarpur:0.2082 Jabalpur:0.0789 Damoh:0.0032,0,8,8,1,verified,,2008-order-direct,MADHYA PRADESH PC 8
23-9,23,S12_9,S12,Madhya Pradesh,9,Satna,,सतना,GEN,2008-delimitation-order-table-b,GEN,Q12455246,23-9,7,61 62 63 64 65 66 67,23-61 23-62 23-63 23-64 23-65 23-66 23-67,61-Chitrakoot; 62-Raigaon (SC); 63-Satna; 64-Nagod; 65-Maihar; 66-Amarpatan; 67-Rampur-Baghelan,Satna,1,Satna,Satna:0.9888 Panna:0.0056 Banda:0.0028 Katni:0.0028,0,7,7,1,verified,,2008-order-direct,MADHYA PRADESH PC 9
23-10,23,S12_10,S12,Madhya Pradesh,10,Rewa,,रीवा,GEN,2008-delimitation-order-table-b,GEN,Q7319005,23-10,8,68 69 70 71 72 73 74 75,23-68 23-69 23-70 23-71 23-72 23-73 23-74 23-75,68-Sirmour; 69-Semariya; 70-Teonthar; 71-Mauganj; 72-Deotalab; 73-Mangawan (SC); 74-Rewa; 75-Gurh,Rewa,1,Rewa,Rewa:0.9915 Satna:0.0085,0,8,8,1,verified,,2008-order-direct,MADHYA PRADESH PC 10
23-11,23,S12_11,S12,Madhya Pradesh,11,Sidhi,,सीधी,GEN,2008-delimitation-order-table-b,GEN,Q7508585,23-11,8,76 77 78 79 80 81 82 83,23-76 23-77 23-78 23-79 23-80 23-81 23-82 23-83,76-Churhat; 77-Sidhi; 78-Sihawal; 79-Chitrangi (ST); 80-Singrauli; 81-Devsar (SC); 82-Dhauhani (ST); 83-Beohari (ST),Sidhi; Shahdol,2,Singrauli,Singrauli:0.4422 Sidhi:0.3676 Shahdol:0.1851 Umaria:0.0026 Satna:0.0026,0,8,8,1,verified,,2008-order-direct,MADHYA PRADESH PC 11
23-12,23,S12_12,S12,Madhya Pradesh,12,Shahdol,,शहडोल,ST,2008-delimitation-order-table-b,ST,Q12453868,23-12,8,84 85 86 87 88 89 90 91,23-84 23-85 23-86 23-87 23-88 23-89 23-90 23-91,84-Jaisingnagar (ST); 85-Jaitpur (ST); 86-Kotma; 87-Anuppur (ST); 88-Pushprajgarh (ST); 89-Bandhavgarh (ST); 90-Manpur (ST); 91-Barwara (ST),Shahdol; Anuppur; Umaria; Katni,4,Umaria,Umaria:0.3369 Anuppur:0.2872 Shahdol:0.227 Katni:0.1383 Dindori:0.0071 Jabalpur:0.0035,0,7,7,1,verified,,2008-order-direct,MADHYA PRADESH PC 12
23-13,23,S12_13,S12,Madhya Pradesh,13,Jabalpur,,जबलपुर,GEN,2008-delimitation-order-table-b,GEN,Q6109952,23-13,8,95 96 97 98 99 100 101 102,23-95 23-96 23-97 23-98 23-99 23-100 23-101 23-102,95-Patan; 96-Bargi; 97-Jabalpur Purba (SC); 98-Jabalpur Uttar; 99-Jabalpur Cantt; 100-Jabalpur Paschim; 101-Panagar; 102-Sihora (ST),Jabalpur,1,Jabalpur,Jabalpur:0.9902 Narsimhapur:0.0033 Mandla:0.0033 Katni:0.0033,0,8,8,1,verified,,2008-order-direct,MADHYA PRADESH PC 13
23-14,23,S12_14,S12,Madhya Pradesh,14,Mandla,,मण्डला,ST,2008-delimitation-order-table-b,ST,Q3630763,23-14,8,103 104 105 106 107 116 117 118,23-103 23-104 23-105 23-106 23-107 23-116 23-117 23-118,103-Shahpura (ST); 104-Dindori (ST); 105-Bichhiya (ST); 106-Niwas (ST); 107-Mandla (ST); 116-Keolari; 117-Lakhnadon (ST); 118-Gotegaon (SC),Dindori; Mandla; Seoni; Narsingpur,4,Mandla,Mandla:0.3687 Dindori:0.2933 Seoni:0.2542 Narsimhapur:0.081 Balaghat:0.0028,0,8,8,1,verified,,2008-order-direct,MADHYA PRADESH PC 14
23-15,23,S12_15,S12,Madhya Pradesh,15,Balaghat,,बालाघाट,GEN,2008-delimitation-order-table-b,GEN,Q3633465,23-15,8,108 109 110 111 112 113 114 115,23-108 23-109 23-110 23-111 23-112 23-113 23-114 23-115,108-Baihar (ST); 109-Lanji; 110-Paraswada; 111-Balaghat; 112-Waraseoni; 113-Katangi; 114-Barghat (ST); 115-Seoni,Balaghat; Seoni,2,Balaghat,Balaghat:0.7009 Seoni:0.2934 Chhindwara:0.0028 Kabeerdham:0.0028,0,8,8,1,verified,,2008-order-direct,MADHYA PRADESH PC 15
23-16,23,S12_16,S12,Madhya Pradesh,16,Chhindwara,,छिंदवाड़ा,GEN,2008-delimitation-order-table-b,GEN,Q5094902,23-16,7,122 123 124 125 126 127 128,23-122 23-123 23-124 23-125 23-126 23-127 23-128,122-Junnardeo (ST); 123-Amarwara (ST); 124-Churai; 125-Saunsar; 126-Chhindwara; 127-Parasia (SC); 128-Pandhurna (ST),Chhindwara,1,Chhindwara,Chhindwara:0.991 Narsimhapur:0.0045 Betul:0.0022 Nagpur:0.0022,0,7,7,1,verified,,2008-order-direct,MADHYA PRADESH PC 16
23-17,23,S12_17,S12,Madhya Pradesh,17,Hoshangabad,,होशंगाबाद,GEN,2008-delimitation-order-table-b,GEN,Q3634240,23-17,8,119 120 121 136 137 138 139 140,23-119 23-120 23-121 23-136 23-137 23-138 23-139 23-140,119-Narsingpur; 120-Tendukheda; 121-Gadarwara; 136-Seoni-Malwa; 137-Hoshangabad; 138-Sohagpur; 139-Pipariya (SC); 140-Udaipura,Narsingpur; Hoshangabad; Raisen,3,Hoshangabad,Hoshangabad:0.5631 Narsimhapur:0.3042 Raisen:0.1327,0,8,8,1,verified,,2008-order-direct,MADHYA PRADESH PC 17
23-18,23,S12_18,S12,Madhya Pradesh,18,Vidisha,,विदिशा,GEN,2008-delimitation-order-table-b,GEN,Q7928100,23-18,8,141 142 143 144 145 156 158 173,23-141 23-142 23-143 23-144 23-145 23-156 23-158 23-173,141-Bhojpur; 142-Sanchi (SC); 143-Silwani; 144-Vidisha; 145-Basoda; 156-Budhni; 158-Ichhawar; 173-Khategaon,Raisen; Vidisha; Sehore; Dewas,4,Raisen,Raisen:0.463 Sehore:0.2667 Vidisha:0.1481 Dewas:0.1185 Sagar:0.0037,0,8,8,1,verified,,2008-order-direct,MADHYA PRADESH PC 18
23-19,23,S12_19,S12,Madhya Pradesh,19,Bhopal,,भोपाल,GEN,2008-delimitation-order-table-b,GEN,Q4901994,23-19,8,149 150 151 152 153 154 155 159,23-149 23-150 23-151 23-152 23-153 23-154 23-155 23-159,149-Berasia (SC); 150-Bhopal Uttar; 151-Narela; 152-Bhopal Dakshin-Paschim; 153-Bhopal Madhya; 154-Govindpura; 155-Huzur; 159-Sehore,Bhopal; Sehore,2,Bhopal,Bhopal:0.7266 Sehore:0.2586 Raisen:0.0074 Shajapur:0.0049 Rajgarh:0.0025,0,8,8,1,verified,,2008-order-direct,MADHYA PRADESH PC 19
23-20,23,S12_20,S12,Madhya Pradesh,20,Rajgarh,,राजगढ़,GEN,2008-delimitation-order-table-b,GEN,Q3632253,23-20,8,30 31 160 161 162 163 164 165,23-30 23-31 23-160 23-161 23-162 23-163 23-164 23-165,30-Chachoura; 31-Raghogarh; 160-Narsinghgarh; 161-Biaora; 162-Rajgarh; 163-Khilchipur; 164-Sarangpur (SC); 165-Susner,Guna; Rajgarh; Shajapur,3,Rajgarh,Rajgarh:0.5654 Guna:0.2745 Shajapur:0.1503 Jhalawar:0.0098,0,8,8,1,verified,,2008-order-direct,MADHYA PRADESH PC 20
23-21,23,S12_21,S12,Madhya Pradesh,21,Dewas,,देवास,SC,2008-delimitation-order-table-b,SC,Q15649259,23-21,8,157 166 167 168 169 170 171 172,23-157 23-166 23-167 23-168 23-169 23-170 23-171 23-172,157-Ashta (SC); 166-Agar (SC); 167-Shajapur; 168-Shujalpur; 169-Kalapipal; 170-Sonkatch (SC); 171-Dewas; 172-Hatpipliya,Sehore; Shajapur; Dewas,3,Shajapur,Shajapur:0.5302 Dewas:0.3048 Sehore:0.1587 Ujjain:0.0032 Rajgarh:0.0032,0,8,8,1,verified,,2008-order-direct,MADHYA PRADESH PC 21
23-22,23,S12_22,S12,Madhya Pradesh,22,Ujjain,,उज्जैन,SC,2008-delimitation-order-table-b,SC,Q3630725,23-22,8,212 213 214 215 216 217 218 223,23-212 23-213 23-214 23-215 23-216 23-217 23-218 23-223,212-Nagada-Khachrod; 213-Mahidpur; 214-Tarana (SC); 215-Ghatiya (SC); 216-Ujjain Uttar; 217-Ujjain Dakshin; 218-Badnagar; 223-Alot (SC),Ujjain; Ratlam,2,Ujjain,Ujjain:0.8046 Ratlam:0.1868 Dewas:0.0086,0,8,8,1,verified,,2008-order-direct,MADHYA PRADESH PC 22
23-23,23,S12_23,S12,Madhya Pradesh,23,Mandsour,,मंदसौर,GEN,2008-delimitation-order-table-b,GEN,Q6748216,23-23,8,222 224 225 226 227 228 229 230,23-222 23-224 23-225 23-226 23-227 23-228 23-229 23-230,222-Jaora; 224-Mandsour; 225-Malhargarh (SC); 226-Suwasra; 227-Garoth; 228-Manasa; 229-Neemuch; 230-Jawad,Ratlam; Mandsour; Neemuch,3,Mandsaur,Mandsaur:0.5101 Neemuch:0.3516 Ratlam:0.098 Chittaurgarh:0.0202 Pratapgarh:0.0173 Jhalawar:0.0029,0,8,8,1,verified,,2008-order-direct,MADHYA PRADESH PC 23
23-24,23,S12_24,S12,Madhya Pradesh,24,Ratlam,,रतलाम,ST,2008-delimitation-order-table-b,ST,Q7295816,23-24,8,191 192 193 194 195 219 220 221,23-191 23-192 23-193 23-194 23-195 23-219 23-220 23-221,191-Alirajpur (ST); 192-Jobat (ST); 193-Jhabua (ST); 194-Thandla (ST); 195-Petlawad (ST); 219-Ratlam Rural (ST); 220-Ratlam City; 221-Sailana (ST),Jhabua; Ratlam,2,Jhabua,Jhabua:0.3769 Alirajpur:0.3577 Ratlam:0.2615 Banswara:0.0038,0,8,8,1,verified,,2008-order-direct,MADHYA PRADESH PC 24
23-25,23,S12_25,S12,Madhya Pradesh,25,Dhar,,धार,ST,2008-delimitation-order-table-b,ST,Q3634185,23-25,8,196 197 198 199 200 201 202 209,23-196 23-197 23-198 23-199 23-200 23-201 23-202 23-209,196-Sardarpur (ST); 197-Gandhwani (ST); 198-Kukshi (ST); 199-Manawar (ST); 200-Dharampuri (ST); 201-Dhar; 202-Badnawar; 209-Dr.Ambedkarnagar-Mhow,Dhar; Indore,2,Dhar,Dhar:0.875 Indore:0.1218 Ratlam:0.0032,0,8,8,1,verified,,2008-order-direct,MADHYA PRADESH PC 25
23-26,23,S12_26,S12,Madhya Pradesh,26,Indore,,इन्दौर,GEN,2008-delimitation-order-table-b,GEN,Q3634194,23-26,8,203 204 205 206 207 208 210 211,23-203 23-204 23-205 23-206 23-207 23-208 23-210 23-211,203-Debalpur; 204-Indore-1; 205-Indore-2; 206-Indore-3; 207-Indore-4; 208-Indore-5; 210-Rau; 211-Sanwer (SC),Indore,1,Indore,Indore:0.9944 Ujjain:0.0028 Dewas:0.0028,0,3,3,1,verified,,2008-order-direct,MADHYA PRADESH PC 26
23-27,23,S12_27,S12,Madhya Pradesh,27,Khargone,,खरगोन,ST,2008-delimitation-order-table-b,ST,Q279102,23-27,8,183 184 185 186 187 188 189 190,23-183 23-184 23-185 23-186 23-187 23-188 23-189 23-190,183-Maheshwar (SC); 184-Kasrawad; 185-Khargone; 186-Bhagwanpura (ST); 187-Sendhawa (ST); 188-Rajpur (ST); 189-Pansemal (ST); 190-Badwani (ST),WEST NIMAR (Khaorgone); Badwani,2,Barwani,Barwani:0.5099 West Nimar:0.4844 Jalgaon:0.0028 Dhar:0.0028,0,8,8,1,verified,,2008-order-direct,MADHYA PRADESH PC 27
23-28,23,S12_28,S12,Madhya Pradesh,28,Khandwa,,खंडवा,GEN,2008-delimitation-order-table-b,GEN,Q3634216,23-28,8,174 175 177 178 179 180 181 182,23-174 23-175 23-177 23-178 23-179 23-180 23-181 23-182,174-Bagali (ST); 175-Mandhata; 177-Khandwa (SC); 178-Pandhana (ST); 179-Nepanagar (ST); 180-Burhanpur; 181-Bikhangaon (ST); 182-Badwah,Dewas; EAST NIMAR (Khandwa); Burhanpur; WEST NIMAR (Khaorgone),4,East Nimar,East Nimar:0.3442 Burhanpur:0.2437 West Nimar:0.2161 Dewas:0.1935 Buldana:0.0025,0,7,7,1,verified,,2008-order-direct,MADHYA PRADESH PC 28
23-29,23,S12_29,S12,Madhya Pradesh,29,Betul,,बेतूल,ST,2008-delimitation-order-table-b,ST,Q4899044,23-29,8,129 130 131 132 133 134 135 176,23-129 23-130 23-131 23-132 23-133 23-134 23-135 23-176,129-Multai; 130-Amla (SC); 131-Betul; 132-Ghoradongri (ST); 133-Bhainsdehi (ST); 134-Timarni (ST); 135-Harda; 176-Harsud (ST),Betul; Harda; EAST NIMAR (Khandwa),3,Betul,Betul:0.6158 Harda:0.2061 East Nimar:0.173 Amravati:0.0025 Hoshangabad:0.0025,0,8,8,1,verified,,2008-order-direct,MADHYA PRADESH PC 29
27-1,27,S13_1,S13,Maharashtra,1,Nandurbar,,नन्दुरबार,ST,2008-delimitation-order-table-b,ST,Q6963393,27-1,6,1 2 3 4 5 9,27-1 27-2 27-3 27-4 27-5 27-9,1-Akkalkuwa (ST); 2-Shahada (ST); 3-Nandurbar (ST); 4-Nawapur (ST); 5-Sakri (ST); 9-Shirpur (ST),Nandurbar; Dhule,2,Nandurbar,Nandurbar:0.6071 Dhule:0.3893 Tapi:0.0036,0,6,6,1,verified,,2008-order-direct,MAHARASHTRA PC 1
27-2,27,S13_2,S13,Maharashtra,2,Dhule,,धुले,GEN,2008-delimitation-order-table-b,GEN,Q5269854,27-2,6,6 7 8 114 115 116,27-6 27-7 27-8 27-114 27-115 27-116,6-Dhule Rural; 7-Dhule City; 8-Sindkheda; 114-Malegaon Central; 115-Malegaon Outer; 116-Baglan (ST),Dhule; Nashik,2,Dhule,Dhule:0.566 Nashik:0.434,0,6,6,1,verified,,2008-order-direct,MAHARASHTRA PC 2
27-3,27,S13_3,S13,Maharashtra,3,Jalgaon,,जलगांव,GEN,2008-delimitation-order-table-b,GEN,Q6126754,27-3,6,13 14 15 16 17 18,27-13 27-14 27-15 27-16 27-17 27-18,13-Jalgaon City; 14-Jalgaon Rural; 15-Amalner; 16-Erandol; 17-Chalisgaon; 18-Pachora,Jalgaon,1,Jalgaon,Jalgaon:0.9946 Nashik:0.0054,0,6,6,1,verified,,2008-order-direct,MAHARASHTRA PC 3
27-4,27,S13_4,S13,Maharashtra,4,Raver,,रावेर,GEN,2008-delimitation-order-table-b,GEN,Q7296597,27-4,6,10 11 12 19 20 21,27-10 27-11 27-12 27-19 27-20 27-21,10-Chopda (ST); 11-Raver; 12-Bhusawal (SC); 19-Jamner; 20-Muktainagar; 21-Malkapur,Jalgaon; Buldhana,2,Jalgaon,Jalgaon:0.8459 Buldana:0.1508 Dhule:0.0033,0,6,6,1,verified,,2008-order-direct,MAHARASHTRA PC 4
27-5,27,S13_5,S13,Maharashtra,5,Buldhana,,बुलढाना,GEN,2008-delimitation-order-table-b,GEN,Q4996106,27-5,6,22 23 24 25 26 27,27-22 27-23 27-24 27-25 27-26 27-27,22-Buldhana; 23-Chikhli; 24-Sindkhed Raja; 25-Mehkar (SC); 26-Khamgaon; 27-Jalgaon (Jamod),Buldhana,1,Buldana,Buldana:0.9974 Akola:0.0026,0,6,6,1,verified,,2008-order-direct,MAHARASHTRA PC 5
27-6,27,S13_6,S13,Maharashtra,6,Akola,,अकोला,GEN,2008-delimitation-order-table-b,GEN,Q3764391,27-6,6,28 29 30 31 32 33,27-28 27-29 27-30 27-31 27-32 27-33,28-Akot; 29-Balapur; 30-Akola West; 31-Akola East; 32-Murtizapur (SC); 33-Risod,Akola; Washim,2,Akola,Akola:0.7558 Washim:0.2442,0,6,6,1,verified,,2008-order-direct,MAHARASHTRA PC 6
27-7,27,S13_7,S13,Maharashtra,7,Amravati,,अमरावती,SC,2008-delimitation-order-table-b,SC,Q3764491,27-7,6,37 38 39 40 41 42,27-37 27-38 27-39 27-40 27-41 27-42,37-Badnera; 38-Amravati; 39-Teosa; 40-Daryapur (SC); 41-Melghat (ST); 42-Achalpur,Amravati,1,Amravati,Amravati:0.986 Akola:0.0084 East Nimar:0.0028 Wardha:0.0028,0,6,6,1,verified,,2008-order-direct,MAHARASHTRA PC 7
27-8,27,S13_8,S13,Maharashtra,8,Wardha,,वर्धा,GEN,2008-delimitation-order-table-b,GEN,Q3764479,27-8,6,36 43 44 45 46 47,27-36 27-43 27-44 27-45 27-46 27-47,36-Dhamangaon Railway; 43-Morshi; 44-Arvi; 45-Deoli; 46-Hinganghat; 47-Wardha,Amravati; Wardha,2,Wardha,Wardha:0.6473 Amravati:0.345 Nagpur:0.0078,0,6,6,1,verified,,2008-order-direct,MAHARASHTRA PC 8
27-9,27,S13_9,S13,Maharashtra,9,Ramtek,,रामटेक,SC,2008-delimitation-order-table-b,SC,Q3764361,27-9,6,48 49 50 51 58 59,27-48 27-49 27-50 27-51 27-58 27-59,48-Katol; 49-Savner; 50-Hingna; 51-Umred (SC); 58-Kamthi; 59-Ramtek,Nagpur,1,Nagpur,Nagpur:1,0,6,6,1,verified,,2008-order-direct,MAHARASHTRA PC 9
27-10,27,S13_10,S13,Maharashtra,10,Nagpur,,नागपुर,GEN,2008-delimitation-order-table-b,GEN,Q3764455,27-10,6,52 53 54 55 56 57,27-52 27-53 27-54 27-55 27-56 27-57,52-Nagpur South West; 53-Nagpur South; 54-Nagpur East; 55-Nagpur Central; 56-Nagpur West; 57-Nagpur North (SC),Nagpur,1,Nagpur,Nagpur:1,0,6,6,1,verified,,2008-order-direct,MAHARASHTRA PC 10
27-11,27,S13_11,S13,Maharashtra,11,Bhandara-Gondiya,,भन्डारा गोंदिया,GEN,2008-delimitation-order-table-b,GEN,Q3764433,27-11,6,60 61 62 63 64 65,27-60 27-61 27-62 27-63 27-64 27-65,60-Tumsar; 61-Bhandara (SC); 62-Sakoli; 63-Arjuni-Morgaon (SC); 64-Tirora; 65-Gondiya,Bhandara; Gondiya,2,Bhandara,Bhandara:0.512 Gondiya:0.482 Nagpur:0.004 Balaghat:0.002,0,6,6,1,verified,,2008-order-direct,MAHARASHTRA PC 11
27-12,27,S13_12,S13,Maharashtra,12,Gadchiroli-Chimur,,गढ़चिरौली-चिमूर,ST,2008-delimitation-order-table-b,ST,Q12423118,27-12,6,66 67 68 69 73 74,27-66 27-67 27-68 27-69 27-73 27-74,66-Amgaon (ST); 67-Armori (ST); 68-Gadchiroli (ST); 69-Aheri (ST); 73-Brahmapuri; 74-Chimur,Gondiya; Gadchiroli; Chandrapur,3,Garhchiroli,Garhchiroli:0.6979 Chandrapur:0.2 Gondiya:0.0936 Nagpur:0.0043 Adilabad:0.0043,0,6,6,1,verified,,2008-order-direct,MAHARASHTRA PC 12
27-13,27,S13_13,S13,Maharashtra,13,Chandrapur,,चन्द्रपुर,GEN,2008-delimitation-order-table-b,GEN,Q2912408,27-13,6,70 71 72 75 76 80,27-70 27-71 27-72 27-75 27-76 27-80,70-Rajura; 71-Chandrapur (SC); 72-Ballarpur; 75-Warora; 76-Wani; 80-Arni (ST),Chandrapur; Yavatmal,2,Chandrapur,Chandrapur:0.6 Yavatmal:0.3884 Adilabad:0.0116,0,6,6,1,verified,,2008-order-direct,MAHARASHTRA PC 13
27-14,27,S13_14,S13,Maharashtra,14,Yavatmal-Washim,,यवतमाल-वाशिम,GEN,2008-delimitation-order-table-b,GEN,Q8050386,27-14,6,34 35 77 78 79 81,27-34 27-35 27-77 27-78 27-79 27-81,34-Washim (SC); 35-Karanja; 77-Ralegaon (ST); 78-Yavatmal; 79-Digras; 81-Pusad,Washim; Yavatmal,2,Yavatmal,Yavatmal:0.6698 Washim:0.3302,0,6,6,1,verified,,2008-order-direct,MAHARASHTRA PC 14
27-15,27,S13_15,S13,Maharashtra,15,Hingoli,,हिंगोली,GEN,2008-delimitation-order-table-b,GEN,Q2912894,27-15,6,82 83 84 92 93 94,27-82 27-83 27-84 27-92 27-93 27-94,82-Umarkhed (SC); 83-Kinwat; 84-Hadgaon; 92-Basmath; 93-Kalamnuri; 94-Hingoli,Yavatmal; Nanded; Hingoli,3,Hingoli,Hingoli:0.4611 Nanded:0.3432 Yavatmal:0.1903 Washim:0.0054,0,6,6,1,verified,,2008-order-direct,MAHARASHTRA PC 15
27-16,27,S13_16,S13,Maharashtra,16,Nanded,,नांदेड़,GEN,2008-delimitation-order-table-b,GEN,Q3764021,27-16,6,85 86 87 89 90 91,27-85 27-86 27-87 27-89 27-90 27-91,85-Bhokar; 86-Nanded North; 87-Nanded South; 89-Naigaon; 90-Deglur (SC); 91-Mukhed,Nanded,1,Nanded,Nanded:0.9971 Latur:0.0029,0,6,6,1,verified,,2008-order-direct,MAHARASHTRA PC 16
27-17,27,S13_17,S13,Maharashtra,17,Parbhani,,परभनी,GEN,2008-delimitation-order-table-b,GEN,Q3763828,27-17,6,95 96 97 98 99 100,27-95 27-96 27-97 27-98 27-99 27-100,95-Jintur; 96-Parbhani; 97-Gangakhed; 98-Pathri; 99-Partur; 100-Ghansawangi,Parbhani; Jalna,2,Parbhani,Parbhani:0.6242 Jalna:0.3697 Bid:0.0061,0,6,6,1,verified,,2008-order-direct,MAHARASHTRA PC 17
27-18,27,S13_18,S13,Maharashtra,18,Jalna,,जालना,GEN,2008-delimitation-order-table-b,GEN,Q6126930,27-18,6,101 102 103 104 106 110,27-101 27-102 27-103 27-104 27-106 27-110,101-Jalna; 102-Badnapur (SC); 103-Bhokardan; 104-Sillod; 106-Phulambri; 110-Paithan,Jalna; Aurangabad,2,Aurangabad,Aurangabad:0.5409 Jalna:0.4566 Buldana:0.0025,0,6,6,1,verified,,2008-order-direct,MAHARASHTRA PC 18
27-19,27,S13_19,S13,Maharashtra,19,Aurangabad,,औरंगाबाद,GEN,2008-delimitation-order-table-b,GEN,Q3763786,27-19,6,105 107 108 109 111 112,27-105 27-107 27-108 27-109 27-111 27-112,105-Kannad; 107-Aurangabad Central; 108-Aurangabad West (SC); 109-Aurangabad East; 111-Gangapur; 112-Vaijapur,Aurangabad,1,Aurangabad,Aurangabad:0.9919 Ahmadnagar:0.0027 Nashik:0.0027 Jalgaon:0.0027,0,6,6,1,verified,,2008-order-direct,MAHARASHTRA PC 19
27-20,27,S13_20,S13,Maharashtra,20,Dindori,,दिन्डोरी,ST,2008-delimitation-order-table-b,ST,Q5278011,27-20,6,113 117 118 119 121 122,27-113 27-117 27-118 27-119 27-121 27-122,113-Nandgaon; 117-Kalwan (ST); 118-Chandvad; 119-Yevla; 121-Niphad; 122-Dindori (ST),Nashik,1,Nashik,Nashik:0.9976 The Dangs:0.0024,0,6,6,1,verified,,2008-order-direct,MAHARASHTRA PC 20
27-21,27,S13_21,S13,Maharashtra,21,Nashik,,नासिक,GEN,2008-delimitation-order-table-b,GEN,Q6966848,27-21,6,120 123 124 125 126 127,27-120 27-123 27-124 27-125 27-126 27-127,120-Sinnar; 123-Nashik East; 124-Nashik Central; 125-Nashik West; 126-Deolali (SC); 127-Igatpuri (ST),Nashik,1,Nashik,Nashik:0.9909 Ahmadnagar:0.006 Thane:0.003,0,6,6,1,verified,,2008-order-direct,MAHARASHTRA PC 21
27-22,27,S13_22,S13,Maharashtra,22,Palghar,,पालघर,ST,2008-delimitation-order-table-b,ST,Q7127479,27-22,6,128 129 130 131 132 133,27-128 27-129 27-130 27-131 27-132 27-133,128-Dahanu (ST); 129-Vikramgad (ST); 130-Palghar (ST); 131-Boisar (ST); 132-Nalasopara; 133-Vasai,Thane,1,Thane,Thane:0.9939 Dadra & Nagar Haveli:0.003 Nashik:0.003,0,6,6,1,verified,,2008-order-direct,MAHARASHTRA PC 22
27-23,27,S13_23,S13,Maharashtra,23,Bhiwandi,,भिवंडी,GEN,2008-delimitation-order-table-b,GEN,Q4901857,27-23,6,134 135 136 137 138 139,27-134 27-135 27-136 27-137 27-138 27-139,134-Bhiwandi Rural (ST); 135-Shahapur (ST); 136-Bhiwandi West; 137-Bhiwandi East; 138-Kalyan West; 139-Murbad,Thane,1,Thane,Thane:0.9949 Nashik:0.0051,0,6,6,1,verified,,2008-order-direct,MAHARASHTRA PC 23
27-24,27,S13_24,S13,Maharashtra,24,Kalyan,,कल्याण,GEN,2008-delimitation-order-table-b,GEN,Q3763943,27-24,6,140 141 142 143 144 149,27-140 27-141 27-142 27-143 27-144 27-149,140-Ambernath (SC); 141-Ulhas Nagar; 142-Kalyan East; 143-Dombivali; 144-Kalyan Rural; 149-Mumbra-Kalwa,Thane,1,Thane,Thane:0.9931 Raigarh:0.0069,0,6,6,1,verified,,2008-order-direct,MAHARASHTRA PC 24
27-25,27,S13_25,S13,Maharashtra,25,Thane,,ठाणे,GEN,2008-delimitation-order-table-b,GEN,Q7710231,27-25,6,145 146 147 148 150 151,27-145 27-146 27-147 27-148 27-150 27-151,145-Mira Bhayandar; 146-Ovala – Majiwada; 147-Kopri-Pachpakhadi; 148-Thane; 150-Airoli; 151-Belapur,Thane,1,Thane,Thane:0.9873 Raigarh:0.0127,0,6,6,1,verified,,2008-order-direct,MAHARASHTRA PC 25
27-26,27,S13_26,S13,Maharashtra,26,Mumbai North,,मुम्बई-उत्तर,GEN,2008-delimitation-order-table-b,GEN,Q6935304,27-26,6,152 153 154 160 161 162,27-152 27-153 27-154 27-160 27-161 27-162,152-Borivali; 153-Dahisar; 154-Magathane; 160-Kandivali East; 161-Charkop; 162-Malad West,Mumbai Suburban,1,Mumbai Suburban,Mumbai Suburban:0.9706 Thane:0.016,0.0134,6,6,1,verified,,2008-order-direct,MAHARASHTRA PC 26
27-27,27,S13_27,S13,Maharashtra,27,Mumbai North-West,,मुंबई उत्तर-पश्चिम,GEN,2008-delimitation-order-table-b,GEN,Q6935311,27-27,6,158 159 163 164 165 166,27-158 27-159 27-163 27-164 27-165 27-166,158-Jogeshwari East; 159-Dindoshi; 163-Goregaon; 164-Versova; 165-Andheri West; 166-Andheri East,Mumbai Suburban,1,Mumbai Suburban,Mumbai Suburban:0.9919,0.0081,6,6,1,verified,,2008-order-direct,MAHARASHTRA PC 27
27-28,27,S13_28,S13,Maharashtra,28,Mumbai North-East,,मुम्बई उत्तर-पूर्व,GEN,2008-delimitation-order-table-b,GEN,Q6935309,27-28,6,155 156 157 169 170 171,27-155 27-156 27-157 27-169 27-170 27-171,155-Mulund; 156-Vikhroli; 157-Bhandup West; 169-Ghatkopar West; 170-Ghatkopar East; 171-Mankhurd Shivaji Nagar,Mumbai Suburban,1,Mumbai Suburban,Mumbai Suburban:1,0,6,5,0.833,mostly-verified,,2008-order-direct,MAHARASHTRA PC 28
27-29,27,S13_29,S13,Maharashtra,29,Mumbai North-Central,,मुम्बई उत्तर-मध्य,GEN,2008-delimitation-order-table-b,GEN,Q6935308,27-29,6,167 168 174 175 176 177,27-167 27-168 27-174 27-175 27-176 27-177,167-Vile Parle; 168-Chandivali; 174-Kurla (SC); 175-Kalina; 176-Vandre East; 177-Vandre West,Mumbai Suburban,1,Mumbai Suburban,Mumbai Suburban:0.9943 Mumbai:0.0057,0,6,6,1,verified,,2008-order-direct,MAHARASHTRA PC 29
27-30,27,S13_30,S13,Maharashtra,30,Mumbai South -Central,,मुंबई - दक्षिण,GEN,2008-delimitation-order-table-b,GEN,Q12446954,27-30,6,172 173 178 179 180 181,27-172 27-173 27-178 27-179 27-180 27-181,172-Anushakti Nagar; 173-Chembur; 178-Dharavi (SC); 179-Sion Koliwada; 180-Wadala; 181-Mahim,Mumbai Suburban; Mumbai City,2,Mumbai Suburban,Mumbai Suburban:0.604 Mumbai:0.396,0,6,6,1,verified,,2008-order-direct,MAHARASHTRA PC 30
27-31,27,S13_31,S13,Maharashtra,31,Mumbai South,,मुंबई - दक्षिण,GEN,2008-delimitation-order-table-b,GEN,Q12446954,27-30,6,182 183 184 185 186 187,27-182 27-183 27-184 27-185 27-186 27-187,182-Worli; 183-Shivadi; 184-Byculla; 185-Malabar Hill; 186-Mumbadevi; 187-Colaba,Mumbai City,1,Mumbai,Mumbai:0.9921,0.0079,6,6,1,verified,,2008-order-direct,MAHARASHTRA PC 31
27-32,27,S13_32,S13,Maharashtra,32,Raigad,,रायगड,GEN,2008-delimitation-order-table-b,GEN,Q7283812,27-32,6,191 192 193 194 263 264,27-191 27-192 27-193 27-194 27-263 27-264,191-Pen; 192-Alibag; 193-Shrivardhan; 194-Mahad; 263-Dapoli; 264-Guhagar,Raigad; Ratnagiri,2,Raigarh,Raigarh:0.5914 Ratnagiri:0.4057 Pune:0.0029,0,6,6,1,verified,,2008-order-direct,MAHARASHTRA PC 32
27-33,27,S13_33,S13,Maharashtra,33,Maval,,मावल,GEN,2008-delimitation-order-table-b,GEN,Q6794117,27-33,6,188 189 190 204 205 206,27-188 27-189 27-190 27-204 27-205 27-206,188-Panvel; 189-Karjat; 190-Uran; 204-Maval; 205-Chinchwad; 206-Pimpri (SC),Raigad; Pune,2,Raigarh,Raigarh:0.5833 Pune:0.4167,0,6,6,1,verified,,2008-order-direct,MAHARASHTRA PC 33
27-34,27,S13_34,S13,Maharashtra,34,Pune,,पुणे,GEN,2008-delimitation-order-table-b,GEN,Q7260097,27-34,6,208 209 210 212 214 215,27-208 27-209 27-210 27-212 27-214 27-215,208-Vadgaon Sheri; 209-Shivajinagar; 210-Kothrud; 212-Parvati; 214-Pune Cantonment (SC); 215-Kasba Peth,Pune,1,Pune,Pune:1,0,6,6,1,verified,,2008-order-direct,MAHARASHTRA PC 34
27-35,27,S13_35,S13,Maharashtra,35,Baramati,,बारामती,GEN,2008-delimitation-order-table-b,GEN,Q3764398,27-35,6,199 200 201 202 203 211,27-199 27-200 27-201 27-202 27-203 27-211,199-Daund; 200-Indapur; 201-Baramati; 202-Purandar; 203-Bhor; 211-Khadakwasala,Pune,1,Pune,Pune:1,0,6,6,1,verified,,2008-order-direct,MAHARASHTRA PC 35
27-36,27,S13_36,S13,Maharashtra,36,Shirur,,शिरूर,GEN,2008-delimitation-order-table-b,GEN,Q7499000,27-36,6,195 196 197 198 207 213,27-195 27-196 27-197 27-198 27-207 27-213,195-Junnar; 196-Ambegaon; 197-Khed Alandi; 198-Shirur; 207-Bhosari; 213-Hadapsar,Pune,1,Pune,Pune:0.9969 Ahmadnagar:0.0031,0,6,6,1,verified,,2008-order-direct,MAHARASHTRA PC 36
27-37,27,S13_37,S13,Maharashtra,37,Ahmednagar,,अहमदनगर,GEN,2008-delimitation-order-table-b,GEN,Q2738103,27-37,6,222 223 224 225 226 227,27-222 27-223 27-224 27-225 27-226 27-227,222-Shevgaon; 223-Rahuri; 224-Parner; 225-Ahmednagar City; 226-Shrigonda; 227-Karjat Jamkhed,Ahmednagar,1,Ahmadnagar,Ahmadnagar:0.9886 Pune:0.0028 Bid:0.0028 Aurangabad:0.0028 Osmanabad:0.0028,0,5,5,1,verified,,2008-order-direct,MAHARASHTRA PC 37
27-38,27,S13_38,S13,Maharashtra,38,Shirdi,,शिरडी,SC,2008-delimitation-order-table-b,SC,Q3763762,27-38,6,216 217 218 219 220 221,27-216 27-217 27-218 27-219 27-220 27-221,216-Akole (ST); 217-Sangamner; 218-Shirdi; 219-Kopargaon; 220-Shrirampur (SC); 221-Nevasa,Ahmednagar,1,Ahmadnagar,Ahmadnagar:0.9933 Thane:0.0034 Nashik:0.0034,0,6,6,1,verified,,2008-order-direct,MAHARASHTRA PC 38
27-39,27,S13_39,S13,Maharashtra,39,Beed,,बीड,GEN,2008-delimitation-order-table-b,GEN,Q4879723,27-39,6,228 229 230 231 232 233,27-228 27-229 27-230 27-231 27-232 27-233,228-Georai; 229-Majalgaon; 230-Beed; 231-Ashti; 232-Kaij (SC); 233-Parli,Beed,1,Bid,Bid:0.9916 Ahmadnagar:0.0056 Parbhani:0.0028,0,6,6,1,verified,,2008-order-direct,MAHARASHTRA PC 39
27-40,27,S13_40,S13,Maharashtra,40,Osmanabad,,उस्मानाबाद,GEN,2008-delimitation-order-table-b,GEN,Q2738086,27-40,6,239 240 241 242 243 246,27-239 27-240 27-241 27-242 27-243 27-246,239-Ausa; 240-Umarga (SC); 241-Tuljapur; 242-Osmanabad; 243-Paranda; 246-Barshi,Latur; Osmanabad; Solapur,3,Osmanabad,Osmanabad:0.704 Solapur:0.1467 Latur:0.144 Ahmadnagar:0.0027 Bid:0.0027,0,6,6,1,verified,,2008-order-direct,MAHARASHTRA PC 40
27-41,27,S13_41,S13,Maharashtra,41,Latur,,लातूर,SC,2008-delimitation-order-table-b,SC,Q3764461,27-41,6,88 234 235 236 237 238,27-88 27-234 27-235 27-236 27-237 27-238,88-Loha; 234-Latur Rural; 235-Latur City; 236-Ahmadpur; 237-Udgir (SC); 238-Nilanga,Nanded; Latur,2,Latur,Latur:0.7441 Nanded:0.1772 Bid:0.0748 Parbhani:0.0039,0,6,6,1,verified,,2008-order-direct,MAHARASHTRA PC 41
27-42,27,S13_42,S13,Maharashtra,42,Solapur,,शोलापुर,SC,2008-delimitation-order-table-b,SC,Q3764439,27-42,6,247 248 249 250 251 252,27-247 27-248 27-249 27-250 27-251 27-252,247-Mohol (SC); 248-Solapur City North; 249-Solapur City Central; 250-Akkalkot; 251-Solapur South; 252-Pandharpur,Solapur,1,Solapur,Solapur:0.9972 Bijapur:0.0028,0,6,6,1,verified,,2008-order-direct,MAHARASHTRA PC 42
27-43,27,S13_43,S13,Maharashtra,43,Madha,,माधा,GEN,2008-delimitation-order-table-b,GEN,Q6727220,27-43,6,244 245 253 254 255 258,27-244 27-245 27-253 27-254 27-255 27-258,244-Karmala; 245-Madha; 253-Sangole; 254-Malshiras (SC); 255-Phaltan (SC); 258-Man,Solapur; Satara,2,Solapur,Solapur:0.6574 Satara:0.3386 Sangli:0.004,0,6,6,1,verified,,2008-order-direct,MAHARASHTRA PC 43
27-44,27,S13_44,S13,Maharashtra,44,Sangli,,सांगली,GEN,2008-delimitation-order-table-b,GEN,Q7418045,27-44,6,281 282 285 286 287 288,27-281 27-282 27-285 27-286 27-287 27-288,281-Miraj (SC); 282-Sangli; 285-Palus-Kadegaon; 286-Khanapur; 287-Tasgaon-Kavathe Mahankal; 288-Jat,Sangli,1,Sangli,Sangli:0.9968 Solapur:0.0032,0,6,6,1,verified,,2008-order-direct,MAHARASHTRA PC 44
27-45,27,S13_45,S13,Maharashtra,45,Satara,,सतारा,GEN,2008-delimitation-order-table-b,GEN,Q3763891,27-45,6,256 257 259 260 261 262,27-256 27-257 27-259 27-260 27-261 27-262,256-Wai; 257-Koregaon; 259-Karad North; 260-Karad South; 261-Patan; 262-Satara,Satara,1,Satara,Satara:0.9839 Ratnagiri:0.0054 Pune:0.0054 Raigarh:0.0027 Sangli:0.0027,0,6,6,1,verified,,2008-order-direct,MAHARASHTRA PC 45
27-46,27,S13_46,S13,Maharashtra,46,Ratnagiri -Sindhudurg,,रत्नागिरि-सिंधुदुर्ग,GEN,2008-delimitation-order-table-b,GEN,Q12448769,27-46,6,265 266 267 268 269 270,27-265 27-266 27-267 27-268 27-269 27-270,265-Chiplun; 266-Ratnagiri; 267-Rajapur; 268-Kankavli; 269-Kudal; 270-Sawantwadi,Ratnagiri,1,Sindhudurg,Sindhudurg:0.5112 Ratnagiri:0.4888,0,6,6,1,verified,,2008-order-direct,MAHARASHTRA PC 46
27-47,27,S13_47,S13,Maharashtra,47,Kolhapur,,कोल्हापुर,GEN,2008-delimitation-order-table-b,GEN,Q13512172,27-47,6,271 272 273 274 275 276,27-271 27-272 27-273 27-274 27-275 27-276,271-Chandgad; 272-Radhanagari; 273-Kagal; 274-Kolhapur South; 275-Karvir; 276-Kolhapur North,Kolhapur,1,Kolhapur,Kolhapur:0.9902 Sindhudurg:0.0049 Belgaum:0.0049,0,6,6,1,verified,,2008-order-direct,MAHARASHTRA PC 47
27-48,27,S13_48,S13,Maharashtra,48,Hatkanangle,,हातकणंगले,GEN,2008-delimitation-order-table-b,GEN,Q12460207,27-48,6,277 278 279 280 283 284,27-277 27-278 27-279 27-280 27-283 27-284,277-Shahuwadi; 278-Hatkanangle (SC); 279-Ichalkaranji; 280-Shirol; 283-Islampur; 284-Shirala,Kolhapur; Sangli,2,Kolhapur,Kolhapur:0.6052 Sangli:0.3883 Ratnagiri:0.0065,0,6,6,1,verified,,2008-order-direct,MAHARASHTRA PC 48
14-1,14,S14_1,S14,Manipur,1,Inner Manipur,,आंतरिक मणिपुर,GEN,2008-delimitation-order-table-b,GEN,Q6035471,14-1,32,1 2 3 4 5 6 7 8 9 10 11 12 13 14 15 16 17 18 19 20 21 22 23 24 25 26 27 28 29 30 31 32,14-1 14-2 14-3 14-4 14-5 14-6 14-7 14-8 14-9 14-10 14-11 14-12 14-13 14-14 14-15 14-16 14-17 14-18 14-19 14-20 14-21 14-22 14-23 14-24 14-25 14-26 14-27 14-28 14-29 14-30 14-31 14-32,1-Khundrakpam; 2-Heingang; 3-Khurai; 4-Khetrigao; 5-Thongju; 6-Keirao; 7-Andro; 8-Lamlai; 9-Thangmeiband; 10-Uripok; 11-Sagolband; 12-Keisamthong; 13-Singjamei; 14-Yaiskul; 15-Wangkhei; 16-Sekmai (SC); 17-Lamsang; 18-Konthoujam; 19-Patsoi; 20-Langthabal; 21-Naoriya Pakhanglakpa; 22-Wangoi; 23-Mayang Imphal; 24-Nambol; 25-Oinam; 26-Bishenpur; 27-Moirang; 28-Thanga; 29-Kumbi; 30-Lilong; 31-Thoubal; 32-Wangkhem,Manipur Central,1,Imphal East,Imphal East:0.567 Bishnupur:0.3257 Thoubal:0.0575 Senapati:0.0383 Churachandpur:0.0115,0,31,31,1,verified,,2008-order-direct,MANIPUR PC 1
14-2,14,S14_2,S14,Manipur,2,Outer Manipur,,बाहरी मणिपुर,ST,2008-delimitation-order-table-b,ST,Q7111989,14-2,28,33 34 35 36 37 38 39 40 41 42 43 44 45 46 47 48 49 50 51 52 53 54 55 56 57 58 59 60,14-33 14-34 14-35 14-36 14-37 14-38 14-39 14-40 14-41 14-42 14-43 14-44 14-45 14-46 14-47 14-48 14-49 14-50 14-51 14-52 14-53 14-54 14-55 14-56 14-57 14-58 14-59 14-60,33-Heirok; 34-Wanging Tentha; 35-Khangabok; 36-Wabgai; 37-Kakch:ng; 38-Hiyanglam; 39-Sugnoo; 40-Jiribam; 41-Chandel (ST); 42-Tengnoupal (ST); 43-Phungyar (ST); 44-Ukhrul (ST); 45-Chingai (ST); 46-Saikul (ST); 47-Karong (ST); 48-Mao (ST); 49-Tadubi (ST); 50-Kangpokpi; 51-Saitu (ST); 52-Tamei (ST); 53-Tamenglong (ST); 54-Nungba (ST); 55-Tipaimukh (ST); 56-Thanlon (ST); 57-Henglep (ST); 58-Churachandpur (ST); 59-Saikot (ST); 60-Singhat (ST),Manipur Central; Manipur East; Manipur North; Manipur West; Manipur South,5,Churachandpur,Churachandpur:0.2122 Ukhrul:0.2122 Tamenglong:0.2016 Senapati:0.1724 Chandel:0.1565 Thoubal:0.0292 Imphal West:0.0159,0,25,25,1,verified,,2008-order-direct,MANIPUR PC 2
17-1,17,S15_1,S15,Meghalaya,1,Shillong,,शिलांग,ST,2008-delimitation-order-table-b,ST,Q7496680,17-1,36,1 2 3 4 5 6 7 8 9 10 11 12 13 14 15 16 17 18 19 20 21 22 23 24 25 26 27 28 29 30 31 32 33 34 35 36,17-1 17-2 17-3 17-4 17-5 17-6 17-7 17-8 17-9 17-10 17-11 17-12 17-13 17-14 17-15 17-16 17-17 17-18 17-19 17-20 17-21 17-22 17-23 17-24 17-25 17-26 17-27 17-28 17-29 17-30 17-31 17-32 17-33 17-34 17-35 17-36,1-Nartiang (ST); 2-Jowai (ST); 3-Raliang (ST); 4-Mowkaiaw (ST); 5-Sutnga-Saipung (ST); 6-Khliehriat (ST); 7-Amlarem (ST); 8-Mawhati (ST); 9-Nongpoh (ST); 10-Jirang (ST); 11-Umsning (ST); 12-Umroi (ST); 13-Mawryngkneng (ST); 14-Pynthorumkhrah; 15-Mawlai (ST); 16-East Shillong (ST); 17-North Shillong (ST); 18-West Shillong; 19-South Shillong; 20-Mylliem (ST); 21-Nongthymmai (ST); 22-Nongkrem (ST); 23-Sohiong (ST); 24-Mawphlang (ST); 25-Mawsynram (ST); 26-Shella (ST); 27-Pynursla (ST); 28-Sohra (ST); 29-Mawkynrew (ST); 30-Mairang (ST); 31-Mawthadraishan (ST); 32-Nongstoin (ST); 33-Rambrai Jyrngam (ST); 34-Mawshynrut (ST); 35-Ranikor (ST); 36-Mawkyrwat (ST),Jaintia Hills; Ribhoi; East Khasi Hills; West Khasi Hills,4,West Khasi Hills,West Khasi Hills:0.3627 Jaintia Hills:0.2668 East Khasi Hills:0.1995 Ri Bhoi:0.1658 Kamrup:0.0026 Dima Hasao:0.0026,0,34,34,1,verified,,2008-order-direct,MEGHALAYA PC 1
17-2,17,S15_2,S15,Meghalaya,2,Tura,,तुरा,ST,2008-delimitation-order-table-b,ST,Q7853631,17-2,24,37 38 39 40 41 42 43 44 45 46 47 48 49 50 51 52 53 54 55 56 57 58 59 60,17-37 17-38 17-39 17-40 17-41 17-42 17-43 17-44 17-45 17-46 17-47 17-48 17-49 17-50 17-51 17-52 17-53 17-54 17-55 17-56 17-57 17-58 17-59 17-60,37-Kharkutta (ST); 38-Mendipathar (ST); 39-Resubelpara (ST); 40-Bajengdoba (ST); 41-Songsak (ST); 42-Rongjeng (ST); 43-William Nagar (ST); 44-Raksamgre (ST); 45-Tikrikila (ST); 46-Phulbari; 47-Rajabala; 48-Selsella (ST); 49-Dadenggre (ST); 50-North Tura (ST); 51-SouthTura (ST); 52-Rangsakona (ST); 53-Ampati (ST); 54-Mahendraganj (ST); 55-Salmanpara (ST); 56-Gambegre (ST); 57-Dalu (ST); 58-Rongara-Siju (ST); 59-Chokpot (ST); 60-Baghmara (ST),East Garo Hills; West Garo Hills; South Garo Hills,3,West Garo Hills,West Garo Hills:0.4072 East Garo Hills:0.3502 South Garo Hills:0.2173 Dhubri:0.0105 Goalpara:0.0105,0.0042,23,23,1,verified,,2008-order-direct,MEGHALAYA PC 2
15-1,15,S16_1,S16,Mizoram,1,Mizoram,,मिज़ोरम,ST,2008-delimitation-order-table-b,ST,Q1659299,15-1,40,1 2 3 4 5 6 7 8 9 10 11 12 13 14 15 16 17 18 19 20 21 22 23 24 25 26 27 28 29 30 31 32 33 34 35 36 37 38 39 40,15-1 15-2 15-3 15-4 15-5 15-6 15-7 15-8 15-9 15-10 15-11 15-12 15-13 15-14 15-15 15-16 15-17 15-18 15-19 15-20 15-21 15-22 15-23 15-24 15-25 15-26 15-27 15-28 15-29 15-30 15-31 15-32 15-33 15-34 15-35 15-36 15-37 15-38 15-39 15-40,"1-Hachhek (ST); 2-Dampa (ST); 3-Mamit (ST); 4-Tuirial (ST); 5-Kolasib (ST); 6-Serlui (ST); 7-Tuivawl (ST); 8-Chalfilh (ST); 9-Tawi (ST); 10-Aizawl North-I (ST); 11-Aizawl North-II (ST); 12-Aizawl North-III (ST); 13-Aizawl East-I; 14-Aizawl East-II (ST); 15-Aizawl West-I (ST); 16-Aizawl West-II (ST); 17-Aizawl West-III (ST); 18-Aizawl South-I (ST); 19-Aizawl South-II (ST); 20-Aizawl South-III (ST); 21-Lengteng (ST) Villages Teikhang, Hliappui, Hliappui 'S', Changzawl, Pawlrang, Saichal Kawlbem, N.E Khawdungsei, Khawkawn and Chiahpui in Ngopa R. D. Block; and Villages Dulte, Vanchengpui, Puilo, Chhawrtui Vankal and Kawlkulh in Khawzawl R. D. Block; 22-Tuichang (ST); 23-Champhai North (ST); 24-Champhai South (ST); 25-East Tuipui (ST); 26-Serchhip (ST); 27-Tuikum (ST); 28-Hrangturzo (ST); 29-South Tuipui (ST); 30-Lunglei North (ST); 31-Lunglei East (ST); 32-Lunglei West (ST); 33-Lunglei South (ST); 34-Thorang (ST); 35-West Tuipui (ST); 36-Tuichawng (ST); 37-Lawngtlai West (ST); 38-Lawngtlai East (ST); 39-Saiha (ST); 40-Palak (ST)",Mamit; Kolasib; Aizawl; Champhai; Serchhip; Lunglei; Lawngtlai; Saiha,8,Lunglei,Lunglei:0.2112 Aizawl:0.1772 Champhai:0.1578 Mamit:0.1359 Lawangtlai:0.0995 Saiha:0.085 Serchhip:0.0655 Kolasib:0.0631,0.0049,34,34,1,verified,,2008-order-whole-state,MIZORAM (no Table B — single-seat state)
13-1,13,S17_1,S17,Nagaland,1,Nagaland,,नागालैंड,GEN,2008-delimitation-order-table-b,GEN,Q1659313,13-1,60,1 2 3 4 5 6 7 8 9 10 11 12 13 14 15 16 17 18 19 20 21 22 23 24 25 26 27 28 29 30 31 32 33 34 35 36 37 38 39 40 41 42 43 44 45 46 47 48 49 50 51 52 53 54 55 56 57 58 59 60,13-1 13-2 13-3 13-4 13-5 13-6 13-7 13-8 13-9 13-10 13-11 13-12 13-13 13-14 13-15 13-16 13-17 13-18 13-19 13-20 13-21 13-22 13-23 13-24 13-25 13-26 13-27 13-28 13-29 13-30 13-31 13-32 13-33 13-34 13-35 13-36 13-37 13-38 13-39 13-40 13-41 13-42 13-43 13-44 13-45 13-46 13-47 13-48 13-49 13-50 13-51 13-52 13-53 13-54 13-55 13-56 13-57 13-58 13-59 13-60,"1-Dimapur-I; 2-Dimapur-II (ST); 3-Dimapur-III (ST); 4-Ghaspani-I (ST); 5-Ghaspani-II (ST); 6-Tenning (ST); 7-peren (ST); 8-Western Angami (ST); 9-Kohima Town (ST); 10-Northern Angami-I (ST); 11-Northern Angami-II (ST); 12-Tseminyu (ST); 13-Pughoboto (ST); 14-Southern Angami-I (ST); 15-Southern Angami-II (ST); 16-Pfutsero (ST); 17-Chizami (ST); 18-Chazouba (ST); 19-Phek (ST); 20-Meluri (ST); 21-Tuli (ST); 22-Arkakong (ST); 23-Impur (ST); 24-Angetyongpang (ST); 25-Monguya; 26-Aonglenden; 27-Mokokchung Town; 28-Koridang (ST); 29-Jangpetkong (ST); 30-Alungtaki (ST); 31-Akuluto (ST); 32-Atoizu (ST); 33-Suruhuto (ST); 34-Aghunato (ST); 35-Zunheboto (ST); 36-Satakha (ST); 37-Tyui (ST); 38-wokha (ST); 39-Sanis (ST); 40-Bhandari (ST); 41-Tizit (ST); 42-Wakching (ST); 43-Tapi (ST); 44-Phomching (ST); 45-Tehok (ST); 46-Mon Town (ST); 47-Aboi (ST); 48-Moka (ST); 49-Tamlu (ST); 50-Longleng (ST); 51-Noksen (ST); 52-Longkhim Chare (ST); 53-Tuensang Sadar-I (ST); 54-Tuensang Sadar-II (ST); 55-Tobu (ST); 56-Noklak (ST); 57-Thonoknyu (ST); 58-Shamtorr-Chessore (ST); 59-Siyuchong-Sitimi (ST); 60-Pungro-Kiphire (ST) Note. - Any reference in this Table to a district, sub-division, town circle village or other territorial division shall be taken to mean the area comprised within that district, sub-division, town, circle, village or other territorial division on 1 The above Order for the State of Nagaland is as per the details included in Constitueucies Order, 1976 for the State of Nagaland",Kohima; Phek; Mokokchung; Zunheboto; Wokha; Mon; Tuensang,7,Tuensang,Tuensang:0.1434 Phek:0.1259 Mon:0.1154 Peren:0.1049 Mokokchung:0.1014 Wokha:0.0979 Kohima:0.0874 Zunheboto:0.0734 Kiphire:0.0734 Dimapur:0.042 Longleng:0.028 Dima Hasao:0.0035 Jorhat:0.0035,0,59,59,1,verified,,2008-order-whole-state,NAGALAND (no Table B — single-seat state)
21-1,21,S18_1,S18,Odisha,1,Bargarh,,बरगढ़,GEN,2008-delimitation-order-table-b,GEN,Q4860546,21-1,7,1 2 3 4 5 6 7,21-1 21-2 21-3 21-4 21-5 21-6 21-7,1-Padampur; 2-Bijepur; 3-Bargarh; 4-Attabira (SC); 5-Bhatli; 6-Brajarajnagar; 7-Jharsuguda,Bargarh; Jharsuguda,2,Bargarh,Bargarh:0.7327 Jharsuguda:0.2624 Balangir:0.005,0,7,7,1,verified,,2008-order-direct,ORISSA PC 1
21-2,21,S18_2,S18,Odisha,2,Sundargarh,,सुन्दरगढ़,ST,2008-delimitation-order-table-b,ST,Q7639274,21-2,7,8 9 10 11 12 13 14,21-8 21-9 21-10 21-11 21-12 21-13 21-14,8-Talsara (ST); 9-Sundargarh (ST); 10-Biramitrapur (ST); 11-Raghunathpali (SC); 12-Rourkela; 13-Rajgangapur (ST); 14-Bonai (ST),Sundargarh,1,Sundargarh,Sundargarh:0.994 Jashpur:0.003 Sambalpur:0.003,0,6,6,1,verified,,2008-order-direct,ORISSA PC 2
21-3,21,S18_3,S18,Odisha,3,Sambalpur,,सम्बलपुर,GEN,2008-delimitation-order-table-b,GEN,Q7255845,21-3,7,15 16 17 18 19 62 63,21-15 21-16 21-17 21-18 21-19 21-62 21-63,15-Kuchinda (ST); 16-Rengali (SC); 17-Sambalpur; 18-Rairakhol; 19-Deogarh; 62-Chhendipada (SC); 63-Athamallik,Sambalpur; Deogarh; Angul,3,Sambalpur,Sambalpur:0.5031 Anugul:0.273 Debagarh:0.2147 Bargarh:0.0031 Subarnapur:0.0031 Bauda:0.0031,0,7,7,1,verified,,2008-order-direct,ORISSA PC 3
21-4,21,S18_4,S18,Odisha,4,Keonjhar,,क्योंझर,ST,2008-delimitation-order-table-b,ST,Q11059079,21-4,7,20 21 22 23 24 25 30,21-20 21-21 21-22 21-23 21-24 21-25 21-30,20-Telkoi (ST); 21-Ghasipura; 22-Anandapur (SC); 23-Patna (ST); 24-Keonjhar (ST); 25-Champua; 30-Karanjia (ST),Keonjhar; Mayurbhanj,2,Kendujhar,Kendujhar:0.7955 Mayurbhanj:0.1944 Jajapur:0.0051 Pashchimi Singhbhum:0.0025 Dhenkanal:0.0025,0,7,7,1,verified,,2008-order-direct,ORISSA PC 4
21-5,21,S18_5,S18,Odisha,5,Mayurbhanj,,मयूरभंज,ST,2008-delimitation-order-table-b,ST,Q6798125,21-5,7,26 27 28 29 31 33 34,21-26 21-27 21-28 21-29 21-31 21-33 21-34,26-Jashipur (ST); 27-Saraskana (ST); 28-Rairangpur (ST); 29-Bangriposi (ST); 31-Udala (ST); 33-Baripada (ST); 34-Morada,Mayurbhanj,1,Mayurbhanj,Mayurbhanj:0.9962 Pashchim Medinipur:0.0038,0,7,7,1,verified,,2008-order-direct,ORISSA PC 5
21-6,21,S18_6,S18,Odisha,6,Balasore,,बालासोर,GEN,2008-delimitation-order-table-b,GEN,Q4850118,21-6,7,32 35 36 37 38 39 40,21-32 21-35 21-36 21-37 21-38 21-39 21-40,32-Badasahi (SC); 35-Jaleswar; 36-Bhograi; 37-Basta; 38-Balasore; 39-Remuna (SC); 40-Nilgiri,Mayurbhanj; Balasore,2,Baleshwar,Baleshwar:0.8175 Mayurbhanj:0.1752 Pashchim Medinipur:0.0073,0,7,7,1,verified,,2008-order-direct,ORISSA PC 6
21-7,21,S18_7,S18,Odisha,7,Bhadrak,,भद्रक,SC,2008-delimitation-order-table-b,SC,Q4900550,21-7,7,41 42 43 44 45 46 47,21-41 21-42 21-43 21-44 21-45 21-46 21-47,41-Soro (SC); 42-Simulia; 43-Bhandaripokhari; 44-Bhadrak; 45-Basudevpur; 46-Dhamnagar (SC); 47-Chandabali,Balasore; Bhadrak,2,Bhadrak,Bhadrak:0.7074 Baleshwar:0.288 Kendujhar:0.0023 Kendrapara:0.0023,0,7,7,1,verified,,2008-order-direct,ORISSA PC 7
21-8,21,S18_8,S18,Odisha,8,Jajpur,,जाजपुर,SC,2008-delimitation-order-table-b,SC,Q6124378,21-8,7,48 49 50 51 52 53 54,21-48 21-49 21-50 21-51 21-52 21-53 21-54,48-Binjharpur (SC); 49-Bari; 50-Barachana; 51-Dharmasala; 52-Jajpur; 53-Korei; 54-Sukinda,Jajpur,1,Jajapur,Jajapur:0.9871 Dhenkanal:0.0064 Kendujhar:0.0032 Bhadrak:0.0032,0,7,7,1,verified,,2008-order-direct,ORISSA PC 8
21-9,21,S18_9,S18,Odisha,9,Dhenkanal,,ढेंकानाल,GEN,2008-delimitation-order-table-b,GEN,Q5269512,21-9,7,55 56 57 58 59 60 61,21-55 21-56 21-57 21-58 21-59 21-60 21-61,55-Dhenkanal; 56-Hindol (SC); 57-Kamakhyanagar; 58-Parjanga; 59-Pallahara; 60-Talcher; 61-Angul,Dhenkanal; Angul,2,Dhenkanal,Dhenkanal:0.6164 Anugul:0.3836,0,7,7,1,verified,,2008-order-direct,ORISSA PC 9
21-10,21,S18_10,S18,Odisha,10,Bolangir,,बलांगिर,GEN,2008-delimitation-order-table-b,GEN,Q4938935,21-10,7,64 65 66 67 68 69 70,21-64 21-65 21-66 21-67 21-68 21-69 21-70,64-Birmaharajpur (SC); 65-Sonepur; 66-Loisingha (SC); 67-Patnagarh; 68-Bolangir; 69-Titlagarh; 70-Kantabanji,Subarnapur; Bolangir,2,Balangir,Balangir:0.7344 Subarnapur:0.2594 Nuapada:0.0031 Kalahandi:0.0031,0,7,7,1,verified,,2008-order-direct,ORISSA PC 10
21-11,21,S18_11,S18,Odisha,11,Kalahandi,,कलाहांडी,GEN,2008-delimitation-order-table-b,GEN,Q6350138,21-11,7,71 72 77 78 79 80 81,21-71 21-72 21-77 21-78 21-79 21-80 21-81,71-Nuapada; 72-Khariar; 77-Lanjigarh (ST); 78-Junagarh; 79-Dharmgarh; 80-Bhawanipatna (SC); 81-Narla,Nuapada; Kalahandi,2,Kalahandi,Kalahandi:0.6707 Nuapada:0.3133 Rayagada:0.008 Mahasamund:0.004 Kandhamal:0.004,0,7,7,1,verified,,2008-order-direct,ORISSA PC 11
21-12,21,S18_12,S18,Odisha,12,Nabarangpur,,नबरंगपुर,ST,2008-delimitation-order-table-b,ST,Q6956755,21-12,7,73 74 75 76 142 146 147,21-73 21-74 21-75 21-76 21-142 21-146 21-147,73-Umarkote (ST); 74-Jharigam (ST); 75-Nabarangpur (ST); 76-Dabugam (ST); 142-kotpad (ST); 146-MALKANGIRI (ST); 147-chitrakonda (ST),Nabarangpur; Koraput; Malkangiri,3,Malkangiri,Malkangiri:0.4449 Nabarangapur:0.4009 Koraput:0.1498 Bastar:0.0044,0,6,6,1,verified,,2008-order-direct,ORISSA PC 12
21-13,21,S18_13,S18,Odisha,13,Kandhamal,,कंधमाल,GEN,2008-delimitation-order-table-b,GEN,Q11679513,21-13,7,82 83 84 85 86 121 123,21-82 21-83 21-84 21-85 21-86 21-121 21-123,82-Baliguda (ST); 83-G. Udayagiri (ST); 84-Phulbani (ST); 85-Kantamal; 86-Boudh; 121-Daspalla (SC); 123-Bhanjanagar,Kandhamal; Boudh; Nayagarh; Ganjam,4,Kandhamal,Kandhamal:0.5436 Bauda:0.2145 Nayagarh:0.1297 Ganjam:0.1097 Subarnapur:0.0025,0,7,7,1,verified,,2008-order-direct,ORISSA PC 13
21-14,21,S18_14,S18,Odisha,14,Cuttack,,कटक,GEN,2008-delimitation-order-table-b,GEN,Q5196922,21-14,7,87 88 89 90 91 93 120,21-87 21-88 21-89 21-90 21-91 21-93 21-120,87-Baramba; 88-Banki; 89-Athagarh; 90-Barabati-Cuttack; 91-Choudwar-Cuttack; 93-Cuttack Sadar (SC); 120-Khandapada,Cuttack; Nayagarh,2,Cuttack,Cuttack:0.8111 Nayagarh:0.1704 Dhenkanal:0.0111 Khordha:0.0037 Jagatsinghapur:0.0037,0,7,7,1,verified,,2008-order-direct,ORISSA PC 14
21-15,21,S18_15,S18,Odisha,15,Kendrapara,,केन्द्रपाड़ा,GEN,2008-delimitation-order-table-b,GEN,Q6389017,21-15,7,94 95 96 97 98 99 100,21-94 21-95 21-96 21-97 21-98 21-99 21-100,94-Salipur; 95-Mahanga; 96-Patkura; 97-Kendrapara (SC); 98-Aul; 99-Rajanagar; 100-Mahakalapada,Cuttack; Kendrapara,2,Kendrapara,Kendrapara:0.7478 Cuttack:0.2315 Jajapur:0.003 Jagatsinghapur:0.003,0.0148,7,7,1,verified,,2008-order-direct,ORISSA PC 15
21-16,21,S18_16,S18,Odisha,16,Jagatsinghpur,,जगतसिंहपुर,SC,2008-delimitation-order-table-b,SC,Q6122268,21-16,7,92 101 102 103 104 105 106,21-92 21-101 21-102 21-103 21-104 21-105 21-106,92-Niali (SC); 101-Paradeep; 102-Tirtol (SC); 103-Balikuda-Erasama; 104-Jagatsinghpur; 105-Kakatpur (SC); 106-Nimapara,Cuttack; Jagatsinghpur; Puri,3,Jagatsinghapur,Jagatsinghapur:0.5452 Puri:0.3178 Cuttack:0.1224 Khordha:0.0087,0.0058,7,7,1,verified,,2008-order-direct,ORISSA PC 16
21-17,21,S18_17,S18,Odisha,17,Puri,,पुरी,GEN,2008-delimitation-order-table-b,GEN,Q6528588,21-17,7,107 108 109 110 118 119 122,21-107 21-108 21-109 21-110 21-118 21-119 21-122,107-Puri; 108-Brahmagiri; 109-Satyabadi; 110-Pipili; 118-Chilika; 119-Ranpur; 122-Nayagarh,Puri; Khurda; Nayagarh,3,Puri,Puri:0.5115 Nayagarh:0.2808 Khordha:0.2 Ganjam:0.0077,0,7,7,1,verified,,2008-order-direct,ORISSA PC 17
21-18,21,S18_18,S18,Odisha,18,Bhubaneswar,,भुवनेश्वर,GEN,2008-delimitation-order-table-b,GEN,Q4902092,21-18,7,111 112 113 114 115 116 117,21-111 21-112 21-113 21-114 21-115 21-116 21-117,111-Jayadev (SC); 112-Bhubaneswar Central (Madhya); 113-Bhubaneswar North (Uttar); 114-Ekamra-Bhubaneswar; 115-Jatani; 116-Begunia; 117-Khurda,Khurda,1,Khordha,Khordha:0.941 Cuttack:0.0406 Puri:0.0148 Nayagarh:0.0037,0,4,3,0.75,mostly-verified,,2008-order-direct,ORISSA PC 18
21-19,21,S18_19,S18,Odisha,19,Aska,,आस्का,GEN,2008-delimitation-order-table-b,GEN,Q4807113,21-19,7,124 125 126 128 129 130 131,21-124 21-125 21-126 21-128 21-129 21-130 21-131,124-Polasara; 125-Kabisuryanagar; 126-Khalikote (SC); 128-Aska; 129-Surada; 130-Sanakhemundi; 131-Hinjili,Ganjam,1,Ganjam,Ganjam:0.9977 Gajapati:0.0023,0,7,7,1,verified,,2008-order-direct,ORISSA PC 19
21-20,21,S18_20,S18,Odisha,20,Berhampur,,बरहमपुर,GEN,2008-delimitation-order-table-b,GEN,Q7255284,21-20,7,127 132 133 134 135 136 137,21-127 21-132 21-133 21-134 21-135 21-136 21-137,127-Chhatrapur (SC); 132-Gopalpur; 133-Berhampur; 134-Digapahandi; 135-Chikiti; 136-Mohana (ST); 137-Paralakhemundi,Ganjam; Gajapati,2,Gajapati,Gajapati:0.623 Ganjam:0.361 Srikakulam:0.0064 Kandhamal:0.0064 Rayagada:0.0032,0,7,7,1,verified,,2008-order-direct,ORISSA PC 20
21-21,21,S18_21,S18,Odisha,21,Koraput,,कोरापुट,ST,2008-delimitation-order-table-b,ST,Q6431426,21-21,7,138 139 140 141 143 144 145,21-138 21-139 21-140 21-141 21-143 21-144 21-145,138-Gunupur (ST); 139-Bissam Cuttack (ST); 140-Rayagada (ST); 141-Laxmipur (ST); 143-Jeypore; 144-Koraput (SC); 145-Pottangi (ST),Rayagada; Koraput,2,Rayagada,Rayagada:0.5341 Koraput:0.4659,0,6,6,1,verified,,2008-order-direct,ORISSA PC 21
34-1,34,U07_1,U07,Puducherry,1,Pondicherry,,पुदुच्चेरी,GEN,2008-delimitation-order-table-b,GEN,Q3532557,34-1,30,1 2 3 4 5 6 7 8 9 10 11 12 13 14 15 16 17 18 19 20 21 22 23 24 25 26 27 28 29 30,34-1 34-2 34-3 34-4 34-5 34-6 34-7 34-8 34-9 34-10 34-11 34-12 34-13 34-14 34-15 34-16 34-17 34-18 34-19 34-20 34-21 34-22 34-23 34-24 34-25 34-26 34-27 34-28 34-29 34-30,1-Mannadipet; 2-Thirubhuvanai (SC); 3-Oussudu (SC); 4-Mangalam; 5-Villianur; 6-Ozhukarai; 7-Kadirgamam; 8-Indira Nagar; 9-Thattanchavady; 10-Kamraj Nagar; 11-Lawspet; 12-Kalapet; 13-Muthialpet; 14-Raj Bhavan; 15-Oupalam; 16-Orleampeth; 17-Nellithope; 18-Mudaliarpet; 19-Ariankuppam; 20-Manavely; 21-Embalam (SC); 22-Nettapakkam (SC); 23-Bahour; 24-Nedungadu (SC); 25-Thirunallar; 26-Karaikal North; 27-Karaikal South; 28-Neravy- T.R. Pattinam; 29-Mahe; 30-Yanam,Puducherry Region; Karaikal Region; Mahe Region; Yanam Region,4,Karaikal,Karaikal:1,0,29,29,1,verified,,2008-order-whole-state,PUDUCHERRY (no Table B — single-seat state)
3-1,3,S19_1,S19,Punjab,1,Gurdaspur,,गुरदासपुर,GEN,2008-delimitation-order-table-b,GEN,Q5619909,3-1,9,1 2 3 4 5 6 7 9 10,3-1 3-2 3-3 3-4 3-5 3-6 3-7 3-9 3-10,1-Sujanpur; 2-Bhoa (SC); 3-Pathankot; 4-Gurdaspur; 5-Dina Nagar (SC); 6-Qadian; 7-Batala; 9-Fatehgarh Churian; 10-Dera Baba Nanak,Gurdaspur,1,Gurdaspur,Gurdaspur:0.9913 Amritsar:0.0087,0,9,8,0.889,mostly-verified,,2008-order-direct,PUNJAB PC 1
3-2,3,S19_2,S19,Punjab,2,Amritsar,,अमृतसर,GEN,2008-delimitation-order-table-b,GEN,Q4748702,3-2,9,11 12 13 15 16 17 18 19 20,3-11 3-12 3-13 3-15 3-16 3-17 3-18 3-19 3-20,11-Ajnala; 12-Raja Sansi; 13-Majitha; 15-Amritsar North; 16-Amritsar West (SC); 17-Amritsar Central; 18-Amritsar East; 19-Amristar South; 20-Attari (SC),Amritsar,1,Amritsar,Amritsar:0.9967,0.0033,8,8,1,verified,,2008-order-direct,PUNJAB PC 2
3-3,3,S19_3,S19,Punjab,3,Khadoor Sahib,,खडूर साहिब,GEN,2008-delimitation-order-table-b,GEN,Q6398926,3-3,9,14 21 22 23 24 25 27 28 75,3-14 3-21 3-22 3-23 3-24 3-25 3-27 3-28 3-75,14-Jandiala (SC); 21-Tarn Taran; 22-Khem Karan; 23-Patti; 24-Khadoor Sahib; 25-Baba Bakala (SC); 27-Kapurthala; 28-Sultanpur Lodhi; 75-Zira,Amritsar; Kapurthala; Firozpur,3,Tarn Taran,Tarn Taran:0.5108 Kapurthala:0.1935 Firozpur:0.1398 Amritsar:0.1344 Moga:0.0188 Jalandhar:0.0027,0,9,9,1,verified,,2008-order-direct,PUNJAB PC 3
3-4,3,S19_4,S19,Punjab,4,Jalandhar,,जलंधर,SC,2008-delimitation-order-table-b,SC,Q6126633,3-4,9,30 31 32 33 34 35 36 37 38,3-30 3-31 3-32 3-33 3-34 3-35 3-36 3-37 3-38,30-Phillaur (SC); 31-Nakodar; 32-Shahkot; 33-Kartarpur (SC); 34-Jalandhar West (SC); 35-Jalandhar Central; 36-Jalandhar North; 37-Jalandhar Cantt; 38-Adampur (SC),Jalandhar,1,Jalandhar,Jalandhar:0.966 Kapurthala:0.0204 Moga:0.0068 Ludhiana:0.0068,0,9,9,1,verified,,2008-order-direct,PUNJAB PC 4
3-5,3,S19_5,S19,Punjab,5,Hoshiarpur,,होशियारपुर,SC,2008-delimitation-order-table-b,SC,Q5908015,3-5,9,8 26 29 39 40 41 42 43 44,3-8 3-26 3-29 3-39 3-40 3-41 3-42 3-43 3-44,8-Sri Hargobindpur (SC); 26-Bholath; 29-Phagwara (SC); 39-Mukerian; 40-Dasuya; 41-Urmar; 42-Sham Chaurasi (SC); 43-Hoshiarpur; 44-Chabbewal (SC),Gurdaspur; Kapurthala; Hoshiarpur,3,Hoshiarpur,Hoshiarpur:0.7148 Kapurthala:0.1718 Gurdaspur:0.0962 Jalandhar:0.0137 Tarn Taran:0.0034,0,8,8,1,verified,,2008-order-direct,PUNJAB PC 5
3-6,3,S19_6,S19,Punjab,6,Anandpur Sahib,,आनंदपुर साहिब,GEN,2008-delimitation-order-table-b,GEN,Q4751375,3-6,9,45 46 47 48 49 50 51 52 53,3-45 3-46 3-47 3-48 3-49 3-50 3-51 3-52 3-53,45-Garhshankar; 46-Banga (SC); 47-Nawan Shahr; 48-Balachaur; 49-Anandpur Sahib; 50-Rupnagar; 51-Chamkaur Sahib (SC); 52-Kharar; 53-S.A.S. Nagar,Hoshiarpur; Nawan Shahr; Rupnagar,3,Rupnagar,Rupnagar:0.3541 Shahid Bhagat Singh Nagar:0.3385 Sahibzada Ajit Singh Nagar:0.1751 Hoshiarpur:0.1206 Ludhiana:0.0039 Patiala:0.0039 Chandigarh:0.0039,0,9,9,1,verified,,2008-order-direct,PUNJAB PC 6
3-7,3,S19_7,S19,Punjab,7,Ludhiana,,लुधियाना,GEN,2008-delimitation-order-table-b,GEN,Q6698772,3-7,9,60 61 62 63 64 65 66 68 70,3-60 3-61 3-62 3-63 3-64 3-65 3-66 3-68 3-70,60-Ludhiana East; 61-Ludhiana South; 62-Atam Nagar; 63-Ludhiana Central; 64-Ludhiana West; 65-Ludhiana North; 66-Gill (SC); 68-Dakha; 70-Jagraon (SC),Ludhiana,1,Ludhiana,Ludhiana:0.995 Moga:0.0025 Jalandhar:0.0025,0,9,9,1,verified,,2008-order-direct,PUNJAB PC 7
3-8,3,S19_8,S19,Punjab,8,Fatehgarh Sahib,,फतेहगढ़ साहिब,SC,2008-delimitation-order-table-b,SC,Q5437417,3-8,9,54 55 56 57 58 59 67 69 106,3-54 3-55 3-56 3-57 3-58 3-59 3-67 3-69 3-106,54-Bassi Pathana (SC); 55-Fatehgarh Sahib; 56-Amloh; 57-Khanna; 58-Samrala; 59-Sahnewal; 67-Payal (SC); 69-Raikot (SC); 106-Amargarh,Fatehgarh Sahib; Ludhiana; Sangrur,3,Ludhiana,Ludhiana:0.5372 Fatehgarh Sahib:0.2848 Sangrur:0.1294 Barnala:0.0162 Patiala:0.0129 Rupnagar:0.0129 Sahibzada Ajit Singh Nagar:0.0065,0,9,9,1,verified,,2008-order-direct,PUNJAB PC 8
3-9,3,S19_9,S19,Punjab,9,Faridkot,,फरीदकोट,SC,2008-delimitation-order-table-b,SC,Q5435297,3-9,9,71 72 73 74 84 87 88 89 90,3-71 3-72 3-73 3-74 3-84 3-87 3-88 3-89 3-90,71-Nihal Singhwala (SC); 72-Bhagha Purana; 73-Moga; 74-Dharamkot; 84-Giddarbaha; 87-Faridkot; 88-Kotkapura; 89-Jaitu (SC); 90-Rampura Phul,Moga; Muktsar; Faridkot; Bathinda,4,Moga,Moga:0.4615 Faridkot:0.302 Muktsar:0.1197 Bathinda:0.1111 Firozpur:0.0028 Jalandhar:0.0028,0,7,7,1,verified,,2008-order-direct,PUNJAB PC 9
3-10,3,S19_10,S19,Punjab,10,Firozpur,,फिरोजपुर,GEN,2008-delimitation-order-table-b,GEN,Q5452175,3-10,9,76 77 78 79 80 81 82 85 86,3-76 3-77 3-78 3-79 3-80 3-81 3-82 3-85 3-86,76-Firozpur City; 77-Firozpur Rural (SC); 78-Guru Har Sahai; 79-Jalalabad; 80-Fazilka; 81-Abohar; 82-Balluana (SC); 85-Malout (SC); 86-Muktsar,Firozpur; Muktsar,2,Firozpur,Firozpur:0.7732 Muktsar:0.2165 Ganganagar:0.0069,0.0034,9,9,1,verified,,2008-order-direct,PUNJAB PC 10
3-11,3,S19_11,S19,Punjab,11,Bathinda,,भटिंडा,GEN,2008-delimitation-order-table-b,GEN,Q4869032,3-11,9,83 91 92 93 94 95 96 97 98,3-83 3-91 3-92 3-93 3-94 3-95 3-96 3-97 3-98,83-Lambi; 91-Bhucho Mandi (SC); 92-Bathinda Urban; 93-Bathinda Rural (SC); 94-Talwandi Sabo; 95-Maur; 96-Mansa; 97-Sardulgarh; 98-Budhlada (SC),Muktsar; Bathinda; Mansa,3,Bathinda,Bathinda:0.4731 Mansa:0.3763 Muktsar:0.1434 Faridkot:0.0036 Fatehabad:0.0036,0,9,9,1,verified,,2008-order-direct,PUNJAB PC 11
3-12,3,S19_12,S19,Punjab,12,Sangrur,,संगरूर,GEN,2008-delimitation-order-table-b,GEN,Q7418135,3-12,9,99 100 101 102 103 104 105 107 108,3-99 3-100 3-101 3-102 3-103 3-104 3-105 3-107 3-108,99-Lehra; 100-Dirba (SC); 101-Sunam; 102-Bhadaur (SC); 103-Barnala; 104-Mehal Kalan (SC); 105-Malerkotla; 107-Dhuri; 108-Sangrur,Sangrur,1,Sangrur,Sangrur:0.6026 Barnala:0.3681 Bathinda:0.013 Patiala:0.0098 Mansa:0.0033 Jind:0.0033,0,9,7,0.778,mostly-verified,,2008-order-direct,PUNJAB PC 12
3-13,3,S19_13,S19,Punjab,13,Patiala,,पटियाला,GEN,2008-delimitation-order-table-b,GEN,Q7144911,3-13,9,109 110 111 112 113 114 115 116 117,3-109 3-110 3-111 3-112 3-113 3-114 3-115 3-116 3-117,109-Nabha (SC); 110-Patiala Rural; 111-Rajpura; 112-Dera Bassi; 113-Ghanaur; 114-Sanour; 115-Patiala; 116-Samana; 117-Shutrana (SC),Patiala,1,Patiala,Patiala:0.7024 Sangrur:0.1865 Sahibzada Ajit Singh Nagar:0.0873 Fatehgarh Sahib:0.0159 Kaithal:0.0079,0,9,9,1,verified,,2008-order-direct,PUNJAB PC 13
8-1,8,S20_1,S20,Rajasthan,1,Ganganagar,,श्रीगंगानगर,SC,2008-delimitation-order-table-b,SC,Q5521052,8-1,8,1 2 3 4 5 7 8 9,8-1 8-2 8-3 8-4 8-5 8-7 8-8 8-9,1-Sadulshahar; 2-Ganganagar; 3-Karanpur; 4-Suratgarh; 5-Raisinghnagar (SC); 7-Sangaria; 8-Hanumangarh; 9-Pilibanga (SC),Ganganagar; Hanumangarh,2,Ganganagar,Ganganagar:0.631 Hanumangarh:0.3663,0.0027,8,8,1,verified,,2008-order-direct,RAJASTHAN PC 1
8-2,8,S20_2,S20,Rajasthan,2,Bikaner,,बीकानेर,SC,2008-delimitation-order-table-b,SC,Q4907311,8-2,8,6 12 13 14 15 16 17 18,8-6 8-12 8-13 8-14 8-15 8-16 8-17 8-18,6-Anupgarh (SC); 12-Khajuwala (SC); 13-Bikaner West; 14-Bikaner East; 15-Kolayat; 16-Lunkaransar; 17-Dungargarh; 18-Nokha,Ganganagar; Bikaner,2,Bikaner,Bikaner:0.9213 Ganganagar:0.0711 Jaisalmer:0.0025 Nagaur:0.0025 Churu:0.0025,0,8,8,1,verified,,2008-order-direct,RAJASTHAN PC 2
8-3,8,S20_3,S20,Rajasthan,3,Churu,,चूरू,GEN,2008-delimitation-order-table-b,GEN,Q5118333,8-3,8,10 11 19 20 21 22 23 24,8-10 8-11 8-19 8-20 8-21 8-22 8-23 8-24,10-Nohar; 11-Bhadra; 19-Sadulpur; 20-Taranagar; 21-Sardarshahar; 22-Churu; 23-Ratangarh; 24-Sujangarh (SC),Hanumangarh; Churu,2,Churu,Churu:0.7305 Hanumangarh:0.2635 Ganganagar:0.003 Bikaner:0.003,0,8,8,1,verified,,2008-order-direct,RAJASTHAN PC 3
8-4,8,S20_4,S20,Rajasthan,4,Jhunjhunu,,झुंझुनू,GEN,2008-delimitation-order-table-b,GEN,Q6191216,8-4,8,25 26 27 28 29 30 31 32,8-25 8-26 8-27 8-28 8-29 8-30 8-31 8-32,25-Pilani (SC); 26-Surajgarh; 27-Jhunjhunu; 28-Mandawa; 29-Nawalgarh; 30-Udaipurwati; 31-Khetri; 32-Fatehpur,Jhunjhunu; Sikar,2,Jhunjhunun,Jhunjhunun:0.8411 Sikar:0.1452 Churu:0.011 Mahendragarh:0.0027,0,8,8,1,verified,,2008-order-direct,RAJASTHAN PC 4
8-5,8,S20_5,S20,Rajasthan,5,Sikar,,सीकर,GEN,2008-delimitation-order-table-b,GEN,Q7513596,8-5,8,33 34 35 36 37 38 39 43,8-33 8-34 8-35 8-36 8-37 8-38 8-39 8-43,33-Lachhmangarh; 34-Dhod (SC); 35-Sikar; 36-Danta Ramgarh; 37-Khandela; 38-Neem Ka Thana; 39-Srimadhopur; 43-Chomu,Sikar; Jaipur,2,Sikar,Sikar:0.9158 Jaipur:0.0789 Nagaur:0.0026 Jhunjhunun:0.0026,0,7,7,1,verified,,2008-order-direct,RAJASTHAN PC 5
8-6,8,S20_6,S20,Rajasthan,6,Jaipur Rural,,जयपुर ग्रामीण,GEN,2008-delimitation-order-table-b,GEN,Q6124137,8-6,8,40 41 42 44 46 47 48 63,8-40 8-41 8-42 8-44 8-46 8-47 8-48 8-63,40-Kotputli; 41-Viratnagar; 42-Shahpura; 44-Phulera; 46-Jhotwara; 47-Amber; 48-Jamwa Ramgarh (ST); 63-Bansur,Jaipur; Alwar,2,Jaipur,Jaipur:0.8634 Alwar:0.1322 Nagaur:0.0044,0,8,8,1,verified,,2008-order-direct,RAJASTHAN PC 6
8-7,8,S20_7,S20,Rajasthan,7,Jaipur,,जयपुर,GEN,2008-delimitation-order-table-b,GEN,Q6124117,8-7,8,49 50 51 52 53 54 55 56,8-49 8-50 8-51 8-52 8-53 8-54 8-55 8-56,49-Hawa Mahal; 50-Vidhyadhar Nagar; 51-Civil Lines; 52-Kishan Pole; 53-Adarsh Nagar; 54-Malviya Nagar; 55-Sanganer; 56-Bagru (SC),Jaipur,1,Jaipur,Jaipur:1,0,8,8,1,verified,,2008-order-direct,RAJASTHAN PC 7
8-8,8,S20_8,S20,Rajasthan,8,Alwar,,अलवर,GEN,2008-delimitation-order-table-b,GEN,Q4738368,8-8,8,59 60 61 62 65 66 67 68,8-59 8-60 8-61 8-62 8-65 8-66 8-67 8-68,59-Tijara; 60-Kishangarh Bas; 61-Mundawar; 62-Behror; 65-Alwar Rural (SC); 66-Alwar Urban; 67-Ramgarh; 68-Rajgarh –Laxmangarh (ST),Alwar,1,Alwar,Alwar:0.9792 Mahendragarh:0.0104 Rewari:0.0078 Jaipur:0.0026,0,8,4,0.5,divergent,,2008-order-direct,RAJASTHAN PC 8
8-9,8,S20_9,S20,Rajasthan,9,Bharatpur,,भरतपुर,SC,2008-delimitation-order-table-b,SC,Q4901252,8-9,8,69 70 71 72 73 74 75 76,8-69 8-70 8-71 8-72 8-73 8-74 8-75 8-76,69-Kathumar (SC); 70-Kaman; 71-Nagar; 72-Deeg – Kumher; 73-Bharatpur; 74-Nadbai; 75-Weir (SC); 76-Bayana (SC),Alwar; Bharatpur,2,Bharatpur,Bharatpur:0.5843 Alwar:0.4127 Dausa:0.003,0,8,8,1,verified,,2008-order-direct,RAJASTHAN PC 9
8-10,8,S20_10,S20,Rajasthan,10,Karauli -Dholpur,,करौली-धौलपुर,SC,2008-delimitation-order-table-b,SC,Q6368815,8-10,8,77 78 79 80 81 82 83 84,8-77 8-78 8-79 8-80 8-81 8-82 8-83 8-84,77-Baseri (SC); 78-Bari; 79-Dholpur; 80-Rajakhera; 81-Todabhim (ST); 82-Hindaun (SC); 83-Karauli; 84-Sapotra (ST),Dholpur; Karauli,2,Karauli,Karauli:0.5616 Dhaulpur:0.3836 Sawai Madhopur:0.0479 Dausa:0.0068,0,8,8,1,verified,,2008-order-direct,RAJASTHAN PC 10
8-11,8,S20_11,S20,Rajasthan,11,Dausa,,दौसा,ST,2008-delimitation-order-table-b,ST,Q5228102,8-11,8,57 58 64 85 86 87 88 89,8-57 8-58 8-64 8-85 8-86 8-87 8-88 8-89,57-Bassi (ST); 58-Chaksu (SC); 64-Thanagazi; 85-Bandikui; 86-Mahuwa; 87-Sikrai (SC); 88-Dausa; 89-Lalsot (ST),Jaipur; Alwar; Dausa,3,Dausa,Dausa:0.4815 Jaipur:0.3086 Alwar:0.1975 Karauli:0.0123,0,8,8,1,verified,,2008-order-direct,RAJASTHAN PC 11
8-12,8,S20_12,S20,Rajasthan,12,Tonk - Sawai Madhopur,,टोंक-सवाई माधोपुर,GEN,2008-delimitation-order-table-b,GEN,Q7821522,8-12,8,90 91 92 93 94 95 96 97,8-90 8-91 8-92 8-93 8-94 8-95 8-96 8-97,90-Gangapur; 91-Bamanwas (ST); 92-Sawai Madhopur; 93-Khandar (SC); 94-Malpura; 95-Niwai (SC); 96-Tonk; 97-Deoli – Uniara,Sawai Madhopur; Tonk,2,Tonk,Tonk:0.5918 Sawai Madhopur:0.3744 Karauli:0.0314 Jaipur:0.0024,0,8,8,1,verified,,2008-order-direct,RAJASTHAN PC 12
8-13,8,S20_13,S20,Rajasthan,13,Ajmer,,अजमेर,GEN,2008-delimitation-order-table-b,GEN,Q4699904,8-13,8,45 98 99 100 101 102 104 105,8-45 8-98 8-99 8-100 8-101 8-102 8-104 8-105,45-Dudu (SC); 98-Kishangarh; 99-Pushkar; 100-Ajmer North; 101-Ajmer South (SC); 102-Nasirabad; 104-Masuda; 105-Kekri,Jaipur; Ajmer,2,Ajmer,Ajmer:0.7877 Jaipur:0.2031 Nagaur:0.0031 Bhilwara:0.0031 Tonk:0.0031,0,8,8,1,verified,,2008-order-direct,RAJASTHAN PC 13
8-14,8,S20_14,S20,Rajasthan,14,Nagaur,,नागौर,GEN,2008-delimitation-order-table-b,GEN,Q6958697,8-14,8,106 107 108 109 110 113 114 115,8-106 8-107 8-108 8-109 8-110 8-113 8-114 8-115,106-Ladnun; 107-Deedwana; 108-Jayal (SC); 109-Nagaur; 110-Khinvsar; 113-Makrana; 114-Parbatsar; 115-Nawan,Nagaur,1,Nagaur,Nagaur:0.9697 Jodhpur:0.0182 Bikaner:0.0061 Ajmer:0.003 Sikar:0.003,0,7,7,1,verified,,2008-order-direct,RAJASTHAN PC 14
8-15,8,S20_15,S20,Rajasthan,15,Pali,,पाली,GEN,2008-delimitation-order-table-b,GEN,Q7127504,8-15,8,117 118 119 120 121 125 126 131,8-117 8-118 8-119 8-120 8-121 8-125 8-126 8-131,117-Sojat (SC); 118-Pali; 119-Marwar Junction; 120-Bali; 121-Sumerpur; 125-Osian; 126-Bhopalgarh (SC); 131-Bilara (SC),Pali; Jodhpur,2,Pali,Pali:0.5828 Jodhpur:0.4139 Udaipur:0.0033,0,8,8,1,verified,,2008-order-direct,RAJASTHAN PC 15
8-16,8,S20_16,S20,Rajasthan,16,Jodhpur,,जोधपुर,GEN,2008-delimitation-order-table-b,GEN,Q6207835,8-16,8,122 123 124 127 128 129 130 133,8-122 8-123 8-124 8-127 8-128 8-129 8-130 8-133,122-Phalodi; 123-Lohawat; 124-Shergarh; 127-Sardarpura; 128-Jodhpur; 129-Soorsagar; 130-Luni; 133-Pokaran,Jodhpur; Jaisalmer,2,Jodhpur,Jodhpur:0.6138 Jaisalmer:0.3836 Barmer:0.0026,0,8,8,1,verified,,2008-order-direct,RAJASTHAN PC 16
8-17,8,S20_17,S20,Rajasthan,17,Barmer,,बाड़मेर,GEN,2008-delimitation-order-table-b,GEN,Q4861268,8-17,8,132 134 135 136 137 138 139 140,8-132 8-134 8-135 8-136 8-137 8-138 8-139 8-140,132-Jaisalmer; 134-Sheo; 135-Barmer; 136-Baytoo; 137-Pachpadra; 138-Siwana; 139-Gudha Malani; 140-Chohtan (SC),Jaisalmer; Barmer,2,Jaisalmer,Jaisalmer:0.4984 Barmer:0.4984 Jalor:0.0033,0,8,8,1,verified,,2008-order-direct,RAJASTHAN PC 17
8-18,8,S20_18,S20,Rajasthan,18,Jalore,,जालौर,GEN,2008-delimitation-order-table-b,GEN,Q6126953,8-18,8,141 142 143 144 145 146 147 148,8-141 8-142 8-143 8-144 8-145 8-146 8-147 8-148,141-Ahore; 142-Jalore (SC); 143-Bhinmal; 144-Sanchore; 145-Raniwara; 146-Sirohi; 147-Pindwara-Abu (ST); 148-Reodar (SC),Jalore; Sirohi,2,Jalor,Jalor:0.6677 Sirohi:0.3262 Barmer:0.0031 Pali:0.0031,0,8,8,1,verified,,2008-order-direct,RAJASTHAN PC 18
8-19,8,S20_19,S20,Rajasthan,19,Udaipur,,उदयपुर,ST,2008-delimitation-order-table-b,ST,Q7876885,8-19,8,149 150 151 152 153 156 157 159,8-149 8-150 8-151 8-152 8-153 8-156 8-157 8-159,149-Gogunda (ST); 150-Jhadol (ST); 151-Kherwara (ST); 152-Udaipur Rural (ST); 153-Udaipur; 156-Salumber (ST); 157-Dhariawad (ST); 159-Aspur (ST),Udaipur; Dungarpur,2,Udaipur,Udaipur:0.8282 Dungarpur:0.1043 Pratapgarh:0.0552 Sabar Kantha:0.0123,0,8,8,1,verified,,2008-order-direct,RAJASTHAN PC 19
8-20,8,S20_20,S20,Rajasthan,20,Banswara,,बांसवाड़ा,ST,2008-delimitation-order-table-b,ST,Q4857164,8-20,8,158 160 161 162 163 164 165 166,8-158 8-160 8-161 8-162 8-163 8-164 8-165 8-166,158-Dungarpur (ST); 160-Sagwara (ST); 161-Chorasi (ST); 162-Ghatol (ST); 163-Garhi (ST); 164-Banswara (ST); 165-Bagidora (ST); 166-Kushalgarh (ST),Dungarpur; Banswara,2,Banswara,Banswara:0.5881 Dungarpur:0.3381 Pratapgarh:0.0682 Panch Mahals:0.0028 Ratlam:0.0028,0,8,8,1,verified,,2008-order-direct,RAJASTHAN PC 20
8-21,8,S20_21,S20,Rajasthan,21,Chittorgarh,,चित्तौड़गढ़,GEN,2008-delimitation-order-table-b,GEN,Q5102518,8-21,8,154 155 167 168 169 170 171 172,8-154 8-155 8-167 8-168 8-169 8-170 8-171 8-172,154-Mavli; 155-Vallabhnagar; 167-Kapasan (SC); 168-Begun; 169-Chittorgarh; 170-Nimbahera; 171-Bari Sadri; 172-Pratapgarh (ST),Udaipur; Chittorgarh,2,Chittaurgarh,Chittaurgarh:0.5785 Pratapgarh:0.2422 Udaipur:0.1614 Neemuch:0.0135 Rajsamand:0.0045,0,8,8,1,verified,,2008-order-direct,RAJASTHAN PC 21
8-22,8,S20_22,S20,Rajasthan,22,Rajsamand,,राजसमन्द,GEN,2008-delimitation-order-table-b,GEN,Q7286417,8-22,8,103 111 112 116 173 174 175 176,8-103 8-111 8-112 8-116 8-173 8-174 8-175 8-176,103-Beawar; 111-Merta (SC); 112-Degana; 116-Jaitaran; 173-Bhim; 174-Kumbhalgarh; 175-Rajsamand; 176-Nathdwara,Ajmer; Nagaur; Pali; Rajsamand,4,Rajsamand,Rajsamand:0.405 Nagaur:0.319 Pali:0.2079 Ajmer:0.0645 Udaipur:0.0036,0,8,8,1,verified,,2008-order-direct,RAJASTHAN PC 22
8-23,8,S20_23,S20,Rajasthan,23,Bhilwara,,भीलवाड़ा,GEN,2008-delimitation-order-table-b,GEN,Q4901736,8-23,8,177 178 179 180 181 182 183 184,8-177 8-178 8-179 8-180 8-181 8-182 8-183 8-184,177-Asind; 178-Mandal; 179-Sahara; 180-Bhilwara; 181-Shahpura (SC); 182-Jahazpur; 183-Mandalgarh; 184-Hindoli,Bhilwara; Bundi,2,Bhilwara,Bhilwara:0.8316 Bundi:0.1582 Tonk:0.0051 Rajsamand:0.0026 Ajmer:0.0026,0,8,8,1,verified,,2008-order-direct,RAJASTHAN PC 23
8-24,8,S20_24,S20,Rajasthan,24,Kota,,कोटा,GEN,2008-delimitation-order-table-b,GEN,Q6433781,8-24,8,185 186 187 188 189 190 191 192,8-185 8-186 8-187 8-188 8-189 8-190 8-191 8-192,185-Keshoraipatan (SC); 186-Bundi; 187-Pipalda; 188-Sangod; 189-Kota North; 190-Kota South; 191-Ladpura; 192-Ramganj Mandi (SC),Bundi; Kota,2,Kota,Kota:0.5815 Bundi:0.3989 Mandsaur:0.0056 Bhilwara:0.0028 Chittaurgarh:0.0028 Jhalawar:0.0028 Sawai Madhopur:0.0028 Baran:0.0028,0,8,8,1,verified,,2008-order-direct,RAJASTHAN PC 24
8-25,8,S20_25,S20,Rajasthan,25,Jhalawar-Baran,,झालावाड़-बारां,GEN,2008-delimitation-order-table-b,GEN,Q6190793,8-25,8,193 194 195 196 197 198 199 200,8-193 8-194 8-195 8-196 8-197 8-198 8-199 8-200,193-Anta; 194-Kishanganj (ST); 195-Baran-Atru (SC); 196-Chhabra; 197-Dag (SC); 198-Jhalrapatan; 199-Khanpur; 200-Manohar Thana,Baran; Jhalawar,2,Baran,Baran:0.5316 Jhalawar:0.4557 Mandsaur:0.0042 Shajapur:0.0042 Kota:0.0042,0,8,8,1,verified,,2008-order-direct,RAJASTHAN PC 25
11-1,11,S21_1,S21,Sikkim,1,Sikkim,,सिक्किम,GEN,2008-delimitation-order-table-b,GEN,Q1659321,11-1,31,1 2 3 4 5 6 7 8 9 10 11 12 13 14 15 16 17 18 19 20 21 22 23 24 25 26 27 28 29 30 31,11-1 11-2 11-3 11-4 11-5 11-6 11-7 11-8 11-9 11-10 11-11 11-12 11-13 11-14 11-15 11-16 11-17 11-18 11-19 11-20 11-21 11-22 11-23 11-24 11-25 11-26 11-27 11-28 11-29 11-30 11-31,1-Yoksam- Tashiding (BL); 2-Yangthang; 3-Maneybung- Dentam; 4-Gyalshing-Barnyak; 5-Rinchenpong (BL); 6-Daramdin (BL); 7-Soreng-Chakung; 8-Salghari-Zoom (SC); 9-Barfung (BL); 10-Poklok-Kamrang; 11-Namchi- Singhithang; 12-Melli; 13-Namthang- Rateypani; 14-Temi-Namphing; 15-Rangang-Yangang; 16-Tumen-Lingi (BL); 17-Khamdong- Singtam; 18-West Pendam (SC); 19-Rhenock; 20-Chujachen; 21-Gnathang- Machong (BL); 22-Namcheybung; 23-Shyari (BL); 24-Martam-Rumtek (BL); 25-Upper Tadong; 26-Arithang; 27-Gangtok (BL); 28-Upper Burtuk; 29-Kabi Lungchuk (BL); 30-Djongu (BL); 31-Lachen Mangan (BL),West; South; East; North,4,North,North:0.5978 West:0.172 East:0.1247 South:0.1011 Darjiling:0.0022,0.0022,30,30,1,verified,,2008-order-whole-state,SIKKIM (no Table B — single-seat state)
33-1,33,S22_1,S22,Tamil Nadu,1,Tiruvallur,,तिरुवल्लूर,SC,2008-delimitation-order-table-b,SC,Q7785493,33-1,6,1 2 4 5 6 9,33-1 33-2 33-4 33-5 33-6 33-9,1-Gummidipoondi; 2-Ponneri (SC); 4-Tiruvallur; 5-Poonamallee (SC); 6-Avadi; 9-Madavaram,Thiruvallur,1,Thiruvallur,Thiruvallur:0.9318 Kancheepuram:0.0593 Chittoor:0.003,0.0059,5,5,1,verified,,2008-order-direct,TAMIL NADU PC 1
33-2,33,S22_2,S22,Tamil Nadu,2,Chennai North,,चेन्नई उत्तर,GEN,2008-delimitation-order-table-b,GEN,Q3532545,33-2,6,10 11 12 13 15 17,33-10 33-11 33-12 33-13 33-15 33-17,10-Tiruvottiyur; 11-Dr.Radhakrishnan Nagar; 12-Perambur; 13-Kolathur; 15-Thiru-Vi-Ka-Nagar (SC); 17-Royapuram,Thiruvallur; Chennai,2,Thiruvallur,Thiruvallur:0.6083 Chennai:0.3625,0.0292,5,5,1,verified,,2008-order-direct,TAMIL NADU PC 2
33-3,33,S22_3,S22,Tamil Nadu,3,Chennai South,,चेन्नई दक्षिण,GEN,2008-delimitation-order-table-b,GEN,Q3532431,33-3,6,22 23 24 25 26 27,33-22 33-23 33-24 33-25 33-26 33-27,22-Virugambakkam; 23-Saidapet; 24-Thiyagarayanagar; 25-Mylapore; 26-Velachery; 27-Sholinganallur,Chennai; Kancheepuram,2,Kancheepuram,Kancheepuram:0.6859 Chennai:0.2304 Thiruvallur:0.0838,0,4,4,1,verified,,2008-order-direct,TAMIL NADU PC 3
33-4,33,S22_4,S22,Tamil Nadu,4,Chennai Central,,चेन्नई मध्य,GEN,2008-delimitation-order-table-b,GEN,Q3532474,33-4,6,14 16 18 19 20 21,33-14 33-16 33-18 33-19 33-20 33-21,14-Villivakkam; 16-Egmore (SC); 18-Harbour; 19-Chepauk-Thiruvallikeni; 20-Thousand Lights; 21-Anna Nagar,Chennai,1,Chennai,Chennai:0.8452 Thiruvallur:0.1484,0.0065,5,5,1,verified,,2008-order-direct,TAMIL NADU PC 4
33-5,33,S22_5,S22,Tamil Nadu,5,Sriperumbudur,,श्रीपेरूम्बुदूर,GEN,2008-delimitation-order-table-b,GEN,Q3534197,33-5,6,7 8 28 29 30 31,33-7 33-8 33-28 33-29 33-30 33-31,7-Maduravoyal; 8-Ambattur; 28-Alandur; 29-Sriperumbudur (SC); 30-Pallavaram; 31-Tambaram,Thiruvallur; Kancheepuram,2,Kancheepuram,Kancheepuram:0.9046 Thiruvallur:0.0919 Chennai:0.0035,0,6,6,1,verified,,2008-order-direct,TAMIL NADU PC 5
33-6,33,S22_6,S22,Tamil Nadu,6,Kancheepuram,,कांचीपुरम,SC,2008-delimitation-order-table-b,SC,Q12418931,33-6,6,32 33 34 35 36 37,33-32 33-33 33-34 33-35 33-36 33-37,32-Chengalpattu; 33-Thiruporur; 34-Cheyyur (SC); 35-Madurantakam (SC); 36-Uthiramerur; 37-Kancheepuram,Kancheepuram,1,Kancheepuram,Kancheepuram:0.9843 Tiruvannamalai:0.0079,0.0079,6,6,1,verified,,2008-order-direct,TAMIL NADU PC 6
33-7,33,S22_7,S22,Tamil Nadu,7,Arakkonam,,अर्कोनम,GEN,2008-delimitation-order-table-b,GEN,Q3534088,33-7,6,3 38 39 40 41 42,33-3 33-38 33-39 33-40 33-41 33-42,3-Tiruttani; 38-Arakkonam (SC); 39-Sholingur; 40-Katpadi; 41-Ranipet; 42-Arcot,Thiruvallur; Vellore,2,Vellore,Vellore:0.7803 Thiruvallur:0.1934 Chittoor:0.023 Tiruvannamalai:0.0033,0,6,6,1,verified,,2008-order-direct,TAMIL NADU PC 7
33-8,33,S22_8,S22,Tamil Nadu,8,Vellore,,वेल्लौर,GEN,2008-delimitation-order-table-b,GEN,Q3534098,33-8,6,43 44 45 46 47 48,33-43 33-44 33-45 33-46 33-47 33-48,43-Vellore; 44-Anaikattu; 45-Kilvaithinankuppam (SC); 46-Gudiyattam (SC); 47-Vaniyambadi; 48-Ambur,Vellore,1,Vellore,Vellore:0.9877 Chittoor:0.0093 Tiruvannamalai:0.0031,0,5,5,1,verified,,2008-order-direct,TAMIL NADU PC 8
33-9,33,S22_9,S22,Tamil Nadu,9,Krishnagiri,,कृष्णागिरि,GEN,2008-delimitation-order-table-b,GEN,Q3534043,33-9,6,51 52 53 54 55 56,33-51 33-52 33-53 33-54 33-55 33-56,51-Uthangarai (SC); 52-Bargur; 53-Krishnagiri; 54-Veppanahalli; 55-Hosur; 56-Thalli,Krishnagiri,1,Krishnagiri,Krishnagiri:0.9907 Dharmapuri:0.0062 Ramanagara:0.0031,0,6,6,1,verified,,2008-order-direct,TAMIL NADU PC 9
33-10,33,S22_10,S22,Tamil Nadu,10,Dharmapuri,,धर्मपुरी,GEN,2008-delimitation-order-table-b,GEN,Q3532436,33-10,6,57 58 59 60 61 85,33-57 33-58 33-59 33-60 33-61 33-85,57-Palacodu; 58-Pennagaram; 59-Dharmapuri; 60-Pappireddippatti; 61-Harur (SC); 85-Mettur,Dharmapuri; Salem,2,Dharmapuri,Dharmapuri:0.8508 Salem:0.1254 Krishnagiri:0.0169 Tiruvannamalai:0.0068,0,6,6,1,verified,,2008-order-direct,TAMIL NADU PC 10
33-11,33,S22_11,S22,Tamil Nadu,11,Tiruvannamalai,,तिरुवन्नामलाई,GEN,2008-delimitation-order-table-b,GEN,Q7809457,33-11,6,49 50 62 63 64 65,33-49 33-50 33-62 33-63 33-64 33-65,49-Jolarpet; 50-Tiruppattur; 62-Chengam (SC); 63-Tiruvannamalai; 64-Kilpennathur; 65-Kalasapakkam,Vellore; Tiruvannamalai,2,Tiruvannamalai,Tiruvannamalai:0.7668 Vellore:0.2306 Krishnagiri:0.0027,0,6,6,1,verified,,2008-order-direct,TAMIL NADU PC 11
33-12,33,S22_12,S22,Tamil Nadu,12,Arani,,अरानी,GEN,2008-delimitation-order-table-b,GEN,Q3533589,33-12,6,66 67 68 69 70 71,33-66 33-67 33-68 33-69 33-70 33-71,66-Polur; 67-Arani; 68-Cheyyar; 69-Vandavasi (SC); 70-Gingee; 71-Mailam,Tiruvannamalai; Viluppuram,2,Tiruvannamalai,Tiruvannamalai:0.6404 Viluppuram:0.357 Vellore:0.0026,0,5,5,1,verified,,2008-order-direct,TAMIL NADU PC 12
33-13,33,S22_13,S22,Tamil Nadu,13,Viluppuram,,विलुपुरम,SC,2008-delimitation-order-table-b,SC,Q3532551,33-13,6,72 73 74 75 76 77,33-72 33-73 33-74 33-75 33-76 33-77,72-Tindivanam (SC); 73-Vanur (SC); 74-Viluppuram; 75-Vikravandi; 76-Tirukkoyilur; 77-Ulundurpettai,Viluppuram,1,Viluppuram,Viluppuram:0.9893 Tiruvannamalai:0.0071 Puducherry:0.0036,0,6,5,0.833,mostly-verified,,2008-order-direct,TAMIL NADU PC 13
33-14,33,S22_14,S22,Tamil Nadu,14,Kallakurichi,,कल्लाकुरिची,GEN,2008-delimitation-order-table-b,GEN,Q6353510,33-14,6,78 79 80 81 82 83,33-78 33-79 33-80 33-81 33-82 33-83,78-Rishivandiyam; 79-Sankarapuram; 80-Kallakurichi (SC); 81-Gangavalli (SC); 82-Attur (SC); 83-Yercaud (ST),Viluppuram; Salem,2,Salem,Salem:0.5 Viluppuram:0.4849 Dharmapuri:0.012 Tiruvannamalai:0.003,0,6,6,1,verified,,2008-order-direct,TAMIL NADU PC 14
33-15,33,S22_15,S22,Tamil Nadu,15,Salem,,सेलम,GEN,2008-delimitation-order-table-b,GEN,Q3532569,33-15,6,84 86 88 89 90 91,33-84 33-86 33-88 33-89 33-90 33-91,84-Omalur; 86-Edappadi; 88-Salem (West); 89-Salem (North); 90-Salem (South); 91-Veerapandi,Salem,1,Salem,Salem:0.9876 Dharmapuri:0.0124,0,6,6,1,verified,,2008-order-direct,TAMIL NADU PC 15
33-16,33,S22_16,S22,Tamil Nadu,16,Namakkal,,नामाक्कल,GEN,2008-delimitation-order-table-b,GEN,Q6961238,33-16,6,87 92 93 94 95 96,33-87 33-92 33-93 33-94 33-95 33-96,87-Sankari; 92-Rasipuram (SC); 93-Senthamangalam (ST); 94-Namakkal; 95-Paramathi-Velur; 96-Tiruchengodu,Salem; Namakkal,2,Namakkal,Namakkal:0.8654 Salem:0.1346,0,6,6,1,verified,,2008-order-direct,TAMIL NADU PC 16
33-17,33,S22_17,S22,Tamil Nadu,17,Erode,,इरोड,GEN,2008-delimitation-order-table-b,GEN,Q5395251,33-17,6,97 98 99 100 101 102,33-97 33-98 33-99 33-100 33-101 33-102,97-Kumarapalayam; 98-Erode (East); 99-Erode (West); 100-Modakkurichi; 101-Dharapuram (SC); 102-Kangayam,Namakkal; Erode,2,Tiruppur,Tiruppur:0.6485 Erode:0.2758 Namakkal:0.0636 Karur:0.0091 Salem:0.003,0,6,6,1,verified,,2008-order-direct,TAMIL NADU PC 17
33-18,33,S22_18,S22,Tamil Nadu,18,Tiruppur,,तिरूप्पुर,GEN,2008-delimitation-order-table-b,GEN,Q7809406,33-18,6,103 104 105 106 113 114,33-103 33-104 33-105 33-106 33-113 33-114,103-Perundurai; 104-Bhavani; 105-Anthiyur; 106-Gobichettipalayam; 113-Tiruppur (North); 114-Tiruppur (South),Erode; Coimbatore,2,Erode,Erode:0.8629 Tiruppur:0.134 Chamrajnagar:0.0031,0,6,6,1,verified,,2008-order-direct,TAMIL NADU PC 18
33-19,33,S22_19,S22,Tamil Nadu,19,Nilgiris,,नीलगिरि,SC,2008-delimitation-order-table-b,SC,Q3534177,33-19,6,107 108 109 110 111 112,33-107 33-108 33-109 33-110 33-111 33-112,107-Bhavanisagar (SC); 108-Udhagamandalam; 109-Gudalur (SC); 110-Coonoor; 111-Mettuppalayam; 112-Avanashi (SC),Erode; The Nilgiris; Coimbatore,3,The Nilgiris,The Nilgiris:0.4134 Erode:0.354 Coimbatore:0.1584 Tiruppur:0.0644 Chamrajnagar:0.0074 Palakkad:0.0025,0,6,6,1,verified,,2008-order-direct,TAMIL NADU PC 19
33-20,33,S22_20,S22,Tamil Nadu,20,Coimbatore,,कोयम्बटूर,GEN,2008-delimitation-order-table-b,GEN,Q3534118,33-20,6,115 116 117 118 120 121,33-115 33-116 33-117 33-118 33-120 33-121,115-Palladam; 116-Sulur; 117-Kavundampalayam; 118-Coimbatore (North); 120-Coimbatore (South); 121-Singanallur,Coimbatore,1,Coimbatore,Coimbatore:0.6024 Tiruppur:0.3945 Palakkad:0.0031,0,6,6,1,verified,,2008-order-direct,TAMIL NADU PC 20
33-21,33,S22_21,S22,Tamil Nadu,21,Pollachi,,पोल्लाची,GEN,2008-delimitation-order-table-b,GEN,Q3534217,33-21,6,119 122 123 124 125 126,33-119 33-122 33-123 33-124 33-125 33-126,119-Thondamuthur; 122-Kinathukadavu; 123-Pollachi; 124-Valparai (SC); 125-Udumalaipettai; 126-Madathukulam,Coimbatore,1,Coimbatore,Coimbatore:0.6449 Tiruppur:0.3551,0,6,6,1,verified,,2008-order-direct,TAMIL NADU PC 21
33-22,33,S22_22,S22,Tamil Nadu,22,Dindigul,,डिंडीगुल,GEN,2008-delimitation-order-table-b,GEN,Q3532565,33-22,6,127 128 129 130 131 132,33-127 33-128 33-129 33-130 33-131 33-132,127-Palani; 128-Oddanchatram; 129-Attur; 130-Nilakkottai (SC); 131-Natham; 132-Dindigul,Dindigul,1,Dindigul,Dindigul:0.9918 Tiruppur:0.0055 Theni:0.0027,0,6,5,0.833,mostly-verified,,2008-order-direct,TAMIL NADU PC 22
33-23,33,S22_23,S22,Tamil Nadu,23,Karur,,करूर,GEN,2008-delimitation-order-table-b,GEN,Q3532480,33-23,6,133 134 135 136 138 179,33-133 33-134 33-135 33-136 33-138 33-179,133-Vedasandur; 134-Aravakurichi; 135-Karur; 136-Krishnarayapuram (SC); 138-Manapparai; 179-Viralimalai,Dindigul; Karur; Tiruchirappalli; Pudukkottai,4,Karur,Karur:0.4162 Dindigul:0.2156 Tiruchirappalli:0.1886 Pudukkottai:0.1796,0,6,6,1,verified,,2008-order-direct,TAMIL NADU PC 23
33-24,33,S22_24,S22,Tamil Nadu,24,Tiruchirappalli,,तिरुचिरापल्ली,GEN,2008-delimitation-order-table-b,GEN,Q3532420,33-24,6,139 140 141 142 178 180,33-139 33-140 33-141 33-142 33-178 33-180,139-Srirangam; 140-Tiruchirappalli (West); 141-Tiruchirappalli (East); 142-Thiruverumbur; 178-Gandarvakottai (SC); 180-Pudukkottai,Tiruchirappalli; Pudukkottai,2,Pudukkottai,Pudukkottai:0.6181 Tiruchirappalli:0.374 Karur:0.0039 Thanjavur:0.0039,0,5,5,1,verified,,2008-order-direct,TAMIL NADU PC 24
33-25,33,S22_25,S22,Tamil Nadu,25,Perambalur,,पैरम्बलूर,GEN,2008-delimitation-order-table-b,GEN,Q3534214,33-25,6,137 143 144 145 146 147,33-137 33-143 33-144 33-145 33-146 33-147,137-Kulithalai; 143-Lalgudi; 144-Manachanallur; 145-Musiri; 146-Thuraiyur (SC); 147-Perambalur (SC),Karur; Tiruchirappalli; Perambalur,3,Tiruchirappalli,Tiruchirappalli:0.5943 Perambalur:0.24 Karur:0.16 Namakkal:0.0029 Cuddalore:0.0029,0,6,6,1,verified,,2008-order-direct,TAMIL NADU PC 25
33-26,33,S22_26,S22,Tamil Nadu,26,Cuddalore,,कुड्डालोर,GEN,2008-delimitation-order-table-b,GEN,Q3534221,33-26,6,151 152 153 154 155 156,33-151 33-152 33-153 33-154 33-155 33-156,151-Tittakudi (SC); 152-Vriddhachalam; 153-Neyveli; 154-Panruti; 155-Cuddalore; 156-Kurinjipadi,Cuddalore,1,Cuddalore,Cuddalore:0.9891 Viluppuram:0.0109,0,6,6,1,verified,,2008-order-direct,TAMIL NADU PC 26
33-27,33,S22_27,S22,Tamil Nadu,27,Chidambaram,,चिदंबरम,SC,2008-delimitation-order-table-b,SC,Q3533974,33-27,6,148 149 150 157 158 159,33-148 33-149 33-150 33-157 33-158 33-159,148-Kunnam; 149-Ariyalur; 150-Jayankondam; 157-Bhuvanagiri; 158-Chidambaram; 159-Kattumannarkoil (SC),Perambalur; Cuddalore,2,Ariyalur,Ariyalur:0.4889 Cuddalore:0.327 Perambalur:0.181 Tiruchirappalli:0.0032,0,6,6,1,verified,,2008-order-direct,TAMIL NADU PC 27
33-28,33,S22_28,S22,Tamil Nadu,28,Mayiladuthurai,,मयिलादुतुरई,GEN,2008-delimitation-order-table-b,GEN,Q3534106,33-28,6,160 161 162 170 171 172,33-160 33-161 33-162 33-170 33-171 33-172,160-Sirkazhi (SC); 161-Mayiladuthurai; 162-Poompuhar; 170-Thiruvidaimarudur (SC); 171-Kumbakonam; 172-Papanasam,Nagapattinam; Thanjavur,2,Nagappattinam,Nagappattinam:0.5415 Thanjavur:0.4367 Ariyalur:0.0087 Thiruvarur:0.0044 Cuddalore:0.0044,0.0044,6,6,1,verified,,2008-order-direct,TAMIL NADU PC 28
33-29,33,S22_29,S22,Tamil Nadu,29,Nagapattinam,,नागापट्टिनम,SC,2008-delimitation-order-table-b,SC,Q3533967,33-29,6,163 164 165 166 168 169,33-163 33-164 33-165 33-166 33-168 33-169,163-Nagapattinam; 164-Kilvelur (SC); 165-Vedaranyam; 166-Thiruthuraipoondi (SC); 168-Thiruvarur; 169-Nannilam,Nagapattinam; Thiruvarur,2,Thiruvarur,Thiruvarur:0.5519 Nagappattinam:0.4152 Thanjavur:0.0076 Karaikal:0.0025,0.0228,6,6,1,verified,,2008-order-direct,TAMIL NADU PC 29
33-30,33,S22_30,S22,Tamil Nadu,30,Thanjavur,,तंजावूर,GEN,2008-delimitation-order-table-b,GEN,Q3534230,33-30,6,167 173 174 175 176 177,33-167 33-173 33-174 33-175 33-176 33-177,167-Mannargudi; 173-Thiruvaiyaru; 174-Thanjavur; 175-Orathanadu; 176-Pattukkottai; 177-Peravurani,Thiruvarur; Thanjavur,2,Thanjavur,Thanjavur:0.8327 Thiruvarur:0.1495 Pudukkottai:0.0107 Ariyalur:0.0071,0,6,6,1,verified,,2008-order-direct,TAMIL NADU PC 30
33-31,33,S22_31,S22,Tamil Nadu,31,Sivaganga,,शिवगंगा,GEN,2008-delimitation-order-table-b,GEN,Q3534136,33-31,6,181 182 184 185 186 187,33-181 33-182 33-184 33-185 33-186 33-187,181-Thirumayam; 182-Alangudi; 184-Karaikudi; 185-Tiruppattur; 186-Sivaganga; 187-Manamadurai (SC),Pudukkottai; Sivaganga,2,Sivaganga,Sivaganga:0.7368 Pudukkottai:0.257 Madurai:0.0031 Ramanathapuram:0.0031,0,6,6,1,verified,,2008-order-direct,TAMIL NADU PC 31
33-32,33,S22_32,S22,Tamil Nadu,32,Madurai,,मदुरै,GEN,2008-delimitation-order-table-b,GEN,Q3534013,33-32,6,188 189 191 192 193 194,33-188 33-189 33-191 33-192 33-193 33-194,188-Melur; 189-Madurai East; 191-Madurai North; 192-Madurai South; 193-Madurai Central; 194-Madurai West,Madurai,1,Madurai,Madurai:0.9886 Sivaganga:0.0076 Dindigul:0.0038,0,6,6,1,verified,,2008-order-direct,TAMIL NADU PC 32
33-33,33,S22_33,S22,Tamil Nadu,33,Theni,,थेनी,GEN,2008-delimitation-order-table-b,GEN,Q7781368,33-33,6,190 197 198 199 200 201,33-190 33-197 33-198 33-199 33-200 33-201,190-Sholavandan (SC); 197-Usilampatti; 198-Andipatti; 199-Periyakulam (SC); 200-Bodinayakanur; 201-Cumbum,Madurai; Theni,2,Theni,Theni:0.6437 Madurai:0.3506 Dindigul:0.0029 Virudunagar:0.0029,0,6,6,1,verified,,2008-order-direct,TAMIL NADU PC 33
33-34,33,S22_34,S22,Tamil Nadu,34,Virudhunagar,,विरुधुनगर,GEN,2008-delimitation-order-table-b,GEN,Q3534127,33-34,6,195 196 204 205 206 207,33-195 33-196 33-204 33-205 33-206 33-207,195-Thiruparankundram; 196-Tirumangalam; 204-Sattur; 205-Sivakasi; 206-Virudhunagar; 207-Aruppukkottai,Madurai; Virudhunagar,2,Virudunagar,Virudunagar:0.6465 Madurai:0.3505 Sivaganga:0.003,0,5,5,1,verified,,2008-order-direct,TAMIL NADU PC 34
33-35,33,S22_35,S22,Tamil Nadu,35,Ramanathapuram,,रामनाथपुरम,GEN,2008-delimitation-order-table-b,GEN,Q3532492,33-35,6,183 208 209 210 211 212,33-183 33-208 33-209 33-210 33-211 33-212,183-Aranthangi; 208-Tiruchuli; 209-Paramakudi (SC); 210-Tiruvadanai; 211-Ramanathapuram; 212-Mudhukulathur,Pudukkottai; Virudhunagar; Ramanathapuram,3,Ramanathapuram,Ramanathapuram:0.6296 Virudunagar:0.2037 Pudukkottai:0.1435 Sivaganga:0.0093,0.0139,6,6,1,verified,,2008-order-direct,TAMIL NADU PC 35
33-36,33,S22_36,S22,Tamil Nadu,36,Thoothukkudi,,थूथुक्कुडी,GEN,2008-delimitation-order-table-b,GEN,Q3534206,33-36,6,213 214 215 216 217 218,33-213 33-214 33-215 33-216 33-217 33-218,213-Vilathikulam; 214-Thoothukkudi; 215-Tiruchendur; 216-Srivaikuntam; 217-Ottapidaram (SC); 218-Kovilpatti,Thoothukkudi,1,Thoothukkudi,Thoothukkudi:0.9943 Tirunelveli:0.0029,0.0029,6,6,1,verified,,2008-order-direct,TAMIL NADU PC 36
33-37,33,S22_37,S22,Tamil Nadu,37,Tenkasi,,तेनकासी,SC,2008-delimitation-order-table-b,SC,Q3532578,33-37,6,202 203 219 220 221 222,33-202 33-203 33-219 33-220 33-221 33-222,202-Rajapalayam; 203-Srivilliputhur (SC); 219-Sankarankovil (SC); 220-Vasudevanallur (SC); 221-Kadayanallur; 222-Tenkasi,Virudhunagar; Tirunelveli,2,Tirunelveli,Tirunelveli:0.7088 Virudunagar:0.2853 Madurai:0.0029 Thoothukkudi:0.0029,0,6,6,1,verified,,2008-order-direct,TAMIL NADU PC 37
33-38,33,S22_38,S22,Tamil Nadu,38,Tirunelveli,,तिरुनेलवेली,GEN,2008-delimitation-order-table-b,GEN,Q3533981,33-38,6,223 224 225 226 227 228,33-223 33-224 33-225 33-226 33-227 33-228,223-Alangulam; 224-Tirunelveli; 225-Ambasamudram; 226-Palayamkottai; 227-Nanguneri; 228-Radhapuram,Tirunelveli,1,Tirunelveli,Tirunelveli:0.9725 Kollam:0.0028 Kanniyakumari:0.0028 Thoothukkudi:0.0028,0.0193,6,6,1,verified,,2008-order-direct,TAMIL NADU PC 38
33-39,33,S22_39,S22,Tamil Nadu,39,Kanniyakumari,,कन्याकुमारी,GEN,2008-delimitation-order-table-b,GEN,Q12418045,33-39,6,229 230 231 232 233 234,33-229 33-230 33-231 33-232 33-233 33-234,229-Kanniyakumari; 230-Nagercoil; 231-Colachel; 232-Padmanabhapuram; 233-Vilavancode; 234-Killiyoor,Kanniyakumari,1,Kanniyakumari,Kanniyakumari:0.9843 Thiruvananthapuram:0.0026 Tirunelveli:0.0026,0.0105,6,6,1,verified,,2008-order-direct,TAMIL NADU PC 39
36-1,36,S29_1,S29,Telangana,1,Adilabad,,अदीलाबाद,ST,2008-delimitation-order-table-b,ST,Q3630014,36-1,7,1 5 6 7 8 9 10,36-1 36-5 36-6 36-7 36-8 36-9 36-10,1-Sirpur; 5-Asifabad (ST); 6-Khanapur (ST); 7-Adilabad; 8-Boath (ST); 9-Nirmal; 10-Mudhole,Adilabad,1,Adilabad,Adilabad:1,0,7,7,1,verified,,2008-order-renumbered-ap-reorg-2014,AP PC 1
36-2,36,S29_2,S29,Telangana,2,Peddapalle,,पेड्डापल्ले,SC,2008-delimitation-order-table-b,SC,Q3764496,36-2,7,2 3 4 22 23 24 25,36-2 36-3 36-4 36-22 36-23 36-24 36-25,2-Chennur (SC); 3-Bellampalli (SC); 4-Mancherial; 22-Dharmapuri (SC); 23-Ramagundam; 24-Manthani; 25-Peddapalle,Adilabad; Karimnagar,2,Karimnagar,Karimnagar:0.5733 Adilabad:0.4133 Warangal:0.008 Garhchiroli:0.0053,0,6,6,1,verified,,2008-order-renumbered-ap-reorg-2014,AP PC 2
36-3,36,S29_3,S29,Telangana,3,Karimnagar,,करीमनगर,GEN,2008-delimitation-order-table-b,GEN,Q3764353,36-3,7,26 27 28 29 30 31 32,36-26 36-27 36-28 36-29 36-30 36-31 36-32,26-Karimnagar; 27-Choppadandi (SC); 28-Vemulawada; 29-Sircilla; 30-Manakondur (SC); 31-Huzurabad; 32-Husnabad,Karimnagar,1,Karimnagar,Karimnagar:0.9737 Nizamabad:0.0146 Medak:0.0088 Warangal:0.0029,0,7,7,1,verified,,2008-order-renumbered-ap-reorg-2014,AP PC 3
36-4,36,S29_4,S29,Telangana,4,Nizamabad,,निजामाबाद,GEN,2008-delimitation-order-table-b,GEN,Q3764335,36-4,7,11 12 17 18 19 20 21,36-11 36-12 36-17 36-18 36-19 36-20 36-21,11-Armur; 12-Bodhan; 17-Nizamabad (Urban); 18-Nizamabad (Rural); 19-Balkonda; 20-Koratla; 21-Jagtial,Nizamabad; Karimnagar,2,Nizamabad,Nizamabad:0.723 Karimnagar:0.2632 Adilabad:0.0111 Nanded:0.0028,0,7,7,1,verified,,2008-order-renumbered-ap-reorg-2014,AP PC 4
36-5,36,S29_5,S29,Telangana,5,Zahirabad,,ज़हीराबाद सम्पादन,GEN,2008-delimitation-order-table-b,GEN,Q8064692,36-5,7,13 14 15 16 35 36 38,36-13 36-14 36-15 36-16 36-35 36-36 36-38,13-Jukkal (SC); 14-Banswada; 15-Yellareddy; 16-Kamareddy; 35-Narayankhed; 36-Andole (SC); 38-Zahirabad (SC),Nizamabad; Medak,2,Nizamabad,Nizamabad:0.5428 Medak:0.4572,0,7,7,1,verified,,2008-order-renumbered-ap-reorg-2014,AP PC 5
36-6,36,S29_6,S29,Telangana,6,Medak,,मेडक,GEN,2008-delimitation-order-table-b,GEN,Q3764036,36-6,7,33 34 37 39 40 41 42,36-33 36-34 36-37 36-39 36-40 36-41 36-42,33-Siddipet; 34-Medak; 37-Narsapur; 39-Sangareddy; 40-Patancheru; 41-Dubbak; 42-Gajwel,Medak,1,Medak,Medak:0.9939 Rangareddy:0.0031 Karimnagar:0.0031,0,7,7,1,verified,,2008-order-renumbered-ap-reorg-2014,AP PC 6
36-7,36,S29_7,S29,Telangana,7,Malkajgiri,,मल्काजगिरि,GEN,2008-delimitation-order-table-b,GEN,Q6743862,36-7,7,43 44 45 46 47 49 71,36-43 36-44 36-45 36-46 36-47 36-49 36-71,43-Medchal; 44-Malkajgiri; 45-Qutbullapur; 46-Kukatpalle; 47-Uppal; 49-Lal Bahadur Nagar; 71-Secunderabad Cantt (SC),Rangareddi; Hyderabad,2,Rangareddy,Rangareddy:0.9512 Hyderabad:0.0256 Medak:0.0116 Nalgonda:0.0116,0,5,5,1,verified,,2008-order-renumbered-ap-reorg-2014,AP PC 7
36-8,36,S29_8,S29,Telangana,8,Secunderabad,,सिकन्दराबाद,GEN,2008-delimitation-order-table-b,GEN,Q3764327,36-8,7,57 59 60 61 62 63 70,36-57 36-59 36-60 36-61 36-62 36-63 36-70,57-Musheerabad; 59-Amberpet; 60-Khairatabad; 61-Jubilee Hills; 62-Sanathnagar; 63-Nampally; 70-Secunderabad,Hyderabad,1,Hyderabad,Hyderabad:0.7837 Rangareddy:0.2163,0,7,7,1,verified,,2008-order-renumbered-ap-reorg-2014,AP PC 8
36-9,36,S29_9,S29,Telangana,9,Hyderabad,,हैदराबाद,GEN,2008-delimitation-order-table-b,GEN,Q3764307,36-9,7,58 64 65 66 67 68 69,36-58 36-64 36-65 36-66 36-67 36-68 36-69,58-Malakpet; 64-Karwan; 65-Goshamahal; 66-Charminar; 67-Chandrayangutta; 68-Yakutpura; 69-Bahadurpura,Hyderabad,1,Hyderabad,Hyderabad:0.9106 Rangareddy:0.0894,0,7,7,1,verified,,2008-order-renumbered-ap-reorg-2014,AP PC 9
36-10,36,S29_10,S29,Telangana,10,Chevella,,चेवेल्ला,GEN,2008-delimitation-order-table-b,GEN,Q5094314,36-10,7,50 51 52 53 54 55 56,36-50 36-51 36-52 36-53 36-54 36-55 36-56,50-Maheswaram; 51-Rajendranagar; 52-Serilingampally; 53-Chevella (SC); 54-Pargi; 55-Vicarabad (SC); 56-Tandur,Rangareddi,1,Rangareddy,Rangareddy:0.9709 Mahbubnagar:0.0194 Hyderabad:0.0065 Medak:0.0032,0,7,7,1,verified,,2008-order-renumbered-ap-reorg-2014,AP PC 10
36-11,36,S29_11,S29,Telangana,11,Mahbubnagar,,महबूबनगर,GEN,2008-delimitation-order-table-b,GEN,Q3630208,36-11,7,72 73 74 75 76 77 84,36-72 36-73 36-74 36-75 36-76 36-77 36-84,72-Kodangal; 73-Narayanpet; 74-Mahbubnagar; 75-Jadcherla; 76-Devarkadra; 77-Makthal; 84-Shadnagar,Mahbubnagar,1,Mahbubnagar,Mahbubnagar:0.9875 Rangareddy:0.0094 Gulbarga:0.0031,0,7,7,1,verified,,2008-order-renumbered-ap-reorg-2014,AP PC 11
36-12,36,S29_12,S29,Telangana,12,Nagarkurnool,,नगर कुरनूल,SC,2008-delimitation-order-table-b,SC,Q3630009,36-12,7,78 79 80 81 82 83 85,36-78 36-79 36-80 36-81 36-82 36-83 36-85,78-Wanaparthy; 79-Gadwal; 80-Alampur (SC); 81-Nagarkurnool; 82-Achampet (SC); 83-Kalwakurthy; 85-Kollapur,Mahbubnagar,1,Mahbubnagar,Mahbubnagar:0.9873 Kurnool:0.0063 Raichur:0.0032 Prakasam:0.0032,0,7,7,1,verified,,2008-order-renumbered-ap-reorg-2014,AP PC 12
36-13,36,S29_13,S29,Telangana,13,Nalgonda,,नालगौंडा,GEN,2008-delimitation-order-table-b,GEN,Q3763969,36-13,7,86 87 88 89 90 91 92,36-86 36-87 36-88 36-89 36-90 36-91 36-92,86-Devarakonda (ST); 87-Nagarjuna Sagar; 88-Miryalaguda; 89-Huzurnagar; 90-Kodad; 91-Suryapet; 92-Nalgonda,Nalgonda,1,Nalgonda,Nalgonda:0.9938 Mahbubnagar:0.0031 Krishna:0.0031,0,7,7,1,verified,,2008-order-renumbered-ap-reorg-2014,AP PC 13
36-14,36,S29_14,S29,Telangana,14,Bhongir,,भोंगीर,GEN,2008-delimitation-order-table-b,GEN,Q4901952,36-14,7,48 93 94 95 96 97 98,36-48 36-93 36-94 36-95 36-96 36-97 36-98,48-Ibrahimpatnam; 93-Munugode; 94-Bhongir; 95-Nakrekal (SC); 96-Thungathurthi (SC); 97-Alair; 98-Jangaon,Rangareddi; Nalgonda; Warangal,3,Nalgonda,Nalgonda:0.7354 Rangareddy:0.1409 Warangal:0.1237,0,6,6,1,verified,,2008-order-renumbered-ap-reorg-2014,AP PC 14
36-15,36,S29_15,S29,Telangana,15,Warangal,,वारंगल,SC,2008-delimitation-order-table-b,SC,Q3763938,36-15,7,99 100 104 105 106 107 108,36-99 36-100 36-104 36-105 36-106 36-107 36-108,99-Ghanpur (Station) (SC); 100-Palakurthi; 104-Parkal; 105-Warangal West; 106-Warangal East; 107-Wardhannapet (SC); 108-Bhupalpalle,Warangal,1,Warangal,Warangal:0.9755 Karimnagar:0.021 Nalgonda:0.0035,0,6,6,1,verified,,2008-order-renumbered-ap-reorg-2014,AP PC 15
36-16,36,S29_16,S29,Telangana,16,Mahabubabad,,महबूबाबाद,ST,2008-delimitation-order-table-b,ST,Q6732720,36-16,7,101 102 103 109 110 111 119,36-101 36-102 36-103 36-109 36-110 36-111 36-119,101-Dornakal (ST); 102-Mahabubabad (ST); 103-Narsampet; 109-Mulug (ST); 110-Pinapaka (ST); 111-Yellandu (ST); 119-Bhadrachalam (ST),Warangal; Khammam,2,Khammam,Khammam:0.5464 Warangal:0.447 Bijapur:0.0033 East Godavari:0.0033,0,7,7,1,verified,,2008-order-renumbered-ap-reorg-2014,AP PC 16
36-17,36,S29_17,S29,Telangana,17,Khammam,,खम्माम,GEN,2008-delimitation-order-table-b,GEN,Q3764091,36-17,7,112 113 114 115 116 117 118,36-112 36-113 36-114 36-115 36-116 36-117 36-118,112-Khammam; 113-Palair; 114-Madhira (SC); 115-Wyra (ST); 116-Sathupalle (SC); 117-Kothagudem; 118-Aswaraopeta (ST),Khammam,1,Khammam,Khammam:0.9878 West Godavari:0.0082 Krishna:0.0041,0,7,7,1,verified,,2008-order-renumbered-ap-reorg-2014,AP PC 17
16-1,16,S23_1,S23,Tripura,1,Tripura West,,त्रिपुरा पश्चिम,GEN,2008-delimitation-order-table-b,GEN,Q7843879,16-1,30,1 2 3 4 5 6 7 8 9 10 11 12 13 14 15 16 17 18 19 20 21 22 23 30 31 32 33 34 35 36,16-1 16-2 16-3 16-4 16-5 16-6 16-7 16-8 16-9 16-10 16-11 16-12 16-13 16-14 16-15 16-16 16-17 16-18 16-19 16-20 16-21 16-22 16-23 16-30 16-31 16-32 16-33 16-34 16-35 16-36,1-Simna (ST); 2-Mohanpur; 3-Bamutia (SC); 4-Barjala (SC); 5-Khayerpur; 6-Agartala; 7-Ramnagar; 8-Town Bordowali; 9-Banamalipur; 10-Majlishpur; 11-Mandaibazar (ST); 12-Takarjala (ST); 13-Pratapgarh (SC); 14-Badharghat (SC); 15-Kamalasagar; 16-Bishalgarh; 17-Golaghati (ST); 18-Suryamaninagar; 19-Charilam (ST); 20-Boxanagar; 21-Nalchar (SC); 22-Sonamura; 23-Dhanpur; 30-Bagma (ST); 31-Radhakishorepur; 32-Matarbari; 33-Kakraban-Salgarh (SC); 34-Rajnagar (SC); 35-Belonia; 36-Santirbazar,West Tripura; South Tripura,2,West Tripura,West Tripura:0.5943 South Tripura:0.3805,0.0252,29,28,0.966,mostly-verified,,2008-order-direct,TRIPURA PC 1
16-2,16,S23_2,S23,Tripura,2,Tripura East,,त्रिपुरा पूर्व,ST,2008-delimitation-order-table-b,ST,Q7843852,16-2,30,24 25 26 27 28 29 37 38 39 40 41 42 43 44 45 46 47 48 49 50 51 52 53 54 55 56 57 58 59 60,16-24 16-25 16-26 16-27 16-28 16-29 16-37 16-38 16-39 16-40 16-41 16-42 16-43 16-44 16-45 16-46 16-47 16-48 16-49 16-50 16-51 16-52 16-53 16-54 16-55 16-56 16-57 16-58 16-59 16-60,24-Ramchandraghat (ST); 25-Khowai; 26-Asharambari (ST); 27-Kalyanpur—Pramodenagar; 28-Teliamura; 29-Krishnapur (ST); 37-Hrishyamukh; 38-Jolaibari (ST); 39-Manu (ST); 40-Sabroom; 41-Ampinagar (ST); 42-Amarpur; 43-Karbook (ST); 44-Raima Valley (ST); 45-Kamalpur; 46-Surma (SC); 47-Ambassa (ST); 48-Karamchhara (ST); 49-Chhawmanu (ST); 50-Pabiachhara (SC); 51-Fatikroy (SC); 52-Chandipur; 53-Kailasahar; 54-Kadamtala-Kurti; 55-Bagbassa; 56-Dharmanagar; 57-Jubarajnagar; 58-Panisagar; 59-Penchathal (ST); 60-Kanchanpur (ST),West Tripura; South Tripura; Dhalai; North Tripura,4,Dhalai,Dhalai:0.3025 North Tripura:0.2739 South Tripura:0.2611 West Tripura:0.1561 Mamit:0.0032,0.0032,29,29,1,verified,,2008-order-direct,TRIPURA PC 2
9-1,9,S24_1,S24,Uttar Pradesh,1,Saharanpur,,सहारनपुर,GEN,2008-delimitation-order-table-b,GEN,Q7399517,9-1,5,1 3 4 5 6,9-1 9-3 9-4 9-5 9-6,1-Behat; 3-Saharanpur Nagar; 4-Saharanpur; 5-Deoband; 6-Rampur Maniharan (SC),Saharanpur,1,Saharanpur,Saharanpur:0.9969 Hardwar:0.0031,0,5,5,1,verified,,2008-order-direct,UTTAR PRADESH PC 1
9-2,9,S24_2,S24,Uttar Pradesh,2,Kairana,,कैराना,GEN,2008-delimitation-order-table-b,GEN,Q12420818,9-2,5,2 7 8 9 10,9-2 9-7 9-8 9-9 9-10,2-Nakur; 7-Gangoh; 8-Kairana; 9-Thana Bhawan; 10-Shamli,Saharanpur; Muzaffarnagar,2,Saharanpur,Saharanpur:0.5119 Muzaffarnagar:0.4828 Karnal:0.0027 Panipat:0.0027,0,5,5,1,verified,,2008-order-direct,UTTAR PRADESH PC 2
9-3,9,S24_3,S24,Uttar Pradesh,3,Muzaffarnagar,,मुजफ्फरनगर,GEN,2008-delimitation-order-table-b,GEN,Q3630669,9-3,5,11 12 14 15 44,9-11 9-12 9-14 9-15 9-44,11-Budhana; 12-Charthawal; 14-Muzaffar Nagar; 15-Khatauli; 44-Sardhana,Muzaffarnagar; Meerut,2,Muzaffarnagar,Muzaffarnagar:0.7614 Meerut:0.2301 Saharanpur:0.0085,0,5,5,1,verified,,2008-order-direct,UTTAR PRADESH PC 3
9-4,9,S24_4,S24,Uttar Pradesh,4,Bijnor,,बिजनौर,GEN,2008-delimitation-order-table-b,GEN,Q3633391,9-4,5,13 16 22 23 45,9-13 9-16 9-22 9-23 9-45,13-Purqazi (SC); 16-Meerapur; 22-Bijnor; 23-Chandpur; 45-Hastinapur (SC),Muzaffarnagar; Bijnor; Meerut,3,Bijnor,Bijnor:0.3863 Muzaffarnagar:0.3466 Meerut:0.2347 Jyotiba Phule Nagar:0.0181 Hardwar:0.0108 Saharanpur:0.0036,0,5,5,1,verified,,2008-order-direct,UTTAR PRADESH PC 4
9-5,9,S24_5,S24,Uttar Pradesh,5,Nagina,,नगीना,SC,2008-delimitation-order-table-b,SC,Q6958833,9-5,5,17 18 20 21 24,9-17 9-18 9-20 9-21 9-24,17-Najibabad; 18-Nagina (SC); 20-Dhampur; 21-Nehtaur (SC); 24-Noorpur,Bijnor,1,Bijnor,Bijnor:0.9937 Hardwar:0.0063,0,5,4,0.8,mostly-verified,,2008-order-direct,UTTAR PRADESH PC 5
9-6,9,S24_6,S24,Uttar Pradesh,6,Moradabad,,मुरादाबाद,GEN,2008-delimitation-order-table-b,GEN,Q3635773,9-6,5,19 25 26 27 28,9-19 9-25 9-26 9-27 9-28,19-Barhapur; 25-Kanth; 26-Thakurdwara; 27-Moradabad Rural; 28-Moradabad Nagar,Bijnor; Moradabad,2,Bijnor,Bijnor:0.4912 Moradabad:0.4912 Nainital:0.0105 Garhwal:0.007,0,5,5,1,verified,,2008-order-direct,UTTAR PRADESH PC 6
9-7,9,S24_7,S24,Uttar Pradesh,7,Rampur,,रामपुर,GEN,2008-delimitation-order-table-b,GEN,Q7290061,9-7,5,34 35 36 37 38,9-34 9-35 9-36 9-37 9-38,34-Suar; 35-Chamraua; 36-Bilaspur; 37-Rampur; 38-Milak (SC),Rampur,1,Rampur,Rampur:0.9656 Udham Singh Nagar:0.0229 Moradabad:0.0057 Budaun:0.0029 Bareilly:0.0029,0,5,5,1,verified,,2008-order-direct,UTTAR PRADESH PC 7
9-8,9,S24_8,S24,Uttar Pradesh,8,Sambhal,,संभल,GEN,2008-delimitation-order-table-b,GEN,Q7409031,9-8,5,29 30 31 32 33,9-29 9-30 9-31 9-32 9-33,29-Kundarki; 30-Bilari; 31-Chandausi (SC); 32-Asmoli; 33-Sambhal,Moradabad,1,Moradabad,Moradabad:0.9246 Rampur:0.0427 Jyotiba Phule Nagar:0.0201 Budaun:0.0126,0,5,5,1,verified,,2008-order-direct,UTTAR PRADESH PC 8
9-9,9,S24_9,S24,Uttar Pradesh,9,Amroha,,अमरोहा,GEN,2008-delimitation-order-table-b,GEN,Q3633418,9-9,5,39 40 41 42 60,9-39 9-40 9-41 9-42 9-60,39-Dhanaura (SC); 40-Naugawan Sadat; 41-Amroha; 42-Hasanpur; 60-Garhmukteshwar,Jyotiba Phule Nagar; Ghaziabad,2,Jyotiba Phule Nagar,Jyotiba Phule Nagar:0.7748 Ghaziabad:0.1772 Meerut:0.027 Bulandshahr:0.015 Moradabad:0.006,0,5,5,1,verified,,2008-order-direct,UTTAR PRADESH PC 9
9-10,9,S24_10,S24,Uttar Pradesh,10,Meerut,,मेरठ,GEN,2008-delimitation-order-table-b,GEN,Q12447565,9-10,5,46 47 48 49 59,9-46 9-47 9-48 9-49 9-59,46-Kithore; 47-Meerut Cant; 48-Meerut; 49-Meerut South; 59-Hapur (SC),Meerut; Ghaziabad,2,Meerut,Meerut:0.7246 Ghaziabad:0.2754,0,4,4,1,verified,,2008-order-direct,UTTAR PRADESH PC 10
9-11,9,S24_11,S24,Uttar Pradesh,11,Baghpat,,बागपत,GEN,2008-delimitation-order-table-b,GEN,Q3633352,9-11,5,43 50 51 52 57,9-43 9-50 9-51 9-52 9-57,43-Siwalkhas; 50-Chhaprauli; 51-Baraut; 52-Baghpat; 57-Modi Nagar,Meerut; Baghpat; Ghaziabad,3,Baghpat,Baghpat:0.5797 Meerut:0.2415 Ghaziabad:0.1667 Panipat:0.0048 Sonipat:0.0048 Muzaffarnagar:0.0024,0,5,5,1,verified,,2008-order-direct,UTTAR PRADESH PC 11
9-12,9,S24_12,S24,Uttar Pradesh,12,Ghaziabad,,गाज़ियाबाद,GEN,2008-delimitation-order-table-b,GEN,Q5556091,9-12,5,53 54 55 56 58,9-53 9-54 9-55 9-56 9-58,53-Loni; 54-Muradnagar; 55-Sahibabad; 56-Ghaziabad; 58-Dhaulana,Ghaziabad,1,Ghaziabad,Ghaziabad:0.942 Gautam Buddha Nagar:0.0471 Baghpat:0.0109,0,4,4,1,verified,,2008-order-direct,UTTAR PRADESH PC 12
9-13,9,S24_13,S24,Uttar Pradesh,13,Gautam Buddha Nagar,,गौतम बुद्ध नगर,GEN,2008-delimitation-order-table-b,GEN,Q5527870,9-13,5,61 62 63 64 70,9-61 9-62 9-63 9-64 9-70,61-Noida; 62-Dadri; 63-Jewar; 64-Sikandrabad; 70-Khurja (SC),Gautam Buddha Nagar; Bulandshahar,2,Gautam Buddha Nagar,Gautam Buddha Nagar:0.5498 Bulandshahr:0.4411 South:0.003 East:0.003 Faridabad:0.003,0,5,5,1,verified,,2008-order-direct,UTTAR PRADESH PC 13
9-14,9,S24_14,S24,Uttar Pradesh,14,Bulandshahr,,बुलन्दशहर,SC,2008-delimitation-order-table-b,SC,Q3634190,9-14,5,65 66 67 68 69,9-65 9-66 9-67 9-68 9-69,65-Bulandshahr; 66-Syana; 67-Anupshahr; 68-Debai; 69-Shikarpur,Bulandshahar,1,Bulandshahr,Bulandshahr:0.9612 Aligarh:0.0239 Ghaziabad:0.009 Jyotiba Phule Nagar:0.006,0,5,5,1,verified,,2008-order-direct,UTTAR PRADESH PC 14
9-15,9,S24_15,S24,Uttar Pradesh,15,Aligarh,,अलीगढ़,GEN,2008-delimitation-order-table-b,GEN,Q371869,9-15,5,71 72 73 75 76,9-71 9-72 9-73 9-75 9-76,71-Khair (SC); 72-Baroli; 73-Atrauli; 75-Koil; 76-Aligarh,Bulandshahar,1,Aligarh,Aligarh:0.97 Bulandshahr:0.02 Gautam Buddha Nagar:0.0067 Mahamaya Nagar:0.0033,0,4,4,1,verified,,2008-order-direct,UTTAR PRADESH PC 15
9-16,9,S24_16,S24,Uttar Pradesh,16,Hathras,,हाथरस,SC,2008-delimitation-order-table-b,SC,Q5681557,9-16,5,74 77 78 79 80,9-74 9-77 9-78 9-79 9-80,74-Chharra; 77-Iglas (SC); 78-Hathras (SC); 79-Sadabad; 80-Sikandra Rao,Bulandshahar; Mahamaya Nagar,2,Mahamaya Nagar,Mahamaya Nagar:0.542 Aligarh:0.4472 Mathura:0.0108,0,5,5,1,verified,,2008-order-direct,UTTAR PRADESH PC 16
9-17,9,S24_17,S24,Uttar Pradesh,17,Mathura,,मथुरा,GEN,2008-delimitation-order-table-b,GEN,Q3634234,9-17,5,81 82 83 84 85,9-81 9-82 9-83 9-84 9-85,81-Chhata; 82-Mant; 83-Goverdhan; 84-Mathura; 85-Baldev (SC),Mathura,1,Mathura,Mathura:0.9905 Bharatpur:0.0047 Mewat:0.0024 Mahamaya Nagar:0.0024,0,5,5,1,verified,,2008-order-direct,UTTAR PRADESH PC 17
9-18,9,S24_18,S24,Uttar Pradesh,18,Agra,,आगरा,SC,2008-delimitation-order-table-b,SC,Q4693670,9-18,5,86 87 88 89 106,9-86 9-87 9-88 9-89 9-106,86-Etmadpur; 87-Agra Cantt (SC); 88-Agra South; 89-Agra North; 106-Jalesar (SC),Agra; Etah,2,Etah,Etah:0.536 Agra:0.46 Mahamaya Nagar:0.004,0,5,5,1,verified,,2008-order-direct,UTTAR PRADESH PC 18
9-19,9,S24_19,S24,Uttar Pradesh,19,Fatehpur Sikri,,फतेहपुर सीकरी,GEN,2008-delimitation-order-table-b,GEN,Q5437430,9-19,5,90 91 92 93 94,9-90 9-91 9-92 9-93 9-94,90-Agra Rural (SC); 91-Fatehpur Sikri; 92-Kheragarh; 93-Fatehabad; 94-Bah,Agra,1,Agra,Agra:0.9807 Dhaulpur:0.0077 Firozabad:0.0077 Bharatpur:0.0039,0,5,5,1,verified,,2008-order-direct,UTTAR PRADESH PC 19
9-20,9,S24_20,S24,Uttar Pradesh,20,Firozabad,,फिरोजाबाद,GEN,2008-delimitation-order-table-b,GEN,Q5452174,9-20,5,95 96 97 98 99,9-95 9-96 9-97 9-98 9-99,95-Tundla (SC); 96-Jasrana; 97-Firozabad; 98-Shikohabad; 99-Sirsaganj,Firozabad,1,Firozabad,Firozabad:0.9838 Agra:0.0108 Etah:0.0027 Mainpuri:0.0027,0,5,5,1,verified,,2008-order-direct,UTTAR PRADESH PC 20
9-21,9,S24_21,S24,Uttar Pradesh,21,Mainpuri,,मैनपुरी,GEN,2008-delimitation-order-table-b,GEN,Q6736725,9-21,5,107 108 109 110 199,9-107 9-108 9-109 9-110 9-199,107-Mainpuri; 108-Bhongaon; 109-Kishni (SC); 110-Karhal; 199-Jaswantnagar,Mainpuri; Etawah,2,Mainpuri,Mainpuri:0.7569 Etawah:0.2176 Firozabad:0.0162 Etah:0.0046 Auraiya:0.0046,0,4,4,1,verified,,2008-order-direct,UTTAR PRADESH PC 21
9-22,9,S24_22,S24,Uttar Pradesh,22,Etah,,एटा,GEN,2008-delimitation-order-table-b,GEN,Q3634262,9-22,5,100 101 102 104 105,9-100 9-101 9-102 9-104 9-105,100-Kasganj; 101-Amanpur; 102-Patiyali; 104-Etah; 105-Marhara,Etah,1,Kansiram Nagar,Kansiram Nagar:0.6128 Etah:0.3733 Mahamaya Nagar:0.0056 Aligarh:0.0028 Firozabad:0.0028 Budaun:0.0028,0,5,5,1,verified,,2008-order-direct,UTTAR PRADESH PC 22
9-23,9,S24_23,S24,Uttar Pradesh,23,Badaun,,बदायूं,GEN,2008-delimitation-order-table-b,GEN,Q4840644,9-23,5,111 112 113 114 115,9-111 9-112 9-113 9-114 9-115,111-Gunnaur; 112-Bisauli (SC); 113-Sahaswan; 114-Bilsi; 115-Badaun,Budaun,1,Budaun,Budaun:0.9552 Bareilly:0.0168 Bulandshahr:0.0084 Aligarh:0.0084 Kansiram Nagar:0.0056 Jyotiba Phule Nagar:0.0028 Rampur:0.0028,0,5,5,1,verified,,2008-order-direct,UTTAR PRADESH PC 23
9-24,9,S24_24,S24,Uttar Pradesh,24,Aonla,,आंवला,GEN,2008-delimitation-order-table-b,GEN,Q4778703,9-24,5,116 117 122 123 126,9-116 9-117 9-122 9-123 9-126,116-Shekhupur; 117-Dataganj; 122-Faridpur (SC); 123-Bithari Chainpur; 126-Aonla,Budaun; Bareilly,2,Bareilly,Bareilly:0.4777 Budaun:0.4708 Rampur:0.0172 Pilibhit:0.0172 Shahjahanpur:0.0103 Farrukhabad:0.0034 Kansiram Nagar:0.0034,0,5,5,1,verified,,2008-order-direct,UTTAR PRADESH PC 24
9-25,9,S24_25,S24,Uttar Pradesh,25,Bareilly,,बरेली,GEN,2008-delimitation-order-table-b,GEN,Q4860392,9-25,5,119 120 121 124 125,9-119 9-120 9-121 9-124 9-125,119-Meerganj; 120-Bhojipura; 121-Nawabganj; 124-Bareilly; 125-Bareilly Cantt,Bareilly,1,Bareilly,Bareilly:0.9111 Pilibhit:0.0528 Rampur:0.0361,0,5,5,1,verified,,2008-order-direct,UTTAR PRADESH PC 25
9-26,9,S24_26,S24,Uttar Pradesh,26,Pilibhit,,पीलीभीत,GEN,2008-delimitation-order-table-b,GEN,Q7193997,9-26,5,118 127 128 129 130,9-118 9-127 9-128 9-129 9-130,118-Baheri; 127-Pilibhit; 128-Barkhera; 129-Puranpur (SC); 130-Bisalpur,Bareilly; Pilibhit,2,Pilibhit,Pilibhit:0.8252 Bareilly:0.1049 Shahjahanpur:0.028 Udham Singh Nagar:0.0245 Rampur:0.007 Kheri:0.007,0.0035,5,5,1,verified,,2008-order-direct,UTTAR PRADESH PC 26
9-27,9,S24_27,S24,Uttar Pradesh,27,Shahjahanpur,,शाहजहाँपुर,SC,2008-delimitation-order-table-b,SC,Q7461799,9-27,6,131 132 133 134 135 136,9-131 9-132 9-133 9-134 9-135 9-136,131-Katra; 132-Jalalabad; 133-Tilhar; 134-Powayan (SC); 135-Shahjahanpur; 136-Dadral,Shahjahanpur,1,Shahjahanpur,Shahjahanpur:0.981 Pilibhit:0.0114 Hardoi:0.0038 Kheri:0.0038,0,5,5,1,verified,,2008-order-direct,UTTAR PRADESH PC 27
9-28,9,S24_28,S24,Uttar Pradesh,28,Kheri,,खीरी,GEN,2008-delimitation-order-table-b,GEN,Q13512175,9-28,5,137 138 139 140 142,9-137 9-138 9-139 9-140 9-142,137-Palia; 138-Nighasan; 139-Gola Gokrannath; 140-Sri Nagar (SC); 142-Lakhimpur,Kheri,1,Kheri,Kheri:0.9951 Pilibhit:0.0024,0.0024,5,5,1,verified,,2008-order-direct,UTTAR PRADESH PC 28
9-29,9,S24_29,S24,Uttar Pradesh,29,Dhaurahra,,धौरहरा,GEN,2008-delimitation-order-table-b,GEN,Q12434696,9-29,5,141 143 144 145 147,9-141 9-143 9-144 9-145 9-147,141-Dhaurahra; 143-Kasta (SC); 144-Mohammdi; 145-Maholi; 147-Hargaon (SC),Kheri; Sitapur,2,Kheri,Kheri:0.593 Sitapur:0.3825 Shahjahanpur:0.0175 Bahraich:0.007,0,5,5,1,verified,,2008-order-direct,UTTAR PRADESH PC 29
9-30,9,S24_30,S24,Uttar Pradesh,30,Sitapur,,सीतापुर,GEN,2008-delimitation-order-table-b,GEN,Q3630783,9-30,5,146 148 149 150 151,9-146 9-148 9-149 9-150 9-151,146-Sitapur; 148-Laharpur; 149-Biswan; 150-Sevata; 151-Mahmoodabad,Sitapur,1,Sitapur,Sitapur:0.9971 Bara Banki:0.0029,0,5,5,1,verified,,2008-order-direct,UTTAR PRADESH PC 30
9-31,9,S24_31,S24,Uttar Pradesh,31,Hardoi,,हरदोई,SC,2008-delimitation-order-table-b,SC,Q5656282,9-31,5,154 155 156 157 158,9-154 9-155 9-156 9-157 9-158,154-Sawayazpur; 155-Shahabad; 156-Hardoi; 157-Gopamau (SC); 158-Sandi (SC),Hardoi,1,Hardoi,Hardoi:0.9957 Kannauj:0.0022 Shahjahanpur:0.0022,0,4,4,1,verified,,2008-order-direct,UTTAR PRADESH PC 31
9-32,9,S24_32,S24,Uttar Pradesh,32,Misrikh,,मिसरिख,SC,2008-delimitation-order-table-b,SC,Q6875956,9-32,5,153 159 160 161 209,9-153 9-159 9-160 9-161 9-209,153-Misrikh (SC); 159-Bilgram-Mallanwan; 160-Balamau (SC); 161-Sandila; 209-Bilhaur (SC),Sitapur; Hardoi; Kanpur Nagar,3,Hardoi,Hardoi:0.572 Sitapur:0.1975 Kanpur Nagar:0.1893 Kanpur Dehat:0.0165 Unnao:0.0165 Kannauj:0.0082,0,5,5,1,verified,,2008-order-direct,UTTAR PRADESH PC 32
9-33,9,S24_33,S24,Uttar Pradesh,33,Unnao,,उन्नाव,GEN,2008-delimitation-order-table-b,GEN,Q7897148,9-33,6,162 163 164 165 166 167,9-162 9-163 9-164 9-165 9-166 9-167,162-Bangermau; 163-Safipur (SC); 164-Mohan (SC); 165-Unnao; 166-Bhagwantnagar; 167-Purwa,Unnao,1,Unnao,Unnao:0.9867 Hardoi:0.0033 Kanpur Nagar:0.0033 Fatehpur:0.0033 Rae Bareli:0.0033,0,6,6,1,verified,,2008-order-direct,UTTAR PRADESH PC 33
9-34,9,S24_34,S24,Uttar Pradesh,34,Mohanlalganj,,मोहनलाल गंज,SC,2008-delimitation-order-table-b,SC,Q3823603,9-34,5,152 168 169 170 176,9-152 9-168 9-169 9-170 9-176,152-Sidhauli (SC); 168-Malihabad (SC); 169-Bakshi Kaa Talab; 170-Sarojini Nagar; 176-Mohanlalganj (SC),Sitapur; Lucknow,2,Lucknow,Lucknow:0.7657 Sitapur:0.2211 Hardoi:0.0066 Bara Banki:0.0066,0,5,5,1,verified,,2008-order-direct,UTTAR PRADESH PC 34
9-35,9,S24_35,S24,Uttar Pradesh,35,Lucknow,,लखनऊ,GEN,2008-delimitation-order-table-b,GEN,Q6697765,9-35,5,171 172 173 174 175,9-171 9-172 9-173 9-174 9-175,171-Lucknow West; 172-Lucknow North; 173-Lucknow East; 174-Lucknow Central; 175-Lucknow Cantt,Lucknow,1,Lucknow,Lucknow:1,0,5,5,1,verified,,2008-order-direct,UTTAR PRADESH PC 35
9-36,9,S24_36,S24,Uttar Pradesh,36,Rae Bareli,,रायबरेली,GEN,2008-delimitation-order-table-b,GEN,Q7281907,9-36,5,177 179 180 182 183,9-177 9-179 9-180 9-182 9-183,177-Bachhrawan (SC); 179-Harchandpur; 180-Rae Bareli; 182-Sareni; 183-Unchahar,Rae Bareli,1,Rae Bareli,Rae Bareli:0.9909 Fatehpur:0.0061 Unnao:0.003,0,5,5,1,verified,,2008-order-direct,UTTAR PRADESH PC 36
9-37,9,S24_37,S24,Uttar Pradesh,37,Amethi,,अमेठी,GEN,2008-delimitation-order-table-b,GEN,Q4745924,9-37,5,178 181 184 185 186,9-178 9-181 9-184 9-185 9-186,178-Tiloi; 181-Salon (SC); 184-Jagdishpur (SC); 185-Gauriganj; 186-Amethi,Rae Bareli; Sultanpur,2,Sultanpur,Sultanpur:0.5833 Rae Bareli:0.4137 Faizabad:0.003,0,5,5,1,verified,,2008-order-direct,UTTAR PRADESH PC 37
9-38,9,S24_38,S24,Uttar Pradesh,38,Sultanpur,,सुल्तानपुर,GEN,2008-delimitation-order-table-b,GEN,Q7636812,9-38,5,187 188 189 190 191,9-187 9-188 9-189 9-190 9-191,187-Isauli; 188-Sultanpur; 189-Sadar; 190-Lambhua; 191-Kadipur (SC),Sultanpur,1,Sultanpur,Sultanpur:0.9822 Faizabad:0.0059 Pratapgarh:0.0059 Ambedkar Nagar:0.0059,0,5,5,1,verified,,2008-order-direct,UTTAR PRADESH PC 38
9-39,9,S24_39,S24,Uttar Pradesh,39,Pratapgarh,,प्रतापगढ़,GEN,2008-delimitation-order-table-b,GEN,Q7238619,9-39,5,244 247 248 249 250,9-244 9-247 9-248 9-249 9-250,244-Rampur Khas; 247-Vishwanath Ganj; 248-Pratapgarh; 249-Patti; 250-Raniganj,Pratapgarh,1,Pratapgarh,Pratapgarh:0.9833 Rae Bareli:0.01 Allahabad:0.0067,0,4,4,1,verified,,2008-order-direct,UTTAR PRADESH PC 39
9-40,9,S24_40,S24,Uttar Pradesh,40,Farrukhabad,,फरुखाबाद,GEN,2008-delimitation-order-table-b,GEN,Q5436365,9-40,5,103 192 193 194 195,9-103 9-192 9-193 9-194 9-195,103-Aliganj; 192-Kaimganj (SC); 193-Amritpur; 194-Farrukhabad; 195-Bhojpur,Etah; Farrukhabad,2,Farrukhabad,Farrukhabad:0.7547 Etah:0.2187 Budaun:0.0107 Kansiram Nagar:0.008 Kannauj:0.0053 Shahjahanpur:0.0027,0,5,5,1,verified,,2008-order-direct,UTTAR PRADESH PC 40
9-41,9,S24_41,S24,Uttar Pradesh,41,Etawah,,इटावा,SC,2008-delimitation-order-table-b,SC,Q5402455,9-41,5,200 201 203 204 207,9-200 9-201 9-203 9-204 9-207,200-Etawah; 201-Bharthana (SC); 203-Dibiyapur; 204-Auraiya (SC); 207-Sikandra,Etawah; Auraiya; Kanpur Dehat,3,Etawah,Etawah:0.426 Auraiya:0.3357 Kanpur Dehat:0.231 Jalaun:0.0072,0,5,5,1,verified,,2008-order-direct,UTTAR PRADESH PC 41
9-42,9,S24_42,S24,Uttar Pradesh,42,Kannauj,,कन्नौज,GEN,2008-delimitation-order-table-b,GEN,Q12418036,9-42,5,196 197 198 202 205,9-196 9-197 9-198 9-202 9-205,196-Chhibramau; 197-Tirwa; 198-Kannauj (SC); 202-Bidhuna; 205-Rasulabad (SC),Kannauj; Auraiya; Kanpur Dehat,3,Kannauj,Kannauj:0.5411 Kanpur Dehat:0.226 Auraiya:0.2215 Hardoi:0.0068 Farrukhabad:0.0046,0,5,5,1,verified,,2008-order-direct,UTTAR PRADESH PC 42
9-43,9,S24_43,S24,Uttar Pradesh,43,Kanpur,,कानपुर,GEN,2008-delimitation-order-table-b,GEN,Q11032972,9-43,5,212 213 214 215 216,9-212 9-213 9-214 9-215 9-216,212-Govindnagar; 213-Sishamau; 214-Arya Nagar; 215-Kidwai Nagar; 216-Kanpur Cantt,Kanpur Nagar,1,Kanpur Nagar,Kanpur Nagar:0.9694 Unnao:0.0306,0,5,5,1,verified,,2008-order-direct,UTTAR PRADESH PC 43
9-44,9,S24_44,S24,Uttar Pradesh,44,Akbarpur,,अकबरपुर,GEN,2008-delimitation-order-table-b,GEN,Q3633316,9-44,5,206 210 211 217 218,9-206 9-210 9-211 9-217 9-218,206-Akbarpur-Raniya; 210-Bithoor; 211-Kalyanpur; 217-Maharajpur; 218-Ghatampur (SC),Kanpur Dehat; Kanpur Nagar,2,Kanpur Nagar,Kanpur Nagar:0.7284 Kanpur Dehat:0.2556 Unnao:0.0096 Hamirpur:0.0064,0,5,5,1,verified,,2008-order-direct,UTTAR PRADESH PC 44
9-45,9,S24_45,S24,Uttar Pradesh,45,Jalaun,,जालौन,SC,2008-delimitation-order-table-b,SC,Q6126683,9-45,5,208 219 220 221 225,9-208 9-219 9-220 9-221 9-225,208-Bhognipur; 219-Madhaugarh; 220-Kalpi; 221-Orai (SC); 225-Garautha,Kanpur Dehat; Jalaun; Jhansi,3,Jalaun,Jalaun:0.6357 Jhansi:0.2536 Kanpur Dehat:0.1071 Kanpur Nagar:0.0036,0,5,5,1,verified,,2008-order-direct,UTTAR PRADESH PC 45
9-46,9,S24_46,S24,Uttar Pradesh,46,Jhansi,,झांसी,GEN,2008-delimitation-order-table-b,GEN,Q3634171,9-46,5,222 223 224 226 227,9-222 9-223 9-224 9-226 9-227,222-Babina; 223-Jhansi Nagar; 224-Mauranipur (SC); 226-Lalitpur; 227-Mehroni (SC),Jhansi; Lalitpur,2,Lalitpur,Lalitpur:0.6036 Jhansi:0.3782 Tikamgarh:0.0182,0,5,5,1,verified,,2008-order-direct,UTTAR PRADESH PC 46
9-47,9,S24_47,S24,Uttar Pradesh,47,Hamirpur,,हमीरपुर,GEN,2008-delimitation-order-table-b,GEN,Q5645332,9-47,5,228 229 230 231 232,9-228 9-229 9-230 9-231 9-232,228-Hamirpur; 229-Rath (SC); 230-Mahoba; 231-Charkhari; 232-Tindwari,Hamirpur; Mahoba; Banda,3,Hamirpur,Hamirpur:0.4886 Mahoba:0.3286 Banda:0.1686 Fatehpur:0.0057 Jhansi:0.0029 Jalaun:0.0029 Chhatarpur:0.0029,0,5,5,1,verified,,2008-order-direct,UTTAR PRADESH PC 47
9-48,9,S24_48,S24,Uttar Pradesh,48,Banda,,बांदा,GEN,2008-delimitation-order-table-b,GEN,Q1780136,9-48,5,233 234 235 236 237,9-233 9-234 9-235 9-236 9-237,233-Baberu; 234-Naraini (SC); 235-Banda; 236-Chitrakoot; 237-Manikpur,Banda; Chitrakoot,2,Chitrakoot,Chitrakoot:0.4957 Banda:0.4899 Satna:0.0087 Fatehpur:0.0029 Rewa:0.0029,0,5,5,1,verified,,2008-order-direct,UTTAR PRADESH PC 48
9-49,9,S24_49,S24,Uttar Pradesh,49,Fatehpur,,फतेहपुर,GEN,2008-delimitation-order-table-b,GEN,Q5437428,9-49,6,238 239 240 241 242 243,9-238 9-239 9-240 9-241 9-242 9-243,238-Jahanabad; 239-Bindki; 240-Fatehpur; 241-Ayah Shah; 242-Husainganj; 243-Khaga (SC),Fatehpur,1,Fatehpur,Fatehpur:0.9894 Rae Bareli:0.0071 Kanpur Nagar:0.0035,0,6,6,1,verified,,2008-order-direct,UTTAR PRADESH PC 49
9-50,9,S24_50,S24,Uttar Pradesh,50,Kaushambi,,कौशांबी,SC,2008-delimitation-order-table-b,SC,Q6378946,9-50,5,245 246 251 252 253,9-245 9-246 9-251 9-252 9-253,245-Babaganj (SC); 246-Kunda; 251-Sirathu; 252-Manjhanpur (SC); 253-Chail,Pratapgarh; Kaushambi,2,Kaushambi,Kaushambi:0.6229 Pratapgarh:0.3604 Fatehpur:0.0119 Allahabad:0.0048,0,5,5,1,verified,,2008-order-direct,UTTAR PRADESH PC 50
9-51,9,S24_51,S24,Uttar Pradesh,51,Phulpur,,फूलपुर,GEN,2008-delimitation-order-table-b,GEN,Q7188338,9-51,5,254 255 256 261 262,9-254 9-255 9-256 9-261 9-262,254-Phaphamau; 255-Soraon (SC); 256-Phulpur; 261-Allahabad West; 262-Allahabad North,Allahabad,1,Allahabad,Allahabad:0.9656 Pratapgarh:0.0185 Kaushambi:0.0159,0,5,5,1,verified,,2008-order-direct,UTTAR PRADESH PC 51
9-52,9,S24_52,S24,Uttar Pradesh,52,Allahabad,,इलाहाबाद,GEN,2008-delimitation-order-table-b,GEN,Q4730342,9-52,5,259 260 263 264 265,9-259 9-260 9-263 9-264 9-265,259-Meja; 260-Karachhana; 263-Allahabad South; 264-Bara (SC); 265-Koraon (SC),Allahabad,1,Allahabad,Allahabad:0.9887 Kaushambi:0.0057 Rewa:0.0057,0,5,5,1,verified,,2008-order-direct,UTTAR PRADESH PC 52
9-53,9,S24_53,S24,Uttar Pradesh,53,Barabanki,,बाराबंकी,SC,2008-delimitation-order-table-b,SC,Q3633461,9-53,5,266 267 268 269 272,9-266 9-267 9-268 9-269 9-272,266-Kursi; 267-Ram Nagar; 268-Barabanki; 269-Zaidpur (SC); 272-Haidergarh (SC),Barabanki,1,Bara Banki,Bara Banki:0.991 Lucknow:0.003 Sitapur:0.003 Sultanpur:0.003,0,5,5,1,verified,,2008-order-direct,UTTAR PRADESH PC 53
9-54,9,S24_54,S24,Uttar Pradesh,54,Faizabad,,फैजाबाद,GEN,2008-delimitation-order-table-b,GEN,Q5431351,9-54,5,270 271 273 274 275,9-270 9-271 9-273 9-274 9-275,270-Dariyabad; 271-Rudauli; 273-Milkipur (SC); 274-Bikapur; 275-Ayodhya,Barabanki; Faizabad,2,Faizabad,Faizabad:0.7186 Bara Banki:0.2485 Basti:0.024 Gonda:0.009,0,5,5,1,verified,,2008-order-direct,UTTAR PRADESH PC 54
9-55,9,S24_55,S24,Uttar Pradesh,55,Ambedkar Nagar,,अम्बेडकर नगर,GEN,2008-delimitation-order-table-b,GEN,Q4741186,9-55,5,276 277 278 280 281,9-276 9-277 9-278 9-280 9-281,276-Goshainganj; 277-Katehari; 278-Tanda; 280-Jalalpur; 281-Akbarpur,Faizabad; Ambedkar Nagar,2,Ambedkar Nagar,Ambedkar Nagar:0.7476 Faizabad:0.2201 Basti:0.0291 Azamgarh:0.0032,0,5,5,1,verified,,2008-order-direct,UTTAR PRADESH PC 55
9-56,9,S24_56,S24,Uttar Pradesh,56,Bahraich,,बहराइच,SC,2008-delimitation-order-table-b,SC,Q4842725,9-56,5,282 283 284 285 286,9-282 9-283 9-284 9-285 9-286,282-Balha (SC); 283-Nanpara; 284-Matera; 285-Mahasi; 286-Bahraich,Bahraich,1,Bahraich,Bahraich:0.9431 Shrawasti:0.0366 Sitapur:0.0163 Kheri:0.0041,0,5,5,1,verified,,2008-order-direct,UTTAR PRADESH PC 56
9-57,9,S24_57,S24,Uttar Pradesh,57,Kaiserganj,,कैसरगंज,GEN,2008-delimitation-order-table-b,GEN,Q3634204,9-57,5,287 288 297 298 299,9-287 9-288 9-297 9-298 9-299,287-Payagpur; 288-Kaiserganj; 297-Katra Bazar; 298-Colonelganj; 299-Tarabganj,Bahraich; Gonda,2,Gonda,Gonda:0.593 Bahraich:0.2749 Shrawasti:0.1321,0,5,5,1,verified,,2008-order-direct,UTTAR PRADESH PC 57
9-58,9,S24_58,S24,Uttar Pradesh,58,Shrawasti,,श्रावस्ती,GEN,2008-delimitation-order-table-b,GEN,Q7503442,9-58,5,289 290 291 292 294,9-289 9-290 9-291 9-292 9-294,289-Bhinga; 290-Shrawasti; 291-Tulsipur; 292-Gainsari; 294-Balrampur (SC),Shrawasti; Balrampur,2,Balrampur,Balrampur:0.5698 Shrawasti:0.4074 Gonda:0.0114 Bahraich:0.0057,0.0057,5,5,1,verified,,2008-order-direct,UTTAR PRADESH PC 58
9-59,9,S24_59,S24,Uttar Pradesh,59,Gonda,,गोंडा,GEN,2008-delimitation-order-table-b,GEN,Q12424329,9-59,5,293 295 296 300 301,9-293 9-295 9-296 9-300 9-301,293-Utraula; 295-Mehnaun; 296-Gonda; 300-Mankapur (SC); 301-Gaura,Balrampur; Gonda,2,Gonda,Gonda:0.7781 Balrampur:0.2071 Basti:0.0059 Siddharth Nagar:0.0059 Shrawasti:0.003,0,5,5,1,verified,,2008-order-direct,UTTAR PRADESH PC 59
9-60,9,S24_60,S24,Uttar Pradesh,60,Domariyaganj,,डुमरियागंज,GEN,2008-delimitation-order-table-b,GEN,Q5289934,9-60,5,302 303 304 305 306,9-302 9-303 9-304 9-305 9-306,302-Shohratgarh; 303-Kapilvastu (SC); 304-Bansi; 305-Itwa; 306-Domariyaganj,Siddharthnagar,1,Siddharth Nagar,Siddharth Nagar:0.9766 Balrampur:0.0117 Basti:0.0047 Gonda:0.0023 Sant Kabir Nagar:0.0023,0.0023,5,5,1,verified,,2008-order-direct,UTTAR PRADESH PC 60
9-61,9,S24_61,S24,Uttar Pradesh,61,Basti,,बस्ती,GEN,2008-delimitation-order-table-b,GEN,Q4868265,9-61,5,307 308 309 310 311,9-307 9-308 9-309 9-310 9-311,307-Harraiya; 308-Kaptanganj; 309-Rudhauli; 310-Basti Sadar; 311-Mahadewa (SC),Basti,1,Basti,Basti:0.9765 Gonda:0.0078 Sant Kabir Nagar:0.0078 Ambedkar Nagar:0.0052 Faizabad:0.0026,0,5,5,1,verified,,2008-order-direct,UTTAR PRADESH PC 61
9-62,9,S24_62,S24,Uttar Pradesh,62,Sant Kabir Nagar,,सन्त कबीर नगर,GEN,2008-delimitation-order-table-b,GEN,Q7419095,9-62,5,279 312 313 314 325,9-279 9-312 9-313 9-314 9-325,279-Alapur (SC); 312-Menhdawal; 313-Khalilabad; 314-Dhanghata (SC); 325-Khajani (SC),Ambedkar Nagar; Sant Kabir Nagar; Gorakhpur,3,Sant Kabir Nagar,Sant Kabir Nagar:0.6314 Ambedkar Nagar:0.1813 Gorakhpur:0.1782 Basti:0.006 Azamgarh:0.003,0,5,4,0.8,mostly-verified,,2008-order-direct,UTTAR PRADESH PC 62
9-63,9,S24_63,S24,Uttar Pradesh,63,Maharajganj,,महाराजगंज,GEN,2008-delimitation-order-table-b,GEN,Q6733274,9-63,5,315 316 317 318 319,9-315 9-316 9-317 9-318 9-319,315-Pharenda; 316-Nautanwa; 317-Siswa; 318-Maharajganj (SC); 319-Paniyara,Maharajganj,1,Maharajganj,Maharajganj:0.9788 Gorakhpur:0.0159 Siddharth Nagar:0.0053,0,4,4,1,verified,,2008-order-direct,UTTAR PRADESH PC 63
9-64,9,S24_64,S24,Uttar Pradesh,64,Gorakhpur,,गोरखपुर,GEN,2008-delimitation-order-table-b,GEN,Q5584396,9-64,5,320 321 322 323 324,9-320 9-321 9-322 9-323 9-324,320-Caimpiyarganj; 321-Pipraich; 322-Gorakhpur Urban; 323-Gorakhpur Rural; 324-Sahajanwa,Gorakhpur,1,Gorakhpur,Gorakhpur:0.9971 Siddharth Nagar:0.0029,0,5,5,1,verified,,2008-order-direct,UTTAR PRADESH PC 64
9-65,9,S24_65,S24,Uttar Pradesh,65,Kushi Nagar,,कुशीनगर,GEN,2008-delimitation-order-table-b,GEN,Q12420304,9-65,5,329 330 333 334 335,9-329 9-330 9-333 9-334 9-335,329-Khadda; 330-Padrauna; 333-Kushinagar; 334-Hata; 335-Ramkola (SC),Kushi Nagar,1,Kushinagar,Kushinagar:0.9941 Gorakhpur:0.003 Pashchim Champaran:0.003,0,5,5,1,verified,,2008-order-direct,UTTAR PRADESH PC 65
9-66,9,S24_66,S24,Uttar Pradesh,66,Deoria,,देवरिया,GEN,2008-delimitation-order-table-b,GEN,Q3634176,9-66,5,331 332 337 338 339,9-331 9-332 9-337 9-338 9-339,331-Tamkuhi Raj; 332-Fazilnagar; 337-Deoria; 338-Pathardeva; 339-Rampur Karkhana,Kushi Nagar; Deoria,2,Deoria,Deoria:0.5636 Kushinagar:0.4322 Pashchim Champaran:0.0042,0,5,5,1,verified,,2008-order-direct,UTTAR PRADESH PC 66
9-67,9,S24_67,S24,Uttar Pradesh,67,Bansgaon,,बांसगांव,SC,2008-delimitation-order-table-b,SC,Q4857123,9-67,5,326 327 328 336 342,9-326 9-327 9-328 9-336 9-342,326-Chauri-Chaura; 327-Bansgaon (SC); 328-Chillupar; 336-Rudrapur; 342-Barhaj,Gorakhpur; Deoria,2,Gorakhpur,Gorakhpur:0.6006 Deoria:0.3961 Mau:0.0032,0,5,5,1,verified,,2008-order-direct,UTTAR PRADESH PC 67
9-68,9,S24_68,S24,Uttar Pradesh,68,Lalganj,,लालगंज,SC,2008-delimitation-order-table-b,SC,Q6480280,9-68,5,343 348 349 350 351,9-343 9-348 9-349 9-350 9-351,343-Atrauliya; 348-Nizamabad; 349-Phoolpur-Pawai; 350-Didarganj; 351-Lalganj (SC),Azamgarh,1,Azamgarh,Azamgarh:0.9862 Ambedkar Nagar:0.0083 Sultanpur:0.0028 Jaunpur:0.0028,0,5,5,1,verified,,2008-order-direct,UTTAR PRADESH PC 68
9-69,9,S24_69,S24,Uttar Pradesh,69,Azamgarh,,आज़मगढ़,GEN,2008-delimitation-order-table-b,GEN,Q16193457,9-69,5,344 345 346 347 352,9-344 9-345 9-346 9-347 9-352,344-Gopalpur; 345-Sagri; 346-Mubarakpur; 347-Azamgarh; 352-Mehnagar (SC),Azamgarh,1,Azamgarh,Azamgarh:0.9776 Mau:0.0224,0,5,5,1,verified,,2008-order-direct,UTTAR PRADESH PC 69
9-70,9,S24_70,S24,Uttar Pradesh,70,Ghosi,,घोसी,GEN,2008-delimitation-order-table-b,GEN,Q5557002,9-70,5,353 354 355 356 358,9-353 9-354 9-355 9-356 9-358,353-Madhuban; 354-Ghosi; 355-Muhammadabad-Gohna (SC); 356-Mau; 358-Rasara,Mau; Ballia,2,Mau,Mau:0.7656 Ballia:0.2255 Azamgarh:0.003 Deoria:0.003 Ghazipur:0.003,0,5,5,1,verified,,2008-order-direct,UTTAR PRADESH PC 70
9-71,9,S24_71,S24,Uttar Pradesh,71,Salempur,,सलेमपुर,GEN,2008-delimitation-order-table-b,GEN,Q11031937,9-71,5,340 341 357 359 362,9-340 9-341 9-357 9-359 9-362,340-Bhatpar Rani; 341-Salempur (SC); 357-Belthara Road (SC); 359-Sikanderpur; 362-Bansdih,Deoria; Ballia,2,Ballia,Ballia:0.6565 Deoria:0.3321 Mau:0.0038 Gopalganj:0.0038 Siwan:0.0038,0,5,5,1,verified,,2008-order-direct,UTTAR PRADESH PC 71
9-72,9,S24_72,S24,Uttar Pradesh,72,Ballia,,बलिया,GEN,2008-delimitation-order-table-b,GEN,Q4851665,9-72,5,360 361 363 377 378,9-360 9-361 9-363 9-377 9-378,360-Phephana; 361-Ballia Nagar; 363-Bairia; 377-Zahoorabad; 378-Mohammadabad,Ballia; Ghazipur,2,Ballia,Ballia:0.5505 Ghazipur:0.4425 Buxar:0.0035 Bhojpur:0.0035,0,5,5,1,verified,,2008-order-direct,UTTAR PRADESH PC 72
9-73,9,S24_73,S24,Uttar Pradesh,73,Jaunpur,,जौनपुर,GEN,2008-delimitation-order-table-b,GEN,Q6164852,9-73,5,364 365 366 367 368,9-364 9-365 9-366 9-367 9-368,364-Badlapur; 365-Shahganj; 366-Jaunpur; 367-Malhani; 368-Mungra Badshahpur,Jaunpur,1,Jaunpur,Jaunpur:0.9843 Pratapgarh:0.0125 Sultanpur:0.0031,0,5,5,1,verified,,2008-order-direct,UTTAR PRADESH PC 73
9-74,9,S24_74,S24,Uttar Pradesh,74,Machhlishahr,,मछलीशहर,SC,2008-delimitation-order-table-b,SC,Q6723526,9-74,5,369 370 371 372 384,9-369 9-370 9-371 9-372 9-384,369-Machhlishahr (SC); 370-Mariyahu; 371-Zafrabad; 372-Kerakat (SC); 384-Pindra,Jaunpur; Varanasi,2,Jaunpur,Jaunpur:0.8278 Varanasi:0.1667 Azamgarh:0.0056,0,5,5,1,verified,,2008-order-direct,UTTAR PRADESH PC 74
9-75,9,S24_75,S24,Uttar Pradesh,75,Ghazipur,,गाजीपुर,GEN,2008-delimitation-order-table-b,GEN,Q5556103,9-75,5,373 374 375 376 379,9-373 9-374 9-375 9-376 9-379,373-Jakhanian (SC); 374-Saidpur (SC); 375-Ghazipur; 376-Jangipur; 379-Zamania,Ghazipur,1,Ghazipur,Ghazipur:0.9969 Chandauli:0.0031,0,5,5,1,verified,,2008-order-direct,UTTAR PRADESH PC 75
9-76,9,S24_76,S24,Uttar Pradesh,76,Chandauli,,चन्दौली,GEN,2008-delimitation-order-table-b,GEN,Q5070983,9-76,5,380 381 382 385 386,9-380 9-381 9-382 9-385 9-386,380-Mughalsarai; 381-Sakaldiha; 382-Saiyadraja; 385-Ajagara (SC); 386-Shivpur,Ghazipur; Varanasi,2,Chandauli,Chandauli:0.6512 Varanasi:0.3372 Ghazipur:0.0087 Jaunpur:0.0029,0,5,5,1,verified,,2008-order-direct,UTTAR PRADESH PC 76
9-77,9,S24_77,S24,Uttar Pradesh,77,Varanasi,,वाराणसी,GEN,2008-delimitation-order-table-b,GEN,Q3630705,9-77,5,387 388 389 390 391,9-387 9-388 9-389 9-390 9-391,387-Rohaniya; 388-Varanasi North; 389-Varanasi South; 390-Varanasi Cantt; 391-Sevapuri,Varanasi,1,Varanasi,Varanasi:0.982 Mirzapur:0.0103 Sant Ravi Das Nagar(bhadohi):0.0077,0,5,5,1,verified,,2008-order-direct,UTTAR PRADESH PC 77
9-78,9,S24_78,S24,Uttar Pradesh,78,Bhadohi,,भदोही,GEN,2008-delimitation-order-table-b,GEN,Q4900529,9-78,5,257 258 392 393 394,9-257 9-258 9-392 9-393 9-394,257-Pratappur; 258-Handia; 392-Bhadohi; 393-Gyanpur; 394-Aurai (SC),Allahabad; Sant Ravidas Nagar,2,Sant Ravi Das Nagar(bhadohi),Sant Ravi Das Nagar(bhadohi):0.5271 Allahabad:0.4608 Jaunpur:0.006 Mirzapur:0.003 Varanasi:0.003,0,5,5,1,verified,,2008-order-direct,UTTAR PRADESH PC 78
9-79,9,S24_79,S24,Uttar Pradesh,79,Mirzapur,,मिर्जापुर,GEN,2008-delimitation-order-table-b,GEN,Q6874958,9-79,5,395 396 397 398 399,9-395 9-396 9-397 9-398 9-399,395-Chhanbey (SC); 396-Mirzapur; 397-Majhawan; 398-Chunar; 399-Marihan,Mirzapur,1,Mirzapur,Mirzapur:0.9891 Rewa:0.0055 Allahabad:0.0027 Sonbhadra:0.0027,0,5,5,1,verified,,2008-order-direct,UTTAR PRADESH PC 79
9-80,9,S24_80,S24,Uttar Pradesh,80,Robertsganj,,रॉबर्ट्सगंज,SC,2008-delimitation-order-table-b,SC,Q7352073,9-80,5,383 400 401 402 403,9-383 9-400 9-401 9-402 9-403,383-Chakia (SC); 400-Ghorawal; 401-Robertsganj; 402-Obra; 403-Duddhi (SC),Ghazipur; Sonbhadra,2,Sonbhadra,Sonbhadra:0.8304 Chandauli:0.1608 Singrauli:0.0058 Surguja:0.0029,0,5,5,1,verified,,2008-order-direct,UTTAR PRADESH PC 80
5-1,5,S28_1,S28,Uttarakhand,1,Tehri Garhwal,,टिहरी गढ़वाल,GEN,2008-delimitation-order-table-b,GEN,Q7694914,5-1,14,1 2 3 9 12 13 14 15 16 17 19 20 21 22,5-1 5-2 5-3 5-9 5-12 5-13 5-14 5-15 5-16 5-17 5-19 5-20 5-21 5-22,1-Purola (SC); 2-Yamunotri; 3-Gangotri; 9-Ghanshali (SC); 12-Pratapnagar; 13-Tehri; 14-Dhanolti; 15-Chakrata (ST); 16-Vikasnagar; 17-Sahaspur; 19-Raipur; 20-Rajpur Road (SC); 21-Dehradun Cantt; 22-Mussoorie,Uttarkashi; Tehri Garhwal; Dehradun,3,Uttarkashi,Uttarkashi:0.615 Tehri Garhwal:0.2166 Dehradun:0.1631 Shimla:0.0027 Kinnaur:0.0027,0,13,13,1,verified,,2008-order-direct,UTTARAKHAND PC 1
5-2,5,S28_2,S28,Uttarakhand,2,Garhwal,,गढ़वाल,GEN,2008-delimitation-order-table-b,GEN,Q3632618,5-2,14,4 5 6 7 8 10 11 36 37 38 39 40 41 61,5-4 5-5 5-6 5-7 5-8 5-10 5-11 5-36 5-37 5-38 5-39 5-40 5-41 5-61,4-Badrinath; 5-Tharali (SC); 6-Karnprayag; 7-Kedarnath; 8-Rudraprayag; 10-Deoprayag; 11-Narendranagar; 36-Yamkeshwar; 37-Pauri (SC); 38-Srinagar; 39-Chaubattakhal; 40-Lansdowne; 41-Kotdwar; 61-Ramnagar,Chamoli; Rudryaprayag; Tehri Garhwal; Garhwal; Nainital,5,Chamoli,Chamoli:0.4578 Garhwal:0.3182 Rudraprayag:0.1039 Tehri Garhwal:0.0682 Nainital:0.0519,0,14,14,1,verified,,2008-order-direct,UTTARAKHAND PC 2
5-3,5,S28_3,S28,Uttarakhand,3,Almora,,अल्मोड़ा,SC,2008-delimitation-order-table-b,SC,Q3632592,5-3,14,42 43 44 45 46 47 48 49 50 51 52 53 54 55,5-42 5-43 5-44 5-45 5-46 5-47 5-48 5-49 5-50 5-51 5-52 5-53 5-54 5-55,42-Dharchula; 43-Didihat; 44-Pithoragarh; 45-Gangolihat (SC); 46-Kapkote; 47-Bageshwar (SC); 48-Dwarahat; 49-Salt; 50-Ranikhet; 51-Someshwar (SC); 52-Almora; 53-Jageshwar; 54-Lohagat; 55-Champawat,Pithoragarh; Bageshwar; Almora; Champawat,4,Pithoragarh,Pithoragarh:0.5082 Almora:0.2213 Bageshwar:0.1557 Champawat:0.1025 Udham Singh Nagar:0.0123,0,13,13,1,verified,,2008-order-direct,UTTARAKHAND PC 3
5-4,5,S28_4,S28,Uttarakhand,4,Nainital-Udhamsingh Nagar,,नैनीताल-ऊधमसिंह नगर,GEN,2008-delimitation-order-table-b,GEN,Q6959714,5-4,14,56 57 58 59 60 62 63 64 65 66 67 68 69 70,5-56 5-57 5-58 5-59 5-60 5-62 5-63 5-64 5-65 5-66 5-67 5-68 5-69 5-70,56-Lalkuwa; 57-Bhimtal; 58-Nainital (SC); 59-Haldwani; 60-Kaladhungi; 62-Jaspur; 63-Kashipur; 64-Bajpur (SC); 65-Gadarpur; 66-Rudrapur; 67-Kichha; 68-Sitarganj; 69-Nanak Matta (ST); 70-Khatima,Nainital; Udhamsingh Nagar,2,Nainital,Nainital:0.5552 Udham Singh Nagar:0.4188 Pilibhit:0.013 Moradabad:0.0065 Rampur:0.0032 Champawat:0.0032,0,13,13,1,verified,,2008-order-direct,UTTARAKHAND PC 4
5-5,5,S28_5,S28,Uttarakhand,5,Hardwar,,हरिद्वार,GEN,2008-delimitation-order-table-b,GEN,Q5657364,5-5,14,18 23 24 25 26 27 28 29 30 31 32 33 34 35,5-18 5-23 5-24 5-25 5-26 5-27 5-28 5-29 5-30 5-31 5-32 5-33 5-34 5-35,18-Dharampur; 23-Doiwala; 24-Rishikesh; 25-Hardwar; 26-B.H.E.L Ranipur; 27-Jwalapur (SC); 28-Bhagwanpur (SC); 29-Jhabrera (SC); 30-Pirankaliyar; 31-Roorkee; 32-Khanpur; 33-Manglaur; 34-Laksar; 35-Hardwar Rural,Dehradun; Hardwar,2,Hardwar,Hardwar:0.7372 Dehradun:0.2555 Saharanpur:0.0024 Garhwal:0.0024 Tehri Garhwal:0.0024,0,13,13,1,verified,,2008-order-direct,UTTARAKHAND PC 5
19-1,19,S25_1,S25,West Bengal,1,Coochbehar,,कूचबिहार,SC,2008-delimitation-order-table-b,SC,Q3351420,19-1,7,2 3 4 5 6 7 8,19-2 19-3 19-4 19-5 19-6 19-7 19-8,2-MATHABHANGA (SC); 3-COOCHBEHAR UTTAR (SC); 4-COOCHBEHAR DAKSHIN; 5-SITALKUCHI (SC); 6-SITAI (SC); 7-DINHATA; 8-NATABARI,Coochbehar,1,Koch Bihar,Koch Bihar:0.9773 Jalpaiguri:0.0025,0.0202,7,7,1,verified,,2008-order-direct,WEST BENGAL PC 1
19-2,19,S25_2,S25,West Bengal,2,Alipurduars,,अलीपुरद्वार,ST,2008-delimitation-order-table-b,ST,Q4726846,19-2,7,9 10 11 12 13 14 21,19-9 19-10 19-11 19-12 19-13 19-14 19-21,9-TUFANGANJ; 10-KUMARGRAM (ST); 11-KALCHINI (ST); 12-ALIPURDUARS; 13-FALAKATA (SC); 14-MADARIHAT (ST); 21-NAGRAKATA (ST),Coochbehar; Jalpaiguri,2,Jalpaiguri,Jalpaiguri:0.8849 Koch Bihar:0.1032 Kokrajhar:0.0079 Darjiling:0.004,0,7,7,1,verified,,2008-order-direct,WEST BENGAL PC 2
19-3,19,S25_3,S25,West Bengal,3,Jalpaiguri,,जलपाईगुड़ी,SC,2008-delimitation-order-table-b,SC,Q3348198,19-3,7,1 15 16 17 18 19 20,19-1 19-15 19-16 19-17 19-18 19-19 19-20,1-MEKLIGANJ (SC); 15-DHUPGURI (SC); 16-MAYNAGURI (SC); 17-JALPAIGURI (SC); 18-RAJGANJ (SC); 19-DABGRAM-FULBARI; 20-MAL (ST),Coochbehar; Jalpaiguri,2,Jalpaiguri,Jalpaiguri:0.8156 Koch Bihar:0.1531 Darjiling:0.0094,0.0219,6,6,1,verified,,2008-order-direct,WEST BENGAL PC 3
19-4,19,S25_4,S25,West Bengal,4,Darjeeling,,दार्जिलिंग,GEN,2008-delimitation-order-table-b,GEN,Q5223069,19-4,7,22 23 24 25 26 27 28,19-22 19-23 19-24 19-25 19-26 19-27 19-28,22-KALIMPONG; 23-DARJEELING; 24-KURSEONG; 25-MATIGARA-NAXALBARI (SC); 26-SILIGURI; 27-PHANSIDEWA (ST); 28-CHOPRA,Darjeeling; Uttar Dinajpur,2,Darjiling,Darjiling:0.873 Uttar Dinajpur:0.1151 South:0.0079 Kishanganj:0.004,0,7,7,1,verified,,2008-order-direct,WEST BENGAL PC 4
19-5,19,S25_5,S25,West Bengal,5,Raiganj,,रायगंज,GEN,2008-delimitation-order-table-b,GEN,Q12449852,19-5,7,29 30 31 32 33 34 35,19-29 19-30 19-31 19-32 19-33 19-34 19-35,29-ISLAMPUR; 30-GOALPOKHAR; 31-CHAKULIA; 32-KARANDIGHI; 33-HEMTABAD (SC); 34-KALIAGANJ (SC); 35-RAIGANJ,Uttar Dinajpur,1,Uttar Dinajpur,Uttar Dinajpur:0.9729 Purnia:0.0039 Katihar:0.0039 Kishanganj:0.0039,0.0155,7,7,1,verified,,2008-order-direct,WEST BENGAL PC 5
19-6,19,S25_6,S25,West Bengal,6,Balurghat,,बलूरघाट,GEN,2008-delimitation-order-table-b,GEN,Q4853085,19-6,7,36 37 38 39 40 41 42,19-36 19-37 19-38 19-39 19-40 19-41 19-42,36-ITAHAR; 37-KUSHMANDI (SC); 38-KUMARGANJ; 39-BALURGHAT; 40-TAPAN (ST); 41-GANGARAMPUR (SC); 42-HARIRAMPUR,Uttar Dinajpur; Dakshin Dinajpur,2,Dakshin Dinajpur,Dakshin Dinajpur:0.8329 Uttar Dinajpur:0.1616,0.0055,7,7,1,verified,,2008-order-direct,WEST BENGAL PC 6
19-7,19,S25_7,S25,West Bengal,7,Maldaha Uttar,,मालदह उत्तर,GEN,2008-delimitation-order-table-b,GEN,Q6742776,19-7,7,43 44 45 46 47 48 50,19-43 19-44 19-45 19-46 19-47 19-48 19-50,43-HABIBPUR (ST); 44-GAZOLE (SC); 45-CHANCHAL; 46-HARISCHANDRAPUR; 47-MALATIPUR; 48-RATUA; 50-MALDAHA (SC),Maldaha,1,Maldah,Maldah:0.9793 Uttar Dinajpur:0.0059 Dakshin Dinajpur:0.0059 Katihar:0.003,0.0059,7,7,1,verified,,2008-order-direct,WEST BENGAL PC 7
19-8,19,S25_8,S25,West Bengal,8,Maldaha Dakshin,,मालदह दक्षिण,GEN,2008-delimitation-order-table-b,GEN,Q6742775,19-8,7,49 51 52 53 54 55 56,19-49 19-51 19-52 19-53 19-54 19-55 19-56,49-MANIKCHAK; 51-ENGLISH BAZAR; 52-MOTHABARI; 53-SUJAPUR; 54-BAISNABNAGAR; 55-FARAKKA; 56-SAMSERGANJ,Maldaha; Murshidabad,2,Maldah,Maldah:0.7778 Murshidabad:0.1875 Sahibganj:0.0278 Pakur:0.0069,0,7,7,1,verified,,2008-order-direct,WEST BENGAL PC 8
19-9,19,S25_9,S25,West Bengal,9,Jangipur,,जंगीपुर,GEN,2008-delimitation-order-table-b,GEN,Q6154054,19-9,7,57 58 59 60 61 65 66,19-57 19-58 19-59 19-60 19-61 19-65 19-66,57-SUTI; 58-JANGIPUR; 59-RAGHUNATHGANJ; 60-SAGARDIGHI; 61-LALGOLA; 65-NABAGRAM (SC); 66-KHARGRAM (SC),Murshidabad,1,Murshidabad,Murshidabad:0.9789 Birbhum:0.0105 Pakur:0.0035,0.007,7,7,1,verified,,2008-order-direct,WEST BENGAL PC 9
19-10,19,S25_10,S25,West Bengal,10,Baharampur,,बहरामपुर,GEN,2008-delimitation-order-table-b,GEN,Q4842446,19-10,7,67 68 69 70 71 72 74,19-67 19-68 19-69 19-70 19-71 19-72 19-74,67-BURWAN (SC); 68-KANDI; 69-BHARATPUR; 70-REJINAGAR; 71-BELDANGA; 72-BAHARAMPUR; 74-NOWDA,Murshidabad,1,Murshidabad,Murshidabad:0.991 Birbhum:0.006 Nadia:0.003,0,6,6,1,verified,,2008-order-direct,WEST BENGAL PC 10
19-11,19,S25_11,S25,West Bengal,11,Murshidabad,,मुर्शिदाबाद,GEN,2008-delimitation-order-table-b,GEN,Q6939683,19-11,7,62 63 64 73 75 76 77,19-62 19-63 19-64 19-73 19-75 19-76 19-77,62-BHAGAWANGOLA; 63-RANINAGAR; 64-MURSHIDABAD; 73-HARIHARPARA; 75-DOMKAL; 76-JALANGI; 77-KARIMPUR,Murshidabad; Nadia,2,Murshidabad,Murshidabad:0.8504 Nadia:0.1473,0.0024,6,6,1,verified,,2008-order-direct,WEST BENGAL PC 11
19-12,19,S25_12,S25,West Bengal,12,Krishnanagar,,कृषनगर,GEN,2008-delimitation-order-table-b,GEN,Q6437565,19-12,7,78 79 80 81 82 83 85,19-78 19-79 19-80 19-81 19-82 19-83 19-85,78-TEHATTA; 79-PALASHIPARA; 80-KALIGANJ; 81-NAKASHIPARA; 82-CHAPRA; 83-KRISHNANAGAR UTTAR; 85-KRISHNANAGAR DAKSHIN,Nadia,1,Nadia,Nadia:0.9653 Murshidabad:0.0208 Barddhaman:0.0104,0.0035,7,6,0.857,mostly-verified,,2008-order-direct,WEST BENGAL PC 12
19-13,19,S25_13,S25,West Bengal,13,Ranaghat,,राणाघाट,SC,2008-delimitation-order-table-b,SC,Q7290693,19-13,7,84 86 87 88 89 90 91,19-84 19-86 19-87 19-88 19-89 19-90 19-91,84-NABADWIP; 86-SANTIPUR; 87-RANAGHAT UTTAR PASCHIM; 88-KRISHNAGANJ (SC); 89-RANAGHAT UTTAR PURBA (SC); 90-RANAGHAT DAKSHIN (SC); 91-CHAKDAHA,Nadia,1,Nadia,Nadia:0.9884 Barddhaman:0.0029 Hugli:0.0029,0.0058,7,6,0.857,mostly-verified,,2008-order-direct,WEST BENGAL PC 13
19-14,19,S25_14,S25,West Bengal,14,Bangaon,,बनगाँव,SC,2008-delimitation-order-table-b,SC,Q4855093,19-14,7,92 93 94 95 96 97 98,19-92 19-93 19-94 19-95 19-96 19-97 19-98,92-KALYANI (SC); 93-HARINGHATA (SC); 94-BAGDA (SC); 95-BANGAON UTTAR (SC); 96-BANGAON DAKSHIN (SC); 97-GAIGHATA (SC); 98-SWARUPNAGAR (SC),Nadia; North 24 Parganas,2,North 24 Parganas,North 24 Parganas:0.7687 Nadia:0.2313,0,7,7,1,verified,,2008-order-direct,WEST BENGAL PC 14
19-15,19,S25_15,S25,West Bengal,15,Barrackpur,,बैरकपुर,GEN,2008-delimitation-order-table-b,GEN,Q4863171,19-15,7,102 103 104 105 106 107 108,19-102 19-103 19-104 19-105 19-106 19-107 19-108,102-AMDANGA; 103-BIJPUR; 104-NAIHATI; 105-BHATPARA; 106-JAGATDAL; 107-NOAPARA; 108-BARRACKPUR,North 24 Parganas,1,North 24 Parganas,North 24 Parganas:0.9609 Hugli:0.0279 Nadia:0.0112,0,7,7,1,verified,,2008-order-direct,WEST BENGAL PC 15
19-16,19,S25_16,S25,West Bengal,16,Dum Dum,,दमदम,GEN,2008-delimitation-order-table-b,GEN,Q5313570,19-16,7,109 110 111 112 113 114 117,19-109 19-110 19-111 19-112 19-113 19-114 19-117,109-KHARDAHA; 110-DUM DUM UTTAR; 111-PANIHATI; 112-KAMARHATI; 113-BARANAGAR; 114-DUM DUM; 117-RAJARHAT GOPALPUR,North 24 Parganas,1,North 24 Parganas,North 24 Parganas:0.9593 Hugli:0.0298 Haora:0.0054 Kolkata:0.0027 South 24 Parganas:0.0027,0,7,7,1,verified,,2008-order-direct,WEST BENGAL PC 16
19-17,19,S25_17,S25,West Bengal,17,Barasat,,बारासाट,GEN,2008-delimitation-order-table-b,GEN,Q4858448,19-17,7,100 101 115 116 118 119 120,19-100 19-101 19-115 19-116 19-118 19-119 19-120,100-HABRA; 101-ASHOKNAGAR; 115-RAJARHAT NEW TOWN; 116-BIDHANNAGAR; 118-MADHYAMGRAM; 119-BARASAT; 120-DEGANGA,North 24 Parganas,1,North 24 Parganas,North 24 Parganas:0.944 South 24 Parganas:0.0448 Nadia:0.0075 Kolkata:0.0037,0,7,6,0.857,mostly-verified,,2008-order-direct,WEST BENGAL PC 17
19-18,19,S25_18,S25,West Bengal,18,Basirhat,,बसीरहाट,GEN,2008-delimitation-order-table-b,GEN,Q4867561,19-18,7,99 121 122 123 124 125 126,19-99 19-121 19-122 19-123 19-124 19-125 19-126,99-BADURIA; 121-HAROA; 122-MINAKHAN (SC); 123-SANDESHKHALI (ST); 124-BASIRHAT DAKSHIN; 125-BASIRHAT UTTAR; 126-HINGALGANJ (SC),North 24 Parganas,1,North 24 Parganas,North 24 Parganas:0.9444 South 24 Parganas:0.0079,0.0476,7,7,1,verified,,2008-order-direct,WEST BENGAL PC 18
19-19,19,S25_19,S25,West Bengal,19,Jaynagar,,जयनगर,SC,2008-delimitation-order-table-b,SC,Q6167862,19-19,7,127 128 129 136 138 139 141,19-127 19-128 19-129 19-136 19-138 19-139 19-141,127-GOSABA (SC); 128-BASANTI (SC); 129-KULTALI (SC); 136-JAYNAGAR (SC); 138-CANNING PASCHIM (SC); 139-CANNING PURBA; 141-MAGRAHAT PURBA (SC),South 24 Parganas,1,South 24 Parganas,South 24 Parganas:0.3571 North 24 Parganas:0.3473,0.2956,7,7,1,verified,,2008-order-direct,WEST BENGAL PC 19
19-20,19,S25_20,S25,West Bengal,20,Mathurapur,,मथुरापुर,SC,2008-delimitation-order-table-b,SC,Q6787367,19-20,7,130 131 132 133 134 135 142,19-130 19-131 19-132 19-133 19-134 19-135 19-142,130-PATHARPRATIMA; 131-KAKDWIP; 132-SAGAR; 133-KULPI; 134-RAIDIGHI; 135-MANDIRBAZAR (SC); 142-MAGRAHAT PASCHIM,South 24 Parganas,1,South 24 Parganas,South 24 Parganas:0.6253,0.3747,7,7,1,verified,,2008-order-direct,WEST BENGAL PC 20
19-21,19,S25_21,S25,West Bengal,21,Diamond Harbour,,डायमंड हार्बर,GEN,2008-delimitation-order-table-b,GEN,Q5270807,19-21,7,143 144 145 146 155 156 157,19-143 19-144 19-145 19-146 19-155 19-156 19-157,143-DIAMOND HARBOUR; 144-FALTA; 145-SATGACHHIA; 146-BISHNUPUR (SC); 155-MAHESHTALA; 156-BUDGE BUDGE; 157-METIABURUZ,South 24 Parganas,1,South 24 Parganas,South 24 Parganas:0.9607 Haora:0.0091,0.0302,7,7,1,verified,,2008-order-direct,WEST BENGAL PC 21
19-22,19,S25_22,S25,West Bengal,22,Jadavpur,,यादवपुर,GEN,2008-delimitation-order-table-b,GEN,Q12428678,19-22,7,137 140 147 148 150 151 152,19-137 19-140 19-147 19-148 19-150 19-151 19-152,137-BARUIPUR PURBA (SC); 140-BARUIPUR PASCHIM; 147-SONARPUR DAKSHIN; 148-BHANGAR; 150-JADAVPUR; 151-SONARPUR UTTAR; 152-TOLLYGANJ,South 24 Parganas,1,South 24 Parganas,South 24 Parganas:0.989 North 24 Parganas:0.011,0,7,7,1,verified,,2008-order-direct,WEST BENGAL PC 22
19-23,19,S25_23,S25,West Bengal,23,Kolkata Dakshin,,कोलकाता दक्षिण,GEN,2008-delimitation-order-table-b,GEN,Q3348171,19-23,7,149 153 154 158 159 160 161,19-149 19-153 19-154 19-158 19-159 19-160 19-161,149-KASBA; 153-BEHALA PURBA; 154-BEHALA PASCHIM; 158-KOLKATA PORT; 159-BHABANIPUR; 160-RASHBEHARI; 161-BALLYGUNGE,South 24 Parganas; Kolkata,2,South 24 Parganas,South 24 Parganas:0.5757 Kolkata:0.3947 Haora:0.0296,0,7,7,1,verified,,2008-order-direct,WEST BENGAL PC 23
19-24,19,S25_24,S25,West Bengal,24,Kolkata Uttar,,कोलकाता उत्तर,GEN,2008-delimitation-order-table-b,GEN,Q6427315,19-24,7,162 163 164 165 166 167 168,19-162 19-163 19-164 19-165 19-166 19-167 19-168,162-CHOWRANGEE; 163-ENTALLY; 164-BELEGHATA; 165-JORASANKO; 166-SHYAMPUKUR; 167-MANIKTALA; 168-KASHIPUR-BELGACHHIA,Kolkata,1,Kolkata,Kolkata:0.9068 Haora:0.0932,0,7,7,1,verified,,2008-order-direct,WEST BENGAL PC 24
19-25,19,S25_25,S25,West Bengal,25,Howrah,,हावड़ा,GEN,2008-delimitation-order-table-b,GEN,Q3348243,19-25,7,169 170 171 172 173 174 175,19-169 19-170 19-171 19-172 19-173 19-174 19-175,169-BALLY; 170-HOWRAH UTTAR; 171-HOWRAH MADHYA; 172-SHIBPUR; 173-HOWRAH DAKSHIN; 174-SANKRAIL (SC); 175-PANCHLA,Howrah,1,Haora,Haora:1,0,7,7,1,verified,,2008-order-direct,WEST BENGAL PC 25
19-26,19,S25_26,S25,West Bengal,26,Uluberia,,उलूबेरिया,GEN,2008-delimitation-order-table-b,GEN,Q3348210,19-26,7,176 177 178 179 180 181 182,19-176 19-177 19-178 19-179 19-180 19-181 19-182,176-ULUBERIA PURBA; 177-ULUBERIA UTTAR (SC); 178-ULUBERIA DAKSHIN; 179-SHYAMPUR; 180-BAGNAN; 181-AMTA; 182-UDAYNARAYANPUR,Howrah,1,Haora,Haora:0.9562 Hugli:0.0067,0.037,7,7,1,verified,,2008-order-direct,WEST BENGAL PC 26
19-27,19,S25_27,S25,West Bengal,27,Sreerampur,,सेरमपुर,GEN,2008-delimitation-order-table-b,GEN,Q7585738,19-27,7,183 184 185 186 187 194 195,19-183 19-184 19-185 19-186 19-187 19-194 19-195,183-JAGATBALLAVPUR; 184-DOMJUR; 185-UTTARPARA; 186-SREERAMPUR; 187-CHAMPDANI; 194-CHANDITALA; 195-JANGIPARA,Howrah; Hooghly,2,Hugli,Hugli:0.6404 Haora:0.3596,0,7,7,1,verified,,2008-order-direct,WEST BENGAL PC 27
19-28,19,S25_28,S25,West Bengal,28,Hooghly,,हुगली,GEN,2008-delimitation-order-table-b,GEN,Q12460669,19-28,7,188 189 190 191 192 193 197,19-188 19-189 19-190 19-191 19-192 19-193 19-197,188-SINGUR; 189-CHANDANNAGAR; 190-CHUNCHURA; 191-BALAGARH (SC); 192-PANDUA; 193-SAPTAGRAM; 197-DHANEKHALI (SC),Hooghly,1,Hugli,Hugli:0.9898 Barddhaman:0.0102,0,7,7,1,verified,,2008-order-direct,WEST BENGAL PC 28
19-29,19,S25_29,S25,West Bengal,29,Arambag,,आरामबाग,SC,2008-delimitation-order-table-b,SC,Q4783993,19-29,7,196 198 199 200 201 202 232,19-196 19-198 19-199 19-200 19-201 19-202 19-232,196-HARIPAL; 198-TARAKESWAR; 199-PURSURAH; 200-ARAMBAG (SC); 201-GOGHAT (SC); 202-KHANAKUL; 232-CHANDRAKONA (SC),Hooghly; Paschim Medinipur,2,Hugli,Hugli:0.7492 Pashchim Medinipur:0.2343 Bankura:0.0066 Barddhaman:0.0066 Haora:0.0033,0,7,7,1,verified,,2008-order-direct,WEST BENGAL PC 29
19-30,19,S25_30,S25,West Bengal,30,Tamluk,,तामलुक,GEN,2008-delimitation-order-table-b,GEN,Q3351485,19-30,7,203 204 206 207 208 209 210,19-203 19-204 19-206 19-207 19-208 19-209 19-210,203-TAMLUK; 204-PANSKURA PURBA; 206-MOYNA; 207-NANDAKUMAR; 208-MAHISADAL; 209-HALDIA (SC); 210-NANDIGRAM,Purbo Medinipur,1,Purba Medinipur,Purba Medinipur:0.8785 South 24 Parganas:0.0069 Haora:0.0035,0.1111,7,7,1,verified,,2008-order-direct,WEST BENGAL PC 30
19-31,19,S25_31,S25,West Bengal,31,Kanthi,,कांथी,GEN,2008-delimitation-order-table-b,GEN,Q3351410,19-31,7,211 212 213 214 215 216 217,19-211 19-212 19-213 19-214 19-215 19-216 19-217,211-CHANDIPUR; 212-PATASHPUR; 213-KANTHI UTTAR; 214-BHAGABANPUR; 215-KHEJURI (SC); 216-KANTHI DAKSHIN; 217-RAMNAGAR,Purbo Medinipur,1,Purba Medinipur,Purba Medinipur:0.9613 Pashchim Medinipur:0.0089,0.0298,7,7,1,verified,,2008-order-direct,WEST BENGAL PC 31
19-32,19,S25_32,S25,West Bengal,32,Ghatal,,घाटल,GEN,2008-delimitation-order-table-b,GEN,Q5555886,19-32,7,205 226 227 229 230 231 235,19-205 19-226 19-227 19-229 19-230 19-231 19-235,205-PANSKURA PASCHIM; 226-SABANG; 227-PINGLA; 229-DEBRA; 230-DASPUR; 231-GHATAL (SC); 235-KESHPUR (SC),Purbo Medinipur; Paschim Medinipur,2,Pashchim Medinipur,Pashchim Medinipur:0.8944 Purba Medinipur:0.1056,0,7,7,1,verified,,2008-order-direct,WEST BENGAL PC 32
19-33,19,S25_33,S25,West Bengal,33,Jhargram,,झाड़ग्राम,ST,2008-delimitation-order-table-b,ST,Q6190927,19-33,7,220 221 222 233 234 237 238,19-220 19-221 19-222 19-233 19-234 19-237 19-238,220-NAYAGRAM (ST); 221-GOPIBALLAVPUR; 222-JHARGRAM; 233-GARBETA; 234-SALBONI; 237-BINPUR (ST); 238-BANDWAN (ST),Paschim Medinipur; Purulia,2,Pashchim Medinipur,Pashchim Medinipur:0.7935 Puruliya:0.2065,0,7,7,1,verified,,2008-order-direct,WEST BENGAL PC 33
19-34,19,S25_34,S25,West Bengal,34,Medinipur,,मेदिनीपुर,GEN,2008-delimitation-order-table-b,GEN,Q6806969,19-34,7,218 219 223 224 225 228 236,19-218 19-219 19-223 19-224 19-225 19-228 19-236,218-EGRA; 219-DANTAN; 223-KESHIARY (ST); 224-KHARAGPUR SADAR; 225-NARAYANGARH; 228-KHARAGPUR; 236-MEDINIPUR,Purbo Medinipur; Paschim Medinipur,2,Pashchim Medinipur,Pashchim Medinipur:0.8513 Purba Medinipur:0.1487,0,7,7,1,verified,,2008-order-direct,WEST BENGAL PC 34
19-35,19,S25_35,S25,West Bengal,35,Purulia,,पुरूलिया,GEN,2008-delimitation-order-table-b,GEN,Q7261625,19-35,7,239 240 241 242 243 244 245,19-239 19-240 19-241 19-242 19-243 19-244 19-245,239-BALARAMPUR; 240-BAGHMUNDI; 241-JOYPUR; 242-PURULIA; 243-MANBAZAR (ST); 244-KASHIPUR; 245-PARA (SC),Purulia,1,Puruliya,Puruliya:0.9728 Bankura:0.0136 Ranchi:0.0082 Bokaro:0.0054,0,7,7,1,verified,,2008-order-direct,WEST BENGAL PC 35
19-36,19,S25_36,S25,West Bengal,36,Bankura,,बांकुरा,GEN,2008-delimitation-order-table-b,GEN,Q4856799,19-36,7,246 247 248 249 250 251 252,19-246 19-247 19-248 19-249 19-250 19-251 19-252,246-RAGHUNATHPUR (SC); 247-SALTORA (SC); 248-CHHATNA; 249-RANIBANDH (ST); 250-RAIPUR (ST); 251-TALDANGRA; 252-BANKURA,Purulia; Bankura,2,Bankura,Bankura:0.8512 Puruliya:0.1377 Pashchim Medinipur:0.0055 Barddhaman:0.0055,0,7,7,1,verified,,2008-order-direct,WEST BENGAL PC 36
19-37,19,S25_37,S25,West Bengal,37,Bishnupur,,विष्णुपुर,SC,2008-delimitation-order-table-b,SC,Q4917381,19-37,7,253 254 255 256 257 258 259,19-253 19-254 19-255 19-256 19-257 19-258 19-259,253-BARJORA; 254-ONDA; 255-BISHNUPUR; 256-KATULPUR (SC); 257-INDUS (SC); 258-SONAMUKHI (SC); 259-KHANDAGHOSH (SC),Bankura; Bardhaman,2,Bankura,Bankura:0.8728 Barddhaman:0.1221 Pashchim Medinipur:0.0025 Hugli:0.0025,0,7,7,1,verified,,2008-order-direct,WEST BENGAL PC 37
19-38,19,S25_38,S25,West Bengal,38,Bardhaman Purba,,बर्धमान-पूर्बा,SC,2008-delimitation-order-table-b,SC,Q4860138,19-38,7,261 262 264 265 268 269 270,19-261 19-262 19-264 19-265 19-268 19-269 19-270,261-RAINA (SC); 262-JAMALPUR (SC); 264-KALNA (SC); 265-MEMARI; 268-PURBASTHALI DAKSHIN; 269-PURBASTHALI UTTAR; 270-KATWA,Bardhaman,1,Barddhaman,Barddhaman:1,0,7,7,1,verified,,2008-order-direct,WEST BENGAL PC 38
19-39,19,S25_39,S25,West Bengal,39,Bardhaman-Durgapur,,बर्धमान-दुर्गापुर,GEN,2008-delimitation-order-table-b,GEN,Q4860137,19-39,7,260 263 266 267 274 276 277,19-260 19-263 19-266 19-267 19-274 19-276 19-277,260-BARDHAMAN DAKSHIN; 263-MONTESWAR; 266-BARDHAMAN UTTAR (SC); 267-BHATAR; 274-GALSI (SC); 276-DURGAPUR PURBA; 277-DURGAPUR PASCHIM,Bardhaman,1,Barddhaman,Barddhaman:1,0,7,7,1,verified,,2008-order-direct,WEST BENGAL PC 39
19-40,19,S25_40,S25,West Bengal,40,Asansol,,आसनसोल,GEN,2008-delimitation-order-table-b,GEN,Q4803541,19-40,7,275 278 279 280 281 282 283,19-275 19-278 19-279 19-280 19-281 19-282 19-283,275-PANDABESWAR; 278-RANIGANJ; 279-JAMURIA; 280-ASANSOL DAKSHIN; 281-ASANSOL UTTAR; 282-KULTI; 283-BARABANI,Bardhaman,1,Barddhaman,Barddhaman:0.9888 Bankura:0.0056 Jamtara:0.0028 Birbhum:0.0028,0,7,7,1,verified,,2008-order-direct,WEST BENGAL PC 40
19-41,19,S25_41,S25,West Bengal,41,Bolpur,,बोलपुर,SC,2008-delimitation-order-table-b,SC,Q4940018,19-41,7,271 272 273 286 287 288 290,19-271 19-272 19-273 19-286 19-287 19-288 19-290,271-KETUGRAM; 272-MANGALKOT; 273-AUSGRAM (SC); 286-BOLPUR; 287-NANOOR (SC); 288-LABPUR; 290-MAYURESWAR,Bardhaman; Birbhum,2,Birbhum,Birbhum:0.549 Barddhaman:0.451,0,7,7,1,verified,,2008-order-direct,WEST BENGAL PC 41
19-42,19,S25_42,S25,West Bengal,42,Birbhum,,बीरभूम,GEN,2008-delimitation-order-table-b,GEN,Q4915625,19-42,7,284 285 289 291 292 293 294,19-284 19-285 19-289 19-291 19-292 19-293 19-294,284-DUBRAJPUR (SC); 285-SURI; 289-SAINTHIA (SC); 291-RAMPURHAT; 292-HANSAN; 293-NALHATI; 294-MURARAI,Birbhum,1,Birbhum,Birbhum:0.9851 Jamtara:0.0099 Dumka:0.005,0,7,7,1,verified,,2008-order-direct,WEST BENGAL PC 42