pc_code,ac_code,state_ut,pc_no,pc_name,ac_no,ac_name,ac_reserved,district_order,spatial_agrees,spatial_pc
37-1,37-10,Andhra Pradesh,1,Araku,10,Palakonda,ST,Srikakulam,true,Andhra Pradesh 1-Araku
37-1,37-11,Andhra Pradesh,1,Araku,11,Kurupam,ST,Vizianagaram,true,Andhra Pradesh 1-Araku
37-1,37-12,Andhra Pradesh,1,Araku,12,Parvathipuram,SC,Vizianagaram,true,Andhra Pradesh 1-Araku
37-1,37-13,Andhra Pradesh,1,Araku,13,Salur,ST,Vizianagaram,true,Andhra Pradesh 1-Araku
37-1,37-28,Andhra Pradesh,1,Araku,28,Araku Valley,ST,Visakhapatnam,true,Andhra Pradesh 1-Araku
37-1,37-29,Andhra Pradesh,1,Araku,29,Paderu,ST,Visakhapatnam,true,Andhra Pradesh 1-Araku
37-1,37-53,Andhra Pradesh,1,Araku,53,Rampachodovaram,ST,East Godavari,,
37-2,37-1,Andhra Pradesh,2,Srikakulam,1,Ichchapuram,GEN,Srikakulam,true,Andhra Pradesh 2-Srikakulam
37-2,37-2,Andhra Pradesh,2,Srikakulam,2,Palasa,GEN,Srikakulam,true,Andhra Pradesh 2-Srikakulam
37-2,37-3,Andhra Pradesh,2,Srikakulam,3,Tekkali,GEN,Srikakulam,true,Andhra Pradesh 2-Srikakulam
37-2,37-4,Andhra Pradesh,2,Srikakulam,4,Pathapatnam,GEN,Srikakulam,true,Andhra Pradesh 2-Srikakulam
37-2,37-5,Andhra Pradesh,2,Srikakulam,5,Srikakulam,GEN,Srikakulam,true,Andhra Pradesh 2-Srikakulam
37-2,37-6,Andhra Pradesh,2,Srikakulam,6,Amadalavalasa,GEN,Srikakulam,true,Andhra Pradesh 2-Srikakulam
37-2,37-8,Andhra Pradesh,2,Srikakulam,8,Narasannapeta,GEN,Srikakulam,true,Andhra Pradesh 2-Srikakulam
37-3,37-7,Andhra Pradesh,3,Vizianagaram,7,Etcherla,GEN,Srikakulam,true,Andhra Pradesh 3-Vizianagaram
37-3,37-9,Andhra Pradesh,3,Vizianagaram,9,Rajam,SC,Srikakulam,true,Andhra Pradesh 3-Vizianagaram
37-3,37-14,Andhra Pradesh,3,Vizianagaram,14,Bobbili,GEN,Vizianagaram,true,Andhra Pradesh 3-Vizianagaram
37-3,37-15,Andhra Pradesh,3,Vizianagaram,15,Cheepurupalli,GEN,Vizianagaram,,
37-3,37-16,Andhra Pradesh,3,Vizianagaram,16,Gajapathinagaram,GEN,Vizianagaram,true,Andhra Pradesh 3-Vizianagaram
37-3,37-17,Andhra Pradesh,3,Vizianagaram,17,Nellimarla,GEN,Vizianagaram,true,Andhra Pradesh 3-Vizianagaram
37-3,37-18,Andhra Pradesh,3,Vizianagaram,18,Vizianagaram,GEN,Vizianagaram,true,Andhra Pradesh 3-Vizianagaram
37-4,37-19,Andhra Pradesh,4,Visakhapatnam,19,Srungavarapukota,GEN,Vizianagaram,true,Andhra Pradesh 4-Visakhapatnam
37-4,37-20,Andhra Pradesh,4,Visakhapatnam,20,Bhimli,GEN,Visakhapatnam,,
37-4,37-21,Andhra Pradesh,4,Visakhapatnam,21,Visakhapatnam East,GEN,Visakhapatnam,true,Andhra Pradesh 4-Visakhapatnam
37-4,37-22,Andhra Pradesh,4,Visakhapatnam,22,Visakhapatnam South,GEN,Visakhapatnam,true,Andhra Pradesh 4-Visakhapatnam
37-4,37-23,Andhra Pradesh,4,Visakhapatnam,23,Visakhapatnam North,GEN,Visakhapatnam,true,Andhra Pradesh 4-Visakhapatnam
37-4,37-24,Andhra Pradesh,4,Visakhapatnam,24,Visakhapatnam West,GEN,Visakhapatnam,true,Andhra Pradesh 4-Visakhapatnam
37-4,37-25,Andhra Pradesh,4,Visakhapatnam,25,Gajuwaka,GEN,Visakhapatnam,true,Andhra Pradesh 4-Visakhapatnam
37-5,37-26,Andhra Pradesh,5,Anakapalle,26,Chodavaram,GEN,Visakhapatnam,true,Andhra Pradesh 5-Anakapalle
37-5,37-27,Andhra Pradesh,5,Anakapalle,27,Madugula,GEN,Visakhapatnam,true,Andhra Pradesh 5-Anakapalle
37-5,37-30,Andhra Pradesh,5,Anakapalle,30,Anakapalle,GEN,Visakhapatnam,true,Andhra Pradesh 5-Anakapalle
37-5,37-31,Andhra Pradesh,5,Anakapalle,31,Pendurthi,GEN,Visakhapatnam,true,Andhra Pradesh 5-Anakapalle
37-5,37-32,Andhra Pradesh,5,Anakapalle,32,Yelamanchili,GEN,,true,Andhra Pradesh 5-Anakapalle
37-5,37-33,Andhra Pradesh,5,Anakapalle,33,Payakaraopet,SC,Visakhapatnam,true,Andhra Pradesh 5-Anakapalle
37-5,37-34,Andhra Pradesh,5,Anakapalle,34,Narsipatnam,GEN,Visakhapatnam,true,Andhra Pradesh 5-Anakapalle
37-6,37-35,Andhra Pradesh,6,Kakinada,35,Tuni,GEN,East Godavari,true,Andhra Pradesh 6-Kakinada
37-6,37-36,Andhra Pradesh,6,Kakinada,36,Prathipadu,GEN,East Godavari,true,Andhra Pradesh 6-Kakinada
37-6,37-37,Andhra Pradesh,6,Kakinada,37,Pithapuram,GEN,East Godavari,true,Andhra Pradesh 6-Kakinada
37-6,37-38,Andhra Pradesh,6,Kakinada,38,Kakinada Rural,GEN,East Godavari,true,Andhra Pradesh 6-Kakinada
37-6,37-39,Andhra Pradesh,6,Kakinada,39,Peddapuram,GEN,East Godavari,true,Andhra Pradesh 6-Kakinada
37-6,37-41,Andhra Pradesh,6,Kakinada,41,Kakinada City,GEN,East Godavari,true,Andhra Pradesh 6-Kakinada
37-6,37-52,Andhra Pradesh,6,Kakinada,52,Jaggampeta,GEN,East Godavari,true,Andhra Pradesh 6-Kakinada
37-7,37-42,Andhra Pradesh,7,Amalapuram,42,Ramachandrapuram,GEN,East Godavari,true,Andhra Pradesh 7-Amalapuram
37-7,37-43,Andhra Pradesh,7,Amalapuram,43,Mummidivaram,GEN,East Godavari,true,Andhra Pradesh 7-Amalapuram
37-7,37-44,Andhra Pradesh,7,Amalapuram,44,Amalapuram,SC,East Godavari,true,Andhra Pradesh 7-Amalapuram
37-7,37-45,Andhra Pradesh,7,Amalapuram,45,Razole,SC,East Godavari,true,Andhra Pradesh 7-Amalapuram
37-7,37-46,Andhra Pradesh,7,Amalapuram,46,Gannavaram,SC,East Godavari,false,Andhra Pradesh 11-Machilipatnam
37-7,37-47,Andhra Pradesh,7,Amalapuram,47,Kothapeta,GEN,East Godavari,true,Andhra Pradesh 7-Amalapuram
37-7,37-48,Andhra Pradesh,7,Amalapuram,48,Mandapeta,GEN,East Godavari,true,Andhra Pradesh 7-Amalapuram
37-8,37-40,Andhra Pradesh,8,Rajahmundry,40,Anaparthy,GEN,East Godavari,true,Andhra Pradesh 8-Rajahmundry
37-8,37-49,Andhra Pradesh,8,Rajahmundry,49,Rajanagaram,GEN,East Godavari,true,Andhra Pradesh 8-Rajahmundry
37-8,37-50,Andhra Pradesh,8,Rajahmundry,50,Rajahmundry City,GEN,East Godavari,true,Andhra Pradesh 8-Rajahmundry
37-8,37-51,Andhra Pradesh,8,Rajahmundry,51,Rajahmundry Rural,GEN,East Godavari,true,Andhra Pradesh 8-Rajahmundry
37-8,37-54,Andhra Pradesh,8,Rajahmundry,54,Kovvur,SC,West Godavari,true,Andhra Pradesh 8-Rajahmundry
37-8,37-55,Andhra Pradesh,8,Rajahmundry,55,Nidadavole,GEN,West Godavari,true,Andhra Pradesh 8-Rajahmundry
37-8,37-66,Andhra Pradesh,8,Rajahmundry,66,Gopalapuram,SC,West Godavari,true,Andhra Pradesh 8-Rajahmundry
37-9,37-56,Andhra Pradesh,9,Narsapuram,56,Achanta,GEN,West Godavari,true,Andhra Pradesh 9-Narsapuram
37-9,37-57,Andhra Pradesh,9,Narsapuram,57,Palacole,GEN,West Godavari,true,Andhra Pradesh 9-Narsapuram
37-9,37-58,Andhra Pradesh,9,Narsapuram,58,Narsapuram,GEN,West Godavari,,
37-9,37-59,Andhra Pradesh,9,Narsapuram,59,Bhimavaram,GEN,West Godavari,true,Andhra Pradesh 9-Narsapuram
37-9,37-60,Andhra Pradesh,9,Narsapuram,60,Undi,GEN,West Godavari,true,Andhra Pradesh 9-Narsapuram
37-9,37-61,Andhra Pradesh,9,Narsapuram,61,Tanuku,GEN,West Godavari,true,Andhra Pradesh 9-Narsapuram
37-9,37-62,Andhra Pradesh,9,Narsapuram,62,Tadepalligudem,GEN,West Godavari,true,Andhra Pradesh 9-Narsapuram
37-10,37-63,Andhra Pradesh,10,Eluru,63,Unguturu,GEN,West Godavari,,
37-10,37-64,Andhra Pradesh,10,Eluru,64,Denduluru,GEN,West Godavari,true,Andhra Pradesh 10-Eluru
37-10,37-65,Andhra Pradesh,10,Eluru,65,Eluru,GEN,West Godavari,true,Andhra Pradesh 10-Eluru
37-10,37-67,Andhra Pradesh,10,Eluru,67,Polavaram,ST,West Godavari,true,Andhra Pradesh 10-Eluru
37-10,37-68,Andhra Pradesh,10,Eluru,68,Chintalapudi,SC,West Godavari,true,Andhra Pradesh 10-Eluru
37-10,37-70,Andhra Pradesh,10,Eluru,70,Nuzvid,GEN,Krishna,true,Andhra Pradesh 10-Eluru
37-10,37-73,Andhra Pradesh,10,Eluru,73,Kaikalur,GEN,Krishna,true,Andhra Pradesh 10-Eluru
37-11,37-71,Andhra Pradesh,11,Machilipatnam,71,Gannavaram,GEN,Krishna,true,Andhra Pradesh 11-Machilipatnam
37-11,37-72,Andhra Pradesh,11,Machilipatnam,72,Gudivada,GEN,Krishna,true,Andhra Pradesh 11-Machilipatnam
37-11,37-74,Andhra Pradesh,11,Machilipatnam,74,Pedana,GEN,Krishna,true,Andhra Pradesh 11-Machilipatnam
37-11,37-75,Andhra Pradesh,11,Machilipatnam,75,Machilipatnam,GEN,Krishna,true,Andhra Pradesh 11-Machilipatnam
37-11,37-76,Andhra Pradesh,11,Machilipatnam,76,Avanigadda,GEN,Krishna,true,Andhra Pradesh 11-Machilipatnam
37-11,37-77,Andhra Pradesh,11,Machilipatnam,77,Pamarru,SC,Krishna,true,Andhra Pradesh 11-Machilipatnam
37-11,37-78,Andhra Pradesh,11,Machilipatnam,78,Penamaluru,GEN,Krishna,true,Andhra Pradesh 11-Machilipatnam
37-12,37-69,Andhra Pradesh,12,Vijayawada,69,Tiruvuru,SC,Krishna,true,Andhra Pradesh 12-Vijayawada
37-12,37-79,Andhra Pradesh,12,Vijayawada,79,Vijayawada West,GEN,Krishna,true,Andhra Pradesh 12-Vijayawada
37-12,37-80,Andhra Pradesh,12,Vijayawada,80,Vijayawada Central,GEN,Krishna,true,Andhra Pradesh 12-Vijayawada
37-12,37-81,Andhra Pradesh,12,Vijayawada,81,Vijayawada East,GEN,Krishna,true,Andhra Pradesh 12-Vijayawada
37-12,37-82,Andhra Pradesh,12,Vijayawada,82,Mylavaram,GEN,Krishna,true,Andhra Pradesh 12-Vijayawada
37-12,37-83,Andhra Pradesh,12,Vijayawada,83,Nandigama,SC,Krishna,true,Andhra Pradesh 12-Vijayawada
37-12,37-84,Andhra Pradesh,12,Vijayawada,84,Jaggayyapeta,GEN,Krishna,true,Andhra Pradesh 12-Vijayawada
37-13,37-86,Andhra Pradesh,13,Guntur,86,Tadikonda,SC,Guntur,true,Andhra Pradesh 13-Guntur
37-13,37-87,Andhra Pradesh,13,Guntur,87,Mangalagiri,GEN,Guntur,true,Andhra Pradesh 13-Guntur
37-13,37-88,Andhra Pradesh,13,Guntur,88,Ponnuru,GEN,Guntur,,
37-13,37-91,Andhra Pradesh,13,Guntur,91,Tenali,GEN,Guntur,true,Andhra Pradesh 13-Guntur
37-13,37-93,Andhra Pradesh,13,Guntur,93,Prathipadu,SC,Guntur,false,Andhra Pradesh 6-Kakinada
37-13,37-94,Andhra Pradesh,13,Guntur,94,Guntur West,GEN,Guntur,true,Andhra Pradesh 13-Guntur
37-13,37-95,Andhra Pradesh,13,Guntur,95,Guntur East,GEN,Guntur,true,Andhra Pradesh 13-Guntur
37-14,37-85,Andhra Pradesh,14,Narasaraopet,85,Pedakurapadu,GEN,Guntur,true,Andhra Pradesh 14-Narasaraopet
37-14,37-96,Andhra Pradesh,14,Narasaraopet,96,Chilakaluripet,GEN,Guntur,true,Andhra Pradesh 14-Narasaraopet
37-14,37-97,Andhra Pradesh,14,Narasaraopet,97,Narasaraopet,GEN,Guntur,true,Andhra Pradesh 14-Narasaraopet
37-14,37-98,Andhra Pradesh,14,Narasaraopet,98,Sattenapalli,GEN,Guntur,,
37-14,37-99,Andhra Pradesh,14,Narasaraopet,99,Vinukonda,GEN,Guntur,true,Andhra Pradesh 14-Narasaraopet
37-14,37-100,Andhra Pradesh,14,Narasaraopet,100,Gurajala,GEN,,true,Andhra Pradesh 14-Narasaraopet
37-14,37-101,Andhra Pradesh,14,Narasaraopet,101,Macherla,GEN,Guntur,true,Andhra Pradesh 14-Narasaraopet
37-15,37-89,Andhra Pradesh,15,Bapatla,89,Vemuru,SC,Guntur,true,Andhra Pradesh 15-Bapatla
37-15,37-90,Andhra Pradesh,15,Bapatla,90,Repalle,GEN,Guntur,true,Andhra Pradesh 15-Bapatla
37-15,37-92,Andhra Pradesh,15,Bapatla,92,Bapatla,GEN,Guntur,true,Andhra Pradesh 15-Bapatla
37-15,37-104,Andhra Pradesh,15,Bapatla,104,Parchur,GEN,Prakasam,true,Andhra Pradesh 15-Bapatla
37-15,37-105,Andhra Pradesh,15,Bapatla,105,Addanki,GEN,Prakasam,true,Andhra Pradesh 15-Bapatla
37-15,37-106,Andhra Pradesh,15,Bapatla,106,Chirala,GEN,Prakasam,true,Andhra Pradesh 15-Bapatla
37-15,37-107,Andhra Pradesh,15,Bapatla,107,Santhanuthalapadu,SC,Prakasam,true,Andhra Pradesh 15-Bapatla
37-16,37-102,Andhra Pradesh,16,Ongole,102,Yerragondapalem,SC,Prakasam,true,Andhra Pradesh 16-Ongole
37-16,37-103,Andhra Pradesh,16,Ongole,103,Darsi,GEN,Prakasam,true,Andhra Pradesh 16-Ongole
37-16,37-108,Andhra Pradesh,16,Ongole,108,Ongole,GEN,Prakasam,true,Andhra Pradesh 16-Ongole
37-16,37-110,Andhra Pradesh,16,Ongole,110,Kondapi,SC,Prakasam,true,Andhra Pradesh 16-Ongole
37-16,37-111,Andhra Pradesh,16,Ongole,111,Markapuram,GEN,Prakasam,true,Andhra Pradesh 16-Ongole
37-16,37-112,Andhra Pradesh,16,Ongole,112,Giddalur,GEN,Prakasam,true,Andhra Pradesh 16-Ongole
37-16,37-113,Andhra Pradesh,16,Ongole,113,Kanigiri,GEN,Prakasam,true,Andhra Pradesh 16-Ongole
37-17,37-134,Andhra Pradesh,17,Nandyal,134,Allagadda,GEN,Kurnool,true,Andhra Pradesh 17-Nandyal
37-17,37-135,Andhra Pradesh,17,Nandyal,135,Srisailam,GEN,Kurnool,true,Andhra Pradesh 17-Nandyal
37-17,37-136,Andhra Pradesh,17,Nandyal,136,Nandikotkur,SC,Kurnool,true,Andhra Pradesh 17-Nandyal
37-17,37-138,Andhra Pradesh,17,Nandyal,138,Panyam,GEN,Kurnool,true,Andhra Pradesh 17-Nandyal
37-17,37-139,Andhra Pradesh,17,Nandyal,139,Nandyal,GEN,Kurnool,true,Andhra Pradesh 17-Nandyal
37-17,37-140,Andhra Pradesh,17,Nandyal,140,Banaganapalle,GEN,,true,Andhra Pradesh 17-Nandyal
37-17,37-141,Andhra Pradesh,17,Nandyal,141,Dhone,GEN,Kurnool,true,Andhra Pradesh 17-Nandyal
37-18,37-137,Andhra Pradesh,18,Kurnool,137,Kurnool,GEN,Kurnool,true,Andhra Pradesh 18-Kurnool
37-18,37-142,Andhra Pradesh,18,Kurnool,142,Pattikonda,GEN,Kurnool,true,Andhra Pradesh 18-Kurnool
37-18,37-143,Andhra Pradesh,18,Kurnool,143,Kodumur,SC,Kurnool,true,Andhra Pradesh 18-Kurnool
37-18,37-144,Andhra Pradesh,18,Kurnool,144,Yemmiganur,GEN,Kurnool,true,Andhra Pradesh 18-Kurnool
37-18,37-145,Andhra Pradesh,18,Kurnool,145,Mantralayam,GEN,Kurnool,true,Andhra Pradesh 18-Kurnool
37-18,37-146,Andhra Pradesh,18,Kurnool,146,Adoni,GEN,Kurnool,true,Andhra Pradesh 18-Kurnool
37-18,37-147,Andhra Pradesh,18,Kurnool,147,Alur,GEN,Kurnool,true,Andhra Pradesh 18-Kurnool
37-19,37-148,Andhra Pradesh,19,Anantapur,148,Rayadurg,GEN,Anantapur,true,Andhra Pradesh 19-Anantapur
37-19,37-149,Andhra Pradesh,19,Anantapur,149,Uravakonda,GEN,Anantapur,true,Andhra Pradesh 19-Anantapur
37-19,37-150,Andhra Pradesh,19,Anantapur,150,Guntakal,GEN,Anantapur,true,Andhra Pradesh 19-Anantapur
37-19,37-151,Andhra Pradesh,19,Anantapur,151,Tadpatri,GEN,Anantapur,true,Andhra Pradesh 19-Anantapur
37-19,37-152,Andhra Pradesh,19,Anantapur,152,Singanamala,SC,Anantapur,true,Andhra Pradesh 19-Anantapur
37-19,37-153,Andhra Pradesh,19,Anantapur,153,Anantapur Urban,GEN,Anantapur,true,Andhra Pradesh 19-Anantapur
37-19,37-154,Andhra Pradesh,19,Anantapur,154,Kalyandurg,GEN,Anantapur,true,Andhra Pradesh 19-Anantapur
37-20,37-155,Andhra Pradesh,20,Hindupur,155,Raptadu,GEN,Anantapur,true,Andhra Pradesh 20-Hindupur
37-20,37-156,Andhra Pradesh,20,Hindupur,156,Madakasira,SC,Anantapur,true,Andhra Pradesh 20-Hindupur
37-20,37-157,Andhra Pradesh,20,Hindupur,157,Hindupur,GEN,Anantapur,true,Andhra Pradesh 20-Hindupur
37-20,37-158,Andhra Pradesh,20,Hindupur,158,Penukonda,GEN,Anantapur,true,Andhra Pradesh 20-Hindupur
37-20,37-159,Andhra Pradesh,20,Hindupur,159,Puttaparthi,GEN,Anantapur,true,Andhra Pradesh 20-Hindupur
37-20,37-160,Andhra Pradesh,20,Hindupur,160,Dharmavaram,GEN,Anantapur,true,Andhra Pradesh 20-Hindupur
37-20,37-161,Andhra Pradesh,20,Hindupur,161,Kadiri,GEN,Anantapur,true,Andhra Pradesh 20-Hindupur
37-21,37-124,Andhra Pradesh,21,Kadapa,124,Badvel,SC,Kadapa,true,Andhra Pradesh 21-Kadapa
37-21,37-126,Andhra Pradesh,21,Kadapa,126,Kadapa,GEN,Kadapa,true,Andhra Pradesh 21-Kadapa
37-21,37-129,Andhra Pradesh,21,Kadapa,129,Pulivendla,GEN,Kadapa,true,Andhra Pradesh 21-Kadapa
37-21,37-130,Andhra Pradesh,21,Kadapa,130,Kamalapuram,GEN,Kadapa,true,Andhra Pradesh 21-Kadapa
37-21,37-131,Andhra Pradesh,21,Kadapa,131,Jammalamadugu,GEN,Kadapa,true,Andhra Pradesh 21-Kadapa
37-21,37-132,Andhra Pradesh,21,Kadapa,132,Proddatur,GEN,Kadapa,true,Andhra Pradesh 21-Kadapa
37-21,37-133,Andhra Pradesh,21,Kadapa,133,Mydukur,GEN,Kadapa,true,Andhra Pradesh 21-Kadapa
37-22,37-109,Andhra Pradesh,22,Nellore,109,Kandukur,GEN,Prakasam,true,Andhra Pradesh 22-Nellore
37-22,37-114,Andhra Pradesh,22,Nellore,114,Kavali,GEN,Nellore,true,Andhra Pradesh 22-Nellore
37-22,37-115,Andhra Pradesh,22,Nellore,115,Atmakur,GEN,Nellore,true,Andhra Pradesh 22-Nellore
37-22,37-116,Andhra Pradesh,22,Nellore,116,Kovur,GEN,Nellore,true,Andhra Pradesh 22-Nellore
37-22,37-117,Andhra Pradesh,22,Nellore,117,Nellore City,GEN,Nellore,true,Andhra Pradesh 22-Nellore
37-22,37-118,Andhra Pradesh,22,Nellore,118,Nellore Rural,GEN,Nellore,true,Andhra Pradesh 22-Nellore
37-22,37-123,Andhra Pradesh,22,Nellore,123,Udayagiri,GEN,Nellore,true,Andhra Pradesh 22-Nellore
37-23,37-119,Andhra Pradesh,23,Tirupati,119,Sarvepalli,GEN,Nellore,true,Andhra Pradesh 23-Tirupati
37-23,37-120,Andhra Pradesh,23,Tirupati,120,Gudur,SC,Nellore,true,Andhra Pradesh 23-Tirupati
37-23,37-121,Andhra Pradesh,23,Tirupati,121,Sullurpeta,SC,Nellore,true,Andhra Pradesh 23-Tirupati
37-23,37-122,Andhra Pradesh,23,Tirupati,122,Venkatagiri,GEN,Nellore,true,Andhra Pradesh 23-Tirupati
37-23,37-167,Andhra Pradesh,23,Tirupati,167,Tirupati,GEN,Chittoor,true,Andhra Pradesh 23-Tirupati
37-23,37-168,Andhra Pradesh,23,Tirupati,168,Srikalahasti,GEN,Chittoor,true,Andhra Pradesh 23-Tirupati
37-23,37-169,Andhra Pradesh,23,Tirupati,169,Satyavedu,SC,Chittoor,true,Andhra Pradesh 23-Tirupati
37-24,37-125,Andhra Pradesh,24,Rajampet,125,Rajampet,GEN,Kadapa,true,Andhra Pradesh 24-Rajampet
37-24,37-127,Andhra Pradesh,24,Rajampet,127,Kodur,SC,Kadapa,true,Andhra Pradesh 24-Rajampet
37-24,37-128,Andhra Pradesh,24,Rajampet,128,Rayachoti,GEN,Kadapa,true,Andhra Pradesh 24-Rajampet
37-24,37-162,Andhra Pradesh,24,Rajampet,162,Thamballapalle,GEN,Chittoor,true,Andhra Pradesh 24-Rajampet
37-24,37-163,Andhra Pradesh,24,Rajampet,163,Pileru,GEN,Chittoor,true,Andhra Pradesh 24-Rajampet
37-24,37-164,Andhra Pradesh,24,Rajampet,164,Madanapalle,GEN,Chittoor,true,Andhra Pradesh 24-Rajampet
37-24,37-165,Andhra Pradesh,24,Rajampet,165,Punganur,GEN,Chittoor,true,Andhra Pradesh 24-Rajampet
37-25,37-166,Andhra Pradesh,25,Chittoor,166,Chandragiri,GEN,Chittoor,true,Andhra Pradesh 25-Chittoor
37-25,37-170,Andhra Pradesh,25,Chittoor,170,Nagari,GEN,Chittoor,true,Andhra Pradesh 25-Chittoor
37-25,37-171,Andhra Pradesh,25,Chittoor,171,Gangadhara Nellore,SC,Chittoor,true,Andhra Pradesh 25-Chittoor
37-25,37-172,Andhra Pradesh,25,Chittoor,172,Chittoor,GEN,Chittoor,true,Andhra Pradesh 25-Chittoor
37-25,37-173,Andhra Pradesh,25,Chittoor,173,Puthalapattu,SC,Chittoor,true,Andhra Pradesh 25-Chittoor
37-25,37-174,Andhra Pradesh,25,Chittoor,174,Palamaner,GEN,Chittoor,true,Andhra Pradesh 25-Chittoor
37-25,37-175,Andhra Pradesh,25,Chittoor,175,Kuppam,GEN,Chittoor,true,Andhra Pradesh 25-Chittoor
12-1,12-1,Arunachal Pradesh,1,Arunachal West,1,Lumla,ST,Tawang,true,Arunachal Pradesh 1-Arunachal West
12-1,12-2,Arunachal Pradesh,1,Arunachal West,2,Tawang,ST,Tawang,true,Arunachal Pradesh 1-Arunachal West
12-1,12-3,Arunachal Pradesh,1,Arunachal West,3,Mukto,ST,Tawang,true,Arunachal Pradesh 1-Arunachal West
12-1,12-4,Arunachal Pradesh,1,Arunachal West,4,Dirang,ST,West Kameng,true,Arunachal Pradesh 1-Arunachal West
12-1,12-5,Arunachal Pradesh,1,Arunachal West,5,Kalaktang,ST,West Kameng,true,Arunachal Pradesh 1-Arunachal West
12-1,12-6,Arunachal Pradesh,1,Arunachal West,6,Thrizino-Buragaon,ST,West Kameng,true,Arunachal Pradesh 1-Arunachal West
12-1,12-7,Arunachal Pradesh,1,Arunachal West,7,Bomdila,ST,West Kameng,true,Arunachal Pradesh 1-Arunachal West
12-1,12-8,Arunachal Pradesh,1,Arunachal West,8,Bameng,ST,East Kameng,true,Arunachal Pradesh 1-Arunachal West
12-1,12-9,Arunachal Pradesh,1,Arunachal West,9,Chayangtajo,ST,East Kameng,true,Arunachal Pradesh 1-Arunachal West
12-1,12-10,Arunachal Pradesh,1,Arunachal West,10,Seppa East,ST,East Kameng,true,Arunachal Pradesh 1-Arunachal West
12-1,12-11,Arunachal Pradesh,1,Arunachal West,11,Seppa West,ST,East Kameng,true,Arunachal Pradesh 1-Arunachal West
12-1,12-12,Arunachal Pradesh,1,Arunachal West,12,Pakke-Kasang,ST,East Kameng,true,Arunachal Pradesh 1-Arunachal West
12-1,12-13,Arunachal Pradesh,1,Arunachal West,13,Itanagar,ST,Lower Subansiri,true,Arunachal Pradesh 1-Arunachal West
12-1,12-14,Arunachal Pradesh,1,Arunachal West,14,Doimukh,ST,Lower Subansiri,true,Arunachal Pradesh 1-Arunachal West
12-1,12-15,Arunachal Pradesh,1,Arunachal West,15,Sagalee,ST,Lower Subansiri,true,Arunachal Pradesh 1-Arunachal West
12-1,12-16,Arunachal Pradesh,1,Arunachal West,16,Yachuli,ST,Lower Subansiri,true,Arunachal Pradesh 1-Arunachal West
12-1,12-17,Arunachal Pradesh,1,Arunachal West,17,Ziro-Hapoli,ST,Lower Subansiri,true,Arunachal Pradesh 1-Arunachal West
12-1,12-18,Arunachal Pradesh,1,Arunachal West,18,Palin,ST,Lower Subansiri,true,Arunachal Pradesh 1-Arunachal West
12-1,12-19,Arunachal Pradesh,1,Arunachal West,19,Nyapin,ST,Lower Subansiri,true,Arunachal Pradesh 1-Arunachal West
12-1,12-20,Arunachal Pradesh,1,Arunachal West,20,Tali,ST,Lower Subansiri,true,Arunachal Pradesh 1-Arunachal West
12-1,12-21,Arunachal Pradesh,1,Arunachal West,21,Koloriang,ST,Lower Subansiri,true,Arunachal Pradesh 1-Arunachal West
12-1,12-22,Arunachal Pradesh,1,Arunachal West,22,Nacho,ST,Upper Subansiri,true,Arunachal Pradesh 1-Arunachal West
12-1,12-23,Arunachal Pradesh,1,Arunachal West,23,Taliha,ST,Upper Subansiri,true,Arunachal Pradesh 1-Arunachal West
12-1,12-24,Arunachal Pradesh,1,Arunachal West,24,Daporijo,ST,Upper Subansiri,true,Arunachal Pradesh 1-Arunachal West
12-1,12-25,Arunachal Pradesh,1,Arunachal West,25,Raga,ST,Upper Subansiri,true,Arunachal Pradesh 1-Arunachal West
12-1,12-26,Arunachal Pradesh,1,Arunachal West,26,Damporijo,ST,Upper Subansiri,true,Arunachal Pradesh 1-Arunachal West
12-1,12-27,Arunachal Pradesh,1,Arunachal West,27,Liromoba,ST,West Siang,true,Arunachal Pradesh 1-Arunachal West
12-1,12-28,Arunachal Pradesh,1,Arunachal West,28,Likabali,ST,West Siang,true,Arunachal Pradesh 1-Arunachal West
12-1,12-29,Arunachal Pradesh,1,Arunachal West,29,Basar,ST,West Siang,true,Arunachal Pradesh 1-Arunachal West
12-1,12-30,Arunachal Pradesh,1,Arunachal West,30,Along West,ST,West Siang,true,Arunachal Pradesh 1-Arunachal West
12-1,12-31,Arunachal Pradesh,1,Arunachal West,31,Along East,ST,West Siang,true,Arunachal Pradesh 1-Arunachal West
12-1,12-32,Arunachal Pradesh,1,Arunachal West,32,Rumgong,ST,West Siang,true,Arunachal Pradesh 1-Arunachal West
12-1,12-33,Arunachal Pradesh,1,Arunachal West,33,Mechuka,ST,West Siang,true,Arunachal Pradesh 1-Arunachal West
12-2,12-34,Arunachal Pradesh,2,Arunachal East,34,Tuting-Yingkiong,ST,East Siang,,
12-2,12-35,Arunachal Pradesh,2,Arunachal East,35,Pangin,ST,East Siang,true,Arunachal Pradesh 2-Arunachal East
12-2,12-36,Arunachal Pradesh,2,Arunachal East,36,Nari-Koyu,ST,East Siang,true,Arunachal Pradesh 2-Arunachal East
12-2,12-37,Arunachal Pradesh,2,Arunachal East,37,Pasighat West,ST,East Siang,true,Arunachal Pradesh 2-Arunachal East
12-2,12-38,Arunachal Pradesh,2,Arunachal East,38,Pasighat East,ST,East Siang,true,Arunachal Pradesh 2-Arunachal East
12-2,12-39,Arunachal Pradesh,2,Arunachal East,39,Mebo,ST,East Siang,true,Arunachal Pradesh 2-Arunachal East
12-2,12-40,Arunachal Pradesh,2,Arunachal East,40,Mariyang-Geku,ST,East Siang,true,Arunachal Pradesh 2-Arunachal East
12-2,12-41,Arunachal Pradesh,2,Arunachal East,41,Anini,ST,Dibang Valley,true,Arunachal Pradesh 2-Arunachal East
12-2,12-42,Arunachal Pradesh,2,Arunachal East,42,Dambuk,ST,Dibang Valley,true,Arunachal Pradesh 2-Arunachal East
12-2,12-43,Arunachal Pradesh,2,Arunachal East,43,Roing,ST,Dibang Valley,true,Arunachal Pradesh 2-Arunachal East
12-2,12-44,Arunachal Pradesh,2,Arunachal East,44,Tezu,ST,Lohit,true,Arunachal Pradesh 2-Arunachal East
12-2,12-45,Arunachal Pradesh,2,Arunachal East,45,Hayuliang,ST,Lohit,,
12-2,12-46,Arunachal Pradesh,2,Arunachal East,46,Chowkham,ST,Lohit,true,Arunachal Pradesh 2-Arunachal East
12-2,12-47,Arunachal Pradesh,2,Arunachal East,47,Namsai,ST,Lohit,true,Arunachal Pradesh 2-Arunachal East
12-2,12-48,Arunachal Pradesh,2,Arunachal East,48,Lekang,ST,Lohit,true,Arunachal Pradesh 2-Arunachal East
12-2,12-49,Arunachal Pradesh,2,Arunachal East,49,Bordumsa-Diyum,GEN,Changlang,true,Arunachal Pradesh 2-Arunachal East
12-2,12-50,Arunachal Pradesh,2,Arunachal East,50,Miao,ST,Changlang,true,Arunachal Pradesh 2-Arunachal East
12-2,12-51,Arunachal Pradesh,2,Arunachal East,51,Nampong,ST,Changlang,true,Arunachal Pradesh 2-Arunachal East
12-2,12-52,Arunachal Pradesh,2,Arunachal East,52,Changlang South,ST,Changlang,true,Arunachal Pradesh 2-Arunachal East
12-2,12-53,Arunachal Pradesh,2,Arunachal East,53,Changlang North,ST,Changlang,true,Arunachal Pradesh 2-Arunachal East
12-2,12-54,Arunachal Pradesh,2,Arunachal East,54,Namsang,ST,Tirap,true,Arunachal Pradesh 2-Arunachal East
12-2,12-55,Arunachal Pradesh,2,Arunachal East,55,Khonsa East,ST,Tirap,true,Arunachal Pradesh 2-Arunachal East
12-2,12-56,Arunachal Pradesh,2,Arunachal East,56,Khonsa West,ST,Tirap,true,Arunachal Pradesh 2-Arunachal East
12-2,12-57,Arunachal Pradesh,2,Arunachal East,57,Borduria-Bagapani,ST,Tirap,true,Arunachal Pradesh 2-Arunachal East
12-2,12-58,Arunachal Pradesh,2,Arunachal East,58,Kanubari,ST,Tirap,true,Arunachal Pradesh 2-Arunachal East
12-2,12-59,Arunachal Pradesh,2,Arunachal East,59,Longding-Pumao,ST,Tirap,true,Arunachal Pradesh 2-Arunachal East
12-2,12-60,Arunachal Pradesh,2,Arunachal East,60,Pongchou-Wakka,ST,Tirap,true,Arunachal Pradesh 2-Arunachal East
18-1,18-1,Assam,1,Kokrajhar,1,Gossaigaon,GEN,,true,Assam 1-Kokrajhar
18-1,18-2,Assam,1,Kokrajhar,2,Dotma,ST,,,
18-1,18-3,Assam,1,Kokrajhar,3,Kokrajhar,ST,,,
18-1,18-4,Assam,1,Kokrajhar,4,Baokhungri,GEN,,,
18-1,18-5,Assam,1,Kokrajhar,5,Parbatjhora,GEN,,,
18-1,18-19,Assam,1,Kokrajhar,19,Sidli,ST,,true,Assam 1-Kokrajhar
18-1,18-20,Assam,1,Kokrajhar,20,Bijni,GEN,,true,Assam 1-Kokrajhar
18-1,18-41,Assam,1,Kokrajhar,41,Manas,GEN,,,
18-1,18-42,Assam,1,Kokrajhar,42,Baksa,ST,,,
18-2,18-6,Assam,2,Dhubri,6,Golakganj,GEN,,true,Assam 2-Dhubri
18-2,18-7,Assam,2,Dhubri,7,Gauripur,GEN,,false,Assam 1-Kokrajhar
18-2,18-8,Assam,2,Dhubri,8,Dhubri,GEN,,true,Assam 2-Dhubri
18-2,18-9,Assam,2,Dhubri,9,Birsing Jarua,GEN,,,
18-2,18-10,Assam,2,Dhubri,10,Bilasipara,GEN,,,
18-2,18-11,Assam,2,Dhubri,11,Mankachar,GEN,,true,Assam 2-Dhubri
18-2,18-12,Assam,2,Dhubri,12,Jaleshwar,GEN,,,
18-2,18-14,Assam,2,Dhubri,14,Goalpara East,GEN,,true,Assam 2-Dhubri
18-2,18-17,Assam,2,Dhubri,17,Srijangram,GEN,,,
18-2,18-22,Assam,2,Dhubri,22,Mandia,GEN,,,
18-2,18-23,Assam,2,Dhubri,23,Chenga,GEN,,true,Assam 2-Dhubri
18-3,18-16,Assam,3,Barpeta,16,Abhayapuri,GEN,,,
18-3,18-18,Assam,3,Barpeta,18,Bongaigaon,GEN,,true,Assam 3-Barpeta
18-3,18-21,Assam,3,Barpeta,21,Bhowanipur-Sorbhog,GEN,,,
18-3,18-24,Assam,3,Barpeta,24,Barpeta,SC,,true,Assam 3-Barpeta
18-3,18-25,Assam,3,Barpeta,25,Pakabetbari,GEN,,,
18-3,18-26,Assam,3,Barpeta,26,Bajali,GEN,,,
18-3,18-30,Assam,3,Barpeta,30,Hajo-Sualkuchi,SC,,,
18-3,18-38,Assam,3,Barpeta,38,Barkhetri,GEN,,,
18-3,18-39,Assam,3,Barpeta,39,Nalbari,GEN,,true,Assam 3-Barpeta
18-3,18-40,Assam,3,Barpeta,40,Tihu,GEN,,,
18-4,18-31,Assam,4,Darrang-Udalguri,31,Rangia,GEN,,,
18-4,18-32,Assam,4,Darrang-Udalguri,32,Kamalpur,GEN,,true,Assam 4-Darrang Udalguri
18-4,18-43,Assam,4,Darrang-Udalguri,43,Tamulpur,ST,,true,Assam 4-Darrang Udalguri
18-4,18-44,Assam,4,Darrang-Udalguri,44,Goreswar,GEN,,,
18-4,18-45,Assam,4,Darrang-Udalguri,45,Bhergaon,GEN,,,
18-4,18-46,Assam,4,Darrang-Udalguri,46,Udalguri,ST,,true,Assam 4-Darrang Udalguri
18-4,18-47,Assam,4,Darrang-Udalguri,47,Mazbat,GEN,,,
18-4,18-48,Assam,4,Darrang-Udalguri,48,Tangla,GEN,,,
18-4,18-49,Assam,4,Darrang-Udalguri,49,Sipajhar,GEN,,true,Assam 4-Darrang Udalguri
18-4,18-50,Assam,4,Darrang-Udalguri,50,Mangaldai,GEN,,,
18-4,18-51,Assam,4,Darrang-Udalguri,51,Dalgaon,GEN,,true,Assam 4-Darrang Udalguri
18-5,18-13,Assam,5,Guwahati,13,Goalpara West,ST,,false,Assam 2-Dhubri
18-5,18-15,Assam,5,Guwahati,15,Dudhnai,ST,,true,Assam 5-Gauhati
18-5,18-27,Assam,5,Guwahati,27,Chamaria,GEN,,,
18-5,18-28,Assam,5,Guwahati,28,Boko-Chaygaon,ST,,,
18-5,18-29,Assam,5,Guwahati,29,Palasbari,GEN,,true,Assam 5-Gauhati
18-5,18-33,Assam,5,Guwahati,33,Dispur,GEN,,true,Assam 5-Gauhati
18-5,18-34,Assam,5,Guwahati,34,Dimoria,SC,,,
18-5,18-35,Assam,5,Guwahati,35,New Guwahati,GEN,,,
18-5,18-36,Assam,5,Guwahati,36,Guwahati Central,GEN,,,
18-5,18-37,Assam,5,Guwahati,37,Jalukbari,GEN,,false,Assam 4-Darrang Udalguri
18-6,18-108,Assam,6,Diphu,108,Bokajan,ST,,true,Assam 6-Diphu
18-6,18-109,Assam,6,Diphu,109,Howarghat,ST,,,
18-6,18-110,Assam,6,Diphu,110,Diphu,ST,,true,Assam 6-Diphu
18-6,18-111,Assam,6,Diphu,111,Rongkhang,ST,,,
18-6,18-112,Assam,6,Diphu,112,Amri,ST,,,
18-6,18-113,Assam,6,Diphu,113,Haflong,ST,,true,Assam 6-Diphu
18-7,18-121,Assam,7,Karimganj,121,Hailakandi,GEN,,true,Assam 7-Karimganj
18-7,18-122,Assam,7,Karimganj,122,Algapur-Katlicherra,GEN,,,
18-7,18-123,Assam,7,Karimganj,123,Karimganj North,GEN,,true,Assam 7-Karimganj
18-7,18-124,Assam,7,Karimganj,124,Karimganj South,GEN,,true,Assam 7-Karimganj
18-7,18-125,Assam,7,Karimganj,125,Patharkandi,GEN,,true,Assam 7-Karimganj
18-7,18-126,Assam,7,Karimganj,126,Ram Krishna Nagar,SC,,,
18-8,18-114,Assam,8,Silchar,114,Lakhipur,GEN,,true,Assam 8-Silchar
18-8,18-115,Assam,8,Silchar,115,Udharbond,GEN,,true,Assam 8-Silchar
18-8,18-116,Assam,8,Silchar,116,Katigorah,GEN,,,
18-8,18-117,Assam,8,Silchar,117,Barkhola,GEN,,true,Assam 8-Silchar
18-8,18-118,Assam,8,Silchar,118,Silchar,GEN,,true,Assam 8-Silchar
18-8,18-119,Assam,8,Silchar,119,Sonai,GEN,,true,Assam 8-Silchar
18-8,18-120,Assam,8,Silchar,120,Dholai,SC,,true,Assam 8-Silchar
18-9,18-52,Assam,9,Nagaon,52,Jagiroad,SC,,true,Assam 9-Nagaon
18-9,18-53,Assam,9,Nagaon,53,Laharighat,GEN,,true,Assam 9-Nagaon
18-9,18-54,Assam,9,Nagaon,54,Morigaon,GEN,,,
18-9,18-55,Assam,9,Nagaon,55,Dhing,GEN,,false,Assam 11-Sonitpur
18-9,18-56,Assam,9,Nagaon,56,Rupahihat,GEN,,,
18-9,18-58,Assam,9,Nagaon,58,Samaguri,GEN,,false,Assam 10-Kaziranga
18-9,18-60,Assam,9,Nagaon,60,Nagaon-Batadraba,GEN,,,
18-9,18-61,Assam,9,Nagaon,61,Raha,SC,,true,Assam 9-Nagaon
18-10,18-57,Assam,10,Kaziranga,57,Kaliabor,GEN,,true,Assam 10-Kaziranga
18-10,18-59,Assam,10,Kaziranga,59,Barhampur,GEN,,true,Assam 10-Kaziranga
18-10,18-62,Assam,10,Kaziranga,62,Binnakandi,GEN,,,
18-10,18-63,Assam,10,Kaziranga,63,Hojai,GEN,,true,Assam 10-Kaziranga
18-10,18-64,Assam,10,Kaziranga,64,Lumding,GEN,,true,Assam 10-Kaziranga
18-10,18-103,Assam,10,Kaziranga,103,Golaghat,GEN,,true,Assam 10-Kaziranga
18-10,18-104,Assam,10,Kaziranga,104,Dergaon,GEN,,true,Assam 10-Kaziranga
18-10,18-105,Assam,10,Kaziranga,105,Bokakhat,GEN,,true,Assam 10-Kaziranga
18-10,18-106,Assam,10,Kaziranga,106,Khumtai,GEN,,true,Assam 10-Kaziranga
18-10,18-107,Assam,10,Kaziranga,107,Sarupathar,GEN,,true,Assam 10-Kaziranga
18-11,18-65,Assam,11,Sonitpur,65,Dhekiajuli,GEN,,true,Assam 11-Sonitpur
18-11,18-66,Assam,11,Sonitpur,66,Barchalla,GEN,,true,Assam 11-Sonitpur
18-11,18-67,Assam,11,Sonitpur,67,Tezpur,GEN,,true,Assam 11-Sonitpur
18-11,18-68,Assam,11,Sonitpur,68,Rangapara,GEN,,true,Assam 11-Sonitpur
18-11,18-69,Assam,11,Sonitpur,69,Naduar,GEN,,,
18-11,18-70,Assam,11,Sonitpur,70,Biswanath,GEN,,true,Assam 11-Sonitpur
18-11,18-71,Assam,11,Sonitpur,71,Behali,SC,,true,Assam 11-Sonitpur
18-11,18-72,Assam,11,Sonitpur,72,Gohpur,GEN,,true,Assam 11-Sonitpur
18-11,18-73,Assam,11,Sonitpur,73,Bihpuria,GEN,,true,Assam 11-Sonitpur
18-12,18-74,Assam,12,Lakhimpur,74,Rongonadi,GEN,,,
18-12,18-75,Assam,12,Lakhimpur,75,Nowboicha,SC,,,
18-12,18-76,Assam,12,Lakhimpur,76,Lakhimpur,GEN,,true,Assam 12-Lakhimpur
18-12,18-77,Assam,12,Lakhimpur,77,Dhakuakhana,ST,,true,Assam 12-Lakhimpur
18-12,18-78,Assam,12,Lakhimpur,78,Dhemaji,ST,,true,Assam 12-Lakhimpur
18-12,18-79,Assam,12,Lakhimpur,79,Sissibargaon,GEN,,,
18-12,18-80,Assam,12,Lakhimpur,80,Jonai,ST,,true,Assam 12-Lakhimpur
18-12,18-81,Assam,12,Lakhimpur,81,Sadiya,GEN,,true,Assam 12-Lakhimpur
18-12,18-82,Assam,12,Lakhimpur,82,Doomdooma,GEN,,true,Assam 12-Lakhimpur
18-13,18-83,Assam,13,Dibrugarh,83,Margherita,GEN,,true,Assam 13-Dibrugarh
18-13,18-84,Assam,13,Dibrugarh,84,Digboi,GEN,,true,Assam 13-Dibrugarh
18-13,18-85,Assam,13,Dibrugarh,85,Makum,GEN,,,
18-13,18-86,Assam,13,Dibrugarh,86,Tinsukia,GEN,,true,Assam 13-Dibrugarh
18-13,18-87,Assam,13,Dibrugarh,87,Chabua-Lahowal,GEN,,,
18-13,18-88,Assam,13,Dibrugarh,88,Dibrugarh,GEN,,true,Assam 13-Dibrugarh
18-13,18-89,Assam,13,Dibrugarh,89,Khowang,GEN,,,
18-13,18-90,Assam,13,Dibrugarh,90,Duliajan,GEN,,true,Assam 13-Dibrugarh
18-13,18-91,Assam,13,Dibrugarh,91,Tingkhong,GEN,,true,Assam 13-Dibrugarh
18-13,18-92,Assam,13,Dibrugarh,92,Naharkatia,GEN,,true,Assam 13-Dibrugarh
18-14,18-93,Assam,14,Jorhat,93,Sonari,GEN,,true,Assam 14-Jorhat
18-14,18-94,Assam,14,Jorhat,94,Mahmora,GEN,,,
18-14,18-95,Assam,14,Jorhat,95,Demow,GEN,,,
18-14,18-96,Assam,14,Jorhat,96,Sibsagar,GEN,,true,Assam 14-Jorhat
18-14,18-97,Assam,14,Jorhat,97,Nazira,GEN,,true,Assam 14-Jorhat
18-14,18-98,Assam,14,Jorhat,98,Majuli,ST,,true,Assam 14-Jorhat
18-14,18-99,Assam,14,Jorhat,99,Teok,GEN,,true,Assam 14-Jorhat
18-14,18-100,Assam,14,Jorhat,100,Jorhat,GEN,,true,Assam 14-Jorhat
18-14,18-101,Assam,14,Jorhat,101,Mariani,GEN,,true,Assam 14-Jorhat
18-14,18-102,Assam,14,Jorhat,102,Titabor,GEN,,,
10-1,10-1,Bihar,1,Valmiki Nagar,1,Valmiki Nagar,GEN,Paschim Champaran,true,Bihar 1-Valmiki Nagar
10-1,10-2,Bihar,1,Valmiki Nagar,2,Ramnagar,SC,Paschim Champaran,true,Bihar 1-Valmiki Nagar
10-1,10-3,Bihar,1,Valmiki Nagar,3,Narkatiaganj,GEN,Paschim Champaran,true,Bihar 1-Valmiki Nagar
10-1,10-4,Bihar,1,Valmiki Nagar,4,Bagaha,GEN,Paschim Champaran,true,Bihar 1-Valmiki Nagar
10-1,10-5,Bihar,1,Valmiki Nagar,5,Lauriya,GEN,Paschim Champaran,true,Bihar 1-Valmiki Nagar
10-1,10-9,Bihar,1,Valmiki Nagar,9,Sikta,GEN,Paschim Champaran,true,Bihar 1-Valmiki Nagar
10-2,10-6,Bihar,2,Paschim Champaran,6,Nautan,GEN,Paschim Champaran,true,Bihar 2-Paschim Champaran
10-2,10-7,Bihar,2,Paschim Champaran,7,Chanpatia,GEN,Paschim Champaran,true,Bihar 2-Paschim Champaran
10-2,10-8,Bihar,2,Paschim Champaran,8,Bettiah,GEN,Paschim Champaran,true,Bihar 2-Paschim Champaran
10-2,10-10,Bihar,2,Paschim Champaran,10,Raxaul,GEN,Purvi Champaran,true,Bihar 2-Paschim Champaran
10-2,10-11,Bihar,2,Paschim Champaran,11,Sugauli,GEN,Purvi Champaran,true,Bihar 2-Paschim Champaran
10-2,10-12,Bihar,2,Paschim Champaran,12,Narkatia,GEN,Purvi Champaran,true,Bihar 2-Paschim Champaran
10-3,10-13,Bihar,3,Purvi Champaran,13,Harsidhi,SC,Purvi Champaran,true,Bihar 3-Purvi Champaran
10-3,10-14,Bihar,3,Purvi Champaran,14,Govindganj,GEN,Purvi Champaran,true,Bihar 3-Purvi Champaran
10-3,10-15,Bihar,3,Purvi Champaran,15,Kesaria,GEN,Purvi Champaran,true,Bihar 3-Purvi Champaran
10-3,10-16,Bihar,3,Purvi Champaran,16,Kalyanpur,GEN,Purvi Champaran,true,Bihar 3-Purvi Champaran
10-3,10-17,Bihar,3,Purvi Champaran,17,Pipra,GEN,Purvi Champaran,true,Bihar 3-Purvi Champaran
10-3,10-19,Bihar,3,Purvi Champaran,19,Motihari,GEN,Purvi Champaran,true,Bihar 3-Purvi Champaran
10-4,10-18,Bihar,4,Sheohar,18,Madhuban,GEN,Purvi Champaran,true,Bihar 4-Sheohar
10-4,10-20,Bihar,4,Sheohar,20,Chiraia,GEN,Purvi Champaran,true,Bihar 4-Sheohar
10-4,10-21,Bihar,4,Sheohar,21,Dhaka,GEN,Purvi Champaran,true,Bihar 4-Sheohar
10-4,10-22,Bihar,4,Sheohar,22,Sheohar,GEN,Sheohar,true,Bihar 4-Sheohar
10-4,10-23,Bihar,4,Sheohar,23,Riga,GEN,Sitamarhi,true,Bihar 4-Sheohar
10-4,10-30,Bihar,4,Sheohar,30,Belsand,GEN,Sitamarhi,true,Bihar 4-Sheohar
10-5,10-24,Bihar,5,Sitamarhi,24,Bathnaha,SC,Sitamarhi,true,Bihar 5-Sitamarhi
10-5,10-25,Bihar,5,Sitamarhi,25,Parihar,GEN,Sitamarhi,true,Bihar 5-Sitamarhi
10-5,10-26,Bihar,5,Sitamarhi,26,Sursand,GEN,Sitamarhi,true,Bihar 5-Sitamarhi
10-5,10-27,Bihar,5,Sitamarhi,27,Bajpatti,GEN,Sitamarhi,true,Bihar 5-Sitamarhi
10-5,10-28,Bihar,5,Sitamarhi,28,Sitamarhi,GEN,Sitamarhi,true,Bihar 5-Sitamarhi
10-5,10-29,Bihar,5,Sitamarhi,29,Runnisaidpur,GEN,Sitamarhi,true,Bihar 5-Sitamarhi
10-6,10-31,Bihar,6,Madhubani,31,Harlakhi,GEN,Madhubani,true,Bihar 6-Madhubani
10-6,10-32,Bihar,6,Madhubani,32,Benipatti,GEN,Madhubani,true,Bihar 6-Madhubani
10-6,10-35,Bihar,6,Madhubani,35,Bisfi,GEN,Madhubani,true,Bihar 6-Madhubani
10-6,10-36,Bihar,6,Madhubani,36,Madhubani,GEN,Madhubani,true,Bihar 6-Madhubani
10-6,10-86,Bihar,6,Madhubani,86,Keoti,GEN,Darbhanga,true,Bihar 6-Madhubani
10-6,10-87,Bihar,6,Madhubani,87,Jale,GEN,Darbhanga,true,Bihar 6-Madhubani
10-7,10-33,Bihar,7,Jhanjharpur,33,Khajauli,GEN,Madhubani,true,Bihar 7-Jhanjharpur
10-7,10-34,Bihar,7,Jhanjharpur,34,Babubarhi,GEN,Madhubani,true,Bihar 7-Jhanjharpur
10-7,10-37,Bihar,7,Jhanjharpur,37,Rajnagar,SC,Madhubani,true,Bihar 7-Jhanjharpur
10-7,10-38,Bihar,7,Jhanjharpur,38,Jhanjharpur,GEN,Madhubani,true,Bihar 7-Jhanjharpur
10-7,10-39,Bihar,7,Jhanjharpur,39,Phulparas,GEN,Madhubani,true,Bihar 7-Jhanjharpur
10-7,10-40,Bihar,7,Jhanjharpur,40,Laukaha,GEN,Madhubani,true,Bihar 7-Jhanjharpur
10-8,10-41,Bihar,8,Supaul,41,Nirmali,GEN,Supaul,true,Bihar 8-Supaul
10-8,10-42,Bihar,8,Supaul,42,Pipra,GEN,Supaul,true,Bihar 8-Supaul
10-8,10-43,Bihar,8,Supaul,43,Supaul,GEN,Supaul,true,Bihar 8-Supaul
10-8,10-44,Bihar,8,Supaul,44,Triveniganj,SC,Supaul,true,Bihar 8-Supaul
10-8,10-45,Bihar,8,Supaul,45,Chhatapur,GEN,Supaul,true,Bihar 8-Supaul
10-8,10-72,Bihar,8,Supaul,72,Singheshwar,SC,Madhepura,true,Bihar 8-Supaul
10-9,10-46,Bihar,9,Araria,46,Narpatganj,GEN,Araria,true,Bihar 9-Araria
10-9,10-47,Bihar,9,Araria,47,Raniganj,SC,Araria,true,Bihar 9-Araria
10-9,10-48,Bihar,9,Araria,48,Forbesganj,GEN,Araria,true,Bihar 9-Araria
10-9,10-49,Bihar,9,Araria,49,Araria,GEN,Araria,true,Bihar 9-Araria
10-9,10-50,Bihar,9,Araria,50,Jokhihat,GEN,Araria,,
10-9,10-51,Bihar,9,Araria,51,Sikti,GEN,Araria,true,Bihar 9-Araria
10-10,10-52,Bihar,10,Kishanganj,52,Bahadurganj,GEN,Kishanganj,true,Bihar 10-Kishanganj
10-10,10-53,Bihar,10,Kishanganj,53,Thakurganj,GEN,Kishanganj,true,Bihar 10-Kishanganj
10-10,10-54,Bihar,10,Kishanganj,54,Kishanganj,GEN,Kishanganj,true,Bihar 10-Kishanganj
10-10,10-55,Bihar,10,Kishanganj,55,Kochadhaman,GEN,Kishanganj,true,Bihar 10-Kishanganj
10-10,10-56,Bihar,10,Kishanganj,56,Amour,GEN,Purnia,true,Bihar 10-Kishanganj
10-10,10-57,Bihar,10,Kishanganj,57,Baisi,GEN,Purnia,true,Bihar 10-Kishanganj
10-11,10-63,Bihar,11,Katihar,63,Katihar,GEN,Katihar,true,Bihar 11-Katihar
10-11,10-64,Bihar,11,Katihar,64,Kadwa,GEN,Katihar,true,Bihar 11-Katihar
10-11,10-65,Bihar,11,Katihar,65,Balrampur,GEN,Katihar,true,Bihar 11-Katihar
10-11,10-66,Bihar,11,Katihar,66,Pranpur,GEN,Katihar,true,Bihar 11-Katihar
10-11,10-67,Bihar,11,Katihar,67,Manihari,ST,Katihar,true,Bihar 11-Katihar
10-11,10-68,Bihar,11,Katihar,68,Barari,GEN,Katihar,true,Bihar 11-Katihar
10-12,10-58,Bihar,12,Purnia,58,Kasba,GEN,Purnia,true,Bihar 12-Purnia
10-12,10-59,Bihar,12,Purnia,59,Banmankhi,SC,Purnia,true,Bihar 12-Purnia
10-12,10-60,Bihar,12,Purnia,60,Rupauli,GEN,Purnia,true,Bihar 12-Purnia
10-12,10-61,Bihar,12,Purnia,61,Dhamdaha,GEN,Purnia,true,Bihar 12-Purnia
10-12,10-62,Bihar,12,Purnia,62,Purnia,GEN,Purnia,true,Bihar 12-Purnia
10-12,10-69,Bihar,12,Purnia,69,Korha,SC,Katihar,true,Bihar 12-Purnia
10-13,10-70,Bihar,13,Madhepura,70,Alamnagar,GEN,Madhepura,true,Bihar 13-Madhepura
10-13,10-71,Bihar,13,Madhepura,71,Bihariganj,GEN,Madhepura,true,Bihar 13-Madhepura
10-13,10-73,Bihar,13,Madhepura,73,Madhepura,GEN,Madhepura,true,Bihar 13-Madhepura
10-13,10-74,Bihar,13,Madhepura,74,Sonbarsha,SC,Saharsa,true,Bihar 13-Madhepura
10-13,10-75,Bihar,13,Madhepura,75,Saharsa,GEN,Saharsa,true,Bihar 13-Madhepura
10-13,10-77,Bihar,13,Madhepura,77,Mahishi,GEN,Saharsa,true,Bihar 13-Madhepura
10-14,10-79,Bihar,14,Darbhanga,79,Gaura Bauram,GEN,Darbhanga,true,Bihar 14-Darbhanga
10-14,10-80,Bihar,14,Darbhanga,80,Benipur,GEN,Darbhanga,true,Bihar 14-Darbhanga
10-14,10-81,Bihar,14,Darbhanga,81,Alinagar,GEN,Darbhanga,true,Bihar 14-Darbhanga
10-14,10-82,Bihar,14,Darbhanga,82,Darbhanga Rural,GEN,Darbhanga,true,Bihar 14-Darbhanga
10-14,10-83,Bihar,14,Darbhanga,83,Darbhanga,GEN,Darbhanga,true,Bihar 14-Darbhanga
10-14,10-85,Bihar,14,Darbhanga,85,Bahadurpur,GEN,Darbhanga,true,Bihar 14-Darbhanga
10-15,10-88,Bihar,15,Muzaffarpur,88,Gaighat,GEN,Muzaffarpur,true,Bihar 15-Muzaffarpur
10-15,10-89,Bihar,15,Muzaffarpur,89,Aurai,GEN,Muzaffarpur,true,Bihar 15-Muzaffarpur
10-15,10-91,Bihar,15,Muzaffarpur,91,Bochahan,SC,Muzaffarpur,,
10-15,10-92,Bihar,15,Muzaffarpur,92,Sakra,SC,Muzaffarpur,true,Bihar 15-Muzaffarpur
10-15,10-93,Bihar,15,Muzaffarpur,93,Kurhani,GEN,Muzaffarpur,true,Bihar 15-Muzaffarpur
10-15,10-94,Bihar,15,Muzaffarpur,94,Muzaffarpur,GEN,Muzaffarpur,true,Bihar 15-Muzaffarpur
10-16,10-90,Bihar,16,Vaishali,90,Minapur,GEN,Muzaffarpur,true,Bihar 16-Vaishali
10-16,10-95,Bihar,16,Vaishali,95,Kanti,GEN,Muzaffarpur,true,Bihar 16-Vaishali
10-16,10-96,Bihar,16,Vaishali,96,Baruraj,GEN,Muzaffarpur,true,Bihar 16-Vaishali
10-16,10-97,Bihar,16,Vaishali,97,Paroo,GEN,Muzaffarpur,true,Bihar 16-Vaishali
10-16,10-98,Bihar,16,Vaishali,98,Sahebganj,GEN,Muzaffarpur,true,Bihar 16-Vaishali
10-16,10-125,Bihar,16,Vaishali,125,Vaishali,GEN,Vaishali,true,Bihar 16-Vaishali
10-17,10-99,Bihar,17,Gopalganj,99,Baikunthpur,GEN,Gopalganj,true,Bihar 17-Gopalganj
10-17,10-100,Bihar,17,Gopalganj,100,Barauli,GEN,Gopalganj,true,Bihar 17-Gopalganj
10-17,10-101,Bihar,17,Gopalganj,101,Gopalganj,GEN,Gopalganj,true,Bihar 17-Gopalganj
10-17,10-102,Bihar,17,Gopalganj,102,Kuchaikote,GEN,Gopalganj,true,Bihar 17-Gopalganj
10-17,10-103,Bihar,17,Gopalganj,103,Bhore,SC,Gopalganj,,
10-17,10-104,Bihar,17,Gopalganj,104,Hathua,GEN,Gopalganj,true,Bihar 17-Gopalganj
10-18,10-105,Bihar,18,Siwan,105,Siwan,GEN,Siwan,true,Bihar 18-Siwan
10-18,10-106,Bihar,18,Siwan,106,Ziradei,GEN,Siwan,true,Bihar 18-Siwan
10-18,10-107,Bihar,18,Siwan,107,Darauli,SC,Siwan,true,Bihar 18-Siwan
10-18,10-108,Bihar,18,Siwan,108,Raghunathpur,GEN,Siwan,true,Bihar 18-Siwan
10-18,10-109,Bihar,18,Siwan,109,Daraunda,GEN,Siwan,,
10-18,10-110,Bihar,18,Siwan,110,Barharia,GEN,Siwan,true,Bihar 18-Siwan
10-19,10-111,Bihar,19,Maharajganj,111,Goriyakothi,GEN,Siwan,,
10-19,10-112,Bihar,19,Maharajganj,112,Maharajganj,GEN,Siwan,true,Bihar 19-Maharajganj
10-19,10-113,Bihar,19,Maharajganj,113,Ekma,GEN,Saran,true,Bihar 19-Maharajganj
10-19,10-114,Bihar,19,Maharajganj,114,Manjhi,GEN,Saran,true,Bihar 19-Maharajganj
10-19,10-115,Bihar,19,Maharajganj,115,Baniapur,GEN,Saran,true,Bihar 19-Maharajganj
10-19,10-116,Bihar,19,Maharajganj,116,Taraiya,GEN,Saran,true,Bihar 19-Maharajganj
10-20,10-117,Bihar,20,Saran,117,Marhaura,GEN,Saran,true,Bihar 20-Saran
10-20,10-118,Bihar,20,Saran,118,Chapra,GEN,Saran,true,Bihar 20-Saran
10-20,10-119,Bihar,20,Saran,119,Garkha,SC,Saran,true,Bihar 20-Saran
10-20,10-120,Bihar,20,Saran,120,Amnour,GEN,Saran,true,Bihar 20-Saran
10-20,10-121,Bihar,20,Saran,121,Parsa,GEN,Saran,true,Bihar 20-Saran
10-20,10-122,Bihar,20,Saran,122,Sonepur,GEN,Saran,true,Bihar 20-Saran
10-21,10-123,Bihar,21,Hajipur,123,Hajipur,GEN,Vaishali,true,Bihar 21-Hajipur
10-21,10-124,Bihar,21,Hajipur,124,Lalganj,GEN,Vaishali,true,Bihar 21-Hajipur
10-21,10-126,Bihar,21,Hajipur,126,Mahua,GEN,Vaishali,true,Bihar 21-Hajipur
10-21,10-127,Bihar,21,Hajipur,127,Raja Pakar,SC,Vaishali,true,Bihar 21-Hajipur
10-21,10-128,Bihar,21,Hajipur,128,Raghopur,GEN,Vaishali,true,Bihar 21-Hajipur
10-21,10-129,Bihar,21,Hajipur,129,Mahnar,GEN,Vaishali,true,Bihar 21-Hajipur
10-22,10-130,Bihar,22,Ujiarpur,130,Patepur,SC,Vaishali,true,Bihar 22-Ujiarpur
10-22,10-134,Bihar,22,Ujiarpur,134,Ujiarpur,GEN,Samastipur,true,Bihar 22-Ujiarpur
10-22,10-135,Bihar,22,Ujiarpur,135,Morwa,GEN,Samastipur,true,Bihar 22-Ujiarpur
10-22,10-136,Bihar,22,Ujiarpur,136,Sarairanjan,GEN,Samastipur,true,Bihar 22-Ujiarpur
10-22,10-137,Bihar,22,Ujiarpur,137,Mohiuddinnagar,GEN,Samastipur,true,Bihar 22-Ujiarpur
10-22,10-138,Bihar,22,Ujiarpur,138,Bibhutipur,GEN,Samastipur,true,Bihar 22-Ujiarpur
10-23,10-78,Bihar,23,Samastipur,78,Kusheshwar Asthan,SC,Darbhanga,true,Bihar 23-Samastipur
10-23,10-84,Bihar,23,Samastipur,84,Hayaghat,GEN,Darbhanga,true,Bihar 23-Samastipur
10-23,10-131,Bihar,23,Samastipur,131,Kalyanpur,SC,Samastipur,true,Bihar 23-Samastipur
10-23,10-132,Bihar,23,Samastipur,132,Warisnagar,GEN,Samastipur,true,Bihar 23-Samastipur
10-23,10-133,Bihar,23,Samastipur,133,Samastipur,GEN,Samastipur,true,Bihar 23-Samastipur
10-23,10-139,Bihar,23,Samastipur,139,Rosera,SC,Samastipur,true,Bihar 23-Samastipur
10-24,10-141,Bihar,24,Begusarai,141,Cheria Bariarpur,GEN,Begusarai,true,Bihar 24-Begusarai
10-24,10-142,Bihar,24,Begusarai,142,Bachhwara,GEN,Begusarai,true,Bihar 24-Begusarai
10-24,10-143,Bihar,24,Begusarai,143,Teghra,GEN,Begusarai,true,Bihar 24-Begusarai
10-24,10-144,Bihar,24,Begusarai,144,Matihani,GEN,Begusarai,true,Bihar 24-Begusarai
10-24,10-145,Bihar,24,Begusarai,145,Sahebpur Kamal,GEN,Begusarai,true,Bihar 24-Begusarai
10-24,10-146,Bihar,24,Begusarai,146,Begusarai,GEN,Begusarai,true,Bihar 24-Begusarai
10-24,10-147,Bihar,24,Begusarai,147,Bakhri,SC,Begusarai,true,Bihar 24-Begusarai
10-25,10-76,Bihar,25,Khagaria,76,Simri Bakhtiarpur,GEN,Saharsa,true,Bihar 25-Khagaria
10-25,10-140,Bihar,25,Khagaria,140,Hasanpur,GEN,Samastipur,true,Bihar 25-Khagaria
10-25,10-148,Bihar,25,Khagaria,148,Alauli,SC,Khagaria,true,Bihar 25-Khagaria
10-25,10-149,Bihar,25,Khagaria,149,Khagaria,GEN,Khagaria,true,Bihar 25-Khagaria
10-25,10-150,Bihar,25,Khagaria,150,Beldaur,GEN,Khagaria,true,Bihar 25-Khagaria
10-25,10-151,Bihar,25,Khagaria,151,Parbatta,GEN,Khagaria,true,Bihar 25-Khagaria
10-26,10-152,Bihar,26,Bhagalpur,152,Bihpur,GEN,Bhagalpur,true,Bihar 26-Bhagalpur
10-26,10-153,Bihar,26,Bhagalpur,153,Gopalpur,GEN,Bhagalpur,true,Bihar 26-Bhagalpur
10-26,10-154,Bihar,26,Bhagalpur,154,Pirpainti,SC,Bhagalpur,true,Bihar 26-Bhagalpur
10-26,10-155,Bihar,26,Bhagalpur,155,Kahalgaon,GEN,Bhagalpur,true,Bihar 26-Bhagalpur
10-26,10-156,Bihar,26,Bhagalpur,156,Bhagalpur,GEN,Bhagalpur,true,Bihar 26-Bhagalpur
10-26,10-158,Bihar,26,Bhagalpur,158,Nathnagar,GEN,Bhagalpur,true,Bihar 26-Bhagalpur
10-27,10-157,Bihar,27,Banka,157,Sultanganj,GEN,Bhagalpur,true,Bihar 27-Banka
10-27,10-159,Bihar,27,Banka,159,Amarpur,GEN,Banka,true,Bihar 27-Banka
10-27,10-160,Bihar,27,Banka,160,Dhoraiya,SC,Banka,,
10-27,10-161,Bihar,27,Banka,161,Banka,GEN,Banka,true,Bihar 27-Banka
10-27,10-162,Bihar,27,Banka,162,Katoria,ST,Banka,true,Bihar 27-Banka
10-27,10-163,Bihar,27,Banka,163,Belhar,GEN,Banka,true,Bihar 27-Banka
10-28,10-165,Bihar,28,Munger,165,Munger,GEN,Munger,true,Bihar 28-Munger
10-28,10-166,Bihar,28,Munger,166,Jamalpur,GEN,Munger,true,Bihar 28-Munger
10-28,10-167,Bihar,28,Munger,167,Suryagarha,GEN,Lakhisarai,true,Bihar 28-Munger
10-28,10-168,Bihar,28,Munger,168,Lakhisarai,GEN,Lakhisarai,true,Bihar 28-Munger
10-28,10-178,Bihar,28,Munger,178,Mokama,GEN,Patna,true,Bihar 28-Munger
10-28,10-179,Bihar,28,Munger,179,Barh,GEN,Patna,true,Bihar 28-Munger
10-29,10-171,Bihar,29,Nalanda,171,Asthawan,GEN,Nalanda,true,Bihar 29-Nalanda
10-29,10-172,Bihar,29,Nalanda,172,Biharsharif,GEN,Nalanda,true,Bihar 29-Nalanda
10-29,10-173,Bihar,29,Nalanda,173,Rajgir,SC,Nalanda,true,Bihar 29-Nalanda
10-29,10-174,Bihar,29,Nalanda,174,Islampur,GEN,Nalanda,true,Bihar 29-Nalanda
10-29,10-175,Bihar,29,Nalanda,175,Hilsa,GEN,Nalanda,true,Bihar 29-Nalanda
10-29,10-176,Bihar,29,Nalanda,176,Nalanda,GEN,Nalanda,true,Bihar 29-Nalanda
10-29,10-177,Bihar,29,Nalanda,177,Harnaut,GEN,Nalanda,true,Bihar 29-Nalanda
10-30,10-180,Bihar,30,Patna Sahib,180,Bakhtiarpur,GEN,Patna,true,Bihar 30-Patna Sahib
10-30,10-181,Bihar,30,Patna Sahib,181,Digha,GEN,Patna,true,Bihar 30-Patna Sahib
10-30,10-182,Bihar,30,Patna Sahib,182,Bankipur,GEN,Patna,true,Bihar 30-Patna Sahib
10-30,10-183,Bihar,30,Patna Sahib,183,Kumhrar,GEN,Patna,true,Bihar 30-Patna Sahib
10-30,10-184,Bihar,30,Patna Sahib,184,Patna Sahib,GEN,Patna,true,Bihar 30-Patna Sahib
10-30,10-185,Bihar,30,Patna Sahib,185,Fatuha,GEN,Patna,true,Bihar 30-Patna Sahib
10-31,10-186,Bihar,31,Pataliputra,186,Danapur,GEN,Patna,true,Bihar 31-Pataliputra
10-31,10-187,Bihar,31,Pataliputra,187,Maner,GEN,Patna,true,Bihar 31-Pataliputra
10-31,10-188,Bihar,31,Pataliputra,188,Phulwari,SC,Patna,true,Bihar 31-Pataliputra
10-31,10-189,Bihar,31,Pataliputra,189,Masaurhi,SC,Patna,true,Bihar 31-Pataliputra
10-31,10-190,Bihar,31,Pataliputra,190,Paliganj,GEN,Patna,true,Bihar 31-Pataliputra
10-31,10-191,Bihar,31,Pataliputra,191,Bikram,GEN,Patna,true,Bihar 31-Pataliputra
10-32,10-192,Bihar,32,Arrah,192,Sandesh,GEN,Bhojpur,true,Bihar 32-Arrah
10-32,10-193,Bihar,32,Arrah,193,Barhara,GEN,Bhojpur,true,Bihar 32-Arrah
10-32,10-194,Bihar,32,Arrah,194,Arrah,GEN,Bhojpur,true,Bihar 32-Arrah
10-32,10-195,Bihar,32,Arrah,195,Agiaon,SC,Bhojpur,true,Bihar 32-Arrah
10-32,10-196,Bihar,32,Arrah,196,Tarari,GEN,Bhojpur,true,Bihar 32-Arrah
10-32,10-197,Bihar,32,Arrah,197,Jagdishpur,GEN,Bhojpur,true,Bihar 32-Arrah
10-32,10-198,Bihar,32,Arrah,198,Shahpur,GEN,Bhojpur,true,Bihar 32-Arrah
10-33,10-199,Bihar,33,Buxar,199,Brahampur,GEN,Buxar,true,Bihar 33-Buxar
10-33,10-200,Bihar,33,Buxar,200,Buxar,GEN,Buxar,true,Bihar 33-Buxar
10-33,10-201,Bihar,33,Buxar,201,Dumraon,GEN,Buxar,true,Bihar 33-Buxar
10-33,10-202,Bihar,33,Buxar,202,Rajpur,SC,Buxar,true,Bihar 33-Buxar
10-33,10-203,Bihar,33,Buxar,203,Ramgarh,GEN,Kaimur (Bhabua),true,Bihar 33-Buxar
10-33,10-210,Bihar,33,Buxar,210,Dinara,GEN,Rohtas,true,Bihar 33-Buxar
10-34,10-204,Bihar,34,Sasaram,204,Mohania,SC,Kaimur (Bhabua),true,Bihar 34-Sasaram
10-34,10-205,Bihar,34,Sasaram,205,Bhabua,GEN,Kaimur (Bhabua),true,Bihar 34-Sasaram
10-34,10-206,Bihar,34,Sasaram,206,Chainpur,GEN,Kaimur (Bhabua),true,Bihar 34-Sasaram
10-34,10-207,Bihar,34,Sasaram,207,Chenari,SC,Rohtas,true,Bihar 34-Sasaram
10-34,10-208,Bihar,34,Sasaram,208,Sasaram,GEN,Rohtas,true,Bihar 34-Sasaram
10-34,10-209,Bihar,34,Sasaram,209,Kargahar,GEN,Rohtas,true,Bihar 34-Sasaram
10-35,10-211,Bihar,35,Karakat,211,Nokha,GEN,Rohtas,true,Bihar 35-Karakat
10-35,10-212,Bihar,35,Karakat,212,Dehri,GEN,Rohtas,true,Bihar 35-Karakat
10-35,10-213,Bihar,35,Karakat,213,Karakat,GEN,Rohtas,true,Bihar 35-Karakat
10-35,10-219,Bihar,35,Karakat,219,Goh,GEN,Aurangabad,true,Bihar 35-Karakat
10-35,10-220,Bihar,35,Karakat,220,Obra,GEN,Aurangabad,true,Bihar 35-Karakat
10-35,10-221,Bihar,35,Karakat,221,Nabinagar,GEN,Aurangabad,true,Bihar 35-Karakat
10-36,10-214,Bihar,36,Jahanabad,214,Arwal,GEN,Arwal,true,Bihar 36-Jahanabad
10-36,10-215,Bihar,36,Jahanabad,215,Kurtha,GEN,Arwal,true,Bihar 36-Jahanabad
10-36,10-216,Bihar,36,Jahanabad,216,Jahanabad,GEN,Jahanabad,,
10-36,10-217,Bihar,36,Jahanabad,217,Ghosi,GEN,Jahanabad,true,Bihar 36-Jahanabad
10-36,10-218,Bihar,36,Jahanabad,218,Makhdumpur,SC,Jahanabad,true,Bihar 36-Jahanabad
10-36,10-233,Bihar,36,Jahanabad,233,Atri,GEN,Gaya,true,Bihar 36-Jahanabad
10-37,10-222,Bihar,37,Aurangabad,222,Kutumba,SC,Aurangabad,true,Bihar 37-Aurangabad
10-37,10-223,Bihar,37,Aurangabad,223,Aurangabad,GEN,Aurangabad,true,Bihar 37-Aurangabad
10-37,10-224,Bihar,37,Aurangabad,224,Rafiganj,GEN,Aurangabad,true,Bihar 37-Aurangabad
10-37,10-225,Bihar,37,Aurangabad,225,Gurua,GEN,Gaya,true,Bihar 37-Aurangabad
10-37,10-227,Bihar,37,Aurangabad,227,Imamganj,SC,Gaya,true,Bihar 37-Aurangabad
10-37,10-231,Bihar,37,Aurangabad,231,Tikari,GEN,Gaya,true,Bihar 37-Aurangabad
10-38,10-226,Bihar,38,Gaya,226,Sherghati,GEN,Gaya,true,Bihar 38-Gaya
10-38,10-228,Bihar,38,Gaya,228,Barachatti,SC,Gaya,true,Bihar 38-Gaya
10-38,10-229,Bihar,38,Gaya,229,Bodh Gaya,SC,Gaya,true,Bihar 38-Gaya
10-38,10-230,Bihar,38,Gaya,230,Gaya Town,GEN,Gaya,true,Bihar 38-Gaya
10-38,10-232,Bihar,38,Gaya,232,Belaganj,GEN,Gaya,true,Bihar 38-Gaya
10-38,10-234,Bihar,38,Gaya,234,Wazirganj,GEN,Gaya,true,Bihar 38-Gaya
10-39,10-170,Bihar,39,Nawada,170,Barbigha,GEN,Sheikhpura,true,Bihar 39-Nawada
10-39,10-235,Bihar,39,Nawada,235,Rajauli,SC,Nawada,true,Bihar 39-Nawada
10-39,10-236,Bihar,39,Nawada,236,Hisua,GEN,Nawada,true,Bihar 39-Nawada
10-39,10-237,Bihar,39,Nawada,237,Nawada,GEN,Nawada,true,Bihar 39-Nawada
10-39,10-238,Bihar,39,Nawada,238,Gobindpur,GEN,Nawada,true,Bihar 39-Nawada
10-39,10-239,Bihar,39,Nawada,239,Warsaliganj,GEN,Nawada,true,Bihar 39-Nawada
10-40,10-164,Bihar,40,Jamui,164,Tarapur,GEN,Munger,true,Bihar 40-Jamui
10-40,10-169,Bihar,40,Jamui,169,Sheikhpura,GEN,,true,Bihar 40-Jamui
10-40,10-240,Bihar,40,Jamui,240,Sikandra,SC,Nawada,true,Bihar 40-Jamui
10-40,10-241,Bihar,40,Jamui,241,Jamui,GEN,Nawada,true,Bihar 40-Jamui
10-40,10-242,Bihar,40,Jamui,242,Jhajha,GEN,Nawada,true,Bihar 40-Jamui
10-40,10-243,Bihar,40,Jamui,243,Chakai,GEN,Nawada,true,Bihar 40-Jamui
22-1,22-4,Chhattisgarh,1,Surguja,4,Premnagar,GEN,Surguja,true,Chhattisgarh 1-Surguja
22-1,22-5,Chhattisgarh,1,Surguja,5,Bhatgaon,GEN,Surguja,true,Chhattisgarh 1-Surguja
22-1,22-6,Chhattisgarh,1,Surguja,6,Pratappur,ST,Surguja,true,Chhattisgarh 1-Surguja
22-1,22-7,Chhattisgarh,1,Surguja,7,Ramanujganj,ST,Surguja,true,Chhattisgarh 1-Surguja
22-1,22-8,Chhattisgarh,1,Surguja,8,Samri,ST,Surguja,true,Chhattisgarh 1-Surguja
22-1,22-9,Chhattisgarh,1,Surguja,9,Lundra,ST,Surguja,true,Chhattisgarh 1-Surguja
22-1,22-10,Chhattisgarh,1,Surguja,10,Ambikapur,GEN,Surguja,true,Chhattisgarh 1-Surguja
22-1,22-11,Chhattisgarh,1,Surguja,11,Sitapur,ST,Surguja,true,Chhattisgarh 1-Surguja
22-2,22-12,Chhattisgarh,2,Raigarh,12,Jashpur,ST,Jashpur,true,Chhattisgarh 2-Raigarh
22-2,22-13,Chhattisgarh,2,Raigarh,13,Kunkuri,ST,Jashpur,true,Chhattisgarh 2-Raigarh
22-2,22-14,Chhattisgarh,2,Raigarh,14,Pathalgaon,ST,Jashpur,true,Chhattisgarh 2-Raigarh
22-2,22-15,Chhattisgarh,2,Raigarh,15,Lailunga,ST,Raigarh,true,Chhattisgarh 2-Raigarh
22-2,22-16,Chhattisgarh,2,Raigarh,16,Raigarh,GEN,Raigarh,true,Chhattisgarh 2-Raigarh
22-2,22-17,Chhattisgarh,2,Raigarh,17,Sarangarh,SC,Raigarh,true,Chhattisgarh 2-Raigarh
22-2,22-18,Chhattisgarh,2,Raigarh,18,Kharsia,GEN,Raigarh,true,Chhattisgarh 2-Raigarh
22-2,22-19,Chhattisgarh,2,Raigarh,19,Dharamjaigarh,ST,Raigarh,true,Chhattisgarh 2-Raigarh
22-3,22-33,Chhattisgarh,3,Janjgir-Champa,33,Akaltara,GEN,Janjgir-Champa,true,Chhattisgarh 3-Janjgir-Champa
22-3,22-34,Chhattisgarh,3,Janjgir-Champa,34,Janjgir-Champa,GEN,Janjgir-Champa,true,Chhattisgarh 3-Janjgir-Champa
22-3,22-35,Chhattisgarh,3,Janjgir-Champa,35,Sakti,GEN,Janjgir-Champa,true,Chhattisgarh 3-Janjgir-Champa
22-3,22-36,Chhattisgarh,3,Janjgir-Champa,36,Chandrapur,GEN,Janjgir-Champa,true,Chhattisgarh 3-Janjgir-Champa
22-3,22-37,Chhattisgarh,3,Janjgir-Champa,37,Jaijaipur,GEN,Janjgir-Champa,true,Chhattisgarh 3-Janjgir-Champa
22-3,22-38,Chhattisgarh,3,Janjgir-Champa,38,Pamgarh,SC,Janjgir-Champa,true,Chhattisgarh 3-Janjgir-Champa
22-3,22-43,Chhattisgarh,3,Janjgir-Champa,43,Bilaigarh,SC,Raipur,true,Chhattisgarh 3-Janjgir-Champa
22-3,22-44,Chhattisgarh,3,Janjgir-Champa,44,Kasdol,GEN,Raipur,true,Chhattisgarh 3-Janjgir-Champa
22-4,22-1,Chhattisgarh,4,Korba,1,Bharatpur-Sonhat,ST,Koria,,
22-4,22-2,Chhattisgarh,4,Korba,2,Manendragarh,GEN,Koria,true,Chhattisgarh 4-Korba
22-4,22-3,Chhattisgarh,4,Korba,3,Baikunthpur,GEN,Koria,true,Chhattisgarh 4-Korba
22-4,22-20,Chhattisgarh,4,Korba,20,Rampur,ST,Korba,true,Chhattisgarh 4-Korba
22-4,22-21,Chhattisgarh,4,Korba,21,Korba,GEN,Korba,true,Chhattisgarh 4-Korba
22-4,22-22,Chhattisgarh,4,Korba,22,Katghora,GEN,Korba,true,Chhattisgarh 4-Korba
22-4,22-23,Chhattisgarh,4,Korba,23,Pali-Tanakhar,ST,Korba,true,Chhattisgarh 4-Korba
22-4,22-24,Chhattisgarh,4,Korba,24,Marwahi,ST,Bilaspur,true,Chhattisgarh 4-Korba
22-5,22-25,Chhattisgarh,5,Bilaspur,25,Kota,GEN,Bilaspur,true,Chhattisgarh 5-Bilaspur
22-5,22-26,Chhattisgarh,5,Bilaspur,26,Lormi,GEN,Bilaspur,true,Chhattisgarh 5-Bilaspur
22-5,22-27,Chhattisgarh,5,Bilaspur,27,Mungeli,SC,Bilaspur,true,Chhattisgarh 5-Bilaspur
22-5,22-28,Chhattisgarh,5,Bilaspur,28,Takhatpur,GEN,Bilaspur,true,Chhattisgarh 5-Bilaspur
22-5,22-29,Chhattisgarh,5,Bilaspur,29,Bilha,GEN,Bilaspur,true,Chhattisgarh 5-Bilaspur
22-5,22-30,Chhattisgarh,5,Bilaspur,30,Bilaspur,GEN,Bilaspur,true,Chhattisgarh 5-Bilaspur
22-5,22-31,Chhattisgarh,5,Bilaspur,31,Beltara,GEN,Bilaspur,true,Chhattisgarh 5-Bilaspur
22-5,22-32,Chhattisgarh,5,Bilaspur,32,Masturi,SC,Bilaspur,true,Chhattisgarh 5-Bilaspur
22-6,22-71,Chhattisgarh,6,Rajnandgaon,71,Pandariya,GEN,Kabirdham,true,Chhattisgarh 6-Rajnandgaon
22-6,22-72,Chhattisgarh,6,Rajnandgaon,72,Kawardha,GEN,Kabirdham,true,Chhattisgarh 6-Rajnandgaon
22-6,22-73,Chhattisgarh,6,Rajnandgaon,73,Khairagarh,GEN,Rajnandgaon,true,Chhattisgarh 6-Rajnandgaon
22-6,22-74,Chhattisgarh,6,Rajnandgaon,74,Dongargarh,SC,Rajnandgaon,true,Chhattisgarh 6-Rajnandgaon
22-6,22-75,Chhattisgarh,6,Rajnandgaon,75,Rajnandgaon,GEN,Rajnandgaon,true,Chhattisgarh 6-Rajnandgaon
22-6,22-76,Chhattisgarh,6,Rajnandgaon,76,Dongargaon,GEN,Rajnandgaon,true,Chhattisgarh 6-Rajnandgaon
22-6,22-77,Chhattisgarh,6,Rajnandgaon,77,Khujji,GEN,Rajnandgaon,true,Chhattisgarh 6-Rajnandgaon
22-6,22-78,Chhattisgarh,6,Rajnandgaon,78,Mohla-Manpur,ST,Rajnandgaon,true,Chhattisgarh 6-Rajnandgaon
22-7,22-62,Chhattisgarh,7,Durg,62,Patan,GEN,Durg,true,Chhattisgarh 7-Durg
22-7,22-63,Chhattisgarh,7,Durg,63,Durg-Rural,GEN,Durg,true,Chhattisgarh 7-Durg
22-7,22-64,Chhattisgarh,7,Durg,64,Durg City,GEN,Durg,true,Chhattisgarh 7-Durg
22-7,22-65,Chhattisgarh,7,Durg,65,Bhilai Nagar,GEN,Durg,true,Chhattisgarh 7-Durg
22-7,22-66,Chhattisgarh,7,Durg,66,Vaishali Nagar,GEN,Durg,true,Chhattisgarh 7-Durg
22-7,22-67,Chhattisgarh,7,Durg,67,Ahiwara,SC,Durg,true,Chhattisgarh 7-Durg
22-7,22-68,Chhattisgarh,7,Durg,68,Saja,GEN,Durg,true,Chhattisgarh 7-Durg
22-7,22-69,Chhattisgarh,7,Durg,69,Bemetara,GEN,Durg,true,Chhattisgarh 7-Durg
22-7,22-70,Chhattisgarh,7,Durg,70,Nawagarh,SC,Durg,true,Chhattisgarh 7-Durg
22-8,22-45,Chhattisgarh,8,Raipur,45,Baloda Bazar,GEN,Raipur,true,Chhattisgarh 8-Raipur
22-8,22-46,Chhattisgarh,8,Raipur,46,Bhatapara,GEN,Raipur,true,Chhattisgarh 8-Raipur
22-8,22-47,Chhattisgarh,8,Raipur,47,Dharsiwa,GEN,Raipur,true,Chhattisgarh 8-Raipur
22-8,22-48,Chhattisgarh,8,Raipur,48,Raipur Rural,GEN,Raipur,true,Chhattisgarh 8-Raipur
22-8,22-49,Chhattisgarh,8,Raipur,49,Raipur City West,GEN,Raipur,true,Chhattisgarh 8-Raipur
22-8,22-50,Chhattisgarh,8,Raipur,50,Raipur City North,GEN,Raipur,true,Chhattisgarh 8-Raipur
22-8,22-51,Chhattisgarh,8,Raipur,51,Raipur City South,GEN,Raipur,true,Chhattisgarh 8-Raipur
22-8,22-52,Chhattisgarh,8,Raipur,52,Arang,SC,Raipur,true,Chhattisgarh 8-Raipur
22-8,22-53,Chhattisgarh,8,Raipur,53,Abhanpur,GEN,Raipur,true,Chhattisgarh 8-Raipur
22-9,22-39,Chhattisgarh,9,Mahasamund,39,Saraipali,SC,Mahasamund,true,Chhattisgarh 9-Mahasamund
22-9,22-40,Chhattisgarh,9,Mahasamund,40,Basna,GEN,Mahasamund,true,Chhattisgarh 9-Mahasamund
22-9,22-41,Chhattisgarh,9,Mahasamund,41,Khallari,GEN,Mahasamund,true,Chhattisgarh 9-Mahasamund
22-9,22-42,Chhattisgarh,9,Mahasamund,42,Mahasamund,GEN,Mahasamund,true,Chhattisgarh 9-Mahasamund
22-9,22-54,Chhattisgarh,9,Mahasamund,54,Rajim,GEN,Raipur,true,Chhattisgarh 9-Mahasamund
22-9,22-55,Chhattisgarh,9,Mahasamund,55,Bindranawagarh,ST,Raipur,true,Chhattisgarh 9-Mahasamund
22-9,22-57,Chhattisgarh,9,Mahasamund,57,Kurud,GEN,Dhamtari,true,Chhattisgarh 9-Mahasamund
22-9,22-58,Chhattisgarh,9,Mahasamund,58,Dhamtari,GEN,Dhamtari,true,Chhattisgarh 9-Mahasamund
22-10,22-83,Chhattisgarh,10,Bastar,83,Kondagaon,ST,Bastar,true,Chhattisgarh 10-Bastar
22-10,22-84,Chhattisgarh,10,Bastar,84,Narayanpur,ST,Bastar,true,Chhattisgarh 10-Bastar
22-10,22-85,Chhattisgarh,10,Bastar,85,Bastar,ST,Bastar,true,Chhattisgarh 10-Bastar
22-10,22-86,Chhattisgarh,10,Bastar,86,Jagdalpur,GEN,Bastar,true,Chhattisgarh 10-Bastar
22-10,22-87,Chhattisgarh,10,Bastar,87,Chitrakot,ST,Bastar,true,Chhattisgarh 10-Bastar
22-10,22-88,Chhattisgarh,10,Bastar,88,Dantewada,ST,Dakshin Bastar (Dantewada),true,Chhattisgarh 10-Bastar
22-10,22-89,Chhattisgarh,10,Bastar,89,Bijapur,ST,Dakshin Bastar (Dantewada),true,Chhattisgarh 10-Bastar
22-10,22-90,Chhattisgarh,10,Bastar,90,Konta,ST,Dakshin Bastar (Dantewada),true,Chhattisgarh 10-Bastar
22-11,22-56,Chhattisgarh,11,Kanker,56,Sihawa,ST,Dhamtari,true,Chhattisgarh 11-Kanker
22-11,22-59,Chhattisgarh,11,Kanker,59,Sanjari Balod,GEN,Durg,true,Chhattisgarh 11-Kanker
22-11,22-60,Chhattisgarh,11,Kanker,60,Dondi Lohara,ST,Durg,true,Chhattisgarh 11-Kanker
22-11,22-61,Chhattisgarh,11,Kanker,61,Gunderdehi,GEN,Durg,true,Chhattisgarh 11-Kanker
22-11,22-79,Chhattisgarh,11,Kanker,79,Antagarh,ST,Uttar Bastar (Kanker),true,Chhattisgarh 11-Kanker
22-11,22-80,Chhattisgarh,11,Kanker,80,Bhanupratappur,ST,Uttar Bastar (Kanker),true,Chhattisgarh 11-Kanker
22-11,22-81,Chhattisgarh,11,Kanker,81,Kanker,ST,Uttar Bastar (Kanker),true,Chhattisgarh 11-Kanker
22-11,22-82,Chhattisgarh,11,Kanker,82,Keshkal,ST,Bastar,true,Chhattisgarh 11-Kanker
7-1,7-4,Delhi,1,Chandni Chowk,4,Adarsh Nagar,GEN,,true,Delhi 1-Chandni Chowk
7-1,7-14,Delhi,1,Chandni Chowk,14,Shalimar Bagh,GEN,,true,Delhi 1-Chandni Chowk
7-1,7-15,Delhi,1,Chandni Chowk,15,Shakur Basti,GEN,,true,Delhi 1-Chandni Chowk
7-1,7-16,Delhi,1,Chandni Chowk,16,Tri Nagar,GEN,,true,Delhi 1-Chandni Chowk
7-1,7-17,Delhi,1,Chandni Chowk,17,Wazirpur,GEN,,true,Delhi 1-Chandni Chowk
7-1,7-18,Delhi,1,Chandni Chowk,18,Model Town,GEN,,true,Delhi 1-Chandni Chowk
7-1,7-19,Delhi,1,Chandni Chowk,19,Sadar Bazar,GEN,,true,Delhi 1-Chandni Chowk
7-1,7-20,Delhi,1,Chandni Chowk,20,Chandni Chowk,GEN,,true,Delhi 1-Chandni Chowk
7-1,7-21,Delhi,1,Chandni Chowk,21,Matia Mahal,GEN,,true,Delhi 1-Chandni Chowk
7-1,7-22,Delhi,1,Chandni Chowk,22,Ballimaran,GEN,,true,Delhi 1-Chandni Chowk
7-2,7-2,Delhi,2,North East Delhi,2,Burari,GEN,,true,Delhi 2-North East Delhi
7-2,7-3,Delhi,2,North East Delhi,3,Timarpur,GEN,,true,Delhi 2-North East Delhi
7-2,7-63,Delhi,2,North East Delhi,63,Seemapuri,SC,,true,Delhi 2-North East Delhi
7-2,7-64,Delhi,2,North East Delhi,64,Rohtas Nagar,GEN,,true,Delhi 2-North East Delhi
7-2,7-65,Delhi,2,North East Delhi,65,Seelam Pur,GEN,,true,Delhi 2-North East Delhi
7-2,7-66,Delhi,2,North East Delhi,66,Ghonda,GEN,,true,Delhi 2-North East Delhi
7-2,7-67,Delhi,2,North East Delhi,67,Babarpur,GEN,,true,Delhi 2-North East Delhi
7-2,7-68,Delhi,2,North East Delhi,68,Gokalpur,SC,,true,Delhi 2-North East Delhi
7-2,7-69,Delhi,2,North East Delhi,69,Mustafabad,GEN,,true,Delhi 2-North East Delhi
7-2,7-70,Delhi,2,North East Delhi,70,Karawal Nagar,GEN,,true,Delhi 2-North East Delhi
7-3,7-41,Delhi,3,East Delhi,41,Jangpura,GEN,,true,Delhi 3-East Delhi
7-3,7-54,Delhi,3,East Delhi,54,Okhla,GEN,,true,Delhi 3-East Delhi
7-3,7-55,Delhi,3,East Delhi,55,Trilokpuri,SC,,true,Delhi 3-East Delhi
7-3,7-56,Delhi,3,East Delhi,56,Kondli,SC,,true,Delhi 3-East Delhi
7-3,7-57,Delhi,3,East Delhi,57,Patparganj,GEN,,true,Delhi 3-East Delhi
7-3,7-58,Delhi,3,East Delhi,58,Laxmi Nagar,GEN,,true,Delhi 3-East Delhi
7-3,7-59,Delhi,3,East Delhi,59,Vishwas Nagar,GEN,,true,Delhi 3-East Delhi
7-3,7-60,Delhi,3,East Delhi,60,Krishna Nagar,GEN,,true,Delhi 3-East Delhi
7-3,7-61,Delhi,3,East Delhi,61,Gandhi Nagar,GEN,,true,Delhi 3-East Delhi
7-3,7-62,Delhi,3,East Delhi,62,Shahdara,GEN,,true,Delhi 3-East Delhi
7-4,7-23,Delhi,4,New Delhi,23,Karol Bagh,SC,,true,Delhi 4-New Delhi
7-4,7-24,Delhi,4,New Delhi,24,Patel Nagar,SC,,true,Delhi 4-New Delhi
7-4,7-25,Delhi,4,New Delhi,25,Moti Nagar,GEN,,true,Delhi 4-New Delhi
7-4,7-38,Delhi,4,New Delhi,38,Delhi Cantt,GEN,,true,Delhi 4-New Delhi
7-4,7-39,Delhi,4,New Delhi,39,Rajinder Nagar,GEN,,true,Delhi 4-New Delhi
7-4,7-40,Delhi,4,New Delhi,40,New Delhi,GEN,,true,Delhi 4-New Delhi
7-4,7-42,Delhi,4,New Delhi,42,Kasturba Nagar,GEN,,true,Delhi 4-New Delhi
7-4,7-43,Delhi,4,New Delhi,43,Malviya Nagar,GEN,,true,Delhi 4-New Delhi
7-4,7-44,Delhi,4,New Delhi,44,R.K. Puram,GEN,,true,Delhi 4-New Delhi
7-4,7-50,Delhi,4,New Delhi,50,Greater Kailash,GEN,,true,Delhi 4-New Delhi
7-5,7-1,Delhi,5,North West Delhi,1,Nerela,GEN,,true,Delhi 5-North West Delhi
7-5,7-5,Delhi,5,North West Delhi,5,Badli,GEN,,true,Delhi 5-North West Delhi
7-5,7-6,Delhi,5,North West Delhi,6,Rithala,GEN,,true,Delhi 5-North West Delhi
7-5,7-7,Delhi,5,North West Delhi,7,Bawana,SC,,true,Delhi 5-North West Delhi
7-5,7-8,Delhi,5,North West Delhi,8,Mundka,GEN,,true,Delhi 5-North West Delhi
7-5,7-9,Delhi,5,North West Delhi,9,Kirari,GEN,,true,Delhi 5-North West Delhi
7-5,7-10,Delhi,5,North West Delhi,10,Sultan Pur Majra,SC,,true,Delhi 5-North West Delhi
7-5,7-11,Delhi,5,North West Delhi,11,Nangloi Jat,GEN,,true,Delhi 5-North West Delhi
7-5,7-12,Delhi,5,North West Delhi,12,Mangol Puri,SC,,true,Delhi 5-North West Delhi
7-5,7-13,Delhi,5,North West Delhi,13,Rohini,GEN,,true,Delhi 5-North West Delhi
7-6,7-26,Delhi,6,West Delhi,26,Madipur,SC,,true,Delhi 6-West Delhi
7-6,7-27,Delhi,6,West Delhi,27,Rajouri Garden,GEN,,true,Delhi 6-West Delhi
7-6,7-28,Delhi,6,West Delhi,28,Hari Nagar,GEN,,true,Delhi 6-West Delhi
7-6,7-29,Delhi,6,West Delhi,29,Tilak Nagar,GEN,,true,Delhi 6-West Delhi
7-6,7-30,Delhi,6,West Delhi,30,Janakpuri,GEN,,true,Delhi 6-West Delhi
7-6,7-31,Delhi,6,West Delhi,31,Vikaspuri,GEN,,true,Delhi 6-West Delhi
7-6,7-32,Delhi,6,West Delhi,32,Uttam Nagar,GEN,,true,Delhi 6-West Delhi
7-6,7-33,Delhi,6,West Delhi,33,Dwarka,GEN,,true,Delhi 6-West Delhi
7-6,7-34,Delhi,6,West Delhi,34,Matiala,GEN,,true,Delhi 6-West Delhi
7-6,7-35,Delhi,6,West Delhi,35,Najafgarh,GEN,,true,Delhi 6-West Delhi
7-7,7-36,Delhi,7,South Delhi,36,Bijwasan,GEN,,false,Delhi 6-West Delhi
7-7,7-37,Delhi,7,South Delhi,37,Palam,GEN,,false,Delhi 6-West Delhi
7-7,7-45,Delhi,7,South Delhi,45,Mehrauli,GEN,,true,Delhi 7-South Delhi
7-7,7-46,Delhi,7,South Delhi,46,Chhatarpur,GEN,,true,Delhi 7-South Delhi
7-7,7-47,Delhi,7,South Delhi,47,Deoli,SC,,true,Delhi 7-South Delhi
7-7,7-48,Delhi,7,South Delhi,48,Ambedkar Nagar,SC,,true,Delhi 7-South Delhi
7-7,7-49,Delhi,7,South Delhi,49,Sangam Vihar,GEN,,true,Delhi 7-South Delhi
7-7,7-51,Delhi,7,South Delhi,51,Kalkaji,GEN,,true,Delhi 7-South Delhi
7-7,7-52,Delhi,7,South Delhi,52,Tughlakabad,GEN,,true,Delhi 7-South Delhi
7-7,7-53,Delhi,7,South Delhi,53,Badarpur,GEN,,true,Delhi 7-South Delhi
30-1,30-1,Goa,1,North Goa,1,Mandrem,GEN,North Goa,true,Goa 1-North Goa
30-1,30-2,Goa,1,North Goa,2,Pernem,SC,North Goa,true,Goa 1-North Goa
30-1,30-3,Goa,1,North Goa,3,Bicholim,GEN,North Goa,true,Goa 1-North Goa
30-1,30-4,Goa,1,North Goa,4,Tivim,GEN,North Goa,true,Goa 1-North Goa
30-1,30-5,Goa,1,North Goa,5,Mapusa,GEN,North Goa,true,Goa 1-North Goa
30-1,30-6,Goa,1,North Goa,6,Siolim,GEN,North Goa,true,Goa 1-North Goa
30-1,30-7,Goa,1,North Goa,7,Saligao,GEN,North Goa,true,Goa 1-North Goa
30-1,30-8,Goa,1,North Goa,8,Calangute,GEN,North Goa,true,Goa 1-North Goa
30-1,30-9,Goa,1,North Goa,9,Porvorim,GEN,North Goa,true,Goa 1-North Goa
30-1,30-10,Goa,1,North Goa,10,Aldona,GEN,North Goa,true,Goa 1-North Goa
30-1,30-11,Goa,1,North Goa,11,Panaji,GEN,North Goa,true,Goa 1-North Goa
30-1,30-12,Goa,1,North Goa,12,Taleigao,GEN,North Goa,true,Goa 1-North Goa
30-1,30-13,Goa,1,North Goa,13,St. Cruz,GEN,North Goa,true,Goa 1-North Goa
30-1,30-14,Goa,1,North Goa,14,St. Andre,GEN,North Goa,true,Goa 1-North Goa
30-1,30-15,Goa,1,North Goa,15,Cumbarjua,GEN,North Goa,true,Goa 1-North Goa
30-1,30-16,Goa,1,North Goa,16,Mayem,GEN,North Goa,,
30-1,30-17,Goa,1,North Goa,17,Sanquelim,GEN,North Goa,true,Goa 1-North Goa
30-1,30-18,Goa,1,North Goa,18,Poriem,GEN,North Goa,true,Goa 1-North Goa
30-1,30-19,Goa,1,North Goa,19,Valpoi,GEN,North Goa,true,Goa 1-North Goa
30-1,30-20,Goa,1,North Goa,20,Priol,GEN,North Goa,true,Goa 1-North Goa
30-2,30-21,Goa,2,South Goa,21,Ponda,GEN,North Goa,true,Goa 2-South Goa
30-2,30-22,Goa,2,South Goa,22,Shiroda,GEN,North Goa,,
30-2,30-23,Goa,2,South Goa,23,Marcaim,GEN,North Goa,true,Goa 2-South Goa
30-2,30-24,Goa,2,South Goa,24,Mormugao,GEN,South Goa,true,Goa 2-South Goa
30-2,30-25,Goa,2,South Goa,25,Vasco-Da-Gama,GEN,South Goa,true,Goa 2-South Goa
30-2,30-26,Goa,2,South Goa,26,Dabolim,GEN,South Goa,true,Goa 2-South Goa
30-2,30-27,Goa,2,South Goa,27,Cortalim,GEN,South Goa,true,Goa 2-South Goa
30-2,30-28,Goa,2,South Goa,28,Nuvem,GEN,South Goa,true,Goa 2-South Goa
30-2,30-29,Goa,2,South Goa,29,Curtorim,GEN,South Goa,true,Goa 2-South Goa
30-2,30-30,Goa,2,South Goa,30,Fatorda,GEN,South Goa,true,Goa 2-South Goa
30-2,30-31,Goa,2,South Goa,31,Margao,GEN,South Goa,true,Goa 2-South Goa
30-2,30-32,Goa,2,South Goa,32,Benaulim,GEN,South Goa,true,Goa 2-South Goa
30-2,30-33,Goa,2,South Goa,33,Navelim,GEN,South Goa,true,Goa 2-South Goa
30-2,30-34,Goa,2,South Goa,34,Cuncolim,GEN,South Goa,true,Goa 2-South Goa
30-2,30-35,Goa,2,South Goa,35,Velim,GEN,South Goa,true,Goa 2-South Goa
30-2,30-36,Goa,2,South Goa,36,Quepem,GEN,South Goa,true,Goa 2-South Goa
30-2,30-37,Goa,2,South Goa,37,Curchorem,GEN,South Goa,true,Goa 2-South Goa
30-2,30-38,Goa,2,South Goa,38,Sanvordem,GEN,South Goa,true,Goa 2-South Goa
30-2,30-39,Goa,2,South Goa,39,Sanguem,GEN,South Goa,true,Goa 2-South Goa
30-2,30-40,Goa,2,South Goa,40,Canacona,GEN,South Goa,true,Goa 2-South Goa
24-1,24-1,Gujarat,1,Kachchh,1,Abdasa,GEN,Kachchh,true,Gujarat 1-Kachchh
24-1,24-2,Gujarat,1,Kachchh,2,Mandvi,GEN,Kachchh,true,Gujarat 1-Kachchh
24-1,24-3,Gujarat,1,Kachchh,3,Bhuj,GEN,Kachchh,true,Gujarat 1-Kachchh
24-1,24-4,Gujarat,1,Kachchh,4,Anjar,GEN,Kachchh,true,Gujarat 1-Kachchh
24-1,24-5,Gujarat,1,Kachchh,5,Gandhidham,SC,Kachchh,true,Gujarat 1-Kachchh
24-1,24-6,Gujarat,1,Kachchh,6,Rapar,GEN,Kachchh,true,Gujarat 1-Kachchh
24-1,24-65,Gujarat,1,Kachchh,65,Morbi,GEN,Rajkot,true,Gujarat 1-Kachchh
24-2,24-7,Gujarat,2,Banaskantha,7,Vav,GEN,Kachchh,true,Gujarat 2-Banaskantha
24-2,24-8,Gujarat,2,Banaskantha,8,Tharad,GEN,Kachchh,true,Gujarat 2-Banaskantha
24-2,24-9,Gujarat,2,Banaskantha,9,Dhanera,GEN,Kachchh,true,Gujarat 2-Banaskantha
24-2,24-10,Gujarat,2,Banaskantha,10,Danta,ST,Kachchh,true,Gujarat 2-Banaskantha
24-2,24-12,Gujarat,2,Banaskantha,12,Palanpur,GEN,Kachchh,true,Gujarat 2-Banaskantha
24-2,24-13,Gujarat,2,Banaskantha,13,Deesa,GEN,Kachchh,true,Gujarat 2-Banaskantha
24-2,24-14,Gujarat,2,Banaskantha,14,Deodar,GEN,Kachchh,true,Gujarat 2-Banaskantha
24-3,24-11,Gujarat,3,Patan,11,Vadgam,SC,Kachchh,true,Gujarat 3-Patan
24-3,24-15,Gujarat,3,Patan,15,Kankrej,GEN,Kachchh,true,Gujarat 3-Patan
24-3,24-16,Gujarat,3,Patan,16,Radhanpur,GEN,Patan,true,Gujarat 3-Patan
24-3,24-17,Gujarat,3,Patan,17,Chanasma,GEN,Patan,true,Gujarat 3-Patan
24-3,24-18,Gujarat,3,Patan,18,Patan,GEN,Patan,true,Gujarat 3-Patan
24-3,24-19,Gujarat,3,Patan,19,Sidhpur,GEN,Patan,true,Gujarat 3-Patan
24-3,24-20,Gujarat,3,Patan,20,Kheralu,GEN,Mahesana,true,Gujarat 3-Patan
24-4,24-21,Gujarat,4,Mahesana,21,Unjha,GEN,Mahesana,true,Gujarat 4-Mahesana
24-4,24-22,Gujarat,4,Mahesana,22,Visnagar,GEN,Mahesana,true,Gujarat 4-Mahesana
24-4,24-23,Gujarat,4,Mahesana,23,Becharaji,GEN,Mahesana,true,Gujarat 4-Mahesana
24-4,24-24,Gujarat,4,Mahesana,24,Kadi,SC,Mahesana,true,Gujarat 4-Mahesana
24-4,24-25,Gujarat,4,Mahesana,25,Mahesana,GEN,Mahesana,true,Gujarat 4-Mahesana
24-4,24-26,Gujarat,4,Mahesana,26,Vijapur,GEN,Mahesana,true,Gujarat 4-Mahesana
24-4,24-37,Gujarat,4,Mahesana,37,Mansa,GEN,Gandhinagar,true,Gujarat 4-Mahesana
24-5,24-27,Gujarat,5,Sabarkantha,27,Himatnagar,GEN,Sabarkantha,true,Gujarat 5-Sabarkantha
24-5,24-28,Gujarat,5,Sabarkantha,28,Idar,SC,Sabarkantha,true,Gujarat 5-Sabarkantha
24-5,24-29,Gujarat,5,Sabarkantha,29,Khedbrahma,ST,Sabarkantha,true,Gujarat 5-Sabarkantha
24-5,24-30,Gujarat,5,Sabarkantha,30,Bhiloda,ST,Sabarkantha,true,Gujarat 5-Sabarkantha
24-5,24-31,Gujarat,5,Sabarkantha,31,Modasa,GEN,Sabarkantha,true,Gujarat 5-Sabarkantha
24-5,24-32,Gujarat,5,Sabarkantha,32,Bayad,GEN,Sabarkantha,true,Gujarat 5-Sabarkantha
24-5,24-33,Gujarat,5,Sabarkantha,33,Prantij,GEN,Sabarkantha,true,Gujarat 5-Sabarkantha
24-6,24-36,Gujarat,6,Gandhinagar,36,Gandhinagar North,GEN,Gandhinagar,,
24-6,24-38,Gujarat,6,Gandhinagar,38,Kalol,GEN,Gandhinagar,true,Gujarat 6-Gandhinagar
24-6,24-40,Gujarat,6,Gandhinagar,40,Sanand,GEN,Ahmedabad,true,Gujarat 6-Gandhinagar
24-6,24-41,Gujarat,6,Gandhinagar,41,Ghatlodia,GEN,Ahmedabad,true,Gujarat 6-Gandhinagar
24-6,24-42,Gujarat,6,Gandhinagar,42,Vejalpur,GEN,Ahmedabad,true,Gujarat 6-Gandhinagar
24-6,24-45,Gujarat,6,Gandhinagar,45,Naranpura,GEN,Ahmedabad,,
24-6,24-55,Gujarat,6,Gandhinagar,55,Sabarmati,GEN,Ahmedabad,,
24-7,24-34,Gujarat,7,Ahmedabad East,34,Dahegam,GEN,Gandhinagar,true,Gujarat 7-Ahmedabad East
24-7,24-35,Gujarat,7,Ahmedabad East,35,Gandhinagar South,GEN,Gandhinagar,,
24-7,24-43,Gujarat,7,Ahmedabad East,43,Vatva,GEN,Ahmedabad,true,Gujarat 7-Ahmedabad East
24-7,24-46,Gujarat,7,Ahmedabad East,46,Nikol,GEN,Ahmedabad,,
24-7,24-47,Gujarat,7,Ahmedabad East,47,Naroda,GEN,Ahmedabad,,
24-7,24-48,Gujarat,7,Ahmedabad East,48,Thakkarbapa Nagar,GEN,Ahmedabad,,
24-7,24-49,Gujarat,7,Ahmedabad East,49,Bapunagar,GEN,Ahmedabad,,
24-8,24-44,Gujarat,8,Ahmedabad West,44,Ellisbridge,GEN,Ahmedabad,true,Gujarat 8-Ahmedabad West
24-8,24-50,Gujarat,8,Ahmedabad West,50,Amraiwadi,GEN,Ahmedabad,,
24-8,24-51,Gujarat,8,Ahmedabad West,51,Dariapur,GEN,Ahmedabad,,
24-8,24-52,Gujarat,8,Ahmedabad West,52,Jamalpur -Khadia,GEN,Ahmedabad,,
24-8,24-53,Gujarat,8,Ahmedabad West,53,Maninagar,GEN,Ahmedabad,,
24-8,24-54,Gujarat,8,Ahmedabad West,54,Danilimda,SC,Ahmedabad,,
24-8,24-56,Gujarat,8,Ahmedabad West,56,Asarwa,SC,Ahmedabad,,
24-9,24-39,Gujarat,9,Surendranagar,39,Viramgam,GEN,Ahmedabad,true,Gujarat 9-Surendranagar
24-9,24-59,Gujarat,9,Surendranagar,59,Dhandhuka,GEN,Ahmedabad,true,Gujarat 9-Surendranagar
24-9,24-60,Gujarat,9,Surendranagar,60,Dasada,SC,Surendranagar,true,Gujarat 9-Surendranagar
24-9,24-61,Gujarat,9,Surendranagar,61,Limbdi,GEN,Surendranagar,true,Gujarat 9-Surendranagar
24-9,24-62,Gujarat,9,Surendranagar,62,Wadhwan,GEN,Surendranagar,true,Gujarat 9-Surendranagar
24-9,24-63,Gujarat,9,Surendranagar,63,Chotila,GEN,Surendranagar,true,Gujarat 9-Surendranagar
24-9,24-64,Gujarat,9,Surendranagar,64,Dhrangadhra,GEN,Surendranagar,true,Gujarat 9-Surendranagar
24-10,24-66,Gujarat,10,Rajkot,66,Tankara,GEN,Rajkot,true,Gujarat 10-Rajkot
24-10,24-67,Gujarat,10,Rajkot,67,Wankaner,GEN,Rajkot,true,Gujarat 10-Rajkot
24-10,24-68,Gujarat,10,Rajkot,68,Rajkot East,GEN,Rajkot,true,Gujarat 10-Rajkot
24-10,24-69,Gujarat,10,Rajkot,69,Rajkot West,GEN,Rajkot,true,Gujarat 10-Rajkot
24-10,24-70,Gujarat,10,Rajkot,70,Rajkot South,GEN,Rajkot,true,Gujarat 10-Rajkot
24-10,24-71,Gujarat,10,Rajkot,71,Rajkot Rural,SC,Rajkot,true,Gujarat 10-Rajkot
24-10,24-72,Gujarat,10,Rajkot,72,Jasdan,GEN,Rajkot,true,Gujarat 10-Rajkot
24-11,24-73,Gujarat,11,Porbandar,73,Gondal,GEN,Rajkot,true,Gujarat 11-Porbandar
24-11,24-74,Gujarat,11,Porbandar,74,Jetpur,GEN,Rajkot,true,Gujarat 11-Porbandar
24-11,24-75,Gujarat,11,Porbandar,75,Dhoraji,GEN,Rajkot,true,Gujarat 11-Porbandar
24-11,24-83,Gujarat,11,Porbandar,83,Porbandar,GEN,Porbandar,true,Gujarat 11-Porbandar
24-11,24-84,Gujarat,11,Porbandar,84,Kutiyana,GEN,Porbandar,true,Gujarat 11-Porbandar
24-11,24-85,Gujarat,11,Porbandar,85,Manavadar,GEN,Junagadh,true,Gujarat 11-Porbandar
24-11,24-88,Gujarat,11,Porbandar,88,Keshod,GEN,Junagadh,true,Gujarat 11-Porbandar
24-12,24-76,Gujarat,12,Jamnagar,76,Kalavad,SC,Jamnagar,true,Gujarat 12-Jamnagar
24-12,24-77,Gujarat,12,Jamnagar,77,Jamnagar Rural,GEN,Jamnagar,,
24-12,24-78,Gujarat,12,Jamnagar,78,Jamnagar North,GEN,Jamnagar,true,Gujarat 12-Jamnagar
24-12,24-79,Gujarat,12,Jamnagar,79,Jamnagar South,GEN,Jamnagar,true,Gujarat 12-Jamnagar
24-12,24-80,Gujarat,12,Jamnagar,80,Jamjodhpur,GEN,Jamnagar,true,Gujarat 12-Jamnagar
24-12,24-81,Gujarat,12,Jamnagar,81,Khambhalia,GEN,Jamnagar,true,Gujarat 12-Jamnagar
24-12,24-82,Gujarat,12,Jamnagar,82,Dwarka,GEN,Jamnagar,true,Gujarat 12-Jamnagar
24-13,24-86,Gujarat,13,Junagadh,86,Junagadh,GEN,Junagadh,true,Gujarat 13-Junagadh
24-13,24-87,Gujarat,13,Junagadh,87,Visavadar,GEN,Junagadh,true,Gujarat 13-Junagadh
24-13,24-89,Gujarat,13,Junagadh,89,Mangrol,GEN,Junagadh,true,Gujarat 13-Junagadh
24-13,24-90,Gujarat,13,Junagadh,90,Somnath,GEN,Junagadh,true,Gujarat 13-Junagadh
24-13,24-91,Gujarat,13,Junagadh,91,Talala,GEN,Junagadh,true,Gujarat 13-Junagadh
24-13,24-92,Gujarat,13,Junagadh,92,Kodinar,SC,Junagadh,true,Gujarat 13-Junagadh
24-13,24-93,Gujarat,13,Junagadh,93,Una,GEN,Junagadh,true,Gujarat 13-Junagadh
24-14,24-94,Gujarat,14,Amreli,94,Dhari,GEN,Amreli,true,Gujarat 14-Amreli
24-14,24-95,Gujarat,14,Amreli,95,Amreli,GEN,Amreli,true,Gujarat 14-Amreli
24-14,24-96,Gujarat,14,Amreli,96,Lathi,GEN,Amreli,true,Gujarat 14-Amreli
24-14,24-97,Gujarat,14,Amreli,97,Savarkundla,GEN,Amreli,true,Gujarat 14-Amreli
24-14,24-98,Gujarat,14,Amreli,98,Rajula,GEN,Amreli,true,Gujarat 14-Amreli
24-14,24-99,Gujarat,14,Amreli,99,Mahuva,GEN,Bhavnagar,true,Gujarat 14-Amreli
24-14,24-101,Gujarat,14,Amreli,101,Gariadhar,GEN,Bhavnagar,true,Gujarat 14-Amreli
24-15,24-100,Gujarat,15,Bhavnagar,100,Talaja,GEN,Bhavnagar,true,Gujarat 15-Bhavnagar
24-15,24-102,Gujarat,15,Bhavnagar,102,Palitana,GEN,Bhavnagar,true,Gujarat 15-Bhavnagar
24-15,24-103,Gujarat,15,Bhavnagar,103,Bhavnagar Rural,GEN,Bhavnagar,true,Gujarat 15-Bhavnagar
24-15,24-104,Gujarat,15,Bhavnagar,104,Bhavnagar East,GEN,Bhavnagar,true,Gujarat 15-Bhavnagar
24-15,24-105,Gujarat,15,Bhavnagar,105,Bhavnagar West,GEN,Bhavnagar,true,Gujarat 15-Bhavnagar
24-15,24-106,Gujarat,15,Bhavnagar,106,Gadhada,SC,Bhavnagar,true,Gujarat 15-Bhavnagar
24-15,24-107,Gujarat,15,Bhavnagar,107,Botad,GEN,Bhavnagar,true,Gujarat 15-Bhavnagar
24-16,24-108,Gujarat,16,Anand,108,Khambhat,GEN,Anand,true,Gujarat 16-Anand
24-16,24-109,Gujarat,16,Anand,109,Borsad,GEN,Anand,true,Gujarat 16-Anand
24-16,24-110,Gujarat,16,Anand,110,Anklav,GEN,Anand,true,Gujarat 16-Anand
24-16,24-111,Gujarat,16,Anand,111,Umreth,GEN,Anand,true,Gujarat 16-Anand
24-16,24-112,Gujarat,16,Anand,112,Anand,GEN,Anand,true,Gujarat 16-Anand
24-16,24-113,Gujarat,16,Anand,113,Petlad,GEN,Anand,true,Gujarat 16-Anand
24-16,24-114,Gujarat,16,Anand,114,Sojitra,GEN,Anand,true,Gujarat 16-Anand
24-17,24-57,Gujarat,17,Kheda,57,Daskroi,GEN,Ahmedabad,true,Gujarat 17-Kheda
24-17,24-58,Gujarat,17,Kheda,58,Dholka,GEN,Ahmedabad,true,Gujarat 17-Kheda
24-17,24-115,Gujarat,17,Kheda,115,Matar,GEN,Kheda,true,Gujarat 17-Kheda
24-17,24-116,Gujarat,17,Kheda,116,Nadiad,GEN,Kheda,true,Gujarat 17-Kheda
24-17,24-117,Gujarat,17,Kheda,117,Mehmedabad,GEN,Kheda,true,Gujarat 17-Kheda
24-17,24-118,Gujarat,17,Kheda,118,Mahudha,GEN,Kheda,true,Gujarat 17-Kheda
24-17,24-120,Gujarat,17,Kheda,120,Kapadvanj,GEN,Kheda,true,Gujarat 17-Kheda
24-18,24-119,Gujarat,18,Panchmahal,119,Thasra,GEN,Kheda,true,Gujarat 18-Panchmahal
24-18,24-121,Gujarat,18,Panchmahal,121,Balasinor,GEN,Kheda,true,Gujarat 18-Panchmahal
24-18,24-122,Gujarat,18,Panchmahal,122,Lunawada,GEN,Panchmahals,true,Gujarat 18-Panchmahal
24-18,24-124,Gujarat,18,Panchmahal,124,Shehra,GEN,Panchmahals,true,Gujarat 18-Panchmahal
24-18,24-125,Gujarat,18,Panchmahal,125,Morva Hadaf,ST,Panchmahals,true,Gujarat 18-Panchmahal
24-18,24-126,Gujarat,18,Panchmahal,126,Godhra,GEN,Panchmahals,true,Gujarat 18-Panchmahal
24-18,24-127,Gujarat,18,Panchmahal,127,Kalol,GEN,Panchmahals,true,Gujarat 18-Panchmahal
24-19,24-123,Gujarat,19,Dahod,123,Santrampur,ST,Panchmahals,true,Gujarat 19-Dahod
24-19,24-129,Gujarat,19,Dahod,129,Fatepura,ST,Dahod,true,Gujarat 19-Dahod
24-19,24-130,Gujarat,19,Dahod,130,Jhalod,ST,Dahod,true,Gujarat 19-Dahod
24-19,24-131,Gujarat,19,Dahod,131,Limkheda,ST,Dahod,true,Gujarat 19-Dahod
24-19,24-132,Gujarat,19,Dahod,132,Dahod,ST,Dahod,true,Gujarat 19-Dahod
24-19,24-133,Gujarat,19,Dahod,133,Garbada,ST,Dahod,true,Gujarat 19-Dahod
24-19,24-134,Gujarat,19,Dahod,134,Devgadbaria,GEN,Dahod,,
24-20,24-135,Gujarat,20,Vadodara,135,Savli,GEN,Vadodara,true,Gujarat 20-Vadodara
24-20,24-136,Gujarat,20,Vadodara,136,Vaghodia,GEN,Vadodara,true,Gujarat 20-Vadodara
24-20,24-141,Gujarat,20,Vadodara,141,Vadodara City,SC,Vadodara,true,Gujarat 20-Vadodara
24-20,24-142,Gujarat,20,Vadodara,142,Sayajigunj,GEN,Vadodara,true,Gujarat 20-Vadodara
24-20,24-143,Gujarat,20,Vadodara,143,Akota,GEN,Vadodara,true,Gujarat 20-Vadodara
24-20,24-144,Gujarat,20,Vadodara,144,Raopura,GEN,Vadodara,true,Gujarat 20-Vadodara
24-20,24-145,Gujarat,20,Vadodara,145,Manjalpur,GEN,Vadodara,true,Gujarat 20-Vadodara
24-21,24-128,Gujarat,21,Chhota Udaipur,128,Halol,GEN,Panchmahals,true,Gujarat 21-Chhota Udaipur
24-21,24-137,Gujarat,21,Chhota Udaipur,137,Chhota Udaipur,ST,Vadodara,,
24-21,24-138,Gujarat,21,Chhota Udaipur,138,Jetpur,ST,Vadodara,true,Gujarat 21-Chhota Udaipur
24-21,24-139,Gujarat,21,Chhota Udaipur,139,Sankheda,ST,Vadodara,true,Gujarat 21-Chhota Udaipur
24-21,24-140,Gujarat,21,Chhota Udaipur,140,Dabhoi,GEN,Vadodara,true,Gujarat 21-Chhota Udaipur
24-21,24-146,Gujarat,21,Chhota Udaipur,146,Padra,GEN,Vadodara,true,Gujarat 21-Chhota Udaipur
24-21,24-148,Gujarat,21,Chhota Udaipur,148,Nandod,ST,Narmada,true,Gujarat 21-Chhota Udaipur
24-22,24-147,Gujarat,22,Bharuch,147,Karjan,GEN,Vadodara,true,Gujarat 22-Bharuch
24-22,24-149,Gujarat,22,Bharuch,149,Dediapada,ST,Narmada,true,Gujarat 22-Bharuch
24-22,24-150,Gujarat,22,Bharuch,150,Jambusar,GEN,Bharuch,true,Gujarat 22-Bharuch
24-22,24-151,Gujarat,22,Bharuch,151,Vagra,GEN,Bharuch,true,Gujarat 22-Bharuch
24-22,24-152,Gujarat,22,Bharuch,152,Jhagadia,ST,Bharuch,true,Gujarat 22-Bharuch
24-22,24-153,Gujarat,22,Bharuch,153,Bharuch,GEN,Bharuch,true,Gujarat 22-Bharuch
24-22,24-154,Gujarat,22,Bharuch,154,Ankleshwar,GEN,Bharuch,true,Gujarat 22-Bharuch
24-23,24-156,Gujarat,23,Bardoli,156,Mangrol,ST,Surat,true,Gujarat 23-Bardoli
24-23,24-157,Gujarat,23,Bardoli,157,Mandvi,ST,Surat,true,Gujarat 23-Bardoli
24-23,24-158,Gujarat,23,Bardoli,158,Kamrej,GEN,Surat,true,Gujarat 23-Bardoli
24-23,24-169,Gujarat,23,Bardoli,169,Bardoli,SC,Surat,true,Gujarat 23-Bardoli
24-23,24-170,Gujarat,23,Bardoli,170,Mahuva,ST,Surat,true,Gujarat 23-Bardoli
24-23,24-171,Gujarat,23,Bardoli,171,Vyara,ST,Surat,true,Gujarat 23-Bardoli
24-23,24-172,Gujarat,23,Bardoli,172,Nizar,ST,Surat,true,Gujarat 23-Bardoli
24-24,24-155,Gujarat,24,Surat,155,Olpad,GEN,Surat,true,Gujarat 24-Surat
24-24,24-159,Gujarat,24,Surat,159,Surat East,GEN,Surat,true,Gujarat 24-Surat
24-24,24-160,Gujarat,24,Surat,160,Surat North,GEN,Surat,,
24-24,24-161,Gujarat,24,Surat,161,Varachha Road,GEN,Surat,,
24-24,24-162,Gujarat,24,Surat,162,Karanj,GEN,Surat,,
24-24,24-166,Gujarat,24,Surat,166,Katargam,GEN,Surat,,
24-24,24-167,Gujarat,24,Surat,167,Surat West,GEN,Surat,,
24-25,24-163,Gujarat,25,Navsari,163,Limbayat,GEN,Surat,,
24-25,24-164,Gujarat,25,Navsari,164,Udhna,GEN,Surat,,
24-25,24-165,Gujarat,25,Navsari,165,Majura,GEN,Surat,,
24-25,24-168,Gujarat,25,Navsari,168,Choryasi,GEN,Surat,true,Gujarat 25-Navsari
24-25,24-174,Gujarat,25,Navsari,174,Jalalpore,GEN,Navsari,true,Gujarat 25-Navsari
24-25,24-175,Gujarat,25,Navsari,175,Navsari,GEN,Navsari,true,Gujarat 25-Navsari
24-25,24-176,Gujarat,25,Navsari,176,Gandevi,ST,Navsari,true,Gujarat 25-Navsari
24-26,24-173,Gujarat,26,Valsad,173,Dangs,ST,Dangs,true,Gujarat 26-Valsad
24-26,24-177,Gujarat,26,Valsad,177,Vansda,ST,Navsari,true,Gujarat 26-Valsad
24-26,24-178,Gujarat,26,Valsad,178,Dharampur,ST,Valsad,true,Gujarat 26-Valsad
24-26,24-179,Gujarat,26,Valsad,179,Valsad,GEN,Valsad,true,Gujarat 26-Valsad
24-26,24-180,Gujarat,26,Valsad,180,Pardi,GEN,Valsad,true,Gujarat 26-Valsad
24-26,24-181,Gujarat,26,Valsad,181,Kaprada,ST,Valsad,true,Gujarat 26-Valsad
24-26,24-182,Gujarat,26,Valsad,182,Umbergaon,ST,Valsad,true,Gujarat 26-Valsad
6-1,6-1,Haryana,1,Ambala,1,Kalka,GEN,Panchkula,true,Haryana 1-Ambala
6-1,6-2,Haryana,1,Ambala,2,Panchkula,GEN,Panchkula,true,Haryana 1-Ambala
6-1,6-3,Haryana,1,Ambala,3,Naraingarh,GEN,Ambala,true,Haryana 1-Ambala
6-1,6-4,Haryana,1,Ambala,4,Ambala Cantt,GEN,Ambala,true,Haryana 1-Ambala
6-1,6-5,Haryana,1,Ambala,5,Ambala City,GEN,Ambala,true,Haryana 1-Ambala
6-1,6-6,Haryana,1,Ambala,6,Mulana,SC,Ambala,true,Haryana 1-Ambala
6-1,6-7,Haryana,1,Ambala,7,Sadhaura,SC,Yamunanagar,true,Haryana 1-Ambala
6-1,6-8,Haryana,1,Ambala,8,Jagadhri,GEN,Yamunanagar,true,Haryana 1-Ambala
6-1,6-9,Haryana,1,Ambala,9,Yamunanagar,GEN,Yamunanagar,true,Haryana 1-Ambala
6-2,6-10,Haryana,2,Kurukshetra,10,Radaur,GEN,Yamunanagar,true,Haryana 2-Kurukshetra
6-2,6-11,Haryana,2,Kurukshetra,11,Ladwa,GEN,Kurukshetra,true,Haryana 2-Kurukshetra
6-2,6-12,Haryana,2,Kurukshetra,12,Shahbad,SC,Kurukshetra,true,Haryana 2-Kurukshetra
6-2,6-13,Haryana,2,Kurukshetra,13,Thanesar,GEN,Kurukshetra,true,Haryana 2-Kurukshetra
6-2,6-14,Haryana,2,Kurukshetra,14,Pehowa,GEN,Kurukshetra,true,Haryana 2-Kurukshetra
6-2,6-15,Haryana,2,Kurukshetra,15,Guhla,SC,Kaithal,true,Haryana 2-Kurukshetra
6-2,6-16,Haryana,2,Kurukshetra,16,Kalayat,GEN,Kaithal,true,Haryana 2-Kurukshetra
6-2,6-17,Haryana,2,Kurukshetra,17,Kaithal,GEN,Kaithal,true,Haryana 2-Kurukshetra
6-2,6-18,Haryana,2,Kurukshetra,18,Pundri,GEN,Kaithal,true,Haryana 2-Kurukshetra
6-3,6-38,Haryana,3,Sirsa,38,Narwana,SC,Jind,true,Haryana 3-Sirsa
6-3,6-39,Haryana,3,Sirsa,39,Tohana,GEN,Fatehabad,true,Haryana 3-Sirsa
6-3,6-40,Haryana,3,Sirsa,40,Fatehabad,GEN,Fatehabad,true,Haryana 3-Sirsa
6-3,6-41,Haryana,3,Sirsa,41,Ratia,SC,Fatehabad,true,Haryana 3-Sirsa
6-3,6-42,Haryana,3,Sirsa,42,Kalanwali,SC,Sirsa,true,Haryana 3-Sirsa
6-3,6-43,Haryana,3,Sirsa,43,Dabwali,GEN,Sirsa,true,Haryana 3-Sirsa
6-3,6-44,Haryana,3,Sirsa,44,Rania,GEN,Sirsa,true,Haryana 3-Sirsa
6-3,6-45,Haryana,3,Sirsa,45,Sirsa,GEN,Sirsa,true,Haryana 3-Sirsa
6-3,6-46,Haryana,3,Sirsa,46,Ellenabad,GEN,Sirsa,true,Haryana 3-Sirsa
6-4,6-37,Haryana,4,Hisar,37,Uchana Kalan,GEN,Jind,true,Haryana 4-Hisar
6-4,6-47,Haryana,4,Hisar,47,Adampur,GEN,Hisar,true,Haryana 4-Hisar
6-4,6-48,Haryana,4,Hisar,48,Uklana,SC,Hisar,true,Haryana 4-Hisar
6-4,6-49,Haryana,4,Hisar,49,Narnaund,GEN,Hisar,true,Haryana 4-Hisar
6-4,6-50,Haryana,4,Hisar,50,Hansi,GEN,Hisar,true,Haryana 4-Hisar
6-4,6-51,Haryana,4,Hisar,51,Barwala,GEN,Hisar,true,Haryana 4-Hisar
6-4,6-52,Haryana,4,Hisar,52,Hisar,GEN,Hisar,true,Haryana 4-Hisar
6-4,6-53,Haryana,4,Hisar,53,Nalwa,GEN,Hisar,true,Haryana 4-Hisar
6-4,6-59,Haryana,4,Hisar,59,Bawani Khera,SC,Bhiwani,true,Haryana 4-Hisar
6-5,6-19,Haryana,5,Karnal,19,Nilokheri,SC,Karnal,true,Haryana 5-Karnal
6-5,6-20,Haryana,5,Karnal,20,Indri,GEN,Karnal,true,Haryana 5-Karnal
6-5,6-21,Haryana,5,Karnal,21,Karnal,GEN,Karnal,true,Haryana 5-Karnal
6-5,6-22,Haryana,5,Karnal,22,Gharaunda,GEN,Karnal,true,Haryana 5-Karnal
6-5,6-23,Haryana,5,Karnal,23,Assandh,GEN,Karnal,true,Haryana 5-Karnal
6-5,6-24,Haryana,5,Karnal,24,Panipat Rural,GEN,Panipat,true,Haryana 5-Karnal
6-5,6-25,Haryana,5,Karnal,25,Panipat City,GEN,Panipat,true,Haryana 5-Karnal
6-5,6-26,Haryana,5,Karnal,26,Israna,SC,Panipat,true,Haryana 5-Karnal
6-5,6-27,Haryana,5,Karnal,27,Samalkha,GEN,Panipat,true,Haryana 5-Karnal
6-6,6-28,Haryana,6,Sonipat,28,Ganaur,GEN,Sonipat,true,Haryana 6-Sonipat
6-6,6-29,Haryana,6,Sonipat,29,Rai,GEN,Sonipat,true,Haryana 6-Sonipat
6-6,6-30,Haryana,6,Sonipat,30,Kharkhauda,SC,Sonipat,true,Haryana 6-Sonipat
6-6,6-31,Haryana,6,Sonipat,31,Sonipat,GEN,Sonipat,true,Haryana 6-Sonipat
6-6,6-32,Haryana,6,Sonipat,32,Gohana,GEN,Sonipat,true,Haryana 6-Sonipat
6-6,6-33,Haryana,6,Sonipat,33,Baroda,GEN,Sonipat,true,Haryana 6-Sonipat
6-6,6-34,Haryana,6,Sonipat,34,Julana,GEN,Jind,true,Haryana 6-Sonipat
6-6,6-35,Haryana,6,Sonipat,35,Safidon,GEN,Jind,true,Haryana 6-Sonipat
6-6,6-36,Haryana,6,Sonipat,36,Jind,GEN,Jind,true,Haryana 6-Sonipat
6-7,6-60,Haryana,7,Rohtak,60,Meham,GEN,Rohtak,true,Haryana 7-Rohtak
6-7,6-61,Haryana,7,Rohtak,61,Garhi Sampla-Kiloi,GEN,Rohtak,,
6-7,6-62,Haryana,7,Rohtak,62,Rohtak,GEN,Rohtak,true,Haryana 7-Rohtak
6-7,6-63,Haryana,7,Rohtak,63,Kalanaur,SC,Rohtak,true,Haryana 7-Rohtak
6-7,6-64,Haryana,7,Rohtak,64,Bahadurgarh,GEN,Jhajjar,true,Haryana 7-Rohtak
6-7,6-65,Haryana,7,Rohtak,65,Badli,GEN,Jhajjar,true,Haryana 7-Rohtak
6-7,6-66,Haryana,7,Rohtak,66,Jhajjar,SC,Jhajjar,true,Haryana 7-Rohtak
6-7,6-67,Haryana,7,Rohtak,67,Beri,GEN,Jhajjar,true,Haryana 7-Rohtak
6-7,6-73,Haryana,7,Rohtak,73,Kosli,GEN,Rewari,true,Haryana 7-Rohtak
6-8,6-54,Haryana,8,Bhiwani-Mahendragarh,54,Loharu,GEN,Bhiwani,true,Haryana 8-Bhiwani-Mahendragarh
6-8,6-55,Haryana,8,Bhiwani-Mahendragarh,55,Badhra,GEN,Bhiwani,true,Haryana 8-Bhiwani-Mahendragarh
6-8,6-56,Haryana,8,Bhiwani-Mahendragarh,56,Dadri,GEN,Bhiwani,true,Haryana 8-Bhiwani-Mahendragarh
6-8,6-57,Haryana,8,Bhiwani-Mahendragarh,57,Bhiwani,GEN,Bhiwani,true,Haryana 8-Bhiwani-Mahendragarh
6-8,6-58,Haryana,8,Bhiwani-Mahendragarh,58,Tosham,GEN,Bhiwani,true,Haryana 8-Bhiwani-Mahendragarh
6-8,6-68,Haryana,8,Bhiwani-Mahendragarh,68,Ateli,GEN,Mahendragarh,true,Haryana 8-Bhiwani-Mahendragarh
6-8,6-69,Haryana,8,Bhiwani-Mahendragarh,69,Mahendragarh,GEN,Mahendragarh,true,Haryana 8-Bhiwani-Mahendragarh
6-8,6-70,Haryana,8,Bhiwani-Mahendragarh,70,Narnaul,GEN,Mahendragarh,true,Haryana 8-Bhiwani-Mahendragarh
6-8,6-71,Haryana,8,Bhiwani-Mahendragarh,71,Nangal Chaudhry,GEN,Mahendragarh,true,Haryana 8-Bhiwani-Mahendragarh
6-9,6-72,Haryana,9,Gurgaon,72,Bawal,SC,Rewari,true,Haryana 9-Gurgaon
6-9,6-74,Haryana,9,Gurgaon,74,Rewari,GEN,Rewari,true,Haryana 9-Gurgaon
6-9,6-75,Haryana,9,Gurgaon,75,Pataudi,SC,Gurgaon,true,Haryana 9-Gurgaon
6-9,6-76,Haryana,9,Gurgaon,76,Badshahpur,GEN,Gurgaon,true,Haryana 9-Gurgaon
6-9,6-77,Haryana,9,Gurgaon,77,Gurgaon,GEN,Gurgaon,true,Haryana 9-Gurgaon
6-9,6-78,Haryana,9,Gurgaon,78,Sohna,GEN,Gurgaon,true,Haryana 9-Gurgaon
6-9,6-79,Haryana,9,Gurgaon,79,Nuh,GEN,Gurgaon,true,Haryana 9-Gurgaon
6-9,6-80,Haryana,9,Gurgaon,80,Ferozepur Jhirka,GEN,Gurgaon,true,Haryana 9-Gurgaon
6-9,6-81,Haryana,9,Gurgaon,81,Punahana,GEN,Gurgaon,true,Haryana 9-Gurgaon
6-10,6-82,Haryana,10,Faridabad,82,Hathin,GEN,Faridabad,true,Haryana 10-Faridabad
6-10,6-83,Haryana,10,Faridabad,83,Hodal,SC,Faridabad,true,Haryana 10-Faridabad
6-10,6-84,Haryana,10,Faridabad,84,Palwal,GEN,Faridabad,true,Haryana 10-Faridabad
6-10,6-85,Haryana,10,Faridabad,85,Prithla,GEN,Faridabad,true,Haryana 10-Faridabad
6-10,6-86,Haryana,10,Faridabad,86,Faridabad NIT,GEN,Faridabad,true,Haryana 10-Faridabad
6-10,6-87,Haryana,10,Faridabad,87,Badkhal,GEN,Faridabad,true,Haryana 10-Faridabad
6-10,6-88,Haryana,10,Faridabad,88,Ballabgarh,GEN,Faridabad,,
6-10,6-89,Haryana,10,Faridabad,89,Faridabad,GEN,Faridabad,true,Haryana 10-Faridabad
6-10,6-90,Haryana,10,Faridabad,90,Tigaon,GEN,Faridabad,true,Haryana 10-Faridabad
2-1,2-1,Himachal Pradesh,1,Kangra,1,Churah,SC,Chamba,true,Himachal Pradesh 1-Kangra
2-1,2-3,Himachal Pradesh,1,Kangra,3,Chamba,GEN,Chamba,true,Himachal Pradesh 1-Kangra
2-1,2-4,Himachal Pradesh,1,Kangra,4,Dalhousie,GEN,Chamba,true,Himachal Pradesh 1-Kangra
2-1,2-5,Himachal Pradesh,1,Kangra,5,Bhattiyat,GEN,Chamba,true,Himachal Pradesh 1-Kangra
2-1,2-6,Himachal Pradesh,1,Kangra,6,Nurpur,GEN,Kangra,true,Himachal Pradesh 1-Kangra
2-1,2-7,Himachal Pradesh,1,Kangra,7,Indora,SC,Kangra,true,Himachal Pradesh 1-Kangra
2-1,2-8,Himachal Pradesh,1,Kangra,8,Fatehpur,GEN,Kangra,true,Himachal Pradesh 1-Kangra
2-1,2-9,Himachal Pradesh,1,Kangra,9,Jawali,GEN,Kangra,true,Himachal Pradesh 1-Kangra
2-1,2-12,Himachal Pradesh,1,Kangra,12,Jawalamukhi,GEN,Kangra,true,Himachal Pradesh 1-Kangra
2-1,2-13,Himachal Pradesh,1,Kangra,13,Jaisinghpur,SC,Kangra,true,Himachal Pradesh 1-Kangra
2-1,2-14,Himachal Pradesh,1,Kangra,14,Sullah,GEN,Kangra,true,Himachal Pradesh 1-Kangra
2-1,2-15,Himachal Pradesh,1,Kangra,15,Nagrota,GEN,Kangra,true,Himachal Pradesh 1-Kangra
2-1,2-16,Himachal Pradesh,1,Kangra,16,Kangra,GEN,Kangra,true,Himachal Pradesh 1-Kangra
2-1,2-17,Himachal Pradesh,1,Kangra,17,Shahpur,GEN,Kangra,true,Himachal Pradesh 1-Kangra
2-1,2-18,Himachal Pradesh,1,Kangra,18,Dharamshala,GEN,Kangra,true,Himachal Pradesh 1-Kangra
2-1,2-19,Himachal Pradesh,1,Kangra,19,Palampur,GEN,Kangra,true,Himachal Pradesh 1-Kangra
2-1,2-20,Himachal Pradesh,1,Kangra,20,Baijnath,SC,Kangra,true,Himachal Pradesh 1-Kangra
2-2,2-2,Himachal Pradesh,2,Mandi,2,Bharmour,ST,Chamba,true,Himachal Pradesh 2-Mandi
2-2,2-21,Himachal Pradesh,2,Mandi,21,Lahaul & Spiti,ST,Lahaul & Spiti,true,Himachal Pradesh 2-Mandi
2-2,2-22,Himachal Pradesh,2,Mandi,22,Manali,GEN,Kullu,true,Himachal Pradesh 2-Mandi
2-2,2-23,Himachal Pradesh,2,Mandi,23,Kullu,GEN,Kullu,true,Himachal Pradesh 2-Mandi
2-2,2-24,Himachal Pradesh,2,Mandi,24,Banjar,GEN,Kullu,true,Himachal Pradesh 2-Mandi
2-2,2-25,Himachal Pradesh,2,Mandi,25,Anni,SC,Kullu,true,Himachal Pradesh 2-Mandi
2-2,2-26,Himachal Pradesh,2,Mandi,26,Karsog,SC,Mandi,true,Himachal Pradesh 2-Mandi
2-2,2-27,Himachal Pradesh,2,Mandi,27,Sundernagar,GEN,Mandi,true,Himachal Pradesh 2-Mandi
2-2,2-28,Himachal Pradesh,2,Mandi,28,Nachan,SC,Mandi,true,Himachal Pradesh 2-Mandi
2-2,2-29,Himachal Pradesh,2,Mandi,29,Seraj,GEN,Mandi,true,Himachal Pradesh 2-Mandi
2-2,2-30,Himachal Pradesh,2,Mandi,30,Darang,GEN,Mandi,true,Himachal Pradesh 2-Mandi
2-2,2-31,Himachal Pradesh,2,Mandi,31,Jogindernagar,GEN,Mandi,true,Himachal Pradesh 2-Mandi
2-2,2-33,Himachal Pradesh,2,Mandi,33,Mandi,GEN,Mandi,true,Himachal Pradesh 2-Mandi
2-2,2-34,Himachal Pradesh,2,Mandi,34,Balh,SC,Mandi,true,Himachal Pradesh 2-Mandi
2-2,2-35,Himachal Pradesh,2,Mandi,35,Sarkaghat,GEN,Mandi,true,Himachal Pradesh 2-Mandi
2-2,2-66,Himachal Pradesh,2,Mandi,66,Rampur,SC,Shimla,true,Himachal Pradesh 2-Mandi
2-2,2-68,Himachal Pradesh,2,Mandi,68,Kinnaur,ST,Kinnaur,true,Himachal Pradesh 2-Mandi
2-3,2-10,Himachal Pradesh,3,Hamirpur,10,Dehra,GEN,Kangra,true,Himachal Pradesh 3-Hamirpur
2-3,2-11,Himachal Pradesh,3,Hamirpur,11,Jaswan-Pragpur,GEN,Kangra,true,Himachal Pradesh 3-Hamirpur
2-3,2-32,Himachal Pradesh,3,Hamirpur,32,Dharampur,GEN,Mandi,true,Himachal Pradesh 3-Hamirpur
2-3,2-36,Himachal Pradesh,3,Hamirpur,36,Bhoranj,SC,Hamirpur,true,Himachal Pradesh 3-Hamirpur
2-3,2-37,Himachal Pradesh,3,Hamirpur,37,Sujanpur,GEN,Hamirpur,true,Himachal Pradesh 3-Hamirpur
2-3,2-38,Himachal Pradesh,3,Hamirpur,38,Hamirpur,GEN,Hamirpur,true,Himachal Pradesh 3-Hamirpur
2-3,2-39,Himachal Pradesh,3,Hamirpur,39,Barsar,GEN,Hamirpur,true,Himachal Pradesh 3-Hamirpur
2-3,2-40,Himachal Pradesh,3,Hamirpur,40,Nadaun,GEN,Hamirpur,true,Himachal Pradesh 3-Hamirpur
2-3,2-41,Himachal Pradesh,3,Hamirpur,41,Chintpurni,SC,Una,true,Himachal Pradesh 3-Hamirpur
2-3,2-42,Himachal Pradesh,3,Hamirpur,42,Gagret,GEN,Una,true,Himachal Pradesh 3-Hamirpur
2-3,2-43,Himachal Pradesh,3,Hamirpur,43,Haroli,GEN,Una,true,Himachal Pradesh 3-Hamirpur
2-3,2-44,Himachal Pradesh,3,Hamirpur,44,Una,GEN,Una,true,Himachal Pradesh 3-Hamirpur
2-3,2-45,Himachal Pradesh,3,Hamirpur,45,Kutlehar,GEN,Una,true,Himachal Pradesh 3-Hamirpur
2-3,2-46,Himachal Pradesh,3,Hamirpur,46,Jhanduta,SC,Bilaspur,true,Himachal Pradesh 3-Hamirpur
2-3,2-47,Himachal Pradesh,3,Hamirpur,47,Ghumarwin,GEN,Bilaspur,true,Himachal Pradesh 3-Hamirpur
2-3,2-48,Himachal Pradesh,3,Hamirpur,48,Bilaspur,GEN,Bilaspur,true,Himachal Pradesh 3-Hamirpur
2-3,2-49,Himachal Pradesh,3,Hamirpur,49,Sri Naina Deviji,GEN,Bilaspur,true,Himachal Pradesh 3-Hamirpur
2-4,2-50,Himachal Pradesh,4,Shimla,50,Arki,GEN,Solan,true,Himachal Pradesh 4-Shimla
2-4,2-51,Himachal Pradesh,4,Shimla,51,Nalagarh,GEN,Solan,true,Himachal Pradesh 4-Shimla
2-4,2-52,Himachal Pradesh,4,Shimla,52,Doon,GEN,Solan,true,Himachal Pradesh 4-Shimla
2-4,2-53,Himachal Pradesh,4,Shimla,53,Solan,SC,Solan,true,Himachal Pradesh 4-Shimla
2-4,2-54,Himachal Pradesh,4,Shimla,54,Kasauli,SC,Solan,true,Himachal Pradesh 4-Shimla
2-4,2-55,Himachal Pradesh,4,Shimla,55,Pachhad,SC,Sirmour,true,Himachal Pradesh 4-Shimla
2-4,2-56,Himachal Pradesh,4,Shimla,56,Nahan,GEN,Sirmour,true,Himachal Pradesh 4-Shimla
2-4,2-57,Himachal Pradesh,4,Shimla,57,Sri Renukaji,SC,Sirmour,,
2-4,2-58,Himachal Pradesh,4,Shimla,58,Paonta Sahib,GEN,Sirmour,true,Himachal Pradesh 4-Shimla
2-4,2-59,Himachal Pradesh,4,Shimla,59,Shillai,GEN,Sirmour,true,Himachal Pradesh 4-Shimla
2-4,2-60,Himachal Pradesh,4,Shimla,60,Chopal,GEN,Shimla,true,Himachal Pradesh 4-Shimla
2-4,2-61,Himachal Pradesh,4,Shimla,61,Theog,GEN,Shimla,true,Himachal Pradesh 4-Shimla
2-4,2-62,Himachal Pradesh,4,Shimla,62,Kasumpti,GEN,Shimla,true,Himachal Pradesh 4-Shimla
2-4,2-63,Himachal Pradesh,4,Shimla,63,Shimla,GEN,Shimla,true,Himachal Pradesh 4-Shimla
2-4,2-64,Himachal Pradesh,4,Shimla,64,Shimla Rural,GEN,Shimla,true,Himachal Pradesh 4-Shimla
2-4,2-65,Himachal Pradesh,4,Shimla,65,Jubbal-Kotkhai,GEN,Shimla,true,Himachal Pradesh 4-Shimla
2-4,2-67,Himachal Pradesh,4,Shimla,67,Rohru,SC,Shimla,true,Himachal Pradesh 4-Shimla
1-1,1-1,Jammu & Kashmir,1,Baramulla,1,Karnah,GEN,,true,Jammu & Kashmir 1-Baramulla
1-1,1-2,Jammu & Kashmir,1,Baramulla,2,Trehgam,GEN,,,
1-1,1-3,Jammu & Kashmir,1,Baramulla,3,Kupwara,GEN,,true,Jammu & Kashmir 1-Baramulla
1-1,1-4,Jammu & Kashmir,1,Baramulla,4,Lolab,GEN,,true,Jammu & Kashmir 1-Baramulla
1-1,1-5,Jammu & Kashmir,1,Baramulla,5,Handwara,GEN,,true,Jammu & Kashmir 1-Baramulla
1-1,1-6,Jammu & Kashmir,1,Baramulla,6,Langate,GEN,,true,Jammu & Kashmir 1-Baramulla
1-1,1-7,Jammu & Kashmir,1,Baramulla,7,Sopore,GEN,,true,Jammu & Kashmir 1-Baramulla
1-1,1-8,Jammu & Kashmir,1,Baramulla,8,Rafiabad,GEN,,true,Jammu & Kashmir 1-Baramulla
1-1,1-9,Jammu & Kashmir,1,Baramulla,9,Uri,GEN,,true,Jammu & Kashmir 1-Baramulla
1-1,1-10,Jammu & Kashmir,1,Baramulla,10,Baramulla,GEN,,,
1-1,1-11,Jammu & Kashmir,1,Baramulla,11,Gulmarg,GEN,,true,Jammu & Kashmir 1-Baramulla
1-1,1-12,Jammu & Kashmir,1,Baramulla,12,Wagoora-Kreeri,GEN,,,
1-1,1-13,Jammu & Kashmir,1,Baramulla,13,Pattan,GEN,,true,Jammu & Kashmir 1-Baramulla
1-1,1-14,Jammu & Kashmir,1,Baramulla,14,Sonawari,GEN,,true,Jammu & Kashmir 1-Baramulla
1-1,1-15,Jammu & Kashmir,1,Baramulla,15,Bandipora,GEN,,true,Jammu & Kashmir 1-Baramulla
1-1,1-16,Jammu & Kashmir,1,Baramulla,16,Gurez,ST,,true,Jammu & Kashmir 1-Baramulla
1-1,1-27,Jammu & Kashmir,1,Baramulla,27,Budgam,GEN,,,
1-1,1-28,Jammu & Kashmir,1,Baramulla,28,Beerwah,GEN,,true,Jammu & Kashmir 1-Baramulla
1-2,1-17,Jammu & Kashmir,2,Srinagar,17,Kangan,ST,,true,Jammu & Kashmir 2-Srinagar
1-2,1-18,Jammu & Kashmir,2,Srinagar,18,Ganderbal,GEN,,true,Jammu & Kashmir 2-Srinagar
1-2,1-19,Jammu & Kashmir,2,Srinagar,19,Hazratbal,GEN,,true,Jammu & Kashmir 2-Srinagar
1-2,1-20,Jammu & Kashmir,2,Srinagar,20,Khanyar,GEN,,,
1-2,1-21,Jammu & Kashmir,2,Srinagar,21,Habbakadal,GEN,,,
1-2,1-22,Jammu & Kashmir,2,Srinagar,22,Lal Chowk,GEN,,,
1-2,1-23,Jammu & Kashmir,2,Srinagar,23,Channapora,GEN,,,
1-2,1-24,Jammu & Kashmir,2,Srinagar,24,Zadibal,GEN,,true,Jammu & Kashmir 2-Srinagar
1-2,1-25,Jammu & Kashmir,2,Srinagar,25,Eidgah,GEN,,true,Jammu & Kashmir 2-Srinagar
1-2,1-26,Jammu & Kashmir,2,Srinagar,26,Central Shalteng,GEN,,,
1-2,1-29,Jammu & Kashmir,2,Srinagar,29,Khansahib,GEN,,,
1-2,1-30,Jammu & Kashmir,2,Srinagar,30,Chrar-i-Sharief,GEN,,,
1-2,1-31,Jammu & Kashmir,2,Srinagar,31,Chadoora,GEN,,true,Jammu & Kashmir 2-Srinagar
1-2,1-32,Jammu & Kashmir,2,Srinagar,32,Pampore,GEN,,true,Jammu & Kashmir 2-Srinagar
1-2,1-33,Jammu & Kashmir,2,Srinagar,33,Tral,GEN,,true,Jammu & Kashmir 2-Srinagar
1-2,1-34,Jammu & Kashmir,2,Srinagar,34,Pulwama,GEN,,true,Jammu & Kashmir 2-Srinagar
1-2,1-35,Jammu & Kashmir,2,Srinagar,35,Rajpora,GEN,,true,Jammu & Kashmir 2-Srinagar
1-2,1-37,Jammu & Kashmir,2,Srinagar,37,Shopian,GEN,,true,Jammu & Kashmir 2-Srinagar
1-3,1-36,Jammu & Kashmir,3,Anantnag-Rajouri,36,Zainapora,GEN,,,
1-3,1-38,Jammu & Kashmir,3,Anantnag-Rajouri,38,D.H. Pora,GEN,,,
1-3,1-39,Jammu & Kashmir,3,Anantnag-Rajouri,39,Kulgam,GEN,,true,Jammu & Kashmir 3-Anantnag-Rajouri
1-3,1-40,Jammu & Kashmir,3,Anantnag-Rajouri,40,Devsar,GEN,,true,Jammu & Kashmir 3-Anantnag-Rajouri
1-3,1-41,Jammu & Kashmir,3,Anantnag-Rajouri,41,Dooru,GEN,,,
1-3,1-42,Jammu & Kashmir,3,Anantnag-Rajouri,42,Kokernag,ST,,true,Jammu & Kashmir 3-Anantnag-Rajouri
1-3,1-43,Jammu & Kashmir,3,Anantnag-Rajouri,43,Anantnag West,GEN,,,
1-3,1-44,Jammu & Kashmir,3,Anantnag-Rajouri,44,Anantnag,GEN,,true,Jammu & Kashmir 3-Anantnag-Rajouri
1-3,1-45,Jammu & Kashmir,3,Anantnag-Rajouri,45,Srigufwara-Bijbehara,GEN,,,
1-3,1-46,Jammu & Kashmir,3,Anantnag-Rajouri,46,Shangus-Anantnag East,GEN,,,
1-3,1-47,Jammu & Kashmir,3,Anantnag-Rajouri,47,Pahalgam,GEN,,true,Jammu & Kashmir 3-Anantnag-Rajouri
1-3,1-84,Jammu & Kashmir,3,Anantnag-Rajouri,84,Nowshera,GEN,,,
1-3,1-85,Jammu & Kashmir,3,Anantnag-Rajouri,85,Rajouri,ST,,,
1-3,1-86,Jammu & Kashmir,3,Anantnag-Rajouri,86,Budhal,ST,,,
1-3,1-87,Jammu & Kashmir,3,Anantnag-Rajouri,87,Thanamandi,ST,,,
1-3,1-88,Jammu & Kashmir,3,Anantnag-Rajouri,88,Surankote,ST,,true,Jammu & Kashmir 3-Anantnag-Rajouri
1-3,1-89,Jammu & Kashmir,3,Anantnag-Rajouri,89,Poonch Haveli,GEN,,true,Jammu & Kashmir 3-Anantnag-Rajouri
1-3,1-90,Jammu & Kashmir,3,Anantnag-Rajouri,90,Mendhar,ST,,true,Jammu & Kashmir 3-Anantnag-Rajouri
1-4,1-48,Jammu & Kashmir,4,Udhampur,48,Inderwal,GEN,,true,Jammu & Kashmir 4-Udhampur
1-4,1-49,Jammu & Kashmir,4,Udhampur,49,Kishtwar,GEN,,true,Jammu & Kashmir 4-Udhampur
1-4,1-50,Jammu & Kashmir,4,Udhampur,50,Padder-Nagseni,GEN,,,
1-4,1-51,Jammu & Kashmir,4,Udhampur,51,Bhadarwah,GEN,,,
1-4,1-52,Jammu & Kashmir,4,Udhampur,52,Doda,GEN,,true,Jammu & Kashmir 4-Udhampur
1-4,1-53,Jammu & Kashmir,4,Udhampur,53,Doda West,GEN,,,
1-4,1-54,Jammu & Kashmir,4,Udhampur,54,Ramban,GEN,,true,Jammu & Kashmir 4-Udhampur
1-4,1-55,Jammu & Kashmir,4,Udhampur,55,Banihal,GEN,,true,Jammu & Kashmir 4-Udhampur
1-4,1-59,Jammu & Kashmir,4,Udhampur,59,Udhampur West,GEN,,,
1-4,1-60,Jammu & Kashmir,4,Udhampur,60,Udhampur East,GEN,,,
1-4,1-61,Jammu & Kashmir,4,Udhampur,61,Chenani,GEN,,true,Jammu & Kashmir 4-Udhampur
1-4,1-62,Jammu & Kashmir,4,Udhampur,62,Ramnagar,SC,,true,Jammu & Kashmir 4-Udhampur
1-4,1-63,Jammu & Kashmir,4,Udhampur,63,Bani,GEN,,true,Jammu & Kashmir 4-Udhampur
1-4,1-64,Jammu & Kashmir,4,Udhampur,64,Billawar,GEN,,true,Jammu & Kashmir 4-Udhampur
1-4,1-65,Jammu & Kashmir,4,Udhampur,65,Basohli,GEN,,true,Jammu & Kashmir 4-Udhampur
1-4,1-66,Jammu & Kashmir,4,Udhampur,66,Jasrota,GEN,,,
1-4,1-67,Jammu & Kashmir,4,Udhampur,67,Kathua,SC,,true,Jammu & Kashmir 4-Udhampur
1-4,1-68,Jammu & Kashmir,4,Udhampur,68,Hiranagar,GEN,,false,Jammu & Kashmir 5-Jammu
1-5,1-56,Jammu & Kashmir,5,Jammu,56,Gulabgarh,ST,,true,Jammu & Kashmir 5-Jammu
1-5,1-57,Jammu & Kashmir,5,Jammu,57,Reasi,GEN,,true,Jammu & Kashmir 5-Jammu
1-5,1-58,Jammu & Kashmir,5,Jammu,58,Shri Mata Vaishno Devi,GEN,,,
1-5,1-69,Jammu & Kashmir,5,Jammu,69,Ramgarh,SC,,,
1-5,1-70,Jammu & Kashmir,5,Jammu,70,Samba,GEN,,true,Jammu & Kashmir 5-Jammu
1-5,1-71,Jammu & Kashmir,5,Jammu,71,Vijaypur,GEN,,true,Jammu & Kashmir 5-Jammu
1-5,1-72,Jammu & Kashmir,5,Jammu,72,Bishnah,SC,,true,Jammu & Kashmir 5-Jammu
1-5,1-73,Jammu & Kashmir,5,Jammu,73,Suchetgarh,SC,,true,Jammu & Kashmir 5-Jammu
1-5,1-74,Jammu & Kashmir,5,Jammu,74,R.S.Pura-Jammu South,GEN,,,
1-5,1-75,Jammu & Kashmir,5,Jammu,75,Bahu,GEN,,,
1-5,1-76,Jammu & Kashmir,5,Jammu,76,Jammu East,GEN,,true,Jammu & Kashmir 5-Jammu
1-5,1-77,Jammu & Kashmir,5,Jammu,77,Nagrota,GEN,,true,Jammu & Kashmir 5-Jammu
1-5,1-78,Jammu & Kashmir,5,Jammu,78,Jammu West,GEN,,true,Jammu & Kashmir 5-Jammu
1-5,1-79,Jammu & Kashmir,5,Jammu,79,Jammu North,GEN,,,
1-5,1-80,Jammu & Kashmir,5,Jammu,80,Marh,SC,,true,Jammu & Kashmir 5-Jammu
1-5,1-81,Jammu & Kashmir,5,Jammu,81,Akhnoor,SC,,true,Jammu & Kashmir 5-Jammu
1-5,1-82,Jammu & Kashmir,5,Jammu,82,Chhamb,GEN,,true,Jammu & Kashmir 5-Jammu
1-5,1-83,Jammu & Kashmir,5,Jammu,83,Kalakote-Sunderbani,GEN,,,
20-1,20-1,Jharkhand,1,Rajmahal,1,Rajmahal,GEN,Sahebganj,true,Jharkhand 1-Rajmahal
20-1,20-2,Jharkhand,1,Rajmahal,2,Boiro,ST,Sahebganj,,
20-1,20-3,Jharkhand,1,Rajmahal,3,Barhait,ST,Sahebganj,true,Jharkhand 1-Rajmahal
20-1,20-4,Jharkhand,1,Rajmahal,4,Litipara,ST,Pakaur,true,Jharkhand 1-Rajmahal
20-1,20-5,Jharkhand,1,Rajmahal,5,Pakaur,GEN,Pakaur,true,Jharkhand 1-Rajmahal
20-1,20-6,Jharkhand,1,Rajmahal,6,Maheshpur,ST,Pakaur,true,Jharkhand 1-Rajmahal
20-2,20-7,Jharkhand,2,Dumka,7,Skiaripara,ST,Dumka,,
20-2,20-8,Jharkhand,2,Dumka,8,Nala,GEN,Dumka,true,Jharkhand 2-Dumka
20-2,20-9,Jharkhand,2,Dumka,9,Jamtara,GEN,Dumka,true,Jharkhand 2-Dumka
20-2,20-10,Jharkhand,2,Dumka,10,Dumka,ST,Dumka,true,Jharkhand 2-Dumka
20-2,20-11,Jharkhand,2,Dumka,11,Jama,ST,Dumka,true,Jharkhand 2-Dumka
20-2,20-14,Jharkhand,2,Dumka,14,Sarath,GEN,Deoghar,true,Jharkhand 2-Dumka
20-3,20-12,Jharkhand,3,Godda,12,Jarmundi,GEN,Dumka,true,Jharkhand 3-Godda
20-3,20-13,Jharkhand,3,Godda,13,Madhupur,GEN,Deoghar,true,Jharkhand 3-Godda
20-3,20-15,Jharkhand,3,Godda,15,Deoghar,SC,Deoghar,true,Jharkhand 3-Godda
20-3,20-16,Jharkhand,3,Godda,16,Poreyahat,GEN,Godda,true,Jharkhand 3-Godda
20-3,20-17,Jharkhand,3,Godda,17,Godda,GEN,Godda,true,Jharkhand 3-Godda
20-3,20-18,Jharkhand,3,Godda,18,Mahagama,GEN,Godda,true,Jharkhand 3-Godda
20-4,20-26,Jharkhand,4,Chatra,26,Simaria,SC,Chatra,true,Jharkhand 4-Chatra
20-4,20-27,Jharkhand,4,Chatra,27,Chatra,SC,Chatra,true,Jharkhand 4-Chatra
20-4,20-73,Jharkhand,4,Chatra,73,Manika,ST,Palamau,true,Jharkhand 4-Chatra
20-4,20-74,Jharkhand,4,Chatra,74,Latehar,SC,Palamau,true,Jharkhand 4-Chatra
20-4,20-75,Jharkhand,4,Chatra,75,Panki,GEN,Palamau,true,Jharkhand 4-Chatra
20-5,20-19,Jharkhand,5,Kodarma,19,Kodarma,GEN,Kodarma,true,Jharkhand 5-Kodarma
20-5,20-20,Jharkhand,5,Kodarma,20,Barkatha,GEN,Hazaribagh,true,Jharkhand 5-Kodarma
20-5,20-28,Jharkhand,5,Kodarma,28,Dhanwar,GEN,Giridih,true,Jharkhand 5-Kodarma
20-5,20-29,Jharkhand,5,Kodarma,29,Bagodar,GEN,Giridih,true,Jharkhand 5-Kodarma
20-5,20-30,Jharkhand,5,Kodarma,30,Jamua,SC,Giridih,true,Jharkhand 5-Kodarma
20-5,20-31,Jharkhand,5,Kodarma,31,Gandey,GEN,Giridih,true,Jharkhand 5-Kodarma
20-6,20-32,Jharkhand,6,Giridih,32,Giridih,GEN,Giridih,true,Jharkhand 6-Giridih
20-6,20-33,Jharkhand,6,Giridih,33,Dumri,GEN,Giridih,true,Jharkhand 6-Giridih
20-6,20-34,Jharkhand,6,Giridih,34,Gomia,GEN,Bokaro,true,Jharkhand 6-Giridih
20-6,20-35,Jharkhand,6,Giridih,35,Bermo,GEN,Bokaro,true,Jharkhand 6-Giridih
20-6,20-42,Jharkhand,6,Giridih,42,Tundi,GEN,Dhanbad,true,Jharkhand 6-Giridih
20-6,20-43,Jharkhand,6,Giridih,43,Baghmara,GEN,Dhanbad,true,Jharkhand 6-Giridih
20-7,20-36,Jharkhand,7,Dhanbad,36,Bokaro,GEN,Bokaro,true,Jharkhand 7-Dhanbad
20-7,20-37,Jharkhand,7,Dhanbad,37,Chandankiyari,SC,Bokaro,true,Jharkhand 7-Dhanbad
20-7,20-38,Jharkhand,7,Dhanbad,38,Sindri,GEN,Dhanbad,true,Jharkhand 7-Dhanbad
20-7,20-39,Jharkhand,7,Dhanbad,39,Nirsa,GEN,Dhanbad,true,Jharkhand 7-Dhanbad
20-7,20-40,Jharkhand,7,Dhanbad,40,Dhanbad,GEN,Dhanbad,true,Jharkhand 7-Dhanbad
20-7,20-41,Jharkhand,7,Dhanbad,41,Jharia,GEN,Dhanbad,true,Jharkhand 7-Dhanbad
20-8,20-50,Jharkhand,8,Ranchi,50,Ichagarh,GEN,(West) Singhbhum,true,Jharkhand 8-Ranchi
20-8,20-61,Jharkhand,8,Ranchi,61,Silli,GEN,Ranchi,true,Jharkhand 8-Ranchi
20-8,20-62,Jharkhand,8,Ranchi,62,Khijri,ST,Ranchi,true,Jharkhand 8-Ranchi
20-8,20-63,Jharkhand,8,Ranchi,63,Ranchi,GEN,Ranchi,true,Jharkhand 8-Ranchi
20-8,20-64,Jharkhand,8,Ranchi,64,Hatia,GEN,Ranchi,true,Jharkhand 8-Ranchi
20-8,20-65,Jharkhand,8,Ranchi,65,Kanke,SC,Ranchi,true,Jharkhand 8-Ranchi
20-9,20-44,Jharkhand,9,Jamshedpur,44,Baharagora,GEN,(East) Singhbhum,true,Jharkhand 9-Jamshedpur
20-9,20-45,Jharkhand,9,Jamshedpur,45,Ghatsila,ST,(East) Singhbhum,true,Jharkhand 9-Jamshedpur
20-9,20-46,Jharkhand,9,Jamshedpur,46,Potka,GEN,(East) Singhbhum,true,Jharkhand 9-Jamshedpur
20-9,20-47,Jharkhand,9,Jamshedpur,47,Jugsalai,SC,(East) Singhbhum,true,Jharkhand 9-Jamshedpur
20-9,20-48,Jharkhand,9,Jamshedpur,48,Jamshedpur-East,GEN,(East) Singhbhum,true,Jharkhand 9-Jamshedpur
20-9,20-49,Jharkhand,9,Jamshedpur,49,Jamshedpur-West,GEN,(East) Singhbhum,true,Jharkhand 9-Jamshedpur
20-10,20-51,Jharkhand,10,Singhbhum,51,Seraikela,ST,(West) Singhbhum,,
20-10,20-52,Jharkhand,10,Singhbhum,52,Chaibasa,ST,(West) Singhbhum,true,Jharkhand 10-Singhbhum
20-10,20-53,Jharkhand,10,Singhbhum,53,Majhgaon,ST,(West) Singhbhum,true,Jharkhand 10-Singhbhum
20-10,20-54,Jharkhand,10,Singhbhum,54,Jaganathpur,ST,(West) Singhbhum,true,Jharkhand 10-Singhbhum
20-10,20-55,Jharkhand,10,Singhbhum,55,Manoharpur,ST,(West) Singhbhum,true,Jharkhand 10-Singhbhum
20-10,20-56,Jharkhand,10,Singhbhum,56,Chakaradharpur,ST,(West) Singhbhum,,
20-11,20-57,Jharkhand,11,Khunti,57,Kharsawan,ST,(West) Singhbhum,,
20-11,20-58,Jharkhand,11,Khunti,58,Tamar,ST,Ranchi,true,Jharkhand 11-Khunti
20-11,20-59,Jharkhand,11,Khunti,59,Torpa,ST,Ranchi,true,Jharkhand 11-Khunti
20-11,20-60,Jharkhand,11,Khunti,60,Khunti,ST,Ranchi,true,Jharkhand 11-Khunti
20-11,20-70,Jharkhand,11,Khunti,70,Simdega,ST,Gumla,true,Jharkhand 11-Khunti
20-11,20-71,Jharkhand,11,Khunti,71,Kolebira,ST,Gumla,true,Jharkhand 11-Khunti
20-12,20-66,Jharkhand,12,Lohardaga,66,Mandar,ST,Ranchi,true,Jharkhand 12-Lohardaga
20-12,20-67,Jharkhand,12,Lohardaga,67,Sisai,ST,Gumla,true,Jharkhand 12-Lohardaga
20-12,20-68,Jharkhand,12,Lohardaga,68,Gumla,ST,Gumla,true,Jharkhand 12-Lohardaga
20-12,20-69,Jharkhand,12,Lohardaga,69,Bishunpur,ST,Gumla,,
20-12,20-72,Jharkhand,12,Lohardaga,72,Lohardagga,ST,Lohardaga,,
20-13,20-76,Jharkhand,13,Palamu,76,Daltonganj,GEN,Palamau,true,Jharkhand 13-Palamu
20-13,20-77,Jharkhand,13,Palamu,77,Bishrampur,GEN,Palamau,true,Jharkhand 13-Palamu
20-13,20-78,Jharkhand,13,Palamu,78,Chhatarpur,SC,Palamau,true,Jharkhand 13-Palamu
20-13,20-79,Jharkhand,13,Palamu,79,Hussainabad,GEN,Palamau,true,Jharkhand 13-Palamu
20-13,20-80,Jharkhand,13,Palamu,80,Garhwa,GEN,Garhwa,true,Jharkhand 13-Palamu
20-13,20-81,Jharkhand,13,Palamu,81,Bhawanathpur,GEN,Garhwa,true,Jharkhand 13-Palamu
20-14,20-21,Jharkhand,14,Hazaribagh,21,Barhi,GEN,Hazaribagh,true,Jharkhand 14-Hazaribagh
20-14,20-22,Jharkhand,14,Hazaribagh,22,Barkagaon,GEN,Hazaribagh,true,Jharkhand 14-Hazaribagh
20-14,20-23,Jharkhand,14,Hazaribagh,23,Ramgarh,GEN,Hazaribagh,true,Jharkhand 14-Hazaribagh
20-14,20-24,Jharkhand,14,Hazaribagh,24,Mandu,GEN,Hazaribagh,true,Jharkhand 14-Hazaribagh
20-14,20-25,Jharkhand,14,Hazaribagh,25,Hazaribagh,GEN,Hazaribagh,true,Jharkhand 14-Hazaribagh
29-1,29-1,Karnataka,1,Chikkodi,1,Nippani,GEN,Belgaum,true,Karnataka 1-Chikkodi
29-1,29-2,Karnataka,1,Chikkodi,2,Chikkodi - Sadalga,GEN,Belgaum,true,Karnataka 1-Chikkodi
29-1,29-3,Karnataka,1,Chikkodi,3,Athni,GEN,Belgaum,,
29-1,29-4,Karnataka,1,Chikkodi,4,Kagawad,GEN,Belgaum,,
29-1,29-5,Karnataka,1,Chikkodi,5,Kudachi,SC,Belgaum,true,Karnataka 1-Chikkodi
29-1,29-6,Karnataka,1,Chikkodi,6,Raybag,SC,Belgaum,true,Karnataka 1-Chikkodi
29-1,29-7,Karnataka,1,Chikkodi,7,Hukeri,GEN,Belgaum,,
29-1,29-10,Karnataka,1,Chikkodi,10,Yemkanmardi,ST,Belgaum,true,Karnataka 1-Chikkodi
29-2,29-8,Karnataka,2,Belgaum,8,Arabhavi,GEN,Belgaum,true,Karnataka 2-Belgaum
29-2,29-9,Karnataka,2,Belgaum,9,Gokak,GEN,Belgaum,true,Karnataka 2-Belgaum
29-2,29-11,Karnataka,2,Belgaum,11,Belgaum Uttar,GEN,Belgaum,true,Karnataka 2-Belgaum
29-2,29-12,Karnataka,2,Belgaum,12,Belgaum Dakshin,GEN,Belgaum,true,Karnataka 2-Belgaum
29-2,29-13,Karnataka,2,Belgaum,13,Belgaum Rural,GEN,Belgaum,true,Karnataka 2-Belgaum
29-2,29-16,Karnataka,2,Belgaum,16,Bailhongal,GEN,Belgaum,true,Karnataka 2-Belgaum
29-2,29-17,Karnataka,2,Belgaum,17,Saundatti Yellamma,GEN,Belgaum,true,Karnataka 2-Belgaum
29-2,29-18,Karnataka,2,Belgaum,18,Ramdurg,GEN,Belgaum,true,Karnataka 2-Belgaum
29-3,29-19,Karnataka,3,Bagalkot,19,Mudhol,SC,Bagalkot,true,Karnataka 3-Bagalkot
29-3,29-20,Karnataka,3,Bagalkot,20,Terdal,GEN,Bagalkot,true,Karnataka 3-Bagalkot
29-3,29-21,Karnataka,3,Bagalkot,21,Jamkhandi,GEN,Bagalkot,true,Karnataka 3-Bagalkot
29-3,29-22,Karnataka,3,Bagalkot,22,Bilgi,GEN,Bagalkot,true,Karnataka 3-Bagalkot
29-3,29-23,Karnataka,3,Bagalkot,23,Badami,GEN,Bagalkot,true,Karnataka 3-Bagalkot
29-3,29-24,Karnataka,3,Bagalkot,24,Bagalkot,GEN,Bagalkot,true,Karnataka 3-Bagalkot
29-3,29-25,Karnataka,3,Bagalkot,25,Hungund,GEN,Bagalkot,true,Karnataka 3-Bagalkot
29-3,29-68,Karnataka,3,Bagalkot,68,Nargund,GEN,Gadag,true,Karnataka 3-Bagalkot
29-4,29-26,Karnataka,4,Bijapur,26,Muddebihal,GEN,Bijapur,true,Karnataka 4-Bijapur
29-4,29-27,Karnataka,4,Bijapur,27,Devar Hippargi,GEN,Bijapur,true,Karnataka 4-Bijapur
29-4,29-28,Karnataka,4,Bijapur,28,Basavana Bagevadi,GEN,Bijapur,true,Karnataka 4-Bijapur
29-4,29-29,Karnataka,4,Bijapur,29,Babaleshwar,GEN,Bijapur,true,Karnataka 4-Bijapur
29-4,29-30,Karnataka,4,Bijapur,30,Bijapur City,GEN,Bijapur,true,Karnataka 4-Bijapur
29-4,29-31,Karnataka,4,Bijapur,31,Nagthan,SC,Bijapur,true,Karnataka 4-Bijapur
29-4,29-32,Karnataka,4,Bijapur,32,Indi,GEN,Bijapur,true,Karnataka 4-Bijapur
29-4,29-33,Karnataka,4,Bijapur,33,Sindgi,GEN,Bijapur,true,Karnataka 4-Bijapur
29-5,29-34,Karnataka,5,Gulbarga,34,Afzalpur,GEN,Gulbarga,true,Karnataka 5-Gulbarga
29-5,29-35,Karnataka,5,Gulbarga,35,Jewargi,GEN,Gulbarga,,
29-5,29-39,Karnataka,5,Gulbarga,39,Gurmitkal,GEN,Gulbarga,true,Karnataka 5-Gulbarga
29-5,29-40,Karnataka,5,Gulbarga,40,Chittapur,SC,Gulbarga,true,Karnataka 5-Gulbarga
29-5,29-41,Karnataka,5,Gulbarga,41,Sedam,GEN,Gulbarga,true,Karnataka 5-Gulbarga
29-5,29-43,Karnataka,5,Gulbarga,43,Gulbarga Rural,SC,Gulbarga,true,Karnataka 5-Gulbarga
29-5,29-44,Karnataka,5,Gulbarga,44,Gulbarga Dakshin,GEN,Gulbarga,true,Karnataka 5-Gulbarga
29-5,29-45,Karnataka,5,Gulbarga,45,Gulbarga Uttar,GEN,Gulbarga,true,Karnataka 5-Gulbarga
29-6,29-36,Karnataka,6,Raichur,36,Shorapur,ST,Gulbarga,true,Karnataka 6-Raichur
29-6,29-37,Karnataka,6,Raichur,37,Shahapur,GEN,Gulbarga,true,Karnataka 6-Raichur
29-6,29-38,Karnataka,6,Raichur,38,Yadgir,GEN,Gulbarga,true,Karnataka 6-Raichur
29-6,29-53,Karnataka,6,Raichur,53,Raichur Rural,ST,Raichur,true,Karnataka 6-Raichur
29-6,29-54,Karnataka,6,Raichur,54,Raichur,GEN,Raichur,true,Karnataka 6-Raichur
29-6,29-55,Karnataka,6,Raichur,55,Manvi,ST,Raichur,true,Karnataka 6-Raichur
29-6,29-56,Karnataka,6,Raichur,56,Devadurga,ST,Raichur,true,Karnataka 6-Raichur
29-6,29-57,Karnataka,6,Raichur,57,Lingsugur,SC,Raichur,true,Karnataka 6-Raichur
29-7,29-42,Karnataka,7,Bidar,42,Chincholi,SC,Gulbarga,true,Karnataka 7-Bidar
29-7,29-46,Karnataka,7,Bidar,46,Aland,GEN,Gulbarga,true,Karnataka 7-Bidar
29-7,29-47,Karnataka,7,Bidar,47,Basavakalyan,GEN,Bidar,true,Karnataka 7-Bidar
29-7,29-48,Karnataka,7,Bidar,48,Humnabad,GEN,Bidar,,
29-7,29-49,Karnataka,7,Bidar,49,Bidar South,GEN,Bidar,true,Karnataka 7-Bidar
29-7,29-50,Karnataka,7,Bidar,50,Bidar,GEN,Bidar,true,Karnataka 7-Bidar
29-7,29-51,Karnataka,7,Bidar,51,Bhalki,GEN,Bidar,true,Karnataka 7-Bidar
29-7,29-52,Karnataka,7,Bidar,52,Aurad,SC,Bidar,true,Karnataka 7-Bidar
29-8,29-58,Karnataka,8,Koppal,58,Sindhanur,GEN,Raichur,true,Karnataka 8-Koppal
29-8,29-59,Karnataka,8,Koppal,59,Maski,ST,Raichur,true,Karnataka 8-Koppal
29-8,29-60,Karnataka,8,Koppal,60,Kushtagi,GEN,Koppal,true,Karnataka 8-Koppal
29-8,29-61,Karnataka,8,Koppal,61,Kanakagiri,SC,Koppal,true,Karnataka 8-Koppal
29-8,29-62,Karnataka,8,Koppal,62,Gangawati,GEN,Koppal,true,Karnataka 8-Koppal
29-8,29-63,Karnataka,8,Koppal,63,Yelburga,GEN,Koppal,true,Karnataka 8-Koppal
29-8,29-64,Karnataka,8,Koppal,64,Koppal,GEN,Koppal,true,Karnataka 8-Koppal
29-8,29-92,Karnataka,8,Koppal,92,Siruguppa,ST,Bellary,true,Karnataka 8-Koppal
29-9,29-88,Karnataka,9,Bellary,88,Hadagalli,SC,Bellary,true,Karnataka 9-Bellary
29-9,29-89,Karnataka,9,Bellary,89,Hagaribommanahalli,SC,Bellary,true,Karnataka 9-Bellary
29-9,29-90,Karnataka,9,Bellary,90,Vijayanagara,GEN,Bellary,true,Karnataka 9-Bellary
29-9,29-91,Karnataka,9,Bellary,91,Kampli,ST,Bellary,true,Karnataka 9-Bellary
29-9,29-93,Karnataka,9,Bellary,93,Bellary,ST,Bellary,true,Karnataka 9-Bellary
29-9,29-94,Karnataka,9,Bellary,94,Bellary City,GEN,Bellary,true,Karnataka 9-Bellary
29-9,29-95,Karnataka,9,Bellary,95,Sandur,ST,Bellary,true,Karnataka 9-Bellary
29-9,29-96,Karnataka,9,Bellary,96,Kudligi,ST,Bellary,true,Karnataka 9-Bellary
29-10,29-65,Karnataka,10,Haveri,65,Shirahatti,SC,Gadag,true,Karnataka 10-Haveri
29-10,29-66,Karnataka,10,Haveri,66,Gadag,GEN,Gadag,true,Karnataka 10-Haveri
29-10,29-67,Karnataka,10,Haveri,67,Ron,GEN,Gadag,true,Karnataka 10-Haveri
29-10,29-82,Karnataka,10,Haveri,82,Hangal,GEN,Haveri,true,Karnataka 10-Haveri
29-10,29-84,Karnataka,10,Haveri,84,Haveri,SC,Haveri,true,Karnataka 10-Haveri
29-10,29-85,Karnataka,10,Haveri,85,Byadgi,GEN,Haveri,true,Karnataka 10-Haveri
29-10,29-86,Karnataka,10,Haveri,86,Hirekerur,GEN,Haveri,true,Karnataka 10-Haveri
29-10,29-87,Karnataka,10,Haveri,87,Ranibennur,GEN,Haveri,true,Karnataka 10-Haveri
29-11,29-69,Karnataka,11,Dharwad,69,Navalgund,GEN,Dharwad,true,Karnataka 11-Dharwad
29-11,29-70,Karnataka,11,Dharwad,70,Kundgol,GEN,Dharwad,true,Karnataka 11-Dharwad
29-11,29-71,Karnataka,11,Dharwad,71,Dharwad,GEN,Dharwad,true,Karnataka 11-Dharwad
29-11,29-72,Karnataka,11,Dharwad,72,Hubli-Dharwad-East,SC,Dharwad,true,Karnataka 11-Dharwad
29-11,29-73,Karnataka,11,Dharwad,73,Hubli-Dharwad-Central,GEN,Dharwad,true,Karnataka 11-Dharwad
29-11,29-74,Karnataka,11,Dharwad,74,Hubli-Dharwad-West,GEN,Dharwad,true,Karnataka 11-Dharwad
29-11,29-75,Karnataka,11,Dharwad,75,Kalghatgi,GEN,Dharwad,true,Karnataka 11-Dharwad
29-11,29-83,Karnataka,11,Dharwad,83,Shiggaon,GEN,Haveri,true,Karnataka 11-Dharwad
29-12,29-14,Karnataka,12,Uttara Kannada,14,Khanapur,GEN,Belgaum,true,Karnataka 12-Uttara Kannada
29-12,29-15,Karnataka,12,Uttara Kannada,15,Kittur,GEN,Belgaum,true,Karnataka 12-Uttara Kannada
29-12,29-76,Karnataka,12,Uttara Kannada,76,Haliyal,GEN,Uttara Kannada,true,Karnataka 12-Uttara Kannada
29-12,29-77,Karnataka,12,Uttara Kannada,77,Karwar,GEN,Uttara Kannada,true,Karnataka 12-Uttara Kannada
29-12,29-78,Karnataka,12,Uttara Kannada,78,Kumta,GEN,Uttara Kannada,true,Karnataka 12-Uttara Kannada
29-12,29-79,Karnataka,12,Uttara Kannada,79,Bhatkal,GEN,Uttara Kannada,true,Karnataka 12-Uttara Kannada
29-12,29-80,Karnataka,12,Uttara Kannada,80,Sirsi,GEN,Uttara Kannada,true,Karnataka 12-Uttara Kannada
29-12,29-81,Karnataka,12,Uttara Kannada,81,Yellapur,GEN,Uttara Kannada,true,Karnataka 12-Uttara Kannada
29-13,29-103,Karnataka,13,Davanagere,103,Jagalur,ST,Davanagere,true,Karnataka 13-Davanagere
29-13,29-104,Karnataka,13,Davanagere,104,Harapanahalli,GEN,Davanagere,true,Karnataka 13-Davanagere
29-13,29-105,Karnataka,13,Davanagere,105,Harihar,GEN,Davanagere,true,Karnataka 13-Davanagere
29-13,29-106,Karnataka,13,Davanagere,106,Davanagere North,GEN,Davanagere,true,Karnataka 13-Davanagere
29-13,29-107,Karnataka,13,Davanagere,107,Davanagere South,GEN,Davanagere,true,Karnataka 13-Davanagere
29-13,29-108,Karnataka,13,Davanagere,108,Mayakonda,SC,Davanagere,true,Karnataka 13-Davanagere
29-13,29-109,Karnataka,13,Davanagere,109,Channagiri,GEN,Davanagere,true,Karnataka 13-Davanagere
29-13,29-110,Karnataka,13,Davanagere,110,Honnali,GEN,Davanagere,true,Karnataka 13-Davanagere
29-14,29-111,Karnataka,14,Shimoga,111,Shimoga Rural,SC,Shimoga,true,Karnataka 14-Shimoga
29-14,29-112,Karnataka,14,Shimoga,112,Bhadravati,GEN,Shimoga,true,Karnataka 14-Shimoga
29-14,29-113,Karnataka,14,Shimoga,113,Shimoga,GEN,Shimoga,true,Karnataka 14-Shimoga
29-14,29-114,Karnataka,14,Shimoga,114,Tirthahalli,GEN,Shimoga,true,Karnataka 14-Shimoga
29-14,29-115,Karnataka,14,Shimoga,115,Shikaripur,GEN,Shimoga,,
29-14,29-116,Karnataka,14,Shimoga,116,Sorab,GEN,Shimoga,true,Karnataka 14-Shimoga
29-14,29-117,Karnataka,14,Shimoga,117,Sagar,GEN,Shimoga,true,Karnataka 14-Shimoga
29-14,29-118,Karnataka,14,Shimoga,118,Byndoor,GEN,Udupi,true,Karnataka 14-Shimoga
29-15,29-119,Karnataka,15,Udupi Chikmagalur,119,Kundapura,GEN,Udupi,true,Karnataka 15-Udupi Chikmagalur
29-15,29-120,Karnataka,15,Udupi Chikmagalur,120,Udupi,GEN,Udupi,true,Karnataka 15-Udupi Chikmagalur
29-15,29-121,Karnataka,15,Udupi Chikmagalur,121,Kapu,GEN,Udupi,true,Karnataka 15-Udupi Chikmagalur
29-15,29-122,Karnataka,15,Udupi Chikmagalur,122,Karkal,GEN,Udupi,true,Karnataka 15-Udupi Chikmagalur
29-15,29-123,Karnataka,15,Udupi Chikmagalur,123,Sringeri,GEN,Chickmagalur,true,Karnataka 15-Udupi Chikmagalur
29-15,29-124,Karnataka,15,Udupi Chikmagalur,124,Mudigere,SC,Chickmagalur,true,Karnataka 15-Udupi Chikmagalur
29-15,29-125,Karnataka,15,Udupi Chikmagalur,125,Chikmagalur,GEN,Chickmagalur,true,Karnataka 15-Udupi Chikmagalur
29-15,29-126,Karnataka,15,Udupi Chikmagalur,126,Tarikere,GEN,Chickmagalur,true,Karnataka 15-Udupi Chikmagalur
29-16,29-127,Karnataka,16,Hassan,127,Kadur,GEN,Chickmagalur,true,Karnataka 16-Hassan
29-16,29-193,Karnataka,16,Hassan,193,Shravanabelagola,GEN,Hassan,true,Karnataka 16-Hassan
29-16,29-194,Karnataka,16,Hassan,194,Arsikere,GEN,Hassan,true,Karnataka 16-Hassan
29-16,29-195,Karnataka,16,Hassan,195,Belur,GEN,Hassan,true,Karnataka 16-Hassan
29-16,29-196,Karnataka,16,Hassan,196,Hassan,GEN,Hassan,true,Karnataka 16-Hassan
29-16,29-197,Karnataka,16,Hassan,197,Holenarasipur,GEN,Hassan,true,Karnataka 16-Hassan
29-16,29-198,Karnataka,16,Hassan,198,Arkalgud,GEN,Hassan,true,Karnataka 16-Hassan
29-16,29-199,Karnataka,16,Hassan,199,Sakleshpur,SC,Hassan,true,Karnataka 16-Hassan
29-17,29-200,Karnataka,17,Dakshina Kannada,200,Belthangady,GEN,Dakshina Kannada,true,Karnataka 17-Dakshina Kannada
29-17,29-201,Karnataka,17,Dakshina Kannada,201,Moodabidri,GEN,Dakshina Kannada,true,Karnataka 17-Dakshina Kannada
29-17,29-202,Karnataka,17,Dakshina Kannada,202,Mangalore City North,GEN,Dakshina Kannada,true,Karnataka 17-Dakshina Kannada
29-17,29-203,Karnataka,17,Dakshina Kannada,203,Mangalore City South,GEN,Dakshina Kannada,true,Karnataka 17-Dakshina Kannada
29-17,29-204,Karnataka,17,Dakshina Kannada,204,Mangalore,GEN,Dakshina Kannada,true,Karnataka 17-Dakshina Kannada
29-17,29-205,Karnataka,17,Dakshina Kannada,205,Bantval,GEN,Dakshina Kannada,true,Karnataka 17-Dakshina Kannada
29-17,29-206,Karnataka,17,Dakshina Kannada,206,Puttur,GEN,Dakshina Kannada,true,Karnataka 17-Dakshina Kannada
29-17,29-207,Karnataka,17,Dakshina Kannada,207,Sullia,SC,Dakshina Kannada,true,Karnataka 17-Dakshina Kannada
29-18,29-97,Karnataka,18,Chitradurga,97,Molakalmuru,ST,Chitradurga,true,Karnataka 18-Chitradurga
29-18,29-98,Karnataka,18,Chitradurga,98,Challakere,ST,Chitradurga,true,Karnataka 18-Chitradurga
29-18,29-99,Karnataka,18,Chitradurga,99,Chitradurga,GEN,Chitradurga,true,Karnataka 18-Chitradurga
29-18,29-100,Karnataka,18,Chitradurga,100,Hiriyur,GEN,Chitradurga,true,Karnataka 18-Chitradurga
29-18,29-101,Karnataka,18,Chitradurga,101,Hosadurga,GEN,Chitradurga,true,Karnataka 18-Chitradurga
29-18,29-102,Karnataka,18,Chitradurga,102,Holalkere,SC,Chitradurga,true,Karnataka 18-Chitradurga
29-18,29-136,Karnataka,18,Chitradurga,136,Sira,GEN,Tumkur,true,Karnataka 18-Chitradurga
29-18,29-137,Karnataka,18,Chitradurga,137,Pavagada,SC,Tumkur,true,Karnataka 18-Chitradurga
29-19,29-128,Karnataka,19,Tumkur,128,Chikkanayakanahalli,GEN,Tumkur,,
29-19,29-129,Karnataka,19,Tumkur,129,Tiptur,GEN,Tumkur,true,Karnataka 19-Tumkur
29-19,29-130,Karnataka,19,Tumkur,130,Turuvekere,GEN,Tumkur,true,Karnataka 19-Tumkur
29-19,29-132,Karnataka,19,Tumkur,132,Tumkur City,GEN,Tumkur,true,Karnataka 19-Tumkur
29-19,29-133,Karnataka,19,Tumkur,133,Tumkur Rural,GEN,Tumkur,true,Karnataka 19-Tumkur
29-19,29-134,Karnataka,19,Tumkur,134,Koratagere,SC,Tumkur,true,Karnataka 19-Tumkur
29-19,29-135,Karnataka,19,Tumkur,135,Gubbi,GEN,Tumkur,true,Karnataka 19-Tumkur
29-19,29-138,Karnataka,19,Tumkur,138,Madhugiri,GEN,Tumkur,true,Karnataka 19-Tumkur
29-20,29-186,Karnataka,20,Mandya,186,Malavalli,SC,Mandya,true,Karnataka 20-Mandya
29-20,29-187,Karnataka,20,Mandya,187,Maddur,GEN,Mandya,true,Karnataka 20-Mandya
29-20,29-188,Karnataka,20,Mandya,188,Melukote,GEN,Mandya,true,Karnataka 20-Mandya
29-20,29-189,Karnataka,20,Mandya,189,Mandya,GEN,Mandya,true,Karnataka 20-Mandya
29-20,29-190,Karnataka,20,Mandya,190,Srirangapatna,GEN,Mandya,,
29-20,29-191,Karnataka,20,Mandya,191,Nagamangala,GEN,Mandya,true,Karnataka 20-Mandya
29-20,29-192,Karnataka,20,Mandya,192,Krishnarajpet,GEN,Mandya,true,Karnataka 20-Mandya
29-20,29-211,Karnataka,20,Mandya,211,Krishnarajanagara,GEN,Mysore,true,Karnataka 20-Mandya
29-21,29-208,Karnataka,21,Mysore,208,Madikeri,GEN,Kodagu,true,Karnataka 21-Mysore
29-21,29-209,Karnataka,21,Mysore,209,Virajpet,GEN,Kodagu,true,Karnataka 21-Mysore
29-21,29-210,Karnataka,21,Mysore,210,Piriyapatna,GEN,Mysore,true,Karnataka 21-Mysore
29-21,29-212,Karnataka,21,Mysore,212,Hunsur,GEN,Mysore,true,Karnataka 21-Mysore
29-21,29-215,Karnataka,21,Mysore,215,Chamundeshwari,GEN,Mysore,true,Karnataka 21-Mysore
29-21,29-216,Karnataka,21,Mysore,216,Krishnaraja,GEN,Mysore,true,Karnataka 21-Mysore
29-21,29-217,Karnataka,21,Mysore,217,Chamaraja,GEN,Mysore,true,Karnataka 21-Mysore
29-21,29-218,Karnataka,21,Mysore,218,Narasimharaja,GEN,Mysore,true,Karnataka 21-Mysore
29-22,29-213,Karnataka,22,Chamarajanagar,213,Heggadadevankote,ST,Mysore,true,Karnataka 22-Chamarajanagar
29-22,29-214,Karnataka,22,Chamarajanagar,214,Nanjangud,SC,Mysore,true,Karnataka 22-Chamarajanagar
29-22,29-219,Karnataka,22,Chamarajanagar,219,Varuna,GEN,Mysore,true,Karnataka 22-Chamarajanagar
29-22,29-220,Karnataka,22,Chamarajanagar,220,T.Narasipur,SC,Mysore,true,Karnataka 22-Chamarajanagar
29-22,29-221,Karnataka,22,Chamarajanagar,221,Hanur,GEN,Chamarajanagar,true,Karnataka 22-Chamarajanagar
29-22,29-222,Karnataka,22,Chamarajanagar,222,Kollegal,SC,Chamarajanagar,true,Karnataka 22-Chamarajanagar
29-22,29-223,Karnataka,22,Chamarajanagar,223,Chamarajanagar,GEN,Chamarajanagar,true,Karnataka 22-Chamarajanagar
29-22,29-224,Karnataka,22,Chamarajanagar,224,Gundlupet,GEN,Chamarajanagar,true,Karnataka 22-Chamarajanagar
29-23,29-131,Karnataka,23,Bangalore Rural,131,Kunigal,GEN,Tumkur,true,Karnataka 23-Bangalore Rural
29-23,29-154,Karnataka,23,Bangalore Rural,154,Rajarajeshwarinagar,GEN,Bangalore,true,Karnataka 23-Bangalore Rural
29-23,29-176,Karnataka,23,Bangalore Rural,176,Bangalore South,GEN,Bangalore,true,Karnataka 23-Bangalore Rural
29-23,29-177,Karnataka,23,Bangalore Rural,177,Anekal,SC,Bangalore,true,Karnataka 23-Bangalore Rural
29-23,29-182,Karnataka,23,Bangalore Rural,182,Magadi,GEN,Bangalore Rural,true,Karnataka 23-Bangalore Rural
29-23,29-183,Karnataka,23,Bangalore Rural,183,Ramanagaram,GEN,Bangalore Rural,true,Karnataka 23-Bangalore Rural
29-23,29-184,Karnataka,23,Bangalore Rural,184,Kanakapura,GEN,Bangalore Rural,true,Karnataka 23-Bangalore Rural
29-23,29-185,Karnataka,23,Bangalore Rural,185,Channapatna,GEN,Bangalore Rural,true,Karnataka 23-Bangalore Rural
29-24,29-151,Karnataka,24,Bangalore North,151,K.R.Pura,GEN,Bangalore,true,Karnataka 24-Bangalore North
29-24,29-152,Karnataka,24,Bangalore North,152,Byatarayanapura,GEN,Bangalore,true,Karnataka 24-Bangalore North
29-24,29-153,Karnataka,24,Bangalore North,153,Yeshvanthapura,GEN,Bangalore,true,Karnataka 24-Bangalore North
29-24,29-155,Karnataka,24,Bangalore North,155,Dasarahalli,GEN,Bangalore,true,Karnataka 24-Bangalore North
29-24,29-156,Karnataka,24,Bangalore North,156,Mahalakshmi Layout,GEN,Bangalore,true,Karnataka 24-Bangalore North
29-24,29-157,Karnataka,24,Bangalore North,157,Malleshwaram,GEN,Bangalore,true,Karnataka 24-Bangalore North
29-24,29-158,Karnataka,24,Bangalore North,158,Hebbal,GEN,Bangalore,true,Karnataka 24-Bangalore North
29-24,29-159,Karnataka,24,Bangalore North,159,Pulakeshinagar,SC,Bangalore,true,Karnataka 24-Bangalore North
29-25,29-160,Karnataka,25,Bangalore Central,160,Sarvagnanagar,GEN,Bangalore,true,Karnataka 25-Bangalore Central
29-25,29-161,Karnataka,25,Bangalore Central,161,C.V. Raman Nagar,SC,Bangalore,true,Karnataka 25-Bangalore Central
29-25,29-162,Karnataka,25,Bangalore Central,162,Shivajinagar,GEN,Bangalore,true,Karnataka 25-Bangalore Central
29-25,29-163,Karnataka,25,Bangalore Central,163,Shanti Nagar,GEN,Bangalore,true,Karnataka 25-Bangalore Central
29-25,29-164,Karnataka,25,Bangalore Central,164,Gandhi Nagar,GEN,Bangalore,true,Karnataka 25-Bangalore Central
29-25,29-165,Karnataka,25,Bangalore Central,165,Rajaji Nagar,GEN,Bangalore,true,Karnataka 25-Bangalore Central
29-25,29-168,Karnataka,25,Bangalore Central,168,Chamrajpet,GEN,Bangalore,true,Karnataka 25-Bangalore Central
29-25,29-174,Karnataka,25,Bangalore Central,174,Mahadevapura,SC,Bangalore,true,Karnataka 25-Bangalore Central
29-26,29-166,Karnataka,26,Bangalore South,166,Govindraj Nagar,GEN,Bangalore,true,Karnataka 26-Bangalore South
29-26,29-167,Karnataka,26,Bangalore South,167,Vijay Nagar,GEN,Bangalore,true,Karnataka 26-Bangalore South
29-26,29-169,Karnataka,26,Bangalore South,169,Chickpet,GEN,Bangalore,true,Karnataka 26-Bangalore South
29-26,29-170,Karnataka,26,Bangalore South,170,Basavanagudi,GEN,Bangalore,true,Karnataka 26-Bangalore South
29-26,29-171,Karnataka,26,Bangalore South,171,Padmanaba Nagar,GEN,Bangalore,true,Karnataka 26-Bangalore South
29-26,29-172,Karnataka,26,Bangalore South,172,B.T.M. Layout,GEN,Bangalore,true,Karnataka 26-Bangalore South
29-26,29-173,Karnataka,26,Bangalore South,173,Jayanagar,GEN,Bangalore,true,Karnataka 26-Bangalore South
29-26,29-175,Karnataka,26,Bangalore South,175,Bommanahalli,GEN,Bangalore,true,Karnataka 26-Bangalore South
29-27,29-139,Karnataka,27,Chikkballapur,139,Gauribidanur,GEN,Kolar,true,Karnataka 27-Chikkballapur
29-27,29-140,Karnataka,27,Chikkballapur,140,Bagepalli,GEN,Kolar,true,Karnataka 27-Chikkballapur
29-27,29-141,Karnataka,27,Chikkballapur,141,Chikkballapur,GEN,Kolar,,
29-27,29-150,Karnataka,27,Chikkballapur,150,Yelahanka,GEN,Bangalore,true,Karnataka 27-Chikkballapur
29-27,29-178,Karnataka,27,Chikkballapur,178,Hosakote,GEN,Bangalore Rural,true,Karnataka 27-Chikkballapur
29-27,29-179,Karnataka,27,Chikkballapur,179,Devanahalli,SC,Bangalore Rural,true,Karnataka 27-Chikkballapur
29-27,29-180,Karnataka,27,Chikkballapur,180,Doddaballapur,GEN,Bangalore Rural,true,Karnataka 27-Chikkballapur
29-27,29-181,Karnataka,27,Chikkballapur,181,Nelamangala,SC,Bangalore Rural,true,Karnataka 27-Chikkballapur
29-28,29-142,Karnataka,28,Kolar,142,Sidlaghatta,GEN,Kolar,true,Karnataka 28-Kolar
29-28,29-143,Karnataka,28,Kolar,143,Chintamani,GEN,Kolar,true,Karnataka 28-Kolar
29-28,29-144,Karnataka,28,Kolar,144,Srinivaspur,GEN,Kolar,true,Karnataka 28-Kolar
29-28,29-145,Karnataka,28,Kolar,145,Mulbagal,SC,Kolar,true,Karnataka 28-Kolar
29-28,29-146,Karnataka,28,Kolar,146,Kolar Gold Field,SC,Kolar,true,Karnataka 28-Kolar
29-28,29-147,Karnataka,28,Kolar,147,Bangarapet,SC,Kolar,true,Karnataka 28-Kolar
29-28,29-148,Karnataka,28,Kolar,148,Kolar,GEN,Kolar,true,Karnataka 28-Kolar
29-28,29-149,Karnataka,28,Kolar,149,Malur,GEN,Kolar,true,Karnataka 28-Kolar
32-1,32-1,Kerala,1,Kasaragod,1,Manjeshwar,GEN,Kasaragod,true,Kerala 1-Kasaragod
32-1,32-2,Kerala,1,Kasaragod,2,Kasaragod,GEN,Kasaragod,true,Kerala 1-Kasaragod
32-1,32-3,Kerala,1,Kasaragod,3,Udma,GEN,Kasaragod,true,Kerala 1-Kasaragod
32-1,32-4,Kerala,1,Kasaragod,4,Kanhangad,GEN,Kasaragod,true,Kerala 1-Kasaragod
32-1,32-5,Kerala,1,Kasaragod,5,Trikaripur,GEN,Kasaragod,true,Kerala 1-Kasaragod
32-1,32-6,Kerala,1,Kasaragod,6,Payyannur,GEN,Kannur,true,Kerala 1-Kasaragod
32-1,32-7,Kerala,1,Kasaragod,7,Kalliasseri,GEN,Kannur,true,Kerala 1-Kasaragod
32-2,32-8,Kerala,2,Kannur,8,Taliparamba,GEN,Kannur,true,Kerala 2-Kannur
32-2,32-9,Kerala,2,Kannur,9,Irikkur,GEN,Kannur,true,Kerala 2-Kannur
32-2,32-10,Kerala,2,Kannur,10,Azhikode,GEN,Kannur,true,Kerala 2-Kannur
32-2,32-11,Kerala,2,Kannur,11,Kannur,GEN,Kannur,true,Kerala 2-Kannur
32-2,32-12,Kerala,2,Kannur,12,Dharmadam,GEN,Kannur,true,Kerala 2-Kannur
32-2,32-15,Kerala,2,Kannur,15,Mattannur,GEN,Kannur,true,Kerala 2-Kannur
32-2,32-16,Kerala,2,Kannur,16,Peravoor,GEN,Kannur,true,Kerala 2-Kannur
32-3,32-13,Kerala,3,Vadakara,13,Thalassery,GEN,Kannur,true,Kerala 3-Vadakara
32-3,32-14,Kerala,3,Vadakara,14,Kuthuparamba,GEN,Kannur,true,Kerala 3-Vadakara
32-3,32-20,Kerala,3,Vadakara,20,Vadakara,GEN,Kozhikode,true,Kerala 3-Vadakara
32-3,32-21,Kerala,3,Vadakara,21,Kuttiadi,GEN,Kozhikode,true,Kerala 3-Vadakara
32-3,32-22,Kerala,3,Vadakara,22,Nadapuram,GEN,Kozhikode,true,Kerala 3-Vadakara
32-3,32-23,Kerala,3,Vadakara,23,Quilandy,GEN,Kozhikode,true,Kerala 3-Vadakara
32-3,32-24,Kerala,3,Vadakara,24,Perambra,GEN,Kozhikode,true,Kerala 3-Vadakara
32-4,32-17,Kerala,4,Wayanad,17,Mananthavady,ST,Wayanad,true,Kerala 4-Wayanad
32-4,32-18,Kerala,4,Wayanad,18,Sulthanbathery,ST,Wayanad,,
32-4,32-19,Kerala,4,Wayanad,19,Kalpetta,GEN,Wayanad,true,Kerala 4-Wayanad
32-4,32-32,Kerala,4,Wayanad,32,Thiruvambadi,GEN,Kozhikode,true,Kerala 4-Wayanad
32-4,32-34,Kerala,4,Wayanad,34,Ernad,GEN,Malappuram,true,Kerala 4-Wayanad
32-4,32-35,Kerala,4,Wayanad,35,Nilambur,GEN,Malappuram,true,Kerala 4-Wayanad
32-4,32-36,Kerala,4,Wayanad,36,Wandoor,SC,Malappuram,true,Kerala 4-Wayanad
32-5,32-25,Kerala,5,Kozhikode,25,Balusseri,SC,Kozhikode,true,Kerala 5-Kozhikode
32-5,32-26,Kerala,5,Kozhikode,26,Elathur,GEN,Kozhikode,true,Kerala 5-Kozhikode
32-5,32-27,Kerala,5,Kozhikode,27,Kozhikode North,GEN,Kozhikode,true,Kerala 5-Kozhikode
32-5,32-28,Kerala,5,Kozhikode,28,Kozhikode South,GEN,Kozhikode,true,Kerala 5-Kozhikode
32-5,32-29,Kerala,5,Kozhikode,29,Beypore,GEN,Kozhikode,true,Kerala 5-Kozhikode
32-5,32-30,Kerala,5,Kozhikode,30,Kunnamangalam,GEN,Kozhikode,true,Kerala 5-Kozhikode
32-5,32-31,Kerala,5,Kozhikode,31,Koduvally,GEN,Kozhikode,true,Kerala 5-Kozhikode
32-6,32-33,Kerala,6,Malappuram,33,Kondotty,GEN,Malappuram,true,Kerala 6-Malappuram
32-6,32-37,Kerala,6,Malappuram,37,Manjeri,GEN,Malappuram,true,Kerala 6-Malappuram
32-6,32-38,Kerala,6,Malappuram,38,Perinthalmanna,GEN,Malappuram,true,Kerala 6-Malappuram
32-6,32-39,Kerala,6,Malappuram,39,Mankada,GEN,Malappuram,true,Kerala 6-Malappuram
32-6,32-40,Kerala,6,Malappuram,40,Malappuram,GEN,Malappuram,true,Kerala 6-Malappuram
32-6,32-41,Kerala,6,Malappuram,41,Vengara,GEN,Malappuram,true,Kerala 6-Malappuram
32-6,32-42,Kerala,6,Malappuram,42,Vallikkunnu,GEN,Malappuram,,
32-7,32-43,Kerala,7,Ponnani,43,Tirurangadi,GEN,Malappuram,true,Kerala 7-Ponnani
32-7,32-44,Kerala,7,Ponnani,44,Tanur,GEN,Malappuram,true,Kerala 7-Ponnani
32-7,32-45,Kerala,7,Ponnani,45,Tirur,GEN,Malappuram,true,Kerala 7-Ponnani
32-7,32-46,Kerala,7,Ponnani,46,Kottakkal,GEN,Malappuram,true,Kerala 7-Ponnani
32-7,32-47,Kerala,7,Ponnani,47,Thavanur,GEN,Malappuram,true,Kerala 7-Ponnani
32-7,32-48,Kerala,7,Ponnani,48,Ponnani,GEN,Malappuram,true,Kerala 7-Ponnani
32-7,32-49,Kerala,7,Ponnani,49,Thrithala,GEN,Palakkad,true,Kerala 7-Ponnani
32-8,32-50,Kerala,8,Palakkad,50,Pattambi,GEN,Palakkad,true,Kerala 8-Palakkad
32-8,32-51,Kerala,8,Palakkad,51,Shoranur,GEN,Palakkad,,
32-8,32-52,Kerala,8,Palakkad,52,Ottappalam,GEN,Palakkad,true,Kerala 8-Palakkad
32-8,32-53,Kerala,8,Palakkad,53,Kongad,SC,Palakkad,true,Kerala 8-Palakkad
32-8,32-54,Kerala,8,Palakkad,54,Mannarkkad,GEN,Palakkad,true,Kerala 8-Palakkad
32-8,32-55,Kerala,8,Palakkad,55,Malampuzha,GEN,Palakkad,true,Kerala 8-Palakkad
32-8,32-56,Kerala,8,Palakkad,56,Palakkad,GEN,Palakkad,true,Kerala 8-Palakkad
32-9,32-57,Kerala,9,Alathur,57,Tarur,SC,Palakkad,true,Kerala 9-Alathur
32-9,32-58,Kerala,9,Alathur,58,Chittur,GEN,Palakkad,true,Kerala 9-Alathur
32-9,32-59,Kerala,9,Alathur,59,Nemmara,GEN,Palakkad,true,Kerala 9-Alathur
32-9,32-60,Kerala,9,Alathur,60,Alathur,GEN,Palakkad,true,Kerala 9-Alathur
32-9,32-61,Kerala,9,Alathur,61,Chelakkara,SC,Thrissur,true,Kerala 9-Alathur
32-9,32-62,Kerala,9,Alathur,62,Kunnamkulam,GEN,Thrissur,true,Kerala 9-Alathur
32-9,32-65,Kerala,9,Alathur,65,Wadakkanchery,GEN,Thrissur,true,Kerala 9-Alathur
32-10,32-63,Kerala,10,Thrissur,63,Guruvayoor,GEN,Thrissur,true,Kerala 10-Thrissur
32-10,32-64,Kerala,10,Thrissur,64,Manalur,GEN,Thrissur,true,Kerala 10-Thrissur
32-10,32-66,Kerala,10,Thrissur,66,Ollur,GEN,Thrissur,true,Kerala 10-Thrissur
32-10,32-67,Kerala,10,Thrissur,67,Thrissur,GEN,Thrissur,true,Kerala 10-Thrissur
32-10,32-68,Kerala,10,Thrissur,68,Nattika,SC,Thrissur,true,Kerala 10-Thrissur
32-10,32-70,Kerala,10,Thrissur,70,Irinjalakuda,GEN,Thrissur,true,Kerala 10-Thrissur
32-10,32-71,Kerala,10,Thrissur,71,Pudukkad,GEN,Thrissur,,
32-11,32-69,Kerala,11,Chalakudy,69,Kaipamangalam,GEN,Thrissur,true,Kerala 11-Chalakudy
32-11,32-72,Kerala,11,Chalakudy,72,Chalakudy,GEN,Thrissur,true,Kerala 11-Chalakudy
32-11,32-73,Kerala,11,Chalakudy,73,Kodungallur,GEN,Thrissur,true,Kerala 11-Chalakudy
32-11,32-74,Kerala,11,Chalakudy,74,Perumbavoor,GEN,Ernakulam,true,Kerala 11-Chalakudy
32-11,32-75,Kerala,11,Chalakudy,75,Angamaly,GEN,Ernakulam,true,Kerala 11-Chalakudy
32-11,32-76,Kerala,11,Chalakudy,76,Aluva,GEN,Ernakulam,true,Kerala 11-Chalakudy
32-11,32-84,Kerala,11,Chalakudy,84,Kunnathunad,SC,Ernakulam,true,Kerala 11-Chalakudy
32-12,32-77,Kerala,12,Ernakulam,77,Kalamassery,GEN,Ernakulam,true,Kerala 12-Ernakulam
32-12,32-78,Kerala,12,Ernakulam,78,Paravur,GEN,Ernakulam,true,Kerala 12-Ernakulam
32-12,32-79,Kerala,12,Ernakulam,79,Vypeen,GEN,Ernakulam,true,Kerala 12-Ernakulam
32-12,32-80,Kerala,12,Ernakulam,80,Kochi,GEN,Ernakulam,true,Kerala 12-Ernakulam
32-12,32-81,Kerala,12,Ernakulam,81,Tripunithura,GEN,Ernakulam,,
32-12,32-82,Kerala,12,Ernakulam,82,Ernakulam,GEN,Ernakulam,true,Kerala 12-Ernakulam
32-12,32-83,Kerala,12,Ernakulam,83,Thrikkakara,GEN,Ernakulam,true,Kerala 12-Ernakulam
32-13,32-86,Kerala,13,Idukki,86,Muvattupuzha,GEN,Ernakulam,true,Kerala 13-Idukki
32-13,32-87,Kerala,13,Idukki,87,Kothamangalam,GEN,Ernakulam,true,Kerala 13-Idukki
32-13,32-88,Kerala,13,Idukki,88,Devikulam,SC,Idukki,true,Kerala 13-Idukki
32-13,32-89,Kerala,13,Idukki,89,Udumbanchola,GEN,Idukki,true,Kerala 13-Idukki
32-13,32-90,Kerala,13,Idukki,90,Thodupuzha,GEN,Idukki,true,Kerala 13-Idukki
32-13,32-91,Kerala,13,Idukki,91,Idukki,GEN,Idukki,true,Kerala 13-Idukki
32-13,32-92,Kerala,13,Idukki,92,Peerumade,GEN,Idukki,true,Kerala 13-Idukki
32-14,32-85,Kerala,14,Kottayam,85,Piravom,GEN,Ernakulam,true,Kerala 14-Kottayam
32-14,32-93,Kerala,14,Kottayam,93,Pala,GEN,Kottayam,true,Kerala 14-Kottayam
32-14,32-94,Kerala,14,Kottayam,94,Kaduthuruthy,GEN,Kottayam,true,Kerala 14-Kottayam
32-14,32-95,Kerala,14,Kottayam,95,Vaikom,SC,Kottayam,true,Kerala 14-Kottayam
32-14,32-96,Kerala,14,Kottayam,96,Ettumanoor,GEN,Kottayam,true,Kerala 14-Kottayam
32-14,32-97,Kerala,14,Kottayam,97,Kottayam,GEN,Kottayam,true,Kerala 14-Kottayam
32-14,32-98,Kerala,14,Kottayam,98,Puthuppally,GEN,Kottayam,true,Kerala 14-Kottayam
32-15,32-102,Kerala,15,Alappuzha,102,Aroor,GEN,Alappuzha,true,Kerala 15-Alappuzha
32-15,32-103,Kerala,15,Alappuzha,103,Cherthala,GEN,Alappuzha,true,Kerala 15-Alappuzha
32-15,32-104,Kerala,15,Alappuzha,104,Alappuzha,GEN,Alappuzha,true,Kerala 15-Alappuzha
32-15,32-105,Kerala,15,Alappuzha,105,Ambalappuzha,GEN,Alappuzha,true,Kerala 15-Alappuzha
32-15,32-107,Kerala,15,Alappuzha,107,Haripad,GEN,Alappuzha,true,Kerala 15-Alappuzha
32-15,32-108,Kerala,15,Alappuzha,108,Kayamkulam,GEN,Alappuzha,true,Kerala 15-Alappuzha
32-15,32-116,Kerala,15,Alappuzha,116,Karunagappally,GEN,Kollam,true,Kerala 15-Alappuzha
32-16,32-99,Kerala,16,Mavelikkara,99,Changanassery,GEN,Kottayam,true,Kerala 16-Mavelikkara
32-16,32-106,Kerala,16,Mavelikkara,106,Kuttanad,GEN,Alappuzha,true,Kerala 16-Mavelikkara
32-16,32-109,Kerala,16,Mavelikkara,109,Mavelikkara,SC,Alappuzha,true,Kerala 16-Mavelikkara
32-16,32-110,Kerala,16,Mavelikkara,110,Chengannur,GEN,Alappuzha,true,Kerala 16-Mavelikkara
32-16,32-118,Kerala,16,Mavelikkara,118,Kunnathur,SC,Kollam,true,Kerala 16-Mavelikkara
32-16,32-119,Kerala,16,Mavelikkara,119,Kottarakkara,GEN,Kollam,true,Kerala 16-Mavelikkara
32-16,32-120,Kerala,16,Mavelikkara,120,Pathanapuram,GEN,Kollam,true,Kerala 16-Mavelikkara
32-17,32-100,Kerala,17,Pathanamthitta,100,Kanjirappally,GEN,Kottayam,true,Kerala 17-Pathanamthitta
32-17,32-101,Kerala,17,Pathanamthitta,101,Poonjar,GEN,Kottayam,true,Kerala 17-Pathanamthitta
32-17,32-111,Kerala,17,Pathanamthitta,111,Thiruvalla,GEN,Pathanamthitta,true,Kerala 17-Pathanamthitta
32-17,32-112,Kerala,17,Pathanamthitta,112,Ranni,GEN,Pathanamthitta,true,Kerala 17-Pathanamthitta
32-17,32-113,Kerala,17,Pathanamthitta,113,Aranmula,GEN,Pathanamthitta,true,Kerala 17-Pathanamthitta
32-17,32-114,Kerala,17,Pathanamthitta,114,Konni,GEN,Pathanamthitta,true,Kerala 17-Pathanamthitta
32-17,32-115,Kerala,17,Pathanamthitta,115,Adoor,SC,Pathanamthitta,true,Kerala 17-Pathanamthitta
32-18,32-117,Kerala,18,Kollam,117,Chavara,GEN,Kollam,true,Kerala 18-Kollam
32-18,32-121,Kerala,18,Kollam,121,Punalur,GEN,Kollam,true,Kerala 18-Kollam
32-18,32-122,Kerala,18,Kollam,122,Chadayamangalam,GEN,Kollam,true,Kerala 18-Kollam
32-18,32-123,Kerala,18,Kollam,123,Kundara,GEN,Kollam,true,Kerala 18-Kollam
32-18,32-124,Kerala,18,Kollam,124,Kollam,GEN,Kollam,true,Kerala 18-Kollam
32-18,32-125,Kerala,18,Kollam,125,Eravipuram,GEN,Kollam,true,Kerala 18-Kollam
32-18,32-126,Kerala,18,Kollam,126,Chathannoor,GEN,Kollam,true,Kerala 18-Kollam
32-19,32-127,Kerala,19,Attingal,127,Varkala,GEN,Thiruvananthapuram,true,Kerala 19-Attingal
32-19,32-128,Kerala,19,Attingal,128,Attingal,SC,Thiruvananthapuram,true,Kerala 19-Attingal
32-19,32-129,Kerala,19,Attingal,129,Chirayinkeezhu,SC,Thiruvananthapuram,true,Kerala 19-Attingal
32-19,32-130,Kerala,19,Attingal,130,Nedumangad,GEN,Thiruvananthapuram,true,Kerala 19-Attingal
32-19,32-131,Kerala,19,Attingal,131,Vamanapuram,GEN,Thiruvananthapuram,true,Kerala 19-Attingal
32-19,32-136,Kerala,19,Attingal,136,Aruvikkara,GEN,Thiruvananthapuram,true,Kerala 19-Attingal
32-19,32-138,Kerala,19,Attingal,138,Kattakkada,GEN,Thiruvananthapuram,true,Kerala 19-Attingal
32-20,32-132,Kerala,20,Thiruvananthapuram,132,Kazhakkoottam,GEN,Thiruvananthapuram,,
32-20,32-133,Kerala,20,Thiruvananthapuram,133,Vattiyoorkavu,GEN,Thiruvananthapuram,true,Kerala 20-Thiruvananthapuram
32-20,32-134,Kerala,20,Thiruvananthapuram,134,Thiruvanantha -puram,GEN,Thiruvananthapuram,,
32-20,32-135,Kerala,20,Thiruvananthapuram,135,Nemom,GEN,Thiruvananthapuram,true,Kerala 20-Thiruvananthapuram
32-20,32-137,Kerala,20,Thiruvananthapuram,137,Parassala,GEN,Thiruvananthapuram,true,Kerala 20-Thiruvananthapuram
32-20,32-139,Kerala,20,Thiruvananthapuram,139,Kovalam,GEN,Thiruvananthapuram,true,Kerala 20-Thiruvananthapuram
32-20,32-140,Kerala,20,Thiruvananthapuram,140,Neyyattinkara,GEN,Thiruvananthapuram,true,Kerala 20-Thiruvananthapuram
23-1,23-1,Madhya Pradesh,1,Morena,1,Sheopur,GEN,Sheopur,true,Madhya Pradesh 1-Morena
23-1,23-2,Madhya Pradesh,1,Morena,2,Vijaypur,GEN,Sheopur,true,Madhya Pradesh 1-Morena
23-1,23-3,Madhya Pradesh,1,Morena,3,Sabalgarh,GEN,Morena,true,Madhya Pradesh 1-Morena
23-1,23-4,Madhya Pradesh,1,Morena,4,Joura,GEN,Morena,true,Madhya Pradesh 1-Morena
23-1,23-5,Madhya Pradesh,1,Morena,5,Sumawali,GEN,Morena,true,Madhya Pradesh 1-Morena
23-1,23-6,Madhya Pradesh,1,Morena,6,Morena,GEN,Morena,true,Madhya Pradesh 1-Morena
23-1,23-7,Madhya Pradesh,1,Morena,7,Dimani,GEN,Morena,true,Madhya Pradesh 1-Morena
23-1,23-8,Madhya Pradesh,1,Morena,8,Ambah,SC,Morena,true,Madhya Pradesh 1-Morena
23-2,23-9,Madhya Pradesh,2,Bhind,9,Ater,GEN,Bhind,true,Madhya Pradesh 2-Bhind
23-2,23-10,Madhya Pradesh,2,Bhind,10,Bhind,GEN,Bhind,true,Madhya Pradesh 2-Bhind
23-2,23-11,Madhya Pradesh,2,Bhind,11,Lahar,GEN,Bhind,true,Madhya Pradesh 2-Bhind
23-2,23-12,Madhya Pradesh,2,Bhind,12,Mehgaon,GEN,Bhind,true,Madhya Pradesh 2-Bhind
23-2,23-13,Madhya Pradesh,2,Bhind,13,Gohad,SC,Bhind,true,Madhya Pradesh 2-Bhind
23-2,23-20,Madhya Pradesh,2,Bhind,20,Sewda,GEN,Datia,true,Madhya Pradesh 2-Bhind
23-2,23-21,Madhya Pradesh,2,Bhind,21,Bhander,SC,Datia,true,Madhya Pradesh 2-Bhind
23-2,23-22,Madhya Pradesh,2,Bhind,22,Datia,GEN,Datia,true,Madhya Pradesh 2-Bhind
23-3,23-14,Madhya Pradesh,3,Gwalior,14,Gwalior Rural,GEN,Gwalior,true,Madhya Pradesh 3-Gwalior
23-3,23-15,Madhya Pradesh,3,Gwalior,15,Gwalior,GEN,Gwalior,true,Madhya Pradesh 3-Gwalior
23-3,23-16,Madhya Pradesh,3,Gwalior,16,Gwalior East,GEN,Gwalior,true,Madhya Pradesh 3-Gwalior
23-3,23-17,Madhya Pradesh,3,Gwalior,17,Gwalior South,GEN,Gwalior,true,Madhya Pradesh 3-Gwalior
23-3,23-18,Madhya Pradesh,3,Gwalior,18,Bhitarwar,GEN,Gwalior,true,Madhya Pradesh 3-Gwalior
23-3,23-19,Madhya Pradesh,3,Gwalior,19,Dabra,SC,Gwalior,true,Madhya Pradesh 3-Gwalior
23-3,23-23,Madhya Pradesh,3,Gwalior,23,Karera,SC,Shivpuri,true,Madhya Pradesh 3-Gwalior
23-3,23-24,Madhya Pradesh,3,Gwalior,24,Pohari,GEN,Shivpuri,true,Madhya Pradesh 3-Gwalior
23-4,23-25,Madhya Pradesh,4,Guna,25,Shivpuri,GEN,Shivpuri,true,Madhya Pradesh 4-Guna
23-4,23-26,Madhya Pradesh,4,Guna,26,Pichhore,GEN,Shivpuri,true,Madhya Pradesh 4-Guna
23-4,23-27,Madhya Pradesh,4,Guna,27,Kolaras,GEN,Shivpuri,true,Madhya Pradesh 4-Guna
23-4,23-28,Madhya Pradesh,4,Guna,28,Bamori,GEN,Guna,true,Madhya Pradesh 4-Guna
23-4,23-29,Madhya Pradesh,4,Guna,29,Guna,SC,Guna,true,Madhya Pradesh 4-Guna
23-4,23-32,Madhya Pradesh,4,Guna,32,Ashok Nagar,SC,Ashok Nagar,true,Madhya Pradesh 4-Guna
23-4,23-33,Madhya Pradesh,4,Guna,33,Chanderi,GEN,Ashok Nagar,true,Madhya Pradesh 4-Guna
23-4,23-34,Madhya Pradesh,4,Guna,34,Mungaoli,GEN,Ashok Nagar,true,Madhya Pradesh 4-Guna
23-5,23-35,Madhya Pradesh,5,Sagar,35,Bina,SC,Sagar,true,Madhya Pradesh 5-Sagar
23-5,23-36,Madhya Pradesh,5,Sagar,36,Khurai,GEN,Sagar,true,Madhya Pradesh 5-Sagar
23-5,23-37,Madhya Pradesh,5,Sagar,37,Surkhi,GEN,Sagar,true,Madhya Pradesh 5-Sagar
23-5,23-40,Madhya Pradesh,5,Sagar,40,Naryoli,SC,Sagar,true,Madhya Pradesh 5-Sagar
23-5,23-41,Madhya Pradesh,5,Sagar,41,Sagar,GEN,Sagar,true,Madhya Pradesh 5-Sagar
23-5,23-146,Madhya Pradesh,5,Sagar,146,Kurwai,SC,Vidisha,true,Madhya Pradesh 5-Sagar
23-5,23-147,Madhya Pradesh,5,Sagar,147,Sironj,GEN,Vidisha,true,Madhya Pradesh 5-Sagar
23-5,23-148,Madhya Pradesh,5,Sagar,148,Shamshabad,GEN,Vidisha,true,Madhya Pradesh 5-Sagar
23-6,23-43,Madhya Pradesh,6,Tikamgarh,43,Tikamgarh,GEN,Tikamgarh,true,Madhya Pradesh 6-Tikamgarh
23-6,23-44,Madhya Pradesh,6,Tikamgarh,44,Jatara,SC,Tikamgarh,true,Madhya Pradesh 6-Tikamgarh
23-6,23-45,Madhya Pradesh,6,Tikamgarh,45,Prithvipur,GEN,Tikamgarh,true,Madhya Pradesh 6-Tikamgarh
23-6,23-46,Madhya Pradesh,6,Tikamgarh,46,Niwari,GEN,Tikamgarh,true,Madhya Pradesh 6-Tikamgarh
23-6,23-47,Madhya Pradesh,6,Tikamgarh,47,Khargapur,GEN,Tikamgarh,true,Madhya Pradesh 6-Tikamgarh
23-6,23-48,Madhya Pradesh,6,Tikamgarh,48,Maharajpur,GEN,Chhatarpur,true,Madhya Pradesh 6-Tikamgarh
23-6,23-51,Madhya Pradesh,6,Tikamgarh,51,Chhatarpur,GEN,Chhatarpur,true,Madhya Pradesh 6-Tikamgarh
23-6,23-52,Madhya Pradesh,6,Tikamgarh,52,Bijawar,GEN,Chhatarpur,true,Madhya Pradesh 6-Tikamgarh
23-7,23-38,Madhya Pradesh,7,Damoh,38,Deori,GEN,Sagar,true,Madhya Pradesh 7-Damoh
23-7,23-39,Madhya Pradesh,7,Damoh,39,Rehli,GEN,Sagar,true,Madhya Pradesh 7-Damoh
23-7,23-42,Madhya Pradesh,7,Damoh,42,Banda,GEN,Sagar,true,Madhya Pradesh 7-Damoh
23-7,23-53,Madhya Pradesh,7,Damoh,53,Malhara,GEN,Chhatarpur,true,Madhya Pradesh 7-Damoh
23-7,23-54,Madhya Pradesh,7,Damoh,54,Pathariya,GEN,Damoh,true,Madhya Pradesh 7-Damoh
23-7,23-55,Madhya Pradesh,7,Damoh,55,Damoh,GEN,Damoh,true,Madhya Pradesh 7-Damoh
23-7,23-56,Madhya Pradesh,7,Damoh,56,Jabera,GEN,Damoh,true,Madhya Pradesh 7-Damoh
23-7,23-57,Madhya Pradesh,7,Damoh,57,Hatta,SC,Damoh,true,Madhya Pradesh 7-Damoh
23-8,23-49,Madhya Pradesh,8,Khajuraho,49,Chandla,SC,Chhatarpur,true,Madhya Pradesh 8-Khajuraho
23-8,23-50,Madhya Pradesh,8,Khajuraho,50,Rajnagar,GEN,Chhatarpur,true,Madhya Pradesh 8-Khajuraho
23-8,23-58,Madhya Pradesh,8,Khajuraho,58,Pawai,GEN,Panna,true,Madhya Pradesh 8-Khajuraho
23-8,23-59,Madhya Pradesh,8,Khajuraho,59,Gunnaor,SC,Panna,true,Madhya Pradesh 8-Khajuraho
23-8,23-60,Madhya Pradesh,8,Khajuraho,60,Panna,GEN,Panna,true,Madhya Pradesh 8-Khajuraho
23-8,23-92,Madhya Pradesh,8,Khajuraho,92,Vijayraghavgarh,GEN,Katni,true,Madhya Pradesh 8-Khajuraho
23-8,23-93,Madhya Pradesh,8,Khajuraho,93,Murwara,GEN,Katni,true,Madhya Pradesh 8-Khajuraho
23-8,23-94,Madhya Pradesh,8,Khajuraho,94,Bahoriband,GEN,Katni,true,Madhya Pradesh 8-Khajuraho
23-9,23-61,Madhya Pradesh,9,Satna,61,Chitrakoot,GEN,Satna,true,Madhya Pradesh 9-Satna
23-9,23-62,Madhya Pradesh,9,Satna,62,Raigaon,SC,Satna,true,Madhya Pradesh 9-Satna
23-9,23-63,Madhya Pradesh,9,Satna,63,Satna,GEN,Satna,true,Madhya Pradesh 9-Satna
23-9,23-64,Madhya Pradesh,9,Satna,64,Nagod,GEN,Satna,true,Madhya Pradesh 9-Satna
23-9,23-65,Madhya Pradesh,9,Satna,65,Maihar,GEN,Satna,true,Madhya Pradesh 9-Satna
23-9,23-66,Madhya Pradesh,9,Satna,66,Amarpatan,GEN,Satna,true,Madhya Pradesh 9-Satna
23-9,23-67,Madhya Pradesh,9,Satna,67,Rampur-Baghelan,GEN,Satna,true,Madhya Pradesh 9-Satna
23-10,23-68,Madhya Pradesh,10,Rewa,68,Sirmour,GEN,Rewa,true,Madhya Pradesh 10-Rewa
23-10,23-69,Madhya Pradesh,10,Rewa,69,Semariya,GEN,Rewa,true,Madhya Pradesh 10-Rewa
23-10,23-70,Madhya Pradesh,10,Rewa,70,Teonthar,GEN,Rewa,true,Madhya Pradesh 10-Rewa
23-10,23-71,Madhya Pradesh,10,Rewa,71,Mauganj,GEN,Rewa,true,Madhya Pradesh 10-Rewa
23-10,23-72,Madhya Pradesh,10,Rewa,72,Deotalab,GEN,Rewa,true,Madhya Pradesh 10-Rewa
23-10,23-73,Madhya Pradesh,10,Rewa,73,Mangawan,SC,Rewa,true,Madhya Pradesh 10-Rewa
23-10,23-74,Madhya Pradesh,10,Rewa,74,Rewa,GEN,Rewa,true,Madhya Pradesh 10-Rewa
23-10,23-75,Madhya Pradesh,10,Rewa,75,Gurh,GEN,Rewa,true,Madhya Pradesh 10-Rewa
23-11,23-76,Madhya Pradesh,11,Sidhi,76,Churhat,GEN,Sidhi,true,Madhya Pradesh 11-Sidhi
23-11,23-77,Madhya Pradesh,11,Sidhi,77,Sidhi,GEN,Sidhi,true,Madhya Pradesh 11-Sidhi
23-11,23-78,Madhya Pradesh,11,Sidhi,78,Sihawal,GEN,Sidhi,true,Madhya Pradesh 11-Sidhi
23-11,23-79,Madhya Pradesh,11,Sidhi,79,Chitrangi,ST,Sidhi,true,Madhya Pradesh 11-Sidhi
23-11,23-80,Madhya Pradesh,11,Sidhi,80,Singrauli,GEN,Sidhi,true,Madhya Pradesh 11-Sidhi
23-11,23-81,Madhya Pradesh,11,Sidhi,81,Devsar,SC,Sidhi,true,Madhya Pradesh 11-Sidhi
23-11,23-82,Madhya Pradesh,11,Sidhi,82,Dhauhani,ST,Sidhi,true,Madhya Pradesh 11-Sidhi
23-11,23-83,Madhya Pradesh,11,Sidhi,83,Beohari,ST,Shahdol,true,Madhya Pradesh 11-Sidhi
23-12,23-84,Madhya Pradesh,12,Shahdol,84,Jaisingnagar,ST,Shahdol,,
23-12,23-85,Madhya Pradesh,12,Shahdol,85,Jaitpur,ST,Shahdol,true,Madhya Pradesh 12-Shahdol
23-12,23-86,Madhya Pradesh,12,Shahdol,86,Kotma,GEN,Anuppur,true,Madhya Pradesh 12-Shahdol
23-12,23-87,Madhya Pradesh,12,Shahdol,87,Anuppur,ST,Anuppur,true,Madhya Pradesh 12-Shahdol
23-12,23-88,Madhya Pradesh,12,Shahdol,88,Pushprajgarh,ST,Anuppur,true,Madhya Pradesh 12-Shahdol
23-12,23-89,Madhya Pradesh,12,Shahdol,89,Bandhavgarh,ST,Umaria,true,Madhya Pradesh 12-Shahdol
23-12,23-90,Madhya Pradesh,12,Shahdol,90,Manpur,ST,Umaria,true,Madhya Pradesh 12-Shahdol
23-12,23-91,Madhya Pradesh,12,Shahdol,91,Barwara,ST,Katni,true,Madhya Pradesh 12-Shahdol
23-13,23-95,Madhya Pradesh,13,Jabalpur,95,Patan,GEN,Jabalpur,true,Madhya Pradesh 13-Jabalpur
23-13,23-96,Madhya Pradesh,13,Jabalpur,96,Bargi,GEN,Jabalpur,true,Madhya Pradesh 13-Jabalpur
23-13,23-97,Madhya Pradesh,13,Jabalpur,97,Jabalpur Purba,SC,Jabalpur,true,Madhya Pradesh 13-Jabalpur
23-13,23-98,Madhya Pradesh,13,Jabalpur,98,Jabalpur Uttar,GEN,Jabalpur,true,Madhya Pradesh 13-Jabalpur
23-13,23-99,Madhya Pradesh,13,Jabalpur,99,Jabalpur Cantt,GEN,Jabalpur,true,Madhya Pradesh 13-Jabalpur
23-13,23-100,Madhya Pradesh,13,Jabalpur,100,Jabalpur Paschim,GEN,Jabalpur,true,Madhya Pradesh 13-Jabalpur
23-13,23-101,Madhya Pradesh,13,Jabalpur,101,Panagar,GEN,Jabalpur,true,Madhya Pradesh 13-Jabalpur
23-13,23-102,Madhya Pradesh,13,Jabalpur,102,Sihora,ST,Jabalpur,true,Madhya Pradesh 13-Jabalpur
23-14,23-103,Madhya Pradesh,14,Mandla,103,Shahpura,ST,Dindori,true,Madhya Pradesh 14-Mandla
23-14,23-104,Madhya Pradesh,14,Mandla,104,Dindori,ST,Dindori,true,Madhya Pradesh 14-Mandla
23-14,23-105,Madhya Pradesh,14,Mandla,105,Bichhiya,ST,Mandla,true,Madhya Pradesh 14-Mandla
23-14,23-106,Madhya Pradesh,14,Mandla,106,Niwas,ST,Mandla,true,Madhya Pradesh 14-Mandla
23-14,23-107,Madhya Pradesh,14,Mandla,107,Mandla,ST,Mandla,true,Madhya Pradesh 14-Mandla
23-14,23-116,Madhya Pradesh,14,Mandla,116,Keolari,GEN,Seoni,true,Madhya Pradesh 14-Mandla
23-14,23-117,Madhya Pradesh,14,Mandla,117,Lakhnadon,ST,Seoni,true,Madhya Pradesh 14-Mandla
23-14,23-118,Madhya Pradesh,14,Mandla,118,Gotegaon,SC,Narsingpur,true,Madhya Pradesh 14-Mandla
23-15,23-108,Madhya Pradesh,15,Balaghat,108,Baihar,ST,Balaghat,true,Madhya Pradesh 15-Balaghat
23-15,23-109,Madhya Pradesh,15,Balaghat,109,Lanji,GEN,Balaghat,true,Madhya Pradesh 15-Balaghat
23-15,23-110,Madhya Pradesh,15,Balaghat,110,Paraswada,GEN,Balaghat,true,Madhya Pradesh 15-Balaghat
23-15,23-111,Madhya Pradesh,15,Balaghat,111,Balaghat,GEN,Balaghat,true,Madhya Pradesh 15-Balaghat
23-15,23-112,Madhya Pradesh,15,Balaghat,112,Waraseoni,GEN,Balaghat,true,Madhya Pradesh 15-Balaghat
23-15,23-113,Madhya Pradesh,15,Balaghat,113,Katangi,GEN,Balaghat,true,Madhya Pradesh 15-Balaghat
23-15,23-114,Madhya Pradesh,15,Balaghat,114,Barghat,ST,Seoni,true,Madhya Pradesh 15-Balaghat
23-15,23-115,Madhya Pradesh,15,Balaghat,115,Seoni,GEN,Seoni,true,Madhya Pradesh 15-Balaghat
23-16,23-122,Madhya Pradesh,16,Chhindwara,122,Junnardeo,ST,Chhindwara,true,Madhya Pradesh 16-Chhindwara
23-16,23-123,Madhya Pradesh,16,Chhindwara,123,Amarwara,ST,Chhindwara,true,Madhya Pradesh 16-Chhindwara
23-16,23-124,Madhya Pradesh,16,Chhindwara,124,Churai,GEN,Chhindwara,true,Madhya Pradesh 16-Chhindwara
23-16,23-125,Madhya Pradesh,16,Chhindwara,125,Saunsar,GEN,Chhindwara,true,Madhya Pradesh 16-Chhindwara
23-16,23-126,Madhya Pradesh,16,Chhindwara,126,Chhindwara,GEN,Chhindwara,true,Madhya Pradesh 16-Chhindwara
23-16,23-127,Madhya Pradesh,16,Chhindwara,127,Parasia,SC,Chhindwara,true,Madhya Pradesh 16-Chhindwara
23-16,23-128,Madhya Pradesh,16,Chhindwara,128,Pandhurna,ST,Chhindwara,true,Madhya Pradesh 16-Chhindwara
23-17,23-119,Madhya Pradesh,17,Hoshangabad,119,Narsingpur,GEN,Narsingpur,true,Madhya Pradesh 17-Hoshangabad
23-17,23-120,Madhya Pradesh,17,Hoshangabad,120,Tendukheda,GEN,Narsingpur,true,Madhya Pradesh 17-Hoshangabad
23-17,23-121,Madhya Pradesh,17,Hoshangabad,121,Gadarwara,GEN,Narsingpur,true,Madhya Pradesh 17-Hoshangabad
23-17,23-136,Madhya Pradesh,17,Hoshangabad,136,Seoni-Malwa,GEN,Hoshangabad,true,Madhya Pradesh 17-Hoshangabad
23-17,23-137,Madhya Pradesh,17,Hoshangabad,137,Hoshangabad,GEN,Hoshangabad,true,Madhya Pradesh 17-Hoshangabad
23-17,23-138,Madhya Pradesh,17,Hoshangabad,138,Sohagpur,GEN,Hoshangabad,true,Madhya Pradesh 17-Hoshangabad
23-17,23-139,Madhya Pradesh,17,Hoshangabad,139,Pipariya,SC,Hoshangabad,true,Madhya Pradesh 17-Hoshangabad
23-17,23-140,Madhya Pradesh,17,Hoshangabad,140,Udaipura,GEN,Raisen,true,Madhya Pradesh 17-Hoshangabad
23-18,23-141,Madhya Pradesh,18,Vidisha,141,Bhojpur,GEN,Raisen,true,Madhya Pradesh 18-Vidisha
23-18,23-142,Madhya Pradesh,18,Vidisha,142,Sanchi,SC,Raisen,true,Madhya Pradesh 18-Vidisha
23-18,23-143,Madhya Pradesh,18,Vidisha,143,Silwani,GEN,Raisen,true,Madhya Pradesh 18-Vidisha
23-18,23-144,Madhya Pradesh,18,Vidisha,144,Vidisha,GEN,Vidisha,true,Madhya Pradesh 18-Vidisha
23-18,23-145,Madhya Pradesh,18,Vidisha,145,Basoda,GEN,Vidisha,true,Madhya Pradesh 18-Vidisha
23-18,23-156,Madhya Pradesh,18,Vidisha,156,Budhni,GEN,Sehore,true,Madhya Pradesh 18-Vidisha
23-18,23-158,Madhya Pradesh,18,Vidisha,158,Ichhawar,GEN,Sehore,true,Madhya Pradesh 18-Vidisha
23-18,23-173,Madhya Pradesh,18,Vidisha,173,Khategaon,GEN,Dewas,true,Madhya Pradesh 18-Vidisha
23-19,23-149,Madhya Pradesh,19,Bhopal,149,Berasia,SC,Bhopal,true,Madhya Pradesh 19-Bhopal
23-19,23-150,Madhya Pradesh,19,Bhopal,150,Bhopal Uttar,GEN,Bhopal,true,Madhya Pradesh 19-Bhopal
23-19,23-151,Madhya Pradesh,19,Bhopal,151,Narela,GEN,Bhopal,true,Madhya Pradesh 19-Bhopal
23-19,23-152,Madhya Pradesh,19,Bhopal,152,Bhopal Dakshin-Paschim,GEN,Bhopal,true,Madhya Pradesh 19-Bhopal
23-19,23-153,Madhya Pradesh,19,Bhopal,153,Bhopal Madhya,GEN,Bhopal,true,Madhya Pradesh 19-Bhopal
23-19,23-154,Madhya Pradesh,19,Bhopal,154,Govindpura,GEN,Bhopal,true,Madhya Pradesh 19-Bhopal
23-19,23-155,Madhya Pradesh,19,Bhopal,155,Huzur,GEN,Bhopal,true,Madhya Pradesh 19-Bhopal
23-19,23-159,Madhya Pradesh,19,Bhopal,159,Sehore,GEN,Sehore,true,Madhya Pradesh 19-Bhopal
23-20,23-30,Madhya Pradesh,20,Rajgarh,30,Chachoura,GEN,Guna,true,Madhya Pradesh 20-Rajgarh
23-20,23-31,Madhya Pradesh,20,Rajgarh,31,Raghogarh,GEN,Guna,true,Madhya Pradesh 20-Rajgarh
23-20,23-160,Madhya Pradesh,20,Rajgarh,160,Narsinghgarh,GEN,Rajgarh,true,Madhya Pradesh 20-Rajgarh
23-20,23-161,Madhya Pradesh,20,Rajgarh,161,Biaora,GEN,Rajgarh,true,Madhya Pradesh 20-Rajgarh
23-20,23-162,Madhya Pradesh,20,Rajgarh,162,Rajgarh,GEN,Rajgarh,true,Madhya Pradesh 20-Rajgarh
23-20,23-163,Madhya Pradesh,20,Rajgarh,163,Khilchipur,GEN,Rajgarh,true,Madhya Pradesh 20-Rajgarh
23-20,23-164,Madhya Pradesh,20,Rajgarh,164,Sarangpur,SC,Rajgarh,true,Madhya Pradesh 20-Rajgarh
23-20,23-165,Madhya Pradesh,20,Rajgarh,165,Susner,GEN,Shajapur,true,Madhya Pradesh 20-Rajgarh
23-21,23-157,Madhya Pradesh,21,Dewas,157,Ashta,SC,Sehore,true,Madhya Pradesh 21-Dewas
23-21,23-166,Madhya Pradesh,21,Dewas,166,Agar,SC,Shajapur,true,Madhya Pradesh 21-Dewas
23-21,23-167,Madhya Pradesh,21,Dewas,167,Shajapur,GEN,Shajapur,true,Madhya Pradesh 21-Dewas
23-21,23-168,Madhya Pradesh,21,Dewas,168,Shujalpur,GEN,Shajapur,true,Madhya Pradesh 21-Dewas
23-21,23-169,Madhya Pradesh,21,Dewas,169,Kalapipal,GEN,Shajapur,true,Madhya Pradesh 21-Dewas
23-21,23-170,Madhya Pradesh,21,Dewas,170,Sonkatch,SC,Dewas,true,Madhya Pradesh 21-Dewas
23-21,23-171,Madhya Pradesh,21,Dewas,171,Dewas,GEN,Dewas,true,Madhya Pradesh 21-Dewas
23-21,23-172,Madhya Pradesh,21,Dewas,172,Hatpipliya,GEN,Dewas,true,Madhya Pradesh 21-Dewas
23-22,23-212,Madhya Pradesh,22,Ujjain,212,Nagada-Khachrod,GEN,Ujjain,true,Madhya Pradesh 22-Ujjain
23-22,23-213,Madhya Pradesh,22,Ujjain,213,Mahidpur,GEN,Ujjain,true,Madhya Pradesh 22-Ujjain
23-22,23-214,Madhya Pradesh,22,Ujjain,214,Tarana,SC,Ujjain,true,Madhya Pradesh 22-Ujjain
23-22,23-215,Madhya Pradesh,22,Ujjain,215,Ghatiya,SC,Ujjain,true,Madhya Pradesh 22-Ujjain
23-22,23-216,Madhya Pradesh,22,Ujjain,216,Ujjain Uttar,GEN,Ujjain,true,Madhya Pradesh 22-Ujjain
23-22,23-217,Madhya Pradesh,22,Ujjain,217,Ujjain Dakshin,GEN,Ujjain,true,Madhya Pradesh 22-Ujjain
23-22,23-218,Madhya Pradesh,22,Ujjain,218,Badnagar,GEN,Ujjain,true,Madhya Pradesh 22-Ujjain
23-22,23-223,Madhya Pradesh,22,Ujjain,223,Alot,SC,Ratlam,true,Madhya Pradesh 22-Ujjain
23-23,23-222,Madhya Pradesh,23,Mandsour,222,Jaora,GEN,Ratlam,true,Madhya Pradesh 23-Mandsour
23-23,23-224,Madhya Pradesh,23,Mandsour,224,Mandsour,GEN,Mandsour,true,Madhya Pradesh 23-Mandsour
23-23,23-225,Madhya Pradesh,23,Mandsour,225,Malhargarh,SC,Mandsour,true,Madhya Pradesh 23-Mandsour
23-23,23-226,Madhya Pradesh,23,Mandsour,226,Suwasra,GEN,Mandsour,true,Madhya Pradesh 23-Mandsour
23-23,23-227,Madhya Pradesh,23,Mandsour,227,Garoth,GEN,Mandsour,true,Madhya Pradesh 23-Mandsour
23-23,23-228,Madhya Pradesh,23,Mandsour,228,Manasa,GEN,Neemuch,true,Madhya Pradesh 23-Mandsour
23-23,23-229,Madhya Pradesh,23,Mandsour,229,Neemuch,GEN,Neemuch,true,Madhya Pradesh 23-Mandsour
23-23,23-230,Madhya Pradesh,23,Mandsour,230,Jawad,GEN,Neemuch,true,Madhya Pradesh 23-Mandsour
23-24,23-191,Madhya Pradesh,24,Ratlam,191,Alirajpur,ST,Jhabua,true,Madhya Pradesh 24-Ratlam
23-24,23-192,Madhya Pradesh,24,Ratlam,192,Jobat,ST,Jhabua,true,Madhya Pradesh 24-Ratlam
23-24,23-193,Madhya Pradesh,24,Ratlam,193,Jhabua,ST,Jhabua,true,Madhya Pradesh 24-Ratlam
23-24,23-194,Madhya Pradesh,24,Ratlam,194,Thandla,ST,Jhabua,true,Madhya Pradesh 24-Ratlam
23-24,23-195,Madhya Pradesh,24,Ratlam,195,Petlawad,ST,Jhabua,true,Madhya Pradesh 24-Ratlam
23-24,23-219,Madhya Pradesh,24,Ratlam,219,Ratlam Rural,ST,Ratlam,true,Madhya Pradesh 24-Ratlam
23-24,23-220,Madhya Pradesh,24,Ratlam,220,Ratlam City,GEN,Ratlam,true,Madhya Pradesh 24-Ratlam
23-24,23-221,Madhya Pradesh,24,Ratlam,221,Sailana,ST,Ratlam,true,Madhya Pradesh 24-Ratlam
23-25,23-196,Madhya Pradesh,25,Dhar,196,Sardarpur,ST,Dhar,true,Madhya Pradesh 25-Dhar
23-25,23-197,Madhya Pradesh,25,Dhar,197,Gandhwani,ST,Dhar,true,Madhya Pradesh 25-Dhar
23-25,23-198,Madhya Pradesh,25,Dhar,198,Kukshi,ST,Dhar,true,Madhya Pradesh 25-Dhar
23-25,23-199,Madhya Pradesh,25,Dhar,199,Manawar,ST,Dhar,true,Madhya Pradesh 25-Dhar
23-25,23-200,Madhya Pradesh,25,Dhar,200,Dharampuri,ST,Dhar,true,Madhya Pradesh 25-Dhar
23-25,23-201,Madhya Pradesh,25,Dhar,201,Dhar,GEN,Dhar,true,Madhya Pradesh 25-Dhar
23-25,23-202,Madhya Pradesh,25,Dhar,202,Badnawar,GEN,Dhar,true,Madhya Pradesh 25-Dhar
23-25,23-209,Madhya Pradesh,25,Dhar,209,Dr.Ambedkarnagar-Mhow,GEN,Indore,true,Madhya Pradesh 25-Dhar
23-26,23-203,Madhya Pradesh,26,Indore,203,Debalpur,GEN,Indore,,
23-26,23-204,Madhya Pradesh,26,Indore,204,Indore-1,GEN,Indore,true,Madhya Pradesh 26-Indore
23-26,23-205,Madhya Pradesh,26,Indore,205,Indore-2,GEN,Indore,,
23-26,23-206,Madhya Pradesh,26,Indore,206,Indore-3,GEN,Indore,,
23-26,23-207,Madhya Pradesh,26,Indore,207,Indore-4,GEN,Indore,,
23-26,23-208,Madhya Pradesh,26,Indore,208,Indore-5,GEN,Indore,,
23-26,23-210,Madhya Pradesh,26,Indore,210,Rau,GEN,Indore,true,Madhya Pradesh 26-Indore
23-26,23-211,Madhya Pradesh,26,Indore,211,Sanwer,SC,Indore,true,Madhya Pradesh 26-Indore
23-27,23-183,Madhya Pradesh,27,Khargone,183,Maheshwar,SC,WEST NIMAR (Khaorgone),true,Madhya Pradesh 27-Khargone
23-27,23-184,Madhya Pradesh,27,Khargone,184,Kasrawad,GEN,WEST NIMAR (Khaorgone),true,Madhya Pradesh 27-Khargone
23-27,23-185,Madhya Pradesh,27,Khargone,185,Khargone,GEN,WEST NIMAR (Khaorgone),true,Madhya Pradesh 27-Khargone
23-27,23-186,Madhya Pradesh,27,Khargone,186,Bhagwanpura,ST,WEST NIMAR (Khaorgone),true,Madhya Pradesh 27-Khargone
23-27,23-187,Madhya Pradesh,27,Khargone,187,Sendhawa,ST,Badwani,true,Madhya Pradesh 27-Khargone
23-27,23-188,Madhya Pradesh,27,Khargone,188,Rajpur,ST,Badwani,true,Madhya Pradesh 27-Khargone
23-27,23-189,Madhya Pradesh,27,Khargone,189,Pansemal,ST,Badwani,true,Madhya Pradesh 27-Khargone
23-27,23-190,Madhya Pradesh,27,Khargone,190,Badwani,ST,Badwani,true,Madhya Pradesh 27-Khargone
23-28,23-174,Madhya Pradesh,28,Khandwa,174,Bagali,ST,Dewas,true,Madhya Pradesh 28-Khandwa
23-28,23-175,Madhya Pradesh,28,Khandwa,175,Mandhata,GEN,EAST NIMAR (Khandwa),true,Madhya Pradesh 28-Khandwa
23-28,23-177,Madhya Pradesh,28,Khandwa,177,Khandwa,SC,EAST NIMAR (Khandwa),true,Madhya Pradesh 28-Khandwa
23-28,23-178,Madhya Pradesh,28,Khandwa,178,Pandhana,ST,EAST NIMAR (Khandwa),true,Madhya Pradesh 28-Khandwa
23-28,23-179,Madhya Pradesh,28,Khandwa,179,Nepanagar,ST,Burhanpur,true,Madhya Pradesh 28-Khandwa
23-28,23-180,Madhya Pradesh,28,Khandwa,180,Burhanpur,GEN,Burhanpur,true,Madhya Pradesh 28-Khandwa
23-28,23-181,Madhya Pradesh,28,Khandwa,181,Bikhangaon,ST,WEST NIMAR (Khaorgone),,
23-28,23-182,Madhya Pradesh,28,Khandwa,182,Badwah,GEN,WEST NIMAR (Khaorgone),true,Madhya Pradesh 28-Khandwa
23-29,23-129,Madhya Pradesh,29,Betul,129,Multai,GEN,Betul,true,Madhya Pradesh 29-Betul
23-29,23-130,Madhya Pradesh,29,Betul,130,Amla,SC,Betul,true,Madhya Pradesh 29-Betul
23-29,23-131,Madhya Pradesh,29,Betul,131,Betul,GEN,Betul,true,Madhya Pradesh 29-Betul
23-29,23-132,Madhya Pradesh,29,Betul,132,Ghoradongri,ST,Betul,true,Madhya Pradesh 29-Betul
23-29,23-133,Madhya Pradesh,29,Betul,133,Bhainsdehi,ST,Betul,true,Madhya Pradesh 29-Betul
23-29,23-134,Madhya Pradesh,29,Betul,134,Timarni,ST,Harda,true,Madhya Pradesh 29-Betul
23-29,23-135,Madhya Pradesh,29,Betul,135,Harda,GEN,Harda,true,Madhya Pradesh 29-Betul
23-29,23-176,Madhya Pradesh,29,Betul,176,Harsud,ST,EAST NIMAR (Khandwa),true,Madhya Pradesh 29-Betul
27-1,27-1,Maharashtra,1,Nandurbar,1,Akkalkuwa,ST,Nandurbar,true,Maharashtra 1-Nandurbar
27-1,27-2,Maharashtra,1,Nandurbar,2,Shahada,ST,Nandurbar,true,Maharashtra 1-Nandurbar
27-1,27-3,Maharashtra,1,Nandurbar,3,Nandurbar,ST,Nandurbar,true,Maharashtra 1-Nandurbar
27-1,27-4,Maharashtra,1,Nandurbar,4,Nawapur,ST,Nandurbar,true,Maharashtra 1-Nandurbar
27-1,27-5,Maharashtra,1,Nandurbar,5,Sakri,ST,Dhule,true,Maharashtra 1-Nandurbar
27-1,27-9,Maharashtra,1,Nandurbar,9,Shirpur,ST,Dhule,true,Maharashtra 1-Nandurbar
27-2,27-6,Maharashtra,2,Dhule,6,Dhule Rural,GEN,Dhule,true,Maharashtra 2-Dhule
27-2,27-7,Maharashtra,2,Dhule,7,Dhule City,GEN,Dhule,true,Maharashtra 2-Dhule
27-2,27-8,Maharashtra,2,Dhule,8,Sindkheda,GEN,Dhule,true,Maharashtra 2-Dhule
27-2,27-114,Maharashtra,2,Dhule,114,Malegaon Central,GEN,Nashik,true,Maharashtra 2-Dhule
27-2,27-115,Maharashtra,2,Dhule,115,Malegaon Outer,GEN,Nashik,true,Maharashtra 2-Dhule
27-2,27-116,Maharashtra,2,Dhule,116,Baglan,ST,Nashik,true,Maharashtra 2-Dhule
27-3,27-13,Maharashtra,3,Jalgaon,13,Jalgaon City,GEN,Jalgaon,true,Maharashtra 3-Jalgaon
27-3,27-14,Maharashtra,3,Jalgaon,14,Jalgaon Rural,GEN,Jalgaon,true,Maharashtra 3-Jalgaon
27-3,27-15,Maharashtra,3,Jalgaon,15,Amalner,GEN,Jalgaon,true,Maharashtra 3-Jalgaon
27-3,27-16,Maharashtra,3,Jalgaon,16,Erandol,GEN,Jalgaon,true,Maharashtra 3-Jalgaon
27-3,27-17,Maharashtra,3,Jalgaon,17,Chalisgaon,GEN,Jalgaon,true,Maharashtra 3-Jalgaon
27-3,27-18,Maharashtra,3,Jalgaon,18,Pachora,GEN,Jalgaon,true,Maharashtra 3-Jalgaon
27-4,27-10,Maharashtra,4,Raver,10,Chopda,ST,Jalgaon,true,Maharashtra 4-Raver
27-4,27-11,Maharashtra,4,Raver,11,Raver,GEN,Jalgaon,true,Maharashtra 4-Raver
27-4,27-12,Maharashtra,4,Raver,12,Bhusawal,SC,Jalgaon,true,Maharashtra 4-Raver
27-4,27-19,Maharashtra,4,Raver,19,Jamner,GEN,Jalgaon,true,Maharashtra 4-Raver
27-4,27-20,Maharashtra,4,Raver,20,Muktainagar,GEN,Jalgaon,true,Maharashtra 4-Raver
27-4,27-21,Maharashtra,4,Raver,21,Malkapur,GEN,Buldhana,true,Maharashtra 4-Raver
27-5,27-22,Maharashtra,5,Buldhana,22,Buldhana,GEN,Buldhana,true,Maharashtra 5-Buldhana
27-5,27-23,Maharashtra,5,Buldhana,23,Chikhli,GEN,Buldhana,true,Maharashtra 5-Buldhana
27-5,27-24,Maharashtra,5,Buldhana,24,Sindkhed Raja,GEN,Buldhana,true,Maharashtra 5-Buldhana
27-5,27-25,Maharashtra,5,Buldhana,25,Mehkar,SC,Buldhana,true,Maharashtra 5-Buldhana
27-5,27-26,Maharashtra,5,Buldhana,26,Khamgaon,GEN,Buldhana,true,Maharashtra 5-Buldhana
27-5,27-27,Maharashtra,5,Buldhana,27,Jalgaon (Jamod),GEN,Buldhana,true,Maharashtra 5-Buldhana
27-6,27-28,Maharashtra,6,Akola,28,Akot,GEN,Akola,true,Maharashtra 6-Akola
27-6,27-29,Maharashtra,6,Akola,29,Balapur,GEN,Akola,true,Maharashtra 6-Akola
27-6,27-30,Maharashtra,6,Akola,30,Akola West,GEN,Akola,true,Maharashtra 6-Akola
27-6,27-31,Maharashtra,6,Akola,31,Akola East,GEN,Akola,true,Maharashtra 6-Akola
27-6,27-32,Maharashtra,6,Akola,32,Murtizapur,SC,Akola,true,Maharashtra 6-Akola
27-6,27-33,Maharashtra,6,Akola,33,Risod,GEN,Washim,true,Maharashtra 6-Akola
27-7,27-37,Maharashtra,7,Amravati,37,Badnera,GEN,Amravati,true,Maharashtra 7-Amravati
27-7,27-38,Maharashtra,7,Amravati,38,Amravati,GEN,Amravati,true,Maharashtra 7-Amravati
27-7,27-39,Maharashtra,7,Amravati,39,Teosa,GEN,Amravati,true,Maharashtra 7-Amravati
27-7,27-40,Maharashtra,7,Amravati,40,Daryapur,SC,Amravati,true,Maharashtra 7-Amravati
27-7,27-41,Maharashtra,7,Amravati,41,Melghat,ST,Amravati,true,Maharashtra 7-Amravati
27-7,27-42,Maharashtra,7,Amravati,42,Achalpur,GEN,Amravati,true,Maharashtra 7-Amravati
27-8,27-36,Maharashtra,8,Wardha,36,Dhamangaon Railway,GEN,Amravati,true,Maharashtra 8-Wardha
27-8,27-43,Maharashtra,8,Wardha,43,Morshi,GEN,Amravati,true,Maharashtra 8-Wardha
27-8,27-44,Maharashtra,8,Wardha,44,Arvi,GEN,Wardha,true,Maharashtra 8-Wardha
27-8,27-45,Maharashtra,8,Wardha,45,Deoli,GEN,Wardha,true,Maharashtra 8-Wardha
27-8,27-46,Maharashtra,8,Wardha,46,Hinganghat,GEN,Wardha,true,Maharashtra 8-Wardha
27-8,27-47,Maharashtra,8,Wardha,47,Wardha,GEN,Wardha,true,Maharashtra 8-Wardha
27-9,27-48,Maharashtra,9,Ramtek,48,Katol,GEN,Nagpur,true,Maharashtra 9-Ramtek
27-9,27-49,Maharashtra,9,Ramtek,49,Savner,GEN,Nagpur,true,Maharashtra 9-Ramtek
27-9,27-50,Maharashtra,9,Ramtek,50,Hingna,GEN,Nagpur,true,Maharashtra 9-Ramtek
27-9,27-51,Maharashtra,9,Ramtek,51,Umred,SC,Nagpur,true,Maharashtra 9-Ramtek
27-9,27-58,Maharashtra,9,Ramtek,58,Kamthi,GEN,Nagpur,true,Maharashtra 9-Ramtek
27-9,27-59,Maharashtra,9,Ramtek,59,Ramtek,GEN,Nagpur,true,Maharashtra 9-Ramtek
27-10,27-52,Maharashtra,10,Nagpur,52,Nagpur South West,GEN,Nagpur,true,Maharashtra 10-Nagpur
27-10,27-53,Maharashtra,10,Nagpur,53,Nagpur South,GEN,Nagpur,true,Maharashtra 10-Nagpur
27-10,27-54,Maharashtra,10,Nagpur,54,Nagpur East,GEN,Nagpur,true,Maharashtra 10-Nagpur
27-10,27-55,Maharashtra,10,Nagpur,55,Nagpur Central,GEN,Nagpur,true,Maharashtra 10-Nagpur
27-10,27-56,Maharashtra,10,Nagpur,56,Nagpur West,GEN,Nagpur,true,Maharashtra 10-Nagpur
27-10,27-57,Maharashtra,10,Nagpur,57,Nagpur North,SC,Nagpur,true,Maharashtra 10-Nagpur
27-11,27-60,Maharashtra,11,Bhandara-Gondiya,60,Tumsar,GEN,Bhandara,true,Maharashtra 11-Bhandara-Gondiya
27-11,27-61,Maharashtra,11,Bhandara-Gondiya,61,Bhandara,SC,Bhandara,true,Maharashtra 11-Bhandara-Gondiya
27-11,27-62,Maharashtra,11,Bhandara-Gondiya,62,Sakoli,GEN,Bhandara,true,Maharashtra 11-Bhandara-Gondiya
27-11,27-63,Maharashtra,11,Bhandara-Gondiya,63,Arjuni-Morgaon,SC,Gondiya,true,Maharashtra 11-Bhandara-Gondiya
27-11,27-64,Maharashtra,11,Bhandara-Gondiya,64,Tirora,GEN,Gondiya,true,Maharashtra 11-Bhandara-Gondiya
27-11,27-65,Maharashtra,11,Bhandara-Gondiya,65,Gondiya,GEN,Gondiya,true,Maharashtra 11-Bhandara-Gondiya
27-12,27-66,Maharashtra,12,Gadchiroli-Chimur,66,Amgaon,ST,Gondiya,true,Maharashtra 12-Gadchiroli-Chimur
27-12,27-67,Maharashtra,12,Gadchiroli-Chimur,67,Armori,ST,Gadchiroli,true,Maharashtra 12-Gadchiroli-Chimur
27-12,27-68,Maharashtra,12,Gadchiroli-Chimur,68,Gadchiroli,ST,Gadchiroli,true,Maharashtra 12-Gadchiroli-Chimur
27-12,27-69,Maharashtra,12,Gadchiroli-Chimur,69,Aheri,ST,Gadchiroli,true,Maharashtra 12-Gadchiroli-Chimur
27-12,27-73,Maharashtra,12,Gadchiroli-Chimur,73,Brahmapuri,GEN,Chandrapur,true,Maharashtra 12-Gadchiroli-Chimur
27-12,27-74,Maharashtra,12,Gadchiroli-Chimur,74,Chimur,GEN,Chandrapur,true,Maharashtra 12-Gadchiroli-Chimur
27-13,27-70,Maharashtra,13,Chandrapur,70,Rajura,GEN,Chandrapur,true,Maharashtra 13-Chandrapur
27-13,27-71,Maharashtra,13,Chandrapur,71,Chandrapur,SC,Chandrapur,true,Maharashtra 13-Chandrapur
27-13,27-72,Maharashtra,13,Chandrapur,72,Ballarpur,GEN,Chandrapur,true,Maharashtra 13-Chandrapur
27-13,27-75,Maharashtra,13,Chandrapur,75,Warora,GEN,Chandrapur,true,Maharashtra 13-Chandrapur
27-13,27-76,Maharashtra,13,Chandrapur,76,Wani,GEN,Yavatmal,true,Maharashtra 13-Chandrapur
27-13,27-80,Maharashtra,13,Chandrapur,80,Arni,ST,Yavatmal,true,Maharashtra 13-Chandrapur
27-14,27-34,Maharashtra,14,Yavatmal-Washim,34,Washim,SC,Washim,true,Maharashtra 14-Yavatmal-Washim
27-14,27-35,Maharashtra,14,Yavatmal-Washim,35,Karanja,GEN,Washim,true,Maharashtra 14-Yavatmal-Washim
27-14,27-77,Maharashtra,14,Yavatmal-Washim,77,Ralegaon,ST,Yavatmal,true,Maharashtra 14-Yavatmal-Washim
27-14,27-78,Maharashtra,14,Yavatmal-Washim,78,Yavatmal,GEN,Yavatmal,true,Maharashtra 14-Yavatmal-Washim
27-14,27-79,Maharashtra,14,Yavatmal-Washim,79,Digras,GEN,Yavatmal,true,Maharashtra 14-Yavatmal-Washim
27-14,27-81,Maharashtra,14,Yavatmal-Washim,81,Pusad,GEN,Yavatmal,true,Maharashtra 14-Yavatmal-Washim
27-15,27-82,Maharashtra,15,Hingoli,82,Umarkhed,SC,Yavatmal,true,Maharashtra 15-Hingoli
27-15,27-83,Maharashtra,15,Hingoli,83,Kinwat,GEN,Nanded,true,Maharashtra 15-Hingoli
27-15,27-84,Maharashtra,15,Hingoli,84,Hadgaon,GEN,Nanded,true,Maharashtra 15-Hingoli
27-15,27-92,Maharashtra,15,Hingoli,92,Basmath,GEN,Hingoli,true,Maharashtra 15-Hingoli
27-15,27-93,Maharashtra,15,Hingoli,93,Kalamnuri,GEN,Hingoli,true,Maharashtra 15-Hingoli
27-15,27-94,Maharashtra,15,Hingoli,94,Hingoli,GEN,Hingoli,true,Maharashtra 15-Hingoli
27-16,27-85,Maharashtra,16,Nanded,85,Bhokar,GEN,Nanded,true,Maharashtra 16-Nanded
27-16,27-86,Maharashtra,16,Nanded,86,Nanded North,GEN,Nanded,true,Maharashtra 16-Nanded
27-16,27-87,Maharashtra,16,Nanded,87,Nanded South,GEN,Nanded,true,Maharashtra 16-Nanded
27-16,27-89,Maharashtra,16,Nanded,89,Naigaon,GEN,Nanded,true,Maharashtra 16-Nanded
27-16,27-90,Maharashtra,16,Nanded,90,Deglur,SC,Nanded,true,Maharashtra 16-Nanded
27-16,27-91,Maharashtra,16,Nanded,91,Mukhed,GEN,Nanded,true,Maharashtra 16-Nanded
27-17,27-95,Maharashtra,17,Parbhani,95,Jintur,GEN,Parbhani,true,Maharashtra 17-Parbhani
27-17,27-96,Maharashtra,17,Parbhani,96,Parbhani,GEN,Parbhani,true,Maharashtra 17-Parbhani
27-17,27-97,Maharashtra,17,Parbhani,97,Gangakhed,GEN,Parbhani,true,Maharashtra 17-Parbhani
27-17,27-98,Maharashtra,17,Parbhani,98,Pathri,GEN,Parbhani,true,Maharashtra 17-Parbhani
27-17,27-99,Maharashtra,17,Parbhani,99,Partur,GEN,Jalna,true,Maharashtra 17-Parbhani
27-17,27-100,Maharashtra,17,Parbhani,100,Ghansawangi,GEN,Jalna,true,Maharashtra 17-Parbhani
27-18,27-101,Maharashtra,18,Jalna,101,Jalna,GEN,Jalna,true,Maharashtra 18-Jalna
27-18,27-102,Maharashtra,18,Jalna,102,Badnapur,SC,Jalna,true,Maharashtra 18-Jalna
27-18,27-103,Maharashtra,18,Jalna,103,Bhokardan,GEN,Jalna,true,Maharashtra 18-Jalna
27-18,27-104,Maharashtra,18,Jalna,104,Sillod,GEN,Aurangabad,true,Maharashtra 18-Jalna
27-18,27-106,Maharashtra,18,Jalna,106,Phulambri,GEN,Aurangabad,true,Maharashtra 18-Jalna
27-18,27-110,Maharashtra,18,Jalna,110,Paithan,GEN,Aurangabad,true,Maharashtra 18-Jalna
27-19,27-105,Maharashtra,19,Aurangabad,105,Kannad,GEN,Aurangabad,true,Maharashtra 19-Aurangabad
27-19,27-107,Maharashtra,19,Aurangabad,107,Aurangabad Central,GEN,Aurangabad,true,Maharashtra 19-Aurangabad
27-19,27-108,Maharashtra,19,Aurangabad,108,Aurangabad West,SC,Aurangabad,true,Maharashtra 19-Aurangabad
27-19,27-109,Maharashtra,19,Aurangabad,109,Aurangabad East,GEN,Aurangabad,true,Maharashtra 19-Aurangabad
27-19,27-111,Maharashtra,19,Aurangabad,111,Gangapur,GEN,Aurangabad,true,Maharashtra 19-Aurangabad
27-19,27-112,Maharashtra,19,Aurangabad,112,Vaijapur,GEN,Aurangabad,true,Maharashtra 19-Aurangabad
27-20,27-113,Maharashtra,20,Dindori,113,Nandgaon,GEN,Nashik,true,Maharashtra 20-Dindori
27-20,27-117,Maharashtra,20,Dindori,117,Kalwan,ST,Nashik,true,Maharashtra 20-Dindori
27-20,27-118,Maharashtra,20,Dindori,118,Chandvad,GEN,Nashik,true,Maharashtra 20-Dindori
27-20,27-119,Maharashtra,20,Dindori,119,Yevla,GEN,Nashik,true,Maharashtra 20-Dindori
27-20,27-121,Maharashtra,20,Dindori,121,Niphad,GEN,Nashik,true,Maharashtra 20-Dindori
27-20,27-122,Maharashtra,20,Dindori,122,Dindori,ST,Nashik,true,Maharashtra 20-Dindori
27-21,27-120,Maharashtra,21,Nashik,120,Sinnar,GEN,Nashik,true,Maharashtra 21-Nashik
27-21,27-123,Maharashtra,21,Nashik,123,Nashik East,GEN,Nashik,true,Maharashtra 21-Nashik
27-21,27-124,Maharashtra,21,Nashik,124,Nashik Central,GEN,Nashik,true,Maharashtra 21-Nashik
27-21,27-125,Maharashtra,21,Nashik,125,Nashik West,GEN,Nashik,true,Maharashtra 21-Nashik
27-21,27-126,Maharashtra,21,Nashik,126,Deolali,SC,Nashik,true,Maharashtra 21-Nashik
27-21,27-127,Maharashtra,21,Nashik,127,Igatpuri,ST,Nashik,true,Maharashtra 21-Nashik
27-22,27-128,Maharashtra,22,Palghar,128,Dahanu,ST,Thane,true,Maharashtra 22-Palghar
27-22,27-129,Maharashtra,22,Palghar,129,Vikramgad,ST,Thane,true,Maharashtra 22-Palghar
27-22,27-130,Maharashtra,22,Palghar,130,Palghar,ST,Thane,true,Maharashtra 22-Palghar
27-22,27-131,Maharashtra,22,Palghar,131,Boisar,ST,Thane,true,Maharashtra 22-Palghar
27-22,27-132,Maharashtra,22,Palghar,132,Nalasopara,GEN,Thane,true,Maharashtra 22-Palghar
27-22,27-133,Maharashtra,22,Palghar,133,Vasai,GEN,Thane,true,Maharashtra 22-Palghar
27-23,27-134,Maharashtra,23,Bhiwandi,134,Bhiwandi Rural,ST,Thane,true,Maharashtra 23-Bhiwandi
27-23,27-135,Maharashtra,23,Bhiwandi,135,Shahapur,ST,Thane,true,Maharashtra 23-Bhiwandi
27-23,27-136,Maharashtra,23,Bhiwandi,136,Bhiwandi West,GEN,Thane,true,Maharashtra 23-Bhiwandi
27-23,27-137,Maharashtra,23,Bhiwandi,137,Bhiwandi East,GEN,Thane,true,Maharashtra 23-Bhiwandi
27-23,27-138,Maharashtra,23,Bhiwandi,138,Kalyan West,GEN,Thane,true,Maharashtra 23-Bhiwandi
27-23,27-139,Maharashtra,23,Bhiwandi,139,Murbad,GEN,Thane,true,Maharashtra 23-Bhiwandi
27-24,27-140,Maharashtra,24,Kalyan,140,Ambernath,SC,Thane,true,Maharashtra 24-Kalyan
27-24,27-141,Maharashtra,24,Kalyan,141,Ulhas Nagar,GEN,Thane,true,Maharashtra 24-Kalyan
27-24,27-142,Maharashtra,24,Kalyan,142,Kalyan East,GEN,Thane,true,Maharashtra 24-Kalyan
27-24,27-143,Maharashtra,24,Kalyan,143,Dombivali,GEN,Thane,true,Maharashtra 24-Kalyan
27-24,27-144,Maharashtra,24,Kalyan,144,Kalyan Rural,GEN,Thane,true,Maharashtra 24-Kalyan
27-24,27-149,Maharashtra,24,Kalyan,149,Mumbra-Kalwa,GEN,Thane,true,Maharashtra 24-Kalyan
27-25,27-145,Maharashtra,25,Thane,145,Mira Bhayandar,GEN,Thane,true,Maharashtra 25-Thane
27-25,27-146,Maharashtra,25,Thane,146,Ovala – Majiwada,GEN,Thane,true,Maharashtra 25-Thane
27-25,27-147,Maharashtra,25,Thane,147,Kopri-Pachpakhadi,GEN,Thane,true,Maharashtra 25-Thane
27-25,27-148,Maharashtra,25,Thane,148,Thane,GEN,Thane,true,Maharashtra 25-Thane
27-25,27-150,Maharashtra,25,Thane,150,Airoli,GEN,Thane,true,Maharashtra 25-Thane
27-25,27-151,Maharashtra,25,Thane,151,Belapur,GEN,Thane,true,Maharashtra 25-Thane
27-26,27-152,Maharashtra,26,Mumbai North,152,Borivali,GEN,Mumbai Suburban,true,Maharashtra 26-Mumbai North
27-26,27-153,Maharashtra,26,Mumbai North,153,Dahisar,GEN,Mumbai Suburban,true,Maharashtra 26-Mumbai North
27-26,27-154,Maharashtra,26,Mumbai North,154,Magathane,GEN,Mumbai Suburban,true,Maharashtra 26-Mumbai North
27-26,27-160,Maharashtra,26,Mumbai North,160,Kandivali East,GEN,Mumbai Suburban,true,Maharashtra 26-Mumbai North
27-26,27-161,Maharashtra,26,Mumbai North,161,Charkop,GEN,Mumbai Suburban,true,Maharashtra 26-Mumbai North
27-26,27-162,Maharashtra,26,Mumbai North,162,Malad West,GEN,Mumbai Suburban,true,Maharashtra 26-Mumbai North
27-27,27-158,Maharashtra,27,Mumbai North-West,158,Jogeshwari East,GEN,Mumbai Suburban,true,Maharashtra 27-Mumbai North-West
27-27,27-159,Maharashtra,27,Mumbai North-West,159,Dindoshi,GEN,Mumbai Suburban,true,Maharashtra 27-Mumbai North-West
27-27,27-163,Maharashtra,27,Mumbai North-West,163,Goregaon,GEN,Mumbai Suburban,true,Maharashtra 27-Mumbai North-West
27-27,27-164,Maharashtra,27,Mumbai North-West,164,Versova,GEN,Mumbai Suburban,true,Maharashtra 27-Mumbai North-West
27-27,27-165,Maharashtra,27,Mumbai North-West,165,Andheri West,GEN,Mumbai Suburban,true,Maharashtra 27-Mumbai North-West
27-27,27-166,Maharashtra,27,Mumbai North-West,166,Andheri East,GEN,Mumbai Suburban,true,Maharashtra 27-Mumbai North-West
27-28,27-155,Maharashtra,28,Mumbai North-East,155,Mulund,GEN,Mumbai Suburban,true,Maharashtra 28-Mumbai North-East
27-28,27-156,Maharashtra,28,Mumbai North-East,156,Vikhroli,GEN,Mumbai Suburban,true,Maharashtra 28-Mumbai North-East
27-28,27-157,Maharashtra,28,Mumbai North-East,157,Bhandup West,GEN,Mumbai Suburban,true,Maharashtra 28-Mumbai North-East
27-28,27-169,Maharashtra,28,Mumbai North-East,169,Ghatkopar West,GEN,Mumbai Suburban,true,Maharashtra 28-Mumbai North-East
27-28,27-170,Maharashtra,28,Mumbai North-East,170,Ghatkopar East,GEN,Mumbai Suburban,true,Maharashtra 28-Mumbai North-East
27-28,27-171,Maharashtra,28,Mumbai North-East,171,Mankhurd Shivaji Nagar,GEN,Mumbai Suburban,false,
27-29,27-167,Maharashtra,29,Mumbai North-Central,167,Vile Parle,GEN,Mumbai Suburban,true,Maharashtra 29-Mumbai North-Central
27-29,27-168,Maharashtra,29,Mumbai North-Central,168,Chandivali,GEN,Mumbai Suburban,true,Maharashtra 29-Mumbai North-Central
27-29,27-174,Maharashtra,29,Mumbai North-Central,174,Kurla,SC,Mumbai Suburban,true,Maharashtra 29-Mumbai North-Central
27-29,27-175,Maharashtra,29,Mumbai North-Central,175,Kalina,GEN,Mumbai Suburban,true,Maharashtra 29-Mumbai North-Central
27-29,27-176,Maharashtra,29,Mumbai North-Central,176,Vandre East,GEN,Mumbai Suburban,true,Maharashtra 29-Mumbai North-Central
27-29,27-177,Maharashtra,29,Mumbai North-Central,177,Vandre West,GEN,Mumbai Suburban,true,Maharashtra 29-Mumbai North-Central
27-30,27-172,Maharashtra,30,Mumbai South -Central,172,Anushakti Nagar,GEN,Mumbai Suburban,true,Maharashtra 30-Mumbai South -Central
27-30,27-173,Maharashtra,30,Mumbai South -Central,173,Chembur,GEN,Mumbai Suburban,true,Maharashtra 30-Mumbai South -Central
27-30,27-178,Maharashtra,30,Mumbai South -Central,178,Dharavi,SC,Mumbai City,true,Maharashtra 30-Mumbai South -Central
27-30,27-179,Maharashtra,30,Mumbai South -Central,179,Sion Koliwada,GEN,Mumbai City,true,Maharashtra 30-Mumbai South -Central
27-30,27-180,Maharashtra,30,Mumbai South -Central,180,Wadala,GEN,Mumbai City,true,Maharashtra 30-Mumbai South -Central
27-30,27-181,Maharashtra,30,Mumbai South -Central,181,Mahim,GEN,Mumbai City,true,Maharashtra 30-Mumbai South -Central
27-31,27-182,Maharashtra,31,Mumbai South,182,Worli,GEN,Mumbai City,true,Maharashtra 31-Mumbai South
27-31,27-183,Maharashtra,31,Mumbai South,183,Shivadi,GEN,Mumbai City,true,Maharashtra 31-Mumbai South
27-31,27-184,Maharashtra,31,Mumbai South,184,Byculla,GEN,Mumbai City,true,Maharashtra 31-Mumbai South
27-31,27-185,Maharashtra,31,Mumbai South,185,Malabar Hill,GEN,Mumbai City,true,Maharashtra 31-Mumbai South
27-31,27-186,Maharashtra,31,Mumbai South,186,Mumbadevi,GEN,Mumbai City,true,Maharashtra 31-Mumbai South
27-31,27-187,Maharashtra,31,Mumbai South,187,Colaba,GEN,Mumbai City,true,Maharashtra 31-Mumbai South
27-32,27-191,Maharashtra,32,Raigad,191,Pen,GEN,Raigad,true,Maharashtra 32-Raigad
27-32,27-192,Maharashtra,32,Raigad,192,Alibag,GEN,Raigad,true,Maharashtra 32-Raigad
27-32,27-193,Maharashtra,32,Raigad,193,Shrivardhan,GEN,Raigad,true,Maharashtra 32-Raigad
27-32,27-194,Maharashtra,32,Raigad,194,Mahad,GEN,Raigad,true,Maharashtra 32-Raigad
27-32,27-263,Maharashtra,32,Raigad,263,Dapoli,GEN,Ratnagiri,true,Maharashtra 32-Raigad
27-32,27-264,Maharashtra,32,Raigad,264,Guhagar,GEN,Ratnagiri,true,Maharashtra 32-Raigad
27-33,27-188,Maharashtra,33,Maval,188,Panvel,GEN,Raigad,true,Maharashtra 33-Maval
27-33,27-189,Maharashtra,33,Maval,189,Karjat,GEN,Raigad,true,Maharashtra 33-Maval
27-33,27-190,Maharashtra,33,Maval,190,Uran,GEN,Raigad,true,Maharashtra 33-Maval
27-33,27-204,Maharashtra,33,Maval,204,Maval,GEN,Pune,true,Maharashtra 33-Maval
27-33,27-205,Maharashtra,33,Maval,205,Chinchwad,GEN,Pune,true,Maharashtra 33-Maval
27-33,27-206,Maharashtra,33,Maval,206,Pimpri,SC,Pune,true,Maharashtra 33-Maval
27-34,27-208,Maharashtra,34,Pune,208,Vadgaon Sheri,GEN,Pune,true,Maharashtra 34-Pune
27-34,27-209,Maharashtra,34,Pune,209,Shivajinagar,GEN,Pune,true,Maharashtra 34-Pune
27-34,27-210,Maharashtra,34,Pune,210,Kothrud,GEN,Pune,true,Maharashtra 34-Pune
27-34,27-212,Maharashtra,34,Pune,212,Parvati,GEN,Pune,true,Maharashtra 34-Pune
27-34,27-214,Maharashtra,34,Pune,214,Pune Cantonment,SC,Pune,true,Maharashtra 34-Pune
27-34,27-215,Maharashtra,34,Pune,215,Kasba Peth,GEN,Pune,true,Maharashtra 34-Pune
27-35,27-199,Maharashtra,35,Baramati,199,Daund,GEN,Pune,true,Maharashtra 35-Baramati
27-35,27-200,Maharashtra,35,Baramati,200,Indapur,GEN,Pune,true,Maharashtra 35-Baramati
27-35,27-201,Maharashtra,35,Baramati,201,Baramati,GEN,Pune,true,Maharashtra 35-Baramati
27-35,27-202,Maharashtra,35,Baramati,202,Purandar,GEN,Pune,true,Maharashtra 35-Baramati
27-35,27-203,Maharashtra,35,Baramati,203,Bhor,GEN,Pune,true,Maharashtra 35-Baramati
27-35,27-211,Maharashtra,35,Baramati,211,Khadakwasala,GEN,Pune,true,Maharashtra 35-Baramati
27-36,27-195,Maharashtra,36,Shirur,195,Junnar,GEN,Pune,true,Maharashtra 36-Shirur
27-36,27-196,Maharashtra,36,Shirur,196,Ambegaon,GEN,Pune,true,Maharashtra 36-Shirur
27-36,27-197,Maharashtra,36,Shirur,197,Khed Alandi,GEN,Pune,true,Maharashtra 36-Shirur
27-36,27-198,Maharashtra,36,Shirur,198,Shirur,GEN,Pune,true,Maharashtra 36-Shirur
27-36,27-207,Maharashtra,36,Shirur,207,Bhosari,GEN,Pune,true,Maharashtra 36-Shirur
27-36,27-213,Maharashtra,36,Shirur,213,Hadapsar,GEN,Pune,true,Maharashtra 36-Shirur
27-37,27-222,Maharashtra,37,Ahmednagar,222,Shevgaon,GEN,Ahmednagar,true,Maharashtra 37-Ahmednagar
27-37,27-223,Maharashtra,37,Ahmednagar,223,Rahuri,GEN,Ahmednagar,true,Maharashtra 37-Ahmednagar
27-37,27-224,Maharashtra,37,Ahmednagar,224,Parner,GEN,Ahmednagar,true,Maharashtra 37-Ahmednagar
27-37,27-225,Maharashtra,37,Ahmednagar,225,Ahmednagar City,GEN,Ahmednagar,,
27-37,27-226,Maharashtra,37,Ahmednagar,226,Shrigonda,GEN,Ahmednagar,true,Maharashtra 37-Ahmednagar
27-37,27-227,Maharashtra,37,Ahmednagar,227,Karjat Jamkhed,GEN,Ahmednagar,true,Maharashtra 37-Ahmednagar
27-38,27-216,Maharashtra,38,Shirdi,216,Akole,ST,Ahmednagar,true,Maharashtra 38-Shirdi
27-38,27-217,Maharashtra,38,Shirdi,217,Sangamner,GEN,Ahmednagar,true,Maharashtra 38-Shirdi
27-38,27-218,Maharashtra,38,Shirdi,218,Shirdi,GEN,Ahmednagar,true,Maharashtra 38-Shirdi
27-38,27-219,Maharashtra,38,Shirdi,219,Kopargaon,GEN,Ahmednagar,true,Maharashtra 38-Shirdi
27-38,27-220,Maharashtra,38,Shirdi,220,Shrirampur,SC,Ahmednagar,true,Maharashtra 38-Shirdi
27-38,27-221,Maharashtra,38,Shirdi,221,Nevasa,GEN,Ahmednagar,true,Maharashtra 38-Shirdi
27-39,27-228,Maharashtra,39,Beed,228,Georai,GEN,Beed,true,Maharashtra 39-Beed
27-39,27-229,Maharashtra,39,Beed,229,Majalgaon,GEN,Beed,true,Maharashtra 39-Beed
27-39,27-230,Maharashtra,39,Beed,230,Beed,GEN,Beed,true,Maharashtra 39-Beed
27-39,27-231,Maharashtra,39,Beed,231,Ashti,GEN,Beed,true,Maharashtra 39-Beed
27-39,27-232,Maharashtra,39,Beed,232,Kaij,SC,Beed,true,Maharashtra 39-Beed
27-39,27-233,Maharashtra,39,Beed,233,Parli,GEN,Beed,true,Maharashtra 39-Beed
27-40,27-239,Maharashtra,40,Osmanabad,239,Ausa,GEN,Latur,true,Maharashtra 40-Osmanabad
27-40,27-240,Maharashtra,40,Osmanabad,240,Umarga,SC,Osmanabad,true,Maharashtra 40-Osmanabad
27-40,27-241,Maharashtra,40,Osmanabad,241,Tuljapur,GEN,Osmanabad,true,Maharashtra 40-Osmanabad
27-40,27-242,Maharashtra,40,Osmanabad,242,Osmanabad,GEN,Osmanabad,true,Maharashtra 40-Osmanabad
27-40,27-243,Maharashtra,40,Osmanabad,243,Paranda,GEN,Osmanabad,true,Maharashtra 40-Osmanabad
27-40,27-246,Maharashtra,40,Osmanabad,246,Barshi,GEN,Solapur,true,Maharashtra 40-Osmanabad
27-41,27-88,Maharashtra,41,Latur,88,Loha,GEN,Nanded,true,Maharashtra 41-Latur
27-41,27-234,Maharashtra,41,Latur,234,Latur Rural,GEN,Latur,true,Maharashtra 41-Latur
27-41,27-235,Maharashtra,41,Latur,235,Latur City,GEN,Latur,true,Maharashtra 41-Latur
27-41,27-236,Maharashtra,41,Latur,236,Ahmadpur,GEN,Latur,true,Maharashtra 41-Latur
27-41,27-237,Maharashtra,41,Latur,237,Udgir,SC,Latur,true,Maharashtra 41-Latur
27-41,27-238,Maharashtra,41,Latur,238,Nilanga,GEN,Latur,true,Maharashtra 41-Latur
27-42,27-247,Maharashtra,42,Solapur,247,Mohol,SC,Solapur,true,Maharashtra 42-Solapur
27-42,27-248,Maharashtra,42,Solapur,248,Solapur City North,GEN,Solapur,true,Maharashtra 42-Solapur
27-42,27-249,Maharashtra,42,Solapur,249,Solapur City Central,GEN,Solapur,true,Maharashtra 42-Solapur
27-42,27-250,Maharashtra,42,Solapur,250,Akkalkot,GEN,Solapur,true,Maharashtra 42-Solapur
27-42,27-251,Maharashtra,42,Solapur,251,Solapur South,GEN,Solapur,true,Maharashtra 42-Solapur
27-42,27-252,Maharashtra,42,Solapur,252,Pandharpur,GEN,Solapur,true,Maharashtra 42-Solapur
27-43,27-244,Maharashtra,43,Madha,244,Karmala,GEN,Solapur,true,Maharashtra 43-Madha
27-43,27-245,Maharashtra,43,Madha,245,Madha,GEN,Solapur,true,Maharashtra 43-Madha
27-43,27-253,Maharashtra,43,Madha,253,Sangole,GEN,Solapur,true,Maharashtra 43-Madha
27-43,27-254,Maharashtra,43,Madha,254,Malshiras,SC,Solapur,true,Maharashtra 43-Madha
27-43,27-255,Maharashtra,43,Madha,255,Phaltan,SC,Satara,true,Maharashtra 43-Madha
27-43,27-258,Maharashtra,43,Madha,258,Man,GEN,Satara,true,Maharashtra 43-Madha
27-44,27-281,Maharashtra,44,Sangli,281,Miraj,SC,Sangli,true,Maharashtra 44-Sangli
27-44,27-282,Maharashtra,44,Sangli,282,Sangli,GEN,Sangli,true,Maharashtra 44-Sangli
27-44,27-285,Maharashtra,44,Sangli,285,Palus-Kadegaon,GEN,Sangli,true,Maharashtra 44-Sangli
27-44,27-286,Maharashtra,44,Sangli,286,Khanapur,GEN,Sangli,true,Maharashtra 44-Sangli
27-44,27-287,Maharashtra,44,Sangli,287,Tasgaon-Kavathe Mahankal,GEN,Sangli,true,Maharashtra 44-Sangli
27-44,27-288,Maharashtra,44,Sangli,288,Jat,GEN,Sangli,true,Maharashtra 44-Sangli
27-45,27-256,Maharashtra,45,Satara,256,Wai,GEN,Satara,true,Maharashtra 45-Satara
27-45,27-257,Maharashtra,45,Satara,257,Koregaon,GEN,Satara,true,Maharashtra 45-Satara
27-45,27-259,Maharashtra,45,Satara,259,Karad North,GEN,Satara,true,Maharashtra 45-Satara
27-45,27-260,Maharashtra,45,Satara,260,Karad South,GEN,Satara,true,Maharashtra 45-Satara
27-45,27-261,Maharashtra,45,Satara,261,Patan,GEN,Satara,true,Maharashtra 45-Satara
27-45,27-262,Maharashtra,45,Satara,262,Satara,GEN,Satara,true,Maharashtra 45-Satara
27-46,27-265,Maharashtra,46,Ratnagiri -Sindhudurg,265,Chiplun,GEN,Ratnagiri,true,Maharashtra 46-Ratnagiri -Sindhudurg
27-46,27-266,Maharashtra,46,Ratnagiri -Sindhudurg,266,Ratnagiri,GEN,Ratnagiri,true,Maharashtra 46-Ratnagiri -Sindhudurg
27-46,27-267,Maharashtra,46,Ratnagiri -Sindhudurg,267,Rajapur,GEN,Ratnagiri,true,Maharashtra 46-Ratnagiri -Sindhudurg
27-46,27-268,Maharashtra,46,Ratnagiri -Sindhudurg,268,Kankavli,GEN,Ratnagiri,true,Maharashtra 46-Ratnagiri -Sindhudurg
27-46,27-269,Maharashtra,46,Ratnagiri -Sindhudurg,269,Kudal,GEN,Ratnagiri,true,Maharashtra 46-Ratnagiri -Sindhudurg
27-46,27-270,Maharashtra,46,Ratnagiri -Sindhudurg,270,Sawantwadi,GEN,Ratnagiri,true,Maharashtra 46-Ratnagiri -Sindhudurg
27-47,27-271,Maharashtra,47,Kolhapur,271,Chandgad,GEN,Kolhapur,true,Maharashtra 47-Kolhapur
27-47,27-272,Maharashtra,47,Kolhapur,272,Radhanagari,GEN,Kolhapur,true,Maharashtra 47-Kolhapur
27-47,27-273,Maharashtra,47,Kolhapur,273,Kagal,GEN,Kolhapur,true,Maharashtra 47-Kolhapur
27-47,27-274,Maharashtra,47,Kolhapur,274,Kolhapur South,GEN,Kolhapur,true,Maharashtra 47-Kolhapur
27-47,27-275,Maharashtra,47,Kolhapur,275,Karvir,GEN,Kolhapur,true,Maharashtra 47-Kolhapur
27-47,27-276,Maharashtra,47,Kolhapur,276,Kolhapur North,GEN,Kolhapur,true,Maharashtra 47-Kolhapur
27-48,27-277,Maharashtra,48,Hatkanangle,277,Shahuwadi,GEN,Kolhapur,true,Maharashtra 48-Hatkanangle
27-48,27-278,Maharashtra,48,Hatkanangle,278,Hatkanangle,SC,Kolhapur,true,Maharashtra 48-Hatkanangle
27-48,27-279,Maharashtra,48,Hatkanangle,279,Ichalkaranji,GEN,Kolhapur,true,Maharashtra 48-Hatkanangle
27-48,27-280,Maharashtra,48,Hatkanangle,280,Shirol,GEN,Kolhapur,true,Maharashtra 48-Hatkanangle
27-48,27-283,Maharashtra,48,Hatkanangle,283,Islampur,GEN,Sangli,true,Maharashtra 48-Hatkanangle
27-48,27-284,Maharashtra,48,Hatkanangle,284,Shirala,GEN,Sangli,true,Maharashtra 48-Hatkanangle
14-1,14-1,Manipur,1,Inner Manipur,1,Khundrakpam,GEN,Manipur Central,true,Manipur 1-Inner Manipur
14-1,14-2,Manipur,1,Inner Manipur,2,Heingang,GEN,Manipur Central,true,Manipur 1-Inner Manipur
14-1,14-3,Manipur,1,Inner Manipur,3,Khurai,GEN,Manipur Central,true,Manipur 1-Inner Manipur
14-1,14-4,Manipur,1,Inner Manipur,4,Khetrigao,GEN,Manipur Central,true,Manipur 1-Inner Manipur
14-1,14-5,Manipur,1,Inner Manipur,5,Thongju,GEN,Manipur Central,true,Manipur 1-Inner Manipur
14-1,14-6,Manipur,1,Inner Manipur,6,Keirao,GEN,Manipur Central,true,Manipur 1-Inner Manipur
14-1,14-7,Manipur,1,Inner Manipur,7,Andro,GEN,Manipur Central,true,Manipur 1-Inner Manipur
14-1,14-8,Manipur,1,Inner Manipur,8,Lamlai,GEN,Manipur Central,true,Manipur 1-Inner Manipur
14-1,14-9,Manipur,1,Inner Manipur,9,Thangmeiband,GEN,Manipur Central,true,Manipur 1-Inner Manipur
14-1,14-10,Manipur,1,Inner Manipur,10,Uripok,GEN,Manipur Central,true,Manipur 1-Inner Manipur
14-1,14-11,Manipur,1,Inner Manipur,11,Sagolband,GEN,Manipur Central,true,Manipur 1-Inner Manipur
14-1,14-12,Manipur,1,Inner Manipur,12,Keisamthong,GEN,Manipur Central,true,Manipur 1-Inner Manipur
14-1,14-13,Manipur,1,Inner Manipur,13,Singjamei,GEN,Manipur Central,true,Manipur 1-Inner Manipur
14-1,14-14,Manipur,1,Inner Manipur,14,Yaiskul,GEN,Manipur Central,true,Manipur 1-Inner Manipur
14-1,14-15,Manipur,1,Inner Manipur,15,Wangkhei,GEN,Manipur Central,true,Manipur 1-Inner Manipur
14-1,14-16,Manipur,1,Inner Manipur,16,Sekmai,SC,Manipur Central,true,Manipur 1-Inner Manipur
14-1,14-17,Manipur,1,Inner Manipur,17,Lamsang,GEN,Manipur Central,true,Manipur 1-Inner Manipur
14-1,14-18,Manipur,1,Inner Manipur,18,Konthoujam,GEN,Manipur Central,true,Manipur 1-Inner Manipur
14-1,14-19,Manipur,1,Inner Manipur,19,Patsoi,GEN,Manipur Central,true,Manipur 1-Inner Manipur
14-1,14-20,Manipur,1,Inner Manipur,20,Langthabal,GEN,Manipur Central,true,Manipur 1-Inner Manipur
14-1,14-21,Manipur,1,Inner Manipur,21,Naoriya Pakhanglakpa,GEN,Manipur Central,,
14-1,14-22,Manipur,1,Inner Manipur,22,Wangoi,GEN,Manipur Central,true,Manipur 1-Inner Manipur
14-1,14-23,Manipur,1,Inner Manipur,23,Mayang Imphal,GEN,Manipur Central,true,Manipur 1-Inner Manipur
14-1,14-24,Manipur,1,Inner Manipur,24,Nambol,GEN,Manipur Central,true,Manipur 1-Inner Manipur
14-1,14-25,Manipur,1,Inner Manipur,25,Oinam,GEN,Manipur Central,true,Manipur 1-Inner Manipur
14-1,14-26,Manipur,1,Inner Manipur,26,Bishenpur,GEN,Manipur Central,true,Manipur 1-Inner Manipur
14-1,14-27,Manipur,1,Inner Manipur,27,Moirang,GEN,Manipur Central,true,Manipur 1-Inner Manipur
14-1,14-28,Manipur,1,Inner Manipur,28,Thanga,GEN,Manipur Central,true,Manipur 1-Inner Manipur
14-1,14-29,Manipur,1,Inner Manipur,29,Kumbi,GEN,Manipur Central,true,Manipur 1-Inner Manipur
14-1,14-30,Manipur,1,Inner Manipur,30,Lilong,GEN,Manipur Central,true,Manipur 1-Inner Manipur
14-1,14-31,Manipur,1,Inner Manipur,31,Thoubal,GEN,Manipur Central,true,Manipur 1-Inner Manipur
14-1,14-32,Manipur,1,Inner Manipur,32,Wangkhem,GEN,Manipur Central,true,Manipur 1-Inner Manipur
14-2,14-33,Manipur,2,Outer Manipur,33,Heirok,GEN,Manipur Central,true,Manipur 2-Outer Manipur
14-2,14-34,Manipur,2,Outer Manipur,34,Wanging Tentha,GEN,Manipur Central,,
14-2,14-35,Manipur,2,Outer Manipur,35,Khangabok,GEN,Manipur Central,,
14-2,14-36,Manipur,2,Outer Manipur,36,Wabgai,GEN,Manipur Central,true,Manipur 2-Outer Manipur
14-2,14-37,Manipur,2,Outer Manipur,37,Kakch:ng,GEN,Manipur Central,,
14-2,14-38,Manipur,2,Outer Manipur,38,Hiyanglam,GEN,Manipur Central,true,Manipur 2-Outer Manipur
14-2,14-39,Manipur,2,Outer Manipur,39,Sugnoo,GEN,Manipur Central,true,Manipur 2-Outer Manipur
14-2,14-40,Manipur,2,Outer Manipur,40,Jiribam,GEN,Manipur Central,true,Manipur 2-Outer Manipur
14-2,14-41,Manipur,2,Outer Manipur,41,Chandel,ST,Manipur Central,true,Manipur 2-Outer Manipur
14-2,14-42,Manipur,2,Outer Manipur,42,Tengnoupal,ST,Manipur Central,true,Manipur 2-Outer Manipur
14-2,14-43,Manipur,2,Outer Manipur,43,Phungyar,ST,Manipur East,true,Manipur 2-Outer Manipur
14-2,14-44,Manipur,2,Outer Manipur,44,Ukhrul,ST,Manipur East,true,Manipur 2-Outer Manipur
14-2,14-45,Manipur,2,Outer Manipur,45,Chingai,ST,Manipur East,true,Manipur 2-Outer Manipur
14-2,14-46,Manipur,2,Outer Manipur,46,Saikul,ST,Manipur North,true,Manipur 2-Outer Manipur
14-2,14-47,Manipur,2,Outer Manipur,47,Karong,ST,Manipur North,true,Manipur 2-Outer Manipur
14-2,14-48,Manipur,2,Outer Manipur,48,Mao,ST,Manipur North,true,Manipur 2-Outer Manipur
14-2,14-49,Manipur,2,Outer Manipur,49,Tadubi,ST,Manipur North,true,Manipur 2-Outer Manipur
14-2,14-50,Manipur,2,Outer Manipur,50,Kangpokpi,GEN,Manipur North,true,Manipur 2-Outer Manipur
14-2,14-51,Manipur,2,Outer Manipur,51,Saitu,ST,Manipur North,true,Manipur 2-Outer Manipur
14-2,14-52,Manipur,2,Outer Manipur,52,Tamei,ST,Manipur West,true,Manipur 2-Outer Manipur
14-2,14-53,Manipur,2,Outer Manipur,53,Tamenglong,ST,Manipur West,true,Manipur 2-Outer Manipur
14-2,14-54,Manipur,2,Outer Manipur,54,Nungba,ST,Manipur West,true,Manipur 2-Outer Manipur
14-2,14-55,Manipur,2,Outer Manipur,55,Tipaimukh,ST,Manipur South,true,Manipur 2-Outer Manipur
14-2,14-56,Manipur,2,Outer Manipur,56,Thanlon,ST,Manipur South,true,Manipur 2-Outer Manipur
14-2,14-57,Manipur,2,Outer Manipur,57,Henglep,ST,Manipur South,true,Manipur 2-Outer Manipur
14-2,14-58,Manipur,2,Outer Manipur,58,Churachandpur,ST,Manipur South,true,Manipur 2-Outer Manipur
14-2,14-59,Manipur,2,Outer Manipur,59,Saikot,ST,Manipur South,true,Manipur 2-Outer Manipur
14-2,14-60,Manipur,2,Outer Manipur,60,Singhat,ST,Manipur South,true,Manipur 2-Outer Manipur
17-1,17-1,Meghalaya,1,Shillong,1,Nartiang,ST,Jaintia Hills,true,Meghalaya 1-Shillong
17-1,17-2,Meghalaya,1,Shillong,2,Jowai,ST,Jaintia Hills,true,Meghalaya 1-Shillong
17-1,17-3,Meghalaya,1,Shillong,3,Raliang,ST,Jaintia Hills,true,Meghalaya 1-Shillong
17-1,17-4,Meghalaya,1,Shillong,4,Mowkaiaw,ST,Jaintia Hills,true,Meghalaya 1-Shillong
17-1,17-5,Meghalaya,1,Shillong,5,Sutnga-Saipung,ST,Jaintia Hills,true,Meghalaya 1-Shillong
17-1,17-6,Meghalaya,1,Shillong,6,Khliehriat,ST,Jaintia Hills,true,Meghalaya 1-Shillong
17-1,17-7,Meghalaya,1,Shillong,7,Amlarem,ST,Jaintia Hills,true,Meghalaya 1-Shillong
17-1,17-8,Meghalaya,1,Shillong,8,Mawhati,ST,Ribhoi,true,Meghalaya 1-Shillong
17-1,17-9,Meghalaya,1,Shillong,9,Nongpoh,ST,Ribhoi,true,Meghalaya 1-Shillong
17-1,17-10,Meghalaya,1,Shillong,10,Jirang,ST,Ribhoi,true,Meghalaya 1-Shillong
17-1,17-11,Meghalaya,1,Shillong,11,Umsning,ST,Ribhoi,true,Meghalaya 1-Shillong
17-1,17-12,Meghalaya,1,Shillong,12,Umroi,ST,Ribhoi,true,Meghalaya 1-Shillong
17-1,17-13,Meghalaya,1,Shillong,13,Mawryngkneng,ST,East Khasi Hills,true,Meghalaya 1-Shillong
17-1,17-14,Meghalaya,1,Shillong,14,Pynthorumkhrah,GEN,East Khasi Hills,true,Meghalaya 1-Shillong
17-1,17-15,Meghalaya,1,Shillong,15,Mawlai,ST,East Khasi Hills,true,Meghalaya 1-Shillong
17-1,17-16,Meghalaya,1,Shillong,16,East Shillong,ST,East Khasi Hills,true,Meghalaya 1-Shillong
17-1,17-17,Meghalaya,1,Shillong,17,North Shillong,ST,East Khasi Hills,true,Meghalaya 1-Shillong
17-1,17-18,Meghalaya,1,Shillong,18,West Shillong,GEN,East Khasi Hills,true,Meghalaya 1-Shillong
17-1,17-19,Meghalaya,1,Shillong,19,South Shillong,GEN,East Khasi Hills,true,Meghalaya 1-Shillong
17-1,17-20,Meghalaya,1,Shillong,20,Mylliem,ST,East Khasi Hills,true,Meghalaya 1-Shillong
17-1,17-21,Meghalaya,1,Shillong,21,Nongthymmai,ST,East Khasi Hills,true,Meghalaya 1-Shillong
17-1,17-22,Meghalaya,1,Shillong,22,Nongkrem,ST,East Khasi Hills,true,Meghalaya 1-Shillong
17-1,17-23,Meghalaya,1,Shillong,23,Sohiong,ST,East Khasi Hills,,
17-1,17-24,Meghalaya,1,Shillong,24,Mawphlang,ST,East Khasi Hills,true,Meghalaya 1-Shillong
17-1,17-25,Meghalaya,1,Shillong,25,Mawsynram,ST,East Khasi Hills,true,Meghalaya 1-Shillong
17-1,17-26,Meghalaya,1,Shillong,26,Shella,ST,East Khasi Hills,true,Meghalaya 1-Shillong
17-1,17-27,Meghalaya,1,Shillong,27,Pynursla,ST,East Khasi Hills,true,Meghalaya 1-Shillong
17-1,17-28,Meghalaya,1,Shillong,28,Sohra,ST,East Khasi Hills,true,Meghalaya 1-Shillong
17-1,17-29,Meghalaya,1,Shillong,29,Mawkynrew,ST,East Khasi Hills,true,Meghalaya 1-Shillong
17-1,17-30,Meghalaya,1,Shillong,30,Mairang,ST,West Khasi Hills,true,Meghalaya 1-Shillong
17-1,17-31,Meghalaya,1,Shillong,31,Mawthadraishan,ST,West Khasi Hills,true,Meghalaya 1-Shillong
17-1,17-32,Meghalaya,1,Shillong,32,Nongstoin,ST,West Khasi Hills,true,Meghalaya 1-Shillong
17-1,17-33,Meghalaya,1,Shillong,33,Rambrai Jyrngam,ST,West Khasi Hills,,
17-1,17-34,Meghalaya,1,Shillong,34,Mawshynrut,ST,West Khasi Hills,true,Meghalaya 1-Shillong
17-1,17-35,Meghalaya,1,Shillong,35,Ranikor,ST,West Khasi Hills,true,Meghalaya 1-Shillong
17-1,17-36,Meghalaya,1,Shillong,36,Mawkyrwat,ST,West Khasi Hills,true,Meghalaya 1-Shillong
17-2,17-37,Meghalaya,2,Tura,37,Kharkutta,ST,East Garo Hills,true,Meghalaya 2-Tura
17-2,17-38,Meghalaya,2,Tura,38,Mendipathar,ST,East Garo Hills,true,Meghalaya 2-Tura
17-2,17-39,Meghalaya,2,Tura,39,Resubelpara,ST,East Garo Hills,true,Meghalaya 2-Tura
17-2,17-40,Meghalaya,2,Tura,40,Bajengdoba,ST,East Garo Hills,true,Meghalaya 2-Tura
17-2,17-41,Meghalaya,2,Tura,41,Songsak,ST,East Garo Hills,true,Meghalaya 2-Tura
17-2,17-42,Meghalaya,2,Tura,42,Rongjeng,ST,East Garo Hills,true,Meghalaya 2-Tura
17-2,17-43,Meghalaya,2,Tura,43,William Nagar,ST,East Garo Hills,true,Meghalaya 2-Tura
17-2,17-44,Meghalaya,2,Tura,44,Raksamgre,ST,West Garo Hills,true,Meghalaya 2-Tura
17-2,17-45,Meghalaya,2,Tura,45,Tikrikila,ST,West Garo Hills,true,Meghalaya 2-Tura
17-2,17-46,Meghalaya,2,Tura,46,Phulbari,GEN,West Garo Hills,true,Meghalaya 2-Tura
17-2,17-47,Meghalaya,2,Tura,47,Rajabala,GEN,West Garo Hills,true,Meghalaya 2-Tura
17-2,17-48,Meghalaya,2,Tura,48,Selsella,ST,West Garo Hills,true,Meghalaya 2-Tura
17-2,17-49,Meghalaya,2,Tura,49,Dadenggre,ST,West Garo Hills,true,Meghalaya 2-Tura
17-2,17-50,Meghalaya,2,Tura,50,North Tura,ST,West Garo Hills,true,Meghalaya 2-Tura
17-2,17-51,Meghalaya,2,Tura,51,SouthTura,ST,West Garo Hills,true,Meghalaya 2-Tura
17-2,17-52,Meghalaya,2,Tura,52,Rangsakona,ST,West Garo Hills,true,Meghalaya 2-Tura
17-2,17-53,Meghalaya,2,Tura,53,Ampati,ST,West Garo Hills,,
17-2,17-54,Meghalaya,2,Tura,54,Mahendraganj,ST,West Garo Hills,true,Meghalaya 2-Tura
17-2,17-55,Meghalaya,2,Tura,55,Salmanpara,ST,West Garo Hills,true,Meghalaya 2-Tura
17-2,17-56,Meghalaya,2,Tura,56,Gambegre,ST,West Garo Hills,true,Meghalaya 2-Tura
17-2,17-57,Meghalaya,2,Tura,57,Dalu,ST,West Garo Hills,true,Meghalaya 2-Tura
17-2,17-58,Meghalaya,2,Tura,58,Rongara-Siju,ST,South Garo Hills,true,Meghalaya 2-Tura
17-2,17-59,Meghalaya,2,Tura,59,Chokpot,ST,South Garo Hills,true,Meghalaya 2-Tura
17-2,17-60,Meghalaya,2,Tura,60,Baghmara,ST,South Garo Hills,true,Meghalaya 2-Tura
15-1,15-1,Mizoram,1,Mizoram,1,Hachhek (ST),GEN,Mamit,true,Mizoram 1-Mizoram
15-1,15-2,Mizoram,1,Mizoram,2,Dampa (ST),GEN,Mamit,true,Mizoram 1-Mizoram
15-1,15-3,Mizoram,1,Mizoram,3,Mamit (ST),GEN,Mamit,true,Mizoram 1-Mizoram
15-1,15-4,Mizoram,1,Mizoram,4,Tuirial (ST),GEN,Kolasib,true,Mizoram 1-Mizoram
15-1,15-5,Mizoram,1,Mizoram,5,Kolasib (ST),GEN,Kolasib,true,Mizoram 1-Mizoram
15-1,15-6,Mizoram,1,Mizoram,6,Serlui (ST),GEN,Kolasib,true,Mizoram 1-Mizoram
15-1,15-7,Mizoram,1,Mizoram,7,Tuivawl (ST),GEN,Aizawl,true,Mizoram 1-Mizoram
15-1,15-8,Mizoram,1,Mizoram,8,Chalfilh (ST),GEN,Aizawl,true,Mizoram 1-Mizoram
15-1,15-9,Mizoram,1,Mizoram,9,Tawi (ST),GEN,Aizawl,true,Mizoram 1-Mizoram
15-1,15-10,Mizoram,1,Mizoram,10,Aizawl North-I (ST),GEN,Aizawl,true,Mizoram 1-Mizoram
15-1,15-11,Mizoram,1,Mizoram,11,Aizawl North-II (ST),GEN,Aizawl,,
15-1,15-12,Mizoram,1,Mizoram,12,Aizawl North-III (ST),GEN,Aizawl,,
15-1,15-13,Mizoram,1,Mizoram,13,Aizawl East-I,GEN,Aizawl,true,Mizoram 1-Mizoram
15-1,15-14,Mizoram,1,Mizoram,14,Aizawl East-II (ST),GEN,Aizawl,true,Mizoram 1-Mizoram
15-1,15-15,Mizoram,1,Mizoram,15,Aizawl West-I (ST),GEN,Aizawl,true,Mizoram 1-Mizoram
15-1,15-16,Mizoram,1,Mizoram,16,Aizawl West-II (ST),GEN,Aizawl,true,Mizoram 1-Mizoram
15-1,15-17,Mizoram,1,Mizoram,17,Aizawl West-III (ST),GEN,Aizawl,,
15-1,15-18,Mizoram,1,Mizoram,18,Aizawl South-I (ST),GEN,Aizawl,true,Mizoram 1-Mizoram
15-1,15-19,Mizoram,1,Mizoram,19,Aizawl South-II (ST),GEN,Aizawl,,
15-1,15-20,Mizoram,1,Mizoram,20,Aizawl South-III (ST),GEN,Aizawl,,
15-1,15-21,Mizoram,1,Mizoram,21,"Lengteng (ST) Villages Teikhang, Hliappui, Hliappui 'S', Changzawl, Pawlrang, Saichal Kawlbem, N.E Khawdungsei, Khawkawn and Chiahpui in Ngopa R. D. Block; and Villages Dulte, Vanchengpui, Puilo, Chhawrtui Vankal and Kawlkulh in Khawzawl R. D. Block",GEN,Champhai,,
15-1,15-22,Mizoram,1,Mizoram,22,Tuichang (ST),GEN,Champhai,true,Mizoram 1-Mizoram
15-1,15-23,Mizoram,1,Mizoram,23,Champhai North (ST),GEN,Champhai,true,Mizoram 1-Mizoram
15-1,15-24,Mizoram,1,Mizoram,24,Champhai South (ST),GEN,Champhai,true,Mizoram 1-Mizoram
15-1,15-25,Mizoram,1,Mizoram,25,East Tuipui (ST),GEN,Champhai,true,Mizoram 1-Mizoram
15-1,15-26,Mizoram,1,Mizoram,26,Serchhip (ST),GEN,Serchhip,true,Mizoram 1-Mizoram
15-1,15-27,Mizoram,1,Mizoram,27,Tuikum (ST),GEN,Serchhip,true,Mizoram 1-Mizoram
15-1,15-28,Mizoram,1,Mizoram,28,Hrangturzo (ST),GEN,Serchhip,true,Mizoram 1-Mizoram
15-1,15-29,Mizoram,1,Mizoram,29,South Tuipui (ST),GEN,Lunglei,true,Mizoram 1-Mizoram
15-1,15-30,Mizoram,1,Mizoram,30,Lunglei North (ST),GEN,Lunglei,true,Mizoram 1-Mizoram
15-1,15-31,Mizoram,1,Mizoram,31,Lunglei East (ST),GEN,Lunglei,true,Mizoram 1-Mizoram
15-1,15-32,Mizoram,1,Mizoram,32,Lunglei West (ST),GEN,Lunglei,true,Mizoram 1-Mizoram
15-1,15-33,Mizoram,1,Mizoram,33,Lunglei South (ST),GEN,Lunglei,true,Mizoram 1-Mizoram
15-1,15-34,Mizoram,1,Mizoram,34,Thorang (ST),GEN,Lunglei,true,Mizoram 1-Mizoram
15-1,15-35,Mizoram,1,Mizoram,35,West Tuipui (ST),GEN,Lunglei,true,Mizoram 1-Mizoram
15-1,15-36,Mizoram,1,Mizoram,36,Tuichawng (ST),GEN,Lawngtlai,true,Mizoram 1-Mizoram
15-1,15-37,Mizoram,1,Mizoram,37,Lawngtlai West (ST),GEN,Lawngtlai,true,Mizoram 1-Mizoram
15-1,15-38,Mizoram,1,Mizoram,38,Lawngtlai East (ST),GEN,Lawngtlai,true,Mizoram 1-Mizoram
15-1,15-39,Mizoram,1,Mizoram,39,Saiha (ST),GEN,Saiha,true,Mizoram 1-Mizoram
15-1,15-40,Mizoram,1,Mizoram,40,Palak (ST),GEN,Saiha,true,Mizoram 1-Mizoram
13-1,13-1,Nagaland,1,Nagaland,1,Dimapur-I,GEN,Kohima,true,Nagaland 1-Nagaland
13-1,13-2,Nagaland,1,Nagaland,2,Dimapur-II (ST),GEN,Kohima,true,Nagaland 1-Nagaland
13-1,13-3,Nagaland,1,Nagaland,3,Dimapur-III (ST),GEN,Kohima,true,Nagaland 1-Nagaland
13-1,13-4,Nagaland,1,Nagaland,4,Ghaspani-I (ST),GEN,Kohima,true,Nagaland 1-Nagaland
13-1,13-5,Nagaland,1,Nagaland,5,Ghaspani-II (ST),GEN,Kohima,true,Nagaland 1-Nagaland
13-1,13-6,Nagaland,1,Nagaland,6,Tenning (ST),GEN,Kohima,true,Nagaland 1-Nagaland
13-1,13-7,Nagaland,1,Nagaland,7,peren (ST),GEN,Kohima,true,Nagaland 1-Nagaland
13-1,13-8,Nagaland,1,Nagaland,8,Western Angami (ST),GEN,Kohima,true,Nagaland 1-Nagaland
13-1,13-9,Nagaland,1,Nagaland,9,Kohima Town (ST),GEN,Kohima,true,Nagaland 1-Nagaland
13-1,13-10,Nagaland,1,Nagaland,10,Northern Angami-I (ST),GEN,Kohima,true,Nagaland 1-Nagaland
13-1,13-11,Nagaland,1,Nagaland,11,Northern Angami-II (ST),GEN,Kohima,true,Nagaland 1-Nagaland
13-1,13-12,Nagaland,1,Nagaland,12,Tseminyu (ST),GEN,Kohima,true,Nagaland 1-Nagaland
13-1,13-13,Nagaland,1,Nagaland,13,Pughoboto (ST),GEN,Kohima,true,Nagaland 1-Nagaland
13-1,13-14,Nagaland,1,Nagaland,14,Southern Angami-I (ST),GEN,Kohima,true,Nagaland 1-Nagaland
13-1,13-15,Nagaland,1,Nagaland,15,Southern Angami-II (ST),GEN,Kohima,true,Nagaland 1-Nagaland
13-1,13-16,Nagaland,1,Nagaland,16,Pfutsero (ST),GEN,Phek,true,Nagaland 1-Nagaland
13-1,13-17,Nagaland,1,Nagaland,17,Chizami (ST),GEN,Phek,true,Nagaland 1-Nagaland
13-1,13-18,Nagaland,1,Nagaland,18,Chazouba (ST),GEN,Phek,true,Nagaland 1-Nagaland
13-1,13-19,Nagaland,1,Nagaland,19,Phek (ST),GEN,Phek,true,Nagaland 1-Nagaland
13-1,13-20,Nagaland,1,Nagaland,20,Meluri (ST),GEN,Phek,true,Nagaland 1-Nagaland
13-1,13-21,Nagaland,1,Nagaland,21,Tuli (ST),GEN,Mokokchung,true,Nagaland 1-Nagaland
13-1,13-22,Nagaland,1,Nagaland,22,Arkakong (ST),GEN,Mokokchung,true,Nagaland 1-Nagaland
13-1,13-23,Nagaland,1,Nagaland,23,Impur (ST),GEN,Mokokchung,true,Nagaland 1-Nagaland
13-1,13-24,Nagaland,1,Nagaland,24,Angetyongpang (ST),GEN,Mokokchung,true,Nagaland 1-Nagaland
13-1,13-25,Nagaland,1,Nagaland,25,Monguya,GEN,Mokokchung,true,Nagaland 1-Nagaland
13-1,13-26,Nagaland,1,Nagaland,26,Aonglenden,GEN,Mokokchung,true,Nagaland 1-Nagaland
13-1,13-27,Nagaland,1,Nagaland,27,Mokokchung Town,GEN,Mokokchung,true,Nagaland 1-Nagaland
13-1,13-28,Nagaland,1,Nagaland,28,Koridang (ST),GEN,Mokokchung,true,Nagaland 1-Nagaland
13-1,13-29,Nagaland,1,Nagaland,29,Jangpetkong (ST),GEN,Mokokchung,true,Nagaland 1-Nagaland
13-1,13-30,Nagaland,1,Nagaland,30,Alungtaki (ST),GEN,Mokokchung,true,Nagaland 1-Nagaland
13-1,13-31,Nagaland,1,Nagaland,31,Akuluto (ST),GEN,Zunheboto,true,Nagaland 1-Nagaland
13-1,13-32,Nagaland,1,Nagaland,32,Atoizu (ST),GEN,Zunheboto,true,Nagaland 1-Nagaland
13-1,13-33,Nagaland,1,Nagaland,33,Suruhuto (ST),GEN,Zunheboto,true,Nagaland 1-Nagaland
13-1,13-34,Nagaland,1,Nagaland,34,Aghunato (ST),GEN,Zunheboto,true,Nagaland 1-Nagaland
13-1,13-35,Nagaland,1,Nagaland,35,Zunheboto (ST),GEN,Zunheboto,true,Nagaland 1-Nagaland
13-1,13-36,Nagaland,1,Nagaland,36,Satakha (ST),GEN,Zunheboto,true,Nagaland 1-Nagaland
13-1,13-37,Nagaland,1,Nagaland,37,Tyui (ST),GEN,Wokha,true,Nagaland 1-Nagaland
13-1,13-38,Nagaland,1,Nagaland,38,wokha (ST),GEN,Wokha,true,Nagaland 1-Nagaland
13-1,13-39,Nagaland,1,Nagaland,39,Sanis (ST),GEN,Wokha,true,Nagaland 1-Nagaland
13-1,13-40,Nagaland,1,Nagaland,40,Bhandari (ST),GEN,Wokha,true,Nagaland 1-Nagaland
13-1,13-41,Nagaland,1,Nagaland,41,Tizit (ST),GEN,Mon,true,Nagaland 1-Nagaland
13-1,13-42,Nagaland,1,Nagaland,42,Wakching (ST),GEN,Mon,true,Nagaland 1-Nagaland
13-1,13-43,Nagaland,1,Nagaland,43,Tapi (ST),GEN,Mon,true,Nagaland 1-Nagaland
13-1,13-44,Nagaland,1,Nagaland,44,Phomching (ST),GEN,Mon,true,Nagaland 1-Nagaland
13-1,13-45,Nagaland,1,Nagaland,45,Tehok (ST),GEN,Mon,true,Nagaland 1-Nagaland
13-1,13-46,Nagaland,1,Nagaland,46,Mon Town (ST),GEN,Mon,true,Nagaland 1-Nagaland
13-1,13-47,Nagaland,1,Nagaland,47,Aboi (ST),GEN,Mon,true,Nagaland 1-Nagaland
13-1,13-48,Nagaland,1,Nagaland,48,Moka (ST),GEN,Tuensang,true,Nagaland 1-Nagaland
13-1,13-49,Nagaland,1,Nagaland,49,Tamlu (ST),GEN,Tuensang,true,Nagaland 1-Nagaland
13-1,13-50,Nagaland,1,Nagaland,50,Longleng (ST),GEN,Tuensang,true,Nagaland 1-Nagaland
13-1,13-51,Nagaland,1,Nagaland,51,Noksen (ST),GEN,Tuensang,true,Nagaland 1-Nagaland
13-1,13-52,Nagaland,1,Nagaland,52,Longkhim Chare (ST),GEN,Tuensang,true,Nagaland 1-Nagaland
13-1,13-53,Nagaland,1,Nagaland,53,Tuensang Sadar-I (ST),GEN,Tuensang,true,Nagaland 1-Nagaland
13-1,13-54,Nagaland,1,Nagaland,54,Tuensang Sadar-II (ST),GEN,Tuensang,true,Nagaland 1-Nagaland
13-1,13-55,Nagaland,1,Nagaland,55,Tobu (ST),GEN,Tuensang,true,Nagaland 1-Nagaland
13-1,13-56,Nagaland,1,Nagaland,56,Noklak (ST),GEN,Tuensang,true,Nagaland 1-Nagaland
13-1,13-57,Nagaland,1,Nagaland,57,Thonoknyu (ST),GEN,Tuensang,true,Nagaland 1-Nagaland
13-1,13-58,Nagaland,1,Nagaland,58,Shamtorr-Chessore (ST),GEN,Tuensang,true,Nagaland 1-Nagaland
13-1,13-59,Nagaland,1,Nagaland,59,Siyuchong-Sitimi (ST),GEN,Tuensang,true,Nagaland 1-Nagaland
13-1,13-60,Nagaland,1,Nagaland,60,"Pungro-Kiphire (ST) Note. - Any reference in this Table to a district, sub-division, town circle village or other territorial division shall be taken to mean the area comprised within that district, sub-division, town, circle, village or other territorial division on 1 The above Order for the State of Nagaland is as per the details included in Constitueucies Order, 1976 for the State of Nagaland",GEN,Tuensang,,
21-1,21-1,Odisha,1,Bargarh,1,Padampur,GEN,Bargarh,true,Odisha 1-Bargarh
21-1,21-2,Odisha,1,Bargarh,2,Bijepur,GEN,Bargarh,true,Odisha 1-Bargarh
21-1,21-3,Odisha,1,Bargarh,3,Bargarh,GEN,Bargarh,true,Odisha 1-Bargarh
21-1,21-4,Odisha,1,Bargarh,4,Attabira,SC,Bargarh,true,Odisha 1-Bargarh
21-1,21-5,Odisha,1,Bargarh,5,Bhatli,GEN,Bargarh,true,Odisha 1-Bargarh
21-1,21-6,Odisha,1,Bargarh,6,Brajarajnagar,GEN,Jharsuguda,true,Odisha 1-Bargarh
21-1,21-7,Odisha,1,Bargarh,7,Jharsuguda,GEN,Jharsuguda,true,Odisha 1-Bargarh
21-2,21-8,Odisha,2,Sundargarh,8,Talsara,ST,Sundargarh,true,Odisha 2-Sundargarh
21-2,21-9,Odisha,2,Sundargarh,9,Sundargarh,ST,Sundargarh,true,Odisha 2-Sundargarh
21-2,21-10,Odisha,2,Sundargarh,10,Biramitrapur,ST,Sundargarh,true,Odisha 2-Sundargarh
21-2,21-11,Odisha,2,Sundargarh,11,Raghunathpali,SC,Sundargarh,true,Odisha 2-Sundargarh
21-2,21-12,Odisha,2,Sundargarh,12,Rourkela,GEN,Sundargarh,true,Odisha 2-Sundargarh
21-2,21-13,Odisha,2,Sundargarh,13,Rajgangapur,ST,Sundargarh,,
21-2,21-14,Odisha,2,Sundargarh,14,Bonai,ST,Sundargarh,true,Odisha 2-Sundargarh
21-3,21-15,Odisha,3,Sambalpur,15,Kuchinda,ST,Sambalpur,true,Odisha 3-Sambalpur
21-3,21-16,Odisha,3,Sambalpur,16,Rengali,SC,Sambalpur,true,Odisha 3-Sambalpur
21-3,21-17,Odisha,3,Sambalpur,17,Sambalpur,GEN,Sambalpur,true,Odisha 3-Sambalpur
21-3,21-18,Odisha,3,Sambalpur,18,Rairakhol,GEN,Sambalpur,true,Odisha 3-Sambalpur
21-3,21-19,Odisha,3,Sambalpur,19,Deogarh,GEN,Deogarh,true,Odisha 3-Sambalpur
21-3,21-62,Odisha,3,Sambalpur,62,Chhendipada,SC,Angul,true,Odisha 3-Sambalpur
21-3,21-63,Odisha,3,Sambalpur,63,Athamallik,GEN,Angul,true,Odisha 3-Sambalpur
21-4,21-20,Odisha,4,Keonjhar,20,Telkoi,ST,Keonjhar,true,Odisha 4-Keonjhar
21-4,21-21,Odisha,4,Keonjhar,21,Ghasipura,GEN,Keonjhar,true,Odisha 4-Keonjhar
21-4,21-22,Odisha,4,Keonjhar,22,Anandapur,SC,Keonjhar,true,Odisha 4-Keonjhar
21-4,21-23,Odisha,4,Keonjhar,23,Patna,ST,Keonjhar,true,Odisha 4-Keonjhar
21-4,21-24,Odisha,4,Keonjhar,24,Keonjhar,ST,Keonjhar,true,Odisha 4-Keonjhar
21-4,21-25,Odisha,4,Keonjhar,25,Champua,GEN,Keonjhar,true,Odisha 4-Keonjhar
21-4,21-30,Odisha,4,Keonjhar,30,Karanjia,ST,Mayurbhanj,true,Odisha 4-Keonjhar
21-5,21-26,Odisha,5,Mayurbhanj,26,Jashipur,ST,Mayurbhanj,true,Odisha 5-Mayurbhanj
21-5,21-27,Odisha,5,Mayurbhanj,27,Saraskana,ST,Mayurbhanj,true,Odisha 5-Mayurbhanj
21-5,21-28,Odisha,5,Mayurbhanj,28,Rairangpur,ST,Mayurbhanj,true,Odisha 5-Mayurbhanj
21-5,21-29,Odisha,5,Mayurbhanj,29,Bangriposi,ST,Mayurbhanj,true,Odisha 5-Mayurbhanj
21-5,21-31,Odisha,5,Mayurbhanj,31,Udala,ST,Mayurbhanj,true,Odisha 5-Mayurbhanj
21-5,21-33,Odisha,5,Mayurbhanj,33,Baripada,ST,Mayurbhanj,true,Odisha 5-Mayurbhanj
21-5,21-34,Odisha,5,Mayurbhanj,34,Morada,GEN,Mayurbhanj,true,Odisha 5-Mayurbhanj
21-6,21-32,Odisha,6,Balasore,32,Badasahi,SC,Mayurbhanj,true,Odisha 6-Balasore
21-6,21-35,Odisha,6,Balasore,35,Jaleswar,GEN,Balasore,true,Odisha 6-Balasore
21-6,21-36,Odisha,6,Balasore,36,Bhograi,GEN,Balasore,true,Odisha 6-Balasore
21-6,21-37,Odisha,6,Balasore,37,Basta,GEN,Balasore,true,Odisha 6-Balasore
21-6,21-38,Odisha,6,Balasore,38,Balasore,GEN,Balasore,true,Odisha 6-Balasore
21-6,21-39,Odisha,6,Balasore,39,Remuna,SC,Balasore,true,Odisha 6-Balasore
21-6,21-40,Odisha,6,Balasore,40,Nilgiri,GEN,Balasore,true,Odisha 6-Balasore
21-7,21-41,Odisha,7,Bhadrak,41,Soro,SC,Balasore,true,Odisha 7-Bhadrak
21-7,21-42,Odisha,7,Bhadrak,42,Simulia,GEN,Balasore,true,Odisha 7-Bhadrak
21-7,21-43,Odisha,7,Bhadrak,43,Bhandaripokhari,GEN,Bhadrak,true,Odisha 7-Bhadrak
21-7,21-44,Odisha,7,Bhadrak,44,Bhadrak,GEN,Bhadrak,true,Odisha 7-Bhadrak
21-7,21-45,Odisha,7,Bhadrak,45,Basudevpur,GEN,Bhadrak,true,Odisha 7-Bhadrak
21-7,21-46,Odisha,7,Bhadrak,46,Dhamnagar,SC,Bhadrak,true,Odisha 7-Bhadrak
21-7,21-47,Odisha,7,Bhadrak,47,Chandabali,GEN,Bhadrak,true,Odisha 7-Bhadrak
21-8,21-48,Odisha,8,Jajpur,48,Binjharpur,SC,Jajpur,true,Odisha 8-Jajpur
21-8,21-49,Odisha,8,Jajpur,49,Bari,GEN,Jajpur,true,Odisha 8-Jajpur
21-8,21-50,Odisha,8,Jajpur,50,Barachana,GEN,Jajpur,true,Odisha 8-Jajpur
21-8,21-51,Odisha,8,Jajpur,51,Dharmasala,GEN,Jajpur,true,Odisha 8-Jajpur
21-8,21-52,Odisha,8,Jajpur,52,Jajpur,GEN,Jajpur,true,Odisha 8-Jajpur
21-8,21-53,Odisha,8,Jajpur,53,Korei,GEN,Jajpur,true,Odisha 8-Jajpur
21-8,21-54,Odisha,8,Jajpur,54,Sukinda,GEN,Jajpur,true,Odisha 8-Jajpur
21-9,21-55,Odisha,9,Dhenkanal,55,Dhenkanal,GEN,Dhenkanal,true,Odisha 9-Dhenkanal
21-9,21-56,Odisha,9,Dhenkanal,56,Hindol,SC,Dhenkanal,true,Odisha 9-Dhenkanal
21-9,21-57,Odisha,9,Dhenkanal,57,Kamakhyanagar,GEN,Dhenkanal,true,Odisha 9-Dhenkanal
21-9,21-58,Odisha,9,Dhenkanal,58,Parjanga,GEN,Dhenkanal,true,Odisha 9-Dhenkanal
21-9,21-59,Odisha,9,Dhenkanal,59,Pallahara,GEN,Angul,true,Odisha 9-Dhenkanal
21-9,21-60,Odisha,9,Dhenkanal,60,Talcher,GEN,Angul,true,Odisha 9-Dhenkanal
21-9,21-61,Odisha,9,Dhenkanal,61,Angul,GEN,Angul,true,Odisha 9-Dhenkanal
21-10,21-64,Odisha,10,Bolangir,64,Birmaharajpur,SC,Subarnapur,true,Odisha 10-Bolangir
21-10,21-65,Odisha,10,Bolangir,65,Sonepur,GEN,Subarnapur,true,Odisha 10-Bolangir
21-10,21-66,Odisha,10,Bolangir,66,Loisingha,SC,Bolangir,true,Odisha 10-Bolangir
21-10,21-67,Odisha,10,Bolangir,67,Patnagarh,GEN,Bolangir,true,Odisha 10-Bolangir
21-10,21-68,Odisha,10,Bolangir,68,Bolangir,GEN,Bolangir,true,Odisha 10-Bolangir
21-10,21-69,Odisha,10,Bolangir,69,Titlagarh,GEN,Bolangir,true,Odisha 10-Bolangir
21-10,21-70,Odisha,10,Bolangir,70,Kantabanji,GEN,Bolangir,true,Odisha 10-Bolangir
21-11,21-71,Odisha,11,Kalahandi,71,Nuapada,GEN,Nuapada,true,Odisha 11-Kalahandi
21-11,21-72,Odisha,11,Kalahandi,72,Khariar,GEN,Nuapada,true,Odisha 11-Kalahandi
21-11,21-77,Odisha,11,Kalahandi,77,Lanjigarh,ST,Kalahandi,true,Odisha 11-Kalahandi
21-11,21-78,Odisha,11,Kalahandi,78,Junagarh,GEN,Kalahandi,true,Odisha 11-Kalahandi
21-11,21-79,Odisha,11,Kalahandi,79,Dharmgarh,GEN,Kalahandi,true,Odisha 11-Kalahandi
21-11,21-80,Odisha,11,Kalahandi,80,Bhawanipatna,SC,Kalahandi,true,Odisha 11-Kalahandi
21-11,21-81,Odisha,11,Kalahandi,81,Narla,GEN,Kalahandi,true,Odisha 11-Kalahandi
21-12,21-73,Odisha,12,Nabarangpur,73,Umarkote,ST,Nabarangpur,,
21-12,21-74,Odisha,12,Nabarangpur,74,Jharigam,ST,Nabarangpur,true,Odisha 12-Nabarangpur
21-12,21-75,Odisha,12,Nabarangpur,75,Nabarangpur,ST,Nabarangpur,true,Odisha 12-Nabarangpur
21-12,21-76,Odisha,12,Nabarangpur,76,Dabugam,ST,Nabarangpur,true,Odisha 12-Nabarangpur
21-12,21-142,Odisha,12,Nabarangpur,142,kotpad,ST,Koraput,true,Odisha 12-Nabarangpur
21-12,21-146,Odisha,12,Nabarangpur,146,MALKANGIRI,ST,Malkangiri,true,Odisha 12-Nabarangpur
21-12,21-147,Odisha,12,Nabarangpur,147,chitrakonda,ST,Malkangiri,true,Odisha 12-Nabarangpur
21-13,21-82,Odisha,13,Kandhamal,82,Baliguda,ST,Kandhamal,true,Odisha 13-Kandhamal
21-13,21-83,Odisha,13,Kandhamal,83,G. Udayagiri,ST,Kandhamal,true,Odisha 13-Kandhamal
21-13,21-84,Odisha,13,Kandhamal,84,Phulbani,ST,Kandhamal,true,Odisha 13-Kandhamal
21-13,21-85,Odisha,13,Kandhamal,85,Kantamal,GEN,Boudh,true,Odisha 13-Kandhamal
21-13,21-86,Odisha,13,Kandhamal,86,Boudh,GEN,Boudh,true,Odisha 13-Kandhamal
21-13,21-121,Odisha,13,Kandhamal,121,Daspalla,SC,Nayagarh,true,Odisha 13-Kandhamal
21-13,21-123,Odisha,13,Kandhamal,123,Bhanjanagar,GEN,Ganjam,true,Odisha 13-Kandhamal
21-14,21-87,Odisha,14,Cuttack,87,Baramba,GEN,Cuttack,true,Odisha 14-Cuttack
21-14,21-88,Odisha,14,Cuttack,88,Banki,GEN,Cuttack,true,Odisha 14-Cuttack
21-14,21-89,Odisha,14,Cuttack,89,Athagarh,GEN,Cuttack,true,Odisha 14-Cuttack
21-14,21-90,Odisha,14,Cuttack,90,Barabati-Cuttack,GEN,Cuttack,true,Odisha 14-Cuttack
21-14,21-91,Odisha,14,Cuttack,91,Choudwar-Cuttack,GEN,Cuttack,true,Odisha 14-Cuttack
21-14,21-93,Odisha,14,Cuttack,93,Cuttack Sadar,SC,Cuttack,true,Odisha 14-Cuttack
21-14,21-120,Odisha,14,Cuttack,120,Khandapada,GEN,Nayagarh,true,Odisha 14-Cuttack
21-15,21-94,Odisha,15,Kendrapara,94,Salipur,GEN,Cuttack,true,Odisha 15-Kendrapara
21-15,21-95,Odisha,15,Kendrapara,95,Mahanga,GEN,Cuttack,true,Odisha 15-Kendrapara
21-15,21-96,Odisha,15,Kendrapara,96,Patkura,GEN,Kendrapara,true,Odisha 15-Kendrapara
21-15,21-97,Odisha,15,Kendrapara,97,Kendrapara,SC,Kendrapara,true,Odisha 15-Kendrapara
21-15,21-98,Odisha,15,Kendrapara,98,Aul,GEN,Kendrapara,true,Odisha 15-Kendrapara
21-15,21-99,Odisha,15,Kendrapara,99,Rajanagar,GEN,Kendrapara,true,Odisha 15-Kendrapara
21-15,21-100,Odisha,15,Kendrapara,100,Mahakalapada,GEN,Kendrapara,true,Odisha 15-Kendrapara
21-16,21-92,Odisha,16,Jagatsinghpur,92,Niali,SC,Cuttack,true,Odisha 16-Jagatsinghpur
21-16,21-101,Odisha,16,Jagatsinghpur,101,Paradeep,GEN,Jagatsinghpur,true,Odisha 16-Jagatsinghpur
21-16,21-102,Odisha,16,Jagatsinghpur,102,Tirtol,SC,Jagatsinghpur,true,Odisha 16-Jagatsinghpur
21-16,21-103,Odisha,16,Jagatsinghpur,103,Balikuda-Erasama,GEN,Jagatsinghpur,true,Odisha 16-Jagatsinghpur
21-16,21-104,Odisha,16,Jagatsinghpur,104,Jagatsinghpur,GEN,Jagatsinghpur,true,Odisha 16-Jagatsinghpur
21-16,21-105,Odisha,16,Jagatsinghpur,105,Kakatpur,SC,Puri,true,Odisha 16-Jagatsinghpur
21-16,21-106,Odisha,16,Jagatsinghpur,106,Nimapara,GEN,Puri,true,Odisha 16-Jagatsinghpur
21-17,21-107,Odisha,17,Puri,107,Puri,GEN,Puri,true,Odisha 17-Puri
21-17,21-108,Odisha,17,Puri,108,Brahmagiri,GEN,Puri,true,Odisha 17-Puri
21-17,21-109,Odisha,17,Puri,109,Satyabadi,GEN,Puri,true,Odisha 17-Puri
21-17,21-110,Odisha,17,Puri,110,Pipili,GEN,Puri,true,Odisha 17-Puri
21-17,21-118,Odisha,17,Puri,118,Chilika,GEN,Khurda,true,Odisha 17-Puri
21-17,21-119,Odisha,17,Puri,119,Ranpur,GEN,Nayagarh,true,Odisha 17-Puri
21-17,21-122,Odisha,17,Puri,122,Nayagarh,GEN,Nayagarh,true,Odisha 17-Puri
21-18,21-111,Odisha,18,Bhubaneswar,111,Jayadev,SC,Khurda,false,Odisha 17-Puri
21-18,21-112,Odisha,18,Bhubaneswar,112,Bhubaneswar Central (Madhya),GEN,Khurda,,
21-18,21-113,Odisha,18,Bhubaneswar,113,Bhubaneswar North (Uttar),GEN,Khurda,,
21-18,21-114,Odisha,18,Bhubaneswar,114,Ekamra-Bhubaneswar,GEN,Khurda,,
21-18,21-115,Odisha,18,Bhubaneswar,115,Jatani,GEN,Khurda,true,Odisha 18-Bhubaneswar
21-18,21-116,Odisha,18,Bhubaneswar,116,Begunia,GEN,Khurda,true,Odisha 18-Bhubaneswar
21-18,21-117,Odisha,18,Bhubaneswar,117,Khurda,GEN,Khurda,true,Odisha 18-Bhubaneswar
21-19,21-124,Odisha,19,Aska,124,Polasara,GEN,Ganjam,true,Odisha 19-Aska
21-19,21-125,Odisha,19,Aska,125,Kabisuryanagar,GEN,,true,Odisha 19-Aska
21-19,21-126,Odisha,19,Aska,126,Khalikote,SC,Ganjam,true,Odisha 19-Aska
21-19,21-128,Odisha,19,Aska,128,Aska,GEN,Ganjam,true,Odisha 19-Aska
21-19,21-129,Odisha,19,Aska,129,Surada,GEN,Ganjam,true,Odisha 19-Aska
21-19,21-130,Odisha,19,Aska,130,Sanakhemundi,GEN,Ganjam,true,Odisha 19-Aska
21-19,21-131,Odisha,19,Aska,131,Hinjili,GEN,Ganjam,true,Odisha 19-Aska
21-20,21-127,Odisha,20,Berhampur,127,Chhatrapur,SC,Ganjam,true,Odisha 20-Berhampur
21-20,21-132,Odisha,20,Berhampur,132,Gopalpur,GEN,Ganjam,true,Odisha 20-Berhampur
21-20,21-133,Odisha,20,Berhampur,133,Berhampur,GEN,Ganjam,true,Odisha 20-Berhampur
21-20,21-134,Odisha,20,Berhampur,134,Digapahandi,GEN,Ganjam,true,Odisha 20-Berhampur
21-20,21-135,Odisha,20,Berhampur,135,Chikiti,GEN,Ganjam,true,Odisha 20-Berhampur
21-20,21-136,Odisha,20,Berhampur,136,Mohana,ST,Gajapati,true,Odisha 20-Berhampur
21-20,21-137,Odisha,20,Berhampur,137,Paralakhemundi,GEN,,true,Odisha 20-Berhampur
21-21,21-138,Odisha,21,Koraput,138,Gunupur,ST,Rayagada,true,Odisha 21-Koraput
21-21,21-139,Odisha,21,Koraput,139,Bissam Cuttack,ST,Rayagada,true,Odisha 21-Koraput
21-21,21-140,Odisha,21,Koraput,140,Rayagada,ST,Rayagada,true,Odisha 21-Koraput
21-21,21-141,Odisha,21,Koraput,141,Laxmipur,ST,Koraput,,
21-21,21-143,Odisha,21,Koraput,143,Jeypore,GEN,Koraput,true,Odisha 21-Koraput
21-21,21-144,Odisha,21,Koraput,144,Koraput,SC,Koraput,true,Odisha 21-Koraput
21-21,21-145,Odisha,21,Koraput,145,Pottangi,ST,Koraput,true,Odisha 21-Koraput
34-1,34-1,Puducherry,1,Pondicherry,1,Mannadipet,GEN,Puducherry Region,true,Puducherry 1-Pondicherry
34-1,34-2,Puducherry,1,Pondicherry,2,Thirubhuvanai (SC),GEN,Puducherry Region,true,Puducherry 1-Pondicherry
34-1,34-3,Puducherry,1,Pondicherry,3,Oussudu (SC),GEN,Puducherry Region,true,Puducherry 1-Pondicherry
34-1,34-4,Puducherry,1,Pondicherry,4,Mangalam,GEN,Puducherry Region,true,Puducherry 1-Pondicherry
34-1,34-5,Puducherry,1,Pondicherry,5,Villianur,GEN,Puducherry Region,true,Puducherry 1-Pondicherry
34-1,34-6,Puducherry,1,Pondicherry,6,Ozhukarai,GEN,Puducherry Region,true,Puducherry 1-Pondicherry
34-1,34-7,Puducherry,1,Pondicherry,7,Kadirgamam,GEN,Puducherry Region,true,Puducherry 1-Pondicherry
34-1,34-8,Puducherry,1,Pondicherry,8,Indira Nagar,GEN,Puducherry Region,true,Puducherry 1-Pondicherry
34-1,34-9,Puducherry,1,Pondicherry,9,Thattanchavady,GEN,Puducherry Region,true,Puducherry 1-Pondicherry
34-1,34-10,Puducherry,1,Pondicherry,10,Kamraj Nagar,GEN,Puducherry Region,true,Puducherry 1-Pondicherry
34-1,34-11,Puducherry,1,Pondicherry,11,Lawspet,GEN,Puducherry Region,true,Puducherry 1-Pondicherry
34-1,34-12,Puducherry,1,Pondicherry,12,Kalapet,GEN,Puducherry Region,true,Puducherry 1-Pondicherry
34-1,34-13,Puducherry,1,Pondicherry,13,Muthialpet,GEN,Puducherry Region,true,Puducherry 1-Pondicherry
34-1,34-14,Puducherry,1,Pondicherry,14,Raj Bhavan,GEN,Puducherry Region,true,Puducherry 1-Pondicherry
34-1,34-15,Puducherry,1,Pondicherry,15,Oupalam,GEN,Puducherry Region,true,Puducherry 1-Pondicherry
34-1,34-16,Puducherry,1,Pondicherry,16,Orleampeth,GEN,Puducherry Region,true,Puducherry 1-Pondicherry
34-1,34-17,Puducherry,1,Pondicherry,17,Nellithope,GEN,Puducherry Region,true,Puducherry 1-Pondicherry
34-1,34-18,Puducherry,1,Pondicherry,18,Mudaliarpet,GEN,Puducherry Region,true,Puducherry 1-Pondicherry
34-1,34-19,Puducherry,1,Pondicherry,19,Ariankuppam,GEN,Puducherry Region,true,Puducherry 1-Pondicherry
34-1,34-20,Puducherry,1,Pondicherry,20,Manavely,GEN,Puducherry Region,true,Puducherry 1-Pondicherry
34-1,34-21,Puducherry,1,Pondicherry,21,Embalam (SC),GEN,Puducherry Region,true,Puducherry 1-Pondicherry
34-1,34-22,Puducherry,1,Pondicherry,22,Nettapakkam (SC),GEN,Puducherry Region,true,Puducherry 1-Pondicherry
34-1,34-23,Puducherry,1,Pondicherry,23,Bahour,GEN,Puducherry Region,true,Puducherry 1-Pondicherry
34-1,34-24,Puducherry,1,Pondicherry,24,Nedungadu (SC),GEN,Karaikal Region,true,Puducherry 1-Pondicherry
34-1,34-25,Puducherry,1,Pondicherry,25,Thirunallar,GEN,Karaikal Region,true,Puducherry 1-Pondicherry
34-1,34-26,Puducherry,1,Pondicherry,26,Karaikal North,GEN,Karaikal Region,true,Puducherry 1-Pondicherry
34-1,34-27,Puducherry,1,Pondicherry,27,Karaikal South,GEN,Karaikal Region,true,Puducherry 1-Pondicherry
34-1,34-28,Puducherry,1,Pondicherry,28,Neravy- T.R. Pattinam,GEN,Karaikal Region,,
34-1,34-29,Puducherry,1,Pondicherry,29,Mahe,GEN,Mahe Region,true,Puducherry 1-Pondicherry
34-1,34-30,Puducherry,1,Pondicherry,30,Yanam,GEN,Yanam Region,true,Puducherry 1-Pondicherry
3-1,3-1,Punjab,1,Gurdaspur,1,Sujanpur,GEN,Gurdaspur,true,Punjab 1-Gurdaspur
3-1,3-2,Punjab,1,Gurdaspur,2,Bhoa,SC,Gurdaspur,false,Jammu & Kashmir 4-Udhampur
3-1,3-3,Punjab,1,Gurdaspur,3,Pathankot,GEN,Gurdaspur,true,Punjab 1-Gurdaspur
3-1,3-4,Punjab,1,Gurdaspur,4,Gurdaspur,GEN,Gurdaspur,true,Punjab 1-Gurdaspur
3-1,3-5,Punjab,1,Gurdaspur,5,Dina Nagar,SC,Gurdaspur,true,Punjab 1-Gurdaspur
3-1,3-6,Punjab,1,Gurdaspur,6,Qadian,GEN,Gurdaspur,true,Punjab 1-Gurdaspur
3-1,3-7,Punjab,1,Gurdaspur,7,Batala,GEN,Gurdaspur,true,Punjab 1-Gurdaspur
3-1,3-9,Punjab,1,Gurdaspur,9,Fatehgarh Churian,GEN,Gurdaspur,true,Punjab 1-Gurdaspur
3-1,3-10,Punjab,1,Gurdaspur,10,Dera Baba Nanak,GEN,Gurdaspur,true,Punjab 1-Gurdaspur
3-2,3-11,Punjab,2,Amritsar,11,Ajnala,GEN,Amritsar,true,Punjab 2-Amritsar
3-2,3-12,Punjab,2,Amritsar,12,Raja Sansi,GEN,Amritsar,true,Punjab 2-Amritsar
3-2,3-13,Punjab,2,Amritsar,13,Majitha,GEN,Amritsar,true,Punjab 2-Amritsar
3-2,3-15,Punjab,2,Amritsar,15,Amritsar North,GEN,Amritsar,true,Punjab 2-Amritsar
3-2,3-16,Punjab,2,Amritsar,16,Amritsar West,SC,Amritsar,true,Punjab 2-Amritsar
3-2,3-17,Punjab,2,Amritsar,17,Amritsar Central,GEN,Amritsar,true,Punjab 2-Amritsar
3-2,3-18,Punjab,2,Amritsar,18,Amritsar East,GEN,Amritsar,true,Punjab 2-Amritsar
3-2,3-19,Punjab,2,Amritsar,19,Amristar South,GEN,Amritsar,,
3-2,3-20,Punjab,2,Amritsar,20,Attari,SC,Amritsar,true,Punjab 2-Amritsar
3-3,3-14,Punjab,3,Khadoor Sahib,14,Jandiala,SC,Amritsar,true,Punjab 3-Khadoor Sahib
3-3,3-21,Punjab,3,Khadoor Sahib,21,Tarn Taran,GEN,Amritsar,true,Punjab 3-Khadoor Sahib
3-3,3-22,Punjab,3,Khadoor Sahib,22,Khem Karan,GEN,Amritsar,true,Punjab 3-Khadoor Sahib
3-3,3-23,Punjab,3,Khadoor Sahib,23,Patti,GEN,Amritsar,true,Punjab 3-Khadoor Sahib
3-3,3-24,Punjab,3,Khadoor Sahib,24,Khadoor Sahib,GEN,Amritsar,true,Punjab 3-Khadoor Sahib
3-3,3-25,Punjab,3,Khadoor Sahib,25,Baba Bakala,SC,Amritsar,true,Punjab 3-Khadoor Sahib
3-3,3-27,Punjab,3,Khadoor Sahib,27,Kapurthala,GEN,Kapurthala,true,Punjab 3-Khadoor Sahib
3-3,3-28,Punjab,3,Khadoor Sahib,28,Sultanpur Lodhi,GEN,Kapurthala,true,Punjab 3-Khadoor Sahib
3-3,3-75,Punjab,3,Khadoor Sahib,75,Zira,GEN,Firozpur,true,Punjab 3-Khadoor Sahib
3-4,3-30,Punjab,4,Jalandhar,30,Phillaur,SC,Jalandhar,true,Punjab 4-Jalandhar
3-4,3-31,Punjab,4,Jalandhar,31,Nakodar,GEN,Jalandhar,true,Punjab 4-Jalandhar
3-4,3-32,Punjab,4,Jalandhar,32,Shahkot,GEN,Jalandhar,true,Punjab 4-Jalandhar
3-4,3-33,Punjab,4,Jalandhar,33,Kartarpur,SC,Jalandhar,true,Punjab 4-Jalandhar
3-4,3-34,Punjab,4,Jalandhar,34,Jalandhar West,SC,Jalandhar,true,Punjab 4-Jalandhar
3-4,3-35,Punjab,4,Jalandhar,35,Jalandhar Central,GEN,Jalandhar,true,Punjab 4-Jalandhar
3-4,3-36,Punjab,4,Jalandhar,36,Jalandhar North,GEN,Jalandhar,true,Punjab 4-Jalandhar
3-4,3-37,Punjab,4,Jalandhar,37,Jalandhar Cantt,GEN,Jalandhar,true,Punjab 4-Jalandhar
3-4,3-38,Punjab,4,Jalandhar,38,Adampur,SC,Jalandhar,true,Punjab 4-Jalandhar
3-5,3-8,Punjab,5,Hoshiarpur,8,Sri Hargobindpur,SC,Gurdaspur,,
3-5,3-26,Punjab,5,Hoshiarpur,26,Bholath,GEN,Kapurthala,true,Punjab 5-Hoshiarpur
3-5,3-29,Punjab,5,Hoshiarpur,29,Phagwara,SC,Kapurthala,true,Punjab 5-Hoshiarpur
3-5,3-39,Punjab,5,Hoshiarpur,39,Mukerian,GEN,Hoshiarpur,true,Punjab 5-Hoshiarpur
3-5,3-40,Punjab,5,Hoshiarpur,40,Dasuya,GEN,Hoshiarpur,true,Punjab 5-Hoshiarpur
3-5,3-41,Punjab,5,Hoshiarpur,41,Urmar,GEN,Hoshiarpur,true,Punjab 5-Hoshiarpur
3-5,3-42,Punjab,5,Hoshiarpur,42,Sham Chaurasi,SC,Hoshiarpur,true,Punjab 5-Hoshiarpur
3-5,3-43,Punjab,5,Hoshiarpur,43,Hoshiarpur,GEN,Hoshiarpur,true,Punjab 5-Hoshiarpur
3-5,3-44,Punjab,5,Hoshiarpur,44,Chabbewal,SC,Hoshiarpur,true,Punjab 5-Hoshiarpur
3-6,3-45,Punjab,6,Anandpur Sahib,45,Garhshankar,GEN,Hoshiarpur,true,Punjab 6-Anandpur Sahib
3-6,3-46,Punjab,6,Anandpur Sahib,46,Banga,SC,Nawan Shahr,true,Punjab 6-Anandpur Sahib
3-6,3-47,Punjab,6,Anandpur Sahib,47,Nawan Shahr,GEN,Nawan Shahr,true,Punjab 6-Anandpur Sahib
3-6,3-48,Punjab,6,Anandpur Sahib,48,Balachaur,GEN,Nawan Shahr,true,Punjab 6-Anandpur Sahib
3-6,3-49,Punjab,6,Anandpur Sahib,49,Anandpur Sahib,GEN,Rupnagar,true,Punjab 6-Anandpur Sahib
3-6,3-50,Punjab,6,Anandpur Sahib,50,Rupnagar,GEN,Rupnagar,true,Punjab 6-Anandpur Sahib
3-6,3-51,Punjab,6,Anandpur Sahib,51,Chamkaur Sahib,SC,Rupnagar,true,Punjab 6-Anandpur Sahib
3-6,3-52,Punjab,6,Anandpur Sahib,52,Kharar,GEN,Rupnagar,true,Punjab 6-Anandpur Sahib
3-6,3-53,Punjab,6,Anandpur Sahib,53,S.A.S. Nagar,GEN,Rupnagar,true,Punjab 6-Anandpur Sahib
3-7,3-60,Punjab,7,Ludhiana,60,Ludhiana East,GEN,Ludhiana,true,Punjab 7-Ludhiana
3-7,3-61,Punjab,7,Ludhiana,61,Ludhiana South,GEN,Ludhiana,true,Punjab 7-Ludhiana
3-7,3-62,Punjab,7,Ludhiana,62,Atam Nagar,GEN,Ludhiana,true,Punjab 7-Ludhiana
3-7,3-63,Punjab,7,Ludhiana,63,Ludhiana Central,GEN,Ludhiana,true,Punjab 7-Ludhiana
3-7,3-64,Punjab,7,Ludhiana,64,Ludhiana West,GEN,Ludhiana,true,Punjab 7-Ludhiana
3-7,3-65,Punjab,7,Ludhiana,65,Ludhiana North,GEN,Ludhiana,true,Punjab 7-Ludhiana
3-7,3-66,Punjab,7,Ludhiana,66,Gill,SC,Ludhiana,true,Punjab 7-Ludhiana
3-7,3-68,Punjab,7,Ludhiana,68,Dakha,GEN,Ludhiana,true,Punjab 7-Ludhiana
3-7,3-70,Punjab,7,Ludhiana,70,Jagraon,SC,Ludhiana,true,Punjab 7-Ludhiana
3-8,3-54,Punjab,8,Fatehgarh Sahib,54,Bassi Pathana,SC,Fatehgarh Sahib,true,Punjab 8-Fatehgarh Sahib
3-8,3-55,Punjab,8,Fatehgarh Sahib,55,Fatehgarh Sahib,GEN,Fatehgarh Sahib,true,Punjab 8-Fatehgarh Sahib
3-8,3-56,Punjab,8,Fatehgarh Sahib,56,Amloh,GEN,Fatehgarh Sahib,true,Punjab 8-Fatehgarh Sahib
3-8,3-57,Punjab,8,Fatehgarh Sahib,57,Khanna,GEN,Ludhiana,true,Punjab 8-Fatehgarh Sahib
3-8,3-58,Punjab,8,Fatehgarh Sahib,58,Samrala,GEN,Ludhiana,true,Punjab 8-Fatehgarh Sahib
3-8,3-59,Punjab,8,Fatehgarh Sahib,59,Sahnewal,GEN,Ludhiana,true,Punjab 8-Fatehgarh Sahib
3-8,3-67,Punjab,8,Fatehgarh Sahib,67,Payal,SC,Ludhiana,true,Punjab 8-Fatehgarh Sahib
3-8,3-69,Punjab,8,Fatehgarh Sahib,69,Raikot,SC,Ludhiana,true,Punjab 8-Fatehgarh Sahib
3-8,3-106,Punjab,8,Fatehgarh Sahib,106,Amargarh,GEN,Sangrur,true,Punjab 8-Fatehgarh Sahib
3-9,3-71,Punjab,9,Faridkot,71,Nihal Singhwala,SC,Moga,,
3-9,3-72,Punjab,9,Faridkot,72,Bhagha Purana,GEN,Moga,true,Punjab 9-Faridkot
3-9,3-73,Punjab,9,Faridkot,73,Moga,GEN,Moga,true,Punjab 9-Faridkot
3-9,3-74,Punjab,9,Faridkot,74,Dharamkot,GEN,Moga,true,Punjab 9-Faridkot
3-9,3-84,Punjab,9,Faridkot,84,Giddarbaha,GEN,Muktsar,,
3-9,3-87,Punjab,9,Faridkot,87,Faridkot,GEN,Faridkot,true,Punjab 9-Faridkot
3-9,3-88,Punjab,9,Faridkot,88,Kotkapura,GEN,Faridkot,true,Punjab 9-Faridkot
3-9,3-89,Punjab,9,Faridkot,89,Jaitu,SC,Faridkot,true,Punjab 9-Faridkot
3-9,3-90,Punjab,9,Faridkot,90,Rampura Phul,GEN,Bathinda,true,Punjab 9-Faridkot
3-10,3-76,Punjab,10,Firozpur,76,Firozpur City,GEN,Firozpur,true,Punjab 10-Firozpur
3-10,3-77,Punjab,10,Firozpur,77,Firozpur Rural,SC,Firozpur,true,Punjab 10-Firozpur
3-10,3-78,Punjab,10,Firozpur,78,Guru Har Sahai,GEN,Firozpur,true,Punjab 10-Firozpur
3-10,3-79,Punjab,10,Firozpur,79,Jalalabad,GEN,Firozpur,true,Punjab 10-Firozpur
3-10,3-80,Punjab,10,Firozpur,80,Fazilka,GEN,Firozpur,true,Punjab 10-Firozpur
3-10,3-81,Punjab,10,Firozpur,81,Abohar,GEN,Firozpur,true,Punjab 10-Firozpur
3-10,3-82,Punjab,10,Firozpur,82,Balluana,SC,Firozpur,true,Punjab 10-Firozpur
3-10,3-85,Punjab,10,Firozpur,85,Malout,SC,Muktsar,true,Punjab 10-Firozpur
3-10,3-86,Punjab,10,Firozpur,86,Muktsar,GEN,Muktsar,true,Punjab 10-Firozpur
3-11,3-83,Punjab,11,Bathinda,83,Lambi,GEN,Muktsar,true,Punjab 11-Bathinda
3-11,3-91,Punjab,11,Bathinda,91,Bhucho Mandi,SC,Bathinda,true,Punjab 11-Bathinda
3-11,3-92,Punjab,11,Bathinda,92,Bathinda Urban,GEN,Bathinda,true,Punjab 11-Bathinda
3-11,3-93,Punjab,11,Bathinda,93,Bathinda Rural,SC,Bathinda,true,Punjab 11-Bathinda
3-11,3-94,Punjab,11,Bathinda,94,Talwandi Sabo,GEN,Bathinda,true,Punjab 11-Bathinda
3-11,3-95,Punjab,11,Bathinda,95,Maur,GEN,Bathinda,true,Punjab 11-Bathinda
3-11,3-96,Punjab,11,Bathinda,96,Mansa,GEN,Mansa,true,Punjab 11-Bathinda
3-11,3-97,Punjab,11,Bathinda,97,Sardulgarh,GEN,Mansa,true,Punjab 11-Bathinda
3-11,3-98,Punjab,11,Bathinda,98,Budhlada,SC,Mansa,true,Punjab 11-Bathinda
3-12,3-99,Punjab,12,Sangrur,99,Lehra,GEN,Sangrur,true,Punjab 12-Sangrur
3-12,3-100,Punjab,12,Sangrur,100,Dirba,SC,Sangrur,true,Punjab 12-Sangrur
3-12,3-101,Punjab,12,Sangrur,101,Sunam,GEN,Sangrur,true,Punjab 12-Sangrur
3-12,3-102,Punjab,12,Sangrur,102,Bhadaur,SC,Sangrur,true,Punjab 12-Sangrur
3-12,3-103,Punjab,12,Sangrur,103,Barnala,GEN,Sangrur,true,Punjab 12-Sangrur
3-12,3-104,Punjab,12,Sangrur,104,Mehal Kalan,SC,Sangrur,true,Punjab 12-Sangrur
3-12,3-105,Punjab,12,Sangrur,105,Malerkotla,GEN,Sangrur,true,Punjab 12-Sangrur
3-12,3-107,Punjab,12,Sangrur,107,Dhuri,GEN,Sangrur,false,Punjab 13-Patiala
3-12,3-108,Punjab,12,Sangrur,108,Sangrur,GEN,Sangrur,false,Punjab 13-Patiala
3-13,3-109,Punjab,13,Patiala,109,Nabha,SC,Patiala,true,Punjab 13-Patiala
3-13,3-110,Punjab,13,Patiala,110,Patiala Rural,GEN,Patiala,true,Punjab 13-Patiala
3-13,3-111,Punjab,13,Patiala,111,Rajpura,GEN,Patiala,true,Punjab 13-Patiala
3-13,3-112,Punjab,13,Patiala,112,Dera Bassi,GEN,Patiala,true,Punjab 13-Patiala
3-13,3-113,Punjab,13,Patiala,113,Ghanaur,GEN,Patiala,true,Punjab 13-Patiala
3-13,3-114,Punjab,13,Patiala,114,Sanour,GEN,Patiala,true,Punjab 13-Patiala
3-13,3-115,Punjab,13,Patiala,115,Patiala,GEN,Patiala,true,Punjab 13-Patiala
3-13,3-116,Punjab,13,Patiala,116,Samana,GEN,Patiala,true,Punjab 13-Patiala
3-13,3-117,Punjab,13,Patiala,117,Shutrana,SC,Patiala,true,Punjab 13-Patiala
8-1,8-1,Rajasthan,1,Ganganagar,1,Sadulshahar,GEN,Ganganagar,true,Rajasthan 1-Ganganagar
8-1,8-2,Rajasthan,1,Ganganagar,2,Ganganagar,GEN,Ganganagar,true,Rajasthan 1-Ganganagar
8-1,8-3,Rajasthan,1,Ganganagar,3,Karanpur,GEN,Ganganagar,true,Rajasthan 1-Ganganagar
8-1,8-4,Rajasthan,1,Ganganagar,4,Suratgarh,GEN,Ganganagar,true,Rajasthan 1-Ganganagar
8-1,8-5,Rajasthan,1,Ganganagar,5,Raisinghnagar,SC,Ganganagar,true,Rajasthan 1-Ganganagar
8-1,8-7,Rajasthan,1,Ganganagar,7,Sangaria,GEN,Hanumangarh,true,Rajasthan 1-Ganganagar
8-1,8-8,Rajasthan,1,Ganganagar,8,Hanumangarh,GEN,Hanumangarh,true,Rajasthan 1-Ganganagar
8-1,8-9,Rajasthan,1,Ganganagar,9,Pilibanga,SC,Hanumangarh,true,Rajasthan 1-Ganganagar
8-2,8-6,Rajasthan,2,Bikaner,6,Anupgarh,SC,Ganganagar,true,Rajasthan 2-Bikaner
8-2,8-12,Rajasthan,2,Bikaner,12,Khajuwala,SC,Bikaner,true,Rajasthan 2-Bikaner
8-2,8-13,Rajasthan,2,Bikaner,13,Bikaner West,GEN,Bikaner,true,Rajasthan 2-Bikaner
8-2,8-14,Rajasthan,2,Bikaner,14,Bikaner East,GEN,Bikaner,true,Rajasthan 2-Bikaner
8-2,8-15,Rajasthan,2,Bikaner,15,Kolayat,GEN,Bikaner,true,Rajasthan 2-Bikaner
8-2,8-16,Rajasthan,2,Bikaner,16,Lunkaransar,GEN,Bikaner,true,Rajasthan 2-Bikaner
8-2,8-17,Rajasthan,2,Bikaner,17,Dungargarh,GEN,Bikaner,true,Rajasthan 2-Bikaner
8-2,8-18,Rajasthan,2,Bikaner,18,Nokha,GEN,Bikaner,true,Rajasthan 2-Bikaner
8-3,8-10,Rajasthan,3,Churu,10,Nohar,GEN,Hanumangarh,true,Rajasthan 3-Churu
8-3,8-11,Rajasthan,3,Churu,11,Bhadra,GEN,Hanumangarh,true,Rajasthan 3-Churu
8-3,8-19,Rajasthan,3,Churu,19,Sadulpur,GEN,Churu,true,Rajasthan 3-Churu
8-3,8-20,Rajasthan,3,Churu,20,Taranagar,GEN,Churu,true,Rajasthan 3-Churu
8-3,8-21,Rajasthan,3,Churu,21,Sardarshahar,GEN,Churu,true,Rajasthan 3-Churu
8-3,8-22,Rajasthan,3,Churu,22,Churu,GEN,Churu,true,Rajasthan 3-Churu
8-3,8-23,Rajasthan,3,Churu,23,Ratangarh,GEN,Churu,true,Rajasthan 3-Churu
8-3,8-24,Rajasthan,3,Churu,24,Sujangarh,SC,Churu,true,Rajasthan 3-Churu
8-4,8-25,Rajasthan,4,Jhunjhunu,25,Pilani,SC,Jhunjhunu,true,Rajasthan 4-Jhunjhunu
8-4,8-26,Rajasthan,4,Jhunjhunu,26,Surajgarh,GEN,Jhunjhunu,true,Rajasthan 4-Jhunjhunu
8-4,8-27,Rajasthan,4,Jhunjhunu,27,Jhunjhunu,GEN,Jhunjhunu,true,Rajasthan 4-Jhunjhunu
8-4,8-28,Rajasthan,4,Jhunjhunu,28,Mandawa,GEN,Jhunjhunu,true,Rajasthan 4-Jhunjhunu
8-4,8-29,Rajasthan,4,Jhunjhunu,29,Nawalgarh,GEN,Jhunjhunu,true,Rajasthan 4-Jhunjhunu
8-4,8-30,Rajasthan,4,Jhunjhunu,30,Udaipurwati,GEN,Jhunjhunu,true,Rajasthan 4-Jhunjhunu
8-4,8-31,Rajasthan,4,Jhunjhunu,31,Khetri,GEN,Jhunjhunu,true,Rajasthan 4-Jhunjhunu
8-4,8-32,Rajasthan,4,Jhunjhunu,32,Fatehpur,GEN,Sikar,true,Rajasthan 4-Jhunjhunu
8-5,8-33,Rajasthan,5,Sikar,33,Lachhmangarh,GEN,Sikar,true,Rajasthan 5-Sikar
8-5,8-34,Rajasthan,5,Sikar,34,Dhod,SC,Sikar,true,Rajasthan 5-Sikar
8-5,8-35,Rajasthan,5,Sikar,35,Sikar,GEN,Sikar,true,Rajasthan 5-Sikar
8-5,8-36,Rajasthan,5,Sikar,36,Danta Ramgarh,GEN,Sikar,true,Rajasthan 5-Sikar
8-5,8-37,Rajasthan,5,Sikar,37,Khandela,GEN,Sikar,true,Rajasthan 5-Sikar
8-5,8-38,Rajasthan,5,Sikar,38,Neem Ka Thana,GEN,Sikar,,
8-5,8-39,Rajasthan,5,Sikar,39,Srimadhopur,GEN,Sikar,true,Rajasthan 5-Sikar
8-5,8-43,Rajasthan,5,Sikar,43,Chomu,GEN,Jaipur,true,Rajasthan 5-Sikar
8-6,8-40,Rajasthan,6,Jaipur Rural,40,Kotputli,GEN,Jaipur,true,Rajasthan 6-Jaipur Rural
8-6,8-41,Rajasthan,6,Jaipur Rural,41,Viratnagar,GEN,Jaipur,true,Rajasthan 6-Jaipur Rural
8-6,8-42,Rajasthan,6,Jaipur Rural,42,Shahpura,GEN,Jaipur,true,Rajasthan 6-Jaipur Rural
8-6,8-44,Rajasthan,6,Jaipur Rural,44,Phulera,GEN,Jaipur,true,Rajasthan 6-Jaipur Rural
8-6,8-46,Rajasthan,6,Jaipur Rural,46,Jhotwara,GEN,Jaipur,true,Rajasthan 6-Jaipur Rural
8-6,8-47,Rajasthan,6,Jaipur Rural,47,Amber,GEN,Jaipur,true,Rajasthan 6-Jaipur Rural
8-6,8-48,Rajasthan,6,Jaipur Rural,48,Jamwa Ramgarh,ST,Jaipur,true,Rajasthan 6-Jaipur Rural
8-6,8-63,Rajasthan,6,Jaipur Rural,63,Bansur,GEN,Alwar,true,Rajasthan 6-Jaipur Rural
8-7,8-49,Rajasthan,7,Jaipur,49,Hawa Mahal,GEN,Jaipur,true,Rajasthan 7-Jaipur
8-7,8-50,Rajasthan,7,Jaipur,50,Vidhyadhar Nagar,GEN,Jaipur,true,Rajasthan 7-Jaipur
8-7,8-51,Rajasthan,7,Jaipur,51,Civil Lines,GEN,Jaipur,true,Rajasthan 7-Jaipur
8-7,8-52,Rajasthan,7,Jaipur,52,Kishan Pole,GEN,Jaipur,true,Rajasthan 7-Jaipur
8-7,8-53,Rajasthan,7,Jaipur,53,Adarsh Nagar,GEN,Jaipur,true,Rajasthan 7-Jaipur
8-7,8-54,Rajasthan,7,Jaipur,54,Malviya Nagar,GEN,Jaipur,true,Rajasthan 7-Jaipur
8-7,8-55,Rajasthan,7,Jaipur,55,Sanganer,GEN,Jaipur,true,Rajasthan 7-Jaipur
8-7,8-56,Rajasthan,7,Jaipur,56,Bagru,SC,Jaipur,true,Rajasthan 7-Jaipur
8-8,8-59,Rajasthan,8,Alwar,59,Tijara,GEN,Alwar,true,Rajasthan 8-Alwar
8-8,8-60,Rajasthan,8,Alwar,60,Kishangarh Bas,GEN,Alwar,true,Rajasthan 8-Alwar
8-8,8-61,Rajasthan,8,Alwar,61,Mundawar,GEN,Alwar,true,Rajasthan 8-Alwar
8-8,8-62,Rajasthan,8,Alwar,62,Behror,GEN,Alwar,true,Rajasthan 8-Alwar
8-8,8-65,Rajasthan,8,Alwar,65,Alwar Rural,SC,Alwar,false,Rajasthan 9-Bharatpur
8-8,8-66,Rajasthan,8,Alwar,66,Alwar Urban,GEN,Alwar,false,Rajasthan 9-Bharatpur
8-8,8-67,Rajasthan,8,Alwar,67,Ramgarh,GEN,Alwar,false,Rajasthan 9-Bharatpur
8-8,8-68,Rajasthan,8,Alwar,68,Rajgarh –Laxmangarh,ST,Alwar,false,Rajasthan 9-Bharatpur
8-9,8-69,Rajasthan,9,Bharatpur,69,Kathumar,SC,Alwar,true,Rajasthan 9-Bharatpur
8-9,8-70,Rajasthan,9,Bharatpur,70,Kaman,GEN,Bharatpur,true,Rajasthan 9-Bharatpur
8-9,8-71,Rajasthan,9,Bharatpur,71,Nagar,GEN,Bharatpur,true,Rajasthan 9-Bharatpur
8-9,8-72,Rajasthan,9,Bharatpur,72,Deeg – Kumher,GEN,Bharatpur,true,Rajasthan 9-Bharatpur
8-9,8-73,Rajasthan,9,Bharatpur,73,Bharatpur,GEN,Bharatpur,true,Rajasthan 9-Bharatpur
8-9,8-74,Rajasthan,9,Bharatpur,74,Nadbai,GEN,Bharatpur,true,Rajasthan 9-Bharatpur
8-9,8-75,Rajasthan,9,Bharatpur,75,Weir,SC,Bharatpur,true,Rajasthan 9-Bharatpur
8-9,8-76,Rajasthan,9,Bharatpur,76,Bayana,SC,Bharatpur,true,Rajasthan 9-Bharatpur
8-10,8-77,Rajasthan,10,Karauli -Dholpur,77,Baseri,SC,Dholpur,true,Rajasthan 10-Karauli -Dholpur
8-10,8-78,Rajasthan,10,Karauli -Dholpur,78,Bari,GEN,Dholpur,true,Rajasthan 10-Karauli -Dholpur
8-10,8-79,Rajasthan,10,Karauli -Dholpur,79,Dholpur,GEN,Dholpur,true,Rajasthan 10-Karauli -Dholpur
8-10,8-80,Rajasthan,10,Karauli -Dholpur,80,Rajakhera,GEN,Dholpur,true,Rajasthan 10-Karauli -Dholpur
8-10,8-81,Rajasthan,10,Karauli -Dholpur,81,Todabhim,ST,Karauli,true,Rajasthan 10-Karauli -Dholpur
8-10,8-82,Rajasthan,10,Karauli -Dholpur,82,Hindaun,SC,Karauli,true,Rajasthan 10-Karauli -Dholpur
8-10,8-83,Rajasthan,10,Karauli -Dholpur,83,Karauli,GEN,Karauli,true,Rajasthan 10-Karauli -Dholpur
8-10,8-84,Rajasthan,10,Karauli -Dholpur,84,Sapotra,ST,Karauli,true,Rajasthan 10-Karauli -Dholpur
8-11,8-57,Rajasthan,11,Dausa,57,Bassi,ST,Jaipur,true,Rajasthan 11-Dausa
8-11,8-58,Rajasthan,11,Dausa,58,Chaksu,SC,Jaipur,true,Rajasthan 11-Dausa
8-11,8-64,Rajasthan,11,Dausa,64,Thanagazi,GEN,Alwar,true,Rajasthan 11-Dausa
8-11,8-85,Rajasthan,11,Dausa,85,Bandikui,GEN,Dausa,true,Rajasthan 11-Dausa
8-11,8-86,Rajasthan,11,Dausa,86,Mahuwa,GEN,Dausa,true,Rajasthan 11-Dausa
8-11,8-87,Rajasthan,11,Dausa,87,Sikrai,SC,Dausa,true,Rajasthan 11-Dausa
8-11,8-88,Rajasthan,11,Dausa,88,Dausa,GEN,Dausa,true,Rajasthan 11-Dausa
8-11,8-89,Rajasthan,11,Dausa,89,Lalsot,ST,Dausa,true,Rajasthan 11-Dausa
8-12,8-90,Rajasthan,12,Tonk - Sawai Madhopur,90,Gangapur,GEN,Sawai Madhopur,true,Rajasthan 12-Tonk - Sawai Madhopur
8-12,8-91,Rajasthan,12,Tonk - Sawai Madhopur,91,Bamanwas,ST,Sawai Madhopur,true,Rajasthan 12-Tonk - Sawai Madhopur
8-12,8-92,Rajasthan,12,Tonk - Sawai Madhopur,92,Sawai Madhopur,GEN,Sawai Madhopur,true,Rajasthan 12-Tonk - Sawai Madhopur
8-12,8-93,Rajasthan,12,Tonk - Sawai Madhopur,93,Khandar,SC,Sawai Madhopur,true,Rajasthan 12-Tonk - Sawai Madhopur
8-12,8-94,Rajasthan,12,Tonk - Sawai Madhopur,94,Malpura,GEN,Tonk,true,Rajasthan 12-Tonk - Sawai Madhopur
8-12,8-95,Rajasthan,12,Tonk - Sawai Madhopur,95,Niwai,SC,Tonk,true,Rajasthan 12-Tonk - Sawai Madhopur
8-12,8-96,Rajasthan,12,Tonk - Sawai Madhopur,96,Tonk,GEN,Tonk,true,Rajasthan 12-Tonk - Sawai Madhopur
8-12,8-97,Rajasthan,12,Tonk - Sawai Madhopur,97,Deoli – Uniara,GEN,Tonk,true,Rajasthan 12-Tonk - Sawai Madhopur
8-13,8-45,Rajasthan,13,Ajmer,45,Dudu,SC,Jaipur,true,Rajasthan 13-Ajmer
8-13,8-98,Rajasthan,13,Ajmer,98,Kishangarh,GEN,Ajmer,true,Rajasthan 13-Ajmer
8-13,8-99,Rajasthan,13,Ajmer,99,Pushkar,GEN,Ajmer,true,Rajasthan 13-Ajmer
8-13,8-100,Rajasthan,13,Ajmer,100,Ajmer North,GEN,Ajmer,true,Rajasthan 13-Ajmer
8-13,8-101,Rajasthan,13,Ajmer,101,Ajmer South,SC,Ajmer,true,Rajasthan 13-Ajmer
8-13,8-102,Rajasthan,13,Ajmer,102,Nasirabad,GEN,Ajmer,true,Rajasthan 13-Ajmer
8-13,8-104,Rajasthan,13,Ajmer,104,Masuda,GEN,Ajmer,true,Rajasthan 13-Ajmer
8-13,8-105,Rajasthan,13,Ajmer,105,Kekri,GEN,Ajmer,true,Rajasthan 13-Ajmer
8-14,8-106,Rajasthan,14,Nagaur,106,Ladnun,GEN,Nagaur,true,Rajasthan 14-Nagaur
8-14,8-107,Rajasthan,14,Nagaur,107,Deedwana,GEN,Nagaur,true,Rajasthan 14-Nagaur
8-14,8-108,Rajasthan,14,Nagaur,108,Jayal,SC,Nagaur,true,Rajasthan 14-Nagaur
8-14,8-109,Rajasthan,14,Nagaur,109,Nagaur,GEN,Nagaur,true,Rajasthan 14-Nagaur
8-14,8-110,Rajasthan,14,Nagaur,110,Khinvsar,GEN,Nagaur,,
8-14,8-113,Rajasthan,14,Nagaur,113,Makrana,GEN,Nagaur,true,Rajasthan 14-Nagaur
8-14,8-114,Rajasthan,14,Nagaur,114,Parbatsar,GEN,Nagaur,true,Rajasthan 14-Nagaur
8-14,8-115,Rajasthan,14,Nagaur,115,Nawan,GEN,Nagaur,true,Rajasthan 14-Nagaur
8-15,8-117,Rajasthan,15,Pali,117,Sojat,SC,Pali,true,Rajasthan 15-Pali
8-15,8-118,Rajasthan,15,Pali,118,Pali,GEN,Pali,true,Rajasthan 15-Pali
8-15,8-119,Rajasthan,15,Pali,119,Marwar Junction,GEN,Pali,true,Rajasthan 15-Pali
8-15,8-120,Rajasthan,15,Pali,120,Bali,GEN,Pali,true,Rajasthan 15-Pali
8-15,8-121,Rajasthan,15,Pali,121,Sumerpur,GEN,Pali,true,Rajasthan 15-Pali
8-15,8-125,Rajasthan,15,Pali,125,Osian,GEN,Jodhpur,true,Rajasthan 15-Pali
8-15,8-126,Rajasthan,15,Pali,126,Bhopalgarh,SC,Jodhpur,true,Rajasthan 15-Pali
8-15,8-131,Rajasthan,15,Pali,131,Bilara,SC,Jodhpur,true,Rajasthan 15-Pali
8-16,8-122,Rajasthan,16,Jodhpur,122,Phalodi,GEN,Jodhpur,true,Rajasthan 16-Jodhpur
8-16,8-123,Rajasthan,16,Jodhpur,123,Lohawat,GEN,Jodhpur,true,Rajasthan 16-Jodhpur
8-16,8-124,Rajasthan,16,Jodhpur,124,Shergarh,GEN,Jodhpur,true,Rajasthan 16-Jodhpur
8-16,8-127,Rajasthan,16,Jodhpur,127,Sardarpura,GEN,Jodhpur,true,Rajasthan 16-Jodhpur
8-16,8-128,Rajasthan,16,Jodhpur,128,Jodhpur,GEN,Jodhpur,true,Rajasthan 16-Jodhpur
8-16,8-129,Rajasthan,16,Jodhpur,129,Soorsagar,GEN,Jodhpur,true,Rajasthan 16-Jodhpur
8-16,8-130,Rajasthan,16,Jodhpur,130,Luni,GEN,Jodhpur,true,Rajasthan 16-Jodhpur
8-16,8-133,Rajasthan,16,Jodhpur,133,Pokaran,GEN,Jaisalmer,true,Rajasthan 16-Jodhpur
8-17,8-132,Rajasthan,17,Barmer,132,Jaisalmer,GEN,Jaisalmer,true,Rajasthan 17-Barmer
8-17,8-134,Rajasthan,17,Barmer,134,Sheo,GEN,Barmer,true,Rajasthan 17-Barmer
8-17,8-135,Rajasthan,17,Barmer,135,Barmer,GEN,Barmer,true,Rajasthan 17-Barmer
8-17,8-136,Rajasthan,17,Barmer,136,Baytoo,GEN,Barmer,true,Rajasthan 17-Barmer
8-17,8-137,Rajasthan,17,Barmer,137,Pachpadra,GEN,Barmer,true,Rajasthan 17-Barmer
8-17,8-138,Rajasthan,17,Barmer,138,Siwana,GEN,Barmer,true,Rajasthan 17-Barmer
8-17,8-139,Rajasthan,17,Barmer,139,Gudha Malani,GEN,Barmer,true,Rajasthan 17-Barmer
8-17,8-140,Rajasthan,17,Barmer,140,Chohtan,SC,Barmer,true,Rajasthan 17-Barmer
8-18,8-141,Rajasthan,18,Jalore,141,Ahore,GEN,Jalore,true,Rajasthan 18-Jalore
8-18,8-142,Rajasthan,18,Jalore,142,Jalore,SC,Jalore,true,Rajasthan 18-Jalore
8-18,8-143,Rajasthan,18,Jalore,143,Bhinmal,GEN,Jalore,true,Rajasthan 18-Jalore
8-18,8-144,Rajasthan,18,Jalore,144,Sanchore,GEN,Jalore,true,Rajasthan 18-Jalore
8-18,8-145,Rajasthan,18,Jalore,145,Raniwara,GEN,Jalore,true,Rajasthan 18-Jalore
8-18,8-146,Rajasthan,18,Jalore,146,Sirohi,GEN,Sirohi,true,Rajasthan 18-Jalore
8-18,8-147,Rajasthan,18,Jalore,147,Pindwara-Abu,ST,Sirohi,true,Rajasthan 18-Jalore
8-18,8-148,Rajasthan,18,Jalore,148,Reodar,SC,Sirohi,true,Rajasthan 18-Jalore
8-19,8-149,Rajasthan,19,Udaipur,149,Gogunda,ST,Udaipur,true,Rajasthan 19-Udaipur
8-19,8-150,Rajasthan,19,Udaipur,150,Jhadol,ST,Udaipur,true,Rajasthan 19-Udaipur
8-19,8-151,Rajasthan,19,Udaipur,151,Kherwara,ST,Udaipur,true,Rajasthan 19-Udaipur
8-19,8-152,Rajasthan,19,Udaipur,152,Udaipur Rural,ST,Udaipur,true,Rajasthan 19-Udaipur
8-19,8-153,Rajasthan,19,Udaipur,153,Udaipur,GEN,Udaipur,true,Rajasthan 19-Udaipur
8-19,8-156,Rajasthan,19,Udaipur,156,Salumber,ST,Udaipur,true,Rajasthan 19-Udaipur
8-19,8-157,Rajasthan,19,Udaipur,157,Dhariawad,ST,Udaipur,true,Rajasthan 19-Udaipur
8-19,8-159,Rajasthan,19,Udaipur,159,Aspur,ST,Dungarpur,true,Rajasthan 19-Udaipur
8-20,8-158,Rajasthan,20,Banswara,158,Dungarpur,ST,Dungarpur,true,Rajasthan 20-Banswara
8-20,8-160,Rajasthan,20,Banswara,160,Sagwara,ST,Dungarpur,true,Rajasthan 20-Banswara
8-20,8-161,Rajasthan,20,Banswara,161,Chorasi,ST,Dungarpur,true,Rajasthan 20-Banswara
8-20,8-162,Rajasthan,20,Banswara,162,Ghatol,ST,Banswara,true,Rajasthan 20-Banswara
8-20,8-163,Rajasthan,20,Banswara,163,Garhi,ST,Banswara,true,Rajasthan 20-Banswara
8-20,8-164,Rajasthan,20,Banswara,164,Banswara,ST,Banswara,true,Rajasthan 20-Banswara
8-20,8-165,Rajasthan,20,Banswara,165,Bagidora,ST,Banswara,true,Rajasthan 20-Banswara
8-20,8-166,Rajasthan,20,Banswara,166,Kushalgarh,ST,Banswara,true,Rajasthan 20-Banswara
8-21,8-154,Rajasthan,21,Chittorgarh,154,Mavli,GEN,Udaipur,true,Rajasthan 21-Chittorgarh
8-21,8-155,Rajasthan,21,Chittorgarh,155,Vallabhnagar,GEN,Udaipur,true,Rajasthan 21-Chittorgarh
8-21,8-167,Rajasthan,21,Chittorgarh,167,Kapasan,SC,Chittorgarh,true,Rajasthan 21-Chittorgarh
8-21,8-168,Rajasthan,21,Chittorgarh,168,Begun,GEN,Chittorgarh,true,Rajasthan 21-Chittorgarh
8-21,8-169,Rajasthan,21,Chittorgarh,169,Chittorgarh,GEN,Chittorgarh,true,Rajasthan 21-Chittorgarh
8-21,8-170,Rajasthan,21,Chittorgarh,170,Nimbahera,GEN,Chittorgarh,true,Rajasthan 21-Chittorgarh
8-21,8-171,Rajasthan,21,Chittorgarh,171,Bari Sadri,GEN,Chittorgarh,true,Rajasthan 21-Chittorgarh
8-21,8-172,Rajasthan,21,Chittorgarh,172,Pratapgarh,ST,Chittorgarh,true,Rajasthan 21-Chittorgarh
8-22,8-103,Rajasthan,22,Rajsamand,103,Beawar,GEN,Ajmer,true,Rajasthan 22-Rajsamand
8-22,8-111,Rajasthan,22,Rajsamand,111,Merta,SC,Nagaur,true,Rajasthan 22-Rajsamand
8-22,8-112,Rajasthan,22,Rajsamand,112,Degana,GEN,Nagaur,true,Rajasthan 22-Rajsamand
8-22,8-116,Rajasthan,22,Rajsamand,116,Jaitaran,GEN,Pali,true,Rajasthan 22-Rajsamand
8-22,8-173,Rajasthan,22,Rajsamand,173,Bhim,GEN,Rajsamand,true,Rajasthan 22-Rajsamand
8-22,8-174,Rajasthan,22,Rajsamand,174,Kumbhalgarh,GEN,Rajsamand,true,Rajasthan 22-Rajsamand
8-22,8-175,Rajasthan,22,Rajsamand,175,Rajsamand,GEN,Rajsamand,true,Rajasthan 22-Rajsamand
8-22,8-176,Rajasthan,22,Rajsamand,176,Nathdwara,GEN,Rajsamand,true,Rajasthan 22-Rajsamand
8-23,8-177,Rajasthan,23,Bhilwara,177,Asind,GEN,Bhilwara,true,Rajasthan 23-Bhilwara
8-23,8-178,Rajasthan,23,Bhilwara,178,Mandal,GEN,Bhilwara,true,Rajasthan 23-Bhilwara
8-23,8-179,Rajasthan,23,Bhilwara,179,Sahara,GEN,Bhilwara,true,Rajasthan 23-Bhilwara
8-23,8-180,Rajasthan,23,Bhilwara,180,Bhilwara,GEN,Bhilwara,true,Rajasthan 23-Bhilwara
8-23,8-181,Rajasthan,23,Bhilwara,181,Shahpura,SC,Bhilwara,true,Rajasthan 23-Bhilwara
8-23,8-182,Rajasthan,23,Bhilwara,182,Jahazpur,GEN,Bhilwara,true,Rajasthan 23-Bhilwara
8-23,8-183,Rajasthan,23,Bhilwara,183,Mandalgarh,GEN,Bhilwara,true,Rajasthan 23-Bhilwara
8-23,8-184,Rajasthan,23,Bhilwara,184,Hindoli,GEN,Bundi,true,Rajasthan 23-Bhilwara
8-24,8-185,Rajasthan,24,Kota,185,Keshoraipatan,SC,Bundi,true,Rajasthan 24-Kota
8-24,8-186,Rajasthan,24,Kota,186,Bundi,GEN,Bundi,true,Rajasthan 24-Kota
8-24,8-187,Rajasthan,24,Kota,187,Pipalda,GEN,Kota,true,Rajasthan 24-Kota
8-24,8-188,Rajasthan,24,Kota,188,Sangod,GEN,Kota,true,Rajasthan 24-Kota
8-24,8-189,Rajasthan,24,Kota,189,Kota North,GEN,Kota,true,Rajasthan 24-Kota
8-24,8-190,Rajasthan,24,Kota,190,Kota South,GEN,Kota,true,Rajasthan 24-Kota
8-24,8-191,Rajasthan,24,Kota,191,Ladpura,GEN,Kota,true,Rajasthan 24-Kota
8-24,8-192,Rajasthan,24,Kota,192,Ramganj Mandi,SC,Kota,true,Rajasthan 24-Kota
8-25,8-193,Rajasthan,25,Jhalawar-Baran,193,Anta,GEN,Baran,true,Rajasthan 25-Jhalawar-Baran
8-25,8-194,Rajasthan,25,Jhalawar-Baran,194,Kishanganj,ST,Baran,true,Rajasthan 25-Jhalawar-Baran
8-25,8-195,Rajasthan,25,Jhalawar-Baran,195,Baran-Atru,SC,Baran,true,Rajasthan 25-Jhalawar-Baran
8-25,8-196,Rajasthan,25,Jhalawar-Baran,196,Chhabra,GEN,Baran,true,Rajasthan 25-Jhalawar-Baran
8-25,8-197,Rajasthan,25,Jhalawar-Baran,197,Dag,SC,Jhalawar,true,Rajasthan 25-Jhalawar-Baran
8-25,8-198,Rajasthan,25,Jhalawar-Baran,198,Jhalrapatan,GEN,Jhalawar,true,Rajasthan 25-Jhalawar-Baran
8-25,8-199,Rajasthan,25,Jhalawar-Baran,199,Khanpur,GEN,Jhalawar,true,Rajasthan 25-Jhalawar-Baran
8-25,8-200,Rajasthan,25,Jhalawar-Baran,200,Manohar Thana,GEN,Jhalawar,true,Rajasthan 25-Jhalawar-Baran
11-1,11-1,Sikkim,1,Sikkim,1,Yoksam- Tashiding (BL),GEN,West,true,Sikkim 1-Sikkim
11-1,11-2,Sikkim,1,Sikkim,2,Yangthang,GEN,West,true,Sikkim 1-Sikkim
11-1,11-3,Sikkim,1,Sikkim,3,Maneybung- Dentam,GEN,West,true,Sikkim 1-Sikkim
11-1,11-4,Sikkim,1,Sikkim,4,Gyalshing-Barnyak,GEN,West,true,Sikkim 1-Sikkim
11-1,11-5,Sikkim,1,Sikkim,5,Rinchenpong (BL),GEN,West,true,Sikkim 1-Sikkim
11-1,11-6,Sikkim,1,Sikkim,6,Daramdin (BL),GEN,West,true,Sikkim 1-Sikkim
11-1,11-7,Sikkim,1,Sikkim,7,Soreng-Chakung,GEN,West,,
11-1,11-8,Sikkim,1,Sikkim,8,Salghari-Zoom (SC),GEN,West,true,Sikkim 1-Sikkim
11-1,11-9,Sikkim,1,Sikkim,9,Barfung (BL),GEN,South,true,Sikkim 1-Sikkim
11-1,11-10,Sikkim,1,Sikkim,10,Poklok-Kamrang,GEN,South,true,Sikkim 1-Sikkim
11-1,11-11,Sikkim,1,Sikkim,11,Namchi- Singhithang,GEN,South,true,Sikkim 1-Sikkim
11-1,11-12,Sikkim,1,Sikkim,12,Melli,GEN,South,true,Sikkim 1-Sikkim
11-1,11-13,Sikkim,1,Sikkim,13,Namthang- Rateypani,GEN,South,true,Sikkim 1-Sikkim
11-1,11-14,Sikkim,1,Sikkim,14,Temi-Namphing,GEN,South,true,Sikkim 1-Sikkim
11-1,11-15,Sikkim,1,Sikkim,15,Rangang-Yangang,GEN,South,true,Sikkim 1-Sikkim
11-1,11-16,Sikkim,1,Sikkim,16,Tumen-Lingi (BL),GEN,South,true,Sikkim 1-Sikkim
11-1,11-17,Sikkim,1,Sikkim,17,Khamdong- Singtam,GEN,East,true,Sikkim 1-Sikkim
11-1,11-18,Sikkim,1,Sikkim,18,West Pendam (SC),GEN,East,true,Sikkim 1-Sikkim
11-1,11-19,Sikkim,1,Sikkim,19,Rhenock,GEN,East,true,Sikkim 1-Sikkim
11-1,11-20,Sikkim,1,Sikkim,20,Chujachen,GEN,East,true,Sikkim 1-Sikkim
11-1,11-21,Sikkim,1,Sikkim,21,Gnathang- Machong (BL),GEN,East,true,Sikkim 1-Sikkim
11-1,11-22,Sikkim,1,Sikkim,22,Namcheybung,GEN,East,true,Sikkim 1-Sikkim
11-1,11-23,Sikkim,1,Sikkim,23,Shyari (BL),GEN,East,true,Sikkim 1-Sikkim
11-1,11-24,Sikkim,1,Sikkim,24,Martam-Rumtek (BL),GEN,East,true,Sikkim 1-Sikkim
11-1,11-25,Sikkim,1,Sikkim,25,Upper Tadong,GEN,East,true,Sikkim 1-Sikkim
11-1,11-26,Sikkim,1,Sikkim,26,Arithang,GEN,East,true,Sikkim 1-Sikkim
11-1,11-27,Sikkim,1,Sikkim,27,Gangtok (BL),GEN,East,true,Sikkim 1-Sikkim
11-1,11-28,Sikkim,1,Sikkim,28,Upper Burtuk,GEN,East,true,Sikkim 1-Sikkim
11-1,11-29,Sikkim,1,Sikkim,29,Kabi Lungchuk (BL),GEN,North,true,Sikkim 1-Sikkim
11-1,11-30,Sikkim,1,Sikkim,30,Djongu (BL),GEN,North,true,Sikkim 1-Sikkim
11-1,11-31,Sikkim,1,Sikkim,31,Lachen Mangan (BL),GEN,North,true,Sikkim 1-Sikkim
33-1,33-1,Tamil Nadu,1,Tiruvallur,1,Gummidipoondi,GEN,Thiruvallur,true,Tamil Nadu 1-Tiruvallur
33-1,33-2,Tamil Nadu,1,Tiruvallur,2,Ponneri,SC,Thiruvallur,true,Tamil Nadu 1-Tiruvallur
33-1,33-4,Tamil Nadu,1,Tiruvallur,4,Tiruvallur,GEN,Thiruvallur,,
33-1,33-5,Tamil Nadu,1,Tiruvallur,5,Poonamallee,SC,Thiruvallur,true,Tamil Nadu 1-Tiruvallur
33-1,33-6,Tamil Nadu,1,Tiruvallur,6,Avadi,GEN,Thiruvallur,true,Tamil Nadu 1-Tiruvallur
33-1,33-9,Tamil Nadu,1,Tiruvallur,9,Madavaram,GEN,Thiruvallur,true,Tamil Nadu 1-Tiruvallur
33-2,33-10,Tamil Nadu,2,Chennai North,10,Tiruvottiyur,GEN,Thiruvallur,true,Tamil Nadu 2-Chennai North
33-2,33-11,Tamil Nadu,2,Chennai North,11,Dr.Radhakrishnan Nagar,GEN,Chennai,,
33-2,33-12,Tamil Nadu,2,Chennai North,12,Perambur,GEN,Chennai,true,Tamil Nadu 2-Chennai North
33-2,33-13,Tamil Nadu,2,Chennai North,13,Kolathur,GEN,Chennai,true,Tamil Nadu 2-Chennai North
33-2,33-15,Tamil Nadu,2,Chennai North,15,Thiru-Vi-Ka-Nagar,SC,Chennai,true,Tamil Nadu 2-Chennai North
33-2,33-17,Tamil Nadu,2,Chennai North,17,Royapuram,GEN,Chennai,true,Tamil Nadu 2-Chennai North
33-3,33-22,Tamil Nadu,3,Chennai South,22,Virugambakkam,GEN,Chennai,,
33-3,33-23,Tamil Nadu,3,Chennai South,23,Saidapet,GEN,Chennai,true,Tamil Nadu 3-Chennai South
33-3,33-24,Tamil Nadu,3,Chennai South,24,Thiyagarayanagar,GEN,Chennai,true,Tamil Nadu 3-Chennai South
33-3,33-25,Tamil Nadu,3,Chennai South,25,Mylapore,GEN,Chennai,true,Tamil Nadu 3-Chennai South
33-3,33-26,Tamil Nadu,3,Chennai South,26,Velachery,GEN,Chennai,true,Tamil Nadu 3-Chennai South
33-3,33-27,Tamil Nadu,3,Chennai South,27,Sholinganallur,GEN,Kancheepuram,,
33-4,33-14,Tamil Nadu,4,Chennai Central,14,Villivakkam,GEN,Chennai,true,Tamil Nadu 4-Chennai Central
33-4,33-16,Tamil Nadu,4,Chennai Central,16,Egmore,SC,Chennai,true,Tamil Nadu 4-Chennai Central
33-4,33-18,Tamil Nadu,4,Chennai Central,18,Harbour,GEN,Chennai,true,Tamil Nadu 4-Chennai Central
33-4,33-19,Tamil Nadu,4,Chennai Central,19,Chepauk-Thiruvallikeni,GEN,Chennai,,
33-4,33-20,Tamil Nadu,4,Chennai Central,20,Thousand Lights,GEN,Chennai,true,Tamil Nadu 4-Chennai Central
33-4,33-21,Tamil Nadu,4,Chennai Central,21,Anna Nagar,GEN,Chennai,true,Tamil Nadu 4-Chennai Central
33-5,33-7,Tamil Nadu,5,Sriperumbudur,7,Maduravoyal,GEN,Thiruvallur,true,Tamil Nadu 5-Sriperumbudur
33-5,33-8,Tamil Nadu,5,Sriperumbudur,8,Ambattur,GEN,Thiruvallur,true,Tamil Nadu 5-Sriperumbudur
33-5,33-28,Tamil Nadu,5,Sriperumbudur,28,Alandur,GEN,Kancheepuram,true,Tamil Nadu 5-Sriperumbudur
33-5,33-29,Tamil Nadu,5,Sriperumbudur,29,Sriperumbudur,SC,Kancheepuram,true,Tamil Nadu 5-Sriperumbudur
33-5,33-30,Tamil Nadu,5,Sriperumbudur,30,Pallavaram,GEN,Kancheepuram,true,Tamil Nadu 5-Sriperumbudur
33-5,33-31,Tamil Nadu,5,Sriperumbudur,31,Tambaram,GEN,Kancheepuram,true,Tamil Nadu 5-Sriperumbudur
33-6,33-32,Tamil Nadu,6,Kancheepuram,32,Chengalpattu,GEN,Kancheepuram,true,Tamil Nadu 6-Kancheepuram
33-6,33-33,Tamil Nadu,6,Kancheepuram,33,Thiruporur,GEN,Kancheepuram,true,Tamil Nadu 6-Kancheepuram
33-6,33-34,Tamil Nadu,6,Kancheepuram,34,Cheyyur,SC,Kancheepuram,true,Tamil Nadu 6-Kancheepuram
33-6,33-35,Tamil Nadu,6,Kancheepuram,35,Madurantakam,SC,Kancheepuram,true,Tamil Nadu 6-Kancheepuram
33-6,33-36,Tamil Nadu,6,Kancheepuram,36,Uthiramerur,GEN,Kancheepuram,true,Tamil Nadu 6-Kancheepuram
33-6,33-37,Tamil Nadu,6,Kancheepuram,37,Kancheepuram,GEN,Kancheepuram,true,Tamil Nadu 6-Kancheepuram
33-7,33-3,Tamil Nadu,7,Arakkonam,3,Tiruttani,GEN,Thiruvallur,true,Tamil Nadu 7-Arakkonam
33-7,33-38,Tamil Nadu,7,Arakkonam,38,Arakkonam,SC,Vellore,true,Tamil Nadu 7-Arakkonam
33-7,33-39,Tamil Nadu,7,Arakkonam,39,Sholingur,GEN,Vellore,true,Tamil Nadu 7-Arakkonam
33-7,33-40,Tamil Nadu,7,Arakkonam,40,Katpadi,GEN,Vellore,true,Tamil Nadu 7-Arakkonam
33-7,33-41,Tamil Nadu,7,Arakkonam,41,Ranipet,GEN,Vellore,true,Tamil Nadu 7-Arakkonam
33-7,33-42,Tamil Nadu,7,Arakkonam,42,Arcot,GEN,Vellore,true,Tamil Nadu 7-Arakkonam
33-8,33-43,Tamil Nadu,8,Vellore,43,Vellore,GEN,Vellore,true,Tamil Nadu 8-Vellore
33-8,33-44,Tamil Nadu,8,Vellore,44,Anaikattu,GEN,Vellore,true,Tamil Nadu 8-Vellore
33-8,33-45,Tamil Nadu,8,Vellore,45,Kilvaithinankuppam,SC,Vellore,,
33-8,33-46,Tamil Nadu,8,Vellore,46,Gudiyattam,SC,Vellore,true,Tamil Nadu 8-Vellore
33-8,33-47,Tamil Nadu,8,Vellore,47,Vaniyambadi,GEN,Vellore,true,Tamil Nadu 8-Vellore
33-8,33-48,Tamil Nadu,8,Vellore,48,Ambur,GEN,Vellore,true,Tamil Nadu 8-Vellore
33-9,33-51,Tamil Nadu,9,Krishnagiri,51,Uthangarai,SC,Krishnagiri,true,Tamil Nadu 9-Krishnagiri
33-9,33-52,Tamil Nadu,9,Krishnagiri,52,Bargur,GEN,Krishnagiri,true,Tamil Nadu 9-Krishnagiri
33-9,33-53,Tamil Nadu,9,Krishnagiri,53,Krishnagiri,GEN,Krishnagiri,true,Tamil Nadu 9-Krishnagiri
33-9,33-54,Tamil Nadu,9,Krishnagiri,54,Veppanahalli,GEN,Krishnagiri,true,Tamil Nadu 9-Krishnagiri
33-9,33-55,Tamil Nadu,9,Krishnagiri,55,Hosur,GEN,Krishnagiri,true,Tamil Nadu 9-Krishnagiri
33-9,33-56,Tamil Nadu,9,Krishnagiri,56,Thalli,GEN,Krishnagiri,true,Tamil Nadu 9-Krishnagiri
33-10,33-57,Tamil Nadu,10,Dharmapuri,57,Palacodu,GEN,Dharmapuri,true,Tamil Nadu 10-Dharmapuri
33-10,33-58,Tamil Nadu,10,Dharmapuri,58,Pennagaram,GEN,Dharmapuri,true,Tamil Nadu 10-Dharmapuri
33-10,33-59,Tamil Nadu,10,Dharmapuri,59,Dharmapuri,GEN,Dharmapuri,true,Tamil Nadu 10-Dharmapuri
33-10,33-60,Tamil Nadu,10,Dharmapuri,60,Pappireddippatti,GEN,Dharmapuri,true,Tamil Nadu 10-Dharmapuri
33-10,33-61,Tamil Nadu,10,Dharmapuri,61,Harur,SC,Dharmapuri,true,Tamil Nadu 10-Dharmapuri
33-10,33-85,Tamil Nadu,10,Dharmapuri,85,Mettur,GEN,Salem,true,Tamil Nadu 10-Dharmapuri
33-11,33-49,Tamil Nadu,11,Tiruvannamalai,49,Jolarpet,GEN,Vellore,true,Tamil Nadu 11-Tiruvannamalai
33-11,33-50,Tamil Nadu,11,Tiruvannamalai,50,Tiruppattur,GEN,Vellore,true,Tamil Nadu 11-Tiruvannamalai
33-11,33-62,Tamil Nadu,11,Tiruvannamalai,62,Chengam,SC,Tiruvannamalai,true,Tamil Nadu 11-Tiruvannamalai
33-11,33-63,Tamil Nadu,11,Tiruvannamalai,63,Tiruvannamalai,GEN,Tiruvannamalai,true,Tamil Nadu 11-Tiruvannamalai
33-11,33-64,Tamil Nadu,11,Tiruvannamalai,64,Kilpennathur,GEN,Tiruvannamalai,true,Tamil Nadu 11-Tiruvannamalai
33-11,33-65,Tamil Nadu,11,Tiruvannamalai,65,Kalasapakkam,GEN,Tiruvannamalai,true,Tamil Nadu 11-Tiruvannamalai
33-12,33-66,Tamil Nadu,12,Arani,66,Polur,GEN,Tiruvannamalai,true,Tamil Nadu 12-Arani
33-12,33-67,Tamil Nadu,12,Arani,67,Arani,GEN,Tiruvannamalai,true,Tamil Nadu 12-Arani
33-12,33-68,Tamil Nadu,12,Arani,68,Cheyyar,GEN,Tiruvannamalai,true,Tamil Nadu 12-Arani
33-12,33-69,Tamil Nadu,12,Arani,69,Vandavasi,SC,Tiruvannamalai,true,Tamil Nadu 12-Arani
33-12,33-70,Tamil Nadu,12,Arani,70,Gingee,GEN,Viluppuram,,
33-12,33-71,Tamil Nadu,12,Arani,71,Mailam,GEN,Viluppuram,true,Tamil Nadu 12-Arani
33-13,33-72,Tamil Nadu,13,Viluppuram,72,Tindivanam,SC,Viluppuram,true,Tamil Nadu 13-Viluppuram
33-13,33-73,Tamil Nadu,13,Viluppuram,73,Vanur,SC,Viluppuram,false,Puducherry 1-Pondicherry
33-13,33-74,Tamil Nadu,13,Viluppuram,74,Viluppuram,GEN,Viluppuram,true,Tamil Nadu 13-Viluppuram
33-13,33-75,Tamil Nadu,13,Viluppuram,75,Vikravandi,GEN,Viluppuram,true,Tamil Nadu 13-Viluppuram
33-13,33-76,Tamil Nadu,13,Viluppuram,76,Tirukkoyilur,GEN,Viluppuram,true,Tamil Nadu 13-Viluppuram
33-13,33-77,Tamil Nadu,13,Viluppuram,77,Ulundurpettai,GEN,Viluppuram,true,Tamil Nadu 13-Viluppuram
33-14,33-78,Tamil Nadu,14,Kallakurichi,78,Rishivandiyam,GEN,Viluppuram,true,Tamil Nadu 14-Kallakurichi
33-14,33-79,Tamil Nadu,14,Kallakurichi,79,Sankarapuram,GEN,Viluppuram,true,Tamil Nadu 14-Kallakurichi
33-14,33-80,Tamil Nadu,14,Kallakurichi,80,Kallakurichi,SC,Viluppuram,true,Tamil Nadu 14-Kallakurichi
33-14,33-81,Tamil Nadu,14,Kallakurichi,81,Gangavalli,SC,Salem,true,Tamil Nadu 14-Kallakurichi
33-14,33-82,Tamil Nadu,14,Kallakurichi,82,Attur,SC,Salem,true,Tamil Nadu 14-Kallakurichi
33-14,33-83,Tamil Nadu,14,Kallakurichi,83,Yercaud,ST,Salem,true,Tamil Nadu 14-Kallakurichi
33-15,33-84,Tamil Nadu,15,Salem,84,Omalur,GEN,Salem,true,Tamil Nadu 15-Salem
33-15,33-86,Tamil Nadu,15,Salem,86,Edappadi,GEN,Salem,true,Tamil Nadu 15-Salem
33-15,33-88,Tamil Nadu,15,Salem,88,Salem (West),GEN,Salem,true,Tamil Nadu 15-Salem
33-15,33-89,Tamil Nadu,15,Salem,89,Salem (North),GEN,Salem,true,Tamil Nadu 15-Salem
33-15,33-90,Tamil Nadu,15,Salem,90,Salem (South),GEN,Salem,true,Tamil Nadu 15-Salem
33-15,33-91,Tamil Nadu,15,Salem,91,Veerapandi,GEN,Salem,true,Tamil Nadu 15-Salem
33-16,33-87,Tamil Nadu,16,Namakkal,87,Sankari,GEN,Salem,true,Tamil Nadu 16-Namakkal
33-16,33-92,Tamil Nadu,16,Namakkal,92,Rasipuram,SC,Namakkal,true,Tamil Nadu 16-Namakkal
33-16,33-93,Tamil Nadu,16,Namakkal,93,Senthamangalam,ST,Namakkal,true,Tamil Nadu 16-Namakkal
33-16,33-94,Tamil Nadu,16,Namakkal,94,Namakkal,GEN,Namakkal,true,Tamil Nadu 16-Namakkal
33-16,33-95,Tamil Nadu,16,Namakkal,95,Paramathi-Velur,GEN,Namakkal,true,Tamil Nadu 16-Namakkal
33-16,33-96,Tamil Nadu,16,Namakkal,96,Tiruchengodu,GEN,Namakkal,true,Tamil Nadu 16-Namakkal
33-17,33-97,Tamil Nadu,17,Erode,97,Kumarapalayam,GEN,Namakkal,true,Tamil Nadu 17-Erode
33-17,33-98,Tamil Nadu,17,Erode,98,Erode (East),GEN,Erode,true,Tamil Nadu 17-Erode
33-17,33-99,Tamil Nadu,17,Erode,99,Erode (West),GEN,Erode,true,Tamil Nadu 17-Erode
33-17,33-100,Tamil Nadu,17,Erode,100,Modakkurichi,GEN,Erode,true,Tamil Nadu 17-Erode
33-17,33-101,Tamil Nadu,17,Erode,101,Dharapuram,SC,Erode,true,Tamil Nadu 17-Erode
33-17,33-102,Tamil Nadu,17,Erode,102,Kangayam,GEN,Erode,true,Tamil Nadu 17-Erode
33-18,33-103,Tamil Nadu,18,Tiruppur,103,Perundurai,GEN,Erode,true,Tamil Nadu 18-Tiruppur
33-18,33-104,Tamil Nadu,18,Tiruppur,104,Bhavani,GEN,Erode,true,Tamil Nadu 18-Tiruppur
33-18,33-105,Tamil Nadu,18,Tiruppur,105,Anthiyur,GEN,Erode,true,Tamil Nadu 18-Tiruppur
33-18,33-106,Tamil Nadu,18,Tiruppur,106,Gobichettipalayam,GEN,Erode,true,Tamil Nadu 18-Tiruppur
33-18,33-113,Tamil Nadu,18,Tiruppur,113,Tiruppur (North),GEN,Coimbatore,true,Tamil Nadu 18-Tiruppur
33-18,33-114,Tamil Nadu,18,Tiruppur,114,Tiruppur (South),GEN,Coimbatore,true,Tamil Nadu 18-Tiruppur
33-19,33-107,Tamil Nadu,19,Nilgiris,107,Bhavanisagar,SC,Erode,true,Tamil Nadu 19-Nilgiris
33-19,33-108,Tamil Nadu,19,Nilgiris,108,Udhagamandalam,GEN,The Nilgiris,true,Tamil Nadu 19-Nilgiris
33-19,33-109,Tamil Nadu,19,Nilgiris,109,Gudalur,SC,The Nilgiris,true,Tamil Nadu 19-Nilgiris
33-19,33-110,Tamil Nadu,19,Nilgiris,110,Coonoor,GEN,The Nilgiris,true,Tamil Nadu 19-Nilgiris
33-19,33-111,Tamil Nadu,19,Nilgiris,111,Mettuppalayam,GEN,Coimbatore,true,Tamil Nadu 19-Nilgiris
33-19,33-112,Tamil Nadu,19,Nilgiris,112,Avanashi,SC,Coimbatore,true,Tamil Nadu 19-Nilgiris
33-20,33-115,Tamil Nadu,20,Coimbatore,115,Palladam,GEN,Coimbatore,true,Tamil Nadu 20-Coimbatore
33-20,33-116,Tamil Nadu,20,Coimbatore,116,Sulur,GEN,Coimbatore,true,Tamil Nadu 20-Coimbatore
33-20,33-117,Tamil Nadu,20,Coimbatore,117,Kavundampalayam,GEN,Coimbatore,true,Tamil Nadu 20-Coimbatore
33-20,33-118,Tamil Nadu,20,Coimbatore,118,Coimbatore (North),GEN,Coimbatore,true,Tamil Nadu 20-Coimbatore
33-20,33-120,Tamil Nadu,20,Coimbatore,120,Coimbatore (South),GEN,Coimbatore,true,Tamil Nadu 20-Coimbatore
33-20,33-121,Tamil Nadu,20,Coimbatore,121,Singanallur,GEN,Coimbatore,true,Tamil Nadu 20-Coimbatore
33-21,33-119,Tamil Nadu,21,Pollachi,119,Thondamuthur,GEN,Coimbatore,true,Tamil Nadu 21-Pollachi
33-21,33-122,Tamil Nadu,21,Pollachi,122,Kinathukadavu,GEN,Coimbatore,true,Tamil Nadu 21-Pollachi
33-21,33-123,Tamil Nadu,21,Pollachi,123,Pollachi,GEN,Coimbatore,true,Tamil Nadu 21-Pollachi
33-21,33-124,Tamil Nadu,21,Pollachi,124,Valparai,SC,Coimbatore,true,Tamil Nadu 21-Pollachi
33-21,33-125,Tamil Nadu,21,Pollachi,125,Udumalaipettai,GEN,Coimbatore,true,Tamil Nadu 21-Pollachi
33-21,33-126,Tamil Nadu,21,Pollachi,126,Madathukulam,GEN,Coimbatore,true,Tamil Nadu 21-Pollachi
33-22,33-127,Tamil Nadu,22,Dindigul,127,Palani,GEN,Dindigul,true,Tamil Nadu 22-Dindigul
33-22,33-128,Tamil Nadu,22,Dindigul,128,Oddanchatram,GEN,Dindigul,true,Tamil Nadu 22-Dindigul
33-22,33-129,Tamil Nadu,22,Dindigul,129,Attur,GEN,Dindigul,false,Tamil Nadu 14-Kallakurichi
33-22,33-130,Tamil Nadu,22,Dindigul,130,Nilakkottai,SC,Dindigul,true,Tamil Nadu 22-Dindigul
33-22,33-131,Tamil Nadu,22,Dindigul,131,Natham,GEN,Dindigul,true,Tamil Nadu 22-Dindigul
33-22,33-132,Tamil Nadu,22,Dindigul,132,Dindigul,GEN,Dindigul,true,Tamil Nadu 22-Dindigul
33-23,33-133,Tamil Nadu,23,Karur,133,Vedasandur,GEN,Dindigul,true,Tamil Nadu 23-Karur
33-23,33-134,Tamil Nadu,23,Karur,134,Aravakurichi,GEN,Karur,true,Tamil Nadu 23-Karur
33-23,33-135,Tamil Nadu,23,Karur,135,Karur,GEN,Karur,true,Tamil Nadu 23-Karur
33-23,33-136,Tamil Nadu,23,Karur,136,Krishnarayapuram,SC,Karur,true,Tamil Nadu 23-Karur
33-23,33-138,Tamil Nadu,23,Karur,138,Manapparai,GEN,Tiruchirappalli,true,Tamil Nadu 23-Karur
33-23,33-179,Tamil Nadu,23,Karur,179,Viralimalai,GEN,Pudukkottai,true,Tamil Nadu 23-Karur
33-24,33-139,Tamil Nadu,24,Tiruchirappalli,139,Srirangam,GEN,Tiruchirappalli,true,Tamil Nadu 24-Tiruchirappalli
33-24,33-140,Tamil Nadu,24,Tiruchirappalli,140,Tiruchirappalli (West),GEN,Tiruchirappalli,true,Tamil Nadu 24-Tiruchirappalli
33-24,33-141,Tamil Nadu,24,Tiruchirappalli,141,Tiruchirappalli (East),GEN,Tiruchirappalli,true,Tamil Nadu 24-Tiruchirappalli
33-24,33-142,Tamil Nadu,24,Tiruchirappalli,142,Thiruverumbur,GEN,Tiruchirappalli,true,Tamil Nadu 24-Tiruchirappalli
33-24,33-178,Tamil Nadu,24,Tiruchirappalli,178,Gandarvakottai,SC,Pudukkottai,,
33-24,33-180,Tamil Nadu,24,Tiruchirappalli,180,Pudukkottai,GEN,Pudukkottai,true,Tamil Nadu 24-Tiruchirappalli
33-25,33-137,Tamil Nadu,25,Perambalur,137,Kulithalai,GEN,Karur,true,Tamil Nadu 25-Perambalur
33-25,33-143,Tamil Nadu,25,Perambalur,143,Lalgudi,GEN,Tiruchirappalli,true,Tamil Nadu 25-Perambalur
33-25,33-144,Tamil Nadu,25,Perambalur,144,Manachanallur,GEN,Tiruchirappalli,true,Tamil Nadu 25-Perambalur
33-25,33-145,Tamil Nadu,25,Perambalur,145,Musiri,GEN,Tiruchirappalli,true,Tamil Nadu 25-Perambalur
33-25,33-146,Tamil Nadu,25,Perambalur,146,Thuraiyur,SC,Tiruchirappalli,true,Tamil Nadu 25-Perambalur
33-25,33-147,Tamil Nadu,25,Perambalur,147,Perambalur,SC,Perambalur,true,Tamil Nadu 25-Perambalur
33-26,33-151,Tamil Nadu,26,Cuddalore,151,Tittakudi,SC,Cuddalore,true,Tamil Nadu 26-Cuddalore
33-26,33-152,Tamil Nadu,26,Cuddalore,152,Vriddhachalam,GEN,Cuddalore,true,Tamil Nadu 26-Cuddalore
33-26,33-153,Tamil Nadu,26,Cuddalore,153,Neyveli,GEN,Cuddalore,true,Tamil Nadu 26-Cuddalore
33-26,33-154,Tamil Nadu,26,Cuddalore,154,Panruti,GEN,Cuddalore,true,Tamil Nadu 26-Cuddalore
33-26,33-155,Tamil Nadu,26,Cuddalore,155,Cuddalore,GEN,Cuddalore,true,Tamil Nadu 26-Cuddalore
33-26,33-156,Tamil Nadu,26,Cuddalore,156,Kurinjipadi,GEN,Cuddalore,true,Tamil Nadu 26-Cuddalore
33-27,33-148,Tamil Nadu,27,Chidambaram,148,Kunnam,GEN,Perambalur,true,Tamil Nadu 27-Chidambaram
33-27,33-149,Tamil Nadu,27,Chidambaram,149,Ariyalur,GEN,Perambalur,true,Tamil Nadu 27-Chidambaram
33-27,33-150,Tamil Nadu,27,Chidambaram,150,Jayankondam,GEN,Perambalur,true,Tamil Nadu 27-Chidambaram
33-27,33-157,Tamil Nadu,27,Chidambaram,157,Bhuvanagiri,GEN,Cuddalore,true,Tamil Nadu 27-Chidambaram
33-27,33-158,Tamil Nadu,27,Chidambaram,158,Chidambaram,GEN,Cuddalore,true,Tamil Nadu 27-Chidambaram
33-27,33-159,Tamil Nadu,27,Chidambaram,159,Kattumannarkoil,SC,Cuddalore,true,Tamil Nadu 27-Chidambaram
33-28,33-160,Tamil Nadu,28,Mayiladuthurai,160,Sirkazhi,SC,Nagapattinam,true,Tamil Nadu 28-Mayiladuthurai
33-28,33-161,Tamil Nadu,28,Mayiladuthurai,161,Mayiladuthurai,GEN,Nagapattinam,true,Tamil Nadu 28-Mayiladuthurai
33-28,33-162,Tamil Nadu,28,Mayiladuthurai,162,Poompuhar,GEN,Nagapattinam,true,Tamil Nadu 28-Mayiladuthurai
33-28,33-170,Tamil Nadu,28,Mayiladuthurai,170,Thiruvidaimarudur,SC,Thanjavur,true,Tamil Nadu 28-Mayiladuthurai
33-28,33-171,Tamil Nadu,28,Mayiladuthurai,171,Kumbakonam,GEN,Thanjavur,true,Tamil Nadu 28-Mayiladuthurai
33-28,33-172,Tamil Nadu,28,Mayiladuthurai,172,Papanasam,GEN,Thanjavur,true,Tamil Nadu 28-Mayiladuthurai
33-29,33-163,Tamil Nadu,29,Nagapattinam,163,Nagapattinam,GEN,Nagapattinam,true,Tamil Nadu 29-Nagapattinam
33-29,33-164,Tamil Nadu,29,Nagapattinam,164,Kilvelur,SC,Nagapattinam,true,Tamil Nadu 29-Nagapattinam
33-29,33-165,Tamil Nadu,29,Nagapattinam,165,Vedaranyam,GEN,Nagapattinam,true,Tamil Nadu 29-Nagapattinam
33-29,33-166,Tamil Nadu,29,Nagapattinam,166,Thiruthuraipoondi,SC,Thiruvarur,true,Tamil Nadu 29-Nagapattinam
33-29,33-168,Tamil Nadu,29,Nagapattinam,168,Thiruvarur,GEN,Thiruvarur,true,Tamil Nadu 29-Nagapattinam
33-29,33-169,Tamil Nadu,29,Nagapattinam,169,Nannilam,GEN,Thiruvarur,true,Tamil Nadu 29-Nagapattinam
33-30,33-167,Tamil Nadu,30,Thanjavur,167,Mannargudi,GEN,Thiruvarur,true,Tamil Nadu 30-Thanjavur
33-30,33-173,Tamil Nadu,30,Thanjavur,173,Thiruvaiyaru,GEN,Thanjavur,true,Tamil Nadu 30-Thanjavur
33-30,33-174,Tamil Nadu,30,Thanjavur,174,Thanjavur,GEN,Thanjavur,true,Tamil Nadu 30-Thanjavur
33-30,33-175,Tamil Nadu,30,Thanjavur,175,Orathanadu,GEN,Thanjavur,true,Tamil Nadu 30-Thanjavur
33-30,33-176,Tamil Nadu,30,Thanjavur,176,Pattukkottai,GEN,Thanjavur,true,Tamil Nadu 30-Thanjavur
33-30,33-177,Tamil Nadu,30,Thanjavur,177,Peravurani,GEN,Thanjavur,true,Tamil Nadu 30-Thanjavur
33-31,33-181,Tamil Nadu,31,Sivaganga,181,Thirumayam,GEN,Pudukkottai,true,Tamil Nadu 31-Sivaganga
33-31,33-182,Tamil Nadu,31,Sivaganga,182,Alangudi,GEN,Pudukkottai,true,Tamil Nadu 31-Sivaganga
33-31,33-184,Tamil Nadu,31,Sivaganga,184,Karaikudi,GEN,Sivaganga,true,Tamil Nadu 31-Sivaganga
33-31,33-185,Tamil Nadu,31,Sivaganga,185,Tiruppattur,GEN,Sivaganga,true,Tamil Nadu 31-Sivaganga
33-31,33-186,Tamil Nadu,31,Sivaganga,186,Sivaganga,GEN,Sivaganga,true,Tamil Nadu 31-Sivaganga
33-31,33-187,Tamil Nadu,31,Sivaganga,187,Manamadurai,SC,Sivaganga,true,Tamil Nadu 31-Sivaganga
33-32,33-188,Tamil Nadu,32,Madurai,188,Melur,GEN,Madurai,true,Tamil Nadu 32-Madurai
33-32,33-189,Tamil Nadu,32,Madurai,189,Madurai East,GEN,Madurai,true,Tamil Nadu 32-Madurai
33-32,33-191,Tamil Nadu,32,Madurai,191,Madurai North,GEN,Madurai,true,Tamil Nadu 32-Madurai
33-32,33-192,Tamil Nadu,32,Madurai,192,Madurai South,GEN,Madurai,true,Tamil Nadu 32-Madurai
33-32,33-193,Tamil Nadu,32,Madurai,193,Madurai Central,GEN,Madurai,true,Tamil Nadu 32-Madurai
33-32,33-194,Tamil Nadu,32,Madurai,194,Madurai West,GEN,Madurai,true,Tamil Nadu 32-Madurai
33-33,33-190,Tamil Nadu,33,Theni,190,Sholavandan,SC,Madurai,true,Tamil Nadu 33-Theni
33-33,33-197,Tamil Nadu,33,Theni,197,Usilampatti,GEN,Madurai,true,Tamil Nadu 33-Theni
33-33,33-198,Tamil Nadu,33,Theni,198,Andipatti,GEN,Theni,true,Tamil Nadu 33-Theni
33-33,33-199,Tamil Nadu,33,Theni,199,Periyakulam,SC,Theni,true,Tamil Nadu 33-Theni
33-33,33-200,Tamil Nadu,33,Theni,200,Bodinayakanur,GEN,Theni,true,Tamil Nadu 33-Theni
33-33,33-201,Tamil Nadu,33,Theni,201,Cumbum,GEN,Theni,true,Tamil Nadu 33-Theni
33-34,33-195,Tamil Nadu,34,Virudhunagar,195,Thiruparankundram,GEN,Madurai,true,Tamil Nadu 34-Virudhunagar
33-34,33-196,Tamil Nadu,34,Virudhunagar,196,Tirumangalam,GEN,Madurai,,
33-34,33-204,Tamil Nadu,34,Virudhunagar,204,Sattur,GEN,Virudhunagar,true,Tamil Nadu 34-Virudhunagar
33-34,33-205,Tamil Nadu,34,Virudhunagar,205,Sivakasi,GEN,Virudhunagar,true,Tamil Nadu 34-Virudhunagar
33-34,33-206,Tamil Nadu,34,Virudhunagar,206,Virudhunagar,GEN,Virudhunagar,true,Tamil Nadu 34-Virudhunagar
33-34,33-207,Tamil Nadu,34,Virudhunagar,207,Aruppukkottai,GEN,Virudhunagar,true,Tamil Nadu 34-Virudhunagar
33-35,33-183,Tamil Nadu,35,Ramanathapuram,183,Aranthangi,GEN,Pudukkottai,true,Tamil Nadu 35-Ramanathapuram
33-35,33-208,Tamil Nadu,35,Ramanathapuram,208,Tiruchuli,GEN,Virudhunagar,true,Tamil Nadu 35-Ramanathapuram
33-35,33-209,Tamil Nadu,35,Ramanathapuram,209,Paramakudi,SC,Ramanathapuram,true,Tamil Nadu 35-Ramanathapuram
33-35,33-210,Tamil Nadu,35,Ramanathapuram,210,Tiruvadanai,GEN,Ramanathapuram,true,Tamil Nadu 35-Ramanathapuram
33-35,33-211,Tamil Nadu,35,Ramanathapuram,211,Ramanathapuram,GEN,Ramanathapuram,true,Tamil Nadu 35-Ramanathapuram
33-35,33-212,Tamil Nadu,35,Ramanathapuram,212,Mudhukulathur,GEN,Ramanathapuram,true,Tamil Nadu 35-Ramanathapuram
33-36,33-213,Tamil Nadu,36,Thoothukkudi,213,Vilathikulam,GEN,Thoothukkudi,true,Tamil Nadu 36-Thoothukkudi
33-36,33-214,Tamil Nadu,36,Thoothukkudi,214,Thoothukkudi,GEN,Thoothukkudi,true,Tamil Nadu 36-Thoothukkudi
33-36,33-215,Tamil Nadu,36,Thoothukkudi,215,Tiruchendur,GEN,Thoothukkudi,true,Tamil Nadu 36-Thoothukkudi
33-36,33-216,Tamil Nadu,36,Thoothukkudi,216,Srivaikuntam,GEN,Thoothukkudi,true,Tamil Nadu 36-Thoothukkudi
33-36,33-217,Tamil Nadu,36,Thoothukkudi,217,Ottapidaram,SC,Thoothukkudi,true,Tamil Nadu 36-Thoothukkudi
33-36,33-218,Tamil Nadu,36,Thoothukkudi,218,Kovilpatti,GEN,Thoothukkudi,true,Tamil Nadu 36-Thoothukkudi
33-37,33-202,Tamil Nadu,37,Tenkasi,202,Rajapalayam,GEN,Virudhunagar,true,Tamil Nadu 37-Tenkasi
33-37,33-203,Tamil Nadu,37,Tenkasi,203,Srivilliputhur,SC,Virudhunagar,true,Tamil Nadu 37-Tenkasi
33-37,33-219,Tamil Nadu,37,Tenkasi,219,Sankarankovil,SC,Tirunelveli,true,Tamil Nadu 37-Tenkasi
33-37,33-220,Tamil Nadu,37,Tenkasi,220,Vasudevanallur,SC,Tirunelveli,true,Tamil Nadu 37-Tenkasi
33-37,33-221,Tamil Nadu,37,Tenkasi,221,Kadayanallur,GEN,Tirunelveli,true,Tamil Nadu 37-Tenkasi
33-37,33-222,Tamil Nadu,37,Tenkasi,222,Tenkasi,GEN,Tirunelveli,true,Tamil Nadu 37-Tenkasi
33-38,33-223,Tamil Nadu,38,Tirunelveli,223,Alangulam,GEN,Tirunelveli,true,Tamil Nadu 38-Tirunelveli
33-38,33-224,Tamil Nadu,38,Tirunelveli,224,Tirunelveli,GEN,Tirunelveli,true,Tamil Nadu 38-Tirunelveli
33-38,33-225,Tamil Nadu,38,Tirunelveli,225,Ambasamudram,GEN,Tirunelveli,true,Tamil Nadu 38-Tirunelveli
33-38,33-226,Tamil Nadu,38,Tirunelveli,226,Palayamkottai,GEN,Tirunelveli,true,Tamil Nadu 38-Tirunelveli
33-38,33-227,Tamil Nadu,38,Tirunelveli,227,Nanguneri,GEN,Tirunelveli,true,Tamil Nadu 38-Tirunelveli
33-38,33-228,Tamil Nadu,38,Tirunelveli,228,Radhapuram,GEN,Tirunelveli,true,Tamil Nadu 38-Tirunelveli
33-39,33-229,Tamil Nadu,39,Kanniyakumari,229,Kanniyakumari,GEN,Kanniyakumari,true,Tamil Nadu 39-Kanniyakumari
33-39,33-230,Tamil Nadu,39,Kanniyakumari,230,Nagercoil,GEN,Kanniyakumari,true,Tamil Nadu 39-Kanniyakumari
33-39,33-231,Tamil Nadu,39,Kanniyakumari,231,Colachel,GEN,Kanniyakumari,true,Tamil Nadu 39-Kanniyakumari
33-39,33-232,Tamil Nadu,39,Kanniyakumari,232,Padmanabhapuram,GEN,Kanniyakumari,true,Tamil Nadu 39-Kanniyakumari
33-39,33-233,Tamil Nadu,39,Kanniyakumari,233,Vilavancode,GEN,Kanniyakumari,true,Tamil Nadu 39-Kanniyakumari
33-39,33-234,Tamil Nadu,39,Kanniyakumari,234,Killiyoor,GEN,Kanniyakumari,true,Tamil Nadu 39-Kanniyakumari
36-1,36-1,Telangana,1,Adilabad,1,Sirpur,GEN,Adilabad,true,Telangana 1-Adilabad
36-1,36-5,Telangana,1,Adilabad,5,Asifabad,ST,Adilabad,true,Telangana 1-Adilabad
36-1,36-6,Telangana,1,Adilabad,6,Khanapur,ST,Adilabad,true,Telangana 1-Adilabad
36-1,36-7,Telangana,1,Adilabad,7,Adilabad,GEN,Adilabad,true,Telangana 1-Adilabad
36-1,36-8,Telangana,1,Adilabad,8,Boath,ST,Adilabad,true,Telangana 1-Adilabad
36-1,36-9,Telangana,1,Adilabad,9,Nirmal,GEN,Adilabad,true,Telangana 1-Adilabad
36-1,36-10,Telangana,1,Adilabad,10,Mudhole,GEN,Adilabad,true,Telangana 1-Adilabad
36-2,36-2,Telangana,2,Peddapalle,2,Chennur,SC,Adilabad,true,Telangana 2-Peddapalle
36-2,36-3,Telangana,2,Peddapalle,3,Bellampalli,SC,Adilabad,,
36-2,36-4,Telangana,2,Peddapalle,4,Mancherial,GEN,Adilabad,true,Telangana 2-Peddapalle
36-2,36-22,Telangana,2,Peddapalle,22,Dharmapuri,SC,Karimnagar,true,Telangana 2-Peddapalle
36-2,36-23,Telangana,2,Peddapalle,23,Ramagundam,GEN,Karimnagar,true,Telangana 2-Peddapalle
36-2,36-24,Telangana,2,Peddapalle,24,Manthani,GEN,Karimnagar,true,Telangana 2-Peddapalle
36-2,36-25,Telangana,2,Peddapalle,25,Peddapalle,GEN,Karimnagar,true,Telangana 2-Peddapalle
36-3,36-26,Telangana,3,Karimnagar,26,Karimnagar,GEN,Karimnagar,true,Telangana 3-Karimnagar
36-3,36-27,Telangana,3,Karimnagar,27,Choppadandi,SC,Karimnagar,true,Telangana 3-Karimnagar
36-3,36-28,Telangana,3,Karimnagar,28,Vemulawada,GEN,Karimnagar,true,Telangana 3-Karimnagar
36-3,36-29,Telangana,3,Karimnagar,29,Sircilla,GEN,Karimnagar,true,Telangana 3-Karimnagar
36-3,36-30,Telangana,3,Karimnagar,30,Manakondur,SC,Karimnagar,true,Telangana 3-Karimnagar
36-3,36-31,Telangana,3,Karimnagar,31,Huzurabad,GEN,Karimnagar,true,Telangana 3-Karimnagar
36-3,36-32,Telangana,3,Karimnagar,32,Husnabad,GEN,Karimnagar,true,Telangana 3-Karimnagar
36-4,36-11,Telangana,4,Nizamabad,11,Armur,GEN,Nizamabad,true,Telangana 4-Nizamabad
36-4,36-12,Telangana,4,Nizamabad,12,Bodhan,GEN,Nizamabad,true,Telangana 4-Nizamabad
36-4,36-17,Telangana,4,Nizamabad,17,Nizamabad (Urban),GEN,Nizamabad,true,Telangana 4-Nizamabad
36-4,36-18,Telangana,4,Nizamabad,18,Nizamabad (Rural),GEN,Nizamabad,true,Telangana 4-Nizamabad
36-4,36-19,Telangana,4,Nizamabad,19,Balkonda,GEN,Nizamabad,true,Telangana 4-Nizamabad
36-4,36-20,Telangana,4,Nizamabad,20,Koratla,GEN,Karimnagar,true,Telangana 4-Nizamabad
36-4,36-21,Telangana,4,Nizamabad,21,Jagtial,GEN,Karimnagar,true,Telangana 4-Nizamabad
36-5,36-13,Telangana,5,Zahirabad,13,Jukkal,SC,Nizamabad,true,Telangana 5-Zahirabad
36-5,36-14,Telangana,5,Zahirabad,14,Banswada,GEN,Nizamabad,true,Telangana 5-Zahirabad
36-5,36-15,Telangana,5,Zahirabad,15,Yellareddy,GEN,Nizamabad,true,Telangana 5-Zahirabad
36-5,36-16,Telangana,5,Zahirabad,16,Kamareddy,GEN,Nizamabad,true,Telangana 5-Zahirabad
36-5,36-35,Telangana,5,Zahirabad,35,Narayankhed,GEN,Medak,true,Telangana 5-Zahirabad
36-5,36-36,Telangana,5,Zahirabad,36,Andole,SC,Medak,true,Telangana 5-Zahirabad
36-5,36-38,Telangana,5,Zahirabad,38,Zahirabad,SC,Medak,true,Telangana 5-Zahirabad
36-6,36-33,Telangana,6,Medak,33,Siddipet,GEN,Medak,true,Telangana 6-Medak
36-6,36-34,Telangana,6,Medak,34,Medak,GEN,Medak,true,Telangana 6-Medak
36-6,36-37,Telangana,6,Medak,37,Narsapur,GEN,Medak,true,Telangana 6-Medak
36-6,36-39,Telangana,6,Medak,39,Sangareddy,GEN,Medak,true,Telangana 6-Medak
36-6,36-40,Telangana,6,Medak,40,Patancheru,GEN,Medak,true,Telangana 6-Medak
36-6,36-41,Telangana,6,Medak,41,Dubbak,GEN,Medak,true,Telangana 6-Medak
36-6,36-42,Telangana,6,Medak,42,Gajwel,GEN,Medak,true,Telangana 6-Medak
36-7,36-43,Telangana,7,Malkajgiri,43,Medchal,GEN,Rangareddi,true,Telangana 7-Malkajgiri
36-7,36-44,Telangana,7,Malkajgiri,44,Malkajgiri,GEN,Rangareddi,true,Telangana 7-Malkajgiri
36-7,36-45,Telangana,7,Malkajgiri,45,Qutbullapur,GEN,Rangareddi,,
36-7,36-46,Telangana,7,Malkajgiri,46,Kukatpalle,GEN,Rangareddi,true,Telangana 7-Malkajgiri
36-7,36-47,Telangana,7,Malkajgiri,47,Uppal,GEN,Rangareddi,true,Telangana 7-Malkajgiri
36-7,36-49,Telangana,7,Malkajgiri,49,Lal Bahadur Nagar,GEN,Rangareddi,true,Telangana 7-Malkajgiri
36-7,36-71,Telangana,7,Malkajgiri,71,Secunderabad Cantt,SC,Hyderabad,,
36-8,36-57,Telangana,8,Secunderabad,57,Musheerabad,GEN,Hyderabad,true,Telangana 8-Secunderabad
36-8,36-59,Telangana,8,Secunderabad,59,Amberpet,GEN,Hyderabad,true,Telangana 8-Secunderabad
36-8,36-60,Telangana,8,Secunderabad,60,Khairatabad,GEN,Hyderabad,true,Telangana 8-Secunderabad
36-8,36-61,Telangana,8,Secunderabad,61,Jubilee Hills,GEN,Hyderabad,true,Telangana 8-Secunderabad
36-8,36-62,Telangana,8,Secunderabad,62,Sanathnagar,GEN,Hyderabad,true,Telangana 8-Secunderabad
36-8,36-63,Telangana,8,Secunderabad,63,Nampally,GEN,Hyderabad,true,Telangana 8-Secunderabad
36-8,36-70,Telangana,8,Secunderabad,70,Secunderabad,GEN,Hyderabad,true,Telangana 8-Secunderabad
36-9,36-58,Telangana,9,Hyderabad,58,Malakpet,GEN,Hyderabad,true,Telangana 9-Hyderabad
36-9,36-64,Telangana,9,Hyderabad,64,Karwan,GEN,Hyderabad,true,Telangana 9-Hyderabad
36-9,36-65,Telangana,9,Hyderabad,65,Goshamahal,GEN,Hyderabad,true,Telangana 9-Hyderabad
36-9,36-66,Telangana,9,Hyderabad,66,Charminar,GEN,Hyderabad,true,Telangana 9-Hyderabad
36-9,36-67,Telangana,9,Hyderabad,67,Chandrayangutta,GEN,Hyderabad,true,Telangana 9-Hyderabad
36-9,36-68,Telangana,9,Hyderabad,68,Yakutpura,GEN,Hyderabad,true,Telangana 9-Hyderabad
36-9,36-69,Telangana,9,Hyderabad,69,Bahadurpura,GEN,Hyderabad,true,Telangana 9-Hyderabad
36-10,36-50,Telangana,10,Chevella,50,Maheswaram,GEN,Rangareddi,true,Telangana 10-Chevella
36-10,36-51,Telangana,10,Chevella,51,Rajendranagar,GEN,Rangareddi,true,Telangana 10-Chevella
36-10,36-52,Telangana,10,Chevella,52,Serilingampally,GEN,Rangareddi,true,Telangana 10-Chevella
36-10,36-53,Telangana,10,Chevella,53,Chevella,SC,Rangareddi,true,Telangana 10-Chevella
36-10,36-54,Telangana,10,Chevella,54,Pargi,GEN,Rangareddi,true,Telangana 10-Chevella
36-10,36-55,Telangana,10,Chevella,55,Vicarabad,SC,Rangareddi,true,Telangana 10-Chevella
36-10,36-56,Telangana,10,Chevella,56,Tandur,GEN,Rangareddi,true,Telangana 10-Chevella
36-11,36-72,Telangana,11,Mahbubnagar,72,Kodangal,GEN,Mahbubnagar,true,Telangana 11-Mahbubnagar
36-11,36-73,Telangana,11,Mahbubnagar,73,Narayanpet,GEN,Mahbubnagar,true,Telangana 11-Mahbubnagar
36-11,36-74,Telangana,11,Mahbubnagar,74,Mahbubnagar,GEN,Mahbubnagar,true,Telangana 11-Mahbubnagar
36-11,36-75,Telangana,11,Mahbubnagar,75,Jadcherla,GEN,Mahbubnagar,true,Telangana 11-Mahbubnagar
36-11,36-76,Telangana,11,Mahbubnagar,76,Devarkadra,GEN,Mahbubnagar,true,Telangana 11-Mahbubnagar
36-11,36-77,Telangana,11,Mahbubnagar,77,Makthal,GEN,Mahbubnagar,true,Telangana 11-Mahbubnagar
36-11,36-84,Telangana,11,Mahbubnagar,84,Shadnagar,GEN,Mahbubnagar,true,Telangana 11-Mahbubnagar
36-12,36-78,Telangana,12,Nagarkurnool,78,Wanaparthy,GEN,Mahbubnagar,true,Telangana 12-Nagarkurnool
36-12,36-79,Telangana,12,Nagarkurnool,79,Gadwal,GEN,Mahbubnagar,true,Telangana 12-Nagarkurnool
36-12,36-80,Telangana,12,Nagarkurnool,80,Alampur,SC,Mahbubnagar,true,Telangana 12-Nagarkurnool
36-12,36-81,Telangana,12,Nagarkurnool,81,Nagarkurnool,GEN,Mahbubnagar,true,Telangana 12-Nagarkurnool
36-12,36-82,Telangana,12,Nagarkurnool,82,Achampet,SC,Mahbubnagar,true,Telangana 12-Nagarkurnool
36-12,36-83,Telangana,12,Nagarkurnool,83,Kalwakurthy,GEN,Mahbubnagar,true,Telangana 12-Nagarkurnool
36-12,36-85,Telangana,12,Nagarkurnool,85,Kollapur,GEN,Mahbubnagar,true,Telangana 12-Nagarkurnool
36-13,36-86,Telangana,13,Nalgonda,86,Devarakonda,ST,Nalgonda,true,Telangana 13-Nalgonda
36-13,36-87,Telangana,13,Nalgonda,87,Nagarjuna Sagar,GEN,Nalgonda,true,Telangana 13-Nalgonda
36-13,36-88,Telangana,13,Nalgonda,88,Miryalaguda,GEN,Nalgonda,true,Telangana 13-Nalgonda
36-13,36-89,Telangana,13,Nalgonda,89,Huzurnagar,GEN,Nalgonda,true,Telangana 13-Nalgonda
36-13,36-90,Telangana,13,Nalgonda,90,Kodad,GEN,Nalgonda,true,Telangana 13-Nalgonda
36-13,36-91,Telangana,13,Nalgonda,91,Suryapet,GEN,Nalgonda,true,Telangana 13-Nalgonda
36-13,36-92,Telangana,13,Nalgonda,92,Nalgonda,GEN,Nalgonda,true,Telangana 13-Nalgonda
36-14,36-48,Telangana,14,Bhongir,48,Ibrahimpatnam,GEN,Rangareddi,true,Telangana 14-Bhongir
36-14,36-93,Telangana,14,Bhongir,93,Munugode,GEN,Nalgonda,true,Telangana 14-Bhongir
36-14,36-94,Telangana,14,Bhongir,94,Bhongir,GEN,Nalgonda,true,Telangana 14-Bhongir
36-14,36-95,Telangana,14,Bhongir,95,Nakrekal,SC,Nalgonda,true,Telangana 14-Bhongir
36-14,36-96,Telangana,14,Bhongir,96,Thungathurthi,SC,Nalgonda,true,Telangana 14-Bhongir
36-14,36-97,Telangana,14,Bhongir,97,Alair,GEN,Nalgonda,true,Telangana 14-Bhongir
36-14,36-98,Telangana,14,Bhongir,98,Jangaon,GEN,Warangal,,
36-15,36-99,Telangana,15,Warangal,99,Ghanpur (Station),SC,Warangal,true,Telangana 15-Warangal
36-15,36-100,Telangana,15,Warangal,100,Palakurthi,GEN,Warangal,true,Telangana 15-Warangal
36-15,36-104,Telangana,15,Warangal,104,Parkal,GEN,Warangal,true,Telangana 15-Warangal
36-15,36-105,Telangana,15,Warangal,105,Warangal West,GEN,Warangal,true,Telangana 15-Warangal
36-15,36-106,Telangana,15,Warangal,106,Warangal East,GEN,Warangal,true,Telangana 15-Warangal
36-15,36-107,Telangana,15,Warangal,107,Wardhannapet,SC,Warangal,,
36-15,36-108,Telangana,15,Warangal,108,Bhupalpalle,GEN,Warangal,true,Telangana 15-Warangal
36-16,36-101,Telangana,16,Mahabubabad,101,Dornakal,ST,Warangal,true,Telangana 16-Mahabubabad
36-16,36-102,Telangana,16,Mahabubabad,102,Mahabubabad,ST,Warangal,true,Telangana 16-Mahabubabad
36-16,36-103,Telangana,16,Mahabubabad,103,Narsampet,GEN,Warangal,true,Telangana 16-Mahabubabad
36-16,36-109,Telangana,16,Mahabubabad,109,Mulug,ST,Warangal,true,Telangana 16-Mahabubabad
36-16,36-110,Telangana,16,Mahabubabad,110,Pinapaka,ST,Khammam,true,Telangana 16-Mahabubabad
36-16,36-111,Telangana,16,Mahabubabad,111,Yellandu,ST,Khammam,true,Telangana 16-Mahabubabad
36-16,36-119,Telangana,16,Mahabubabad,119,Bhadrachalam,ST,Khammam,true,Telangana 16-Mahabubabad
36-17,36-112,Telangana,17,Khammam,112,Khammam,GEN,Khammam,true,Telangana 17-Khammam
36-17,36-113,Telangana,17,Khammam,113,Palair,GEN,Khammam,true,Telangana 17-Khammam
36-17,36-114,Telangana,17,Khammam,114,Madhira,SC,Khammam,true,Telangana 17-Khammam
36-17,36-115,Telangana,17,Khammam,115,Wyra,ST,Khammam,true,Telangana 17-Khammam
36-17,36-116,Telangana,17,Khammam,116,Sathupalle,SC,Khammam,true,Telangana 17-Khammam
36-17,36-117,Telangana,17,Khammam,117,Kothagudem,GEN,Khammam,true,Telangana 17-Khammam
36-17,36-118,Telangana,17,Khammam,118,Aswaraopeta,ST,Khammam,true,Telangana 17-Khammam
16-1,16-1,Tripura,1,Tripura West,1,Simna,ST,West Tripura,true,Tripura 1-Tripura West
16-1,16-2,Tripura,1,Tripura West,2,Mohanpur,GEN,West Tripura,true,Tripura 1-Tripura West
16-1,16-3,Tripura,1,Tripura West,3,Bamutia,SC,West Tripura,true,Tripura 1-Tripura West
16-1,16-4,Tripura,1,Tripura West,4,Barjala,SC,West Tripura,true,Tripura 1-Tripura West
16-1,16-5,Tripura,1,Tripura West,5,Khayerpur,GEN,West Tripura,true,Tripura 1-Tripura West
16-1,16-6,Tripura,1,Tripura West,6,Agartala,GEN,West Tripura,true,Tripura 1-Tripura West
16-1,16-7,Tripura,1,Tripura West,7,Ramnagar,GEN,West Tripura,false,
16-1,16-8,Tripura,1,Tripura West,8,Town Bordowali,GEN,West Tripura,true,Tripura 1-Tripura West
16-1,16-9,Tripura,1,Tripura West,9,Banamalipur,GEN,West Tripura,true,Tripura 1-Tripura West
16-1,16-10,Tripura,1,Tripura West,10,Majlishpur,GEN,West Tripura,true,Tripura 1-Tripura West
16-1,16-11,Tripura,1,Tripura West,11,Mandaibazar,ST,West Tripura,true,Tripura 1-Tripura West
16-1,16-12,Tripura,1,Tripura West,12,Takarjala,ST,West Tripura,true,Tripura 1-Tripura West
16-1,16-13,Tripura,1,Tripura West,13,Pratapgarh,SC,West Tripura,true,Tripura 1-Tripura West
16-1,16-14,Tripura,1,Tripura West,14,Badharghat,SC,West Tripura,true,Tripura 1-Tripura West
16-1,16-15,Tripura,1,Tripura West,15,Kamalasagar,GEN,West Tripura,true,Tripura 1-Tripura West
16-1,16-16,Tripura,1,Tripura West,16,Bishalgarh,GEN,West Tripura,true,Tripura 1-Tripura West
16-1,16-17,Tripura,1,Tripura West,17,Golaghati,ST,West Tripura,true,Tripura 1-Tripura West
16-1,16-18,Tripura,1,Tripura West,18,Suryamaninagar,GEN,West Tripura,true,Tripura 1-Tripura West
16-1,16-19,Tripura,1,Tripura West,19,Charilam,ST,West Tripura,true,Tripura 1-Tripura West
16-1,16-20,Tripura,1,Tripura West,20,Boxanagar,GEN,West Tripura,true,Tripura 1-Tripura West
16-1,16-21,Tripura,1,Tripura West,21,Nalchar,SC,West Tripura,true,Tripura 1-Tripura West
16-1,16-22,Tripura,1,Tripura West,22,Sonamura,GEN,West Tripura,true,Tripura 1-Tripura West
16-1,16-23,Tripura,1,Tripura West,23,Dhanpur,GEN,West Tripura,true,Tripura 1-Tripura West
16-1,16-30,Tripura,1,Tripura West,30,Bagma,ST,South Tripura,true,Tripura 1-Tripura West
16-1,16-31,Tripura,1,Tripura West,31,Radhakishorepur,GEN,South Tripura,true,Tripura 1-Tripura West
16-1,16-32,Tripura,1,Tripura West,32,Matarbari,GEN,South Tripura,true,Tripura 1-Tripura West
16-1,16-33,Tripura,1,Tripura West,33,Kakraban-Salgarh,SC,South Tripura,,
16-1,16-34,Tripura,1,Tripura West,34,Rajnagar,SC,South Tripura,true,Tripura 1-Tripura West
16-1,16-35,Tripura,1,Tripura West,35,Belonia,GEN,South Tripura,true,Tripura 1-Tripura West
16-1,16-36,Tripura,1,Tripura West,36,Santirbazar,GEN,South Tripura,true,Tripura 1-Tripura West
16-2,16-24,Tripura,2,Tripura East,24,Ramchandraghat,ST,West Tripura,true,Tripura 2-Tripura East
16-2,16-25,Tripura,2,Tripura East,25,Khowai,GEN,West Tripura,true,Tripura 2-Tripura East
16-2,16-26,Tripura,2,Tripura East,26,Asharambari,ST,West Tripura,true,Tripura 2-Tripura East
16-2,16-27,Tripura,2,Tripura East,27,Kalyanpur—Pramodenagar,GEN,West Tripura,true,Tripura 2-Tripura East
16-2,16-28,Tripura,2,Tripura East,28,Teliamura,GEN,West Tripura,true,Tripura 2-Tripura East
16-2,16-29,Tripura,2,Tripura East,29,Krishnapur,ST,West Tripura,true,Tripura 2-Tripura East
16-2,16-37,Tripura,2,Tripura East,37,Hrishyamukh,GEN,South Tripura,true,Tripura 2-Tripura East
16-2,16-38,Tripura,2,Tripura East,38,Jolaibari,ST,South Tripura,true,Tripura 2-Tripura East
16-2,16-39,Tripura,2,Tripura East,39,Manu,ST,South Tripura,true,Tripura 2-Tripura East
16-2,16-40,Tripura,2,Tripura East,40,Sabroom,GEN,South Tripura,true,Tripura 2-Tripura East
16-2,16-41,Tripura,2,Tripura East,41,Ampinagar,ST,South Tripura,true,Tripura 2-Tripura East
16-2,16-42,Tripura,2,Tripura East,42,Amarpur,GEN,South Tripura,true,Tripura 2-Tripura East
16-2,16-43,Tripura,2,Tripura East,43,Karbook,ST,South Tripura,true,Tripura 2-Tripura East
16-2,16-44,Tripura,2,Tripura East,44,Raima Valley,ST,Dhalai,true,Tripura 2-Tripura East
16-2,16-45,Tripura,2,Tripura East,45,Kamalpur,GEN,Dhalai,true,Tripura 2-Tripura East
16-2,16-46,Tripura,2,Tripura East,46,Surma,SC,Dhalai,true,Tripura 2-Tripura East
16-2,16-47,Tripura,2,Tripura East,47,Ambassa,ST,Dhalai,true,Tripura 2-Tripura East
16-2,16-48,Tripura,2,Tripura East,48,Karamchhara,ST,Dhalai,true,Tripura 2-Tripura East
16-2,16-49,Tripura,2,Tripura East,49,Chhawmanu,ST,Dhalai,true,Tripura 2-Tripura East
16-2,16-50,Tripura,2,Tripura East,50,Pabiachhara,SC,North Tripura,true,Tripura 2-Tripura East
16-2,16-51,Tripura,2,Tripura East,51,Fatikroy,SC,North Tripura,true,Tripura 2-Tripura East
16-2,16-52,Tripura,2,Tripura East,52,Chandipur,GEN,North Tripura,true,Tripura 2-Tripura East
16-2,16-53,Tripura,2,Tripura East,53,Kailasahar,GEN,North Tripura,true,Tripura 2-Tripura East
16-2,16-54,Tripura,2,Tripura East,54,Kadamtala-Kurti,GEN,North Tripura,true,Tripura 2-Tripura East
16-2,16-55,Tripura,2,Tripura East,55,Bagbassa,GEN,North Tripura,true,Tripura 2-Tripura East
16-2,16-56,Tripura,2,Tripura East,56,Dharmanagar,GEN,North Tripura,true,Tripura 2-Tripura East
16-2,16-57,Tripura,2,Tripura East,57,Jubarajnagar,GEN,North Tripura,true,Tripura 2-Tripura East
16-2,16-58,Tripura,2,Tripura East,58,Panisagar,GEN,North Tripura,true,Tripura 2-Tripura East
16-2,16-59,Tripura,2,Tripura East,59,Penchathal,ST,North Tripura,,
16-2,16-60,Tripura,2,Tripura East,60,Kanchanpur,ST,North Tripura,true,Tripura 2-Tripura East
9-1,9-1,Uttar Pradesh,1,Saharanpur,1,Behat,GEN,Saharanpur,true,Uttar Pradesh 1-Saharanpur
9-1,9-3,Uttar Pradesh,1,Saharanpur,3,Saharanpur Nagar,GEN,Saharanpur,true,Uttar Pradesh 1-Saharanpur
9-1,9-4,Uttar Pradesh,1,Saharanpur,4,Saharanpur,GEN,Saharanpur,true,Uttar Pradesh 1-Saharanpur
9-1,9-5,Uttar Pradesh,1,Saharanpur,5,Deoband,GEN,Saharanpur,true,Uttar Pradesh 1-Saharanpur
9-1,9-6,Uttar Pradesh,1,Saharanpur,6,Rampur Maniharan,SC,Saharanpur,true,Uttar Pradesh 1-Saharanpur
9-2,9-2,Uttar Pradesh,2,Kairana,2,Nakur,GEN,Saharanpur,true,Uttar Pradesh 2-Kairana
9-2,9-7,Uttar Pradesh,2,Kairana,7,Gangoh,GEN,Saharanpur,true,Uttar Pradesh 2-Kairana
9-2,9-8,Uttar Pradesh,2,Kairana,8,Kairana,GEN,Muzaffarnagar,true,Uttar Pradesh 2-Kairana
9-2,9-9,Uttar Pradesh,2,Kairana,9,Thana Bhawan,GEN,Muzaffarnagar,true,Uttar Pradesh 2-Kairana
9-2,9-10,Uttar Pradesh,2,Kairana,10,Shamli,GEN,Muzaffarnagar,true,Uttar Pradesh 2-Kairana
9-3,9-11,Uttar Pradesh,3,Muzaffarnagar,11,Budhana,GEN,Muzaffarnagar,true,Uttar Pradesh 3-Muzaffarnagar
9-3,9-12,Uttar Pradesh,3,Muzaffarnagar,12,Charthawal,GEN,Muzaffarnagar,true,Uttar Pradesh 3-Muzaffarnagar
9-3,9-14,Uttar Pradesh,3,Muzaffarnagar,14,Muzaffar Nagar,GEN,Muzaffarnagar,true,Uttar Pradesh 3-Muzaffarnagar
9-3,9-15,Uttar Pradesh,3,Muzaffarnagar,15,Khatauli,GEN,Muzaffarnagar,true,Uttar Pradesh 3-Muzaffarnagar
9-3,9-44,Uttar Pradesh,3,Muzaffarnagar,44,Sardhana,GEN,Meerut,true,Uttar Pradesh 3-Muzaffarnagar
9-4,9-13,Uttar Pradesh,4,Bijnor,13,Purqazi,SC,Muzaffarnagar,true,Uttar Pradesh 4-Bijnor
9-4,9-16,Uttar Pradesh,4,Bijnor,16,Meerapur,GEN,Muzaffarnagar,true,Uttar Pradesh 4-Bijnor
9-4,9-22,Uttar Pradesh,4,Bijnor,22,Bijnor,GEN,Bijnor,true,Uttar Pradesh 4-Bijnor
9-4,9-23,Uttar Pradesh,4,Bijnor,23,Chandpur,GEN,Bijnor,true,Uttar Pradesh 4-Bijnor
9-4,9-45,Uttar Pradesh,4,Bijnor,45,Hastinapur,SC,Meerut,true,Uttar Pradesh 4-Bijnor
9-5,9-17,Uttar Pradesh,5,Nagina,17,Najibabad,GEN,Bijnor,true,Uttar Pradesh 5-Nagina
9-5,9-18,Uttar Pradesh,5,Nagina,18,Nagina,SC,Bijnor,true,Uttar Pradesh 5-Nagina
9-5,9-20,Uttar Pradesh,5,Nagina,20,Dhampur,GEN,Bijnor,true,Uttar Pradesh 5-Nagina
9-5,9-21,Uttar Pradesh,5,Nagina,21,Nehtaur,SC,Bijnor,true,Uttar Pradesh 5-Nagina
9-5,9-24,Uttar Pradesh,5,Nagina,24,Noorpur,GEN,Bijnor,false,Uttar Pradesh 6-Moradabad
9-6,9-19,Uttar Pradesh,6,Moradabad,19,Barhapur,GEN,Bijnor,true,Uttar Pradesh 6-Moradabad
9-6,9-25,Uttar Pradesh,6,Moradabad,25,Kanth,GEN,Moradabad,true,Uttar Pradesh 6-Moradabad
9-6,9-26,Uttar Pradesh,6,Moradabad,26,Thakurdwara,GEN,Moradabad,true,Uttar Pradesh 6-Moradabad
9-6,9-27,Uttar Pradesh,6,Moradabad,27,Moradabad Rural,GEN,Moradabad,true,Uttar Pradesh 6-Moradabad
9-6,9-28,Uttar Pradesh,6,Moradabad,28,Moradabad Nagar,GEN,Moradabad,true,Uttar Pradesh 6-Moradabad
9-7,9-34,Uttar Pradesh,7,Rampur,34,Suar,GEN,Rampur,true,Uttar Pradesh 7-Rampur
9-7,9-35,Uttar Pradesh,7,Rampur,35,Chamraua,GEN,Rampur,true,Uttar Pradesh 7-Rampur
9-7,9-36,Uttar Pradesh,7,Rampur,36,Bilaspur,GEN,Rampur,true,Uttar Pradesh 7-Rampur
9-7,9-37,Uttar Pradesh,7,Rampur,37,Rampur,GEN,Rampur,true,Uttar Pradesh 7-Rampur
9-7,9-38,Uttar Pradesh,7,Rampur,38,Milak,SC,Rampur,true,Uttar Pradesh 7-Rampur
9-8,9-29,Uttar Pradesh,8,Sambhal,29,Kundarki,GEN,Moradabad,true,Uttar Pradesh 8-Sambhal
9-8,9-30,Uttar Pradesh,8,Sambhal,30,Bilari,GEN,Moradabad,true,Uttar Pradesh 8-Sambhal
9-8,9-31,Uttar Pradesh,8,Sambhal,31,Chandausi,SC,Moradabad,true,Uttar Pradesh 8-Sambhal
9-8,9-32,Uttar Pradesh,8,Sambhal,32,Asmoli,GEN,Moradabad,true,Uttar Pradesh 8-Sambhal
9-8,9-33,Uttar Pradesh,8,Sambhal,33,Sambhal,GEN,Moradabad,true,Uttar Pradesh 8-Sambhal
9-9,9-39,Uttar Pradesh,9,Amroha,39,Dhanaura,SC,Jyotiba Phule Nagar,true,Uttar Pradesh 9-Amroha
9-9,9-40,Uttar Pradesh,9,Amroha,40,Naugawan Sadat,GEN,Jyotiba Phule Nagar,true,Uttar Pradesh 9-Amroha
9-9,9-41,Uttar Pradesh,9,Amroha,41,Amroha,GEN,Jyotiba Phule Nagar,true,Uttar Pradesh 9-Amroha
9-9,9-42,Uttar Pradesh,9,Amroha,42,Hasanpur,GEN,Jyotiba Phule Nagar,true,Uttar Pradesh 9-Amroha
9-9,9-60,Uttar Pradesh,9,Amroha,60,Garhmukteshwar,GEN,Ghaziabad,true,Uttar Pradesh 9-Amroha
9-10,9-46,Uttar Pradesh,10,Meerut,46,Kithore,GEN,Meerut,true,Uttar Pradesh 10-Meerut
9-10,9-47,Uttar Pradesh,10,Meerut,47,Meerut Cant,GEN,Meerut,,
9-10,9-48,Uttar Pradesh,10,Meerut,48,Meerut,GEN,Meerut,true,Uttar Pradesh 10-Meerut
9-10,9-49,Uttar Pradesh,10,Meerut,49,Meerut South,GEN,Meerut,true,Uttar Pradesh 10-Meerut
9-10,9-59,Uttar Pradesh,10,Meerut,59,Hapur,SC,Ghaziabad,true,Uttar Pradesh 10-Meerut
9-11,9-43,Uttar Pradesh,11,Baghpat,43,Siwalkhas,GEN,Meerut,true,Uttar Pradesh 11-Baghpat
9-11,9-50,Uttar Pradesh,11,Baghpat,50,Chhaprauli,GEN,Baghpat,true,Uttar Pradesh 11-Baghpat
9-11,9-51,Uttar Pradesh,11,Baghpat,51,Baraut,GEN,Baghpat,true,Uttar Pradesh 11-Baghpat
9-11,9-52,Uttar Pradesh,11,Baghpat,52,Baghpat,GEN,Baghpat,true,Uttar Pradesh 11-Baghpat
9-11,9-57,Uttar Pradesh,11,Baghpat,57,Modi Nagar,GEN,Ghaziabad,true,Uttar Pradesh 11-Baghpat
9-12,9-53,Uttar Pradesh,12,Ghaziabad,53,Loni,GEN,Ghaziabad,true,Uttar Pradesh 12-Ghaziabad
9-12,9-54,Uttar Pradesh,12,Ghaziabad,54,Muradnagar,GEN,Ghaziabad,true,Uttar Pradesh 12-Ghaziabad
9-12,9-55,Uttar Pradesh,12,Ghaziabad,55,Sahibabad,GEN,Ghaziabad,true,Uttar Pradesh 12-Ghaziabad
9-12,9-56,Uttar Pradesh,12,Ghaziabad,56,Ghaziabad,GEN,Ghaziabad,true,Uttar Pradesh 12-Ghaziabad
9-12,9-58,Uttar Pradesh,12,Ghaziabad,58,Dhaulana,GEN,Ghaziabad,,
9-13,9-61,Uttar Pradesh,13,Gautam Buddha Nagar,61,Noida,GEN,Gautam Buddha Nagar,true,Uttar Pradesh 13-Gautam Buddha Nagar
9-13,9-62,Uttar Pradesh,13,Gautam Buddha Nagar,62,Dadri,GEN,Gautam Buddha Nagar,true,Uttar Pradesh 13-Gautam Buddha Nagar
9-13,9-63,Uttar Pradesh,13,Gautam Buddha Nagar,63,Jewar,GEN,Gautam Buddha Nagar,true,Uttar Pradesh 13-Gautam Buddha Nagar
9-13,9-64,Uttar Pradesh,13,Gautam Buddha Nagar,64,Sikandrabad,GEN,Bulandshahar,true,Uttar Pradesh 13-Gautam Buddha Nagar
9-13,9-70,Uttar Pradesh,13,Gautam Buddha Nagar,70,Khurja,SC,Bulandshahar,true,Uttar Pradesh 13-Gautam Buddha Nagar
9-14,9-65,Uttar Pradesh,14,Bulandshahr,65,Bulandshahr,GEN,Bulandshahar,true,Uttar Pradesh 14-Bulandshahr
9-14,9-66,Uttar Pradesh,14,Bulandshahr,66,Syana,GEN,Bulandshahar,true,Uttar Pradesh 14-Bulandshahr
9-14,9-67,Uttar Pradesh,14,Bulandshahr,67,Anupshahr,GEN,Bulandshahar,true,Uttar Pradesh 14-Bulandshahr
9-14,9-68,Uttar Pradesh,14,Bulandshahr,68,Debai,GEN,Bulandshahar,true,Uttar Pradesh 14-Bulandshahr
9-14,9-69,Uttar Pradesh,14,Bulandshahr,69,Shikarpur,GEN,Bulandshahar,true,Uttar Pradesh 14-Bulandshahr
9-15,9-71,Uttar Pradesh,15,Aligarh,71,Khair,SC,Bulandshahar,true,Uttar Pradesh 15-Aligarh
9-15,9-72,Uttar Pradesh,15,Aligarh,72,Baroli,GEN,Bulandshahar,,
9-15,9-73,Uttar Pradesh,15,Aligarh,73,Atrauli,GEN,Bulandshahar,true,Uttar Pradesh 15-Aligarh
9-15,9-75,Uttar Pradesh,15,Aligarh,75,Koil,GEN,Bulandshahar,true,Uttar Pradesh 15-Aligarh
9-15,9-76,Uttar Pradesh,15,Aligarh,76,Aligarh,GEN,Bulandshahar,true,Uttar Pradesh 15-Aligarh
9-16,9-74,Uttar Pradesh,16,Hathras,74,Chharra,GEN,Bulandshahar,true,Uttar Pradesh 16-Hathras
9-16,9-77,Uttar Pradesh,16,Hathras,77,Iglas,SC,Bulandshahar,true,Uttar Pradesh 16-Hathras
9-16,9-78,Uttar Pradesh,16,Hathras,78,Hathras,SC,Mahamaya Nagar,true,Uttar Pradesh 16-Hathras
9-16,9-79,Uttar Pradesh,16,Hathras,79,Sadabad,GEN,Mahamaya Nagar,true,Uttar Pradesh 16-Hathras
9-16,9-80,Uttar Pradesh,16,Hathras,80,Sikandra Rao,GEN,Mahamaya Nagar,true,Uttar Pradesh 16-Hathras
9-17,9-81,Uttar Pradesh,17,Mathura,81,Chhata,GEN,Mathura,true,Uttar Pradesh 17-Mathura
9-17,9-82,Uttar Pradesh,17,Mathura,82,Mant,GEN,Mathura,true,Uttar Pradesh 17-Mathura
9-17,9-83,Uttar Pradesh,17,Mathura,83,Goverdhan,GEN,Mathura,true,Uttar Pradesh 17-Mathura
9-17,9-84,Uttar Pradesh,17,Mathura,84,Mathura,GEN,Mathura,true,Uttar Pradesh 17-Mathura
9-17,9-85,Uttar Pradesh,17,Mathura,85,Baldev,SC,Mathura,true,Uttar Pradesh 17-Mathura
9-18,9-86,Uttar Pradesh,18,Agra,86,Etmadpur,GEN,Agra,true,Uttar Pradesh 18-Agra
9-18,9-87,Uttar Pradesh,18,Agra,87,Agra Cantt,SC,Agra,true,Uttar Pradesh 18-Agra
9-18,9-88,Uttar Pradesh,18,Agra,88,Agra South,GEN,Agra,true,Uttar Pradesh 18-Agra
9-18,9-89,Uttar Pradesh,18,Agra,89,Agra North,GEN,Agra,true,Uttar Pradesh 18-Agra
9-18,9-106,Uttar Pradesh,18,Agra,106,Jalesar,SC,Etah,true,Uttar Pradesh 18-Agra
9-19,9-90,Uttar Pradesh,19,Fatehpur Sikri,90,Agra Rural,SC,Agra,true,Uttar Pradesh 19-Fatehpur Sikri
9-19,9-91,Uttar Pradesh,19,Fatehpur Sikri,91,Fatehpur Sikri,GEN,Agra,true,Uttar Pradesh 19-Fatehpur Sikri
9-19,9-92,Uttar Pradesh,19,Fatehpur Sikri,92,Kheragarh,GEN,Agra,true,Uttar Pradesh 19-Fatehpur Sikri
9-19,9-93,Uttar Pradesh,19,Fatehpur Sikri,93,Fatehabad,GEN,Agra,true,Uttar Pradesh 19-Fatehpur Sikri
9-19,9-94,Uttar Pradesh,19,Fatehpur Sikri,94,Bah,GEN,Agra,true,Uttar Pradesh 19-Fatehpur Sikri
9-20,9-95,Uttar Pradesh,20,Firozabad,95,Tundla,SC,Firozabad,true,Uttar Pradesh 20-Firozabad
9-20,9-96,Uttar Pradesh,20,Firozabad,96,Jasrana,GEN,Firozabad,true,Uttar Pradesh 20-Firozabad
9-20,9-97,Uttar Pradesh,20,Firozabad,97,Firozabad,GEN,Firozabad,true,Uttar Pradesh 20-Firozabad
9-20,9-98,Uttar Pradesh,20,Firozabad,98,Shikohabad,GEN,Firozabad,true,Uttar Pradesh 20-Firozabad
9-20,9-99,Uttar Pradesh,20,Firozabad,99,Sirsaganj,GEN,Firozabad,true,Uttar Pradesh 20-Firozabad
9-21,9-107,Uttar Pradesh,21,Mainpuri,107,Mainpuri,GEN,Mainpuri,true,Uttar Pradesh 21-Mainpuri
9-21,9-108,Uttar Pradesh,21,Mainpuri,108,Bhongaon,GEN,Mainpuri,true,Uttar Pradesh 21-Mainpuri
9-21,9-109,Uttar Pradesh,21,Mainpuri,109,Kishni,SC,Mainpuri,,
9-21,9-110,Uttar Pradesh,21,Mainpuri,110,Karhal,GEN,Mainpuri,true,Uttar Pradesh 21-Mainpuri
9-21,9-199,Uttar Pradesh,21,Mainpuri,199,Jaswantnagar,GEN,Etawah,true,Uttar Pradesh 21-Mainpuri
9-22,9-100,Uttar Pradesh,22,Etah,100,Kasganj,GEN,Etah,true,Uttar Pradesh 22-Etah
9-22,9-101,Uttar Pradesh,22,Etah,101,Amanpur,GEN,Etah,true,Uttar Pradesh 22-Etah
9-22,9-102,Uttar Pradesh,22,Etah,102,Patiyali,GEN,Etah,true,Uttar Pradesh 22-Etah
9-22,9-104,Uttar Pradesh,22,Etah,104,Etah,GEN,Etah,true,Uttar Pradesh 22-Etah
9-22,9-105,Uttar Pradesh,22,Etah,105,Marhara,GEN,Etah,true,Uttar Pradesh 22-Etah
9-23,9-111,Uttar Pradesh,23,Badaun,111,Gunnaur,GEN,Budaun,true,Uttar Pradesh 23-Badaun
9-23,9-112,Uttar Pradesh,23,Badaun,112,Bisauli,SC,Budaun,true,Uttar Pradesh 23-Badaun
9-23,9-113,Uttar Pradesh,23,Badaun,113,Sahaswan,GEN,Budaun,true,Uttar Pradesh 23-Badaun
9-23,9-114,Uttar Pradesh,23,Badaun,114,Bilsi,GEN,Budaun,true,Uttar Pradesh 23-Badaun
9-23,9-115,Uttar Pradesh,23,Badaun,115,Badaun,GEN,Budaun,true,Uttar Pradesh 23-Badaun
9-24,9-116,Uttar Pradesh,24,Aonla,116,Shekhupur,GEN,Budaun,true,Uttar Pradesh 24-Aonla
9-24,9-117,Uttar Pradesh,24,Aonla,117,Dataganj,GEN,Budaun,true,Uttar Pradesh 24-Aonla
9-24,9-122,Uttar Pradesh,24,Aonla,122,Faridpur,SC,Bareilly,true,Uttar Pradesh 24-Aonla
9-24,9-123,Uttar Pradesh,24,Aonla,123,Bithari Chainpur,GEN,Bareilly,true,Uttar Pradesh 24-Aonla
9-24,9-126,Uttar Pradesh,24,Aonla,126,Aonla,GEN,Bareilly,true,Uttar Pradesh 24-Aonla
9-25,9-119,Uttar Pradesh,25,Bareilly,119,Meerganj,GEN,Bareilly,true,Uttar Pradesh 25-Bareilly
9-25,9-120,Uttar Pradesh,25,Bareilly,120,Bhojipura,GEN,Bareilly,true,Uttar Pradesh 25-Bareilly
9-25,9-121,Uttar Pradesh,25,Bareilly,121,Nawabganj,GEN,Bareilly,true,Uttar Pradesh 25-Bareilly
9-25,9-124,Uttar Pradesh,25,Bareilly,124,Bareilly,GEN,Bareilly,true,Uttar Pradesh 25-Bareilly
9-25,9-125,Uttar Pradesh,25,Bareilly,125,Bareilly Cantt,GEN,Bareilly,true,Uttar Pradesh 25-Bareilly
9-26,9-118,Uttar Pradesh,26,Pilibhit,118,Baheri,GEN,Bareilly,true,Uttar Pradesh 26-Pilibhit
9-26,9-127,Uttar Pradesh,26,Pilibhit,127,Pilibhit,GEN,Pilibhit,true,Uttar Pradesh 26-Pilibhit
9-26,9-128,Uttar Pradesh,26,Pilibhit,128,Barkhera,GEN,Pilibhit,true,Uttar Pradesh 26-Pilibhit
9-26,9-129,Uttar Pradesh,26,Pilibhit,129,Puranpur,SC,Pilibhit,true,Uttar Pradesh 26-Pilibhit
9-26,9-130,Uttar Pradesh,26,Pilibhit,130,Bisalpur,GEN,Pilibhit,true,Uttar Pradesh 26-Pilibhit
9-27,9-131,Uttar Pradesh,27,Shahjahanpur,131,Katra,GEN,Shahjahanpur,true,Uttar Pradesh 27-Shahjahanpur
9-27,9-132,Uttar Pradesh,27,Shahjahanpur,132,Jalalabad,GEN,Shahjahanpur,true,Uttar Pradesh 27-Shahjahanpur
9-27,9-133,Uttar Pradesh,27,Shahjahanpur,133,Tilhar,GEN,Shahjahanpur,true,Uttar Pradesh 27-Shahjahanpur
9-27,9-134,Uttar Pradesh,27,Shahjahanpur,134,Powayan,SC,Shahjahanpur,true,Uttar Pradesh 27-Shahjahanpur
9-27,9-135,Uttar Pradesh,27,Shahjahanpur,135,Shahjahanpur,GEN,Shahjahanpur,true,Uttar Pradesh 27-Shahjahanpur
9-27,9-136,Uttar Pradesh,27,Shahjahanpur,136,Dadral,GEN,Shahjahanpur,,
9-28,9-137,Uttar Pradesh,28,Kheri,137,Palia,GEN,Kheri,true,Uttar Pradesh 28-Kheri
9-28,9-138,Uttar Pradesh,28,Kheri,138,Nighasan,GEN,Kheri,true,Uttar Pradesh 28-Kheri
9-28,9-139,Uttar Pradesh,28,Kheri,139,Gola Gokrannath,GEN,Kheri,true,Uttar Pradesh 28-Kheri
9-28,9-140,Uttar Pradesh,28,Kheri,140,Sri Nagar,SC,Kheri,true,Uttar Pradesh 28-Kheri
9-28,9-142,Uttar Pradesh,28,Kheri,142,Lakhimpur,GEN,Kheri,true,Uttar Pradesh 28-Kheri
9-29,9-141,Uttar Pradesh,29,Dhaurahra,141,Dhaurahra,GEN,Kheri,true,Uttar Pradesh 29-Dhaurahra
9-29,9-143,Uttar Pradesh,29,Dhaurahra,143,Kasta,SC,Kheri,true,Uttar Pradesh 29-Dhaurahra
9-29,9-144,Uttar Pradesh,29,Dhaurahra,144,Mohammdi,GEN,Kheri,true,Uttar Pradesh 29-Dhaurahra
9-29,9-145,Uttar Pradesh,29,Dhaurahra,145,Maholi,GEN,Sitapur,true,Uttar Pradesh 29-Dhaurahra
9-29,9-147,Uttar Pradesh,29,Dhaurahra,147,Hargaon,SC,Sitapur,true,Uttar Pradesh 29-Dhaurahra
9-30,9-146,Uttar Pradesh,30,Sitapur,146,Sitapur,GEN,Sitapur,true,Uttar Pradesh 30-Sitapur
9-30,9-148,Uttar Pradesh,30,Sitapur,148,Laharpur,GEN,Sitapur,true,Uttar Pradesh 30-Sitapur
9-30,9-149,Uttar Pradesh,30,Sitapur,149,Biswan,GEN,Sitapur,true,Uttar Pradesh 30-Sitapur
9-30,9-150,Uttar Pradesh,30,Sitapur,150,Sevata,GEN,Sitapur,true,Uttar Pradesh 30-Sitapur
9-30,9-151,Uttar Pradesh,30,Sitapur,151,Mahmoodabad,GEN,Sitapur,true,Uttar Pradesh 30-Sitapur
9-31,9-154,Uttar Pradesh,31,Hardoi,154,Sawayazpur,GEN,Hardoi,,
9-31,9-155,Uttar Pradesh,31,Hardoi,155,Shahabad,GEN,Hardoi,true,Uttar Pradesh 31-Hardoi
9-31,9-156,Uttar Pradesh,31,Hardoi,156,Hardoi,GEN,Hardoi,true,Uttar Pradesh 31-Hardoi
9-31,9-157,Uttar Pradesh,31,Hardoi,157,Gopamau,SC,Hardoi,true,Uttar Pradesh 31-Hardoi
9-31,9-158,Uttar Pradesh,31,Hardoi,158,Sandi,SC,Hardoi,true,Uttar Pradesh 31-Hardoi
9-32,9-153,Uttar Pradesh,32,Misrikh,153,Misrikh,SC,Sitapur,true,Uttar Pradesh 32-Misrikh
9-32,9-159,Uttar Pradesh,32,Misrikh,159,Bilgram-Mallanwan,GEN,Hardoi,true,Uttar Pradesh 32-Misrikh
9-32,9-160,Uttar Pradesh,32,Misrikh,160,Balamau,SC,Hardoi,true,Uttar Pradesh 32-Misrikh
9-32,9-161,Uttar Pradesh,32,Misrikh,161,Sandila,GEN,Hardoi,true,Uttar Pradesh 32-Misrikh
9-32,9-209,Uttar Pradesh,32,Misrikh,209,Bilhaur,SC,Kanpur Nagar,true,Uttar Pradesh 32-Misrikh
9-33,9-162,Uttar Pradesh,33,Unnao,162,Bangermau,GEN,Unnao,true,Uttar Pradesh 33-Unnao
9-33,9-163,Uttar Pradesh,33,Unnao,163,Safipur,SC,Unnao,true,Uttar Pradesh 33-Unnao
9-33,9-164,Uttar Pradesh,33,Unnao,164,Mohan,SC,Unnao,true,Uttar Pradesh 33-Unnao
9-33,9-165,Uttar Pradesh,33,Unnao,165,Unnao,GEN,Unnao,true,Uttar Pradesh 33-Unnao
9-33,9-166,Uttar Pradesh,33,Unnao,166,Bhagwantnagar,GEN,Unnao,true,Uttar Pradesh 33-Unnao
9-33,9-167,Uttar Pradesh,33,Unnao,167,Purwa,GEN,Unnao,true,Uttar Pradesh 33-Unnao
9-34,9-152,Uttar Pradesh,34,Mohanlalganj,152,Sidhauli,SC,Sitapur,true,Uttar Pradesh 34-Mohanlalganj
9-34,9-168,Uttar Pradesh,34,Mohanlalganj,168,Malihabad,SC,Lucknow,true,Uttar Pradesh 34-Mohanlalganj
9-34,9-169,Uttar Pradesh,34,Mohanlalganj,169,Bakshi Kaa Talab,GEN,Lucknow,true,Uttar Pradesh 34-Mohanlalganj
9-34,9-170,Uttar Pradesh,34,Mohanlalganj,170,Sarojini Nagar,GEN,Lucknow,true,Uttar Pradesh 34-Mohanlalganj
9-34,9-176,Uttar Pradesh,34,Mohanlalganj,176,Mohanlalganj,SC,Lucknow,true,Uttar Pradesh 34-Mohanlalganj
9-35,9-171,Uttar Pradesh,35,Lucknow,171,Lucknow West,GEN,Lucknow,true,Uttar Pradesh 35-Lucknow
9-35,9-172,Uttar Pradesh,35,Lucknow,172,Lucknow North,GEN,Lucknow,true,Uttar Pradesh 35-Lucknow
9-35,9-173,Uttar Pradesh,35,Lucknow,173,Lucknow East,GEN,Lucknow,true,Uttar Pradesh 35-Lucknow
9-35,9-174,Uttar Pradesh,35,Lucknow,174,Lucknow Central,GEN,Lucknow,true,Uttar Pradesh 35-Lucknow
9-35,9-175,Uttar Pradesh,35,Lucknow,175,Lucknow Cantt,GEN,Lucknow,true,Uttar Pradesh 35-Lucknow
9-36,9-177,Uttar Pradesh,36,Rae Bareli,177,Bachhrawan,SC,Rae Bareli,true,Uttar Pradesh 36-Rae Bareli
9-36,9-179,Uttar Pradesh,36,Rae Bareli,179,Harchandpur,GEN,Rae Bareli,true,Uttar Pradesh 36-Rae Bareli
9-36,9-180,Uttar Pradesh,36,Rae Bareli,180,Rae Bareli,GEN,Rae Bareli,true,Uttar Pradesh 36-Rae Bareli
9-36,9-182,Uttar Pradesh,36,Rae Bareli,182,Sareni,GEN,Rae Bareli,true,Uttar Pradesh 36-Rae Bareli
9-36,9-183,Uttar Pradesh,36,Rae Bareli,183,Unchahar,GEN,Rae Bareli,true,Uttar Pradesh 36-Rae Bareli
9-37,9-178,Uttar Pradesh,37,Amethi,178,Tiloi,GEN,Rae Bareli,true,Uttar Pradesh 37-Amethi
9-37,9-181,Uttar Pradesh,37,Amethi,181,Salon,SC,Rae Bareli,true,Uttar Pradesh 37-Amethi
9-37,9-184,Uttar Pradesh,37,Amethi,184,Jagdishpur,SC,Sultanpur,true,Uttar Pradesh 37-Amethi
9-37,9-185,Uttar Pradesh,37,Amethi,185,Gauriganj,GEN,Sultanpur,true,Uttar Pradesh 37-Amethi
9-37,9-186,Uttar Pradesh,37,Amethi,186,Amethi,GEN,Sultanpur,true,Uttar Pradesh 37-Amethi
9-38,9-187,Uttar Pradesh,38,Sultanpur,187,Isauli,GEN,Sultanpur,true,Uttar Pradesh 38-Sultanpur
9-38,9-188,Uttar Pradesh,38,Sultanpur,188,Sultanpur,GEN,Sultanpur,true,Uttar Pradesh 38-Sultanpur
9-38,9-189,Uttar Pradesh,38,Sultanpur,189,Sadar,GEN,Sultanpur,true,Uttar Pradesh 38-Sultanpur
9-38,9-190,Uttar Pradesh,38,Sultanpur,190,Lambhua,GEN,Sultanpur,true,Uttar Pradesh 38-Sultanpur
9-38,9-191,Uttar Pradesh,38,Sultanpur,191,Kadipur,SC,Sultanpur,true,Uttar Pradesh 38-Sultanpur
9-39,9-244,Uttar Pradesh,39,Pratapgarh,244,Rampur Khas,GEN,Pratapgarh,true,Uttar Pradesh 39-Pratapgarh
9-39,9-247,Uttar Pradesh,39,Pratapgarh,247,Vishwanath Ganj,GEN,Pratapgarh,,
9-39,9-248,Uttar Pradesh,39,Pratapgarh,248,Pratapgarh,GEN,Pratapgarh,true,Uttar Pradesh 39-Pratapgarh
9-39,9-249,Uttar Pradesh,39,Pratapgarh,249,Patti,GEN,Pratapgarh,true,Uttar Pradesh 39-Pratapgarh
9-39,9-250,Uttar Pradesh,39,Pratapgarh,250,Raniganj,GEN,Pratapgarh,true,Uttar Pradesh 39-Pratapgarh
9-40,9-103,Uttar Pradesh,40,Farrukhabad,103,Aliganj,GEN,Etah,true,Uttar Pradesh 40-Farrukhabad
9-40,9-192,Uttar Pradesh,40,Farrukhabad,192,Kaimganj,SC,Farrukhabad,true,Uttar Pradesh 40-Farrukhabad
9-40,9-193,Uttar Pradesh,40,Farrukhabad,193,Amritpur,GEN,Farrukhabad,true,Uttar Pradesh 40-Farrukhabad
9-40,9-194,Uttar Pradesh,40,Farrukhabad,194,Farrukhabad,GEN,Farrukhabad,true,Uttar Pradesh 40-Farrukhabad
9-40,9-195,Uttar Pradesh,40,Farrukhabad,195,Bhojpur,GEN,Farrukhabad,true,Uttar Pradesh 40-Farrukhabad
9-41,9-200,Uttar Pradesh,41,Etawah,200,Etawah,GEN,Etawah,true,Uttar Pradesh 41-Etawah
9-41,9-201,Uttar Pradesh,41,Etawah,201,Bharthana,SC,Etawah,true,Uttar Pradesh 41-Etawah
9-41,9-203,Uttar Pradesh,41,Etawah,203,Dibiyapur,GEN,Auraiya,true,Uttar Pradesh 41-Etawah
9-41,9-204,Uttar Pradesh,41,Etawah,204,Auraiya,SC,Auraiya,true,Uttar Pradesh 41-Etawah
9-41,9-207,Uttar Pradesh,41,Etawah,207,Sikandra,GEN,Kanpur Dehat,true,Uttar Pradesh 41-Etawah
9-42,9-196,Uttar Pradesh,42,Kannauj,196,Chhibramau,GEN,Kannauj,true,Uttar Pradesh 42-Kannauj
9-42,9-197,Uttar Pradesh,42,Kannauj,197,Tirwa,GEN,Kannauj,true,Uttar Pradesh 42-Kannauj
9-42,9-198,Uttar Pradesh,42,Kannauj,198,Kannauj,SC,Kannauj,true,Uttar Pradesh 42-Kannauj
9-42,9-202,Uttar Pradesh,42,Kannauj,202,Bidhuna,GEN,Auraiya,true,Uttar Pradesh 42-Kannauj
9-42,9-205,Uttar Pradesh,42,Kannauj,205,Rasulabad,SC,Kanpur Dehat,true,Uttar Pradesh 42-Kannauj
9-43,9-212,Uttar Pradesh,43,Kanpur,212,Govindnagar,GEN,Kanpur Nagar,true,Uttar Pradesh 43-Kanpur
9-43,9-213,Uttar Pradesh,43,Kanpur,213,Sishamau,GEN,Kanpur Nagar,true,Uttar Pradesh 43-Kanpur
9-43,9-214,Uttar Pradesh,43,Kanpur,214,Arya Nagar,GEN,Kanpur Nagar,true,Uttar Pradesh 43-Kanpur
9-43,9-215,Uttar Pradesh,43,Kanpur,215,Kidwai Nagar,GEN,Kanpur Nagar,true,Uttar Pradesh 43-Kanpur
9-43,9-216,Uttar Pradesh,43,Kanpur,216,Kanpur Cantt,GEN,Kanpur Nagar,true,Uttar Pradesh 43-Kanpur
9-44,9-206,Uttar Pradesh,44,Akbarpur,206,Akbarpur-Raniya,GEN,Kanpur Dehat,true,Uttar Pradesh 44-Akbarpur
9-44,9-210,Uttar Pradesh,44,Akbarpur,210,Bithoor,GEN,Kanpur Nagar,true,Uttar Pradesh 44-Akbarpur
9-44,9-211,Uttar Pradesh,44,Akbarpur,211,Kalyanpur,GEN,Kanpur Nagar,true,Uttar Pradesh 44-Akbarpur
9-44,9-217,Uttar Pradesh,44,Akbarpur,217,Maharajpur,GEN,Kanpur Nagar,true,Uttar Pradesh 44-Akbarpur
9-44,9-218,Uttar Pradesh,44,Akbarpur,218,Ghatampur,SC,Kanpur Nagar,true,Uttar Pradesh 44-Akbarpur
9-45,9-208,Uttar Pradesh,45,Jalaun,208,Bhognipur,GEN,Kanpur Dehat,true,Uttar Pradesh 45-Jalaun
9-45,9-219,Uttar Pradesh,45,Jalaun,219,Madhaugarh,GEN,Jalaun,true,Uttar Pradesh 45-Jalaun
9-45,9-220,Uttar Pradesh,45,Jalaun,220,Kalpi,GEN,Jalaun,true,Uttar Pradesh 45-Jalaun
9-45,9-221,Uttar Pradesh,45,Jalaun,221,Orai,SC,Jalaun,true,Uttar Pradesh 45-Jalaun
9-45,9-225,Uttar Pradesh,45,Jalaun,225,Garautha,GEN,Jhansi,true,Uttar Pradesh 45-Jalaun
9-46,9-222,Uttar Pradesh,46,Jhansi,222,Babina,GEN,Jhansi,true,Uttar Pradesh 46-Jhansi
9-46,9-223,Uttar Pradesh,46,Jhansi,223,Jhansi Nagar,GEN,Jhansi,true,Uttar Pradesh 46-Jhansi
9-46,9-224,Uttar Pradesh,46,Jhansi,224,Mauranipur,SC,Jhansi,true,Uttar Pradesh 46-Jhansi
9-46,9-226,Uttar Pradesh,46,Jhansi,226,Lalitpur,GEN,Lalitpur,true,Uttar Pradesh 46-Jhansi
9-46,9-227,Uttar Pradesh,46,Jhansi,227,Mehroni,SC,Lalitpur,true,Uttar Pradesh 46-Jhansi
9-47,9-228,Uttar Pradesh,47,Hamirpur,228,Hamirpur,GEN,Hamirpur,true,Uttar Pradesh 47-Hamirpur
9-47,9-229,Uttar Pradesh,47,Hamirpur,229,Rath,SC,Hamirpur,true,Uttar Pradesh 47-Hamirpur
9-47,9-230,Uttar Pradesh,47,Hamirpur,230,Mahoba,GEN,Mahoba,true,Uttar Pradesh 47-Hamirpur
9-47,9-231,Uttar Pradesh,47,Hamirpur,231,Charkhari,GEN,Mahoba,true,Uttar Pradesh 47-Hamirpur
9-47,9-232,Uttar Pradesh,47,Hamirpur,232,Tindwari,GEN,Banda,true,Uttar Pradesh 47-Hamirpur
9-48,9-233,Uttar Pradesh,48,Banda,233,Baberu,GEN,Banda,true,Uttar Pradesh 48-Banda
9-48,9-234,Uttar Pradesh,48,Banda,234,Naraini,SC,Banda,true,Uttar Pradesh 48-Banda
9-48,9-235,Uttar Pradesh,48,Banda,235,Banda,GEN,Banda,true,Uttar Pradesh 48-Banda
9-48,9-236,Uttar Pradesh,48,Banda,236,Chitrakoot,GEN,Chitrakoot,true,Uttar Pradesh 48-Banda
9-48,9-237,Uttar Pradesh,48,Banda,237,Manikpur,GEN,Chitrakoot,true,Uttar Pradesh 48-Banda
9-49,9-238,Uttar Pradesh,49,Fatehpur,238,Jahanabad,GEN,Fatehpur,true,Uttar Pradesh 49-Fatehpur
9-49,9-239,Uttar Pradesh,49,Fatehpur,239,Bindki,GEN,Fatehpur,true,Uttar Pradesh 49-Fatehpur
9-49,9-240,Uttar Pradesh,49,Fatehpur,240,Fatehpur,GEN,Fatehpur,true,Uttar Pradesh 49-Fatehpur
9-49,9-241,Uttar Pradesh,49,Fatehpur,241,Ayah Shah,GEN,Fatehpur,true,Uttar Pradesh 49-Fatehpur
9-49,9-242,Uttar Pradesh,49,Fatehpur,242,Husainganj,GEN,Fatehpur,true,Uttar Pradesh 49-Fatehpur
9-49,9-243,Uttar Pradesh,49,Fatehpur,243,Khaga,SC,Fatehpur,true,Uttar Pradesh 49-Fatehpur
9-50,9-245,Uttar Pradesh,50,Kaushambi,245,Babaganj,SC,Pratapgarh,true,Uttar Pradesh 50-Kaushambi
9-50,9-246,Uttar Pradesh,50,Kaushambi,246,Kunda,GEN,Pratapgarh,true,Uttar Pradesh 50-Kaushambi
9-50,9-251,Uttar Pradesh,50,Kaushambi,251,Sirathu,GEN,Kaushambi,true,Uttar Pradesh 50-Kaushambi
9-50,9-252,Uttar Pradesh,50,Kaushambi,252,Manjhanpur,SC,Kaushambi,true,Uttar Pradesh 50-Kaushambi
9-50,9-253,Uttar Pradesh,50,Kaushambi,253,Chail,GEN,Kaushambi,true,Uttar Pradesh 50-Kaushambi
9-51,9-254,Uttar Pradesh,51,Phulpur,254,Phaphamau,GEN,Allahabad,true,Uttar Pradesh 51-Phulpur
9-51,9-255,Uttar Pradesh,51,Phulpur,255,Soraon,SC,Allahabad,true,Uttar Pradesh 51-Phulpur
9-51,9-256,Uttar Pradesh,51,Phulpur,256,Phulpur,GEN,Allahabad,true,Uttar Pradesh 51-Phulpur
9-51,9-261,Uttar Pradesh,51,Phulpur,261,Allahabad West,GEN,Allahabad,true,Uttar Pradesh 51-Phulpur
9-51,9-262,Uttar Pradesh,51,Phulpur,262,Allahabad North,GEN,Allahabad,true,Uttar Pradesh 51-Phulpur
9-52,9-259,Uttar Pradesh,52,Allahabad,259,Meja,GEN,Allahabad,true,Uttar Pradesh 52-Allahabad
9-52,9-260,Uttar Pradesh,52,Allahabad,260,Karachhana,GEN,Allahabad,true,Uttar Pradesh 52-Allahabad
9-52,9-263,Uttar Pradesh,52,Allahabad,263,Allahabad South,GEN,Allahabad,true,Uttar Pradesh 52-Allahabad
9-52,9-264,Uttar Pradesh,52,Allahabad,264,Bara,SC,Allahabad,true,Uttar Pradesh 52-Allahabad
9-52,9-265,Uttar Pradesh,52,Allahabad,265,Koraon,SC,Allahabad,true,Uttar Pradesh 52-Allahabad
9-53,9-266,Uttar Pradesh,53,Barabanki,266,Kursi,GEN,Barabanki,true,Uttar Pradesh 53-Barabanki
9-53,9-267,Uttar Pradesh,53,Barabanki,267,Ram Nagar,GEN,Barabanki,true,Uttar Pradesh 53-Barabanki
9-53,9-268,Uttar Pradesh,53,Barabanki,268,Barabanki,GEN,Barabanki,true,Uttar Pradesh 53-Barabanki
9-53,9-269,Uttar Pradesh,53,Barabanki,269,Zaidpur,SC,Barabanki,true,Uttar Pradesh 53-Barabanki
9-53,9-272,Uttar Pradesh,53,Barabanki,272,Haidergarh,SC,Barabanki,true,Uttar Pradesh 53-Barabanki
9-54,9-270,Uttar Pradesh,54,Faizabad,270,Dariyabad,GEN,Barabanki,true,Uttar Pradesh 54-Faizabad
9-54,9-271,Uttar Pradesh,54,Faizabad,271,Rudauli,GEN,Barabanki,true,Uttar Pradesh 54-Faizabad
9-54,9-273,Uttar Pradesh,54,Faizabad,273,Milkipur,SC,Faizabad,true,Uttar Pradesh 54-Faizabad
9-54,9-274,Uttar Pradesh,54,Faizabad,274,Bikapur,GEN,Faizabad,true,Uttar Pradesh 54-Faizabad
9-54,9-275,Uttar Pradesh,54,Faizabad,275,Ayodhya,GEN,Faizabad,true,Uttar Pradesh 54-Faizabad
9-55,9-276,Uttar Pradesh,55,Ambedkar Nagar,276,Goshainganj,GEN,Faizabad,true,Uttar Pradesh 55-Ambedkar Nagar
9-55,9-277,Uttar Pradesh,55,Ambedkar Nagar,277,Katehari,GEN,Ambedkar Nagar,true,Uttar Pradesh 55-Ambedkar Nagar
9-55,9-278,Uttar Pradesh,55,Ambedkar Nagar,278,Tanda,GEN,Ambedkar Nagar,true,Uttar Pradesh 55-Ambedkar Nagar
9-55,9-280,Uttar Pradesh,55,Ambedkar Nagar,280,Jalalpur,GEN,Ambedkar Nagar,true,Uttar Pradesh 55-Ambedkar Nagar
9-55,9-281,Uttar Pradesh,55,Ambedkar Nagar,281,Akbarpur,GEN,Ambedkar Nagar,true,Uttar Pradesh 55-Ambedkar Nagar
9-56,9-282,Uttar Pradesh,56,Bahraich,282,Balha,SC,Bahraich,true,Uttar Pradesh 56-Bahraich
9-56,9-283,Uttar Pradesh,56,Bahraich,283,Nanpara,GEN,Bahraich,true,Uttar Pradesh 56-Bahraich
9-56,9-284,Uttar Pradesh,56,Bahraich,284,Matera,GEN,Bahraich,true,Uttar Pradesh 56-Bahraich
9-56,9-285,Uttar Pradesh,56,Bahraich,285,Mahasi,GEN,Bahraich,true,Uttar Pradesh 56-Bahraich
9-56,9-286,Uttar Pradesh,56,Bahraich,286,Bahraich,GEN,Bahraich,true,Uttar Pradesh 56-Bahraich
9-57,9-287,Uttar Pradesh,57,Kaiserganj,287,Payagpur,GEN,Bahraich,true,Uttar Pradesh 57-Kaiserganj
9-57,9-288,Uttar Pradesh,57,Kaiserganj,288,Kaiserganj,GEN,Bahraich,true,Uttar Pradesh 57-Kaiserganj
9-57,9-297,Uttar Pradesh,57,Kaiserganj,297,Katra Bazar,GEN,Gonda,true,Uttar Pradesh 57-Kaiserganj
9-57,9-298,Uttar Pradesh,57,Kaiserganj,298,Colonelganj,GEN,Gonda,true,Uttar Pradesh 57-Kaiserganj
9-57,9-299,Uttar Pradesh,57,Kaiserganj,299,Tarabganj,GEN,Gonda,true,Uttar Pradesh 57-Kaiserganj
9-58,9-289,Uttar Pradesh,58,Shrawasti,289,Bhinga,GEN,Shrawasti,true,Uttar Pradesh 58-Shrawasti
9-58,9-290,Uttar Pradesh,58,Shrawasti,290,Shrawasti,GEN,Shrawasti,true,Uttar Pradesh 58-Shrawasti
9-58,9-291,Uttar Pradesh,58,Shrawasti,291,Tulsipur,GEN,Balrampur,true,Uttar Pradesh 58-Shrawasti
9-58,9-292,Uttar Pradesh,58,Shrawasti,292,Gainsari,GEN,Balrampur,true,Uttar Pradesh 58-Shrawasti
9-58,9-294,Uttar Pradesh,58,Shrawasti,294,Balrampur,SC,Balrampur,true,Uttar Pradesh 58-Shrawasti
9-59,9-293,Uttar Pradesh,59,Gonda,293,Utraula,GEN,Balrampur,true,Uttar Pradesh 59-Gonda
9-59,9-295,Uttar Pradesh,59,Gonda,295,Mehnaun,GEN,Gonda,true,Uttar Pradesh 59-Gonda
9-59,9-296,Uttar Pradesh,59,Gonda,296,Gonda,GEN,Gonda,true,Uttar Pradesh 59-Gonda
9-59,9-300,Uttar Pradesh,59,Gonda,300,Mankapur,SC,Gonda,true,Uttar Pradesh 59-Gonda
9-59,9-301,Uttar Pradesh,59,Gonda,301,Gaura,GEN,Gonda,true,Uttar Pradesh 59-Gonda
9-60,9-302,Uttar Pradesh,60,Domariyaganj,302,Shohratgarh,GEN,Siddharthnagar,true,Uttar Pradesh 60-Domariyaganj
9-60,9-303,Uttar Pradesh,60,Domariyaganj,303,Kapilvastu,SC,Siddharthnagar,true,Uttar Pradesh 60-Domariyaganj
9-60,9-304,Uttar Pradesh,60,Domariyaganj,304,Bansi,GEN,Siddharthnagar,true,Uttar Pradesh 60-Domariyaganj
9-60,9-305,Uttar Pradesh,60,Domariyaganj,305,Itwa,GEN,Siddharthnagar,true,Uttar Pradesh 60-Domariyaganj
9-60,9-306,Uttar Pradesh,60,Domariyaganj,306,Domariyaganj,GEN,Siddharthnagar,true,Uttar Pradesh 60-Domariyaganj
9-61,9-307,Uttar Pradesh,61,Basti,307,Harraiya,GEN,Basti,true,Uttar Pradesh 61-Basti
9-61,9-308,Uttar Pradesh,61,Basti,308,Kaptanganj,GEN,Basti,true,Uttar Pradesh 61-Basti
9-61,9-309,Uttar Pradesh,61,Basti,309,Rudhauli,GEN,Basti,true,Uttar Pradesh 61-Basti
9-61,9-310,Uttar Pradesh,61,Basti,310,Basti Sadar,GEN,Basti,true,Uttar Pradesh 61-Basti
9-61,9-311,Uttar Pradesh,61,Basti,311,Mahadewa,SC,Basti,true,Uttar Pradesh 61-Basti
9-62,9-279,Uttar Pradesh,62,Sant Kabir Nagar,279,Alapur,SC,Ambedkar Nagar,false,Uttar Pradesh 68-Lalganj
9-62,9-312,Uttar Pradesh,62,Sant Kabir Nagar,312,Menhdawal,GEN,Sant Kabir Nagar,true,Uttar Pradesh 62-Sant Kabir Nagar
9-62,9-313,Uttar Pradesh,62,Sant Kabir Nagar,313,Khalilabad,GEN,Sant Kabir Nagar,true,Uttar Pradesh 62-Sant Kabir Nagar
9-62,9-314,Uttar Pradesh,62,Sant Kabir Nagar,314,Dhanghata,SC,Sant Kabir Nagar,true,Uttar Pradesh 62-Sant Kabir Nagar
9-62,9-325,Uttar Pradesh,62,Sant Kabir Nagar,325,Khajani,SC,Gorakhpur,true,Uttar Pradesh 62-Sant Kabir Nagar
9-63,9-315,Uttar Pradesh,63,Maharajganj,315,Pharenda,GEN,Maharajganj,true,Uttar Pradesh 63-Maharajganj
9-63,9-316,Uttar Pradesh,63,Maharajganj,316,Nautanwa,GEN,Maharajganj,true,Uttar Pradesh 63-Maharajganj
9-63,9-317,Uttar Pradesh,63,Maharajganj,317,Siswa,GEN,Maharajganj,true,Uttar Pradesh 63-Maharajganj
9-63,9-318,Uttar Pradesh,63,Maharajganj,318,Maharajganj,SC,Maharajganj,true,Uttar Pradesh 63-Maharajganj
9-63,9-319,Uttar Pradesh,63,Maharajganj,319,Paniyara,GEN,Maharajganj,,
9-64,9-320,Uttar Pradesh,64,Gorakhpur,320,Caimpiyarganj,GEN,Gorakhpur,true,Uttar Pradesh 64-Gorakhpur
9-64,9-321,Uttar Pradesh,64,Gorakhpur,321,Pipraich,GEN,Gorakhpur,true,Uttar Pradesh 64-Gorakhpur
9-64,9-322,Uttar Pradesh,64,Gorakhpur,322,Gorakhpur Urban,GEN,Gorakhpur,true,Uttar Pradesh 64-Gorakhpur
9-64,9-323,Uttar Pradesh,64,Gorakhpur,323,Gorakhpur Rural,GEN,Gorakhpur,true,Uttar Pradesh 64-Gorakhpur
9-64,9-324,Uttar Pradesh,64,Gorakhpur,324,Sahajanwa,GEN,Gorakhpur,true,Uttar Pradesh 64-Gorakhpur
9-65,9-329,Uttar Pradesh,65,Kushi Nagar,329,Khadda,GEN,Kushi Nagar,true,Uttar Pradesh 65-Kushi Nagar
9-65,9-330,Uttar Pradesh,65,Kushi Nagar,330,Padrauna,GEN,Kushi Nagar,true,Uttar Pradesh 65-Kushi Nagar
9-65,9-333,Uttar Pradesh,65,Kushi Nagar,333,Kushinagar,GEN,Kushi Nagar,true,Uttar Pradesh 65-Kushi Nagar
9-65,9-334,Uttar Pradesh,65,Kushi Nagar,334,Hata,GEN,Kushi Nagar,true,Uttar Pradesh 65-Kushi Nagar
9-65,9-335,Uttar Pradesh,65,Kushi Nagar,335,Ramkola,SC,Kushi Nagar,true,Uttar Pradesh 65-Kushi Nagar
9-66,9-331,Uttar Pradesh,66,Deoria,331,Tamkuhi Raj,GEN,Kushi Nagar,true,Uttar Pradesh 66-Deoria
9-66,9-332,Uttar Pradesh,66,Deoria,332,Fazilnagar,GEN,Kushi Nagar,true,Uttar Pradesh 66-Deoria
9-66,9-337,Uttar Pradesh,66,Deoria,337,Deoria,GEN,Deoria,true,Uttar Pradesh 66-Deoria
9-66,9-338,Uttar Pradesh,66,Deoria,338,Pathardeva,GEN,Deoria,true,Uttar Pradesh 66-Deoria
9-66,9-339,Uttar Pradesh,66,Deoria,339,Rampur Karkhana,GEN,Deoria,true,Uttar Pradesh 66-Deoria
9-67,9-326,Uttar Pradesh,67,Bansgaon,326,Chauri-Chaura,GEN,Gorakhpur,true,Uttar Pradesh 67-Bansgaon
9-67,9-327,Uttar Pradesh,67,Bansgaon,327,Bansgaon,SC,Gorakhpur,true,Uttar Pradesh 67-Bansgaon
9-67,9-328,Uttar Pradesh,67,Bansgaon,328,Chillupar,GEN,Gorakhpur,true,Uttar Pradesh 67-Bansgaon
9-67,9-336,Uttar Pradesh,67,Bansgaon,336,Rudrapur,GEN,Deoria,true,Uttar Pradesh 67-Bansgaon
9-67,9-342,Uttar Pradesh,67,Bansgaon,342,Barhaj,GEN,Deoria,true,Uttar Pradesh 67-Bansgaon
9-68,9-343,Uttar Pradesh,68,Lalganj,343,Atrauliya,GEN,Azamgarh,true,Uttar Pradesh 68-Lalganj
9-68,9-348,Uttar Pradesh,68,Lalganj,348,Nizamabad,GEN,Azamgarh,true,Uttar Pradesh 68-Lalganj
9-68,9-349,Uttar Pradesh,68,Lalganj,349,Phoolpur-Pawai,GEN,Azamgarh,true,Uttar Pradesh 68-Lalganj
9-68,9-350,Uttar Pradesh,68,Lalganj,350,Didarganj,GEN,Azamgarh,true,Uttar Pradesh 68-Lalganj
9-68,9-351,Uttar Pradesh,68,Lalganj,351,Lalganj,SC,Azamgarh,true,Uttar Pradesh 68-Lalganj
9-69,9-344,Uttar Pradesh,69,Azamgarh,344,Gopalpur,GEN,Azamgarh,true,Uttar Pradesh 69-Azamgarh
9-69,9-345,Uttar Pradesh,69,Azamgarh,345,Sagri,GEN,Azamgarh,true,Uttar Pradesh 69-Azamgarh
9-69,9-346,Uttar Pradesh,69,Azamgarh,346,Mubarakpur,GEN,Azamgarh,true,Uttar Pradesh 69-Azamgarh
9-69,9-347,Uttar Pradesh,69,Azamgarh,347,Azamgarh,GEN,Azamgarh,true,Uttar Pradesh 69-Azamgarh
9-69,9-352,Uttar Pradesh,69,Azamgarh,352,Mehnagar,SC,Azamgarh,true,Uttar Pradesh 69-Azamgarh
9-70,9-353,Uttar Pradesh,70,Ghosi,353,Madhuban,GEN,Mau,true,Uttar Pradesh 70-Ghosi
9-70,9-354,Uttar Pradesh,70,Ghosi,354,Ghosi,GEN,Mau,true,Uttar Pradesh 70-Ghosi
9-70,9-355,Uttar Pradesh,70,Ghosi,355,Muhammadabad-Gohna,SC,Mau,true,Uttar Pradesh 70-Ghosi
9-70,9-356,Uttar Pradesh,70,Ghosi,356,Mau,GEN,Mau,true,Uttar Pradesh 70-Ghosi
9-70,9-358,Uttar Pradesh,70,Ghosi,358,Rasara,GEN,Ballia,true,Uttar Pradesh 70-Ghosi
9-71,9-340,Uttar Pradesh,71,Salempur,340,Bhatpar Rani,GEN,Deoria,true,Uttar Pradesh 71-Salempur
9-71,9-341,Uttar Pradesh,71,Salempur,341,Salempur,SC,Deoria,true,Uttar Pradesh 71-Salempur
9-71,9-357,Uttar Pradesh,71,Salempur,357,Belthara Road,SC,Ballia,true,Uttar Pradesh 71-Salempur
9-71,9-359,Uttar Pradesh,71,Salempur,359,Sikanderpur,GEN,Ballia,true,Uttar Pradesh 71-Salempur
9-71,9-362,Uttar Pradesh,71,Salempur,362,Bansdih,GEN,Ballia,true,Uttar Pradesh 71-Salempur
9-72,9-360,Uttar Pradesh,72,Ballia,360,Phephana,GEN,Ballia,true,Uttar Pradesh 72-Ballia
9-72,9-361,Uttar Pradesh,72,Ballia,361,Ballia Nagar,GEN,Ballia,true,Uttar Pradesh 72-Ballia
9-72,9-363,Uttar Pradesh,72,Ballia,363,Bairia,GEN,Ballia,true,Uttar Pradesh 72-Ballia
9-72,9-377,Uttar Pradesh,72,Ballia,377,Zahoorabad,GEN,Ghazipur,true,Uttar Pradesh 72-Ballia
9-72,9-378,Uttar Pradesh,72,Ballia,378,Mohammadabad,GEN,Ghazipur,true,Uttar Pradesh 72-Ballia
9-73,9-364,Uttar Pradesh,73,Jaunpur,364,Badlapur,GEN,Jaunpur,true,Uttar Pradesh 73-Jaunpur
9-73,9-365,Uttar Pradesh,73,Jaunpur,365,Shahganj,GEN,Jaunpur,true,Uttar Pradesh 73-Jaunpur
9-73,9-366,Uttar Pradesh,73,Jaunpur,366,Jaunpur,GEN,Jaunpur,true,Uttar Pradesh 73-Jaunpur
9-73,9-367,Uttar Pradesh,73,Jaunpur,367,Malhani,GEN,Jaunpur,true,Uttar Pradesh 73-Jaunpur
9-73,9-368,Uttar Pradesh,73,Jaunpur,368,Mungra Badshahpur,GEN,Jaunpur,true,Uttar Pradesh 73-Jaunpur
9-74,9-369,Uttar Pradesh,74,Machhlishahr,369,Machhlishahr,SC,Jaunpur,true,Uttar Pradesh 74-Machhlishahr
9-74,9-370,Uttar Pradesh,74,Machhlishahr,370,Mariyahu,GEN,Jaunpur,true,Uttar Pradesh 74-Machhlishahr
9-74,9-371,Uttar Pradesh,74,Machhlishahr,371,Zafrabad,GEN,Jaunpur,true,Uttar Pradesh 74-Machhlishahr
9-74,9-372,Uttar Pradesh,74,Machhlishahr,372,Kerakat,SC,Jaunpur,true,Uttar Pradesh 74-Machhlishahr
9-74,9-384,Uttar Pradesh,74,Machhlishahr,384,Pindra,GEN,Varanasi,true,Uttar Pradesh 74-Machhlishahr
9-75,9-373,Uttar Pradesh,75,Ghazipur,373,Jakhanian,SC,Ghazipur,true,Uttar Pradesh 75-Ghazipur
9-75,9-374,Uttar Pradesh,75,Ghazipur,374,Saidpur,SC,Ghazipur,true,Uttar Pradesh 75-Ghazipur
9-75,9-375,Uttar Pradesh,75,Ghazipur,375,Ghazipur,GEN,Ghazipur,true,Uttar Pradesh 75-Ghazipur
9-75,9-376,Uttar Pradesh,75,Ghazipur,376,Jangipur,GEN,Ghazipur,true,Uttar Pradesh 75-Ghazipur
9-75,9-379,Uttar Pradesh,75,Ghazipur,379,Zamania,GEN,Ghazipur,true,Uttar Pradesh 75-Ghazipur
9-76,9-380,Uttar Pradesh,76,Chandauli,380,Mughalsarai,GEN,Ghazipur,true,Uttar Pradesh 76-Chandauli
9-76,9-381,Uttar Pradesh,76,Chandauli,381,Sakaldiha,GEN,Ghazipur,true,Uttar Pradesh 76-Chandauli
9-76,9-382,Uttar Pradesh,76,Chandauli,382,Saiyadraja,GEN,Ghazipur,true,Uttar Pradesh 76-Chandauli
9-76,9-385,Uttar Pradesh,76,Chandauli,385,Ajagara,SC,Varanasi,true,Uttar Pradesh 76-Chandauli
9-76,9-386,Uttar Pradesh,76,Chandauli,386,Shivpur,GEN,Varanasi,true,Uttar Pradesh 76-Chandauli
9-77,9-387,Uttar Pradesh,77,Varanasi,387,Rohaniya,GEN,Varanasi,true,Uttar Pradesh 77-Varanasi
9-77,9-388,Uttar Pradesh,77,Varanasi,388,Varanasi North,GEN,Varanasi,true,Uttar Pradesh 77-Varanasi
9-77,9-389,Uttar Pradesh,77,Varanasi,389,Varanasi South,GEN,Varanasi,true,Uttar Pradesh 77-Varanasi
9-77,9-390,Uttar Pradesh,77,Varanasi,390,Varanasi Cantt,GEN,Varanasi,true,Uttar Pradesh 77-Varanasi
9-77,9-391,Uttar Pradesh,77,Varanasi,391,Sevapuri,GEN,Varanasi,true,Uttar Pradesh 77-Varanasi
9-78,9-257,Uttar Pradesh,78,Bhadohi,257,Pratappur,GEN,Allahabad,true,Uttar Pradesh 78-Bhadohi
9-78,9-258,Uttar Pradesh,78,Bhadohi,258,Handia,GEN,Allahabad,true,Uttar Pradesh 78-Bhadohi
9-78,9-392,Uttar Pradesh,78,Bhadohi,392,Bhadohi,GEN,Sant Ravidas Nagar,true,Uttar Pradesh 78-Bhadohi
9-78,9-393,Uttar Pradesh,78,Bhadohi,393,Gyanpur,GEN,Sant Ravidas Nagar,true,Uttar Pradesh 78-Bhadohi
9-78,9-394,Uttar Pradesh,78,Bhadohi,394,Aurai,SC,Sant Ravidas Nagar,true,Uttar Pradesh 78-Bhadohi
9-79,9-395,Uttar Pradesh,79,Mirzapur,395,Chhanbey,SC,Mirzapur,true,Uttar Pradesh 79-Mirzapur
9-79,9-396,Uttar Pradesh,79,Mirzapur,396,Mirzapur,GEN,Mirzapur,true,Uttar Pradesh 79-Mirzapur
9-79,9-397,Uttar Pradesh,79,Mirzapur,397,Majhawan,GEN,Mirzapur,true,Uttar Pradesh 79-Mirzapur
9-79,9-398,Uttar Pradesh,79,Mirzapur,398,Chunar,GEN,Mirzapur,true,Uttar Pradesh 79-Mirzapur
9-79,9-399,Uttar Pradesh,79,Mirzapur,399,Marihan,GEN,Mirzapur,true,Uttar Pradesh 79-Mirzapur
9-80,9-383,Uttar Pradesh,80,Robertsganj,383,Chakia,SC,Ghazipur,true,Uttar Pradesh 80-Robertsganj
9-80,9-400,Uttar Pradesh,80,Robertsganj,400,Ghorawal,GEN,Sonbhadra,true,Uttar Pradesh 80-Robertsganj
9-80,9-401,Uttar Pradesh,80,Robertsganj,401,Robertsganj,GEN,Sonbhadra,true,Uttar Pradesh 80-Robertsganj
9-80,9-402,Uttar Pradesh,80,Robertsganj,402,Obra,GEN,Sonbhadra,true,Uttar Pradesh 80-Robertsganj
9-80,9-403,Uttar Pradesh,80,Robertsganj,403,Duddhi,SC,Sonbhadra,true,Uttar Pradesh 80-Robertsganj
5-1,5-1,Uttarakhand,1,Tehri Garhwal,1,Purola,SC,Uttarkashi,true,Uttarakhand 1-Tehri Garhwal
5-1,5-2,Uttarakhand,1,Tehri Garhwal,2,Yamunotri,GEN,Uttarkashi,true,Uttarakhand 1-Tehri Garhwal
5-1,5-3,Uttarakhand,1,Tehri Garhwal,3,Gangotri,GEN,Uttarkashi,true,Uttarakhand 1-Tehri Garhwal
5-1,5-9,Uttarakhand,1,Tehri Garhwal,9,Ghanshali,SC,Tehri Garhwal,true,Uttarakhand 1-Tehri Garhwal
5-1,5-12,Uttarakhand,1,Tehri Garhwal,12,Pratapnagar,GEN,Tehri Garhwal,true,Uttarakhand 1-Tehri Garhwal
5-1,5-13,Uttarakhand,1,Tehri Garhwal,13,Tehri,GEN,Tehri Garhwal,true,Uttarakhand 1-Tehri Garhwal
5-1,5-14,Uttarakhand,1,Tehri Garhwal,14,Dhanolti,GEN,Tehri Garhwal,true,Uttarakhand 1-Tehri Garhwal
5-1,5-15,Uttarakhand,1,Tehri Garhwal,15,Chakrata,ST,Dehradun,true,Uttarakhand 1-Tehri Garhwal
5-1,5-16,Uttarakhand,1,Tehri Garhwal,16,Vikasnagar,GEN,Dehradun,true,Uttarakhand 1-Tehri Garhwal
5-1,5-17,Uttarakhand,1,Tehri Garhwal,17,Sahaspur,GEN,Dehradun,true,Uttarakhand 1-Tehri Garhwal
5-1,5-19,Uttarakhand,1,Tehri Garhwal,19,Raipur,GEN,Dehradun,true,Uttarakhand 1-Tehri Garhwal
5-1,5-20,Uttarakhand,1,Tehri Garhwal,20,Rajpur Road,SC,Dehradun,,
5-1,5-21,Uttarakhand,1,Tehri Garhwal,21,Dehradun Cantt,GEN,Dehradun,true,Uttarakhand 1-Tehri Garhwal
5-1,5-22,Uttarakhand,1,Tehri Garhwal,22,Mussoorie,GEN,Dehradun,true,Uttarakhand 1-Tehri Garhwal
5-2,5-4,Uttarakhand,2,Garhwal,4,Badrinath,GEN,Chamoli,true,Uttarakhand 2-Garhwal
5-2,5-5,Uttarakhand,2,Garhwal,5,Tharali,SC,Chamoli,true,Uttarakhand 2-Garhwal
5-2,5-6,Uttarakhand,2,Garhwal,6,Karnprayag,GEN,Chamoli,true,Uttarakhand 2-Garhwal
5-2,5-7,Uttarakhand,2,Garhwal,7,Kedarnath,GEN,Rudryaprayag,true,Uttarakhand 2-Garhwal
5-2,5-8,Uttarakhand,2,Garhwal,8,Rudraprayag,GEN,Rudryaprayag,true,Uttarakhand 2-Garhwal
5-2,5-10,Uttarakhand,2,Garhwal,10,Deoprayag,GEN,Tehri Garhwal,true,Uttarakhand 2-Garhwal
5-2,5-11,Uttarakhand,2,Garhwal,11,Narendranagar,GEN,Tehri Garhwal,true,Uttarakhand 2-Garhwal
5-2,5-36,Uttarakhand,2,Garhwal,36,Yamkeshwar,GEN,Garhwal,true,Uttarakhand 2-Garhwal
5-2,5-37,Uttarakhand,2,Garhwal,37,Pauri,SC,Garhwal,true,Uttarakhand 2-Garhwal
5-2,5-38,Uttarakhand,2,Garhwal,38,Srinagar,GEN,Garhwal,true,Uttarakhand 2-Garhwal
5-2,5-39,Uttarakhand,2,Garhwal,39,Chaubattakhal,GEN,Garhwal,true,Uttarakhand 2-Garhwal
5-2,5-40,Uttarakhand,2,Garhwal,40,Lansdowne,GEN,Garhwal,true,Uttarakhand 2-Garhwal
5-2,5-41,Uttarakhand,2,Garhwal,41,Kotdwar,GEN,Garhwal,true,Uttarakhand 2-Garhwal
5-2,5-61,Uttarakhand,2,Garhwal,61,Ramnagar,GEN,Nainital,true,Uttarakhand 2-Garhwal
5-3,5-42,Uttarakhand,3,Almora,42,Dharchula,GEN,Pithoragarh,true,Uttarakhand 3-Almora
5-3,5-43,Uttarakhand,3,Almora,43,Didihat,GEN,Pithoragarh,true,Uttarakhand 3-Almora
5-3,5-44,Uttarakhand,3,Almora,44,Pithoragarh,GEN,Pithoragarh,true,Uttarakhand 3-Almora
5-3,5-45,Uttarakhand,3,Almora,45,Gangolihat,SC,Pithoragarh,true,Uttarakhand 3-Almora
5-3,5-46,Uttarakhand,3,Almora,46,Kapkote,GEN,Bageshwar,true,Uttarakhand 3-Almora
5-3,5-47,Uttarakhand,3,Almora,47,Bageshwar,SC,Bageshwar,true,Uttarakhand 3-Almora
5-3,5-48,Uttarakhand,3,Almora,48,Dwarahat,GEN,Almora,true,Uttarakhand 3-Almora
5-3,5-49,Uttarakhand,3,Almora,49,Salt,GEN,Almora,true,Uttarakhand 3-Almora
5-3,5-50,Uttarakhand,3,Almora,50,Ranikhet,GEN,Almora,true,Uttarakhand 3-Almora
5-3,5-51,Uttarakhand,3,Almora,51,Someshwar,SC,Almora,true,Uttarakhand 3-Almora
5-3,5-52,Uttarakhand,3,Almora,52,Almora,GEN,Almora,true,Uttarakhand 3-Almora
5-3,5-53,Uttarakhand,3,Almora,53,Jageshwar,GEN,Almora,true,Uttarakhand 3-Almora
5-3,5-54,Uttarakhand,3,Almora,54,Lohagat,GEN,Champawat,,
5-3,5-55,Uttarakhand,3,Almora,55,Champawat,GEN,Champawat,true,Uttarakhand 3-Almora
5-4,5-56,Uttarakhand,4,Nainital-Udhamsingh Nagar,56,Lalkuwa,GEN,Nainital,true,Uttarakhand 4-Nainital-Udhamsingh Nagar
5-4,5-57,Uttarakhand,4,Nainital-Udhamsingh Nagar,57,Bhimtal,GEN,Nainital,true,Uttarakhand 4-Nainital-Udhamsingh Nagar
5-4,5-58,Uttarakhand,4,Nainital-Udhamsingh Nagar,58,Nainital,SC,Nainital,true,Uttarakhand 4-Nainital-Udhamsingh Nagar
5-4,5-59,Uttarakhand,4,Nainital-Udhamsingh Nagar,59,Haldwani,GEN,Nainital,true,Uttarakhand 4-Nainital-Udhamsingh Nagar
5-4,5-60,Uttarakhand,4,Nainital-Udhamsingh Nagar,60,Kaladhungi,GEN,Nainital,true,Uttarakhand 4-Nainital-Udhamsingh Nagar
5-4,5-62,Uttarakhand,4,Nainital-Udhamsingh Nagar,62,Jaspur,GEN,Udhamsingh Nagar,true,Uttarakhand 4-Nainital-Udhamsingh Nagar
5-4,5-63,Uttarakhand,4,Nainital-Udhamsingh Nagar,63,Kashipur,GEN,Udhamsingh Nagar,true,Uttarakhand 4-Nainital-Udhamsingh Nagar
5-4,5-64,Uttarakhand,4,Nainital-Udhamsingh Nagar,64,Bajpur,SC,Udhamsingh Nagar,true,Uttarakhand 4-Nainital-Udhamsingh Nagar
5-4,5-65,Uttarakhand,4,Nainital-Udhamsingh Nagar,65,Gadarpur,GEN,Udhamsingh Nagar,true,Uttarakhand 4-Nainital-Udhamsingh Nagar
5-4,5-66,Uttarakhand,4,Nainital-Udhamsingh Nagar,66,Rudrapur,GEN,Udhamsingh Nagar,true,Uttarakhand 4-Nainital-Udhamsingh Nagar
5-4,5-67,Uttarakhand,4,Nainital-Udhamsingh Nagar,67,Kichha,GEN,Udhamsingh Nagar,true,Uttarakhand 4-Nainital-Udhamsingh Nagar
5-4,5-68,Uttarakhand,4,Nainital-Udhamsingh Nagar,68,Sitarganj,GEN,Udhamsingh Nagar,true,Uttarakhand 4-Nainital-Udhamsingh Nagar
5-4,5-69,Uttarakhand,4,Nainital-Udhamsingh Nagar,69,Nanak Matta,ST,Udhamsingh Nagar,,
5-4,5-70,Uttarakhand,4,Nainital-Udhamsingh Nagar,70,Khatima,GEN,Udhamsingh Nagar,true,Uttarakhand 4-Nainital-Udhamsingh Nagar
5-5,5-18,Uttarakhand,5,Hardwar,18,Dharampur,GEN,Dehradun,true,Uttarakhand 5-Hardwar
5-5,5-23,Uttarakhand,5,Hardwar,23,Doiwala,GEN,Dehradun,true,Uttarakhand 5-Hardwar
5-5,5-24,Uttarakhand,5,Hardwar,24,Rishikesh,GEN,Dehradun,true,Uttarakhand 5-Hardwar
5-5,5-25,Uttarakhand,5,Hardwar,25,Hardwar,GEN,Hardwar,true,Uttarakhand 5-Hardwar
5-5,5-26,Uttarakhand,5,Hardwar,26,B.H.E.L Ranipur,GEN,Hardwar,,
5-5,5-27,Uttarakhand,5,Hardwar,27,Jwalapur,SC,Hardwar,true,Uttarakhand 5-Hardwar
5-5,5-28,Uttarakhand,5,Hardwar,28,Bhagwanpur,SC,Hardwar,true,Uttarakhand 5-Hardwar
5-5,5-29,Uttarakhand,5,Hardwar,29,Jhabrera,SC,Hardwar,true,Uttarakhand 5-Hardwar
5-5,5-30,Uttarakhand,5,Hardwar,30,Pirankaliyar,GEN,Hardwar,true,Uttarakhand 5-Hardwar
5-5,5-31,Uttarakhand,5,Hardwar,31,Roorkee,GEN,Hardwar,true,Uttarakhand 5-Hardwar
5-5,5-32,Uttarakhand,5,Hardwar,32,Khanpur,GEN,Hardwar,true,Uttarakhand 5-Hardwar
5-5,5-33,Uttarakhand,5,Hardwar,33,Manglaur,GEN,Hardwar,true,Uttarakhand 5-Hardwar
5-5,5-34,Uttarakhand,5,Hardwar,34,Laksar,GEN,Hardwar,true,Uttarakhand 5-Hardwar
5-5,5-35,Uttarakhand,5,Hardwar,35,Hardwar Rural,GEN,Hardwar,true,Uttarakhand 5-Hardwar
19-1,19-2,West Bengal,1,Coochbehar,2,MATHABHANGA,SC,Coochbehar,true,West Bengal 1-Coochbehar
19-1,19-3,West Bengal,1,Coochbehar,3,COOCHBEHAR UTTAR,SC,Coochbehar,true,West Bengal 1-Coochbehar
19-1,19-4,West Bengal,1,Coochbehar,4,COOCHBEHAR DAKSHIN,GEN,Coochbehar,true,West Bengal 1-Coochbehar
19-1,19-5,West Bengal,1,Coochbehar,5,SITALKUCHI,SC,Coochbehar,true,West Bengal 1-Coochbehar
19-1,19-6,West Bengal,1,Coochbehar,6,SITAI,SC,Coochbehar,true,West Bengal 1-Coochbehar
19-1,19-7,West Bengal,1,Coochbehar,7,DINHATA,GEN,Coochbehar,true,West Bengal 1-Coochbehar
19-1,19-8,West Bengal,1,Coochbehar,8,NATABARI,GEN,Coochbehar,true,West Bengal 1-Coochbehar
19-2,19-9,West Bengal,2,Alipurduars,9,TUFANGANJ,GEN,Coochbehar,true,West Bengal 2-Alipurduars
19-2,19-10,West Bengal,2,Alipurduars,10,KUMARGRAM,ST,Jalpaiguri,true,West Bengal 2-Alipurduars
19-2,19-11,West Bengal,2,Alipurduars,11,KALCHINI,ST,Jalpaiguri,true,West Bengal 2-Alipurduars
19-2,19-12,West Bengal,2,Alipurduars,12,ALIPURDUARS,GEN,Jalpaiguri,true,West Bengal 2-Alipurduars
19-2,19-13,West Bengal,2,Alipurduars,13,FALAKATA,SC,Jalpaiguri,true,West Bengal 2-Alipurduars
19-2,19-14,West Bengal,2,Alipurduars,14,MADARIHAT,ST,Jalpaiguri,true,West Bengal 2-Alipurduars
19-2,19-21,West Bengal,2,Alipurduars,21,NAGRAKATA,ST,Jalpaiguri,true,West Bengal 2-Alipurduars
19-3,19-1,West Bengal,3,Jalpaiguri,1,MEKLIGANJ,SC,Coochbehar,true,West Bengal 3-Jalpaiguri
19-3,19-15,West Bengal,3,Jalpaiguri,15,DHUPGURI,SC,Jalpaiguri,true,West Bengal 3-Jalpaiguri
19-3,19-16,West Bengal,3,Jalpaiguri,16,MAYNAGURI,SC,Jalpaiguri,true,West Bengal 3-Jalpaiguri
19-3,19-17,West Bengal,3,Jalpaiguri,17,JALPAIGURI,SC,Jalpaiguri,true,West Bengal 3-Jalpaiguri
19-3,19-18,West Bengal,3,Jalpaiguri,18,RAJGANJ,SC,Jalpaiguri,true,West Bengal 3-Jalpaiguri
19-3,19-19,West Bengal,3,Jalpaiguri,19,DABGRAM-FULBARI,GEN,Jalpaiguri,,
19-3,19-20,West Bengal,3,Jalpaiguri,20,MAL,ST,Jalpaiguri,true,West Bengal 3-Jalpaiguri
19-4,19-22,West Bengal,4,Darjeeling,22,KALIMPONG,GEN,Darjeeling,true,West Bengal 4-Darjeeling
19-4,19-23,West Bengal,4,Darjeeling,23,DARJEELING,GEN,Darjeeling,true,West Bengal 4-Darjeeling
19-4,19-24,West Bengal,4,Darjeeling,24,KURSEONG,GEN,Darjeeling,true,West Bengal 4-Darjeeling
19-4,19-25,West Bengal,4,Darjeeling,25,MATIGARA-NAXALBARI,SC,Darjeeling,true,West Bengal 4-Darjeeling
19-4,19-26,West Bengal,4,Darjeeling,26,SILIGURI,GEN,Darjeeling,true,West Bengal 4-Darjeeling
19-4,19-27,West Bengal,4,Darjeeling,27,PHANSIDEWA,ST,Darjeeling,true,West Bengal 4-Darjeeling
19-4,19-28,West Bengal,4,Darjeeling,28,CHOPRA,GEN,Uttar Dinajpur,true,West Bengal 4-Darjeeling
19-5,19-29,West Bengal,5,Raiganj,29,ISLAMPUR,GEN,Uttar Dinajpur,true,West Bengal 5-Raiganj
19-5,19-30,West Bengal,5,Raiganj,30,GOALPOKHAR,GEN,Uttar Dinajpur,true,West Bengal 5-Raiganj
19-5,19-31,West Bengal,5,Raiganj,31,CHAKULIA,GEN,Uttar Dinajpur,true,West Bengal 5-Raiganj
19-5,19-32,West Bengal,5,Raiganj,32,KARANDIGHI,GEN,Uttar Dinajpur,true,West Bengal 5-Raiganj
19-5,19-33,West Bengal,5,Raiganj,33,HEMTABAD,SC,Uttar Dinajpur,true,West Bengal 5-Raiganj
19-5,19-34,West Bengal,5,Raiganj,34,KALIAGANJ,SC,Uttar Dinajpur,true,West Bengal 5-Raiganj
19-5,19-35,West Bengal,5,Raiganj,35,RAIGANJ,GEN,Uttar Dinajpur,true,West Bengal 5-Raiganj
19-6,19-36,West Bengal,6,Balurghat,36,ITAHAR,GEN,Uttar Dinajpur,true,West Bengal 6-Balurghat
19-6,19-37,West Bengal,6,Balurghat,37,KUSHMANDI,SC,Dakshin Dinajpur,true,West Bengal 6-Balurghat
19-6,19-38,West Bengal,6,Balurghat,38,KUMARGANJ,GEN,Dakshin Dinajpur,true,West Bengal 6-Balurghat
19-6,19-39,West Bengal,6,Balurghat,39,BALURGHAT,GEN,Dakshin Dinajpur,true,West Bengal 6-Balurghat
19-6,19-40,West Bengal,6,Balurghat,40,TAPAN,ST,Dakshin Dinajpur,true,West Bengal 6-Balurghat
19-6,19-41,West Bengal,6,Balurghat,41,GANGARAMPUR,SC,Dakshin Dinajpur,true,West Bengal 6-Balurghat
19-6,19-42,West Bengal,6,Balurghat,42,HARIRAMPUR,GEN,Dakshin Dinajpur,true,West Bengal 6-Balurghat
19-7,19-43,West Bengal,7,Maldaha Uttar,43,HABIBPUR,ST,Maldaha,true,West Bengal 7-Maldaha Uttar
19-7,19-44,West Bengal,7,Maldaha Uttar,44,GAZOLE,SC,Maldaha,true,West Bengal 7-Maldaha Uttar
19-7,19-45,West Bengal,7,Maldaha Uttar,45,CHANCHAL,GEN,Maldaha,true,West Bengal 7-Maldaha Uttar
19-7,19-46,West Bengal,7,Maldaha Uttar,46,HARISCHANDRAPUR,GEN,Maldaha,true,West Bengal 7-Maldaha Uttar
19-7,19-47,West Bengal,7,Maldaha Uttar,47,MALATIPUR,GEN,Maldaha,true,West Bengal 7-Maldaha Uttar
19-7,19-48,West Bengal,7,Maldaha Uttar,48,RATUA,GEN,Maldaha,true,West Bengal 7-Maldaha Uttar
19-7,19-50,West Bengal,7,Maldaha Uttar,50,MALDAHA,SC,Maldaha,true,West Bengal 7-Maldaha Uttar
19-8,19-49,West Bengal,8,Maldaha Dakshin,49,MANIKCHAK,GEN,Maldaha,true,West Bengal 8-Maldaha Dakshin
19-8,19-51,West Bengal,8,Maldaha Dakshin,51,ENGLISH BAZAR,GEN,Maldaha,true,West Bengal 8-Maldaha Dakshin
19-8,19-52,West Bengal,8,Maldaha Dakshin,52,MOTHABARI,GEN,Maldaha,true,West Bengal 8-Maldaha Dakshin
19-8,19-53,West Bengal,8,Maldaha Dakshin,53,SUJAPUR,GEN,Maldaha,true,West Bengal 8-Maldaha Dakshin
19-8,19-54,West Bengal,8,Maldaha Dakshin,54,BAISNABNAGAR,GEN,Maldaha,true,West Bengal 8-Maldaha Dakshin
19-8,19-55,West Bengal,8,Maldaha Dakshin,55,FARAKKA,GEN,Murshidabad,true,West Bengal 8-Maldaha Dakshin
19-8,19-56,West Bengal,8,Maldaha Dakshin,56,SAMSERGANJ,GEN,Murshidabad,true,West Bengal 8-Maldaha Dakshin
19-9,19-57,West Bengal,9,Jangipur,57,SUTI,GEN,Murshidabad,true,West Bengal 9-Jangipur
19-9,19-58,West Bengal,9,Jangipur,58,JANGIPUR,GEN,Murshidabad,true,West Bengal 9-Jangipur
19-9,19-59,West Bengal,9,Jangipur,59,RAGHUNATHGANJ,GEN,Murshidabad,true,West Bengal 9-Jangipur
19-9,19-60,West Bengal,9,Jangipur,60,SAGARDIGHI,GEN,Murshidabad,true,West Bengal 9-Jangipur
19-9,19-61,West Bengal,9,Jangipur,61,LALGOLA,GEN,Murshidabad,true,West Bengal 9-Jangipur
19-9,19-65,West Bengal,9,Jangipur,65,NABAGRAM,SC,Murshidabad,true,West Bengal 9-Jangipur
19-9,19-66,West Bengal,9,Jangipur,66,KHARGRAM,SC,Murshidabad,true,West Bengal 9-Jangipur
19-10,19-67,West Bengal,10,Baharampur,67,BURWAN,SC,Murshidabad,true,West Bengal 10-Baharampur
19-10,19-68,West Bengal,10,Baharampur,68,KANDI,GEN,Murshidabad,true,West Bengal 10-Baharampur
19-10,19-69,West Bengal,10,Baharampur,69,BHARATPUR,GEN,Murshidabad,true,West Bengal 10-Baharampur
19-10,19-70,West Bengal,10,Baharampur,70,REJINAGAR,GEN,Murshidabad,true,West Bengal 10-Baharampur
19-10,19-71,West Bengal,10,Baharampur,71,BELDANGA,GEN,Murshidabad,true,West Bengal 10-Baharampur
19-10,19-72,West Bengal,10,Baharampur,72,BAHARAMPUR,GEN,Murshidabad,true,West Bengal 10-Baharampur
19-10,19-74,West Bengal,10,Baharampur,74,NOWDA,GEN,Murshidabad,,
19-11,19-62,West Bengal,11,Murshidabad,62,BHAGAWANGOLA,GEN,Murshidabad,,
19-11,19-63,West Bengal,11,Murshidabad,63,RANINAGAR,GEN,Murshidabad,true,West Bengal 11-Murshidabad
19-11,19-64,West Bengal,11,Murshidabad,64,MURSHIDABAD,GEN,Murshidabad,true,West Bengal 11-Murshidabad
19-11,19-73,West Bengal,11,Murshidabad,73,HARIHARPARA,GEN,Murshidabad,true,West Bengal 11-Murshidabad
19-11,19-75,West Bengal,11,Murshidabad,75,DOMKAL,GEN,Murshidabad,true,West Bengal 11-Murshidabad
19-11,19-76,West Bengal,11,Murshidabad,76,JALANGI,GEN,Murshidabad,true,West Bengal 11-Murshidabad
19-11,19-77,West Bengal,11,Murshidabad,77,KARIMPUR,GEN,Nadia,true,West Bengal 11-Murshidabad
19-12,19-78,West Bengal,12,Krishnanagar,78,TEHATTA,GEN,Nadia,true,West Bengal 12-Krishnanagar
19-12,19-79,West Bengal,12,Krishnanagar,79,PALASHIPARA,GEN,Nadia,true,West Bengal 12-Krishnanagar
19-12,19-80,West Bengal,12,Krishnanagar,80,KALIGANJ,GEN,Nadia,true,West Bengal 12-Krishnanagar
19-12,19-81,West Bengal,12,Krishnanagar,81,NAKASHIPARA,GEN,Nadia,true,West Bengal 12-Krishnanagar
19-12,19-82,West Bengal,12,Krishnanagar,82,CHAPRA,GEN,Nadia,true,West Bengal 12-Krishnanagar
19-12,19-83,West Bengal,12,Krishnanagar,83,KRISHNANAGAR UTTAR,GEN,Nadia,true,West Bengal 12-Krishnanagar
19-12,19-85,West Bengal,12,Krishnanagar,85,KRISHNANAGAR DAKSHIN,GEN,Nadia,false,West Bengal 13-Ranaghat
19-13,19-84,West Bengal,13,Ranaghat,84,NABADWIP,GEN,Nadia,false,West Bengal 12-Krishnanagar
19-13,19-86,West Bengal,13,Ranaghat,86,SANTIPUR,GEN,Nadia,true,West Bengal 13-Ranaghat
19-13,19-87,West Bengal,13,Ranaghat,87,RANAGHAT UTTAR PASCHIM,GEN,Nadia,true,West Bengal 13-Ranaghat
19-13,19-88,West Bengal,13,Ranaghat,88,KRISHNAGANJ,SC,Nadia,true,West Bengal 13-Ranaghat
19-13,19-89,West Bengal,13,Ranaghat,89,RANAGHAT UTTAR PURBA,SC,Nadia,true,West Bengal 13-Ranaghat
19-13,19-90,West Bengal,13,Ranaghat,90,RANAGHAT DAKSHIN,SC,Nadia,true,West Bengal 13-Ranaghat
19-13,19-91,West Bengal,13,Ranaghat,91,CHAKDAHA,GEN,Nadia,true,West Bengal 13-Ranaghat
19-14,19-92,West Bengal,14,Bangaon,92,KALYANI,SC,Nadia,true,West Bengal 14-Bangaon
19-14,19-93,West Bengal,14,Bangaon,93,HARINGHATA,SC,Nadia,true,West Bengal 14-Bangaon
19-14,19-94,West Bengal,14,Bangaon,94,BAGDA,SC,North 24 Parganas,true,West Bengal 14-Bangaon
19-14,19-95,West Bengal,14,Bangaon,95,BANGAON UTTAR,SC,North 24 Parganas,true,West Bengal 14-Bangaon
19-14,19-96,West Bengal,14,Bangaon,96,BANGAON DAKSHIN,SC,North 24 Parganas,true,West Bengal 14-Bangaon
19-14,19-97,West Bengal,14,Bangaon,97,GAIGHATA,SC,North 24 Parganas,true,West Bengal 14-Bangaon
19-14,19-98,West Bengal,14,Bangaon,98,SWARUPNAGAR,SC,North 24 Parganas,true,West Bengal 14-Bangaon
19-15,19-102,West Bengal,15,Barrackpur,102,AMDANGA,GEN,North 24 Parganas,true,West Bengal 15-Barrackpur
19-15,19-103,West Bengal,15,Barrackpur,103,BIJPUR,GEN,North 24 Parganas,true,West Bengal 15-Barrackpur
19-15,19-104,West Bengal,15,Barrackpur,104,NAIHATI,GEN,North 24 Parganas,true,West Bengal 15-Barrackpur
19-15,19-105,West Bengal,15,Barrackpur,105,BHATPARA,GEN,North 24 Parganas,true,West Bengal 15-Barrackpur
19-15,19-106,West Bengal,15,Barrackpur,106,JAGATDAL,GEN,North 24 Parganas,true,West Bengal 15-Barrackpur
19-15,19-107,West Bengal,15,Barrackpur,107,NOAPARA,GEN,North 24 Parganas,true,West Bengal 15-Barrackpur
19-15,19-108,West Bengal,15,Barrackpur,108,BARRACKPUR,GEN,North 24 Parganas,true,West Bengal 15-Barrackpur
19-16,19-109,West Bengal,16,Dum Dum,109,KHARDAHA,GEN,North 24 Parganas,true,West Bengal 16-Dum Dum
19-16,19-110,West Bengal,16,Dum Dum,110,DUM DUM UTTAR,GEN,North 24 Parganas,true,West Bengal 16-Dum Dum
19-16,19-111,West Bengal,16,Dum Dum,111,PANIHATI,GEN,North 24 Parganas,true,West Bengal 16-Dum Dum
19-16,19-112,West Bengal,16,Dum Dum,112,KAMARHATI,GEN,North 24 Parganas,true,West Bengal 16-Dum Dum
19-16,19-113,West Bengal,16,Dum Dum,113,BARANAGAR,GEN,North 24 Parganas,true,West Bengal 16-Dum Dum
19-16,19-114,West Bengal,16,Dum Dum,114,DUM DUM,GEN,North 24 Parganas,true,West Bengal 16-Dum Dum
19-16,19-117,West Bengal,16,Dum Dum,117,RAJARHAT GOPALPUR,GEN,North 24 Parganas,true,West Bengal 16-Dum Dum
19-17,19-100,West Bengal,17,Barasat,100,HABRA,GEN,North 24 Parganas,true,West Bengal 17-Barasat
19-17,19-101,West Bengal,17,Barasat,101,ASHOKNAGAR,GEN,North 24 Parganas,true,West Bengal 17-Barasat
19-17,19-115,West Bengal,17,Barasat,115,RAJARHAT NEW TOWN,GEN,North 24 Parganas,true,West Bengal 17-Barasat
19-17,19-116,West Bengal,17,Barasat,116,BIDHANNAGAR,GEN,North 24 Parganas,true,West Bengal 17-Barasat
19-17,19-118,West Bengal,17,Barasat,118,MADHYAMGRAM,GEN,North 24 Parganas,false,West Bengal 16-Dum Dum
19-17,19-119,West Bengal,17,Barasat,119,BARASAT,GEN,North 24 Parganas,true,West Bengal 17-Barasat
19-17,19-120,West Bengal,17,Barasat,120,DEGANGA,GEN,North 24 Parganas,true,West Bengal 17-Barasat
19-18,19-99,West Bengal,18,Basirhat,99,BADURIA,GEN,North 24 Parganas,true,West Bengal 18-Basirhat
19-18,19-121,West Bengal,18,Basirhat,121,HAROA,GEN,North 24 Parganas,true,West Bengal 18-Basirhat
19-18,19-122,West Bengal,18,Basirhat,122,MINAKHAN,SC,North 24 Parganas,true,West Bengal 18-Basirhat
19-18,19-123,West Bengal,18,Basirhat,123,SANDESHKHALI,ST,North 24 Parganas,true,West Bengal 18-Basirhat
19-18,19-124,West Bengal,18,Basirhat,124,BASIRHAT DAKSHIN,GEN,North 24 Parganas,true,West Bengal 18-Basirhat
19-18,19-125,West Bengal,18,Basirhat,125,BASIRHAT UTTAR,GEN,North 24 Parganas,true,West Bengal 18-Basirhat
19-18,19-126,West Bengal,18,Basirhat,126,HINGALGANJ,SC,North 24 Parganas,true,West Bengal 18-Basirhat
19-19,19-127,West Bengal,19,Jaynagar,127,GOSABA,SC,South 24 Parganas,true,West Bengal 19-Jaynagar
19-19,19-128,West Bengal,19,Jaynagar,128,BASANTI,SC,South 24 Parganas,true,West Bengal 19-Jaynagar
19-19,19-129,West Bengal,19,Jaynagar,129,KULTALI,SC,South 24 Parganas,true,West Bengal 19-Jaynagar
19-19,19-136,West Bengal,19,Jaynagar,136,JAYNAGAR,SC,South 24 Parganas,true,West Bengal 19-Jaynagar
19-19,19-138,West Bengal,19,Jaynagar,138,CANNING PASCHIM,SC,South 24 Parganas,true,West Bengal 19-Jaynagar
19-19,19-139,West Bengal,19,Jaynagar,139,CANNING PURBA,GEN,South 24 Parganas,true,West Bengal 19-Jaynagar
19-19,19-141,West Bengal,19,Jaynagar,141,MAGRAHAT PURBA,SC,South 24 Parganas,true,West Bengal 19-Jaynagar
19-20,19-130,West Bengal,20,Mathurapur,130,PATHARPRATIMA,GEN,South 24 Parganas,true,West Bengal 20-Mathurapur
19-20,19-131,West Bengal,20,Mathurapur,131,KAKDWIP,GEN,South 24 Parganas,true,West Bengal 20-Mathurapur
19-20,19-132,West Bengal,20,Mathurapur,132,SAGAR,GEN,South 24 Parganas,true,West Bengal 20-Mathurapur
19-20,19-133,West Bengal,20,Mathurapur,133,KULPI,GEN,South 24 Parganas,true,West Bengal 20-Mathurapur
19-20,19-134,West Bengal,20,Mathurapur,134,RAIDIGHI,GEN,South 24 Parganas,true,West Bengal 20-Mathurapur
19-20,19-135,West Bengal,20,Mathurapur,135,MANDIRBAZAR,SC,South 24 Parganas,true,West Bengal 20-Mathurapur
19-20,19-142,West Bengal,20,Mathurapur,142,MAGRAHAT PASCHIM,GEN,South 24 Parganas,true,West Bengal 20-Mathurapur
19-21,19-143,West Bengal,21,Diamond Harbour,143,DIAMOND HARBOUR,GEN,South 24 Parganas,true,West Bengal 21-Diamond Harbour
19-21,19-144,West Bengal,21,Diamond Harbour,144,FALTA,GEN,South 24 Parganas,true,West Bengal 21-Diamond Harbour
19-21,19-145,West Bengal,21,Diamond Harbour,145,SATGACHHIA,GEN,South 24 Parganas,true,West Bengal 21-Diamond Harbour
19-21,19-146,West Bengal,21,Diamond Harbour,146,BISHNUPUR,SC,South 24 Parganas,true,West Bengal 21-Diamond Harbour
19-21,19-155,West Bengal,21,Diamond Harbour,155,MAHESHTALA,GEN,South 24 Parganas,true,West Bengal 21-Diamond Harbour
19-21,19-156,West Bengal,21,Diamond Harbour,156,BUDGE BUDGE,GEN,South 24 Parganas,true,West Bengal 21-Diamond Harbour
19-21,19-157,West Bengal,21,Diamond Harbour,157,METIABURUZ,GEN,South 24 Parganas,true,West Bengal 21-Diamond Harbour
19-22,19-137,West Bengal,22,Jadavpur,137,BARUIPUR PURBA,SC,South 24 Parganas,true,West Bengal 22-Jadavpur
19-22,19-140,West Bengal,22,Jadavpur,140,BARUIPUR PASCHIM,GEN,South 24 Parganas,true,West Bengal 22-Jadavpur
19-22,19-147,West Bengal,22,Jadavpur,147,SONARPUR DAKSHIN,GEN,South 24 Parganas,true,West Bengal 22-Jadavpur
19-22,19-148,West Bengal,22,Jadavpur,148,BHANGAR,GEN,South 24 Parganas,true,West Bengal 22-Jadavpur
19-22,19-150,West Bengal,22,Jadavpur,150,JADAVPUR,GEN,South 24 Parganas,true,West Bengal 22-Jadavpur
19-22,19-151,West Bengal,22,Jadavpur,151,SONARPUR UTTAR,GEN,South 24 Parganas,true,West Bengal 22-Jadavpur
19-22,19-152,West Bengal,22,Jadavpur,152,TOLLYGANJ,GEN,South 24 Parganas,true,West Bengal 22-Jadavpur
19-23,19-149,West Bengal,23,Kolkata Dakshin,149,KASBA,GEN,South 24 Parganas,true,West Bengal 23-Kolkata Dakshin
19-23,19-153,West Bengal,23,Kolkata Dakshin,153,BEHALA PURBA,GEN,South 24 Parganas,true,West Bengal 23-Kolkata Dakshin
19-23,19-154,West Bengal,23,Kolkata Dakshin,154,BEHALA PASCHIM,GEN,South 24 Parganas,true,West Bengal 23-Kolkata Dakshin
19-23,19-158,West Bengal,23,Kolkata Dakshin,158,KOLKATA PORT,GEN,Kolkata,true,West Bengal 23-Kolkata Dakshin
19-23,19-159,West Bengal,23,Kolkata Dakshin,159,BHABANIPUR,GEN,Kolkata,true,West Bengal 23-Kolkata Dakshin
19-23,19-160,West Bengal,23,Kolkata Dakshin,160,RASHBEHARI,GEN,Kolkata,true,West Bengal 23-Kolkata Dakshin
19-23,19-161,West Bengal,23,Kolkata Dakshin,161,BALLYGUNGE,GEN,Kolkata,true,West Bengal 23-Kolkata Dakshin
19-24,19-162,West Bengal,24,Kolkata Uttar,162,CHOWRANGEE,GEN,Kolkata,true,West Bengal 24-Kolkata Uttar
19-24,19-163,West Bengal,24,Kolkata Uttar,163,ENTALLY,GEN,Kolkata,true,West Bengal 24-Kolkata Uttar
19-24,19-164,West Bengal,24,Kolkata Uttar,164,BELEGHATA,GEN,Kolkata,true,West Bengal 24-Kolkata Uttar
19-24,19-165,West Bengal,24,Kolkata Uttar,165,JORASANKO,GEN,Kolkata,true,West Bengal 24-Kolkata Uttar
19-24,19-166,West Bengal,24,Kolkata Uttar,166,SHYAMPUKUR,GEN,Kolkata,true,West Bengal 24-Kolkata Uttar
19-24,19-167,West Bengal,24,Kolkata Uttar,167,MANIKTALA,GEN,Kolkata,true,West Bengal 24-Kolkata Uttar
19-24,19-168,West Bengal,24,Kolkata Uttar,168,KASHIPUR-BELGACHHIA,GEN,Kolkata,true,West Bengal 24-Kolkata Uttar
19-25,19-169,West Bengal,25,Howrah,169,BALLY,GEN,Howrah,true,West Bengal 25-Howrah
19-25,19-170,West Bengal,25,Howrah,170,HOWRAH UTTAR,GEN,Howrah,true,West Bengal 25-Howrah
19-25,19-171,West Bengal,25,Howrah,171,HOWRAH MADHYA,GEN,Howrah,true,West Bengal 25-Howrah
19-25,19-172,West Bengal,25,Howrah,172,SHIBPUR,GEN,Howrah,true,West Bengal 25-Howrah
19-25,19-173,West Bengal,25,Howrah,173,HOWRAH DAKSHIN,GEN,Howrah,true,West Bengal 25-Howrah
19-25,19-174,West Bengal,25,Howrah,174,SANKRAIL,SC,Howrah,true,West Bengal 25-Howrah
19-25,19-175,West Bengal,25,Howrah,175,PANCHLA,GEN,Howrah,true,West Bengal 25-Howrah
19-26,19-176,West Bengal,26,Uluberia,176,ULUBERIA PURBA,GEN,Howrah,true,West Bengal 26-Uluberia
19-26,19-177,West Bengal,26,Uluberia,177,ULUBERIA UTTAR,SC,Howrah,true,West Bengal 26-Uluberia
19-26,19-178,West Bengal,26,Uluberia,178,ULUBERIA DAKSHIN,GEN,Howrah,true,West Bengal 26-Uluberia
19-26,19-179,West Bengal,26,Uluberia,179,SHYAMPUR,GEN,Howrah,true,West Bengal 26-Uluberia
19-26,19-180,West Bengal,26,Uluberia,180,BAGNAN,GEN,Howrah,true,West Bengal 26-Uluberia
19-26,19-181,West Bengal,26,Uluberia,181,AMTA,GEN,Howrah,true,West Bengal 26-Uluberia
19-26,19-182,West Bengal,26,Uluberia,182,UDAYNARAYANPUR,GEN,,true,West Bengal 26-Uluberia
19-27,19-183,West Bengal,27,Sreerampur,183,JAGATBALLAVPUR,GEN,,true,West Bengal 27-Sreerampur
19-27,19-184,West Bengal,27,Sreerampur,184,DOMJUR,GEN,Howrah,true,West Bengal 27-Sreerampur
19-27,19-185,West Bengal,27,Sreerampur,185,UTTARPARA,GEN,Hooghly,true,West Bengal 27-Sreerampur
19-27,19-186,West Bengal,27,Sreerampur,186,SREERAMPUR,GEN,Hooghly,true,West Bengal 27-Sreerampur
19-27,19-187,West Bengal,27,Sreerampur,187,CHAMPDANI,GEN,Hooghly,true,West Bengal 27-Sreerampur
19-27,19-194,West Bengal,27,Sreerampur,194,CHANDITALA,GEN,Hooghly,true,West Bengal 27-Sreerampur
19-27,19-195,West Bengal,27,Sreerampur,195,JANGIPARA,GEN,Hooghly,true,West Bengal 27-Sreerampur
19-28,19-188,West Bengal,28,Hooghly,188,SINGUR,GEN,Hooghly,true,West Bengal 28-Hooghly
19-28,19-189,West Bengal,28,Hooghly,189,CHANDANNAGAR,GEN,Hooghly,true,West Bengal 28-Hooghly
19-28,19-190,West Bengal,28,Hooghly,190,CHUNCHURA,GEN,Hooghly,true,West Bengal 28-Hooghly
19-28,19-191,West Bengal,28,Hooghly,191,BALAGARH,SC,Hooghly,true,West Bengal 28-Hooghly
19-28,19-192,West Bengal,28,Hooghly,192,PANDUA,GEN,Hooghly,true,West Bengal 28-Hooghly
19-28,19-193,West Bengal,28,Hooghly,193,SAPTAGRAM,GEN,Hooghly,true,West Bengal 28-Hooghly
19-28,19-197,West Bengal,28,Hooghly,197,DHANEKHALI,SC,Hooghly,true,West Bengal 28-Hooghly
19-29,19-196,West Bengal,29,Arambag,196,HARIPAL,GEN,Hooghly,true,West Bengal 29-Arambag
19-29,19-198,West Bengal,29,Arambag,198,TARAKESWAR,GEN,Hooghly,true,West Bengal 29-Arambag
19-29,19-199,West Bengal,29,Arambag,199,PURSURAH,GEN,Hooghly,true,West Bengal 29-Arambag
19-29,19-200,West Bengal,29,Arambag,200,ARAMBAG,SC,Hooghly,true,West Bengal 29-Arambag
19-29,19-201,West Bengal,29,Arambag,201,GOGHAT,SC,Hooghly,true,West Bengal 29-Arambag
19-29,19-202,West Bengal,29,Arambag,202,KHANAKUL,GEN,Hooghly,true,West Bengal 29-Arambag
19-29,19-232,West Bengal,29,Arambag,232,CHANDRAKONA,SC,Paschim Medinipur,true,West Bengal 29-Arambag
19-30,19-203,West Bengal,30,Tamluk,203,TAMLUK,GEN,Purbo Medinipur,true,West Bengal 30-Tamluk
19-30,19-204,West Bengal,30,Tamluk,204,PANSKURA PURBA,GEN,Purbo Medinipur,true,West Bengal 30-Tamluk
19-30,19-206,West Bengal,30,Tamluk,206,MOYNA,GEN,Purbo Medinipur,true,West Bengal 30-Tamluk
19-30,19-207,West Bengal,30,Tamluk,207,NANDAKUMAR,GEN,Purbo Medinipur,true,West Bengal 30-Tamluk
19-30,19-208,West Bengal,30,Tamluk,208,MAHISADAL,GEN,Purbo Medinipur,true,West Bengal 30-Tamluk
19-30,19-209,West Bengal,30,Tamluk,209,HALDIA,SC,Purbo Medinipur,true,West Bengal 30-Tamluk
19-30,19-210,West Bengal,30,Tamluk,210,NANDIGRAM,GEN,Purbo Medinipur,true,West Bengal 30-Tamluk
19-31,19-211,West Bengal,31,Kanthi,211,CHANDIPUR,GEN,Purbo Medinipur,true,West Bengal 31-Kanthi
19-31,19-212,West Bengal,31,Kanthi,212,PATASHPUR,GEN,Purbo Medinipur,true,West Bengal 31-Kanthi
19-31,19-213,West Bengal,31,Kanthi,213,KANTHI UTTAR,GEN,Purbo Medinipur,true,West Bengal 31-Kanthi
19-31,19-214,West Bengal,31,Kanthi,214,BHAGABANPUR,GEN,Purbo Medinipur,true,West Bengal 31-Kanthi
19-31,19-215,West Bengal,31,Kanthi,215,KHEJURI,SC,Purbo Medinipur,true,West Bengal 31-Kanthi
19-31,19-216,West Bengal,31,Kanthi,216,KANTHI DAKSHIN,GEN,Purbo Medinipur,true,West Bengal 31-Kanthi
19-31,19-217,West Bengal,31,Kanthi,217,RAMNAGAR,GEN,Purbo Medinipur,true,West Bengal 31-Kanthi
19-32,19-205,West Bengal,32,Ghatal,205,PANSKURA PASCHIM,GEN,Purbo Medinipur,true,West Bengal 32-Ghatal
19-32,19-226,West Bengal,32,Ghatal,226,SABANG,GEN,Paschim Medinipur,true,West Bengal 32-Ghatal
19-32,19-227,West Bengal,32,Ghatal,227,PINGLA,GEN,Paschim Medinipur,true,West Bengal 32-Ghatal
19-32,19-229,West Bengal,32,Ghatal,229,DEBRA,GEN,Paschim Medinipur,true,West Bengal 32-Ghatal
19-32,19-230,West Bengal,32,Ghatal,230,DASPUR,GEN,Paschim Medinipur,true,West Bengal 32-Ghatal
19-32,19-231,West Bengal,32,Ghatal,231,GHATAL,SC,Paschim Medinipur,true,West Bengal 32-Ghatal
19-32,19-235,West Bengal,32,Ghatal,235,KESHPUR,SC,Paschim Medinipur,true,West Bengal 32-Ghatal
19-33,19-220,West Bengal,33,Jhargram,220,NAYAGRAM,ST,Paschim Medinipur,true,West Bengal 33-Jhargram
19-33,19-221,West Bengal,33,Jhargram,221,GOPIBALLAVPUR,GEN,Paschim Medinipur,true,West Bengal 33-Jhargram
19-33,19-222,West Bengal,33,Jhargram,222,JHARGRAM,GEN,Paschim Medinipur,true,West Bengal 33-Jhargram
19-33,19-233,West Bengal,33,Jhargram,233,GARBETA,GEN,Paschim Medinipur,true,West Bengal 33-Jhargram
19-33,19-234,West Bengal,33,Jhargram,234,SALBONI,GEN,Paschim Medinipur,true,West Bengal 33-Jhargram
19-33,19-237,West Bengal,33,Jhargram,237,BINPUR,ST,Paschim Medinipur,true,West Bengal 33-Jhargram
19-33,19-238,West Bengal,33,Jhargram,238,BANDWAN,ST,Purulia,true,West Bengal 33-Jhargram
19-34,19-218,West Bengal,34,Medinipur,218,EGRA,GEN,Purbo Medinipur,true,West Bengal 34-Medinipur
19-34,19-219,West Bengal,34,Medinipur,219,DANTAN,GEN,Paschim Medinipur,true,West Bengal 34-Medinipur
19-34,19-223,West Bengal,34,Medinipur,223,KESHIARY,ST,Paschim Medinipur,true,West Bengal 34-Medinipur
19-34,19-224,West Bengal,34,Medinipur,224,KHARAGPUR SADAR,GEN,Paschim Medinipur,true,West Bengal 34-Medinipur
19-34,19-225,West Bengal,34,Medinipur,225,NARAYANGARH,GEN,Paschim Medinipur,true,West Bengal 34-Medinipur
19-34,19-228,West Bengal,34,Medinipur,228,KHARAGPUR,GEN,Paschim Medinipur,true,West Bengal 34-Medinipur
19-34,19-236,West Bengal,34,Medinipur,236,MEDINIPUR,GEN,Paschim Medinipur,true,West Bengal 34-Medinipur
19-35,19-239,West Bengal,35,Purulia,239,BALARAMPUR,GEN,Purulia,true,West Bengal 35-Purulia
19-35,19-240,West Bengal,35,Purulia,240,BAGHMUNDI,GEN,Purulia,true,West Bengal 35-Purulia
19-35,19-241,West Bengal,35,Purulia,241,JOYPUR,GEN,Purulia,true,West Bengal 35-Purulia
19-35,19-242,West Bengal,35,Purulia,242,PURULIA,GEN,Purulia,true,West Bengal 35-Purulia
19-35,19-243,West Bengal,35,Purulia,243,MANBAZAR,ST,Purulia,true,West Bengal 35-Purulia
19-35,19-244,West Bengal,35,Purulia,244,KASHIPUR,GEN,Purulia,true,West Bengal 35-Purulia
19-35,19-245,West Bengal,35,Purulia,245,PARA,SC,Purulia,true,West Bengal 35-Purulia
19-36,19-246,West Bengal,36,Bankura,246,RAGHUNATHPUR,SC,Purulia,true,West Bengal 36-Bankura
19-36,19-247,West Bengal,36,Bankura,247,SALTORA,SC,Bankura,true,West Bengal 36-Bankura
19-36,19-248,West Bengal,36,Bankura,248,CHHATNA,GEN,Bankura,true,West Bengal 36-Bankura
19-36,19-249,West Bengal,36,Bankura,249,RANIBANDH,ST,Bankura,true,West Bengal 36-Bankura
19-36,19-250,West Bengal,36,Bankura,250,RAIPUR,ST,Bankura,true,West Bengal 36-Bankura
19-36,19-251,West Bengal,36,Bankura,251,TALDANGRA,GEN,Bankura,true,West Bengal 36-Bankura
19-36,19-252,West Bengal,36,Bankura,252,BANKURA,GEN,Bankura,true,West Bengal 36-Bankura
19-37,19-253,West Bengal,37,Bishnupur,253,BARJORA,GEN,Bankura,true,West Bengal 37-Bishnupur
19-37,19-254,West Bengal,37,Bishnupur,254,ONDA,GEN,Bankura,true,West Bengal 37-Bishnupur
19-37,19-255,West Bengal,37,Bishnupur,255,BISHNUPUR,GEN,Bankura,true,West Bengal 37-Bishnupur
19-37,19-256,West Bengal,37,Bishnupur,256,KATULPUR,SC,Bankura,true,West Bengal 37-Bishnupur
19-37,19-257,West Bengal,37,Bishnupur,257,INDUS,SC,Bankura,true,West Bengal 37-Bishnupur
19-37,19-258,West Bengal,37,Bishnupur,258,SONAMUKHI,SC,Bankura,true,West Bengal 37-Bishnupur
19-37,19-259,West Bengal,37,Bishnupur,259,KHANDAGHOSH,SC,Bardhaman,true,West Bengal 37-Bishnupur
19-38,19-261,West Bengal,38,Bardhaman Purba,261,RAINA,SC,Bardhaman,true,West Bengal 38-Bardhaman Purba
19-38,19-262,West Bengal,38,Bardhaman Purba,262,JAMALPUR,SC,Bardhaman,true,West Bengal 38-Bardhaman Purba
19-38,19-264,West Bengal,38,Bardhaman Purba,264,KALNA,SC,Bardhaman,true,West Bengal 38-Bardhaman Purba
19-38,19-265,West Bengal,38,Bardhaman Purba,265,MEMARI,GEN,Bardhaman,true,West Bengal 38-Bardhaman Purba
19-38,19-268,West Bengal,38,Bardhaman Purba,268,PURBASTHALI DAKSHIN,GEN,Bardhaman,true,West Bengal 38-Bardhaman Purba
19-38,19-269,West Bengal,38,Bardhaman Purba,269,PURBASTHALI UTTAR,GEN,Bardhaman,true,West Bengal 38-Bardhaman Purba
19-38,19-270,West Bengal,38,Bardhaman Purba,270,KATWA,GEN,Bardhaman,true,West Bengal 38-Bardhaman Purba
19-39,19-260,West Bengal,39,Bardhaman-Durgapur,260,BARDHAMAN DAKSHIN,GEN,Bardhaman,true,West Bengal 39-Bardhaman-Durgapur
19-39,19-263,West Bengal,39,Bardhaman-Durgapur,263,MONTESWAR,GEN,Bardhaman,true,West Bengal 39-Bardhaman-Durgapur
19-39,19-266,West Bengal,39,Bardhaman-Durgapur,266,BARDHAMAN UTTAR,SC,Bardhaman,true,West Bengal 39-Bardhaman-Durgapur
19-39,19-267,West Bengal,39,Bardhaman-Durgapur,267,BHATAR,GEN,Bardhaman,true,West Bengal 39-Bardhaman-Durgapur
19-39,19-274,West Bengal,39,Bardhaman-Durgapur,274,GALSI,SC,Bardhaman,true,West Bengal 39-Bardhaman-Durgapur
19-39,19-276,West Bengal,39,Bardhaman-Durgapur,276,DURGAPUR PURBA,GEN,Bardhaman,true,West Bengal 39-Bardhaman-Durgapur
19-39,19-277,West Bengal,39,Bardhaman-Durgapur,277,DURGAPUR PASCHIM,GEN,Bardhaman,true,West Bengal 39-Bardhaman-Durgapur
19-40,19-275,West Bengal,40,Asansol,275,PANDABESWAR,GEN,Bardhaman,true,West Bengal 40-Asansol
19-40,19-278,West Bengal,40,Asansol,278,RANIGANJ,GEN,Bardhaman,true,West Bengal 40-Asansol
19-40,19-279,West Bengal,40,Asansol,279,JAMURIA,GEN,Bardhaman,true,West Bengal 40-Asansol
19-40,19-280,West Bengal,40,Asansol,280,ASANSOL DAKSHIN,GEN,Bardhaman,true,West Bengal 40-Asansol
19-40,19-281,West Bengal,40,Asansol,281,ASANSOL UTTAR,GEN,Bardhaman,true,West Bengal 40-Asansol
19-40,19-282,West Bengal,40,Asansol,282,KULTI,GEN,Bardhaman,true,West Bengal 40-Asansol
19-40,19-283,West Bengal,40,Asansol,283,BARABANI,GEN,Bardhaman,true,West Bengal 40-Asansol
19-41,19-271,West Bengal,41,Bolpur,271,KETUGRAM,GEN,Bardhaman,true,West Bengal 41-Bolpur
19-41,19-272,West Bengal,41,Bolpur,272,MANGALKOT,GEN,Bardhaman,true,West Bengal 41-Bolpur
19-41,19-273,West Bengal,41,Bolpur,273,AUSGRAM,SC,Bardhaman,true,West Bengal 41-Bolpur
19-41,19-286,West Bengal,41,Bolpur,286,BOLPUR,GEN,Birbhum,true,West Bengal 41-Bolpur
19-41,19-287,West Bengal,41,Bolpur,287,NANOOR,SC,Birbhum,true,West Bengal 41-Bolpur
19-41,19-288,West Bengal,41,Bolpur,288,LABPUR,GEN,Birbhum,true,West Bengal 41-Bolpur
19-41,19-290,West Bengal,41,Bolpur,290,MAYURESWAR,GEN,Birbhum,true,West Bengal 41-Bolpur
19-42,19-284,West Bengal,42,Birbhum,284,DUBRAJPUR,SC,Birbhum,true,West Bengal 42-Birbhum
19-42,19-285,West Bengal,42,Birbhum,285,SURI,GEN,Birbhum,true,West Bengal 42-Birbhum
19-42,19-289,West Bengal,42,Birbhum,289,SAINTHIA,SC,Birbhum,true,West Bengal 42-Birbhum
19-42,19-291,West Bengal,42,Birbhum,291,RAMPURHAT,GEN,Birbhum,true,West Bengal 42-Birbhum
19-42,19-292,West Bengal,42,Birbhum,292,HANSAN,GEN,Birbhum,true,West Bengal 42-Birbhum
19-42,19-293,West Bengal,42,Birbhum,293,NALHATI,GEN,Birbhum,true,West Bengal 42-Birbhum
19-42,19-294,West Bengal,42,Birbhum,294,MURARAI,GEN,Birbhum,true,West Bengal 42-Birbhum